ASIN (parent),ASIN (child),Título,SKU,Sesiones: total,Sesiones - Total - B2B,Porcentaje de sesiones: total,Porcentaje de sesiones: total - B2B,Visitas: total,Visitas - Total - B2B,Porcentaje de visitas: total,Porcentaje de visitas - Total - B2B,Porcentaje de ofertas destacadas (Buy Box),Porcentaje de ofertas destacadas: B2B,Unidades encargadas,Unidades encargadas - B2B,Porcentaje de unidades por sesión,Porcentaje de sesiones de unidades - B2B,Ventas de productos encargados,Ventas de productos encargados: B2B,Total de artículos de un pedido,Total de artículos de un pedido - B2B
B09NT4VRN7,B0812BKN39,Arcos Juego de Cuchillos Mondadores de 3 Piezas,859800_barras_arcos,"39,136",552,5.56%,3.42%,"53,234",778,5.35%,3.36%,27.00%,2.22%,745,1,1.90%,0.18%,"7.172,06 €","9,63 €",711,1
B08J488ZQG,B089QP6MYJ,Arcos Juego Cuchillos Carne | 6 Piezas | Cuchillos carne cuchillo chuleteros | cubiertos acero inoxidable | Hoja 110 mm | mango monobloque | aptos lavavajillas | Caja Envase Ecológico,815600_fba,"5,492",120,0.78%,0.74%,"8,768",193,0.88%,0.83%,99.86%,98.99%,828,18,15.08%,15.00%,"19.646,29 €","416,97 €",665,7
B09KJLG7BT,B08KW4BFZ9,CUPERINOX Jamonero Profesional | Soporte jamonero Tipo Gondola| Base de Corte para Usar con Cuchillo jamonero | Jamon iberico | Fabricado en España,2020CUP,"4,919",80,0.70%,0.50%,"7,301",121,0.73%,0.52%,89.67%,91.89%,570,76,11.59%,95.00%,"7.402,72 €","976,80 €",495,13
B0DPKXM18X,B0DNQT7LV3,"CUPERINOX Soporte Jamonero Balancín | Jamonero Giratorio Profesional | Jamonero Madera | Incluye Cuchillo Profesional, Afilador Funda Cubre Jamón| Jamoneros Elite Collection",20265_fbm,"10,440",342,1.48%,2.12%,"19,037",682,1.91%,2.95%,99.51%,99.76%,329,12,3.15%,3.51%,"27.056,71 €","969,88 €",326,11
B08NW1VQRT,B08NW1VQRT,CUPERINOX Navaja para Setas y Champiñones | Acero Inoxidable | Con Cepillo y Funda Incluida | Micológica,2181,"2,147",31,0.30%,0.19%,"3,021",44,0.30%,0.19%,99.21%,100.00%,318,9,14.81%,29.03%,"3.076,30 €","89,67 €",277,7
B09DYJY471,B08MTCRCT4,Arcos Juego Cuchillos Cocina Profesionales| Cuchillos Cocina Profesional | Cuchillos Acero Inoxidable Mango Negro | utensilios de cocina | cuchillo japones Santoku | lavavajillas (5 Piezas),816800,"9,778",169,1.39%,1.05%,"13,722",222,1.38%,0.96%,99.76%,100.00%,246,13,2.52%,7.69%,"7.361,94 €","389,87 €",236,10
B0F1N351DY,B072FGV2YH,Arcos Juego de 6 Cuchillos Mondadores Acero Inoxidable 100 mm,189100,"15,830",372,2.25%,2.31%,"24,379",610,2.45%,2.64%,13.53%,9.21%,242,2,1.53%,0.54%,"4.104,41 €","33,98 €",228,2
B0BGRT2BVV,B09G9WBKPG,Arcos Juego de 6 Cuchillos de Mesa Chuleteros Hoja 110 mm Negro 705500,705500(805109),"12,550",292,1.78%,1.81%,"18,646",417,1.87%,1.80%,12.70%,1.09%,262,0,2.09%,0.00%,"3.142,18 €","0,00 €",216,0
B0D4WK78XV,B0D4WK78XV,CUPERINOX Aceiteras para Aceite Usado | Grasera Acero Inoxidable 550ML con Filtro Metálico | Recipiente para Aceite Usado de Cocina y Grasa | Grasera Cocina Metálica 550ML 2Uds Metálico,22105-22106,"2,033",37,0.29%,0.23%,"2,845",65,0.29%,0.28%,83.25%,100.00%,216,6,10.62%,16.22%,"2.236,34 €","64,44 €",214,5
B09DYJY471,B08MTCRCT4,Arcos Juego Cuchillos Cocina Profesionales| Cuchillos Cocina Profesional | Cuchillos Acero Inoxidable Mango Negro | utensilios de cocina | cuchillo japones Santoku | lavavajillas (5 Piezas),816800fbm,"9,778",169,1.39%,1.05%,"13,722",222,1.38%,0.96%,99.76%,100.00%,208,7,2.13%,4.14%,"5.821,85 €","197,25 €",205,7
B08MT437W9,B08MT437W9,Arcos Juego Cuchillos Cocina Profesionales| Cuchillos Cocina Profesional | 6 pzas | Cuchillos Acero Inoxidable Mango Negro | utensilios de cocina serie Niza | Apto lavavajillas,812900,"11,571",167,1.64%,1.04%,"14,698",225,1.48%,0.97%,99.71%,100.00%,191,0,1.65%,0.00%,"6.194,31 €","0,00 €",188,0
B08GSTDWTC,B08LVVQ3ZQ,"Arcos Serie Nova - Cuchillo para pelar, Acero Inoxidable NITRUM, Envase Ecológico, 3 colores Fucsia, Turquesa y Amarillo",703700_,"2,384",32,0.34%,0.20%,"3,387",47,0.34%,0.20%,99.84%,100.00%,172,2,7.21%,6.25%,"1.695,99 €","19,98 €",162,2
B09DYJY471,B08MQJCD2V,Arcos Juego Cuchillos Cocina Profesionales| Cuchillos Cocina Profesional | Cuchillos Acero Inoxidable Mango Negro | utensilios de cocina | cuchillo japones Santoku | lavavajillas (4 Piezas),816900,"3,012",49,0.43%,0.30%,"3,938",61,0.40%,0.26%,99.78%,100.00%,130,4,4.32%,8.16%,"3.371,40 €","103,96 €",130,4
B0DPKXM18X,B0DNQT7LV3,"CUPERINOX Soporte Jamonero Balancín | Jamonero Giratorio Profesional | Jamonero Madera | Incluye Cuchillo Profesional, Afilador Funda Cubre Jamón| Jamoneros Elite Collection",20265_,"10,440",342,1.48%,2.12%,"19,037",682,1.91%,2.95%,99.51%,99.76%,132,19,1.26%,5.56%,"11.794,59 €","1.625,72 €",130,18
B0FDL4Q2JB,B0FDL4Q2JB,VINFERMATON – Insecticida Avispas y Avisperos Exterior Pack 2×600 ml | Antiavispas | Alcance hasta 4 m | Acción Inmediata Profesional | 100% MADE IN SPAIN,V0020_PACK2,906,39,0.13%,0.24%,"1,310",62,0.13%,0.27%,98.73%,95.24%,146,22,16.11%,56.41%,"2.436,37 €","350,79 €",120,11
B017HKRCGK,B005LR7A1Y,ARCOS Bolsa para Cuchillos 100% Poliéster 460x275 mm,690200_,"2,900",47,0.41%,0.29%,"4,493",72,0.45%,0.31%,64.98%,54.05%,136,14,4.69%,29.79%,"2.116,65 €","194,24 €",110,2
B07YM65C6J,B007TS6HMQ,ARCOS Pinza para Pescado Acero Inoxidable,605000_caja,"1,294",36,0.18%,0.22%,"1,795",49,0.18%,0.21%,99.04%,100.00%,118,17,9.12%,47.22%,"1.090,55 €","155,64 €",109,10
B095SDL23Y,B095SDL23Y,Arcos | cuchillos de mesa (6 ud) | cuchillos acero inoxidable con sierra cuchillo chuletero cuchillos chuleteros | Fabricado en España,813000,"1,308",23,0.19%,0.14%,"1,826",31,0.18%,0.13%,99.81%,100.00%,116,0,8.87%,0.00%,"1.854,84 €","0,00 €",106,0
B0DNNKT1W2,B0DNNJPRXB,"Cuperinox-Tetera de Cristal con Infusor para Té e Infusiones, Resistente al Calor y Compatible con Microondas ** - Infusion Prestige Collection (550 ml)",26111_,"1,441",43,0.20%,0.27%,"2,088",64,0.21%,0.28%,99.89%,100.00%,102,3,7.08%,6.98%,"1.491,41 €","44,97 €",97,3
B0752X1ZCK,B07G77NN26,Arcos Cuchillos de Mesa - Caja de 12 uds Cuchillo Chuletero Cuchillo de Mesa - Hoja de Acero Inoxidable NITRUM 110 mm - Mango de Nylon - Color Negro (12 uds),803000,"2,239",72,0.32%,0.45%,"3,253",98,0.33%,0.42%,99.27%,87.30%,100,3,4.47%,4.17%,"2.807,65 €","86,97 €",95,3
B07YM65C6J,B007TS6HMQ,ARCOS Pinza para Pescado Acero Inoxidable,605000_605010,"1,294",36,0.18%,0.22%,"1,795",49,0.18%,0.21%,99.04%,100.00%,96,3,7.42%,8.33%,"846,21 €","26,97 €",94,3
B0CYTKGNPM,B0CW68KM18,Pelador de Cocina ARCOS - Hoja de Acero Inoxidable | Mango Ergonómico | Herramienta Versátil para Pelar Frutas y Verduras,607300,"1,621",45,0.23%,0.28%,"1,876",51,0.19%,0.22%,95.38%,100.00%,95,3,5.86%,6.67%,"689,19 €","21,15 €",91,3
B089MW6B1B,B078JNZS9T,Arcos Estuche de 3 Cuchillos Básicos de Cocina. Pack de Cuchillos con Hoja de Acero Inoxidable y Mango de Polieximetileno Aptos para Lavavajillas. Serie Universal. Color Negro,807400_us,"13,343",309,1.89%,1.92%,"19,937",415,2.00%,1.79%,15.34%,17.67%,88,3,0.66%,0.97%,"3.740,90 €","127,47 €",87,3
B08M7BMR2S,B08LNRV6N6,"Arcos Afiladores, Afilador de Cuchillos de Mano, Hecho de ABS + TPE, Rodillos Cerámico y Carburo, Color Blanco y Negro",610624,"1,490",34,0.21%,0.21%,"1,945",36,0.20%,0.16%,99.64%,100.00%,90,3,6.04%,8.82%,"1.184,04 €","40,98 €",87,3
B0DNNL2TZQ,B0DNN57WC1,"CUPERINOX Aceitera de Cristal Antigoteo para Aceite de Oliva, Resistente y Fácil de Limpiar Gourmet Oil Collection (250 Ml)",22022_,903,14,0.13%,0.09%,"1,297",19,0.13%,0.08%,99.39%,100.00%,92,6,10.19%,42.86%,"1.023,16 €","67,46 €",85,5
B0DNNKT1W2,B0DNNFJ5J7,"Cuperinox-Tetera de Cristal con Infusor para Té e Infusiones, Resistente al Calor y Compatible con Microondas ** - Infusion Prestige Collection (350 ml)",26110_,"1,455",48,0.21%,0.30%,"2,020",80,0.20%,0.35%,99.89%,100.00%,107,9,7.35%,18.75%,"1.316,13 €","107,91 €",84,3
B08M7BMR2S,B00I9XTLSC,ARCOS Afilador Profesional Manual Cerámica y Carbono Rojo-Negro,610600_2,"8,883",189,1.26%,1.17%,"12,843",261,1.29%,1.13%,8.06%,9.14%,83,2,0.93%,1.06%,"1.119,89 €","26,98 €",83,2
B09N7S17J6,B09D3YRGL9,"CUPERINOX Navaja Plegable Multiusos – Hoja de Acero Inoxidable 80 mm (Filo Liso + Serrado), Punta Rompevidrios, Apertura Rápida, Clip de Cinturón, Herramienta para Camping, Caza, Pesca y Supervivencia",30061_,"1,379",32,0.20%,0.20%,"1,985",44,0.20%,0.19%,99.22%,100.00%,105,19,7.61%,59.38%,"913,72 €","141,56 €",83,4
B08J488ZQG,B089QP6MYJ,Arcos Juego Cuchillos Carne | 6 Piezas | Cuchillos carne cuchillo chuleteros | cubiertos acero inoxidable | Hoja 110 mm | mango monobloque | aptos lavavajillas | Caja Envase Ecológico,815600_,"5,492",120,0.78%,0.74%,"8,768",193,0.88%,0.83%,99.86%,98.99%,106,15,1.93%,12.50%,"2.591,64 €","389,35 €",81,9
B08MT437W9,B08MT437W9,Arcos Juego Cuchillos Cocina Profesionales| Cuchillos Cocina Profesional | 6 pzas | Cuchillos Acero Inoxidable Mango Negro | utensilios de cocina serie Niza | Apto lavavajillas,812900fbm,"11,571",167,1.64%,1.04%,"14,698",225,1.48%,0.97%,99.71%,100.00%,81,8,0.70%,4.79%,"2.482,44 €","249,97 €",77,8
B0752NT3TH,B005LR77GC,ARCOS Tijeras de Cocina Profesional 235 mm,185701,"1,810",60,0.26%,0.37%,"2,666",90,0.27%,0.39%,18.45%,17.46%,84,0,4.64%,0.00%,"831,92 €","0,00 €",76,0
B06XB92VRH,B07T6J5JWM,CUPERINOX Cafetera Italiana Induccion Espresso Acero Inoxidable 12 Tazas,25035,"1,221",13,0.17%,0.08%,"1,859",16,0.19%,0.07%,99.14%,100.00%,77,1,6.31%,7.69%,"1.932,76 €","24,99 €",76,1
B08M7BMR2S,B08LNRV6N6,"Arcos Afiladores, Afilador de Cuchillos de Mano, Hecho de ABS + TPE, Rodillos Cerámico y Carburo, Color Blanco y Negro",610624_fbm,"1,490",34,0.21%,0.21%,"1,945",36,0.20%,0.16%,99.64%,100.00%,74,2,4.97%,5.88%,"1.014,02 €","27,40 €",74,2
B0DVT6KPDV,B0DT73LYPQ,"CUPERINOX Cuchillos Montessori | Set de Cuchillos Infantiles de 16 Piezas | Cuchillos Niños Aprendizaje +2 Años | Incluye Delantal, Guante de Seguridad, Moldes Tabla de Cortar | Kids Collection",27016,945,7,0.13%,0.04%,"1,369",7,0.14%,0.03%,100.00%,100.00%,77,1,8.15%,14.29%,"1.028,64 €","12,99 €",74,1
B0D4WK78XV,B0D4WK78XV,CUPERINOX Aceiteras para Aceite Usado | Grasera Acero Inoxidable 550ML con Filtro Metálico | Recipiente para Aceite Usado de Cocina y Grasa | Grasera Cocina Metálica 550ML 2Uds Metálico,F22105-22106,"2,033",37,0.29%,0.23%,"2,845",65,0.29%,0.28%,83.25%,100.00%,71,0,3.49%,0.00%,"847,73 €","0,00 €",70,0
B08M99RZRV,B08M99RZRV,Arcos | Cuchillo Jamonero Cuchillo deshuesador | 2 Uds | Set cuchillos jamoneros 250 mm y cuchillo deshuesador (140 mm) jamonero profesional | cuchillo carnicero profesional | Eco,703800,"2,110",28,0.30%,0.17%,"2,664",49,0.27%,0.21%,99.71%,100.00%,69,3,3.27%,10.71%,"2.635,49 €","119,97 €",69,3
B0DKP7F29P,B0DJBZ1M2L,Arcos Serie Samoa Iconic | Sarten Antiadherente Cerámico 24 cm | Aluminio Forjado | Apta cualquier cocina | Mango Acero Inoxidable | Apta lavavajillas | Color Beige | LIBRE DE (PFOA/PTFE/PFOS),716324,"1,438",29,0.20%,0.18%,"2,100",38,0.21%,0.16%,93.31%,100.00%,69,1,4.80%,3.45%,"2.587,50 €","37,50 €",68,1
B0DVT6KPDV,B0DT6ZPGVQ, ,27008,836,13,0.12%,0.08%,"1,220",15,0.12%,0.06%,99.64%,91.67%,70,0,8.37%,0.00%,"728,65 €","0,00 €",65,0
B0FJLTDB9J,B09RP6V156,"CUPERINOX® Alicates para pedicura, Profesional, Cortaúñas de Pies, Acero Inoxidable, Mango Ergonómico Antideslizante, Fácil Limpieza, Con Funda, 2 Años de Garantía",21920AM_fba,879,15,0.12%,0.09%,"1,265",17,0.13%,0.07%,51.01%,100.00%,64,3,7.28%,20.00%,"545,64 €","27,61 €",64,3
B08NW1VQRT,B08NW1VQRT,CUPERINOX Navaja para Setas y Champiñones | Acero Inoxidable | Con Cepillo y Funda Incluida | Micológica,PE2181,"2,147",31,0.30%,0.19%,"3,021",44,0.30%,0.19%,99.21%,100.00%,70,1,3.26%,3.23%,"734,81 €","10,49 €",63,1
B0DNNKT1W2,B0DNNJPGTY,"Cuperinox-Tetera de Cristal con Infusor para Té e Infusiones, Resistente al Calor y Compatible con Microondas ** - Infusion Prestige Collection (750 ml)",26112_,574,16,0.08%,0.10%,790,27,0.08%,0.12%,100.00%,100.00%,62,2,10.80%,12.50%,"952,78 €","27,38 €",62,2
B09MSDJQJ1,B08M3B43J6,"Arcos | Juego Cuchillo Jamonero 3 Pzas | jamonero Acero Inoxidable (240 mm), afilador Chaira y Cubre jamón | Juego Cuchillos jamonero Profesional | Paleta ibérica | Eco",704300,"1,855",39,0.26%,0.24%,"2,548",49,0.26%,0.21%,99.87%,100.00%,61,0,3.29%,0.00%,"1.735,85 €","0,00 €",61,0
B0752X4WV1,B005LR73R0,Arcos Juego Chuleteros Mango Madera 110 mm,372000,"5,517",137,0.78%,0.85%,"8,426",205,0.85%,0.89%,16.64%,11.11%,73,5,1.32%,3.65%,"1.746,95 €","118,35 €",60,4
B09KJLG7BT,B098TFPYLY,CUPERINOX Jamonero profesional Gondola | tabla jamon | Cuchillo Jamonero Alveolos Acero Inox + Cubre Jamón Universal | Set cortar jamón (3 PZAS) | Sujeta jamones | tabla jamonero,20228FBM,860,18,0.12%,0.11%,"1,217",25,0.12%,0.11%,99.82%,100.00%,61,4,7.09%,22.22%,"1.808,59 €","118,24 €",60,4
B0DNNL2TZQ,B0DNN4J6Q8,"CUPERINOX Aceitera antigoteo cristal para Aceite de Oliva, Vinagre etc. A prueba de fugas, Aceitera cristal antigoteo tambien aceiteros cocina ideal para Ensaladas, BBQ, cooking oil container (125 ML)",22021_,"1,097",37,0.16%,0.23%,"1,532",55,0.15%,0.24%,99.85%,96.67%,70,6,6.38%,16.22%,"704,30 €","60,94 €",59,5
B0FQNZM34T,B0843QFQB7,Arcos Set Cuchillos 5 piezas Acero Inoxidable Nitrum. Cuchillo Cocina Profesional Afilado para Cortar Carne. Mango Ergonómico Polioximetileno POM. Serie Opera. Diseño Clásico. Color Negro.,227000,"2,045",52,0.29%,0.32%,"3,052",76,0.31%,0.33%,98.41%,87.27%,58,1,2.84%,1.92%,"7.418,29 €","124,99 €",57,1
B089M821V5,B089M821V5,Arcos Cuchillos Carne | 6 pzas | Cuchillos chuleteros Set Cuchillo de Mesa Sierra | Mango Madera | Hoja 110 mm | Cuchillos Carne Mesa | Apto lavavajillas | Envase Carton | Ecologico,815500_,"1,090",32,0.15%,0.20%,"1,522",48,0.15%,0.21%,99.62%,100.00%,63,3,5.78%,9.38%,"1.674,37 €","84,97 €",56,2
B08M9NWMW8,B08M9NWMW8,Arcos Juego de Cuchillos de Cocina Profesional y Afilador | 7 Piezas | Acero Inoxidable | Taco de Madera | Serie Niza | Uso Cotidiano | Apto para Lavavajillas,835800FBM,"1,426",26,0.20%,0.16%,"2,049",33,0.21%,0.14%,99.60%,100.00%,57,2,4.00%,7.69%,"2.926,13 €","106,68 €",56,1
B0DNNL2TZQ,B0DNNFGWNJ,"CUPERINOX Aceitera de Cristal Antigoteo para Aceite de Oliva, Resistente y Fácil de Limpiar Gourmet Oil Collection (500 Ml)",22023_,585,19,0.08%,0.12%,841,29,0.08%,0.13%,99.44%,100.00%,59,2,10.09%,10.53%,"754,42 €","25,99 €",56,2
B0F9TD2LTH,B0CS6V91GR,CUPERINOX® Cuchillos de Mesa con Mango de Madera – Set 6 Cuchillos para Carne con Filo Dentado – Estilo Palmadera tradicional – Aptos para Uso Diario,14015,"1,370",29,0.19%,0.18%,"2,087",43,0.21%,0.19%,99.89%,100.00%,60,1,4.38%,3.45%,"947,40 €","18,99 €",55,1
B09DYJY471,B08MQJCD2V,Arcos Juego Cuchillos Cocina Profesionales| Cuchillos Cocina Profesional | Cuchillos Acero Inoxidable Mango Negro | utensilios de cocina | cuchillo japones Santoku | lavavajillas (4 Piezas),816900fba,"3,012",49,0.43%,0.30%,"3,938",61,0.40%,0.26%,99.78%,100.00%,66,15,2.19%,30.61%,"1.606,92 €","361,07 €",53,3
B08J488ZQG,B0987N2CBR,Arcos Juego Cuchillos Carne | 6 Piezas | Cuchillos carne cuchillo chuleteros | cubiertos acero inoxidable | Hoja 110 mm | mango monobloque | aptos lavavajillas | Caja Envase Ecológico,814000_fba,"1,581",44,0.22%,0.27%,"1,933",50,0.19%,0.22%,99.77%,100.00%,58,0,3.67%,0.00%,"1.551,42 €","0,00 €",47,0
B08GSTDWTC,B08G4D9718,"Arcos | Cuchillos 3 Colores | Cuchillo de pelar | Cuchillos pelar Patatas | Acero Inoxidable Nitrum| Envase Ecológico | Cuchillo Colores (85 mm, Amarillo, Turquesa, Naranja)",816700_francia,"1,067",18,0.15%,0.11%,"1,334",24,0.13%,0.10%,99.76%,100.00%,49,4,4.59%,22.22%,"459,51 €","39,00 €",45,3
B0FR444FLT,B07YYDR6D8,Arcos Juego de Cuchillos de Cocina. 3 piezas de Acero Inoxidable forjado. Impresiona yorprencon cada corte. Mango Micarta azul. Serie Brooklyn. Color Azul.,858110_,"2,263",37,0.32%,0.23%,"3,137",58,0.32%,0.25%,88.80%,81.48%,44,0,1.94%,0.00%,"4.002,68 €","0,00 €",43,0
B0DNNKT1W2,B0DNNJCHQP,"Cuperinox-Tetera de Cristal con Infusor para Té e Infusiones, Resistente al Calor y Compatible con Microondas ** - Infusion Prestige Collection (950 ml)",26113_,555,17,0.08%,0.11%,773,22,0.08%,0.10%,100.00%,100.00%,44,0,7.93%,0.00%,"796,78 €","0,00 €",43,0
B0DNNL2TZQ,B0DNN57WC1,"CUPERINOX Aceitera de Cristal Antigoteo para Aceite de Oliva, Resistente y Fácil de Limpiar Gourmet Oil Collection (250 Ml)",22022,903,14,0.13%,0.09%,"1,297",19,0.13%,0.08%,99.39%,100.00%,46,0,5.09%,0.00%,"551,74 €","0,00 €",42,0
B0B3CWSDRQ,B00CF20V2I,ARCOS Chaira Afilador Manual Acero Carbono Cromado Negro 230 mm,278100_,626,17,0.09%,0.11%,852,23,0.09%,0.10%,87.04%,80.00%,41,1,6.55%,5.88%,"489,69 €","11,49 €",41,1
B0DKP7F29P,B0DJBZPLJF,Arcos Serie Samoa Iconic | Sarten Antiadherente Cerámico 28 cm | Aluminio Forjado | Apta cualquier cocina | Mango Acero Inoxidable | Apta lavavajillas | Color Beige | LIBRE DE (PFOA/PTFE/PFOS),716524,632,9,0.09%,0.06%,861,13,0.09%,0.06%,96.81%,75.00%,39,1,6.17%,11.11%,"1.714,77 €","43,95 €",38,1
B0CYTKGNPM,B0843DQCF5,ARCOS Pelador de Verduras en Juliana de Acero Inoxidable Cromado 130 Mm. Pelador Profesional para Cortes en Juliana de Verduras y Hortalizas. Apto Lavavajillas. Color Plata,607200,"1,312",30,0.19%,0.19%,"1,499",34,0.15%,0.15%,98.13%,100.00%,38,5,2.90%,16.67%,"284,86 €","37,45 €",37,4
B08M5K93QF,B08M5K93QF,Arcos Juego Cuchillos Mesa | 6 Uds | Cuchillo Postre | Cuchillos Mesa | Cuchillo Carne | Hoja 105 mm | Acero Inoxidable Martensítico | Mango Polipropileno | Apto lavavajillas | Envase Ecológico,703500_etq,313,6,0.04%,0.04%,476,11,0.05%,0.05%,100.00%,100.00%,40,0,12.78%,0.00%,"407,60 €","0,00 €",37,0
B0DPKXM18X,B0DNQX2BZN,"CUPERINOX Soporte Jamonero Plegable | Jamonero Giratorio | Jamonero de Bambú con Cuchillo Profesional, Afilador y Funda para Jamón | Elite Collection",20270_fbm,"2,358",98,0.33%,0.61%,"2,867",116,0.29%,0.50%,99.77%,100.00%,37,1,1.57%,1.02%,"1.609,63 €","42,49 €",37,1
B017HKSTCQ,B00VRWSIUO,Arcos Serie Ecopro - Tijeras de Cocina - Acero Inoxidable 240 mm - Mango de Acero Inoxidable - Color Plata,809800_,"1,057",38,0.15%,0.24%,"1,388",42,0.14%,0.18%,54.87%,46.88%,39,6,3.69%,15.79%,"691,11 €","103,50 €",36,4
B06XB92VRH,B00YU2ZWGG,CUPERINOX Cafetera Italiana Induccion Espresso Acero Inoxidable 10 Tazas,25034,736,6,0.10%,0.04%,"1,038",9,0.10%,0.04%,99.78%,100.00%,36,0,4.89%,0.00%,"659,64 €","0,00 €",36,0
B09381N96H,B07G75XCXM,"Arcos Serie Cuchillos de Mesa Caja 12 uds Cuchillo Mesa, Hoja Serrada de Acero Inoxidable NITRUM de 125 mm, Mango Polipropileno Color crema (12 UDS)",370200_us,434,12,0.06%,0.07%,659,22,0.07%,0.10%,91.53%,100.00%,53,17,12.21%,141.67%,"1.037,09 €","317,45 €",36,4
B093DSL44T,B07F9RV81Z,Arcos Cuchillo Chuletero de 4 Pulgadas con Hoja de 105mm en Acero Inoxidable y Mango de Madera. Cuchillo para Carne Apto para Lavavajillas. Serie Latina. Color Marrón,100400_fba,765,13,0.11%,0.08%,"1,088",24,0.11%,0.10%,85.71%,100.00%,35,0,4.58%,0.00%,"1.259,65 €","0,00 €",35,0
B0F54LTCFF,B00J4L7FEU,Arcos Hachuela Macheta de Cocina Acero Inoxidable 160 mm,282404_us,"1,891",51,0.27%,0.32%,"3,005",72,0.30%,0.31%,14.30%,25.49%,34,6,1.80%,11.76%,"832,78 €","139,78 €",34,6
B017HKG9PK,B0044R883Q,Arcos Cuchillo Mondador Negro 80 mm,150200-cod_barras_arcos,"3,131",78,0.44%,0.48%,"4,223",95,0.42%,0.41%,9.15%,6.67%,40,0,1.28%,0.00%,"398,00 €","0,00 €",33,0
B00W9SPO5M,B00W9SPO5M,Arcos Tijeras de Modista de Acero Forjado 178 mm - Uso Profesional y Doméstico - Niqueladas en Plata - Serie Style,504200,342,3,0.05%,0.02%,454,3,0.05%,0.01%,98.54%,100.00%,33,1,9.65%,33.33%,"459,92 €","13,76 €",33,1
B08G8QCM5H,B08G8QCM5H,ARCOS cuchillo pelador | 6 PIEZAS | cuchillo de pelar | cuchillos pelar patatas | Hoja 100 mm | Negro | cuchillo arcos pelador Acero Inoxidable,816500_,708,20,0.10%,0.12%,943,22,0.09%,0.10%,99.64%,100.00%,34,6,4.80%,30.00%,"609,97 €","114,25 €",33,5
B0C4DTYRJW,B094QVHPQ8,Arcos Juego Cuchillos Cocina Profesionales| Cuchillos Cocina Profesional Set Cuchillos | Mango Negro (4 Piezas),813500FBM,"2,491",38,0.35%,0.24%,"3,255",47,0.33%,0.20%,99.90%,100.00%,33,0,1.32%,0.00%,"1.213,95 €","0,00 €",33,0
B09KJLG7BT,B098K898SC,CUPERINOX Soporte Jamonero | Jamonero Profesional | Cuchillo Jamonero madera + Funda Jamon | Tabla Jamonera,20226,879,12,0.12%,0.07%,"1,119",15,0.11%,0.06%,99.90%,100.00%,33,0,3.75%,0.00%,"720,02 €","0,00 €",32,0
B017HKRCGK,B005LR7AWI,ARCOS Bolsa Portacuchillos 8 Piezas Poliéster 500x510mm,690400_,"1,006",12,0.14%,0.07%,"1,406",13,0.14%,0.06%,57.26%,57.14%,32,0,3.18%,0.00%,"799,68 €","0,00 €",31,0
B0F1N351DY,B072FGV2YH,Arcos Juego de 6 Cuchillos Mondadores Acero Inoxidable 100 mm,189100_2,"15,830",372,2.25%,2.31%,"24,379",610,2.45%,2.64%,13.53%,9.21%,39,23,0.25%,6.18%,"656,91 €","380,91 €",31,15
B0812P3LZT,B0812P3LZT,"Arcos Nova - Set 3 Cuchillos Mantequilla - Acero Inoxidable 70 mm - Mango en color menta, naranja y limon",859900_,378,10,0.05%,0.06%,497,14,0.05%,0.06%,99.77%,100.00%,33,1,8.73%,10.00%,"343,94 €","10,99 €",31,1
B07F9GQZCB,B07F9GQZCB,Arcos Cuchillo para Verduras de 4 Pulgadas con Hoja de 105mm en Acero Inoxidable y Mango de Madera. Cuchillo para Vegetales Apto para Lavavajillas. Serie Latina. Color Marrón,100500,571,9,0.08%,0.06%,858,15,0.09%,0.06%,99.86%,100.00%,32,0,5.60%,0.00%,"1.137,43 €","0,00 €",30,0
B0F4WTVT1Z,B09GPS4SQN,"HENDI Pasta combustible para Chafing Dish, 12 x 200 g",H194362,"1,260",62,0.18%,0.38%,"1,893",99,0.19%,0.43%,26.66%,19.44%,37,9,2.94%,14.52%,"764,75 €","180,95 €",30,4
B0F66KBPV1,B07N7Y7LD9,HENDI Cesta de lavavajillas Profesional para Vasos,H871348,417,39,0.06%,0.24%,633,57,0.06%,0.25%,91.32%,45.65%,30,2,7.19%,5.13%,"588,26 €","34,20 €",29,1
B0CYTKGNPM,B0CW66H3TR,Pelador de Tomate ARCOS - Hoja Serrada de Acero Inoxidable | Mango Ergonómico | Ideal para Tomates,607420_,"1,261",33,0.18%,0.20%,"1,434",34,0.14%,0.15%,98.68%,100.00%,29,0,2.30%,0.00%,"226,23 €","0,00 €",29,0
B0DKP7F29P,B0DJBZ7G4Y,Arcos Serie Samoa Iconic | Sarten Antiadherente Cerámico 20 cm | Aluminio Forjado | Apta cualquier cocina | Mango Acero Inoxidable | Apta lavavajillas | Color Beige | LIBRE DE (PFOA/PTFE/PFOS),716124,"1,368",20,0.19%,0.12%,"1,878",22,0.19%,0.10%,97.16%,100.00%,30,1,2.19%,5.00%,"1.018,50 €","33,95 €",29,1
B0786LYQTP,B0786LYQTP,VINFER- Limpiador y Abrillantador Inox 600 ml | Limpieza y Protección Acero Inoxidable | Efecto Brillo Duradero | Desengrasa y Cuida Superficies Inoxidables | Spray Profesional,VP_Inox600Ml,168,5,0.02%,0.03%,241,10,0.02%,0.04%,87.27%,100.00%,40,2,23.81%,40.00%,"321,48 €","15,88 €",27,2
B08T5Z4HFS,B08QYQYZHS,"CUPERINOX Cubiertos para marisco | Pinzas para marisco | Tenazas para marisco | 12 Unidades | Cubiertos marisco (Cangrejo, Langosta, Ostras) | Tenedor de marisco con dos dientes inferiores y cuchara.",20023_12FBA,210,4,0.03%,0.02%,341,7,0.03%,0.03%,100.00%,100.00%,32,4,15.24%,100.00%,"551,97 €","72,25 €",27,2
B017HKRCGK,B005LR7A1Y,ARCOS Bolsa para Cuchillos 100% Poliéster 460x275 mm,690200,"2,900",47,0.41%,0.29%,"4,493",72,0.45%,0.31%,64.98%,54.05%,27,0,0.93%,0.00%,"445,23 €","0,00 €",26,0
B017HKG9PK,B0044R87RS,Arcos Cuchillo para Maitre Negro 215 mm,151000,"8,365",198,1.19%,1.23%,"12,684",286,1.27%,1.24%,3.65%,4.24%,25,0,0.30%,0.00%,"374,75 €","0,00 €",25,0
B00VRZ327A,B00VRZ327A,Arcos Tijeras Costura Acero Forjado 152 mm - Uso Doméstico y Profesional - Niqueladas Plata - Serie Style,502400,175,2,0.02%,0.01%,264,2,0.03%,0.01%,96.65%,100.00%,25,0,14.29%,0.00%,"286,13 €","0,00 €",25,0
B0937XXT33,B01CQT1B5U,"Arcos Cuchillos de Mesa Juego de Cuchillos Chuleteros Cuchillos de Mesa, Monoblock de una pieza de Acero Inoxidable 110 mm, Color Plata (12 uds)",702000,570,25,0.08%,0.16%,854,40,0.09%,0.17%,84.48%,94.74%,25,2,4.39%,8.00%,"1.183,09 €","95,98 €",25,2
B0DNNL2TZQ,B0DNNF3839,"CUPERINOX Aceitera de Cristal Antigoteo para Aceite de Oliva, Resistente y Fácil de Limpiar Gourmet Oil Collection (1000 Ml)",22024,471,15,0.07%,0.09%,725,43,0.07%,0.19%,100.00%,100.00%,25,0,5.31%,0.00%,"407,61 €","0,00 €",25,0
B005LR749W,B005LR749W,"ARCOS Juego de Cubiertos de 24 Piezas para Mesa. Cuberterí­a Completa para 6 Personas. Set de 6 Cucharas, 6 Cuchillos, 6 Tenedores y 6 Cucharas de Postre. Serie Berlí­n. Color Plata",562400_fbm,956,32,0.14%,0.20%,"1,380",45,0.14%,0.19%,79.55%,85.71%,31,1,3.24%,3.13%,"2.414,24 €","84,94 €",24,1
B0C4DTYRJW,B071LGMMGV,Arcos Juego Cuchillos Cocina Profesionales| Cuchillos Cocina Profesional Set Cuchillos | Mango Negro (3 Piezas),862600,"1,656",47,0.24%,0.29%,"2,240",66,0.22%,0.29%,99.80%,100.00%,24,3,1.45%,6.38%,"959,76 €","119,97 €",24,3
B071PB1GX3,B071PB1GX3,WINS 007 - Friegasuelos Perfumado | Garrafa 5 L,WINS007,282,25,0.04%,0.16%,358,28,0.04%,0.12%,41.43%,42.31%,27,9,9.57%,36.00%,"287,62 €","95,76 €",24,7
B07M8DDJ9B,B07M8DDJ9B,"WINS– Ambientador Lavanda Concentrado | Perfume Intenso y Duradero para Hogar, Oficinas y Espacios Comunes | Aroma Natural Relajante | Garrafa 5L | 100% Made in Spain",WINS008,346,30,0.05%,0.19%,466,40,0.05%,0.17%,33.90%,72.73%,24,7,6.94%,23.33%,"421,32 €","122,47 €",24,7
B0DQV6381X,B0DQDQ1DB8,CUPERINOX Jamonero | Jamonero Giratorio | Tabla Cortar Jamon | Jamoneros Profesional | Jamonero Plegable | Tabla Jamon | Cortador de Jamon,SC_20270,706,8,0.10%,0.05%,975,8,0.10%,0.03%,98.83%,100.00%,24,0,3.40%,0.00%,"751,32 €","0,00 €",24,0
B0F1ZF7H1L,B005LR6GE6,Arcos Cuchillo Cocinero Negro 250 mm,233700_,"2,394",33,0.34%,0.20%,"2,991",41,0.30%,0.18%,62.09%,45.45%,23,1,0.96%,3.03%,"930,15 €","39,99 €",23,1
B0CQ5G2HVQ,B0BRNJF5D2,Arcos Serie Samoa | Lote de Sartenes 20 y 24 cm | Aluminio Forjado | Full Induction | Mango Acero Inoxidable Efecto Frio | Sistema ahorro energético | Apta lavavajillas | Color Negro,717810,"1,070",17,0.15%,0.11%,"1,401",29,0.14%,0.13%,89.70%,80.00%,23,0,2.15%,0.00%,"1.378,85 €","0,00 €",23,0
B0DKP7F29P,B0DJBZRDXV,Arcos Serie Samoa Iconic | Sarten Antiadherente Cerámico 24 cm | Aluminio Forjado | Apta cualquier cocina | Mango Acero Inoxidable | Apta lavavajillas | Color Negro | LIBRE DE (PFOA/PTFE/PFOS),716322,577,10,0.08%,0.06%,762,14,0.08%,0.06%,92.22%,100.00%,23,0,3.99%,0.00%,"918,85 €","0,00 €",23,0
B0F54LTCFF,B0044R87I2,Arcos Conjunto Cuchillos 4 piezas (3 Cuchillos + 1 tijeras). Acero Inoxidable y Hoja mm. 1670 gr. Bloque madera pino. Mango ergonómico polioximetileno POM. Serie Universal. Mayor control. Color negro.,285000_us,"1,385",36,0.20%,0.22%,"1,755",41,0.18%,0.18%,94.22%,84.62%,22,0,1.59%,0.00%,"1.173,78 €","0,00 €",22,0
B017HKSR4G,B00WUZRKJW,Arcos Cuchillos de Mesa - Hoja de Acero Inoxidable Nitrum 110 mm - Mango Ergonómico de Polipropileno - Ideal para Comedor - Color Crema - Serie Elegance,802900,350,9,0.05%,0.06%,543,11,0.05%,0.05%,97.44%,100.00%,38,1,10.86%,11.11%,"132,67 €","3,49 €",22,1
B0C2QFPLX9,B0C2QFPLX9,FAMILIA VINCARE (MULTIUSOS INDIVIDUAL),MULTIUSOS750ML,190,5,0.03%,0.03%,247,5,0.02%,0.02%,91.63%,100.00%,22,0,11.58%,0.00%,"200,28 €","0,00 €",22,0
B0752SPHL9,B005LR6WW2,Arcos Juego de Cuchillos de Cocina de 5 Piezas,152100_us,871,27,0.12%,0.17%,"1,344",45,0.13%,0.19%,58.46%,62.96%,21,1,2.41%,3.70%,"1.299,48 €","61,88 €",21,1
B093DXB2PK,B00MDJVRG2,Arcos Latina Cuchillo para Verduras Acero Inoxidable 105 mm,100500_1_pieza,170,4,0.02%,0.02%,261,6,0.03%,0.03%,99.06%,100.00%,42,0,24.71%,0.00%,"209,58 €","0,00 €",21,0
B08LVZCG23,B08LVZCG23,Arcos Juego de Cuchillos de Cocina Rosa | 3 pz | Cuchillo Chef para pelar Verduras | Edición Limitada | Solidaria,814500_fba,751,15,0.11%,0.09%,"1,039",22,0.10%,0.10%,99.66%,100.00%,21,1,2.80%,6.67%,"607,91 €","28,99 €",21,1
B0B3CPHPXR,B07BQ5CCMD,ARCOS Sacacorchos Manual de ABS Aleación de Zinc,604700_,"2,749",76,0.39%,0.47%,"3,836",111,0.39%,0.48%,14.87%,23.08%,21,0,0.76%,0.00%,"727,93 €","0,00 €",20,0
B08JCVQ4QL,B08JCVQ4QL,"Arcos Series Niza - Juego de Cuchillos Cocina, 6 Piezas, Cuchillos Verduras 110 mm, + Cuchillo Mesa, Envase 100% Ecológico, Acero Inoxidable NITRUM",809400_,735,9,0.10%,0.06%,"1,030",9,0.10%,0.04%,100.00%,100.00%,23,0,3.13%,0.00%,"422,43 €","0,00 €",20,0
B0CQ5G2HVQ,B09T6G47Z6,"Arcos Sarten Antiadherente 26 cm - Aluminio Forjado, Full Induction, Mango Acero Inoxidable Efecto Frío, Apta Lavavajillas, Ahorro Energético, Serie Samoa",716410,361,7,0.05%,0.04%,502,7,0.05%,0.03%,73.22%,80.00%,20,0,5.54%,0.00%,"770,00 €","0,00 €",20,0
B0DKP7F29P,B0DJC114YJ,"Arcos Serie Samoa Iconic | Cacerola Antiadherente Cerámico 24 cm y 4,3 L | Aluminio Forjado | Apta cualquier cocina | Mango Acero Inoxidable | Color Beige | LIBRE DE (PFOA/PTFE/PFOS)",717024,707,12,0.10%,0.07%,990,16,0.10%,0.07%,94.60%,90.00%,20,0,2.83%,0.00%,"1.239,20 €","0,00 €",20,0
B0DNNL2TZQ,B0DNN4J6Q8,"CUPERINOX Aceitera antigoteo cristal para Aceite de Oliva, Vinagre etc. A prueba de fugas, Aceitera cristal antigoteo tambien aceiteros cocina ideal para Ensaladas, BBQ, cooking oil container (125 ML)",22021,"1,097",37,0.16%,0.23%,"1,532",55,0.15%,0.24%,99.85%,96.67%,21,0,1.91%,0.00%,"241,29 €","0,00 €",20,0
B0DQV6381X,B0DQRF2HZK,CUPERINOX Jamonera Inoxidable | Jamonero | Soporte Jamonero | Tabla Jamon Inoxidable | Facil Montaje | Tabla Jamon Profesional,SC_20260,680,9,0.10%,0.06%,972,16,0.10%,0.07%,99.55%,100.00%,20,0,2.94%,0.00%,"395,80 €","0,00 €",20,0
B0F1ZF7H1L,B005LR68DU,Arcos Cuchillo Jamonero con Alveolos 250 mm,231000_,"2,354",59,0.33%,0.37%,"3,603",93,0.36%,0.40%,21.27%,14.04%,19,0,0.81%,0.00%,"636,87 €","0,00 €",19,0
B0F1ZF7H1L,B07JWG12BV,Arcos Riviera Set 3 Cuchillos Forjados Acero Inoxidable Nitrum,807710_,990,10,0.14%,0.06%,"1,262",13,0.13%,0.06%,96.64%,60.00%,19,0,1.92%,0.00%,"1.254,81 €","0,00 €",19,0
B0FR444FLT,B07N8S366Z,Arcos Cuchillo Cocina Forjado en Acero Inoxidable. Hoja Plateada 210 mm. Cuchillo Chef con Mango Profesional Micarta y Borde de Seda Especial. Serie Brooklyn. Color Azul.,190623_,908,8,0.13%,0.05%,"1,282",12,0.13%,0.05%,95.33%,100.00%,19,0,2.09%,0.00%,"855,21 €","0,00 €",19,0
B09QDH8MSK,B07N8VWHT9,Arcos Tacos - Bloque Universal para Cuchillos hasta 20 cm - Hecho de Caucho Termoplástico 220 x 160 x 65 mm - Color Negro,794500_,"2,861",57,0.41%,0.35%,"4,160",68,0.42%,0.29%,10.19%,12.24%,19,1,0.66%,1.75%,"493,81 €","25,99 €",19,1
B0DKP7F29P,B0DJC17TXZ,"Arcos Serie Samoa Iconic | Cacerola Baja Antiadherente Cerámico 28 cm y 4,3 L | Aluminio Forjado | Apta cualquier cocina | Mango Acero Inoxidable | Color Beige | LIBRE DE (PFOA/PTFE/PFOS)",717124,754,17,0.11%,0.11%,"1,007",20,0.10%,0.09%,90.02%,88.89%,19,0,2.52%,0.00%,"1.361,50 €","0,00 €",19,0
B08L8MV8XD,B005LR72SK,Arcos Juego de Cuchillos con Bloque Acero Inoxidable 6 piezas,136100_,"9,098",156,1.29%,0.97%,"13,125",235,1.32%,1.02%,8.29%,7.30%,19,1,0.21%,0.64%,"891,10 €","46,90 €",18,1
B0F54LTCFF,B007TS67OY,Arcos Cuchillo Chef Acero Inoxidable 155 mm,280404_fbm,834,21,0.12%,0.13%,"1,118",26,0.11%,0.11%,42.99%,33.33%,18,1,2.16%,4.76%,"256,59 €","13,12 €",18,1
B017HKRCGK,B00BHZPGHO,ARCOS Bolsa Portacuchillos para 17 Piezas Poliéster Negra,691400_,446,2,0.06%,0.01%,603,2,0.06%,0.01%,94.04%,0.00%,18,0,4.04%,0.00%,"809,82 €","0,00 €",18,0
B09GSCQQF9,B07G77FNSF,"Arcos Serie Cuchillos de Mesa Caja 12 uds Cuchillo Postre, Hoja Serrada de Acero Inoxidable NITRUM de 105 mm, Mango Polipropileno Color crema (12 UDS)",370100_,322,9,0.05%,0.06%,479,13,0.05%,0.06%,98.76%,100.00%,19,0,5.90%,0.00%,"336,75 €","0,00 €",18,0
B0FR444FLT,B07JJGXYZD,Arcos Set Cocina Serie Manhattan,858100,"2,203",25,0.31%,0.16%,"2,931",33,0.29%,0.14%,98.33%,94.44%,18,0,0.82%,0.00%,"1.475,82 €","0,00 €",18,0
B07ZJ8ZJ93,B07ZJ8ZJ93,Arcos Set Jamonero Profesional Acero Inoxidable 3 Piezas,859400_us,"1,474",19,0.21%,0.12%,"2,128",27,0.21%,0.12%,34.40%,17.65%,18,1,1.22%,5.26%,"538,82 €","29,99 €",18,1
B0C5JNCFL4,B0C5JNCFL4,Arcos Serie Milano - Cubertería de 24 piezas en Caja de Regalo (6 Cuchillos + 12 Cucharas + 6 Tenedores) - Monoblock de una pieza en Acero Inoxidable - Color Plata,542000,684,23,0.10%,0.14%,"1,129",43,0.11%,0.19%,92.71%,84.38%,27,3,3.95%,13.04%,"1.914,73 €","209,97 €",18,1
B017HKR8WS,B005LR7EP6,ARCOS Afilador de Cuchillos Profesional ABS,610000,"5,610",164,0.80%,1.02%,"8,183",253,0.82%,1.09%,12.58%,8.02%,17,2,0.30%,1.22%,"1.119,83 €","129,98 €",17,2
B0714CRSCQ,B0714CRSCQ,Arcos Cuchillo Mondador Negro 100 mm,150300,611,8,0.09%,0.05%,882,10,0.09%,0.04%,31.73%,0.00%,24,0,3.93%,0.00%,"238,80 €","0,00 €",17,0
B0788NSRGR,B0788NSRGR,WINS-Detergente Máquinas Lavavajillas Profesional Aguas Duras 012 | Garrafa 5 L | Limpieza Potente de Vajilla en Lavavajillas Industriales | Uso Profesional | 100% Made in Spain,WINS012_5l,89,10,0.01%,0.06%,119,13,0.01%,0.06%,83.81%,100.00%,26,13,29.21%,130.00%,"426,23 €","205,36 €",17,6
B08G8QHY23,B08G8QHY23,Arcos | cuchillos chuleteros cuchillo madera cuchillo chuletero | 6 Piezas | juego cuchillos carne | cuchillos mango madera | Envase Eco | Fabricado en España,809300_,653,10,0.09%,0.06%,944,18,0.09%,0.08%,100.00%,100.00%,18,0,2.76%,0.00%,"416,82 €","0,00 €",17,0
B08ZNM265D,B08ZNM265D,Arcos | cuchillos de mesa cuchillo mesa tradicional | 6 Piezas cuchillo chuletero | mango nailon | Envase Eco | Fabricado en España,704400_fba,342,6,0.05%,0.04%,506,11,0.05%,0.05%,99.55%,100.00%,20,3,5.85%,50.00%,"518,88 €","71,97 €",17,2
B0CQ5G2HVQ,B09T9S9NZ4,"Arcos Sarten Antiadherente 24 cm - Aluminio Forjado, Full Induction, Mango Acero Inoxidable Efecto Frío, Apta Lavavajillas, Ahorro Energético, Serie Samoa",716310,"1,201",27,0.17%,0.17%,"1,677",37,0.17%,0.16%,25.69%,29.17%,17,1,1.42%,3.70%,"617,35 €","37,25 €",17,1
B0CVH8PC99,B0CQTJ6T66,"CUPERINOX® Cuchillos de Mesa Acero Inoxidable – Set Profesional 12 Piezas con Hoja Serrada de 11 cm y Mango Ergonómico Antideslizante – Para Carne, Verduras y Pescado",99901_12pzs,453,42,0.06%,0.26%,605,57,0.06%,0.25%,99.45%,96.30%,19,9,4.19%,21.43%,"219,99 €","100,09 €",17,7
B0DNNL2TZQ,B0DNNF3839,"CUPERINOX Aceitera de Cristal Antigoteo para Aceite de Oliva, Resistente y Fácil de Limpiar Gourmet Oil Collection (1000 Ml)",22024_,471,15,0.07%,0.09%,725,43,0.07%,0.19%,100.00%,100.00%,17,1,3.61%,6.67%,"304,83 €","16,99 €",17,1
B0DNNL2TZQ,B0DNNFGWNJ,"CUPERINOX Aceitera de Cristal Antigoteo para Aceite de Oliva, Resistente y Fácil de Limpiar Gourmet Oil Collection (500 Ml)",22023,585,19,0.08%,0.12%,841,29,0.08%,0.13%,99.44%,100.00%,18,0,3.08%,0.00%,"268,72 €","0,00 €",17,0
B017HKRCGK,B005LR7C44,ARCOS Bolsa Portacuchillos 12 Piezas Poliéster 730x510mm,690500_,"1,227",19,0.17%,0.12%,"1,776",21,0.18%,0.09%,27.49%,23.08%,16,0,1.30%,0.00%,"447,04 €","0,00 €",16,0
B00D3LC70Y,B00D3LC70Y,Arcos Tijeras Costura Castellana - Acero Forjado Niquelado 127 mm - Uso Doméstico y Profesional - Serie Style,502200,159,0,0.02%,0.00%,230,0,0.02%,0.00%,97.55%,0.00%,17,0,10.69%,0.00%,"178,33 €","0,00 €",16,0
B0189HXS8Q,B015QGR3CK,Arcos Serie Navajas Profesionales - Navaja Profesional - Hoja Filo de Acero Inoxidable NITRUM de 85 mm - Navaja de Acero Inoxidable Color amarillo,485900_fbm,909,18,0.13%,0.11%,"1,307",25,0.13%,0.11%,69.67%,81.25%,20,0,2.20%,0.00%,"156,00 €","0,00 €",16,0
B07G76NW26,B07G76NW26,"Arcos Serie Cuchillos de Mesa Caja 12 uds Cuchillo Mesa, Hoja Serrada de Acero Inoxidable de 125 mm, Cuchillo Monoblock Acero Inoxidable Color plata (12 UDS)",460400_fbm,229,4,0.03%,0.02%,379,4,0.04%,0.02%,98.71%,100.00%,16,0,6.99%,0.00%,"613,44 €","0,00 €",16,0
B08JCVQ4QL,B08JCVQ4QL,"Arcos Series Niza - Juego de Cuchillos Cocina, 6 Piezas, Cuchillos Verduras 110 mm, + Cuchillo Mesa, Envase 100% Ecológico, Acero Inoxidable NITRUM",809400,735,9,0.10%,0.06%,"1,030",9,0.10%,0.04%,100.00%,100.00%,19,3,2.59%,33.33%,"379,41 €","59,57 €",16,2
B08TLR4Z27,B08M3DQFHM,Arcos jamonero Profesional | Cuchillo jamonero jamonero Inoxidable Nitrum | Mango Negro | Cuchillo Jamon iberico | Serie Maitre| Hoja Flexible y Filo Liso | 275 mm | Acero Inoxidable NITRUM,151210,598,18,0.08%,0.11%,833,26,0.08%,0.11%,100.00%,100.00%,18,0,3.01%,0.00%,"287,82 €","0,00 €",16,0
B0DKP7F29P,B0DJBZ5475,Arcos Serie Samoa Iconic | Sarten Antiadherente Cerámico 20 cm | Aluminio Forjado | Apta cualquier cocina | Mango Acero Inoxidable | Apta lavavajillas | Color Negro | LIBRE DE (PFOA/PTFE/PFOS),716122,530,14,0.08%,0.09%,707,25,0.07%,0.11%,89.13%,100.00%,16,1,3.02%,7.14%,"559,20 €","34,95 €",16,1
B0DPKXM18X,B0DNQRZ3BN,"CUPERINOX Soporte Jamonero Inoxidable Profesional con Base Antideslizante para Jamones y Paletas, Incluye Cuchillo | Jamoneros Elite Collection",20260_fbm,"2,179",74,0.31%,0.46%,"2,442",78,0.25%,0.34%,99.83%,100.00%,16,0,0.73%,0.00%,"399,84 €","0,00 €",16,0
B09GSCQQF9,B07G77FNSF,"Arcos Serie Cuchillos de Mesa Caja 12 uds Cuchillo Postre, Hoja Serrada de Acero Inoxidable NITRUM de 105 mm, Mango Polipropileno Color crema (12 UDS)",370100_us,322,9,0.05%,0.06%,479,13,0.05%,0.06%,98.76%,100.00%,22,3,6.83%,33.33%,"400,76 €","54,01 €",15,2
B0843DFZH2,B0843DFZH2,Arcos Set 5 Cuchillos Forjados Acero Inoxidable Nitrum,235024,761,16,0.11%,0.10%,"1,227",21,0.12%,0.09%,58.86%,76.47%,15,1,1.97%,6.25%,"1.794,06 €","97,11 €",15,1
B09FQ5SZK8,B08MTWC7RD,Arcos Cuchillo Cocinero Acero Inoxidable Nitrum 210 mm,166800_fbm,"1,009",26,0.14%,0.16%,"1,427",31,0.14%,0.13%,69.35%,78.57%,15,2,1.49%,7.69%,"441,60 €","59,98 €",15,2
B0C4DTYRJW,B094QVHPQ8,Arcos Juego Cuchillos Cocina Profesionales| Cuchillos Cocina Profesional Set Cuchillos | Mango Negro (4 Piezas),813500,"2,491",38,0.35%,0.24%,"3,255",47,0.33%,0.20%,99.90%,100.00%,15,0,0.60%,0.00%,"592,98 €","0,00 €",15,0
B0CQ5G2HVQ,B09T6KY364,"Arcos Sarten Antiadherente 30 cm - Aluminio Forjado, Full Induction, Mango Acero Inoxidable Efecto Frío, Apta Lavavajillas, Ahorro Energético, Serie Samoa",716610,214,4,0.03%,0.02%,259,5,0.03%,0.02%,94.87%,100.00%,15,0,7.01%,0.00%,"682,50 €","0,00 €",15,0
B0FR444FLT,B07DQRFDMB,Arcos Manhattan Cuchillo Santoku Forjado Acero POM Negro 190 mm,161600_,466,4,0.07%,0.02%,717,5,0.07%,0.02%,93.30%,66.67%,14,0,3.00%,0.00%,"461,74 €","0,00 €",14,0
B0B8Z4CJBC,B07F2YVB15,"Arcos Juego Cuchillos Pelar Acero Inoxidable Nitrum 4""",136500,"2,646",53,0.38%,0.33%,"4,013",83,0.40%,0.36%,21.32%,26.92%,14,0,0.53%,0.00%,"269,36 €","0,00 €",14,0
B07H1T4V1B,B07H1T4V1B,WINS – Fregasuelos Neutro Manzana 006 | Friegasuelos Limpiador para Suelos y Superficies con Aroma a Manzana Duradero | Garrafa 5 L | pH Neutro | 100% Made in Spain,WINS006,114,11,0.02%,0.07%,156,15,0.02%,0.06%,88.15%,71.43%,19,9,16.67%,81.82%,"200,09 €","91,84 €",14,4
B0F1ZF7H1L,B07JHPQGPW,Arcos Riviera Blanc Juego 3 Cuchillos Forjados POM Blanco,807610_,841,18,0.12%,0.11%,"1,153",26,0.12%,0.11%,84.74%,87.50%,14,1,1.66%,5.56%,"979,86 €","69,99 €",14,1
B07JWM27F4,B07JWM27F4,Arcos Set Cuchillos Cocina Profesionales Forjados en Acero Inoxidable. Juego de 3 Cuchillos (Pelador 100 mm + Cocinero 150 mm + Cocinero 200 mm). Mango Ergonómico Rosa en Polioximetileno. Riviera Rose,855100_,501,9,0.07%,0.06%,691,13,0.07%,0.06%,99.67%,87.50%,14,1,2.79%,11.11%,"977,86 €","68,99 €",14,1
B0CQ5G2HVQ,B09T6L1F99,"Arcos Sarten Antiadherente 28 cm - Aluminio Forjado, Full Induction, Mango Acero Inoxidable, Apta Lavavajillas, Ahorro Energético, Serie Samoa",716510,331,8,0.05%,0.05%,465,11,0.05%,0.05%,54.28%,66.67%,15,0,4.53%,0.00%,"635,10 €","0,00 €",14,0
B0DKP7F29P,B0C65FDB33,Arcos Serie Samoa | Batería de Cocina 5 piezas | Aluminio Forjado | Full Inductino | Asas Acero Inoxidable Efecto Frio | Sistema ahorro energético | Apta lavavajillas | Color Negro,697500,"1,221",16,0.17%,0.10%,"1,845",25,0.19%,0.11%,94.41%,84.62%,14,0,1.15%,0.00%,"2.726,50 €","0,00 €",14,0
B0DKP7F29P,B0DJBXPR33,Arcos Serie Samoa Iconic | Sarten Antiadherente Cerámico 28 cm | Aluminio Forjado | Apta cualquier cocina | Mango Acero Inoxidable | Apta lavavajillas | Color Negro | LIBRE DE (PFOA/PTFE/PFOS),716522,290,7,0.04%,0.04%,360,9,0.04%,0.04%,95.41%,100.00%,14,1,4.83%,14.29%,"752,95 €","54,95 €",14,1
B0DKP7F29P,B0DJBZ635J,"Arcos Serie Samoa Iconic | Cacerola Antiadherente Cerámico 20 cm y 2,6 L | Aluminio Forjado | Apta cualquier cocina | Mango Acero Inoxidable | Color Beige | LIBRE DE (PFOA/PTFE/PFOS)",716924,"1,242",20,0.18%,0.12%,"1,767",35,0.18%,0.15%,98.01%,100.00%,14,0,1.13%,0.00%,"752,34 €","0,00 €",14,0
B0DNNKT1W2,B0DNNJPRXB,"Cuperinox-Tetera de Cristal con Infusor para Té e Infusiones, Resistente al Calor y Compatible con Microondas ** - Infusion Prestige Collection (550 ml)",26111,"1,441",43,0.20%,0.27%,"2,088",64,0.21%,0.28%,99.89%,100.00%,14,0,0.97%,0.00%,"237,86 €","0,00 €",14,0
B0DQV6381X,B0DQR3T9MM,CUPERINOX Jamonero Profesional | Jamonero Giratorio Inoxidable | Jamonero Plegable | Tabla Cortar Jamon | Jamonera | Soporte Jamon,SC_20250,998,14,0.14%,0.09%,"1,359",16,0.14%,0.07%,99.19%,100.00%,14,1,1.40%,7.14%,"706,86 €","47,99 €",14,1
B0F54LTCFF,B000NOAYMM,Arcos Cuchillo Jamonero Acero Inoxidable 240 mm,281804_fba,"2,729",39,0.39%,0.24%,"3,437",47,0.35%,0.20%,14.66%,50.00%,13,1,0.48%,2.56%,"214,64 €","16,49 €",13,1
B0F1ZF7H1L,B005LR6FAG,"Arcos Cuchillo Cocina Forjado en Acero Inoxidable y Hoja de 200mm. Cuchillo Chef Profesional para Cortar Pescado, Carne y Cebolla. Mango Ergonómico Polioximetileno. Serie Riviera. Color Negro.",233600_,"3,099",74,0.44%,0.46%,"4,599",110,0.46%,0.48%,14.63%,17.86%,13,0,0.42%,0.00%,"422,37 €","0,00 €",13,0
B0752SPHL9,B005LR6W8Q,Arcos Maitre Set 5 Cuchillos Acero Inoxidable Nitrum,152000_,722,22,0.10%,0.14%,"1,045",31,0.10%,0.13%,77.37%,100.00%,14,1,1.94%,4.55%,"864,86 €","58,99 €",13,1
B0B8Z4CJBC,B07F2YVB15,"Arcos Juego Cuchillos Pelar Acero Inoxidable Nitrum 4""",136500_2,"2,646",53,0.38%,0.33%,"4,013",83,0.40%,0.36%,21.32%,26.92%,16,2,0.60%,3.77%,"307,84 €","38,48 €",13,2
B0752X1ZCK,B07G77NN26,Arcos Cuchillos de Mesa - Caja de 12 uds Cuchillo Chuletero Cuchillo de Mesa - Hoja de Acero Inoxidable NITRUM 110 mm - Mango de Nylon - Color Negro (12 uds),803000_fmb,"2,239",72,0.32%,0.45%,"3,253",98,0.33%,0.42%,99.27%,87.30%,16,1,0.71%,1.39%,"463,84 €","28,99 €",13,1
B09NRLLDC6,B09NRLLDC6,CUPERINOX Cuchillo Jamonero + Chaira + Funda Cubre Jamón | Jamonero 240mm acero inoxidable| Afilador Chaira | Funda cubre jamón,20220,167,3,0.02%,0.02%,257,3,0.03%,0.01%,99.57%,100.00%,13,0,7.78%,0.00%,"129,87 €","0,00 €",13,0
B0CYTKGNPM,B0CW66H3TR,Pelador de Tomate ARCOS - Hoja Serrada de Acero Inoxidable | Mango Ergonómico | Ideal para Tomates,607420,"1,261",33,0.18%,0.20%,"1,434",34,0.14%,0.15%,98.68%,100.00%,13,1,1.03%,3.03%,"103,87 €","7,99 €",13,1
B0FWJYP1S9,B0FWJYP1S9,"Arcos Afilador de cuchillos multiángulo, Preciso y duradero",610400_fbm,153,3,0.02%,0.02%,231,7,0.02%,0.03%,87.38%,66.67%,13,0,8.50%,0.00%,"350,35 €","0,00 €",13,0
B0B3F4QXML,B000Q8UYRK,Arcos Cuchillo Jamonero Acero Inoxidable Forjado Nitrum 300 mm,256800_fbm,431,12,0.06%,0.07%,541,14,0.05%,0.06%,85.60%,90.91%,12,0,2.78%,0.00%,"347,88 €","0,00 €",12,0
B0F54LTCFF,B007TS6GFO,Arcos Universal Juego 5 Cuchillos Nitrum Bloque Pino POM Negro,285700_,"2,357",64,0.33%,0.40%,"2,795",74,0.28%,0.32%,46.28%,36.00%,12,0,0.51%,0.00%,"1.079,88 €","0,00 €",12,0
B0F1ZF7H1L,B00BHZPIVI,Arcos Cuchillo Chef Forjado Acero Inoxidable 200 mm,233624,524,12,0.07%,0.07%,720,15,0.07%,0.06%,88.03%,63.64%,12,0,2.29%,0.00%,"389,88 €","0,00 €",12,0
B00CRMZA8Q,B00CRMZA8Q,ARCOS Sacacorchos Eléctrico en ABS con Batería Interna Recargable. Abrebotellas Eléctrico Moderno y Elegante con Cortacápsulas y Luz Indicadora. Color Negro,604600_,"3,652",62,0.52%,0.38%,"4,861",95,0.49%,0.41%,7.70%,2.17%,13,1,0.36%,1.61%,"558,87 €","42,99 €",12,1
B00D3LCFRE,B00D3LCFRE,Arcos Tijeras Multiusos de Acero Inoxidable 210 mm - Costura y Tejidos - Mango ABS Gris - Serie Deluxe,521000_fbm,148,9,0.02%,0.06%,195,13,0.02%,0.06%,97.73%,100.00%,15,1,10.14%,11.11%,"344,25 €","22,79 €",12,1
B00WUZR7H2,B00WUZR7H2,Arcos Serie Cuchillos de Mesa - Cuchillo Mesa - Hoja Serrada de Acero Inoxidable de 125 mm - Cuchillo Monoblock Acero Inoxidable Color Plata,460400_1pieza,136,2,0.02%,0.01%,194,2,0.02%,0.01%,98.21%,0.00%,67,0,49.26%,0.00%,"300,83 €","0,00 €",12,0
B0C4DTYRJW,B071LGMMGV,Arcos Juego Cuchillos Cocina Profesionales| Cuchillos Cocina Profesional Set Cuchillos | Mango Negro (3 Piezas),862600_,"1,656",47,0.24%,0.29%,"2,240",66,0.22%,0.29%,99.80%,100.00%,13,4,0.79%,8.51%,"501,28 €","149,37 €",12,3
B085SNLR5G,B07DC83Z46,"HENDI Bandeja de Servicio, Redonda, Recubrimiento Antideslizante, Multiusos, para buffets, Bandeja de Cocina para Servir Comida rápida, Bebidas, Fast Food, ⌀410x(H) 20mm, Polipropileno, Negro",H878149,112,4,0.02%,0.02%,158,6,0.02%,0.03%,98.58%,100.00%,13,0,11.61%,0.00%,"139,19 €","0,00 €",12,0
B0FR444FLT,B07JJGXYZD,Arcos Set Cocina Serie Manhattan,858100_,"2,203",25,0.31%,0.16%,"2,931",33,0.29%,0.14%,98.33%,94.44%,12,0,0.54%,0.00%,"935,58 €","0,00 €",12,0
B0FR444FLT,B07N8VLCQS,"Arcos Juego de Cuchillos Profesionales (4 Piezas) - Acero Inoxidable Nitrum, Precisión y Durabilidad, Mango Ergonómico POM Negro, Incluye Tijeras y Bloque de Madera, Serie Manhattan",163300_,395,5,0.06%,0.03%,553,5,0.06%,0.02%,98.48%,100.00%,12,0,3.04%,0.00%,"1.110,48 €","0,00 €",12,0
B08VS4FCLN,B08BX3WTPP,"Arcos Juego Cuchillos Cocina cuchillo blanco cuchillos | cuchillos cocina Maitre | 4 piezas | Chef 215 mm, Cocina 150 mm, Verduras 100 mm Tijera cocina (Blanco)",152624,423,15,0.06%,0.09%,576,17,0.06%,0.07%,99.80%,100.00%,12,1,2.84%,6.67%,"419,88 €","34,99 €",12,1
B08T5Z4HFS,B08QYV8C1P,"CUPERINOX Cubiertos para marisco | Pinzas para marisco | Tenazas para marisco | 6 Unidades | Cubiertos marisco (Cangrejo, Langosta, Ostras) | Tenedor de marisco con dos dientes inferiores y cuchara.",20023_6Unidades,118,2,0.02%,0.01%,182,3,0.02%,0.01%,100.00%,100.00%,13,0,11.02%,0.00%,"134,75 €","0,00 €",12,0
B08VS4FCLN,B09HHGVG2N,"Arcos Juego Cuchillos Cocina cuchillos | Cuchillo profesional | 6 piezas | Chef 215 mm + Cocina 150 mm, Verduras 100 mm + Tijera cocina + Pelador de fruta y verdura + Pinza para pescado",854200fbm,411,10,0.06%,0.06%,578,14,0.06%,0.06%,100.00%,100.00%,12,0,2.92%,0.00%,"456,51 €","0,00 €",12,0
B0CRDY65RY,B09T6KZ2K8,"Arcos Cacerola Antiadherente 20 cm Aluminio Forjado, Mango Efecto Frío, Apta Inducción y Lavavajillas, Ahorro Energético, 2.6 L Capacidad, Serie Samoa",716910,582,13,0.08%,0.08%,789,18,0.08%,0.08%,55.85%,21.43%,12,1,2.06%,7.69%,"477,35 €","39,95 €",12,1
B0CRDY65RY,B09T9QCXL9,Arcos Cacerola Antiadherente Aluminio Forjado 28 cm,717110,"1,371",27,0.19%,0.17%,"1,977",38,0.20%,0.16%,54.93%,35.71%,12,0,0.88%,0.00%,"651,15 €","0,00 €",12,0
B0CVH8PC99,B0CQTKPL63,CUPERINOX Cuchillos Carne | Cuchillos Mesa | Cuchillos Chuleteros | 24 Piezas | Hoja Serrada | Mango Polipropileno | Acero Inoxidable | 11 cm,99923,368,21,0.05%,0.13%,487,25,0.05%,0.11%,100.00%,91.30%,14,0,3.80%,0.00%,"241,19 €","0,00 €",12,0
B0DKP7F29P,B0DJBYB7XQ,"Arcos Serie Samoa Iconic | Cazo Antiadherente Cerámico 16 cm y 1,5 L | Aluminio Forjado | Apta cualquier cocina | Mango Acero Inoxidable | Color Beige | LIBRE DE (PFOA/PTFE/PFOS)",717224,711,20,0.10%,0.12%,904,26,0.09%,0.11%,86.19%,100.00%,12,1,1.69%,5.00%,"405,00 €","33,75 €",12,1
B0DQV6381X,B0F2Q1K35T,CUPERINOX Soporte Jamonero Balancín | Jamonero Giratorio Profesional | Jamonero Madera | Jamonera Profesional | Tabla Cortar Jamon,20265_SC,"1,001",19,0.14%,0.12%,"1,427",27,0.14%,0.12%,98.13%,100.00%,12,0,1.20%,0.00%,"979,88 €","0,00 €",12,0
B0F9X4NXL3,B0F9KW1V3K,"Cuchillos Mesa, cuchillo carne, cuchillo mantequilla, Set 12 piezas, acero inoxidable, hoja con filo y sierra, cuchillo untar. Apto lavavajillas. Mango ergonomico",20043_12,684,11,0.10%,0.07%,863,18,0.09%,0.08%,99.62%,100.00%,14,0,2.05%,0.00%,"167,86 €","0,00 €",12,0
B0FHQJSLGJ,B0FHQJSLGJ,"VINFERMATON - Insecticida Antipolillas Perfumado | Pack 3 x 300 ml | Protección para Armarios, Ropa y Tejidos | Elimina Polillas y Larvas | Aroma Agradable | Uso en Ambientes y Textiles",V1308_PACK3,125,3,0.02%,0.02%,174,3,0.02%,0.01%,97.48%,100.00%,12,0,9.60%,0.00%,"156,10 €","0,00 €",12,0
B00I9XTKI8,B00I9XTKI8,ARCOS Taco Ovalado Protector de Cuchillos hasta 20 cm,794100_,"1,116",24,0.16%,0.15%,"1,594",35,0.16%,0.15%,13.24%,4.17%,11,0,0.99%,0.00%,"285,89 €","0,00 €",11,0
B00ID2NEMS,B00ID2NEMS,LIMPIASALPICADEROS PROFESIONAL 750 ML.,VP_SALPICADEROS_750ML,143,11,0.02%,0.07%,206,16,0.02%,0.07%,62.90%,61.54%,36,24,25.17%,218.18%,"285,27 €","179,52 €",11,4
B00U2QWLVS,B00U2QWLVS,Arcos Cuchillo Chuletero de Mesa Acero Inoxidable Nitrum 115 mm,740009_us,110,5,0.02%,0.03%,163,9,0.02%,0.04%,99.28%,100.00%,50,0,45.45%,0.00%,"108,42 €","0,00 €",11,0
B017DLH9RA,B017DLH9RA,ARCOS Cuchillo Abre Ostras Acero Inoxidable 60 mm,277200_pp,132,6,0.02%,0.04%,167,7,0.02%,0.03%,98.73%,100.00%,13,2,9.85%,33.33%,"103,87 €","15,98 €",11,1
B0189HXQKQ,B017DLLFES,"Arcos Navaja Profesional de Acero Inoxidable Nitrum, Hoja 85 mm, Mango de Polipropileno, Serie Navajas Profesionales, Alta Durabilidad y Rendimiento",485700_fbm,306,10,0.04%,0.06%,429,13,0.04%,0.06%,27.39%,100.00%,11,0,3.59%,0.00%,"79,75 €","0,00 €",11,0
B0937XXT33,B01CQT1B5U,"Arcos Cuchillos de Mesa Juego de Cuchillos Chuleteros Cuchillos de Mesa, Monoblock de una pieza de Acero Inoxidable 110 mm, Color Plata (12 uds)",702000_us,570,25,0.08%,0.16%,854,40,0.09%,0.17%,84.48%,94.74%,12,1,2.11%,4.00%,"575,88 €","47,99 €",11,1
B0FR444FLT,B07N8W7718,Arcos Cuchillo Chef Forjado Acero Inoxidable Tamaño. Mango Profesional Micarta y BorSeda Especial con Hoja Plateada 250 mm. Impresiona yorprencon Cada Corte. Serie Brooklyn. Color Azul.,190823_,390,5,0.06%,0.03%,542,6,0.05%,0.03%,94.54%,100.00%,11,0,2.82%,0.00%,"555,08 €","0,00 €",11,0
B08G8QHY23,B08G8QHY23,Arcos | cuchillos chuleteros cuchillo madera cuchillo chuletero | 6 Piezas | juego cuchillos carne | cuchillos mango madera | Envase Eco | Fabricado en España,809300,653,10,0.09%,0.06%,944,18,0.09%,0.08%,100.00%,100.00%,14,2,2.14%,20.00%,"335,38 €","47,50 €",11,1
B09KJLG7BT,B08KW4BFZ9,CUPERINOX Jamonero Profesional | Soporte jamonero Tipo Gondola| Base de Corte para Usar con Cuchillo jamonero | Jamon iberico | Fabricado en España,20200_premium,"4,919",80,0.70%,0.50%,"7,301",121,0.73%,0.52%,89.67%,91.89%,11,0,0.22%,0.00%,"171,39 €","0,00 €",11,0
B08M9QRSW8,B08M9QRSW8,Arcos | Juego Cuchillos cuchillos mesa | 6 Uds | cuchillo fruta | cuchillo postre | Hoja 110 mm | Acero Inoxidable Martensítico | Mango Nylon | apto lavavajillas | Envase Ecológico,703600_barras_arcos,78,1,0.01%,0.01%,134,1,0.01%,0.00%,100.00%,0.00%,12,1,15.38%,100.00%,"115,56 €","8,67 €",11,1
B09FQ5SZK8,B0968LSP2T,"Arcos Utensilios Barbacoa - Cuchillo 200 mm y Tenedor 215 mm, Acero Inoxidable NITRUM, Mango Madera Ovengkol FSC, Set 2 Piezas, Embalaje Reciclado, Serie Nordika",167000_fbm,268,17,0.04%,0.11%,398,44,0.04%,0.19%,92.35%,62.50%,12,2,4.48%,11.76%,"579,88 €","97,48 €",11,2
B09KJLG7BT,B098TFPYLY,CUPERINOX Jamonero profesional Gondola | tabla jamon | Cuchillo Jamonero Alveolos Acero Inox + Cubre Jamón Universal | Set cortar jamón (3 PZAS) | Sujeta jamones | tabla jamonero,20228_,860,18,0.12%,0.11%,"1,217",25,0.12%,0.11%,99.82%,100.00%,11,0,1.28%,0.00%,"384,89 €","0,00 €",11,0
B08VRP7CR7,B09XMVTWLT,Arcos Juego Cuchillos Carne | 6 Piezas | Cuchillos Carne Cuchillo chuleteros | Cubiertos Acero Inoxidable | Hoja 110 mm | Mango Redondo y Forma Ovalada | monobock | Caja Envase Ecológico (Filo Liso),830000_,243,6,0.03%,0.04%,389,17,0.04%,0.07%,100.00%,100.00%,16,1,6.58%,16.67%,"497,84 €","32,99 €",11,1
B0FH2NLMGN,B0FH2NLMGN,VINFERMATON Insecticida Hormigas y Cucarachas Residual | Antihormigas | Pack 2×400 ml | Efecto hasta 1 año | Interior y Exterior | Profesional Doméstico | 100% MADE IN SPAIN,V0012_PACK2,237,11,0.03%,0.07%,340,16,0.03%,0.07%,64.04%,37.50%,17,8,7.17%,72.73%,"254,83 €","119,92 €",11,4
B0F54LTCFF,B0044R87QE,Arcos Cuchillo Cocina Acero Inoxidable 200 mm,280604_,"6,553",145,0.93%,0.90%,"9,447",191,0.95%,0.83%,3.04%,0.75%,10,2,0.15%,1.38%,"205,23 €","40,98 €",10,2
B007TS6HNK,B007TS6HNK,ARCOS Corta Pizzas Acero Inoxidable 100 mm,614800_,246,16,0.03%,0.10%,362,20,0.04%,0.09%,16.46%,12.50%,12,3,4.88%,18.75%,"143,88 €","35,97 €",10,2
B00J3ZVN54,B00J3ZVN54,ARCOS Cucharas de Mesa Acero Inoxidable 200 mm,574600_,669,22,0.10%,0.14%,"1,100",30,0.11%,0.13%,9.69%,9.09%,20,0,2.99%,0.00%,"179,80 €","0,00 €",10,0
B06XB92VRH,B00YU2YTTM,CUPERINOX Cafetera Italiana Induccion Espresso Acero Inoxidable 4 Tazas,25032,520,17,0.07%,0.11%,745,27,0.07%,0.12%,82.57%,19.05%,10,0,1.92%,0.00%,"170,06 €","0,00 €",10,0
B077V7LJJM,B077V7LJJM,"Arcos Serie Riviera, Set Jamonero de 3 piezas, 1 Cuchillo Jamonero + 1 Deshuesador + 1 Chaira, Hoja de Acero Inoxidable Forjado Nitrum, Mango de Polioximetileno, POM, Color Negro",_806911_,459,4,0.07%,0.02%,639,12,0.06%,0.05%,95.30%,100.00%,11,0,2.40%,0.00%,"738,39 €","0,00 €",10,0
B0DK3CM34K,B07CBLHKLN,"HENDI Cartuchos de recarga de gas GLP para HENDI Cabezales de antorchas de cocina de llama continua 198247 y 198216, recambios para soplete, paquete de 4 unidades",H199039,219,14,0.03%,0.09%,283,17,0.03%,0.07%,98.04%,100.00%,11,2,5.02%,14.29%,"160,01 €","27,98 €",10,1
B0FR444FLT,B07D8WQ355,Arcos Serie Manhattan - Cuchillo Cocinero - Hoja de Acero Inoxidable Forjado Nitrum 210 mm - Mango de Polioximetileno (POM) Color Negro - Filo Seda,160600,657,8,0.09%,0.05%,942,13,0.09%,0.06%,92.55%,83.33%,10,0,1.52%,0.00%,"352,31 €","0,00 €",10,0
B0FR444FLT,B07D8XC7NL,"Arcos Cuchillo Chef Forjado Acero Inoxidable NITRUM - Profesional Cocina, Mango Ergonómico POM Negro, Hoja Silk Edge 250 mm, Serie Manhattan",160800_,217,4,0.03%,0.02%,296,4,0.03%,0.02%,88.37%,100.00%,10,0,4.61%,0.00%,"449,90 €","0,00 €",10,0
B07N8VQSVB,B07N8VQSVB,Arcos Serie Capri - Cubertería de 24 piezas en una Caja de Regalo (6 cuchillos + 12 cucharas + 6 tenedores) - Monoblock de una pieza en Acero Inoxidable Color Plata,587400_,674,30,0.10%,0.19%,"1,076",44,0.11%,0.19%,88.40%,88.89%,12,0,1.78%,0.00%,"913,13 €","0,00 €",10,0
B0F1ZF7H1L,B07YXBK4HD,Arcos Riviera Set 3 Cuchillos de Corte Acero Inoxidable Nitrum,806911_,"1,100",31,0.16%,0.19%,"1,277",33,0.13%,0.14%,96.59%,82.35%,10,0,0.91%,0.00%,"633,25 €","0,00 €",10,0
B0CQLNJVKL,B08TX21PGR,"Arcos Thera Sartén Antiadherente de 28 Cm para Inducción, Gas y Vitrocerámica. Sartén de Cocina Grande de Aluminio Fundido con Mango Ergonómico Extraíble y Apta para Lavavajillas. Color Negro y Azul",718500,212,6,0.03%,0.04%,259,8,0.03%,0.03%,80.09%,33.33%,10,0,4.72%,0.00%,"409,50 €","0,00 €",10,0
B093313MH6,B093313MH6,Arcos | Cuchillo de deshuesar| Cuchillo deshuesador | cuchillo deshuesador jamón | cuchillo deshuesador (140 mm) Clásica| Envase Eco | cuchillo puntilla jamonero,256210_fba,297,15,0.04%,0.09%,441,21,0.04%,0.09%,98.69%,100.00%,18,12,6.06%,80.00%,"347,82 €","227,88 €",10,4
B09N7S17J6,B09D3YRGL9,"CUPERINOX Navaja Plegable Multiusos – Hoja de Acero Inoxidable 80 mm (Filo Liso + Serrado), Punta Rompevidrios, Apertura Rápida, Clip de Cinturón, Herramienta para Camping, Caza, Pesca y Supervivencia",30061_solo_navaja,"1,379",32,0.20%,0.20%,"1,985",44,0.20%,0.19%,99.22%,100.00%,14,1,1.02%,3.13%,"140,17 €","8,26 €",10,1
B096SHJ82T,B0044R8868,Arcos Juego de 12 Cubiertos para Mesa. Set de 6 Cuchillos Chuleteros y 6 Tenedores en Madera de Haya y Acero Inoxidable. Estuche para Carne. Serie Mesa. Color Marrón,377700_fbm,"1,584",47,0.22%,0.29%,"2,193",59,0.22%,0.25%,12.70%,4.88%,10,0,0.63%,0.00%,"469,90 €","0,00 €",9,0
B00IUPKTFS,B00IUPKTFS,"HENDI Sartén eléctrica multiusos, paellera cazuela olla plancha, de fiestas, revestimiento antiadherente, termostato, con tapa, interior: ø55cm profundidad: 6cm, 230V, 1600W, ø620x(H)190mm, aluminio",H239605,511,11,0.07%,0.07%,768,14,0.08%,0.06%,92.07%,33.33%,9,0,1.76%,0.00%,"890,91 €","0,00 €",9,0
B06XB92VRH,B00YU2YTTM,CUPERINOX Cafetera Italiana Induccion Espresso Acero Inoxidable 4 Tazas,25032_,520,17,0.07%,0.11%,745,27,0.07%,0.12%,82.57%,19.05%,9,0,1.73%,0.00%,"143,91 €","0,00 €",9,0
B06XB92VRH,B00YU2ZS1A,CUPERINOX Cafetera Italiana Induccion Espresso Acero Inoxidable 6 Tazas,25033,231,4,0.03%,0.02%,295,6,0.03%,0.03%,95.74%,100.00%,10,0,4.33%,0.00%,"160,45 €","0,00 €",9,0
B0F1N351DY,B073V5RN1J,Arcos Cuchillo Mondador Acero Inoxidable NITRUM 100 mm - Ideal para Pelar Frutas y Verduras - Mango Ergonómico Polipropileno Negro - Serie Nova,816500_1pieza,"1,336",27,0.19%,0.17%,"1,501",32,0.15%,0.14%,98.17%,100.00%,15,0,1.12%,0.00%,"71,33 €","0,00 €",9,0
B078KJ1T6G,B078JPWR5J,"Arcos 807600 Juego de Cuchillos, Acero Inoxidable, Blanco, 45x20x5 cm, 3 Unidades",807600_,833,27,0.12%,0.17%,973,31,0.10%,0.13%,97.44%,93.75%,9,3,1.08%,11.11%,"614,91 €","194,97 €",9,3
B0792XNYCY,B0792XNYCY,VINFER Detergente alcalino clorado Wins 022. Botella de 5 litros. Limpieza e higiene para Todo Tipo de Superficies,WINS022,95,11,0.01%,0.07%,130,24,0.01%,0.10%,95.50%,100.00%,12,6,12.63%,54.55%,"141,82 €","69,88 €",9,4
B0B3F4QXML,B07HY6FKNQ,Arcos Serie Clasica - Juego de Cuchillos de 7 piezas en Caja de Regalo (5 Cuchillos + 1 Tijeras + 1 Chaira) - Hoja de Acero Inoxidable Forjado NITRUM - Mango de Polioximetileno (POM) - Color marrón,854400_2,429,7,0.06%,0.04%,634,9,0.06%,0.04%,80.82%,71.43%,9,0,2.10%,0.00%,"1.247,99 €","0,00 €",9,0
B0FR444FLT,B07N8VRS7L,Arcos Brooklyn Cuchillo Pelador Acero Inoxidable 100 mm,190123_,552,7,0.08%,0.04%,709,10,0.07%,0.04%,62.24%,75.00%,10,1,1.81%,14.29%,"258,44 €","28,49 €",9,1
B07NDTGSY3,B07NDTGSY3,Arcos Serie Brooklyn - Cuchillo Rocking Santoku Cuchillo Asiático - Hoja de Acero Inoxidable Forjado NITRUM 190 mm - Mango de Micarta Color Azul (Filo Seda),191623_fbm,335,7,0.05%,0.04%,480,8,0.05%,0.03%,93.09%,100.00%,10,1,2.99%,14.29%,"395,54 €","40,99 €",9,1
B08TLR4Z27,B08M3DQFHM,Arcos jamonero Profesional | Cuchillo jamonero jamonero Inoxidable Nitrum | Mango Negro | Cuchillo Jamon iberico | Serie Maitre| Hoja Flexible y Filo Liso | 275 mm | Acero Inoxidable NITRUM,151210_fbm,598,18,0.08%,0.11%,833,26,0.08%,0.11%,100.00%,100.00%,9,2,1.51%,11.11%,"133,95 €","30,20 €",9,2
B0CQLQ57BT,B08TWZGJ69,"Arcos Cazo Antiadherente 20 cm Aluminio Fundido para Todo Tipo de Cocinas, Mango Ergonómico, Ahorro Energético, Apto Lavavajillas, Negro/Azul, Serie Thera",719200,168,3,0.02%,0.02%,252,13,0.03%,0.06%,83.04%,0.00%,9,0,5.36%,0.00%,"279,83 €","0,00 €",9,0
B09MSDJQJ1,B09MM5CH6C,Arcos jamonero profesional alveolos | incluye pinza para jamón | cuchillo jamonero cuchillo jamonero alveolos cuchillos profesional| Acero Inoxidable Nitrum 240 mm,856200FBM,689,10,0.10%,0.06%,873,11,0.09%,0.05%,98.73%,100.00%,9,0,1.31%,0.00%,"255,79 €","0,00 €",9,0
B09MRYLZ4M,B09MRYLZ4M,Arcos Juego de Cuchillos de Cocina de 3 Piezas,167100_us,"1,179",38,0.17%,0.24%,"1,695",45,0.17%,0.19%,29.76%,10.34%,9,0,0.76%,0.00%,"609,75 €","0,00 €",9,0
B0CQLNJVKL,B0BRNMK276,"Arcos Sartenes Antiadherentes 20/24 cm - Aluminio Fundido, Asas Silicona, Ahorro Energético, Compatible con Inducción y Lavavajillas, Serie Thera, Negro/Azul",7198000,528,8,0.07%,0.05%,684,20,0.07%,0.09%,81.51%,100.00%,9,0,1.70%,0.00%,"494,55 €","0,00 €",9,0
B0D73CM824,B0D73CM824,"Arcos Cuchillo Mesa | Cuchillo Chuletero | Cuchillo Carne| Cuchillo de Mesa | Pack 12 Unidades| Hoja de Acero Inoxidable115 mm, Mango de Polipropileno Color Negro",740000,602,26,0.09%,0.16%,876,32,0.09%,0.14%,99.74%,100.00%,11,1,1.83%,3.85%,"309,90 €","30,99 €",9,1
B0DNNKT1W2,B0DNNJPGTY,"Cuperinox-Tetera de Cristal con Infusor para Té e Infusiones, Resistente al Calor y Compatible con Microondas ** - Infusion Prestige Collection (750 ml)",26112,574,16,0.08%,0.10%,790,27,0.08%,0.12%,100.00%,100.00%,9,1,1.57%,6.25%,"165,40 €","17,48 €",9,1
B0F54LTCFF,B006LMX2GK,Arcos Cuchillo Jamonero Acero Inoxidable Forjado Nitrum 280 mm,281904,"1,135",18,0.16%,0.11%,"1,421",23,0.14%,0.10%,10.72%,20.00%,8,0,0.70%,0.00%,"139,92 €","0,00 €",8,0
B0891RBKPX,B007TS6HCQ,ARCOS Pelador de Patatas y Verduras Profesional Acero Inoxidable 60 mm,612100,102,4,0.01%,0.02%,138,7,0.01%,0.03%,93.75%,100.00%,10,3,9.80%,75.00%,"84,90 €","25,47 €",8,2
B0752TTMS8,B00D3LFAEE,Arcos Chairas - Chaira Afilador Manual de Cuchillos - Cuerpo Ovalado de Acero al Carbono Recubierto de Diamante de 280 mm y 17 mm de diámetro - Mango Polipropileno Color Negro,279200,"1,593",35,0.23%,0.22%,"2,351",51,0.24%,0.22%,7.50%,2.78%,8,0,0.50%,0.00%,"319,92 €","0,00 €",8,0
B00MDK1DM4,B00MDK1DM4,Arcos Latina Cuchillo de Cocina Acero Inoxidable 130 mm,100600_1pieza,81,0,0.01%,0.00%,115,0,0.01%,0.00%,95.10%,0.00%,31,0,38.27%,0.00%,"185,69 €","0,00 €",8,0
B00MDK1EBE,B00MDK1EBE,"Arcos Cuchillo Utilitario Acero Inoxidable Nitrum 5""",100600_fbm,160,3,0.02%,0.02%,240,4,0.02%,0.02%,87.94%,100.00%,16,0,10.00%,0.00%,"95,84 €","0,00 €",8,0
B0G39WX9ZQ,B00MDK1EBE,"Arcos Cuchillo Utilitario Acero Inoxidable Nitrum 5""",100600_fbm,142,1,0.02%,0.01%,209,1,0.02%,0.00%,98.80%,100.00%,14,0,9.86%,0.00%,"76,02 €","0,00 €",8,0
B017DLL2KA,B017DLL2KA,"Arcos Regia Cuchillos Mesa Carne Nitrum POM Negro-Oro 4,5 pulg",375000_1Pieza,234,3,0.03%,0.02%,341,5,0.03%,0.02%,43.77%,50.00%,32,0,13.68%,0.00%,"367,48 €","0,00 €",8,0
B017DLM9SY,B017DLM9SY,Arcos Serie Toscana - Juego de Cucharas de Mesa (3 cucharas) - Monoblock de una pieza en Acero Inoxidable 18/10 y 180 mm - Color Plata,574400_,129,5,0.02%,0.03%,181,6,0.02%,0.03%,91.12%,100.00%,12,0,9.30%,0.00%,"95,88 €","0,00 €",8,0
B071VT3MC3,B071VT3MC3,"Arcos Tijeras Manicura Curva de Acero Forjado, Uso Profesional y Doméstico, 102 mm, Niqueladas en Plata, Serie Style",500600_,77,1,0.01%,0.01%,102,2,0.01%,0.01%,100.00%,100.00%,9,2,11.69%,200.00%,"94,11 €","19,38 €",8,1
B09JPSTVBC,B07B8MQZTW,Arcos Serie Riviera Rose - Cuchillo Mondador - Hoja de Acero Inoxidable Forjado NITRUM 100 mm - Mango de Polioximetileno (POM) Color Rosa,230254_,96,2,0.01%,0.01%,143,2,0.01%,0.01%,98.32%,100.00%,8,1,8.33%,50.00%,"189,42 €","21,49 €",8,1
B0FR444FLT,B07DC9LM3W,"Arcos Cuchillo Panadero Profesional - Hoja Silk Edge 200 mm en Acero Inoxidable Nitrum, Corte Preciso y Duradero, Ideal para Pan y Pasteles, Diseño Elegante y Seguro, Serie Manhattan",161300_,232,5,0.03%,0.03%,295,6,0.03%,0.03%,97.41%,100.00%,8,0,3.45%,0.00%,"247,22 €","0,00 €",8,0
B07F9GQZCB,B07F9GQZCB,Arcos Cuchillo para Verduras de 4 Pulgadas con Hoja de 105mm en Acero Inoxidable y Mango de Madera. Cuchillo para Vegetales Apto para Lavavajillas. Serie Latina. Color Marrón,100500_fba,571,9,0.08%,0.06%,858,15,0.09%,0.06%,99.86%,100.00%,8,0,1.40%,0.00%,"295,92 €","0,00 €",8,0
B08TLR4Z27,B08M3YG4R1,Arcos jamonero Profesional | Cuchillo jamonero jamonero Inoxidable Nitrum | Mango Negro | Cuchillo Jamon iberico | Serie Maitre| Hoja Flexible y Filo Liso | 275 mm | Acero Inoxidable NITRUM,704200,299,7,0.04%,0.04%,404,10,0.04%,0.04%,100.00%,100.00%,8,0,2.68%,0.00%,"171,81 €","0,00 €",8,0
B08Y8NS7PN,B08MT61GJV,Arcos Juego Cuchillos Cocina | 2 pzas |Profesional (150 mm) | Cuchillo Cortador Verduras (100 mm)| Acero Inoxidable Nitrum | Mango Negro | Envase Eco,819900,308,8,0.04%,0.05%,389,12,0.04%,0.05%,99.45%,100.00%,8,0,2.60%,0.00%,"134,42 €","0,00 €",8,0
B08VRP7CR7,B08MTXC14T,Arcos Juego Cuchillos Carne | 6 Piezas | Cuchillos Carne Cuchillo chuleteros | Cubiertos Acero Inoxidable | Hoja 110 mm | Mango Redondo y Forma Ovalada | monobock | Caja Envase Ecológico (6 unidades),809900,222,2,0.03%,0.01%,322,2,0.03%,0.01%,100.00%,0.00%,9,0,4.05%,0.00%,"247,41 €","0,00 €",8,0
B0CQ5G2HVQ,B09T6L1FNG,"Arcos Sarten Antiadherente 20 cm - Aluminio Forjado, Full Induction, Mango Acero Inoxidable Efecto Frío, Apta Lavavajillas, Ahorro Energético, Serie Samoa, Negro",716110,445,20,0.06%,0.12%,641,40,0.06%,0.17%,22.52%,18.18%,8,1,1.80%,5.00%,"239,52 €","29,94 €",8,1
B0CRDY65RY,B09T9QCL8D,"Arcos Cazuela Antiadherente de 24 cm y 4,3 L | Aluminio Forjado | Adecuada para cualquier cocina | Mangos de Acero Inoxidable con Efecto Frío | Color Negro | Inducción completa. Serie Ollas Samoa",717010,517,13,0.07%,0.08%,709,17,0.07%,0.07%,74.92%,88.89%,8,0,1.55%,0.00%,"391,60 €","0,00 €",8,0
B09T9TSXHB,B09T9TSXHB,"Arcos Grill Antiadherente 28x28 cm - Aluminio Forjado, Full Induction, Mango Acero Inoxidable Efecto Frío, Ahorro Energético, Apta Lavavajillas, Serie Samoa",717410,351,6,0.05%,0.04%,483,10,0.05%,0.04%,46.17%,42.86%,8,0,2.28%,0.00%,"365,14 €","0,00 €",8,0
B0CVH8PC99,B0CQTJ6T66,"CUPERINOX® Cuchillos de Mesa Acero Inoxidable – Set Profesional 12 Piezas con Hoja Serrada de 11 cm y Mango Ergonómico Antideslizante – Para Carne, Verduras y Pescado",99922,453,42,0.06%,0.26%,605,57,0.06%,0.25%,99.45%,96.30%,8,3,1.77%,7.14%,"91,84 €","33,89 €",8,3
B0DNNKT1W2,B0DNNFJ5J7,"Cuperinox-Tetera de Cristal con Infusor para Té e Infusiones, Resistente al Calor y Compatible con Microondas ** - Infusion Prestige Collection (350 ml)",26110,"1,455",48,0.21%,0.30%,"2,020",80,0.20%,0.35%,99.89%,100.00%,18,14,1.24%,29.17%,"242,20 €","182,24 €",8,5
B0DVT6KPDV,B0DT75PQN7,"CUPERINOX Kit Cocina Montessori | Cuchillos Niños Aprendizaje +2 Años | Set Completo de Cuchillos Infantiles de 17 Piezas | Incluye Tijeras, Moldes, Batidor, Tabla y Cuchillo Seguro",27017_,355,2,0.05%,0.01%,421,2,0.04%,0.01%,100.00%,100.00%,10,0,2.82%,0.00%,"167,30 €","0,00 €",8,0
B0F9X4NXL3,B0F9KXQKLG,"CUPERINOX Cuchillos Mesa, cuchillo carne, cuchillo mantequilla, Set 24 piezas, acero inoxidable, hoja con filo y sierra, cuchillo untar. Apto lavavajillas. Mango ergonomico",20043-24,174,5,0.02%,0.03%,231,5,0.02%,0.02%,99.01%,100.00%,10,0,5.75%,0.00%,"199,90 €","0,00 €",8,0
B0FDKY2RXG,B0FDKY2RXG,VINCARE Pack Limpieza Infantil – Detergente Biberones + Multiusos + Quitamanchas – Limpieza Segura para el Entorno del Bebé- 100% MADE IN SPAIN,PACK VINCARE,107,0,0.02%,0.00%,132,0,0.01%,0.00%,98.40%,0.00%,8,0,7.48%,0.00%,"117,14 €","0,00 €",8,0
B0F1ZF7H1L,B005LR65BK,Arcos Cuchillo Negro 100 mm,230200_,"1,935",32,0.27%,0.20%,"2,628",41,0.26%,0.18%,8.02%,0.00%,7,0,0.36%,0.00%,"139,93 €","0,00 €",7,0
B007TS6I5C,B007TS6I5C,ARCOS Sacacorchos Manual Cuerpo ABS Serie Toscana,604100,665,24,0.09%,0.15%,996,32,0.10%,0.14%,17.01%,14.29%,7,0,1.05%,0.00%,"342,93 €","0,00 €",7,0
B0B3F4QXML,B008U6TDTK,Arcos Serie Clasica - Juego de Cuchillos de 5 piezas en Caja de Regalo (5 Cuchillos) - Hoja de Acero Inoxidable Forjado NITRUM - Mando de Polioximetileno (POM) - Bloque de madera color marrón acabado lacado,257000,"1,099",24,0.16%,0.15%,"1,502",40,0.15%,0.17%,88.83%,69.23%,7,0,0.64%,0.00%,"874,93 €","0,00 €",7,0
B06XB92VRH,B00YU2ZWGG,CUPERINOX Cafetera Italiana Induccion Espresso Acero Inoxidable 10 Tazas,25034_fbm,736,6,0.10%,0.04%,"1,038",9,0.10%,0.04%,99.78%,100.00%,7,0,0.95%,0.00%,"139,93 €","0,00 €",7,0
B0FR444FLT,B07D8WQ355,Arcos Serie Manhattan - Cuchillo Cocinero - Hoja de Acero Inoxidable Forjado Nitrum 210 mm - Mango de Polioximetileno (POM) Color Negro - Filo Seda,160600_,657,8,0.09%,0.05%,942,13,0.09%,0.06%,92.55%,83.33%,7,1,1.07%,12.50%,"261,43 €","36,49 €",7,1
B09381N96H,B07G75XCXM,"Arcos Serie Cuchillos de Mesa Caja 12 uds Cuchillo Mesa, Hoja Serrada de Acero Inoxidable NITRUM de 125 mm, Mango Polipropileno Color crema (12 UDS)",370200_fbm,434,12,0.06%,0.07%,659,22,0.07%,0.10%,91.53%,100.00%,8,2,1.84%,16.67%,"159,92 €","39,98 €",7,1
B0FR444FLT,B07N8V3SNH,"Arcos Cuchillo Tomate Forjado Acero Inoxidable 130 mm - Mango Ergonómico POM Negro, Borde Serrado para Rebanadas Perfectas - Serie Manhattan, Calidad Profesional",162000_,260,3,0.04%,0.02%,302,4,0.03%,0.02%,94.26%,100.00%,7,0,2.69%,0.00%,"169,75 €","0,00 €",7,0
B06XB92VRH,B07T6J5JWM,CUPERINOX Cafetera Italiana Induccion Espresso Acero Inoxidable 12 Tazas,25035_2,"1,221",13,0.17%,0.08%,"1,859",16,0.19%,0.07%,99.14%,100.00%,7,0,0.57%,0.00%,"196,00 €","0,00 €",7,0
B08Y8NS7PN,B08MT61GJV,Arcos Juego Cuchillos Cocina | 2 pzas |Profesional (150 mm) | Cuchillo Cortador Verduras (100 mm)| Acero Inoxidable Nitrum | Mango Negro | Envase Eco,819900fbm,308,8,0.04%,0.05%,389,12,0.04%,0.05%,99.45%,100.00%,8,1,2.60%,12.50%,"143,92 €","17,99 €",7,1
B09FQ5SZK8,B08MTZZQV5,Arcos Cuchillo para Pan Acero Inoxidable Nitrum 200 mm,166400_fbm,383,13,0.05%,0.08%,517,15,0.05%,0.06%,37.10%,57.14%,7,1,1.83%,7.69%,"201,48 €","28,99 €",7,1
B0CQM2K3QY,B08TWZLD4R,"Arcos Thera Olla Grande de Cocina de 32 Cm y 9,3 L. Cacerola Alta para Inducción, Gas y Vitro. Olla de Aluminio Fundido con Tapa de Cristal y Mango Extraíble. Apta Lavavajillas. Color Negro Azul",718900,311,11,0.04%,0.07%,427,18,0.04%,0.08%,68.87%,50.00%,7,0,2.25%,0.00%,"535,43 €","0,00 €",7,0
B0CQLNJVKL,B08TWZX8LY,Arcos Thera Sartén Antiadherente Aluminio Fundido 18 cm,718100,592,17,0.08%,0.11%,807,21,0.08%,0.09%,15.65%,14.29%,7,1,1.18%,5.88%,"161,65 €","22,95 €",7,1
B098BLF7X6,B098BLF7X6,"Tradineur - Grasera metálica para pescado con filtro, aceitera con colador para conservación de aceite de acero inoxidable, recipiente para colar aceites - Ø 9 cm",22106_us,221,4,0.03%,0.02%,277,7,0.03%,0.03%,98.80%,100.00%,7,0,3.17%,0.00%,"51,29 €","0,00 €",7,0
B0FWM351K4,B09P8M12S3,"CUPERINOX® Couture Series - Tijera Costura Profesional 12,5 cm | Acero Inoxidable de Alta Precisión | Corte Fino y Duradero | Uso Doméstico y Profesional",21961,59,1,0.01%,0.01%,99,1,0.01%,0.00%,62.35%,100.00%,7,0,11.86%,0.00%,"52,63 €","0,00 €",7,0
B09T6HFG2F,B09T6HFG2F,Arcos Wok Antiadherente Aluminio Forjado 28 cm,717510,311,4,0.04%,0.02%,478,5,0.05%,0.02%,39.66%,75.00%,7,0,2.25%,0.00%,"296,45 €","0,00 €",7,0
B0CQ5G2HVQ,B09T6KZ499,"Arcos Sarten Antiadherente 32 cm - Aluminio Forjado, Full Induction, Mango Acero Inoxidable Efecto Frío, Apta Lavavajillas, Ahorro Energético, Serie Samoa",716710,248,8,0.04%,0.05%,323,9,0.03%,0.04%,88.44%,75.00%,7,0,2.82%,0.00%,"349,65 €","0,00 €",7,0
B0FWK4CNH3,B0B42QTHTP,CUPERINOX | Tijeras de pescado 18 cm | Tijeras Cocina | tijeras de cocinero profesional para aves pescado carne caza| Accesorios de cocina,21991_,53,3,0.01%,0.02%,74,4,0.01%,0.02%,97.10%,100.00%,7,0,13.21%,0.00%,"42,25 €","0,00 €",7,0
B0BJPYW95J,B0BJPYW95J,Arcos Accesorios - Sacacorchos Manual Abrebotellas Manual - Mango de Aleación de Zinc - Color Negro mate (Incluye cortacápsulas),607500,127,14,0.02%,0.09%,181,19,0.02%,0.08%,91.46%,94.44%,9,2,7.09%,14.29%,"338,91 €","73,98 €",7,2
B0CVH8PC99,B0CQTKPL63,CUPERINOX Cuchillos Carne | Cuchillos Mesa | Cuchillos Chuleteros | 24 Piezas | Hoja Serrada | Mango Polipropileno | Acero Inoxidable | 11 cm,99901_24pzs,368,21,0.05%,0.13%,487,25,0.05%,0.11%,100.00%,91.30%,9,4,2.45%,19.05%,"175,91 €","75,96 €",7,4
B0F9X4NXL3,B0F9GJRSSJ,"CUPERINOX Cuchillos Mesa, cuchillo carne, cuchillo mantequilla, Set 6 piezas, acero inoxidable, hoja con filo y sierra, cuchillo untar. Apto lavavajillas. Mango ergonomico",20043-6,333,10,0.05%,0.06%,428,11,0.04%,0.05%,99.48%,100.00%,7,0,2.10%,0.00%,"69,93 €","0,00 €",7,0
B0044R87XM,B0044R87XM,"Arcos Cuchillo cocina laerie Kyoto - Hoja Acero Inoxidable forjado Nitrum 6"" - Mango negro polioximetileno (POM) - Elegante y duradero (7'')",178900_,238,6,0.03%,0.04%,311,6,0.03%,0.03%,99.64%,100.00%,6,0,2.52%,0.00%,"264,94 €","0,00 €",6,0
B0F1ZF7H1L,B005LR67V8,Arcos Cuchillo para Pan Acero Inoxidable Nitrum 200 mm,231300_,692,24,0.10%,0.15%,948,36,0.10%,0.16%,9.70%,4.76%,6,0,0.87%,0.00%,"179,94 €","0,00 €",6,0
B017HKR8WS,B005LR7EP6,ARCOS Afilador de Cuchillos Profesional ABS,610000_,"5,610",164,0.80%,1.02%,"8,183",253,0.82%,1.09%,12.58%,8.02%,6,1,0.11%,0.61%,"401,94 €","66,99 €",6,1
B08L8QY8T9,B007TS6GPE,"Arcos Juego de Cuchillos de Cocina cuatro piezas. 3 Cuchillos chef y 1 tijeras Acero Inoxidable y mango ergonómico polioximetileno para cortar carne, pescado y verduras. Serie Maitre. Color negro.",152600_fbm,"4,654",86,0.66%,0.53%,"6,591",119,0.66%,0.51%,5.83%,4.00%,6,1,0.13%,1.16%,"227,40 €","37,90 €",6,1
B017DLDQXQ,B017DLDQXQ,"Arcos Serie Latina, Cuchillo jamonero, Hoja de 250 mm, Mango Madera",101300_fbm,148,6,0.02%,0.04%,192,9,0.02%,0.04%,92.90%,100.00%,6,0,4.05%,0.00%,"56,94 €","0,00 €",6,0
B071LGMGHG,B071LGMGHG,Arcos Tijeras de Manicura Rectas de Acero Forjado 102 mm - Uso Profesional y Doméstico - Niqueladas Plata - Serie Style,501100,55,1,0.01%,0.01%,65,1,0.01%,0.00%,80.95%,100.00%,6,0,10.91%,0.00%,"60,11 €","0,00 €",6,0
B0FR444FLT,B07C7YV74X,Arcos Manhattan Cuchillo Trinchar Acero Jamón y Carne 250 mm,161900_,259,5,0.04%,0.03%,322,5,0.03%,0.02%,97.04%,100.00%,7,0,2.70%,0.00%,"217,93 €","0,00 €",6,0
B086X1XQXD,B07DC8C7Y6,"HENDI Expositor con cubierta deslizante roll-top, Doble",H871713,163,19,0.02%,0.12%,245,31,0.02%,0.13%,78.70%,56.25%,6,3,3.68%,15.79%,"443,65 €","212,10 €",6,3
B0FR444FLT,B07DFK4T6L,"Arcos Cuchillo Deshuesador Profesional - Hoja Silk Edge Acero Inoxidable Nitrum 160 mm, Precisión y Durabilidad, Mango Ergonómico POM Negro, Serie Manhattan",162600_,201,2,0.03%,0.01%,254,2,0.03%,0.01%,98.17%,0.00%,6,0,2.99%,0.00%,"160,44 €","0,00 €",6,0
B093DSL44T,B07F9RV81Z,Arcos Cuchillo Chuletero de 4 Pulgadas con Hoja de 105mm en Acero Inoxidable y Mango de Madera. Cuchillo para Carne Apto para Lavavajillas. Serie Latina. Color Marrón,100400,765,13,0.11%,0.08%,"1,088",24,0.11%,0.10%,85.71%,100.00%,6,0,0.78%,0.00%,"215,94 €","0,00 €",6,0
B07G79KCFK,B07G79KCFK,"Arcos Cuchillos de Mesa Caja de 12 uds Cuchillo Chuletero Cuchillo de Mesa, Hoja de Acero Inoxidable NITRUM 105 mm, Mango de Nylon, Color Marrón (12 uds)",803800_,223,11,0.03%,0.07%,333,23,0.03%,0.10%,81.25%,93.33%,6,1,2.69%,9.09%,"230,94 €","36,99 €",6,1
B0FR444FLT,B07N8Q63Z6,Arcos Brooklyn Cuchillo para Tomates Forjado Acero Inoxidable Nitrum 130 mm,192023_,213,5,0.03%,0.03%,252,10,0.03%,0.04%,69.30%,100.00%,6,0,2.82%,0.00%,"183,94 €","0,00 €",6,0
B0FR444FLT,B07N8V34F1,"Arcos Cuchillo Santoku Acero Inoxidable Forjado con Balanceo, Mango Micarta y BorSeda Especial y Hoja Plateada 190 mm. Impresiona yorprencon Cada Corte. Serie Brooklyn. Color Azul.",191623_,410,4,0.06%,0.02%,543,5,0.05%,0.02%,94.65%,66.67%,6,0,1.46%,0.00%,"261,64 €","0,00 €",6,0
B0FR444FLT,B07N8W79GH,Arcos Manhattan Cuchillo Tallado Acero Inoxidable Nitrum 300 mm,162300_,266,9,0.04%,0.06%,330,18,0.03%,0.08%,94.70%,100.00%,6,0,2.26%,0.00%,"211,74 €","0,00 €",6,0
B0F4X5PQYD,B07PRXR5XR,"HENDI Cesta de lavavajillas Profesional para Vasos, Formato Cuadrado, Estructura Abierta para circulación de Agua, 405x405x(H) 150mm, Polipropileno",H871331,115,13,0.02%,0.08%,197,20,0.02%,0.09%,43.79%,62.50%,8,1,6.96%,7.69%,"146,64 €","18,33 €",6,1
B0812P3LZT,B0812P3LZT,"Arcos Nova - Set 3 Cuchillos Mantequilla - Acero Inoxidable 70 mm - Mango en color menta, naranja y limon",859900,378,10,0.05%,0.06%,497,14,0.05%,0.06%,99.77%,100.00%,7,0,1.85%,0.00%,"76,93 €","0,00 €",6,0
B08VRP7CR7,B08G8M6QDS,Arcos Juego de Cuchillos chuleteros - Envase Ecologico 100% - 4 Cuchillos Carne - Cubiertos Mesa Acero Inoxidable,809500_,120,2,0.02%,0.01%,181,2,0.02%,0.01%,100.00%,100.00%,7,0,5.83%,0.00%,"131,21 €","0,00 €",6,0
B09MSDJQJ1,B08M3B43J6,"Arcos | Juego Cuchillo Jamonero 3 Pzas | jamonero Acero Inoxidable (240 mm), afilador Chaira y Cubre jamón | Juego Cuchillos jamonero Profesional | Paleta ibérica | Eco",704300_fbm,"1,855",39,0.26%,0.24%,"2,548",49,0.26%,0.21%,99.87%,100.00%,6,0,0.32%,0.00%,"179,34 €","0,00 €",6,0
B09FQ5SZK8,B08MTTN436,Arcos Nordika Cuchillo Mondador Nitrum Madera Ovengkol FSC 100 mm,165000_fbm,567,16,0.08%,0.10%,764,19,0.08%,0.08%,16.24%,0.00%,6,0,1.06%,0.00%,"131,94 €","0,00 €",6,0
B0CQLQ57BT,B08TWYJ47S,"Arcos Cazo Antiadherente 18 cm - Aluminio Fundido, Apto para Todas las Cocinas, Mango Ergonómico, Ahorro Energético, Lavavajillas, Negro/Azul - Serie Thera",719100,116,4,0.02%,0.02%,153,4,0.02%,0.02%,70.59%,100.00%,7,0,6.03%,0.00%,"185,43 €","0,00 €",6,0
B08Y8NS7PN,B08XZ8X815,"Arcos serie Maitre - juego de Cuchillos, 2 Pza, Cuchillo Cocina Profesional 150mm + Cuchillo universal 100mm, Acero Inoxidable, Rosa, Eco",814600_fmb,156,4,0.02%,0.02%,198,5,0.02%,0.02%,99.42%,100.00%,6,1,3.85%,25.00%,"105,94 €","16,99 €",6,1
B09KJLG7BT,B098XWCFXT,CUPERINOX Jamonero Profesional | soporte de jamon | 5 Piezas | tabla jamonera | soporte jamonero | Kit Jamonero (tabla + cuchillo + afilador + pinza + cubre jamon,20229FBM,667,12,0.09%,0.07%,751,16,0.08%,0.07%,99.72%,100.00%,6,1,0.90%,8.33%,"287,24 €","46,45 €",6,1
B08VS4FCLN,B09HBWSBN1,"Arcos Juego Cuchillos Cocina cuchillo blanco cuchillos | cuchillos cocina Maitre | 5 piezas | Chef 215 mm, Cocina 150 mm, Verduras 100 mm Tijera cocina (Negro + Jamonero)",854100 fbm,430,17,0.06%,0.11%,567,24,0.06%,0.10%,100.00%,100.00%,6,1,1.40%,5.88%,"281,94 €","46,99 €",6,1
B0FJLTDB9J,B09RP6V156,"CUPERINOX® Alicates para pedicura, Profesional, Cortaúñas de Pies, Acero Inoxidable, Mango Ergonómico Antideslizante, Fácil Limpieza, Con Funda, 2 Años de Garantía",21920AM,879,15,0.12%,0.09%,"1,265",17,0.13%,0.07%,51.01%,100.00%,6,0,0.68%,0.00%,"65,94 €","0,00 €",6,0
B0CYTKGNPM,B0CW68KM18,Pelador de Cocina ARCOS - Hoja de Acero Inoxidable | Mango Ergonómico | Herramienta Versátil para Pelar Frutas y Verduras,607300_,"1,621",45,0.23%,0.28%,"1,876",51,0.19%,0.22%,95.38%,100.00%,6,1,0.37%,2.22%,"50,94 €","8,49 €",6,1
B0D73CM824,B0D73CM824,"Arcos Cuchillo Mesa | Cuchillo Chuletero | Cuchillo Carne| Cuchillo de Mesa | Pack 12 Unidades| Hoja de Acero Inoxidable115 mm, Mango de Polipropileno Color Negro",740000_fbm,602,26,0.09%,0.16%,876,32,0.09%,0.14%,99.74%,100.00%,6,0,1.00%,0.00%,"185,94 €","0,00 €",6,0
B0DPKXM18X,B0DNQX2BZN,"CUPERINOX Soporte Jamonero Plegable | Jamonero Giratorio | Jamonero de Bambú con Cuchillo Profesional, Afilador y Funda para Jamón | Elite Collection",20270,"2,358",98,0.33%,0.61%,"2,867",116,0.29%,0.50%,99.77%,100.00%,6,1,0.25%,1.02%,"299,94 €","49,99 €",6,1
B017HKG9PK,B0044R87VO,Arcos Maitre - Cuchillo Jamonero Flexible - Acero Inoxidable NITRUM 275 mm - Mango Polipropileno negro,151200,"1,264",31,0.18%,0.19%,"1,412",33,0.14%,0.14%,83.09%,100.00%,5,0,0.40%,0.00%,"72,63 €","0,00 €",5,0
B017HKG9PK,B0044R87ZA,Arcos Cuchillo Mondador de Acero Inoxidable. Cuchillo Cocina Profesional para Pelar Frutas y Verduras. Mango Ergonómico Polioximetileno y Hoja 150mm. Serie Maitre. Color Negro.,150700_,"2,456",49,0.35%,0.30%,"3,310",71,0.33%,0.31%,3.38%,0.00%,5,0,0.20%,0.00%,"54,95 €","0,00 €",5,0
B007TS6GP4,B007TS6GP4,Arcos Juego de 6 Cuchillos de Mesa Chuleteros Acero Inoxidable 110 mm,815600--,343,5,0.05%,0.03%,519,10,0.05%,0.04%,27.79%,33.33%,5,0,1.46%,0.00%,"129,95 €","0,00 €",5,0
B0752V8D5V,B00I9XTGJ6,ARCOS Taco Redondo Protector de Cuchillos Caucho Termoplástico 225 mm,794000,230,1,0.03%,0.01%,338,1,0.03%,0.00%,28.47%,100.00%,5,0,2.17%,0.00%,"124,95 €","0,00 €",5,0
B017HKGEFK,B00J64L30C,Arcos Natura Cuchillo Santoku Forjado Acero Inoxidable 180 mm,155810_,186,2,0.03%,0.01%,270,2,0.03%,0.01%,98.41%,100.00%,5,0,2.69%,0.00%,"172,95 €","0,00 €",5,0
B09F9M72Z9,B017DLNFNC,Arcos Cuchillos de Mesa - Cuchillo Chuletero Cuchillo de Mesa - Hoja de Acero Inoxidable NITRUM 110 mm - Mango de Polipropileno - Color Negro,805109_1pieza,"2,842",43,0.40%,0.27%,"4,350",57,0.44%,0.25%,4.75%,3.70%,8,0,0.28%,0.00%,"31,92 €","0,00 €",5,0
B073JC3QG7,B073JC3QG7,"VINFER- Abrillantador Mopas Spray 750 ml | Limpieza, Protege y Abrillanta Parquet, Terrazo, Mármol, Linóleum y Gres | Formato Profesional",VP_ABRILLANTADOR,85,2,0.01%,0.01%,126,2,0.01%,0.01%,90.18%,100.00%,10,0,11.76%,0.00%,"99,90 €","0,00 €",5,0
B0F1N351DY,B073V3CYRF,Arcos Cuchillo Mondador de 4 Pulgadas con Hoja de 100mm en Acero Inoxidable y Mango de Polipropileno. Cuchillos de Cocina para Pelar Apto para Lavavajillas. Serie Nova. Color Turquesa,188632_,465,12,0.07%,0.07%,575,13,0.06%,0.06%,92.87%,83.33%,16,0,3.44%,0.00%,"95,84 €","0,00 €",5,0
B0788NF7BS,B0788NF7BS,WINS – Lavavajillas Manual 003 | Garrafa 5 L | Detergente Concentrado para Lavado Manual de Vajilla y Utensilios de Cocina | Uso Profesional y Doméstico | 100% Made in Spain,WINS003,54,6,0.01%,0.04%,66,9,0.01%,0.04%,70.49%,85.71%,9,8,16.67%,133.33%,"126,11 €","111,16 €",5,4
B0FR444FLT,B07D8GYFC7,"Arcos Cuchillo Chef Forjado Acero Inoxidable NITRUM - Profesional Cocina, Mango Ergonómico POM Negro, Hoja Silk Edge 150 mm, Serie Manhattan",160400_,229,2,0.03%,0.01%,272,2,0.03%,0.01%,98.61%,100.00%,6,0,2.62%,0.00%,"188,42 €","0,00 €",5,0
B07DFK4T6L,B07DFK4T6L,"Arcos Cuchillo Deshuesador Profesional - Hoja Silk Edge Acero Inoxidable Nitrum 160 mm, Precisión y Durabilidad, Mango Ergonómico POM Negro, Serie Manhattan",162600_,60,1,0.01%,0.01%,118,1,0.01%,0.00%,97.96%,100.00%,5,0,8.33%,0.00%,"132,45 €","0,00 €",5,0
B0F54LTCFF,B07JJGTQK4,Arcos Conjunto Cuchillos 3 piezas - Acero Inoxidable Nitrum y Hoja mm. Cuchillo cocina profesional cocinar. 590 gr. Mango ergonómico polioximetileno POM. Serie Universal. Mayor control. Color negro.,807410_,410,7,0.06%,0.04%,565,7,0.06%,0.03%,81.19%,66.67%,5,0,1.22%,0.00%,"212,45 €","0,00 €",5,0
B0FR444FLT,B07N8V5DY8,Arcos Cuchillo trinchar forjado | Cuchillo jamonero Acero Inoxidable. Cuchillo cocina profesional cocinar. Mango micarta y borseda especial y Hoja plateada 300 mm. Serie Brooklyn. Color azul.,192323_,415,9,0.06%,0.06%,550,14,0.06%,0.06%,72.30%,100.00%,5,0,1.20%,0.00%,"214,40 €","0,00 €",5,0
B0FR444FLT,B07N8VHP6Y,Arcos Cuchillo deshuesador con Hoja Acero Inoxidable Nitrum 160 mm. Cuchillo profesional para cortar huesos carne. Mango ergonómico polipropileno. Serie Brooklyn. Color azul.,192623_,216,4,0.03%,0.02%,276,6,0.03%,0.03%,76.37%,100.00%,5,0,2.31%,0.00%,"189,95 €","0,00 €",5,0
B0FR444FLT,B0843DNN57,Arcos Set Cuchillos Forjados 4 piezas (3 Cuchillos + 1 tijeras) - Acero Inoxidable Forjado NITRUM - Mango Micarta - Bloques Madera Color Azul. Serie Brooklyn. Impresiona yorprencon Cada Corte.,194000_,496,9,0.07%,0.06%,612,12,0.06%,0.05%,91.98%,100.00%,5,0,1.01%,0.00%,"527,48 €","0,00 €",5,0
B08T5Z4HFS,B08QYQYZHS,"CUPERINOX Cubiertos para marisco | Pinzas para marisco | Tenazas para marisco | 12 Unidades | Cubiertos marisco (Cangrejo, Langosta, Ostras) | Tenedor de marisco con dos dientes inferiores y cuchara.",20023_12pzs,210,4,0.03%,0.02%,341,7,0.03%,0.03%,100.00%,100.00%,5,1,2.38%,25.00%,"94,95 €","18,99 €",5,1
B0CQLNJVKL,B08TWZR9Y6,"Arcos Thera Sartén Antiadherente de 20 Cm para Inducción, Gas y Vitrocerámica. Sartén de Cocina Pequeña de Aluminio Fundido con Mango Ergonómico Extraíble y Apta para Lavavajillas. Color Negro y Azul",718200,276,6,0.04%,0.04%,371,9,0.04%,0.04%,30.63%,0.00%,5,0,1.81%,0.00%,"134,95 €","0,00 €",5,0
B0CQLNJVKL,B08TWZWRLW,"Arcos Thera Sartén Antiadherente de 24 Cm para Inducción, Gas y Vitrocerámica. Sartén de Cocina Mediana de Aluminio Fundido con Mango Ergonómico Extraíble y Apta para Lavavajillas. Color Negro y Azul",718300,275,4,0.04%,0.02%,388,4,0.04%,0.02%,26.19%,0.00%,5,1,1.82%,25.00%,"164,75 €","32,95 €",5,1
B0CQM2K3QY,B08TX19NTQ,"Arcos Thera Olla Grande de Cocina de 28 Cm y 6,6 L. Cacerola Alta para Inducción, Gas y Vitro. Olla de Aluminio Fundido con Tapa de Cristal y Mango Extraíble. Apta Lavavajillas. Color Negro Azul",718800,354,20,0.05%,0.12%,483,34,0.05%,0.15%,57.57%,52.00%,5,1,1.41%,5.00%,"299,50 €","49,58 €",5,1
B0DK3CM34K,B08VW7LTT6,"HENDI Cabezal de antorcha de cocina de llama continua con cartucho de recarga de gas GLP 199039, soplete flambeador, quemador de gas GLP, profesional, versátil-seguro 360°, negro con acentos en verde",H198254,257,15,0.04%,0.09%,327,18,0.03%,0.08%,100.00%,100.00%,5,0,1.95%,0.00%,"162,14 €","0,00 €",5,0
B08ZNM265D,B08ZNM265D,Arcos | cuchillos de mesa cuchillo mesa tradicional | 6 Piezas cuchillo chuletero | mango nailon | Envase Eco | Fabricado en España,704400,342,6,0.05%,0.04%,506,11,0.05%,0.05%,99.55%,100.00%,5,0,1.46%,0.00%,"134,95 €","0,00 €",5,0
B095YY8KQ9,B095YY8KQ9,VINFERMATÓN - Insecticida Moscas y Mosquitos Efecto Inmediato Perfume Limón 600ml,MATONZAUL,29,1,0.00%,0.01%,36,1,0.00%,0.00%,100.00%,0.00%,5,0,17.24%,0.00%,"49,90 €","0,00 €",5,0
B08J488ZQG,B0987N2CBR,Arcos Juego Cuchillos Carne | 6 Piezas | Cuchillos carne cuchillo chuleteros | cubiertos acero inoxidable | Hoja 110 mm | mango monobloque | aptos lavavajillas | Caja Envase Ecológico,814000FBM,"1,581",44,0.22%,0.27%,"1,933",50,0.19%,0.22%,99.77%,100.00%,5,2,0.32%,4.55%,"139,95 €","55,98 €",5,2
B09KJLG7BT,B098K898SC,CUPERINOX Soporte Jamonero | Jamonero Profesional | Cuchillo Jamonero madera + Funda Jamon | Tabla Jamonera,20226FBM,879,12,0.12%,0.07%,"1,119",15,0.11%,0.06%,99.90%,100.00%,5,0,0.57%,0.00%,"124,95 €","0,00 €",5,0
B09MSDJQJ1,B09MM5CH6C,Arcos jamonero profesional alveolos | incluye pinza para jamón | cuchillo jamonero cuchillo jamonero alveolos cuchillos profesional| Acero Inoxidable Nitrum 240 mm,856200,689,10,0.10%,0.06%,873,11,0.09%,0.05%,98.73%,100.00%,5,0,0.73%,0.00%,"149,95 €","0,00 €",5,0
B0CQ5G2HVQ,B09T9PKHHR,"Arcos Sarten Antiadherente 18 cm - Aluminio Forjado, Mango Acero Inoxidable Efecto Frío, Apta para Inducción y Lavavajillas, Sistema Ahorro Energético, Serie Samoa Basic",716010,214,10,0.03%,0.06%,287,15,0.03%,0.06%,77.13%,84.62%,5,0,2.34%,0.00%,"131,25 €","0,00 €",5,0
B0C49YDKL4,B0C49YDKL4,Arcos Serie Nordika - Cuchillo Usuba - Acero Inoxidable NITRUM - Hoja de 175 mm - Mango de Madera Ovengkol 100% natural de bosques certificados FSC® - Embalaje 100% reciclado,168000,109,1,0.02%,0.01%,147,1,0.01%,0.00%,85.07%,0.00%,5,0,4.59%,0.00%,"224,95 €","0,00 €",5,0
B0DKP68T32,B0DJBYWJB7,Arcos Serie Eclipse - Cuchillo de Chef - Hoja de Acero Inoxidable Forjado con Filo Seda Plus de 200 mm - Pulido Brillo Especial - Mango Acrílico - Color Negro,213500_,306,5,0.04%,0.03%,407,8,0.04%,0.03%,85.22%,75.00%,5,0,1.63%,0.00%,"358,85 €","0,00 €",5,0
B0DPKXM18X,B0DNQX2BZN,"CUPERINOX Soporte Jamonero Plegable | Jamonero Giratorio | Jamonero de Bambú con Cuchillo Profesional, Afilador y Funda para Jamón | Elite Collection",20270_,"2,358",98,0.33%,0.61%,"2,867",116,0.29%,0.50%,99.77%,100.00%,6,0,0.25%,0.00%,"299,94 €","0,00 €",5,0
B0G3ZJ89NB,B0FZCJ46CM,CUPERINOX - Set Cuchillo Jamonero+ Deshuesador Profesional Forjado 2 Piezas | Cuchillo Jamonero Alveolado 25 cm y Deshuesador 15 cm |Corte Fino y Equilibrado | Aptos para lavavajillas,19303,171,2,0.02%,0.01%,263,5,0.03%,0.02%,100.00%,100.00%,5,0,2.92%,0.00%,"121,70 €","0,00 €",5,0
B0752XP113,B0044R887W,Arcos Juego Cuchillos carne 4 piezas. Paquete Cuchillos bolsillo con borperla para cortar y filetear carne. Hoja y mango Acero Inoxidable monobloque. Serie Mesa.,378400_2,"1,288",35,0.18%,0.22%,"2,045",55,0.21%,0.24%,7.04%,11.76%,5,0,0.39%,0.00%,"104,95 €","0,00 €",4,0
B0F1ZF7H1L,B005LR6J3Y,Arcos Riviera Juego 6 Cuchillos Forjados Acero Inoxidable Nitrum,234200_,810,18,0.12%,0.11%,952,21,0.10%,0.09%,64.51%,55.56%,4,0,0.49%,0.00%,"673,31 €","0,00 €",4,0
B0F1ZF7H1L,B005LR6JFW,Arcos Conjunto Cuchillos 5 piezas Acero Inoxidable y Hoja mm. 3750 gr. Cuchillo cocina profesional cortar una variedad alimentos con mango ergonómico polioximetileno POM. Serie Riviera. Color negro.,234300_,678,12,0.10%,0.07%,814,15,0.08%,0.06%,76.65%,60.00%,4,0,0.59%,0.00%,"512,60 €","0,00 €",4,0
B06XWF2YLW,B005LR71GI,Arcos Cuchillo Cocinero 200 mm,135800,"1,988",49,0.28%,0.30%,"2,766",54,0.28%,0.23%,2.37%,3.45%,4,0,0.20%,0.00%,"41,00 €","0,00 €",4,0
B0752X4WV1,B005LR73R0,Arcos Juego Chuleteros Mango Madera 110 mm,809300__,"5,517",137,0.78%,0.85%,"8,426",205,0.85%,0.89%,16.64%,11.11%,4,0,0.07%,0.00%,"95,96 €","0,00 €",4,0
B0F54LTCFF,B006LMX2EW,Arcos Universal Cuchillo Jamonero Acero Hoja Hueca Negro 280 mm,281901_,"2,064",46,0.29%,0.29%,"2,993",62,0.30%,0.27%,7.00%,15.00%,4,0,0.19%,0.00%,"94,34 €","0,00 €",4,0
B017HKKKIC,B007TS68BG,Arcos Universal Cuchillo Carnicero Nitrum POM Negro 160 mm,288200_fbm,267,9,0.04%,0.06%,453,10,0.05%,0.04%,28.15%,14.29%,4,0,1.50%,0.00%,"107,00 €","0,00 €",4,0
B008U6TRGO,B008U6TRGO,"Arcos Cuchillos mesa - Cuchillo carne Acero Inoxidable Nitrum, Hoja, mango marrón madera -erie Mesa, duradero y apto para lavavajillas (7'')",809300_1Pieza,277,5,0.04%,0.03%,409,12,0.04%,0.05%,34.76%,11.11%,22,0,7.94%,0.00%,"103,98 €","0,00 €",4,0
B0CQ92BWQ8,B009QXKGKG,"HENDI Bolsa de Transporte y Reparto de Pizzas, Bolsa Portapizzas con Aislamiento, Impermeable, Bolsa para la Entrega de Pedidos de Pizza y Comidas, Interior 45x45x(H) 18cm, Roja, 47x47x(H) 21cm",H709818,96,3,0.01%,0.02%,132,3,0.01%,0.01%,54.62%,0.00%,6,0,6.25%,0.00%,"186,90 €","0,00 €",4,0
B0F54LTCFF,B00BHZPO3K,Arcos Cuchillo para Queso Acero Inoxidable NITRUM 145 mm,281604_fbm,"1,521",40,0.22%,0.25%,"2,196",50,0.22%,0.22%,0.45%,0.00%,4,0,0.26%,0.00%,"83,00 €","0,00 €",4,0
B017HKSTCQ,B00CFN1M6Q,ARCOS Tijeras de Cocina Multiusos 200 mm,809700_,"3,807",106,0.54%,0.66%,"5,514",152,0.55%,0.66%,0.36%,6.60%,9,8,0.24%,7.55%,"107,91 €","93,92 €",4,3
B00D3LDXPM,B00D3LDXPM,ARCOS Abrelatas Manual Aleación de Zinc Plata-Negro 160 mm,603600,219,13,0.03%,0.08%,290,18,0.03%,0.08%,12.10%,26.67%,4,1,1.83%,7.69%,"69,46 €","16,99 €",4,1
B0F1ZF7H1L,B00J64GI70,Arcos Riviera Blanc Cuchillo Fileteador Forjado Acero Inoxidable 200 mm,233024_,391,16,0.06%,0.10%,464,19,0.05%,0.08%,43.01%,55.56%,4,0,1.02%,0.00%,"103,96 €","0,00 €",4,0
B0F54LTCFF,B00J64GMWQ,Arcos Universal Cuchillo Chef Granton Acero Inoxidable Nitrum 200 mm,280601_us,814,18,0.12%,0.11%,"1,014",21,0.10%,0.09%,11.15%,30.00%,5,2,0.61%,11.11%,"107,75 €","41,78 €",4,1
B00NM2X21W,B00NM2X21W,Arcos Accesorios - Prensa Ajos Prensador de Ajos - Tamaño 160 mm - Hecho de Aleación de Zinc - Color Plata,603500_,232,5,0.03%,0.03%,340,9,0.03%,0.04%,31.62%,0.00%,4,0,1.72%,0.00%,"63,96 €","0,00 €",4,0
B017HKR8WS,B00OFR535Q,"Arcos Afiladores - Afilador Eléctrico de Cuchillos Afilador de Cuchillos Eléctricos, Hecho de Plástico, Color Negro (Rodillos de Banda Intercambiables)",610500_fbm,"1,067",38,0.15%,0.24%,"1,195",43,0.12%,0.19%,98.08%,100.00%,4,0,0.37%,0.00%,"991,96 €","0,00 €",4,0
B0F1ZF7H1L,B017DLG38Q,Arcos Cuchillo Cocina Acero Inoxidable Negro 140 mm,233200_,719,24,0.10%,0.15%,964,28,0.10%,0.12%,8.93%,0.00%,4,0,0.56%,0.00%,"111,96 €","0,00 €",4,0
B017DMTEIG,B017DMTEIG,Arcos Utensilios Profesionales - Sierra de Carnicero - Hoja de Acero Inoxidable 430 mm - Mango de Polipropileno Color Negro,791800,73,3,0.01%,0.02%,95,3,0.01%,0.01%,43.82%,33.33%,4,1,5.48%,33.33%,"251,60 €","62,90 €",4,1
B07882914Y,B07882914Y,Wins - Limpiador Suelos y Superficies Concentrado Amoniacal Pino 021 - Garrafa 5L,WINS021,50,1,0.01%,0.01%,73,1,0.01%,0.00%,93.94%,100.00%,5,0,10.00%,0.00%,"72,45 €","0,00 €",4,0
B079ZCF2G9,B079ZCF2G9,Arcos Nova Juego 6 Cuchillos Carne Serrados Nitrum Negro 110 mm,188900_fbm,180,3,0.03%,0.02%,241,3,0.02%,0.01%,23.76%,0.00%,4,0,2.22%,0.00%,"71,00 €","0,00 €",4,0
B08S87M447,B07BMGMVY4,Arcos Serie Riviera Rose - Cuchillo Cocinero - Hoja de Acero Inoxidable Forjado NITRUM 200 mm - Mango de Polioximetileno (POM) Color Rosa,233654_,95,0,0.01%,0.00%,143,0,0.01%,0.00%,98.41%,0.00%,5,0,5.26%,0.00%,"164,95 €","0,00 €",4,0
B07DC711NK,B07DC711NK,"HENDI Batidora de Mano, Carcasa de ABS, Brazo Batidor de Acero Inoxidable, Cuchillas cruzadas con Revestimiento de Titanio, 6 Velocidades, Pantalla LCD, 250W, 230V, Procesa de 1-8 Litros, ø71x(H)444mm",H222157,705,65,0.10%,0.40%,987,98,0.10%,0.42%,17.42%,5.56%,4,1,0.57%,1.54%,"428,57 €","107,15 €",4,1
B07F6C8L9T,B07F6C8L9T,ARCOS Sacacorchos Eléctrico ABS Batería Recargable Plata,604900_,957,21,0.14%,0.13%,"1,383",32,0.14%,0.14%,10.32%,4.55%,4,0,0.42%,0.00%,"175,96 €","0,00 €",4,0
B07G75VRY2,B07G75VRY2,"Arcos Serie Cuchillos de Mesa Caja 12 uds Cuchillo Chuletero, Hoja Serrada de Acero Inoxidable de 110 mm, Cuchillo Monoblock Acero Inoxidable Color plata (12 UDS)",375800_(809900x2),102,3,0.01%,0.02%,151,3,0.02%,0.01%,62.60%,100.00%,6,0,5.88%,0.00%,"347,94 €","0,00 €",4,0
B0FR444FLT,B07N8TV9CC,Arcos Brooklyn Cuchillo Rebanar Jamonero Forjado Micarta Azul 250 mm,191923_,183,3,0.03%,0.02%,249,3,0.03%,0.01%,56.31%,100.00%,4,0,2.19%,0.00%,"175,96 €","0,00 €",4,0
B07N8W33BT,B07N8W33BT,ARCOS Bloque Universal para Cuchillos Caucho Termoplástico 225 mm,794400_,334,2,0.05%,0.01%,507,3,0.05%,0.01%,24.46%,0.00%,4,0,1.20%,0.00%,"99,96 €","0,00 €",4,0
B07NDV5T2F,B07NDV5T2F,Arcos Serie Brooklyn - Cuchillo Cocinero - Hoja de Acero Inoxidable Forjado NITRUM 210 mm - Mango de Micarta Color Azul (Filo Seda),190623_fbm,99,1,0.01%,0.01%,145,1,0.01%,0.00%,90.91%,100.00%,5,0,5.05%,0.00%,"229,95 €","0,00 €",4,0
B0F54LTCFF,B07ZJ85R7C,Arcos Set de Corte 3 Piezas Acero Inoxidable Nitrum,859300,"1,778",53,0.25%,0.33%,"2,537",65,0.25%,0.28%,4.55%,9.68%,4,0,0.22%,0.00%,"151,96 €","0,00 €",4,0
B08TLR4Z27,B08M3YG4R1,Arcos jamonero Profesional | Cuchillo jamonero jamonero Inoxidable Nitrum | Mango Negro | Cuchillo Jamon iberico | Serie Maitre| Hoja Flexible y Filo Liso | 275 mm | Acero Inoxidable NITRUM,704200_fbm,299,7,0.04%,0.04%,404,10,0.04%,0.04%,100.00%,100.00%,4,0,1.34%,0.00%,"87,96 €","0,00 €",4,0
B08M5K93QF,B08M5K93QF,Arcos Juego Cuchillos Mesa | 6 Uds | Cuchillo Postre | Cuchillos Mesa | Cuchillo Carne | Hoja 105 mm | Acero Inoxidable Martensítico | Mango Polipropileno | Apto lavavajillas | Envase Ecológico,703500FBM,313,6,0.04%,0.04%,476,11,0.05%,0.05%,100.00%,100.00%,6,2,1.92%,33.33%,"73,54 €","21,58 €",4,1
B08M9QRSW8,B08M9QRSW8,Arcos | Juego Cuchillos cuchillos mesa | 6 Uds | cuchillo fruta | cuchillo postre | Hoja 110 mm | Acero Inoxidable Martensítico | Mango Nylon | apto lavavajillas | Envase Ecológico,703600fbm,78,1,0.01%,0.01%,134,1,0.01%,0.00%,100.00%,0.00%,25,23,32.05%,"2,300.00%","231,45 €","207,47 €",4,2
B09DPRCMTF,B08MW2GWPC,Arcos Juego Cuchillos Carne | Cuchillo chuleteros | Cuchillos Carne Cuchillos Mesa | 6 Uds | Hoja 110 mm | Acero Inoxidable | Mango Nylon | Apto lavavajillas | Envase Ecológico (Filo Serrado),816400fba,334,3,0.05%,0.02%,428,4,0.04%,0.02%,99.75%,100.00%,5,0,1.50%,0.00%,"93,95 €","0,00 €",4,0
B0CQLNJVKL,B08TWYZQ6H,"Arcos Thera Sartén Antiadherente de 16 Cm para Inducción, Gas y Vitrocerámica. Sartén de Cocina Pequeña de Aluminio Fundido con Mango Ergonómico Extraíble y Apta para Lavavajillas. Color Negro y Azul",718000,"1,149",33,0.16%,0.20%,"1,642",55,0.16%,0.24%,9.88%,18.52%,4,0,0.35%,0.00%,"86,20 €","0,00 €",4,0
B0CQLP3WHM,B08TX1S5W4,"Arcos Grill Antiadherente Aluminio Fundido 34x26 cm, Apto para Todas las Cocinas, Asas Silicona, Ahorro Energético, Lavavajillas, Negro/Azul, Serie Thera",719500,200,8,0.03%,0.05%,274,11,0.03%,0.05%,71.26%,40.00%,4,0,2.00%,0.00%,"199,97 €","0,00 €",4,0
B093313MH6,B093313MH6,Arcos | Cuchillo de deshuesar| Cuchillo deshuesador | cuchillo deshuesador jamón | cuchillo deshuesador (140 mm) Clásica| Envase Eco | cuchillo puntilla jamonero,256210,297,15,0.04%,0.09%,441,21,0.04%,0.09%,98.69%,100.00%,4,0,1.35%,0.00%,"75,76 €","0,00 €",4,0
B08TLR4Z27,B095C22QFS,Arcos jamonero Profesional | Cuchillo jamonero jamonero Inoxidable Nitrum | Mango Negro | Cuchillo Jamon iberico | Serie Maitre| Hoja Flexible y Filo Liso | 275 mm | Acero Inoxidable NITRUM,151811,246,10,0.03%,0.06%,360,13,0.04%,0.06%,100.00%,100.00%,4,0,1.63%,0.00%,"79,96 €","0,00 €",4,0
B095SDL23Y,B095SDL23Y,Arcos | cuchillos de mesa (6 ud) | cuchillos acero inoxidable con sierra cuchillo chuletero cuchillos chuleteros | Fabricado en España,813000_fbm,"1,308",23,0.19%,0.14%,"1,826",31,0.18%,0.13%,99.81%,100.00%,12,9,0.92%,39.13%,"166,91 €","117,44 €",4,2
B0F1N351DY,B097RDB5T3,Arcos Juego de 3 Cuchillos Mondadores Acero Inoxidable 100 mm,816500_3piezas,"3,448",73,0.49%,0.45%,"4,508",99,0.45%,0.43%,4.90%,1.92%,5,0,0.15%,0.00%,"62,45 €","0,00 €",4,0
B08VS4FCLN,B09HBWSBN1,"Arcos Juego Cuchillos Cocina cuchillo blanco cuchillos | cuchillos cocina Maitre | 5 piezas | Chef 215 mm, Cocina 150 mm, Verduras 100 mm Tijera cocina (Negro + Jamonero)",854100,430,17,0.06%,0.11%,567,24,0.06%,0.10%,100.00%,100.00%,4,1,0.93%,5.88%,"199,96 €","49,99 €",4,1
B0G3ZJ89NB,B09NRLLDC6,CUPERINOX Cuchillo Jamonero + Chaira + Funda Cubre Jamón | Jamonero 240mm acero inoxidable| Afilador Chaira | Funda cubre jamón,20220f,114,1,0.02%,0.01%,160,1,0.02%,0.00%,99.30%,0.00%,4,0,3.51%,0.00%,"39,96 €","0,00 €",4,0
B0CQ5G2HVQ,B09T9ZC38G,"Arcos Sarten Antiadherente 22 cm - Aluminio Forjado, Full Induction, Mango Acero Inoxidable Efecto Frío, Apta Lavavajillas, Ahorro Energético, Serie Samoa",716210,561,8,0.08%,0.05%,751,11,0.08%,0.05%,19.37%,28.57%,4,1,0.71%,12.50%,"120,64 €","30,55 €",4,1
B09WYWVGCS,B09WYWVGCS,Arcos Clara Juego 3 Cuchillos Forjados Acero Inoxidable Nitrum,212000_819010,170,4,0.02%,0.02%,223,5,0.02%,0.02%,95.10%,100.00%,4,0,2.35%,0.00%,"192,46 €","0,00 €",4,0
B0DNBTJMLJ,B09ZHZDJRJ,FAMILIA VINCARE (DETERGENTE BIBERONES),DETERGENTE BIBERONES 500ML,83,0,0.01%,0.00%,109,0,0.01%,0.00%,0.99%,0.00%,4,0,4.82%,0.00%,"31,69 €","0,00 €",4,0
B0DKP7F29P,B0DJBYWWVM,"Arcos Serie Samoa Iconic | Cacerola Antiadherente Cerámico 24 cm y 4,3 L | Aluminio Forjado | Apta cualquier cocina | Mango Acero Inoxidable | Color Negro | LIBRE DE (PFOA/PTFE/PFOS)",717022,224,2,0.03%,0.01%,304,3,0.03%,0.01%,99.63%,100.00%,5,0,2.23%,0.00%,"272,93 €","0,00 €",4,0
B0F9X4NXL3,B0F9GJRSSJ,"CUPERINOX Cuchillos Mesa, cuchillo carne, cuchillo mantequilla, Set 6 piezas, acero inoxidable, hoja con filo y sierra, cuchillo untar. Apto lavavajillas. Mango ergonomico",20043_6,333,10,0.05%,0.06%,428,11,0.04%,0.05%,99.48%,100.00%,13,5,3.90%,50.00%,"123,37 €","43,45 €",4,2
B0F9X4NXL3,B0F9KW1V3K,"Cuchillos Mesa, cuchillo carne, cuchillo mantequilla, Set 12 piezas, acero inoxidable, hoja con filo y sierra, cuchillo untar. Apto lavavajillas. Mango ergonomico",20043--12,684,11,0.10%,0.07%,863,18,0.09%,0.08%,99.62%,100.00%,4,0,0.58%,0.00%,"47,96 €","0,00 €",4,0
B0FGDJJ12N,B0FGDJJ12N,VINFERMATON – Insecticida Avispas y Nidos Exterior 600 ml | Válvula Largo Alcance hasta 4 m | Acción Profesional Inmediata | 100% MADE IN SPAIN,V0020,18,1,0.00%,0.01%,23,1,0.00%,0.00%,91.30%,100.00%,4,1,22.22%,100.00%,"47,96 €","11,99 €",4,1
B0G2MT6K5N,B0G2MT6K5N,"CUPERINOX Jamonero Inoxidable Giratorio | Jamonera base Inoxidable | Incluye Cuchillo Jamonero Alveolos 25 cm, Deshuesador 15 cm, Afilador y Funda para Jamón | Apto Jamones y Paletilla",20251,169,6,0.02%,0.04%,246,9,0.02%,0.04%,100.00%,100.00%,4,0,2.37%,0.00%,"276,32 €","0,00 €",4,0
B0G3ZJ89NB,B0G2MTVR24,Set Jamonero Profesional Premium - Soporte Jamonero de Bambú Giratorio + Cuchillo Jamonero 25 cm con Alvéolos + Cuchillo Deshuesador + Afilador 3 Ranuras | Maestros del Corte by Cuperinox,20271,57,0,0.01%,0.00%,87,0,0.01%,0.00%,100.00%,0.00%,4,0,7.02%,0.00%,"196,06 €","0,00 €",4,0
B017HKG9PK,B0044R87ZU,Arcos Cuchillo Cocina Acero Inoxidable Nitrum y Hoja 180 mm. Cuchillo Utilidad Profesional. Mango ergonómico polioximetileno Pom. Serie Maitre. Color Negro.,150800_fbm,"1,670",42,0.24%,0.26%,"2,176",49,0.22%,0.21%,9.14%,0.00%,3,0,0.18%,0.00%,"39,75 €","0,00 €",3,0
B0F1ZF7H1L,B005LR68DU,Arcos Cuchillo Jamonero con Alveolos 250 mm,231000,"2,354",59,0.33%,0.37%,"3,603",93,0.36%,0.40%,21.27%,14.04%,3,0,0.13%,0.00%,"104,97 €","0,00 €",3,0
B005LR78LQ,B005LR78LQ,ARCOS Forged Tijeras de Cocina Acero Inoxidable Forjado 225 mm,507100,61,5,0.01%,0.03%,71,7,0.01%,0.03%,83.58%,66.67%,3,0,4.92%,0.00%,"115,50 €","0,00 €",3,0
B007TS6GW2,B007TS6GW2,Arcos Chairas - Chaira Afilador manual de cuchillos - Cuerpo de Acero al Carbono recubierto de Diamante de 280 mm - Mango de Polipropileno color negro,279202_,195,4,0.03%,0.02%,271,5,0.03%,0.02%,72.18%,100.00%,3,1,1.54%,25.00%,"119,97 €","39,99 €",3,1
B0F1ZF7H1L,B00BHZPJFI,Arcos Riviera Blanc Cuchillo Chef Forjado Acero Inoxidable 150 mm,233424_,636,23,0.09%,0.14%,892,39,0.09%,0.17%,11.36%,4.35%,3,0,0.47%,0.00%,"80,97 €","0,00 €",3,0
B0F1ZF7H1L,B00BHZPKEI,Arcos Cuchillo Blanco 100 mm,230224_,478,4,0.07%,0.02%,624,10,0.06%,0.04%,9.34%,0.00%,3,0,0.63%,0.00%,"59,97 €","0,00 €",3,0
B00J4L7DZ6,B00J4L7DZ6,Arcos Serie Toscana - Juego de Tenedores de Mesa (3 tenedores) - Monoblock de una pieza en Acero Inoxidable 18/10 y 200 mm - Color Plata,574700_,"1,271",42,0.18%,0.26%,"1,923",71,0.19%,0.31%,1.83%,1.85%,4,2,0.31%,4.76%,"35,96 €","17,98 €",3,1
B0F1ZF7H1L,B00J64GEEC,Arcos Riviera Blanc Cuchillo Chef Forjado Acero Inoxidable 250 mm,233724_,322,7,0.05%,0.04%,462,8,0.05%,0.03%,35.48%,0.00%,3,0,0.93%,0.00%,"130,35 €","0,00 €",3,0
B0D1CYZT7H,B00JN2S0UI,HENDI Escurridor de patatas fritas de aluminio - Gris claro - diámetro400x(H)170 mm,H630006,116,8,0.02%,0.05%,171,11,0.02%,0.05%,82.89%,85.71%,3,1,2.59%,12.50%,"87,75 €","29,25 €",3,1
B00PKFXWJQ,B00PKFXWJQ,Arcos Serie Cuchillos de Mesa - Cuchillo Mesa - Hoja Serrada de Acero Inoxidable NITRUM de 125 mm - Mango Polipropileno Color crema,370200_1Pieza,94,1,0.01%,0.01%,138,1,0.01%,0.00%,99.15%,100.00%,23,0,24.47%,0.00%,"80,27 €","0,00 €",3,0
B00VRZ1YJI,B00VRZ1YJI,Arcos Tijeras Modista Acero Forjado 190 mm - Uso Doméstico y Profesional - Niqueladas Plata - Serie Style,504300,48,0,0.01%,0.00%,61,0,0.01%,0.00%,98.28%,0.00%,3,0,6.25%,0.00%,"41,97 €","0,00 €",3,0
B00VRZ3BMG,B00VRZ3BMG,Arcos Tijeras Costura Acero Forjado 140 mm - Uso Doméstico y Profesional - Niqueladas Plata - Serie Style,502300_,47,0,0.01%,0.00%,64,0,0.01%,0.00%,100.00%,0.00%,3,0,6.38%,0.00%,"32,97 €","0,00 €",3,0
B0B3F4QXML,B017DLGUJI,Arcos Cuchillo Jamonero Profesional - Hoja Forjada NITRUM 250 mm - Mango POM Resistente - Ideal para Cortes Precisos - Serie Clásica,256700_fbm,"1,580",33,0.22%,0.20%,"2,344",49,0.24%,0.21%,9.73%,38.10%,3,0,0.19%,0.00%,"86,97 €","0,00 €",3,0
B0189HXOXK,B017DLLFI4,Arcos Serie Navajas Profesionales - Navaja Profesional - Hoja Filo de Acero Inoxidable NITRUM de 85 mm - Navaja de Acero Inoxidable Color naranja,485329_fbm,145,4,0.02%,0.02%,188,4,0.02%,0.02%,2.42%,66.67%,3,0,2.07%,0.00%,"22,47 €","0,00 €",3,0
B0189HXOXK,B017DLLFIO,Arcos Navaja Acero Inoxidable 85 mm,485300_fmb,150,12,0.02%,0.07%,190,15,0.02%,0.06%,2.20%,21.43%,4,0,2.67%,0.00%,"29,96 €","0,00 €",3,0
B0189HXS8Q,B017DLLIUO,Arcos Navaja Profesional Acero Inoxidable 85 mm,485929,543,14,0.08%,0.09%,787,20,0.08%,0.09%,0.83%,33.33%,6,6,1.10%,42.86%,"45,30 €","45,30 €",3,3
B017DLM9V6,B017DLM9V6,"Arcos Tenedores de Postre Acero Inoxidable 18/10, Juego de 3 Piezas, Monoblock 180 mm, Serie Toscana, Ideal para Repostería y Sobremesa, Color Plata",574500_,94,1,0.01%,0.01%,126,2,0.01%,0.01%,62.93%,100.00%,6,0,6.38%,0.00%,"49,50 €","0,00 €",3,0
B01DY57HXU,B01DY57HXU,"HENDI Combustible líquido, lata, con mecha, 24 unidades, sin hollín y sin olor, tiempo de combustión 6 horas, dietilenglicol puro, para calentadores de alimentos, calientaplatos, chafing dish, 200 gr",H193938,13,2,0.00%,0.01%,17,3,0.00%,0.01%,100.00%,100.00%,4,1,30.77%,50.00%,"217,00 €","54,25 €",3,1
B0FWM351K4,B06Y66X8SW,CUPERINOX® Couture Series - Tijera Costura Profesional 10 cm | Acero Inoxidable de Alta Precisión | Corte Fino para Detalles y Acabados | Uso Doméstico y Profesional,21960_fba,52,0,0.01%,0.00%,100,0,0.01%,0.00%,100.00%,0.00%,4,0,7.69%,0.00%,"27,96 €","0,00 €",3,0
B07878SB8W,B07878SB8W,WINS – Fregasuelos Limpiador Amoniacal Pino 018 | Garrafa 5 L | Friegasuelos Perfumado para Suelos y Superficies Lavables | Uso General | 100% Made in Spain,WINS018,54,1,0.01%,0.01%,73,2,0.01%,0.01%,90.16%,100.00%,4,2,7.41%,200.00%,"50,70 €","24,80 €",3,1
B0788R5C2F,B0788R5C2F,Wins 019 Desincrustante Máquinas. Envase 5 L. Producto ácido para la eliminación de incrustaciones de cal y óxido en máquinas lavavajillas.,BM-7KH8-TWCU,99,2,0.01%,0.01%,134,2,0.01%,0.01%,96.58%,100.00%,3,0,3.03%,0.00%,"58,26 €","0,00 €",3,0
B078GYCH1G,B078GYCH1G,Tenedor de marisco - 6 unid,20023,34,0,0.00%,0.00%,46,0,0.00%,0.00%,100.00%,0.00%,5,0,14.71%,0.00%,"58,89 €","0,00 €",3,0
B0CTHQG9QZ,B07D9X4YC8,"HENDI Recipiente Gastronorm GN 1/3 con asas, Budget Line, resistencia térmica -40 °C a 250 °C, apto para horno y baño maría, 5,7L, 325x176x(H) 150mm, acero inoxidable",H817445,27,4,0.00%,0.02%,36,5,0.00%,0.02%,100.00%,100.00%,10,0,37.04%,0.00%,"189,90 €","0,00 €",3,0
B0CTHQG9QZ,B07DB3C9JY,"HENDI Recipiente Gastronorm GN 1/1 con asas, Budget Line, resistencia térmica -40 °C a 250 °C, apto para horno y baño maría, 28L, 530x325x(H) 200mm, acero inoxidable",H817155,44,8,0.01%,0.05%,67,13,0.01%,0.06%,20.00%,25.00%,9,8,20.45%,100.00%,"302,85 €","267,86 €",3,2
B0FR444FLT,B07DC8JHV4,Arcos Cuchillo verduras Acero Inoxidable. Cuchillo profesional para pelar frutas y verduras. Mango ergonómico polioximetileno y Hoja 130 mm. Serie Manhattan. Color negro.,161100_,163,1,0.02%,0.01%,190,4,0.02%,0.02%,66.20%,0.00%,3,0,1.84%,0.00%,"72,24 €","0,00 €",3,0
B0F54LTCFF,B07JJGTQK4,Arcos Conjunto Cuchillos 3 piezas - Acero Inoxidable Nitrum y Hoja mm. Cuchillo cocina profesional cocinar. 590 gr. Mango ergonómico polioximetileno POM. Serie Universal. Mayor control. Color negro.,807410_FBA,410,7,0.06%,0.04%,565,7,0.06%,0.03%,81.19%,66.67%,3,0,0.73%,0.00%,"121,51 €","0,00 €",3,0
B0DN1WHKRN,B07MTQ5695,HENDI Batidora de Mano para Uso Profesional con Velocidad Ajustable,H222140,382,42,0.05%,0.26%,577,62,0.06%,0.27%,28.93%,24.00%,3,3,0.79%,7.14%,"478,47 €","478,47 €",3,3
B0FR444FLT,B07N8TNDRV,Arcos Brooklyn Cuchillo Chef Forjado Acero Inoxidable 150 mm,190423_,276,5,0.04%,0.03%,367,6,0.04%,0.03%,24.38%,0.00%,3,0,1.09%,0.00%,"120,63 €","0,00 €",3,0
B0FR444FLT,B07N8VCFRY,Arcos Brooklyn Cuchillo Panero Acero Inoxidable Nitrum 200 mm,191323_,222,4,0.03%,0.02%,266,6,0.03%,0.03%,61.06%,100.00%,3,0,1.35%,0.00%,"110,97 €","0,00 €",3,0
B0FY5CB86K,B07N8WHPP7,"Arcos Lira de Queso Profesional - Corte Preciso para Quesos - Estructura y Mango de Acero Inoxidable, 210 mm - Herramienta de Cocina Esencial, Color Gris",795100,78,3,0.01%,0.02%,92,5,0.01%,0.02%,95.12%,100.00%,4,1,5.13%,33.33%,"91,80 €","22,95 €",3,1
B07T1LRC8M,B07S9RTS38,Arcos Kids Cuchillo de Cocina para Niños - Hoja Segura de Acero Inoxidable NITRUM 100 mm - Mango Ergonómico POM Verde - Seguridad Infantil y Durabilidad,792921_fbm,118,0,0.02%,0.00%,172,0,0.02%,0.00%,60.87%,0.00%,3,0,2.54%,0.00%,"53,97 €","0,00 €",3,0
B0FQNZM34T,B0843DFWRQ,"Arcos Cuchillo Chef Acero Inoxidable. Cuchillo cocina profesional cortar carne, pescado, aves, frutas y verduras. Mango ergonómico polioximetileno y Hoja 140 mm. Serie Opera. Color negro.",224900_fbm,149,1,0.02%,0.01%,173,2,0.02%,0.01%,60.13%,100.00%,3,0,2.01%,0.00%,"73,74 €","0,00 €",3,0
B0FQNZM34T,B0843SLMDX,Arcos Cuchillo Chef Acero Inoxidable. Cuchillo cocina profesional multipropósito para cortar y limpiar verduras. Mango ergonómico polioximetileno y Hoja 230 mm. Serie Opera. Color negro.,225200_fbm,157,3,0.02%,0.02%,184,5,0.02%,0.02%,69.28%,100.00%,3,0,1.91%,0.00%,"122,91 €","0,00 €",3,0
B08G8QCM5H,B08G8QCM5H,ARCOS cuchillo pelador | 6 PIEZAS | cuchillo de pelar | cuchillos pelar patatas | Hoja 100 mm | Negro | cuchillo arcos pelador Acero Inoxidable,816500_fbm,708,20,0.10%,0.12%,943,22,0.09%,0.10%,99.64%,100.00%,3,1,0.42%,5.00%,"56,97 €","18,99 €",3,1
B08WR6CHHN,B08JC8DSP6,Arcos Cuchillos Chuleteros cuchillos chuleteros acero inoxidable filo liso juego cuchillos chuleteros | 6 PZAS cuchillo chuletero | Hoja 110 mm |cuchillos carne Envase Eco,815800_,109,3,0.02%,0.02%,151,3,0.02%,0.01%,100.00%,100.00%,3,0,2.75%,0.00%,"119,97 €","0,00 €",3,0
B08Q7W1Q4K,B08Q7W1Q4K,"Tradineur - Pack de 2 Graseras de metal de Ø 9,3 x 11 cm - Incluye filtro, asa y tapa - Aceitera con colador para conservación de aceite de acero inoxidable - Capacidad de 550 ml",22105+22106,184,2,0.03%,0.01%,248,2,0.02%,0.01%,98.11%,100.00%,3,0,1.63%,0.00%,"32,97 €","0,00 €",3,0
B0CQLP3WHM,B08TWYW899,"Arcos Thera Sarten Grill Antiadherente de 24x24 Cm para Inducción, Gas y Vitrocerámica. Grill de Aluminio Fundido con Mango Ergonómico Extraíble y Apta para Lavavajillas. Color Negro y Azul",719300,154,5,0.02%,0.03%,209,8,0.02%,0.03%,54.84%,60.00%,3,0,1.95%,0.00%,"99,54 €","0,00 €",3,0
B0CQLP3WHM,B08TWZRRGR,"Arcos Thera Sarten Grill Antiadherente de 28x28 Cm para Inducción, Gas y Vitrocerámica. Grill de Aluminio Fundido con Mango Ergonómico Extraíble y Apta para Lavavajillas. Color Negro y Azul",719400,130,5,0.02%,0.03%,166,13,0.02%,0.06%,82.00%,100.00%,3,0,2.31%,0.00%,"145,00 €","0,00 €",3,0
B09F9MH34D,B09F9MH34D,"Arcos Serie Cuchillos de Mesa Chuleteros, Mango de Polipropileno, Hoja 110 mm, Apto para Lavavajillas, Negro, 6 Piezas",805109_6piezas,136,1,0.02%,0.01%,178,1,0.02%,0.00%,98.77%,100.00%,3,0,2.21%,0.00%,"38,97 €","0,00 €",3,0
B06XB92VRH,B09LZ2VHYP,CUPERINOX Deluxe Cafetera Italiana Induccion Espresso Inoxidable 10 Tazas,25053,198,2,0.03%,0.01%,246,2,0.02%,0.01%,100.00%,100.00%,4,0,2.02%,0.00%,"98,80 €","0,00 €",3,0
B0CRDWK8V7,B09T9QY59F,"Arcos Samoa Cazo Antiadherente Aluminio Forjado 20 cm 2,6 L",717310,356,9,0.05%,0.06%,492,15,0.05%,0.06%,20.60%,0.00%,3,0,0.84%,0.00%,"108,75 €","0,00 €",3,0
B09WYYY5MD,B09WYYY5MD,Arcos Nordika Cuchillo para Queso Acero Inoxidable Nitrum 125 mm,166100_us,52,4,0.01%,0.02%,107,4,0.01%,0.02%,92.47%,100.00%,3,1,5.77%,25.00%,"79,47 €","26,49 €",3,1
B08VRP7CR7,B09XMVTWLT,Arcos Juego Cuchillos Carne | 6 Piezas | Cuchillos Carne Cuchillo chuleteros | Cubiertos Acero Inoxidable | Hoja 110 mm | Mango Redondo y Forma Ovalada | monobock | Caja Envase Ecológico (Filo Liso),830000,243,6,0.03%,0.04%,389,17,0.04%,0.07%,100.00%,100.00%,3,0,1.23%,0.00%,"98,97 €","0,00 €",3,0
B0BS9ZL3YS,B0BS9ZL3YS,Xpartan Clean | 500 ml | Limpiador de Suelos Multisuperficie para Robots de Limpieza | Concentrado y Perfumado para todo tipo de Robots y Marcas,XPARTAN,72,1,0.01%,0.01%,99,1,0.01%,0.00%,96.70%,0.00%,3,0,4.17%,0.00%,"47,55 €","0,00 €",3,0
B0C5XR2TFF,B0C5XR2TFF,Arcos Serie Thera | Sarten Antiadherente 22 cm | Aluminio Fundido | Apta cualquier cocina | Mango Ergonómico Plástico y Silicona | Sistema ahorro energético | Apta lavavajillas | Color Negro y Azul,719800,36,0,0.01%,0.00%,48,0,0.00%,0.00%,92.86%,0.00%,3,0,8.33%,0.00%,"96,75 €","0,00 €",3,0
B0CN13SJ98,B0CN13SJ98,"HENDI Expositor con cubierta deslizante roll-top, Doble",H871768,599,57,0.09%,0.35%,905,92,0.09%,0.40%,34.86%,1.67%,3,0,0.50%,0.00%,"143,25 €","0,00 €",3,0
B0DKP7F29P,B0DJBZK9SX,"Arcos Serie Samoa Iconic | Cazo Antiadherente Cerámico 16 cm y 1,5 L | Aluminio Forjado | Apta cualquier cocina | Mango Acero Inoxidable | Color Negro | LIBRE DE (PFOA/PTFE/PFOS)",717222,251,7,0.04%,0.04%,287,7,0.03%,0.03%,89.89%,100.00%,3,0,1.20%,0.00%,"101,25 €","0,00 €",3,0
B0DKP7F29P,B0DJC1RQ9T,"Arcos Serie Samoa Iconic | Cacerola Antiadherente Cerámico 20 cm y 2,6 L | Aluminio Forjado | Apta cualquier cocina | Mango Acero Inoxidable | Color Negro | LIBRE DE (PFOA/PTFE/PFOS)",716922,331,6,0.05%,0.04%,422,7,0.04%,0.03%,74.80%,100.00%,3,0,0.91%,0.00%,"164,85 €","0,00 €",3,0
B0DVT6KPDV,B0DT6ZPGVQ, ,27008_,836,13,0.12%,0.08%,"1,220",15,0.12%,0.06%,99.64%,91.67%,3,3,0.36%,23.08%,"35,97 €","35,97 €",3,3
B0FDL3VP7W,B0FDL3VP7W,VINFERMATON – Insecticida Moscas y Mosquitos Perfume Limón Pack 3×300 ml | Spray Eliminador Insectos Voladores Interior y Exterior | Acción Inmediata Profesional | 100% MADE IN SPAIN,V000_PACK3,37,2,0.01%,0.01%,54,2,0.01%,0.01%,100.00%,100.00%,3,1,8.11%,50.00%,"35,97 €","11,99 €",3,1
B0FJRVHBWH,B0FHKVSJNR,"CUPERINOX Tijeras peluqueria profesional 16,5cm | Tijeras corte pelo afiladas precisas hombre mujer barbero estilista | Acero inoxidable duradero | Acabado titanio elegante | Ideal uso doméstico y sal",21862,28,0,0.00%,0.00%,47,0,0.00%,0.00%,100.00%,0.00%,3,1,10.71%,0.00%,"29,97 €","9,99 €",3,1
B0G2MTVR24,B0G2MTVR24,Set Jamonero Profesional Premium - Soporte Jamonero de Bambú Giratorio + Cuchillo Jamonero 25 cm con Alvéolos + Cuchillo Deshuesador + Afilador 3 Ranuras | Maestros del Corte by Cuperinox,20271,73,4,0.01%,0.02%,131,18,0.01%,0.08%,100.00%,100.00%,3,0,4.11%,0.00%,"146,07 €","0,00 €",3,0
B0F54LTCFF,B000NOAYN6,Arcos Universal Set 2 Piezas Jamonero + Afilador Acero Inoxidable Nitrum,285500,"1,257",39,0.18%,0.24%,"1,375",44,0.14%,0.19%,54.18%,55.17%,2,0,0.16%,0.00%,"47,58 €","0,00 €",2,0
B0F54LTCFF,B0015YKFPK,Arcos Universal Cuchillo Lenguado y Pescado Nitrum Negro 170 mm,284204,120,2,0.02%,0.01%,140,2,0.01%,0.01%,12.50%,0.00%,2,0,1.67%,0.00%,"28,50 €","0,00 €",2,0
B017HKG9PK,B0044R87LE,Arcos Cuchillo Panero Negro 210 mm,151400_fbm,"1,995",53,0.28%,0.33%,"2,568",67,0.26%,0.29%,0.17%,9.09%,4,4,0.20%,7.55%,"57,71 €","57,71 €",2,2
B0F54LTCFF,B0044R87UA,Arcos Cuchillo Jamonero con Alveolos Acero Inoxidable 240mm,281801_,"11,736",245,1.67%,1.52%,"17,526",363,1.76%,1.57%,0.08%,1.89%,2,2,0.02%,0.82%,"38,98 €","38,98 €",2,2
B017HKG9PK,B0044R87W8,"Arcos Cuchillo Santoku Acero Inoxidable Nitrum. Cuchillo Cocina japonés Pescado, Carne y Verduras. Mango ergonómico polioximetileno Pom y Hoja 170 mm. Multiusos. Serie Maitre. Color Negro.",151600_fba,"1,860",43,0.26%,0.27%,"2,526",50,0.25%,0.22%,1.06%,24.00%,2,2,0.11%,4.65%,"38,50 €","38,50 €",2,2
B0F54LTCFF,B0044R884U,Arcos Universal Cuchillo Santoku Acero POM Negro 170 mm,286004_us,810,22,0.12%,0.14%,"1,057",27,0.11%,0.12%,5.05%,11.11%,3,2,0.37%,9.09%,"71,25 €","47,50 €",2,1
B0F1ZF7H1L,B005LR6E0C,Arcos Cuchillo Cocinero Acero Inoxidable Negro 150 mm,233400_,"1,381",34,0.20%,0.21%,"1,839",40,0.18%,0.17%,6.76%,10.00%,2,0,0.14%,0.00%,"53,98 €","0,00 €",2,0
B0BSKCJNDM,B005LR72I0,Arcos Niza Cuchillo Jamonero Flexible Acero Inoxidable 230 mm,135600_fba,226,2,0.03%,0.01%,328,3,0.03%,0.01%,24.15%,100.00%,2,0,0.88%,0.00%,"21,98 €","0,00 €",2,0
B0CWLP4H3Z,B005LR76KY,ARCOS Tijeras de Cocina Acero Inoxidable 195 mm,784901_barras_arcos,"1,516",36,0.22%,0.22%,"2,133",42,0.21%,0.18%,0.10%,3.70%,5,4,0.33%,11.11%,"42,45 €","33,96 €",2,1
B0752NT3TH,B005LR77GC,ARCOS Tijeras de Cocina Profesional 235 mm,185701_barras_arcos,"1,810",60,0.26%,0.37%,"2,666",90,0.27%,0.39%,18.45%,17.46%,5,5,0.28%,8.33%,"48,75 €","48,75 €",2,2
B0F54LTCFF,B007TS67GW,Arcos Cuchillo Cocina Acero Inoxidable 150 mm,281304_,936,18,0.13%,0.11%,"1,247",24,0.13%,0.10%,9.82%,0.00%,2,0,0.21%,0.00%,"29,98 €","0,00 €",2,0
B0F54LTCFF,B007TS67P8,Arcos Cuchillo Chef Acero Inoxidable 175 mm,280504_,"1,636",25,0.23%,0.16%,"2,432",37,0.24%,0.16%,1.32%,4.35%,2,0,0.12%,0.00%,"34,98 €","0,00 €",2,0
B0B3F4QXML,B008U6T7Q4,Arcos Clásica Cuchillo Santoku Forjado Acero Inoxidable Nitrum 180 mm,256600_fmb,574,15,0.08%,0.09%,771,21,0.08%,0.09%,11.53%,21.43%,2,0,0.35%,0.00%,"63,98 €","0,00 €",2,0
B096ZVZNSY,B008U6TCSW,ARCOS Chaira Afilador Acero Nitrum Cromado Negro 250 mm,278200_,322,8,0.05%,0.05%,470,16,0.05%,0.07%,12.47%,37.50%,3,2,0.93%,25.00%,"47,83 €","31,34 €",2,1
B0F54LTCFF,B00BHZPITA,Arcos Universal Cuchillo Carnicero Acero Inoxidable Nitrum 200 mm,288400_fbm,421,8,0.06%,0.05%,450,8,0.05%,0.03%,61.48%,62.50%,2,0,0.48%,0.00%,"72,24 €","0,00 €",2,0
B00D3LBPIE,B00D3LBPIE,Arcos Mesa Cuchillo Chuletero Serrado Acero Monoblock Plata 110 mm,809500_1pieza,220,3,0.03%,0.02%,304,3,0.03%,0.01%,30.00%,0.00%,11,0,5.00%,0.00%,"53,35 €","0,00 €",2,0
B00D3LG0YI,B00D3LG0YI,Arcos Cuchillos de Mesa - Hoja Inoxidable NITRUM 110 mm - Cuchillo Chuletero para Carne - Mango de Nylon Duradero - Color Marrón - Ideal para Cocina y Comedor,804000_1pieza,92,4,0.01%,0.02%,116,5,0.01%,0.02%,89.32%,100.00%,5,0,5.43%,0.00%,"19,95 €","0,00 €",2,0
B00E5KWS1A,B00E5KWS1A,"Arcos Accesorios de Cocina - Juego de 5 Piezas (Pelador, Cascanueces, Sacacorchos, Prensa Ajos, Abrelatas) - Aleación de Zinc, Acabado Cromado, Caja Regalo - Plata",604500_,125,2,0.02%,0.01%,169,3,0.02%,0.01%,77.03%,0.00%,2,0,1.60%,0.00%,"136,47 €","0,00 €",2,0
B07TXLKG42,B00GZR3LR6,"HENDI Freidora eléctrica, T ajustable hasta 190°C, termostato de seguridad, zona fría, con tapa y cesta de freír, tanque de aceite extraíble, 6L, 230V, 3300W, 265x430x(H)290mm, acero inoxidable",H205815,126,4,0.02%,0.02%,163,4,0.02%,0.02%,58.04%,0.00%,2,0,1.59%,0.00%,"295,90 €","0,00 €",2,0
B0F1ZF7H1L,B00J64GI4S,Arcos Riviera Blanc Cuchillo Jamonero Forjado POM Blanco 300 mm,231124_,178,7,0.03%,0.04%,200,12,0.02%,0.05%,66.67%,100.00%,2,0,1.12%,0.00%,"73,98 €","0,00 €",2,0
B0D1CYZT7H,B00JN2S0U8,"HENDI Escurridor de frituras, con asa robusta y recipiente extraíble para los restos, patatas fritas, ø410x(H)170mm, totalmente de acero inoxidable",H630808,294,31,0.04%,0.19%,457,46,0.05%,0.20%,19.24%,6.25%,2,0,0.68%,0.00%,"93,90 €","0,00 €",2,0
B0752X4WZ6,B00TA4O5YO,ARCOS Pinzas para Emplatar Acero Inoxidable 300 mm,606200,"4,621",129,0.66%,0.80%,"6,110",170,0.61%,0.73%,1.07%,0.00%,2,0,0.04%,0.00%,"22,98 €","0,00 €",2,0
B0F1ZF7H1L,B00V3AODM2,Arcos Set Cuchillos Forjados 5 piezas - Acero Inoxidable y Hoja mm. 3500 gr. Mango ergonómico Polioximetileno POM. Serie Riviera Blanc. Hoja delgada con un Borde Suave característico. Color Blanco.,234524_,934,23,0.13%,0.14%,"1,003",25,0.10%,0.11%,81.80%,78.57%,2,0,0.21%,0.00%,"285,98 €","0,00 €",2,0
B0F54LTCFF,B00VRWR53K,"Arcos Serie Universal, Macheta Cuchillo Carnicero, Hoja de Acero Inoxidable Nitrum 180 mm, Mango de Polioximetileno, Pom Color Negro",288100_,261,8,0.04%,0.05%,310,8,0.03%,0.03%,99.65%,100.00%,2,0,0.77%,0.00%,"77,98 €","0,00 €",2,0
B0752NT3TH,B00VRWSQIS,Arcos Serie Prochef - Tijeras de Cocina - Hoja de Acero Inoxidable - 200 mm - Mango de Polipropileno Color Negro,185300,334,13,0.05%,0.08%,418,16,0.04%,0.07%,22.61%,0.00%,2,0,0.60%,0.00%,"42,90 €","0,00 €",2,0
B01418E5ZC,B01418E5ZC,"HENDI Cubitera para botellas, enfriador de bebidas tipo champanera, BarUp, 9,5L, ⌀350x(H)230mm, acero inoxidable",H471524,37,1,0.01%,0.01%,45,1,0.00%,0.00%,46.51%,0.00%,2,0,5.41%,0.00%,"48,98 €","0,00 €",2,0
B017DLH9RA,B017DLH9RA,ARCOS Cuchillo Abre Ostras Acero Inoxidable 60 mm,227200_us,132,6,0.02%,0.04%,167,7,0.02%,0.03%,98.73%,100.00%,2,1,1.52%,16.67%,"15,98 €","7,99 €",2,1
B017DLMC5Y,B017DLMC5Y,"Arcos Cuchillos para Postre de Acero Inoxidable 18/10, Monoblock de una Pieza, Hoja 205 mm, Juego de 3 Piezas, Serie Toscana, Ideal para Repostería y Cocina, Color Plata",574900_,86,6,0.01%,0.04%,109,12,0.01%,0.05%,37.00%,28.57%,4,0,4.65%,0.00%,"65,96 €","0,00 €",2,0
B017DLMC7C,B017DLMC7C,Arcos Serie Toscana - Juego de Cuchillos de Lunch (3 cuchillos) - Monoblock de una pieza en Acero Inoxidable 18/10 y 185 mm - Color Plata,574800,77,2,0.01%,0.01%,102,4,0.01%,0.02%,41.30%,66.67%,3,0,3.90%,0.00%,"47,97 €","0,00 €",2,0
B01MQDCZTB,B01MQDCZTB,"HENDI Carro bandejero con Superficie de Trabajo, 7 x GN 1/1, Capacidad de Carga 70 kg, 445x615x(H) 945mm, Acero Inoxidable",H810668,55,11,0.01%,0.07%,98,18,0.01%,0.08%,40.51%,0.00%,2,0,3.64%,0.00%,"398,00 €","0,00 €",2,0
B06XD39V8J,B06XD39V8J,VINFERMATON – Insecticida Cucarachas y Hormigas Residual 400 ml | Spray Efecto Duradero para Interior y Exterior | Profesional Doméstico | 100 % MADE IN SPAIN,V0012_,244,9,0.03%,0.06%,319,11,0.03%,0.05%,5.08%,0.00%,3,0,1.23%,0.00%,"23,82 €","0,00 €",2,0
B07TXLLGJX,B06XRYBCZQ,HENDI Placa de inducción de sobremesa profesional 3500 D XL,H239698,177,5,0.03%,0.03%,219,7,0.02%,0.03%,73.58%,33.33%,3,2,1.69%,40.00%,"845,88 €","563,92 €",2,1
B086X1XQXD,B06Y2B85HT,"HENDI Expositor con cubierta deslizante roll-top, Simple",H871706,198,19,0.03%,0.12%,287,23,0.03%,0.10%,38.15%,10.00%,2,0,1.01%,0.00%,"89,98 €","0,00 €",2,0
B0FWM351K4,B06Y66X8SW,CUPERINOX® Couture Series - Tijera Costura Profesional 10 cm | Acero Inoxidable de Alta Precisión | Corte Fino para Detalles y Acabados | Uso Doméstico y Profesional,21960,52,0,0.01%,0.00%,100,0,0.01%,0.00%,100.00%,0.00%,2,0,3.85%,0.00%,"14,10 €","0,00 €",2,0
B075ZWHQLQ,B075ZWHQLQ,Wins - Desengrasante Limpiador Profesional 001 - Garrafa 5L,WINS001,61,1,0.01%,0.01%,73,2,0.01%,0.01%,64.62%,100.00%,2,0,3.28%,0.00%,"27,28 €","0,00 €",2,0
B0788P3W3W,B0788P3W3W,WINS – Abrillantador Máquinas Lavavajillas Profesional 013 | Garrafa 5 L | Secado Rápido y Brillo sin Marcas en Vajilla | Uso Profesional | 100% Made in Spain,WINS013_5L,17,2,0.00%,0.01%,19,2,0.00%,0.01%,68.42%,0.00%,2,0,11.76%,0.00%,"33,00 €","0,00 €",2,0
B0FWK4CNH3,B0799Z54MP,CUPERINOX Tijeras Cocina Profesional |Mango ergonómico para máxima comodidad| Tijeras 21 cm |Tijeras de Trinchar | Tijeras Pollo | Tijera Pescado | Tijera Acero Inoxidable| Apto Lavavajillas,21982_,15,0,0.00%,0.00%,16,0,0.00%,0.00%,100.00%,0.00%,2,0,13.33%,0.00%,"20,15 €","0,00 €",2,0
B07TYQJ4YX,B07D2VL8BP,HENDI Máquina para hacer pasta - 210x(H)340 mm,H224830,100,5,0.01%,0.03%,125,5,0.01%,0.02%,77.48%,100.00%,2,1,2.00%,20.00%,"73,36 €","36,68 €",2,1
B086XS4XDX,B07D4V72YP,"HENDI Juego de salero y pimentero, 2 piezas, utensilio de sal y pimienta de cocina mesa, con tapas de acero inoxidable con orificios dispensadores en forma de S y P, ⌀40x(H)70mm, vidrio, transparente",H465387,35,2,0.00%,0.01%,49,2,0.00%,0.01%,100.00%,100.00%,2,0,5.71%,0.00%,"14,98 €","0,00 €",2,0
B07D5FFJ36,B07D5FFJ36,"HENDI Bandeja de Servicio Ovalada XL, Superficie Antideslizante, 735x600x(H) 31mm, Negro, Fibra de Vidrio y Goma",H508831,42,1,0.01%,0.01%,63,1,0.01%,0.00%,81.67%,0.00%,8,0,19.05%,0.00%,"379,84 €","0,00 €",2,0
B0D1CXFM75,B07D6ZWZQJ,"HENDI Prensadores de patatas - Gris claro, Alargado, (L)808mm",H693223,11,4,0.00%,0.02%,16,7,0.00%,0.03%,93.33%,85.71%,2,1,18.18%,25.00%,"57,96 €","28,98 €",2,1
B0FR444FLT,B07D8H2FNG,Arcos Manhattan Cuchillo Pelador Forjado Acero Inoxidable 100 mm,160100_,74,1,0.01%,0.01%,94,2,0.01%,0.01%,94.37%,100.00%,2,1,2.70%,100.00%,"42,49 €","19,00 €",2,1
B0CZF7K8YX,B07D9TL37B,"HENDI Recipiente Gastronorm GN 2/3, Kitchen Line, resistencia térmica -40 °C a 250 °C, apto para horno y baño maría, 15,5L, 354x325x(H) 200mm, acero inoxidable",H806258,17,1,0.00%,0.01%,22,1,0.00%,0.00%,92.86%,0.00%,3,0,17.65%,0.00%,"88,35 €","0,00 €",2,0
B07DC8MD56,B07DC8MD56,"HENDI Rejilla de asador, GN 1/1, de acero inoxidable cromado, 325x530mm, para todas las parrillas, grill, barbacoas Green Fire de HENDI",H939949,110,16,0.02%,0.10%,165,33,0.02%,0.14%,15.83%,24.14%,4,4,3.64%,25.00%,"83,96 €","83,96 €",2,2
B07DPCKVL1,B07DPCKVL1,"HENDI Lámpara de calor colgante de altura ajustable, cónica, lámpara térmica de infrarrojos para cocina y mantenimiento de alimentos calientes, 230V, 250W, Ø275x(H)250mm, aluminio color cobre",H273876,11,4,0.00%,0.02%,14,6,0.00%,0.03%,75.00%,0.00%,3,0,27.27%,0.00%,"269,25 €","0,00 €",2,0
B07F8Z6XL1,B07F8Z6XL1,VINFERMATÓN - Insecticida Matón Cucas Cucarachas y Hormigas Instantáneo 300ml,V101302,52,3,0.01%,0.02%,71,5,0.01%,0.02%,65.63%,100.00%,6,0,11.54%,0.00%,"47,34 €","0,00 €",2,0
B0846H7BV1,B07G5M444L,Arcos Cuchillo de Mesa Acero Inoxidable Nitrum 130 mm Caja 12 Uds,370725_fbm,44,0,0.01%,0.00%,59,0,0.01%,0.00%,100.00%,0.00%,2,0,4.55%,0.00%,"85,98 €","0,00 €",2,0
B07G76CQC2,B07G76CQC2,"Arcos Cuchillos de Mesa Caja de 24 uds Chuletero, Hoja de Acero Inoxidable Nitrum 110 mm, Mango de Nylon, Color Marrón (24 uds)",804000_24piezas,29,3,0.00%,0.02%,41,3,0.00%,0.01%,84.21%,100.00%,2,1,6.90%,33.33%,"89,98 €","44,99 €",2,1
B0FR444FLT,B07JHPTKC9,"Arcos Set Jamonero 3 Piezas - Cuchillo Jamonero, Deshuesador y Chaira - Hoja Silk Edge Inoxidable Forjada NITRUM - Mango Resistente POM Negro - Corte Preciso y Duradero - Serie Manhattan",858500_,117,2,0.02%,0.01%,166,3,0.02%,0.01%,82.76%,50.00%,2,0,1.71%,0.00%,"149,98 €","0,00 €",2,0
B0B3F4QXML,B07JWJ5LDH,Arcos Serie Clasica - Juego de Cuchillos Chuleteros (6 piezas) - Acero Inoxidable Forjado NITRUM - Mango POM - Color Negro,_854500_,128,6,0.02%,0.04%,166,8,0.02%,0.03%,95.17%,100.00%,3,1,2.34%,16.67%,"240,22 €","70,24 €",2,1
B07JWM27F4,B07JWM27F4,Arcos Set Cuchillos Cocina Profesionales Forjados en Acero Inoxidable. Juego de 3 Cuchillos (Pelador 100 mm + Cocinero 150 mm + Cocinero 200 mm). Mango Ergonómico Rosa en Polioximetileno. Riviera Rose,855100,501,9,0.07%,0.06%,691,13,0.07%,0.06%,99.67%,87.50%,2,0,0.40%,0.00%,"151,23 €","0,00 €",2,0
B07MMFPNLK,B07MMFPNLK,"HENDI Placa eutéctica de Calor Profesional, GN 1/1, para Cajas térmicas, Elemento Calefactor, acumulador de Calor, Bloque térmico, Placa Caliente, 530x325x(H) 30mm, HDPE, Rojo",H707845,35,1,0.00%,0.01%,42,1,0.00%,0.00%,85.37%,100.00%,8,4,22.86%,400.00%,"410,00 €","205,00 €",2,1
B0D1CTXJXN,B07MZJTY16,HENDI Jarra medidora apilable - 5 L - ø210x(H)270 mm,H567852,29,8,0.00%,0.05%,38,11,0.00%,0.05%,100.00%,100.00%,3,3,10.34%,37.50%,"41,97 €","41,97 €",2,2
B0CSXP6TLN,B07MZK9VXP,"HENDI Descalcificador de agua, 12L",H231227,229,16,0.03%,0.10%,300,23,0.03%,0.10%,79.50%,0.00%,2,0,0.87%,0.00%,"249,00 €","0,00 €",2,0
B0FR444FLT,B07N8TSTLQ,"Arcos Juego de Cuchillos Forjados (4 Piezas) - Acero Inoxidable NITRUM, Corte Preciso, Mango Ergonómico POM Negro, Incluye Cuchillo Chef, Pan, Pelar y Cocina - Serie Manhattan, Negro",163400,290,1,0.04%,0.01%,326,2,0.03%,0.01%,99.20%,100.00%,2,0,0.69%,0.00%,"399,98 €","0,00 €",2,0
B07N8WMVK1,B07N8WMVK1,ARCOS Taco Cajonera Organizador Bambú hasta 25 cm Marrón,794300_fbm,290,4,0.04%,0.02%,392,4,0.04%,0.02%,14.09%,0.00%,2,0,0.69%,0.00%,"63,98 €","0,00 €",2,0
B0FR444FLT,B07N8WXGW7,Arcos Brooklyn - Cuchillo de Lenguado Cuchillo para Pescado - Acero Inoxidable Forjado NITRUM 170 mm - Mango Micarta Color Azul (Filo Seda),191423_,180,7,0.03%,0.04%,220,8,0.02%,0.03%,60.45%,50.00%,2,0,1.11%,0.00%,"71,98 €","0,00 €",2,0
B07S8PHLKH,B07S8PHLKH,Arcos Nova Set 6 Cuchillos Chuleteros Acero Inoxidable 110 mm,806100_fba,128,1,0.02%,0.01%,184,1,0.02%,0.00%,63.46%,100.00%,2,0,1.56%,0.00%,"35,98 €","0,00 €",2,0
B07YXBGV8C,B07YXBGV8C,Arcos Riviera Blanc Set 3 Cuchillos Forjados Acero Inoxidable Nitrum,807511_,261,10,0.04%,0.06%,410,15,0.04%,0.06%,36.99%,36.36%,2,1,0.77%,10.00%,"113,38 €","56,69 €",2,1
B0FQNZM34T,B0843D965B,Arcos Cuchillo Chef Acero Inoxidable. Cuchillo Cocina Profesional multipropósito para Cortar y Limpiar Verduras. Mango ergonómico polioximetileno y Hoja 210 mm. Serie Opera. Color Negro.,225100_fbm,147,3,0.02%,0.02%,180,6,0.02%,0.03%,99.40%,100.00%,2,0,1.36%,0.00%,"77,76 €","0,00 €",2,0
B0FQNZM34T,B0843DGXDP,Arcos Opera Cuchillo Jamonero Forjado Acero Inoxidable Nitrum 250 mm,226700_,147,4,0.02%,0.02%,174,8,0.02%,0.03%,88.13%,100.00%,2,0,1.36%,0.00%,"58,98 €","0,00 €",2,0
B0FQNZM34T,B0843DKXYN,Arcos Opera Cuchillo Jamonero Forjado Acero Inoxidable Nitrum 300 mm,226800_,158,2,0.02%,0.01%,194,2,0.02%,0.01%,67.82%,100.00%,2,0,1.27%,0.00%,"69,90 €","0,00 €",2,0
B0857QPQZ5,B0857QPQZ5,"HENDI Placa eutéctica de calor profesional, GN 1/2, para cajas térmicas, elemento calefactor, acumulador de calor, bloque térmico, placa caliente, 320x265x(H)30mm, HDPE, rojo",H707784,19,1,0.00%,0.01%,19,1,0.00%,0.00%,68.42%,0.00%,5,0,26.32%,0.00%,"144,90 €","0,00 €",2,0
B085M1CQ5D,B085M1CQ5D,"HENDI Hervidor de agua eléctrico 9L, dispensador de bebidas calientes, termo de una pared para vino, té, hasta 100°C, 230V, 50/60Hz, 950W, 307x330x(H)450mm, acero inoxidable satinado, PP",H211410,66,1,0.01%,0.01%,79,1,0.01%,0.00%,96.15%,100.00%,2,0,3.03%,0.00%,"209,50 €","0,00 €",2,0
B089M821V5,B089M821V5,Arcos Cuchillos Carne | 6 pzas | Cuchillos chuleteros Set Cuchillo de Mesa Sierra | Mango Madera | Hoja 110 mm | Cuchillos Carne Mesa | Apto lavavajillas | Envase Carton | Ecologico,815500,"1,090",32,0.15%,0.20%,"1,522",48,0.15%,0.21%,99.62%,100.00%,3,0,0.28%,0.00%,"89,97 €","0,00 €",2,0
B08VS4FCLN,B08CY5ZRD7,"Arcos Serie Maitre - Juego Cuchillo de cocina 4 piezas, (3 cuchillos + 1 tijeras) Hoja de Acero Inoxidable NITRUM 80 mm, Mango Polipropileno Negro",152610_,166,6,0.02%,0.04%,213,7,0.02%,0.03%,100.00%,100.00%,2,0,1.20%,0.00%,"69,39 €","0,00 €",2,0
B08L27XH2W,B08L27XH2W,"HENDI Mochila isotérmica de Transporte y Reparto de Pizzas y Alimentos, Bolsa aislada e Impermeable para la Entrega de Pedidos de Pizza y Comidas, Interior 39x39x(H) 45cm, Negra, 41x41x(H) 48cm",H709801,100,8,0.01%,0.05%,153,9,0.02%,0.04%,78.91%,37.50%,2,0,2.00%,0.00%,"136,39 €","0,00 €",2,0
B08M99RZRV,B08M99RZRV,Arcos | Cuchillo Jamonero Cuchillo deshuesador | 2 Uds | Set cuchillos jamoneros 250 mm y cuchillo deshuesador (140 mm) jamonero profesional | cuchillo carnicero profesional | Eco,703800fbm,"2,110",28,0.30%,0.17%,"2,664",49,0.27%,0.21%,99.71%,100.00%,2,1,0.09%,3.57%,"80,98 €","39,99 €",2,1
B08WR6CHHN,B08MW17PLN,Arcos Juego Cuchillos Carne | 6 Piezas | Cuchillo chuleteros | Hoja 110 mm | monoblock | Cuchillo en 1 Sola Pieza | Cuchillos Carne Cubiertos Acero Inoxidable | Caja Envase Ecológico (Sierra Laser),815900FBM,87,0,0.01%,0.00%,135,0,0.01%,0.00%,100.00%,0.00%,2,0,2.30%,0.00%,"77,64 €","0,00 €",2,0
B0CQLQ57BT,B08TX1652W,"Arcos Cazo Antiadherente 16 cm, Aluminio Fundido, Apto para Todas las Cocinas, Mango Ergonómico, Ahorro Energético, Lavavajillas, Negro/Azul, Serie Thera",719000,55,1,0.01%,0.01%,74,6,0.01%,0.03%,59.70%,0.00%,2,0,3.64%,0.00%,"45,98 €","0,00 €",2,0
B0CQLNJVKL,B08TX24P5L,"Arcos Thera Sartén Antiadherente de 26 Cm para Inducción, Gas y Vitrocerámica. Sartén de Cocina Mediana de Aluminio Fundido con Mango Ergonómico Extraíble y Apta para Lavavajillas. Color Negro y Azul",718400,156,1,0.02%,0.01%,222,1,0.02%,0.00%,53.26%,0.00%,2,0,1.28%,0.00%,"73,90 €","0,00 €",2,0
B09GPRPL9R,B09GPRPL9R,"HENDI Horno profesional de dos pisos para pizzas, horno eléctrico, para pizzas hasta diámetro 39cm, 50˚C~350˚C, 230V, 3000W, 580x560x(H)435mm, plateado, cuerpo de acero inoxidable AISI 430",H220283,10,1,0.00%,0.01%,12,1,0.00%,0.00%,100.00%,100.00%,2,1,20.00%,100.00%,"950,00 €","475,00 €",2,1
B08VS4FCLN,B09HHGVG2N,"Arcos Juego Cuchillos Cocina cuchillos | Cuchillo profesional | 6 piezas | Chef 215 mm + Cocina 150 mm, Verduras 100 mm + Tijera cocina + Pelador de fruta y verdura + Pinza para pescado",854200,411,10,0.06%,0.06%,578,14,0.06%,0.06%,100.00%,100.00%,2,0,0.49%,0.00%,"87,98 €","0,00 €",2,0
B0G3ZJ89NB,B09NRLLDC6,CUPERINOX Cuchillo Jamonero + Chaira + Funda Cubre Jamón | Jamonero 240mm acero inoxidable| Afilador Chaira | Funda cubre jamón,20220,114,1,0.02%,0.01%,160,1,0.02%,0.00%,99.30%,0.00%,2,0,1.75%,0.00%,"19,98 €","0,00 €",2,0
B0FJRVHBWH,B09P8KYJFW,"CUPERINOX Tijeras peluqueria profesional 16,5cm | Tijeras entresacar dentadas vaciar pelo texturizar cabello | Barbero estilista hombre mujer | afiladas acero inoxidable | Uso doméstico y salón",21864,66,2,0.01%,0.01%,104,2,0.01%,0.01%,86.73%,0.00%,2,0,3.03%,0.00%,"19,98 €","0,00 €",2,0
B0CRDY65RY,B09T6JQQZS,"Arcos Cacerola Antiadherente 16 cm 1.5 L - Full Induction para Todo Tipo de Cocinas, Asas Acero Inoxidable Efecto Frío, Apta Lavavajillas, Ahorro Energético, Serie Samoa",716810,77,2,0.01%,0.01%,91,2,0.01%,0.01%,94.19%,0.00%,2,0,2.60%,0.00%,"64,70 €","0,00 €",2,0
B0CRDWK8V7,B09T9RNFJG,"Arcos Cazo Antiadherente 16 cm, Aluminio Forjado, Full Induction, Mango Acero Inoxidable, Ahorro Energético, Apto Lavavajillas, Cocina Gas/Eléctrica/Inducción, Serie Samoa",717210,24,2,0.00%,0.01%,32,3,0.00%,0.01%,70.00%,100.00%,2,0,8.33%,0.00%,"57,90 €","0,00 €",2,0
B09WYZHGQF,B09WYZHGQF,Arcos Nordika Juego 3 Cuchillos para Queso Acero Inoxidable Nitrum,167200_us,130,15,0.02%,0.09%,166,25,0.02%,0.11%,18.71%,18.18%,2,0,1.54%,0.00%,"137,60 €","0,00 €",2,0
B09XF6G1Q8,B09XF6G1Q8,Arcos Serie Universal - Juego de Cuchillos de Cocina de 4 piezas (3 Cuchillos Cocineros + Tijeras) - Hoja de Acero Inoxidable NITRUM - Mango de Polioximetileno (POM) - Color Negro,819110_fbm,42,0,0.01%,0.00%,53,0,0.01%,0.00%,98.08%,0.00%,2,0,4.76%,0.00%,"99,98 €","0,00 €",2,0
B0B2RHJYHB,B0B2RHJYHB,"HENDI Cesta para Freír, 8L, 242x200x(H)140mm",H933664,196,16,0.03%,0.10%,267,20,0.03%,0.09%,20.50%,0.00%,2,0,1.02%,0.00%,"68,96 €","0,00 €",2,0
B0FWK4CNH3,B0B42QTHTP,CUPERINOX | Tijeras de pescado 18 cm | Tijeras Cocina | tijeras de cocinero profesional para aves pescado carne caza| Accesorios de cocina,21991,53,3,0.01%,0.02%,74,4,0.01%,0.02%,97.10%,100.00%,3,2,5.66%,66.67%,"20,97 €","12,98 €",2,1
B0FQNZM34T,B0BRTZ2X8C,Arcos Serie Opera - Set Cuchillos de Cocina 3 piezas - Acero Inoxidable Forjado NITRUM - Mango POM - Color negro,805900_,367,12,0.05%,0.07%,467,22,0.05%,0.10%,95.42%,100.00%,2,0,0.54%,0.00%,"145,80 €","0,00 €",2,0
B0F9TD2LTH,B0CS6V91GR,CUPERINOX® Cuchillos de Mesa con Mango de Madera – Set 6 Cuchillos para Carne con Filo Dentado – Estilo Palmadera tradicional – Aptos para Uso Diario,14015_us,"1,370",29,0.19%,0.18%,"2,087",43,0.21%,0.19%,99.89%,100.00%,2,0,0.15%,0.00%,"37,98 €","0,00 €",2,0
B0CTKV6X91,B0CTKV6X91,"HENDI Juego de 6 tablas de cortar HACCP con soporte, lisas, 6 colores diferentes, 6 piezas, 450x300x(H)10mm, polietileno, polipropileno",H825686,394,35,0.06%,0.22%,545,41,0.05%,0.18%,19.26%,22.86%,2,0,0.51%,0.00%,"129,47 €","0,00 €",2,0
B0D4WK78XV,B0D4WK78XV,CUPERINOX Aceiteras para Aceite Usado | Grasera Acero Inoxidable 550ML con Filtro Metálico | Recipiente para Aceite Usado de Cocina y Grasa | Grasera Cocina Metálica 550ML 2Uds Metálico,22105y22106,"2,033",37,0.29%,0.23%,"2,845",65,0.29%,0.28%,83.25%,100.00%,2,0,0.10%,0.00%,"23,98 €","0,00 €",2,0
B0DPLG5V7Q,B0DPJBBJC4,"CUPERINOX® Tazas de Café Espresso de Cristal – Set 2 80ml- Aptas para lavavajillas- Resistentes al Calor – Tazas Bonitas de Café, Té Originales y Elegantes – Aroma Series",26120_,193,0,0.03%,0.00%,284,0,0.03%,0.00%,99.18%,0.00%,2,0,1.04%,0.00%,"23,98 €","0,00 €",2,0
B0FJLTDB9J,B0F9L19CF8,Set de Cortauñas Profesional,A10002,17,0,0.00%,0.00%,20,0,0.00%,0.00%,100.00%,0.00%,2,0,11.76%,0.00%,"13,98 €","0,00 €",2,0
B0FJLTDB9J,B0FB98PM7Z,CUPERINOX® Beauty Care – Pack 3 Cortauñas de Precisión | Alicate + Cortaúñas Mediano + Cortaúñas con Llavero | Acero Inoxidable Profesional | Manicura y Pedicura | Hombre y Mujer,A10004,39,0,0.01%,0.00%,44,0,0.00%,0.00%,100.00%,0.00%,2,0,5.13%,0.00%,"24,98 €","0,00 €",2,0
B0FDKX6V41,B0FDKX6V41,VINFERMATON – Insecticida Moscas y Mosquitos Perfume Limón Pack 2×600 ml | Spray Eliminador Insectos Voladores Interior y Exterior | Acción Inmediata Profesional | 100% MADE IN SPAIN,V0009_PACK2,30,0,0.00%,0.00%,46,0,0.00%,0.00%,97.50%,0.00%,3,0,10.00%,0.00%,"35,97 €","0,00 €",2,0
B0FGDF2SHZ,B0FGDF2SHZ,VINFERMATON Antihormigas Efecto Permanente | Insecticida Cucarachas y Hormigas Pack 2×600 ml | Efecto hasta 1 año | Interior y Exterior | Profesional y Doméstico | MADE IN SPAIN,V0013_PACK2,44,3,0.01%,0.02%,64,3,0.01%,0.01%,53.57%,33.33%,3,0,6.82%,0.00%,"46,86 €","0,00 €",2,0
B0FH9NPJ1K,B0FH9NPJ1K,VINFERMATON – Insecticida Cucarachas y Hormigas Antihormigas Instantáneo 600 ml | Spray Eliminador Insectos Rastreros Interior y Exterior | Acción Rápida Profesional | 100% MADE IN SPAIN (2),V0011_PACK2,22,1,0.00%,0.01%,26,1,0.00%,0.00%,76.92%,100.00%,4,0,18.18%,0.00%,"51,96 €","0,00 €",2,0
B0FHKQHYQ7,B0FHKQHYQ7,VINFERMATON – Insecticida Moscas y Mosquitos Sin Olor Pack 2×600 ml | Spray Eliminador Insectos Voladores Interior y Exterior | Acción Inmediata Profesional | 100% MADE IN SPAIN,9J-4FF5-2Q8R,23,1,0.00%,0.01%,32,1,0.00%,0.00%,92.31%,0.00%,2,0,8.70%,0.00%,"27,98 €","0,00 €",2,0
B0FHKR4Q45,B0FHKR4Q45,VINFERMATON – Insecticida Cucarachas y Hormigas | Antihormigas Instantáneo Pack 3×300 ml | Spray Eliminador Insectos Rastreros Interior y Exterior | Acción Rápida Profesional | MADE IN SPAIN,V101302_PACK3,24,0,0.00%,0.00%,32,0,0.00%,0.00%,100.00%,0.00%,2,0,8.33%,0.00%,"25,98 €","0,00 €",2,0
B0FT8NLHQ3,B0FT8NLHQ3,BIOLEAF® – Multiusos + Limpiacristales Pack 2×750 ml | Limpieza Total Hogar | Brillo Duradero en Superficies y Cristales Sin Huellas | Fórmula Biodegradable | Dermatológicamente Testado,BIOLEAF_3450,23,0,0.00%,0.00%,25,0,0.00%,0.00%,92.00%,0.00%,2,0,8.70%,0.00%,"19,98 €","0,00 €",2,0
B0FZCJ46CM,B0FZCJ46CM,CUPERINOX - Set Cuchillo Jamonero+ Deshuesador Profesional Forjado 2 Piezas | Cuchillo Jamonero Alveolado 25 cm y Deshuesador 15 cm |Corte Fino y Equilibrado | Aptos para lavavajillas,19303,87,1,0.01%,0.01%,146,1,0.01%,0.00%,96.75%,100.00%,2,0,2.30%,0.00%,"49,33 €","0,00 €",2,0
B0G3ZJ89NB,B0G2MT6K5N,"CUPERINOX Jamonero Inoxidable Giratorio | Jamonera base Inoxidable | Incluye Cuchillo Jamonero Alveolos 25 cm, Deshuesador 15 cm, Afilador y Funda para Jamón | Apto Jamones y Paletilla",20251,78,3,0.01%,0.02%,138,3,0.01%,0.01%,100.00%,100.00%,2,0,2.56%,0.00%,"138,16 €","0,00 €",2,0
B0F54LTCFF,B0044R87QO,Arcos Cuchillo Chef Acero Inoxidable. Cuchillo cocina profesional para cortar una variedad alimentos. Mango ergonómico polioximetileno y Hoja 250 mm. Serie Universal. Color negro.,280704_fbm,"2,327",52,0.33%,0.32%,"3,001",75,0.30%,0.32%,1.14%,4.88%,1,0,0.04%,0.00%,"24,75 €","0,00 €",1,0
B0F54LTCFF,B0044R87TQ,Arcos Cuchillo Salmón y Pescado Acero Inoxidable 290 mm,284004,411,8,0.06%,0.05%,537,13,0.05%,0.06%,13.66%,11.11%,1,0,0.24%,0.00%,"22,75 €","0,00 €",1,0
B017HKG9PK,B0044R87YQ,Arcos Cuchillo para Maitre Negro 100 mm,150500_pp,"2,288",50,0.32%,0.31%,"2,959",56,0.30%,0.24%,0.19%,0.00%,1,0,0.04%,0.00%,"9,95 €","0,00 €",1,0
B0752XP113,B0044R886S,Arcos Conjunto carne con Hoja Acero Inoxidable Nitrum y mm. Mango ergonómico polioximetileno POM. Serie Mesa. Los bordeserrados los hacen perfectos cortar y picar carnes. Color plateado.,378000_,417,8,0.06%,0.05%,559,8,0.06%,0.03%,16.83%,25.00%,1,0,0.24%,0.00%,"39,99 €","0,00 €",1,0
B08QCTG3WH,B004DDNPHU,HENDI Calientaplatos (Redondo) - Kitchen Line - 3.5 L - diámetro390X(H) 270 mm,H470619,22,1,0.00%,0.01%,31,1,0.00%,0.00%,75.00%,0.00%,1,0,4.55%,0.00%,"63,49 €","0,00 €",1,0
B00509DM8S,B00509DM8S,HENDI Baño María Eléctrico GN 1/1,H238905,88,12,0.01%,0.07%,132,15,0.01%,0.06%,42.99%,46.15%,1,1,1.14%,8.33%,"129,95 €","129,95 €",1,1
B0050G2IOU,B0050G2IOU,"HENDI Sartén eléctrica multiusos, paellera cazuela olla plancha, de fiestas, revestimiento antiadherente, termostato, con tapa, interior: ø40cm profundidad: 5cm, 230V, 1400W, ø500x(H)190mm, aluminio",H239506,202,8,0.03%,0.05%,270,9,0.03%,0.04%,69.39%,0.00%,1,0,0.50%,0.00%,"53,24 €","0,00 €",1,0
B0050I7NQQ,B0050I7NQQ,"HENDI Percolador de café, de una sola pared, con filtro incorporado, grifo antigoteo, para café molido grueso, no necesita filtro de papel, 6L, 230V, 1500W, 340x227x(H)468mm, acero inoxidable 18/0",H208007,5,0,0.00%,0.00%,5,0,0.00%,0.00%,100.00%,0.00%,1,0,20.00%,0.00%,"119,50 €","0,00 €",1,0
B0F1ZF7H1L,B005LR69ZC,Arcos Cuchillo de Queso Negro 145 mm,232800_,869,24,0.12%,0.15%,"1,121",35,0.11%,0.15%,7.09%,5.00%,1,0,0.12%,0.00%,"37,95 €","0,00 €",1,0
B0752NT3TH,B005LR7726,Arcos Serie Prochef - Tijeras de Cocina - Hoja de Acero Inoxidable - 210 mm - Mango de Polipropileno Color negro y rojo,185601_barras_Arcos,"1,479",34,0.21%,0.21%,"2,223",45,0.22%,0.19%,0.10%,0.00%,4,4,0.27%,11.76%,"34,96 €","34,96 €",1,1
B0752NT3TH,B005LR77UI,ARCOS Tijeras de Cocina Acero Inoxidable 215 mm,185400,416,5,0.06%,0.03%,512,5,0.05%,0.02%,6.74%,0.00%,1,0,0.24%,0.00%,"17,49 €","0,00 €",1,0
B017HKR8WS,B005LRSIK6,ARCOS Afilador de Bolsillo Profesional,610200_fbm,"1,707",43,0.24%,0.27%,"2,164",55,0.22%,0.24%,4.72%,9.38%,1,0,0.06%,0.00%,"37,75 €","0,00 €",1,0
B00XJBJO4K,B005LRSJK0,"Arcos Guantes de Protección de Malla - Acero Inoxidable Anticorte para Cocina - Tamaño L 270 mm - Certificación EN 420, EN 10827 - Seguridad y Durabilidad",615400,33,1,0.00%,0.01%,36,1,0.00%,0.00%,75.76%,0.00%,1,0,3.03%,0.00%,"129,90 €","0,00 €",1,0
B0F54LTCFF,B007TS67WG,Arcos Cuchillo Chef Acero Inoxidable 300 mm,280804,448,12,0.06%,0.07%,535,13,0.05%,0.06%,2.59%,0.00%,1,0,0.22%,0.00%,"29,75 €","0,00 €",1,0
B0F54LTCFF,B007TS68IO,Arcos Universal Cuchillo Carnicero Deshuesador Acero Inoxidable 180 mm,288300_fbm,200,4,0.03%,0.02%,249,5,0.03%,0.02%,37.56%,50.00%,1,0,0.50%,0.00%,"28,49 €","0,00 €",1,0
B0F54LTCFF,B007TS6G9U,Arcos Juego de Cuchillos Cocina y Tijeras,285600,"1,364",40,0.19%,0.25%,"1,870",47,0.19%,0.20%,6.16%,9.68%,1,0,0.07%,0.00%,"124,90 €","0,00 €",1,0
B0F54LTCFF,B007TS6GI6,Arcos Universal Set 2 Cuchillos de Cocina Acero Inoxidable Nitrum,285800_2,616,12,0.09%,0.07%,776,26,0.08%,0.11%,5.74%,22.22%,1,0,0.16%,0.00%,"27,75 €","0,00 €",1,0
B0F54LTCFF,B007TS6GIG,Arcos Conjunto Cuchillos 6 piezas Acero Inoxidable Nitrum. 3760 gr. Bloque madera pino. Mango ergonómico polioximetileno POM. Serie Universal. Mayor control. Color negro.,285100_,624,14,0.09%,0.09%,729,14,0.07%,0.06%,41.46%,28.57%,1,0,0.16%,0.00%,"109,99 €","0,00 €",1,0
B08XYZRKC4,B007TS6GWW,"ARCOS Juego de Cubiertos de 24 Piezas para Mesa. Cuberterí­a Completa para 6 Personas. Set de 6 Cucharas, 6 Cuchillos, 6 Tenedores y 6 Cucharas de Postre. Serie Toscana. Color Plata",572400,"7,139",214,1.01%,1.33%,"11,268",323,1.13%,1.40%,1.07%,1.12%,1,1,0.01%,0.47%,"64,99 €","64,99 €",1,1
B007TS6HBM,B007TS6HBM,ARCOS Rallador de Limones Acero Inoxidable 40 mm,612800,112,3,0.02%,0.02%,142,4,0.01%,0.02%,15.08%,25.00%,1,0,0.89%,0.00%,"8,85 €","0,00 €",1,0
B0895RNY35,B007TS6HDA,ARCOS Descorazonador de Manzanas Acero Inoxidable Nitrum 75 mm,612300,52,0,0.01%,0.00%,64,0,0.01%,0.00%,24.56%,0.00%,1,0,1.92%,0.00%,"8,49 €","0,00 €",1,0
B0B3F4QXML,B008U6TDTK,Arcos Serie Clasica - Juego de Cuchillos de 5 piezas en Caja de Regalo (5 Cuchillos) - Hoja de Acero Inoxidable Forjado NITRUM - Mando de Polioximetileno (POM) - Bloque de madera color marrón acabado lacado,257000_2,"1,099",24,0.16%,0.15%,"1,502",40,0.15%,0.17%,88.83%,69.23%,1,1,0.09%,4.17%,"144,99 €","144,99 €",1,1
B0F1ZF7H1L,B00BHZPHOG,Arcos Riviera Blanc Cuchillo Panero Acero Inoxidable Nitrum 200 mm,231324_,369,10,0.05%,0.06%,515,17,0.05%,0.07%,6.95%,9.09%,1,0,0.27%,0.00%,"29,99 €","0,00 €",1,0
B0F1ZF7H1L,B00BHZPO12,Arcos Cuchillo Cocina Acero Inoxidable Blanco 180 mm,233524_,793,26,0.11%,0.16%,985,38,0.10%,0.16%,7.20%,0.00%,1,0,0.13%,0.00%,"34,99 €","0,00 €",1,0
B00BQU1ILS,B00BQU1ILS,"HENDI Calentador eléctrico de Alimentos para Buffet Tesino, Chafing Dish eléctrico al baño María, Capacidad 6,8L, hasta 85°C, 230V, 500W, ⌀405x(H) 248mm, Polipropileno y Acero Inoxidable",H,12,0,0.00%,0.00%,16,0,0.00%,0.00%,100.00%,0.00%,1,0,8.33%,0.00%,"118,99 €","0,00 €",1,0
B017HKSTCQ,B00CFN1M6Q,ARCOS Tijeras de Cocina Multiusos 200 mm,809700_FBA,"3,807",106,0.54%,0.66%,"5,514",152,0.55%,0.66%,0.36%,6.60%,1,0,0.03%,0.00%,"11,99 €","0,00 €",1,0
B00CWZOIIQ,B00CWZOIIQ,"Arcos Cuchillos Mesa - Cuchillo Carne Mesa - Monobloque unaola pieza Acero Inoxidable 4"" - Corta chuletas o bistecs con precisión, facilidad y rapidez -erie Monobloque - Color Plateado",375500_1pza_fbm,132,2,0.02%,0.01%,172,2,0.02%,0.01%,92.31%,50.00%,2,0,1.52%,0.00%,"12,98 €","0,00 €",1,0
B00CWZQJZG,B00CWZQJZG,"Arcos Cuchillos Mesa - Cuchillo Carne Mesa - Monobloque unaola pieza Acero Inoxidable 4"" - Color Plateado - Corta todo tipo carne conimplicidad y practicidad -erie Monobloque - Color Gris",702000_1pza_fba,78,0,0.01%,0.00%,100,0,0.01%,0.00%,92.22%,0.00%,6,0,7.69%,0.00%,"29,94 €","0,00 €",1,0
B0BX5LL7FV,B00D3LDVSQ,ARCOS Cascanueces Aleación de Zinc Plata 160 mm,603000_,176,2,0.02%,0.01%,276,2,0.03%,0.01%,0.41%,0.00%,1,0,0.57%,0.00%,"13,49 €","0,00 €",1,0
B00D3LFQ3E,B00D3LFQ3E,ARCOS Cuchillo Corta Bacalao y Pan Acero Polietileno Blanco 440 mm,791600,103,2,0.01%,0.01%,156,3,0.02%,0.01%,34.09%,0.00%,1,0,0.97%,0.00%,"107,25 €","0,00 €",1,0
B0DK3FSR9B,B00GZR3JD2,"HENDI Sifón de Nata, con 3 boquillas Diferentes, Soporte para el Cargador y Cepillo de Limpieza, para Nata montada, mousses, postres, 0,95L, ø95x(H) 320mm, Aluminio, Blanco",H588376,75,5,0.01%,0.03%,107,6,0.01%,0.03%,28.87%,0.00%,1,0,1.33%,0.00%,"41,95 €","0,00 €",1,0
B07TXLKG42,B00GZR3MKM,"HENDI Freidora eléctrica, T ajustable hasta 190°C, termostato de seguridad, zona fría, con tapa y cesta de freír, tanque de aceite extraíble, 8L, 230V, 3500W, 265x430x(H)345mm, acero inoxidable",H205822,189,15,0.03%,0.09%,251,30,0.03%,0.13%,16.67%,0.00%,1,0,0.53%,0.00%,"164,99 €","0,00 €",1,0
B0D1CW5WWV,B00GZR3SJW,"HENDI Centrifugador de ensaladas, secador de ensaladas, cesta de centrifugado interior extraíble, apto para el lavavajillas, 25 L, ø430x(h)530 mm, Poliamida, Polipropileno",H952992,6,1,0.00%,0.01%,6,1,0.00%,0.00%,100.00%,100.00%,1,0,16.67%,0.00%,"138,50 €","0,00 €",1,0
B09GS973CD,B00HYWV402,ARCOS Juego de Cocina de 5 Piezas con Bloque,815000_,210,4,0.03%,0.02%,327,9,0.03%,0.04%,0.68%,25.00%,1,1,0.48%,25.00%,"34,99 €","34,99 €",1,1
B08M7BMR2S,B00I9XTLSC,ARCOS Afilador Profesional Manual Cerámica y Carbono Rojo-Negro,610600,"8,883",189,1.26%,1.17%,"12,843",261,1.29%,1.13%,8.06%,9.14%,1,0,0.01%,0.00%,"13,69 €","0,00 €",1,0
B017HKGEFK,B00J64GC62,Arcos Serie Natura - Cuchillo de Verduras - Hoja de Acero Inoxidable Forjado NITRUM 125 mm - Mango de Madera Palisandro color marrón,155110_,54,0,0.01%,0.00%,62,0,0.01%,0.00%,98.11%,0.00%,1,0,1.85%,0.00%,"24,59 €","0,00 €",1,0
B00OF83Z9Q,B00OF83Z9Q,ARCOS Aplastador de Filetes y Carne Acero Inoxidable 140 mm,796000,82,2,0.01%,0.01%,94,2,0.01%,0.01%,92.86%,0.00%,1,0,1.22%,0.00%,"40,90 €","0,00 €",1,0
B00R6JUIUK,B00R6JUIUK,Arcos Cuchillo Chuletero Acero Inoxidable 105 mm,100400_1pza,"2,332",46,0.33%,0.29%,"3,752",79,0.38%,0.34%,0.06%,1.69%,6,0,0.26%,0.00%,"23,94 €","0,00 €",1,0
B00U2R00QK,B00U2R00QK,VINFER - Limpiacristales Vinfer 5 L,VP300,11,1,0.00%,0.01%,16,1,0.00%,0.00%,68.75%,100.00%,1,0,9.09%,0.00%,"14,49 €","0,00 €",1,0
B0FWK4CNH3,B00WHV21BG,CUPERINOX TIJERAS PESCADO | TIJERAS COCINA| TIJERAS ACERO| TIJERAS | 20 CM | UTENSILIOS DE COCINA,21992_,23,1,0.00%,0.01%,32,4,0.00%,0.02%,78.26%,0.00%,1,0,4.35%,0.00%,"7,37 €","0,00 €",1,0
B0DN1Z777C,B00WTEP4C4,"HENDI Bolsas para envasado al vacío gofradas, 100 unidades, aptas para sous-vide, -20 °C a +100 °C, 250x350mm, 75µm, PA/PE, sin BPA",H971055,2,0,0.00%,0.00%,2,0,0.00%,0.00%,100.00%,0.00%,1,0,50.00%,0.00%,"33,99 €","0,00 €",1,0
B06XB92VRH,B00YU2ZS1A,CUPERINOX Cafetera Italiana Induccion Espresso Acero Inoxidable 6 Tazas,25033_,231,4,0.03%,0.02%,295,6,0.03%,0.03%,95.74%,100.00%,1,0,0.43%,0.00%,"17,90 €","0,00 €",1,0
B013I01EWQ,B013I01EWQ,"HENDI Cepillo de limpieza para horno de pizza, rascador de acero, mango desmontable, 930x260mm, acero inoxidable y madera",H525630,2,0,0.00%,0.00%,2,0,0.00%,0.00%,100.00%,0.00%,1,0,50.00%,0.00%,"36,25 €","0,00 €",1,0
B0F1ZF7H1L,B017DLFYYK,Arcos Cuchillo Queso Acero Inoxidable Blanco 145 mm,232824_,413,8,0.06%,0.05%,477,10,0.05%,0.04%,35.37%,14.29%,1,0,0.24%,0.00%,"37,99 €","0,00 €",1,0
B0752VKJ59,B017DLH9NE,Arcos Afilador Acero Nitrum Acero Inoxidable y Hoja 300 mm. Serie Chaira. Cuerpo Acero al Carbono Recubierto Cromo 11 - Mango Polipropileno. Formas ligeras yuaves. Color Negro.,278310_,61,0,0.01%,0.00%,90,0,0.01%,0.00%,97.47%,0.00%,1,0,1.64%,0.00%,"24,99 €","0,00 €",1,0
B019H2J21O,B019H2J21O,"Cuperinox 22531, Flanero Inoxidable 18cm con tapa",22531_us,59,1,0.01%,0.01%,74,1,0.01%,0.00%,100.00%,0.00%,1,0,1.69%,0.00%,"8,99 €","0,00 €",1,0
B01BNU1VIU,B01BNU1VIU,HENDI Dispensador de chocolate caliente - 5 L - 230V / 1006W - 410x280x(H)465 mm,H893637,13,2,0.00%,0.01%,25,3,0.00%,0.01%,79.17%,100.00%,1,0,7.69%,0.00%,"475,00 €","0,00 €",1,0
B0FWM351K4,B01N4WDTRY,CUPERINOX® Couture Series - Tijera Costura Profesional 15 cm | Acero Inoxidable Resistente | Corte Preciso para Telas y Manualidades | Uso Doméstico y Profesional,21962,31,1,0.00%,0.01%,47,3,0.00%,0.01%,71.43%,100.00%,1,0,3.23%,0.00%,"6,79 €","0,00 €",1,0
B0752NT3TH,B0711S5183,Arcos Tijeras cocina Acero Inoxidable. Tijeras cocina profesionales para cortar todo tipo alimentos. Mango polipropileno y Hoja 235 mm. Serie Prochef. Color very negro.,185721,45,5,0.01%,0.03%,51,6,0.01%,0.03%,60.53%,0.00%,1,0,2.22%,0.00%,"9,99 €","0,00 €",1,0
B0F5L5VJM5,B0719K21HP,Arcos Tenazas de Marisco Acero Inoxidable 185 mm,606400_,429,17,0.06%,0.11%,656,26,0.07%,0.11%,1.58%,0.00%,1,0,0.23%,0.00%,"19,99 €","0,00 €",1,0
B0F5L2FGGS,B071HVWQKP,Arcos Cuchillos Mesa con Hoja Acero Inoxidable. Cuchillos Carne con Mango Madera Palisandro Marrón. Hoja. Corta Carne Asada. Clásicos y Elegantes. Cortein Esfuerzo. Serie Mesa. Color Marrón,373700,943,20,0.13%,0.12%,"1,269",23,0.13%,0.10%,9.02%,18.18%,1,0,0.11%,0.00%,"15,49 €","0,00 €",1,0
B0B3F4QXML,B071VT3MKC,Arcos Clásica Cuchillo Cocinero Forjado Acero Inoxidable Nitrum 210 mm,255101_,121,5,0.02%,0.03%,138,5,0.01%,0.02%,98.78%,100.00%,1,0,0.83%,0.00%,"33,75 €","0,00 €",1,0
B071VT3QQY,B071VT3QQY,"Arcos Riviera - Juego de Cuchillos de Cocina Profesional (Mondador 100 mm, Santoku 140 mm, Chef 200 mm) - Acero Inoxidable Forjado NITRUM, Mango Ergonómico Negro - 3 Piezas en Estuche",807700_fbm,91,4,0.01%,0.02%,129,5,0.01%,0.02%,86.84%,75.00%,1,0,1.10%,0.00%,"68,99 €","0,00 €",1,0
B0752NT3TH,B072FGV2YB,Arcos Serie Prochef - Tijeras de Cocina - Hoja de Acero Inoxidable - 220 mm - Mango de Polipropileno Color Negro,185900,192,5,0.03%,0.03%,209,8,0.02%,0.03%,32.04%,0.00%,1,0,0.52%,0.00%,"24,99 €","0,00 €",1,0
B0761194MW,B0761194MW,VINFER Wins 020 Desengrasante Concentrado Profesional para la Limpieza de planchas de Cocina y hornos. Botella 5 Lt,WINS020,22,1,0.00%,0.01%,27,1,0.00%,0.00%,100.00%,100.00%,1,0,4.55%,0.00%,"16,99 €","0,00 €",1,0
B0787R49F1,B0787R49F1,Multiusos Wins 004. Abrillanta y elimina la suciedad acumulada en cualquier tipo de superficie sin dañarlas. Envase de 5 Litros.,WINS004,18,0,0.00%,0.00%,24,0,0.00%,0.00%,85.00%,0.00%,1,0,5.56%,0.00%,"13,99 €","0,00 €",1,0
B07BSGZ8KG,B07BSGZ8KG,"HENDI Tabla para cortar pan, con rejilla extraíble y bandeja recogemigas, tabla de picar pan, tabla de cocina, 475x322x(H)20mm, madera de caucho",H505502,22,3,0.00%,0.02%,24,3,0.00%,0.01%,68.18%,0.00%,1,0,4.55%,0.00%,"45,75 €","0,00 €",1,0
B0FR444FLT,B07C7YV74X,Arcos Manhattan Cuchillo Trinchar Acero Jamón y Carne 250 mm,161900,259,5,0.04%,0.03%,322,5,0.03%,0.02%,97.04%,100.00%,1,0,0.39%,0.00%,"34,99 €","0,00 €",1,0
B07CZHX4FN,B07CZHX4FN,HENDI Matamoscas resistente al agua - 150 m² - 230V / 45W - 680x135x(H)310 mm,H270141,5,0,0.00%,0.00%,5,0,0.00%,0.00%,80.00%,0.00%,1,0,20.00%,0.00%,"112,49 €","0,00 €",1,0
B0CTCT53R8,B07D9TL25J,"HENDI Recipiente GN 1/1, con laterales y fondo perforados, contenedor GN, apilable, bordes lisos, resistente a temperaturas de -40° a 300°C, 14L, altura: 100mm, acero inoxidable 18/10",H802229,5,1,0.00%,0.01%,5,1,0.00%,0.00%,80.00%,100.00%,8,8,160.00%,800.00%,"420,80 €","420,80 €",1,1
B0CQP77SQ1,B07D9X5C23,"HENDI Olla de cocina con tapa, de gran capacidad: 50L, fondo de inducción continuo, apta para todas las fuentes de calor y el lavavajillas, ø400x(H)400mm, acero inoxidable",H834701,5,0,0.00%,0.00%,5,0,0.00%,0.00%,0.00%,0.00%,2,0,40.00%,0.00%,"319,50 €","0,00 €",1,0
B07D9YVDBJ,B07D9YVDBJ,"HENDI Lavamanos de Cocina con Grifo de Rodilla, Fregadero Higiénico con Mezclador Agua Fría/Caliente y Dispensador de Jabón, Desagüe Ø50mm, 400x330x(H)560mm, Acero Inoxidable",H810309,5,0,0.00%,0.00%,9,0,0.00%,0.00%,100.00%,0.00%,2,0,40.00%,0.00%,"529,80 €","0,00 €",1,0
B0D1CV1MT6,B07D9YVLP6,"HENDI Tabla de cortar con certificación HACCP 600x400 - Blanco, 600x400mm",H825600,104,9,0.01%,0.06%,116,9,0.01%,0.04%,88.31%,60.00%,1,0,0.96%,0.00%,"39,74 €","0,00 €",1,0
B0CTCW7QFZ,B07DC7ZX3W,HENDI Recipiente Gastronorm 1/1 - PC - Transparente - 28 L - 530x325x(H) 200 mm,H861202,7,0,0.00%,0.00%,11,0,0.00%,0.00%,100.00%,0.00%,1,0,14.29%,0.00%,"34,15 €","0,00 €",1,0
B0FR444FLT,B07DFNDYFM,Arcos Cuchillo pescado Forgedole Acero Inoxidable forjado. Mango Micarta y borseda especial con Hoja plateada 190 mm. Serie Manhattan. Color negro. Impresiona yorprencon cada corte.,161400_,135,0,0.02%,0.00%,166,0,0.02%,0.00%,94.12%,0.00%,1,0,0.74%,0.00%,"25,99 €","0,00 €",1,0
B07FQ94K1Q,B07FQ94K1Q,Arcos Series Maitre - Juego de Cuchillos 5 Piezas (4 Cuchillos + 1 Tijeras) - Hoja de Acero Inoxidable Nitrum - Mango de Polipropileno - Bloque de Madera de Color marrón,152100__,80,2,0.01%,0.01%,107,2,0.01%,0.01%,88.89%,100.00%,1,0,1.25%,0.00%,"74,99 €","0,00 €",1,0
B0752VCNQB,B07G77VNNM,"Arcos Serie Cuchillos de Mesa Caja 12 uds Cuchillo Chuletero, Hoja Filo de Acero Inoxidable de 110 mm, Cuchillo Monoblock Acero Inoxidable Color plata (12 UDS)",376500_fbm,67,2,0.01%,0.01%,84,2,0.01%,0.01%,17.65%,100.00%,1,0,1.49%,0.00%,"79,99 €","0,00 €",1,0
B07G78Y7FB,B07G78Y7FB,"Arcos Serie Cuchillos de Mesa Caja 12 uds Cuchillo Chuletero, Hoja Serrada de Acero Inoxidable NITRUM de 110 mm, Mango Madera comprimida Color marrón (12 UDS)",371500_fbm,38,1,0.01%,0.01%,57,1,0.01%,0.00%,77.08%,100.00%,1,0,2.63%,0.00%,"49,99 €","0,00 €",1,0
B0DN1W6N4N,B07GQ354HR,"HENDI Jarra, para batidoras licuadoras HENDI 230718-230695-230688-230213-230602-230664, 2,5L, juego completo: cuchillas-jarra-tapas, batidos-cócteles-postres, 200x170x(H)360mm, policarbonato",H943489,40,2,0.01%,0.01%,48,2,0.00%,0.01%,44.44%,0.00%,1,0,2.50%,0.00%,"99,99 €","0,00 €",1,0
B07H1S3VRW,B07H1S3VRW,"Wins 005 Limpiador Fregasuelos Neutro, Aroma Cítrico, 5 L",WINS005,19,3,0.00%,0.02%,23,4,0.00%,0.02%,85.71%,75.00%,1,0,5.26%,0.00%,"10,99 €","0,00 €",1,0
B07JHPTKC9,B07JHPTKC9,"Arcos Set Jamonero 3 Piezas - Cuchillo Jamonero, Deshuesador y Chaira - Hoja Silk Edge Inoxidable Forjada NITRUM - Mango Resistente POM Negro - Corte Preciso y Duradero - Serie Manhattan",858500_,16,0,0.00%,0.00%,21,0,0.00%,0.00%,100.00%,0.00%,1,0,6.25%,0.00%,"74,99 €","0,00 €",1,0
B0FWM351K4,B07MDGR8G1,CUPERINOX® Couture Series - Tijera Costura Profesional 15 cm | Acero Inoxidable Irrompible | Mango Ergonómico Antideslizante | Corte Preciso y Duradero,21950_us,20,1,0.00%,0.01%,30,2,0.00%,0.01%,78.26%,100.00%,5,5,25.00%,500.00%,"39,95 €","39,95 €",1,1
B0D1GH3QKG,B07MTPQ9KF,"HENDI Báscula pesa balanza digital de cocina, cuerpo de plástico HIPS con pantalla digital LED integrada, alta precisión, máximo 15 kg, 3 pilas AAA no incluidas, 266x269x(h)34 mm, acero inoxidable",H580233,236,35,0.03%,0.22%,328,50,0.03%,0.22%,12.71%,5.00%,1,0,0.42%,0.00%,"43,49 €","0,00 €",1,0
B07MZHDK6L,B07MZHDK6L,"HENDI Descalcificador de agua, 8L",H231210,98,7,0.01%,0.04%,130,7,0.01%,0.03%,58.68%,16.67%,1,0,1.02%,0.00%,"119,75 €","0,00 €",1,0
B07N7VN49R,B07N7VN49R,HENDI Cesta de lavavajillas para vasos - 49 compartimentos - 500x500x104 mm Gris,H877012,18,2,0.00%,0.01%,21,3,0.00%,0.01%,85.00%,50.00%,1,1,5.56%,50.00%,"22,95 €","22,95 €",1,1
B07N8VHFLF,B07N8VHFLF,Arcos - Cubertería Burdeos Arcos 24 piezas,592400,287,5,0.04%,0.03%,349,6,0.04%,0.03%,100.00%,100.00%,1,0,0.35%,0.00%,"69,99 €","0,00 €",1,0
B07N8VHFLF,B07N8VHFLF,Arcos - Cubertería Burdeos Arcos 24 piezas,592400_,287,5,0.04%,0.03%,349,6,0.04%,0.03%,100.00%,100.00%,1,0,0.35%,0.00%,"64,99 €","0,00 €",1,0
B07N8WPHN7,B07N8WPHN7,"Arcos Serie Clasica, Juego de Cuchillos de 4 piezas en Caja de Regalo, 3 Cuchillos + Tijera, Hoja de Acero Inoxidable Forjado Nitrum, Mango de Polioximetileno, POM, Bloque de madera color Marrón",258700_2,59,1,0.01%,0.01%,78,2,0.01%,0.01%,100.00%,100.00%,1,0,1.69%,0.00%,"73,99 €","0,00 €",1,0
B08TWZYBPZ,B07NVP94PR,"CUPERINOX® -Juego de Cuchillos de Cocina Profesional de Acero Inoxidable + Taco de Madera– 7 Piezas en Acero Inoxidable, Mango Ergonómico, Bloque de Madera Incluido – Chef Set para Hogar",_19510_,25,0,0.00%,0.00%,41,0,0.00%,0.00%,97.14%,0.00%,1,0,4.00%,0.00%,"41,99 €","0,00 €",1,0
B07PQS3PNH,B07PQS3PNH,"HENDI Caja de golpe de café con marco de madera, vaciado de posos de café, barra de golpeo extraíble con revestimiento de silicona, GN 1/4, 265x162x(H)100mm, madera oscura/acero inoxidable",H208380,46,3,0.01%,0.02%,69,4,0.01%,0.02%,71.67%,33.33%,1,0,2.17%,0.00%,"38,50 €","0,00 €",1,0
B07Q37YYYV,B07Q37YYYV,"HENDI Carro de ingredientes, AmerBox, contenedor para almacenar alimentos secos, carro transportador de harina, azúcar, sal, granos, arroz, 82L, 355x720x(H)600mm, blanco, polipropileno",H877913,9,0,0.00%,0.00%,10,0,0.00%,0.00%,70.00%,0.00%,1,0,11.11%,0.00%,"255,00 €","0,00 €",1,0
B09NT4VRN7,B0812BKN39,Arcos Juego de Cuchillos Mondadores de 3 Piezas,859800_,"39,136",552,5.56%,3.42%,"53,234",778,5.35%,3.36%,27.00%,2.22%,3,3,0.01%,0.54%,"27,75 €","27,75 €",1,1
B0CTCT53R8,B0828BW84Z,"HENDI Recipiente GN 2/1, contenedor GN,apilable,resistente a Temperaturas de -40° a 300°C,apto para hornos,congeladores,calientaplatos,baño María,43L,650x530x(H) 150mm,acero inoxidable 18/10",H801116,3,1,0.00%,0.01%,4,2,0.00%,0.01%,100.00%,100.00%,1,1,33.33%,100.00%,"128,01 €","128,01 €",1,1
B082PGJQXZ,B082PGJQXZ,"HENDI Lámpara de calor colgante de altura ajustable, cónica, lámpara térmica de infrarrojos para cocina y mantenimiento de alimentos calientes, 230V, 250W, Ø275x(H)250mm, aluminio color negro",H273845,8,3,0.00%,0.02%,10,5,0.00%,0.02%,80.00%,0.00%,1,0,12.50%,0.00%,"91,75 €","0,00 €",1,0
B0FQNZM34T,B0843PT8MC,Arcos Cuchillo pelar Acero Inoxidable. Cuchillo cocina para pelar frutas y verduras. Mango ergonómico polioximetileno y Hoja 100 mm. Serie Opera. Color negro.,_225700_,86,4,0.01%,0.02%,100,8,0.01%,0.03%,77.91%,85.71%,1,0,1.16%,0.00%,"20,99 €","0,00 €",1,0
B0843SYT31,B0843SYT31,Arcos Cuchillo Chef con Hoja Acero Inoxidable Nitrum 160 mm. Cuchillo cocina profesional multiusos. Mango ergonómico polioximetileno POM. Serie Opera. Color negro.,225000_fmb,38,0,0.01%,0.00%,45,0,0.00%,0.00%,97.62%,0.00%,1,0,2.63%,0.00%,"32,88 €","0,00 €",1,0
B0FQNZM34T,B0843T2DL9,Arcos Juego cocina 3 pzas. Serie Ópera + Tijeras + Taco,228700_us,134,3,0.02%,0.02%,155,4,0.02%,0.02%,58.21%,100.00%,1,0,0.75%,0.00%,"91,00 €","0,00 €",1,0
B0843VGDCV,B0843VGDCV,"Arcos Cuchillo Santoku Acero Inoxidable. Cuchillo japonés afilado para pescado, carne y verduras. Mango ergonómico polioximetileno y Hoja 140 mm. Serie Opera. Color negro.",226900_fbm,46,2,0.01%,0.01%,62,3,0.01%,0.01%,100.00%,100.00%,1,0,2.17%,0.00%,"26,99 €","0,00 €",1,0
B0FQNZM34T,B0843VWTWD,Arcos Cuchillo Chef Acero Inoxidable. Cuchillo cocina profesional multipropósito para cortar y limpiar verduras. Mango ergonómico polioximetileno y Hoja 260 mm. Serie Opera. Color negro.,225300_fbm,130,2,0.02%,0.01%,151,2,0.02%,0.01%,96.45%,100.00%,1,0,0.77%,0.00%,"42,99 €","0,00 €",1,0
B084TL25TZ,B084TL25TZ,HENDI Estante para rejillas para pizza/sartenes (14 ranuras) - 300x305x(H)680 mm,H810361,18,1,0.00%,0.01%,20,1,0.00%,0.00%,100.00%,100.00%,2,0,11.11%,0.00%,"119,50 €","0,00 €",1,0
B0DK3CM34K,B0862VPJ9H,"HENDI Cabezal de antorcha de cocina de llama continua, soplete flambeador, quemador, recargable con cartuchos de gas GLP 199039, mango ergonómico, versátil-seguro 360°, 185x65x(H)100mm, negro y verde",H198247,234,11,0.03%,0.07%,297,11,0.03%,0.05%,28.15%,20.00%,1,0,0.43%,0.00%,"23,31 €","0,00 €",1,0
B08VS4FCLN,B08BX3WTPP,"Arcos Juego Cuchillos Cocina cuchillo blanco cuchillos | cuchillos cocina Maitre | 4 piezas | Chef 215 mm, Cocina 150 mm, Verduras 100 mm Tijera cocina (Blanco)",152624_,423,15,0.06%,0.09%,576,17,0.06%,0.07%,99.80%,100.00%,1,0,0.24%,0.00%,"32,49 €","0,00 €",1,0
B08GSTDWTC,B08G4D9718,"Arcos | Cuchillos 3 Colores | Cuchillo de pelar | Cuchillos pelar Patatas | Acero Inoxidable Nitrum| Envase Ecológico | Cuchillo Colores (85 mm, Amarillo, Turquesa, Naranja)",816700,"1,067",18,0.15%,0.11%,"1,334",24,0.13%,0.10%,99.76%,100.00%,6,6,0.56%,33.33%,"52,74 €","52,74 €",1,1
B08G8QCM5H,B08G8QCM5H,ARCOS cuchillo pelador | 6 PIEZAS | cuchillo de pelar | cuchillos pelar patatas | Hoja 100 mm | Negro | cuchillo arcos pelador Acero Inoxidable,816500,708,20,0.10%,0.12%,943,22,0.09%,0.10%,99.64%,100.00%,1,1,0.14%,5.00%,"18,99 €","18,99 €",1,1
B08HTZ61MK,B08HTZ61MK,Arcos Cuchillos de Carne | Cuchillos para Carne 6 Unidades | Cuchillos de Carne Aptos Lavavajillas | Alta Resistencia | Acero Inoxidable | Mango Polipropileno | Negro | Envase Eco,816600,12,0,0.00%,0.00%,23,0,0.00%,0.00%,100.00%,0.00%,1,0,8.33%,0.00%,"19,99 €","0,00 €",1,0
B08WR6CHHN,B08JC8DSP6,Arcos Cuchillos Chuleteros cuchillos chuleteros acero inoxidable filo liso juego cuchillos chuleteros | 6 PZAS cuchillo chuletero | Hoja 110 mm |cuchillos carne Envase Eco,815800,109,3,0.02%,0.02%,151,3,0.02%,0.01%,100.00%,100.00%,1,0,0.92%,0.00%,"36,99 €","0,00 €",1,0
B08GSTDWTC,B08LVVQ3ZQ,"Arcos Serie Nova - Cuchillo para pelar, Acero Inoxidable NITRUM, Envase Ecológico, 3 colores Fucsia, Turquesa y Amarillo",703700fbm,"2,384",32,0.34%,0.20%,"3,387",47,0.34%,0.20%,99.84%,100.00%,2,2,0.08%,6.25%,"19,98 €","19,98 €",1,1
B09FQ5SZK8,B08MV1BJ5Z,Arcos Serie Nordika - Cuchillo Cocinero - Acero Inoxidable NITRUM - Hoja de 140 mm - Mango de Madera Ovengkol 100% natural FSC - Embalaje 100% reciclado,165400_fbm,529,10,0.08%,0.06%,679,11,0.07%,0.05%,13.79%,0.00%,1,0,0.19%,0.00%,"24,99 €","0,00 €",1,0
B08WR6CHHN,B08MW17PLN,Arcos Juego Cuchillos Carne | 6 Piezas | Cuchillo chuleteros | Hoja 110 mm | monoblock | Cuchillo en 1 Sola Pieza | Cuchillos Carne Cubiertos Acero Inoxidable | Caja Envase Ecológico (Sierra Laser),815900fba,87,0,0.01%,0.00%,135,0,0.01%,0.00%,100.00%,0.00%,2,0,2.30%,0.00%,"79,98 €","0,00 €",1,0
B09DPRCMTF,B08MW2GWPC,Arcos Juego Cuchillos Carne | Cuchillo chuleteros | Cuchillos Carne Cuchillos Mesa | 6 Uds | Hoja 110 mm | Acero Inoxidable | Mango Nylon | Apto lavavajillas | Envase Ecológico (Filo Serrado),816400fbm,334,3,0.05%,0.02%,428,4,0.04%,0.02%,99.75%,100.00%,1,0,0.30%,0.00%,"19,99 €","0,00 €",1,0
B08QDPDCK3,B08QDPDCK3,"HENDI Batidora profesional con cubierta isonorizada, control manual, jarra Tritan sin BPA resistente al calor y al frío, velocidad variable, 230V, 1680W, 250x300x(H)540mm, ABS, PC, acero inoxidable",H230602,8,1,0.00%,0.01%,9,1,0.00%,0.00%,66.67%,0.00%,1,0,12.50%,0.00%,"405,00 €","0,00 €",1,0
B08QMBMN1G,B08QMBMN1G,Arcos Bolsa Cuchillos Bolsa Cuchillos Cocina Profesional Estuche Profesional Porta Cuchillos 5 pzas | 42 cm Largo | Asa para Transportar| Cuero Color Miel| Hebilla Ajustable,695100,137,5,0.02%,0.03%,163,6,0.02%,0.03%,89.47%,100.00%,1,0,0.73%,0.00%,"123,95 €","0,00 €",1,0
B0CQLNJVKL,B08TWZDX2B,"Arcos Thera Sartén Antiadherente de 30 Cm para Inducción, Gas y Vitrocerámica. Sartén de Cocina Grande de Aluminio Fundido con Mango Ergonómico Extraíble y Apta para Lavavajillas. Color Negro y Azul",718600,67,2,0.01%,0.01%,84,2,0.01%,0.01%,79.10%,100.00%,1,0,1.49%,0.00%,"44,50 €","0,00 €",1,0
B0CQM2K3QY,B08TX1D4LL,"ARCOS Thera Olla Grande de Cocina de 24 Cm y 4 L. Cacerola Alta para Inducción, Gas y Vitrocerámica. Olla de Aluminio Fundido con Tapa de Cristal y Mango Extraíble. Apta Lavavajillas. Color Negro Azul",718700,206,5,0.03%,0.03%,268,7,0.03%,0.03%,12.20%,25.00%,1,0,0.49%,0.00%,"57,50 €","0,00 €",1,0
B08TLR4Z27,B095C22QFS,Arcos jamonero Profesional | Cuchillo jamonero jamonero Inoxidable Nitrum | Mango Negro | Cuchillo Jamon iberico | Serie Maitre| Hoja Flexible y Filo Liso | 275 mm | Acero Inoxidable NITRUM,151811FBM,246,10,0.03%,0.06%,360,13,0.04%,0.06%,100.00%,100.00%,1,1,0.41%,10.00%,"14,87 €","14,87 €",1,1
B095YCZR93,B095YCZR93,"HENDI Sifón de cocina, con 3 boquillas de polipropileno y cepillo de limpieza, sifón para montar nata, espumas, mousses, postres, espumado en frío, 0,5L, ø80x(H)260mm, aluminio, amarillo pastel",H975855,17,1,0.00%,0.01%,19,1,0.00%,0.00%,44.44%,100.00%,1,0,5.88%,0.00%,"39,99 €","0,00 €",1,0
B09BVVKYWV,B09BVVKYWV,"CUPERINOX Navaja 5 en1 multiusos | Incluye Afilador Navaja| Funcion Abrebotella, rompecristales y corta cuerdas| Navaja Filo Liso y Sierra|",30060,132,2,0.02%,0.01%,175,4,0.02%,0.02%,96.64%,100.00%,1,1,0.76%,50.00%,"11,16 €","11,16 €",1,1
B0FWM351K4,B09D1V45YK,"CUPERINOX® Couture Series - Tijera Costura Profesional 16,5 cm | Acero Inoxidable Irrompible | Mango Ergonómico Antideslizante | Corte Preciso y Duradero",21951_,29,1,0.00%,0.01%,41,1,0.00%,0.00%,87.88%,0.00%,1,0,3.45%,0.00%,"7,22 €","0,00 €",1,0
B09F9KVBDX,B09F9KVBDX,Arcos Nova Juego 8 Cuchillos Mesa Acero Crema 105 mm,705300,811,24,0.12%,0.15%,"1,215",36,0.12%,0.16%,1.29%,0.00%,1,0,0.12%,0.00%,"16,99 €","0,00 €",1,0
B0BGRT2BVV,B09G9WBKPG,Arcos Juego de 6 Cuchillos de Mesa Chuleteros Hoja 110 mm Negro 705500,805109_uss,"12,550",292,1.78%,1.81%,"18,646",417,1.87%,1.80%,12.70%,1.09%,2,0,0.02%,0.00%,"27,98 €","0,00 €",1,0
B09HQTWWPB,B09HQT6SZ6,Arcos Clara Cuchillo Jamonero Forjado Acero Inoxidable Nitrum 250 mm,211900_us,126,3,0.02%,0.02%,148,3,0.01%,0.01%,49.63%,100.00%,1,0,0.79%,0.00%,"25,49 €","0,00 €",1,0
B09HRWYKDL,B09HRWYKDL,Arcos Juego de cuchillos Japoneses Profesionales | 4 piezas | Cuchillo Verduras 100 mm + Cocina 150 mm + Santoku con Alveolos 170 mm + Pelador de patatas,853100fbm,149,4,0.02%,0.02%,192,8,0.02%,0.03%,100.00%,100.00%,1,0,0.67%,0.00%,"34,50 €","0,00 €",1,0
B09HRWYKDL,B09HRWYKDL,Arcos Juego de cuchillos Japoneses Profesionales | 4 piezas | Cuchillo Verduras 100 mm + Cocina 150 mm + Santoku con Alveolos 170 mm + Pelador de patatas,853100,149,4,0.02%,0.02%,192,8,0.02%,0.03%,100.00%,100.00%,1,0,0.67%,0.00%,"36,99 €","0,00 €",1,0
B08TLR4Z27,B09L4YNBZZ,Arcos jamonero Profesional | Cuchillo jamonero jamonero Inoxidable Nitrum | Mango Negro | Cuchillo Jamon iberico | Serie Maitre| Hoja Flexible y Filo Liso | 275 mm | Acero Inoxidable NITRUM,856500FBM,143,8,0.02%,0.05%,168,9,0.02%,0.04%,100.00%,100.00%,1,0,0.70%,0.00%,"24,99 €","0,00 €",1,0
B06XB92VRH,B09LYXZKTZ,CUPERINOX Deluxe Cafetera Italiana Induccion Espresso Inoxidable 4 Tazas,25051,140,4,0.02%,0.02%,176,6,0.02%,0.03%,61.36%,0.00%,1,0,0.71%,0.00%,"19,00 €","0,00 €",1,0
B06XB92VRH,B09LZ2VHYP,CUPERINOX Deluxe Cafetera Italiana Induccion Espresso Inoxidable 10 Tazas,25053FBM,198,2,0.03%,0.01%,246,2,0.02%,0.01%,100.00%,100.00%,1,0,0.51%,0.00%,"36,99 €","0,00 €",1,0
B09S9JLYNK,B09S9JLYNK,"HENDI Máquina para hacer palomitas de maíz, 150g de maíz, ciclo 3,5 min, 230V, 1155W, 560x420x(H)760mm, aluminio, acero inoxidable, cristal templado, negro",H282762,47,4,0.01%,0.02%,58,7,0.01%,0.03%,51.92%,16.67%,1,0,2.13%,0.00%,"401,00 €","0,00 €",1,0
B0B2RGHSMW,B0B2RGHSMW,"HENDI Cesta para Freír, 6L, 238x185x(H)100mm",H930632,75,12,0.01%,0.07%,107,15,0.01%,0.06%,13.41%,0.00%,1,0,1.33%,0.00%,"24,76 €","0,00 €",1,0
B0B31QM7RW,B0B31QM7RW,CUPERINOX Tijeras de costura | 14 cm | Costura profesional | Tijeras modista | Acero Inoxidable | Mango ergonómico | Tijeras sastre,21950,10,0,0.00%,0.00%,11,0,0.00%,0.00%,100.00%,0.00%,1,0,10.00%,0.00%,"7,99 €","0,00 €",1,0
B0B464Q8VS,B0B464Q8VS,CUPERINOX® Kitchen Pro | Tijeras de Cocina Profesional 21 cm Tijeras de Trinchar Carne y Pescado Acero Inoxidable Mango Ergonómico Apto Lavavajillas,21981,40,1,0.01%,0.01%,63,1,0.01%,0.00%,100.00%,0.00%,2,0,5.00%,0.00%,"19,98 €","0,00 €",1,0
B0B464Q8VS,B0B464Q8VS,CUPERINOX® Kitchen Pro | Tijeras de Cocina Profesional 21 cm Tijeras de Trinchar Carne y Pescado Acero Inoxidable Mango Ergonómico Apto Lavavajillas,GL-GPOC-BFYF,40,1,0.01%,0.01%,63,1,0.01%,0.00%,100.00%,0.00%,1,0,2.50%,0.00%,"6,49 €","0,00 €",1,0
B0CZF9QPYH,B0B74Y6L6F,"HENDI Olla de cocina, mediana, sin tapa, caldero, cacerola, apta para fogones de gas, de inducción, eléctricos y de cerámica, apta para el lavavajillas, 6L, ø240x(H)135mm, acero inoxidable",H837726,4,2,0.00%,0.01%,8,5,0.00%,0.02%,100.00%,100.00%,1,1,25.00%,50.00%,"37,30 €","37,30 €",1,1
B0BJPYW95J,B0BJPYW95J,Arcos Accesorios - Sacacorchos Manual Abrebotellas Manual - Mango de Aleación de Zinc - Color Negro mate (Incluye cortacápsulas),607500_,127,14,0.02%,0.09%,181,19,0.02%,0.08%,91.46%,94.44%,1,1,0.79%,7.14%,"39,99 €","39,99 €",1,1
B0BRSYXXRN,B0BRSYXXRN,"HENDI Cesta para Freír, 10L, 280x210x(H)140mm",H961247,51,10,0.01%,0.06%,81,12,0.01%,0.05%,92.31%,100.00%,1,1,1.96%,10.00%,"41,99 €","41,99 €",1,1
B0BRT1JYNQ,B0BRT1JYNQ,Arcos Riviera - Juego de Cuchillos de Cocina (Mondador + 2 Cuchillo Chef) - Acero Inoxidable Forjado NITRUM - Mango POM - Color Negro,838310,113,4,0.02%,0.02%,175,5,0.02%,0.02%,63.29%,50.00%,1,0,0.88%,0.00%,"83,99 €","0,00 €",1,0
B0C49W65HD,B0C49W65HD,Arcos Serie Nordika - Cuchillo Tomatero - Acero Inoxidable NITRUM - Hoja de 130 mm - Mango de Madera Ovengkol 100% natural de bosques certificados FSC® - Embalaje 100% reciclado,165100,37,0,0.01%,0.00%,43,0,0.00%,0.00%,95.24%,0.00%,1,0,2.70%,0.00%,"26,95 €","0,00 €",1,0
B0C49YM5CJ,B0C49YM5CJ,Arcos Serie Nordika - Cuchillo Deba - Acero Inoxidable NITRUM - Hoja de 170 mm - Mango de Madera Ovengkol 100% natural de bosques certificados FSC® - Embalaje 100% reciclado,168100,29,0,0.00%,0.00%,40,0,0.00%,0.00%,90.63%,0.00%,1,0,3.45%,0.00%,"47,99 €","0,00 €",1,0
B0C4B1CKSR,B0C4B1CKSR,Arcos Serie Nordika - Cuchillo Yanagiba - Acero Inoxidable NITRUM - Hoja de 240 mm - Mango de Madera Ovengkol 100% natural de bosques certificados FSC® - Embalaje 100% reciclado,168200,42,0,0.01%,0.00%,55,0,0.01%,0.00%,82.98%,0.00%,1,0,2.38%,0.00%,"49,99 €","0,00 €",1,0
B0D1CXHNFM,B0CFLWSQJX,"HENDI Piedra de afilar japonesa Naniwa, profesional, 2 caras, grano 1000/3000, afilador de cuchillos, piedra de amolar y pulir, incluye caja de almacenamiento de plástico, 185x65x(H)30mm",H820674,16,0,0.00%,0.00%,22,0,0.00%,0.00%,47.37%,0.00%,1,0,6.25%,0.00%,"39,85 €","0,00 €",1,0
B0CM6RWLQM,B0CM6RWLQM,"HENDI Hervidor de Sopa Eléctrico UNIQ, 8L, Negro",H860526,25,5,0.00%,0.03%,37,11,0.00%,0.05%,76.47%,60.00%,1,0,4.00%,0.00%,"165,99 €","0,00 €",1,0
B0CQC8TDDY,B0CQC8TDDY,"HENDI Chafing Dish Eléctrico UNIQ, 12,5L, Negro",H470411,50,5,0.01%,0.03%,73,12,0.01%,0.05%,26.56%,0.00%,2,0,4.00%,0.00%,"354,92 €","0,00 €",1,0
B0D1CVYQWN,B0CQMFQ2B7,"HENDI Mandolina japonesa, cortador, rebanador, manual, regulable, para vegetales, alimentos, frutas, diferentes cuchillas y grosor de corte: 0,5-9mm, acero inoxidable, PP, negro",H237922,36,2,0.01%,0.01%,48,3,0.00%,0.01%,36.59%,0.00%,1,0,2.78%,0.00%,"30,19 €","0,00 €",1,0
B0D1CZJMQ3,B0CQMRLLBB,"HENDI Emplatar Chef Kit, Juego de Herramientas de emplatado y Decorado culinario, 6 Piezas: Pinzas-cucharas-espátula, Incl. Estuche, Acero Inoxidable Satinado, Plata, poliéster, PP",H400081,82,0,0.01%,0.00%,135,0,0.01%,0.00%,28.23%,0.00%,1,0,1.22%,0.00%,"39,30 €","0,00 €",1,0
B0CQMTRX9C,B0CQMTRX9C,"HENDI Hacha de carnicero profesional, herramienta para manipular y cortar carne, hoja de acero inoxidable de 125 mm de largo, mango ergonómico de polietileno blanco de 450 mm",H843390,28,2,0.00%,0.01%,40,3,0.00%,0.01%,91.43%,50.00%,1,0,3.57%,0.00%,"122,99 €","0,00 €",1,0
B0CVH8PC99,B0CQRMMMR5,CUPERINOX Cuchillos Carne | Cuchillos Mesa | Cuchillos Chuleteros | 6 Piezas | Hoja Serrada | Mango Polipropileno | Acero Inoxidable | 11 cm,99901_6pzs,27,0,0.00%,0.00%,29,0,0.00%,0.00%,100.00%,0.00%,1,0,3.70%,0.00%,"9,99 €","0,00 €",1,0
B0CZXS1ZHN,B0CZXS1ZHN,"HENDI Olla de hierro fundido con 3 patas, caldero tipo potjie sudafricano, con tapa y asa, para fuego abierto y horno, 6L, ⌀245x(H)280mm",H629291,426,18,0.06%,0.11%,619,26,0.06%,0.11%,34.07%,0.00%,1,1,0.23%,5.56%,"46,90 €","46,90 €",1,1
B0DG2QX9YD,B0DG2QX9YD,"HENDI Dispensador isotérmico de bebidas, 9L",H425336,167,17,0.02%,0.11%,250,37,0.03%,0.16%,6.54%,0.00%,1,0,0.60%,0.00%,"56,25 €","0,00 €",1,0
B0DG2RQFHP,B0DG2RQFHP,"HENDI Bandeja de horno GN 1/1 Convectomat – 8 moldes redondos – para huevos fritos, tortillas, panqueques, crepes – Revestimiento antiadherente – 260°C – 530x325x(H) 26mm – Acero inoxidable",H808856,36,2,0.01%,0.01%,45,4,0.00%,0.02%,65.00%,0.00%,2,0,5.56%,0.00%,"90,50 €","0,00 €",1,0
B0DG2S21B1,B0DG2S21B1,"HENDI Olla de hierro fundido con tapa y asa, apta para fuego abierto, horno, cocina de gas, inducción, eléctrica y vitrocerámica, 7,2L, ⌀310x(H)130mm",H629376,296,16,0.04%,0.10%,397,21,0.04%,0.09%,23.75%,35.29%,2,2,0.68%,12.50%,"134,98 €","134,98 €",1,1
B0DKP7F29P,B0DJBZ81XL,"Arcos Serie Samoa Iconic | Cacerola Baja Antiadherente Cerámico 28 cm y 4,3 L | Aluminio Forjado | Apta cualquier cocina | Mango Acero Inoxidable | Color Negro | LIBRE DE (PFOA/PTFE/PFOS)",717122,255,3,0.04%,0.02%,326,3,0.03%,0.01%,91.13%,100.00%,1,0,0.39%,0.00%,"72,95 €","0,00 €",1,0
B0DNNKT1W2,B0DNNJCHQP,"Cuperinox-Tetera de Cristal con Infusor para Té e Infusiones, Resistente al Calor y Compatible con Microondas ** - Infusion Prestige Collection (950 ml)",26113,555,17,0.08%,0.11%,773,22,0.08%,0.10%,100.00%,100.00%,1,0,0.18%,0.00%,"19,99 €","0,00 €",1,0
B0DPKXM18X,B0DNQRZ3BN,"CUPERINOX Soporte Jamonero Inoxidable Profesional con Base Antideslizante para Jamones y Paletas, Incluye Cuchillo | Jamoneros Elite Collection",20260,"2,179",74,0.31%,0.46%,"2,442",78,0.25%,0.34%,99.83%,100.00%,1,0,0.05%,0.00%,"24,99 €","0,00 €",1,0
B0DPKXM18X,B0DNQXN97X,CUPERINOX Soporte Jamonero Inoxidable | Jamonero Plegable | Jamonero Giratorio | Jamonero Profesional | Cuchillo Jamonero Profesional y Afilador,20250_fbm,"3,346",125,0.48%,0.78%,"4,355",167,0.44%,0.72%,1.48%,0.92%,1,0,0.03%,0.00%,"72,99 €","0,00 €",1,0
B0DNT3NVG8,B0DNT3NVG8,"CUPERINOX Taza de Viaje 280 ml Térmica con Tapa Hermética, Acero Inoxidable y Aislamiento para Café o Té, Ideal para Llevar y Mantener Bebidas Calientes o Frías|Thermal Collection",26001,29,2,0.00%,0.01%,43,4,0.00%,0.02%,100.00%,100.00%,1,0,3.45%,0.00%,"14,99 €","0,00 €",1,0
B0DVT6KPDV,B0DT75PQN7,"CUPERINOX Kit Cocina Montessori | Cuchillos Niños Aprendizaje +2 Años | Set Completo de Cuchillos Infantiles de 17 Piezas | Incluye Tijeras, Moldes, Batidor, Tabla y Cuchillo Seguro",27017,355,2,0.05%,0.01%,421,2,0.04%,0.01%,100.00%,100.00%,1,0,0.28%,0.00%,"19,99 €","0,00 €",1,0
B0DTK92FQV,B0DTK92FQV,"HENDI Baño María Eléctrico con Grifo, 3x GN 1/3 con Tapas",H238868,31,3,0.00%,0.02%,44,3,0.00%,0.01%,78.95%,100.00%,1,0,3.23%,0.00%,"175,00 €","0,00 €",1,0
B0DPLG5V7Q,B0DWN63DN4,CUPERINOX Tazas de Espresso de Cristal - Vaso cafe - Vaso Cristal - 80ml (Set de 4) - Apto para Lavavajillas y Microondas - Aroma Series,26120_2packs,20,0,0.00%,0.00%,24,0,0.00%,0.00%,100.00%,0.00%,1,0,5.00%,0.00%,"15,99 €","0,00 €",1,0
B0DPLG5V7Q,B0DWN7MZ3R,CUPERINOX Vaso cafe - Tazas de Espresso de Cristal - - Vaso Cristal - 80ml (Set de 6) - Apto para Lavavajillas y Microondas - Aroma Series,26120_3packs,39,0,0.01%,0.00%,50,0,0.01%,0.00%,100.00%,0.00%,1,0,2.56%,0.00%,"17,99 €","0,00 €",1,0
B0FR444FLT,B0F3JLVG2D,Arcos by Chef José Andrés | Cuchillo Pelador de 10 cm Forjado para Frutas y Verduras | Hoja de Acero Inoxidable NITRUM con Borde de Seda | Mango Ergonómico de Madera de Encina,171100,664,7,0.09%,0.04%,712,7,0.07%,0.03%,80.38%,66.67%,1,0,0.15%,0.00%,"48,95 €","0,00 €",1,0
B0FR444FLT,B0F3JW5W24,Arcos by Chef José Andrés | Cuchillo Rocking Santoku de 19 cm Forjado para Precisión Culinaria Profesional | Hoja de Acero Inoxidable NITRUM con Borde de Seda | Mango Ergonómico de Madera de Encina,171600,422,11,0.06%,0.07%,479,13,0.05%,0.06%,94.68%,100.00%,1,0,0.24%,0.00%,"78,85 €","0,00 €",1,0
B0FR444FLT,B0F3JWN8Y2,Arcos by Chef José Andrés | Cuchillo de Pan de 20 cm para Panes Artesanales y Productos de Panadería | Hoja Forjada de Acero Inoxidable NITRUM con Borde de Seda | Mango Ergonómico de Madera de Encina,171500,263,7,0.04%,0.04%,297,9,0.03%,0.04%,82.97%,28.57%,1,0,0.38%,0.00%,"78,95 €","0,00 €",1,0
B0FJLTDB9J,B0F95HH915,"Alicates para pedicura, Profesional, Cortaúñas de Pies, Acero Inoxidable, Mango Ergonómico Antideslizante, Fácil Limpieza, Con Funda, 2 Años de Garantía (Cortauñas Grande)",21931X2,20,1,0.00%,0.01%,24,1,0.00%,0.00%,100.00%,100.00%,1,0,5.00%,0.00%,"7,49 €","0,00 €",1,0
B0FJLTDB9J,B0FB98PM7Z,CUPERINOX® Beauty Care – Pack 3 Cortauñas de Precisión | Alicate + Cortaúñas Mediano + Cortaúñas con Llavero | Acero Inoxidable Profesional | Manicura y Pedicura | Hombre y Mujer,21920+21931+21932,39,0,0.01%,0.00%,44,0,0.00%,0.00%,100.00%,0.00%,1,0,2.56%,0.00%,"12,99 €","0,00 €",1,0
B0FBRQYHVM,B0FBRNCHGJ,"CUPERINOX® Ventilador Portátil Silencioso y Recargable con Power Bank 20000mAh, +50H de batería – Ventilador de Mesa USB con Mando, Luz LED y 4 Velocidades – Ideal para Dormir, Camping y Hogar.",A27000,89,3,0.01%,0.02%,133,5,0.01%,0.02%,99.12%,100.00%,1,0,1.12%,0.00%,"47,49 €","0,00 €",1,0
B0FT8QFSK3,B0FT8QFSK3,BIOLEAF® – Multiusos + Desengrasante Pack 2×750 ml | Limpieza Hogar y Cocina | Potente Antigrasa y Multiusos Brillo Duradero | Fórmula Biodegradable con Esencia Limón | 100% MADE IN SPAIN,BIOLEAF_3443,31,2,0.00%,0.01%,42,2,0.00%,0.01%,97.30%,100.00%,1,0,3.23%,0.00%,"9,99 €","0,00 €",1,0
B08TWZYBPZ,B0FZC8B2NX,"CUPERINOX - Estuche de Cuchillos Profesionales de Cocina 4 Piezas | Chef 20 cm, Santoku 18 cm, Universal 13 cm y Pelador 9 cm | Acero Inoxidable de Alta Precisión | Mango Ergonómico",19301,40,2,0.01%,0.01%,72,2,0.01%,0.01%,88.14%,100.00%,1,1,2.50%,50.00%,"34,99 €","34,99 €",1,1
B0FZC8B2NX,B0FZC8B2NX,"CUPERINOX - Estuche de Cuchillos Profesionales de Cocina 4 Piezas | Chef 20 cm, Santoku 18 cm, Universal 13 cm y Pelador 9 cm | Acero Inoxidable de Alta Precisión | Mango Ergonómico",19301,2,0,0.00%,0.00%,12,0,0.00%,0.00%,100.00%,0.00%,1,0,50.00%,0.00%,"34,99 €","0,00 €",1,0
B0G2CJWWVW,B0G2CJWWVW,VINFER| Fregasuelos Limpiador Concentrado 017 con Fragancia a Magnolia 250 ml |Rinde 5 Litros |Friegasuelos Detergente Multiusos Neutro para Suelos y Superficies|100% Made in Spain,WC017,7,2,0.00%,0.01%,8,2,0.00%,0.01%,100.00%,0.00%,1,0,14.29%,0.00%,"12,99 €","0,00 €",1,0