ASIN (parent),ASIN (child),Título,SKU,Sesiones: total,Sesiones - Total - B2B,Porcentaje de sesiones: total,Porcentaje de sesiones: total - B2B,Visitas: total,Visitas - Total - B2B,Porcentaje de visitas: total,Porcentaje de visitas - Total - B2B,Porcentaje de ofertas destacadas (Buy Box),Porcentaje de ofertas destacadas: B2B,Unidades encargadas,Unidades encargadas - B2B,Porcentaje de unidades por sesión,Porcentaje de sesiones de unidades - B2B,Ventas de productos encargados,Ventas de productos encargados: B2B,Total de artículos de un pedido,Total de artículos de un pedido - B2B
B09NT4VRN7,B0812BKN39,Arcos Juego de Cuchillos Mondadores de 3 Piezas,859800_barras_arcos,"40,776",688,9.96%,7.43%,"55,135",993,9.53%,7.47%,16.10%,12.12%,545,7,1.34%,1.02%,"5.295,54 €","67,97 €",518,6
B08J488ZQG,B089QP6MYJ,Arcos Juego Cuchillos Carne | 6 Piezas | Cuchillos carne cuchillo chuleteros | cubiertos acero inoxidable | Hoja 110 mm | mango monobloque | aptos lavavajillas | Caja Envase Ecológico,815600_fba,"4,549",117,1.11%,1.26%,"7,059",186,1.22%,1.40%,99.54%,100.00%,413,2,9.08%,1.71%,"10.088,78 €","45,88 €",358,1
B09KJLG7BT,B08KW4BFZ9,CUPERINOX Jamonero Profesional | Soporte jamonero Tipo Gondola| Base de Corte para Usar con Cuchillo jamonero | Jamon iberico | Fabricado en España,2020CUP,"1,776",28,0.43%,0.30%,"2,535",34,0.44%,0.26%,94.79%,100.00%,212,5,11.94%,17.86%,"2.762,04 €","64,95 €",209,5
B0D4WK78XV,B0D4WK78XV,CUPERINOX Aceiteras para Aceite Usado | Grasera Acero Inoxidable 550ML con Filtro Metálico | Recipiente para Aceite Usado de Cocina y Grasa | Grasera Cocina Metálica 550ML 2Uds Metálico,22105y22106,"1,820",34,0.44%,0.37%,"2,711",50,0.47%,0.38%,99.46%,100.00%,210,3,11.54%,8.82%,"2.252,14 €","32,97 €",208,3
B08MT437W9,B08MT437W9,Arcos Juego Cuchillos Cocina Profesionales| Cuchillos Cocina Profesional | 6 pzas | Cuchillos Acero Inoxidable Mango Negro | utensilios de cocina serie Niza | Apto lavavajillas,812900,"8,413",99,2.06%,1.07%,"10,663",136,1.84%,1.02%,99.05%,100.00%,199,2,2.37%,2.02%,"6.465,51 €","64,98 €",198,2
B09DYJY471,B08MQJCD2V,Arcos Juego Cuchillos Cocina Profesionales| Cuchillos Cocina Profesional | Cuchillos Acero Inoxidable Mango Negro | utensilios de cocina | cuchillo japones Santoku | lavavajillas (4 Piezas),816900,"1,799",42,0.44%,0.45%,"2,576",60,0.45%,0.45%,99.43%,100.00%,112,3,6.23%,7.14%,"2.911,74 €","77,97 €",112,3
B0BGRT2BVV,B09G9WBKPG,Arcos Juego de 6 Cuchillos de Mesa Chuleteros Hoja 110 mm Negro 705500,705500(805109),"8,646",217,2.11%,2.34%,"12,932",304,2.24%,2.29%,27.82%,22.73%,123,0,1.42%,0.00%,"1.720,77 €","0,00 €",110,0
B09DYJY471,B08MTCRCT4,Arcos Juego Cuchillos Cocina Profesionales| Cuchillos Cocina Profesional | Cuchillos Acero Inoxidable Mango Negro | utensilios de cocina | cuchillo japones Santoku | lavavajillas (5 Piezas),816800,"4,826",109,1.18%,1.18%,"6,664",141,1.15%,1.06%,98.83%,100.00%,107,7,2.22%,6.42%,"3.204,48 €","204,98 €",107,7
B0BGRT2BVV,B09G9WBKPG,Arcos Juego de 6 Cuchillos de Mesa Chuleteros Hoja 110 mm Negro 705500,805109_uss,"8,646",217,2.11%,2.34%,"12,932",304,2.24%,2.29%,27.82%,22.73%,113,8,1.31%,3.69%,"1.580,87 €","111,92 €",99,8
B08J488ZQG,B089QP6MYJ,Arcos Juego Cuchillos Carne | 6 Piezas | Cuchillos carne cuchillo chuleteros | cubiertos acero inoxidable | Hoja 110 mm | mango monobloque | aptos lavavajillas | Caja Envase Ecológico,815600_,"4,549",117,1.11%,1.26%,"7,059",186,1.22%,1.40%,99.54%,100.00%,115,30,2.53%,25.64%,"3.036,25 €","760,70 €",95,20
B07YM65C6J,B007TS6HMQ,ARCOS Pinza para Pescado Acero Inoxidable,605000_caja,622,6,0.15%,0.06%,899,8,0.16%,0.06%,75.94%,66.67%,99,1,15.92%,16.67%,"914,13 €","9,25 €",93,1
B017HKRCGK,B005LR7A1Y,ARCOS Bolsa para Cuchillos 100% Poliéster 460x275 mm,690200_,"2,105",34,0.51%,0.37%,"3,313",56,0.57%,0.42%,56.39%,48.48%,97,10,4.61%,29.41%,"1.420,36 €","138,74 €",89,2
B0CYTKGNPM,B0CW68KM18,Pelador de Cocina ARCOS - Hoja de Acero Inoxidable | Mango Ergonómico | Herramienta Versátil para Pelar Frutas y Verduras,607300,"1,674",39,0.41%,0.42%,"1,975",45,0.34%,0.34%,77.60%,82.35%,93,5,5.56%,12.82%,"724,05 €","37,65 €",89,4
B095SDL23Y,B095SDL23Y,Arcos | cuchillos de mesa (6 ud) | cuchillos acero inoxidable con sierra cuchillo chuletero cuchillos chuleteros | Fabricado en España,813000,"1,331",35,0.33%,0.38%,"2,045",44,0.35%,0.33%,99.55%,100.00%,96,0,7.21%,0.00%,"1.535,04 €","0,00 €",88,0
B08GSTDWTC,B08LVVQ3ZQ,"Arcos Serie Nova - Cuchillo para pelar, Acero Inoxidable NITRUM, Envase Ecológico, 3 colores Fucsia, Turquesa y Amarillo",703700_,"1,000",18,0.24%,0.19%,"1,583",29,0.27%,0.22%,97.99%,100.00%,89,2,8.90%,11.11%,"933,78 €","20,98 €",86,2
B08M7BMR2S,B08LNRV6N6,"Arcos Afiladores, Afilador de Cuchillos de Mano, Hecho de ABS + TPE, Rodillos Cerámico y Carburo, Color Blanco y Negro",610624_fbm,"1,570",36,0.38%,0.39%,"1,874",46,0.32%,0.35%,98.72%,100.00%,85,6,5.41%,16.67%,"1.166,48 €","82,20 €",84,6
B09DYJY471,B08MTCRCT4,Arcos Juego Cuchillos Cocina Profesionales| Cuchillos Cocina Profesional | Cuchillos Acero Inoxidable Mango Negro | utensilios de cocina | cuchillo japones Santoku | lavavajillas (5 Piezas),816800fbm,"4,826",109,1.18%,1.18%,"6,664",141,1.15%,1.06%,98.83%,100.00%,83,6,1.72%,5.50%,"2.489,17 €","179,94 €",83,6
B08M7BMR2S,B08LNRV6N6,"Arcos Afiladores, Afilador de Cuchillos de Mano, Hecho de ABS + TPE, Rodillos Cerámico y Carburo, Color Blanco y Negro",610624,"1,570",36,0.38%,0.39%,"1,874",46,0.32%,0.35%,98.72%,100.00%,83,3,5.29%,8.33%,"1.137,54 €","41,10 €",82,3
B09CL776WP,B09CL776WP,CUPERINOX® Cuchillos de Mesa Acero Inoxidable – Set 12 Cuchillos para Carne con Filo Dentado – Aptos Lavavajillas – Uso Diario y Profesional,15015,"1,223",57,0.30%,0.62%,"1,881",99,0.33%,0.75%,99.26%,98.39%,141,43,11.53%,75.44%,"2.537,73 €","769,37 €",80,15
B0DNNL2TZQ,B0DNN57WC1,"CUPERINOX Aceitera de Cristal Antigoteo para Aceite de Oliva, Resistente y Fácil de Limpiar Gourmet Oil Collection (250 Ml)",22022_,717,13,0.18%,0.14%,"1,009",21,0.17%,0.16%,99.89%,100.00%,84,10,11.72%,76.92%,"877,91 €","106,45 €",78,5
B09RP6V156,B09RP6V156,"CUPERINOX® Alicates para pedicura, Profesional, Cortaúñas de Pies, Acero Inoxidable, Mango Ergonómico Antideslizante, Fácil Limpieza, Con Funda, 2 Años de Garantía",21920AM_fba,554,20,0.14%,0.22%,827,32,0.14%,0.24%,100.00%,100.00%,91,22,16.43%,110.00%,"863,59 €","208,78 €",75,7
B0752NT3TH,B005LR77GC,ARCOS Tijeras de Cocina Profesional 235 mm,185701,"1,109",48,0.27%,0.52%,"1,724",66,0.30%,0.50%,24.58%,13.95%,75,1,6.76%,2.08%,"674,25 €","8,99 €",71,1
B0DPKXM18X,B0DNQX2BZN,"CUPERINOX Soporte Jamonero Plegable | Jamonero Giratorio | Jamonero de Bambú con Cuchillo Profesional, Afilador y Funda para Jamón | Elite Collection",20270_fbm,"1,188",20,0.29%,0.22%,"1,971",31,0.34%,0.23%,99.83%,100.00%,68,2,5.72%,10.00%,"3.259,82 €","99,98 €",68,2
B0B3CWSDRQ,B00CF20V2I,ARCOS Chaira Afilador Manual Acero Carbono Cromado Negro 230 mm,278100_,626,16,0.15%,0.17%,882,26,0.15%,0.20%,84.39%,81.25%,70,13,11.18%,81.25%,"806,46 €","136,52 €",65,8
B0DVT6KPDV,B0DT6ZPGVQ, ,27008,575,16,0.14%,0.17%,834,20,0.14%,0.15%,99.22%,93.33%,59,2,10.26%,12.50%,"646,15 €","21,98 €",58,2
B0D4WK78XV,B0D4WK78XV,CUPERINOX Aceiteras para Aceite Usado | Grasera Acero Inoxidable 550ML con Filtro Metálico | Recipiente para Aceite Usado de Cocina y Grasa | Grasera Cocina Metálica 550ML 2Uds Metálico,22105+22106pack,"1,820",34,0.44%,0.37%,"2,711",50,0.47%,0.38%,99.46%,100.00%,56,0,3.08%,0.00%,"519,68 €","0,00 €",56,0
B0752X1ZCK,B07G77NN26,Arcos Cuchillos de Mesa - Caja de 12 uds Cuchillo Chuletero Cuchillo de Mesa - Hoja de Acero Inoxidable NITRUM 110 mm - Mango de Nylon - Color Negro (12 uds),803000_fmb,"1,324",45,0.32%,0.49%,"1,977",55,0.34%,0.41%,98.36%,96.67%,57,1,4.31%,2.22%,"1.526,91 €","28,99 €",55,1
B06XB92VRH,B00YU2ZWGG,CUPERINOX Cafetera Italiana Induccion Espresso Acero Inoxidable 10 Tazas,25034_fbm,"1,370",19,0.33%,0.21%,"2,186",24,0.38%,0.18%,99.70%,100.00%,54,4,3.94%,21.05%,"970,96 €","70,66 €",53,3
B0DPKXM18X,B0DNQT7LV3,"CUPERINOX Soporte Jamonero Balancín | Jamonero Giratorio Profesional | Jamonero Madera | Incluye Cuchillo Profesional, Afilador Funda Cubre Jamón| Jamoneros Elite Collection",20265_,718,21,0.18%,0.23%,"1,393",33,0.24%,0.25%,99.84%,100.00%,49,1,6.82%,4.76%,"4.197,41 €","84,99 €",49,1
B017HKG9PK,B0044R87RS,Arcos Cuchillo para Maitre Negro 215 mm,151000,"5,595",147,1.37%,1.59%,"8,520",234,1.47%,1.76%,15.52%,11.89%,49,4,0.88%,2.72%,"736,51 €","59,96 €",48,4
B09GSCQQF9,B07G77FNSF,"Arcos Serie Cuchillos de Mesa Caja 12 uds Cuchillo Postre, Hoja Serrada de Acero Inoxidable NITRUM de 105 mm, Mango Polipropileno Color crema (12 UDS)",370100_us,878,17,0.21%,0.18%,"1,311",26,0.23%,0.20%,99.56%,100.00%,63,3,7.18%,17.65%,"1.149,01 €","54,01 €",48,2
B0DQV6381X,B0DQDQ1DB8,CUPERINOX Jamonero | Jamonero Giratorio | Tabla Cortar Jamon | Jamoneros Profesional | Jamonero Plegable | Tabla Jamon | Cortador de Jamon,SC_20270,"1,005",17,0.25%,0.18%,"1,674",24,0.29%,0.18%,99.93%,100.00%,48,0,4.78%,0.00%,"1.566,19 €","0,00 €",48,0
B098BLF7X6,B098BLF7X6,"Tradineur - Grasera metálica para pescado con filtro, aceitera con colador para conservación de aceite de acero inoxidable, recipiente para colar aceites - Ø 9 cm",22106_us,419,7,0.10%,0.08%,580,8,0.10%,0.06%,91.97%,100.00%,47,1,11.22%,14.29%,"352,15 €","7,49 €",47,1
B09N7S17J6,B09D3YRGL9,"CUPERINOX Navaja Plegable Multiusos – Hoja de Acero Inoxidable 80 mm (Filo Liso + Serrado), Punta Rompevidrios, Apertura Rápida, Clip de Cinturón, Herramienta para Camping, Caza, Pesca y Supervivencia",30061_solo_navaja,"1,048",21,0.26%,0.23%,"1,593",34,0.28%,0.26%,98.77%,95.00%,45,2,4.29%,9.52%,"424,66 €","18,25 €",44,2
B0DNNKT1W2,B0DNNFJ5J7,"Cuperinox-Tetera de Cristal con Infusor para Té e Infusiones, Resistente al Calor y Compatible con Microondas ** - Infusion Prestige Collection (350 ml)",26110,"1,709",67,0.42%,0.72%,"2,385",110,0.41%,0.83%,99.67%,100.00%,62,25,3.63%,37.31%,"799,60 €","303,09 €",43,6
B0C4DTYRJW,B071LGMMGV,Arcos Juego Cuchillos Cocina Profesionales| Cuchillos Cocina Profesional Set Cuchillos | Mango Negro (3 Piezas),862600,"2,001",36,0.49%,0.39%,"2,874",65,0.50%,0.49%,99.19%,100.00%,41,0,2.05%,0.00%,"1.639,59 €","0,00 €",40,0
B0DNNL2TZQ,B0DNN4J6Q8,"CUPERINOX Aceitera antigoteo cristal para Aceite de Oliva, Vinagre etc. A prueba de fugas, Aceitera cristal antigoteo tambien aceiteros cocina ideal para Ensaladas, BBQ, cooking oil container (125 ML)",22021_,839,24,0.21%,0.26%,"1,172",38,0.20%,0.29%,99.63%,100.00%,39,3,4.65%,12.50%,"413,12 €","31,98 €",37,3
B089MW6B1B,B078JNZS9T,Arcos Estuche de 3 Cuchillos Básicos de Cocina. Pack de Cuchillos con Hoja de Acero Inoxidable y Mango de Polieximetileno Aptos para Lavavajillas. Serie Universal. Color Negro,807400_us,"3,591",83,0.88%,0.90%,"5,338",115,0.92%,0.87%,27.49%,36.36%,35,2,0.97%,2.41%,"1.418,49 €","80,98 €",35,2
B08M7BMR2S,B00I9XTLSC,ARCOS Afilador Profesional Manual Cerámica y Carbono Rojo-Negro,610600_2,"15,996",301,3.91%,3.25%,"22,413",434,3.87%,3.27%,1.85%,0.78%,35,0,0.22%,0.00%,"472,89 €","0,00 €",34,0
B00J3ZTXAG,B00J3ZTXAG,Arcos Cuchillo Jamonero 250 mm Acero Inoxidable Serie Latina,101301_fbm,630,15,0.15%,0.16%,950,21,0.16%,0.16%,45.55%,50.00%,34,0,5.40%,0.00%,"339,66 €","0,00 €",34,0
B08MT437W9,B08MT437W9,Arcos Juego Cuchillos Cocina Profesionales| Cuchillos Cocina Profesional | 6 pzas | Cuchillos Acero Inoxidable Mango Negro | utensilios de cocina serie Niza | Apto lavavajillas,812900fbm,"8,413",99,2.06%,1.07%,"10,663",136,1.84%,1.02%,99.05%,100.00%,35,5,0.42%,5.05%,"1.138,23 €","162,45 €",34,5
B09381N96H,B07G75XCXM,"Arcos Serie Cuchillos de Mesa Caja 12 uds Cuchillo Mesa, Hoja Serrada de Acero Inoxidable NITRUM de 125 mm, Mango Polipropileno Color crema (12 UDS)",370200_fbm,438,16,0.11%,0.17%,655,20,0.11%,0.15%,99.32%,100.00%,32,2,7.31%,12.50%,"639,68 €","39,98 €",32,2
B08G8QCM5H,B08G8QCM5H,ARCOS cuchillo pelador | 6 PIEZAS | cuchillo de pelar | cuchillos pelar patatas | Hoja 100 mm | Negro | cuchillo arcos pelador Acero Inoxidable,816500_,"1,242",37,0.30%,0.40%,"1,641",48,0.28%,0.36%,100.00%,100.00%,35,5,2.82%,13.51%,"664,65 €","94,95 €",32,2
B00CRMZA8Q,B00CRMZA8Q,ARCOS Sacacorchos Eléctrico en ABS con Batería Interna Recargable. Abrebotellas Eléctrico Moderno y Elegante con Cortacápsulas y Luz Indicadora. Color Negro,604600_,"1,537",33,0.38%,0.36%,"2,181",71,0.38%,0.53%,43.97%,60.00%,29,3,1.89%,9.09%,"1.239,25 €","121,51 €",29,3
B017HKG9PK,B0044R87ZU,Arcos Cuchillo Cocina Acero Inoxidable Nitrum y Hoja 180 mm. Cuchillo Utilidad Profesional. Mango ergonómico polioximetileno Pom. Serie Maitre. Color Negro.,150800_fbm,"1,550",30,0.38%,0.32%,"1,981",42,0.34%,0.32%,31.65%,43.75%,31,3,2.00%,10.00%,"411,19 €","39,75 €",28,1
B0822MXSQQ,B00D3LF7EC, ,277000_fbm,595,23,0.15%,0.25%,976,44,0.17%,0.33%,45.89%,24.14%,28,4,4.71%,17.39%,"663,56 €","91,96 €",28,4
B0C4DTYRJW,B094QVHPQ8,Arcos Juego Cuchillos Cocina Profesionales| Cuchillos Cocina Profesional Set Cuchillos | Mango Negro (4 Piezas),813500FBM,991,22,0.24%,0.24%,"1,314",30,0.23%,0.23%,96.36%,100.00%,28,1,2.83%,4.55%,"963,60 €","33,75 €",28,1
B0DNNL2TZQ,B0DNNFGWNJ,"CUPERINOX Aceitera de Cristal Antigoteo para Aceite de Oliva, Resistente y Fácil de Limpiar Gourmet Oil Collection (500 Ml)",22023_,317,10,0.08%,0.11%,466,11,0.08%,0.08%,100.00%,100.00%,29,0,9.15%,0.00%,"354,21 €","0,00 €",28,0
B093DSL44T,B07F9RV81Z,Arcos Cuchillo Chuletero de 4 Pulgadas con Hoja de 105mm en Acero Inoxidable y Mango de Madera. Cuchillo para Carne Apto para Lavavajillas. Serie Latina. Color Marrón,100400_fba,929,30,0.23%,0.32%,"1,358",34,0.23%,0.26%,83.98%,100.00%,32,2,3.44%,6.67%,"1.151,68 €","71,98 €",27,1
B08L8MV8XD,B005LR72SK,Arcos Juego de Cuchillos con Bloque Acero Inoxidable 6 piezas,136100_,"5,627",99,1.38%,1.07%,"8,183",150,1.41%,1.13%,15.69%,20.00%,26,1,0.46%,1.01%,"1.168,70 €","44,95 €",26,1
B09GSCQQF9,B07G77FNSF,"Arcos Serie Cuchillos de Mesa Caja 12 uds Cuchillo Postre, Hoja Serrada de Acero Inoxidable NITRUM de 105 mm, Mango Polipropileno Color crema (12 UDS)",370100_,878,17,0.21%,0.18%,"1,311",26,0.23%,0.20%,99.56%,100.00%,28,3,3.19%,17.65%,"511,00 €","54,75 €",26,2
B08M99RZRV,B08M99RZRV,Arcos | Cuchillo Jamonero Cuchillo deshuesador | 2 Uds | Set cuchillos jamoneros 250 mm y cuchillo deshuesador (140 mm) jamonero profesional | cuchillo carnicero profesional | Eco,703800,"1,026",22,0.25%,0.24%,"1,261",25,0.22%,0.19%,99.06%,100.00%,26,1,2.53%,4.55%,"1.039,74 €","39,99 €",26,1
B0C4DTYRJW,B071LGMMGV,Arcos Juego Cuchillos Cocina Profesionales| Cuchillos Cocina Profesional Set Cuchillos | Mango Negro (3 Piezas),862600_,"2,001",36,0.49%,0.39%,"2,874",65,0.50%,0.49%,99.19%,100.00%,25,2,1.25%,5.56%,"850,95 €","73,78 €",25,2
B0752X1ZCK,B07G77NN26,Arcos Cuchillos de Mesa - Caja de 12 uds Cuchillo Chuletero Cuchillo de Mesa - Hoja de Acero Inoxidable NITRUM 110 mm - Mango de Nylon - Color Negro (12 uds),803000,"1,324",45,0.32%,0.49%,"1,977",55,0.34%,0.41%,98.36%,96.67%,26,2,1.96%,4.44%,"748,71 €","57,98 €",25,2
B08M9NWMW8,B08M9NWMW8,Arcos Juego de Cuchillos de Cocina Profesional y Afilador | 7 Piezas | Acero Inoxidable | Taco de Madera | Serie Niza | Uso Cotidiano | Apto para Lavavajillas,835800FBM,676,16,0.17%,0.17%,978,42,0.17%,0.32%,97.68%,100.00%,25,2,3.70%,12.50%,"1.374,75 €","109,98 €",25,2
B0DNNL2TZQ,B0DNN57WC1,"CUPERINOX Aceitera de Cristal Antigoteo para Aceite de Oliva, Resistente y Fácil de Limpiar Gourmet Oil Collection (250 Ml)",22022,717,13,0.18%,0.14%,"1,009",21,0.17%,0.16%,99.89%,100.00%,26,1,3.63%,7.69%,"311,74 €","11,99 €",25,1
B017HKR8WS,B005LR7EP6,ARCOS Afilador de Cuchillos Profesional ABS,610000,"2,512",70,0.61%,0.76%,"3,881",128,0.67%,0.96%,35.58%,36.84%,24,6,0.96%,8.57%,"1.578,76 €","390,94 €",24,6
B08LVZCG23,B08LVZCG23,Arcos Juego de Cuchillos de Cocina Rosa | 3 pz | Cuchillo Chef para pelar Verduras | Edición Limitada | Solidaria,814500,"1,496",26,0.37%,0.28%,"2,020",34,0.35%,0.26%,99.33%,100.00%,26,2,1.74%,7.69%,"687,24 €","50,68 €",24,1
B09MSDJQJ1,B08M3B43J6,"Arcos | Juego Cuchillo Jamonero 3 Pzas | jamonero Acero Inoxidable (240 mm), afilador Chaira y Cubre jamón | Juego Cuchillos jamonero Profesional | Paleta ibérica | Eco",704300_fbm,572,17,0.14%,0.18%,849,17,0.15%,0.13%,99.21%,100.00%,23,1,4.02%,5.88%,"631,79 €","25,25 €",23,1
B084WYHN2S,B084WYHN2S,CUPERINOX Cuchillos Carne | Cuchillos Mesa | Cuchillos Chuleteros | Cuchillo Sierra | 100 mm | Acero Inoxidable | Cuchillos para mesa (Madera),13012,804,27,0.20%,0.29%,"1,075",39,0.19%,0.29%,28.22%,56.25%,40,17,4.98%,62.96%,"356,05 €","158,67 €",22,7
B08GSTDWTC,B08G4D9718,"Arcos | Cuchillos 3 Colores | Cuchillo de pelar | Cuchillos pelar Patatas | Acero Inoxidable Nitrum| Envase Ecológico | Cuchillo Colores (85 mm, Amarillo, Turquesa, Naranja)",816700_francia,413,11,0.10%,0.12%,526,18,0.09%,0.14%,97.29%,100.00%,24,2,5.81%,18.18%,"232,31 €","19,50 €",22,2
B08G8QHY23,B08G8QHY23,Arcos | cuchillos chuleteros cuchillo madera cuchillo chuletero | 6 Piezas | juego cuchillos carne | cuchillos mango madera | Envase Eco | Fabricado en España,809300,606,9,0.15%,0.10%,847,11,0.15%,0.08%,100.00%,75.00%,24,0,3.96%,0.00%,"512,52 €","0,00 €",22,0
B095SDL23Y,B095SDL23Y,Arcos | cuchillos de mesa (6 ud) | cuchillos acero inoxidable con sierra cuchillo chuletero cuchillos chuleteros | Fabricado en España,813000_fbm,"1,331",35,0.33%,0.38%,"2,045",44,0.35%,0.33%,99.55%,100.00%,27,7,2.03%,20.00%,"441,38 €","111,31 €",22,5
B09CL776WP,B09CL776WP,CUPERINOX® Cuchillos de Mesa Acero Inoxidable – Set 12 Cuchillos para Carne con Filo Dentado – Aptos Lavavajillas – Uso Diario y Profesional,15015_,"1,223",57,0.30%,0.62%,"1,881",99,0.33%,0.75%,99.26%,98.39%,30,0,2.45%,0.00%,"599,70 €","0,00 €",22,0
B017HKG9PK,B0044R87YQ,Arcos Cuchillo para Maitre Negro 100 mm,150500_pp,"1,512",34,0.37%,0.37%,"2,206",46,0.38%,0.35%,11.29%,8.33%,25,0,1.65%,0.00%,"248,75 €","0,00 €",21,0
B017DLH9RA,B017DLH9RA,ARCOS Cuchillo Abre Ostras Acero Inoxidable 60 mm,227200_us,164,11,0.04%,0.12%,224,15,0.04%,0.11%,61.22%,16.67%,26,2,15.85%,18.18%,"207,74 €","15,98 €",21,2
B0B3CPHPXR,B07BQ5CCMD,ARCOS Sacacorchos Manual de ABS Aleación de Zinc,604700_,977,27,0.24%,0.29%,"1,428",37,0.25%,0.28%,19.79%,4.00%,23,1,2.35%,3.70%,"796,03 €","27,26 €",21,1
B09QDH8MSK,B07N8VWHT9,Arcos Tacos - Bloque Universal para Cuchillos hasta 20 cm - Hecho de Caucho Termoplástico 220 x 160 x 65 mm - Color Negro,794500_,"1,583",38,0.39%,0.41%,"2,237",54,0.39%,0.41%,22.54%,19.44%,21,1,1.33%,2.63%,"545,79 €","25,99 €",21,1
B089M821V5,B089M821V5,Arcos Cuchillos Carne | 6 pzas | Cuchillos chuleteros Set Cuchillo de Mesa Sierra | Mango Madera | Hoja 110 mm | Cuchillos Carne Mesa | Apto lavavajillas | Envase Carton | Ecologico,815500,"1,267",29,0.31%,0.31%,"1,795",43,0.31%,0.32%,98.41%,100.00%,25,0,1.97%,0.00%,"664,75 €","0,00 €",21,0
B0DNNKT1W2,B0DNNJPRXB,"Cuperinox-Tetera de Cristal con Infusor para Té e Infusiones, Resistente al Calor y Compatible con Microondas ** - Infusion Prestige Collection (550 ml)",26111_,875,26,0.21%,0.28%,"1,153",34,0.20%,0.26%,99.41%,100.00%,21,0,2.40%,0.00%,"356,79 €","0,00 €",21,0
B0752TVHLW,B0044R87QE,Arcos Cuchillo Cocina Acero Inoxidable 200 mm,280604_,"1,197",40,0.29%,0.43%,"1,691",55,0.29%,0.41%,30.25%,10.53%,21,2,1.75%,5.00%,"430,95 €","40,98 €",20,2
B08JCVQ4QL,B08JCVQ4QL,"Arcos Series Niza - Juego de Cuchillos Cocina, 6 Piezas, Cuchillos Verduras 110 mm, + Cuchillo Mesa, Envase 100% Ecológico, Acero Inoxidable NITRUM",809400,"1,126",15,0.28%,0.16%,"1,608",22,0.28%,0.17%,99.64%,100.00%,22,0,1.95%,0.00%,"378,06 €","0,00 €",20,0
B08JCVQ4QL,B08JCVQ4QL,"Arcos Series Niza - Juego de Cuchillos Cocina, 6 Piezas, Cuchillos Verduras 110 mm, + Cuchillo Mesa, Envase 100% Ecológico, Acero Inoxidable NITRUM",809400_,"1,126",15,0.28%,0.16%,"1,608",22,0.28%,0.17%,99.64%,100.00%,20,1,1.78%,6.67%,"399,80 €","19,99 €",20,1
B0DNNKT1W2,B0DNNJCHQP,"Cuperinox-Tetera de Cristal con Infusor para Té e Infusiones, Resistente al Calor y Compatible con Microondas ** - Infusion Prestige Collection (950 ml)",26113_,297,9,0.07%,0.10%,435,18,0.08%,0.14%,100.00%,100.00%,21,1,7.07%,11.11%,"420,12 €","19,99 €",20,1
B0DNNKT1W2,B0DNNJPRXB,"Cuperinox-Tetera de Cristal con Infusor para Té e Infusiones, Resistente al Calor y Compatible con Microondas ** - Infusion Prestige Collection (550 ml)",26111,875,26,0.21%,0.28%,"1,153",34,0.20%,0.26%,99.41%,100.00%,20,3,2.29%,11.54%,"320,02 €","45,19 €",20,3
B08XYXJ173,B00J4L7FEU,Arcos Hachuela Macheta de Cocina Acero Inoxidable 160 mm,282404_us,362,8,0.09%,0.09%,552,11,0.10%,0.08%,66.94%,50.00%,19,1,5.25%,12.50%,"469,89 €","23,99 €",19,1
B0937XXT33,B01CQT1B5U,"Arcos Cuchillos de Mesa Juego de Cuchillos Chuleteros Cuchillos de Mesa, Monoblock de una pieza de Acero Inoxidable 110 mm, Color Plata (12 uds)",702000_us,562,23,0.14%,0.25%,905,44,0.16%,0.33%,87.52%,100.00%,24,9,4.27%,39.13%,"1.144,56 €","424,71 €",19,5
B08NW1VQRT,B08NW1VQRT,CUPERINOX Navaja para Setas y Champiñones | Acero Inoxidable | Con Cepillo y Funda Incluida | Micológica,2181,285,3,0.07%,0.03%,422,4,0.07%,0.03%,99.48%,100.00%,20,1,7.02%,33.33%,"209,80 €","10,49 €",19,1
B0DNNL2TZQ,B0DNNF3839,"CUPERINOX Aceitera de Cristal Antigoteo para Aceite de Oliva, Resistente y Fácil de Limpiar Gourmet Oil Collection (1000 Ml)",22024_,401,9,0.10%,0.10%,560,12,0.10%,0.09%,99.80%,100.00%,19,1,4.74%,11.11%,"338,36 €","14,24 €",19,1
B017HKRCGK,B005LR7AWI,ARCOS Bolsa Portacuchillos 8 Piezas Poliéster 500x510mm,690400_,527,10,0.13%,0.11%,749,11,0.13%,0.08%,43.97%,33.33%,18,0,3.42%,0.00%,"449,82 €","0,00 €",18,0
B00J4L7DZ6,B00J4L7DZ6,Arcos Serie Toscana - Juego de Tenedores de Mesa (3 tenedores) - Monoblock de una pieza en Acero Inoxidable 18/10 y 200 mm - Color Plata,574700_,694,25,0.17%,0.27%,"1,075",32,0.19%,0.24%,33.44%,28.57%,29,1,4.18%,4.00%,"260,71 €","8,99 €",18,1
B017DLHEGQ,B017DLHEGQ,Arcos Chaira Afilador Manual de Cuchillos 230 mm,279400,304,9,0.07%,0.10%,446,11,0.08%,0.08%,56.38%,50.00%,19,0,6.25%,0.00%,"313,50 €","0,00 €",18,0
B0937XXT33,B01CQT1B5U,"Arcos Cuchillos de Mesa Juego de Cuchillos Chuleteros Cuchillos de Mesa, Monoblock de una pieza de Acero Inoxidable 110 mm, Color Plata (12 uds)",702000,562,23,0.14%,0.25%,905,44,0.16%,0.33%,87.52%,100.00%,19,0,3.38%,0.00%,"911,81 €","0,00 €",18,0
B09NT4VRN7,B0812BKN39,Arcos Juego de Cuchillos Mondadores de 3 Piezas,859800_,"40,776",688,9.96%,7.43%,"55,135",993,9.53%,7.47%,16.10%,12.12%,19,11,0.05%,1.60%,"188,67 €","106,16 €",18,10
B08Y8NS7PN,B08MT61GJV,Arcos Juego Cuchillos Cocina | 2 pzas |Profesional (150 mm) | Cuchillo Cortador Verduras (100 mm)| Acero Inoxidable Nitrum | Mango Negro | Envase Eco,819900fbm,312,6,0.08%,0.06%,453,8,0.08%,0.06%,99.03%,100.00%,20,4,6.41%,66.67%,"359,08 €","71,24 €",18,3
B0DNNL2TZQ,B0DNN4J6Q8,"CUPERINOX Aceitera antigoteo cristal para Aceite de Oliva, Vinagre etc. A prueba de fugas, Aceitera cristal antigoteo tambien aceiteros cocina ideal para Ensaladas, BBQ, cooking oil container (125 ML)",22021,839,24,0.21%,0.26%,"1,172",38,0.20%,0.29%,99.63%,100.00%,18,1,2.15%,4.17%,"207,22 €","11,49 €",18,1
B0752TVHLW,B00J4L7FEU,Arcos Hachuela Macheta de Cocina Acero Inoxidable 160 mm,282404_us,718,24,0.18%,0.26%,"1,070",31,0.18%,0.23%,22.73%,20.00%,17,1,2.37%,4.17%,"421,19 €","23,99 €",17,1
B08G8QCM5H,B08G8QCM5H,ARCOS cuchillo pelador | 6 PIEZAS | cuchillo de pelar | cuchillos pelar patatas | Hoja 100 mm | Negro | cuchillo arcos pelador Acero Inoxidable,816500_fbm,"1,242",37,0.30%,0.40%,"1,641",48,0.28%,0.36%,100.00%,100.00%,19,6,1.53%,16.22%,"313,61 €","105,09 €",17,5
B08NW1VQRT,B08NW1VQRT,CUPERINOX Navaja para Setas y Champiñones | Acero Inoxidable | Con Cepillo y Funda Incluida | Micológica,PE2181,285,3,0.07%,0.03%,422,4,0.07%,0.03%,99.48%,100.00%,18,0,6.32%,0.00%,"185,87 €","0,00 €",17,0
B093313MH6,B093313MH6,Arcos | Cuchillo de deshuesar| Cuchillo deshuesador | cuchillo deshuesador jamón | cuchillo deshuesador (140 mm) Clásica| Envase Eco | cuchillo puntilla jamonero,256210,480,10,0.12%,0.11%,665,20,0.11%,0.15%,99.33%,100.00%,17,0,3.54%,0.00%,"318,13 €","0,00 €",17,0
B0DNNKT1W2,B0DNNFJ5J7,"Cuperinox-Tetera de Cristal con Infusor para Té e Infusiones, Resistente al Calor y Compatible con Microondas ** - Infusion Prestige Collection (350 ml)",26110_,"1,709",67,0.42%,0.72%,"2,385",110,0.41%,0.83%,99.67%,100.00%,18,0,1.05%,0.00%,"269,82 €","0,00 €",17,0
B0DNNKT1W2,B0DNNJPGTY,"Cuperinox-Tetera de Cristal con Infusor para Té e Infusiones, Resistente al Calor y Compatible con Microondas ** - Infusion Prestige Collection (750 ml)",26112,450,16,0.11%,0.17%,666,30,0.12%,0.23%,99.66%,100.00%,17,0,3.78%,0.00%,"297,83 €","0,00 €",17,0
B08XYZRKC4,B007TS6GWW,"ARCOS Juego de Cubiertos de 24 Piezas para Mesa. Cuberterí­a Completa para 6 Personas. Set de 6 Cucharas, 6 Cuchillos, 6 Tenedores y 6 Cucharas de Postre. Serie Toscana. Color Plata",572400,"3,573",79,0.87%,0.85%,"5,128",125,0.89%,0.94%,24.72%,29.41%,21,0,0.59%,0.00%,"1.366,93 €","0,00 €",16,0
B017DLM9SO,B017DLM9SO,ARCOS Tenedores para Tartas Acero Inoxidable 18/10 140 mm,574300_,892,21,0.22%,0.23%,"1,397",37,0.24%,0.28%,18.32%,37.93%,18,4,2.02%,19.05%,"181,52 €","38,02 €",16,3
B0B8Z4CJBC,B07F2YVB15,"Arcos Juego Cuchillos Pelar Acero Inoxidable Nitrum 4""",136500_2,"1,065",24,0.26%,0.26%,"1,761",42,0.30%,0.32%,31.86%,23.33%,16,1,1.50%,4.17%,"301,16 €","19,24 €",16,1
B08LVZCG23,B08LVZCG23,Arcos Juego de Cuchillos de Cocina Rosa | 3 pz | Cuchillo Chef para pelar Verduras | Edición Limitada | Solidaria,814500_fba,"1,496",26,0.37%,0.28%,"2,020",34,0.35%,0.26%,99.33%,100.00%,16,0,1.07%,0.00%,"479,84 €","0,00 €",16,0
B08J488ZQG,B0987N2CBR,Arcos Juego Cuchillos Carne | 6 Piezas | Cuchillos carne cuchillo chuleteros | cubiertos acero inoxidable | Hoja 110 mm | mango monobloque | aptos lavavajillas | Caja Envase Ecológico,814000FBM,"1,097",26,0.27%,0.28%,"1,243",34,0.21%,0.26%,99.81%,100.00%,20,3,1.82%,11.54%,"510,80 €","81,17 €",16,2
B09N7S17J6,B09D3YRGL9,"CUPERINOX Navaja Plegable Multiusos – Hoja de Acero Inoxidable 80 mm (Filo Liso + Serrado), Punta Rompevidrios, Apertura Rápida, Clip de Cinturón, Herramienta para Camping, Caza, Pesca y Supervivencia",30061_,"1,048",21,0.26%,0.23%,"1,593",34,0.28%,0.26%,98.77%,95.00%,18,2,1.72%,9.52%,"179,82 €","19,98 €",16,2
B0714CRSCQ,B0714CRSCQ,Arcos Cuchillo Mondador Negro 100 mm,150300,611,34,0.15%,0.37%,916,52,0.16%,0.39%,12.71%,2.44%,15,0,2.45%,0.00%,"155,25 €","0,00 €",15,0
B0B8Z4CJBC,B07F2YVB15,"Arcos Juego Cuchillos Pelar Acero Inoxidable Nitrum 4""",136500,"1,065",24,0.26%,0.26%,"1,761",42,0.30%,0.32%,31.86%,23.33%,15,0,1.41%,0.00%,"288,60 €","0,00 €",15,0
B0752TVHLW,B07JJGTQK4,Arcos Conjunto Cuchillos 3 piezas - Acero Inoxidable Nitrum y Hoja mm. Cuchillo cocina profesional cocinar. 590 gr. Mango ergonómico polioximetileno POM. Serie Universal. Mayor control. Color negro.,807410_,348,4,0.09%,0.04%,526,6,0.09%,0.05%,70.38%,100.00%,19,5,5.46%,125.00%,"757,16 €","196,80 €",15,1
B09MSDJQJ1,B08M3B43J6,"Arcos | Juego Cuchillo Jamonero 3 Pzas | jamonero Acero Inoxidable (240 mm), afilador Chaira y Cubre jamón | Juego Cuchillos jamonero Profesional | Paleta ibérica | Eco",704300,572,17,0.14%,0.18%,849,17,0.15%,0.13%,99.21%,100.00%,15,0,2.62%,0.00%,"450,35 €","0,00 €",15,0
B0DNNL2TZQ,B0DNNFGWNJ,"CUPERINOX Aceitera de Cristal Antigoteo para Aceite de Oliva, Resistente y Fácil de Limpiar Gourmet Oil Collection (500 Ml)",22023,317,10,0.08%,0.11%,466,11,0.08%,0.08%,100.00%,100.00%,16,0,5.05%,0.00%,"239,84 €","0,00 €",15,0
B00W9SPO5M,B00W9SPO5M,Arcos Tijeras de Modista de Acero Forjado 178 mm - Uso Profesional y Doméstico - Niqueladas en Plata - Serie Style,504200,179,5,0.04%,0.05%,251,8,0.04%,0.06%,80.43%,100.00%,14,1,7.82%,20.00%,"202,36 €","13,99 €",14,1
B093DSL44T,B07F9RV81Z,Arcos Cuchillo Chuletero de 4 Pulgadas con Hoja de 105mm en Acero Inoxidable y Mango de Madera. Cuchillo para Carne Apto para Lavavajillas. Serie Latina. Color Marrón,100400,929,30,0.23%,0.32%,"1,358",34,0.23%,0.26%,83.98%,100.00%,23,2,2.48%,6.67%,"827,64 €","71,26 €",14,1
B0843QFQB7,B0843QFQB7,Arcos Set Cuchillos 5 piezas Acero Inoxidable Nitrum. Cuchillo Cocina Profesional Afilado para Cortar Carne. Mango Ergonómico Polioximetileno POM. Serie Opera. Diseño Clásico. Color Negro.,227000,582,19,0.14%,0.21%,911,23,0.16%,0.17%,66.26%,86.36%,14,3,2.41%,15.79%,"1.944,59 €","416,70 €",14,3
B089M821V5,B089M821V5,Arcos Cuchillos Carne | 6 pzas | Cuchillos chuleteros Set Cuchillo de Mesa Sierra | Mango Madera | Hoja 110 mm | Cuchillos Carne Mesa | Apto lavavajillas | Envase Carton | Ecologico,815500_,"1,267",29,0.31%,0.31%,"1,795",43,0.31%,0.32%,98.41%,100.00%,15,0,1.18%,0.00%,"450,35 €","0,00 €",14,0
B08M5K93QF,B08M5K93QF,Arcos Juego Cuchillos Mesa | 6 Uds | Cuchillo Postre | Cuchillos Mesa | Cuchillo Carne | Hoja 105 mm | Acero Inoxidable Martensítico | Mango Polipropileno | Apto lavavajillas | Envase Ecológico,703500_etq,145,1,0.04%,0.01%,232,5,0.04%,0.04%,97.57%,100.00%,18,0,12.41%,0.00%,"197,82 €","0,00 €",14,0
B08J488ZQG,B0987N2CBR,Arcos Juego Cuchillos Carne | 6 Piezas | Cuchillos carne cuchillo chuleteros | cubiertos acero inoxidable | Hoja 110 mm | mango monobloque | aptos lavavajillas | Caja Envase Ecológico,814000_fba,"1,097",26,0.27%,0.28%,"1,243",34,0.21%,0.26%,99.81%,100.00%,18,0,1.64%,0.00%,"503,82 €","0,00 €",14,0
B09F9MH34D,B09F9MH34D,"Arcos Serie Cuchillos de Mesa Chuleteros, Mango de Polipropileno, Hoja 110 mm, Apto para Lavavajillas, Negro, 6 Piezas",805109_6piezas,399,11,0.10%,0.12%,552,12,0.10%,0.09%,99.40%,100.00%,18,0,4.51%,0.00%,"241,14 €","0,00 €",14,0
B00D3LDXPM,B00D3LDXPM,ARCOS Abrelatas Manual Aleación de Zinc Plata-Negro 160 mm,603600,187,15,0.05%,0.16%,263,20,0.05%,0.15%,31.86%,38.46%,13,4,6.95%,26.67%,"225,37 €","67,96 €",13,4
B07G76NW26,B07G76NW26,"Arcos Serie Cuchillos de Mesa Caja 12 uds Cuchillo Mesa, Hoja Serrada de Acero Inoxidable de 125 mm, Cuchillo Monoblock Acero Inoxidable Color plata (12 UDS)",460400_fbm,199,5,0.05%,0.05%,320,7,0.06%,0.05%,91.46%,66.67%,13,0,6.53%,0.00%,"519,87 €","0,00 €",13,0
B08VS4FCLN,B08BX3WTPP,"Arcos Juego Cuchillos Cocina cuchillo blanco cuchillos | cuchillos cocina Maitre | 4 piezas | Chef 215 mm, Cocina 150 mm, Verduras 100 mm Tijera cocina (Blanco)",152624_,360,8,0.09%,0.09%,532,12,0.09%,0.09%,98.28%,100.00%,14,2,3.89%,25.00%,"489,16 €","69,28 €",13,1
B09DYJY471,B08MQJCD2V,Arcos Juego Cuchillos Cocina Profesionales| Cuchillos Cocina Profesional | Cuchillos Acero Inoxidable Mango Negro | utensilios de cocina | cuchillo japones Santoku | lavavajillas (4 Piezas),816900fba,"1,799",42,0.44%,0.45%,"2,576",60,0.45%,0.45%,99.43%,100.00%,14,3,0.78%,7.14%,"363,86 €","77,97 €",13,3
B0CVH8PC99,B0CQTJ6T66,"CUPERINOX® Cuchillos de Mesa Acero Inoxidable – Set Profesional 12 Piezas con Hoja Serrada de 11 cm y Mango Ergonómico Antideslizante – Para Carne, Verduras y Pescado",99901_12pzs,357,16,0.09%,0.17%,493,22,0.09%,0.17%,100.00%,100.00%,19,4,5.32%,25.00%,"226,61 €","46,76 €",13,3
B0DNNL2TZQ,B0DNNF3839,"CUPERINOX Aceitera de Cristal Antigoteo para Aceite de Oliva, Resistente y Fácil de Limpiar Gourmet Oil Collection (1000 Ml)",22024,401,9,0.10%,0.10%,560,12,0.10%,0.09%,99.80%,100.00%,13,0,3.24%,0.00%,"233,40 €","0,00 €",13,0
B017HKJ4T8,B0044R87QE,Arcos Cuchillo Cocina Acero Inoxidable 200 mm,280604_,786,21,0.19%,0.23%,"1,150",24,0.20%,0.18%,38.32%,38.10%,14,3,1.78%,14.29%,"286,86 €","61,47 €",12,2
B00I9XTKI8,B00I9XTKI8,ARCOS Taco Ovalado Protector de Cuchillos hasta 20 cm,794100_,487,15,0.12%,0.16%,703,23,0.12%,0.17%,43.33%,38.46%,12,1,2.46%,6.67%,"312,31 €","25,99 €",12,1
B07F9GQZCB,B07F9GQZCB,Arcos Cuchillo para Verduras de 4 Pulgadas con Hoja de 105mm en Acero Inoxidable y Mango de Madera. Cuchillo para Vegetales Apto para Lavavajillas. Serie Latina. Color Marrón,100500_fba,390,13,0.10%,0.14%,607,18,0.10%,0.14%,97.90%,100.00%,12,0,3.08%,0.00%,"443,88 €","0,00 €",12,0
B0F147RFRT,B07N8S366Z,Arcos Cuchillo Cocina Forjado en Acero Inoxidable. Hoja Plateada 210 mm. Cuchillo Chef con Mango Profesional Micarta y Borde de Seda Especial. Serie Brooklyn. Color Azul.,190623_,875,14,0.21%,0.15%,"1,164",18,0.20%,0.14%,89.17%,93.33%,12,0,1.37%,0.00%,"542,60 €","0,00 €",12,0
B0F147RFRT,B07YYDR6D8,Arcos Juego de Cuchillos de Cocina. 3 piezas de Acero Inoxidable forjado. Impresiona yorprencon cada corte. Mango Micarta azul. Serie Brooklyn. Color Azul.,858110_,980,19,0.24%,0.21%,"1,486",37,0.26%,0.28%,52.51%,57.89%,12,1,1.22%,5.26%,"1.162,68 €","96,89 €",12,1
B0CYTKGNPM,B0843DQCF5,ARCOS Pelador de Verduras en Juliana de Acero Inoxidable Cromado 130 Mm. Pelador Profesional para Cortes en Juliana de Verduras y Hortalizas. Apto Lavavajillas. Color Plata,607200,649,10,0.16%,0.11%,748,10,0.13%,0.08%,56.41%,57.14%,12,0,1.85%,0.00%,"89,88 €","0,00 €",12,0
B08M9QRSW8,B08M9QRSW8,Arcos | Juego Cuchillos cuchillos mesa | 6 Uds | cuchillo fruta | cuchillo postre | Hoja 110 mm | Acero Inoxidable Martensítico | Mango Nylon | apto lavavajillas | Envase Ecológico,703600_barras_arcos,93,0,0.02%,0.00%,161,0,0.03%,0.00%,100.00%,0.00%,14,0,15.05%,0.00%,"139,86 €","0,00 €",12,0
B08Y8NS7PN,B08MT61GJV,Arcos Juego Cuchillos Cocina | 2 pzas |Profesional (150 mm) | Cuchillo Cortador Verduras (100 mm)| Acero Inoxidable Nitrum | Mango Negro | Envase Eco,819900,312,6,0.08%,0.06%,453,8,0.08%,0.06%,99.03%,100.00%,15,2,4.81%,33.33%,"227,85 €","30,38 €",12,1
B0DNNKT1W2,B0DNNJCHQP,"Cuperinox-Tetera de Cristal con Infusor para Té e Infusiones, Resistente al Calor y Compatible con Microondas ** - Infusion Prestige Collection (950 ml)",26113,297,9,0.07%,0.10%,435,18,0.08%,0.14%,100.00%,100.00%,13,2,4.38%,22.22%,"224,09 €","33,00 €",12,1
B0DNNKT1W2,B0DNNJPGTY,"Cuperinox-Tetera de Cristal con Infusor para Té e Infusiones, Resistente al Calor y Compatible con Microondas ** - Infusion Prestige Collection (750 ml)",26112_,450,16,0.11%,0.17%,666,30,0.12%,0.23%,99.66%,100.00%,12,0,2.67%,0.00%,"221,88 €","0,00 €",12,0
B0DPKXM18X,B0DNQRZ3BN,"CUPERINOX Soporte Jamonero Inoxidable Profesional con Base Antideslizante para Jamones y Paletas, Incluye Cuchillo | Jamoneros Elite Collection",20260_fbm,657,14,0.16%,0.15%,871,16,0.15%,0.12%,100.00%,100.00%,12,0,1.83%,0.00%,"280,48 €","0,00 €",12,0
B017HKG9PK,B0044R87VO,Arcos Maitre - Cuchillo Jamonero Flexible - Acero Inoxidable NITRUM 275 mm - Mango Polipropileno negro,151200,"1,298",33,0.32%,0.36%,"1,439",36,0.25%,0.27%,97.25%,90.00%,11,1,0.85%,3.03%,"173,65 €","15,99 €",11,1
B017HKJ4T8,B0044R881I,Arcos Serie Universal - Cuchillo Cocinero - Hoja de Acero Inoxidable NITRUM 100 mm - Mango de Polioximetileno (POM) Color Negro,280204,303,9,0.07%,0.10%,439,20,0.08%,0.15%,31.04%,21.05%,13,0,4.29%,0.00%,"155,87 €","0,00 €",11,0
B06XWF2YLW,B005LR71GI,Arcos Cuchillo Cocinero 200 mm,135800,550,17,0.13%,0.18%,754,25,0.13%,0.19%,29.78%,14.29%,12,4,2.18%,23.53%,"123,17 €","41,00 €",11,4
B06XB92VRH,B00YU2ZS1A,CUPERINOX Cafetera Italiana Induccion Espresso Acero Inoxidable 6 Tazas,25033_,218,7,0.05%,0.08%,309,11,0.05%,0.08%,82.95%,85.71%,11,0,5.05%,0.00%,"183,29 €","0,00 €",11,0
B07F6C8L9T,B07F6C8L9T,ARCOS Sacacorchos Eléctrico ABS Batería Recargable Plata,604900_,261,9,0.06%,0.10%,395,15,0.07%,0.11%,41.60%,33.33%,12,0,4.60%,0.00%,"512,62 €","0,00 €",11,0
B09KJLG7BT,B098K898SC,CUPERINOX Soporte Jamonero | Jamonero Profesional | Cuchillo Jamonero madera + Funda Jamon | Tabla Jamonera,20226FBM,270,9,0.07%,0.10%,330,10,0.06%,0.08%,99.67%,100.00%,11,0,4.07%,0.00%,"247,73 €","0,00 €",11,0
B08VRP7CR7,B09XMVTWLT,Arcos Juego Cuchillos Carne | 6 Piezas | Cuchillos Carne Cuchillo chuleteros | Cubiertos Acero Inoxidable | Hoja 110 mm | Mango Redondo y Forma Ovalada | monobock | Caja Envase Ecológico (Filo Liso),830000,230,4,0.06%,0.04%,383,7,0.07%,0.05%,100.00%,100.00%,15,1,6.52%,25.00%,"495,39 €","32,99 €",11,1
B0CVH8PC99,B0CQTKPL63,CUPERINOX Cuchillos Carne | Cuchillos Mesa | Cuchillos Chuleteros | 24 Piezas | Hoja Serrada | Mango Polipropileno | Acero Inoxidable | 11 cm,99923,200,7,0.05%,0.08%,266,8,0.05%,0.06%,100.00%,100.00%,12,0,6.00%,0.00%,"239,88 €","0,00 €",11,0
B0CYTKGNPM,B0CW66H3TR,Pelador de Tomate ARCOS - Hoja Serrada de Acero Inoxidable | Mango Ergonómico | Ideal para Tomates,607420,"1,130",21,0.28%,0.23%,"1,214",21,0.21%,0.16%,93.14%,100.00%,12,0,1.06%,0.00%,"95,88 €","0,00 €",11,0
B0DPKXM18X,B0DNQRZ3BN,"CUPERINOX Soporte Jamonero Inoxidable Profesional con Base Antideslizante para Jamones y Paletas, Incluye Cuchillo | Jamoneros Elite Collection",20260,657,14,0.16%,0.15%,871,16,0.15%,0.12%,100.00%,100.00%,11,0,1.67%,0.00%,"274,89 €","0,00 €",11,0
B017HKG9PK,B0044R883Q,Arcos Cuchillo Mondador Negro 80 mm,150200-cod_barras_arcos,"1,009",22,0.25%,0.24%,"1,343",30,0.23%,0.23%,17.19%,20.00%,12,0,1.19%,0.00%,"115,97 €","0,00 €",10,0
B017HKRCGK,B005LR7C44,ARCOS Bolsa Portacuchillos 12 Piezas Poliéster 730x510mm,690500_,523,8,0.13%,0.09%,742,10,0.13%,0.08%,28.90%,16.67%,10,0,1.91%,0.00%,"279,40 €","0,00 €",10,0
B0752TVHLW,B007TS67Q2,Arcos Cuchillo Chef Acero Inoxidable 120 mm,280304,400,9,0.10%,0.10%,626,10,0.11%,0.08%,19.54%,14.29%,10,0,2.50%,0.00%,"130,12 €","0,00 €",10,0
B07NDTGSY3,B07NDTGSY3,Arcos Serie Brooklyn - Cuchillo Rocking Santoku Cuchillo Asiático - Hoja de Acero Inoxidable Forjado NITRUM 190 mm - Mango de Micarta Color Azul (Filo Seda),191623_fbm,242,2,0.06%,0.02%,354,3,0.06%,0.02%,89.66%,100.00%,12,2,4.96%,100.00%,"473,88 €","78,98 €",10,1
B0812P3LZT,B0812P3LZT,"Arcos Nova - Set 3 Cuchillos Mantequilla - Acero Inoxidable 70 mm - Mango en color menta, naranja y limon",859900,210,2,0.05%,0.02%,311,2,0.05%,0.02%,98.90%,100.00%,10,0,4.76%,0.00%,"109,90 €","0,00 €",10,0
B0843DFZH2,B0843DFZH2,Arcos Set 5 Cuchillos Forjados Acero Inoxidable Nitrum,235024,311,7,0.08%,0.08%,530,10,0.09%,0.08%,72.75%,62.50%,10,0,3.22%,0.00%,"1.273,18 €","0,00 €",10,0
B0F2Z57T3H,B084WYHN2S,CUPERINOX Cuchillos Carne | Cuchillos Mesa | Cuchillos Chuleteros | Cuchillo Sierra | 100 mm | Acero Inoxidable | Cuchillos para mesa (Madera),13012,313,3,0.08%,0.03%,416,3,0.07%,0.02%,96.33%,100.00%,12,0,3.83%,0.00%,"101,58 €","0,00 €",10,0
B08G8QHY23,B08G8QHY23,Arcos | cuchillos chuleteros cuchillo madera cuchillo chuletero | 6 Piezas | juego cuchillos carne | cuchillos mango madera | Envase Eco | Fabricado en España,809300_,606,9,0.15%,0.10%,847,11,0.15%,0.08%,100.00%,75.00%,14,4,2.31%,44.44%,"335,86 €","95,96 €",10,1
B0DQV6381X,B0DQRF2HZK,CUPERINOX Jamonera Inoxidable | Jamonero | Soporte Jamonero | Tabla Jamon Inoxidable | Facil Montaje | Tabla Jamon Profesional,SC_20260,610,9,0.15%,0.10%,873,15,0.15%,0.11%,99.62%,100.00%,10,1,1.64%,11.11%,"222,76 €","22,99 €",10,1
B00VRZ327A,B00VRZ327A,Arcos Tijeras Costura Acero Forjado 152 mm - Uso Doméstico y Profesional - Niqueladas Plata - Serie Style,502400,40,2,0.01%,0.02%,56,3,0.01%,0.02%,96.08%,100.00%,9,1,22.50%,50.00%,"107,91 €","11,99 €",9,1
B06XB92VRH,B00YU2ZWGG,CUPERINOX Cafetera Italiana Induccion Espresso Acero Inoxidable 10 Tazas,25034,"1,370",19,0.33%,0.21%,"2,186",24,0.38%,0.18%,99.70%,100.00%,9,0,0.66%,0.00%,"179,74 €","0,00 €",9,0
B0189HXQKQ,B017DLLFES,"Arcos Navaja Profesional de Acero Inoxidable Nitrum, Hoja 85 mm, Mango de Polipropileno, Serie Navajas Profesionales, Alta Durabilidad y Rendimiento",485700_fbm,669,11,0.16%,0.12%,867,15,0.15%,0.11%,86.27%,90.00%,10,0,1.49%,0.00%,"72,50 €","0,00 €",9,0
B0BXB18B8W,B07D8WQ355,Arcos Serie Manhattan - Cuchillo Cocinero - Hoja de Acero Inoxidable Forjado Nitrum 210 mm - Mango de Polioximetileno (POM) Color Negro - Filo Seda,160600_,226,8,0.06%,0.09%,350,11,0.06%,0.08%,96.14%,100.00%,11,2,4.87%,25.00%,"401,39 €","72,98 €",9,2
B07N8S366Z,B07N8S366Z,Arcos Cuchillo Cocina Forjado en Acero Inoxidable. Hoja Plateada 210 mm. Cuchillo Chef con Mango Profesional Micarta y Borde de Seda Especial. Serie Brooklyn. Color Azul.,190623_,267,7,0.07%,0.08%,427,7,0.07%,0.05%,87.70%,100.00%,10,0,3.75%,0.00%,"469,90 €","0,00 €",9,0
B06XB92VRH,B07T6J5JWM,CUPERINOX Cafetera Italiana Induccion Espresso Acero Inoxidable 12 Tazas,25035,571,6,0.14%,0.06%,866,7,0.15%,0.05%,32.90%,33.33%,9,0,1.58%,0.00%,"252,37 €","0,00 €",9,0
B08VS4FCLN,B08BX3WTPP,"Arcos Juego Cuchillos Cocina cuchillo blanco cuchillos | cuchillos cocina Maitre | 4 piezas | Chef 215 mm, Cocina 150 mm, Verduras 100 mm Tijera cocina (Blanco)",152624,360,8,0.09%,0.09%,532,12,0.09%,0.09%,98.28%,100.00%,9,0,2.50%,0.00%,"314,91 €","0,00 €",9,0
B0F2Z57T3H,B09CL776WP,CUPERINOX® Cuchillos de Mesa Acero Inoxidable – Set 12 Cuchillos para Carne con Filo Dentado – Aptos Lavavajillas – Uso Diario y Profesional,15015,147,5,0.04%,0.05%,229,9,0.04%,0.07%,100.00%,100.00%,17,11,11.56%,220.00%,"272,68 €","176,44 €",9,3
B017HKG9PK,B0044R87ZA,Arcos Cuchillo Mondador de Acero Inoxidable. Cuchillo Cocina Profesional para Pelar Frutas y Verduras. Mango Ergonómico Polioximetileno y Hoja 150mm. Serie Maitre. Color Negro.,150700_,"1,346",29,0.33%,0.31%,"1,839",44,0.32%,0.33%,16.26%,0.00%,9,0,0.67%,0.00%,"99,09 €","0,00 €",8,0
B096SHJ82T,B0044R8868,Arcos Juego de 12 Cubiertos para Mesa. Set de 6 Cuchillos Chuleteros y 6 Tenedores en Madera de Haya y Acero Inoxidable. Estuche para Carne. Serie Mesa. Color Marrón,377700_fbm,689,23,0.17%,0.25%,958,27,0.17%,0.20%,38.88%,64.29%,10,0,1.45%,0.00%,"469,90 €","0,00 €",8,0
B00J3ZVMCS,B00J3ZVMCS,Arcos Serie Toscana - Juego de Cucharas para Café (6 cucharas) - Monoblock de una pieza en Acero Inoxidable 18/10 y 140 mm - Color Plata,574200_,"1,065",50,0.26%,0.54%,"1,663",80,0.29%,0.60%,12.36%,5.80%,9,0,0.85%,0.00%,"89,91 €","0,00 €",8,0
B00U2QWLVS,B00U2QWLVS,Arcos Cuchillo Chuletero de Mesa Acero Inoxidable Nitrum 115 mm,740009_us,75,1,0.02%,0.01%,98,2,0.02%,0.02%,100.00%,100.00%,20,0,26.67%,0.00%,"79,80 €","0,00 €",8,0
B0189HXS8Q,B015QGR3CK,Arcos Serie Navajas Profesionales - Navaja Profesional - Hoja Filo de Acero Inoxidable NITRUM de 85 mm - Navaja de Acero Inoxidable Color amarillo,485900_fba,650,12,0.16%,0.13%,897,18,0.16%,0.14%,47.33%,6.67%,9,0,1.38%,0.00%,"65,25 €","0,00 €",8,0
B07F9GQZCB,B07F9GQZCB,Arcos Cuchillo para Verduras de 4 Pulgadas con Hoja de 105mm en Acero Inoxidable y Mango de Madera. Cuchillo para Vegetales Apto para Lavavajillas. Serie Latina. Color Marrón,100500,390,13,0.10%,0.14%,607,18,0.10%,0.14%,97.90%,100.00%,8,0,2.05%,0.00%,"295,92 €","0,00 €",8,0
B09GSBSHMP,B07JJGTQK4,Arcos Conjunto Cuchillos 3 piezas - Acero Inoxidable Nitrum y Hoja mm. Cuchillo cocina profesional cocinar. 590 gr. Mango ergonómico polioximetileno POM. Serie Universal. Mayor control. Color negro.,807410_,200,3,0.05%,0.03%,311,4,0.05%,0.03%,59.49%,50.00%,8,0,4.00%,0.00%,"322,00 €","0,00 €",8,0
B07JJGXYZD,B07JJGXYZD,Arcos Set Cocina Serie Manhattan,858100,"1,047",22,0.26%,0.24%,"1,352",40,0.23%,0.30%,92.33%,100.00%,8,2,0.76%,9.09%,"628,86 €","154,96 €",8,2
B0F147RFRT,B07N8V5DY8,Arcos Cuchillo trinchar forjado | Cuchillo jamonero Acero Inoxidable. Cuchillo cocina profesional cocinar. Mango micarta y borseda especial y Hoja plateada 300 mm. Serie Brooklyn. Color azul.,192323_,181,11,0.04%,0.12%,244,12,0.04%,0.09%,84.93%,72.73%,8,0,4.42%,0.00%,"373,44 €","0,00 €",8,0
B07ZJ8ZJ93,B07ZJ8ZJ93,Arcos Set Jamonero Profesional Acero Inoxidable 3 Piezas,859400_us,590,13,0.14%,0.14%,846,14,0.15%,0.11%,43.50%,60.00%,8,1,1.36%,7.69%,"219,12 €","27,39 €",8,1
B09MSDJQJ1,B09MM5CH6C,Arcos jamonero profesional alveolos | incluye pinza para jamón | cuchillo jamonero cuchillo jamonero alveolos cuchillos profesional| Acero Inoxidable Nitrum 240 mm,856200,179,4,0.04%,0.04%,233,5,0.04%,0.04%,98.56%,100.00%,8,1,4.47%,25.00%,"239,92 €","29,99 €",8,1
B0CVH8PC99,B0CQTJ6T66,"CUPERINOX® Cuchillos de Mesa Acero Inoxidable – Set Profesional 12 Piezas con Hoja Serrada de 11 cm y Mango Ergonómico Antideslizante – Para Carne, Verduras y Pescado",99922,357,16,0.09%,0.17%,493,22,0.09%,0.17%,100.00%,100.00%,8,1,2.24%,6.25%,"95,92 €","11,99 €",8,1
B017HKG9PK,B0044R87LE,Arcos Cuchillo Panero Negro 210 mm,151400_fbm,"1,179",47,0.29%,0.51%,"1,489",59,0.26%,0.44%,14.02%,0.00%,8,0,0.68%,0.00%,"119,92 €","0,00 €",7,0
B09337686H,B0044R884U,Arcos Universal Cuchillo Santoku Acero POM Negro 170 mm,286004_us,214,5,0.05%,0.05%,350,17,0.06%,0.13%,97.12%,100.00%,7,0,3.27%,0.00%,"166,25 €","0,00 €",7,0
B0752TVHLW,B007TS67OY,Arcos Cuchillo Chef Acero Inoxidable 155 mm,280404_fbm,168,2,0.04%,0.02%,243,2,0.04%,0.02%,69.27%,100.00%,7,1,4.17%,50.00%,"115,43 €","16,49 €",7,1
B0752X4WZ6,B00TA4O5YO,ARCOS Pinzas para Emplatar Acero Inoxidable 300 mm,606200,"1,454",40,0.36%,0.43%,"1,887",49,0.33%,0.37%,9.59%,3.13%,7,0,0.48%,0.00%,"80,43 €","0,00 €",7,0
B09381N96H,B07G75XCXM,"Arcos Serie Cuchillos de Mesa Caja 12 uds Cuchillo Mesa, Hoja Serrada de Acero Inoxidable NITRUM de 125 mm, Mango Polipropileno Color crema (12 UDS)",370200_us,438,16,0.11%,0.17%,655,20,0.11%,0.15%,99.32%,100.00%,7,1,1.60%,6.25%,"139,93 €","19,99 €",7,1
B07N8VQSVB,B07N8VQSVB,Arcos Serie Capri - Cubertería de 24 piezas en una Caja de Regalo (6 cuchillos + 12 cucharas + 6 tenedores) - Monoblock de una pieza en Acero Inoxidable Color Plata,587400_,719,30,0.18%,0.32%,"1,155",45,0.20%,0.34%,46.95%,75.00%,7,2,0.97%,6.67%,"531,93 €","151,98 €",7,2
B09GBJKQHR,B07YYDR6D8,Arcos Juego de Cuchillos de Cocina. 3 piezas de Acero Inoxidable forjado. Impresiona yorprencon cada corte. Mango Micarta azul. Serie Brooklyn. Color Azul.,858110_,488,5,0.12%,0.05%,756,6,0.13%,0.05%,80.22%,100.00%,7,0,1.43%,0.00%,"678,23 €","0,00 €",7,0
B09FQ5SZK8,B08MTWC7RD,Arcos Cuchillo Cocinero Acero Inoxidable Nitrum 210 mm,166800_fbm,779,8,0.19%,0.09%,"1,071",9,0.19%,0.07%,46.55%,75.00%,8,1,1.03%,12.50%,"236,62 €","29,99 €",7,1
B08ZNM265D,B08ZNM265D,Arcos | cuchillos de mesa cuchillo mesa tradicional | 6 Piezas cuchillo chuletero | mango nailon | Envase Eco | Fabricado en España,704400_fba,153,2,0.04%,0.02%,311,4,0.05%,0.03%,22.13%,100.00%,9,0,5.88%,0.00%,"242,91 €","0,00 €",7,0
B09RP6V156,B09RP6V156,"CUPERINOX® Alicates para pedicura, Profesional, Cortaúñas de Pies, Acero Inoxidable, Mango Ergonómico Antideslizante, Fácil Limpieza, Con Funda, 2 Años de Garantía",21920AM,554,20,0.14%,0.22%,827,32,0.14%,0.24%,100.00%,100.00%,7,3,1.26%,15.00%,"68,77 €","28,47 €",7,3
B0752TVHLW,B0044R87I2,Arcos Conjunto Cuchillos 4 piezas (3 Cuchillos + 1 tijeras). Acero Inoxidable y Hoja mm. 1670 gr. Bloque madera pino. Mango ergonómico polioximetileno POM. Serie Universal. Mayor control. Color negro.,285000_us,388,1,0.09%,0.01%,481,1,0.08%,0.01%,92.83%,100.00%,6,0,1.55%,0.00%,"295,82 €","0,00 €",6,0
B0752TVHLW,B0044R884U,Arcos Universal Cuchillo Santoku Acero POM Negro 170 mm,286004_us,233,6,0.06%,0.06%,330,7,0.06%,0.05%,56.01%,16.67%,7,2,3.00%,33.33%,"166,25 €","47,50 €",6,1
B017HKR8WS,B005LRSIK6,ARCOS Afilador de Bolsillo Profesional,610200_fbm,593,23,0.14%,0.25%,803,30,0.14%,0.23%,61.85%,0.00%,7,0,1.18%,0.00%,"264,25 €","0,00 €",6,0
B017HKKKIC,B007TS68BG,Arcos Universal Cuchillo Carnicero Nitrum POM Negro 160 mm,288200_fbm,178,7,0.04%,0.08%,300,8,0.05%,0.06%,75.28%,100.00%,6,1,3.37%,14.29%,"160,50 €","26,75 €",6,1
B0B3F4QXML,B008U6TDTK,Arcos Serie Clasica - Juego de Cuchillos de 5 piezas en Caja de Regalo (5 Cuchillos) - Hoja de Acero Inoxidable Forjado NITRUM - Mando de Polioximetileno (POM) - Bloque de madera color marrón acabado lacado,257000_2,674,35,0.16%,0.38%,943,40,0.16%,0.30%,91.33%,84.85%,6,1,0.89%,2.86%,"753,94 €","144,99 €",6,1
B0752V8D5V,B00I9XTGJ6,ARCOS Taco Redondo Protector de Cuchillos Caucho Termoplástico 225 mm,794000,148,3,0.04%,0.03%,225,3,0.04%,0.02%,61.08%,50.00%,7,0,4.73%,0.00%,"174,93 €","0,00 €",6,0
B00J3ZVN54,B00J3ZVN54,ARCOS Cucharas de Mesa Acero Inoxidable 200 mm,574600_,388,7,0.09%,0.08%,626,12,0.11%,0.09%,27.06%,33.33%,12,0,3.09%,0.00%,"107,88 €","0,00 €",6,0
B093DXB2PK,B00MDJVRG2,Arcos Latina Cuchillo para Verduras Acero Inoxidable 105 mm,100500_1_pieza,149,2,0.04%,0.02%,249,4,0.04%,0.03%,85.32%,0.00%,11,0,7.38%,0.00%,"54,89 €","0,00 €",6,0
B06XB92VRH,B00YU2YTTM,CUPERINOX Cafetera Italiana Induccion Espresso Acero Inoxidable 4 Tazas,25032_,279,6,0.07%,0.06%,389,9,0.07%,0.07%,29.74%,0.00%,6,0,2.15%,0.00%,"107,78 €","0,00 €",6,0
B017DLM9SY,B017DLM9SY,Arcos Serie Toscana - Juego de Cucharas de Mesa (3 cucharas) - Monoblock de una pieza en Acero Inoxidable 18/10 y 180 mm - Color Plata,574400_,163,8,0.04%,0.09%,275,12,0.05%,0.09%,39.92%,0.00%,9,0,5.52%,0.00%,"71,91 €","0,00 €",6,0
B071VT3MC3,B071VT3MC3,"Arcos Tijeras Manicura Curva de Acero Forjado, Uso Profesional y Doméstico, 102 mm, Niqueladas en Plata, Serie Style",500600_,47,1,0.01%,0.01%,70,1,0.01%,0.01%,100.00%,100.00%,6,1,12.77%,100.00%,"64,94 €","9,99 €",6,1
B07G75VRY2,B07G75VRY2,"Arcos Serie Cuchillos de Mesa Caja 12 uds Cuchillo Chuletero, Hoja Serrada de Acero Inoxidable de 110 mm, Cuchillo Monoblock Acero Inoxidable Color plata (12 UDS)",375800_(809900x2),113,4,0.03%,0.04%,172,4,0.03%,0.03%,80.13%,50.00%,7,0,6.19%,0.00%,"387,95 €","0,00 €",6,0
B0752TVHLW,B07ZJ85R7C,Arcos Set de Corte 3 Piezas Acero Inoxidable Nitrum,859300,149,4,0.04%,0.04%,232,4,0.04%,0.03%,72.06%,0.00%,6,0,4.03%,0.00%,"227,94 €","0,00 €",6,0
B0812P3LZT,B0812P3LZT,"Arcos Nova - Set 3 Cuchillos Mantequilla - Acero Inoxidable 70 mm - Mango en color menta, naranja y limon",859900_,210,2,0.05%,0.02%,311,2,0.05%,0.02%,98.90%,100.00%,6,0,2.86%,0.00%,"65,94 €","0,00 €",6,0
B08TLR4Z27,B08M3YG4R1,Arcos jamonero Profesional | Cuchillo jamonero jamonero Inoxidable Nitrum | Mango Negro | Cuchillo Jamon iberico | Serie Maitre| Hoja Flexible y Filo Liso | 275 mm | Acero Inoxidable NITRUM,704200_fbm,116,3,0.03%,0.03%,164,6,0.03%,0.05%,99.35%,100.00%,6,0,5.17%,0.00%,"131,94 €","0,00 €",6,0
B08VRP7CR7,B08MTXC14T,Arcos Juego Cuchillos Carne | 6 Piezas | Cuchillos Carne Cuchillo chuleteros | Cubiertos Acero Inoxidable | Hoja 110 mm | Mango Redondo y Forma Ovalada | monobock | Caja Envase Ecológico (6 unidades),809900,133,2,0.03%,0.02%,223,5,0.04%,0.04%,97.70%,100.00%,6,0,4.51%,0.00%,"167,71 €","0,00 €",6,0
B09DPRCMTF,B08MW2GWPC,Arcos Juego Cuchillos Carne | Cuchillo chuleteros | Cuchillos Carne Cuchillos Mesa | 6 Uds | Hoja 110 mm | Acero Inoxidable | Mango Nylon | Apto lavavajillas | Envase Ecológico (Filo Serrado),816400fbm,389,5,0.10%,0.05%,518,5,0.09%,0.04%,99.78%,100.00%,6,0,1.54%,0.00%,"101,34 €","0,00 €",6,0
B09DPRCMTF,B08MW2GWPC,Arcos Juego Cuchillos Carne | Cuchillo chuleteros | Cuchillos Carne Cuchillos Mesa | 6 Uds | Hoja 110 mm | Acero Inoxidable | Mango Nylon | Apto lavavajillas | Envase Ecológico (Filo Serrado),816400fba,389,5,0.10%,0.05%,518,5,0.09%,0.04%,99.78%,100.00%,6,0,1.54%,0.00%,"119,94 €","0,00 €",6,0
B08T5Z4HFS,B08QYQYZHS,"CUPERINOX Cubiertos para marisco | Pinzas para marisco | Tenazas para marisco | 12 Unidades | Cubiertos marisco (Cangrejo, Langosta, Ostras) | Tenedor de marisco con dos dientes inferiores y cuchara.",20023_12pzs,107,5,0.03%,0.05%,147,5,0.03%,0.04%,100.00%,100.00%,8,0,7.48%,0.00%,"140,12 €","0,00 €",6,0
B08Y8NS7PN,B08XZ8X815,"Arcos serie Maitre - juego de Cuchillos, 2 Pza, Cuchillo Cocina Profesional 150mm + Cuchillo universal 100mm, Acero Inoxidable, Rosa, Eco",814600_fmb,131,1,0.03%,0.01%,213,1,0.04%,0.01%,98.94%,0.00%,6,0,4.58%,0.00%,"107,94 €","0,00 €",6,0
B09KJLG7BT,B098TFPYLY,CUPERINOX Jamonero profesional Gondola | tabla jamon | Cuchillo Jamonero Alveolos Acero Inox + Cubre Jamón Universal | Set cortar jamón (3 PZAS) | Sujeta jamones | tabla jamonero,20228FBM,190,3,0.05%,0.03%,293,5,0.05%,0.04%,100.00%,100.00%,6,1,3.16%,33.33%,"193,65 €","34,99 €",6,1
B0B42QTHTP,B0B42QTHTP,CUPERINOX | Tijeras de pescado 18 cm | Tijeras Cocina | tijeras de cocinero profesional para aves pescado carne caza| Accesorios de cocina,21991_,71,1,0.02%,0.01%,118,1,0.02%,0.01%,86.67%,0.00%,31,22,43.66%,"2,200.00%","193,70 €","137,45 €",6,1
B0BJPYW95J,B0BJPYW95J,Arcos Accesorios - Sacacorchos Manual Abrebotellas Manual - Mango de Aleación de Zinc - Color Negro mate (Incluye cortacápsulas),607500_,73,1,0.02%,0.01%,121,1,0.02%,0.01%,100.00%,100.00%,6,0,8.22%,0.00%,"239,94 €","0,00 €",6,0
B0CVH8PC99,B0CQRMMMR5,CUPERINOX Cuchillos Carne | Cuchillos Mesa | Cuchillos Chuleteros | 6 Piezas | Hoja Serrada | Mango Polipropileno | Acero Inoxidable | 11 cm,99921,154,2,0.04%,0.02%,212,2,0.04%,0.02%,100.00%,100.00%,6,0,3.90%,0.00%,"59,94 €","0,00 €",6,0
B0D73CM824,B0D73CM824,"Arcos Cuchillo Mesa | Cuchillo Chuletero | Cuchillo Carne| Cuchillo de Mesa | Pack 12 Unidades| Hoja de Acero Inoxidable115 mm, Mango de Polipropileno Color Negro",740000_fbm,"1,076",31,0.26%,0.33%,"1,455",43,0.25%,0.32%,99.76%,100.00%,6,0,0.56%,0.00%,"161,89 €","0,00 €",6,0
B0752TVHLW,B000NOAYMM,Arcos Cuchillo Jamonero Acero Inoxidable 240 mm,281804,192,4,0.05%,0.04%,267,4,0.05%,0.03%,56.49%,66.67%,5,0,2.60%,0.00%,"84,95 €","0,00 €",5,0
B0189HXASY,B005LR6C7C,Arcos Cuchillo Cocina Acero Inoxidable Negro 180 mm,233500,276,7,0.07%,0.08%,449,8,0.08%,0.06%,75.44%,100.00%,5,0,1.81%,0.00%,"174,95 €","0,00 €",5,0
B0752NT3TH,B005LR77UI,ARCOS Tijeras de Cocina Acero Inoxidable 215 mm,185400,203,6,0.05%,0.06%,230,8,0.04%,0.06%,37.75%,75.00%,5,0,2.46%,0.00%,"87,45 €","0,00 €",5,0
B017HKJOF2,B006LMX2GK,Arcos Cuchillo Jamonero Acero Inoxidable Forjado Nitrum 280 mm,281904,47,1,0.01%,0.01%,69,1,0.01%,0.01%,65.57%,0.00%,5,0,10.64%,0.00%,"87,45 €","0,00 €",5,0
B0752TVHLW,B007TS67WG,Arcos Cuchillo Chef Acero Inoxidable 300 mm,280804,128,11,0.03%,0.12%,159,11,0.03%,0.08%,43.06%,12.50%,5,1,3.91%,9.09%,"148,75 €","29,75 €",5,1
B07YM65C6J,B007TS6HMQ,ARCOS Pinza para Pescado Acero Inoxidable,605000_605010,622,6,0.15%,0.06%,899,8,0.16%,0.06%,75.94%,66.67%,6,0,0.96%,0.00%,"57,24 €","0,00 €",5,0
B017HKSTCQ,B00CFN1M6Q,ARCOS Tijeras de Cocina Multiusos 200 mm,809700_,"1,479",58,0.36%,0.63%,"2,325",86,0.40%,0.65%,3.15%,6.12%,9,2,0.61%,3.45%,"113,76 €","27,98 €",5,2
B00R6JUIUK,B00R6JUIUK,Arcos Cuchillo Chuletero Acero Inoxidable 105 mm,100400_1pza,"2,781",56,0.68%,0.60%,"4,436",75,0.77%,0.56%,1.54%,4.26%,12,0,0.43%,0.00%,"48,23 €","0,00 €",5,0
B00VRZ1YJI,B00VRZ1YJI,Arcos Tijeras Modista Acero Forjado 190 mm - Uso Doméstico y Profesional - Niqueladas Plata - Serie Style,504300,36,1,0.01%,0.01%,48,1,0.01%,0.01%,93.02%,100.00%,8,4,22.22%,400.00%,"111,92 €","55,96 €",5,1
B078KJ1T6G,B078JPWR5J,"Arcos 807600 Juego de Cuchillos, Acero Inoxidable, Blanco, 45x20x5 cm, 3 Unidades",807600_,407,4,0.10%,0.04%,471,4,0.08%,0.03%,98.11%,100.00%,7,0,1.72%,0.00%,"489,93 €","0,00 €",5,0
B09CH5GZ4J,B07D8WQ355,Arcos Serie Manhattan - Cuchillo Cocinero - Hoja de Acero Inoxidable Forjado Nitrum 210 mm - Mango de Polioximetileno (POM) Color Negro - Filo Seda,160600_,103,4,0.03%,0.04%,149,7,0.03%,0.05%,95.56%,100.00%,5,0,4.85%,0.00%,"182,45 €","0,00 €",5,0
B0B3F4QXML,B07JWJ5LDH,Arcos Serie Clasica - Juego de Cuchillos Chuleteros (6 piezas) - Acero Inoxidable Forjado NITRUM - Mango POM - Color Negro,_854500_,325,14,0.08%,0.15%,415,18,0.07%,0.14%,99.71%,100.00%,5,0,1.54%,0.00%,"386,82 €","0,00 €",5,0
B07T1LRC8M,B07S9RTS38,Arcos Kids Cuchillo de Cocina para Niños - Hoja Segura de Acero Inoxidable NITRUM 100 mm - Mango Ergonómico POM Verde - Seguridad Infantil y Durabilidad,792921_fbm,164,6,0.04%,0.06%,225,6,0.04%,0.05%,79.38%,33.33%,5,1,3.05%,16.67%,"89,95 €","17,99 €",5,1
B0F147RFRT,B0843DNN57,Arcos Set Cuchillos Forjados 4 piezas (3 Cuchillos + 1 tijeras) - Acero Inoxidable Forjado NITRUM - Mango Micarta - Bloques Madera Color Azul. Serie Brooklyn. Impresiona yorprencon Cada Corte.,194000,264,5,0.06%,0.05%,420,6,0.07%,0.05%,98.29%,100.00%,5,0,1.89%,0.00%,"549,95 €","0,00 €",5,0
B0CYTKGNPM,B0843Q6L5P,ARCOS Pelador Profesional Acero Inoxidable Cromado 130 mm,607000_,"5,403",147,1.32%,1.59%,"7,789",207,1.35%,1.56%,0.44%,6.71%,10,9,0.19%,6.12%,"48,74 €","41,49 €",5,4
B093313MH6,B093313MH6,Arcos | Cuchillo de deshuesar| Cuchillo deshuesador | cuchillo deshuesador jamón | cuchillo deshuesador (140 mm) Clásica| Envase Eco | cuchillo puntilla jamonero,256210_fba,480,10,0.12%,0.11%,665,20,0.11%,0.15%,99.33%,100.00%,5,1,1.04%,10.00%,"98,95 €","18,99 €",5,1
B09DPRCMTF,B0987MG3JQ,Arcos Juego Cuchillos Carne | Cuchillo chuleteros | Cuchillos Carne Cuchillos Mesa | 6 Uds | Hoja 110 mm | Acero Inoxidable | Mango Nylon | Apto lavavajillas | Envase Ecológico (Filo Liso),814200_fba,137,2,0.03%,0.02%,189,3,0.03%,0.02%,100.00%,100.00%,5,0,3.65%,0.00%,"99,95 €","0,00 €",5,0
B09HRWYKDL,B09HRWYKDL,Arcos Juego de cuchillos Japoneses Profesionales | 4 piezas | Cuchillo Verduras 100 mm + Cocina 150 mm + Santoku con Alveolos 170 mm + Pelador de patatas,853100,96,2,0.02%,0.02%,150,4,0.03%,0.03%,100.00%,100.00%,5,0,5.21%,0.00%,"184,95 €","0,00 €",5,0
B09MRYLZ4M,B09MRYLZ4M,Arcos Juego de Cuchillos de Cocina de 3 Piezas,167100_us,"1,010",23,0.25%,0.25%,"1,439",33,0.25%,0.25%,37.34%,15.79%,5,0,0.50%,0.00%,"292,60 €","0,00 €",5,0
B08VRP7CR7,B09XMVTWLT,Arcos Juego Cuchillos Carne | 6 Piezas | Cuchillos Carne Cuchillo chuleteros | Cubiertos Acero Inoxidable | Hoja 110 mm | Mango Redondo y Forma Ovalada | monobock | Caja Envase Ecológico (Filo Liso),830000_,230,4,0.06%,0.04%,383,7,0.07%,0.05%,100.00%,100.00%,6,0,2.61%,0.00%,"197,94 €","0,00 €",5,0
B0CYTKGNPM,B0CW66H3TR,Pelador de Tomate ARCOS - Hoja Serrada de Acero Inoxidable | Mango Ergonómico | Ideal para Tomates,607420_,"1,130",21,0.28%,0.23%,"1,214",21,0.21%,0.16%,93.14%,100.00%,5,1,0.44%,4.76%,"39,95 €","7,99 €",5,1
B0D73CM824,B0D73CM824,"Arcos Cuchillo Mesa | Cuchillo Chuletero | Cuchillo Carne| Cuchillo de Mesa | Pack 12 Unidades| Hoja de Acero Inoxidable115 mm, Mango de Polipropileno Color Negro",740000,"1,076",31,0.26%,0.33%,"1,455",43,0.25%,0.32%,99.76%,100.00%,5,0,0.46%,0.00%,"154,95 €","0,00 €",5,0
B017HKG9PK,B0044R87W8,"Arcos Cuchillo Santoku Acero Inoxidable Nitrum. Cuchillo Cocina japonés Pescado, Carne y Verduras. Mango ergonómico polioximetileno Pom y Hoja 170 mm. Multiusos. Serie Maitre. Color Negro.",151600_fba,"1,611",37,0.39%,0.40%,"2,403",49,0.42%,0.37%,4.18%,16.67%,4,1,0.25%,2.70%,"78,38 €","19,25 €",4,1
B0044R87XM,B0044R87XM,"Arcos Cuchillo cocina laerie Kyoto - Hoja Acero Inoxidable forjado Nitrum 6"" - Mango negro polioximetileno (POM) - Elegante y duradero (7'')",178900_,330,9,0.08%,0.10%,466,10,0.08%,0.08%,97.57%,100.00%,4,0,1.21%,0.00%,"192,21 €","0,00 €",4,0
B0752XP113,B0044R887W,Arcos Juego Cuchillos carne 4 piezas. Paquete Cuchillos bolsillo con borperla para cortar y filetear carne. Hoja y mango Acero Inoxidable monobloque. Serie Mesa.,378400_2,406,8,0.10%,0.09%,664,10,0.11%,0.08%,23.91%,22.22%,5,0,1.23%,0.00%,"104,95 €","0,00 €",4,0
B07BDW2X7S,B005LR6BEQ,Arcos Cuchillo Filetear Acero Inoxidable Nitrum 200 mm,233000_,103,2,0.03%,0.02%,148,3,0.03%,0.02%,51.85%,100.00%,4,0,3.88%,0.00%,"103,96 €","0,00 €",4,0
B017HKHR92,B005LR6FAG,"Arcos Cuchillo Cocina Forjado en Acero Inoxidable y Hoja de 200mm. Cuchillo Chef Profesional para Cortar Pescado, Carne y Cebolla. Mango Ergonómico Polioximetileno. Serie Riviera. Color Negro.",233600,786,14,0.19%,0.15%,"1,268",22,0.22%,0.17%,10.03%,5.88%,4,0,0.51%,0.00%,"129,96 €","0,00 €",4,0
B005LR6TTS,B005LR6TTS,Arcos Cuchillo tallado Acero Inoxidable. Cuchillo para cortar jamón y carne. Mango ergonómico polioximetileno y Hoja 250 mm. Serie Regia. Color negro/oro.,170600_fbm,291,7,0.07%,0.08%,404,12,0.07%,0.09%,10.34%,0.00%,4,0,1.37%,0.00%,"99,80 €","0,00 €",4,0
B0752SPHL9,B005LR6WW2,Arcos Juego de Cuchillos de Cocina de 5 Piezas,152100_us,297,6,0.07%,0.06%,450,13,0.08%,0.10%,60.15%,44.44%,4,0,1.35%,0.00%,"247,52 €","0,00 €",4,0
B0752NT3TH,B005LR77GC,ARCOS Tijeras de Cocina Profesional 235 mm,185701_barras_arcos,"1,109",48,0.27%,0.52%,"1,724",66,0.30%,0.50%,24.58%,13.95%,6,6,0.54%,12.50%,"55,12 €","55,12 €",4,4
B017HKR8WS,B005LRSIK6,ARCOS Afilador de Bolsillo Profesional,610200,593,23,0.14%,0.25%,803,30,0.14%,0.23%,61.85%,0.00%,4,0,0.67%,0.00%,"151,00 €","0,00 €",4,0
B017HKJSMG,B006963LSM,Arcos Cuchillo para Pan Acero Inoxidable 250 mm,282204_,108,8,0.03%,0.09%,136,9,0.02%,0.07%,33.05%,25.00%,4,2,3.70%,25.00%,"77,96 €","38,98 €",4,2
B017HKJ4T8,B007TS67OY,Arcos Cuchillo Chef Acero Inoxidable 155 mm,280404_fbm,116,5,0.03%,0.05%,199,8,0.03%,0.06%,70.52%,66.67%,4,0,3.45%,0.00%,"65,96 €","0,00 €",4,0
B017HKJ4T8,B007TS67WG,Arcos Cuchillo Chef Acero Inoxidable 300 mm,280804,79,7,0.02%,0.08%,103,7,0.02%,0.05%,86.96%,66.67%,4,1,5.06%,14.29%,"119,00 €","29,75 €",4,1
B017HKRCGK,B00BHZPGHO,ARCOS Bolsa Portacuchillos para 17 Piezas Poliéster Negra,691400_,289,12,0.07%,0.13%,387,21,0.07%,0.16%,83.53%,100.00%,4,1,1.38%,8.33%,"173,22 €","42,51 €",4,1
B0CGTXWSFY,B00J177VYQ,ARCOS Cuchillo de Electricista para Cortar Cables con Hoja de Acero Inoxidable 90 Mm y Mango ergonómico de Polipropileno. Utensilio Profesional para Instalaciones Eléctricas. Color Negro,227100,489,27,0.12%,0.29%,697,45,0.12%,0.34%,0.80%,8.33%,4,2,0.82%,7.41%,"35,96 €","17,98 €",4,2
B0BXB18B8W,B07DFK4T6L,"Arcos Cuchillo Deshuesador Profesional - Hoja Silk Edge Acero Inoxidable Nitrum 160 mm, Precisión y Durabilidad, Mango Ergonómico POM Negro, Serie Manhattan",162600_,68,2,0.02%,0.02%,92,2,0.02%,0.02%,84.15%,100.00%,4,1,5.88%,50.00%,"110,56 €","26,59 €",4,1
B07G79KCFK,B07G79KCFK,"Arcos Cuchillos de Mesa Caja de 12 uds Cuchillo Chuletero Cuchillo de Mesa, Hoja de Acero Inoxidable NITRUM 105 mm, Mango de Nylon, Color Marrón (12 uds)",803800_,74,3,0.02%,0.03%,96,3,0.02%,0.02%,88.51%,100.00%,5,2,6.76%,66.67%,"199,95 €","79,98 €",4,1
B0F1ZF7H1L,B07JHPQGPW,Arcos Riviera Blanc Juego 3 Cuchillos Forjados POM Blanco,807610_,510,6,0.12%,0.06%,659,6,0.11%,0.05%,72.40%,100.00%,4,0,0.78%,0.00%,"264,56 €","0,00 €",4,0
B07N8TV9CC,B07N8TV9CC,Arcos Brooklyn Cuchillo Rebanar Jamonero Forjado Micarta Azul 250 mm,191923_,43,3,0.01%,0.03%,63,4,0.01%,0.03%,96.36%,100.00%,4,1,9.30%,33.33%,"155,92 €","38,98 €",4,1
B0F147RFRT,B07N8V34F1,"Arcos Cuchillo Santoku Acero Inoxidable Forjado con Balanceo, Mango Micarta y BorSeda Especial y Hoja Plateada 190 mm. Impresiona yorprencon Cada Corte. Serie Brooklyn. Color Azul.",191623_,255,6,0.06%,0.06%,320,10,0.06%,0.08%,85.00%,100.00%,4,0,1.57%,0.00%,"171,48 €","0,00 €",4,0
B06XB92VRH,B07T6J5JWM,CUPERINOX Cafetera Italiana Induccion Espresso Acero Inoxidable 12 Tazas,25035_2,571,6,0.14%,0.06%,866,7,0.15%,0.05%,32.90%,33.33%,4,0,0.70%,0.00%,"112,00 €","0,00 €",4,0
B07ZJ85R7C,B07ZJ85R7C,Arcos Set de Corte 3 Piezas Acero Inoxidable Nitrum,859300,73,2,0.02%,0.02%,113,6,0.02%,0.05%,98.97%,100.00%,4,0,5.48%,0.00%,"151,96 €","0,00 €",4,0
B08VRP7CR7,B08G8M6QDS,Arcos Juego de Cuchillos chuleteros - Envase Ecologico 100% - 4 Cuchillos Carne - Cubiertos Mesa Acero Inoxidable,809500_,71,0,0.02%,0.00%,104,0,0.02%,0.00%,100.00%,0.00%,4,0,5.63%,0.00%,"79,00 €","0,00 €",4,0
B08G8QCM5H,B08G8QCM5H,ARCOS cuchillo pelador | 6 PIEZAS | cuchillo de pelar | cuchillos pelar patatas | Hoja 100 mm | Negro | cuchillo arcos pelador Acero Inoxidable,816500,"1,242",37,0.30%,0.40%,"1,641",48,0.28%,0.36%,100.00%,100.00%,4,1,0.32%,2.70%,"75,96 €","18,99 €",4,1
B08T5Z4HFS,B08QYV8C1P,"CUPERINOX Cubiertos para marisco | Pinzas para marisco | Tenazas para marisco | 6 Unidades | Cubiertos marisco (Cangrejo, Langosta, Ostras) | Tenedor de marisco con dos dientes inferiores y cuchara.",20023_6Unidades,27,2,0.01%,0.02%,34,2,0.01%,0.02%,100.00%,100.00%,6,0,22.22%,0.00%,"68,10 €","0,00 €",4,0
B09KJLG7BT,B098K898SC,CUPERINOX Soporte Jamonero | Jamonero Profesional | Cuchillo Jamonero madera + Funda Jamon | Tabla Jamonera,20226,270,9,0.07%,0.10%,330,10,0.06%,0.08%,99.67%,100.00%,4,0,1.48%,0.00%,"100,37 €","0,00 €",4,0
B09BVVKYWV,B09BVVKYWV,"CUPERINOX Navaja 5 en1 multiusos | Incluye Afilador Navaja| Funcion Abrebotella, rompecristales y corta cuerdas| Navaja Filo Liso y Sierra|",30060,176,5,0.04%,0.05%,215,6,0.04%,0.05%,98.99%,100.00%,4,0,2.27%,0.00%,"60,21 €","0,00 €",4,0
B08VS4FCLN,B09HBWSBN1,"Arcos Juego Cuchillos Cocina cuchillo blanco cuchillos | cuchillos cocina Maitre | 5 piezas | Chef 215 mm, Cocina 150 mm, Verduras 100 mm Tijera cocina (Negro + Jamonero)",854100 fbm,342,3,0.08%,0.03%,417,3,0.07%,0.02%,98.72%,33.33%,5,0,1.46%,0.00%,"218,95 €","0,00 €",4,0
B09WYWVGCS,B09WYWVGCS,Arcos Clara Juego 3 Cuchillos Forjados Acero Inoxidable Nitrum,212000_819010,167,2,0.04%,0.02%,241,2,0.04%,0.02%,86.12%,100.00%,4,0,2.40%,0.00%,"199,96 €","0,00 €",4,0
B0B464Q8VS,B0B464Q8VS,CUPERINOX® Kitchen Pro | Tijeras de Cocina Profesional 21 cm Tijeras de Trinchar Carne y Pescado Acero Inoxidable Mango Ergonómico Apto Lavavajillas,21981_,71,1,0.02%,0.01%,100,1,0.02%,0.01%,100.00%,0.00%,4,0,5.63%,0.00%,"39,96 €","0,00 €",4,0
B0C5JNCFL4,B0C5JNCFL4,Arcos Serie Milano - Cubertería de 24 piezas en Caja de Regalo (6 Cuchillos + 12 Cucharas + 6 Tenedores) - Monoblock de una pieza en Acero Inoxidable - Color Plata,542000,163,9,0.04%,0.10%,262,19,0.05%,0.14%,76.53%,66.67%,4,1,2.45%,11.11%,"299,96 €","74,99 €",4,1
B0DKP68T32,B0DJBYWJB7,Arcos Serie Eclipse - Cuchillo de Chef - Hoja de Acero Inoxidable Forjado con Filo Seda Plus de 200 mm - Pulido Brillo Especial - Mango Acrílico - Color Negro,213500_,257,19,0.06%,0.21%,364,27,0.06%,0.20%,58.08%,13.33%,4,0,1.56%,0.00%,"295,96 €","0,00 €",4,0
B0752TVHLW,B000NOAYMM,Arcos Cuchillo Jamonero Acero Inoxidable 240 mm,281804_fba,192,4,0.05%,0.04%,267,4,0.05%,0.03%,56.49%,66.67%,3,0,1.56%,0.00%,"49,47 €","0,00 €",3,0
B000Q8UYRK,B000Q8UYRK,Arcos Cuchillo Jamonero Acero Inoxidable Forjado Nitrum 300 mm,256800_fbm,56,0,0.01%,0.00%,82,0,0.01%,0.00%,84.93%,0.00%,3,0,5.36%,0.00%,"85,47 €","0,00 €",3,0
B09337686H,B0044R884U,Arcos Universal Cuchillo Santoku Acero POM Negro 170 mm,286004,214,5,0.05%,0.05%,350,17,0.06%,0.13%,97.12%,100.00%,3,1,1.40%,20.00%,"71,25 €","23,75 €",3,1
B0189HXASY,B005LR6C7C,Arcos Cuchillo Cocina Acero Inoxidable Negro 180 mm,233500_,276,7,0.07%,0.08%,449,8,0.08%,0.06%,75.44%,100.00%,3,0,1.09%,0.00%,"104,97 €","0,00 €",3,0
B0F1ZF7H1L,B005LR6GE6,Arcos Cuchillo Cocinero Negro 250 mm,233700_,255,4,0.06%,0.04%,320,4,0.06%,0.03%,51.04%,66.67%,3,0,1.18%,0.00%,"128,97 €","0,00 €",3,0
B017HKHR92,B005LR6GE6,Arcos Cuchillo Cocinero Negro 250 mm,233700_,457,8,0.11%,0.09%,580,8,0.10%,0.06%,40.49%,40.00%,3,0,0.66%,0.00%,"128,97 €","0,00 €",3,0
B0752SPHL9,B005LR6W8Q,Arcos Maitre Set 5 Cuchillos Acero Inoxidable Nitrum,152000_,314,5,0.08%,0.05%,449,5,0.08%,0.04%,40.15%,66.67%,3,0,0.96%,0.00%,"185,97 €","0,00 €",3,0
B017HKR8WS,B005LR7EP6,ARCOS Afilador de Cuchillos Profesional ABS,610000_,"2,512",70,0.61%,0.76%,"3,881",128,0.67%,0.96%,35.58%,36.84%,3,0,0.12%,0.00%,"200,97 €","0,00 €",3,0
B0752TVHLW,B007TS67P8,Arcos Cuchillo Chef Acero Inoxidable 175 mm,280504_,208,7,0.05%,0.08%,299,8,0.05%,0.06%,17.76%,12.50%,3,0,1.44%,0.00%,"52,47 €","0,00 €",3,0
B0752TVHLW,B007TS6GFO,Arcos Universal Juego 5 Cuchillos Nitrum Bloque Pino POM Negro,285700_,242,5,0.06%,0.05%,305,7,0.05%,0.05%,48.69%,50.00%,3,0,1.24%,0.00%,"314,70 €","0,00 €",3,0
B007TS6GFO,B007TS6GFO,Arcos Universal Juego 5 Cuchillos Nitrum Bloque Pino POM Negro,285700_,213,8,0.05%,0.09%,293,11,0.05%,0.08%,50.39%,62.50%,3,0,1.41%,0.00%,"314,70 €","0,00 €",3,0
B007TS6GW2,B007TS6GW2,Arcos Chairas - Chaira Afilador manual de cuchillos - Cuerpo de Acero al Carbono recubierto de Diamante de 280 mm - Mango de Polipropileno color negro,279202_,185,8,0.05%,0.09%,305,16,0.05%,0.12%,57.24%,18.18%,3,0,1.62%,0.00%,"119,97 €","0,00 €",3,0
B0895RNY35,B007TS6HDA,ARCOS Descorazonador de Manzanas Acero Inoxidable Nitrum 75 mm,612300,40,3,0.01%,0.03%,55,5,0.01%,0.04%,43.48%,75.00%,3,0,7.50%,0.00%,"25,47 €","0,00 €",3,0
B007TS6HNK,B007TS6HNK,ARCOS Corta Pizzas Acero Inoxidable 100 mm,614800_,282,14,0.07%,0.15%,409,21,0.07%,0.16%,4.85%,0.00%,3,0,1.06%,0.00%,"35,97 €","0,00 €",3,0
B007TS6I5C,B007TS6I5C,ARCOS Sacacorchos Manual Cuerpo ABS Serie Toscana,604100,391,9,0.10%,0.10%,607,14,0.10%,0.11%,18.14%,12.50%,3,0,0.77%,0.00%,"147,78 €","0,00 €",3,0
B0B3F4QXML,B008U6TDTK,Arcos Serie Clasica - Juego de Cuchillos de 5 piezas en Caja de Regalo (5 Cuchillos) - Hoja de Acero Inoxidable Forjado NITRUM - Mando de Polioximetileno (POM) - Bloque de madera color marrón acabado lacado,257000,674,35,0.16%,0.38%,943,40,0.16%,0.30%,91.33%,84.85%,3,0,0.45%,0.00%,"434,97 €","0,00 €",3,0
B07BDQNMT7,B00BHZPKEI,Arcos Cuchillo Blanco 100 mm,230224_,109,4,0.03%,0.04%,157,4,0.03%,0.03%,54.01%,100.00%,5,0,4.59%,0.00%,"99,95 €","0,00 €",3,0
B00BHZPKEI,B00BHZPKEI,Arcos Cuchillo Blanco 100 mm,230224_,56,1,0.01%,0.01%,91,1,0.02%,0.01%,54.22%,0.00%,3,0,5.36%,0.00%,"59,97 €","0,00 €",3,0
B00D3LC70Y,B00D3LC70Y,Arcos Tijeras Costura Castellana - Acero Forjado Niquelado 127 mm - Uso Doméstico y Profesional - Serie Style,502200,45,2,0.01%,0.02%,70,4,0.01%,0.03%,91.67%,100.00%,3,0,6.67%,0.00%,"31,47 €","0,00 €",3,0
B0752TTMS8,B00D3LFAEE,Arcos Chairas - Chaira Afilador Manual de Cuchillos - Cuerpo Ovalado de Acero al Carbono Recubierto de Diamante de 280 mm y 17 mm de diámetro - Mango Polipropileno Color Negro,279200,"1,108",37,0.27%,0.40%,"1,586",49,0.27%,0.37%,6.93%,3.13%,3,0,0.27%,0.00%,"119,97 €","0,00 €",3,0
B09335Z9NL,B00J64GMWQ,Arcos Universal Cuchillo Chef Granton Acero Inoxidable Nitrum 200 mm,280601_us,132,6,0.03%,0.06%,210,7,0.04%,0.05%,66.48%,40.00%,3,0,2.27%,0.00%,"65,97 €","0,00 €",3,0
B017HKR8WS,B00OFR535Q,"Arcos Afiladores - Afilador Eléctrico de Cuchillos Afilador de Cuchillos Eléctricos, Hecho de Plástico, Color Negro (Rodillos de Banda Intercambiables)",610500_fbm,227,10,0.06%,0.11%,267,11,0.05%,0.08%,92.68%,87.50%,3,3,1.32%,30.00%,"704,97 €","704,97 €",3,3
B00U2QWO1K,B00U2QWO1K,Arcos Latina Cuchillo Chuletero Acero Inoxidable 105 mm,100400_1pieza,618,8,0.15%,0.09%,939,9,0.16%,0.07%,11.35%,0.00%,10,0,1.62%,0.00%,"37,50 €","0,00 €",3,0
B017DLDQXQ,B017DLDQXQ,"Arcos Serie Latina, Cuchillo jamonero, Hoja de 250 mm, Mango Madera",101300_fbm,63,4,0.02%,0.04%,78,9,0.01%,0.07%,54.17%,25.00%,3,0,4.76%,0.00%,"28,47 €","0,00 €",3,0
B0189HXOXK,B017DLLFI4,Arcos Serie Navajas Profesionales - Navaja Profesional - Hoja Filo de Acero Inoxidable NITRUM de 85 mm - Navaja de Acero Inoxidable Color naranja,485329_fbm,161,4,0.04%,0.04%,216,4,0.04%,0.03%,66.99%,100.00%,4,0,2.48%,0.00%,"29,96 €","0,00 €",3,0
B09F9M72Z9,B017DLNFNC,Arcos Cuchillos de Mesa - Cuchillo Chuletero Cuchillo de Mesa - Hoja de Acero Inoxidable NITRUM 110 mm - Mango de Polipropileno - Color Negro,805109_1pieza,539,17,0.13%,0.18%,747,22,0.13%,0.17%,55.98%,58.82%,5,4,0.93%,23.53%,"17,34 €","13,35 €",3,2
B0752NT3TH,B0728B9JD9,Arcos Serie Prochef - Tijeras de Cocina - Hoja de Acero Inoxidable - 215 mm - Mango de Polipropileno Color verde y negro,185621,59,3,0.01%,0.03%,74,3,0.01%,0.02%,74.36%,0.00%,3,0,5.08%,0.00%,"26,97 €","0,00 €",3,0
B078GYCH1G,B078GYCH1G,Tenedor de marisco - 6 unid,20023,21,0,0.01%,0.00%,28,0,0.00%,0.00%,100.00%,0.00%,3,1,14.29%,0.00%,"38,97 €","12,99 €",3,1
B0BXB18B8W,B07D8WQ355,Arcos Serie Manhattan - Cuchillo Cocinero - Hoja de Acero Inoxidable Forjado Nitrum 210 mm - Mango de Polioximetileno (POM) Color Negro - Filo Seda,160600,226,8,0.06%,0.09%,350,11,0.06%,0.08%,96.14%,100.00%,3,1,1.33%,12.50%,"110,97 €","36,99 €",3,1
B0BXB18B8W,B07DC8JHV4,Arcos Cuchillo verduras Acero Inoxidable. Cuchillo profesional para pelar frutas y verduras. Mango ergonómico polioximetileno y Hoja 130 mm. Serie Manhattan. Color negro.,161100,117,7,0.03%,0.08%,170,11,0.03%,0.08%,91.43%,100.00%,3,0,2.56%,0.00%,"73,47 €","0,00 €",3,0
B0BXB18B8W,B07DQRFDMB,Arcos Manhattan Cuchillo Santoku Forjado Acero POM Negro 190 mm,161600_etq,216,4,0.05%,0.04%,404,6,0.07%,0.05%,85.20%,100.00%,3,0,1.39%,0.00%,"102,53 €","0,00 €",3,0
B0BXB18B8W,B07DQRFDMB,Arcos Manhattan Cuchillo Santoku Forjado Acero POM Negro 190 mm,161600_,216,4,0.05%,0.04%,404,6,0.07%,0.05%,85.20%,100.00%,3,0,1.39%,0.00%,"100,47 €","0,00 €",3,0
B0B3F4QXML,B07HY6FKNQ,Arcos Serie Clasica - Juego de Cuchillos de 7 piezas en Caja de Regalo (5 Cuchillos + 1 Tijeras + 1 Chaira) - Hoja de Acero Inoxidable Forjado NITRUM - Mango de Polioximetileno (POM) - Color marrón,854400_2,186,10,0.05%,0.11%,293,10,0.05%,0.08%,73.27%,100.00%,3,0,1.61%,0.00%,"443,97 €","0,00 €",3,0
B07JWG12BV,B07JWG12BV,Arcos Riviera Set 3 Cuchillos Forjados Acero Inoxidable Nitrum,807710_,167,3,0.04%,0.03%,219,5,0.04%,0.04%,43.96%,100.00%,3,0,1.80%,0.00%,"209,97 €","0,00 €",3,0
B0F147RFRT,B07N8Q63Z6,Arcos Brooklyn Cuchillo para Tomates Forjado Acero Inoxidable Nitrum 130 mm,192023_,150,2,0.04%,0.02%,170,3,0.03%,0.02%,88.64%,100.00%,3,0,2.00%,0.00%,"91,14 €","0,00 €",3,0
B07N8V34F1,B07N8V34F1,"Arcos Cuchillo Santoku Acero Inoxidable Forjado con Balanceo, Mango Micarta y BorSeda Especial y Hoja Plateada 190 mm. Impresiona yorprencon Cada Corte. Serie Brooklyn. Color Azul.",191623_,81,1,0.02%,0.01%,123,1,0.02%,0.01%,97.35%,100.00%,3,1,3.70%,100.00%,"126,73 €","40,99 €",3,1
B0F147RFRT,B07N8VCFRY,Arcos Brooklyn Cuchillo Panero Acero Inoxidable Nitrum 200 mm,191323_,111,3,0.03%,0.03%,133,3,0.02%,0.02%,91.75%,100.00%,3,0,2.70%,0.00%,"119,64 €","0,00 €",3,0
B0F147RFRT,B07N8VRS7L,Arcos Brooklyn Cuchillo Pelador Acero Inoxidable 100 mm,190123_,188,2,0.05%,0.02%,260,3,0.04%,0.02%,79.71%,50.00%,5,0,2.66%,0.00%,"142,45 €","0,00 €",3,0
B07N8VRS7L,B07N8VRS7L,Arcos Brooklyn Cuchillo Pelador Acero Inoxidable 100 mm,190123_,69,1,0.02%,0.01%,113,1,0.02%,0.01%,99.00%,100.00%,3,0,4.35%,0.00%,"85,47 €","0,00 €",3,0
B07NDV5T2F,B07NDV5T2F,Arcos Serie Brooklyn - Cuchillo Cocinero - Hoja de Acero Inoxidable Forjado NITRUM 210 mm - Mango de Micarta Color Azul (Filo Seda),190623_fbm,100,2,0.02%,0.02%,174,5,0.03%,0.04%,92.95%,100.00%,3,0,3.00%,0.00%,"137,97 €","0,00 €",3,0
B08WR6CHHN,B08JC8DSP6,Arcos Cuchillos Chuleteros cuchillos chuleteros acero inoxidable filo liso juego cuchillos chuleteros | 6 PZAS cuchillo chuletero | Hoja 110 mm |cuchillos carne Envase Eco,815800_,89,1,0.02%,0.01%,153,1,0.03%,0.01%,100.00%,100.00%,5,0,5.62%,0.00%,"199,95 €","0,00 €",3,0
B08MTWQWZZ,B08MTWQWZZ,Arcos Cuchillo Cocinero Profesional Acero Inoxidable 160mm,165900_fbm,176,4,0.04%,0.04%,258,5,0.04%,0.04%,43.42%,25.00%,3,0,1.70%,0.00%,"77,97 €","0,00 €",3,0
B08TLR4Z27,B095C22QFS,Arcos jamonero Profesional | Cuchillo jamonero jamonero Inoxidable Nitrum | Mango Negro | Cuchillo Jamon iberico | Serie Maitre| Hoja Flexible y Filo Liso | 275 mm | Acero Inoxidable NITRUM,151811FBM,43,4,0.01%,0.04%,61,8,0.01%,0.06%,100.00%,0.00%,3,0,6.98%,0.00%,"56,87 €","0,00 €",3,0
B09FQ5SZK8,B0968LSP2T,"Arcos Utensilios Barbacoa - Cuchillo 200 mm y Tenedor 215 mm, Acero Inoxidable NITRUM, Mango Madera Ovengkol FSC, Set 2 Piezas, Embalaje Reciclado, Serie Nordika",167000_fbm,200,5,0.05%,0.05%,265,5,0.05%,0.04%,24.35%,0.00%,3,0,1.50%,0.00%,"149,97 €","0,00 €",3,0
B08VS4FCLN,B09HHGVG2N,"Arcos Juego Cuchillos Cocina cuchillos | Cuchillo profesional | 6 piezas | Chef 215 mm + Cocina 150 mm, Verduras 100 mm + Tijera cocina + Pelador de fruta y verdura + Pinza para pescado",854200fbm,138,2,0.03%,0.02%,157,2,0.03%,0.02%,99.33%,100.00%,3,0,2.17%,0.00%,"118,33 €","0,00 €",3,0
B09NRLLDC6,B09NRLLDC6,CUPERINOX Cuchillo Jamonero + Chaira + Funda Cubre Jamón | Jamonero 240mm acero inoxidable| Afilador Chaira | Funda cubre jamón,20220,90,2,0.02%,0.02%,122,3,0.02%,0.02%,95.33%,100.00%,3,0,3.33%,0.00%,"29,97 €","0,00 €",3,0
B09XF4MLJT,B09XF4MLJT,Arcos Serie Clara - Set 4 Cuchillos de Cocina (Mondador + Cocina + Chef + Tijeras) - Acero Inoxidable Forjado NITRUM - Mango Inyectado de Polipropileno - Color Negro,819010_fbm,38,0,0.01%,0.00%,56,0,0.01%,0.00%,96.08%,0.00%,3,0,7.89%,0.00%,"145,47 €","0,00 €",3,0
B0CVH8PC99,B0CQRMMMR5,CUPERINOX Cuchillos Carne | Cuchillos Mesa | Cuchillos Chuleteros | 6 Piezas | Hoja Serrada | Mango Polipropileno | Acero Inoxidable | 11 cm,99901_6pzs,154,2,0.04%,0.02%,212,2,0.04%,0.02%,100.00%,100.00%,3,0,1.95%,0.00%,"29,97 €","0,00 €",3,0
B0CVH8PC99,B0CQTKPL63,CUPERINOX Cuchillos Carne | Cuchillos Mesa | Cuchillos Chuleteros | 24 Piezas | Hoja Serrada | Mango Polipropileno | Acero Inoxidable | 11 cm,99901_24pzs,200,7,0.05%,0.08%,266,8,0.05%,0.06%,100.00%,100.00%,4,0,2.00%,0.00%,"79,96 €","0,00 €",3,0
B0DPKXM18X,B0DNQX2BZN,"CUPERINOX Soporte Jamonero Plegable | Jamonero Giratorio | Jamonero de Bambú con Cuchillo Profesional, Afilador y Funda para Jamón | Elite Collection",20270_,"1,188",20,0.29%,0.22%,"1,971",31,0.34%,0.23%,99.83%,100.00%,3,0,0.25%,0.00%,"149,97 €","0,00 €",3,0
B0DVT6KPDV,B0DT73LYPQ,"CUPERINOX Cuchillos Montessori | Set de Cuchillos Infantiles de 16 Piezas | Cuchillos Niños Aprendizaje +2 Años | Incluye Delantal, Guante de Seguridad, Moldes Tabla de Cortar | Kids Collection",27016_,186,7,0.05%,0.08%,210,11,0.04%,0.08%,99.50%,100.00%,3,0,1.61%,0.00%,"51,97 €","0,00 €",3,0
B017HKG9PK,B0044R87K0,Arcos Cuchillo Cocina Acero Inoxidable Negro 160 mm,151500_fbm,"2,230",58,0.54%,0.63%,"3,216",90,0.56%,0.68%,1.63%,0.00%,2,0,0.09%,0.00%,"30,23 €","0,00 €",2,0
B07BDRM2H8,B005LR69ZC,Arcos Cuchillo de Queso Negro 145 mm,232800_,109,6,0.03%,0.06%,168,14,0.03%,0.11%,23.03%,7.69%,2,1,1.83%,16.67%,"75,90 €","37,95 €",2,1
B017HKHR92,B005LR6C7C,Arcos Cuchillo Cocina Acero Inoxidable Negro 180 mm,233500,94,0,0.02%,0.00%,149,0,0.03%,0.00%,69.57%,0.00%,2,0,2.13%,0.00%,"69,98 €","0,00 €",2,0
B0F1ZF7H1L,B005LR6FAG,"Arcos Cuchillo Cocina Forjado en Acero Inoxidable y Hoja de 200mm. Cuchillo Chef Profesional para Cortar Pescado, Carne y Cebolla. Mango Ergonómico Polioximetileno. Serie Riviera. Color Negro.",233600,"1,203",19,0.29%,0.21%,"1,612",27,0.28%,0.20%,7.17%,0.00%,2,0,0.17%,0.00%,"64,98 €","0,00 €",2,0
B0752TH4FW,B005LR6J3Y,Arcos Riviera Juego 6 Cuchillos Forjados Acero Inoxidable Nitrum,234200_,98,4,0.02%,0.04%,163,4,0.03%,0.03%,94.37%,100.00%,2,0,2.04%,0.00%,"349,80 €","0,00 €",2,0
B0BSKCJNDM,B005LR72I0,Arcos Niza Cuchillo Jamonero Flexible Acero Inoxidable 230 mm,135600_fba,276,4,0.07%,0.04%,435,4,0.08%,0.03%,8.95%,50.00%,2,0,0.72%,0.00%,"21,98 €","0,00 €",2,0
B0BMQ3CMJD,B005LR73D4,Arcos Serie Niza - Set Jamoneri - Cuchillo Jamonero + Chaira - Hoja de Acero Inoxidable NITRUM de 240 mm - Mangos fabricados en Polipropileno (PP) Color Negro,136700_fbm,158,5,0.04%,0.05%,219,6,0.04%,0.05%,8.54%,0.00%,2,0,1.27%,0.00%,"29,98 €","0,00 €",2,0
B005LR749W,B005LR749W,"ARCOS Juego de Cubiertos de 24 Piezas para Mesa. Cuberterí­a Completa para 6 Personas. Set de 6 Cucharas, 6 Cuchillos, 6 Tenedores y 6 Cucharas de Postre. Serie Berlí­n. Color Plata",562400_fbm,432,19,0.11%,0.21%,589,30,0.10%,0.23%,61.37%,55.56%,3,0,0.69%,0.00%,"251,82 €","0,00 €",2,0
B0752NT3TH,B005LR7726,Arcos Serie Prochef - Tijeras de Cocina - Hoja de Acero Inoxidable - 210 mm - Mango de Polipropileno Color negro y rojo,185601_barras_Arcos,"1,118",27,0.27%,0.29%,"1,767",33,0.31%,0.25%,0.13%,10.00%,3,3,0.27%,11.11%,"26,22 €","26,22 €",2,2
B017HKJ4T8,B007TS67Q2,Arcos Cuchillo Chef Acero Inoxidable 120 mm,280304,288,12,0.07%,0.13%,481,19,0.08%,0.14%,19.59%,0.00%,2,0,0.69%,0.00%,"26,20 €","0,00 €",2,0
B0752TVHLW,B007TS6G9U,Arcos Juego de Cuchillos Cocina y Tijeras,285600,190,7,0.05%,0.08%,271,10,0.05%,0.08%,49.08%,71.43%,3,0,1.58%,0.00%,"350,91 €","0,00 €",2,0
B07BDT9G74,B008U6T624,Arcos Clásica Cuchillo Deshuesador Forjado Acero Inoxidable Nitrum 140 mm,256200_fbm,28,1,0.01%,0.01%,33,1,0.01%,0.01%,100.00%,100.00%,2,0,7.14%,0.00%,"39,98 €","0,00 €",2,0
B017HKI11U,B00BHZPIVI,Arcos Cuchillo Chef Forjado Acero Inoxidable 200 mm,233624,78,3,0.02%,0.03%,119,4,0.02%,0.03%,8.41%,33.33%,2,0,2.56%,0.00%,"64,98 €","0,00 €",2,0
B017HKI11U,B00BHZPJFI,Arcos Riviera Blanc Cuchillo Chef Forjado Acero Inoxidable 150 mm,233424_,32,1,0.01%,0.01%,39,1,0.01%,0.01%,61.76%,0.00%,2,0,6.25%,0.00%,"53,98 €","0,00 €",2,0
B0F1ZF7H1L,B00BHZPKEI,Arcos Cuchillo Blanco 100 mm,230224_,224,3,0.05%,0.03%,322,3,0.06%,0.02%,4.38%,0.00%,2,0,0.89%,0.00%,"39,98 €","0,00 €",2,0
B00CWZOIIQ,B00CWZOIIQ,"Arcos Cuchillos Mesa - Cuchillo Carne Mesa - Monobloque unaola pieza Acero Inoxidable 4"" - Corta chuletas o bistecs con precisión, facilidad y rapidez -erie Monobloque - Color Plateado",375500_1pza_fbm,88,3,0.02%,0.03%,139,3,0.02%,0.02%,82.61%,100.00%,8,0,9.09%,0.00%,"51,92 €","0,00 €",2,0
B0BX5LL7FV,B00D3LDVSQ,ARCOS Cascanueces Aleación de Zinc Plata 160 mm,603000_,81,3,0.02%,0.03%,142,4,0.02%,0.03%,10.83%,0.00%,5,0,6.17%,0.00%,"67,45 €","0,00 €",2,0
B00ITVQOOI,B00ITVQOOI,ARCOS Tenedor de Mesa Acero Inoxidable 18/10 200 mm,371600_1pieza,106,4,0.03%,0.04%,143,5,0.02%,0.04%,37.82%,0.00%,5,0,4.72%,0.00%,"24,95 €","0,00 €",2,0
B017HKGEFK,B00J64L30C,Arcos Natura Cuchillo Santoku Forjado Acero Inoxidable 180 mm,155810_,96,2,0.02%,0.02%,172,2,0.03%,0.02%,24.18%,0.00%,2,0,2.08%,0.00%,"73,98 €","0,00 €",2,0
B07Z8TJHZR,B00LGX10MW,ARCOS Sacacorchos Manual Aleación de Zinc 195 mm,603400_,298,2,0.07%,0.02%,449,2,0.08%,0.02%,6.27%,50.00%,2,0,0.67%,0.00%,"36,80 €","0,00 €",2,0
B00PKFXWJQ,B00PKFXWJQ,Arcos Serie Cuchillos de Mesa - Cuchillo Mesa - Hoja Serrada de Acero Inoxidable NITRUM de 125 mm - Mango Polipropileno Color crema,370200_1Pieza,72,1,0.02%,0.01%,96,1,0.02%,0.01%,100.00%,100.00%,4,0,5.56%,0.00%,"13,96 €","0,00 €",2,0
B017HKSTCQ,B00VRWSIUO,Arcos Serie Ecopro - Tijeras de Cocina - Acero Inoxidable 240 mm - Mango de Acero Inoxidable - Color Plata,809800_,520,20,0.13%,0.22%,699,28,0.12%,0.21%,5.36%,0.00%,2,0,0.38%,0.00%,"38,29 €","0,00 €",2,0
B00VRZ3BMG,B00VRZ3BMG,Arcos Tijeras Costura Acero Forjado 140 mm - Uso Doméstico y Profesional - Niqueladas Plata - Serie Style,502300_,33,1,0.01%,0.01%,42,1,0.01%,0.01%,100.00%,0.00%,2,0,6.06%,0.00%,"21,98 €","0,00 €",2,0
B00WHV21BG,B00WHV21BG,CUPERINOX TIJERAS PESCADO | TIJERAS COCINA| TIJERAS ACERO| TIJERAS | 20 CM | UTENSILIOS DE COCINA,21992_,35,0,0.01%,0.00%,60,0,0.01%,0.00%,76.47%,0.00%,2,0,5.71%,0.00%,"14,50 €","0,00 €",2,0
B017HKSR4G,B00WUZRKJW,Arcos Cuchillos de Mesa - Hoja de Acero Inoxidable Nitrum 110 mm - Mango Ergonómico de Polipropileno - Ideal para Comedor - Color Crema - Serie Elegance,802900,345,4,0.08%,0.04%,433,4,0.07%,0.03%,97.88%,100.00%,7,0,2.03%,0.00%,"24,43 €","0,00 €",2,0
B0752VKJ59,B017DLH9NE,Arcos Afilador Acero Nitrum Acero Inoxidable y Hoja 300 mm. Serie Chaira. Cuerpo Acero al Carbono Recubierto Cromo 11 - Mango Polipropileno. Formas ligeras yuaves. Color Negro.,278310_,31,1,0.01%,0.01%,45,1,0.01%,0.01%,97.56%,100.00%,2,0,6.45%,0.00%,"49,98 €","0,00 €",2,0
B017DLL2KA,B017DLL2KA,"Arcos Regia Cuchillos Mesa Carne Nitrum POM Negro-Oro 4,5 pulg",375000_1Pieza,166,5,0.04%,0.05%,244,5,0.04%,0.04%,42.59%,25.00%,13,0,7.83%,0.00%,"147,29 €","0,00 €",2,0
B019H2J21O,B019H2J21O,"Cuperinox 22531, Flanero Inoxidable 18cm con tapa",22531_us,42,0,0.01%,0.00%,53,0,0.01%,0.00%,97.96%,0.00%,2,0,4.76%,0.00%,"17,98 €","0,00 €",2,0
B071HVWQKP,B071HVWQKP,Arcos Cuchillos Mesa con Hoja Acero Inoxidable. Cuchillos Carne con Mango Madera Palisandro Marrón. Hoja. Corta Carne Asada. Clásicos y Elegantes. Cortein Esfuerzo. Serie Mesa. Color Marrón,373700,913,33,0.22%,0.36%,"1,217",48,0.21%,0.36%,21.69%,30.30%,11,0,1.20%,0.00%,"171,64 €","0,00 €",2,0
B071LGMH89,B071LGMH89,Arcos Mesa Cuchillo Carne Nitrum Pack Madera Marrón 4 pulg,374610_fbm,211,7,0.05%,0.08%,284,9,0.05%,0.07%,29.34%,33.33%,8,6,3.79%,85.71%,"133,92 €","100,44 €",2,1
B073V3CYRF,B073V3CYRF,Arcos Cuchillo Mondador de 4 Pulgadas con Hoja de 100mm en Acero Inoxidable y Mango de Polipropileno. Cuchillos de Cocina para Pelar Apto para Lavavajillas. Serie Nova. Color Turquesa,188632_,187,8,0.05%,0.09%,287,9,0.05%,0.07%,88.45%,50.00%,2,0,1.07%,0.00%,"11,98 €","0,00 €",2,0
B073V5RN1J,B073V5RN1J,Arcos Cuchillo Mondador Acero Inoxidable NITRUM 100 mm - Ideal para Pelar Frutas y Verduras - Mango Ergonómico Polipropileno Negro - Serie Nova,816500_1pieza,83,6,0.02%,0.06%,104,6,0.02%,0.05%,100.00%,100.00%,3,0,3.61%,0.00%,"13,47 €","0,00 €",2,0
B0F1N351DY,B073V5RN1J,Arcos Cuchillo Mondador Acero Inoxidable NITRUM 100 mm - Ideal para Pelar Frutas y Verduras - Mango Ergonómico Polipropileno Negro - Serie Nova,816500_1pieza,358,9,0.09%,0.10%,401,9,0.07%,0.07%,97.73%,100.00%,4,0,1.12%,0.00%,"17,96 €","0,00 €",2,0
B077V7LJJM,B077V7LJJM,"Arcos Serie Riviera, Set Jamonero de 3 piezas, 1 Cuchillo Jamonero + 1 Deshuesador + 1 Chaira, Hoja de Acero Inoxidable Forjado Nitrum, Mango de Polioximetileno, POM, Color Negro",_806911_,61,1,0.01%,0.01%,99,1,0.02%,0.01%,95.29%,0.00%,2,0,3.28%,0.00%,"139,98 €","0,00 €",2,0
B07B8MQZTW,B07B8MQZTW,Arcos Serie Riviera Rose - Cuchillo Mondador - Hoja de Acero Inoxidable Forjado NITRUM 100 mm - Mango de Polioximetileno (POM) Color Rosa,230254,73,2,0.02%,0.02%,95,2,0.02%,0.02%,100.00%,100.00%,2,0,2.74%,0.00%,"39,98 €","0,00 €",2,0
B07BMGMVY4,B07BMGMVY4,Arcos Serie Riviera Rose - Cuchillo Cocinero - Hoja de Acero Inoxidable Forjado NITRUM 200 mm - Mango de Polioximetileno (POM) Color Rosa,233654_,73,2,0.02%,0.02%,105,3,0.02%,0.02%,96.67%,100.00%,2,0,2.74%,0.00%,"69,98 €","0,00 €",2,0
B07CY3885W,B07CY3885W,"Arcos Serie Riviera Rose, Cuchillo Cocinero, Hoja de Acero Inoxidable Forjado Nitrum 150 mm, Mango de Polioximetileno, POM Color Rosa",233454,7,0,0.00%,0.00%,8,0,0.00%,0.00%,100.00%,0.00%,2,0,28.57%,0.00%,"53,98 €","0,00 €",2,0
B0BXB18B8W,B07D8H2FNG,Arcos Manhattan Cuchillo Pelador Forjado Acero Inoxidable 100 mm,160100_,79,3,0.02%,0.03%,135,5,0.02%,0.04%,96.46%,100.00%,2,0,2.53%,0.00%,"47,36 €","0,00 €",2,0
B07D8H2FNG,B07D8H2FNG,Arcos Manhattan Cuchillo Pelador Forjado Acero Inoxidable 100 mm,160100_,21,1,0.01%,0.01%,34,1,0.01%,0.01%,23.33%,100.00%,2,0,9.52%,0.00%,"46,98 €","0,00 €",2,0
B0BXB18B8W,B07DC9LM3W,"Arcos Cuchillo Panadero Profesional - Hoja Silk Edge 200 mm en Acero Inoxidable Nitrum, Corte Preciso y Duradero, Ideal para Pan y Pasteles, Diseño Elegante y Seguro, Serie Manhattan",161300_,88,3,0.02%,0.03%,108,3,0.02%,0.02%,12.12%,50.00%,2,0,2.27%,0.00%,"64,51 €","0,00 €",2,0
B07DFK4T6L,B07DFK4T6L,"Arcos Cuchillo Deshuesador Profesional - Hoja Silk Edge Acero Inoxidable Nitrum 160 mm, Precisión y Durabilidad, Mango Ergonómico POM Negro, Serie Manhattan",162600_,24,7,0.01%,0.08%,53,30,0.01%,0.23%,79.55%,100.00%,2,1,8.33%,14.29%,"55,98 €","27,99 €",2,1
B096ZTPPBG,B07DQRFDMB,Arcos Manhattan Cuchillo Santoku Forjado Acero POM Negro 190 mm,161600_etq,73,2,0.02%,0.02%,101,2,0.02%,0.02%,92.31%,100.00%,2,0,2.74%,0.00%,"67,98 €","0,00 €",2,0
B07JWM27F4,B07JWM27F4,Arcos Set Cuchillos Cocina Profesionales Forjados en Acero Inoxidable. Juego de 3 Cuchillos (Pelador 100 mm + Cocinero 150 mm + Cocinero 200 mm). Mango Ergonómico Rosa en Polioximetileno. Riviera Rose,855100,237,4,0.06%,0.04%,318,4,0.05%,0.03%,86.91%,100.00%,2,0,0.84%,0.00%,"149,98 €","0,00 €",2,0
B07N8Q63Z6,B07N8Q63Z6,Arcos Brooklyn Cuchillo para Tomates Forjado Acero Inoxidable Nitrum 130 mm,192023_,37,0,0.01%,0.00%,63,0,0.01%,0.00%,100.00%,0.00%,2,0,5.41%,0.00%,"60,76 €","0,00 €",2,0
B0F147RFRT,B07N8TNDRV,Arcos Brooklyn Cuchillo Chef Forjado Acero Inoxidable 150 mm,190423_,352,9,0.09%,0.10%,430,9,0.07%,0.07%,74.93%,100.00%,2,0,0.57%,0.00%,"79,98 €","0,00 €",2,0
B0F147RFRT,B07N8TV9CC,Arcos Brooklyn Cuchillo Rebanar Jamonero Forjado Micarta Azul 250 mm,191923_,292,7,0.07%,0.08%,373,9,0.06%,0.07%,93.46%,100.00%,2,0,0.68%,0.00%,"77,96 €","0,00 €",2,0
B0BXB18B8W,B07N8V3SNH,"Arcos Cuchillo Tomate Forjado Acero Inoxidable 130 mm - Mango Ergonómico POM Negro, Borde Serrado para Rebanadas Perfectas - Serie Manhattan, Calidad Profesional",162000_,49,0,0.01%,0.00%,62,0,0.01%,0.00%,81.63%,0.00%,2,0,4.08%,0.00%,"50,39 €","0,00 €",2,0
B0F147RFRT,B07N8VHP6Y,Arcos Cuchillo deshuesador con Hoja Acero Inoxidable Nitrum 160 mm. Cuchillo profesional para cortar huesos carne. Mango ergonómico polipropileno. Serie Brooklyn. Color azul.,192623_,176,4,0.04%,0.04%,211,4,0.04%,0.03%,90.40%,100.00%,3,0,1.70%,0.00%,"104,64 €","0,00 €",2,0
B092TQ1P72,B07N8VMWGG,Arcos Mesa Cuchillo Chuletero Serrado Nitrum POM Negro 115 mm,374800_1pieza,46,1,0.01%,0.01%,60,1,0.01%,0.01%,96.15%,100.00%,12,0,26.09%,0.00%,"101,88 €","0,00 €",2,0
B0BV37H1DN,B07N8W7718,Arcos Cuchillo Chef Forjado Acero Inoxidable Tamaño. Mango Profesional Micarta y BorSeda Especial con Hoja Plateada 250 mm. Impresiona yorprencon Cada Corte. Serie Brooklyn. Color Azul.,190823_,50,1,0.01%,0.01%,84,1,0.01%,0.01%,59.21%,0.00%,2,1,4.00%,100.00%,"105,98 €","52,99 €",2,1
B07N8WMVK1,B07N8WMVK1,ARCOS Taco Cajonera Organizador Bambú hasta 25 cm Marrón,794300_fbm,253,1,0.06%,0.01%,336,1,0.06%,0.01%,4.71%,0.00%,2,0,0.79%,0.00%,"64,51 €","0,00 €",2,0
B0F147RFRT,B07N8WXGW7,Arcos Brooklyn - Cuchillo de Lenguado Cuchillo para Pescado - Acero Inoxidable Forjado NITRUM 170 mm - Mango Micarta Color Azul (Filo Seda),191423_,115,5,0.03%,0.05%,129,7,0.02%,0.05%,90.11%,100.00%,2,0,1.74%,0.00%,"71,98 €","0,00 €",2,0
B092TQ1P72,B07NDSZJQY,"Arcos Serie Cuchillos de Mesa Caja 12 uds Cuchillo Chuletero, Hoja Serrada de Acero Inoxidable NITRUM de 115 mm, Mango Polioximetileno Color negro (12 UDS)",374800_12piezas,37,2,0.01%,0.02%,56,2,0.01%,0.02%,100.00%,100.00%,2,0,5.41%,0.00%,"149,98 €","0,00 €",2,0
B0843DNN57,B0843DNN57,Arcos Set Cuchillos Forjados 4 piezas (3 Cuchillos + 1 tijeras) - Acero Inoxidable Forjado NITRUM - Mango Micarta - Bloques Madera Color Azul. Serie Brooklyn. Impresiona yorprencon Cada Corte.,194000,106,2,0.03%,0.02%,166,2,0.03%,0.02%,99.31%,100.00%,2,0,1.89%,0.00%,"219,98 €","0,00 €",2,0
B0843SYT31,B0843SYT31,Arcos Cuchillo Chef con Hoja Acero Inoxidable Nitrum 160 mm. Cuchillo cocina profesional multiusos. Mango ergonómico polioximetileno POM. Serie Opera. Color negro.,225000_fmb,25,1,0.01%,0.01%,37,1,0.01%,0.01%,93.94%,100.00%,2,0,8.00%,0.00%,"65,76 €","0,00 €",2,0
B0843V9Z1W,B0843V9Z1W,Arcos Cuchillo Santoku Acero Inoxidable Nitrum y Hoja 190 mm. Mango ergonómico polioximetileno POM. Diseño clásico y acabado redondeado gran belleza yolidez. Serie Opera. Color negro.,229900_fba,121,2,0.03%,0.02%,164,2,0.03%,0.02%,92.05%,100.00%,2,0,1.65%,0.00%,"73,98 €","0,00 €",2,0
B08VRP7CR7,B08MTXC14T,Arcos Juego Cuchillos Carne | 6 Piezas | Cuchillos Carne Cuchillo chuleteros | Cubiertos Acero Inoxidable | Hoja 110 mm | Mango Redondo y Forma Ovalada | monobock | Caja Envase Ecológico (6 unidades),809900FBM,133,2,0.03%,0.02%,223,5,0.04%,0.04%,97.70%,100.00%,3,0,2.26%,0.00%,"83,97 €","0,00 €",2,0
B08Q7W1Q4K,B08Q7W1Q4K,"Tradineur - Pack de 2 Graseras de metal de Ø 9,3 x 11 cm - Incluye filtro, asa y tapa - Aceitera con colador para conservación de aceite de acero inoxidable - Capacidad de 550 ml",22105+22106,121,1,0.03%,0.01%,156,1,0.03%,0.01%,100.00%,100.00%,2,0,1.65%,0.00%,"21,98 €","0,00 €",2,0
B08Y8NS7PN,B08XZ8X815,"Arcos serie Maitre - juego de Cuchillos, 2 Pza, Cuchillo Cocina Profesional 150mm + Cuchillo universal 100mm, Acero Inoxidable, Rosa, Eco",814600,131,1,0.03%,0.01%,213,1,0.04%,0.01%,98.94%,0.00%,2,0,1.53%,0.00%,"30,38 €","0,00 €",2,0
B08ZNM265D,B08ZNM265D,Arcos | cuchillos de mesa cuchillo mesa tradicional | 6 Piezas cuchillo chuletero | mango nailon | Envase Eco | Fabricado en España,704400,153,2,0.04%,0.02%,311,4,0.05%,0.03%,22.13%,100.00%,2,0,1.31%,0.00%,"53,98 €","0,00 €",2,0
B09KJLG7BT,B098TFPYLY,CUPERINOX Jamonero profesional Gondola | tabla jamon | Cuchillo Jamonero Alveolos Acero Inox + Cubre Jamón Universal | Set cortar jamón (3 PZAS) | Sujeta jamones | tabla jamonero,20228_,190,3,0.05%,0.03%,293,5,0.05%,0.04%,100.00%,100.00%,2,0,1.05%,0.00%,"69,98 €","0,00 €",2,0
B09KJLG7BT,B098XWCFXT,CUPERINOX Jamonero Profesional | soporte de jamon | 5 Piezas | tabla jamonera | soporte jamonero | Kit Jamonero (tabla + cuchillo + afilador + pinza + cubre jamon,20229FBM,174,3,0.04%,0.03%,206,5,0.04%,0.04%,100.00%,100.00%,2,0,1.15%,0.00%,"92,92 €","0,00 €",2,0
B09D1V45YK,B09D1V45YK,"CUPERINOX® Couture Series - Tijera Costura Profesional 16,5 cm | Acero Inoxidable Irrompible | Mango Ergonómico Antideslizante | Corte Preciso y Duradero",21951_,15,0,0.00%,0.00%,30,0,0.01%,0.00%,100.00%,0.00%,2,0,13.33%,0.00%,"14,44 €","0,00 €",2,0
B08VS4FCLN,B09HHGVG2N,"Arcos Juego Cuchillos Cocina cuchillos | Cuchillo profesional | 6 piezas | Chef 215 mm + Cocina 150 mm, Verduras 100 mm + Tijera cocina + Pelador de fruta y verdura + Pinza para pescado",854200,138,2,0.03%,0.02%,157,2,0.03%,0.02%,99.33%,100.00%,2,0,1.45%,0.00%,"87,98 €","0,00 €",2,0
B09WYZHGQF,B09WYZHGQF,Arcos Nordika Juego 3 Cuchillos para Queso Acero Inoxidable Nitrum,167200_us,96,3,0.02%,0.03%,149,3,0.03%,0.02%,54.55%,33.33%,2,0,2.08%,0.00%,"139,80 €","0,00 €",2,0
B0B42QTHTP,B0B42QTHTP,CUPERINOX | Tijeras de pescado 18 cm | Tijeras Cocina | tijeras de cocinero profesional para aves pescado carne caza| Accesorios de cocina,21991,71,1,0.02%,0.01%,118,1,0.02%,0.01%,86.67%,0.00%,5,4,7.04%,400.00%,"33,95 €","25,96 €",2,1
B0B8Z4Z1ZS,B0044R87I2,Arcos Conjunto Cuchillos 4 piezas (3 Cuchillos + 1 tijeras). Acero Inoxidable y Hoja mm. 1670 gr. Bloque madera pino. Mango ergonómico polioximetileno POM. Serie Universal. Mayor control. Color negro.,285000_us,98,2,0.02%,0.02%,135,2,0.02%,0.02%,58.68%,100.00%,1,0,1.02%,0.00%,"54,99 €","0,00 €",1,0
B017HKJ4T8,B0044R87QO,Arcos Cuchillo Chef Acero Inoxidable. Cuchillo cocina profesional para cortar una variedad alimentos. Mango ergonómico polioximetileno y Hoja 250 mm. Serie Universal. Color negro.,280704_fbm,100,4,0.02%,0.04%,160,4,0.03%,0.03%,0.00%,0.00%,1,1,1.00%,25.00%,"24,75 €","24,75 €",1,1
B0752TVHLW,B0044R87UA,Arcos Cuchillo Jamonero con Alveolos Acero Inoxidable 240mm,281801_,"1,483",41,0.36%,0.44%,"2,367",63,0.41%,0.47%,1.20%,0.00%,1,0,0.07%,0.00%,"20,32 €","0,00 €",1,0
B017HKG9PK,B0044R87YQ,Arcos Cuchillo para Maitre Negro 100 mm,150500_us,"1,512",34,0.37%,0.37%,"2,206",46,0.38%,0.35%,11.29%,8.33%,2,2,0.13%,5.88%,"18,22 €","18,22 €",1,1
B0752XP113,B0044R886S,Arcos Conjunto carne con Hoja Acero Inoxidable Nitrum y mm. Mango ergonómico polioximetileno POM. Serie Mesa. Los bordeserrados los hacen perfectos cortar y picar carnes. Color plateado.,378000_,146,1,0.04%,0.01%,184,1,0.03%,0.01%,42.33%,0.00%,1,0,0.68%,0.00%,"39,99 €","0,00 €",1,0
B07BDVLDBZ,B005LR68DU,Arcos Cuchillo Jamonero con Alveolos 250 mm,231000_,222,4,0.05%,0.04%,365,6,0.06%,0.05%,6.33%,0.00%,1,0,0.45%,0.00%,"33,49 €","0,00 €",1,0
B0F1ZF7H1L,B005LR69PW,"Arcos Cuchillo Tomates Acero Inoxidable 5""",232000_,130,1,0.03%,0.01%,165,1,0.03%,0.01%,1.45%,0.00%,1,0,0.77%,0.00%,"24,39 €","0,00 €",1,0
B0F1ZF7H1L,B005LR69ZC,Arcos Cuchillo de Queso Negro 145 mm,232800_,269,8,0.07%,0.09%,330,8,0.06%,0.06%,6.60%,0.00%,1,0,0.37%,0.00%,"37,95 €","0,00 €",1,0
B0F1ZF7H1L,B005LR6BEQ,Arcos Cuchillo Filetear Acero Inoxidable Nitrum 200 mm,233000_,154,2,0.04%,0.02%,199,2,0.03%,0.02%,12.26%,0.00%,1,0,0.65%,0.00%,"25,99 €","0,00 €",1,0
B005LR6C7C,B005LR6C7C,Arcos Cuchillo Cocina Acero Inoxidable Negro 180 mm,233500,39,1,0.01%,0.01%,58,1,0.01%,0.01%,79.17%,100.00%,1,0,2.56%,0.00%,"34,99 €","0,00 €",1,0
B017HKHR92,B005LR6C7C,Arcos Cuchillo Cocina Acero Inoxidable Negro 180 mm,233500_,94,0,0.02%,0.00%,149,0,0.03%,0.00%,69.57%,0.00%,1,0,1.06%,0.00%,"34,99 €","0,00 €",1,0
B017HKHR92,B005LR6E0C,Arcos Cuchillo Cocinero Acero Inoxidable Negro 150 mm,233400_,245,7,0.06%,0.08%,321,7,0.06%,0.05%,3.17%,0.00%,1,0,0.41%,0.00%,"26,99 €","0,00 €",1,0
B017HKHR92,B005LR6H5O,Arcos Cuchillo Chef Forjado Acero Inoxidable. Cuchillo Cocina Profesional Multiusos Cortar Carne y Verduras. Mango Ergonómico Polioximetileno y Hoja 300mm. Serie Riviera. Color Negro.,233800_,159,2,0.04%,0.02%,223,2,0.04%,0.02%,3.98%,0.00%,1,0,0.63%,0.00%,"59,99 €","0,00 €",1,0
B017HKFNO8,B005LR6ZZ6,Arcos Niza Cuchillo de Cocina Acero Inoxidable 150 mm,135300,46,0,0.01%,0.00%,67,0,0.01%,0.00%,30.00%,0.00%,1,0,2.17%,0.00%,"9,99 €","0,00 €",1,0
B0752TVHLW,B006963LSM,Arcos Cuchillo para Pan Acero Inoxidable 250 mm,282204_,85,6,0.02%,0.06%,116,8,0.02%,0.06%,31.07%,44.44%,1,0,1.18%,0.00%,"19,49 €","0,00 €",1,0
B0752TVHLW,B006LMX2EW,Arcos Universal Cuchillo Jamonero Acero Hoja Hueca Negro 280 mm,281901_,243,7,0.06%,0.08%,413,8,0.07%,0.06%,13.13%,0.00%,1,0,0.41%,0.00%,"23,49 €","0,00 €",1,0
B0752TVHLW,B006LMX2GK,Arcos Cuchillo Jamonero Acero Inoxidable Forjado Nitrum 280 mm,281904,75,1,0.02%,0.01%,104,1,0.02%,0.01%,31.82%,100.00%,1,0,1.33%,0.00%,"17,77 €","0,00 €",1,0
B007TS679E,B007TS679E,Arcos Cuchillo Pelar Acero Inoxidable 75 mm,280104,47,1,0.01%,0.01%,78,1,0.01%,0.01%,15.94%,0.00%,2,0,4.26%,0.00%,"20,98 €","0,00 €",1,0
B017HKJ4T8,B007TS67OY,Arcos Cuchillo Chef Acero Inoxidable 155 mm,280404,116,5,0.03%,0.05%,199,8,0.03%,0.06%,70.52%,66.67%,1,0,0.86%,0.00%,"16,49 €","0,00 €",1,0
B0752TVHLW,B007TS67OY,Arcos Cuchillo Chef Acero Inoxidable 155 mm,280404,168,2,0.04%,0.02%,243,2,0.04%,0.02%,69.27%,100.00%,1,0,0.60%,0.00%,"16,49 €","0,00 €",1,0
B0752TVHLW,B007TS68IO,Arcos Universal Cuchillo Carnicero Deshuesador Acero Inoxidable 180 mm,288300_fbm,36,0,0.01%,0.00%,50,0,0.01%,0.00%,11.76%,0.00%,1,0,2.78%,0.00%,"30,99 €","0,00 €",1,0
B007TS6GI6,B007TS6GI6,Arcos Universal Set 2 Cuchillos de Cocina Acero Inoxidable Nitrum,285800_2,67,3,0.02%,0.03%,86,4,0.01%,0.03%,30.77%,100.00%,1,0,1.49%,0.00%,"27,75 €","0,00 €",1,0
B007TS6GP4,B007TS6GP4,Arcos Juego de 6 Cuchillos de Mesa Chuleteros Acero Inoxidable 110 mm,815600--,110,3,0.03%,0.03%,157,7,0.03%,0.05%,52.63%,16.67%,1,0,0.91%,0.00%,"25,99 €","0,00 €",1,0
B096ZVZNSY,B008U6TCSW,ARCOS Chaira Afilador Acero Nitrum Cromado Negro 250 mm,278200_,193,9,0.05%,0.10%,313,15,0.05%,0.11%,16.67%,40.00%,1,1,0.52%,11.11%,"16,49 €","16,49 €",1,1
B0752X1ZCK,B009KPKG8M,Arcos Cuchillos de Mesa - Cuchillo Chuletero Cuchillo de Mesa - Hoja de Acero Inoxidable NITRUM 110 mm - Mango de Nylon - Color Negro,803000_1-Pieza,154,6,0.04%,0.06%,177,6,0.03%,0.05%,96.08%,100.00%,2,0,1.30%,0.00%,"7,50 €","0,00 €",1,0
B07BDRX2JT,B00BHZPHOG,Arcos Riviera Blanc Cuchillo Panero Acero Inoxidable Nitrum 200 mm,231324_,48,1,0.01%,0.01%,65,1,0.01%,0.01%,34.92%,0.00%,1,0,2.08%,0.00%,"29,99 €","0,00 €",1,0
B00BHZPHOG,B00BHZPHOG,Arcos Riviera Blanc Cuchillo Panero Acero Inoxidable Nitrum 200 mm,231324_,10,0,0.00%,0.00%,16,0,0.00%,0.00%,53.33%,0.00%,1,0,10.00%,0.00%,"29,99 €","0,00 €",1,0
B07BDVLDBZ,B00BHZPHSC,Arcos Riviera Blanc Cuchillo Jamonero Forjado Acero POM Blanco 250 mm,231024_,49,3,0.01%,0.03%,77,7,0.01%,0.05%,51.56%,0.00%,1,0,2.04%,0.00%,"33,49 €","0,00 €",1,0
B017HKKKIC,B00BHZPITA,Arcos Universal Cuchillo Carnicero Acero Inoxidable Nitrum 200 mm,288400_fbm,33,0,0.01%,0.00%,46,0,0.01%,0.00%,73.81%,0.00%,1,0,3.03%,0.00%,"38,99 €","0,00 €",1,0
B0752TVHLW,B00BHZPO3K,Arcos Cuchillo para Queso Acero Inoxidable NITRUM 145 mm,281604_fbm,505,11,0.12%,0.12%,737,14,0.13%,0.11%,3.70%,0.00%,1,0,0.20%,0.00%,"21,09 €","0,00 €",1,0
B08XYXGSYG,B00BHZPO3K,Arcos Cuchillo para Queso Acero Inoxidable NITRUM 145 mm,281604_fbm,141,6,0.03%,0.06%,213,16,0.04%,0.12%,5.88%,0.00%,1,0,0.71%,0.00%,"21,09 €","0,00 €",1,0
B00D3LCJI4,B00D3LCJI4,Arcos Saeta - Cuchillo Panero - Hoja de Acero Inoxidable Forjado Nitrum de 210 mm - Mango de Pom - Color Negro,175700,42,0,0.01%,0.00%,54,0,0.01%,0.00%,100.00%,0.00%,1,0,2.38%,0.00%,"29,99 €","0,00 €",1,0
B00D3LG0YI,B00D3LG0YI,Arcos Cuchillos de Mesa - Hoja Inoxidable NITRUM 110 mm - Cuchillo Chuletero para Carne - Mango de Nylon Duradero - Color Marrón - Ideal para Cocina y Comedor,804000_1pieza,371,4,0.09%,0.04%,542,4,0.09%,0.03%,25.20%,0.00%,1,0,0.27%,0.00%,"3,99 €","0,00 €",1,0
B0BV32H59Y,B00HYWUNR2,Arcos Saeta - Cuchillo Deshuesador - Hoja de Acero Inoxidable Forjado Nitrum de 145 mm - Mango de Pom - Color Negro,174700,28,1,0.01%,0.01%,51,1,0.01%,0.01%,100.00%,100.00%,1,0,3.57%,0.00%,"29,99 €","0,00 €",1,0
B09GS973CD,B00HYWV402,ARCOS Juego de Cocina de 5 Piezas con Bloque,815000_,464,10,0.11%,0.11%,643,14,0.11%,0.11%,1.22%,30.00%,1,1,0.22%,10.00%,"34,99 €","34,99 €",1,1
B0BQDHLWRL,B00I5N4PPK,Arcos Cuchillo Chuletero Acero Inoxidable Nitrum 110 mm,_809300_1Pieza,102,4,0.02%,0.04%,151,5,0.03%,0.04%,27.01%,0.00%,1,0,0.98%,0.00%,"5,49 €","0,00 €",1,0
B08M7BMR2S,B00I9XTLSC,ARCOS Afilador Profesional Manual Cerámica y Carbono Rojo-Negro,610600,"15,996",301,3.91%,3.25%,"22,413",434,3.87%,3.27%,1.85%,0.78%,1,0,0.01%,0.00%,"13,69 €","0,00 €",1,0
B00J3ZVMCS,B00J3ZVMCS,Arcos Serie Toscana - Juego de Cucharas para Café (6 cucharas) - Monoblock de una pieza en Acero Inoxidable 18/10 y 140 mm - Color Plata,574200,"1,065",50,0.26%,0.54%,"1,663",80,0.29%,0.60%,12.36%,5.80%,4,4,0.38%,8.00%,"39,00 €","39,00 €",1,1
B00J3ZVNM2,B00J3ZVNM2,Arcos Serie Toscana - Juego de Cucharas Moka (6 cucharas) - Monoblock de una pieza en Acero Inoxidable 18/10 y 115 mm - Color Plata,574100,502,16,0.12%,0.17%,819,26,0.14%,0.20%,3.93%,45.83%,1,0,0.20%,0.00%,"8,99 €","0,00 €",1,0
B00J3ZVNM2,B00J3ZVNM2,Arcos Serie Toscana - Juego de Cucharas Moka (6 cucharas) - Monoblock de una pieza en Acero Inoxidable 18/10 y 115 mm - Color Plata,574100_,502,16,0.12%,0.17%,819,26,0.14%,0.20%,3.93%,45.83%,8,8,1.59%,50.00%,"64,72 €","64,72 €",1,1
B07BDVLDBZ,B00J64GI4S,Arcos Riviera Blanc Cuchillo Jamonero Forjado POM Blanco 300 mm,231124_,24,0,0.01%,0.00%,29,0,0.01%,0.00%,92.31%,0.00%,1,0,4.17%,0.00%,"36,99 €","0,00 €",1,0
B00J64GI4S,B00J64GI4S,Arcos Riviera Blanc Cuchillo Jamonero Forjado POM Blanco 300 mm,231124_,17,0,0.00%,0.00%,21,0,0.00%,0.00%,100.00%,0.00%,1,0,5.88%,0.00%,"36,99 €","0,00 €",1,0
B07BDW2X7S,B00J64GI70,Arcos Riviera Blanc Cuchillo Fileteador Forjado Acero Inoxidable 200 mm,233024_,60,1,0.01%,0.01%,88,1,0.02%,0.01%,75.31%,0.00%,1,0,1.67%,0.00%,"25,99 €","0,00 €",1,0
B00MDK1EBE,B00MDK1EBE,"Arcos Cuchillo Utilitario Acero Inoxidable Nitrum 5""",100600_fbm,104,4,0.03%,0.04%,154,6,0.03%,0.05%,22.79%,0.00%,1,0,0.96%,0.00%,"5,99 €","0,00 €",1,0
B0752X4WZ6,B00TA4O5YO,ARCOS Pinzas para Emplatar Acero Inoxidable 300 mm,606200_,"1,454",40,0.36%,0.43%,"1,887",49,0.33%,0.37%,9.59%,3.13%,1,0,0.07%,0.00%,"11,99 €","0,00 €",1,0
B0752TVHLW,B00VRWR53K,"Arcos Serie Universal, Macheta Cuchillo Carnicero, Hoja de Acero Inoxidable Nitrum 180 mm, Mango de Polioximetileno, Pom Color Negro",288100_,43,3,0.01%,0.03%,50,3,0.01%,0.02%,100.00%,100.00%,1,0,2.33%,0.00%,"39,99 €","0,00 €",1,0
B0752NT3TH,B00VRWSQIS,Arcos Serie Prochef - Tijeras de Cocina - Hoja de Acero Inoxidable - 200 mm - Mango de Polipropileno Color Negro,185300,131,4,0.03%,0.04%,164,4,0.03%,0.03%,0.99%,0.00%,1,0,0.76%,0.00%,"21,45 €","0,00 €",1,0
B00WUZR7H2,B00WUZR7H2,Arcos Serie Cuchillos de Mesa - Cuchillo Mesa - Hoja Serrada de Acero Inoxidable de 125 mm - Cuchillo Monoblock Acero Inoxidable Color Plata,460400_1pieza,81,3,0.02%,0.03%,128,6,0.02%,0.05%,16.95%,0.00%,12,0,14.81%,0.00%,"53,88 €","0,00 €",1,0
B09ZLJL6JF,B00YU0JT2G,Arcos Serie Lyon - Cuchillo Mondador | Cuchillo Arcos - Hoja de Acero Inoxidable Forjado NITRUM de 100 mm - Mango de Polioximetileno (POM) - Color Negro,250200_,24,1,0.01%,0.01%,34,1,0.01%,0.01%,100.00%,100.00%,1,0,4.17%,0.00%,"20,99 €","0,00 €",1,0
B07BDRM2H8,B017DLFYYK,Arcos Cuchillo Queso Acero Inoxidable Blanco 145 mm,232824_,32,2,0.01%,0.02%,48,2,0.01%,0.02%,30.95%,100.00%,1,0,3.13%,0.00%,"37,99 €","0,00 €",1,0
B017DLM9V6,B017DLM9V6,"Arcos Tenedores de Postre Acero Inoxidable 18/10, Juego de 3 Piezas, Monoblock 180 mm, Serie Toscana, Ideal para Repostería y Sobremesa, Color Plata",574500_,147,4,0.04%,0.04%,214,5,0.04%,0.04%,26.77%,60.00%,1,0,0.68%,0.00%,"8,25 €","0,00 €",1,0
B017DLMC5Y,B017DLMC5Y,"Arcos Cuchillos para Postre de Acero Inoxidable 18/10, Monoblock de una Pieza, Hoja 205 mm, Juego de 3 Piezas, Serie Toscana, Ideal para Repostería y Cocina, Color Plata",574900_,66,3,0.02%,0.03%,100,3,0.02%,0.02%,33.33%,50.00%,1,0,1.52%,0.00%,"16,49 €","0,00 €",1,0
B06Y66X8SW,B06Y66X8SW,CUPERINOX® Couture Series - Tijera Costura Profesional 10 cm | Acero Inoxidable de Alta Precisión | Corte Fino para Detalles y Acabados | Uso Doméstico y Profesional,21960_fba,21,1,0.01%,0.01%,33,1,0.01%,0.01%,84.62%,0.00%,1,0,4.76%,0.00%,"6,99 €","0,00 €",1,0
B06Y66X8SW,B06Y66X8SW,CUPERINOX® Couture Series - Tijera Costura Profesional 10 cm | Acero Inoxidable de Alta Precisión | Corte Fino para Detalles y Acabados | Uso Doméstico y Profesional,21960,21,1,0.01%,0.01%,33,1,0.01%,0.01%,84.62%,0.00%,1,0,4.76%,0.00%,"6,99 €","0,00 €",1,0
B0719K21HP,B0719K21HP,Arcos Tenazas de Marisco Acero Inoxidable 185 mm,606400_,169,12,0.04%,0.13%,297,21,0.05%,0.16%,4.37%,0.00%,2,0,1.18%,0.00%,"39,98 €","0,00 €",1,0
B071LGMGHG,B071LGMGHG,Arcos Tijeras de Manicura Rectas de Acero Forjado 102 mm - Uso Profesional y Doméstico - Niqueladas Plata - Serie Style,501100,31,1,0.01%,0.01%,43,1,0.01%,0.01%,94.87%,0.00%,1,0,3.23%,0.00%,"9,99 €","0,00 €",1,0
B0752NT3TH,B071S7PMLH,ARCOS Prochef Tijeras de Cocina Acero Amarillo-Negro 235 mm,185725,180,4,0.04%,0.04%,218,4,0.04%,0.03%,14.84%,0.00%,2,0,1.11%,0.00%,"19,70 €","0,00 €",1,0
B071VT3QQY,B071VT3QQY,"Arcos Riviera - Juego de Cuchillos de Cocina Profesional (Mondador 100 mm, Santoku 140 mm, Chef 200 mm) - Acero Inoxidable Forjado NITRUM, Mango Ergonómico Negro - 3 Piezas en Estuche",807710_fbm,106,3,0.03%,0.03%,146,4,0.03%,0.03%,82.22%,25.00%,1,0,0.94%,0.00%,"66,14 €","0,00 €",1,0
B0752NT3TH,B072BX2S9G,ARCOS Prochef Tijeras de Cocina Acero Inoxidable 215 mm,185625,130,2,0.03%,0.02%,203,4,0.04%,0.03%,32.72%,0.00%,1,0,0.77%,0.00%,"9,25 €","0,00 €",1,0
B072BX31NV,B072BX31NV,Arcos Juego 6 Cuchillos de Mesa Nitrum Acero Crema 105 mm,703500__,30,0,0.01%,0.00%,40,0,0.01%,0.00%,100.00%,0.00%,1,0,3.33%,0.00%,"11,99 €","0,00 €",1,0
B072BX31NY,B072BX31NY,Arcos Cuchillo de Mesa Forjado Acero Inoxidable Nitrum 100 mm,373728_1pieza,56,2,0.01%,0.02%,75,4,0.01%,0.03%,78.46%,100.00%,1,0,1.79%,0.00%,"16,99 €","0,00 €",1,0
B0752NT3TH,B072FGV2YB,Arcos Serie Prochef - Tijeras de Cocina - Hoja de Acero Inoxidable - 220 mm - Mango de Polipropileno Color Negro,185900,136,3,0.03%,0.03%,157,3,0.03%,0.02%,1.27%,33.33%,1,1,0.74%,33.33%,"24,99 €","24,99 €",1,1
B0F1CX7TZF,B072FGV2YH,Arcos Juego de 6 Cuchillos Mondadores Acero Inoxidable 100 mm,189100_2,650,18,0.16%,0.19%,"1,044",33,0.18%,0.25%,2.89%,0.00%,1,0,0.15%,0.00%,"17,54 €","0,00 €",1,0
B0F1N351DY,B072FGV2YH,Arcos Juego de 6 Cuchillos Mondadores Acero Inoxidable 100 mm,189100_2,"7,226",174,1.77%,1.88%,"10,339",239,1.79%,1.80%,0.31%,1.90%,1,1,0.01%,0.57%,"16,99 €","16,99 €",1,1
B0F1CX7TZF,B073V5RN1J,Arcos Cuchillo Mondador Acero Inoxidable NITRUM 100 mm - Ideal para Pelar Frutas y Verduras - Mango Ergonómico Polipropileno Negro - Serie Nova,816500_1pieza,68,0,0.02%,0.00%,74,0,0.01%,0.00%,97.06%,0.00%,1,0,1.47%,0.00%,"4,49 €","0,00 €",1,0
B0BXB18B8W,B07D8GYFC7,"Arcos Cuchillo Chef Forjado Acero Inoxidable NITRUM - Profesional Cocina, Mango Ergonómico POM Negro, Hoja Silk Edge 150 mm, Serie Manhattan",160400_,89,7,0.02%,0.08%,118,10,0.02%,0.08%,78.22%,87.50%,1,0,1.12%,0.00%,"31,49 €","0,00 €",1,0
B0BXB18B8W,B07D8XC7NL,"Arcos Cuchillo Chef Forjado Acero Inoxidable NITRUM - Profesional Cocina, Mango Ergonómico POM Negro, Hoja Silk Edge 250 mm, Serie Manhattan",160800_,104,3,0.03%,0.03%,135,6,0.02%,0.05%,94.74%,100.00%,1,0,0.96%,0.00%,"44,99 €","0,00 €",1,0
B0BXB18B8W,B07DC8JHV4,Arcos Cuchillo verduras Acero Inoxidable. Cuchillo profesional para pelar frutas y verduras. Mango ergonómico polioximetileno y Hoja 130 mm. Serie Manhattan. Color negro.,161100_,117,7,0.03%,0.08%,170,11,0.03%,0.08%,91.43%,100.00%,1,0,0.85%,0.00%,"24,49 €","0,00 €",1,0
B0BXB18B8W,B07DFNDYFM,Arcos Cuchillo pescado Forgedole Acero Inoxidable forjado. Mango Micarta y borseda especial con Hoja plateada 190 mm. Serie Manhattan. Color negro. Impresiona yorprencon cada corte.,161400_,48,5,0.01%,0.05%,57,5,0.01%,0.04%,93.48%,100.00%,1,0,2.08%,0.00%,"25,99 €","0,00 €",1,0
B07DFNDYFM,B07DFNDYFM,Arcos Cuchillo pescado Forgedole Acero Inoxidable forjado. Mango Micarta y borseda especial con Hoja plateada 190 mm. Serie Manhattan. Color negro. Impresiona yorprencon cada corte.,161400_,9,0,0.00%,0.00%,13,0,0.00%,0.00%,100.00%,0.00%,1,0,11.11%,0.00%,"25,99 €","0,00 €",1,0
B0846H7BV1,B07G5M444L,Arcos Cuchillo de Mesa Acero Inoxidable Nitrum 130 mm Caja 12 Uds,370725_fbm,30,1,0.01%,0.01%,35,1,0.01%,0.01%,100.00%,100.00%,1,0,3.33%,0.00%,"42,99 €","0,00 €",1,0
B07G77ZS7D,B07G77ZS7D,"Arcos Serie Cuchillos de Mesa Caja 12 uds Cuchillo Chuletero, Hoja Serrada de Acero Inoxidable NITRUM de 110 mm, Mango Madera comprimida Color marrón (12 UDS)",371501_fbm,14,0,0.00%,0.00%,20,0,0.00%,0.00%,100.00%,0.00%,1,0,7.14%,0.00%,"49,99 €","0,00 €",1,0
B07JHPQGPW,B07JHPQGPW,Arcos Riviera Blanc Juego 3 Cuchillos Forjados POM Blanco,807610_,25,2,0.01%,0.02%,52,2,0.01%,0.02%,88.64%,100.00%,1,0,4.00%,0.00%,"69,99 €","0,00 €",1,0
B0BX5NPZFT,B07JHPQGPW,Arcos Riviera Blanc Juego 3 Cuchillos Forjados POM Blanco,807610_,215,3,0.05%,0.03%,282,3,0.05%,0.02%,37.94%,100.00%,1,0,0.47%,0.00%,"69,99 €","0,00 €",1,0
B0BXB18B8W,B07JHPTKC9,"Arcos Set Jamonero 3 Piezas - Cuchillo Jamonero, Deshuesador y Chaira - Hoja Silk Edge Inoxidable Forjada NITRUM - Mango Resistente POM Negro - Corte Preciso y Duradero - Serie Manhattan",858500_,76,7,0.02%,0.08%,102,7,0.02%,0.05%,98.84%,100.00%,1,0,1.32%,0.00%,"74,99 €","0,00 €",1,0
B07JJGXYZD,B07JJGXYZD,Arcos Set Cocina Serie Manhattan,858100_,"1,047",22,0.26%,0.24%,"1,352",40,0.23%,0.30%,92.33%,100.00%,1,0,0.10%,0.00%,"82,99 €","0,00 €",1,0
B017HKHR92,B07JWG12BV,Arcos Riviera Set 3 Cuchillos Forjados Acero Inoxidable Nitrum,807710_,67,0,0.02%,0.00%,93,0,0.02%,0.00%,34.12%,0.00%,1,0,1.49%,0.00%,"69,99 €","0,00 €",1,0
B0BXB18B8W,B07N8TSTLQ,"Arcos Juego de Cuchillos Forjados (4 Piezas) - Acero Inoxidable NITRUM, Corte Preciso, Mango Ergonómico POM Negro, Incluye Cuchillo Chef, Pan, Pelar y Cocina - Serie Manhattan, Negro",163400,77,2,0.02%,0.02%,102,2,0.02%,0.02%,98.70%,100.00%,1,0,1.30%,0.00%,"199,99 €","0,00 €",1,0
B07N8VCFRY,B07N8VCFRY,Arcos Brooklyn Cuchillo Panero Acero Inoxidable Nitrum 200 mm,191323_,26,0,0.01%,0.00%,38,0,0.01%,0.00%,87.10%,0.00%,1,0,3.85%,0.00%,"39,88 €","0,00 €",1,0
B07N8VHFLF,B07N8VHFLF,Arcos - Cubertería Burdeos Arcos 24 piezas,592400,152,6,0.04%,0.06%,208,9,0.04%,0.07%,99.47%,100.00%,1,0,0.66%,0.00%,"59,99 €","0,00 €",1,0
B07N8VLCQS,B07N8VLCQS,"Arcos Juego de Cuchillos Profesionales (4 Piezas) - Acero Inoxidable Nitrum, Precisión y Durabilidad, Mango Ergonómico POM Negro, Incluye Tijeras y Bloque de Madera, Serie Manhattan",163300_,36,2,0.01%,0.02%,48,2,0.01%,0.02%,97.67%,100.00%,1,0,2.78%,0.00%,"96,99 €","0,00 €",1,0
B07N8W33BT,B07N8W33BT,ARCOS Bloque Universal para Cuchillos Caucho Termoplástico 225 mm,794400_,77,3,0.02%,0.03%,122,3,0.02%,0.02%,82.14%,100.00%,1,0,1.30%,0.00%,"24,99 €","0,00 €",1,0
B0F147RFRT,B07N8W7718,Arcos Cuchillo Chef Forjado Acero Inoxidable Tamaño. Mango Profesional Micarta y BorSeda Especial con Hoja Plateada 250 mm. Impresiona yorprencon Cada Corte. Serie Brooklyn. Color Azul.,190823_,197,1,0.05%,0.01%,235,1,0.04%,0.01%,19.63%,0.00%,1,0,0.51%,0.00%,"52,99 €","0,00 €",1,0
B07N8WXGW7,B07N8WXGW7,Arcos Brooklyn - Cuchillo de Lenguado Cuchillo para Pescado - Acero Inoxidable Forjado NITRUM 170 mm - Mango Micarta Color Azul (Filo Seda),191423_,28,0,0.01%,0.00%,36,0,0.01%,0.00%,93.94%,0.00%,1,0,3.57%,0.00%,"35,99 €","0,00 €",1,0
B07T1LRC8M,B07S9RTS38,Arcos Kids Cuchillo de Cocina para Niños - Hoja Segura de Acero Inoxidable NITRUM 100 mm - Mango Ergonómico POM Verde - Seguridad Infantil y Durabilidad,792921,164,6,0.04%,0.06%,225,6,0.04%,0.05%,79.38%,33.33%,1,0,0.61%,0.00%,"17,99 €","0,00 €",1,0
B017HKHR92,B07YXBK4HD,Arcos Riviera Set 3 Cuchillos de Corte Acero Inoxidable Nitrum,806911_,103,1,0.03%,0.01%,148,1,0.03%,0.01%,19.40%,100.00%,1,0,0.97%,0.00%,"69,99 €","0,00 €",1,0
B0843D965B,B0843D965B,Arcos Cuchillo Chef Acero Inoxidable. Cuchillo Cocina Profesional multipropósito para Cortar y Limpiar Verduras. Mango ergonómico polioximetileno y Hoja 210 mm. Serie Opera. Color Negro.,225100_fbm,56,1,0.01%,0.01%,95,1,0.02%,0.01%,96.55%,100.00%,1,0,1.79%,0.00%,"38,88 €","0,00 €",1,0
B0843PT8MC,B0843PT8MC,Arcos Cuchillo pelar Acero Inoxidable. Cuchillo cocina para pelar frutas y verduras. Mango ergonómico polioximetileno y Hoja 100 mm. Serie Opera. Color negro.,_225700_,15,0,0.00%,0.00%,17,0,0.00%,0.00%,70.59%,0.00%,1,0,6.67%,0.00%,"20,99 €","0,00 €",1,0
B0CYTKGNPM,B0843Q6L5P,ARCOS Pelador Profesional Acero Inoxidable Cromado 130 mm,607000_etq,"5,403",147,1.32%,1.59%,"7,789",207,1.35%,1.56%,0.44%,6.71%,1,0,0.02%,0.00%,"6,25 €","0,00 €",1,0
B0843SLMDX,B0843SLMDX,Arcos Cuchillo Chef Acero Inoxidable. Cuchillo cocina profesional multipropósito para cortar y limpiar verduras. Mango ergonómico polioximetileno y Hoja 230 mm. Serie Opera. Color negro.,225200_fbm,45,2,0.01%,0.02%,63,4,0.01%,0.03%,96.67%,100.00%,1,0,2.22%,0.00%,"40,97 €","0,00 €",1,0
B08VS4FCLN,B08CY5ZRD7,"Arcos Serie Maitre - Juego Cuchillo de cocina 4 piezas, (3 cuchillos + 1 tijeras) Hoja de Acero Inoxidable NITRUM 80 mm, Mango Polipropileno Negro",152610_,243,1,0.06%,0.01%,303,1,0.05%,0.01%,99.63%,100.00%,1,0,0.41%,0.00%,"39,99 €","0,00 €",1,0
B08HTZ61MK,B08HTZ61MK,Arcos Cuchillos de Carne | Cuchillos para Carne 6 Unidades | Cuchillos de Carne Aptos Lavavajillas | Alta Resistencia | Acero Inoxidable | Mango Polipropileno | Negro | Envase Eco,816600,27,1,0.01%,0.01%,30,1,0.01%,0.01%,100.00%,0.00%,1,0,3.70%,0.00%,"19,99 €","0,00 €",1,0
B08M9QRSW8,B08M9QRSW8,Arcos | Juego Cuchillos cuchillos mesa | 6 Uds | cuchillo fruta | cuchillo postre | Hoja 110 mm | Acero Inoxidable Martensítico | Mango Nylon | apto lavavajillas | Envase Ecológico,703600fbm,93,0,0.02%,0.00%,161,0,0.03%,0.00%,100.00%,0.00%,4,4,4.30%,0.00%,"38,76 €","38,76 €",1,1
B09FQ5SZK8,B08MTTN436,Arcos Nordika Cuchillo Mondador Nitrum Madera Ovengkol FSC 100 mm,165000_fbm,282,7,0.07%,0.08%,421,9,0.07%,0.07%,0.84%,0.00%,1,0,0.35%,0.00%,"22,35 €","0,00 €",1,0
B09FQ5SZK8,B08MTZZQV5,Arcos Cuchillo para Pan Acero Inoxidable Nitrum 200 mm,166400_fbm,200,8,0.05%,0.09%,264,12,0.05%,0.09%,31.78%,0.00%,1,0,0.50%,0.00%,"28,99 €","0,00 €",1,0
B0987KNJLQ,B0987KNJLQ,Arcos | cuchillos de mesa cuchillo mesa FILO LISO | 6 Piezas cuchillo chuletero | mango monoblock | Acero Inoxidable | Envase Eco,814100_fba,55,1,0.01%,0.01%,63,1,0.01%,0.01%,98.33%,100.00%,1,0,1.82%,0.00%,"29,99 €","0,00 €",1,0
B0987KNJLQ,B0987KNJLQ,Arcos | cuchillos de mesa cuchillo mesa FILO LISO | 6 Piezas cuchillo chuletero | mango monoblock | Acero Inoxidable | Envase Eco,814100FBM,55,1,0.01%,0.01%,63,1,0.01%,0.01%,98.33%,100.00%,1,1,1.82%,100.00%,"29,99 €","29,99 €",1,1
B09KJLG7BT,B098TFPYLY,CUPERINOX Jamonero profesional Gondola | tabla jamon | Cuchillo Jamonero Alveolos Acero Inox + Cubre Jamón Universal | Set cortar jamón (3 PZAS) | Sujeta jamones | tabla jamonero,20228,190,3,0.05%,0.03%,293,5,0.05%,0.04%,100.00%,100.00%,1,0,0.53%,0.00%,"34,99 €","0,00 €",1,0
B09KJLG7BT,B098XWCFXT,CUPERINOX Jamonero Profesional | soporte de jamon | 5 Piezas | tabla jamonera | soporte jamonero | Kit Jamonero (tabla + cuchillo + afilador + pinza + cubre jamon,20229_,174,3,0.04%,0.03%,206,5,0.04%,0.04%,100.00%,100.00%,1,0,0.57%,0.00%,"55,90 €","0,00 €",1,0
B0F2Z57T3H,B09CL776WP,CUPERINOX® Cuchillos de Mesa Acero Inoxidable – Set 12 Cuchillos para Carne con Filo Dentado – Aptos Lavavajillas – Uso Diario y Profesional,15015_,147,5,0.04%,0.05%,229,9,0.04%,0.07%,100.00%,100.00%,1,0,0.68%,0.00%,"18,99 €","0,00 €",1,0
B06XB92VRH,B09LYXZKTZ,CUPERINOX Deluxe Cafetera Italiana Induccion Espresso Inoxidable 4 Tazas,25051FBM,154,2,0.04%,0.02%,223,2,0.04%,0.02%,91.24%,0.00%,1,0,0.65%,0.00%,"24,99 €","0,00 €",1,0
B06XB92VRH,B09LYZ5G5S,CUPERINOX Deluxe Cafetera Italiana Induccion Espresso Inoxidable 6 Tazas,25052,161,3,0.04%,0.03%,185,3,0.03%,0.02%,99.39%,100.00%,2,2,1.24%,66.67%,"59,98 €","59,98 €",1,1
B06XB92VRH,B09LZ2VHYP,CUPERINOX Deluxe Cafetera Italiana Induccion Espresso Inoxidable 10 Tazas,25053,348,3,0.09%,0.03%,411,3,0.07%,0.02%,99.73%,100.00%,1,0,0.29%,0.00%,"34,99 €","0,00 €",1,0
B09MSDJQJ1,B09MM5CH6C,Arcos jamonero profesional alveolos | incluye pinza para jamón | cuchillo jamonero cuchillo jamonero alveolos cuchillos profesional| Acero Inoxidable Nitrum 240 mm,856200FBM,179,4,0.04%,0.04%,233,5,0.04%,0.04%,98.56%,100.00%,1,0,0.56%,0.00%,"29,99 €","0,00 €",1,0
B09WYYY5MD,B09WYYY5MD,Arcos Nordika Cuchillo para Queso Acero Inoxidable Nitrum 125 mm,166100_us,26,0,0.01%,0.00%,30,0,0.01%,0.00%,89.29%,0.00%,1,0,3.85%,0.00%,"26,49 €","0,00 €",1,0
B0BRT1JYNQ,B0BRT1JYNQ,Arcos Riviera - Juego de Cuchillos de Cocina (Mondador + 2 Cuchillo Chef) - Acero Inoxidable Forjado NITRUM - Mango POM - Color Negro,838310,78,1,0.02%,0.01%,124,1,0.02%,0.01%,83.78%,100.00%,1,0,1.28%,0.00%,"83,99 €","0,00 €",1,0
B0C49W65HD,B0C49W65HD,Arcos Serie Nordika - Cuchillo Tomatero - Acero Inoxidable NITRUM - Hoja de 130 mm - Mango de Madera Ovengkol 100% natural de bosques certificados FSC® - Embalaje 100% reciclado,165100,45,2,0.01%,0.02%,68,2,0.01%,0.02%,93.44%,100.00%,1,1,2.22%,50.00%,"26,95 €","26,95 €",1,1
B0C49YDKL4,B0C49YDKL4,Arcos Serie Nordika - Cuchillo Usuba - Acero Inoxidable NITRUM - Hoja de 175 mm - Mango de Madera Ovengkol 100% natural de bosques certificados FSC® - Embalaje 100% reciclado,168000,98,0,0.02%,0.00%,139,0,0.02%,0.00%,68.03%,0.00%,1,0,1.02%,0.00%,"44,99 €","0,00 €",1,0
B0C4B1CKSR,B0C4B1CKSR,Arcos Serie Nordika - Cuchillo Yanagiba - Acero Inoxidable NITRUM - Hoja de 240 mm - Mango de Madera Ovengkol 100% natural de bosques certificados FSC® - Embalaje 100% reciclado,168200,44,1,0.01%,0.01%,60,1,0.01%,0.01%,75.47%,0.00%,1,0,2.27%,0.00%,"49,99 €","0,00 €",1,0
B0CS6V91GR,B0CS6V91GR,CUPERINOX® Cuchillos de Mesa con Mango de Madera – Set 6 Cuchillos para Carne con Filo Dentado – Estilo Palmadera tradicional – Aptos para Uso Diario,14015,46,0,0.01%,0.00%,65,0,0.01%,0.00%,100.00%,0.00%,1,0,2.17%,0.00%,"18,99 €","0,00 €",1,0
B0CYTKGNPM,B0CW68KM18,Pelador de Cocina ARCOS - Hoja de Acero Inoxidable | Mango Ergonómico | Herramienta Versátil para Pelar Frutas y Verduras,607300_,"1,674",39,0.41%,0.42%,"1,975",45,0.34%,0.34%,77.60%,82.35%,1,0,0.06%,0.00%,"8,63 €","0,00 €",1,0
B0DPKXM18X,B0DNQRZ3BN,"CUPERINOX Soporte Jamonero Inoxidable Profesional con Base Antideslizante para Jamones y Paletas, Incluye Cuchillo | Jamoneros Elite Collection",20260_,657,14,0.16%,0.15%,871,16,0.15%,0.12%,100.00%,100.00%,1,0,0.15%,0.00%,"24,99 €","0,00 €",1,0
B0DPLG5V7Q,B0DPJDWB77,CUPERINOX Tazas de Capuccino de Cristal - Vaso cafe - Vaso Cristal - 200ml (Set de 2) - Apto para Lavavajillas y Microondas - Aroma Series,26121_,40,2,0.01%,0.02%,51,5,0.01%,0.04%,100.00%,100.00%,1,0,2.50%,0.00%,"13,99 €","0,00 €",1,0
B0DVT6KPDV,B0DT6ZPGVQ, ,27008_,575,16,0.14%,0.17%,834,20,0.14%,0.15%,99.22%,93.33%,1,0,0.17%,0.00%,"16,25 €","0,00 €",1,0
B0DVT6KPDV,B0DT73LYPQ,"CUPERINOX Cuchillos Montessori | Set de Cuchillos Infantiles de 16 Piezas | Cuchillos Niños Aprendizaje +2 Años | Incluye Delantal, Guante de Seguridad, Moldes Tabla de Cortar | Kids Collection",27016,186,7,0.05%,0.08%,210,11,0.04%,0.08%,99.50%,100.00%,1,1,0.54%,14.29%,"16,52 €","16,52 €",1,1
B0DVT6KPDV,B0DT75PQN7,"CUPERINOX Kit Cocina Montessori | Cuchillos Niños Aprendizaje +2 Años | Set Completo de Cuchillos Infantiles de 17 Piezas | Incluye Tijeras, Moldes, Batidor, Tabla y Cuchillo Seguro",27017,157,12,0.04%,0.13%,188,19,0.03%,0.14%,99.45%,100.00%,1,0,0.64%,0.00%,"19,99 €","0,00 €",1,0
B0DVT6KPDV,B0DT75PQN7,"CUPERINOX Kit Cocina Montessori | Cuchillos Niños Aprendizaje +2 Años | Set Completo de Cuchillos Infantiles de 17 Piezas | Incluye Tijeras, Moldes, Batidor, Tabla y Cuchillo Seguro",27017_,157,12,0.04%,0.13%,188,19,0.03%,0.14%,99.45%,100.00%,1,0,0.64%,0.00%,"15,99 €","0,00 €",1,0
B0DPLG5V7Q,B0DWN63DN4,CUPERINOX Tazas de Espresso de Cristal - Vaso cafe - Vaso Cristal - 80ml (Set de 4) - Apto para Lavavajillas y Microondas - Aroma Series,26120_2packs,15,1,0.00%,0.01%,20,1,0.00%,0.01%,100.00%,100.00%,1,0,6.67%,0.00%,"15,99 €","0,00 €",1,0
B0DPLG5V7Q,B0DWN7MZ3R,CUPERINOX Vaso cafe - Tazas de Espresso de Cristal - - Vaso Cristal - 80ml (Set de 6) - Apto para Lavavajillas y Microondas - Aroma Series,26120_3packs,13,1,0.00%,0.01%,14,1,0.00%,0.01%,100.00%,100.00%,1,0,7.69%,0.00%,"17,99 €","0,00 €",1,0
B0DQV6381X,B0F2Q1K35T,CUPERINOX Soporte Jamonero Balancín | Jamonero Giratorio Profesional | Jamonero Madera | Jamonera Profesional | Tabla Cortar Jamon,20265_SC,60,0,0.01%,0.00%,80,0,0.01%,0.00%,100.00%,0.00%,1,0,1.67%,0.00%,"82,78 €","0,00 €",1,0