ASIN (parent),ASIN (child),Título,SKU,Sesiones: total,Sesiones - Total - B2B,Porcentaje de sesiones: total,Porcentaje de sesiones: total - B2B,Visitas: total,Visitas - Total - B2B,Porcentaje de visitas: total,Porcentaje de visitas - Total - B2B,Porcentaje de ofertas destacadas (Buy Box),Porcentaje de ofertas destacadas: B2B,Unidades encargadas,Unidades encargadas - B2B,Porcentaje de unidades por sesión,Porcentaje de sesiones de unidades - B2B,Ventas de productos encargados,Ventas de productos encargados: B2B,Total de artículos de un pedido,Total de artículos de un pedido - B2B
B09KJLG7BT,B08KW4BFZ9,CUPERINOX Jamonero Profesional | Soporte jamonero Tipo Gondola| Base de Corte para Usar con Cuchillo jamonero | Jamon iberico | Fabricado en España,2020CUP,"19,560",292,1.90%,1.40%,"29,523",449,2.00%,1.50%,98.60%,97.58%,"2,550",44,13.04%,15.07%,"33.519,76 €","572,34 €","2,531",43
B0G3ZJ89NB,B0G2MT6K5N,"CUPERINOX Jamonero Inoxidable Giratorio | Jamonera base Inoxidable | Incluye Cuchillo Jamonero Alveolos 25 cm, Deshuesador 15 cm, Afilador y Funda para Jamón | Apto Jamones y Paletilla",20251,"9,900",296,0.96%,1.42%,"16,605",488,1.12%,1.63%,99.85%,100.00%,687,35,6.94%,11.82%,"41.752,38 €","2.109,24 €",682,35
B08J488ZQG,B089QP6MYJ,Arcos Juego Cuchillos Carne | 6 Piezas | Cuchillos carne cuchillo chuleteros | cubiertos acero inoxidable | Hoja 110 mm | mango monobloque | aptos lavavajillas | Caja Envase Ecológico,815600_fba,"6,566",152,0.64%,0.73%,"10,464",261,0.71%,0.87%,99.80%,98.84%,764,12,11.64%,7.89%,"18.564,24 €","279,33 €",618,11
B09NT4VRN7,B0812BKN39,Arcos Juego de Cuchillos Mondadores de 3 Piezas,859800_barras_arcos,"22,469",360,2.18%,1.73%,"31,225",496,2.11%,1.66%,26.64%,3.79%,642,1,2.86%,0.28%,"6.182,71 €","9,63 €",596,1
B0DQV6381X,B0DQR3T9MM,CUPERINOX Jamonero Profesional | Jamonero Giratorio Inoxidable | Jamonero Plegable | Tabla Cortar Jamon | Jamonera | Soporte Jamon,SC_20250,"7,654",155,0.74%,0.74%,"12,667",240,0.86%,0.80%,99.82%,100.00%,425,13,5.55%,8.39%,"17.874,79 €","564,87 €",420,12
B09DYJY471,B08MTCRCT4,Arcos Juego Cuchillos Cocina Profesionales| Cuchillos Cocina Profesional | Cuchillos Acero Inoxidable Mango Negro | utensilios de cocina | cuchillo japones Santoku | lavavajillas (5 Piezas),816800,"12,123",164,1.18%,0.79%,"17,407",223,1.18%,0.75%,99.81%,99.19%,382,12,3.15%,7.32%,"11.440,58 €","354,68 €",369,11
B0DPKXM18X,B0DNQT7LV3,"CUPERINOX Soporte Jamonero Balancín | Jamonero Giratorio Profesional | Jamonero Madera | Incluye Cuchillo Profesional, Afilador Funda Cubre Jamón| Jamoneros Elite Collection",20265_fbm,"5,321",157,0.52%,0.75%,"9,976",272,0.68%,0.91%,99.77%,100.00%,362,15,6.80%,9.55%,"29.017,50 €","1.185,97 €",358,15
B08NW1VQRT,B08NW1VQRT,CUPERINOX Navaja para Setas y Champiñones | Acero Inoxidable | Con Cepillo y Funda Incluida | Micológica,2181,"1,672",17,0.16%,0.08%,"2,438",23,0.17%,0.08%,99.82%,100.00%,387,2,23.15%,11.76%,"3.654,47 €","19,40 €",350,2
B08MT437W9,B08MT437W9,Arcos Juego Cuchillos Cocina Profesionales| Cuchillos Cocina Profesional | 6 pzas | Cuchillos Acero Inoxidable Mango Negro | utensilios de cocina serie Niza | Apto lavavajillas,812900,"15,081",156,1.46%,0.75%,"19,700",205,1.33%,0.69%,99.83%,100.00%,315,0,2.09%,0.00%,"10.217,70 €","0,00 €",311,0
B0DVT6KPDV,B0DT73LYPQ,"CUPERINOX Cuchillos Montessori | Set de Cuchillos Infantiles de 16 Piezas | Cuchillos Niños Aprendizaje +2 Años | Incluye Delantal, Guante de Seguridad, Moldes Tabla de Cortar | Kids Collection",27016,"5,129",57,0.50%,0.27%,"7,623",84,0.52%,0.28%,99.80%,100.00%,306,7,5.97%,12.28%,"3.784,54 €","79,67 €",296,7
B09DYJY471,B08MTCRCT4,Arcos Juego Cuchillos Cocina Profesionales| Cuchillos Cocina Profesional | Cuchillos Acero Inoxidable Mango Negro | utensilios de cocina | cuchillo japones Santoku | lavavajillas (5 Piezas),816800fbm,"12,123",164,1.18%,0.79%,"17,407",223,1.18%,0.75%,99.81%,99.19%,297,11,2.45%,6.71%,"8.494,81 €","307,21 €",291,10
B0BGRT2BVV,B09G9WBKPG,Arcos Juego de 6 Cuchillos de Mesa Chuleteros Hoja 110 mm Negro 705500,705500(805109),"23,528",374,2.28%,1.80%,"34,345",532,2.33%,1.78%,11.08%,3.29%,327,0,1.39%,0.00%,"3.720,39 €","0,00 €",284,0
B017HKRCGK,B005LR7A1Y,ARCOS Bolsa para Cuchillos 100% Poliéster 460x275 mm,690200_,"4,277",99,0.41%,0.48%,"6,781",137,0.46%,0.46%,71.76%,67.68%,275,13,6.43%,13.13%,"4.312,74 €","187,93 €",265,6
B0DVT6KPDV,B0DT75PQN7,"CUPERINOX Kit Cocina Montessori | Cuchillos Niños Aprendizaje +2 Años | Set Completo de Cuchillos Infantiles de 17 Piezas | Incluye Tijeras, Moldes, Batidor, Tabla y Cuchillo Seguro",27017_,"4,126",45,0.40%,0.22%,"5,971",62,0.40%,0.21%,99.61%,100.00%,278,2,6.74%,4.44%,"3.373,06 €","23,98 €",264,2
B0CYTKGNPM,B0CW68KM18,Pelador de Cocina ARCOS - Hoja de Acero Inoxidable | Mango Ergonómico | Herramienta Versátil para Pelar Frutas y Verduras,607300,"2,107",43,0.20%,0.21%,"2,615",55,0.18%,0.18%,97.91%,96.97%,267,5,12.67%,11.63%,"1.951,47 €","37,05 €",263,4
B07YM65C6J,B007TS6HMQ,ARCOS Pinza para Pescado Acero Inoxidable,605000_caja,"2,054",38,0.20%,0.18%,"2,839",53,0.19%,0.18%,99.59%,100.00%,222,11,10.81%,28.95%,"2.017,00 €","98,53 €",217,11
B08MT437W9,B08MT437W9,Arcos Juego Cuchillos Cocina Profesionales| Cuchillos Cocina Profesional | 6 pzas | Cuchillos Acero Inoxidable Mango Negro | utensilios de cocina serie Niza | Apto lavavajillas,812900fbm,"15,081",156,1.46%,0.75%,"19,700",205,1.33%,0.69%,99.83%,100.00%,220,9,1.46%,5.77%,"6.891,60 €","280,47 €",215,8
B09KJLG7BT,B098TFPYLY,CUPERINOX Jamonero profesional Gondola | tabla jamon | Cuchillo Jamonero Alveolos Acero Inox + Cubre Jamón Universal | Set cortar jamón (3 PZAS) | Sujeta jamones | tabla jamonero,20228FBM,"3,384",69,0.33%,0.33%,"5,076",109,0.34%,0.37%,99.96%,100.00%,218,11,6.44%,15.94%,"6.662,55 €","327,59 €",215,9
B09DYJY471,B08MQJCD2V,Arcos Juego Cuchillos Cocina Profesionales| Cuchillos Cocina Profesional | Cuchillos Acero Inoxidable Mango Negro | utensilios de cocina | cuchillo japones Santoku | lavavajillas (4 Piezas),816900,"3,393",50,0.33%,0.24%,"4,631",55,0.31%,0.18%,99.88%,100.00%,194,1,5.72%,2.00%,"5.042,06 €","25,99 €",194,1
B0F54LTCFF,B07ZJ85R7C,Arcos Set de Corte 3 Piezas Acero Inoxidable Nitrum,859300,"3,098",74,0.30%,0.36%,"4,735",112,0.32%,0.38%,82.05%,78.26%,182,9,5.87%,12.16%,"6.914,81 €","341,91 €",182,9
B089MW6B1B,B078JNZS9T,Arcos Estuche de 3 Cuchillos Básicos de Cocina. Pack de Cuchillos con Hoja de Acero Inoxidable y Mango de Polieximetileno Aptos para Lavavajillas. Serie Universal. Color Negro,807400_us,"9,566",188,0.93%,0.90%,"14,508",296,0.98%,0.99%,29.05%,29.41%,175,6,1.83%,3.19%,"7.448,96 €","255,44 €",174,6
B08J488ZQG,B089QP6MYJ,Arcos Juego Cuchillos Carne | 6 Piezas | Cuchillos carne cuchillo chuleteros | cubiertos acero inoxidable | Hoja 110 mm | mango monobloque | aptos lavavajillas | Caja Envase Ecológico,815600_,"6,566",152,0.64%,0.73%,"10,464",261,0.71%,0.87%,99.80%,98.84%,217,27,3.30%,17.76%,"5.613,33 €","678,52 €",166,19
B08GSTDWTC,B08LVVQ3ZQ,"Arcos Serie Nova - Cuchillo para pelar, Acero Inoxidable NITRUM, Envase Ecológico, 3 colores Fucsia, Turquesa y Amarillo",703700_,"2,224",27,0.22%,0.13%,"3,107",38,0.21%,0.13%,99.47%,100.00%,177,2,7.96%,7.41%,"1.750,59 €","20,98 €",163,2
B0DPKXM18X,B0DNQXN97X,CUPERINOX Soporte Jamonero Inoxidable | Jamonero Plegable | Jamonero Giratorio | Jamonero Profesional | Cuchillo Jamonero Profesional y Afilador,20250_,"5,313",153,0.52%,0.73%,"8,333",249,0.56%,0.83%,67.91%,65.48%,160,5,3.01%,3.27%,"9.598,40 €","299,95 €",159,5
B017HKSTCQ,B00CFN1M6Q,ARCOS Tijeras de Cocina Multiusos 200 mm,809700_FBA,"14,137",270,1.37%,1.30%,"20,014",372,1.36%,1.25%,7.72%,15.35%,142,11,1.00%,4.07%,"1.692,37 €","127,40 €",140,10
B07ZJ8ZJ93,B07ZJ8ZJ93,Arcos Set Jamonero Profesional Acero Inoxidable 3 Piezas,859400_us,"2,710",64,0.26%,0.31%,"4,004",93,0.27%,0.31%,79.24%,80.39%,143,13,5.28%,20.31%,"4.288,57 €","389,87 €",138,8
B09KJLG7BT,B098K898SC,CUPERINOX Soporte Jamonero | Jamonero Profesional | Cuchillo Jamonero madera + Funda Jamon | Tabla Jamonera,20226FBM,"3,268",37,0.32%,0.18%,"4,346",46,0.29%,0.15%,99.85%,100.00%,131,2,4.01%,5.41%,"3.063,97 €","47,48 €",131,2
B0DNNKT1W2,B0DNNJPRXB,"Cuperinox-Tetera de Cristal con Infusor para Té e Infusiones, Resistente al Calor y Compatible con Microondas ** - Infusion Prestige Collection (550 ml)",26111,"2,354",45,0.23%,0.22%,"3,575",60,0.24%,0.20%,99.90%,100.00%,124,3,5.27%,6.67%,"2.009,07 €","46,47 €",121,3
B0752X1ZCK,B07G77NN26,Arcos Cuchillos de Mesa - Caja de 12 uds Cuchillo Chuletero Cuchillo de Mesa - Hoja de Acero Inoxidable NITRUM 110 mm - Mango de Nylon - Color Negro (12 uds),803000,"2,861",73,0.28%,0.35%,"4,196",120,0.28%,0.40%,99.63%,100.00%,130,5,4.54%,6.85%,"3.632,85 €","139,15 €",118,3
B0DNNKT1W2,B0DNNFJ5J7,"Cuperinox-Tetera de Cristal con Infusor para Té e Infusiones, Resistente al Calor y Compatible con Microondas ** - Infusion Prestige Collection (350 ml)",26110_,"3,269",69,0.32%,0.33%,"4,653",110,0.32%,0.37%,99.95%,100.00%,133,1,4.07%,1.45%,"1.797,07 €","14,99 €",117,1
B0G3ZJ89NB,B0FZCJ46CM,CUPERINOX - Set Cuchillo Jamonero+ Deshuesador Profesional Forjado 2 Piezas | Cuchillo Jamonero Alveolado 25 cm y Deshuesador 15 cm |Corte Fino y Equilibrado | Aptos para lavavajillas,19303,"4,499",91,0.44%,0.44%,"6,028",110,0.41%,0.37%,99.89%,100.00%,118,5,2.62%,5.49%,"2.590,87 €","114,45 €",117,5
B08M9NWMW8,B08M9NWMW8,Arcos Juego de Cuchillos de Cocina Profesional y Afilador | 7 Piezas | Acero Inoxidable | Taco de Madera | Serie Niza | Uso Cotidiano | Apto para Lavavajillas,835800FBM,"2,353",33,0.23%,0.16%,"3,303",43,0.22%,0.14%,99.90%,100.00%,115,2,4.89%,6.06%,"6.085,49 €","109,98 €",113,2
B0DNNKT1W2,B0DNNFJ5J7,"Cuperinox-Tetera de Cristal con Infusor para Té e Infusiones, Resistente al Calor y Compatible con Microondas ** - Infusion Prestige Collection (350 ml)",26110,"3,269",69,0.32%,0.33%,"4,653",110,0.32%,0.37%,99.95%,100.00%,123,14,3.76%,20.29%,"1.665,03 €","176,65 €",112,6
B0G3ZJ89NB,B0G2MTVR24,Set Jamonero Profesional Premium - Soporte Jamonero de Bambú Giratorio + Cuchillo Jamonero 25 cm con Alvéolos + Cuchillo Deshuesador + Afilador 3 Ranuras | Maestros del Corte by Cuperinox,20271,"1,281",24,0.12%,0.12%,"2,234",29,0.15%,0.10%,99.90%,100.00%,111,2,8.67%,8.33%,"4.972,10 €","92,48 €",111,2
B0F54LTCFF,B006LMX2EW,Arcos Universal Cuchillo Jamonero Acero Hoja Hueca Negro 280 mm,281901_,"15,797",413,1.53%,1.98%,"22,414",605,1.52%,2.03%,12.36%,14.32%,110,3,0.70%,0.73%,"2.582,82 €","68,25 €",110,3
B0DPKXM18X,B0DNQRZ3BN,"CUPERINOX Soporte Jamonero Inoxidable Profesional con Base Antideslizante para Jamones y Paletas, Incluye Cuchillo | Jamoneros Elite Collection",20260_,"2,558",62,0.25%,0.30%,"3,694",78,0.25%,0.26%,100.00%,100.00%,106,0,4.14%,0.00%,"2.220,01 €","0,00 €",105,0
B0FJLTDB9J,B09RP6V156,"CUPERINOX® Alicates para pedicura, Profesional, Cortaúñas de Pies, Acero Inoxidable, Mango Ergonómico Antideslizante, Fácil Limpieza, Con Funda, 2 Años de Garantía",21920AM_fba,"1,069",27,0.10%,0.13%,"1,598",39,0.11%,0.13%,69.39%,100.00%,107,2,10.01%,7.41%,"921,65 €","17,33 €",102,2
B09MSDJQJ1,B08M3B43J6,"Arcos | Juego Cuchillo Jamonero 3 Pzas | jamonero Acero Inoxidable (240 mm), afilador Chaira y Cubre jamón | Juego Cuchillos jamonero Profesional | Paleta ibérica | Eco",704300_fbm,"3,105",73,0.30%,0.35%,"4,197",105,0.28%,0.35%,99.82%,100.00%,101,6,3.25%,8.22%,"3.021,34 €","179,34 €",101,6
B0DNNL2TZQ,B0DNNFGWNJ,"CUPERINOX Aceitera de Cristal Antigoteo para Aceite de Oliva, Resistente y Fácil de Limpiar Gourmet Oil Collection (500 Ml)",22023_,769,23,0.07%,0.11%,"1,089",32,0.07%,0.11%,99.27%,100.00%,101,8,13.13%,34.78%,"1.281,39 €","98,92 €",97,6
B0FWJYP1S9,B0FWJYP1S9,"Arcos Afilador de cuchillos multiángulo, Preciso y duradero",610400_fbm,474,6,0.05%,0.03%,691,8,0.05%,0.03%,96.43%,100.00%,100,4,21.10%,66.67%,"2.528,68 €","103,84 €",96,4
B08M7BMR2S,B08LNRV6N6,"Arcos Afiladores, Afilador de Cuchillos de Mano, Hecho de ABS + TPE, Rodillos Cerámico y Carburo, Color Blanco y Negro",610624,"2,421",45,0.23%,0.22%,"3,067",54,0.21%,0.18%,99.81%,100.00%,99,0,4.09%,0.00%,"1.290,45 €","0,00 €",95,0
B095SDL23Y,B095SDL23Y,Arcos | cuchillos de mesa (6 ud) | cuchillos acero inoxidable con sierra cuchillo chuletero cuchillos chuleteros | Fabricado en España,813000_fbm,"1,251",22,0.12%,0.11%,"1,890",37,0.13%,0.12%,99.82%,100.00%,114,6,9.11%,27.27%,"1.877,80 €","96,88 €",95,5
B0752X4WV1,B005LR73R0,Arcos Juego Chuleteros Mango Madera 110 mm,372000,"7,214",148,0.70%,0.71%,"10,913",216,0.74%,0.72%,17.52%,18.71%,107,5,1.48%,3.38%,"2.559,85 €","116,95 €",94,2
B0DNNL2TZQ,B0DNN57WC1,"CUPERINOX Aceitera de Cristal Antigoteo para Aceite de Oliva, Resistente y Fácil de Limpiar Gourmet Oil Collection (250 Ml)",22022_,"1,017",26,0.10%,0.12%,"1,452",43,0.10%,0.14%,99.68%,100.00%,98,1,9.64%,3.85%,"1.107,80 €","11,99 €",94,1
B0F4WTVT1Z,B09GPS4SQN,"HENDI Pasta combustible para Chafing Dish, 12 x 200 g",H194362,"1,331",61,0.13%,0.29%,"1,995",88,0.14%,0.29%,58.25%,43.55%,105,22,7.89%,36.07%,"2.107,33 €","436,36 €",92,12
B0F1ZF7H1L,B005LR68DU,Arcos Cuchillo Jamonero con Alveolos 250 mm,231000_,"7,930",230,0.77%,1.10%,"11,791",351,0.80%,1.18%,19.32%,18.35%,92,6,1.16%,2.61%,"3.081,08 €","200,94 €",91,6
B0DNNL2TZQ,B0DNN4J6Q8,"CUPERINOX Aceitera antigoteo cristal para Aceite de Oliva, Vinagre etc. A prueba de fugas, Aceitera cristal antigoteo tambien aceiteros cocina ideal para Ensaladas, BBQ, cooking oil container (125 ML)",22021_,"1,402",41,0.14%,0.20%,"1,959",62,0.13%,0.21%,99.77%,100.00%,101,5,7.20%,12.20%,"1.013,56 €","53,46 €",91,3
B09DYJY471,B08MQJCD2V,Arcos Juego Cuchillos Cocina Profesionales| Cuchillos Cocina Profesional | Cuchillos Acero Inoxidable Mango Negro | utensilios de cocina | cuchillo japones Santoku | lavavajillas (4 Piezas),816900fba,"3,393",50,0.33%,0.24%,"4,631",55,0.31%,0.18%,99.88%,100.00%,83,0,2.45%,0.00%,"2.076,59 €","0,00 €",81,0
B07YM65C6J,B007TS6HMQ,ARCOS Pinza para Pescado Acero Inoxidable,605000_605010,"2,054",38,0.20%,0.18%,"2,839",53,0.19%,0.18%,99.59%,100.00%,80,3,3.89%,7.89%,"708,35 €","26,22 €",78,3
B0DQV6381X,B0DQRF2HZK,CUPERINOX Jamonera Inoxidable | Jamonero | Soporte Jamonero | Tabla Jamon Inoxidable | Facil Montaje | Tabla Jamon Profesional,SC_20260,"2,006",34,0.19%,0.16%,"2,643",38,0.18%,0.13%,99.92%,100.00%,78,1,3.89%,2.94%,"1.541,53 €","22,99 €",78,1
B017DLH9RA,B017DLH9RA,ARCOS Cuchillo Abre Ostras Acero Inoxidable 60 mm,277200_pp,577,19,0.06%,0.09%,809,22,0.05%,0.07%,100.00%,100.00%,81,3,14.04%,15.79%,"645,07 €","22,58 €",74,3
B09KJLG7BT,B08KW4BFZ9,CUPERINOX Jamonero Profesional | Soporte jamonero Tipo Gondola| Base de Corte para Usar con Cuchillo jamonero | Jamon iberico | Fabricado en España,20200_premium,"19,560",292,1.90%,1.40%,"29,523",449,2.00%,1.50%,98.60%,97.58%,73,0,0.37%,0.00%,"1.131,27 €","0,00 €",73,0
B0G6M1C8V6,B0D4WK78XV,CUPERINOX Aceiteras para Aceite Usado | Grasera Acero Inoxidable 550ML con Filtro Metálico | Recipiente para Aceite Usado de Cocina y Grasa | Grasera Cocina Metálica 550ML 2Uds Metálico,22105-22106,942,10,0.09%,0.05%,"1,387",13,0.09%,0.04%,87.33%,100.00%,76,1,8.07%,10.00%,"790,74 €","11,49 €",73,1
B0D4WK78XV,B0D4WK78XV,CUPERINOX Aceiteras para Aceite Usado | Grasera Acero Inoxidable 550ML con Filtro Metálico | Recipiente para Aceite Usado de Cocina y Grasa | Grasera Cocina Metálica 550ML 2Uds Metálico,22105-22106,756,11,0.07%,0.05%,"1,061",13,0.07%,0.04%,87.16%,100.00%,71,4,9.39%,36.36%,"719,29 €","39,96 €",70,3
B0DNNKT1W2,B0DNNJCHQP,"Cuperinox-Tetera de Cristal con Infusor para Té e Infusiones, Resistente al Calor y Compatible con Microondas ** - Infusion Prestige Collection (950 ml)",26113,839,14,0.08%,0.07%,"1,207",18,0.08%,0.06%,99.33%,100.00%,73,1,8.70%,7.14%,"1.406,84 €","19,99 €",69,1
B0DNNKT1W2,B0DNNJPGTY,"Cuperinox-Tetera de Cristal con Infusor para Té e Infusiones, Resistente al Calor y Compatible con Microondas ** - Infusion Prestige Collection (750 ml)",26112_,"1,026",27,0.10%,0.13%,"1,557",38,0.11%,0.13%,100.00%,100.00%,69,0,6.73%,0.00%,"1.098,11 €","0,00 €",68,0
B08L8MV8XD,B005LR72SK,Arcos Juego de Cuchillos con Bloque Acero Inoxidable 6 piezas,136100_,"9,859",134,0.96%,0.64%,"14,811",194,1.00%,0.65%,13.80%,15.32%,65,1,0.66%,0.75%,"2.841,95 €","43,70 €",65,1
B0DKP7F29P,B0DJBZ1M2L,Arcos Serie Samoa Iconic | Sarten Antiadherente Cerámico 24 cm | Aluminio Forjado | Apta cualquier cocina | Mango Acero Inoxidable | Apta lavavajillas | Color Beige | LIBRE DE (PFOA/PTFE/PFOS),716324,"1,265",21,0.12%,0.10%,"1,831",35,0.12%,0.12%,97.84%,100.00%,66,4,5.22%,19.05%,"2.521,00 €","153,00 €",65,3
B0DNNKT1W2,B0DNNJPRXB,"Cuperinox-Tetera de Cristal con Infusor para Té e Infusiones, Resistente al Calor y Compatible con Microondas ** - Infusion Prestige Collection (550 ml)",26111_,"2,354",45,0.23%,0.22%,"3,575",60,0.24%,0.20%,99.90%,100.00%,61,1,2.59%,2.22%,"950,24 €","13,99 €",61,1
B09N7S17J6,B09D3YRGL9,"CUPERINOX Navaja Plegable Multiusos – Hoja de Acero Inoxidable 80 mm (Filo Liso + Serrado), Punta Rompevidrios, Apertura Rápida, Clip de Cinturón, Herramienta para Camping, Caza, Pesca y Supervivencia",30061_solo_navaja,"1,252",30,0.12%,0.14%,"1,850",46,0.13%,0.15%,97.53%,96.97%,62,4,4.95%,13.33%,"619,66 €","38,23 €",58,4
B0C4DTYRJW,B094QVHPQ8,Arcos Juego Cuchillos Cocina Profesionales| Cuchillos Cocina Profesional Set Cuchillos | Mango Negro (4 Piezas),813500FBM,"2,650",30,0.26%,0.14%,"3,510",32,0.24%,0.11%,99.81%,100.00%,58,2,2.19%,6.67%,"2.161,70 €","71,50 €",57,2
B0DNNKT1W2,B0DNNJPGTY,"Cuperinox-Tetera de Cristal con Infusor para Té e Infusiones, Resistente al Calor y Compatible con Microondas ** - Infusion Prestige Collection (750 ml)",26112,"1,026",27,0.10%,0.13%,"1,557",38,0.11%,0.13%,100.00%,100.00%,56,4,5.46%,14.81%,"974,32 €","66,18 €",56,4
B08M7BMR2S,B08LNRV6N6,"Arcos Afiladores, Afilador de Cuchillos de Mano, Hecho de ABS + TPE, Rodillos Cerámico y Carburo, Color Blanco y Negro",610624_fbm,"2,421",45,0.23%,0.22%,"3,067",54,0.21%,0.18%,99.81%,100.00%,57,5,2.35%,11.11%,"780,90 €","68,50 €",55,5
B09KJLG7BT,B098K898SC,CUPERINOX Soporte Jamonero | Jamonero Profesional | Cuchillo Jamonero madera + Funda Jamon | Tabla Jamonera,20226,"3,268",37,0.32%,0.18%,"4,346",46,0.29%,0.15%,99.85%,100.00%,55,0,1.68%,0.00%,"1.277,30 €","0,00 €",55,0
B0FQNZM34T,B0843QFQB7,Arcos Set Cuchillos 5 piezas Acero Inoxidable Nitrum. Cuchillo Cocina Profesional Afilado para Cortar Carne. Mango Ergonómico Polioximetileno POM. Serie Opera. Diseño Clásico. Color Negro.,227000,"2,410",42,0.23%,0.20%,"3,557",87,0.24%,0.29%,98.10%,93.65%,54,3,2.24%,7.14%,"7.045,73 €","416,67 €",54,3
B017HKR8WS,B005LR7EP6,ARCOS Afilador de Cuchillos Profesional ABS,610000,"8,795",233,0.85%,1.12%,"13,176",377,0.89%,1.26%,22.77%,26.64%,51,7,0.58%,3.00%,"3.360,67 €","454,93 €",51,7
B0DPKXM18X,B0DNQRZ3BN,"CUPERINOX Soporte Jamonero Inoxidable Profesional con Base Antideslizante para Jamones y Paletas, Incluye Cuchillo | Jamoneros Elite Collection",20260_fbm,"2,558",62,0.25%,0.30%,"3,694",78,0.25%,0.26%,100.00%,100.00%,51,1,1.99%,1.61%,"1.274,49 €","24,99 €",51,1
B08T5Z4HFS,B08QYV8C1P,"CUPERINOX Cubiertos para marisco | Pinzas para marisco | Tenazas para marisco | 6 Unidades | Cubiertos marisco (Cangrejo, Langosta, Ostras) | Tenedor de marisco con dos dientes inferiores y cuchara.",20023_6Unidades,625,11,0.06%,0.05%,890,14,0.06%,0.05%,100.00%,100.00%,50,2,8.00%,18.18%,"530,38 €","20,14 €",49,2
B09KJLG7BT,B098TFPYLY,CUPERINOX Jamonero profesional Gondola | tabla jamon | Cuchillo Jamonero Alveolos Acero Inox + Cubre Jamón Universal | Set cortar jamón (3 PZAS) | Sujeta jamones | tabla jamonero,20228_,"3,384",69,0.33%,0.33%,"5,076",109,0.34%,0.37%,99.96%,100.00%,49,0,1.45%,0.00%,"1.708,44 €","0,00 €",49,0
B0DPKXM18X,B0DNQX2BZN,"CUPERINOX Soporte Jamonero Plegable | Jamonero Giratorio | Jamonero de Bambú con Cuchillo Profesional, Afilador y Funda para Jamón | Elite Collection",20270_fbm,"1,686",52,0.16%,0.25%,"2,151",77,0.15%,0.26%,99.85%,100.00%,49,1,2.91%,1.92%,"2.254,01 €","46,99 €",49,1
B0DVT6KPDV,B0DT75PQN7,"CUPERINOX Kit Cocina Montessori | Cuchillos Niños Aprendizaje +2 Años | Set Completo de Cuchillos Infantiles de 17 Piezas | Incluye Tijeras, Moldes, Batidor, Tabla y Cuchillo Seguro",27017,"4,126",45,0.40%,0.22%,"5,971",62,0.40%,0.21%,99.61%,100.00%,52,0,1.26%,0.00%,"623,48 €","0,00 €",49,0
B0DKP7F29P,B0DJBZPLJF,Arcos Serie Samoa Iconic | Sarten Antiadherente Cerámico 28 cm | Aluminio Forjado | Apta cualquier cocina | Mango Acero Inoxidable | Apta lavavajillas | Color Beige | LIBRE DE (PFOA/PTFE/PFOS),716524,599,13,0.06%,0.06%,847,17,0.06%,0.06%,97.76%,100.00%,48,2,8.01%,15.38%,"2.141,60 €","88,90 €",48,2
B0F54LTCFF,B006LMX2HO,"Arcos Cuchillo Rebanar/Jamón Acero Inoxidable Nitrum 11""",282004_,"4,733",99,0.46%,0.48%,"6,975",150,0.47%,0.50%,23.19%,9.86%,48,0,1.01%,0.00%,"849,16 €","0,00 €",47,0
B0FR444FLT,B07YYDR6D8,Arcos Juego de Cuchillos de Cocina. 3 piezas de Acero Inoxidable forjado. Impresiona yorprencon cada corte. Mango Micarta azul. Serie Brooklyn. Color Azul.,858110_,"2,647",42,0.26%,0.20%,"3,743",76,0.25%,0.25%,98.90%,97.67%,47,2,1.78%,4.76%,"4.310,51 €","162,10 €",47,2
B0F1ZF7H1L,B07YXBK4HD,Arcos Riviera Set 3 Cuchillos de Corte Acero Inoxidable Nitrum,806911_,"2,775",60,0.27%,0.29%,"3,348",72,0.23%,0.24%,94.24%,82.22%,47,2,1.69%,3.33%,"2.959,42 €","129,90 €",46,2
B08TLR4Z27,B095C22QFS,Arcos jamonero Profesional | Cuchillo jamonero jamonero Inoxidable Nitrum | Mango Negro | Cuchillo Jamon iberico | Serie Maitre| Hoja Flexible y Filo Liso | 275 mm | Acero Inoxidable NITRUM,151811FBM,"1,322",30,0.13%,0.14%,"2,010",42,0.14%,0.14%,99.56%,100.00%,46,0,3.48%,0.00%,"873,54 €","0,00 €",46,0
B0FR444FLT,B07JJGXYZD,Arcos Set Cocina Serie Manhattan,858100,"2,362",33,0.23%,0.16%,"3,326",54,0.23%,0.18%,98.30%,100.00%,45,0,1.91%,0.00%,"3.472,55 €","0,00 €",45,0
B08J488ZQG,B0987N2CBR,Arcos Juego Cuchillos Carne | 6 Piezas | Cuchillos carne cuchillo chuleteros | cubiertos acero inoxidable | Hoja 110 mm | mango monobloque | aptos lavavajillas | Caja Envase Ecológico,814000FBM,"1,720",55,0.17%,0.26%,"2,038",70,0.14%,0.23%,99.62%,100.00%,58,6,3.37%,10.91%,"1.617,82 €","162,34 €",44,4
B0DKP7F29P,B0DJBZ7G4Y,Arcos Serie Samoa Iconic | Sarten Antiadherente Cerámico 20 cm | Aluminio Forjado | Apta cualquier cocina | Mango Acero Inoxidable | Apta lavavajillas | Color Beige | LIBRE DE (PFOA/PTFE/PFOS),716124,"1,284",11,0.12%,0.05%,"1,691",22,0.11%,0.07%,98.40%,100.00%,46,4,3.58%,36.36%,"1.561,70 €","135,80 €",44,4
B0DNNL2TZQ,B0DNN57WC1,"CUPERINOX Aceitera de Cristal Antigoteo para Aceite de Oliva, Resistente y Fácil de Limpiar Gourmet Oil Collection (250 Ml)",22022,"1,017",26,0.10%,0.12%,"1,452",43,0.10%,0.14%,99.68%,100.00%,45,1,4.42%,3.85%,"539,55 €","11,99 €",44,1
B08GSTDWTC,B08G4D9718,"Arcos | Cuchillos 3 Colores | Cuchillo de pelar | Cuchillos pelar Patatas | Acero Inoxidable Nitrum| Envase Ecológico | Cuchillo Colores (85 mm, Amarillo, Turquesa, Naranja)",816700_francia,969,13,0.09%,0.06%,"1,196",20,0.08%,0.07%,100.00%,100.00%,45,0,4.64%,0.00%,"422,03 €","0,00 €",43,0
B08T5Z4HFS,B08QYQYZHS,"CUPERINOX Cubiertos para marisco | Pinzas para marisco | Tenazas para marisco | 12 Unidades | Cubiertos marisco (Cangrejo, Langosta, Ostras) | Tenedor de marisco con dos dientes inferiores y cuchara.",20023_12pzs,582,18,0.06%,0.09%,813,19,0.06%,0.06%,99.86%,100.00%,47,3,8.08%,16.67%,"867,53 €","55,97 €",42,3
B09QDH8MSK,B07N8VWHT9,Arcos Tacos - Bloque Universal para Cuchillos hasta 20 cm - Hecho de Caucho Termoplástico 220 x 160 x 65 mm - Color Negro,794500_,"4,014",86,0.39%,0.41%,"5,948",143,0.40%,0.48%,10.78%,13.89%,41,1,1.02%,1.16%,"1.066,02 €","25,99 €",40,1
B0CYTKGNPM,B0CW66H3TR,Pelador de Tomate ARCOS - Hoja Serrada de Acero Inoxidable | Mango Ergonómico | Ideal para Tomates,607420_,"1,344",19,0.13%,0.09%,"1,514",22,0.10%,0.07%,99.93%,93.33%,42,1,3.13%,5.26%,"327,02 €","7,99 €",40,1
B017HKRCGK,B005LR7AWI,ARCOS Bolsa Portacuchillos 8 Piezas Poliéster 500x510mm,690400_,"1,472",31,0.14%,0.15%,"2,027",36,0.14%,0.12%,43.43%,52.38%,42,6,2.85%,19.35%,"1.047,33 €","147,69 €",39,4
B08L8QY8T9,B007TS6GPE,"Arcos Juego de Cuchillos de Cocina cuatro piezas. 3 Cuchillos chef y 1 tijeras Acero Inoxidable y mango ergonómico polioximetileno para cortar carne, pescado y verduras. Serie Maitre. Color negro.",152600_fbm,"7,914",139,0.77%,0.67%,"11,431",201,0.77%,0.67%,9.39%,9.38%,39,1,0.49%,0.72%,"1.478,10 €","37,90 €",38,1
B089M821V5,B089M821V5,Arcos Cuchillos Carne | 6 pzas | Cuchillos chuleteros Set Cuchillo de Mesa Sierra | Mango Madera | Hoja 110 mm | Cuchillos Carne Mesa | Apto lavavajillas | Envase Carton | Ecologico,815500_,"1,187",9,0.12%,0.04%,"1,611",12,0.11%,0.04%,99.93%,100.00%,45,2,3.79%,22.22%,"1.184,55 €","59,98 €",38,1
B08JCVQ4QL,B08JCVQ4QL,"Arcos Series Niza - Juego de Cuchillos Cocina, 6 Piezas, Cuchillos Verduras 110 mm, + Cuchillo Mesa, Envase 100% Ecológico, Acero Inoxidable NITRUM",809400,834,15,0.08%,0.07%,"1,205",19,0.08%,0.06%,99.70%,100.00%,39,1,4.68%,6.67%,"779,61 €","19,99 €",38,1
B08NW1VQRT,B08NW1VQRT,CUPERINOX Navaja para Setas y Champiñones | Acero Inoxidable | Con Cepillo y Funda Incluida | Micológica,PE2181,"1,672",17,0.16%,0.08%,"2,438",23,0.17%,0.08%,99.82%,100.00%,45,6,2.69%,35.29%,"472,02 €","62,74 €",38,2
B0DKP7F29P,B0DJC114YJ,"Arcos Serie Samoa Iconic | Cacerola Antiadherente Cerámico 24 cm y 4,3 L | Aluminio Forjado | Apta cualquier cocina | Mango Acero Inoxidable | Color Beige | LIBRE DE (PFOA/PTFE/PFOS)",717024,771,13,0.07%,0.06%,"1,066",18,0.07%,0.06%,98.96%,100.00%,38,3,4.93%,23.08%,"2.384,18 €","188,85 €",38,3
B0G3ZJ89NB,B0FZCJ46CM,CUPERINOX - Set Cuchillo Jamonero+ Deshuesador Profesional Forjado 2 Piezas | Cuchillo Jamonero Alveolado 25 cm y Deshuesador 15 cm |Corte Fino y Equilibrado | Aptos para lavavajillas,19303_fba,"4,499",91,0.44%,0.44%,"6,028",110,0.41%,0.37%,99.89%,100.00%,38,1,0.84%,1.10%,"949,82 €","24,99 €",38,1
B0G3ZJ89NB,B09NRLLDC6,CUPERINOX Cuchillo Jamonero + Chaira + Funda Cubre Jamón | Jamonero 240mm acero inoxidable| Afilador Chaira | Funda cubre jamón,20220f,"2,857",46,0.28%,0.22%,"3,549",59,0.24%,0.20%,99.46%,97.37%,37,2,1.30%,4.35%,"369,63 €","19,98 €",37,2
B0C4DTYRJW,B071LGMMGV,Arcos Juego Cuchillos Cocina Profesionales| Cuchillos Cocina Profesional Set Cuchillos | Mango Negro (3 Piezas),862600,"1,767",40,0.17%,0.19%,"2,474",57,0.17%,0.19%,99.91%,100.00%,37,3,2.09%,7.50%,"1.472,69 €","119,97 €",36,3
B0752X1ZCK,B07G77NN26,Arcos Cuchillos de Mesa - Caja de 12 uds Cuchillo Chuletero Cuchillo de Mesa - Hoja de Acero Inoxidable NITRUM 110 mm - Mango de Nylon - Color Negro (12 uds),803000_fmb,"2,861",73,0.28%,0.35%,"4,196",120,0.28%,0.40%,99.63%,100.00%,40,7,1.40%,9.59%,"1.157,08 €","199,45 €",36,4
B06XB92VRH,B07T6J5JWM,CUPERINOX Cafetera Italiana Induccion Espresso Acero Inoxidable 12 Tazas,25035,950,24,0.09%,0.12%,"1,500",33,0.10%,0.11%,94.69%,95.45%,36,2,3.79%,8.33%,"952,66 €","52,00 €",36,2
B09MSDJQJ1,B08M3B43J6,"Arcos | Juego Cuchillo Jamonero 3 Pzas | jamonero Acero Inoxidable (240 mm), afilador Chaira y Cubre jamón | Juego Cuchillos jamonero Profesional | Paleta ibérica | Eco",704300,"3,105",73,0.30%,0.35%,"4,197",105,0.28%,0.35%,99.82%,100.00%,36,0,1.16%,0.00%,"1.047,64 €","0,00 €",36,0
B017HKRCGK,B00BHZPGHO,ARCOS Bolsa Portacuchillos para 17 Piezas Poliéster Negra,691400_,651,12,0.06%,0.06%,904,20,0.06%,0.07%,95.36%,100.00%,36,1,5.53%,8.33%,"1.621,38 €","44,99 €",35,1
B08LVZCG23,B08LVZCG23,Arcos Juego de Cuchillos de Cocina Rosa | 3 pz | Cuchillo Chef para pelar Verduras | Edición Limitada | Solidaria,814500_fba,"3,429",50,0.33%,0.24%,"4,319",62,0.29%,0.21%,99.82%,100.00%,34,0,0.99%,0.00%,"984,86 €","0,00 €",34,0
B017DLH9RA,B017DLH9RA,ARCOS Cuchillo Abre Ostras Acero Inoxidable 60 mm,227200_us,577,19,0.06%,0.09%,809,22,0.05%,0.07%,100.00%,100.00%,36,1,6.24%,5.26%,"287,64 €","7,99 €",33,1
B0B3CPHPXR,B07BQ5CCMD,ARCOS Sacacorchos Manual de ABS Aleación de Zinc,604700_,"5,876",107,0.57%,0.51%,"8,169",171,0.55%,0.57%,10.23%,23.16%,34,1,0.58%,0.93%,"1.183,65 €","32,99 €",33,1
B06XB92VRH,B07T6J5JWM,CUPERINOX Cafetera Italiana Induccion Espresso Acero Inoxidable 12 Tazas,25035_2,950,24,0.09%,0.12%,"1,500",33,0.10%,0.11%,94.69%,95.45%,33,0,3.47%,0.00%,"924,00 €","0,00 €",33,0
B08TLR4Z27,B08M3DQFHM,Arcos jamonero Profesional | Cuchillo jamonero jamonero Inoxidable Nitrum | Mango Negro | Cuchillo Jamon iberico | Serie Maitre| Hoja Flexible y Filo Liso | 275 mm | Acero Inoxidable NITRUM,151210_fbm,"1,173",26,0.11%,0.12%,"1,584",32,0.11%,0.11%,99.59%,100.00%,34,2,2.90%,7.69%,"509,75 €","29,42 €",33,1
B0DKP7F29P,B0DJC17TXZ,"Arcos Serie Samoa Iconic | Cacerola Baja Antiadherente Cerámico 28 cm y 4,3 L | Aluminio Forjado | Apta cualquier cocina | Mango Acero Inoxidable | Color Beige | LIBRE DE (PFOA/PTFE/PFOS)",717124,740,13,0.07%,0.06%,995,16,0.07%,0.05%,96.67%,100.00%,34,2,4.59%,15.38%,"2.456,00 €","144,75 €",33,2
B08M99RZRV,B08M99RZRV,Arcos | Cuchillo Jamonero Cuchillo deshuesador | 2 Uds | Set cuchillos jamoneros 250 mm y cuchillo deshuesador (140 mm) jamonero profesional | cuchillo carnicero profesional | Eco,703800fbm,"3,351",59,0.33%,0.28%,"4,274",75,0.29%,0.25%,99.77%,100.00%,33,4,0.98%,6.78%,"1.349,67 €","160,96 €",32,4
B0FR444FLT,B07N8S366Z,Arcos Cuchillo Cocina Forjado en Acero Inoxidable. Hoja Plateada 210 mm. Cuchillo Chef con Mango Profesional Micarta y Borde de Seda Especial. Serie Brooklyn. Color Azul.,190623_,"1,072",22,0.10%,0.11%,"1,485",40,0.10%,0.13%,96.97%,100.00%,31,2,2.89%,9.09%,"1.396,13 €","75,72 €",31,2
B093313MH6,B093313MH6,Arcos | Cuchillo de deshuesar| Cuchillo deshuesador | cuchillo deshuesador jamón | cuchillo deshuesador (140 mm) Clásica| Envase Eco | cuchillo puntilla jamonero,256210,768,6,0.07%,0.03%,"1,102",9,0.07%,0.03%,100.00%,100.00%,32,0,4.17%,0.00%,"621,68 €","0,00 €",31,0
B09KJLG7BT,B098XWCFXT,CUPERINOX Jamonero Profesional | soporte de jamon | 5 Piezas | tabla jamonera | soporte jamonero | Kit Jamonero (tabla + cuchillo + afilador + pinza + cubre jamon,20229FBM,"2,046",29,0.20%,0.14%,"2,450",33,0.17%,0.11%,99.78%,100.00%,32,3,1.56%,10.34%,"1.614,50 €","139,35 €",31,2
B0937XXT33,B01CQT1B5U,"Arcos Cuchillos de Mesa Juego de Cuchillos Chuleteros Cuchillos de Mesa, Monoblock de una pieza de Acero Inoxidable 110 mm, Color Plata (12 uds)",702000_us,631,22,0.06%,0.11%,978,47,0.07%,0.16%,85.76%,100.00%,39,7,6.18%,31.82%,"1.859,61 €","323,93 €",30,3
B09MSDJQJ1,B09MM5CH6C,Arcos jamonero profesional alveolos | incluye pinza para jamón | cuchillo jamonero cuchillo jamonero alveolos cuchillos profesional| Acero Inoxidable Nitrum 240 mm,856200,"1,738",32,0.17%,0.15%,"2,289",39,0.16%,0.13%,99.90%,100.00%,30,0,1.73%,0.00%,"900,20 €","0,00 €",30,0
B0752NT3TH,B005LR77GC,ARCOS Tijeras de Cocina Profesional 235 mm,185701,"2,603",51,0.25%,0.24%,"3,963",61,0.27%,0.20%,6.83%,4.44%,33,3,1.27%,5.88%,"326,86 €","29,70 €",29,1
B09GSCQQF9,B07G77FNSF,"Arcos Serie Cuchillos de Mesa Caja 12 uds Cuchillo Postre, Hoja Serrada de Acero Inoxidable NITRUM de 105 mm, Mango Polipropileno Color crema (12 UDS)",370100_,419,8,0.04%,0.04%,591,13,0.04%,0.04%,99.62%,100.00%,31,0,7.40%,0.00%,"557,75 €","0,00 €",29,0
B0CYTKGNPM,B0843DQCF5,ARCOS Pelador de Verduras en Juliana de Acero Inoxidable Cromado 130 Mm. Pelador Profesional para Cortes en Juliana de Verduras y Hortalizas. Apto Lavavajillas. Color Plata,607200,"1,337",20,0.13%,0.10%,"1,513",26,0.10%,0.09%,99.27%,100.00%,31,2,2.32%,10.00%,"232,43 €","14,98 €",29,2
B08M99RZRV,B08M99RZRV,Arcos | Cuchillo Jamonero Cuchillo deshuesador | 2 Uds | Set cuchillos jamoneros 250 mm y cuchillo deshuesador (140 mm) jamonero profesional | cuchillo carnicero profesional | Eco,703800,"3,351",59,0.33%,0.28%,"4,274",75,0.29%,0.25%,99.77%,100.00%,29,3,0.87%,5.08%,"1.124,71 €","119,97 €",29,3
B08T5Z4HFS,B08QYV8C1P,"CUPERINOX Cubiertos para marisco | Pinzas para marisco | Tenazas para marisco | 6 Unidades | Cubiertos marisco (Cangrejo, Langosta, Ostras) | Tenedor de marisco con dos dientes inferiores y cuchara.",20023_6pzas,625,11,0.06%,0.05%,890,14,0.06%,0.05%,100.00%,100.00%,30,2,4.80%,18.18%,"333,70 €","23,98 €",29,2
B0DKP7F29P,B0DJBZ635J,"Arcos Serie Samoa Iconic | Cacerola Antiadherente Cerámico 20 cm y 2,6 L | Aluminio Forjado | Apta cualquier cocina | Mango Acero Inoxidable | Color Beige | LIBRE DE (PFOA/PTFE/PFOS)",716924,"1,489",24,0.14%,0.12%,"2,091",35,0.14%,0.12%,94.25%,100.00%,29,0,1.95%,0.00%,"1.518,85 €","0,00 €",29,0
B0DNNL2TZQ,B0DNNF3839,"CUPERINOX Aceitera de Cristal Antigoteo para Aceite de Oliva, Resistente y Fácil de Limpiar Gourmet Oil Collection (1000 Ml)",22024_,445,21,0.04%,0.10%,609,36,0.04%,0.12%,99.24%,100.00%,29,1,6.52%,4.76%,"510,81 €","16,99 €",29,1
B0DKP7F29P,B0FS81RDVL,"Arcos Sartén Samoa Inox 24 cm, Acero inoxidable tricapa sin PFAS",726300,"1,283",13,0.12%,0.06%,"1,755",20,0.12%,0.07%,73.79%,84.62%,28,1,2.18%,7.69%,"1.118,60 €","39,95 €",28,1
B0G3ZJ89NB,B0FZD7ZY1W,CUPERINOX Cuchillo Jamonero Profesional 25 cm – Hoja Alveolada de Acero Inoxidable Antideslizante con Mango Ergonómico – Corte Preciso y Fino para Jamón y Paletilla| Maestros del Corte,19305,"2,321",39,0.23%,0.19%,"2,842",43,0.19%,0.14%,99.92%,100.00%,28,0,1.21%,0.00%,"377,72 €","0,00 €",28,0
B017HKG9PK,B0044R87VO,Arcos Maitre - Cuchillo Jamonero Flexible - Acero Inoxidable NITRUM 275 mm - Mango Polipropileno negro,151200,"1,756",52,0.17%,0.25%,"2,061",55,0.14%,0.18%,95.94%,74.19%,29,0,1.65%,0.00%,"432,60 €","0,00 €",27,0
B0F1ZF7H1L,B005LR6GE6,Arcos Cuchillo Cocinero Negro 250 mm,233700_,"2,756",45,0.27%,0.22%,"3,605",59,0.24%,0.20%,39.29%,24.24%,27,0,0.98%,0.00%,"1.079,73 €","0,00 €",27,0
B0FR444FLT,B07C7YV74X,Arcos Manhattan Cuchillo Trinchar Acero Jamón y Carne 250 mm,161900_,695,19,0.07%,0.09%,942,20,0.06%,0.07%,97.48%,100.00%,27,1,3.88%,5.26%,"863,73 €","30,49 €",27,1
B0FR444FLT,B07D8WQ355,Arcos Serie Manhattan - Cuchillo Cocinero - Hoja de Acero Inoxidable Forjado Nitrum 210 mm - Mango de Polioximetileno (POM) Color Negro - Filo Seda,160600_,510,12,0.05%,0.06%,816,17,0.06%,0.06%,94.59%,100.00%,27,0,5.29%,0.00%,"1.012,23 €","0,00 €",27,0
B07YXBGV8C,B07YXBGV8C,Arcos Riviera Blanc Set 3 Cuchillos Forjados Acero Inoxidable Nitrum,807511_,523,10,0.05%,0.05%,779,15,0.05%,0.05%,97.44%,100.00%,27,0,5.16%,0.00%,"1.566,93 €","0,00 €",27,0
B0DQV6381X,B0DQDQ1DB8,CUPERINOX Jamonero | Jamonero Giratorio | Tabla Cortar Jamon | Jamoneros Profesional | Jamonero Plegable | Tabla Jamon | Cortador de Jamon,SC_20270,762,17,0.07%,0.08%,"1,038",19,0.07%,0.06%,99.79%,100.00%,27,0,3.54%,0.00%,"879,09 €","0,00 €",27,0
B0F54LTCFF,B0044R87I2,Arcos Conjunto Cuchillos 4 piezas (3 Cuchillos + 1 tijeras). Acero Inoxidable y Hoja mm. 1670 gr. Bloque madera pino. Mango ergonómico polioximetileno POM. Serie Universal. Mayor control. Color negro.,285000_us,"1,562",32,0.15%,0.15%,"2,024",33,0.14%,0.11%,97.30%,81.82%,26,0,1.66%,0.00%,"1.381,74 €","0,00 €",26,0
B0B3CWSDRQ,B00CF20V2I,ARCOS Chaira Afilador Manual Acero Carbono Cromado Negro 230 mm,278100_,421,12,0.04%,0.06%,590,13,0.04%,0.04%,87.10%,83.33%,26,3,6.18%,25.00%,"309,78 €","34,93 €",26,3
B0F54LTCFF,B00J4L7FEU,Arcos Hachuela Macheta de Cocina Acero Inoxidable 160 mm,282404_us,"3,311",89,0.32%,0.43%,"5,249",127,0.36%,0.43%,7.78%,11.59%,28,5,0.85%,5.62%,"689,60 €","119,95 €",26,3
B077V7LJJM,B077V7LJJM,"Arcos Serie Riviera, Set Jamonero de 3 piezas, 1 Cuchillo Jamonero + 1 Deshuesador + 1 Chaira, Hoja de Acero Inoxidable Forjado Nitrum, Mango de Polioximetileno, POM, Color Negro",_806911_,"1,483",21,0.14%,0.10%,"1,945",29,0.13%,0.10%,96.37%,100.00%,27,1,1.82%,4.76%,"1.833,73 €","69,99 €",26,1
B09MRYLZ4M,B09MRYLZ4M,Arcos Juego de Cuchillos de Cocina de 3 Piezas,167100_us,"2,573",58,0.25%,0.28%,"3,930",101,0.27%,0.34%,24.06%,25.00%,26,1,1.01%,1.72%,"1.784,50 €","68,90 €",26,1
B0DKP7F29P,B0DJBYB7XQ,"Arcos Serie Samoa Iconic | Cazo Antiadherente Cerámico 16 cm y 1,5 L | Aluminio Forjado | Apta cualquier cocina | Mango Acero Inoxidable | Color Beige | LIBRE DE (PFOA/PTFE/PFOS)",717224,564,12,0.05%,0.06%,746,20,0.05%,0.07%,98.11%,100.00%,26,2,4.61%,16.67%,"851,10 €","65,74 €",26,2
B0G3ZJ89NB,B0G8KMC5DX,"CUPERINOX Jamonero Giratorio y Plegable | Jamonera base Inoxidable | Incluye Cuchillo Jamonero Alveolos 25 cm, Afilador y Funda para Jamón | Apto Jamones y Paletilla",20253,"1,014",21,0.10%,0.10%,"1,293",27,0.09%,0.09%,99.74%,100.00%,26,0,2.56%,0.00%,"1.555,74 €","0,00 €",26,0
B0752SPHL9,B005LR6WW2,Arcos Juego de Cuchillos de Cocina de 5 Piezas,152100_us,"1,324",28,0.13%,0.13%,"2,160",45,0.15%,0.15%,45.71%,35.00%,26,0,1.96%,0.00%,"1.608,88 €","0,00 €",25,0
B00CRMZA8Q,B00CRMZA8Q,ARCOS Sacacorchos Eléctrico en ABS con Batería Interna Recargable. Abrebotellas Eléctrico Moderno y Elegante con Cortacápsulas y Luz Indicadora. Color Negro,604600_,"10,930",201,1.06%,0.97%,"14,891",279,1.01%,0.93%,6.18%,6.59%,26,1,0.24%,0.50%,"1.117,74 €","42,99 €",25,1
B093DXB2PK,B00MDJVRG2,Arcos Latina Cuchillo para Verduras Acero Inoxidable 105 mm,100500_1_pieza,200,2,0.02%,0.01%,289,4,0.02%,0.01%,96.27%,100.00%,66,0,33.00%,0.00%,"329,42 €","0,00 €",25,0
B071PB1GX3,B071PB1GX3,WINS 007 - Friegasuelos Perfumado | Garrafa 5 L,WINS007,184,16,0.02%,0.08%,267,30,0.02%,0.10%,55.27%,66.67%,36,10,19.57%,62.50%,"382,26 €","105,62 €",25,9
B0DK3CM34K,B07CBLHKLN,"HENDI Cartuchos de recarga de gas GLP para HENDI Cabezales de antorchas de cocina de llama continua 198247 y 198216, recambios para soplete, paquete de 4 unidades",H199039,336,17,0.03%,0.08%,443,23,0.03%,0.08%,96.75%,100.00%,30,9,8.93%,52.94%,"429,26 €","120,63 €",25,4
B093DSL44T,B07F9RV81Z,Arcos Cuchillo Chuletero de 4 Pulgadas con Hoja de 105mm en Acero Inoxidable y Mango de Madera. Cuchillo para Carne Apto para Lavavajillas. Serie Latina. Color Marrón,100400_fba,"1,057",21,0.10%,0.10%,"1,534",25,0.10%,0.08%,84.20%,94.74%,27,1,2.55%,4.76%,"971,73 €","35,99 €",25,1
B08TLR4Z27,B08M3YG4R1,Arcos jamonero Profesional | Cuchillo jamonero jamonero Inoxidable Nitrum | Mango Negro | Cuchillo Jamon iberico | Serie Maitre| Hoja Flexible y Filo Liso | 275 mm | Acero Inoxidable NITRUM,704200_fbm,806,13,0.08%,0.06%,"1,067",18,0.07%,0.06%,100.00%,100.00%,25,5,3.10%,38.46%,"549,75 €","109,95 €",25,5
B0F9TD2LTH,B09CL776WP,CUPERINOX® Cuchillos de Mesa Acero Inoxidable – Set 12 Cuchillos para Carne con Filo Dentado – Aptos Lavavajillas – Uso Diario y Profesional,15015,327,10,0.03%,0.05%,520,16,0.04%,0.05%,99.37%,100.00%,34,8,10.40%,80.00%,"660,26 €","153,52 €",25,2
B0DNNKT1W2,B0DNNJCHQP,"Cuperinox-Tetera de Cristal con Infusor para Té e Infusiones, Resistente al Calor y Compatible con Microondas ** - Infusion Prestige Collection (950 ml)",26113_,839,14,0.08%,0.07%,"1,207",18,0.08%,0.06%,99.33%,100.00%,25,1,2.98%,7.14%,"464,69 €","19,99 €",25,1
B0FDL4Q2JB,B0FDL4Q2JB,VINFERMATON – Insecticida Avispas y Avisperos Exterior Pack 2×600 ml | Antiavispas | Alcance hasta 4 m | Acción Inmediata Profesional | 100% MADE IN SPAIN,V0020_PACK2,298,24,0.03%,0.12%,396,29,0.03%,0.10%,96.47%,91.67%,26,5,8.72%,20.83%,"417,94 €","78,58 €",25,5
B0189HXS8Q,B015QGR3CK,Arcos Serie Navajas Profesionales - Navaja Profesional - Hoja Filo de Acero Inoxidable NITRUM de 85 mm - Navaja de Acero Inoxidable Color amarillo,485900_fba,951,17,0.09%,0.08%,"1,361",23,0.09%,0.08%,69.94%,84.62%,30,0,3.15%,0.00%,"217,50 €","0,00 €",24,0
B0189HXQKQ,B017DLLFES,"Arcos Navaja Profesional de Acero Inoxidable Nitrum, Hoja 85 mm, Mango de Polipropileno, Serie Navajas Profesionales, Alta Durabilidad y Rendimiento",485700_fbm,551,15,0.05%,0.07%,762,18,0.05%,0.06%,78.65%,86.67%,32,5,5.81%,33.33%,"226,55 €","30,80 €",24,1
B0788NSRGR,B0788NSRGR,WINS-Detergente Máquinas Lavavajillas Profesional Aguas Duras 012 | Garrafa 5 L | Limpieza Potente de Vajilla en Lavavajillas Industriales | Uso Profesional | 100% Made in Spain,WINS012_5l,77,12,0.01%,0.06%,120,21,0.01%,0.07%,91.09%,100.00%,40,24,51.95%,200.00%,"648,11 €","376,27 €",24,10
B0FR444FLT,B07DQRFDMB,Arcos Manhattan Cuchillo Santoku Forjado Acero POM Negro 190 mm,161600_,597,15,0.06%,0.07%,911,23,0.06%,0.08%,90.62%,100.00%,24,2,4.02%,13.33%,"786,04 €","66,34 €",24,2
B07NDTGSY3,B07NDTGSY3,Arcos Serie Brooklyn - Cuchillo Rocking Santoku Cuchillo Asiático - Hoja de Acero Inoxidable Forjado NITRUM 190 mm - Mango de Micarta Color Azul (Filo Seda),191623_fbm,647,6,0.06%,0.03%,904,10,0.06%,0.03%,99.75%,100.00%,24,1,3.71%,16.67%,"947,50 €","37,51 €",24,1
B08G8QHY23,B08G8QHY23,Arcos | cuchillos chuleteros cuchillo madera cuchillo chuletero | 6 Piezas | juego cuchillos carne | cuchillos mango madera | Envase Eco | Fabricado en España,809300,409,3,0.04%,0.01%,616,6,0.04%,0.02%,99.63%,100.00%,31,2,7.58%,66.67%,"743,21 €","47,50 €",24,1
B093313MH6,B093313MH6,Arcos | Cuchillo de deshuesar| Cuchillo deshuesador | cuchillo deshuesador jamón | cuchillo deshuesador (140 mm) Clásica| Envase Eco | cuchillo puntilla jamonero,256210_fba,768,6,0.07%,0.03%,"1,102",9,0.07%,0.03%,100.00%,100.00%,24,0,3.13%,0.00%,"479,76 €","0,00 €",24,0
B017HKKKIC,B007TS68BG,Arcos Universal Cuchillo Carnicero Nitrum POM Negro 160 mm,288200_fbm,320,10,0.03%,0.05%,483,14,0.03%,0.05%,73.67%,77.78%,23,3,7.19%,30.00%,"626,75 €","80,25 €",23,3
B093DSL44T,B07F9RV81Z,Arcos Cuchillo Chuletero de 4 Pulgadas con Hoja de 105mm en Acero Inoxidable y Mango de Madera. Cuchillo para Carne Apto para Lavavajillas. Serie Latina. Color Marrón,100400,"1,057",21,0.10%,0.10%,"1,534",25,0.10%,0.08%,84.20%,94.74%,27,1,2.55%,4.76%,"971,73 €","35,99 €",23,1
B07G76NW26,B07G76NW26,"Arcos Serie Cuchillos de Mesa Caja 12 uds Cuchillo Mesa, Hoja Serrada de Acero Inoxidable de 125 mm, Cuchillo Monoblock Acero Inoxidable Color plata (12 UDS)",460400_fbm,377,4,0.04%,0.02%,545,6,0.04%,0.02%,99.80%,100.00%,23,0,6.10%,0.00%,"896,37 €","0,00 €",23,0
B095SDL23Y,B095SDL23Y,Arcos | cuchillos de mesa (6 ud) | cuchillos acero inoxidable con sierra cuchillo chuletero cuchillos chuleteros | Fabricado en España,813000,"1,251",22,0.12%,0.11%,"1,890",37,0.13%,0.12%,99.82%,100.00%,24,0,1.92%,0.00%,"383,76 €","0,00 €",23,0
B0G3ZJ89NB,B09NRLLDC6,CUPERINOX Cuchillo Jamonero + Chaira + Funda Cubre Jamón | Jamonero 240mm acero inoxidable| Afilador Chaira | Funda cubre jamón,20220,"2,857",46,0.28%,0.22%,"3,549",59,0.24%,0.20%,99.46%,97.37%,24,3,0.84%,6.52%,"239,76 €","29,97 €",23,2
B0C5JNCFL4,B0C5JNCFL4,Arcos Serie Milano - Cubertería de 24 piezas en Caja de Regalo (6 Cuchillos + 12 Cucharas + 6 Tenedores) - Monoblock de una pieza en Acero Inoxidable - Color Plata,542000,533,20,0.05%,0.10%,945,37,0.06%,0.12%,97.32%,87.50%,50,21,9.38%,105.00%,"3.684,50 €","1.574,79 €",23,2
B0DVT6KPDV,B0DT73LYPQ,"CUPERINOX Cuchillos Montessori | Set de Cuchillos Infantiles de 16 Piezas | Cuchillos Niños Aprendizaje +2 Años | Incluye Delantal, Guante de Seguridad, Moldes Tabla de Cortar | Kids Collection",27016_,"5,129",57,0.50%,0.27%,"7,623",84,0.52%,0.28%,99.80%,100.00%,25,2,0.49%,3.51%,"316,08 €","40,31 €",23,2
B07F9GQZCB,B07F9GQZCB,Arcos Cuchillo para Verduras de 4 Pulgadas con Hoja de 105mm en Acero Inoxidable y Mango de Madera. Cuchillo para Vegetales Apto para Lavavajillas. Serie Latina. Color Marrón,100500_fba,359,8,0.03%,0.04%,546,13,0.04%,0.04%,96.41%,100.00%,22,1,6.13%,12.50%,"813,74 €","36,95 €",22,1
B09381N96H,B07G75XCXM,"Arcos Serie Cuchillos de Mesa Caja 12 uds Cuchillo Mesa, Hoja Serrada de Acero Inoxidable NITRUM de 125 mm, Mango Polipropileno Color crema (12 UDS)",370200_us,646,25,0.06%,0.12%,"1,008",34,0.07%,0.11%,93.01%,100.00%,24,3,3.72%,12.00%,"478,24 €","58,45 €",22,2
B0C4DTYRJW,B094QVHPQ8,Arcos Juego Cuchillos Cocina Profesionales| Cuchillos Cocina Profesional Set Cuchillos | Mango Negro (4 Piezas),813500,"2,650",30,0.26%,0.14%,"3,510",32,0.24%,0.11%,99.81%,100.00%,22,0,0.83%,0.00%,"878,90 €","0,00 €",22,0
B08T5Z4HFS,B08QYQYZHS,"CUPERINOX Cubiertos para marisco | Pinzas para marisco | Tenazas para marisco | 12 Unidades | Cubiertos marisco (Cangrejo, Langosta, Ostras) | Tenedor de marisco con dos dientes inferiores y cuchara.",20023_12FBA,582,18,0.06%,0.09%,813,19,0.06%,0.06%,99.86%,100.00%,26,0,4.47%,0.00%,"451,74 €","0,00 €",21,0
B08VS4FCLN,B09HBWSBN1,"Arcos Juego Cuchillos Cocina cuchillo blanco cuchillos | cuchillos cocina Maitre | 5 piezas | Chef 215 mm, Cocina 150 mm, Verduras 100 mm Tijera cocina (Negro + Jamonero)",854100,"1,499",12,0.15%,0.06%,"1,963",18,0.13%,0.06%,99.83%,100.00%,21,0,1.40%,0.00%,"1.049,79 €","0,00 €",21,0
B09MSDJQJ1,B09MM5CH6C,Arcos jamonero profesional alveolos | incluye pinza para jamón | cuchillo jamonero cuchillo jamonero alveolos cuchillos profesional| Acero Inoxidable Nitrum 240 mm,856200FBM,"1,738",32,0.17%,0.15%,"2,289",39,0.16%,0.13%,99.90%,100.00%,21,0,1.21%,0.00%,"602,25 €","0,00 €",21,0
B0D4WK78XV,B0D4WK78XV,CUPERINOX Aceiteras para Aceite Usado | Grasera Acero Inoxidable 550ML con Filtro Metálico | Recipiente para Aceite Usado de Cocina y Grasa | Grasera Cocina Metálica 550ML 2Uds Metálico,F22105-22106,756,11,0.07%,0.05%,"1,061",13,0.07%,0.04%,87.16%,100.00%,21,0,2.78%,0.00%,"257,79 €","0,00 €",21,0
B0DNNL2TZQ,B0DNN4J6Q8,"CUPERINOX Aceitera antigoteo cristal para Aceite de Oliva, Vinagre etc. A prueba de fugas, Aceitera cristal antigoteo tambien aceiteros cocina ideal para Ensaladas, BBQ, cooking oil container (125 ML)",22021,"1,402",41,0.14%,0.20%,"1,959",62,0.13%,0.21%,99.77%,100.00%,24,0,1.71%,0.00%,"275,76 €","0,00 €",21,0
B0F9X4NXL3,B0F9KW1V3K,"Cuchillos Mesa, cuchillo carne, cuchillo mantequilla, Set 12 piezas, acero inoxidable, hoja con filo y sierra, cuchillo untar. Apto lavavajillas. Mango ergonomico",20043_12,641,15,0.06%,0.07%,868,24,0.06%,0.08%,99.75%,100.00%,22,1,3.43%,6.67%,"263,58 €","11,79 €",21,1
B005LR749W,B005LR749W,"ARCOS Juego de Cubiertos de 24 Piezas para Mesa. Cuberterí­a Completa para 6 Personas. Set de 6 Cucharas, 6 Cuchillos, 6 Tenedores y 6 Cucharas de Postre. Serie Berlí­n. Color Plata",562400_fbm,"1,202",32,0.12%,0.15%,"1,678",48,0.11%,0.16%,93.80%,84.00%,27,0,2.25%,0.00%,"2.130,73 €","0,00 €",20,0
B015HG9B3I,B015HG9B3I,"HENDI Sopera con tapa y cucharón, recipiente para servir sopas y salsas, 2,7L, ⌀270x(H) 175mm, acero inoxidable",H434208,640,15,0.06%,0.07%,"1,118",17,0.08%,0.06%,37.98%,23.08%,33,2,5.16%,13.33%,"1.056,20 €","63,98 €",20,1
B09FQ5SZK8,B08MTWC7RD,Arcos Cuchillo Cocinero Acero Inoxidable Nitrum 210 mm,166800_fbm,"1,393",36,0.14%,0.17%,"1,923",57,0.13%,0.19%,54.03%,25.00%,20,0,1.44%,0.00%,"584,95 €","0,00 €",20,0
B0CQ5G2HVQ,B0BRNJF5D2,Arcos Serie Samoa | Lote de Sartenes 20 y 24 cm | Aluminio Forjado | Full Induction | Mango Acero Inoxidable Efecto Frio | Sistema ahorro energético | Apta lavavajillas | Color Negro,717810,782,9,0.08%,0.04%,"1,009",10,0.07%,0.03%,97.29%,100.00%,21,2,2.69%,22.22%,"1.258,96 €","119,91 €",20,2
B0CVH8PC99,B0CQTKPL63,CUPERINOX Cuchillos Carne | Cuchillos Mesa | Cuchillos Chuleteros | 24 Piezas | Hoja Serrada | Mango Polipropileno | Acero Inoxidable | 11 cm,99901_24pzs,272,14,0.03%,0.07%,387,26,0.03%,0.09%,100.00%,100.00%,28,3,10.29%,21.43%,"556,72 €","56,97 €",20,3
B08XYZRKC4,B007TS6GWW,"ARCOS Juego de Cubiertos de 24 Piezas para Mesa. Cuberterí­a Completa para 6 Personas. Set de 6 Cucharas, 6 Cuchillos, 6 Tenedores y 6 Cucharas de Postre. Serie Toscana. Color Plata",572400,"7,474",206,0.73%,0.99%,"11,575",323,0.78%,1.08%,13.90%,8.63%,24,0,0.32%,0.00%,"1.517,76 €","0,00 €",19,0
B0F66KBPV1,B07N7Y7LD9,HENDI Cesta de lavavajillas Profesional para Vasos,H871348,402,30,0.04%,0.14%,550,44,0.04%,0.15%,92.37%,70.97%,21,3,5.22%,10.00%,"385,44 €","51,30 €",19,3
B0812P3LZT,B0812P3LZT,"Arcos Nova - Set 3 Cuchillos Mantequilla - Acero Inoxidable 70 mm - Mango en color menta, naranja y limon",859900_,247,2,0.02%,0.01%,407,2,0.03%,0.01%,98.03%,100.00%,20,0,8.10%,0.00%,"212,80 €","0,00 €",19,0
B08Y8NS7PN,B08MT61GJV,Arcos Juego Cuchillos Cocina | 2 pzas |Profesional (150 mm) | Cuchillo Cortador Verduras (100 mm)| Acero Inoxidable Nitrum | Mango Negro | Envase Eco,819900fbm,277,3,0.03%,0.01%,375,5,0.03%,0.02%,99.12%,100.00%,19,0,6.86%,0.00%,"342,11 €","0,00 €",19,0
B0DKP7F29P,B0FS7W73G1,"Arcos Sartén Samoa Inox 28 cm, Acero inoxidable tricapa sin antiadherente",726500,406,8,0.04%,0.04%,560,10,0.04%,0.03%,90.06%,100.00%,19,1,4.68%,12.50%,"949,05 €","49,95 €",19,1
B0F54LTCFF,B000NOAYN6,Arcos Universal Set 2 Piezas Jamonero + Afilador Acero Inoxidable Nitrum,285500,"1,418",39,0.14%,0.19%,"1,630",45,0.11%,0.15%,67.52%,51.52%,18,1,1.27%,2.56%,"428,22 €","23,79 €",18,1
B0DQV6381X,B079VN4MTH,CUPERINOX Jamonero de Madera Góndola Soporte para Pata y Paleta de jamón Serrano e ibérico con agarres de Metal Jamonera Economica,20200_us,"1,953",46,0.19%,0.22%,"2,251",60,0.15%,0.20%,99.82%,100.00%,27,11,1.38%,23.91%,"345,69 €","133,80 €",18,2
B07DFK4T6L,B07DFK4T6L,"Arcos Cuchillo Deshuesador Profesional - Hoja Silk Edge Acero Inoxidable Nitrum 160 mm, Precisión y Durabilidad, Mango Ergonómico POM Negro, Serie Manhattan",162600_,218,7,0.02%,0.03%,296,8,0.02%,0.03%,92.80%,85.71%,18,0,8.26%,0.00%,"486,90 €","0,00 €",18,0
B07M8DDJ9B,B07M8DDJ9B,"WINS– Ambientador Lavanda Concentrado | Perfume Intenso y Duradero para Hogar, Oficinas y Espacios Comunes | Aroma Natural Relajante | Garrafa 5L | 100% Made in Spain",WINS008,247,21,0.02%,0.10%,364,27,0.02%,0.09%,55.21%,66.67%,19,4,7.69%,19.05%,"339,71 €","71,08 €",18,3
B0FR444FLT,B07N8V5DY8,Arcos Cuchillo trinchar forjado | Cuchillo jamonero Acero Inoxidable. Cuchillo cocina profesional cocinar. Mango micarta y borseda especial y Hoja plateada 300 mm. Serie Brooklyn. Color azul.,192323_,537,18,0.05%,0.09%,758,23,0.05%,0.08%,98.20%,100.00%,18,0,3.35%,0.00%,"814,17 €","0,00 €",18,0
B08VS4FCLN,B08BX3WTPP,"Arcos Juego Cuchillos Cocina cuchillo blanco cuchillos | cuchillos cocina Maitre | 4 piezas | Chef 215 mm, Cocina 150 mm, Verduras 100 mm Tijera cocina (Blanco)",152624_,669,14,0.06%,0.07%,912,18,0.06%,0.06%,99.39%,100.00%,18,0,2.69%,0.00%,"607,32 €","0,00 €",18,0
B08TLR4Z27,B08M3YG4R1,Arcos jamonero Profesional | Cuchillo jamonero jamonero Inoxidable Nitrum | Mango Negro | Cuchillo Jamon iberico | Serie Maitre| Hoja Flexible y Filo Liso | 275 mm | Acero Inoxidable NITRUM,704200,806,13,0.08%,0.06%,"1,067",18,0.07%,0.06%,100.00%,100.00%,18,0,2.23%,0.00%,"369,00 €","0,00 €",18,0
B09FQ5SZK8,B0968LSP2T,"Arcos Utensilios Barbacoa - Cuchillo 200 mm y Tenedor 215 mm, Acero Inoxidable NITRUM, Mango Madera Ovengkol FSC, Set 2 Piezas, Embalaje Reciclado, Serie Nordika",167000_fbm,609,13,0.06%,0.06%,768,13,0.05%,0.04%,80.23%,57.14%,19,0,3.12%,0.00%,"918,13 €","0,00 €",18,0
B09N7S17J6,B09D3YRGL9,"CUPERINOX Navaja Plegable Multiusos – Hoja de Acero Inoxidable 80 mm (Filo Liso + Serrado), Punta Rompevidrios, Apertura Rápida, Clip de Cinturón, Herramienta para Camping, Caza, Pesca y Supervivencia",30061_,"1,252",30,0.12%,0.14%,"1,850",46,0.13%,0.15%,97.53%,96.97%,19,0,1.52%,0.00%,"177,41 €","0,00 €",18,0
B0CQ5G2HVQ,B09T6L1F99,"Arcos Sarten Antiadherente 28 cm - Aluminio Forjado, Full Induction, Mango Acero Inoxidable, Apta Lavavajillas, Ahorro Energético, Serie Samoa",716510,402,14,0.04%,0.07%,543,19,0.04%,0.06%,41.89%,46.15%,19,3,4.73%,21.43%,"792,60 €","125,70 €",18,2
B0CRDY65RY,B09T9QCL8D,"Arcos Cazuela Antiadherente de 24 cm y 4,3 L | Aluminio Forjado | Adecuada para cualquier cocina | Mangos de Acero Inoxidable con Efecto Frío | Color Negro | Inducción completa. Serie Ollas Samoa",717010,575,6,0.06%,0.03%,813,7,0.06%,0.02%,77.13%,100.00%,18,0,3.13%,0.00%,"881,10 €","0,00 €",18,0
B0CRDY65RY,B09T9QCXL9,Arcos Cacerola Antiadherente Aluminio Forjado 28 cm,717110,"1,036",16,0.10%,0.08%,"1,407",20,0.10%,0.07%,78.84%,81.82%,18,1,1.74%,6.25%,"985,50 €","54,75 €",18,1
B0F1ZF7H1L,B005LR69ZC,Arcos Cuchillo de Queso Negro 145 mm,232800_,"1,470",40,0.14%,0.19%,"1,973",48,0.13%,0.16%,28.21%,38.46%,17,0,1.16%,0.00%,"645,15 €","0,00 €",17,0
B0F54LTCFF,B006LMX2GK,Arcos Cuchillo Jamonero Acero Inoxidable Forjado Nitrum 280 mm,281904,"2,861",43,0.28%,0.21%,"3,816",54,0.26%,0.18%,12.73%,8.33%,18,1,0.63%,2.33%,"314,82 €","17,49 €",17,1
B0B3F4QXML,B008U6TDTK,Arcos Serie Clasica - Juego de Cuchillos de 5 piezas en Caja de Regalo (5 Cuchillos) - Hoja de Acero Inoxidable Forjado NITRUM - Mando de Polioximetileno (POM) - Bloque de madera color marrón acabado lacado,257000,"1,464",15,0.14%,0.07%,"2,168",18,0.15%,0.06%,67.70%,36.36%,17,0,1.16%,0.00%,"2.168,94 €","0,00 €",17,0
B00ID2NEMS,B00ID2NEMS,LIMPIASALPICADEROS PROFESIONAL 750 ML.,VP_SALPICADEROS_750ML,108,5,0.01%,0.02%,165,6,0.01%,0.02%,82.27%,100.00%,59,32,54.63%,640.00%,"495,91 €","261,28 €",17,5
B00VRZ327A,B00VRZ327A,Arcos Tijeras Costura Acero Forjado 152 mm - Uso Doméstico y Profesional - Niqueladas Plata - Serie Style,502400,165,1,0.02%,0.00%,252,1,0.02%,0.00%,98.51%,0.00%,17,0,10.30%,0.00%,"197,23 €","0,00 €",17,0
B0B3F4QXML,B017DLGUJI,Arcos Cuchillo Jamonero Profesional - Hoja Forjada NITRUM 250 mm - Mango POM Resistente - Ideal para Cortes Precisos - Serie Clásica,256700_fbm,"1,277",27,0.12%,0.13%,"1,791",33,0.12%,0.11%,57.47%,68.42%,17,0,1.33%,0.00%,"492,83 €","0,00 €",17,0
B0F54LTCFF,B07JJGTQK4,Arcos Conjunto Cuchillos 3 piezas - Acero Inoxidable Nitrum y Hoja mm. Cuchillo cocina profesional cocinar. 590 gr. Mango ergonómico polioximetileno POM. Serie Universal. Mayor control. Color negro.,807410_,626,16,0.06%,0.08%,822,17,0.06%,0.06%,88.16%,90.00%,17,0,2.72%,0.00%,"723,83 €","0,00 €",17,0
B0CQ5G2HVQ,B09T6G47Z6,"Arcos Sarten Antiadherente 26 cm - Aluminio Forjado, Full Induction, Mango Acero Inoxidable Efecto Frío, Apta Lavavajillas, Ahorro Energético, Serie Samoa",716410,260,2,0.03%,0.01%,360,3,0.02%,0.01%,78.55%,100.00%,18,0,6.92%,0.00%,"693,00 €","0,00 €",17,0
B0CQ5G2HVQ,B09T6KY364,"Arcos Sarten Antiadherente 30 cm - Aluminio Forjado, Full Induction, Mango Acero Inoxidable Efecto Frío, Apta Lavavajillas, Ahorro Energético, Serie Samoa",716610,227,4,0.02%,0.02%,333,5,0.02%,0.02%,91.09%,100.00%,17,2,7.49%,50.00%,"773,50 €","91,00 €",17,2
B0DKP7F29P,B0C65FDB33,Arcos Serie Samoa | Batería de Cocina 5 piezas | Aluminio Forjado | Full Inductino | Asas Acero Inoxidable Efecto Frio | Sistema ahorro energético | Apta lavavajillas | Color Negro,697500,897,13,0.09%,0.06%,"1,387",18,0.09%,0.06%,96.19%,100.00%,17,0,1.90%,0.00%,"3.380,75 €","0,00 €",17,0
B0DKP7F29P,B0DJBZRDXV,Arcos Serie Samoa Iconic | Sarten Antiadherente Cerámico 24 cm | Aluminio Forjado | Apta cualquier cocina | Mango Acero Inoxidable | Apta lavavajillas | Color Negro | LIBRE DE (PFOA/PTFE/PFOS),716322,447,9,0.04%,0.04%,600,12,0.04%,0.04%,87.64%,100.00%,17,1,3.80%,11.11%,"679,15 €","39,95 €",17,1
B09381N96H,B07G75XCXM,"Arcos Serie Cuchillos de Mesa Caja 12 uds Cuchillo Mesa, Hoja Serrada de Acero Inoxidable NITRUM de 125 mm, Mango Polipropileno Color crema (12 UDS)",370200_fbm,646,25,0.06%,0.12%,"1,008",34,0.07%,0.11%,93.01%,100.00%,16,0,2.48%,0.00%,"315,44 €","0,00 €",16,0
B0G6M1C8V6,B0D4WK78XV,CUPERINOX Aceiteras para Aceite Usado | Grasera Acero Inoxidable 550ML con Filtro Metálico | Recipiente para Aceite Usado de Cocina y Grasa | Grasera Cocina Metálica 550ML 2Uds Metálico,F22105-22106,942,10,0.09%,0.05%,"1,387",13,0.09%,0.04%,87.33%,100.00%,16,0,1.70%,0.00%,"205,59 €","0,00 €",16,0
B0F1ZF7H1L,B005LR6C7C,Arcos Cuchillo Cocina Acero Inoxidable Negro 180 mm,233500,"6,429",89,0.62%,0.43%,"8,501",120,0.58%,0.40%,9.08%,10.91%,15,1,0.23%,1.12%,"524,85 €","34,99 €",15,1
B0752X4WZ6,B017DLMFXS,ARCOS Pinzas para Emplatar Acero Inoxidable 200 mm,606300FBM,771,20,0.07%,0.10%,"1,143",27,0.08%,0.09%,23.83%,10.00%,15,1,1.95%,5.00%,"172,35 €","11,49 €",15,1
B07G79KCFK,B07G79KCFK,"Arcos Cuchillos de Mesa Caja de 12 uds Cuchillo Chuletero Cuchillo de Mesa, Hoja de Acero Inoxidable NITRUM 105 mm, Mango de Nylon, Color Marrón (12 uds)",803800_,345,11,0.03%,0.05%,504,17,0.03%,0.06%,88.52%,92.86%,15,1,4.35%,9.09%,"572,85 €","36,99 €",15,1
B0B3F4QXML,B07HY6FKNQ,Arcos Serie Clasica - Juego de Cuchillos de 7 piezas en Caja de Regalo (5 Cuchillos + 1 Tijeras + 1 Chaira) - Hoja de Acero Inoxidable Forjado NITRUM - Mango de Polioximetileno (POM) - Color marrón,854400_2,788,10,0.08%,0.05%,"1,209",11,0.08%,0.04%,85.63%,100.00%,15,2,1.90%,20.00%,"2.143,42 €","282,49 €",15,2
B0FR444FLT,B07N8VHP6Y,Arcos Cuchillo deshuesador con Hoja Acero Inoxidable Nitrum 160 mm. Cuchillo profesional para cortar huesos carne. Mango ergonómico polipropileno. Serie Brooklyn. Color azul.,192623_,214,7,0.02%,0.03%,271,9,0.02%,0.03%,89.79%,100.00%,15,0,7.01%,0.00%,"569,85 €","0,00 €",15,0
B0FR444FLT,B07N8VRS7L,Arcos Brooklyn Cuchillo Pelador Acero Inoxidable 100 mm,190123_,550,15,0.05%,0.07%,707,20,0.05%,0.07%,96.15%,100.00%,16,0,2.91%,0.00%,"423,50 €","0,00 €",15,0
B08ZNM265D,B08ZNM265D,Arcos | cuchillos de mesa cuchillo mesa tradicional | 6 Piezas cuchillo chuletero | mango nailon | Envase Eco | Fabricado en España,704400,361,7,0.04%,0.03%,531,8,0.04%,0.03%,99.79%,100.00%,17,0,4.71%,0.00%,"458,83 €","0,00 €",15,0
B0F9TD2LTH,B0CS6V91GR,CUPERINOX® Cuchillos de Mesa con Mango de Madera – Set 6 Cuchillos para Carne con Filo Dentado – Estilo Palmadera tradicional – Aptos para Uso Diario,14015_us,545,12,0.05%,0.06%,815,17,0.06%,0.06%,99.74%,100.00%,19,0,3.49%,0.00%,"300,81 €","0,00 €",15,0
B0FHQJSLGJ,B0FHQJSLGJ,"VINFERMATON - Insecticida Antipolillas Perfumado | Pack 3 x 300 ml | Protección para Armarios, Ropa y Tejidos | Elimina Polillas y Larvas | Aroma Agradable | Uso en Ambientes y Textiles",V1308_PACK3,110,0,0.01%,0.00%,136,0,0.01%,0.00%,99.20%,0.00%,15,0,13.64%,0.00%,"195,07 €","0,00 €",15,0
B0DQV6381X,B0GCX89NVM,"CUPERINOX - Soporte Jamonero Profesional de Acero Inoxidable | Sistema Basculante y Cabezal Giratorio | Estabilidad, Corte Ergonómico y Fácil Limpieza | Apto para Jamones y Paletillas|Elite Collection",20280,214,3,0.02%,0.01%,357,4,0.02%,0.01%,100.00%,100.00%,16,0,7.48%,0.00%,"1.431,15 €","0,00 €",15,0
B017HKSTCQ,B00CFN1M6Q,ARCOS Tijeras de Cocina Multiusos 200 mm,809700_,"14,137",270,1.37%,1.30%,"20,014",372,1.36%,1.25%,7.72%,15.35%,17,4,0.12%,1.48%,"192,10 €","36,32 €",14,1
B0F1ZF7H1L,B07JWG12BV,Arcos Riviera Set 3 Cuchillos Forjados Acero Inoxidable Nitrum,807710_,"2,687",33,0.26%,0.16%,"3,180",38,0.22%,0.13%,99.82%,90.00%,14,1,0.52%,3.03%,"934,86 €","64,99 €",14,1
B0FR444FLT,B07N8V34F1,"Arcos Cuchillo Santoku Acero Inoxidable Forjado con Balanceo, Mango Micarta y BorSeda Especial y Hoja Plateada 190 mm. Impresiona yorprencon Cada Corte. Serie Brooklyn. Color Azul.",191623_,483,13,0.05%,0.06%,646,18,0.04%,0.06%,96.54%,100.00%,14,0,2.90%,0.00%,"620,86 €","0,00 €",14,0
B08G8QCM5H,B08G8QCM5H,ARCOS cuchillo pelador | 6 PIEZAS | cuchillo de pelar | cuchillos pelar patatas | Hoja 100 mm | Negro | cuchillo arcos pelador Acero Inoxidable,816500_,743,23,0.07%,0.11%,968,31,0.07%,0.10%,99.65%,100.00%,15,2,2.02%,8.70%,"266,85 €","37,98 €",14,2
B08M5K93QF,B08M5K93QF,Arcos Juego Cuchillos Mesa | 6 Uds | Cuchillo Postre | Cuchillos Mesa | Cuchillo Carne | Hoja 105 mm | Acero Inoxidable Martensítico | Mango Polipropileno | Apto lavavajillas | Envase Ecológico,703500FBM,234,2,0.02%,0.01%,343,2,0.02%,0.01%,100.00%,0.00%,14,0,5.98%,0.00%,"181,86 €","0,00 €",14,0
B08VS4FCLN,B09HHGVG2N,"Arcos Juego Cuchillos Cocina cuchillos | Cuchillo profesional | 6 piezas | Chef 215 mm + Cocina 150 mm, Verduras 100 mm + Tijera cocina + Pelador de fruta y verdura + Pinza para pescado",854200fbm,737,6,0.07%,0.03%,"1,005",8,0.07%,0.03%,100.00%,100.00%,14,0,1.90%,0.00%,"549,86 €","0,00 €",14,0
B0FJLTDB9J,B09RP6V156,"CUPERINOX® Alicates para pedicura, Profesional, Cortaúñas de Pies, Acero Inoxidable, Mango Ergonómico Antideslizante, Fácil Limpieza, Con Funda, 2 Años de Garantía",21920AM,"1,069",27,0.10%,0.13%,"1,598",39,0.11%,0.13%,69.39%,100.00%,14,4,1.31%,14.81%,"147,86 €","37,96 €",14,4
B0BJPYW95J,B0BJPYW95J,Arcos Accesorios - Sacacorchos Manual Abrebotellas Manual - Mango de Aleación de Zinc - Color Negro mate (Incluye cortacápsulas),607500,284,14,0.03%,0.07%,455,17,0.03%,0.06%,97.66%,100.00%,16,1,5.63%,7.14%,"616,23 €","39,70 €",14,1
B0CQLNJVKL,B0BRNMK276,"Arcos Sartenes Antiadherentes 20/24 cm - Aluminio Fundido, Asas Silicona, Ahorro Energético, Compatible con Inducción y Lavavajillas, Serie Thera, Negro/Azul",7198000,570,12,0.06%,0.06%,768,15,0.05%,0.05%,83.11%,85.71%,14,0,2.46%,0.00%,"769,30 €","0,00 €",14,0
B0CVH8PC99,B0CQTJ6T66,"CUPERINOX® Cuchillos de Mesa Acero Inoxidable – Set Profesional 12 Piezas con Hoja Serrada de 11 cm y Mango Ergonómico Antideslizante – Para Carne, Verduras y Pescado",99901_12pzs,618,16,0.06%,0.08%,864,20,0.06%,0.07%,99.61%,100.00%,15,2,2.43%,12.50%,"179,85 €","23,98 €",14,2
B0DPKXM18X,B0DNQT7LV3,"CUPERINOX Soporte Jamonero Balancín | Jamonero Giratorio Profesional | Jamonero Madera | Incluye Cuchillo Profesional, Afilador Funda Cubre Jamón| Jamoneros Elite Collection",20265_,"5,321",157,0.52%,0.75%,"9,976",272,0.68%,0.91%,99.77%,100.00%,14,2,0.26%,1.27%,"1.250,86 €","170,98 €",14,2
B0752XP113,B0044R887W,Arcos Juego Cuchillos carne 4 piezas. Paquete Cuchillos bolsillo con borperla para cortar y filetear carne. Hoja y mango Acero Inoxidable monobloque. Serie Mesa.,378400_2,"2,511",61,0.24%,0.29%,"3,834",85,0.26%,0.28%,10.54%,8.33%,19,0,0.76%,0.00%,"398,81 €","0,00 €",13,0
B017HKR8WS,B005LR7EP6,ARCOS Afilador de Cuchillos Profesional ABS,610000_,"8,795",233,0.85%,1.12%,"13,176",377,0.89%,1.26%,22.77%,26.64%,13,0,0.15%,0.00%,"870,87 €","0,00 €",13,0
B00VRZ3BMG,B00VRZ3BMG,Arcos Tijeras Costura Acero Forjado 140 mm - Uso Doméstico y Profesional - Niqueladas Plata - Serie Style,502300_,107,3,0.01%,0.01%,164,3,0.01%,0.01%,99.33%,100.00%,13,0,12.15%,0.00%,"142,87 €","0,00 €",13,0
B06XB92VRH,B00YU2ZWGG,CUPERINOX Cafetera Italiana Induccion Espresso Acero Inoxidable 10 Tazas,25034,343,3,0.03%,0.01%,528,7,0.04%,0.02%,98.93%,100.00%,13,0,3.79%,0.00%,"245,87 €","0,00 €",13,0
B0786LYQTP,B0786LYQTP,VINFER- Limpiador y Abrillantador Inox 600 ml | Limpieza y Protección Acero Inoxidable | Efecto Brillo Duradero | Desengrasa y Cuida Superficies Inoxidables | Spray Profesional,VP_Inox600Ml,195,7,0.02%,0.03%,258,11,0.02%,0.04%,78.81%,100.00%,15,2,7.69%,28.57%,"120,59 €","16,28 €",13,2
B078GYCH1G,B078GYCH1G,Tenedor de marisco - 6 unid,20023,146,3,0.01%,0.01%,201,3,0.01%,0.01%,97.80%,0.00%,13,0,8.90%,0.00%,"147,71 €","0,00 €",13,0
B0B8Z4CJBC,B07F2YVB15,"Arcos Juego Cuchillos Pelar Acero Inoxidable Nitrum 4""",136500,"3,259",47,0.32%,0.23%,"4,801",73,0.33%,0.24%,7.65%,0.00%,13,0,0.40%,0.00%,"250,12 €","0,00 €",13,0
B09GSCQQF9,B07G77FNSF,"Arcos Serie Cuchillos de Mesa Caja 12 uds Cuchillo Postre, Hoja Serrada de Acero Inoxidable NITRUM de 105 mm, Mango Polipropileno Color crema (12 UDS)",370100_us,419,8,0.04%,0.04%,591,13,0.04%,0.04%,99.62%,100.00%,14,0,3.34%,0.00%,"255,50 €","0,00 €",13,0
B08LVZCG23,B08LVZCG23,Arcos Juego de Cuchillos de Cocina Rosa | 3 pz | Cuchillo Chef para pelar Verduras | Edición Limitada | Solidaria,814500,"3,429",50,0.33%,0.24%,"4,319",62,0.29%,0.21%,99.82%,100.00%,13,1,0.38%,2.00%,"388,87 €","28,99 €",13,1
B0D73CM824,B0D73CM824,"Arcos Cuchillo Mesa | Cuchillo Chuletero | Cuchillo Carne| Cuchillo de Mesa | Pack 12 Unidades| Hoja de Acero Inoxidable115 mm, Mango de Polipropileno Color Negro",740000_fbm,864,24,0.08%,0.12%,"1,213",28,0.08%,0.09%,99.72%,100.00%,13,0,1.50%,0.00%,"402,87 €","0,00 €",13,0
B0FH2NLMGN,B0FH2NLMGN,VINFERMATON Insecticida Hormigas y Cucarachas Residual | Antihormigas | Pack 2×400 ml | Efecto hasta 1 año | Interior y Exterior | Profesional Doméstico | 100% MADE IN SPAIN,V0012_PACK2,120,5,0.01%,0.02%,164,5,0.01%,0.02%,82.61%,0.00%,15,0,12.50%,0.00%,"224,85 €","0,00 €",13,0
B0B3F4QXML,B000Q8UYRK,Arcos Cuchillo Jamonero Acero Inoxidable Forjado Nitrum 300 mm,256800_fbm,981,29,0.10%,0.14%,"1,370",30,0.09%,0.10%,38.16%,54.55%,13,0,1.33%,0.00%,"377,35 €","0,00 €",12,0
B06XB92VRH,B00YU2ZWGG,CUPERINOX Cafetera Italiana Induccion Espresso Acero Inoxidable 10 Tazas,25034_fbm,343,3,0.03%,0.01%,528,7,0.04%,0.02%,98.93%,100.00%,12,0,3.50%,0.00%,"240,54 €","0,00 €",12,0
B0937XXT33,B01CQT1B5U,"Arcos Cuchillos de Mesa Juego de Cuchillos Chuleteros Cuchillos de Mesa, Monoblock de una pieza de Acero Inoxidable 110 mm, Color Plata (12 uds)",702000,631,22,0.06%,0.11%,978,47,0.07%,0.16%,85.76%,100.00%,15,2,2.38%,9.09%,"719,85 €","95,98 €",12,1
B07JHPTKC9,B07JHPTKC9,"Arcos Set Jamonero 3 Piezas - Cuchillo Jamonero, Deshuesador y Chaira - Hoja Silk Edge Inoxidable Forjada NITRUM - Mango Resistente POM Negro - Corte Preciso y Duradero - Serie Manhattan",858500_,240,4,0.02%,0.02%,364,4,0.02%,0.01%,98.74%,100.00%,12,2,5.00%,50.00%,"899,88 €","149,98 €",12,2
B0FR444FLT,B07N8TV9CC,Arcos Brooklyn Cuchillo Rebanar Jamonero Forjado Micarta Azul 250 mm,191923_,405,5,0.04%,0.02%,511,6,0.03%,0.02%,83.16%,100.00%,12,1,2.96%,20.00%,"526,88 €","42,99 €",12,1
B07N8VQSVB,B07N8VQSVB,Arcos Serie Capri - Cubertería de 24 piezas en una Caja de Regalo (6 cuchillos + 12 cucharas + 6 tenedores) - Monoblock de una pieza en Acero Inoxidable Color Plata,587400_,828,25,0.08%,0.12%,"1,271",54,0.09%,0.18%,47.69%,46.88%,16,1,1.93%,4.00%,"1.215,84 €","75,99 €",12,1
B0812P3LZT,B0812P3LZT,"Arcos Nova - Set 3 Cuchillos Mantequilla - Acero Inoxidable 70 mm - Mango en color menta, naranja y limon",859900,247,2,0.02%,0.01%,407,2,0.03%,0.01%,98.03%,100.00%,12,0,4.86%,0.00%,"131,88 €","0,00 €",12,0
B08Y8NS7PN,B08XZ8X815,"Arcos serie Maitre - juego de Cuchillos, 2 Pza, Cuchillo Cocina Profesional 150mm + Cuchillo universal 100mm, Acero Inoxidable, Rosa, Eco",814600_fmb,217,0,0.02%,0.00%,269,0,0.02%,0.00%,100.00%,0.00%,12,0,5.53%,0.00%,"208,88 €","0,00 €",12,0
B08VS4FCLN,B09HHGVG2N,"Arcos Juego Cuchillos Cocina cuchillos | Cuchillo profesional | 6 piezas | Chef 215 mm + Cocina 150 mm, Verduras 100 mm + Tijera cocina + Pelador de fruta y verdura + Pinza para pescado",854200,737,6,0.07%,0.03%,"1,005",8,0.07%,0.03%,100.00%,100.00%,12,0,1.63%,0.00%,"527,88 €","0,00 €",12,0
B08VRP7CR7,B09XMVTWLT,Arcos Juego Cuchillos Carne | 6 Piezas | Cuchillos Carne Cuchillo chuleteros | Cubiertos Acero Inoxidable | Hoja 110 mm | Mango Redondo y Forma Ovalada | monobock | Caja Envase Ecológico (Filo Liso),830000,211,4,0.02%,0.02%,346,4,0.02%,0.01%,98.68%,100.00%,14,1,6.64%,25.00%,"461,86 €","32,99 €",12,1
B0CVH8PC99,B0CQTJ6T66,"CUPERINOX® Cuchillos de Mesa Acero Inoxidable – Set Profesional 12 Piezas con Hoja Serrada de 11 cm y Mango Ergonómico Antideslizante – Para Carne, Verduras y Pescado",99922,618,16,0.06%,0.08%,864,20,0.06%,0.07%,99.61%,100.00%,14,0,2.27%,0.00%,"139,86 €","0,00 €",12,0
B0DNNL2TZQ,B0DNNF3839,"CUPERINOX Aceitera de Cristal Antigoteo para Aceite de Oliva, Resistente y Fácil de Limpiar Gourmet Oil Collection (1000 Ml)",22024,445,21,0.04%,0.10%,609,36,0.04%,0.12%,99.24%,100.00%,12,0,2.70%,0.00%,"205,88 €","0,00 €",12,0
B0G6M1C8V6,B0G6L13H45,"CUPERINOX Graseras 1 Litro Acero Inoxidable para Carne y Pescado con Filtro de Malla Fina – Recipiente para Aceite Usado, Antigoteo, Tapa Antisalpicaduras – Gourmet Oil Collection",22121,111,2,0.01%,0.01%,137,2,0.01%,0.01%,100.00%,100.00%,13,0,11.71%,0.00%,"194,87 €","0,00 €",12,0
B0F1ZF7H1L,B077V9MG3F,"Arcos Serie Riviera Blanc - Set de Deshuesador, Jamonero y Chaira, Acero Inoxidable, Blanco, 50x20x5 cm, 3 Unidades",_807511_,"9,136",278,0.89%,1.33%,"13,353",389,0.90%,1.30%,4.71%,4.28%,11,2,0.12%,0.72%,"714,89 €","129,98 €",11,2
B078KJ1T6G,B078JPWR5J,"Arcos 807600 Juego de Cuchillos, Acero Inoxidable, Blanco, 45x20x5 cm, 3 Unidades",807600_,"1,643",35,0.16%,0.17%,"1,908",37,0.13%,0.12%,98.26%,78.26%,11,0,0.67%,0.00%,"769,89 €","0,00 €",11,0
B07H1T4V1B,B07H1T4V1B,WINS – Fregasuelos Neutro Manzana 006 | Friegasuelos Limpiador para Suelos y Superficies con Aroma a Manzana Duradero | Garrafa 5 L | pH Neutro | 100% Made in Spain,WINS006,86,7,0.01%,0.03%,111,9,0.01%,0.03%,84.95%,66.67%,18,9,20.93%,128.57%,"186,13 €","87,77 €",11,3
B0F1ZF7H1L,B07JHPQGPW,Arcos Riviera Blanc Juego 3 Cuchillos Forjados POM Blanco,807610_,883,13,0.09%,0.06%,"1,141",15,0.08%,0.05%,55.32%,71.43%,11,0,1.25%,0.00%,"771,04 €","0,00 €",11,0
B0FR444FLT,B07N8W7718,Arcos Cuchillo Chef Forjado Acero Inoxidable Tamaño. Mango Profesional Micarta y BorSeda Especial con Hoja Plateada 250 mm. Impresiona yorprencon Cada Corte. Serie Brooklyn. Color Azul.,190823_,444,11,0.04%,0.05%,590,17,0.04%,0.06%,99.44%,100.00%,11,1,2.48%,9.09%,"561,26 €","52,99 €",11,1
B0DK3CM34K,B08VW7LTT6,"HENDI Cabezal de antorcha de cocina de llama continua con cartucho de recarga de gas GLP 199039, soplete flambeador, quemador de gas GLP, profesional, versátil-seguro 360°, negro con acentos en verde",H198254,208,13,0.02%,0.06%,258,15,0.02%,0.05%,98.68%,100.00%,11,3,5.29%,23.08%,"379,61 €","104,97 €",11,3
B08TLR4Z27,B095C22QFS,Arcos jamonero Profesional | Cuchillo jamonero jamonero Inoxidable Nitrum | Mango Negro | Cuchillo Jamon iberico | Serie Maitre| Hoja Flexible y Filo Liso | 275 mm | Acero Inoxidable NITRUM,151811,"1,322",30,0.13%,0.14%,"2,010",42,0.14%,0.14%,99.56%,100.00%,11,2,0.83%,6.67%,"219,89 €","39,98 €",11,2
B017HKGEFK,B00J64L30C,Arcos Natura Cuchillo Santoku Forjado Acero Inoxidable 180 mm,155810_,214,5,0.02%,0.02%,330,5,0.02%,0.02%,97.03%,0.00%,10,0,4.67%,0.00%,"340,90 €","0,00 €",10,0
B00U2QWLVS,B00U2QWLVS,Arcos Cuchillo Chuletero de Mesa Acero Inoxidable Nitrum 115 mm,740009_us,175,6,0.02%,0.03%,231,6,0.02%,0.02%,97.55%,100.00%,54,18,30.86%,300.00%,"110,52 €","36,18 €",10,1
B00W9SPO5M,B00W9SPO5M,Arcos Tijeras de Modista de Acero Forjado 178 mm - Uso Profesional y Doméstico - Niqueladas en Plata - Serie Style,504200,236,2,0.02%,0.01%,343,2,0.02%,0.01%,86.80%,100.00%,10,0,4.24%,0.00%,"139,79 €","0,00 €",10,0
B0CJDS7HN7,B00WUZT88I,ARCOS Mesa Tenedor Carne y Mesa Acero 18/10 Plata 200 mm,702100_1pieza,414,10,0.04%,0.05%,569,10,0.04%,0.03%,44.86%,28.57%,57,0,13.77%,0.00%,"168,15 €","0,00 €",10,0
B071VT3MC3,B071VT3MC3,"Arcos Tijeras Manicura Curva de Acero Forjado, Uso Profesional y Doméstico, 102 mm, Niqueladas en Plata, Serie Style",500600_,45,1,0.00%,0.00%,79,2,0.01%,0.01%,98.46%,100.00%,10,0,22.22%,0.00%,"106,60 €","0,00 €",10,0
B0F1N351DY,B073V5RN1J,Arcos Cuchillo Mondador Acero Inoxidable NITRUM 100 mm - Ideal para Pelar Frutas y Verduras - Mango Ergonómico Polipropileno Negro - Serie Nova,816500_1pieza,"1,121",21,0.11%,0.10%,"1,261",23,0.09%,0.08%,97.94%,100.00%,20,0,1.78%,0.00%,"95,00 €","0,00 €",10,0
B0FR444FLT,B07D8GYFC7,"Arcos Cuchillo Chef Forjado Acero Inoxidable NITRUM - Profesional Cocina, Mango Ergonómico POM Negro, Hoja Silk Edge 150 mm, Serie Manhattan",160400_,135,3,0.01%,0.01%,215,3,0.01%,0.01%,91.62%,100.00%,11,0,8.15%,0.00%,"349,24 €","0,00 €",10,0
B07JWM27F4,B07JWM27F4,Arcos Set Cuchillos Cocina Profesionales Forjados en Acero Inoxidable. Juego de 3 Cuchillos (Pelador 100 mm + Cocinero 150 mm + Cocinero 200 mm). Mango Ergonómico Rosa en Polioximetileno. Riviera Rose,855100_,711,19,0.07%,0.09%,983,40,0.07%,0.13%,99.08%,100.00%,10,0,1.41%,0.00%,"692,90 €","0,00 €",10,0
B0FR444FLT,B07N8VLCQS,"Arcos Juego de Cuchillos Profesionales (4 Piezas) - Acero Inoxidable Nitrum, Precisión y Durabilidad, Mango Ergonómico POM Negro, Incluye Tijeras y Bloque de Madera, Serie Manhattan",163300_,432,4,0.04%,0.02%,581,4,0.04%,0.01%,96.20%,100.00%,10,0,2.31%,0.00%,"937,86 €","0,00 €",10,0
B0843DFZH2,B0843DFZH2,Arcos Set 5 Cuchillos Forjados Acero Inoxidable Nitrum,235024,854,12,0.08%,0.06%,"1,351",25,0.09%,0.08%,76.34%,88.24%,10,1,1.17%,8.33%,"1.249,68 €","117,50 €",10,1
B085M1CQ5D,B085M1CQ5D,"HENDI Hervidor de agua eléctrico 9L, dispensador de bebidas calientes, termo de una pared para vino, té, hasta 100°C, 230V, 50/60Hz, 950W, 307x330x(H)450mm, acero inoxidable satinado, PP",H211410,76,19,0.01%,0.09%,125,29,0.01%,0.10%,90.82%,100.00%,10,9,13.16%,47.37%,"1.047,50 €","942,75 €",10,9
B08VS4FCLN,B08BX3WTPP,"Arcos Juego Cuchillos Cocina cuchillo blanco cuchillos | cuchillos cocina Maitre | 4 piezas | Chef 215 mm, Cocina 150 mm, Verduras 100 mm Tijera cocina (Blanco)",152624,669,14,0.06%,0.07%,912,18,0.06%,0.06%,99.39%,100.00%,10,0,1.49%,0.00%,"349,90 €","0,00 €",10,0
B08G8QCM5H,B08G8QCM5H,ARCOS cuchillo pelador | 6 PIEZAS | cuchillo de pelar | cuchillos pelar patatas | Hoja 100 mm | Negro | cuchillo arcos pelador Acero Inoxidable,816500_fbm,743,23,0.07%,0.11%,968,31,0.07%,0.10%,99.65%,100.00%,10,1,1.35%,4.35%,"189,90 €","18,99 €",10,1
B08M5K93QF,B08M5K93QF,Arcos Juego Cuchillos Mesa | 6 Uds | Cuchillo Postre | Cuchillos Mesa | Cuchillo Carne | Hoja 105 mm | Acero Inoxidable Martensítico | Mango Polipropileno | Apto lavavajillas | Envase Ecológico,703500_etq,234,2,0.02%,0.01%,343,2,0.02%,0.01%,100.00%,0.00%,11,0,4.70%,0.00%,"115,89 €","0,00 €",10,0
B0CQM2K3QY,B08TX19NTQ,"Arcos Thera Olla Grande de Cocina de 28 Cm y 6,6 L. Cacerola Alta para Inducción, Gas y Vitro. Olla de Aluminio Fundido con Tapa de Cristal y Mango Extraíble. Apta Lavavajillas. Color Negro Azul",718800,330,11,0.03%,0.05%,443,20,0.03%,0.07%,61.94%,100.00%,10,3,3.03%,27.27%,"607,82 €","179,97 €",10,3
B0CRDY65RY,B09T6KZ2K8,"Arcos Cacerola Antiadherente 20 cm Aluminio Forjado, Mango Efecto Frío, Apta Inducción y Lavavajillas, Ahorro Energético, 2.6 L Capacidad, Serie Samoa",716910,"1,106",14,0.11%,0.07%,"1,451",15,0.10%,0.05%,48.20%,50.00%,10,1,0.90%,7.14%,"397,45 €","39,95 €",10,1
B0C2QFPLX9,B0C2QFPLX9,FAMILIA VINCARE (MULTIUSOS INDIVIDUAL),MULTIUSOS750ML,87,1,0.01%,0.00%,125,2,0.01%,0.01%,97.32%,0.00%,10,0,11.49%,0.00%,"92,40 €","0,00 €",10,0
B0CN13SJ98,B0CN13SJ98,"HENDI Expositor con cubierta deslizante roll-top, Doble",H871768,420,47,0.04%,0.23%,651,81,0.04%,0.27%,31.98%,23.73%,10,1,2.38%,2.13%,"477,50 €","47,75 €",10,1
B0DKP7F29P,B0DJBXPR33,Arcos Serie Samoa Iconic | Sarten Antiadherente Cerámico 28 cm | Aluminio Forjado | Apta cualquier cocina | Mango Acero Inoxidable | Apta lavavajillas | Color Negro | LIBRE DE (PFOA/PTFE/PFOS),716522,251,5,0.02%,0.02%,327,7,0.02%,0.02%,86.22%,0.00%,10,1,3.98%,20.00%,"509,11 €","54,95 €",10,1
B0BMQ3CMJD,B005LR73D4,Arcos Serie Niza - Set Jamoneri - Cuchillo Jamonero + Chaira - Hoja de Acero Inoxidable NITRUM de 240 mm - Mangos fabricados en Polipropileno (PP) Color Negro,136700_fbm,"2,270",50,0.22%,0.24%,"3,300",76,0.22%,0.25%,1.95%,2.27%,9,0,0.40%,0.00%,"134,91 €","0,00 €",9,0
B0752X4WV1,B005LR73R0,Arcos Juego Chuleteros Mango Madera 110 mm,809300__,"7,214",148,0.70%,0.71%,"10,913",216,0.74%,0.72%,17.52%,18.71%,15,1,0.21%,0.68%,"360,25 €","23,99 €",9,1
B0891RBKPX,B007TS6HCQ,ARCOS Pelador de Patatas y Verduras Profesional Acero Inoxidable 60 mm,612100,121,2,0.01%,0.01%,176,3,0.01%,0.01%,98.80%,100.00%,9,0,7.44%,0.00%,"76,41 €","0,00 €",9,0
B06XB92VRH,B00YU2YTTM,CUPERINOX Cafetera Italiana Induccion Espresso Acero Inoxidable 4 Tazas,25032_,403,6,0.04%,0.03%,569,10,0.04%,0.03%,86.69%,80.00%,9,0,2.23%,0.00%,"143,91 €","0,00 €",9,0
B0F1ZF7H1L,B017DLFYYK,Arcos Cuchillo Queso Acero Inoxidable Blanco 145 mm,232824_,"1,557",37,0.15%,0.18%,"1,795",42,0.12%,0.14%,39.88%,45.83%,9,1,0.58%,2.70%,"341,91 €","37,99 €",9,1
B07F9GQZCB,B07F9GQZCB,Arcos Cuchillo para Verduras de 4 Pulgadas con Hoja de 105mm en Acero Inoxidable y Mango de Madera. Cuchillo para Vegetales Apto para Lavavajillas. Serie Latina. Color Marrón,100500,359,8,0.03%,0.04%,546,13,0.04%,0.04%,96.41%,100.00%,9,0,2.51%,0.00%,"325,51 €","0,00 €",9,0
B0FR444FLT,B07N8TNDRV,Arcos Brooklyn Cuchillo Chef Forjado Acero Inoxidable 150 mm,190423_,423,16,0.04%,0.08%,525,23,0.04%,0.08%,72.78%,50.00%,9,1,2.13%,6.25%,"360,57 €","39,99 €",9,1
B0FR444FLT,B07N8VCFRY,Arcos Brooklyn Cuchillo Panero Acero Inoxidable Nitrum 200 mm,191323_,237,7,0.02%,0.03%,313,11,0.02%,0.04%,94.62%,100.00%,9,1,3.80%,14.29%,"343,17 €","32,13 €",9,1
B0FR444FLT,B07N8W79GH,Arcos Manhattan Cuchillo Tallado Acero Inoxidable Nitrum 300 mm,162300_,494,9,0.05%,0.04%,627,11,0.04%,0.04%,98.58%,100.00%,11,0,2.23%,0.00%,"393,18 €","0,00 €",9,0
B08M9QRSW8,B08M9QRSW8,Arcos | Juego Cuchillos cuchillos mesa | 6 Uds | cuchillo fruta | cuchillo postre | Hoja 110 mm | Acero Inoxidable Martensítico | Mango Nylon | apto lavavajillas | Envase Ecológico,703600fbm,72,0,0.01%,0.00%,106,0,0.01%,0.00%,98.88%,0.00%,20,0,27.78%,0.00%,"239,80 €","0,00 €",9,0
B08VS4FCLN,B09HBWSBN1,"Arcos Juego Cuchillos Cocina cuchillo blanco cuchillos | cuchillos cocina Maitre | 5 piezas | Chef 215 mm, Cocina 150 mm, Verduras 100 mm Tijera cocina (Negro + Jamonero)",854100 fbm,"1,499",12,0.15%,0.06%,"1,963",18,0.13%,0.06%,99.83%,100.00%,9,0,0.60%,0.00%,"425,91 €","0,00 €",9,0
B09T9TSXHB,B09T9TSXHB,"Arcos Grill Antiadherente 28x28 cm - Aluminio Forjado, Full Induction, Mango Acero Inoxidable Efecto Frío, Ahorro Energético, Apta Lavavajillas, Serie Samoa",717410,348,4,0.03%,0.02%,488,4,0.03%,0.01%,52.83%,75.00%,9,1,2.59%,25.00%,"411,09 €","45,95 €",9,1
B09XF6G1Q8,B09XF6G1Q8,Arcos Serie Universal - Juego de Cuchillos de Cocina de 4 piezas (3 Cuchillos Cocineros + Tijeras) - Hoja de Acero Inoxidable NITRUM - Mango de Polioximetileno (POM) - Color Negro,819110_fbm,234,3,0.02%,0.01%,351,3,0.02%,0.01%,97.49%,66.67%,9,0,3.85%,0.00%,"449,91 €","0,00 €",9,0
B0C49W65HD,B0C49W65HD,Arcos Serie Nordika - Cuchillo Tomatero - Acero Inoxidable NITRUM - Hoja de 130 mm - Mango de Madera Ovengkol 100% natural de bosques certificados FSC® - Embalaje 100% reciclado,165100,91,1,0.01%,0.00%,117,1,0.01%,0.00%,100.00%,0.00%,9,0,9.89%,0.00%,"242,99 €","0,00 €",9,0
B0D73CM824,B0D73CM824,"Arcos Cuchillo Mesa | Cuchillo Chuletero | Cuchillo Carne| Cuchillo de Mesa | Pack 12 Unidades| Hoja de Acero Inoxidable115 mm, Mango de Polipropileno Color Negro",740000,864,24,0.08%,0.12%,"1,213",28,0.08%,0.09%,99.72%,100.00%,11,1,1.27%,4.17%,"334,89 €","30,99 €",9,1
B08TWZYBPZ,B0FZC8B2NX,"CUPERINOX - Estuche de Cuchillos Profesionales de Cocina 4 Piezas | Chef 20 cm, Santoku 18 cm, Universal 13 cm y Pelador 9 cm | Acero Inoxidable de Alta Precisión | Mango Ergonómico",19301,565,12,0.05%,0.06%,792,19,0.05%,0.06%,100.00%,100.00%,9,0,1.59%,0.00%,"244,00 €","0,00 €",9,0
B0752SPHL9,B005LR6W8Q,Arcos Maitre Set 5 Cuchillos Acero Inoxidable Nitrum,152000_,891,21,0.09%,0.10%,"1,277",26,0.09%,0.09%,50.30%,64.29%,8,0,0.90%,0.00%,"496,94 €","0,00 €",8,0
B00MDK1DM4,B00MDK1DM4,Arcos Latina Cuchillo de Cocina Acero Inoxidable 130 mm,100600_1pieza,113,3,0.01%,0.01%,178,16,0.01%,0.05%,95.17%,100.00%,16,6,14.16%,200.00%,"95,84 €","35,94 €",8,1
B0189HXS8Q,B015QGR3CK,Arcos Serie Navajas Profesionales - Navaja Profesional - Hoja Filo de Acero Inoxidable NITRUM de 85 mm - Navaja de Acero Inoxidable Color amarillo,485900_fbm,951,17,0.09%,0.08%,"1,361",23,0.09%,0.08%,69.94%,84.62%,9,0,0.95%,0.00%,"70,20 €","0,00 €",8,0
B017DLM9SY,B017DLM9SY,Arcos Serie Toscana - Juego de Cucharas de Mesa (3 cucharas) - Monoblock de una pieza en Acero Inoxidable 18/10 y 180 mm - Color Plata,574400_,201,4,0.02%,0.02%,306,17,0.02%,0.06%,63.08%,0.00%,10,0,4.98%,0.00%,"79,90 €","0,00 €",8,0
B0788NF7BS,B0788NF7BS,WINS – Lavavajillas Manual 003 | Garrafa 5 L | Detergente Concentrado para Lavado Manual de Vajilla y Utensilios de Cocina | Uso Profesional y Doméstico | 100% Made in Spain,WINS003,32,4,0.00%,0.02%,48,6,0.00%,0.02%,86.36%,100.00%,8,4,25.00%,100.00%,"119,56 €","59,76 €",8,4
B085SNLR5G,B07DC83Z46,"HENDI Bandeja de Servicio, Redonda, Recubrimiento Antideslizante, Multiusos, para buffets, Bandeja de Cocina para Servir Comida rápida, Bebidas, Fast Food, ⌀410x(H) 20mm, Polipropileno, Negro",H878149,123,2,0.01%,0.01%,170,3,0.01%,0.01%,98.05%,100.00%,14,0,11.38%,0.00%,"150,56 €","0,00 €",8,0
B08TLR4Z27,B09L4YNBZZ,Arcos jamonero Profesional | Cuchillo jamonero jamonero Inoxidable Nitrum | Mango Negro | Cuchillo Jamon iberico | Serie Maitre| Hoja Flexible y Filo Liso | 275 mm | Acero Inoxidable NITRUM,856500FBM,532,14,0.05%,0.07%,618,17,0.04%,0.06%,99.65%,100.00%,8,1,1.50%,7.14%,"199,92 €","24,99 €",8,1
B0CQ5G2HVQ,B09T6KZ499,"Arcos Sarten Antiadherente 32 cm - Aluminio Forjado, Full Induction, Mango Acero Inoxidable Efecto Frío, Apta Lavavajillas, Ahorro Energético, Serie Samoa",716710,287,6,0.03%,0.03%,391,7,0.03%,0.02%,66.96%,100.00%,8,0,2.79%,0.00%,"399,60 €","0,00 €",8,0
B0CQ5G2HVQ,B09T9PKHHR,"Arcos Sarten Antiadherente 18 cm - Aluminio Forjado, Mango Acero Inoxidable Efecto Frío, Apta para Inducción y Lavavajillas, Sistema Ahorro Energético, Serie Samoa Basic",716010,181,6,0.02%,0.03%,250,11,0.02%,0.04%,72.94%,71.43%,9,0,4.97%,0.00%,"236,25 €","0,00 €",8,0
B0DKP7F29P,B0DJBZ81XL,"Arcos Serie Samoa Iconic | Cacerola Baja Antiadherente Cerámico 28 cm y 4,3 L | Aluminio Forjado | Apta cualquier cocina | Mango Acero Inoxidable | Color Negro | LIBRE DE (PFOA/PTFE/PFOS)",717122,194,4,0.02%,0.02%,257,5,0.02%,0.02%,90.10%,100.00%,8,0,4.12%,0.00%,"561,70 €","0,00 €",8,0
B0DPLG5V7Q,B0DPJBBJC4,"CUPERINOX® Tazas de Café Espresso de Cristal – Set 2 80ml- Aptas para lavavajillas- Resistentes al Calor – Tazas Bonitas de Café, Té Originales y Elegantes – Aroma Series",26120_,374,4,0.04%,0.02%,483,5,0.03%,0.02%,98.43%,100.00%,8,0,2.14%,0.00%,"92,44 €","0,00 €",8,0
B0DPLG5V7Q,B0DWN7MZ3R,CUPERINOX Vaso cafe - Tazas de Espresso de Cristal - - Vaso Cristal - 80ml (Set de 6) - Apto para Lavavajillas y Microondas - Aroma Series,26120_3packs,90,1,0.01%,0.00%,120,1,0.01%,0.00%,100.00%,0.00%,8,0,8.89%,0.00%,"135,70 €","0,00 €",8,0
B0DKP7F29P,B0FS7VJ21D,"Arcos Sartén Samoa Inox 26 cm, Acero inoxidable tricapa libre de PFAS",726400,244,6,0.02%,0.03%,302,6,0.02%,0.02%,84.86%,100.00%,8,0,3.28%,0.00%,"367,60 €","0,00 €",8,0
B0DKP7F29P,B0FS7XQ88Z,"Arcos Sartén Samoa Inox 30 cm, Acero inoxidable tricapa sin PFAS",726600,261,11,0.03%,0.05%,323,13,0.02%,0.04%,88.89%,100.00%,9,0,3.45%,0.00%,"503,55 €","0,00 €",8,0
B0G3ZJ89NB,B0FZCJ46CM,CUPERINOX - Set Cuchillo Jamonero+ Deshuesador Profesional Forjado 2 Piezas | Cuchillo Jamonero Alveolado 25 cm y Deshuesador 15 cm |Corte Fino y Equilibrado | Aptos para lavavajillas,19305f,"4,499",91,0.44%,0.44%,"6,028",110,0.41%,0.37%,99.89%,100.00%,8,0,0.18%,0.00%,"199,92 €","0,00 €",8,0
B0F1ZF7H1L,B005LR6C7C,Arcos Cuchillo Cocina Acero Inoxidable Negro 180 mm,233500_,"6,429",89,0.62%,0.43%,"8,501",120,0.58%,0.40%,9.08%,10.91%,7,0,0.11%,0.00%,"244,93 €","0,00 €",7,0
B0F54LTCFF,B007TS6GFO,Arcos Universal Juego 5 Cuchillos Nitrum Bloque Pino POM Negro,285700_,"4,309",98,0.42%,0.47%,"5,075",114,0.34%,0.38%,17.32%,16.67%,7,0,0.16%,0.00%,"629,93 €","0,00 €",7,0
B007TS6HNK,B007TS6HNK,ARCOS Corta Pizzas Acero Inoxidable 100 mm,614800_,285,10,0.03%,0.05%,393,12,0.03%,0.04%,10.95%,28.57%,10,5,3.51%,50.00%,"119,90 €","59,95 €",7,2
B00NM2X21W,B00NM2X21W,Arcos Accesorios - Prensa Ajos Prensador de Ajos - Tamaño 160 mm - Hecho de Aleación de Zinc - Color Plata,603500_,261,4,0.03%,0.02%,359,4,0.02%,0.01%,24.75%,0.00%,9,0,3.45%,0.00%,"143,91 €","0,00 €",7,0
B017DLDQXQ,B017DLDQXQ,"Arcos Serie Latina, Cuchillo jamonero, Hoja de 250 mm, Mango Madera",101300_fbm,162,1,0.02%,0.00%,210,1,0.01%,0.00%,97.85%,0.00%,7,0,4.32%,0.00%,"66,43 €","0,00 €",7,0
B0FWM351K4,B06Y66X8SW,CUPERINOX® Couture Series - Tijera Costura Profesional 10 cm | Acero Inoxidable de Alta Precisión | Corte Fino para Detalles y Acabados | Uso Doméstico y Profesional,21960_fba,75,0,0.01%,0.00%,104,0,0.01%,0.00%,100.00%,0.00%,8,0,10.67%,0.00%,"55,92 €","0,00 €",7,0
B0792XNYCY,B0792XNYCY,VINFER Detergente alcalino clorado Wins 022. Botella de 5 litros. Limpieza e higiene para Todo Tipo de Superficies,WINS022,70,2,0.01%,0.01%,108,5,0.01%,0.02%,94.74%,100.00%,9,0,12.86%,0.00%,"107,91 €","0,00 €",7,0
B0FR444FLT,B0843DNN57,Arcos Set Cuchillos Forjados 4 piezas (3 Cuchillos + 1 tijeras) - Acero Inoxidable Forjado NITRUM - Mango Micarta - Bloques Madera Color Azul. Serie Brooklyn. Impresiona yorprencon Cada Corte.,194000_,507,8,0.05%,0.04%,664,9,0.04%,0.03%,83.22%,71.43%,7,0,1.38%,0.00%,"715,97 €","0,00 €",7,0
B0CQM2K3QY,B08TWZLD4R,"Arcos Thera Olla Grande de Cocina de 32 Cm y 9,3 L. Cacerola Alta para Inducción, Gas y Vitro. Olla de Aluminio Fundido con Tapa de Cristal y Mango Extraíble. Apta Lavavajillas. Color Negro Azul",718900,351,15,0.03%,0.07%,499,24,0.03%,0.08%,69.40%,73.68%,7,1,1.99%,6.67%,"454,73 €","64,95 €",7,1
B0CQLNJVKL,B08TX21PGR,"Arcos Thera Sartén Antiadherente de 28 Cm para Inducción, Gas y Vitrocerámica. Sartén de Cocina Grande de Aluminio Fundido con Mango Ergonómico Extraíble y Apta para Lavavajillas. Color Negro y Azul",718500,201,4,0.02%,0.02%,275,5,0.02%,0.02%,49.59%,100.00%,7,0,3.48%,0.00%,"286,65 €","0,00 €",7,0
B09HQTWWPB,B09HQT6SZ6,Arcos Clara Cuchillo Jamonero Forjado Acero Inoxidable Nitrum 250 mm,211900_us,212,5,0.02%,0.02%,269,6,0.02%,0.02%,75.61%,80.00%,7,0,3.30%,0.00%,"178,43 €","0,00 €",7,0
B09T6HFG2F,B09T6HFG2F,Arcos Wok Antiadherente Aluminio Forjado 28 cm,717510,527,15,0.05%,0.07%,749,21,0.05%,0.07%,22.62%,42.11%,7,0,1.33%,0.00%,"299,25 €","0,00 €",7,0
B0CQ5G2HVQ,B09T9ZC38G,"Arcos Sarten Antiadherente 22 cm - Aluminio Forjado, Full Induction, Mango Acero Inoxidable Efecto Frío, Apta Lavavajillas, Ahorro Energético, Serie Samoa",716210,481,15,0.05%,0.07%,656,21,0.04%,0.07%,23.13%,23.08%,7,0,1.46%,0.00%,"213,85 €","0,00 €",7,0
B0DKP68T32,B0DJBYWJB7,Arcos Serie Eclipse - Cuchillo de Chef - Hoja de Acero Inoxidable Forjado con Filo Seda Plus de 200 mm - Pulido Brillo Especial - Mango Acrílico - Color Negro,213500_,334,5,0.03%,0.02%,463,5,0.03%,0.02%,96.89%,100.00%,7,0,2.10%,0.00%,"506,83 €","0,00 €",7,0
B0DQV6381X,B0F2Q1K35T,CUPERINOX Soporte Jamonero Balancín | Jamonero Giratorio Profesional | Jamonero Madera | Jamonera Profesional | Tabla Cortar Jamon,20265_SC,744,17,0.07%,0.08%,"1,095",20,0.07%,0.07%,99.50%,100.00%,7,0,0.94%,0.00%,"524,93 €","0,00 €",7,0
B0F54LTCFF,B0044R87UA,Arcos Cuchillo Jamonero con Alveolos Acero Inoxidable 240mm,281801_,"23,275",528,2.26%,2.54%,"39,414",810,2.67%,2.71%,0.38%,0.64%,6,0,0.03%,0.00%,"119,94 €","0,00 €",6,0
B017HKG9PK,B0044R883Q,Arcos Cuchillo Mondador Negro 80 mm,150200-cod_barras_arcos,"2,577",64,0.25%,0.31%,"3,451",90,0.23%,0.30%,3.50%,3.85%,7,1,0.27%,1.56%,"59,40 €","9,65 €",6,1
B0F1ZF7H1L,B00BHZPIVI,Arcos Cuchillo Chef Forjado Acero Inoxidable 200 mm,233624,977,16,0.09%,0.08%,"1,161",22,0.08%,0.07%,36.58%,50.00%,6,0,0.61%,0.00%,"194,94 €","0,00 €",6,0
B0F1ZF7H1L,B00BHZPO12,Arcos Cuchillo Cocina Acero Inoxidable Blanco 180 mm,233524_,"1,061",15,0.10%,0.07%,"1,308",16,0.09%,0.05%,17.88%,80.00%,6,2,0.57%,13.33%,"203,87 €","63,91 €",6,2
B0752V8D5V,B00I9XTGJ6,ARCOS Taco Redondo Protector de Cuchillos Caucho Termoplástico 225 mm,794000,259,4,0.03%,0.02%,412,5,0.03%,0.02%,23.03%,25.00%,6,0,2.32%,0.00%,"149,94 €","0,00 €",6,0
B0G39WX9ZQ,B00MDK1EBE,"Arcos Cuchillo Utilitario Acero Inoxidable Nitrum 5""",100600_fbm,265,5,0.03%,0.02%,369,6,0.02%,0.02%,93.79%,100.00%,12,0,4.53%,0.00%,"70,20 €","0,00 €",6,0
B06XB92VRH,B00YU2ZS1A,CUPERINOX Cafetera Italiana Induccion Espresso Acero Inoxidable 6 Tazas,25033,180,5,0.02%,0.02%,222,5,0.02%,0.02%,96.59%,0.00%,6,0,3.33%,0.00%,"94,40 €","0,00 €",6,0
B071VT3QQY,B071VT3QQY,"Arcos Riviera - Juego de Cuchillos de Cocina Profesional (Mondador 100 mm, Santoku 140 mm, Chef 200 mm) - Acero Inoxidable Forjado NITRUM, Mango Ergonómico Negro - 3 Piezas en Estuche",807700_fbm,182,2,0.02%,0.01%,252,2,0.02%,0.01%,90.79%,100.00%,6,0,3.30%,0.00%,"413,94 €","0,00 €",6,0
B073JC3QG7,B073JC3QG7,"VINFER- Abrillantador Mopas Spray 750 ml | Limpieza, Protege y Abrillanta Parquet, Terrazo, Mármol, Linóleum y Gres | Formato Profesional",VP_ABRILLANTADOR,146,1,0.01%,0.00%,215,2,0.01%,0.01%,99.46%,100.00%,7,0,4.79%,0.00%,"69,93 €","0,00 €",6,0
B07S8PHLKH,B07S8PHLKH,Arcos Nova Set 6 Cuchillos Chuleteros Acero Inoxidable 110 mm,806100_fba,274,11,0.03%,0.05%,434,17,0.03%,0.06%,28.17%,16.67%,7,0,2.55%,0.00%,"125,93 €","0,00 €",6,0
B09DPRCMTF,B08MW2GWPC,Arcos Juego Cuchillos Carne | Cuchillo chuleteros | Cuchillos Carne Cuchillos Mesa | 6 Uds | Hoja 110 mm | Acero Inoxidable | Mango Nylon | Apto lavavajillas | Envase Ecológico (Filo Serrado),816400fba,447,3,0.04%,0.01%,551,4,0.04%,0.01%,100.00%,100.00%,6,0,1.34%,0.00%,"113,94 €","0,00 €",6,0
B09F9MH34D,B09F9MH34D,"Arcos Serie Cuchillos de Mesa Chuleteros, Mango de Polipropileno, Hoja 110 mm, Apto para Lavavajillas, Negro, 6 Piezas",805109_6piezas,146,0,0.01%,0.00%,185,0,0.01%,0.00%,100.00%,0.00%,6,0,4.11%,0.00%,"75,94 €","0,00 €",6,0
B09HRWYKDL,B09HRWYKDL,Arcos Juego de cuchillos Japoneses Profesionales | 4 piezas | Cuchillo Verduras 100 mm + Cocina 150 mm + Santoku con Alveolos 170 mm + Pelador de patatas,853100,253,4,0.02%,0.02%,319,4,0.02%,0.01%,99.66%,100.00%,6,0,2.37%,0.00%,"221,94 €","0,00 €",6,0
B0CQ5G2HVQ,B09T9S9NZ4,"Arcos Sarten Antiadherente 24 cm - Aluminio Forjado, Full Induction, Mango Acero Inoxidable Efecto Frío, Apta Lavavajillas, Ahorro Energético, Serie Samoa",716310,797,18,0.08%,0.09%,"1,143",30,0.08%,0.10%,12.83%,17.65%,6,0,0.75%,0.00%,"201,70 €","0,00 €",6,0
B0B2RHJYHB,B0B2RHJYHB,"HENDI Cesta para Freír, 8L, 242x200x(H)140mm",H933664,169,16,0.02%,0.08%,231,26,0.02%,0.09%,65.57%,64.00%,10,4,5.92%,25.00%,"355,35 €","144,96 €",6,2
B0C49YDKL4,B0C49YDKL4,Arcos Serie Nordika - Cuchillo Usuba - Acero Inoxidable NITRUM - Hoja de 175 mm - Mango de Madera Ovengkol 100% natural de bosques certificados FSC® - Embalaje 100% reciclado,168000,188,6,0.02%,0.03%,277,9,0.02%,0.03%,94.74%,100.00%,6,0,3.19%,0.00%,"269,94 €","0,00 €",6,0
B0C5X757TS,B0C5X757TS,Arcos Serie Lisboa - Cubertería de 24 piezas en Caja de Regalo (6 Cuchillos + 12 Cucharas + 6 Tenedores) - Monoblock de una pieza en Acero Inoxidable - Color Plata,597400,151,6,0.01%,0.03%,249,7,0.02%,0.02%,86.73%,100.00%,12,0,7.95%,0.00%,"1.055,88 €","0,00 €",6,0
B0CTKV6X91,B0CTKV6X91,"HENDI Juego de 6 tablas de cortar HACCP con soporte, lisas, 6 colores diferentes, 6 piezas, 450x300x(H)10mm, polietileno, polipropileno",H825686,218,25,0.02%,0.12%,294,32,0.02%,0.11%,47.13%,31.03%,7,4,3.21%,16.00%,"426,31 €","238,57 €",6,3
B0G6M1C8V6,B0D4WK78XV,CUPERINOX Aceiteras para Aceite Usado | Grasera Acero Inoxidable 550ML con Filtro Metálico | Recipiente para Aceite Usado de Cocina y Grasa | Grasera Cocina Metálica 550ML 2Uds Metálico,22105y22106,942,10,0.09%,0.05%,"1,387",13,0.09%,0.04%,87.33%,100.00%,8,0,0.85%,0.00%,"95,92 €","0,00 €",6,0
B0DKP7F29P,B0DJBYWWVM,"Arcos Serie Samoa Iconic | Cacerola Antiadherente Cerámico 24 cm y 4,3 L | Aluminio Forjado | Apta cualquier cocina | Mango Acero Inoxidable | Color Negro | LIBRE DE (PFOA/PTFE/PFOS)",717022,216,6,0.02%,0.03%,297,7,0.02%,0.02%,95.08%,100.00%,6,0,2.78%,0.00%,"329,70 €","0,00 €",6,0
B0DKP7F29P,B0DJBZ5475,Arcos Serie Samoa Iconic | Sarten Antiadherente Cerámico 20 cm | Aluminio Forjado | Apta cualquier cocina | Mango Acero Inoxidable | Apta lavavajillas | Color Negro | LIBRE DE (PFOA/PTFE/PFOS),716122,352,8,0.03%,0.04%,426,9,0.03%,0.03%,91.27%,100.00%,6,1,1.70%,12.50%,"209,69 €","34,94 €",6,1
B0FJLTDB9J,B0FB98PM7Z,CUPERINOX® Beauty Care – Pack 3 Cortauñas de Precisión | Alicate + Cortaúñas Mediano + Cortaúñas con Llavero | Acero Inoxidable Profesional | Manicura y Pedicura | Hombre y Mujer,A10004,92,1,0.01%,0.00%,118,1,0.01%,0.00%,99.02%,100.00%,6,0,6.52%,0.00%,"77,94 €","0,00 €",6,0
B017HKG9PK,B0044R87RS,Arcos Cuchillo para Maitre Negro 215 mm,151000,"7,629",174,0.74%,0.84%,"11,686",250,0.79%,0.84%,0.05%,1.49%,6,4,0.08%,2.30%,"89,94 €","59,96 €",5,3
B0044R87XM,B0044R87XM,"Arcos Cuchillo cocina laerie Kyoto - Hoja Acero Inoxidable forjado Nitrum 6"" - Mango negro polioximetileno (POM) - Elegante y duradero (7'')",178900_,304,5,0.03%,0.02%,427,6,0.03%,0.02%,100.00%,100.00%,5,0,1.64%,0.00%,"228,95 €","0,00 €",5,0
B007TS6GP4,B007TS6GP4,Arcos Juego de 6 Cuchillos de Mesa Chuleteros Acero Inoxidable 110 mm,815600--,403,13,0.04%,0.06%,608,18,0.04%,0.06%,27.07%,16.67%,7,2,1.74%,15.38%,"181,93 €","51,98 €",5,1
B0B3F4QXML,B008U6TDTK,Arcos Serie Clasica - Juego de Cuchillos de 5 piezas en Caja de Regalo (5 Cuchillos) - Hoja de Acero Inoxidable Forjado NITRUM - Mando de Polioximetileno (POM) - Bloque de madera color marrón acabado lacado,257000_2,"1,464",15,0.14%,0.07%,"2,168",18,0.15%,0.06%,67.70%,36.36%,5,1,0.34%,6.67%,"664,95 €","144,99 €",5,1
B0F1ZF7H1L,B00BHZPHSC,Arcos Riviera Blanc Cuchillo Jamonero Forjado Acero POM Blanco 250 mm,231024_,"2,206",65,0.21%,0.31%,"2,985",87,0.20%,0.29%,9.15%,17.31%,5,0,0.23%,0.00%,"167,95 €","0,00 €",5,0
B0F54LTCFF,B00BHZPO3K,Arcos Cuchillo para Queso Acero Inoxidable NITRUM 145 mm,281604_fbm,"2,991",65,0.29%,0.31%,"4,362",90,0.30%,0.30%,1.21%,4.17%,5,0,0.17%,0.00%,"103,75 €","0,00 €",5,0
B00D3LC70Y,B00D3LC70Y,Arcos Tijeras Costura Castellana - Acero Forjado Niquelado 127 mm - Uso Doméstico y Profesional - Serie Style,502200,51,0,0.00%,0.00%,85,0,0.01%,0.00%,85.33%,0.00%,5,0,9.80%,0.00%,"52,45 €","0,00 €",5,0
B0F1ZF7H1L,B00J64GI4S,Arcos Riviera Blanc Cuchillo Jamonero Forjado POM Blanco 300 mm,231124_,507,16,0.05%,0.08%,642,16,0.04%,0.05%,26.82%,25.00%,5,0,0.99%,0.00%,"184,95 €","0,00 €",5,0
B0F1ZF7H1L,B017DLFYYK,Arcos Cuchillo Queso Acero Inoxidable Blanco 145 mm,232824,"1,557",37,0.15%,0.18%,"1,795",42,0.12%,0.14%,39.88%,45.83%,5,0,0.32%,0.00%,"179,95 €","0,00 €",5,0
B017DLL2KA,B017DLL2KA,"Arcos Regia Cuchillos Mesa Carne Nitrum POM Negro-Oro 4,5 pulg",375000_1Pieza,244,10,0.02%,0.05%,326,14,0.02%,0.05%,59.17%,14.29%,22,0,9.02%,0.00%,"255,98 €","0,00 €",5,0
B0752X1Z92,B01KZWSCSE,ARCOS Mochila para 9 Cuchillos de Cocina en Poliéster y PVC. Bolsa Portacuchillos Profesional para Almacenar y Transportar Utensilios de Cocina. 330 x 480 x 185 Mm. Color Negro,694900,86,0,0.01%,0.00%,151,0,0.01%,0.00%,92.91%,0.00%,5,0,5.81%,0.00%,"324,50 €","0,00 €",5,0
B0C4DTYRJW,B071LGMMGV,Arcos Juego Cuchillos Cocina Profesionales| Cuchillos Cocina Profesional Set Cuchillos | Mango Negro (3 Piezas),862600_,"1,767",40,0.17%,0.19%,"2,474",57,0.17%,0.19%,99.91%,100.00%,5,1,0.28%,2.50%,"193,95 €","37,99 €",5,1
B0F1N351DY,B072FGV2YH,Arcos Juego de 6 Cuchillos Mondadores Acero Inoxidable 100 mm,189100,"13,156",282,1.28%,1.35%,"20,434",427,1.38%,1.43%,0.19%,1.52%,5,0,0.04%,0.00%,"84,95 €","0,00 €",5,0
B079ZCF2G9,B079ZCF2G9,Arcos Nova Juego 6 Cuchillos Carne Serrados Nitrum Negro 110 mm,188900_fbm,308,6,0.03%,0.03%,495,10,0.03%,0.03%,33.57%,0.00%,5,0,1.62%,0.00%,"88,75 €","0,00 €",5,0
B07DC711NK,B07DC711NK,"HENDI Batidora de Mano, Carcasa de ABS, Brazo Batidor de Acero Inoxidable, Cuchillas cruzadas con Revestimiento de Titanio, 6 Velocidades, Pantalla LCD, 250W, 230V, Procesa de 1-8 Litros, ø71x(H)444mm",H222157,413,24,0.04%,0.12%,557,36,0.04%,0.12%,43.37%,28.57%,5,2,1.21%,8.33%,"533,92 €","213,39 €",5,2
B07DPBX3QM,B07DPBX3QM,"HENDI Lámpara de Calor Colgante, Altura Ajustable, Cobre",H273890,154,35,0.01%,0.17%,236,59,0.02%,0.20%,32.34%,11.90%,8,1,5.19%,2.86%,"589,60 €","66,15 €",5,1
B0F54LTCFF,B07JJGTQK4,Arcos Conjunto Cuchillos 3 piezas - Acero Inoxidable Nitrum y Hoja mm. Cuchillo cocina profesional cocinar. 590 gr. Mango ergonómico polioximetileno POM. Serie Universal. Mayor control. Color negro.,807410_FBA,626,16,0.06%,0.08%,822,17,0.06%,0.06%,88.16%,90.00%,5,0,0.80%,0.00%,"207,49 €","0,00 €",5,0
B0FR444FLT,B07N8V3SNH,"Arcos Cuchillo Tomate Forjado Acero Inoxidable 130 mm - Mango Ergonómico POM Negro, Borde Serrado para Rebanadas Perfectas - Serie Manhattan, Calidad Profesional",162000_,573,13,0.06%,0.06%,659,13,0.04%,0.04%,94.80%,100.00%,5,0,0.87%,0.00%,"121,25 €","0,00 €",5,0
B0F4X5PQYD,B07PRXR5XR,"HENDI Cesta de lavavajillas Profesional para Vasos, Formato Cuadrado, Estructura Abierta para circulación de Agua, 405x405x(H) 150mm, Polipropileno",H871331,95,10,0.01%,0.05%,134,20,0.01%,0.07%,40.52%,36.36%,6,0,6.32%,0.00%,"109,98 €","0,00 €",5,0
B09NT4VRN7,B0812BKN39,Arcos Juego de Cuchillos Mondadores de 3 Piezas,859800_,"22,469",360,2.18%,1.73%,"31,225",496,2.11%,1.66%,26.64%,3.79%,13,13,0.06%,3.61%,"121,65 €","121,65 €",5,5
B08VRP7CR7,B08G8M6QDS,Arcos Juego de Cuchillos chuleteros - Envase Ecologico 100% - 4 Cuchillos Carne - Cubiertos Mesa Acero Inoxidable,809500,167,1,0.02%,0.00%,264,2,0.02%,0.01%,100.00%,100.00%,5,0,2.99%,0.00%,"98,75 €","0,00 €",5,0
B08TLR4Z27,B08M3DQFHM,Arcos jamonero Profesional | Cuchillo jamonero jamonero Inoxidable Nitrum | Mango Negro | Cuchillo Jamon iberico | Serie Maitre| Hoja Flexible y Filo Liso | 275 mm | Acero Inoxidable NITRUM,151210,"1,173",26,0.11%,0.12%,"1,584",32,0.11%,0.11%,99.59%,100.00%,5,0,0.43%,0.00%,"79,95 €","0,00 €",5,0
B08VRP7CR7,B08MTXC14T,Arcos Juego Cuchillos Carne | 6 Piezas | Cuchillos Carne Cuchillo chuleteros | Cubiertos Acero Inoxidable | Hoja 110 mm | Mango Redondo y Forma Ovalada | monobock | Caja Envase Ecológico (6 unidades),809900FBM,182,3,0.02%,0.01%,277,4,0.02%,0.01%,99.14%,100.00%,6,0,3.30%,0.00%,"167,94 €","0,00 €",5,0
B08Q7W1Q4K,B08Q7W1Q4K,"Tradineur - Pack de 2 Graseras de metal de Ø 9,3 x 11 cm - Incluye filtro, asa y tapa - Aceitera con colador para conservación de aceite de acero inoxidable - Capacidad de 550 ml",22105+22106,155,0,0.02%,0.00%,194,0,0.01%,0.00%,99.43%,0.00%,5,0,3.23%,0.00%,"53,85 €","0,00 €",5,0
B0CQLQ57BT,B08TWZGJ69,"Arcos Cazo Antiadherente 20 cm Aluminio Fundido para Todo Tipo de Cocinas, Mango Ergonómico, Ahorro Energético, Apto Lavavajillas, Negro/Azul, Serie Thera",719200,223,6,0.02%,0.03%,278,7,0.02%,0.02%,89.58%,50.00%,5,0,2.24%,0.00%,"149,95 €","0,00 €",5,0
B0CQLP3WHM,B08TX1S5W4,"Arcos Grill Antiadherente Aluminio Fundido 34x26 cm, Apto para Todas las Cocinas, Asas Silicona, Ahorro Energético, Lavavajillas, Negro/Azul, Serie Thera",719500,228,13,0.02%,0.06%,393,19,0.03%,0.06%,49.10%,42.86%,5,0,2.19%,0.00%,"209,50 €","0,00 €",5,0
B08ZNM265D,B08ZNM265D,Arcos | cuchillos de mesa cuchillo mesa tradicional | 6 Piezas cuchillo chuletero | mango nailon | Envase Eco | Fabricado en España,704400_fba,361,7,0.04%,0.03%,531,8,0.04%,0.03%,99.79%,100.00%,6,0,1.66%,0.00%,"160,45 €","0,00 €",5,0
B09WYWVGCS,B09WYWVGCS,Arcos Clara Juego 3 Cuchillos Forjados Acero Inoxidable Nitrum,212000_819010,268,4,0.03%,0.02%,404,4,0.03%,0.01%,93.89%,100.00%,5,0,1.87%,0.00%,"251,36 €","0,00 €",5,0
B0BJPYW95J,B0BJPYW95J,Arcos Accesorios - Sacacorchos Manual Abrebotellas Manual - Mango de Aleación de Zinc - Color Negro mate (Incluye cortacápsulas),607500_,284,14,0.03%,0.07%,455,17,0.03%,0.06%,97.66%,100.00%,5,0,1.76%,0.00%,"209,95 €","0,00 €",5,0
B0CVH8PC99,B0CQTKPL63,CUPERINOX Cuchillos Carne | Cuchillos Mesa | Cuchillos Chuleteros | 24 Piezas | Hoja Serrada | Mango Polipropileno | Acero Inoxidable | 11 cm,99923,272,14,0.03%,0.07%,387,26,0.03%,0.09%,100.00%,100.00%,5,0,1.84%,0.00%,"84,95 €","0,00 €",5,0
B0CYTKGNPM,B0CW68KM18,Pelador de Cocina ARCOS - Hoja de Acero Inoxidable | Mango Ergonómico | Herramienta Versátil para Pelar Frutas y Verduras,607300_,"2,107",43,0.20%,0.21%,"2,615",55,0.18%,0.18%,97.91%,96.97%,8,7,0.38%,16.28%,"64,52 €","56,03 €",5,4
B0DKP7F29P,B0DJC1RQ9T,"Arcos Serie Samoa Iconic | Cacerola Antiadherente Cerámico 20 cm y 2,6 L | Aluminio Forjado | Apta cualquier cocina | Mango Acero Inoxidable | Color Negro | LIBRE DE (PFOA/PTFE/PFOS)",716922,203,4,0.02%,0.02%,243,6,0.02%,0.02%,86.43%,100.00%,5,0,2.46%,0.00%,"265,87 €","0,00 €",5,0
B0F9X4NXL3,B0F9KXQKLG,"CUPERINOX Cuchillos Mesa, cuchillo carne, cuchillo mantequilla, Set 24 piezas, acero inoxidable, hoja con filo y sierra, cuchillo untar. Apto lavavajillas. Mango ergonomico",20043-24,100,3,0.01%,0.01%,120,4,0.01%,0.01%,99.04%,0.00%,5,0,5.00%,0.00%,"99,95 €","0,00 €",5,0
B0FBRQYHVM,B0FBRNCHGJ,"CUPERINOX® Ventilador Portátil Silencioso y Recargable con Power Bank 20000mAh, +50H de batería – Ventilador de Mesa USB con Mando, Luz LED y 4 Velocidades – Ideal para Dormir, Camping y Hogar.",A27000,107,4,0.01%,0.02%,159,6,0.01%,0.02%,100.00%,100.00%,5,0,4.67%,0.00%,"237,45 €","0,00 €",5,0
B0DKP7F29P,B0FS7XZKVF,"Arcos Sartén Samoa Inox 20 cm, Acero inoxidable tricapa sin PFAS",726100,517,10,0.05%,0.05%,615,14,0.04%,0.05%,86.56%,100.00%,5,1,0.97%,10.00%,"174,75 €","34,95 €",5,1
B0F1ZF7H1L,B005LR6J3Y,Arcos Riviera Juego 6 Cuchillos Forjados Acero Inoxidable Nitrum,234200_,"1,322",31,0.13%,0.15%,"1,508",32,0.10%,0.11%,63.41%,75.00%,4,0,0.30%,0.00%,"682,06 €","0,00 €",4,0
B0CQ92BWQ8,B009QXKGKG,"HENDI Bolsa de Transporte y Reparto de Pizzas, Bolsa Portapizzas con Aislamiento, Impermeable, Bolsa para la Entrega de Pedidos de Pizza y Comidas, Interior 45x45x(H) 18cm, Roja, 47x47x(H) 21cm",H709818,82,8,0.01%,0.04%,113,8,0.01%,0.03%,57.58%,50.00%,4,0,4.88%,0.00%,"124,60 €","0,00 €",4,0
B00J3ZVN54,B00J3ZVN54,ARCOS Cucharas de Mesa Acero Inoxidable 200 mm,574600_,920,24,0.09%,0.12%,"1,443",43,0.10%,0.14%,5.04%,5.56%,6,0,0.65%,0.00%,"53,94 €","0,00 €",4,0
B0F1ZF7H1L,B00J64GI70,Arcos Riviera Blanc Cuchillo Fileteador Forjado Acero Inoxidable 200 mm,233024_,490,9,0.05%,0.04%,546,10,0.04%,0.03%,32.90%,0.00%,4,0,0.82%,0.00%,"103,96 €","0,00 €",4,0
B00R6JUIUK,B00R6JUIUK,Arcos Cuchillo Chuletero Acero Inoxidable 105 mm,100400_1pza,"2,900",54,0.28%,0.26%,"4,616",99,0.31%,0.33%,0.08%,3.23%,17,1,0.59%,1.85%,"67,83 €","3,99 €",4,1
B017HKSTCQ,B00VRWSIUO,Arcos Serie Ecopro - Tijeras de Cocina - Acero Inoxidable 240 mm - Mango de Acero Inoxidable - Color Plata,809800_,"3,224",63,0.31%,0.30%,"4,052",81,0.27%,0.27%,0.69%,46.67%,4,2,0.12%,3.17%,"72,55 €","36,98 €",4,2
B0752NT3TH,B00VRWSQIS,Arcos Serie Prochef - Tijeras de Cocina - Hoja de Acero Inoxidable - 200 mm - Mango de Polipropileno Color Negro,185300,501,7,0.05%,0.03%,574,7,0.04%,0.02%,37.27%,0.00%,4,0,0.80%,0.00%,"85,80 €","0,00 €",4,0
B00WUZR7H2,B00WUZR7H2,Arcos Serie Cuchillos de Mesa - Cuchillo Mesa - Hoja Serrada de Acero Inoxidable de 125 mm - Cuchillo Monoblock Acero Inoxidable Color Plata,460400_1pieza,133,2,0.01%,0.01%,183,3,0.01%,0.01%,98.81%,0.00%,12,0,9.02%,0.00%,"53,88 €","0,00 €",4,0
B017HKSR4G,B00WUZRKJW,Arcos Cuchillos de Mesa - Hoja de Acero Inoxidable Nitrum 110 mm - Mango Ergonómico de Polipropileno - Ideal para Comedor - Color Crema - Serie Elegance,802900,355,9,0.03%,0.04%,539,12,0.04%,0.04%,94.61%,100.00%,11,0,3.10%,0.00%,"38,39 €","0,00 €",4,0
B0F1ZF7H1L,B017DEWUDK,Arcos Cuchillo Acero Inoxidable 300 mm,233824_,293,4,0.03%,0.02%,340,4,0.02%,0.01%,94.30%,66.67%,4,0,1.37%,0.00%,"224,96 €","0,00 €",4,0
B0189HXS8Q,B017DLLIUO,Arcos Navaja Profesional Acero Inoxidable 85 mm,485929,580,13,0.06%,0.06%,958,26,0.06%,0.09%,3.87%,15.79%,5,0,0.86%,0.00%,"37,75 €","0,00 €",4,0
B0F5L5VJM5,B0719K21HP,Arcos Tenazas de Marisco Acero Inoxidable 185 mm,606400_,"1,707",41,0.17%,0.20%,"2,848",79,0.19%,0.26%,1.28%,9.30%,16,11,0.94%,26.83%,"299,64 €","199,69 €",4,2
B08S87M447,B07BMGMVY4,Arcos Serie Riviera Rose - Cuchillo Cocinero - Hoja de Acero Inoxidable Forjado NITRUM 200 mm - Mango de Polioximetileno (POM) Color Rosa,233654_,139,1,0.01%,0.00%,219,1,0.01%,0.00%,95.70%,100.00%,4,0,2.88%,0.00%,"135,96 €","0,00 €",4,0
B07BZ95N39,B07BZ95N39,"HENDI Pasta combustible para Chafing Dish, 24 x 200 g",H194300,220,17,0.02%,0.08%,329,31,0.02%,0.10%,15.71%,8.70%,4,0,1.82%,0.00%,"174,00 €","0,00 €",4,0
B0FR444FLT,B07DC8JHV4,Arcos Cuchillo verduras Acero Inoxidable. Cuchillo profesional para pelar frutas y verduras. Mango ergonómico polioximetileno y Hoja 130 mm. Serie Manhattan. Color negro.,161100_,104,1,0.01%,0.00%,137,1,0.01%,0.00%,89.47%,0.00%,4,0,3.85%,0.00%,"97,96 €","0,00 €",4,0
B0FR444FLT,B07DC9LM3W,"Arcos Cuchillo Panadero Profesional - Hoja Silk Edge 200 mm en Acero Inoxidable Nitrum, Corte Preciso y Duradero, Ideal para Pan y Pasteles, Diseño Elegante y Seguro, Serie Manhattan",161300_,286,7,0.03%,0.03%,355,8,0.02%,0.03%,94.60%,100.00%,4,0,1.40%,0.00%,"122,74 €","0,00 €",4,0
B07F6C8L9T,B07F6C8L9T,ARCOS Sacacorchos Eléctrico ABS Batería Recargable Plata,604900_,"2,627",54,0.25%,0.26%,"3,569",88,0.24%,0.29%,2.37%,6.38%,5,0,0.19%,0.00%,"221,41 €","0,00 €",4,0
B0D1GH3QKG,B07MTPQ9KF,"HENDI Báscula pesa balanza digital de cocina, cuerpo de plástico HIPS con pantalla digital LED integrada, alta precisión, máximo 15 kg, 3 pilas AAA no incluidas, 266x269x(h)34 mm, acero inoxidable",H580233,133,17,0.01%,0.08%,191,26,0.01%,0.09%,42.78%,40.91%,6,3,4.51%,17.65%,"206,56 €","103,27 €",4,3
B0D1CTXJXN,B07MZJTY16,HENDI Jarra medidora apilable - 5 L - ø210x(H)270 mm,H567852,35,0,0.00%,0.00%,38,0,0.00%,0.00%,100.00%,0.00%,7,5,20.00%,0.00%,"95,50 €","67,52 €",4,2
B0CSXP6TLN,B07MZK9VXP,"HENDI Descalcificador de agua, 12L",H231227,243,14,0.02%,0.07%,318,20,0.02%,0.07%,88.03%,40.00%,4,0,1.65%,0.00%,"478,90 €","0,00 €",4,0
B0FR444FLT,B07N8Q63Z6,Arcos Brooklyn Cuchillo para Tomates Forjado Acero Inoxidable Nitrum 130 mm,192023_,439,8,0.04%,0.04%,524,12,0.04%,0.04%,3.23%,100.00%,4,1,0.91%,12.50%,"119,21 €","26,44 €",4,1
B085SP2NWD,B07N9C9NG4,"HENDI Caja para masa de pizza y de pan, 24L, caja de fermentación, apilable, sin tapa, apta para alimentos, recipiente contenedor porta masa alimentos, sin BPA, 600x400x(H) 130mm, HDPE",H880920,79,10,0.01%,0.05%,129,16,0.01%,0.05%,19.49%,0.00%,4,0,5.06%,0.00%,"88,32 €","0,00 €",4,0
B07NDV5T2F,B07NDV5T2F,Arcos Serie Brooklyn - Cuchillo Cocinero - Hoja de Acero Inoxidable Forjado NITRUM 210 mm - Mango de Micarta Color Azul (Filo Seda),190623_fbm,139,1,0.01%,0.00%,232,1,0.02%,0.00%,97.99%,0.00%,4,0,2.88%,0.00%,"184,72 €","0,00 €",4,0
B0FQNZM34T,B0843DKXYN,Arcos Opera Cuchillo Jamonero Forjado Acero Inoxidable Nitrum 300 mm,226800_,203,7,0.02%,0.03%,250,11,0.02%,0.04%,73.78%,100.00%,4,1,1.97%,14.29%,"139,80 €","34,95 €",4,1
B0DK3CM34K,B0862VPJ9H,"HENDI Cabezal de antorcha de cocina de llama continua, soplete flambeador, quemador, recargable con cartuchos de gas GLP 199039, mango ergonómico, versátil-seguro 360°, 185x65x(H)100mm, negro y verde",H198247,211,16,0.02%,0.08%,298,25,0.02%,0.08%,28.35%,27.78%,4,1,1.90%,6.25%,"94,16 €","24,99 €",4,1
B08VRP7CR7,B08G8M6QDS,Arcos Juego de Cuchillos chuleteros - Envase Ecologico 100% - 4 Cuchillos Carne - Cubiertos Mesa Acero Inoxidable,809500_,167,1,0.02%,0.00%,264,2,0.02%,0.01%,100.00%,100.00%,4,0,2.40%,0.00%,"75,48 €","0,00 €",4,0
B08G8QCM5H,B08G8QCM5H,ARCOS cuchillo pelador | 6 PIEZAS | cuchillo de pelar | cuchillos pelar patatas | Hoja 100 mm | Negro | cuchillo arcos pelador Acero Inoxidable,816500,743,23,0.07%,0.11%,968,31,0.07%,0.10%,99.65%,100.00%,4,1,0.54%,4.35%,"75,96 €","18,99 €",4,1
B08L27XH2W,B08L27XH2W,"HENDI Mochila isotérmica de Transporte y Reparto de Pizzas y Alimentos, Bolsa aislada e Impermeable para la Entrega de Pedidos de Pizza y Comidas, Interior 39x39x(H) 45cm, Negra, 41x41x(H) 48cm",H709801,193,11,0.02%,0.05%,298,16,0.02%,0.05%,52.96%,27.27%,4,0,2.07%,0.00%,"269,27 €","0,00 €",4,0
B09FQ5SZK8,B08MV1BJ5Z,Arcos Serie Nordika - Cuchillo Cocinero - Acero Inoxidable NITRUM - Hoja de 140 mm - Mango de Madera Ovengkol 100% natural FSC - Embalaje 100% reciclado,165400_fbm,985,14,0.10%,0.07%,"1,161",21,0.08%,0.07%,29.87%,12.50%,4,0,0.41%,0.00%,"100,37 €","0,00 €",4,0
B0CQLQ57BT,B08TWYJ47S,"Arcos Cazo Antiadherente 18 cm - Aluminio Fundido, Apto para Todas las Cocinas, Mango Ergonómico, Ahorro Energético, Lavavajillas, Negro/Azul - Serie Thera",719100,98,4,0.01%,0.02%,146,5,0.01%,0.02%,64.89%,100.00%,4,0,4.08%,0.00%,"103,92 €","0,00 €",4,0
B0CQLP3WHM,B08TWZRRGR,"Arcos Thera Sarten Grill Antiadherente de 28x28 Cm para Inducción, Gas y Vitrocerámica. Grill de Aluminio Fundido con Mango Ergonómico Extraíble y Apta para Lavavajillas. Color Negro y Azul",719400,133,5,0.01%,0.02%,178,6,0.01%,0.02%,75.47%,75.00%,4,1,3.01%,20.00%,"168,43 €","39,99 €",4,1
B0F1N351DY,B097RDB5T3,Arcos Juego de 3 Cuchillos Mondadores Acero Inoxidable 100 mm,816500_3piezas,"2,606",40,0.25%,0.19%,"3,363",48,0.23%,0.16%,4.86%,13.64%,5,0,0.19%,0.00%,"62,45 €","0,00 €",4,0
B098BLF7X6,B098BLF7X6,"Tradineur - Grasera metálica para pescado con filtro, aceitera con colador para conservación de aceite de acero inoxidable, recipiente para colar aceites - Ø 9 cm",22106_us,124,1,0.01%,0.00%,159,1,0.01%,0.00%,100.00%,100.00%,13,0,10.48%,0.00%,"96,99 €","0,00 €",4,0
B09BVVKYWV,B09BVVKYWV,"CUPERINOX Navaja 5 en1 multiusos | Incluye Afilador Navaja| Funcion Abrebotella, rompecristales y corta cuerdas| Navaja Filo Liso y Sierra|",30060,118,3,0.01%,0.01%,157,3,0.01%,0.01%,99.31%,100.00%,4,0,3.39%,0.00%,"56,98 €","0,00 €",4,0
B09WYZHGQF,B09WYZHGQF,Arcos Nordika Juego 3 Cuchillos para Queso Acero Inoxidable Nitrum,167200_us,230,20,0.02%,0.10%,342,40,0.02%,0.13%,46.00%,22.22%,4,0,1.74%,0.00%,"275,20 €","0,00 €",4,0
B09XF4MLJT,B09XF4MLJT,Arcos Serie Clara - Set 4 Cuchillos de Cocina (Mondador + Cocina + Chef + Tijeras) - Acero Inoxidable Forjado NITRUM - Mango Inyectado de Polipropileno - Color Negro,819010_fbm,44,0,0.00%,0.00%,93,0,0.01%,0.00%,88.89%,0.00%,4,0,9.09%,0.00%,"193,96 €","0,00 €",4,0
B0FQNZM34T,B0BRTZ2X8C,Arcos Serie Opera - Set Cuchillos de Cocina 3 piezas - Acero Inoxidable Forjado NITRUM - Mango POM - Color negro,805900_,301,9,0.03%,0.04%,362,17,0.02%,0.06%,95.11%,100.00%,4,0,1.33%,0.00%,"291,60 €","0,00 €",4,0
B0DB5X7S4H,B0DB5X7S4H,Arcos Serie Riviera - Juego Cuchillos Cocina 3 piezas (1 Cuchillo Mondador + 1 Santoku + 1 Cuchillo de Chef) - Hoja de Acero Inoxidable Forjado NITRUM - Mango de Polioximetileno (POM) - Color Negro,2340100,112,2,0.01%,0.01%,149,3,0.01%,0.01%,95.04%,100.00%,4,0,3.57%,0.00%,"399,96 €","0,00 €",4,0
B0DPLG5V7Q,B0DPJDWB77,CUPERINOX Tazas de Capuccino de Cristal - Vaso cafe - Vaso Cristal - 200ml (Set de 2) - Apto para Lavavajillas y Microondas - Aroma Series,26121_,121,0,0.01%,0.00%,176,0,0.01%,0.00%,98.69%,0.00%,5,0,4.13%,0.00%,"59,99 €","0,00 €",4,0
B0F9X4NXL3,B0F9KW1V3K,"Cuchillos Mesa, cuchillo carne, cuchillo mantequilla, Set 12 piezas, acero inoxidable, hoja con filo y sierra, cuchillo untar. Apto lavavajillas. Mango ergonomico",20043--12,641,15,0.06%,0.07%,868,24,0.06%,0.08%,99.75%,100.00%,4,0,0.62%,0.00%,"47,96 €","0,00 €",4,0
B0F1ZF7H1L,B005LR6E0C,Arcos Cuchillo Cocinero Acero Inoxidable Negro 150 mm,233400_,"2,181",30,0.21%,0.14%,"2,762",34,0.19%,0.11%,0.90%,5.56%,3,0,0.14%,0.00%,"80,97 €","0,00 €",3,0
B00XJBJO4K,B005LRSJK0,"Arcos Guantes de Protección de Malla - Acero Inoxidable Anticorte para Cocina - Tamaño L 270 mm - Certificación EN 420, EN 10827 - Seguridad y Durabilidad",615400,38,0,0.00%,0.00%,46,0,0.00%,0.00%,69.77%,0.00%,3,0,7.89%,0.00%,"389,70 €","0,00 €",3,0
B0F54LTCFF,B007TS67WG,Arcos Cuchillo Chef Acero Inoxidable 300 mm,280804,641,3,0.06%,0.01%,756,3,0.05%,0.01%,10.80%,33.33%,3,0,0.47%,0.00%,"89,25 €","0,00 €",3,0
B0F54LTCFF,B007TS68IO,Arcos Universal Cuchillo Carnicero Deshuesador Acero Inoxidable 180 mm,288300_fbm,779,11,0.08%,0.05%,862,11,0.06%,0.04%,20.32%,33.33%,3,0,0.39%,0.00%,"85,47 €","0,00 €",3,0
B0F54LTCFF,B007TS6GIG,Arcos Conjunto Cuchillos 6 piezas Acero Inoxidable Nitrum. 3760 gr. Bloque madera pino. Mango ergonómico polioximetileno POM. Serie Universal. Mayor control. Color negro.,285100_,783,10,0.08%,0.05%,919,10,0.06%,0.03%,48.90%,80.00%,3,0,0.38%,0.00%,"299,97 €","0,00 €",3,0
B0CQ92BWQ8,B009QXIRPC,"HENDI Bolsa de Transporte y Reparto de Pizzas, Bolsa Portapizzas con Aislamiento, Impermeable, Bolsa para la Entrega de Pedidos de Pizza y Comidas, Interior 35x35x(H) 18cm, Roja, 37x37x(H) 20cm",H709825,137,13,0.01%,0.06%,217,21,0.01%,0.07%,35.90%,21.43%,5,0,3.65%,0.00%,"120,70 €","0,00 €",3,0
B00FHTW89A,B00FHTW89A,ARCOS Chaira Afilador Acero al Carbono Cromado 300 mm,278510_,72,0,0.01%,0.00%,112,0,0.01%,0.00%,49.49%,0.00%,3,0,4.17%,0.00%,"68,97 €","0,00 €",3,0
B0G39V4XR3,B00ITVQOOI,ARCOS Tenedor de Mesa Acero Inoxidable 18/10 200 mm,371600_1pieza,69,3,0.01%,0.01%,145,5,0.01%,0.02%,64.39%,0.00%,6,0,8.70%,0.00%,"29,94 €","0,00 €",3,0
B0D1CYZT7H,B00JN2S0UI,HENDI Escurridor de patatas fritas de aluminio - Gris claro - diámetro400x(H)170 mm,H630006,66,5,0.01%,0.02%,81,7,0.01%,0.02%,92.21%,50.00%,3,0,4.55%,0.00%,"87,75 €","0,00 €",3,0
B017HKR8WS,B00OFR535Q,"Arcos Afiladores - Afilador Eléctrico de Cuchillos Afilador de Cuchillos Eléctricos, Hecho de Plástico, Color Negro (Rodillos de Banda Intercambiables)",610500_fbm,"1,615",64,0.16%,0.31%,"1,786",79,0.12%,0.26%,99.75%,100.00%,3,1,0.19%,1.56%,"730,97 €","234,99 €",3,1
B0G39VSVBM,B00U2QWO1K,Arcos Latina Cuchillo Chuletero Acero Inoxidable 105 mm,100400_1pieza,943,15,0.09%,0.07%,"1,347",18,0.09%,0.06%,13.87%,18.18%,8,0,0.85%,0.00%,"30,00 €","0,00 €",3,0
B0F54LTCFF,B00VRWR53K,"Arcos Serie Universal, Macheta Cuchillo Carnicero, Hoja de Acero Inoxidable Nitrum 180 mm, Mango de Polioximetileno, Pom Color Negro",288100_,371,9,0.04%,0.04%,453,9,0.03%,0.03%,99.76%,50.00%,3,0,0.81%,0.00%,"113,97 €","0,00 €",3,0
B06XB92VRH,B00YU2YTTM,CUPERINOX Cafetera Italiana Induccion Espresso Acero Inoxidable 4 Tazas,25032,403,6,0.04%,0.03%,569,10,0.04%,0.03%,86.69%,80.00%,3,0,0.74%,0.00%,"50,85 €","0,00 €",3,0
B0752VKJ59,B017DLH9NE,Arcos Afilador Acero Nitrum Acero Inoxidable y Hoja 300 mm. Serie Chaira. Cuerpo Acero al Carbono Recubierto Cromo 11 - Mango Polipropileno. Formas ligeras yuaves. Color Negro.,278310_,40,0,0.00%,0.00%,94,0,0.01%,0.00%,89.04%,0.00%,3,0,7.50%,0.00%,"74,97 €","0,00 €",3,0
B071LGMH89,B071LGMH89,Arcos Mesa Cuchillo Carne Nitrum Pack Madera Marrón 4 pulg,374610_fbm,388,9,0.04%,0.04%,508,16,0.03%,0.05%,9.35%,25.00%,10,0,2.58%,0.00%,"167,40 €","0,00 €",3,0
B0F1N351DY,B072FGV2YH,Arcos Juego de 6 Cuchillos Mondadores Acero Inoxidable 100 mm,189100_2,"13,156",282,1.28%,1.35%,"20,434",427,1.38%,1.43%,0.19%,1.52%,3,1,0.02%,0.35%,"51,49 €","16,99 €",3,1
B0B3D6SCY5,B076PYQ6YH,ARCOS Jamonero Madera de Pino Lacada Herrajes Metálicos Caoba,683200,"2,695",30,0.26%,0.14%,"3,638",35,0.25%,0.12%,5.51%,5.56%,3,0,0.11%,0.00%,"263,82 €","0,00 €",3,0
B07882914Y,B07882914Y,Wins - Limpiador Suelos y Superficies Concentrado Amoniacal Pino 021 - Garrafa 5L,WINS021,54,6,0.01%,0.03%,68,9,0.00%,0.03%,87.88%,85.71%,5,4,9.26%,66.67%,"70,94 €","56,45 €",3,2
B0788R5C2F,B0788R5C2F,Wins 019 Desincrustante Máquinas. Envase 5 L. Producto ácido para la eliminación de incrustaciones de cal y óxido en máquinas lavavajillas.,BM-7KH8-TWCU,113,4,0.01%,0.02%,137,5,0.01%,0.02%,98.44%,100.00%,3,0,2.65%,0.00%,"58,26 €","0,00 €",3,0
B07TYQJ4YX,B07D2VL8BP,HENDI Máquina para hacer pasta - 210x(H)340 mm,H224830,144,1,0.01%,0.00%,191,1,0.01%,0.00%,60.92%,100.00%,3,0,2.08%,0.00%,"110,04 €","0,00 €",3,0
B07D5FFJ36,B07D5FFJ36,"HENDI Bandeja de Servicio Ovalada XL, Superficie Antideslizante, 735x600x(H) 31mm, Negro, Fibra de Vidrio y Goma",H508831,51,5,0.00%,0.02%,78,12,0.01%,0.04%,87.14%,80.00%,4,3,7.84%,60.00%,"192,43 €","142,44 €",3,2
B086X1XQXD,B07DC8C7Y6,"HENDI Expositor con cubierta deslizante roll-top, Doble",H871713,113,11,0.01%,0.05%,150,16,0.01%,0.05%,82.71%,30.77%,3,0,2.65%,0.00%,"229,07 €","0,00 €",3,0
B0FR444FLT,B07DFNDYFM,Arcos Cuchillo pescado Forgedole Acero Inoxidable forjado. Mango Micarta y borseda especial con Hoja plateada 190 mm. Serie Manhattan. Color negro. Impresiona yorprencon cada corte.,161400_,88,2,0.01%,0.01%,114,2,0.01%,0.01%,98.99%,100.00%,3,0,3.41%,0.00%,"70,50 €","0,00 €",3,0
B07F8Z6XL1,B07F8Z6XL1,VINFERMATÓN - Insecticida Matón Cucas Cucarachas y Hormigas Instantáneo 300ml,V101302,58,7,0.01%,0.03%,74,7,0.01%,0.02%,82.35%,0.00%,5,0,8.62%,0.00%,"39,45 €","0,00 €",3,0
B07G75VRY2,B07G75VRY2,"Arcos Serie Cuchillos de Mesa Caja 12 uds Cuchillo Chuletero, Hoja Serrada de Acero Inoxidable de 110 mm, Cuchillo Monoblock Acero Inoxidable Color plata (12 UDS)",375800_(809900x2),99,2,0.01%,0.01%,166,3,0.01%,0.01%,64.00%,50.00%,3,0,3.03%,0.00%,"173,97 €","0,00 €",3,0
B0752VCNQB,B07G77VNNM,"Arcos Serie Cuchillos de Mesa Caja 12 uds Cuchillo Chuletero, Hoja Filo de Acero Inoxidable de 110 mm, Cuchillo Monoblock Acero Inoxidable Color plata (12 UDS)",376500_fbm,85,3,0.01%,0.01%,102,5,0.01%,0.02%,58.23%,100.00%,3,2,3.53%,66.67%,"219,97 €","139,98 €",3,2
B07JWM27F4,B07JWM27F4,Arcos Set Cuchillos Cocina Profesionales Forjados en Acero Inoxidable. Juego de 3 Cuchillos (Pelador 100 mm + Cocinero 150 mm + Cocinero 200 mm). Mango Ergonómico Rosa en Polioximetileno. Riviera Rose,855100,711,19,0.07%,0.09%,983,40,0.07%,0.13%,99.08%,100.00%,3,1,0.42%,5.26%,"211,96 €","61,98 €",3,1
B07N8VHFLF,B07N8VHFLF,Arcos - Cubertería Burdeos Arcos 24 piezas,592400_,252,5,0.02%,0.02%,330,10,0.02%,0.03%,100.00%,100.00%,4,0,1.59%,0.00%,"239,96 €","0,00 €",3,0
B0FR444FLT,B07N8WXGW7,Arcos Brooklyn - Cuchillo de Lenguado Cuchillo para Pescado - Acero Inoxidable Forjado NITRUM 170 mm - Mango Micarta Color Azul (Filo Seda),191423_,485,13,0.05%,0.06%,557,19,0.04%,0.06%,92.75%,80.00%,3,0,0.62%,0.00%,"107,97 €","0,00 €",3,0
B0FQNZM34T,B0843T2DL9,Arcos Juego cocina 3 pzas. Serie Ópera + Tijeras + Taco,228700_us,136,4,0.01%,0.02%,180,4,0.01%,0.01%,71.61%,100.00%,3,0,2.21%,0.00%,"239,97 €","0,00 €",3,0
B08Y8NS7PN,B08MT61GJV,Arcos Juego Cuchillos Cocina | 2 pzas |Profesional (150 mm) | Cuchillo Cortador Verduras (100 mm)| Acero Inoxidable Nitrum | Mango Negro | Envase Eco,819900,277,3,0.03%,0.01%,375,5,0.03%,0.02%,99.12%,100.00%,3,1,1.08%,33.33%,"51,97 €","16,49 €",3,1
B09FQ5SZK8,B08MTZZQV5,Arcos Cuchillo para Pan Acero Inoxidable Nitrum 200 mm,166400_fbm,448,12,0.04%,0.06%,551,12,0.04%,0.04%,31.14%,28.57%,3,0,0.67%,0.00%,"85,52 €","0,00 €",3,0
B08WR6CHHN,B08MW17PLN,Arcos Juego Cuchillos Carne | 6 Piezas | Cuchillo chuleteros | Hoja 110 mm | monoblock | Cuchillo en 1 Sola Pieza | Cuchillos Carne Cubiertos Acero Inoxidable | Caja Envase Ecológico (Sierra Laser),815900FBM,99,3,0.01%,0.01%,132,6,0.01%,0.02%,100.00%,100.00%,3,0,3.03%,0.00%,"110,97 €","0,00 €",3,0
B0CQLNJVKL,B08TWZR9Y6,"Arcos Thera Sartén Antiadherente de 20 Cm para Inducción, Gas y Vitrocerámica. Sartén de Cocina Pequeña de Aluminio Fundido con Mango Ergonómico Extraíble y Apta para Lavavajillas. Color Negro y Azul",718200,56,3,0.01%,0.01%,59,3,0.00%,0.01%,36.54%,0.00%,3,0,5.36%,0.00%,"80,97 €","0,00 €",3,0
B09DPRCMTF,B0987MG3JQ,Arcos Juego Cuchillos Carne | Cuchillo chuleteros | Cuchillos Carne Cuchillos Mesa | 6 Uds | Hoja 110 mm | Acero Inoxidable | Mango Nylon | Apto lavavajillas | Envase Ecológico (Filo Liso),814200FBM,145,1,0.01%,0.00%,194,1,0.01%,0.00%,100.00%,100.00%,3,0,2.07%,0.00%,"59,97 €","0,00 €",3,0
B09WYYY5MD,B09WYYY5MD,Arcos Nordika Cuchillo para Queso Acero Inoxidable Nitrum 125 mm,166100_us,69,1,0.01%,0.00%,104,1,0.01%,0.00%,48.24%,0.00%,4,0,5.80%,0.00%,"105,96 €","0,00 €",3,0
B0BRSYXXRN,B0BRSYXXRN,"HENDI Cesta para Freír, 10L, 280x210x(H)140mm",H961247,32,2,0.00%,0.01%,46,2,0.00%,0.01%,94.59%,100.00%,3,0,9.38%,0.00%,"125,97 €","0,00 €",3,0
B0BRT1JYNQ,B0BRT1JYNQ,Arcos Riviera - Juego de Cuchillos de Cocina (Mondador + 2 Cuchillo Chef) - Acero Inoxidable Forjado NITRUM - Mango POM - Color Negro,838310,211,2,0.02%,0.01%,305,2,0.02%,0.01%,78.02%,50.00%,3,0,1.42%,0.00%,"251,97 €","0,00 €",3,0
B0CYTKGNPM,B0CW66H3TR,Pelador de Tomate ARCOS - Hoja Serrada de Acero Inoxidable | Mango Ergonómico | Ideal para Tomates,607420,"1,344",19,0.13%,0.09%,"1,514",22,0.10%,0.07%,99.93%,93.33%,3,1,0.22%,5.26%,"23,97 €","7,99 €",3,1
B0DKP7F29P,B0DJBZK9SX,"Arcos Serie Samoa Iconic | Cazo Antiadherente Cerámico 16 cm y 1,5 L | Aluminio Forjado | Apta cualquier cocina | Mango Acero Inoxidable | Color Negro | LIBRE DE (PFOA/PTFE/PFOS)",717222,168,5,0.02%,0.02%,197,7,0.01%,0.02%,90.80%,100.00%,3,0,1.79%,0.00%,"97,73 €","0,00 €",3,0
B0DNNL2TZQ,B0DNNFGWNJ,"CUPERINOX Aceitera de Cristal Antigoteo para Aceite de Oliva, Resistente y Fácil de Limpiar Gourmet Oil Collection (500 Ml)",22023,769,23,0.07%,0.11%,"1,089",32,0.07%,0.11%,99.27%,100.00%,3,0,0.39%,0.00%,"43,37 €","0,00 €",3,0
B0F9X4NXL3,B0F9GJRSSJ,"CUPERINOX Cuchillos Mesa, cuchillo carne, cuchillo mantequilla, Set 6 piezas, acero inoxidable, hoja con filo y sierra, cuchillo untar. Apto lavavajillas. Mango ergonomico",20043-6,164,2,0.02%,0.01%,220,3,0.01%,0.01%,100.00%,100.00%,3,0,1.83%,0.00%,"29,97 €","0,00 €",3,0
B0F9X4NXL3,B0F9KXQKLG,"CUPERINOX Cuchillos Mesa, cuchillo carne, cuchillo mantequilla, Set 24 piezas, acero inoxidable, hoja con filo y sierra, cuchillo untar. Apto lavavajillas. Mango ergonomico",20043_24,100,3,0.01%,0.01%,120,4,0.01%,0.01%,99.04%,0.00%,4,2,4.00%,66.67%,"77,48 €","37,50 €",3,1
B0FDKY2RXG,B0FDKY2RXG,VINCARE Pack Limpieza Infantil – Detergente Biberones + Multiusos + Quitamanchas – Limpieza Segura para el Entorno del Bebé- 100% MADE IN SPAIN,PACK VINCARE,47,0,0.00%,0.00%,67,0,0.00%,0.00%,86.44%,0.00%,3,0,6.38%,0.00%,"44,97 €","0,00 €",3,0
B08TWZYBPZ,B0FZC8B2NX,"CUPERINOX - Estuche de Cuchillos Profesionales de Cocina 4 Piezas | Chef 20 cm, Santoku 18 cm, Universal 13 cm y Pelador 9 cm | Acero Inoxidable de Alta Precisión | Mango Ergonómico",19301_FBA,565,12,0.05%,0.06%,792,19,0.05%,0.06%,100.00%,100.00%,3,0,0.53%,0.00%,"104,97 €","0,00 €",3,0
B096SHJ82T,B0044R8868,Arcos Juego de 12 Cubiertos para Mesa. Set de 6 Cuchillos Chuleteros y 6 Tenedores en Madera de Haya y Acero Inoxidable. Estuche para Carne. Serie Mesa. Color Marrón,377700_fbm,"4,260",92,0.41%,0.44%,"5,755",138,0.39%,0.46%,1.73%,1.27%,3,0,0.07%,0.00%,"140,97 €","0,00 €",2,0
B0F1ZF7H1L,B005LR6H5O,Arcos Cuchillo Chef Forjado Acero Inoxidable. Cuchillo Cocina Profesional Multiusos Cortar Carne y Verduras. Mango Ergonómico Polioximetileno y Hoja 300mm. Serie Riviera. Color Negro.,233800_,548,6,0.05%,0.03%,633,7,0.04%,0.02%,88.62%,100.00%,2,0,0.36%,0.00%,"119,98 €","0,00 €",2,0
B0F1ZF7H1L,B005LR6JFW,Arcos Conjunto Cuchillos 5 piezas Acero Inoxidable y Hoja mm. 3750 gr. Cuchillo cocina profesional cortar una variedad alimentos con mango ergonómico polioximetileno POM. Serie Riviera. Color negro.,234300_,811,15,0.08%,0.07%,990,17,0.07%,0.06%,45.56%,28.57%,2,0,0.25%,0.00%,"256,30 €","0,00 €",2,0
B005LR6YFC,B005LR6YFC,Arcos Maitre Set Jamonero 2 Piezas Acero Inoxidable Nitrum 275 mm,151900,197,8,0.02%,0.04%,261,9,0.02%,0.03%,21.70%,0.00%,2,0,1.02%,0.00%,"47,36 €","0,00 €",2,0
B005LR78LQ,B005LR78LQ,ARCOS Forged Tijeras de Cocina Acero Inoxidable Forjado 225 mm,507100,88,3,0.01%,0.01%,127,3,0.01%,0.01%,48.67%,66.67%,2,1,2.27%,33.33%,"77,00 €","38,50 €",2,1
B0B3F4QXML,B008U6T7Q4,Arcos Clásica Cuchillo Santoku Forjado Acero Inoxidable Nitrum 180 mm,256600_fmb,588,8,0.06%,0.04%,823,11,0.06%,0.04%,17.13%,0.00%,2,0,0.34%,0.00%,"63,98 €","0,00 €",2,0
B0F1ZF7H1L,B00BHZPHOG,Arcos Riviera Blanc Cuchillo Panero Acero Inoxidable Nitrum 200 mm,231324_,442,11,0.04%,0.05%,587,11,0.04%,0.04%,16.97%,0.00%,2,0,0.45%,0.00%,"59,88 €","0,00 €",2,0
B00BQU0C8I,B00BQU0C8I,"HENDI Dispensador de Bebidas Calientes Eléctrico, Doble Pared, Termostato Regulable hasta 110°C, 18L, 230V, 2200W, 386x393x(H)641mm, Acero Inoxidable",H211502,18,5,0.00%,0.02%,21,6,0.00%,0.02%,90.48%,100.00%,2,2,11.11%,40.00%,"359,98 €","359,98 €",2,2
B00BQU0FB2,B00BQU0FB2,"HENDI Filtros de papel para cafetera de goteo, 1000 unidades, desechables, papel de filtro de café, ⌀245x(H)62mm, blanco",H208656,20,5,0.00%,0.02%,28,12,0.00%,0.04%,37.04%,18.18%,2,1,10.00%,20.00%,"83,50 €","41,75 €",2,1
B00CWZQJZG,B00CWZQJZG,"Arcos Cuchillos Mesa - Cuchillo Carne Mesa - Monobloque unaola pieza Acero Inoxidable 4"" - Color Plateado - Corta todo tipo carne conimplicidad y practicidad -erie Monobloque - Color Gris",702000_1pza_fba,111,3,0.01%,0.01%,153,5,0.01%,0.02%,85.52%,100.00%,16,0,14.41%,0.00%,"76,84 €","0,00 €",2,0
B00D3LBPIE,B00D3LBPIE,Arcos Mesa Cuchillo Chuletero Serrado Acero Monoblock Plata 110 mm,809500_1pieza,241,7,0.02%,0.03%,363,19,0.02%,0.06%,32.46%,33.33%,7,1,2.90%,14.29%,"33,95 €","4,85 €",2,1
B00D3LG0YI,B00D3LG0YI,Arcos Cuchillos de Mesa - Hoja Inoxidable NITRUM 110 mm - Cuchillo Chuletero para Carne - Mango de Nylon Duradero - Color Marrón - Ideal para Cocina y Comedor,804000_1pieza,78,1,0.01%,0.00%,96,1,0.01%,0.00%,98.88%,0.00%,8,0,10.26%,0.00%,"31,92 €","0,00 €",2,0
B00E5KWS1A,B00E5KWS1A,"Arcos Accesorios de Cocina - Juego de 5 Piezas (Pelador, Cascanueces, Sacacorchos, Prensa Ajos, Abrelatas) - Aleación de Zinc, Acabado Cromado, Caja Regalo - Plata",604500_,282,5,0.03%,0.02%,367,8,0.02%,0.03%,4.50%,100.00%,2,0,0.71%,0.00%,"132,96 €","0,00 €",2,0
B08L7GKSLH,B00H558KK0,HENDI Placa de inducción de sobremesa profesional modelo 2000,H239230,311,8,0.03%,0.04%,440,16,0.03%,0.05%,97.04%,100.00%,2,0,0.64%,0.00%,"199,90 €","0,00 €",2,0
B0752X4WZ6,B00I9XTFNS,ARCOS Gadgets Pinza para Jamón Nitrum Acero 120 mm,606100_,"1,906",42,0.18%,0.20%,"2,270",47,0.15%,0.16%,0.92%,58.06%,3,3,0.16%,7.14%,"31,65 €","31,65 €",2,2
B08M7BMR2S,B00I9XTLSC,ARCOS Afilador Profesional Manual Cerámica y Carbono Rojo-Negro,610600_2,"19,427",333,1.88%,1.60%,"28,879",487,1.96%,1.63%,0.05%,0.00%,2,0,0.01%,0.00%,"26,98 €","0,00 €",2,0
B00KISSXY4,B00KISSXY4,"HENDI Bandeja de Servicio AmerBox, Grande, Rectangular, Multiusos, Bandeja para Servir Comida rápida, Bebidas, Fast Food, Bandeja de Cocina, 350x450x(H) 20mm, Gris, Polipropileno",H878804,26,0,0.00%,0.00%,37,0,0.00%,0.00%,75.86%,0.00%,3,0,11.54%,0.00%,"29,97 €","0,00 €",2,0
B09381N96H,B00PKFXWJQ,Arcos Serie Cuchillos de Mesa - Cuchillo Mesa - Hoja Serrada de Acero Inoxidable NITRUM de 125 mm - Mango Polipropileno Color crema,370200_1Pieza,169,8,0.02%,0.04%,196,9,0.01%,0.03%,99.44%,100.00%,5,0,2.96%,0.00%,"17,45 €","0,00 €",2,0
B0189HXOXK,B017DLLFI4,Arcos Serie Navajas Profesionales - Navaja Profesional - Hoja Filo de Acero Inoxidable NITRUM de 85 mm - Navaja de Acero Inoxidable Color naranja,485329_fbm,178,9,0.02%,0.04%,270,23,0.02%,0.08%,3.45%,54.55%,3,2,1.69%,22.22%,"22,47 €","14,98 €",2,1
B0752V8D3X,B017DMTB0M,ARCOS Chaira Acero al Carbono y Diamante 230 mm,782100,54,1,0.01%,0.00%,84,1,0.01%,0.00%,2.99%,0.00%,2,0,3.70%,0.00%,"21,50 €","0,00 €",2,0
B019H2J21O,B019H2J21O,"Cuperinox 22531, Flanero Inoxidable 18cm con tapa",22531_us,109,1,0.01%,0.00%,153,1,0.01%,0.00%,99.25%,100.00%,2,0,1.83%,0.00%,"15,98 €","0,00 €",2,0
B0FWM351K4,B01N4WDTRY,CUPERINOX® Couture Series - Tijera Costura Profesional 15 cm | Acero Inoxidable Resistente | Corte Preciso para Telas y Manualidades | Uso Doméstico y Profesional,21962,67,1,0.01%,0.00%,85,1,0.01%,0.00%,87.50%,0.00%,2,0,2.99%,0.00%,"13,58 €","0,00 €",2,0
B07TXLLGJX,B06XRYBCZQ,HENDI Placa de inducción de sobremesa profesional 3500 D XL,H239698,212,10,0.02%,0.05%,274,12,0.02%,0.04%,70.40%,50.00%,2,0,0.94%,0.00%,"563,92 €","0,00 €",2,0
B071LGMGHG,B071LGMGHG,Arcos Tijeras de Manicura Rectas de Acero Forjado 102 mm - Uso Profesional y Doméstico - Niqueladas Plata - Serie Style,501100,101,2,0.01%,0.01%,129,2,0.01%,0.01%,26.05%,100.00%,2,0,1.98%,0.00%,"19,98 €","0,00 €",2,0
B0F1N351DY,B071P2B7X5,Arcos Set 3 Cuchillos Peladores Acero Inoxidable,189622_,"3,458",62,0.34%,0.30%,"5,456",100,0.37%,0.33%,0.16%,11.11%,2,2,0.06%,3.23%,"20,50 €","20,50 €",2,2
B0752NT3TH,B0728B9D8T,ARCOS Prochef Tijeras de Cocina Acero Inoxidable 220 mm,185901,853,16,0.08%,0.08%,997,17,0.07%,0.06%,6.76%,0.00%,2,0,0.23%,0.00%,"55,98 €","0,00 €",2,0
B072BX31NY,B072BX31NY,Arcos Cuchillo de Mesa Forjado Acero Inoxidable Nitrum 100 mm,373728_1pieza,134,0,0.01%,0.00%,188,0,0.01%,0.00%,30.38%,0.00%,2,0,1.49%,0.00%,"33,98 €","0,00 €",2,0
B0F1N351DY,B073V3CYRF,Arcos Cuchillo Mondador de 4 Pulgadas con Hoja de 100mm en Acero Inoxidable y Mango de Polipropileno. Cuchillos de Cocina para Pelar Apto para Lavavajillas. Serie Nova. Color Turquesa,188632_,310,11,0.03%,0.05%,344,12,0.02%,0.04%,99.25%,100.00%,2,0,0.65%,0.00%,"11,98 €","0,00 €",2,0
B075ZWHQLQ,B075ZWHQLQ,Wins - Desengrasante Limpiador Profesional 001 - Garrafa 5L,WINS001,41,1,0.00%,0.00%,61,2,0.00%,0.01%,62.07%,100.00%,9,8,21.95%,800.00%,"115,99 €","102,00 €",2,1
B0761194MW,B0761194MW,VINFER Wins 020 Desengrasante Concentrado Profesional para la Limpieza de planchas de Cocina y hornos. Botella 5 Lt,WINS020,17,0,0.00%,0.00%,28,0,0.00%,0.00%,77.78%,0.00%,2,0,11.76%,0.00%,"35,98 €","0,00 €",2,0
B0FR444FLT,B07C7YV74X,Arcos Manhattan Cuchillo Trinchar Acero Jamón y Carne 250 mm,161900,695,19,0.07%,0.09%,942,20,0.06%,0.07%,97.48%,100.00%,2,1,0.29%,5.26%,"63,91 €","28,92 €",2,1
B0D1CV1MT6,B07D9YVLP6,"HENDI Tabla de cortar con certificación HACCP 600x400 - Blanco, 600x400mm",H825600,136,12,0.01%,0.06%,158,17,0.01%,0.06%,63.79%,30.00%,2,0,1.47%,0.00%,"79,48 €","0,00 €",2,0
B07G78Y7FB,B07G78Y7FB,"Arcos Serie Cuchillos de Mesa Caja 12 uds Cuchillo Chuletero, Hoja Serrada de Acero Inoxidable NITRUM de 110 mm, Mango Madera comprimida Color marrón (12 UDS)",371500_fbm,38,0,0.00%,0.00%,50,0,0.00%,0.00%,53.19%,0.00%,2,0,5.26%,0.00%,"99,98 €","0,00 €",2,0
B07H1S3VRW,B07H1S3VRW,"Wins 005 Limpiador Fregasuelos Neutro, Aroma Cítrico, 5 L",WINS005,21,1,0.00%,0.00%,23,2,0.00%,0.01%,77.27%,0.00%,4,0,19.05%,0.00%,"43,96 €","0,00 €",2,0
B0FR444FLT,B07JJGXYZD,Arcos Set Cocina Serie Manhattan,858100_,"2,362",33,0.23%,0.16%,"3,326",54,0.23%,0.18%,98.30%,100.00%,2,0,0.08%,0.00%,"165,98 €","0,00 €",2,0
B07LD4MBMK,B07LD4MBMK,"HENDI Cubitera para Hielo, hielera, Recipiente para almacenar Cubitos de Hielo, BarUp, de Doble Pared, 10L, ø292x(h) 220mm, poliestireno, Blanco y Negro",H594759,74,7,0.01%,0.03%,93,8,0.01%,0.03%,48.84%,20.00%,2,0,2.70%,0.00%,"76,23 €","0,00 €",2,0
B07MZHDK6L,B07MZHDK6L,"HENDI Descalcificador de agua, 8L",H231210,108,11,0.01%,0.05%,163,13,0.01%,0.04%,73.65%,50.00%,2,0,1.85%,0.00%,"233,51 €","0,00 €",2,0
B07N8VHFLF,B07N8VHFLF,Arcos - Cubertería Burdeos Arcos 24 piezas,592400,252,5,0.02%,0.02%,330,10,0.02%,0.03%,100.00%,100.00%,2,0,0.79%,0.00%,"149,98 €","0,00 €",2,0
B0FY5CB86K,B07N8WHPP7,"Arcos Lira de Queso Profesional - Corte Preciso para Quesos - Estructura y Mango de Acero Inoxidable, 210 mm - Herramienta de Cocina Esencial, Color Gris",795100,74,1,0.01%,0.00%,89,1,0.01%,0.00%,98.78%,100.00%,2,0,2.70%,0.00%,"45,90 €","0,00 €",2,0
B07N8WMVK1,B07N8WMVK1,ARCOS Taco Cajonera Organizador Bambú hasta 25 cm Marrón,794300_fbm,341,7,0.03%,0.03%,461,10,0.03%,0.03%,9.45%,0.00%,2,0,0.59%,0.00%,"63,98 €","0,00 €",2,0
B08TWZYBPZ,B07NVP94PR,"CUPERINOX® -Juego de Cuchillos de Cocina Profesional de Acero Inoxidable + Taco de Madera– 7 Piezas en Acero Inoxidable, Mango Ergonómico, Bloque de Madera Incluido – Chef Set para Hogar",_19510_,45,1,0.00%,0.00%,61,2,0.00%,0.01%,96.55%,100.00%,2,0,4.44%,0.00%,"83,98 €","0,00 €",2,0
B0FR444FLT,B07ZJ9HVTL,"Arcos Set Jamonero 3 Piezas - Cuchillo Jamonero, Deshuesador y Afilador - Acero Inoxidable Forjado - Mango POM Negro Resistente - Funda Jamonero Incluida - Serie Manhattan",858500+Funda_Jamon,244,2,0.02%,0.01%,286,3,0.02%,0.01%,100.00%,100.00%,2,0,0.82%,0.00%,"179,98 €","0,00 €",2,0
B0FQNZM34T,B0843D965B,Arcos Cuchillo Chef Acero Inoxidable. Cuchillo Cocina Profesional multipropósito para Cortar y Limpiar Verduras. Mango ergonómico polioximetileno y Hoja 210 mm. Serie Opera. Color Negro.,225100_fbm,152,3,0.01%,0.01%,172,4,0.01%,0.01%,94.70%,100.00%,2,0,1.32%,0.00%,"77,76 €","0,00 €",2,0
B0FR444FLT,B0843DNN57,Arcos Set Cuchillos Forjados 4 piezas (3 Cuchillos + 1 tijeras) - Acero Inoxidable Forjado NITRUM - Mango Micarta - Bloques Madera Color Azul. Serie Brooklyn. Impresiona yorprencon Cada Corte.,194000,507,8,0.05%,0.04%,664,9,0.04%,0.03%,83.22%,71.43%,2,0,0.39%,0.00%,"181,80 €","0,00 €",2,0
B0CYTKGNPM,B0843Q6L5P,ARCOS Pelador Profesional Acero Inoxidable Cromado 130 mm,607000_etq1,"6,743",158,0.65%,0.76%,"9,987",211,0.68%,0.71%,0.10%,1.53%,3,0,0.04%,0.00%,"18,75 €","0,00 €",2,0
B0FQNZM34T,B0843SLMDX,Arcos Cuchillo Chef Acero Inoxidable. Cuchillo cocina profesional multipropósito para cortar y limpiar verduras. Mango ergonómico polioximetileno y Hoja 230 mm. Serie Opera. Color negro.,225200_fbm,157,9,0.02%,0.04%,179,10,0.01%,0.03%,77.11%,100.00%,2,1,1.27%,11.11%,"81,94 €","40,97 €",2,1
B0FQNZM34T,B0843V9Z1W,Arcos Cuchillo Santoku Acero Inoxidable Nitrum y Hoja 190 mm. Mango ergonómico polioximetileno POM. Diseño clásico y acabado redondeado gran belleza yolidez. Serie Opera. Color negro.,229900_fba,186,5,0.02%,0.02%,234,14,0.02%,0.05%,96.59%,100.00%,2,0,1.08%,0.00%,"73,98 €","0,00 €",2,0
B08KGNLTBJ,B0857QX9VN,"HENDI Hervidor de agua eléctrico 16L, dispensador de bebidas calientes, termo de una pared para vino, té, hasta 100°C, 230V, 50/60Hz, 1650W, 357x380x(H)502mm, acero inoxidable satinado, PP",H211427,19,4,0.00%,0.02%,27,5,0.00%,0.02%,92.00%,100.00%,5,4,26.32%,100.00%,"598,75 €","479,00 €",2,1
B089M821V5,B089M821V5,Arcos Cuchillos Carne | 6 pzas | Cuchillos chuleteros Set Cuchillo de Mesa Sierra | Mango Madera | Hoja 110 mm | Cuchillos Carne Mesa | Apto lavavajillas | Envase Carton | Ecologico,815500,"1,187",9,0.12%,0.04%,"1,611",12,0.11%,0.04%,99.93%,100.00%,17,15,1.43%,166.67%,"464,83 €","404,85 €",2,1
B08WR6CHHN,B08JC8DSP6,Arcos Cuchillos Chuleteros cuchillos chuleteros acero inoxidable filo liso juego cuchillos chuleteros | 6 PZAS cuchillo chuletero | Hoja 110 mm |cuchillos carne Envase Eco,815800,141,6,0.01%,0.03%,195,7,0.01%,0.02%,100.00%,100.00%,3,0,2.13%,0.00%,"113,97 €","0,00 €",2,0
B08JCVQ4QL,B08JCVQ4QL,"Arcos Series Niza - Juego de Cuchillos Cocina, 6 Piezas, Cuchillos Verduras 110 mm, + Cuchillo Mesa, Envase 100% Ecológico, Acero Inoxidable NITRUM",809400_,834,15,0.08%,0.07%,"1,205",19,0.08%,0.06%,99.70%,100.00%,2,0,0.24%,0.00%,"35,98 €","0,00 €",2,0
B08GSTDWTC,B08LVVQ3ZQ,"Arcos Serie Nova - Cuchillo para pelar, Acero Inoxidable NITRUM, Envase Ecológico, 3 colores Fucsia, Turquesa y Amarillo",703700fbm,"2,224",27,0.22%,0.13%,"3,107",38,0.21%,0.13%,99.47%,100.00%,5,5,0.22%,18.52%,"50,45 €","50,45 €",2,2
B08MTWQWZZ,B08MTWQWZZ,Arcos Cuchillo Cocinero Profesional Acero Inoxidable 160mm,165900_fbm,185,10,0.02%,0.05%,265,25,0.02%,0.08%,45.06%,50.00%,2,0,1.08%,0.00%,"51,98 €","0,00 €",2,0
B09FQ5SZK8,B08MTXFWC9,Arcos Nordika Cuchillo Jamonero Acero Inoxidable 250 mm,166700_fbm,497,19,0.05%,0.09%,559,24,0.04%,0.08%,34.09%,36.36%,2,1,0.40%,5.26%,"59,98 €","29,99 €",2,1
B08QMBMN1G,B08QMBMN1G,Arcos Bolsa Cuchillos Bolsa Cuchillos Cocina Profesional Estuche Profesional Porta Cuchillos 5 pzas | 42 cm Largo | Asa para Transportar| Cuero Color Miel| Hebilla Ajustable,695100,217,4,0.02%,0.02%,288,4,0.02%,0.01%,98.46%,100.00%,2,0,0.92%,0.00%,"249,95 €","0,00 €",2,0
B0CQLQ57BT,B08TX1652W,"Arcos Cazo Antiadherente 16 cm, Aluminio Fundido, Apto para Todas las Cocinas, Mango Ergonómico, Ahorro Energético, Lavavajillas, Negro/Azul, Serie Thera",719000,170,5,0.02%,0.02%,228,7,0.02%,0.02%,33.33%,25.00%,2,0,1.18%,0.00%,"42,26 €","0,00 €",2,0
B0CQM2K3QY,B08TX1D4LL,"ARCOS Thera Olla Grande de Cocina de 24 Cm y 4 L. Cacerola Alta para Inducción, Gas y Vitrocerámica. Olla de Aluminio Fundido con Tapa de Cristal y Mango Extraíble. Apta Lavavajillas. Color Negro Azul",718700,162,6,0.02%,0.03%,222,10,0.02%,0.03%,79.81%,83.33%,2,0,1.23%,0.00%,"95,00 €","0,00 €",2,0
B0987KNJLQ,B0987KNJLQ,Arcos | cuchillos de mesa cuchillo mesa FILO LISO | 6 Piezas cuchillo chuletero | mango monoblock | Acero Inoxidable | Envase Eco,814100FBM,46,2,0.00%,0.01%,55,2,0.00%,0.01%,100.00%,100.00%,3,0,6.52%,0.00%,"89,97 €","0,00 €",2,0
B0FWM351K4,B09D1V45YK,"CUPERINOX® Couture Series - Tijera Costura Profesional 16,5 cm | Acero Inoxidable Irrompible | Mango Ergonómico Antideslizante | Corte Preciso y Duradero",21951_,22,1,0.00%,0.00%,28,1,0.00%,0.00%,100.00%,0.00%,3,2,13.64%,200.00%,"19,52 €","12,30 €",2,1
B09F9KVBDX,B09F9KVBDX,Arcos Nova Juego 8 Cuchillos Mesa Acero Crema 105 mm,705300,"1,012",19,0.10%,0.09%,"1,516",34,0.10%,0.11%,8.10%,0.00%,2,0,0.20%,0.00%,"33,98 €","0,00 €",2,0
B0BGRT2BVV,B09G9WBKPG,Arcos Juego de 6 Cuchillos de Mesa Chuleteros Hoja 110 mm Negro 705500,805109_uss,"23,528",374,2.28%,1.80%,"34,345",532,2.33%,1.78%,11.08%,3.29%,3,2,0.01%,0.53%,"41,97 €","27,98 €",2,1
B06XB92VRH,B09LYXZKTZ,CUPERINOX Deluxe Cafetera Italiana Induccion Espresso Inoxidable 4 Tazas,25051,123,2,0.01%,0.01%,156,2,0.01%,0.01%,56.30%,0.00%,2,0,1.63%,0.00%,"45,99 €","0,00 €",2,0
B06XB92VRH,B09LZ2VHYP,CUPERINOX Deluxe Cafetera Italiana Induccion Espresso Inoxidable 10 Tazas,25053FBM,124,1,0.01%,0.00%,149,1,0.01%,0.00%,100.00%,0.00%,2,0,1.61%,0.00%,"73,98 €","0,00 €",2,0
B09ZLJL6JF,B09XF1JKXR,Arcos Serie Lyon - Cuchillo Kudamono | Cuchillo Japones - Hoja de Acero Inoxidable Forjado NITRUM de 80 mm - Mango de Polioximetileno (POM) - Color Negro,250100_,55,1,0.01%,0.00%,89,1,0.01%,0.00%,93.15%,100.00%,2,0,3.64%,0.00%,"41,98 €","0,00 €",2,0
B0FWK4CNH3,B0B42QTHTP,CUPERINOX | Tijeras de pescado 18 cm | Tijeras Cocina | tijeras de cocinero profesional para aves pescado carne caza| Accesorios de cocina,21991,31,2,0.00%,0.01%,41,2,0.00%,0.01%,52.63%,100.00%,2,0,6.45%,0.00%,"15,98 €","0,00 €",2,0
B0C49YM5CJ,B0C49YM5CJ,Arcos Serie Nordika - Cuchillo Deba - Acero Inoxidable NITRUM - Hoja de 170 mm - Mango de Madera Ovengkol 100% natural de bosques certificados FSC® - Embalaje 100% reciclado,168100,41,2,0.00%,0.01%,56,4,0.00%,0.01%,98.04%,100.00%,2,0,4.88%,0.00%,"95,98 €","0,00 €",2,0
B0C4B1CKSR,B0C4B1CKSR,Arcos Serie Nordika - Cuchillo Yanagiba - Acero Inoxidable NITRUM - Hoja de 240 mm - Mango de Madera Ovengkol 100% natural de bosques certificados FSC® - Embalaje 100% reciclado,168200,62,3,0.01%,0.01%,89,4,0.01%,0.01%,96.15%,100.00%,2,0,3.23%,0.00%,"99,98 €","0,00 €",2,0
B0DKP68T32,B0DHVS8Y4K,Arcos Serie Eclipse - Cuchillo Mondador - Hoja de Acero Inoxidable Forjado con Filo Seda Plus de 100 mm - Pulido Brillo Especial - Mango Acrílico - Color Negro,213000_,68,1,0.01%,0.00%,86,1,0.01%,0.00%,89.74%,0.00%,2,0,2.94%,0.00%,"100,50 €","0,00 €",2,0
B0DNT3NVG8,B0DNT3NVG8,"CUPERINOX Taza de Viaje 280 ml Térmica con Tapa Hermética, Acero Inoxidable y Aislamiento para Café o Té, Ideal para Llevar y Mantener Bebidas Calientes o Frías|Thermal Collection",26001,32,0,0.00%,0.00%,40,0,0.00%,0.00%,100.00%,0.00%,2,0,6.25%,0.00%,"26,98 €","0,00 €",2,0
B0FJLTDB9J,B0F95HH915,"Alicates para pedicura, Profesional, Cortaúñas de Pies, Acero Inoxidable, Mango Ergonómico Antideslizante, Fácil Limpieza, Con Funda, 2 Años de Garantía (Cortauñas Grande)",A10001,25,0,0.00%,0.00%,30,0,0.00%,0.00%,100.00%,0.00%,2,0,8.00%,0.00%,"14,98 €","0,00 €",2,0
B0FJLTDB9J,B0F9L19CF8,Set de Cortauñas Profesional,A10002,40,0,0.00%,0.00%,49,0,0.00%,0.00%,100.00%,0.00%,2,0,5.00%,0.00%,"13,28 €","0,00 €",2,0
B0FBRQYHVM,B0FBRLQK47,"CUPERINOX Ventilador Portatil, Camping, Exterior, Playa, Piscina, Festival| 5+ cargas movil| +48H de bateria | 20000mAh| Powerbank, Luz led, Mando a distancia y Temporizador",27001,26,2,0.00%,0.01%,48,2,0.00%,0.01%,97.62%,100.00%,2,1,7.69%,50.00%,"107,48 €","47,49 €",2,1
B0FGDF2SHZ,B0FGDF2SHZ,VINFERMATON Antihormigas Efecto Permanente | Insecticida Cucarachas y Hormigas Pack 2×600 ml | Efecto hasta 1 año | Interior y Exterior | Profesional y Doméstico | MADE IN SPAIN,V0013_PACK2,18,1,0.00%,0.00%,24,2,0.00%,0.01%,71.43%,0.00%,3,0,16.67%,0.00%,"46,86 €","0,00 €",2,0
B0FJRVHBWH,B0FHKWY9F2,CUPERINOX Tijeras peluqueria profesional 15cm | Tijeras entresacar dentadas vaciar pelo texturizar cabello | Barbero estilista hombre mujer | afiladas acero inoxidable | Uso doméstico y salón,21861,14,0,0.00%,0.00%,15,0,0.00%,0.00%,100.00%,0.00%,2,0,14.29%,0.00%,"19,98 €","0,00 €",2,0
B0DKP7F29P,B0FS7VJ21D,"Arcos Sartén Samoa Inox 26 cm, Acero inoxidable tricapa libre de PFAS",8421002726408,244,6,0.02%,0.03%,302,6,0.02%,0.02%,84.86%,100.00%,2,0,0.82%,0.00%,"91,90 €","0,00 €",2,0
B08TWZYBPZ,B0FZC9C1BJ,"CUPERINOX- Set de Cuchillos Profesionales de Cocina 3 Piezas + Estuche Regalo | Chef 20 cm, Santoku 18 cm y Universal 13 cm | Acero Inoxidable Alta Precisión | Mango Ergonómico| Apto Lavavajillas",19302,192,4,0.02%,0.02%,247,5,0.02%,0.02%,100.00%,0.00%,2,0,1.04%,0.00%,"43,98 €","0,00 €",2,0
B08TWZYBPZ,B0FZC9C1BJ,"CUPERINOX- Set de Cuchillos Profesionales de Cocina 3 Piezas + Estuche Regalo | Chef 20 cm, Santoku 18 cm y Universal 13 cm | Acero Inoxidable Alta Precisión | Mango Ergonómico| Apto Lavavajillas",19302_FBA,192,4,0.02%,0.02%,247,5,0.02%,0.02%,100.00%,0.00%,2,0,1.04%,0.00%,"59,98 €","0,00 €",2,0
B0G3ZJ89NB,B0FZD7ZY1W,CUPERINOX Cuchillo Jamonero Profesional 25 cm – Hoja Alveolada de Acero Inoxidable Antideslizante con Mango Ergonómico – Corte Preciso y Fino para Jamón y Paletilla| Maestros del Corte,19303f,"2,321",39,0.23%,0.19%,"2,842",43,0.19%,0.14%,99.92%,100.00%,2,0,0.09%,0.00%,"39,98 €","0,00 €",2,0
B0G2CSJD3L,B0G2CSJD3L,Ambientador Floral superconcentrado. 5 Litros con solo 250 ml. Ahorro total,WC010,56,4,0.01%,0.02%,76,5,0.01%,0.02%,100.00%,100.00%,2,1,3.57%,25.00%,"26,20 €","12,99 €",2,1
B0G3ZJ89NB,B0G2MT6K5N,"CUPERINOX Jamonero Inoxidable Giratorio | Jamonera base Inoxidable | Incluye Cuchillo Jamonero Alveolos 25 cm, Deshuesador 15 cm, Afilador y Funda para Jamón | Apto Jamones y Paletilla",20251_FBA,"9,900",296,0.96%,1.42%,"16,605",488,1.12%,1.63%,99.85%,100.00%,2,0,0.02%,0.00%,"149,98 €","0,00 €",2,0
B0F54LTCFF,B000NOAYMM,Arcos Cuchillo Jamonero Acero Inoxidable 240 mm,281804_fba,"10,748",207,1.04%,0.99%,"15,706",311,1.06%,1.04%,0.12%,8.33%,1,0,0.01%,0.00%,"16,49 €","0,00 €",1,0
B09ZLJL6JF,B0015YIAV6,Arcos Serie Lyon - Cuchillo Chef | Cuchillo Cocinero - Hoja de Acero Inoxidable Forjado NITRUM de 200 mm - Mango de Polioximetileno (POM) - Color Negro,253600_,12,0,0.00%,0.00%,13,0,0.00%,0.00%,100.00%,0.00%,1,0,8.33%,0.00%,"33,99 €","0,00 €",1,0
B017HKG9PK,B0044R87LE,Arcos Cuchillo Panero Negro 210 mm,151400_fbm,"3,204",74,0.31%,0.36%,"4,205",88,0.28%,0.29%,1.17%,0.00%,1,0,0.03%,0.00%,"14,99 €","0,00 €",1,0
B0F54LTCFF,B0044R87QE,Arcos Cuchillo Cocina Acero Inoxidable 200 mm,280604,"14,124",279,1.37%,1.34%,"20,082",381,1.36%,1.28%,0.04%,0.85%,1,1,0.01%,0.36%,"21,49 €","21,49 €",1,1
B0F54LTCFF,B0044R87QE,Arcos Cuchillo Cocina Acero Inoxidable 200 mm,280604_,"14,124",279,1.37%,1.34%,"20,082",381,1.36%,1.28%,0.04%,0.85%,1,1,0.01%,0.36%,"20,49 €","20,49 €",1,1
B017HKG9PK,B0044R87W8,"Arcos Cuchillo Santoku Acero Inoxidable Nitrum. Cuchillo Cocina japonés Pescado, Carne y Verduras. Mango ergonómico polioximetileno Pom y Hoja 170 mm. Multiusos. Serie Maitre. Color Negro.",151600_fba,"2,235",56,0.22%,0.27%,"3,092",69,0.21%,0.23%,0.07%,4.76%,1,0,0.04%,0.00%,"19,49 €","0,00 €",1,0
B017HKG9PK,B0044R87ZU,Arcos Cuchillo Cocina Acero Inoxidable Nitrum y Hoja 180 mm. Cuchillo Utilidad Profesional. Mango ergonómico polioximetileno Pom. Serie Maitre. Color Negro.,150800_fbm,"1,600",46,0.16%,0.22%,"2,095",53,0.14%,0.18%,0.27%,0.00%,1,0,0.06%,0.00%,"13,25 €","0,00 €",1,0
B0752XP113,B0044R886S,Arcos Conjunto carne con Hoja Acero Inoxidable Nitrum y mm. Mango ergonómico polioximetileno POM. Serie Mesa. Los bordeserrados los hacen perfectos cortar y picar carnes. Color plateado.,378000_,554,10,0.05%,0.05%,743,11,0.05%,0.04%,62.32%,42.86%,1,0,0.18%,0.00%,"39,99 €","0,00 €",1,0
B00509DM8S,B00509DM8S,HENDI Baño María Eléctrico GN 1/1,H238905,100,18,0.01%,0.09%,151,25,0.01%,0.08%,29.01%,25.00%,1,0,1.00%,0.00%,"137,75 €","0,00 €",1,0
B0050G2IOU,B0050G2IOU,"HENDI Sartén eléctrica multiusos, paellera cazuela olla plancha, de fiestas, revestimiento antiadherente, termostato, con tapa, interior: ø40cm profundidad: 5cm, 230V, 1400W, ø500x(H)190mm, aluminio",H239506,267,12,0.03%,0.06%,337,25,0.02%,0.08%,58.26%,60.00%,1,0,0.37%,0.00%,"53,24 €","0,00 €",1,0
B0050G71HY,B0050G71HY,"HENDI Gofrera eléctrica, gofres de Lieja, 2 moldes rectangulares de 4x6, con tenedor para gofres, T regulable, placas de hierro fundido antiadherente, 230V, 1500W, 320x437x(H)251mm, acero inoxidable",H893908,17,2,0.00%,0.01%,27,3,0.00%,0.01%,33.33%,33.33%,1,1,5.88%,50.00%,"304,75 €","304,75 €",1,1
B0050NI7LQ,B0050NI7LQ,"HENDI Dispensador de Bebidas Calientes Eléctrico, de Pared Simple, Hervidor para Agua y Vino Caliente, 94–99°C, 9L, 230V/2200W, 340x227x(H)468mm, Acero Inoxidable",H209882,21,5,0.00%,0.02%,24,6,0.00%,0.02%,69.57%,40.00%,1,0,4.76%,0.00%,"112,49 €","0,00 €",1,0
B06XWF2YLW,B005LR71GI,Arcos Cuchillo Cocinero 200 mm,135800,559,8,0.05%,0.04%,754,10,0.05%,0.03%,12.07%,0.00%,1,0,0.18%,0.00%,"10,25 €","0,00 €",1,0
B0BSKCJNDM,B005LR72I0,Arcos Niza Cuchillo Jamonero Flexible Acero Inoxidable 230 mm,135600_fba,728,13,0.07%,0.06%,"1,024",16,0.07%,0.05%,7.17%,14.29%,1,0,0.14%,0.00%,"10,61 €","0,00 €",1,0
B0BMQ3CMJD,B005LR73D4,Arcos Serie Niza - Set Jamoneri - Cuchillo Jamonero + Chaira - Hoja de Acero Inoxidable NITRUM de 240 mm - Mangos fabricados en Polipropileno (PP) Color Negro,_136700_,"2,270",50,0.22%,0.24%,"3,300",76,0.22%,0.25%,1.95%,2.27%,1,0,0.04%,0.00%,"15,25 €","0,00 €",1,0
B0752NT3TH,B005LR7726,Arcos Serie Prochef - Tijeras de Cocina - Hoja de Acero Inoxidable - 210 mm - Mango de Polipropileno Color negro y rojo,185601_barras_Arcos,"2,061",50,0.20%,0.24%,"3,074",59,0.21%,0.20%,0.00%,0.00%,1,1,0.05%,2.00%,"8,74 €","8,74 €",1,1
B017HKRCGK,B005LR7A1Y,ARCOS Bolsa para Cuchillos 100% Poliéster 460x275 mm,690200,"4,277",99,0.41%,0.48%,"6,781",137,0.46%,0.46%,71.76%,67.68%,1,0,0.02%,0.00%,"17,49 €","0,00 €",1,0
B0F54LTCFF,B007TS67OY,Arcos Cuchillo Chef Acero Inoxidable 155 mm,280404_fbm,"2,028",21,0.20%,0.10%,"2,568",27,0.17%,0.09%,1.79%,0.00%,1,0,0.05%,0.00%,"16,49 €","0,00 €",1,0
B007TS6GW2,B007TS6GW2,Arcos Chairas - Chaira Afilador manual de cuchillos - Cuerpo de Acero al Carbono recubierto de Diamante de 280 mm - Mango de Polipropileno color negro,279202_,414,5,0.04%,0.02%,587,5,0.04%,0.02%,1.53%,0.00%,1,0,0.24%,0.00%,"39,99 €","0,00 €",1,0
B0895RNY35,B007TS6HDA,ARCOS Descorazonador de Manzanas Acero Inoxidable Nitrum 75 mm,612300,30,1,0.00%,0.00%,36,1,0.00%,0.00%,2.94%,0.00%,1,0,3.33%,0.00%,"8,49 €","0,00 €",1,0
B07BDT9G74,B008U6T624,Arcos Clásica Cuchillo Deshuesador Forjado Acero Inoxidable Nitrum 140 mm,256200_fbm,20,1,0.00%,0.00%,26,1,0.00%,0.00%,100.00%,0.00%,1,0,5.00%,0.00%,"19,99 €","0,00 €",1,0
B008U6TRGO,B008U6TRGO,"Arcos Cuchillos mesa - Cuchillo carne Acero Inoxidable Nitrum, Hoja, mango marrón madera -erie Mesa, duradero y apto para lavavajillas (7'')",809300_1Pieza,641,11,0.06%,0.05%,"1,064",16,0.07%,0.05%,2.94%,23.08%,8,0,1.25%,0.00%,"39,92 €","0,00 €",1,0
B0752X1ZCK,B009KPKG8M,Arcos Cuchillos de Mesa - Cuchillo Chuletero Cuchillo de Mesa - Hoja de Acero Inoxidable NITRUM 110 mm - Mango de Nylon - Color Negro,803000_1-Pieza,461,13,0.04%,0.06%,500,16,0.03%,0.05%,83.81%,100.00%,1,0,0.22%,0.00%,"3,75 €","0,00 €",1,0
B0DDW46XR7,B009SM0U92,"HENDI Bandeja de Servicio Rectangular, Superficie Antideslizante, GN 1/1, 530x325x(H) 20mm, Polipropileno, Negro",H878101,54,1,0.01%,0.00%,60,1,0.00%,0.00%,98.21%,0.00%,1,0,1.85%,0.00%,"14,99 €","0,00 €",1,0
B0873P7271,B009T19KXO,"HENDI Calentador Eléctrico para Chafing Dish GN 1/1, Sustituto del Combustible de Gel/Pasta, Mantiene la Temperatura de Servicio, 230V/380W, 300x200x(H) 40mm",H809709,14,1,0.00%,0.00%,15,1,0.00%,0.00%,93.33%,100.00%,1,0,7.14%,0.00%,"77,95 €","0,00 €",1,0
B00BHZPHO6,B00BHZPHO6,"Arcos Juego 6 Cuchillos carne 4,s. Paquete Cuchillos bolsillo con borliso para cortar y filetear carne. Hoja y mango Acero Inoxidable monobloque. Serie Mesa.",378200_,183,5,0.02%,0.02%,263,11,0.02%,0.04%,33.63%,80.00%,1,0,0.55%,0.00%,"42,99 €","0,00 €",1,0
B0F54LTCFF,B00BHZPITA,Arcos Universal Cuchillo Carnicero Acero Inoxidable Nitrum 200 mm,288400_fbm,127,4,0.01%,0.02%,154,4,0.01%,0.01%,44.27%,0.00%,1,0,0.79%,0.00%,"33,25 €","0,00 €",1,0
B00BQU1EQ2,B00BQU1EQ2,"HENDI Exprimidor de cítricos, eléctrico, protección contra salpicaduras, 1500 rpm, 3 conos exprimidores ABS diferentes, 230V, 180W, 308x218x(463), acero inoxidable, policarbonato, plástico ABS",H221204,18,0,0.00%,0.00%,22,0,0.00%,0.00%,60.00%,0.00%,1,0,5.56%,0.00%,"198,00 €","0,00 €",1,0
B00BQU1RO6,B00BQU1RO6,"HENDI Termómetro digital con sonda, rango de temperatura -50 a 300°C, función mín./máx., alarma y bloqueo de lectura, 195x85x(H)45mm, multicolor, acero inoxidable 18/8 y PVC",H271407,7,2,0.00%,0.01%,7,2,0.00%,0.01%,28.57%,0.00%,1,0,14.29%,0.00%,"88,70 €","0,00 €",1,0
B00CWZOIIQ,B00CWZOIIQ,"Arcos Cuchillos Mesa - Cuchillo Carne Mesa - Monobloque unaola pieza Acero Inoxidable 4"" - Corta chuletas o bistecs con precisión, facilidad y rapidez -erie Monobloque - Color Plateado",375500_1pza_fbm,150,5,0.01%,0.02%,212,7,0.01%,0.02%,83.60%,60.00%,6,0,4.00%,0.00%,"38,94 €","0,00 €",1,0
B00D3LCFRE,B00D3LCFRE,Arcos Tijeras Multiusos de Acero Inoxidable 210 mm - Costura y Tejidos - Mango ABS Gris - Serie Deluxe,521000_fbm,74,2,0.01%,0.01%,116,2,0.01%,0.01%,58.62%,100.00%,1,0,1.35%,0.00%,"23,99 €","0,00 €",1,0
B0752TTMS8,B00D3LFAEE,Arcos Chairas - Chaira Afilador Manual de Cuchillos - Cuerpo Ovalado de Acero al Carbono Recubierto de Diamante de 280 mm y 17 mm de diámetro - Mango Polipropileno Color Negro,279200,"2,596",43,0.25%,0.21%,"3,843",66,0.26%,0.22%,0.06%,3.92%,1,1,0.04%,2.33%,"39,99 €","39,99 €",1,1
B0DK3FSR9B,B00GZR3JD2,"HENDI Sifón de Nata, con 3 boquillas Diferentes, Soporte para el Cargador y Cepillo de Limpieza, para Nata montada, mousses, postres, 0,95L, ø95x(H) 320mm, Aluminio, Blanco",H588376,68,3,0.01%,0.01%,98,4,0.01%,0.01%,51.65%,50.00%,1,1,1.47%,33.33%,"41,95 €","41,95 €",1,1
B07TXLKG42,B00GZR3LR6,"HENDI Freidora eléctrica, T ajustable hasta 190°C, termostato de seguridad, zona fría, con tapa y cesta de freír, tanque de aceite extraíble, 6L, 230V, 3300W, 265x430x(H)290mm, acero inoxidable",H205815,92,2,0.01%,0.01%,108,2,0.01%,0.01%,94.29%,100.00%,1,0,1.09%,0.00%,"155,75 €","0,00 €",1,0
B07TXLKG42,B00GZR3MKM,"HENDI Freidora eléctrica, T ajustable hasta 190°C, termostato de seguridad, zona fría, con tapa y cesta de freír, tanque de aceite extraíble, 8L, 230V, 3500W, 265x430x(H)345mm, acero inoxidable",H205822,108,10,0.01%,0.05%,164,14,0.01%,0.05%,65.71%,23.08%,1,0,0.93%,0.00%,"156,73 €","0,00 €",1,0
B07TWJ3TPK,B00GZR3QJO,HENDI Sistema de sous-vide GN 1/1. - 20 L - 230V / 600W - 335x540(H)310 mm,H225448,64,10,0.01%,0.05%,97,12,0.01%,0.04%,0.00%,0.00%,1,1,1.56%,10.00%,"448,99 €","448,99 €",1,1
B0BQDHLWRL,B00I5N4PPK,Arcos Cuchillo Chuletero Acero Inoxidable Nitrum 110 mm,_809300_1Pieza,426,8,0.04%,0.04%,619,11,0.04%,0.04%,1.23%,33.33%,1,0,0.23%,0.00%,"5,49 €","0,00 €",1,0
B00I9XTKI8,B00I9XTKI8,ARCOS Taco Ovalado Protector de Cuchillos hasta 20 cm,794100_,"1,566",29,0.15%,0.14%,"2,281",41,0.15%,0.14%,0.31%,0.00%,1,0,0.06%,0.00%,"25,99 €","0,00 €",1,0
B00J3ZVMCS,B00J3ZVMCS,Arcos Serie Toscana - Juego de Cucharas para Café (6 cucharas) - Monoblock de una pieza en Acero Inoxidable 18/10 y 140 mm - Color Plata,574200_,"3,716",110,0.36%,0.53%,"5,142",157,0.35%,0.53%,0.11%,2.70%,2,0,0.05%,0.00%,"21,98 €","0,00 €",1,0
B0D1CYZT7H,B00JN2S0U8,"HENDI Escurridor de frituras, con asa robusta y recipiente extraíble para los restos, patatas fritas, ø410x(H)170mm, totalmente de acero inoxidable",H630808,203,14,0.02%,0.07%,255,25,0.02%,0.08%,46.98%,16.67%,1,0,0.49%,0.00%,"46,95 €","0,00 €",1,0
B00L7X7ONU,B00L7X7ONU,HENDI Jarra de zumo - 2 L - ø120x(H)250 mm,H425138,25,7,0.00%,0.03%,32,9,0.00%,0.03%,30.00%,22.22%,2,0,8.00%,0.00%,"39,98 €","0,00 €",1,0
B00PKFXWJQ,B00PKFXWJQ,Arcos Serie Cuchillos de Mesa - Cuchillo Mesa - Hoja Serrada de Acero Inoxidable NITRUM de 125 mm - Mango Polipropileno Color crema,370200_1Pieza,34,1,0.00%,0.00%,45,1,0.00%,0.00%,100.00%,100.00%,1,0,2.94%,0.00%,"3,49 €","0,00 €",1,0
B0752X4WZ6,B00TA4O5YO,ARCOS Pinzas para Emplatar Acero Inoxidable 300 mm,606200,"6,599",127,0.64%,0.61%,"8,610",165,0.58%,0.55%,0.26%,2.06%,1,0,0.02%,0.00%,"11,49 €","0,00 €",1,0
B00VRZ1YJI,B00VRZ1YJI,Arcos Tijeras Modista Acero Forjado 190 mm - Uso Doméstico y Profesional - Niqueladas Plata - Serie Style,504300,36,0,0.00%,0.00%,60,0,0.00%,0.00%,98.11%,0.00%,1,0,2.78%,0.00%,"13,99 €","0,00 €",1,0
B0F54LTCFF,B00VT5L310,Arcos Espátula de Cocina Profesional - Hoja de Acero Inoxidable NITRUM 160 mm - Resistente a Químicos y Calor - Mango Ergonómico POM Negro - Serie Universal,286600,377,9,0.04%,0.04%,431,9,0.03%,0.03%,1.98%,33.33%,4,4,1.06%,44.44%,"101,96 €","101,96 €",1,1
B00WC9DMX4,B00WC9DMX4,ARCOS Chairas Chaira Afilador Acero Carbono Cromado Negro 300 mm,279010,179,1,0.02%,0.00%,270,1,0.02%,0.00%,15.06%,0.00%,1,0,0.56%,0.00%,"28,99 €","0,00 €",1,0
B09ZLJL6JF,B00YU0JT2G,Arcos Serie Lyon - Cuchillo Mondador | Cuchillo Arcos - Hoja de Acero Inoxidable Forjado NITRUM de 100 mm - Mango de Polioximetileno (POM) - Color Negro,250200_,17,0,0.00%,0.00%,22,0,0.00%,0.00%,100.00%,0.00%,1,0,5.88%,0.00%,"21,34 €","0,00 €",1,0
B093DRZ154,B017DLDM3A,Arcos Cuchillo Mondador Madera 65 mm,100100_us,972,24,0.09%,0.12%,"1,524",29,0.10%,0.10%,0.38%,13.04%,1,1,0.10%,4.17%,"5,49 €","5,49 €",1,1
B0189HXS8Q,B017DLLIUO,Arcos Navaja Profesional Acero Inoxidable 85 mm,485929_,580,13,0.06%,0.06%,958,26,0.06%,0.09%,3.87%,15.79%,1,0,0.17%,0.00%,"7,35 €","0,00 €",1,0
B017DLM9V6,B017DLM9V6,"Arcos Tenedores de Postre Acero Inoxidable 18/10, Juego de 3 Piezas, Monoblock 180 mm, Serie Toscana, Ideal para Repostería y Sobremesa, Color Plata",574500_,261,9,0.03%,0.04%,411,16,0.03%,0.05%,0.57%,0.00%,1,0,0.38%,0.00%,"8,25 €","0,00 €",1,0
B017DLMC7C,B017DLMC7C,Arcos Serie Toscana - Juego de Cuchillos de Lunch (3 cuchillos) - Monoblock de una pieza en Acero Inoxidable 18/10 y 185 mm - Color Plata,574800,77,0,0.01%,0.00%,105,0,0.01%,0.00%,41.94%,0.00%,2,0,2.60%,0.00%,"31,98 €","0,00 €",1,0
B017DLMYLQ,B017DLMYLQ,Arcos Serie Endura - Cacerola Antiadherente - Cuerpo de Aluminio Forjado 16 cm - Capacidad 1 litro - Mango de Acero Inoxidable - Color Negro (Libre de PFOA),697000_,72,1,0.01%,0.00%,102,3,0.01%,0.01%,100.00%,100.00%,1,1,1.39%,100.00%,"16,52 €","16,52 €",1,1
B017DMTEIG,B017DMTEIG,Arcos Utensilios Profesionales - Sierra de Carnicero - Hoja de Acero Inoxidable 430 mm - Mango de Polipropileno Color Negro,791800,139,3,0.01%,0.01%,206,3,0.01%,0.01%,24.12%,50.00%,1,1,0.72%,33.33%,"62,90 €","62,90 €",1,1
B089MGF35Y,B01BLN78EU,"HENDI Fuente de Chocolate de 3 Niveles, Capacidad: hasta 1,5 kg, 230 V / 46 W, Ø215x(H)375 mm, Acero Inoxidable",H274101,38,2,0.00%,0.01%,50,3,0.00%,0.01%,40.00%,0.00%,1,0,2.63%,0.00%,"69,95 €","0,00 €",1,0
B0D1D181CD,B01BP66QEQ,HENDI Cuchillo «Usuba» - Negro - 325x25x(H) 55 mm,H845028,20,0,0.00%,0.00%,42,0,0.00%,0.00%,94.59%,0.00%,1,0,5.00%,0.00%,"29,95 €","0,00 €",1,0
B01BQA0K84,B01BQA0K84,"HENDI Soporte de bandejas Redondas, Soporte para Servir y presentar Alimentos, mariscos, con 2 Platos: Ø 300/400mm, ⌀400x(H) 200mm, Acero Inoxidable, Plata",H480519,50,3,0.00%,0.01%,78,3,0.01%,0.01%,91.04%,100.00%,1,0,2.00%,0.00%,"39,70 €","0,00 €",1,0
B07TXLKG42,B01DDMYNZ4,"HENDI Freidora eléctrica, T ajustable hasta 190°C, termostato de seguridad, zona fría, con tapa y cesta de freír, tanque de aceite extraíble, 2x4L, 230V, 6000W, 470x420x(H)330mm, acero inoxidable",H205846,16,1,0.00%,0.00%,26,1,0.00%,0.00%,84.21%,0.00%,1,0,6.25%,0.00%,"259,75 €","0,00 €",1,0
B088L1YKB9,B01DY481VS,HENDI Thermobox Kitchen Line - GN 1/1-80 L - 685x485x(H)360 mm,H707944,49,6,0.00%,0.03%,60,9,0.00%,0.03%,22.64%,57.14%,1,1,2.04%,16.67%,"87,75 €","87,75 €",1,1
B088L1YKB9,B01DY4846U,HENDI Thermobox Kitchen Line - 53 L - 685x485x(H)260 mm,H707951,5,1,0.00%,0.00%,5,1,0.00%,0.00%,100.00%,100.00%,1,0,20.00%,0.00%,"71,95 €","0,00 €",1,0
B0752NT3TH,B01L7HPNWE,ARCOS Prochef Tijeras de Cocina Acero Azul-Negro 215 mm,185623,338,8,0.03%,0.04%,382,11,0.03%,0.04%,8.78%,0.00%,1,0,0.30%,0.00%,"9,17 €","0,00 €",1,0
B086X1XQXD,B06Y2B85HT,"HENDI Expositor con cubierta deslizante roll-top, Simple",H871706,119,13,0.01%,0.06%,161,18,0.01%,0.06%,21.85%,12.50%,1,0,0.84%,0.00%,"44,99 €","0,00 €",1,0
B0711S58TQ,B0711S58TQ,Juego cuchillos Arcos profesional | cuchillos cocina | cuchillos arcos clasicos |6 pzas | negro | 842300,_842300_,123,4,0.01%,0.02%,166,4,0.01%,0.01%,100.00%,100.00%,1,0,0.81%,0.00%,"140,99 €","0,00 €",1,0
B0714CRTF4,B0714CRTF4,"Arcos Cortadora de Pan Profesional - Tabla de Corte de Acero Inoxidable para Cocina - 520 x 270 mm, Polietileno Blanco - Ideal para Panadería y Hogar",689900,60,5,0.01%,0.02%,94,6,0.01%,0.02%,6.67%,0.00%,1,0,1.67%,0.00%,"112,90 €","0,00 €",1,0
B0719K25DF,B0719K25DF,ARCOS Pinzas de Precisión para Emplatar 140 mm,606500,120,1,0.01%,0.00%,155,1,0.01%,0.00%,0.00%,0.00%,1,0,0.83%,0.00%,"9,99 €","0,00 €",1,0
B071S7PKNN,B071S7PKNN,Arcos Cuchillo Chuletero Acero Inoxidable Nitrum 110 mm,372400,144,4,0.01%,0.02%,204,6,0.01%,0.02%,22.60%,25.00%,4,0,2.78%,0.00%,"19,96 €","0,00 €",1,0
B072FHSBJR,B072FHSBJR,Arcos Nova Set 3 Cuchillos Peladores Acero Verde,189621,61,2,0.01%,0.01%,100,2,0.01%,0.01%,40.85%,0.00%,1,0,1.64%,0.00%,"10,49 €","0,00 €",1,0
B07878SB8W,B07878SB8W,WINS – Fregasuelos Limpiador Amoniacal Pino 018 | Garrafa 5 L | Friegasuelos Perfumado para Suelos y Superficies Lavables | Uso General | 100% Made in Spain,WINS018,33,1,0.00%,0.00%,42,1,0.00%,0.00%,89.47%,100.00%,1,0,3.03%,0.00%,"12,95 €","0,00 €",1,0
B09JPSTVBC,B07B8MQZTW,Arcos Serie Riviera Rose - Cuchillo Mondador - Hoja de Acero Inoxidable Forjado NITRUM 100 mm - Mango de Polioximetileno (POM) Color Rosa,230254_,114,4,0.01%,0.02%,151,4,0.01%,0.01%,98.46%,100.00%,1,0,0.88%,0.00%,"21,49 €","0,00 €",1,0
B07CZ3DF6D,B07CZ3DF6D,"HENDI Cortadora eléctrica de carne, cortafiambres multiusos, Profi Line 195, Ø cuchilla: 195mm, espesor de corte (0-12mm), 220-240V, 200W, 416x400x(H)335mm, plateado, aluminio, acero inoxidable",H210031,24,5,0.00%,0.02%,32,6,0.00%,0.02%,25.93%,0.00%,1,0,4.17%,0.00%,"415,00 €","0,00 €",1,0
B07CZP72RF,B07CZP72RF,"HENDI Horno de Convección Profesional H90S con Humidificación manual, 2670W, incl. 4 Bandejas de Aluminio, 2 Ventiladores, 50-300°C, Puerta Doble Cristal, 230V, 595x595x(H)570mm, Acero Inoxidable",H227077,87,7,0.01%,0.03%,139,13,0.01%,0.04%,88.10%,70.00%,1,0,1.15%,0.00%,"649,00 €","0,00 €",1,0
B0D1CSWF7Y,B07D5F1B48,"HENDI Escurridor de cocina, colador, para cocinar, lavar, pasta, fideos, espaguetis, frutas, verduras, ensaladas, redondo, perforado, con base y 2 asas, ø365x(H)185 mm, acero inoxidable",H535516,10,0,0.00%,0.00%,20,0,0.00%,0.00%,68.42%,0.00%,1,0,10.00%,0.00%,"59,75 €","0,00 €",1,0
B07D5FD27P,B07D5FD27P,"HENDI Portacondimentos de Bar, Bandeja de Guarniciones para Cócteles BarUp, Caja Organizadora con Tapa Transparente, 5 Contenedores de Polipropileno, 480x150x(H) 100mm, HIPS, Negro",H552131,9,1,0.00%,0.00%,9,1,0.00%,0.00%,100.00%,0.00%,1,0,11.11%,0.00%,"29,46 €","0,00 €",1,0
B0FR444FLT,B07D8WQ355,Arcos Serie Manhattan - Cuchillo Cocinero - Hoja de Acero Inoxidable Forjado Nitrum 210 mm - Mango de Polioximetileno (POM) Color Negro - Filo Seda,160600,510,12,0.05%,0.06%,816,17,0.06%,0.06%,94.59%,100.00%,1,0,0.20%,0.00%,"37,99 €","0,00 €",1,0
B0FR444FLT,B07D8XC7NL,"Arcos Cuchillo Chef Forjado Acero Inoxidable NITRUM - Profesional Cocina, Mango Ergonómico POM Negro, Hoja Silk Edge 250 mm, Serie Manhattan",160800_,209,4,0.02%,0.02%,264,4,0.02%,0.01%,3.59%,100.00%,1,0,0.48%,0.00%,"44,99 €","0,00 €",1,0
B0CZF7K8YX,B07D9TL37B,"HENDI Recipiente Gastronorm GN 2/3, Kitchen Line, resistencia térmica -40 °C a 250 °C, apto para horno y baño maría, 15,5L, 354x325x(H) 200mm, acero inoxidable",H806258,17,1,0.00%,0.00%,24,1,0.00%,0.00%,70.59%,0.00%,1,0,5.88%,0.00%,"29,45 €","0,00 €",1,0
B0CQP6ZTD4,B07D9X4YDZ,"HENDI Olla de cocina, mediana, con tapa con orificios de salida de vapor, fondo de inducción continuo, apta para todas las fuentes de calor y el lavavajillas, 15L, ø320x(H)190mm, acero inoxidable",H831601,9,1,0.00%,0.00%,10,2,0.00%,0.01%,50.00%,100.00%,1,1,11.11%,100.00%,"98,34 €","98,34 €",1,1
B0CTHQG9QZ,B07DB3C9JY,"HENDI Recipiente Gastronorm GN 1/1 con asas, Budget Line, resistencia térmica -40 °C a 250 °C, apto para horno y baño maría, 28L, 530x325x(H) 200mm, acero inoxidable",H817155,27,7,0.00%,0.03%,41,10,0.00%,0.03%,34.29%,0.00%,1,0,3.70%,0.00%,"34,99 €","0,00 €",1,0
B085SNLR5G,B07DC4H82X,"HENDI Bandeja de Servicio, Redonda, Recubrimiento Antideslizante, Multiusos, para buffets, Bandeja de Cocina para Servir Comida rápida, Bebidas, Fast Food, ⌀280x(H) 20mm, Polipropileno, Negro",H878125,35,0,0.00%,0.00%,46,0,0.00%,0.00%,97.73%,0.00%,1,0,2.86%,0.00%,"9,49 €","0,00 €",1,0
B0CTCW7QFZ,B07DC7ZX3W,HENDI Recipiente Gastronorm 1/1 - PC - Transparente - 28 L - 530x325x(H) 200 mm,H861202,13,0,0.00%,0.00%,20,0,0.00%,0.00%,100.00%,0.00%,1,0,7.69%,0.00%,"34,15 €","0,00 €",1,0
B08P41X49K,B07DP53G8V,"HENDI Lámpara de calor colgante de altura ajustable, cónica, lámpara térmica de infrarrojos para cocina y mantenimiento de alimentos calientes, 230V, 250W, Ø275x(H)250mm, aluminio color plata",H273869,25,3,0.00%,0.01%,37,3,0.00%,0.01%,56.25%,50.00%,1,0,4.00%,0.00%,"91,75 €","0,00 €",1,0
B07DPCM8YW,B07DPCM8YW,"HENDI Lámpara de Calor Colgante, Altura Ajustable, Plata",H273883,31,6,0.00%,0.03%,41,12,0.00%,0.04%,48.72%,40.00%,1,0,3.23%,0.00%,"70,95 €","0,00 €",1,0
B0B8Z4CJBC,B07F2YVB15,"Arcos Juego Cuchillos Pelar Acero Inoxidable Nitrum 4""",136500_2,"3,259",47,0.32%,0.23%,"4,801",73,0.33%,0.24%,7.65%,0.00%,1,0,0.03%,0.00%,"19,24 €","0,00 €",1,0
B07FQ94K1Q,B07FQ94K1Q,Arcos Series Maitre - Juego de Cuchillos 5 Piezas (4 Cuchillos + 1 Tijeras) - Hoja de Acero Inoxidable Nitrum - Mango de Polipropileno - Bloque de Madera de Color marrón,152100__,93,2,0.01%,0.01%,136,3,0.01%,0.01%,98.40%,100.00%,1,0,1.08%,0.00%,"74,99 €","0,00 €",1,0
B07G76CQC2,B07G76CQC2,"Arcos Cuchillos de Mesa Caja de 24 uds Chuletero, Hoja de Acero Inoxidable Nitrum 110 mm, Mango de Nylon, Color Marrón (24 uds)",804000_24piezas,30,1,0.00%,0.00%,42,2,0.00%,0.01%,74.36%,100.00%,1,0,3.33%,0.00%,"44,99 €","0,00 €",1,0
B07G79YS6D,B07G79YS6D,"Arcos Serie Cuchillos de Mesa Caja 12 uds Cuchillo Chuletero, Hoja Filo de Acero Inoxidable NITRUM de 110 mm, Mango Madera comprimida Color marrón (12 UDS)",373200_fbm,67,0,0.01%,0.00%,114,0,0.01%,0.00%,98.88%,0.00%,1,0,1.49%,0.00%,"67,25 €","0,00 €",1,0
B07MMFPNLK,B07MMFPNLK,"HENDI Placa eutéctica de Calor Profesional, GN 1/1, para Cajas térmicas, Elemento Calefactor, acumulador de Calor, Bloque térmico, Placa Caliente, 530x325x(H) 30mm, HDPE, Rojo",H707845,17,1,0.00%,0.00%,22,1,0.00%,0.00%,55.00%,0.00%,4,0,23.53%,0.00%,"205,00 €","0,00 €",1,0
B07N8W33BT,B07N8W33BT,ARCOS Bloque Universal para Cuchillos Caucho Termoplástico 225 mm,794400_,858,11,0.08%,0.05%,"1,099",14,0.07%,0.05%,0.53%,16.67%,1,1,0.12%,9.09%,"20,65 €","20,65 €",1,1
B07N8W7J73,B07N8W7J73,Arcos Serie Prochef - Tijeras de Cocina para zurdos - Hoja de Acero Inoxidable - 210 mm - Mango de Polipropileno Color negro,186000,976,22,0.09%,0.11%,"1,326",23,0.09%,0.08%,0.00%,0.00%,1,0,0.10%,0.00%,"15,89 €","0,00 €",1,0
B07N8WPHN7,B07N8WPHN7,"Arcos Serie Clasica, Juego de Cuchillos de 4 piezas en Caja de Regalo, 3 Cuchillos + Tijera, Hoja de Acero Inoxidable Forjado Nitrum, Mango de Polioximetileno, POM, Bloque de madera color Marrón",258700_2,94,2,0.01%,0.01%,144,2,0.01%,0.01%,100.00%,100.00%,1,0,1.06%,0.00%,"79,99 €","0,00 €",1,0
B07NDSZJQY,B07NDSZJQY,"Arcos Serie Cuchillos de Mesa Caja 12 uds Cuchillo Chuletero, Hoja Serrada de Acero Inoxidable NITRUM de 115 mm, Mango Polioximetileno Color negro (12 UDS)",374800_12piezas,7,0,0.00%,0.00%,10,0,0.00%,0.00%,100.00%,0.00%,1,0,14.29%,0.00%,"74,99 €","0,00 €",1,0
B092TQ1P72,B07NDSZJQY,"Arcos Serie Cuchillos de Mesa Caja 12 uds Cuchillo Chuletero, Hoja Serrada de Acero Inoxidable NITRUM de 115 mm, Mango Polioximetileno Color negro (12 UDS)",374800_12piezas,13,1,0.00%,0.00%,20,2,0.00%,0.01%,100.00%,100.00%,1,0,7.69%,0.00%,"76,24 €","0,00 €",1,0
B07NDTS63M,B07NDTS63M,Arcos Serie Brooklyn - Cuchillo Panero - Hoja de Acero Inoxidable Forjado NITRUM 200 mm - Mango de Micarta Color Azul (Filo Seda),191323_fbm,14,0,0.00%,0.00%,19,0,0.00%,0.00%,100.00%,0.00%,1,0,7.14%,0.00%,"42,99 €","0,00 €",1,0
B07NQ9FH1Q,B07NQ9FH1Q,"HENDI Mesa de congelación Arktic de 3 puertas con 3 estantes ajustables para GN 1/1, -22/-18°C, 420 L, descongelación automática, pantalla digital, 230V/600W, 1795x700x(H)850 mm, acero inoxidable",H232699,14,1,0.00%,0.00%,19,2,0.00%,0.01%,100.00%,100.00%,1,1,7.14%,100.00%,"2.295,00 €","2.295,00 €",1,1
B07PNHKPMY,B07PNHKPMY,"HENDI Caja de golpe de café, rectangular, modelo en forma de gaveta, recipiente para residuos del café, vaciado de posos de café, con barra de golpeo extraíble,350x250x(H)90mm, acero al carbono",H208694,21,1,0.00%,0.00%,32,3,0.00%,0.01%,34.78%,100.00%,2,2,9.52%,200.00%,"179,90 €","179,90 €",1,1
B0D1CV1MTZ,B07PNHP746,"HENDI Maletín de Transporte de Cuchillos - 10 Cuchillos, Negro - 510x50x(H) 170 mm",H856277,17,0,0.00%,0.00%,28,0,0.00%,0.00%,96.30%,0.00%,1,0,5.88%,0.00%,"48,25 €","0,00 €",1,0
B07T7HKST6,B07T7HKST6,CUPERINOX Juego de Cuchillos de cocina | 6 Piezas | Cuchillos Cocina Profesional | Set cuchillos cocina | Incluye tijeras cocina | Acero Inoxidable,19511FBM,25,1,0.00%,0.00%,30,2,0.00%,0.01%,100.00%,100.00%,1,0,4.00%,0.00%,"44,95 €","0,00 €",1,0
B0FQNZM34T,B0843DGXDP,Arcos Opera Cuchillo Jamonero Forjado Acero Inoxidable Nitrum 250 mm,226700_,184,5,0.02%,0.02%,241,5,0.02%,0.02%,92.38%,100.00%,1,0,0.54%,0.00%,"29,49 €","0,00 €",1,0
B0CYTKGNPM,B0843Q6L5P,ARCOS Pelador Profesional Acero Inoxidable Cromado 130 mm,607000_,"6,743",158,0.65%,0.76%,"9,987",211,0.68%,0.71%,0.10%,1.53%,2,2,0.03%,1.27%,"9,22 €","9,22 €",1,1
B0843SYT31,B0843SYT31,Arcos Cuchillo Chef con Hoja Acero Inoxidable Nitrum 160 mm. Cuchillo cocina profesional multiusos. Mango ergonómico polioximetileno POM. Serie Opera. Color negro.,225000_fmb,40,1,0.00%,0.00%,55,1,0.00%,0.00%,88.89%,100.00%,1,0,2.50%,0.00%,"32,88 €","0,00 €",1,0
B0843VGDCV,B0843VGDCV,"Arcos Cuchillo Santoku Acero Inoxidable. Cuchillo japonés afilado para pescado, carne y verduras. Mango ergonómico polioximetileno y Hoja 140 mm. Serie Opera. Color negro.",226900_fbm,32,3,0.00%,0.01%,41,9,0.00%,0.03%,100.00%,100.00%,1,1,3.13%,33.33%,"26,99 €","26,99 €",1,1
B084TL25TZ,B084TL25TZ,HENDI Estante para rejillas para pizza/sartenes (14 ranuras) - 300x305x(H)680 mm,H810361,21,0,0.00%,0.00%,31,0,0.00%,0.00%,92.31%,0.00%,1,0,4.76%,0.00%,"59,75 €","0,00 €",1,0
B084TL4TFV,B084TL4TFV,"HENDI Crepera eléctrica, con esparcidor de madera,temperatura regulable 50°-250°C, placa de diámetro400mm,de hierro fundido con revestimiento cerámico, 230V, 3000W, 470x509x(H)161mm,acero inoxidable",H212028,41,8,0.00%,0.04%,49,8,0.00%,0.03%,91.49%,87.50%,1,0,2.44%,0.00%,"288,50 €","0,00 €",1,0
B0857QG39T,B0857QG39T,"HENDI Placa eutéctica de frío profesional, GN 1/1, para cajas térmicas, elemento refrigerante, acumulador de frío, bloque térmico, de enfriamiento, placa de hielo, 530x325x(H) 30mm, HDPE, blanco",H707753,19,2,0.00%,0.01%,21,2,0.00%,0.01%,57.14%,100.00%,2,2,10.53%,100.00%,"67,50 €","67,50 €",1,1
B08VS4FCLN,B08CY5ZRD7,"Arcos Serie Maitre - Juego Cuchillo de cocina 4 piezas, (3 cuchillos + 1 tijeras) Hoja de Acero Inoxidable NITRUM 80 mm, Mango Polipropileno Negro",152610_,225,1,0.02%,0.00%,248,1,0.02%,0.00%,100.00%,0.00%,1,0,0.44%,0.00%,"39,99 €","0,00 €",1,0
B08VS4FCLN,B08CY5ZRD7,"Arcos Serie Maitre - Juego Cuchillo de cocina 4 piezas, (3 cuchillos + 1 tijeras) Hoja de Acero Inoxidable NITRUM 80 mm, Mango Polipropileno Negro",152610,225,1,0.02%,0.00%,248,1,0.02%,0.00%,100.00%,0.00%,1,0,0.44%,0.00%,"39,99 €","0,00 €",1,0
B08GSTDWTC,B08G4D9718,"Arcos | Cuchillos 3 Colores | Cuchillo de pelar | Cuchillos pelar Patatas | Acero Inoxidable Nitrum| Envase Ecológico | Cuchillo Colores (85 mm, Amarillo, Turquesa, Naranja)",816700,969,13,0.09%,0.06%,"1,196",20,0.08%,0.07%,100.00%,100.00%,1,0,0.10%,0.00%,"10,99 €","0,00 €",1,0
B08G8QHY23,B08G8QHY23,Arcos | cuchillos chuleteros cuchillo madera cuchillo chuletero | 6 Piezas | juego cuchillos carne | cuchillos mango madera | Envase Eco | Fabricado en España,809300_,409,3,0.04%,0.01%,616,6,0.04%,0.02%,99.63%,100.00%,1,0,0.24%,0.00%,"22,49 €","0,00 €",1,0
B08HTZ61MK,B08HTZ61MK,Arcos Cuchillos de Carne | Cuchillos para Carne 6 Unidades | Cuchillos de Carne Aptos Lavavajillas | Alta Resistencia | Acero Inoxidable | Mango Polipropileno | Negro | Envase Eco,816600_,26,0,0.00%,0.00%,36,0,0.00%,0.00%,100.00%,0.00%,2,0,7.69%,0.00%,"41,98 €","0,00 €",1,0
B08WR6CHHN,B08JC8DSP6,Arcos Cuchillos Chuleteros cuchillos chuleteros acero inoxidable filo liso juego cuchillos chuleteros | 6 PZAS cuchillo chuletero | Hoja 110 mm |cuchillos carne Envase Eco,815800_,141,6,0.01%,0.03%,195,7,0.01%,0.02%,100.00%,100.00%,1,0,0.71%,0.00%,"39,99 €","0,00 €",1,0
B09FQ5SZK8,B08MTTN436,Arcos Nordika Cuchillo Mondador Nitrum Madera Ovengkol FSC 100 mm,165000_fbm,865,20,0.08%,0.10%,"1,113",28,0.08%,0.09%,3.77%,0.00%,4,0,0.46%,0.00%,"89,40 €","0,00 €",1,0
B08PFX1GT8,B08PFX1GT8,WINS – Fregasuelos Magnolia 017 |Friegasuelos Limpiador Neutro para Suelos y Superficies | Garrafa 5L | Aroma Magnolia Suave y Duradero | Uso Diario Profesional | 100% Made in Spain,WINS017,13,1,0.00%,0.00%,18,1,0.00%,0.00%,92.86%,100.00%,2,2,15.38%,200.00%,"20,98 €","20,98 €",1,1
B0CQLP3WHM,B08TWYW899,"Arcos Thera Sarten Grill Antiadherente de 24x24 Cm para Inducción, Gas y Vitrocerámica. Grill de Aluminio Fundido con Mango Ergonómico Extraíble y Apta para Lavavajillas. Color Negro y Azul",719300,154,4,0.01%,0.02%,225,4,0.02%,0.01%,40.29%,100.00%,1,0,0.65%,0.00%,"26,10 €","0,00 €",1,0
B0CQLNJVKL,B08TX24P5L,"Arcos Thera Sartén Antiadherente de 26 Cm para Inducción, Gas y Vitrocerámica. Sartén de Cocina Mediana de Aluminio Fundido con Mango Ergonómico Extraíble y Apta para Lavavajillas. Color Negro y Azul",718400,225,4,0.02%,0.02%,317,8,0.02%,0.03%,0.00%,0.00%,1,0,0.44%,0.00%,"36,95 €","0,00 €",1,0
B08YKBVBJ8,B08YKBVBJ8,"HENDI Gofrera eléctrica redonda, para gofres belgas, T regulable (50˚C a 220˚C), placas de aluminio fundido con recubrimiento antiadherente de Teflon, 230V, 1000W, 250x380x(H)590mm, acero inoxidable",H212172,6,3,0.00%,0.01%,11,8,0.00%,0.03%,100.00%,100.00%,1,1,16.67%,33.33%,"148,75 €","148,75 €",1,1
B095YCZR93,B095YCZR93,"HENDI Sifón de cocina, con 3 boquillas de polipropileno y cepillo de limpieza, sifón para montar nata, espumas, mousses, postres, espumado en frío, 0,5L, ø80x(H)260mm, aluminio, amarillo pastel",H975855,20,0,0.00%,0.00%,23,0,0.00%,0.00%,69.57%,0.00%,1,0,5.00%,0.00%,"39,99 €","0,00 €",1,0
B0DN1W9C9M,B0972KV1BD,"HENDI Accesorio batidor de varillas 250mm, recambio para la batidoras de mano de HENDI 221884 y 221891, varilla agitadora, mezclador, Poliamida, Acero inoxidable",H222263,14,2,0.00%,0.01%,20,3,0.00%,0.01%,95.00%,100.00%,1,1,7.14%,50.00%,"118,99 €","118,99 €",1,1
B08J488ZQG,B0987N2CBR,Arcos Juego Cuchillos Carne | 6 Piezas | Cuchillos carne cuchillo chuleteros | cubiertos acero inoxidable | Hoja 110 mm | mango monobloque | aptos lavavajillas | Caja Envase Ecológico,814000_fba,"1,720",55,0.17%,0.26%,"2,038",70,0.14%,0.23%,99.62%,100.00%,2,0,0.12%,0.00%,"51,98 €","0,00 €",1,0
B09KJLG7BT,B098XWCFXT,CUPERINOX Jamonero Profesional | soporte de jamon | 5 Piezas | tabla jamonera | soporte jamonero | Kit Jamonero (tabla + cuchillo + afilador + pinza + cubre jamon,20229_,"2,046",29,0.20%,0.14%,"2,450",33,0.17%,0.11%,99.78%,100.00%,1,0,0.05%,0.00%,"54,99 €","0,00 €",1,0
B0DDSBBMJ1,B09GPSKR41,"HENDI Tostador de cinta doble - 230V / 50Hz / 2240W - 418x368x(H)387 mm, negro, acero inoxidable",H261354,12,3,0.00%,0.01%,14,5,0.00%,0.02%,63.64%,50.00%,1,1,8.33%,33.33%,"539,50 €","539,50 €",1,1
B09HQTWWPB,B09HQTCQBG,Arcos Clara Cuchillo Panero Forjado Acero Inoxidable Nitrum 200 mm,210700_us,46,2,0.00%,0.01%,52,2,0.00%,0.01%,94.00%,100.00%,1,0,2.17%,0.00%,"25,99 €","0,00 €",1,0
B09HQTWWPB,B09HQTW6TF,Arcos Clara Cuchillo Chef Forjado Acero Inoxidable 200 mm,210600_us,108,1,0.01%,0.00%,151,3,0.01%,0.01%,30.50%,0.00%,1,0,0.93%,0.00%,"26,49 €","0,00 €",1,0
B09HRWYKDL,B09HRWYKDL,Arcos Juego de cuchillos Japoneses Profesionales | 4 piezas | Cuchillo Verduras 100 mm + Cocina 150 mm + Santoku con Alveolos 170 mm + Pelador de patatas,853100fbm,253,4,0.02%,0.02%,319,4,0.02%,0.01%,99.66%,100.00%,1,0,0.40%,0.00%,"34,50 €","0,00 €",1,0
B09JCL3T22,B09JCL3T22,"HENDI Carro bandejero doble móvil, 30 x GN 1/1, capacidad de carga 150 kg, 798x610x(H)1710mm, acero inoxidable",H810576,10,3,0.00%,0.01%,10,3,0.00%,0.01%,100.00%,100.00%,1,1,10.00%,33.33%,"399,00 €","399,00 €",1,1
B06XB92VRH,B09LYZ5G5S,CUPERINOX Deluxe Cafetera Italiana Induccion Espresso Inoxidable 6 Tazas,25052,100,2,0.01%,0.01%,123,2,0.01%,0.01%,100.00%,0.00%,1,0,1.00%,0.00%,"31,99 €","0,00 €",1,0
B06XB92VRH,B09LZ2VHYP,CUPERINOX Deluxe Cafetera Italiana Induccion Espresso Inoxidable 10 Tazas,25053,124,1,0.01%,0.00%,149,1,0.01%,0.00%,100.00%,0.00%,1,0,0.81%,0.00%,"24,70 €","0,00 €",1,0
B0FJRVHBWH,B09P8KYJFW,"CUPERINOX Tijeras peluqueria profesional 16,5cm | Tijeras entresacar dentadas vaciar pelo texturizar cabello | Barbero estilista hombre mujer | afiladas acero inoxidable | Uso doméstico y salón",21864,53,2,0.01%,0.01%,72,2,0.00%,0.01%,93.85%,100.00%,1,0,1.89%,0.00%,"9,99 €","0,00 €",1,0
B0D1CVXD6M,B09SH9MVJM,"HENDI Batidor en espiral, cuchara mágica, batidor-mezclador manual de huevos, leche, cremas, salsas, aderezos, aliños, utensilio de cocina, mini batidor-mezclador, (L)280mm, acero inoxidable",H509487,50,0,0.00%,0.00%,60,0,0.00%,0.00%,96.43%,0.00%,1,0,2.00%,0.00%,"9,25 €","0,00 €",1,0
B0CRDWK8V7,B09T9QY59F,"Arcos Samoa Cazo Antiadherente Aluminio Forjado 20 cm 2,6 L",717310,457,10,0.04%,0.05%,638,19,0.04%,0.06%,7.60%,62.50%,1,1,0.22%,10.00%,"32,95 €","32,95 €",1,1
B09TP1PTLN,B09TP1PTLN,"HENDI Bolsa para Carro de Lavandería, 845x600x(H) 625mm",H691090,131,14,0.01%,0.07%,178,20,0.01%,0.07%,40.88%,15.38%,3,3,2.29%,21.43%,"104,85 €","104,85 €",1,1
B09XF6G1Q8,B09XF6G1Q8,Arcos Serie Universal - Juego de Cuchillos de Cocina de 4 piezas (3 Cuchillos Cocineros + Tijeras) - Hoja de Acero Inoxidable NITRUM - Mango de Polioximetileno (POM) - Color Negro,807410+TIJERA,234,3,0.02%,0.01%,351,3,0.02%,0.01%,97.49%,66.67%,1,0,0.43%,0.00%,"49,99 €","0,00 €",1,0
B0DNBTJMLJ,B09ZHZDJRJ,FAMILIA VINCARE (DETERGENTE BIBERONES),DETERGENTE BIBERONES 500ML,38,1,0.00%,0.00%,48,1,0.00%,0.00%,0.00%,0.00%,1,0,2.63%,0.00%,"7,59 €","0,00 €",1,0
B0B464Q8VS,B0B464Q8VS,CUPERINOX® Kitchen Pro | Tijeras de Cocina Profesional 21 cm Tijeras de Trinchar Carne y Pescado Acero Inoxidable Mango Ergonómico Apto Lavavajillas,21981_,47,2,0.00%,0.01%,62,2,0.00%,0.01%,100.00%,100.00%,1,0,2.13%,0.00%,"9,99 €","0,00 €",1,0
B0B46BW9GK,B0B46BW9GK,"CUPERINOX® Kitchen Pro - Tijeras Cocina Profesional | Mango Negro Ambidiestro | Acero Inoxidable de Calidad | Para Pollo, Pescado, Carne y Verduras | Apto Lavavajillas",21985,7,1,0.00%,0.00%,9,1,0.00%,0.00%,100.00%,100.00%,1,0,14.29%,0.00%,"9,99 €","0,00 €",1,0
B0C5XR2TFF,B0C5XR2TFF,Arcos Serie Thera | Sarten Antiadherente 22 cm | Aluminio Fundido | Apta cualquier cocina | Mango Ergonómico Plástico y Silicona | Sistema ahorro energético | Apta lavavajillas | Color Negro y Azul,719800,23,1,0.00%,0.00%,37,3,0.00%,0.01%,100.00%,100.00%,1,0,4.35%,0.00%,"32,25 €","0,00 €",1,0
B0CM6RWLQM,B0CM6RWLQM,"HENDI Hervidor de Sopa Eléctrico UNIQ, 8L, Negro",H860526,12,4,0.00%,0.02%,23,12,0.00%,0.04%,50.00%,27.27%,1,1,8.33%,25.00%,"165,99 €","165,99 €",1,1
B0CN14GJ6L,B0CN14GJ6L,"HENDI Vitrina expositora con cubierta deslizante, mostrador Buffet, conjunto exhibidor con doble función: calentar o enfriar, kit incl. 2 bloques de gel, bandeja de acero inox, 465x315x(H)195mm, PP",H871775,30,3,0.00%,0.01%,39,5,0.00%,0.02%,38.24%,0.00%,1,0,3.33%,0.00%,"84,99 €","0,00 €",1,0
B0D1CZJMQ3,B0CQMRLLBB,"HENDI Emplatar Chef Kit, Juego de Herramientas de emplatado y Decorado culinario, 6 Piezas: Pinzas-cucharas-espátula, Incl. Estuche, Acero Inoxidable Satinado, Plata, poliéster, PP",H400081,81,2,0.01%,0.01%,115,4,0.01%,0.01%,43.81%,0.00%,1,0,1.23%,0.00%,"39,30 €","0,00 €",1,0
B0CQMTRX9C,B0CQMTRX9C,"HENDI Hacha de carnicero profesional, herramienta para manipular y cortar carne, hoja de acero inoxidable de 125 mm de largo, mango ergonómico de polietileno blanco de 450 mm",H843390,58,0,0.01%,0.00%,75,0,0.01%,0.00%,91.30%,0.00%,1,0,1.72%,0.00%,"122,99 €","0,00 €",1,0
B0D1CZJMQ3,B0CQNWQD1V,"HENDI Emplatar Chef Kit, Juego de Herramientas de emplatado y Decorado culinario, 6 Piezas: Pinzas-cucharas-espátula, Incl. Estuche, Acero Inoxidable con Recubrimiento PVD Negro, PP",H400074,44,1,0.00%,0.00%,62,1,0.00%,0.00%,49.06%,0.00%,1,0,2.27%,0.00%,"41,75 €","0,00 €",1,0
B0D7W7VW2W,B0D7W7VW2W,"HENDI Rodillo de amasar, con rodamientos, rodillo de cocina, rodillo de repostería, para hacer pan, pizza, galletas, para grandes cantidades de masa, macizo, ø90x667mm, madera de haya, acero",H515167,17,0,0.00%,0.00%,20,0,0.00%,0.00%,90.00%,0.00%,1,0,5.88%,0.00%,"50,75 €","0,00 €",1,0
B0DFQ7Y1G8,B0DFQ7Y1G8,Arcos Afiladores - Afilador Eléctrico de Cuchillos de Cocina - Hecho de ABS Color Blanco (Rodillos con recubrimiento de diamante),603900,77,8,0.01%,0.04%,119,9,0.01%,0.03%,92.73%,88.89%,1,1,1.30%,12.50%,"239,63 €","239,63 €",1,1
B0DG2RQFHP,B0DG2RQFHP,"HENDI Bandeja de horno GN 1/1 Convectomat – 8 moldes redondos – para huevos fritos, tortillas, panqueques, crepes – Revestimiento antiadherente – 260°C – 530x325x(H) 26mm – Acero inoxidable",H808856,13,0,0.00%,0.00%,16,0,0.00%,0.00%,50.00%,0.00%,1,1,7.69%,0.00%,"45,25 €","45,25 €",1,1
B0DG2S21B1,B0DG2S21B1,"HENDI Olla de hierro fundido con tapa y asa, apta para fuego abierto, horno, cocina de gas, inducción, eléctrica y vitrocerámica, 7,2L, ⌀310x(H)130mm",H629376,354,17,0.03%,0.08%,497,24,0.03%,0.08%,15.75%,0.00%,1,0,0.28%,0.00%,"67,49 €","0,00 €",1,0
B0DKP68T32,B0DJBZPC79,Arcos Serie Eclipse - Cuchillo Cocinero - Hoja de Acero Inoxidable Forjado con Filo Seda Plus de 150 mm - Pulido Brillo Especial - Mango Acrílico - Color Negro,213400_,99,1,0.01%,0.00%,128,1,0.01%,0.00%,99.12%,0.00%,1,0,1.01%,0.00%,"61,99 €","0,00 €",1,0
B0DPKXM18X,B0DNQX2BZN,"CUPERINOX Soporte Jamonero Plegable | Jamonero Giratorio | Jamonero de Bambú con Cuchillo Profesional, Afilador y Funda para Jamón | Elite Collection",20270_,"1,686",52,0.16%,0.25%,"2,151",77,0.15%,0.26%,99.85%,100.00%,1,0,0.06%,0.00%,"49,99 €","0,00 €",1,0
B0DNT6GH3K,B0DNT6GH3K,"CUPERINOX Taza de Viaje 380 ml Térmica con Tapa Hermética, Acero Inoxidable y Aislamiento para Café o Té, Ideal para Llevar y Mantener Bebidas Calientes o Frías | Thermal Collection",26002_a,3,0,0.00%,0.00%,6,0,0.00%,0.00%,100.00%,0.00%,1,0,33.33%,0.00%,"11,99 €","0,00 €",1,0
B0DTK92FQV,B0DTK92FQV,"HENDI Baño María Eléctrico con Grifo, 3x GN 1/3 con Tapas",H238868,31,7,0.00%,0.03%,36,11,0.00%,0.04%,81.82%,83.33%,1,0,3.23%,0.00%,"175,00 €","0,00 €",1,0
B0DTKB63SV,B0DTKB63SV,"HENDI Batidora de mano, con cable en espiral, brazo batidor: 225mm, velocidad variable: 8500 a 16500 RPM, procesa hasta 3L, batidora de inmersión, ø65x(H)425mm, 220V/1000W, acero inoxidable, ABS",H221181,48,2,0.00%,0.01%,70,2,0.00%,0.01%,92.42%,0.00%,1,0,2.08%,0.00%,"99,50 €","0,00 €",1,0
B0DPLG5V7Q,B0DWN63DN4,CUPERINOX Tazas de Espresso de Cristal - Vaso cafe - Vaso Cristal - 80ml (Set de 4) - Apto para Lavavajillas y Microondas - Aroma Series,26120_2packs,53,1,0.01%,0.00%,59,1,0.00%,0.00%,98.11%,0.00%,1,0,1.89%,0.00%,"13,99 €","0,00 €",1,0
B0FR444FLT,B0F3JW5W24,Arcos by Chef José Andrés | Cuchillo Rocking Santoku de 19 cm Forjado para Precisión Culinaria Profesional | Hoja de Acero Inoxidable NITRUM con Borde de Seda | Mango Ergonómico de Madera de Encina,171600,448,14,0.04%,0.07%,513,16,0.03%,0.05%,96.67%,92.31%,1,0,0.22%,0.00%,"74,90 €","0,00 €",1,0
B0FR444FLT,B0F3JWLDBQ,Arcos by Chef José Andrés | Cuchillo de Chef Forjado de 20 cm para Precisión Culinaria Profesional | Hoja de Acero Inoxidable NITRUM con Borde de Seda | Mango Ergonómico de Madera de Encina,171400,80,2,0.01%,0.01%,90,3,0.01%,0.01%,92.68%,100.00%,1,0,1.25%,0.00%,"63,95 €","0,00 €",1,0
B0FR444FLT,B0F3JWN8Y2,Arcos by Chef José Andrés | Cuchillo de Pan de 20 cm para Panes Artesanales y Productos de Panadería | Hoja Forjada de Acero Inoxidable NITRUM con Borde de Seda | Mango Ergonómico de Madera de Encina,171500,481,14,0.05%,0.07%,542,18,0.04%,0.06%,83.88%,55.56%,1,0,0.21%,0.00%,"78,95 €","0,00 €",1,0
B0FJLTDB9J,B0F95HH915,"Alicates para pedicura, Profesional, Cortaúñas de Pies, Acero Inoxidable, Mango Ergonómico Antideslizante, Fácil Limpieza, Con Funda, 2 Años de Garantía (Cortauñas Grande)",21931X2,25,0,0.00%,0.00%,30,0,0.00%,0.00%,100.00%,0.00%,1,0,4.00%,0.00%,"7,49 €","0,00 €",1,0
B0F9X4NXL3,B0F9GJRSSJ,"CUPERINOX Cuchillos Mesa, cuchillo carne, cuchillo mantequilla, Set 6 piezas, acero inoxidable, hoja con filo y sierra, cuchillo untar. Apto lavavajillas. Mango ergonomico",20043_6,164,2,0.02%,0.01%,220,3,0.01%,0.01%,100.00%,100.00%,2,2,1.22%,100.00%,"17,98 €","17,98 €",1,1
B0FJLTDB9J,B0FB98PM7Z,CUPERINOX® Beauty Care – Pack 3 Cortauñas de Precisión | Alicate + Cortaúñas Mediano + Cortaúñas con Llavero | Acero Inoxidable Profesional | Manicura y Pedicura | Hombre y Mujer,21920+21931+21932,92,1,0.01%,0.00%,118,1,0.01%,0.00%,99.02%,100.00%,1,0,1.09%,0.00%,"12,99 €","0,00 €",1,0
B0FBRQYHVM,B0FBRLQK47,"CUPERINOX Ventilador Portatil, Camping, Exterior, Playa, Piscina, Festival| 5+ cargas movil| +48H de bateria | 20000mAh| Powerbank, Luz led, Mando a distancia y Temporizador",A270001,26,2,0.00%,0.01%,48,2,0.00%,0.01%,97.62%,100.00%,1,0,3.85%,0.00%,"47,49 €","0,00 €",1,0
B0FDKX6V41,B0FDKX6V41,VINFERMATON – Insecticida Moscas y Mosquitos Perfume Limón Pack 2×600 ml | Spray Eliminador Insectos Voladores Interior y Exterior | Acción Inmediata Profesional | 100% MADE IN SPAIN,V0009_PACK2,8,0,0.00%,0.00%,9,0,0.00%,0.00%,100.00%,0.00%,10,0,125.00%,0.00%,"119,90 €","0,00 €",1,0
B0FT8N82NY,B0FT8N82NY,BIOLEAF® – Lavavajillas+ Desengrasante Cocina Pack 2×750 ml | Limpieza Potente Antigrasa y Vajilla Reluciente | Fórmula Biodegradable con Esencia Limón | Dermatológicamente Testado| 100% MADE IN SPAIN,BIOLEAF_3436,10,0,0.00%,0.00%,15,0,0.00%,0.00%,100.00%,0.00%,1,0,10.00%,0.00%,"9,99 €","0,00 €",1,0
B0FT8NLHQ3,B0FT8NLHQ3,BIOLEAF® – Multiusos + Limpiacristales Pack 2×750 ml | Limpieza Total Hogar | Brillo Duradero en Superficies y Cristales Sin Huellas | Fórmula Biodegradable | Dermatológicamente Testado,BIOLEAF_3450,25,0,0.00%,0.00%,28,0,0.00%,0.00%,100.00%,0.00%,1,0,4.00%,0.00%,"10,16 €","0,00 €",1,0
B0FZKN2FKC,B0FZKN2FKC,Xpartan Clean | Pack 2 x 500ml | Limpiador de Suelos Multisuperficie para Robots de Limpieza | Concentrado y Perfumado para todo tipo de Robots y Marcas,XPARTAN_PACK2,11,0,0.00%,0.00%,13,0,0.00%,0.00%,100.00%,0.00%,1,0,9.09%,0.00%,"15,99 €","0,00 €",1,0
B0G2CMWG78,B0G2CMWG78,VINFER| WINS018 Limpiador Amoniacal Pino Concentrado 250 ml | Rinde 5 Litros | Potente Detergente Desengrasante e Higienizante | Limpieza Profunda y Frescor Natural | 100% Made in Spain,WC018,5,0,0.00%,0.00%,5,0,0.00%,0.00%,100.00%,0.00%,1,0,20.00%,0.00%,"12,99 €","0,00 €",1,0
B0G2DTP9QC,B0G2DTP9QC,VINFER-WINS018 –Limpiador Amoniacal Pino| Pack Ahorro: Garrafa 5L + Concentrado 250 ml | Rinde 10 Litros Totales | Desengrasante e Higienizante con Frescor Natural | 100% Made in Spain,WC018+018,4,0,0.00%,0.00%,5,0,0.00%,0.00%,100.00%,0.00%,1,0,25.00%,0.00%,"19,99 €","0,00 €",1,0
B0G449LYZ3,B0G449LYZ3,WINS- AMBIENTADOR MARINO- GARRAFA 5L + CONCENTRADO 250ML (5L)| 10L EN TOTAL| PACK AHORRO| 100% MADE IN SPAIN,WC009+009,9,0,0.00%,0.00%,12,0,0.00%,0.00%,100.00%,0.00%,1,0,11.11%,0.00%,"19,49 €","0,00 €",1,0
B0G4F8D9B5,B0G4F8D9B5,"CUPERINOX Cuchillos Niños | Juego de Cuchillos Infantiles de 8 Piezas | Kit Cocina Método Montessori Aprendizaje +2 Años | Incluye Tabla de Cortar, Pelador y Cuchillo de Madera (8)",27007,17,0,0.00%,0.00%,20,0,0.00%,0.00%,94.44%,0.00%,1,0,5.88%,0.00%,"12,99 €","0,00 €",1,0
B0G6L13H45,B0G6L13H45,"CUPERINOX Graseras 1 Litro Acero Inoxidable para Carne y Pescado con Filtro de Malla Fina – Recipiente para Aceite Usado, Antigoteo, Tapa Antisalpicaduras – Gourmet Oil Collection",22121,6,0,0.00%,0.00%,11,0,0.00%,0.00%,77.78%,0.00%,1,0,16.67%,0.00%,"14,99 €","0,00 €",1,0
B0G3ZJ89NB,B0G8KMC5DX,"CUPERINOX Jamonero Giratorio y Plegable | Jamonera base Inoxidable | Incluye Cuchillo Jamonero Alveolos 25 cm, Afilador y Funda para Jamón | Apto Jamones y Paletilla",RI-P28V-UV1Q,"1,014",21,0.10%,0.10%,"1,293",27,0.09%,0.09%,99.74%,100.00%,1,0,0.10%,0.00%,"69,99 €","0,00 €",1,0
B0GCX89NVM,B0GCX89NVM,"CUPERINOX - Soporte Jamonero Profesional de Acero Inoxidable | Sistema Basculante y Cabezal Giratorio | Estabilidad, Corte Ergonómico y Fácil Limpieza | Apto para Jamones y Paletillas|Elite Collection",20280,61,1,0.01%,0.00%,102,1,0.01%,0.00%,93.48%,100.00%,1,0,1.64%,0.00%,"89,99 €","0,00 €",1,0