ASIN (parent),ASIN (child),Título,SKU,Sesiones: total,Sesiones - Total - B2B,Porcentaje de sesiones: total,Porcentaje de sesiones: total - B2B,Visitas: total,Visitas - Total - B2B,Porcentaje de visitas: total,Porcentaje de visitas - Total - B2B,Porcentaje de ofertas destacadas (Buy Box),Porcentaje de ofertas destacadas: B2B,Unidades encargadas,Unidades encargadas - B2B,Porcentaje de unidades por sesión,Porcentaje de sesiones de unidades - B2B,Ventas de productos encargados,Ventas de productos encargados: B2B,Total de artículos de un pedido,Total de artículos de un pedido - B2B
B0FDL4Q2JB,B0FDL4Q2JB,VINFERMATON – Insecticida Avispas y Avisperos Exterior Pack 2×600 ml | Antiavispas | Alcance hasta 4 m | Acción Inmediata Profesional | 100% MADE IN SPAIN,V0020_PACK2,"2,668",130,0.75%,1.46%,"4,179",179,0.84%,1.41%,97.93%,95.80%,726,70,27.21%,53.85%,"11.806,62 €","1.082,15 €",659,42
B0BGRT2BVV,B09G9WBKPG,Arcos Juego de 6 Cuchillos de Mesa Chuleteros Hoja 110 mm Negro 705500,705500(805109),"14,675",315,4.14%,3.53%,"20,156",420,4.03%,3.30%,32.69%,4.75%,557,2,3.80%,0.63%,"6.487,86 €","22,98 €",478,1
B08J488ZQG,B089QP6MYJ,Arcos Juego Cuchillos Carne | 6 Piezas | Cuchillos carne cuchillo chuleteros | cubiertos acero inoxidable | Hoja 110 mm | mango monobloque | aptos lavavajillas | Caja Envase Ecológico,815600_fba,"3,868",107,1.09%,1.20%,"6,017",181,1.20%,1.42%,99.58%,99.11%,495,5,12.80%,4.67%,"12.233,41 €","110,72 €",407,3
B06XD39V8J,B06XD39V8J,VINFERMATON – Insecticida Cucarachas y Hormigas Residual 400 ml | Spray Efecto Duradero para Interior y Exterior | Profesional Doméstico | 100 % MADE IN SPAIN,V0012,"2,125",74,0.60%,0.83%,"3,078",98,0.62%,0.77%,57.92%,91.04%,361,34,16.99%,45.95%,"3.504,71 €","324,29 €",256,16
B09DYJY471,B08MTCRCT4,Arcos Juego Cuchillos Cocina Profesionales| Cuchillos Cocina Profesional | Cuchillos Acero Inoxidable Mango Negro | utensilios de cocina | cuchillo japones Santoku | lavavajillas (5 Piezas),816800,"5,735",112,1.62%,1.26%,"7,874",162,1.58%,1.27%,99.12%,100.00%,171,4,2.98%,3.57%,"5.130,05 €","119,96 €",168,4
B08MT437W9,B08MT437W9,Arcos Juego Cuchillos Cocina Profesionales| Cuchillos Cocina Profesional | 6 pzas | Cuchillos Acero Inoxidable Mango Negro | utensilios de cocina serie Niza | Apto lavavajillas,812900,"10,248",152,2.89%,1.70%,"12,929",200,2.59%,1.57%,98.94%,100.00%,170,1,1.66%,0.66%,"5.524,38 €","32,49 €",167,1
B08MT437W9,B08MT437W9,Arcos Juego Cuchillos Cocina Profesionales| Cuchillos Cocina Profesional | 6 pzas | Cuchillos Acero Inoxidable Mango Negro | utensilios de cocina serie Niza | Apto lavavajillas,812900fbm,"10,248",152,2.89%,1.70%,"12,929",200,2.59%,1.57%,98.94%,100.00%,148,25,1.44%,16.45%,"4.230,48 €","785,19 €",143,22
B09DYJY471,B08MTCRCT4,Arcos Juego Cuchillos Cocina Profesionales| Cuchillos Cocina Profesional | Cuchillos Acero Inoxidable Mango Negro | utensilios de cocina | cuchillo japones Santoku | lavavajillas (5 Piezas),816800fbm,"5,735",112,1.62%,1.26%,"7,874",162,1.58%,1.27%,99.12%,100.00%,149,22,2.60%,19.64%,"3.999,94 €","631,28 €",138,11
B0DPKXM18X,B0DNQT7LV3,"CUPERINOX Soporte Jamonero Balancín | Jamonero Giratorio Profesional | Jamonero Madera | Incluye Cuchillo Profesional, Afilador Funda Cubre Jamón| Jamoneros Elite Collection",20265_,"2,574",110,0.73%,1.23%,"4,715",219,0.94%,1.72%,99.16%,100.00%,138,16,5.36%,14.55%,"10.678,37 €","1.314,84 €",135,14
B017HKRCGK,B005LR7A1Y,ARCOS Bolsa para Cuchillos 100% Poliéster 460x275 mm,690200_,"1,692",25,0.48%,0.28%,"2,605",43,0.52%,0.34%,72.26%,44.44%,104,5,6.15%,20.00%,"1.586,00 €","76,25 €",102,4
B09KJLG7BT,B08KW4BFZ9,CUPERINOX Jamonero Profesional | Soporte jamonero Tipo Gondola| Base de Corte para Usar con Cuchillo jamonero | Jamon iberico | Fabricado en España,2020CUP,864,15,0.24%,0.17%,"1,271",22,0.25%,0.17%,96.77%,100.00%,110,11,12.73%,73.33%,"1.465,54 €","141,69 €",101,2
B0D4WK78XV,B0D4WK78XV,CUPERINOX Aceiteras para Aceite Usado | Grasera Acero Inoxidable 550ML con Filtro Metálico | Recipiente para Aceite Usado de Cocina y Grasa | Grasera Cocina Metálica 550ML 2Uds Metálico,22105-22106,"1,675",21,0.47%,0.24%,"2,505",28,0.50%,0.22%,75.78%,94.44%,101,2,6.03%,9.52%,"1.210,99 €","23,98 €",101,2
B08GSTDWTC,B08LVVQ3ZQ,"Arcos Serie Nova - Cuchillo para pelar, Acero Inoxidable NITRUM, Envase Ecológico, 3 colores Fucsia, Turquesa y Amarillo",703700_,904,25,0.25%,0.28%,"1,387",42,0.28%,0.33%,99.01%,100.00%,104,4,11.50%,16.00%,"1.091,47 €","41,96 €",93,4
B09DYJY471,B08MQJCD2V,Arcos Juego Cuchillos Cocina Profesionales| Cuchillos Cocina Profesional | Cuchillos Acero Inoxidable Mango Negro | utensilios de cocina | cuchillo japones Santoku | lavavajillas (4 Piezas),816900fba,"1,940",35,0.55%,0.39%,"2,599",42,0.52%,0.33%,99.62%,100.00%,79,1,4.07%,2.86%,"1.850,41 €","25,99 €",79,1
B09DYJY471,B08MQJCD2V,Arcos Juego Cuchillos Cocina Profesionales| Cuchillos Cocina Profesional | Cuchillos Acero Inoxidable Mango Negro | utensilios de cocina | cuchillo japones Santoku | lavavajillas (4 Piezas),816900,"1,940",35,0.55%,0.39%,"2,599",42,0.52%,0.33%,99.62%,100.00%,69,3,3.56%,8.57%,"1.793,31 €","77,97 €",69,3
B095SDL23Y,B095SDL23Y,Arcos | cuchillos de mesa (6 ud) | cuchillos acero inoxidable con sierra cuchillo chuletero cuchillos chuleteros | Fabricado en España,813000,941,17,0.27%,0.19%,"1,374",24,0.27%,0.19%,99.92%,100.00%,86,0,9.14%,0.00%,"1.375,14 €","0,00 €",67,0
B07YM65C6J,B007TS6HMQ,ARCOS Pinza para Pescado Acero Inoxidable,605000_caja,427,14,0.12%,0.16%,612,33,0.12%,0.26%,76.82%,75.00%,73,7,17.10%,50.00%,"675,55 €","64,75 €",66,4
B08J488ZQG,B089QP6MYJ,Arcos Juego Cuchillos Carne | 6 Piezas | Cuchillos carne cuchillo chuleteros | cubiertos acero inoxidable | Hoja 110 mm | mango monobloque | aptos lavavajillas | Caja Envase Ecológico,815600_,"3,868",107,1.09%,1.20%,"6,017",181,1.20%,1.42%,99.58%,99.11%,86,21,2.22%,19.63%,"2.273,04 €","534,29 €",63,11
B0D4WK78XV,B0D4WK78XV,CUPERINOX Aceiteras para Aceite Usado | Grasera Acero Inoxidable 550ML con Filtro Metálico | Recipiente para Aceite Usado de Cocina y Grasa | Grasera Cocina Metálica 550ML 2Uds Metálico,22105y22106,"1,675",21,0.47%,0.24%,"2,505",28,0.50%,0.22%,75.78%,94.44%,63,2,3.76%,9.52%,"665,21 €","20,76 €",63,2
B08Y8NS7PN,B08MT61GJV,Arcos Juego Cuchillos Cocina | 2 pzas |Profesional (150 mm) | Cuchillo Cortador Verduras (100 mm)| Acero Inoxidable Nitrum | Mango Negro | Envase Eco,819900fbm,727,22,0.21%,0.25%,995,30,0.20%,0.24%,99.89%,93.75%,60,5,8.25%,22.73%,"1.006,50 €","84,55 €",60,5
B0FBRQYHVM,B0FBRNCHGJ,"CUPERINOX® Ventilador Portátil Silencioso y Recargable con Power Bank 20000mAh, +50H de batería – Ventilador de Mesa USB con Mando, Luz LED y 4 Velocidades – Ideal para Dormir, Camping y Hogar.",27000,"1,365",63,0.38%,0.71%,"2,029",107,0.41%,0.84%,99.53%,100.00%,64,3,4.69%,4.76%,"3.607,94 €","160,56 €",59,3
B0F1N351DY,B072FGV2YH,Arcos Juego de 6 Cuchillos Mondadores Acero Inoxidable 100 mm,189100,"12,265",304,3.46%,3.41%,"17,736",434,3.55%,3.41%,5.13%,3.91%,67,1,0.55%,0.33%,"1.137,44 €","16,49 €",58,1
B0DPKXM18X,B0DNQT7LV3,"CUPERINOX Soporte Jamonero Balancín | Jamonero Giratorio Profesional | Jamonero Madera | Incluye Cuchillo Profesional, Afilador Funda Cubre Jamón| Jamoneros Elite Collection",20265_fbm,"2,574",110,0.73%,1.23%,"4,715",219,0.94%,1.72%,99.16%,100.00%,57,0,2.21%,0.00%,"5.129,43 €","0,00 €",56,0
B089MW6B1B,B078JNZS9T,Arcos Estuche de 3 Cuchillos Básicos de Cocina. Pack de Cuchillos con Hoja de Acero Inoxidable y Mango de Polieximetileno Aptos para Lavavajillas. Serie Universal. Color Negro,807400_us,"8,807",162,2.48%,1.82%,"11,823",210,2.37%,1.65%,25.33%,24.43%,57,1,0.65%,0.62%,"2.334,77 €","40,49 €",55,1
B09GSCQQF9,B07G77FNSF,"Arcos Serie Cuchillos de Mesa Caja 12 uds Cuchillo Postre, Hoja Serrada de Acero Inoxidable NITRUM de 105 mm, Mango Polipropileno Color crema (12 UDS)",370100_us,629,15,0.18%,0.17%,936,17,0.19%,0.13%,99.16%,100.00%,61,4,9.70%,26.67%,"1.100,25 €","70,00 €",55,3
B0F9TD2LTH,B09CL776WP,CUPERINOX® Cuchillos de Mesa Acero Inoxidable – Set 12 Cuchillos para Carne con Filo Dentado – Aptos Lavavajillas – Uso Diario y Profesional,15015,"1,115",71,0.31%,0.80%,"1,711",121,0.34%,0.95%,70.07%,94.38%,103,53,9.24%,74.65%,"2.066,57 €","1.015,67 €",54,21
B09N7S17J6,B09D3YRGL9,"CUPERINOX Navaja Plegable Multiusos – Hoja de Acero Inoxidable 80 mm (Filo Liso + Serrado), Punta Rompevidrios, Apertura Rápida, Clip de Cinturón, Herramienta para Camping, Caza, Pesca y Supervivencia",30061_,"1,091",23,0.31%,0.26%,"1,586",30,0.32%,0.24%,98.92%,100.00%,56,3,5.13%,13.04%,"559,44 €","29,97 €",52,3
B06XD39V8J,B06XD39V8J,VINFERMATON – Insecticida Cucarachas y Hormigas Residual 400 ml | Spray Efecto Duradero para Interior y Exterior | Profesional Doméstico | 100 % MADE IN SPAIN,V0012_,"2,125",74,0.60%,0.83%,"3,078",98,0.62%,0.77%,57.92%,91.04%,71,4,3.34%,5.41%,"600,86 €","33,76 €",50,4
B0752X1ZCK,B07G77NN26,Arcos Cuchillos de Mesa - Caja de 12 uds Cuchillo Chuletero Cuchillo de Mesa - Hoja de Acero Inoxidable NITRUM 110 mm - Mango de Nylon - Color Negro (12 uds),803000,"1,046",46,0.29%,0.52%,"1,530",64,0.31%,0.50%,100.00%,100.00%,49,9,4.68%,19.57%,"1.415,48 €","255,88 €",46,8
B0CYTKGNPM,B0CW68KM18,Pelador de Cocina ARCOS - Hoja de Acero Inoxidable | Mango Ergonómico | Herramienta Versátil para Pelar Frutas y Verduras,607300,924,36,0.26%,0.40%,"1,134",50,0.23%,0.39%,61.32%,31.43%,47,3,5.09%,8.33%,"355,56 €","18,96 €",44,3
B08M9NWMW8,B08M9NWMW8,Arcos Juego de Cuchillos de Cocina Profesional y Afilador | 7 Piezas | Acero Inoxidable | Taco de Madera | Serie Niza | Uso Cotidiano | Apto para Lavavajillas,835800FBM,784,16,0.22%,0.18%,"1,167",23,0.23%,0.18%,99.60%,100.00%,43,0,5.48%,0.00%,"2.216,07 €","0,00 €",43,0
B098BLF7X6,B098BLF7X6,"Tradineur - Grasera metálica para pescado con filtro, aceitera con colador para conservación de aceite de acero inoxidable, recipiente para colar aceites - Ø 9 cm",22106_us,434,6,0.12%,0.07%,567,6,0.11%,0.05%,99.80%,100.00%,44,2,10.14%,33.33%,"318,26 €","14,98 €",43,2
B06XB92VRH,B07T6J5JWM,CUPERINOX Cafetera Italiana Induccion Espresso Acero Inoxidable 12 Tazas,25035_2,842,13,0.24%,0.15%,"1,333",27,0.27%,0.21%,98.31%,100.00%,42,0,4.99%,0.00%,"1.033,66 €","0,00 €",41,0
B08J488ZQG,B0987N2CBR,Arcos Juego Cuchillos Carne | 6 Piezas | Cuchillos carne cuchillo chuleteros | cubiertos acero inoxidable | Hoja 110 mm | mango monobloque | aptos lavavajillas | Caja Envase Ecológico,814000FBM,973,23,0.27%,0.26%,"1,158",26,0.23%,0.20%,99.24%,92.86%,48,2,4.93%,8.70%,"1.230,51 €","51,78 €",38,2
B06XB92VRH,B00YU2ZWGG,CUPERINOX Cafetera Italiana Induccion Espresso Acero Inoxidable 10 Tazas,25034_fbm,711,10,0.20%,0.11%,"1,054",11,0.21%,0.09%,98.20%,100.00%,37,0,5.20%,0.00%,"667,63 €","0,00 €",36,0
B06XB92VRH,B07T6J5JWM,CUPERINOX Cafetera Italiana Induccion Espresso Acero Inoxidable 12 Tazas,25035,842,13,0.24%,0.15%,"1,333",27,0.27%,0.21%,98.31%,100.00%,36,1,4.28%,7.69%,"1.007,64 €","27,99 €",36,1
B08M7BMR2S,B08LNRV6N6,"Arcos Afiladores, Afilador de Cuchillos de Mano, Hecho de ABS + TPE, Rodillos Cerámico y Carburo, Color Blanco y Negro",610624,628,9,0.18%,0.10%,771,14,0.15%,0.11%,98.79%,100.00%,36,2,5.73%,22.22%,"479,89 €","22,01 €",36,2
B0752X1ZCK,B07G77NN26,Arcos Cuchillos de Mesa - Caja de 12 uds Cuchillo Chuletero Cuchillo de Mesa - Hoja de Acero Inoxidable NITRUM 110 mm - Mango de Nylon - Color Negro (12 uds),803000_fmb,"1,046",46,0.29%,0.52%,"1,530",64,0.31%,0.50%,100.00%,100.00%,38,0,3.63%,0.00%,"1.027,67 €","0,00 €",34,0
B0D4WK78XV,B0D4WK78XV,CUPERINOX Aceiteras para Aceite Usado | Grasera Acero Inoxidable 550ML con Filtro Metálico | Recipiente para Aceite Usado de Cocina y Grasa | Grasera Cocina Metálica 550ML 2Uds Metálico,F22105-22106,"1,675",21,0.47%,0.24%,"2,505",28,0.50%,0.22%,75.78%,94.44%,35,0,2.09%,0.00%,"419,65 €","0,00 €",34,0
B0DNNL2TZQ,B0DNN57WC1,"CUPERINOX Aceitera de Cristal Antigoteo para Aceite de Oliva, Resistente y Fácil de Limpiar Gourmet Oil Collection (250 Ml)",22022_,446,15,0.13%,0.17%,632,24,0.13%,0.19%,99.64%,100.00%,35,1,7.85%,6.67%,"367,65 €","9,99 €",34,1
B08G8QCM5H,B08G8QCM5H,ARCOS cuchillo pelador | 6 PIEZAS | cuchillo de pelar | cuchillos pelar patatas | Hoja 100 mm | Negro | cuchillo arcos pelador Acero Inoxidable,816500_,"1,103",27,0.31%,0.30%,"1,460",30,0.29%,0.24%,99.45%,100.00%,35,2,3.17%,7.41%,"649,65 €","31,38 €",32,2
B08M7BMR2S,B08LNRV6N6,"Arcos Afiladores, Afilador de Cuchillos de Mano, Hecho de ABS + TPE, Rodillos Cerámico y Carburo, Color Blanco y Negro",610624_fbm,628,9,0.18%,0.10%,771,14,0.15%,0.11%,98.79%,100.00%,33,1,5.25%,11.11%,"452,10 €","13,70 €",32,1
B08GSTDWTC,B08G4D9718,"Arcos | Cuchillos 3 Colores | Cuchillo de pelar | Cuchillos pelar Patatas | Acero Inoxidable Nitrum| Envase Ecológico | Cuchillo Colores (85 mm, Amarillo, Turquesa, Naranja)",816700_francia,470,14,0.13%,0.16%,605,18,0.12%,0.14%,98.87%,100.00%,31,3,6.60%,21.43%,"302,41 €","29,25 €",31,3
B0FBRQYHVM,B0FBRLQK47,"CUPERINOX Ventilador Portatil, Camping, Exterior, Playa, Piscina, Festival| 5+ cargas movil| +48H de bateria | 20000mAh| Powerbank, Luz led, Mando a distancia y Temporizador",27001,875,48,0.25%,0.54%,"1,237",74,0.25%,0.58%,99.62%,98.31%,37,9,4.23%,18.75%,"2.075,63 €","523,91 €",30,3
B09381N96H,B07G75XCXM,"Arcos Serie Cuchillos de Mesa Caja 12 uds Cuchillo Mesa, Hoja Serrada de Acero Inoxidable NITRUM de 125 mm, Mango Polipropileno Color crema (12 UDS)",370200_us,511,19,0.14%,0.21%,835,37,0.17%,0.29%,97.09%,100.00%,40,14,7.83%,73.68%,"781,50 €","269,46 €",28,3
B0C4DTYRJW,B094QVHPQ8,Arcos Juego Cuchillos Cocina Profesionales| Cuchillos Cocina Profesional Set Cuchillos | Mango Negro (4 Piezas),813500FBM,"1,042",21,0.29%,0.24%,"1,420",31,0.28%,0.24%,99.54%,100.00%,27,3,2.59%,14.29%,"965,21 €","113,85 €",27,3
B0DNNL2TZQ,B0DNN57WC1,"CUPERINOX Aceitera de Cristal Antigoteo para Aceite de Oliva, Resistente y Fácil de Limpiar Gourmet Oil Collection (250 Ml)",22022,446,15,0.13%,0.17%,632,24,0.13%,0.19%,99.64%,100.00%,29,3,6.50%,20.00%,"347,71 €","35,97 €",27,2
B09381N96H,B07G75XCXM,"Arcos Serie Cuchillos de Mesa Caja 12 uds Cuchillo Mesa, Hoja Serrada de Acero Inoxidable NITRUM de 125 mm, Mango Polipropileno Color crema (12 UDS)",370200_fbm,511,19,0.14%,0.21%,835,37,0.17%,0.29%,97.09%,100.00%,30,3,5.87%,15.79%,"599,70 €","59,97 €",26,2
B089M821V5,B089M821V5,Arcos Cuchillos Carne | 6 pzas | Cuchillos chuleteros Set Cuchillo de Mesa Sierra | Mango Madera | Hoja 110 mm | Cuchillos Carne Mesa | Apto lavavajillas | Envase Carton | Ecologico,815500_,"1,204",32,0.34%,0.36%,"1,588",49,0.32%,0.39%,95.33%,96.43%,29,2,2.41%,6.25%,"869,71 €","59,98 €",25,2
B0F54LTCFF,B0044R87QE,Arcos Cuchillo Cocina Acero Inoxidable 200 mm,280604_,"3,054",77,0.86%,0.86%,"4,196",104,0.84%,0.82%,12.41%,13.11%,31,3,1.02%,3.90%,"635,52 €","61,47 €",24,3
B017DLH9RA,B017DLH9RA,ARCOS Cuchillo Abre Ostras Acero Inoxidable 60 mm,227200_us,197,10,0.06%,0.11%,265,19,0.05%,0.15%,93.83%,73.33%,34,7,17.26%,70.00%,"271,66 €","55,93 €",24,3
B0F9TD2LTH,B09CL776WP,CUPERINOX® Cuchillos de Mesa Acero Inoxidable – Set 12 Cuchillos para Carne con Filo Dentado – Aptos Lavavajillas – Uso Diario y Profesional,15015_,"1,115",71,0.31%,0.80%,"1,711",121,0.34%,0.95%,70.07%,94.38%,35,0,3.14%,0.00%,"685,43 €","0,00 €",24,0
B09N7S17J6,B09D3YRGL9,"CUPERINOX Navaja Plegable Multiusos – Hoja de Acero Inoxidable 80 mm (Filo Liso + Serrado), Punta Rompevidrios, Apertura Rápida, Clip de Cinturón, Herramienta para Camping, Caza, Pesca y Supervivencia",30061_solo_navaja,"1,091",23,0.31%,0.26%,"1,586",30,0.32%,0.24%,98.92%,100.00%,25,0,2.29%,0.00%,"239,60 €","0,00 €",24,0
B0C4DTYRJW,B071LGMMGV,Arcos Juego Cuchillos Cocina Profesionales| Cuchillos Cocina Profesional Set Cuchillos | Mango Negro (3 Piezas),862600_,918,23,0.26%,0.26%,"1,259",28,0.25%,0.22%,99.30%,100.00%,23,1,2.51%,4.35%,"853,77 €","33,99 €",23,1
B08JCVQ4QL,B08JCVQ4QL,"Arcos Series Niza - Juego de Cuchillos Cocina, 6 Piezas, Cuchillos Verduras 110 mm, + Cuchillo Mesa, Envase 100% Ecológico, Acero Inoxidable NITRUM",809400_,720,19,0.20%,0.21%,969,23,0.19%,0.18%,99.88%,100.00%,25,2,3.47%,10.53%,"457,75 €","39,98 €",23,1
B08NW1VQRT,B08NW1VQRT,CUPERINOX Navaja para Setas y Champiñones | Acero Inoxidable | Con Cepillo y Funda Incluida | Micológica,2181,184,3,0.05%,0.03%,251,10,0.05%,0.08%,98.72%,100.00%,24,2,13.04%,66.67%,"242,45 €","20,98 €",23,2
B0FJLTDB9J,B09RP6V156,"CUPERINOX® Alicates para pedicura, Profesional, Cortaúñas de Pies, Acero Inoxidable, Mango Ergonómico Antideslizante, Fácil Limpieza, Con Funda, 2 Años de Garantía",21920AM,147,7,0.04%,0.08%,278,8,0.06%,0.06%,96.28%,100.00%,23,1,15.65%,14.29%,"251,27 €","9,49 €",23,1
B0937XXT33,B01CQT1B5U,"Arcos Cuchillos de Mesa Juego de Cuchillos Chuleteros Cuchillos de Mesa, Monoblock de una pieza de Acero Inoxidable 110 mm, Color Plata (12 uds)",702000,535,17,0.15%,0.19%,871,34,0.17%,0.27%,82.71%,100.00%,23,1,4.30%,5.88%,"1.103,77 €","47,99 €",21,1
B07F9GQZCB,B07F9GQZCB,Arcos Cuchillo para Verduras de 4 Pulgadas con Hoja de 105mm en Acero Inoxidable y Mango de Madera. Cuchillo para Vegetales Apto para Lavavajillas. Serie Latina. Color Marrón,100500,310,8,0.09%,0.09%,460,8,0.09%,0.06%,100.00%,100.00%,22,0,7.10%,0.00%,"813,78 €","0,00 €",21,0
B08Y8NS7PN,B08XZ8X815,"Arcos serie Maitre - juego de Cuchillos, 2 Pza, Cuchillo Cocina Profesional 150mm + Cuchillo universal 100mm, Acero Inoxidable, Rosa, Eco",814600_fmb,257,3,0.07%,0.03%,369,4,0.07%,0.03%,99.03%,100.00%,21,0,8.17%,0.00%,"342,69 €","0,00 €",21,0
B0D73CM824,B0D73CM824,"Arcos Cuchillo Mesa | Cuchillo Chuletero | Cuchillo Carne| Cuchillo de Mesa | Pack 12 Unidades| Hoja de Acero Inoxidable115 mm, Mango de Polipropileno Color Negro",740000,860,12,0.24%,0.13%,"1,150",18,0.23%,0.14%,99.80%,100.00%,22,0,2.56%,0.00%,"636,78 €","0,00 €",21,0
B0843QFQB7,B0843QFQB7,Arcos Set Cuchillos 5 piezas Acero Inoxidable Nitrum. Cuchillo Cocina Profesional Afilado para Cortar Carne. Mango Ergonómico Polioximetileno POM. Serie Opera. Diseño Clásico. Color Negro.,227000,971,38,0.27%,0.43%,"1,435",54,0.29%,0.42%,94.87%,97.44%,20,1,2.06%,2.63%,"2.590,24 €","138,89 €",20,1
B08M5K93QF,B08M5K93QF,Arcos Juego Cuchillos Mesa | 6 Uds | Cuchillo Postre | Cuchillos Mesa | Cuchillo Carne | Hoja 105 mm | Acero Inoxidable Martensítico | Mango Polipropileno | Apto lavavajillas | Envase Ecológico,703500_etq,136,2,0.04%,0.02%,184,3,0.04%,0.02%,100.00%,100.00%,22,0,16.18%,0.00%,"241,78 €","0,00 €",20,0
B08M9QRSW8,B08M9QRSW8,Arcos | Juego Cuchillos cuchillos mesa | 6 Uds | cuchillo fruta | cuchillo postre | Hoja 110 mm | Acero Inoxidable Martensítico | Mango Nylon | apto lavavajillas | Envase Ecológico,703600_barras_arcos,99,3,0.03%,0.03%,151,4,0.03%,0.03%,98.57%,100.00%,29,0,29.29%,0.00%,"267,77 €","0,00 €",20,0
B06XB92VRH,B00YU2ZWGG,CUPERINOX Cafetera Italiana Induccion Espresso Acero Inoxidable 10 Tazas,25034,711,10,0.20%,0.11%,"1,054",11,0.21%,0.09%,98.20%,100.00%,20,2,2.81%,20.00%,"392,06 €","32,24 €",19,1
B093DSL44T,B07F9RV81Z,Arcos Cuchillo Chuletero de 4 Pulgadas con Hoja de 105mm en Acero Inoxidable y Mango de Madera. Cuchillo para Carne Apto para Lavavajillas. Serie Latina. Color Marrón,100400_fba,736,17,0.21%,0.19%,"1,101",21,0.22%,0.17%,81.88%,100.00%,21,2,2.85%,11.76%,"755,19 €","71,38 €",19,1
B09GSCQQF9,B07G77FNSF,"Arcos Serie Cuchillos de Mesa Caja 12 uds Cuchillo Postre, Hoja Serrada de Acero Inoxidable NITRUM de 105 mm, Mango Polipropileno Color crema (12 UDS)",370100_,629,15,0.18%,0.17%,936,17,0.19%,0.13%,99.16%,100.00%,20,2,3.18%,13.33%,"358,66 €","30,16 €",19,2
B08LVZCG23,B08LVZCG23,Arcos Juego de Cuchillos de Cocina Rosa | 3 pz | Cuchillo Chef para pelar Verduras | Edición Limitada | Solidaria,814500_fba,801,18,0.23%,0.20%,"1,121",28,0.22%,0.22%,99.37%,100.00%,20,0,2.50%,0.00%,"599,80 €","0,00 €",19,0
B0714CRSCQ,B0714CRSCQ,Arcos Cuchillo Mondador Negro 100 mm,150300,286,10,0.08%,0.11%,417,12,0.08%,0.09%,60.83%,0.00%,23,0,8.04%,0.00%,"229,01 €","0,00 €",18,0
B08JCVQ4QL,B08JCVQ4QL,"Arcos Series Niza - Juego de Cuchillos Cocina, 6 Piezas, Cuchillos Verduras 110 mm, + Cuchillo Mesa, Envase 100% Ecológico, Acero Inoxidable NITRUM",809400,720,19,0.20%,0.21%,969,23,0.19%,0.18%,99.88%,100.00%,18,1,2.50%,5.26%,"359,82 €","19,99 €",18,1
B0CVH8PC99,B0CQTJ6T66,"CUPERINOX® Cuchillos de Mesa Acero Inoxidable – Set Profesional 12 Piezas con Hoja Serrada de 11 cm y Mango Ergonómico Antideslizante – Para Carne, Verduras y Pescado",99922,480,25,0.14%,0.28%,641,30,0.13%,0.24%,100.00%,100.00%,18,0,3.75%,0.00%,"216,22 €","0,00 €",18,0
B0B3CWSDRQ,B00CF20V2I,ARCOS Chaira Afilador Manual Acero Carbono Cromado Negro 230 mm,278100_,178,6,0.05%,0.07%,255,9,0.05%,0.07%,83.48%,100.00%,19,1,10.67%,16.67%,"223,56 €","11,49 €",17,1
B093DSL44T,B07F9RV81Z,Arcos Cuchillo Chuletero de 4 Pulgadas con Hoja de 105mm en Acero Inoxidable y Mango de Madera. Cuchillo para Carne Apto para Lavavajillas. Serie Latina. Color Marrón,100400,736,17,0.21%,0.19%,"1,101",21,0.22%,0.17%,81.88%,100.00%,19,3,2.58%,17.65%,"681,11 €","105,27 €",17,1
B08VRP7CR7,B08MTXC14T,Arcos Juego Cuchillos Carne | 6 Piezas | Cuchillos Carne Cuchillo chuleteros | Cubiertos Acero Inoxidable | Hoja 110 mm | Mango Redondo y Forma Ovalada | monobock | Caja Envase Ecológico (6 unidades),809900,276,12,0.08%,0.13%,396,14,0.08%,0.11%,99.17%,100.00%,19,0,6.88%,0.00%,"489,81 €","0,00 €",17,0
B08ZNM265D,B08ZNM265D,Arcos | cuchillos de mesa cuchillo mesa tradicional | 6 Piezas cuchillo chuletero | mango nailon | Envase Eco | Fabricado en España,704400_fba,298,6,0.08%,0.07%,402,9,0.08%,0.07%,100.00%,100.00%,21,0,7.05%,0.00%,"566,79 €","0,00 €",17,0
B0CYTKGNPM,B0CW66H3TR,Pelador de Tomate ARCOS - Hoja Serrada de Acero Inoxidable | Mango Ergonómico | Ideal para Tomates,607420,722,11,0.20%,0.12%,803,14,0.16%,0.11%,91.49%,100.00%,23,2,3.19%,18.18%,"183,90 €","15,98 €",17,1
B06XB92VRH,B00YU2YTTM,CUPERINOX Cafetera Italiana Induccion Espresso Acero Inoxidable 4 Tazas,25032,535,8,0.15%,0.09%,776,11,0.16%,0.09%,73.31%,75.00%,16,0,2.99%,0.00%,"271,20 €","0,00 €",16,0
B0FD46SGNM,B07JJGXYZD,Arcos Set Cocina Serie Manhattan,858100,667,16,0.19%,0.18%,912,23,0.18%,0.18%,98.53%,100.00%,16,0,2.40%,0.00%,"1.174,34 €","0,00 €",16,0
B089M821V5,B089M821V5,Arcos Cuchillos Carne | 6 pzas | Cuchillos chuleteros Set Cuchillo de Mesa Sierra | Mango Madera | Hoja 110 mm | Cuchillos Carne Mesa | Apto lavavajillas | Envase Carton | Ecologico,815500,"1,204",32,0.34%,0.36%,"1,588",49,0.32%,0.39%,95.33%,96.43%,18,0,1.50%,0.00%,"476,82 €","0,00 €",16,0
B08LVZCG23,B08LVZCG23,Arcos Juego de Cuchillos de Cocina Rosa | 3 pz | Cuchillo Chef para pelar Verduras | Edición Limitada | Solidaria,814500,801,18,0.23%,0.20%,"1,121",28,0.22%,0.22%,99.37%,100.00%,16,1,2.00%,5.56%,"430,34 €","25,49 €",16,1
B09FQ5SZK8,B08MTWC7RD,Arcos Cuchillo Cocinero Acero Inoxidable Nitrum 210 mm,166800_fbm,446,9,0.13%,0.10%,620,11,0.12%,0.09%,83.00%,50.00%,16,2,3.59%,22.22%,"480,34 €","59,98 €",16,2
B0C4DTYRJW,B094QVHPQ8,Arcos Juego Cuchillos Cocina Profesionales| Cuchillos Cocina Profesional Set Cuchillos | Mango Negro (4 Piezas),813500,"1,042",21,0.29%,0.24%,"1,420",31,0.28%,0.24%,99.54%,100.00%,16,0,1.54%,0.00%,"639,20 €","0,00 €",16,0
B0DNNL2TZQ,B0DNNF3839,"CUPERINOX Aceitera de Cristal Antigoteo para Aceite de Oliva, Resistente y Fácil de Limpiar Gourmet Oil Collection (1000 Ml)",22024,315,11,0.09%,0.12%,468,16,0.09%,0.13%,99.52%,100.00%,16,0,5.08%,0.00%,"287,84 €","0,00 €",16,0
B0FDKX6V41,B0FDKX6V41,VINFERMATON – Insecticida Moscas y Mosquitos Perfume Limón Pack 2×600 ml | Spray Eliminador Insectos Voladores Interior y Exterior | Acción Inmediata Profesional | 100% MADE IN SPAIN,V0009_PACK2,122,10,0.03%,0.11%,200,13,0.04%,0.10%,90.23%,100.00%,23,9,18.85%,90.00%,"266,61 €","107,91 €",16,5
B09QDH8MSK,B07N8VWHT9,Arcos Tacos - Bloque Universal para Cuchillos hasta 20 cm - Hecho de Caucho Termoplástico 220 x 160 x 65 mm - Color Negro,794500_,852,21,0.24%,0.24%,"1,266",32,0.25%,0.25%,27.01%,25.00%,15,1,1.76%,4.76%,"389,85 €","25,99 €",15,1
B0812P3LZT,B0812P3LZT,"Arcos Nova - Set 3 Cuchillos Mantequilla - Acero Inoxidable 70 mm - Mango en color menta, naranja y limon",859900_,160,3,0.05%,0.03%,219,6,0.04%,0.05%,98.96%,100.00%,15,1,9.38%,33.33%,"164,85 €","10,99 €",15,1
B0CVH8PC99,B0CQTJ6T66,"CUPERINOX® Cuchillos de Mesa Acero Inoxidable – Set Profesional 12 Piezas con Hoja Serrada de 11 cm y Mango Ergonómico Antideslizante – Para Carne, Verduras y Pescado",99901_12pzs,480,25,0.14%,0.28%,641,30,0.13%,0.24%,100.00%,100.00%,15,2,3.13%,8.00%,"177,87 €","23,98 €",15,2
B0DNNL2TZQ,B0DNNF3839,"CUPERINOX Aceitera de Cristal Antigoteo para Aceite de Oliva, Resistente y Fácil de Limpiar Gourmet Oil Collection (1000 Ml)",22024_,315,11,0.09%,0.12%,468,16,0.09%,0.13%,99.52%,100.00%,15,1,4.76%,9.09%,"247,93 €","17,99 €",15,1
B0DQV6381X,B0DQDQ1DB8,CUPERINOX Jamonero | Jamonero Giratorio | Tabla Cortar Jamon | Jamoneros Profesional | Jamonero Plegable | Tabla Jamon | Cortador de Jamon,SC_20270,357,9,0.10%,0.10%,529,15,0.11%,0.12%,98.98%,100.00%,15,1,4.20%,11.11%,"486,35 €","29,95 €",15,1
B0F1ZF7H1L,B005LR6GE6,Arcos Cuchillo Cocinero Negro 250 mm,233700_,850,9,0.24%,0.10%,"1,084",12,0.22%,0.09%,49.61%,40.00%,14,0,1.65%,0.00%,"601,86 €","0,00 €",14,0
B0937XXT33,B01CQT1B5U,"Arcos Cuchillos de Mesa Juego de Cuchillos Chuleteros Cuchillos de Mesa, Monoblock de una pieza de Acero Inoxidable 110 mm, Color Plata (12 uds)",702000_us,535,17,0.15%,0.19%,871,34,0.17%,0.27%,82.71%,100.00%,14,0,2.62%,0.00%,"671,86 €","0,00 €",14,0
B095SDL23Y,B095SDL23Y,Arcos | cuchillos de mesa (6 ud) | cuchillos acero inoxidable con sierra cuchillo chuletero cuchillos chuleteros | Fabricado en España,813000_fbm,941,17,0.27%,0.19%,"1,374",24,0.27%,0.19%,99.92%,100.00%,17,6,1.81%,35.29%,"274,17 €","92,78 €",14,3
B09F9MH34D,B09F9MH34D,"Arcos Serie Cuchillos de Mesa Chuleteros, Mango de Polipropileno, Hoja 110 mm, Apto para Lavavajillas, Negro, 6 Piezas",805109_6piezas,302,10,0.09%,0.11%,408,10,0.08%,0.08%,100.00%,100.00%,16,2,5.30%,20.00%,"199,84 €","24,98 €",14,2
B09RP6V156,B09RP6V156,"CUPERINOX® Alicates para pedicura, Profesional, Cortaúñas de Pies, Acero Inoxidable, Mango Ergonómico Antideslizante, Fácil Limpieza, Con Funda, 2 Años de Garantía",21920AM,686,14,0.19%,0.16%,988,16,0.20%,0.13%,25.59%,100.00%,16,2,2.33%,14.29%,"172,84 €","18,98 €",14,2
B07DC711NK,B07DC711NK,"HENDI Batidora de Mano, Carcasa de ABS, Brazo Batidor de Acero Inoxidable, Cuchillas cruzadas con Revestimiento de Titanio, 6 Velocidades, Pantalla LCD, 250W, 230V, Procesa de 1-8 Litros, ø71x(H)444mm",H222157,255,34,0.07%,0.38%,375,55,0.08%,0.43%,90.30%,80.95%,13,6,5.10%,17.65%,"1.561,86 €","719,94 €",13,6
B07G76NW26,B07G76NW26,"Arcos Serie Cuchillos de Mesa Caja 12 uds Cuchillo Mesa, Hoja Serrada de Acero Inoxidable de 125 mm, Cuchillo Monoblock Acero Inoxidable Color plata (12 UDS)",460400_fbm,173,1,0.05%,0.01%,268,2,0.05%,0.02%,99.16%,100.00%,14,1,8.09%,100.00%,"548,86 €","37,79 €",13,1
B0BGRT2BVV,B09G9WBKPG,Arcos Juego de 6 Cuchillos de Mesa Chuleteros Hoja 110 mm Negro 705500,805109_uss,"14,675",315,4.14%,3.53%,"20,156",420,4.03%,3.30%,32.69%,4.75%,16,2,0.11%,0.63%,"222,94 €","27,08 €",13,1
B07YM65C6J,B007TS6HMQ,ARCOS Pinza para Pescado Acero Inoxidable,605000_605010,427,14,0.12%,0.16%,612,33,0.12%,0.26%,76.82%,75.00%,12,0,2.81%,0.00%,"105,08 €","0,00 €",12,0
B0FD46SGNM,B07D8WQ355,Arcos Serie Manhattan - Cuchillo Cocinero - Hoja de Acero Inoxidable Forjado Nitrum 210 mm - Mango de Polioximetileno (POM) Color Negro - Filo Seda,160600_,498,10,0.14%,0.11%,716,13,0.14%,0.10%,71.04%,71.43%,12,0,2.41%,0.00%,"431,82 €","0,00 €",12,0
B07LD4MBMK,B07LD4MBMK,"HENDI Cubitera para Hielo, hielera, Recipiente para almacenar Cubitos de Hielo, BarUp, de Doble Pared, 10L, ø292x(h) 220mm, poliestireno, Blanco y Negro",H594759,209,23,0.06%,0.26%,303,33,0.06%,0.26%,88.10%,90.32%,13,8,6.22%,34.78%,"501,50 €","308,00 €",12,7
B08Q7W1Q4K,B08Q7W1Q4K,"Tradineur - Pack de 2 Graseras de metal de Ø 9,3 x 11 cm - Incluye filtro, asa y tapa - Aceitera con colador para conservación de aceite de acero inoxidable - Capacidad de 550 ml",22105+22106,218,3,0.06%,0.03%,294,6,0.06%,0.05%,99.63%,100.00%,12,1,5.50%,33.33%,"131,88 €","10,99 €",12,1
B0DNNL2TZQ,B0DNN4J6Q8,"CUPERINOX Aceitera antigoteo cristal para Aceite de Oliva, Vinagre etc. A prueba de fugas, Aceitera cristal antigoteo tambien aceiteros cocina ideal para Ensaladas, BBQ, cooking oil container (125 ML)",22021_,393,24,0.11%,0.27%,516,34,0.10%,0.27%,99.14%,100.00%,13,5,3.31%,20.83%,"137,22 €","57,48 €",12,5
B0DQV6381X,B0DQR3T9MM,CUPERINOX Jamonero Profesional | Jamonero Giratorio Inoxidable | Jamonero Plegable | Tabla Cortar Jamon | Jamonera | Soporte Jamon,SC_20250,312,6,0.09%,0.07%,409,11,0.08%,0.09%,98.66%,100.00%,12,0,3.85%,0.00%,"659,88 €","0,00 €",12,0
B0822MXSQQ,B00D3LF7EC, ,277000_fbm,455,15,0.13%,0.17%,691,36,0.14%,0.28%,21.75%,30.77%,11,1,2.42%,6.67%,"262,89 €","22,99 €",11,1
B00W9SPO5M,B00W9SPO5M,Arcos Tijeras de Modista de Acero Forjado 178 mm - Uso Profesional y Doméstico - Niqueladas en Plata - Serie Style,504200,110,6,0.03%,0.07%,154,6,0.03%,0.05%,92.86%,40.00%,11,1,10.00%,16.67%,"158,89 €","13,99 €",11,1
B0843DFZH2,B0843DFZH2,Arcos Set 5 Cuchillos Forjados Acero Inoxidable Nitrum,235024,300,15,0.08%,0.17%,494,19,0.10%,0.15%,85.37%,82.35%,11,1,3.67%,6.67%,"1.347,00 €","103,30 €",11,1
B08VS4FCLN,B08BX3WTPP,"Arcos Juego Cuchillos Cocina cuchillo blanco cuchillos | cuchillos cocina Maitre | 4 piezas | Chef 215 mm, Cocina 150 mm, Verduras 100 mm Tijera cocina (Blanco)",152624_,469,11,0.13%,0.12%,636,13,0.13%,0.10%,99.28%,100.00%,11,0,2.35%,0.00%,"353,39 €","0,00 €",11,0
B08VS4FCLN,B08BX3WTPP,"Arcos Juego Cuchillos Cocina cuchillo blanco cuchillos | cuchillos cocina Maitre | 4 piezas | Chef 215 mm, Cocina 150 mm, Verduras 100 mm Tijera cocina (Blanco)",152624,469,11,0.13%,0.12%,636,13,0.13%,0.10%,99.28%,100.00%,11,0,2.35%,0.00%,"384,89 €","0,00 €",11,0
B08G8QHY23,B08G8QHY23,Arcos | cuchillos chuleteros cuchillo madera cuchillo chuletero | 6 Piezas | juego cuchillos carne | cuchillos mango madera | Envase Eco | Fabricado en España,809300,369,9,0.10%,0.10%,501,10,0.10%,0.08%,99.77%,100.00%,14,0,3.79%,0.00%,"331,90 €","0,00 €",11,0
B08M99RZRV,B08M99RZRV,Arcos | Cuchillo Jamonero Cuchillo deshuesador | 2 Uds | Set cuchillos jamoneros 250 mm y cuchillo deshuesador (140 mm) jamonero profesional | cuchillo carnicero profesional | Eco,703800,689,13,0.19%,0.15%,866,18,0.17%,0.14%,99.34%,100.00%,11,1,1.60%,7.69%,"439,89 €","39,99 €",11,1
B08T5Z4HFS,B08QYQYZHS,"CUPERINOX Cubiertos para marisco | Pinzas para marisco | Tenazas para marisco | 12 Unidades | Cubiertos marisco (Cangrejo, Langosta, Ostras) | Tenedor de marisco con dos dientes inferiores y cuchara.",20023_12pzs,126,4,0.04%,0.04%,183,8,0.04%,0.06%,96.39%,100.00%,12,3,9.52%,75.00%,"222,76 €","56,97 €",11,3
B0C5JNCFL4,B0C5JNCFL4,Arcos Serie Milano - Cubertería de 24 piezas en Caja de Regalo (6 Cuchillos + 12 Cucharas + 6 Tenedores) - Monoblock de una pieza en Acero Inoxidable - Color Plata,542000,167,5,0.05%,0.06%,256,8,0.05%,0.06%,85.91%,100.00%,12,1,7.19%,20.00%,"843,63 €","74,99 €",11,1
B0CVH8PC99,B0CQTKPL63,CUPERINOX Cuchillos Carne | Cuchillos Mesa | Cuchillos Chuleteros | 24 Piezas | Hoja Serrada | Mango Polipropileno | Acero Inoxidable | 11 cm,99901_24pzs,142,14,0.04%,0.16%,179,19,0.04%,0.15%,99.38%,100.00%,28,4,19.72%,28.57%,"520,08 €","75,96 €",11,1
B0DNNL2TZQ,B0DNN4J6Q8,"CUPERINOX Aceitera antigoteo cristal para Aceite de Oliva, Vinagre etc. A prueba de fugas, Aceitera cristal antigoteo tambien aceiteros cocina ideal para Ensaladas, BBQ, cooking oil container (125 ML)",22021,393,24,0.11%,0.27%,516,34,0.10%,0.27%,99.14%,100.00%,12,0,3.05%,0.00%,"136,86 €","0,00 €",11,0
B0DNNL2TZQ,B0DNNFGWNJ,"CUPERINOX Aceitera de Cristal Antigoteo para Aceite de Oliva, Resistente y Fácil de Limpiar Gourmet Oil Collection (500 Ml)",22023_,177,5,0.05%,0.06%,258,6,0.05%,0.05%,97.70%,100.00%,11,2,6.21%,40.00%,"145,15 €","25,99 €",11,2
B0DQV6381X,B0DQRF2HZK,CUPERINOX Jamonera Inoxidable | Jamonero | Soporte Jamonero | Tabla Jamon Inoxidable | Facil Montaje | Tabla Jamon Profesional,SC_20260,286,2,0.08%,0.02%,404,2,0.08%,0.02%,98.89%,0.00%,12,0,4.20%,0.00%,"263,88 €","0,00 €",11,0
B0F9X4NXL3,B0F9KW1V3K,"Cuchillos Mesa, cuchillo carne, cuchillo mantequilla, Set 12 piezas, acero inoxidable, hoja con filo y sierra, cuchillo untar. Apto lavavajillas. Mango ergonomico",20043--12,499,13,0.14%,0.15%,672,18,0.13%,0.14%,99.84%,100.00%,13,0,2.61%,0.00%,"153,87 €","0,00 €",11,0
B0752SPHL9,B005LR6WW2,Arcos Juego de Cuchillos de Cocina de 5 Piezas,152100_us,408,10,0.12%,0.11%,611,12,0.12%,0.09%,83.36%,57.14%,10,0,2.45%,0.00%,"618,80 €","0,00 €",10,0
B00D3LC70Y,B00D3LC70Y,Arcos Tijeras Costura Castellana - Acero Forjado Niquelado 127 mm - Uso Doméstico y Profesional - Serie Style,502200,104,2,0.03%,0.02%,149,3,0.03%,0.02%,96.21%,0.00%,10,0,9.62%,0.00%,"104,90 €","0,00 €",10,0
B0B8Z4CJBC,B07F2YVB15,"Arcos Juego Cuchillos Pelar Acero Inoxidable Nitrum 4""",136500_2,"1,339",36,0.38%,0.40%,"2,049",51,0.41%,0.40%,13.90%,17.65%,10,2,0.75%,5.56%,"192,72 €","38,48 €",10,2
B08GSTDWTC,B08LVVQ3ZQ,"Arcos Serie Nova - Cuchillo para pelar, Acero Inoxidable NITRUM, Envase Ecológico, 3 colores Fucsia, Turquesa y Amarillo",703700fbm,904,25,0.25%,0.28%,"1,387",42,0.28%,0.33%,99.01%,100.00%,31,22,3.43%,88.00%,"290,69 €","200,78 €",10,3
B08J488ZQG,B0987N2CBR,Arcos Juego Cuchillos Carne | 6 Piezas | Cuchillos carne cuchillo chuleteros | cubiertos acero inoxidable | Hoja 110 mm | mango monobloque | aptos lavavajillas | Caja Envase Ecológico,814000_fba,973,23,0.27%,0.26%,"1,158",26,0.23%,0.20%,99.24%,92.86%,13,0,1.34%,0.00%,"363,87 €","0,00 €",10,0
B0F9X4NXL3,B0F9KW1V3K,"Cuchillos Mesa, cuchillo carne, cuchillo mantequilla, Set 12 piezas, acero inoxidable, hoja con filo y sierra, cuchillo untar. Apto lavavajillas. Mango ergonomico",20043_12,499,13,0.14%,0.15%,672,18,0.13%,0.14%,99.84%,100.00%,10,0,2.00%,0.00%,"119,90 €","0,00 €",10,0
B0FDKY2RXG,B0FDKY2RXG,VINCARE Pack Limpieza Infantil – Detergente Biberones + Multiusos + Quitamanchas – Limpieza Segura para el Entorno del Bebé- 100% MADE IN SPAIN,PACK VINCARE,269,3,0.08%,0.03%,350,3,0.07%,0.02%,100.00%,100.00%,10,0,3.72%,0.00%,"138,15 €","0,00 €",10,0
B017HKRCGK,B005LR7AWI,ARCOS Bolsa Portacuchillos 8 Piezas Poliéster 500x510mm,690400_,584,13,0.16%,0.15%,862,29,0.17%,0.23%,11.26%,30.00%,9,0,1.54%,0.00%,"224,91 €","0,00 €",9,0
B00U2QWLVS,B00U2QWLVS,Arcos Cuchillo Chuletero de Mesa Acero Inoxidable Nitrum 115 mm,740009_us,124,4,0.03%,0.04%,186,5,0.04%,0.04%,57.23%,25.00%,27,2,21.77%,50.00%,"97,73 €","7,98 €",9,1
B071VT3MC3,B071VT3MC3,"Arcos Tijeras Manicura Curva de Acero Forjado, Uso Profesional y Doméstico, 102 mm, Niqueladas en Plata, Serie Style",500600_,47,0,0.01%,0.00%,77,0,0.02%,0.00%,96.83%,0.00%,10,0,21.28%,0.00%,"109,90 €","0,00 €",9,0
B0B3CPHPXR,B07BQ5CCMD,ARCOS Sacacorchos Manual de ABS Aleación de Zinc,604700_,"2,597",46,0.73%,0.52%,"3,406",62,0.68%,0.49%,6.07%,0.00%,10,1,0.39%,2.17%,"351,64 €","34,99 €",9,1
B0F66KBPV1,B07N7Y7LD9,HENDI Cesta de lavavajillas Profesional para Vasos,H871348,235,18,0.07%,0.20%,358,28,0.07%,0.22%,53.82%,44.44%,9,0,3.83%,0.00%,"194,91 €","0,00 €",9,0
B08G8QCM5H,B08G8QCM5H,ARCOS cuchillo pelador | 6 PIEZAS | cuchillo de pelar | cuchillos pelar patatas | Hoja 100 mm | Negro | cuchillo arcos pelador Acero Inoxidable,816500_fbm,"1,103",27,0.31%,0.30%,"1,460",30,0.29%,0.24%,99.45%,100.00%,10,4,0.91%,14.81%,"189,90 €","75,96 €",9,3
B08G8QCM5H,B08G8QCM5H,ARCOS cuchillo pelador | 6 PIEZAS | cuchillo de pelar | cuchillos pelar patatas | Hoja 100 mm | Negro | cuchillo arcos pelador Acero Inoxidable,816500,"1,103",27,0.31%,0.30%,"1,460",30,0.29%,0.24%,99.45%,100.00%,11,3,1.00%,11.11%,"205,89 €","53,97 €",9,2
B093313MH6,B093313MH6,Arcos | Cuchillo de deshuesar| Cuchillo deshuesador | cuchillo deshuesador jamón | cuchillo deshuesador (140 mm) Clásica| Envase Eco | cuchillo puntilla jamonero,256210_fba,370,19,0.10%,0.21%,496,33,0.10%,0.26%,99.29%,100.00%,9,2,2.43%,10.53%,"177,91 €","37,98 €",9,2
B09FQ5SZK8,B0968LSP2T,"Arcos Utensilios Barbacoa - Cuchillo 200 mm y Tenedor 215 mm, Acero Inoxidable NITRUM, Mango Madera Ovengkol FSC, Set 2 Piezas, Embalaje Reciclado, Serie Nordika",167000_fbm,183,3,0.05%,0.03%,229,4,0.05%,0.03%,65.37%,100.00%,9,0,4.92%,0.00%,"449,91 €","0,00 €",9,0
B08VS4FCLN,B09HHGVG2N,"Arcos Juego Cuchillos Cocina cuchillos | Cuchillo profesional | 6 piezas | Chef 215 mm + Cocina 150 mm, Verduras 100 mm + Tijera cocina + Pelador de fruta y verdura + Pinza para pescado",854200,299,9,0.08%,0.10%,404,13,0.08%,0.10%,99.73%,100.00%,9,1,3.01%,11.11%,"395,91 €","43,99 €",9,1
B0DPKXM18X,B0DNQX2BZN,"CUPERINOX Soporte Jamonero Plegable | Jamonero Giratorio | Jamonero de Bambú con Cuchillo Profesional, Afilador y Funda para Jamón | Elite Collection",20270_fbm,574,18,0.16%,0.20%,736,19,0.15%,0.15%,98.40%,100.00%,9,0,1.57%,0.00%,"412,41 €","0,00 €",9,0
B0FGDF2SHZ,B0FGDF2SHZ,VINFERMATON Antihormigas Efecto Permanente | Insecticida Cucarachas y Hormigas Pack 2×600 ml | Efecto hasta 1 año | Interior y Exterior | Profesional y Doméstico | MADE IN SPAIN,V0013_PACK2,61,3,0.02%,0.03%,94,6,0.02%,0.05%,89.53%,100.00%,10,0,16.39%,0.00%,"169,90 €","0,00 €",9,0
B06XB92VRH,B00YU2ZS1A,CUPERINOX Cafetera Italiana Induccion Espresso Acero Inoxidable 6 Tazas,25033_,178,7,0.05%,0.08%,244,8,0.05%,0.06%,95.81%,100.00%,9,0,5.06%,0.00%,"157,86 €","0,00 €",8,0
B07N8VQSVB,B07N8VQSVB,Arcos Serie Capri - Cubertería de 24 piezas en una Caja de Regalo (6 cuchillos + 12 cucharas + 6 tenedores) - Monoblock de una pieza en Acero Inoxidable Color Plata,587400_,728,21,0.21%,0.24%,"1,105",26,0.22%,0.20%,25.63%,29.41%,11,0,1.51%,0.00%,"810,81 €","0,00 €",8,0
B0F147RFRT,B07N8W7718,Arcos Cuchillo Chef Forjado Acero Inoxidable Tamaño. Mango Profesional Micarta y BorSeda Especial con Hoja Plateada 250 mm. Impresiona yorprencon Cada Corte. Serie Brooklyn. Color Azul.,190823_,188,4,0.05%,0.04%,243,7,0.05%,0.06%,85.96%,50.00%,8,1,4.26%,25.00%,"423,92 €","52,99 €",8,1
B07NDTGSY3,B07NDTGSY3,Arcos Serie Brooklyn - Cuchillo Rocking Santoku Cuchillo Asiático - Hoja de Acero Inoxidable Forjado NITRUM 190 mm - Mango de Micarta Color Azul (Filo Seda),191623_fbm,208,3,0.06%,0.03%,322,5,0.06%,0.04%,95.77%,0.00%,9,2,4.33%,66.67%,"355,41 €","78,98 €",8,1
B08G8QHY23,B08G8QHY23,Arcos | cuchillos chuleteros cuchillo madera cuchillo chuletero | 6 Piezas | juego cuchillos carne | cuchillos mango madera | Envase Eco | Fabricado en España,809300_,369,9,0.10%,0.10%,501,10,0.10%,0.08%,99.77%,100.00%,8,0,2.17%,0.00%,"191,92 €","0,00 €",8,0
B09KJLG7BT,B08KW4BFZ9,CUPERINOX Jamonero Profesional | Soporte jamonero Tipo Gondola| Base de Corte para Usar con Cuchillo jamonero | Jamon iberico | Fabricado en España,20200_premium,864,15,0.24%,0.17%,"1,271",22,0.25%,0.17%,96.77%,100.00%,8,1,0.93%,6.67%,"121,73 €","12,80 €",8,1
B08VS4FCLN,B09HHGVG2N,"Arcos Juego Cuchillos Cocina cuchillos | Cuchillo profesional | 6 piezas | Chef 215 mm + Cocina 150 mm, Verduras 100 mm + Tijera cocina + Pelador de fruta y verdura + Pinza para pescado",854200fbm,299,9,0.08%,0.10%,404,13,0.08%,0.10%,99.73%,100.00%,8,1,2.68%,11.11%,"305,72 €","37,39 €",8,1
B08VRP7CR7,B09XMVTWLT,Arcos Juego Cuchillos Carne | 6 Piezas | Cuchillos Carne Cuchillo chuleteros | Cubiertos Acero Inoxidable | Hoja 110 mm | Mango Redondo y Forma Ovalada | monobock | Caja Envase Ecológico (Filo Liso),830000_,245,8,0.07%,0.09%,350,12,0.07%,0.09%,100.00%,100.00%,9,0,3.67%,0.00%,"257,77 €","0,00 €",8,0
B0DPLG5V7Q,B0DWN7MZ3R,CUPERINOX Vaso cafe - Tazas de Espresso de Cristal - - Vaso Cristal - 80ml (Set de 6) - Apto para Lavavajillas y Microondas - Aroma Series,26120_3packs,94,4,0.03%,0.04%,126,5,0.03%,0.04%,99.10%,100.00%,10,1,10.64%,25.00%,"151,90 €","17,99 €",8,1
B0DQV6381X,B0F2Q1K35T,CUPERINOX Soporte Jamonero Balancín | Jamonero Giratorio Profesional | Jamonero Madera | Jamonera Profesional | Tabla Cortar Jamon,20265_SC,528,9,0.15%,0.10%,791,12,0.16%,0.09%,99.14%,100.00%,8,0,1.52%,0.00%,"654,42 €","0,00 €",8,0
B0F9X4NXL3,B0F9KXQKLG,"CUPERINOX Cuchillos Mesa, cuchillo carne, cuchillo mantequilla, Set 24 piezas, acero inoxidable, hoja con filo y sierra, cuchillo untar. Apto lavavajillas. Mango ergonomico",20043-24,137,7,0.04%,0.08%,179,10,0.04%,0.08%,100.00%,100.00%,13,1,9.49%,14.29%,"256,37 €","19,99 €",8,1
B0FDL3VP7W,B0FDL3VP7W,VINFERMATON – Insecticida Moscas y Mosquitos Perfume Limón Pack 3×300 ml | Spray Eliminador Insectos Voladores Interior y Exterior | Acción Inmediata Profesional | 100% MADE IN SPAIN,V000_PACK3,92,4,0.03%,0.04%,112,4,0.02%,0.03%,95.19%,100.00%,8,0,8.70%,0.00%,"93,52 €","0,00 €",8,0
B0044R87XM,B0044R87XM,"Arcos Cuchillo cocina laerie Kyoto - Hoja Acero Inoxidable forjado Nitrum 6"" - Mango negro polioximetileno (POM) - Elegante y duradero (7'')",178900_,223,9,0.06%,0.10%,304,11,0.06%,0.09%,98.19%,100.00%,7,0,3.14%,0.00%,"327,43 €","0,00 €",7,0
B0752X4WV1,B005LR73R0,Arcos Juego Chuleteros Mango Madera 110 mm,809300__,"5,540",148,1.56%,1.66%,"8,276",200,1.66%,1.57%,1.83%,0.80%,9,0,0.16%,0.00%,"215,91 €","0,00 €",7,0
B096ZVZNSY,B008U6TCSW,ARCOS Chaira Afilador Acero Nitrum Cromado Negro 250 mm,278200_,183,8,0.05%,0.09%,266,12,0.05%,0.09%,29.58%,58.33%,9,5,4.92%,62.50%,"145,13 €","79,17 €",7,3
B078KJ1T6G,B078JPWR5J,"Arcos 807600 Juego de Cuchillos, Acero Inoxidable, Blanco, 45x20x5 cm, 3 Unidades",807600_,572,16,0.16%,0.18%,712,16,0.14%,0.13%,98.09%,100.00%,7,0,1.22%,0.00%,"447,93 €","0,00 €",7,0
B0FD46SGNM,B07DQRFDMB,Arcos Manhattan Cuchillo Santoku Forjado Acero POM Negro 190 mm,161600_,252,7,0.07%,0.08%,374,12,0.07%,0.09%,42.63%,33.33%,8,1,3.17%,14.29%,"275,92 €","34,49 €",7,1
B0B3F4QXML,B07HY6FKNQ,Arcos Serie Clasica - Juego de Cuchillos de 7 piezas en Caja de Regalo (5 Cuchillos + 1 Tijeras + 1 Chaira) - Hoja de Acero Inoxidable Forjado NITRUM - Mango de Polioximetileno (POM) - Color marrón,854400_2,213,4,0.06%,0.04%,318,4,0.06%,0.03%,88.46%,100.00%,7,0,3.29%,0.00%,"947,13 €","0,00 €",7,0
B08TLR4Z27,B08M3YG4R1,Arcos jamonero Profesional | Cuchillo jamonero jamonero Inoxidable Nitrum | Mango Negro | Cuchillo Jamon iberico | Serie Maitre| Hoja Flexible y Filo Liso | 275 mm | Acero Inoxidable NITRUM,704200,83,1,0.02%,0.01%,114,1,0.02%,0.01%,99.05%,100.00%,7,0,8.43%,0.00%,"153,93 €","0,00 €",7,0
B08NW1VQRT,B08NW1VQRT,CUPERINOX Navaja para Setas y Champiñones | Acero Inoxidable | Con Cepillo y Funda Incluida | Micológica,PE2181,184,3,0.05%,0.03%,251,10,0.05%,0.08%,98.72%,100.00%,7,0,3.80%,0.00%,"73,43 €","0,00 €",7,0
B093313MH6,B093313MH6,Arcos | Cuchillo de deshuesar| Cuchillo deshuesador | cuchillo deshuesador jamón | cuchillo deshuesador (140 mm) Clásica| Envase Eco | cuchillo puntilla jamonero,256210,370,19,0.10%,0.21%,496,33,0.10%,0.26%,99.29%,100.00%,7,0,1.89%,0.00%,"127,93 €","0,00 €",7,0
B09RP6V156,B09RP6V156,"CUPERINOX® Alicates para pedicura, Profesional, Cortaúñas de Pies, Acero Inoxidable, Mango Ergonómico Antideslizante, Fácil Limpieza, Con Funda, 2 Años de Garantía",21920AM_fba,686,14,0.19%,0.16%,988,16,0.20%,0.13%,25.59%,100.00%,7,0,1.02%,0.00%,"58,10 €","0,00 €",7,0
B0B2RHJYHB,B0B2RHJYHB,"HENDI Cesta para Freír, 8L, 242x200x(H)140mm",H933664,291,25,0.08%,0.28%,491,46,0.10%,0.36%,19.91%,27.78%,8,2,2.75%,8.00%,"303,92 €","75,98 €",7,1
B0DPKXM18X,B0DNQRZ3BN,"CUPERINOX Soporte Jamonero Inoxidable Profesional con Base Antideslizante para Jamones y Paletas, Incluye Cuchillo | Jamoneros Elite Collection",20260,552,19,0.16%,0.21%,662,20,0.13%,0.16%,99.51%,100.00%,7,0,1.27%,0.00%,"175,34 €","0,00 €",7,0
B0DVT6KPDV,B0DT6ZPGVQ, ,27008,207,8,0.06%,0.09%,298,15,0.06%,0.12%,99.27%,90.91%,8,0,3.86%,0.00%,"96,32 €","0,00 €",7,0
B0F54LTCFF,B006963LSM,Arcos Cuchillo para Pan Acero Inoxidable 250 mm,282204_,244,9,0.07%,0.10%,322,9,0.06%,0.07%,19.66%,0.00%,6,0,2.46%,0.00%,"116,94 €","0,00 €",6,0
B0752V8D5V,B00I9XTGJ6,ARCOS Taco Redondo Protector de Cuchillos Caucho Termoplástico 225 mm,794000,139,2,0.04%,0.02%,213,2,0.04%,0.02%,54.55%,50.00%,6,0,4.32%,0.00%,"149,94 €","0,00 €",6,0
B00VRZ3BMG,B00VRZ3BMG,Arcos Tijeras Costura Acero Forjado 140 mm - Uso Doméstico y Profesional - Niqueladas Plata - Serie Style,502300_,17,1,0.00%,0.01%,24,2,0.00%,0.02%,100.00%,100.00%,6,0,35.29%,0.00%,"65,94 €","0,00 €",6,0
B071LGMGHG,B071LGMGHG,Arcos Tijeras de Manicura Rectas de Acero Forjado 102 mm - Uso Profesional y Doméstico - Niqueladas Plata - Serie Style,501100,62,3,0.02%,0.03%,80,3,0.02%,0.02%,100.00%,0.00%,6,0,9.68%,0.00%,"59,94 €","0,00 €",6,0
B0F1N351DY,B072FGV2YH,Arcos Juego de 6 Cuchillos Mondadores Acero Inoxidable 100 mm,189100_2,"12,265",304,3.46%,3.41%,"17,736",434,3.55%,3.41%,5.13%,3.91%,7,6,0.06%,1.97%,"117,83 €","100,58 €",6,5
B0CSXP6TLN,B07MZK9VXP,"HENDI Descalcificador de agua, 12L",H231227,296,26,0.08%,0.29%,423,52,0.08%,0.41%,54.08%,68.42%,6,3,2.03%,11.54%,"752,25 €","375,25 €",6,3
B0F147RFRT,B07N8VCFRY,Arcos Brooklyn Cuchillo Panero Acero Inoxidable Nitrum 200 mm,191323_,133,6,0.04%,0.07%,169,7,0.03%,0.06%,87.22%,50.00%,6,0,4.51%,0.00%,"233,28 €","0,00 €",6,0
B0FD46SGNM,B07N8VLCQS,"Arcos Juego de Cuchillos Profesionales (4 Piezas) - Acero Inoxidable Nitrum, Precisión y Durabilidad, Mango Ergonómico POM Negro, Incluye Tijeras y Bloque de Madera, Serie Manhattan",163300_,144,4,0.04%,0.04%,198,5,0.04%,0.04%,98.83%,100.00%,6,0,4.17%,0.00%,"576,60 €","0,00 €",6,0
B09DPRCMTF,B08MW2GWPC,Arcos Juego Cuchillos Carne | Cuchillo chuleteros | Cuchillos Carne Cuchillos Mesa | 6 Uds | Hoja 110 mm | Acero Inoxidable | Mango Nylon | Apto lavavajillas | Envase Ecológico (Filo Serrado),816400fbm,316,17,0.09%,0.19%,404,25,0.08%,0.20%,100.00%,100.00%,6,0,1.90%,0.00%,"101,94 €","0,00 €",6,0
B08ZNM265D,B08ZNM265D,Arcos | cuchillos de mesa cuchillo mesa tradicional | 6 Piezas cuchillo chuletero | mango nailon | Envase Eco | Fabricado en España,704400,298,6,0.08%,0.07%,402,9,0.08%,0.07%,100.00%,100.00%,9,0,3.02%,0.00%,"236,95 €","0,00 €",6,0
B09MRYLZ4M,B09MRYLZ4M,Arcos Juego de Cuchillos de Cocina de 3 Piezas,167100_us,690,14,0.19%,0.16%,"1,002",21,0.20%,0.17%,45.61%,0.00%,6,0,0.87%,0.00%,"413,40 €","0,00 €",6,0
B0B42QTHTP,B0B42QTHTP,CUPERINOX | Tijeras de pescado 18 cm | Tijeras Cocina | tijeras de cocinero profesional para aves pescado carne caza| Accesorios de cocina,21991_,69,4,0.02%,0.04%,107,5,0.02%,0.04%,97.70%,100.00%,6,0,8.70%,0.00%,"32,59 €","0,00 €",6,0
B0CVH8PC99,B0CQTKPL63,CUPERINOX Cuchillos Carne | Cuchillos Mesa | Cuchillos Chuleteros | 24 Piezas | Hoja Serrada | Mango Polipropileno | Acero Inoxidable | 11 cm,99923,142,14,0.04%,0.16%,179,19,0.04%,0.15%,99.38%,100.00%,11,0,7.75%,0.00%,"219,89 €","0,00 €",6,0
B0DVT6KPDV,B0DT6ZPGVQ, ,27008_,207,8,0.06%,0.09%,298,15,0.06%,0.12%,99.27%,90.91%,7,1,3.38%,12.50%,"71,93 €","11,99 €",6,1
B0FBRQYHVM,B0FBRNCHGJ,"CUPERINOX® Ventilador Portátil Silencioso y Recargable con Power Bank 20000mAh, +50H de batería – Ventilador de Mesa USB con Mando, Luz LED y 4 Velocidades – Ideal para Dormir, Camping y Hogar.",A27000,"1,365",63,0.38%,0.71%,"2,029",107,0.41%,0.84%,99.53%,100.00%,6,0,0.44%,0.00%,"317,94 €","0,00 €",6,0
B0FGDJJ12N,B0FGDJJ12N,VINFERMATON – Insecticida Avispas y Nidos Exterior 600 ml | Válvula Largo Alcance hasta 4 m | Acción Profesional Inmediata | 100% MADE IN SPAIN,V0020,70,1,0.02%,0.01%,85,1,0.02%,0.01%,96.30%,100.00%,10,0,14.29%,0.00%,"119,90 €","0,00 €",6,0
B017HKR8WS,B005LR7EP6,ARCOS Afilador de Cuchillos Profesional ABS,610000,"1,741",56,0.49%,0.63%,"2,712",98,0.54%,0.77%,8.13%,6.49%,5,0,0.29%,0.00%,"329,95 €","0,00 €",5,0
B0F54LTCFF,B006LMX2GK,Arcos Cuchillo Jamonero Acero Inoxidable Forjado Nitrum 280 mm,281904,269,5,0.08%,0.06%,334,7,0.07%,0.06%,17.09%,0.00%,5,0,1.86%,0.00%,"87,45 €","0,00 €",5,0
B0B3F4QXML,B008U6TDTK,Arcos Serie Clasica - Juego de Cuchillos de 5 piezas en Caja de Regalo (5 Cuchillos) - Hoja de Acero Inoxidable Forjado NITRUM - Mando de Polioximetileno (POM) - Bloque de madera color marrón acabado lacado,257000,541,13,0.15%,0.15%,746,20,0.15%,0.16%,93.91%,85.71%,5,0,0.92%,0.00%,"724,95 €","0,00 €",5,0
B017HKRCGK,B00BHZPGHO,ARCOS Bolsa Portacuchillos para 17 Piezas Poliéster Negra,691400_,217,9,0.06%,0.10%,306,10,0.06%,0.08%,86.31%,100.00%,5,1,2.30%,11.11%,"224,95 €","44,99 €",5,1
B00CWZQJZG,B00CWZQJZG,"Arcos Cuchillos Mesa - Cuchillo Carne Mesa - Monobloque unaola pieza Acero Inoxidable 4"" - Color Plateado - Corta todo tipo carne conimplicidad y practicidad -erie Monobloque - Color Gris",702000_1pza_fba,72,1,0.02%,0.01%,106,1,0.02%,0.01%,98.00%,0.00%,42,0,58.33%,0.00%,"209,58 €","0,00 €",5,0
B00I9XTKI8,B00I9XTKI8,ARCOS Taco Ovalado Protector de Cuchillos hasta 20 cm,794100_,445,13,0.13%,0.15%,659,19,0.13%,0.15%,14.46%,12.50%,5,0,1.12%,0.00%,"129,95 €","0,00 €",5,0
B00J3ZVMCS,B00J3ZVMCS,Arcos Serie Toscana - Juego de Cucharas para Café (6 cucharas) - Monoblock de una pieza en Acero Inoxidable 18/10 y 140 mm - Color Plata,574200,840,22,0.24%,0.25%,"1,292",27,0.26%,0.21%,3.23%,0.00%,7,0,0.83%,0.00%,"69,93 €","0,00 €",5,0
B00U2QWO1K,B00U2QWO1K,Arcos Latina Cuchillo Chuletero Acero Inoxidable 105 mm,100400_1pieza,162,4,0.05%,0.04%,234,4,0.05%,0.03%,33.66%,66.67%,16,0,9.88%,0.00%,"60,00 €","0,00 €",5,0
B0F1N351DY,B073V5RN1J,Arcos Cuchillo Mondador Acero Inoxidable NITRUM 100 mm - Ideal para Pelar Frutas y Verduras - Mango Ergonómico Polipropileno Negro - Serie Nova,816500_1pieza,"1,615",40,0.46%,0.45%,"2,216",45,0.44%,0.35%,9.31%,13.33%,9,4,0.56%,10.00%,"39,67 €","17,96 €",5,1
B0FD46SGNM,B07DFK4T6L,"Arcos Cuchillo Deshuesador Profesional - Hoja Silk Edge Acero Inoxidable Nitrum 160 mm, Precisión y Durabilidad, Mango Ergonómico POM Negro, Serie Manhattan",162600_,129,6,0.04%,0.07%,171,10,0.03%,0.08%,93.62%,100.00%,5,1,3.88%,16.67%,"139,95 €","27,99 €",5,1
B0F147RFRT,B0843DNN57,Arcos Set Cuchillos Forjados 4 piezas (3 Cuchillos + 1 tijeras) - Acero Inoxidable Forjado NITRUM - Mango Micarta - Bloques Madera Color Azul. Serie Brooklyn. Impresiona yorprencon Cada Corte.,194000_,272,5,0.08%,0.06%,362,5,0.07%,0.04%,89.71%,100.00%,6,0,2.21%,0.00%,"641,79 €","0,00 €",5,0
B0BJPYW95J,B0BJPYW95J,Arcos Accesorios - Sacacorchos Manual Abrebotellas Manual - Mango de Aleación de Zinc - Color Negro mate (Incluye cortacápsulas),607500_,67,2,0.02%,0.02%,110,2,0.02%,0.02%,94.68%,100.00%,5,1,7.46%,50.00%,"193,01 €","33,05 €",5,1
B0CN13SJ98,B0CN13SJ98,"HENDI Expositor con cubierta deslizante roll-top, Doble",H871768,325,31,0.09%,0.35%,532,51,0.11%,0.40%,25.78%,13.89%,5,1,1.54%,3.23%,"238,75 €","47,75 €",5,1
B0DNNKT1W2,B0DNNJPRXB,"Cuperinox-Tetera de Cristal con Infusor para Té e Infusiones, Resistente al Calor y Compatible con Microondas ** - Infusion Prestige Collection (550 ml)",26111_,111,4,0.03%,0.04%,151,4,0.03%,0.03%,100.00%,100.00%,5,0,4.50%,0.00%,"85,23 €","0,00 €",5,0
B0DPKXM18X,B0DNQRZ3BN,"CUPERINOX Soporte Jamonero Inoxidable Profesional con Base Antideslizante para Jamones y Paletas, Incluye Cuchillo | Jamoneros Elite Collection",20260_fbm,552,19,0.16%,0.21%,662,20,0.13%,0.16%,99.51%,100.00%,5,0,0.91%,0.00%,"109,95 €","0,00 €",5,0
B0DPKXM18X,B0DNQXN97X,CUPERINOX Soporte Jamonero Inoxidable | Jamonero Plegable | Jamonero Giratorio | Jamonero Profesional | Cuchillo Jamonero Profesional y Afilador,20250_fbm,391,23,0.11%,0.26%,443,28,0.09%,0.22%,99.27%,100.00%,5,0,1.28%,0.00%,"321,47 €","0,00 €",5,0
B0DPLG5V7Q,B0DPJBBJC4,"CUPERINOX® Tazas de Café Espresso de Cristal – Set 2 80ml- Aptas para lavavajillas- Resistentes al Calor – Tazas Bonitas de Café, Té Originales y Elegantes – Aroma Series",26120_,73,5,0.02%,0.06%,81,7,0.02%,0.06%,97.37%,100.00%,5,1,6.85%,20.00%,"57,65 €","11,99 €",5,1
B0DPLG5V7Q,B0DWN63DN4,CUPERINOX Tazas de Espresso de Cristal - Vaso cafe - Vaso Cristal - 80ml (Set de 4) - Apto para Lavavajillas y Microondas - Aroma Series,26120_2packs,712,18,0.20%,0.20%,913,22,0.18%,0.17%,98.93%,100.00%,5,0,0.70%,0.00%,"63,95 €","0,00 €",5,0
B0F9L19CF8,B0F9L19CF8,Set de Cortauñas Profesional,A10002,32,0,0.01%,0.00%,42,0,0.01%,0.00%,100.00%,0.00%,5,0,15.63%,0.00%,"33,93 €","0,00 €",5,0
B0F54LTCFF,B000NOAYMM,Arcos Cuchillo Jamonero Acero Inoxidable 240 mm,281804_fba,333,10,0.09%,0.11%,410,13,0.08%,0.10%,32.55%,20.00%,4,0,1.20%,0.00%,"65,96 €","0,00 €",4,0
B017HKG9PK,B0044R87W8,"Arcos Cuchillo Santoku Acero Inoxidable Nitrum. Cuchillo Cocina japonés Pescado, Carne y Verduras. Mango ergonómico polioximetileno Pom y Hoja 170 mm. Multiusos. Serie Maitre. Color Negro.",151600_fba,"1,000",25,0.28%,0.28%,"1,437",43,0.29%,0.34%,11.39%,15.15%,4,1,0.40%,4.00%,"78,05 €","19,25 €",4,1
B096SHJ82T,B0044R8868,Arcos Juego de 12 Cubiertos para Mesa. Set de 6 Cuchillos Chuleteros y 6 Tenedores en Madera de Haya y Acero Inoxidable. Estuche para Carne. Serie Mesa. Color Marrón,377700_fbm,656,29,0.18%,0.33%,966,43,0.19%,0.34%,16.55%,31.82%,4,0,0.61%,0.00%,"187,96 €","0,00 €",4,0
B0F1ZF7H1L,B005LR68DU,Arcos Cuchillo Jamonero con Alveolos 250 mm,231000_,537,16,0.15%,0.18%,752,24,0.15%,0.19%,17.02%,29.41%,4,0,0.74%,0.00%,"134,52 €","0,00 €",4,0
B0752SPHL9,B005LR6W8Q,Arcos Maitre Set 5 Cuchillos Acero Inoxidable Nitrum,152000_,269,9,0.08%,0.10%,364,12,0.07%,0.09%,78.68%,100.00%,4,0,1.49%,0.00%,"247,96 €","0,00 €",4,0
B0752NT3TH,B005LR77GC,ARCOS Tijeras de Cocina Profesional 235 mm,185701,"1,319",40,0.37%,0.45%,"1,914",59,0.38%,0.46%,0.36%,0.00%,4,0,0.30%,0.00%,"35,96 €","0,00 €",4,0
B017HKRCGK,B005LR7C44,ARCOS Bolsa Portacuchillos 12 Piezas Poliéster 730x510mm,690500_,487,16,0.14%,0.18%,682,23,0.14%,0.18%,6.81%,0.00%,4,0,0.82%,0.00%,"111,76 €","0,00 €",4,0
B0F54LTCFF,B007TS6GFO,Arcos Universal Juego 5 Cuchillos Nitrum Bloque Pino POM Negro,285700_,"1,075",36,0.30%,0.40%,"1,318",39,0.26%,0.31%,21.48%,26.92%,4,0,0.37%,0.00%,"419,60 €","0,00 €",4,0
B00D3LCFRE,B00D3LCFRE,Arcos Tijeras Multiusos de Acero Inoxidable 210 mm - Costura y Tejidos - Mango ABS Gris - Serie Deluxe,521000_fbm,39,5,0.01%,0.06%,55,14,0.01%,0.11%,86.00%,77.78%,5,2,12.82%,40.00%,"119,95 €","47,98 €",4,1
B00D3LDXPM,B00D3LDXPM,ARCOS Abrelatas Manual Aleación de Zinc Plata-Negro 160 mm,603600,181,12,0.05%,0.13%,244,15,0.05%,0.12%,22.33%,27.27%,4,0,2.21%,0.00%,"69,96 €","0,00 €",4,0
B00VRZ327A,B00VRZ327A,Arcos Tijeras Costura Acero Forjado 152 mm - Uso Doméstico y Profesional - Niqueladas Plata - Serie Style,502400,33,1,0.01%,0.01%,60,1,0.01%,0.01%,98.18%,100.00%,4,0,12.12%,0.00%,"47,96 €","0,00 €",4,0
B0CJDS7HN7,B00WUZT88I,ARCOS Mesa Tenedor Carne y Mesa Acero 18/10 Plata 200 mm,702100_1pieza,372,18,0.10%,0.20%,516,23,0.10%,0.18%,25.53%,14.29%,15,0,4.03%,0.00%,"51,45 €","0,00 €",4,0
B093DRZ154,B017DLDM3A,Arcos Cuchillo Mondador Madera 65 mm,100100_us,468,21,0.13%,0.24%,728,34,0.15%,0.27%,5.01%,0.00%,6,0,1.28%,0.00%,"32,94 €","0,00 €",4,0
B017DLHEGQ,B017DLHEGQ,Arcos Chaira Afilador Manual de Cuchillos 230 mm,279400,618,17,0.17%,0.19%,960,20,0.19%,0.16%,4.51%,9.09%,4,0,0.65%,0.00%,"67,00 €","0,00 €",4,0
B017DLM9SY,B017DLM9SY,Arcos Serie Toscana - Juego de Cucharas de Mesa (3 cucharas) - Monoblock de una pieza en Acero Inoxidable 18/10 y 180 mm - Color Plata,574400_,242,4,0.07%,0.04%,370,4,0.07%,0.03%,43.27%,50.00%,6,2,2.48%,50.00%,"38,52 €","12,84 €",4,1
B078GYCH1G,B078GYCH1G,Tenedor de marisco - 6 unid,20023,15,1,0.00%,0.01%,26,3,0.01%,0.02%,100.00%,0.00%,5,0,33.33%,0.00%,"64,95 €","0,00 €",4,0
B0CTHQG9QZ,B07DB3C9JY,"HENDI Recipiente Gastronorm GN 1/1 con asas, Budget Line, resistencia térmica -40 °C a 250 °C, apto para horno y baño maría, 28L, 530x325x(H) 200mm, acero inoxidable",H817155,62,0,0.02%,0.00%,127,0,0.03%,0.00%,77.59%,0.00%,5,0,8.06%,0.00%,"174,95 €","0,00 €",4,0
B0FD46SGNM,B07DC9LM3W,"Arcos Cuchillo Panadero Profesional - Hoja Silk Edge 200 mm en Acero Inoxidable Nitrum, Corte Preciso y Duradero, Ideal para Pan y Pasteles, Diseño Elegante y Seguro, Serie Manhattan",161300_,98,4,0.03%,0.04%,118,6,0.02%,0.05%,93.68%,0.00%,4,0,4.08%,0.00%,"127,96 €","0,00 €",4,0
B0FD46SGNM,B07DFNDYFM,Arcos Cuchillo pescado Forgedole Acero Inoxidable forjado. Mango Micarta y borseda especial con Hoja plateada 190 mm. Serie Manhattan. Color negro. Impresiona yorprencon cada corte.,161400_,62,3,0.02%,0.03%,92,4,0.02%,0.03%,98.57%,100.00%,4,1,6.45%,33.33%,"103,96 €","25,99 €",4,1
B07F9GQZCB,B07F9GQZCB,Arcos Cuchillo para Verduras de 4 Pulgadas con Hoja de 105mm en Acero Inoxidable y Mango de Madera. Cuchillo para Vegetales Apto para Lavavajillas. Serie Latina. Color Marrón,100500_fba,310,8,0.09%,0.09%,460,8,0.09%,0.06%,100.00%,100.00%,4,0,1.29%,0.00%,"147,96 €","0,00 €",4,0
B07JWM27F4,B07JWM27F4,Arcos Set Cuchillos Cocina Profesionales Forjados en Acero Inoxidable. Juego de 3 Cuchillos (Pelador 100 mm + Cocinero 150 mm + Cocinero 200 mm). Mango Ergonómico Rosa en Polioximetileno. Riviera Rose,855100,330,5,0.09%,0.06%,463,5,0.09%,0.04%,97.70%,100.00%,4,0,1.21%,0.00%,"301,21 €","0,00 €",4,0
B0F147RFRT,B07YYDR6D8,Arcos Juego de Cuchillos de Cocina. 3 piezas de Acero Inoxidable forjado. Impresiona yorprencon cada corte. Mango Micarta azul. Serie Brooklyn. Color Azul.,858110_,933,17,0.26%,0.19%,"1,342",28,0.27%,0.22%,30.87%,22.22%,4,0,0.43%,0.00%,"387,56 €","0,00 €",4,0
B09NT4VRN7,B0812BKN39,Arcos Juego de Cuchillos Mondadores de 3 Piezas,859800_barras_arcos,"26,833",467,7.57%,5.23%,"37,617",649,7.53%,5.10%,0.09%,0.93%,4,0,0.01%,0.00%,"38,52 €","0,00 €",4,0
B09MSDJQJ1,B08M3B43J6,"Arcos | Juego Cuchillo Jamonero 3 Pzas | jamonero Acero Inoxidable (240 mm), afilador Chaira y Cubre jamón | Juego Cuchillos jamonero Profesional | Paleta ibérica | Eco",704300_fbm,245,5,0.07%,0.06%,328,5,0.07%,0.04%,98.98%,100.00%,4,1,1.63%,20.00%,"119,56 €","29,89 €",4,1
B09FQ5SZK8,B08MTZZQV5,Arcos Cuchillo para Pan Acero Inoxidable Nitrum 200 mm,166400_fbm,193,4,0.05%,0.04%,269,4,0.05%,0.03%,26.87%,33.33%,4,0,2.07%,0.00%,"115,96 €","0,00 €",4,0
B09DPRCMTF,B08MW2GWPC,Arcos Juego Cuchillos Carne | Cuchillo chuleteros | Cuchillos Carne Cuchillos Mesa | 6 Uds | Hoja 110 mm | Acero Inoxidable | Mango Nylon | Apto lavavajillas | Envase Ecológico (Filo Serrado),816400fba,316,17,0.09%,0.19%,404,25,0.08%,0.20%,100.00%,100.00%,5,0,1.58%,0.00%,"99,95 €","0,00 €",4,0
B09KJLG7BT,B098TFPYLY,CUPERINOX Jamonero profesional Gondola | tabla jamon | Cuchillo Jamonero Alveolos Acero Inox + Cubre Jamón Universal | Set cortar jamón (3 PZAS) | Sujeta jamones | tabla jamonero,20228FBM,87,5,0.02%,0.06%,132,7,0.03%,0.06%,100.00%,100.00%,4,0,4.60%,0.00%,"118,96 €","0,00 €",4,0
B09WYWVGCS,B09WYWVGCS,Arcos Clara Juego 3 Cuchillos Forjados Acero Inoxidable Nitrum,212000_819010,107,2,0.03%,0.02%,143,2,0.03%,0.02%,90.84%,100.00%,6,0,5.61%,0.00%,"299,94 €","0,00 €",4,0
B08VRP7CR7,B09XMVTWLT,Arcos Juego Cuchillos Carne | 6 Piezas | Cuchillos Carne Cuchillo chuleteros | Cubiertos Acero Inoxidable | Hoja 110 mm | Mango Redondo y Forma Ovalada | monobock | Caja Envase Ecológico (Filo Liso),830000,245,8,0.07%,0.09%,350,12,0.07%,0.09%,100.00%,100.00%,6,2,2.45%,25.00%,"197,94 €","65,98 €",4,1
B0BJPYW95J,B0BJPYW95J,Arcos Accesorios - Sacacorchos Manual Abrebotellas Manual - Mango de Aleación de Zinc - Color Negro mate (Incluye cortacápsulas),607500,67,2,0.02%,0.02%,110,2,0.02%,0.02%,94.68%,100.00%,4,0,5.97%,0.00%,"153,96 €","0,00 €",4,0
B0C49YDKL4,B0C49YDKL4,Arcos Serie Nordika - Cuchillo Usuba - Acero Inoxidable NITRUM - Hoja de 175 mm - Mango de Madera Ovengkol 100% natural de bosques certificados FSC® - Embalaje 100% reciclado,168000,91,0,0.03%,0.00%,128,0,0.03%,0.00%,78.76%,0.00%,4,0,4.40%,0.00%,"175,00 €","0,00 €",4,0
B0DNNKT1W2,B0DNNJPRXB,"Cuperinox-Tetera de Cristal con Infusor para Té e Infusiones, Resistente al Calor y Compatible con Microondas ** - Infusion Prestige Collection (550 ml)",26111,111,4,0.03%,0.04%,151,4,0.03%,0.03%,100.00%,100.00%,4,1,3.60%,25.00%,"63,84 €","15,99 €",4,1
B0DVT6KPDV,B0DT73LYPQ,"CUPERINOX Cuchillos Montessori | Set de Cuchillos Infantiles de 16 Piezas | Cuchillos Niños Aprendizaje +2 Años | Incluye Delantal, Guante de Seguridad, Moldes Tabla de Cortar | Kids Collection",27016_,77,2,0.02%,0.02%,89,2,0.02%,0.02%,98.77%,50.00%,4,0,5.19%,0.00%,"51,96 €","0,00 €",4,0
B0FD3NTQVM,B0FD3NTQVM,VINFERMATÓN Spray Antimosquitos + Post Picaduras | Eficaz contra mosquito tigre | +8 Horas de proteccion | Apto para niños | Facilidad de Uso | MADE IN SPAIN,PACKREPELENTE+ROLLON,45,4,0.01%,0.04%,56,4,0.01%,0.03%,100.00%,100.00%,5,0,11.11%,0.00%,"64,11 €","0,00 €",4,0
B0FH2NLMGN,B0FH2NLMGN,VINFERMATON Insecticida Hormigas y Cucarachas Residual | Antihormigas | Pack 2×400 ml | Efecto hasta 1 año | Interior y Exterior | Profesional Doméstico | 100% MADE IN SPAIN,V0012_PACK2,40,0,0.01%,0.00%,59,0,0.01%,0.00%,92.86%,0.00%,4,0,10.00%,0.00%,"59,96 €","0,00 €",4,0
B017HKG9PK,B0044R87ZU,Arcos Cuchillo Cocina Acero Inoxidable Nitrum y Hoja 180 mm. Cuchillo Utilidad Profesional. Mango ergonómico polioximetileno Pom. Serie Maitre. Color Negro.,150800_fbm,986,20,0.28%,0.22%,"1,304",27,0.26%,0.21%,10.20%,20.00%,4,0,0.41%,0.00%,"53,00 €","0,00 €",3,0
B0BSKCJNDM,B005LR72I0,Arcos Niza Cuchillo Jamonero Flexible Acero Inoxidable 230 mm,135600_fba,93,1,0.03%,0.01%,124,2,0.02%,0.02%,39.29%,0.00%,3,0,3.23%,0.00%,"32,97 €","0,00 €",3,0
B08L8MV8XD,B005LR72SK,Arcos Juego de Cuchillos con Bloque Acero Inoxidable 6 piezas,136100_,"4,873",104,1.37%,1.17%,"6,970",142,1.39%,1.12%,2.23%,18.45%,3,2,0.06%,1.92%,"140,97 €","91,98 €",3,2
B0F54LTCFF,B007TS67WG,Arcos Cuchillo Chef Acero Inoxidable 300 mm,280804,232,3,0.07%,0.03%,259,3,0.05%,0.02%,31.84%,0.00%,3,0,1.29%,0.00%,"89,25 €","0,00 €",3,0
B0752X1ZCK,B009KPKG8M,Arcos Cuchillos de Mesa - Cuchillo Chuletero Cuchillo de Mesa - Hoja de Acero Inoxidable NITRUM 110 mm - Mango de Nylon - Color Negro,803000_1-Pieza,155,8,0.04%,0.09%,176,8,0.04%,0.06%,59.88%,100.00%,4,0,2.58%,0.00%,"15,00 €","0,00 €",3,0
B017HKSTCQ,B00CFN1M6Q,ARCOS Tijeras de Cocina Multiusos 200 mm,809700_,"1,861",79,0.52%,0.89%,"2,900",116,0.58%,0.91%,0.11%,2.53%,3,2,0.16%,2.53%,"41,97 €","27,98 €",3,2
B08M7BMR2S,B00I9XTLSC,ARCOS Afilador Profesional Manual Cerámica y Carbono Rojo-Negro,610600_2,"5,188",121,1.46%,1.36%,"7,322",164,1.47%,1.29%,0.37%,1.82%,3,1,0.06%,0.83%,"40,47 €","13,49 €",3,1
B093DXB2PK,B00MDJVRG2,Arcos Latina Cuchillo para Verduras Acero Inoxidable 105 mm,100500_1_pieza,217,4,0.06%,0.04%,335,7,0.07%,0.06%,16.28%,0.00%,3,0,1.38%,0.00%,"13,11 €","0,00 €",3,0
B017HKR8WS,B00OFR535Q,"Arcos Afiladores - Afilador Eléctrico de Cuchillos Afilador de Cuchillos Eléctricos, Hecho de Plástico, Color Negro (Rodillos de Banda Intercambiables)",610500_fbm,421,24,0.12%,0.27%,473,29,0.09%,0.23%,96.31%,95.24%,3,1,0.71%,4.17%,"718,57 €","234,99 €",3,1
B00PKFXWJQ,B00PKFXWJQ,Arcos Serie Cuchillos de Mesa - Cuchillo Mesa - Hoja Serrada de Acero Inoxidable NITRUM de 125 mm - Mango Polipropileno Color crema,370200_1Pieza,100,3,0.03%,0.03%,144,3,0.03%,0.02%,99.22%,100.00%,13,0,13.00%,0.00%,"40,51 €","0,00 €",3,0
B017HKSTCQ,B00VRWSIUO,Arcos Serie Ecopro - Tijeras de Cocina - Acero Inoxidable 240 mm - Mango de Acero Inoxidable - Color Plata,809800_,549,18,0.15%,0.20%,736,24,0.15%,0.19%,10.62%,10.53%,3,0,0.55%,0.00%,"55,47 €","0,00 €",3,0
B00WHV21BG,B00WHV21BG,CUPERINOX TIJERAS PESCADO | TIJERAS COCINA| TIJERAS ACERO| TIJERAS | 20 CM | UTENSILIOS DE COCINA,21992_,33,1,0.01%,0.01%,43,2,0.01%,0.02%,97.56%,100.00%,7,0,21.21%,0.00%,"50,75 €","0,00 €",3,0
B06XB92VRH,B00YU2YTTM,CUPERINOX Cafetera Italiana Induccion Espresso Acero Inoxidable 4 Tazas,25032_,535,8,0.15%,0.09%,776,11,0.16%,0.09%,73.31%,75.00%,3,0,0.56%,0.00%,"47,91 €","0,00 €",3,0
B017DLM9V6,B017DLM9V6,"Arcos Tenedores de Postre Acero Inoxidable 18/10, Juego de 3 Piezas, Monoblock 180 mm, Serie Toscana, Ideal para Repostería y Sobremesa, Color Plata",574500_,161,1,0.05%,0.01%,225,2,0.05%,0.02%,10.34%,0.00%,3,0,1.86%,0.00%,"24,75 €","0,00 €",3,0
B019H2J21O,B019H2J21O,"Cuperinox 22531, Flanero Inoxidable 18cm con tapa",22531_us,54,0,0.02%,0.00%,74,0,0.01%,0.00%,98.33%,0.00%,3,0,5.56%,0.00%,"26,97 €","0,00 €",3,0
B086X1XQXD,B06Y2B85HT,"HENDI Expositor con cubierta deslizante roll-top, Simple",H871706,118,13,0.03%,0.15%,167,22,0.03%,0.17%,32.45%,0.00%,5,0,4.24%,0.00%,"224,95 €","0,00 €",3,0
B0C4DTYRJW,B071LGMMGV,Arcos Juego Cuchillos Cocina Profesionales| Cuchillos Cocina Profesional Set Cuchillos | Mango Negro (3 Piezas),862600,918,23,0.26%,0.26%,"1,259",28,0.25%,0.22%,99.30%,100.00%,3,0,0.33%,0.00%,"119,97 €","0,00 €",3,0
B0F1N351DY,B073V3CYRF,Arcos Cuchillo Mondador de 4 Pulgadas con Hoja de 100mm en Acero Inoxidable y Mango de Polipropileno. Cuchillos de Cocina para Pelar Apto para Lavavajillas. Serie Nova. Color Turquesa,188632_,777,19,0.22%,0.21%,"1,027",24,0.21%,0.19%,45.79%,38.89%,5,0,0.64%,0.00%,"29,95 €","0,00 €",3,0
B0DK3CM34K,B07CBLHKLN,"HENDI Cartuchos de recarga de gas GLP para HENDI Cabezales de antorchas de cocina de llama continua 198247 y 198216, recambios para soplete, paquete de 4 unidades",H199039,46,3,0.01%,0.03%,64,6,0.01%,0.05%,96.61%,100.00%,3,1,6.52%,33.33%,"44,97 €","14,99 €",3,1
B0FD46SGNM,B07D8GYFC7,"Arcos Cuchillo Chef Forjado Acero Inoxidable NITRUM - Profesional Cocina, Mango Ergonómico POM Negro, Hoja Silk Edge 150 mm, Serie Manhattan",160400_,205,6,0.06%,0.07%,257,8,0.05%,0.06%,69.41%,100.00%,3,1,1.46%,16.67%,"96,47 €","31,49 €",3,1
B0FD46SGNM,B07D8H2FNG,Arcos Manhattan Cuchillo Pelador Forjado Acero Inoxidable 100 mm,160100_,151,8,0.04%,0.09%,214,10,0.04%,0.08%,63.04%,77.78%,3,0,1.99%,0.00%,"70,47 €","0,00 €",3,0
B0FD46SGNM,B07D8XC7NL,"Arcos Cuchillo Chef Forjado Acero Inoxidable NITRUM - Profesional Cocina, Mango Ergonómico POM Negro, Hoja Silk Edge 250 mm, Serie Manhattan",160800_,185,8,0.05%,0.09%,223,9,0.04%,0.07%,93.00%,100.00%,6,3,3.24%,37.50%,"269,94 €","134,97 €",3,1
B0CTHQG9QZ,B07D9X4YC6,"HENDI Tapa Gastronorm GN 1/1, Budget Line, para contenedores con asas retráctiles, con tirador central y recortes laterales, resistencia térmica -40 °C a 250 °C, 530x325mm, acero inoxidable",H817810,26,0,0.01%,0.00%,36,0,0.01%,0.00%,85.29%,0.00%,5,0,19.23%,0.00%,"89,95 €","0,00 €",3,0
B085SNLR5G,B07DC83Z46,"HENDI Bandeja de Servicio, Redonda, Recubrimiento Antideslizante, Multiusos, para buffets, Bandeja de Cocina para Servir Comida rápida, Bebidas, Fast Food, ⌀410x(H) 20mm, Polipropileno, Negro",H878149,18,0,0.01%,0.00%,29,0,0.01%,0.00%,90.91%,0.00%,4,0,22.22%,0.00%,"43,96 €","0,00 €",3,0
B07F6C8L9T,B07F6C8L9T,ARCOS Sacacorchos Eléctrico ABS Batería Recargable Plata,604900_,331,6,0.09%,0.07%,457,8,0.09%,0.06%,16.35%,0.00%,3,0,0.91%,0.00%,"131,97 €","0,00 €",3,0
B0F54LTCFF,B07JJGTQK4,Arcos Conjunto Cuchillos 3 piezas - Acero Inoxidable Nitrum y Hoja mm. Cuchillo cocina profesional cocinar. 590 gr. Mango ergonómico polioximetileno POM. Serie Universal. Mayor control. Color negro.,807410_,423,5,0.12%,0.06%,618,8,0.12%,0.06%,64.55%,50.00%,3,0,0.71%,0.00%,"118,53 €","0,00 €",3,0
B0F1ZF7H1L,B07JWG12BV,Arcos Riviera Set 3 Cuchillos Forjados Acero Inoxidable Nitrum,807710_,125,3,0.04%,0.03%,166,4,0.03%,0.03%,82.73%,0.00%,3,0,2.40%,0.00%,"209,97 €","0,00 €",3,0
B07JWM27F4,B07JWM27F4,Arcos Set Cuchillos Cocina Profesionales Forjados en Acero Inoxidable. Juego de 3 Cuchillos (Pelador 100 mm + Cocinero 150 mm + Cocinero 200 mm). Mango Ergonómico Rosa en Polioximetileno. Riviera Rose,855100_,330,5,0.09%,0.06%,463,5,0.09%,0.04%,97.70%,100.00%,3,0,0.91%,0.00%,"191,22 €","0,00 €",3,0
B0DN1WHKRN,B07MTQ5695,HENDI Batidora de Mano para Uso Profesional con Velocidad Ajustable,H222140,210,28,0.06%,0.31%,298,35,0.06%,0.28%,19.22%,21.43%,3,1,1.43%,3.57%,"479,25 €","159,75 €",3,1
B07N7YDTMX,B07N7YDTMX,"HENDI Cesta para cubiertos, 125x84x(H) 135mm",H871324,164,7,0.05%,0.08%,236,8,0.05%,0.06%,3.48%,100.00%,7,7,4.27%,100.00%,"59,43 €","59,43 €",3,3
B0F147RFRT,B07N8S366Z,Arcos Cuchillo Cocina Forjado en Acero Inoxidable. Hoja Plateada 210 mm. Cuchillo Chef con Mango Profesional Micarta y Borde de Seda Especial. Serie Brooklyn. Color Azul.,190623_,398,12,0.11%,0.13%,577,18,0.12%,0.14%,94.24%,70.00%,3,0,0.75%,0.00%,"140,97 €","0,00 €",3,0
B0F147RFRT,B07N8V5DY8,Arcos Cuchillo trinchar forjado | Cuchillo jamonero Acero Inoxidable. Cuchillo cocina profesional cocinar. Mango micarta y borseda especial y Hoja plateada 300 mm. Serie Brooklyn. Color azul.,192323_,147,4,0.04%,0.04%,217,10,0.04%,0.08%,86.84%,100.00%,3,0,2.04%,0.00%,"137,64 €","0,00 €",3,0
B07T1LRC8M,B07S9RTS38,Arcos Kids Cuchillo de Cocina para Niños - Hoja Segura de Acero Inoxidable NITRUM 100 mm - Mango Ergonómico POM Verde - Seguridad Infantil y Durabilidad,792921_fbm,113,4,0.03%,0.04%,161,6,0.03%,0.05%,33.08%,0.00%,3,0,2.65%,0.00%,"53,97 €","0,00 €",3,0
B0CYTKGNPM,B0843Q6L5P,ARCOS Pelador Profesional Acero Inoxidable Cromado 130 mm,607000_etq,"2,606",86,0.73%,0.96%,"3,968",133,0.79%,1.05%,0.14%,3.37%,5,4,0.19%,4.65%,"30,21 €","23,96 €",3,2
B0843VWTWD,B0843VWTWD,Arcos Cuchillo Chef Acero Inoxidable. Cuchillo cocina profesional multipropósito para cortar y limpiar verduras. Mango ergonómico polioximetileno y Hoja 260 mm. Serie Opera. Color negro.,225300_fbm,22,0,0.01%,0.00%,44,0,0.01%,0.00%,97.30%,0.00%,3,0,13.64%,0.00%,"128,97 €","0,00 €",3,0
B09MSDJQJ1,B08M3B43J6,"Arcos | Juego Cuchillo Jamonero 3 Pzas | jamonero Acero Inoxidable (240 mm), afilador Chaira y Cubre jamón | Juego Cuchillos jamonero Profesional | Paleta ibérica | Eco",704300,245,5,0.07%,0.06%,328,5,0.07%,0.04%,98.98%,100.00%,3,0,1.22%,0.00%,"85,47 €","0,00 €",3,0
B08M5K93QF,B08M5K93QF,Arcos Juego Cuchillos Mesa | 6 Uds | Cuchillo Postre | Cuchillos Mesa | Cuchillo Carne | Hoja 105 mm | Acero Inoxidable Martensítico | Mango Polipropileno | Apto lavavajillas | Envase Ecológico,703500FBM,136,2,0.04%,0.02%,184,3,0.04%,0.02%,100.00%,100.00%,3,0,2.21%,0.00%,"34,97 €","0,00 €",3,0
B08T5Z4HFS,B08QYV8C1P,"CUPERINOX Cubiertos para marisco | Pinzas para marisco | Tenazas para marisco | 6 Unidades | Cubiertos marisco (Cangrejo, Langosta, Ostras) | Tenedor de marisco con dos dientes inferiores y cuchara.",20023_6Unidades,27,1,0.01%,0.01%,44,4,0.01%,0.03%,100.00%,100.00%,3,0,11.11%,0.00%,"35,97 €","0,00 €",3,0
B08Y8NS7PN,B08XZ8X815,"Arcos serie Maitre - juego de Cuchillos, 2 Pza, Cuchillo Cocina Profesional 150mm + Cuchillo universal 100mm, Acero Inoxidable, Rosa, Eco",814600,257,3,0.07%,0.03%,369,4,0.07%,0.03%,99.03%,100.00%,3,0,1.17%,0.00%,"56,97 €","0,00 €",3,0
B09KJLG7BT,B098K898SC,CUPERINOX Soporte Jamonero | Jamonero Profesional | Cuchillo Jamonero madera + Funda Jamon | Tabla Jamonera,20226FBM,129,3,0.04%,0.03%,152,3,0.03%,0.02%,100.00%,100.00%,3,0,2.33%,0.00%,"75,38 €","0,00 €",3,0
B09KJLG7BT,B098TFPYLY,CUPERINOX Jamonero profesional Gondola | tabla jamon | Cuchillo Jamonero Alveolos Acero Inox + Cubre Jamón Universal | Set cortar jamón (3 PZAS) | Sujeta jamones | tabla jamonero,20228_,87,5,0.02%,0.06%,132,7,0.03%,0.06%,100.00%,100.00%,3,0,3.45%,0.00%,"104,97 €","0,00 €",3,0
B09BVVKYWV,B09BVVKYWV,"CUPERINOX Navaja 5 en1 multiusos | Incluye Afilador Navaja| Funcion Abrebotella, rompecristales y corta cuerdas| Navaja Filo Liso y Sierra|",30060,63,0,0.02%,0.00%,89,0,0.02%,0.00%,98.77%,0.00%,3,0,4.76%,0.00%,"42,93 €","0,00 €",3,0
B08VS4FCLN,B09HBWSBN1,"Arcos Juego Cuchillos Cocina cuchillo blanco cuchillos | cuchillos cocina Maitre | 5 piezas | Chef 215 mm, Cocina 150 mm, Verduras 100 mm Tijera cocina (Negro + Jamonero)",854100,180,3,0.05%,0.03%,221,3,0.04%,0.02%,100.00%,100.00%,3,0,1.67%,0.00%,"149,97 €","0,00 €",3,0
B09MSDJQJ1,B09MM5CH6C,Arcos jamonero profesional alveolos | incluye pinza para jamón | cuchillo jamonero cuchillo jamonero alveolos cuchillos profesional| Acero Inoxidable Nitrum 240 mm,856200,56,0,0.02%,0.00%,62,0,0.01%,0.00%,98.15%,0.00%,3,0,5.36%,0.00%,"90,97 €","0,00 €",3,0
B0B2RGCWLL,B0B2RGCWLL,"HENDI Cesta para Freír, 8L, 238x190x(H)140mm",H930656,67,4,0.02%,0.04%,108,4,0.02%,0.03%,35.00%,0.00%,4,0,5.97%,0.00%,"139,96 €","0,00 €",3,0
B0B464Q8VS,B0B464Q8VS,CUPERINOX® Kitchen Pro | Tijeras de Cocina Profesional 21 cm Tijeras de Trinchar Carne y Pescado Acero Inoxidable Mango Ergonómico Apto Lavavajillas,21981_,29,0,0.01%,0.00%,38,0,0.01%,0.00%,100.00%,0.00%,3,0,10.34%,0.00%,"29,97 €","0,00 €",3,0
B0C49W65HD,B0C49W65HD,Arcos Serie Nordika - Cuchillo Tomatero - Acero Inoxidable NITRUM - Hoja de 130 mm - Mango de Madera Ovengkol 100% natural de bosques certificados FSC® - Embalaje 100% reciclado,165100,52,0,0.01%,0.00%,65,0,0.01%,0.00%,89.83%,0.00%,3,0,5.77%,0.00%,"80,85 €","0,00 €",3,0
B0F9TD2LTH,B0CS6V91GR,CUPERINOX® Cuchillos de Mesa con Mango de Madera – Set 6 Cuchillos para Carne con Filo Dentado – Estilo Palmadera tradicional – Aptos para Uso Diario,14015_us,358,22,0.10%,0.25%,453,24,0.09%,0.19%,99.76%,100.00%,3,1,0.84%,4.55%,"52,97 €","18,99 €",3,1
B0D73CM824,B0D73CM824,"Arcos Cuchillo Mesa | Cuchillo Chuletero | Cuchillo Carne| Cuchillo de Mesa | Pack 12 Unidades| Hoja de Acero Inoxidable115 mm, Mango de Polipropileno Color Negro",740000_fbm,860,12,0.24%,0.13%,"1,150",18,0.23%,0.14%,99.80%,100.00%,3,1,0.35%,8.33%,"92,97 €","30,99 €",3,1
B0DB2647JX,B0DB2647JX,Repelente de insectos VINFERMATON | Mosquitos y garrapatas | 0% DEET | Apto para niños 1 año | Protección 8 horas,V501100,39,4,0.01%,0.04%,53,4,0.01%,0.03%,100.00%,100.00%,5,3,12.82%,75.00%,"42,22 €","25,47 €",3,1
B0DKP68T32,B0DJBYWJB7,Arcos Serie Eclipse - Cuchillo de Chef - Hoja de Acero Inoxidable Forjado con Filo Seda Plus de 200 mm - Pulido Brillo Especial - Mango Acrílico - Color Negro,213500_,238,2,0.07%,0.02%,345,4,0.07%,0.03%,65.84%,100.00%,3,0,1.26%,0.00%,"210,87 €","0,00 €",3,0
B0DNNL2TZQ,B0DNNFGWNJ,"CUPERINOX Aceitera de Cristal Antigoteo para Aceite de Oliva, Resistente y Fácil de Limpiar Gourmet Oil Collection (500 Ml)",22023,177,5,0.05%,0.06%,258,6,0.05%,0.05%,97.70%,100.00%,3,0,1.69%,0.00%,"44,97 €","0,00 €",3,0
B0DNNKT1W2,B0DNNFJ5J7,"Cuperinox-Tetera de Cristal con Infusor para Té e Infusiones, Resistente al Calor y Compatible con Microondas ** - Infusion Prestige Collection (350 ml)",26110,178,6,0.05%,0.07%,235,6,0.05%,0.05%,100.00%,100.00%,3,0,1.69%,0.00%,"35,97 €","0,00 €",3,0
B0DPLG5V7Q,B0DPJDWB77,CUPERINOX Tazas de Capuccino de Cristal - Vaso cafe - Vaso Cristal - 200ml (Set de 2) - Apto para Lavavajillas y Microondas - Aroma Series,26121_,81,2,0.02%,0.02%,100,2,0.02%,0.02%,100.00%,0.00%,3,0,3.70%,0.00%,"38,47 €","0,00 €",3,0
B0DVT6KPDV,B0DT75PQN7,"CUPERINOX Kit Cocina Montessori | Cuchillos Niños Aprendizaje +2 Años | Set Completo de Cuchillos Infantiles de 17 Piezas | Incluye Tijeras, Moldes, Batidor, Tabla y Cuchillo Seguro",27017_,71,3,0.02%,0.03%,82,4,0.02%,0.03%,100.00%,100.00%,3,0,4.23%,0.00%,"53,30 €","0,00 €",3,0
B0F9X4NXL3,B0F9GJRSSJ,"CUPERINOX Cuchillos Mesa, cuchillo carne, cuchillo mantequilla, Set 6 piezas, acero inoxidable, hoja con filo y sierra, cuchillo untar. Apto lavavajillas. Mango ergonomico",20043-6,117,4,0.03%,0.04%,142,4,0.03%,0.03%,100.00%,100.00%,3,0,2.56%,0.00%,"29,97 €","0,00 €",3,0
B0F9X4NXL3,B0F9KXQKLG,"CUPERINOX Cuchillos Mesa, cuchillo carne, cuchillo mantequilla, Set 24 piezas, acero inoxidable, hoja con filo y sierra, cuchillo untar. Apto lavavajillas. Mango ergonomico",20043_24,137,7,0.04%,0.08%,179,10,0.04%,0.08%,100.00%,100.00%,4,0,2.92%,0.00%,"79,96 €","0,00 €",3,0
B0FB98PM7Z,B0FB98PM7Z,CUPERINOX® Beauty Care – Pack 3 Cortauñas de Precisión | Alicate + Cortaúñas Mediano + Cortaúñas con Llavero | Acero Inoxidable Profesional | Manicura y Pedicura | Hombre y Mujer,A10004,49,1,0.01%,0.01%,65,2,0.01%,0.02%,100.00%,0.00%,3,0,6.12%,0.00%,"38,97 €","0,00 €",3,0
B0FH71NBJL,B0FH71NBJL,"VINFERMATÓN - Pack TRIPLE ACCIÓN Insecticida contra Moscas, Mosquitos, Cucarachas, Hormigas y Avispas - 6 ud",V9090,31,3,0.01%,0.03%,43,3,0.01%,0.02%,91.89%,100.00%,3,1,9.68%,33.33%,"79,42 €","24,99 €",3,1
B017HKG9PK,B0044R87VO,Arcos Maitre - Cuchillo Jamonero Flexible - Acero Inoxidable NITRUM 275 mm - Mango Polipropileno negro,151200,752,18,0.21%,0.20%,823,22,0.16%,0.17%,46.94%,40.00%,2,0,0.27%,0.00%,"31,98 €","0,00 €",2,0
B0F1ZF7H1L,B005LR65BK,Arcos Cuchillo Negro 100 mm,230200_,594,17,0.17%,0.19%,819,27,0.16%,0.21%,3.76%,0.00%,2,0,0.34%,0.00%,"39,98 €","0,00 €",2,0
B017HKFNO8,B005LR6ZZ6,Arcos Niza Cuchillo de Cocina Acero Inoxidable 150 mm,135300,28,2,0.01%,0.02%,37,2,0.01%,0.02%,38.71%,100.00%,2,1,7.14%,50.00%,"19,98 €","9,99 €",2,1
B005LR749W,B005LR749W,"ARCOS Juego de Cubiertos de 24 Piezas para Mesa. Cuberterí­a Completa para 6 Personas. Set de 6 Cucharas, 6 Cuchillos, 6 Tenedores y 6 Cucharas de Postre. Serie Berlí­n. Color Plata",562400_fbm,265,6,0.07%,0.07%,353,8,0.07%,0.06%,85.99%,28.57%,2,0,0.75%,0.00%,"167,88 €","0,00 €",2,0
B017HKR8WS,B005LRSIK6,ARCOS Afilador de Bolsillo Profesional,610200_fbm,544,19,0.15%,0.21%,727,19,0.15%,0.15%,8.73%,0.00%,2,0,0.37%,0.00%,"75,50 €","0,00 €",2,0
B0F54LTCFF,B007TS67IU,"Arcos Cuchillo de Cocina Acero Inoxidable Nitrum 7""",281404_fbm,420,13,0.12%,0.15%,511,19,0.10%,0.15%,7.44%,0.00%,2,1,0.48%,7.69%,"32,50 €","16,25 €",2,1
B0F54LTCFF,B007TS67P8,Arcos Cuchillo Chef Acero Inoxidable 175 mm,280504_,858,27,0.24%,0.30%,"1,210",33,0.24%,0.26%,5.37%,4.76%,2,0,0.23%,0.00%,"34,98 €","0,00 €",2,0
B0F54LTCFF,B007TS6G9U,Arcos Juego de Cuchillos Cocina y Tijeras,285600,258,12,0.07%,0.13%,421,17,0.08%,0.13%,19.20%,20.00%,2,0,0.78%,0.00%,"249,80 €","0,00 €",2,0
B007TS6GP4,B007TS6GP4,Arcos Juego de 6 Cuchillos de Mesa Chuleteros Acero Inoxidable 110 mm,815600--,244,9,0.07%,0.10%,393,14,0.08%,0.11%,7.29%,25.00%,2,0,0.82%,0.00%,"51,98 €","0,00 €",2,0
B08XYZRKC4,B007TS6GWW,"ARCOS Juego de Cubiertos de 24 Piezas para Mesa. Cuberterí­a Completa para 6 Personas. Set de 6 Cucharas, 6 Cuchillos, 6 Tenedores y 6 Cucharas de Postre. Serie Toscana. Color Plata",572400,"2,439",49,0.69%,0.55%,"3,635",62,0.73%,0.49%,3.45%,2.70%,3,2,0.12%,4.08%,"194,97 €","129,98 €",2,1
B007TS6HNK,B007TS6HNK,ARCOS Corta Pizzas Acero Inoxidable 100 mm,614800_,178,15,0.05%,0.17%,266,32,0.05%,0.25%,1.74%,0.00%,2,0,1.12%,0.00%,"23,98 €","0,00 €",2,0
B008U6TRGO,B008U6TRGO,"Arcos Cuchillos mesa - Cuchillo carne Acero Inoxidable Nitrum, Hoja, mango marrón madera -erie Mesa, duradero y apto para lavavajillas (7'')",809300_1Pieza,155,2,0.04%,0.02%,215,4,0.04%,0.03%,45.21%,100.00%,3,0,1.94%,0.00%,"14,97 €","0,00 €",2,0
B00VRZ1YJI,B00VRZ1YJI,Arcos Tijeras Modista Acero Forjado 190 mm - Uso Doméstico y Profesional - Niqueladas Plata - Serie Style,504300,38,2,0.01%,0.02%,60,5,0.01%,0.04%,98.18%,100.00%,2,0,5.26%,0.00%,"27,98 €","0,00 €",2,0
B017HKSR4G,B00WUZRKJW,Arcos Cuchillos de Mesa - Hoja de Acero Inoxidable Nitrum 110 mm - Mango Ergonómico de Polipropileno - Ideal para Comedor - Color Crema - Serie Elegance,802900,200,4,0.06%,0.04%,279,8,0.06%,0.06%,93.93%,100.00%,4,0,2.00%,0.00%,"13,96 €","0,00 €",2,0
B017DLH9RA,B017DLH9RA,ARCOS Cuchillo Abre Ostras Acero Inoxidable 60 mm,277200_pp,197,10,0.06%,0.11%,265,19,0.05%,0.15%,93.83%,73.33%,2,0,1.02%,0.00%,"14,72 €","0,00 €",2,0
B017DLM9SO,B017DLM9SO,ARCOS Tenedores para Tartas Acero Inoxidable 18/10 140 mm,574300_,"1,253",37,0.35%,0.41%,"1,911",47,0.38%,0.37%,1.44%,5.26%,3,0,0.24%,0.00%,"30,75 €","0,00 €",2,0
B017DLMYLQ,B017DLMYLQ,Arcos Serie Endura - Cacerola Antiadherente - Cuerpo de Aluminio Forjado 16 cm - Capacidad 1 litro - Mango de Acero Inoxidable - Color Negro (Libre de PFOA),697000_,50,1,0.01%,0.01%,68,1,0.01%,0.01%,100.00%,100.00%,2,0,4.00%,0.00%,"39,98 €","0,00 €",2,0
B01N4WDTRY,B01N4WDTRY,CUPERINOX® Couture Series - Tijera Costura Profesional 15 cm | Acero Inoxidable Resistente | Corte Preciso para Telas y Manualidades | Uso Doméstico y Profesional,21962,21,0,0.01%,0.00%,25,0,0.01%,0.00%,45.83%,0.00%,2,0,9.52%,0.00%,"13,58 €","0,00 €",2,0
B0752VKJ4B,B071LGMH3L,Arcos Set 3 Cuchillos Peladores Acero Inoxidable,189500_2,133,4,0.04%,0.04%,179,7,0.04%,0.06%,5.06%,20.00%,2,1,1.50%,25.00%,"21,24 €","10,25 €",2,1
B071S7PKNN,B071S7PKNN,Arcos Cuchillo Chuletero Acero Inoxidable Nitrum 110 mm,372400,54,2,0.02%,0.02%,71,2,0.01%,0.02%,84.62%,50.00%,10,0,18.52%,0.00%,"46,90 €","0,00 €",2,0
B077V7LJJM,B077V7LJJM,"Arcos Serie Riviera, Set Jamonero de 3 piezas, 1 Cuchillo Jamonero + 1 Deshuesador + 1 Chaira, Hoja de Acero Inoxidable Forjado Nitrum, Mango de Polioximetileno, POM, Color Negro",_806911_,34,1,0.01%,0.01%,54,1,0.01%,0.01%,93.33%,0.00%,2,0,5.88%,0.00%,"139,98 €","0,00 €",2,0
B0DQV6381X,B079VN4MTH,CUPERINOX Jamonero de Madera Góndola Soporte para Pata y Paleta de jamón Serrano e ibérico con agarres de Metal Jamonera Economica,20200_us,170,2,0.05%,0.02%,179,2,0.04%,0.02%,97.58%,100.00%,2,0,1.18%,0.00%,"28,98 €","0,00 €",2,0
B079ZCF2G9,B079ZCF2G9,Arcos Nova Juego 6 Cuchillos Carne Serrados Nitrum Negro 110 mm,188900_fbm,77,0,0.02%,0.00%,106,0,0.02%,0.00%,65.56%,0.00%,3,0,3.90%,0.00%,"53,25 €","0,00 €",2,0
B09JPSTVBC,B07B8MQZTW,Arcos Serie Riviera Rose - Cuchillo Mondador - Hoja de Acero Inoxidable Forjado NITRUM 100 mm - Mango de Polioximetileno (POM) Color Rosa,230254_,49,0,0.01%,0.00%,66,0,0.01%,0.00%,98.31%,0.00%,2,0,4.08%,0.00%,"49,98 €","0,00 €",2,0
B08S87M447,B07BMGMVY4,Arcos Serie Riviera Rose - Cuchillo Cocinero - Hoja de Acero Inoxidable Forjado NITRUM 200 mm - Mango de Polioximetileno (POM) Color Rosa,233654_,57,0,0.02%,0.00%,92,0,0.02%,0.00%,98.75%,0.00%,2,0,3.51%,0.00%,"69,98 €","0,00 €",2,0
B07D5FFJ36,B07D5FFJ36,"HENDI Bandeja de Servicio Ovalada XL, Superficie Antideslizante, 735x600x(H) 31mm, Negro, Fibra de Vidrio y Goma",H508831,14,0,0.00%,0.00%,16,0,0.00%,0.00%,93.75%,0.00%,5,5,35.71%,0.00%,"249,95 €","249,95 €",2,2
B0FD46SGNM,B07D8WQ355,Arcos Serie Manhattan - Cuchillo Cocinero - Hoja de Acero Inoxidable Forjado Nitrum 210 mm - Mango de Polioximetileno (POM) Color Negro - Filo Seda,160600,498,10,0.14%,0.11%,716,13,0.14%,0.10%,71.04%,71.43%,4,3,0.80%,30.00%,"149,89 €","111,90 €",2,1
B0FD46SGNM,B07DC8JHV4,Arcos Cuchillo verduras Acero Inoxidable. Cuchillo profesional para pelar frutas y verduras. Mango ergonómico polioximetileno y Hoja 130 mm. Serie Manhattan. Color negro.,161100_,76,2,0.02%,0.02%,101,2,0.02%,0.02%,95.00%,0.00%,2,0,2.63%,0.00%,"48,98 €","0,00 €",2,0
B07G76CQC2,B07G76CQC2,"Arcos Cuchillos de Mesa Caja de 24 uds Chuletero, Hoja de Acero Inoxidable Nitrum 110 mm, Mango de Nylon, Color Marrón (24 uds)",804000_24piezas,28,1,0.01%,0.01%,40,4,0.01%,0.03%,85.29%,100.00%,2,0,7.14%,0.00%,"89,98 €","0,00 €",2,0
B07G79KCFK,B07G79KCFK,"Arcos Cuchillos de Mesa Caja de 12 uds Cuchillo Chuletero Cuchillo de Mesa, Hoja de Acero Inoxidable NITRUM 105 mm, Mango de Nylon, Color Marrón (12 uds)",803800_,100,5,0.03%,0.06%,147,9,0.03%,0.07%,84.92%,50.00%,2,0,2.00%,0.00%,"74,98 €","0,00 €",2,0
B0FD46SGNM,B07JJGXYZD,Arcos Set Cocina Serie Manhattan,858100_,667,16,0.19%,0.18%,912,23,0.18%,0.18%,98.53%,100.00%,2,0,0.30%,0.00%,"165,98 €","0,00 €",2,0
B07MZHDK6L,B07MZHDK6L,"HENDI Descalcificador de agua, 8L",H231210,28,5,0.01%,0.06%,40,9,0.01%,0.07%,62.16%,100.00%,2,0,7.14%,0.00%,"239,50 €","0,00 €",2,0
B0F147RFRT,B07N8Q63Z6,Arcos Brooklyn Cuchillo para Tomates Forjado Acero Inoxidable Nitrum 130 mm,192023_,127,2,0.04%,0.02%,158,2,0.03%,0.02%,45.16%,0.00%,2,0,1.57%,0.00%,"60,46 €","0,00 €",2,0
B0F147RFRT,B07N8TV9CC,Arcos Brooklyn Cuchillo Rebanar Jamonero Forjado Micarta Azul 250 mm,191923_,157,5,0.04%,0.06%,222,5,0.04%,0.04%,86.15%,100.00%,2,0,1.27%,0.00%,"79,68 €","0,00 €",2,0
B07N8W33BT,B07N8W33BT,ARCOS Bloque Universal para Cuchillos Caucho Termoplástico 225 mm,794400_,72,2,0.02%,0.02%,104,3,0.02%,0.02%,64.71%,66.67%,2,1,2.78%,50.00%,"49,98 €","24,99 €",2,1
B0F147RFRT,B07N8WXGW7,Arcos Brooklyn - Cuchillo de Lenguado Cuchillo para Pescado - Acero Inoxidable Forjado NITRUM 170 mm - Mango Micarta Color Azul (Filo Seda),191423_,110,4,0.03%,0.04%,131,4,0.03%,0.03%,8.65%,0.00%,2,0,1.82%,0.00%,"71,98 €","0,00 €",2,0
B0F4X5PQYD,B07PRXR5XR,"HENDI Cesta de lavavajillas Profesional para Vasos, Formato Cuadrado, Estructura Abierta para circulación de Agua, 405x405x(H) 150mm, Polipropileno",H871331,65,10,0.02%,0.11%,104,14,0.02%,0.11%,14.29%,36.36%,2,1,3.08%,10.00%,"41,50 €","20,75 €",2,1
B09NT4VRN7,B0812BKN39,Arcos Juego de Cuchillos Mondadores de 3 Piezas,859800_,"26,833",467,7.57%,5.23%,"37,617",649,7.53%,5.10%,0.09%,0.93%,3,2,0.01%,0.43%,"29,49 €","18,50 €",2,1
B0843D965B,B0843D965B,Arcos Cuchillo Chef Acero Inoxidable. Cuchillo Cocina Profesional multipropósito para Cortar y Limpiar Verduras. Mango ergonómico polioximetileno y Hoja 210 mm. Serie Opera. Color Negro.,225100_fbm,46,2,0.01%,0.02%,56,2,0.01%,0.02%,96.30%,0.00%,2,0,4.35%,0.00%,"77,76 €","0,00 €",2,0
B088FYWBJ4,B088FYWBJ4,Vinfer maton insecticida efecto residual rastreros,V22255,124,6,0.03%,0.07%,219,6,0.04%,0.05%,0.57%,0.00%,2,0,1.61%,0.00%,"21,94 €","0,00 €",2,0
B08GSTDWTC,B08G4D9718,"Arcos | Cuchillos 3 Colores | Cuchillo de pelar | Cuchillos pelar Patatas | Acero Inoxidable Nitrum| Envase Ecológico | Cuchillo Colores (85 mm, Amarillo, Turquesa, Naranja)",816700,470,14,0.13%,0.16%,605,18,0.12%,0.14%,98.87%,100.00%,3,0,0.64%,0.00%,"26,97 €","0,00 €",2,0
B08TLR4Z27,B08M3DQFHM,Arcos jamonero Profesional | Cuchillo jamonero jamonero Inoxidable Nitrum | Mango Negro | Cuchillo Jamon iberico | Serie Maitre| Hoja Flexible y Filo Liso | 275 mm | Acero Inoxidable NITRUM,151210,46,1,0.01%,0.01%,53,1,0.01%,0.01%,97.92%,100.00%,2,0,4.35%,0.00%,"31,98 €","0,00 €",2,0
B08VRP7CR7,B08MTXC14T,Arcos Juego Cuchillos Carne | 6 Piezas | Cuchillos Carne Cuchillo chuleteros | Cubiertos Acero Inoxidable | Hoja 110 mm | Mango Redondo y Forma Ovalada | monobock | Caja Envase Ecológico (6 unidades),809900FBM,276,12,0.08%,0.13%,396,14,0.08%,0.11%,99.17%,100.00%,4,0,1.45%,0.00%,"111,96 €","0,00 €",2,0
B08WR6CHHN,B08MW17PLN,Arcos Juego Cuchillos Carne | 6 Piezas | Cuchillo chuleteros | Hoja 110 mm | monoblock | Cuchillo en 1 Sola Pieza | Cuchillos Carne Cubiertos Acero Inoxidable | Caja Envase Ecológico (Sierra Laser),815900fba,61,1,0.02%,0.01%,68,1,0.01%,0.01%,98.44%,100.00%,3,0,4.92%,0.00%,"119,97 €","0,00 €",2,0
B0DK3CM34K,B08VW7LTT6,"HENDI Cabezal de antorcha de cocina de llama continua con cartucho de recarga de gas GLP 199039, soplete flambeador, quemador de gas GLP, profesional, versátil-seguro 360°, negro con acentos en verde",H198254,24,1,0.01%,0.01%,28,1,0.01%,0.01%,86.96%,100.00%,2,0,8.33%,0.00%,"69,98 €","0,00 €",2,0
B08TLR4Z27,B095C22QFS,Arcos jamonero Profesional | Cuchillo jamonero jamonero Inoxidable Nitrum | Mango Negro | Cuchillo Jamon iberico | Serie Maitre| Hoja Flexible y Filo Liso | 275 mm | Acero Inoxidable NITRUM,151811FBM,37,2,0.01%,0.02%,49,2,0.01%,0.02%,100.00%,100.00%,2,0,5.41%,0.00%,"36,98 €","0,00 €",2,0
B09DPRCMTF,B0987MG3JQ,Arcos Juego Cuchillos Carne | Cuchillo chuleteros | Cuchillos Carne Cuchillos Mesa | 6 Uds | Hoja 110 mm | Acero Inoxidable | Mango Nylon | Apto lavavajillas | Envase Ecológico (Filo Liso),814200_fba,108,4,0.03%,0.04%,130,5,0.03%,0.04%,99.17%,100.00%,2,0,1.85%,0.00%,"36,98 €","0,00 €",2,0
B09KJLG7BT,B098K898SC,CUPERINOX Soporte Jamonero | Jamonero Profesional | Cuchillo Jamonero madera + Funda Jamon | Tabla Jamonera,20226,129,3,0.04%,0.03%,152,3,0.03%,0.02%,100.00%,100.00%,3,0,2.33%,0.00%,"74,13 €","0,00 €",2,0
B09HRWYKDL,B09HRWYKDL,Arcos Juego de cuchillos Japoneses Profesionales | 4 piezas | Cuchillo Verduras 100 mm + Cocina 150 mm + Santoku con Alveolos 170 mm + Pelador de patatas,853100,90,2,0.03%,0.02%,110,3,0.02%,0.02%,100.00%,100.00%,2,0,2.22%,0.00%,"68,43 €","0,00 €",2,0
B06XB92VRH,B09LZ2VHYP,CUPERINOX Deluxe Cafetera Italiana Induccion Espresso Inoxidable 10 Tazas,25053,216,5,0.06%,0.06%,288,9,0.06%,0.07%,37.35%,100.00%,2,0,0.93%,0.00%,"74,59 €","0,00 €",2,0
B09P8M12S3,B09P8M12S3,"CUPERINOX® Couture Series - Tijera Costura Profesional 12,5 cm | Acero Inoxidable de Alta Precisión | Corte Fino y Duradero | Uso Doméstico y Profesional",21961,30,2,0.01%,0.02%,41,2,0.01%,0.02%,56.76%,100.00%,2,0,6.67%,0.00%,"16,98 €","0,00 €",2,0
B0B464Q8VS,B0B464Q8VS,CUPERINOX® Kitchen Pro | Tijeras de Cocina Profesional 21 cm Tijeras de Trinchar Carne y Pescado Acero Inoxidable Mango Ergonómico Apto Lavavajillas,21981,29,0,0.01%,0.00%,38,0,0.01%,0.00%,100.00%,0.00%,2,0,6.90%,0.00%,"16,48 €","0,00 €",2,0
B0BRT1JYNQ,B0BRT1JYNQ,Arcos Riviera - Juego de Cuchillos de Cocina (Mondador + 2 Cuchillo Chef) - Acero Inoxidable Forjado NITRUM - Mango POM - Color Negro,838310,104,2,0.03%,0.02%,142,2,0.03%,0.02%,72.58%,100.00%,2,0,1.92%,0.00%,"167,98 €","0,00 €",2,0
B0CVH8PC99,B0CQRMMMR5,CUPERINOX Cuchillos Carne | Cuchillos Mesa | Cuchillos Chuleteros | 6 Piezas | Hoja Serrada | Mango Polipropileno | Acero Inoxidable | 11 cm,99901_6pzs,169,3,0.05%,0.03%,223,3,0.04%,0.02%,100.00%,100.00%,2,0,1.18%,0.00%,"18,48 €","0,00 €",2,0
B0CVH8PC99,B0CQRMMMR5,CUPERINOX Cuchillos Carne | Cuchillos Mesa | Cuchillos Chuleteros | 6 Piezas | Hoja Serrada | Mango Polipropileno | Acero Inoxidable | 11 cm,99921,169,3,0.05%,0.03%,223,3,0.04%,0.02%,100.00%,100.00%,2,0,1.18%,0.00%,"19,98 €","0,00 €",2,0
B0F9TD2LTH,B0CS6V91GR,CUPERINOX® Cuchillos de Mesa con Mango de Madera – Set 6 Cuchillos para Carne con Filo Dentado – Estilo Palmadera tradicional – Aptos para Uso Diario,14015,358,22,0.10%,0.25%,453,24,0.09%,0.19%,99.76%,100.00%,6,0,1.68%,0.00%,"113,94 €","0,00 €",2,0
B0CYTKGNPM,B0CW68KM18,Pelador de Cocina ARCOS - Hoja de Acero Inoxidable | Mango Ergonómico | Herramienta Versátil para Pelar Frutas y Verduras,607300_,924,36,0.26%,0.40%,"1,134",50,0.23%,0.39%,61.32%,31.43%,2,0,0.22%,0.00%,"16,98 €","0,00 €",2,0
B0DNNKT1W2,B0DNNFJ5J7,"Cuperinox-Tetera de Cristal con Infusor para Té e Infusiones, Resistente al Calor y Compatible con Microondas ** - Infusion Prestige Collection (350 ml)",26110_,178,6,0.05%,0.07%,235,6,0.05%,0.05%,100.00%,100.00%,2,0,1.12%,0.00%,"29,98 €","0,00 €",2,0
B0DNNKT1W2,B0DNNJCHQP,"Cuperinox-Tetera de Cristal con Infusor para Té e Infusiones, Resistente al Calor y Compatible con Microondas ** - Infusion Prestige Collection (950 ml)",26113_,52,2,0.01%,0.02%,96,3,0.02%,0.02%,100.00%,0.00%,2,0,3.85%,0.00%,"39,98 €","0,00 €",2,0
B0DNNKT1W2,B0DNNJPGTY,"Cuperinox-Tetera de Cristal con Infusor para Té e Infusiones, Resistente al Calor y Compatible con Microondas ** - Infusion Prestige Collection (750 ml)",26112_,84,1,0.02%,0.01%,104,3,0.02%,0.02%,100.00%,0.00%,2,0,2.38%,0.00%,"33,77 €","0,00 €",2,0
B0DPKXM18X,B0DNQX2BZN,"CUPERINOX Soporte Jamonero Plegable | Jamonero Giratorio | Jamonero de Bambú con Cuchillo Profesional, Afilador y Funda para Jamón | Elite Collection",20270_,574,18,0.16%,0.20%,736,19,0.15%,0.15%,98.40%,100.00%,2,0,0.35%,0.00%,"99,98 €","0,00 €",2,0
B0DPLG5V7Q,B0DPKNBVYD,CUPERINOX Tazas de Cafe con leche de Cristal - Vaso cafe - Vaso Cristal - 270ml (Set de 2) - Apto para Lavavajillas y Microondas - Aroma Series,26122_,48,1,0.01%,0.01%,67,1,0.01%,0.01%,100.00%,0.00%,2,0,4.17%,0.00%,"39,98 €","0,00 €",2,0
B0DVT6KPDV,B0DT73LYPQ,"CUPERINOX Cuchillos Montessori | Set de Cuchillos Infantiles de 16 Piezas | Cuchillos Niños Aprendizaje +2 Años | Incluye Delantal, Guante de Seguridad, Moldes Tabla de Cortar | Kids Collection",27016,77,2,0.02%,0.02%,89,2,0.02%,0.02%,98.77%,50.00%,2,0,2.60%,0.00%,"39,98 €","0,00 €",2,0
B0FJLTDB9J,B0F9L19CF8,Set de Cortauñas Profesional,A10002,5,0,0.00%,0.00%,6,0,0.00%,0.00%,100.00%,0.00%,2,0,40.00%,0.00%,"13,98 €","0,00 €",2,0
B0FJLTDB9J,B0FB98PM7Z,CUPERINOX® Beauty Care – Pack 3 Cortauñas de Precisión | Alicate + Cortaúñas Mediano + Cortaúñas con Llavero | Acero Inoxidable Profesional | Manicura y Pedicura | Hombre y Mujer,A10004,10,0,0.00%,0.00%,13,0,0.00%,0.00%,100.00%,0.00%,2,0,20.00%,0.00%,"25,98 €","0,00 €",2,0
B09ZLJL6JF,B0015YIAV6,Arcos Serie Lyon - Cuchillo Chef | Cuchillo Cocinero - Hoja de Acero Inoxidable Forjado NITRUM de 200 mm - Mango de Polioximetileno (POM) - Color Negro,253600_,9,0,0.00%,0.00%,13,0,0.00%,0.00%,92.31%,0.00%,1,0,11.11%,0.00%,"33,99 €","0,00 €",1,0
B0F54LTCFF,B0044R87I2,Arcos Conjunto Cuchillos 4 piezas (3 Cuchillos + 1 tijeras). Acero Inoxidable y Hoja mm. 1670 gr. Bloque madera pino. Mango ergonómico polioximetileno POM. Serie Universal. Mayor control. Color negro.,285000,187,5,0.05%,0.06%,245,6,0.05%,0.05%,24.66%,0.00%,1,0,0.53%,0.00%,"54,85 €","0,00 €",1,0
B0F54LTCFF,B0044R87QO,Arcos Cuchillo Chef Acero Inoxidable. Cuchillo cocina profesional para cortar una variedad alimentos. Mango ergonómico polioximetileno y Hoja 250 mm. Serie Universal. Color negro.,280704_fbm,299,8,0.08%,0.09%,403,9,0.08%,0.07%,0.80%,0.00%,1,0,0.33%,0.00%,"24,75 €","0,00 €",1,0
B017HKG9PK,B0044R87RS,Arcos Cuchillo para Maitre Negro 215 mm,151000,"4,727",114,1.33%,1.28%,"7,161",176,1.43%,1.38%,0.64%,2.54%,1,1,0.02%,0.88%,"14,99 €","14,99 €",1,1
B0F54LTCFF,B0044R87TQ,Arcos Cuchillo Salmón y Pescado Acero Inoxidable 290 mm,284004,159,8,0.04%,0.09%,210,9,0.04%,0.07%,12.04%,0.00%,1,0,0.63%,0.00%,"22,75 €","0,00 €",1,0
B0F54LTCFF,B0044R87UA,Arcos Cuchillo Jamonero con Alveolos Acero Inoxidable 240mm,281801_,"1,303",41,0.37%,0.46%,"2,095",67,0.42%,0.53%,0.27%,9.09%,1,1,0.08%,2.44%,"19,49 €","19,49 €",1,1
B00509FC90,B00509FC90,"HENDI Baño María eléctrico, con grifo, sistema de calentamiento al baño María, temperatura regulable 30°C a 85°C, 1x GN 1/1, 2x GN 1/2, 3x GN 1/3, 19L, 230V, 1000W, 605x332x(H)242mm, acero inoxidable",H238912,18,4,0.01%,0.04%,23,4,0.00%,0.03%,38.10%,75.00%,1,1,5.56%,25.00%,"151,25 €","151,25 €",1,1
B0F1ZF7H1L,B005LR6J3Y,Arcos Riviera Juego 6 Cuchillos Forjados Acero Inoxidable Nitrum,234200_,191,7,0.05%,0.08%,222,7,0.04%,0.06%,50.63%,33.33%,1,0,0.52%,0.00%,"174,89 €","0,00 €",1,0
B08VFJ88CV,B005LR6ZJM,Arcos Cuchillo Verduras Acero Inoxidable 110 mm,135200,285,9,0.08%,0.10%,415,11,0.08%,0.09%,0.00%,0.00%,1,0,0.35%,0.00%,"8,12 €","0,00 €",1,0
B06XWF2YLW,B005LR71GI,Arcos Cuchillo Cocinero 200 mm,135800,363,8,0.10%,0.09%,485,11,0.10%,0.09%,1.57%,0.00%,1,0,0.28%,0.00%,"10,25 €","0,00 €",1,0
B0752NT3TH,B005LR7726,Arcos Serie Prochef - Tijeras de Cocina - Hoja de Acero Inoxidable - 210 mm - Mango de Polipropileno Color negro y rojo,185601_barras_Arcos,886,44,0.25%,0.49%,"1,292",66,0.26%,0.52%,0.54%,4.17%,5,5,0.56%,11.36%,"43,30 €","43,30 €",1,1
B0752NT3TH,B005LR77GC,ARCOS Tijeras de Cocina Profesional 235 mm,185701_barras_arcos,"1,319",40,0.37%,0.45%,"1,914",59,0.38%,0.46%,0.36%,0.00%,1,1,0.08%,2.50%,"8,06 €","8,06 €",1,1
B0F54LTCFF,B007TS67GW,Arcos Cuchillo Cocina Acero Inoxidable 150 mm,281304_,514,14,0.14%,0.16%,672,19,0.13%,0.15%,1.12%,0.00%,1,0,0.19%,0.00%,"14,99 €","0,00 €",1,0
B0F54LTCFF,B007TS67OY,Arcos Cuchillo Chef Acero Inoxidable 155 mm,280404_fbm,474,13,0.13%,0.15%,658,20,0.13%,0.16%,1.15%,27.27%,1,0,0.21%,0.00%,"16,49 €","0,00 €",1,0
B0F54LTCFF,B007TS67Q2,Arcos Cuchillo Chef Acero Inoxidable 120 mm,280304,"2,148",50,0.61%,0.56%,"2,980",74,0.60%,0.58%,0.07%,0.00%,1,0,0.05%,0.00%,"13,21 €","0,00 €",1,0
B007TS6GW2,B007TS6GW2,Arcos Chairas - Chaira Afilador manual de cuchillos - Cuerpo de Acero al Carbono recubierto de Diamante de 280 mm - Mango de Polipropileno color negro,279202_,105,1,0.03%,0.01%,188,1,0.04%,0.01%,65.52%,100.00%,1,0,0.95%,0.00%,"39,99 €","0,00 €",1,0
B0B3F4QXML,B008U6TDTK,Arcos Serie Clasica - Juego de Cuchillos de 5 piezas en Caja de Regalo (5 Cuchillos) - Hoja de Acero Inoxidable Forjado NITRUM - Mando de Polioximetileno (POM) - Bloque de madera color marrón acabado lacado,257000_2,541,13,0.15%,0.15%,746,20,0.15%,0.16%,93.91%,85.71%,1,0,0.18%,0.00%,"123,24 €","0,00 €",1,0
B0F1ZF7H1L,B00BHZPIVI,Arcos Cuchillo Chef Forjado Acero Inoxidable 200 mm,233624,116,4,0.03%,0.04%,147,5,0.03%,0.04%,12.21%,100.00%,1,0,0.86%,0.00%,"32,49 €","0,00 €",1,0
B00BQU0C8I,B00BQU0C8I,"HENDI Dispensador de Bebidas Calientes Eléctrico, Doble Pared, Termostato Regulable hasta 110°C, 18L, 230V, 2200W, 386x393x(H)641mm, Acero Inoxidable",H211502,2,1,0.00%,0.01%,2,1,0.00%,0.01%,50.00%,100.00%,1,1,50.00%,100.00%,"179,99 €","179,99 €",1,1
B00BQU1IAY,B00BQU1IAY,"HENDI Calentador eléctrico de Alimentos para Buffet Tellano, Chafing Dish eléctrico al baño María, GN 1/1, Capacidad 9L, 30–85°C, 230V, 900W, 575x349x(H) 278mm, Polipropileno y Acero Inoxidable",H204825,27,2,0.01%,0.02%,32,3,0.01%,0.02%,46.67%,66.67%,1,1,3.70%,50.00%,"127,49 €","127,49 €",1,1
B00D3LCJI4,B00D3LCJI4,Arcos Saeta - Cuchillo Panero - Hoja de Acero Inoxidable Forjado Nitrum de 210 mm - Mango de Pom - Color Negro,175700,38,6,0.01%,0.07%,55,11,0.01%,0.09%,97.96%,100.00%,1,0,2.63%,0.00%,"29,99 €","0,00 €",1,0
B00D3LG0YI,B00D3LG0YI,Arcos Cuchillos de Mesa - Hoja Inoxidable NITRUM 110 mm - Cuchillo Chuletero para Carne - Mango de Nylon Duradero - Color Marrón - Ideal para Cocina y Comedor,804000_1pieza,551,13,0.16%,0.15%,782,16,0.16%,0.13%,6.56%,30.00%,3,0,0.54%,0.00%,"11,97 €","0,00 €",1,0
B00E5KWS1A,B00E5KWS1A,"Arcos Accesorios de Cocina - Juego de 5 Piezas (Pelador, Cascanueces, Sacacorchos, Prensa Ajos, Abrelatas) - Aleación de Zinc, Acabado Cromado, Caja Regalo - Plata",604500_,34,0,0.01%,0.00%,40,0,0.01%,0.00%,57.89%,0.00%,1,0,2.94%,0.00%,"69,99 €","0,00 €",1,0
B00FHTW89A,B00FHTW89A,ARCOS Chaira Afilador Acero al Carbono Cromado 300 mm,278510_,66,8,0.02%,0.09%,90,9,0.02%,0.07%,33.33%,37.50%,2,2,3.03%,25.00%,"43,68 €","43,68 €",1,1
B0D1CW5WWV,B00GZR3RSO,"HENDI Centrifugador de ensaladas, secador de ensaladas, cesta de centrifugado interior extraíble, apto para el lavavajillas, 12 L, ø335x(h)430 mm, Poliamida, Polipropileno",H952991,11,1,0.00%,0.01%,17,5,0.00%,0.04%,93.33%,100.00%,1,1,9.09%,100.00%,"119,75 €","119,75 €",1,1
B00IUPKTFS,B00IUPKTFS,"HENDI Sartén eléctrica multiusos, paellera cazuela olla plancha, de fiestas, revestimiento antiadherente, termostato, con tapa, interior: ø55cm profundidad: 6cm, 230V, 1600W, ø620x(H)190mm, aluminio",H239605,92,5,0.03%,0.06%,131,6,0.03%,0.05%,79.66%,0.00%,1,0,1.09%,0.00%,"98,99 €","0,00 €",1,0
B00J3ZVN54,B00J3ZVN54,ARCOS Cucharas de Mesa Acero Inoxidable 200 mm,574600_,453,7,0.13%,0.08%,675,8,0.14%,0.06%,2.30%,0.00%,1,0,0.22%,0.00%,"9,14 €","0,00 €",1,0
B00J4L7DZ6,B00J4L7DZ6,Arcos Serie Toscana - Juego de Tenedores de Mesa (3 tenedores) - Monoblock de una pieza en Acero Inoxidable 18/10 y 200 mm - Color Plata,574700_,"1,056",33,0.30%,0.37%,"1,562",40,0.31%,0.31%,1.17%,0.00%,1,0,0.09%,0.00%,"9,14 €","0,00 €",1,0
B0F54LTCFF,B00J4L7FEU,Arcos Hachuela Macheta de Cocina Acero Inoxidable 160 mm,282404_us,568,14,0.16%,0.16%,848,24,0.17%,0.19%,9.54%,0.00%,1,0,0.18%,0.00%,"24,75 €","0,00 €",1,0
B0F1ZF7H1L,B00J64GEEC,Arcos Riviera Blanc Cuchillo Chef Forjado Acero Inoxidable 250 mm,233724_,90,1,0.03%,0.01%,127,3,0.03%,0.02%,4.59%,0.00%,1,0,1.11%,0.00%,"42,99 €","0,00 €",1,0
B00L7X7ONU,B00L7X7ONU,HENDI Jarra de zumo - 2 L - ø120x(H)250 mm,H425138,9,0,0.00%,0.00%,12,0,0.00%,0.00%,83.33%,0.00%,2,0,22.22%,0.00%,"39,98 €","0,00 €",1,0
B07Z8TJHZR,B00LGX10MW,ARCOS Sacacorchos Manual Aleación de Zinc 195 mm,603400_,236,8,0.07%,0.09%,333,16,0.07%,0.13%,0.34%,0.00%,1,0,0.42%,0.00%,"18,25 €","0,00 €",1,0
B00MDK1EBE,B00MDK1EBE,"Arcos Cuchillo Utilitario Acero Inoxidable Nitrum 5""",100600_fbm,128,0,0.04%,0.00%,212,0,0.04%,0.00%,11.24%,0.00%,1,0,0.78%,0.00%,"5,99 €","0,00 €",1,0
B00NM2X21W,B00NM2X21W,Arcos Accesorios - Prensa Ajos Prensador de Ajos - Tamaño 160 mm - Hecho de Aleación de Zinc - Color Plata,603500_,66,1,0.02%,0.01%,93,2,0.02%,0.02%,6.41%,0.00%,1,0,1.52%,0.00%,"15,99 €","0,00 €",1,0
B00OY5ZNT0,B00OY5ZNT0,"HENDI Carrito de Servicio Profesional, de Cocina o Restaurante, Multiusos, 3 estantes, 4 Ruedas giratorias (2 con Freno), Carga máx. 50 kg por Estante, 800x420x(H) 945mm, Polipropileno",H810200,12,0,0.00%,0.00%,24,0,0.00%,0.00%,90.00%,0.00%,1,0,8.33%,0.00%,"138,50 €","0,00 €",1,0
B0752X4WZ6,B00TA4O5YO,ARCOS Pinzas para Emplatar Acero Inoxidable 300 mm,606200_,"1,176",19,0.33%,0.21%,"1,525",28,0.31%,0.22%,0.07%,0.00%,2,2,0.17%,10.53%,"18,24 €","18,24 €",1,1
B06XB92VRH,B00YU2ZS1A,CUPERINOX Cafetera Italiana Induccion Espresso Acero Inoxidable 6 Tazas,25033,178,7,0.05%,0.08%,244,8,0.05%,0.06%,95.81%,100.00%,1,0,0.56%,0.00%,"17,90 €","0,00 €",1,0
B0F1ZF7H1L,B017DEWUDK,Arcos Cuchillo Acero Inoxidable 300 mm,233824_,27,0,0.01%,0.00%,33,0,0.01%,0.00%,50.00%,0.00%,1,0,3.70%,0.00%,"59,99 €","0,00 €",1,0
B017DLDQXQ,B017DLDQXQ,"Arcos Serie Latina, Cuchillo jamonero, Hoja de 250 mm, Mango Madera",101300_fbm,74,0,0.02%,0.00%,111,0,0.02%,0.00%,61.00%,0.00%,1,0,1.35%,0.00%,"9,49 €","0,00 €",1,0
B017DLL2KA,B017DLL2KA,"Arcos Regia Cuchillos Mesa Carne Nitrum POM Negro-Oro 4,5 pulg",375000_1Pieza,88,1,0.02%,0.01%,113,1,0.02%,0.01%,63.11%,0.00%,1,0,1.14%,0.00%,"10,19 €","0,00 €",1,0
B0189HXQKQ,B017DLLFES,"Arcos Navaja Profesional de Acero Inoxidable Nitrum, Hoja 85 mm, Mango de Polipropileno, Serie Navajas Profesionales, Alta Durabilidad y Rendimiento",485700_fbm,865,19,0.24%,0.21%,"1,159",25,0.23%,0.20%,1.32%,92.31%,1,1,0.12%,5.26%,"7,25 €","7,25 €",1,1
B0189HXOXK,B017DLLFI4,Arcos Serie Navajas Profesionales - Navaja Profesional - Hoja Filo de Acero Inoxidable NITRUM de 85 mm - Navaja de Acero Inoxidable Color naranja,485329_fbm,126,1,0.04%,0.01%,185,1,0.04%,0.01%,1.85%,100.00%,1,0,0.79%,0.00%,"7,49 €","0,00 €",1,0
B0189HXOXK,B017DLLFIO,Arcos Navaja Acero Inoxidable 85 mm,485300_fmb,98,9,0.03%,0.10%,125,9,0.03%,0.07%,0.00%,0.00%,1,0,1.02%,0.00%,"7,49 €","0,00 €",1,0
B0189HXS8Q,B017DLLIUO,Arcos Navaja Profesional Acero Inoxidable 85 mm,485929,551,8,0.16%,0.09%,739,11,0.15%,0.09%,1.05%,87.50%,2,2,0.36%,25.00%,"15,10 €","15,10 €",1,1
B0189HXS8Q,B017DLLIUO,Arcos Navaja Profesional Acero Inoxidable 85 mm,485929_,551,8,0.16%,0.09%,739,11,0.15%,0.09%,1.05%,87.50%,1,0,0.18%,0.00%,"7,35 €","0,00 €",1,0
B017DLMC5Y,B017DLMC5Y,"Arcos Cuchillos para Postre de Acero Inoxidable 18/10, Monoblock de una Pieza, Hoja 205 mm, Juego de 3 Piezas, Serie Toscana, Ideal para Repostería y Cocina, Color Plata",574900_,35,2,0.01%,0.02%,52,6,0.01%,0.05%,62.50%,100.00%,1,0,2.86%,0.00%,"16,49 €","0,00 €",1,0
B09F9M72Z9,B017DLNFNC,Arcos Cuchillos de Mesa - Cuchillo Chuletero Cuchillo de Mesa - Hoja de Acero Inoxidable NITRUM 110 mm - Mango de Polipropileno - Color Negro,805109_1pieza,159,1,0.04%,0.01%,248,1,0.05%,0.01%,1.36%,0.00%,1,0,0.63%,0.00%,"3,35 €","0,00 €",1,0
B0CKX4YV2W,B01BNH5B5M,"HENDI Expositor buffet frío UNIQ 2 pisos, Negro",H871812,125,9,0.04%,0.10%,176,13,0.04%,0.10%,42.24%,50.00%,1,0,0.80%,0.00%,"144,95 €","0,00 €",1,0
B01MQDCZTB,B01MQDCZTB,"HENDI Carro bandejero con Superficie de Trabajo, 7 x GN 1/1, Capacidad de Carga 70 kg, 445x615x(H) 945mm, Acero Inoxidable",H810668,33,4,0.01%,0.04%,43,5,0.01%,0.04%,25.64%,60.00%,1,1,3.03%,25.00%,"199,00 €","199,00 €",1,1
B06Y66X8SW,B06Y66X8SW,CUPERINOX® Couture Series - Tijera Costura Profesional 10 cm | Acero Inoxidable de Alta Precisión | Corte Fino para Detalles y Acabados | Uso Doméstico y Profesional,21960_fba,8,0,0.00%,0.00%,9,0,0.00%,0.00%,100.00%,0.00%,1,0,12.50%,0.00%,"6,99 €","0,00 €",1,0
B0F5L2FGGS,B071HVWQKP,Arcos Cuchillos Mesa con Hoja Acero Inoxidable. Cuchillos Carne con Mango Madera Palisandro Marrón. Hoja. Corta Carne Asada. Clásicos y Elegantes. Cortein Esfuerzo. Serie Mesa. Color Marrón,373700,581,22,0.16%,0.25%,769,36,0.15%,0.28%,9.45%,14.29%,1,0,0.17%,0.00%,"15,49 €","0,00 €",1,0
B071LGMH89,B071LGMH89,Arcos Mesa Cuchillo Carne Nitrum Pack Madera Marrón 4 pulg,374610_fbm,106,3,0.03%,0.03%,138,4,0.03%,0.03%,44.96%,100.00%,6,0,5.66%,0.00%,"100,44 €","0,00 €",1,0
B071VT3QQY,B071VT3QQY,"Arcos Riviera - Juego de Cuchillos de Cocina Profesional (Mondador 100 mm, Santoku 140 mm, Chef 200 mm) - Acero Inoxidable Forjado NITRUM, Mango Ergonómico Negro - 3 Piezas en Estuche",807700_fbm,71,0,0.02%,0.00%,96,0,0.02%,0.00%,93.18%,0.00%,1,0,1.41%,0.00%,"68,99 €","0,00 €",1,0
B072BX31NV,B072BX31NV,Arcos Juego 6 Cuchillos de Mesa Nitrum Acero Crema 105 mm,703500__,100,3,0.03%,0.03%,169,5,0.03%,0.04%,20.44%,0.00%,1,0,1.00%,0.00%,"11,99 €","0,00 €",1,0
B0799Z54MP,B0799Z54MP,CUPERINOX Tijeras Cocina Profesional |Mango ergonómico para máxima comodidad| Tijeras 21 cm |Tijeras de Trinchar | Tijeras Pollo | Tijera Pescado | Tijera Acero Inoxidable| Apto Lavavajillas,21982_,6,1,0.00%,0.01%,9,1,0.00%,0.01%,88.89%,100.00%,1,0,16.67%,0.00%,"9,99 €","0,00 €",1,0
B0DN1W6N4N,B07CZFR2CG,"HENDI Batidora profesional digital con cubierta insonorizada, pantalla táctil, 3 velocidades, jarra de policarbonato resistente al calor y frío, 230V, 1680W, 250x300x(H)546mm, ABS, acero inoxidable",H230695,104,8,0.03%,0.09%,134,8,0.03%,0.06%,82.40%,71.43%,1,0,0.96%,0.00%,"449,00 €","0,00 €",1,0
B07CZS5H54,B07CZS5H54,"HENDI Horno de Convección Profesional H90, 2670W, incl. 4 Bandejas de Aluminio, 2 Ventiladores, 50-300°C, Interior Esmaltado, Puerta Doble Cristal, 230V, 595x595x(H)570mm, Acero Inoxidable",H227060,10,0,0.00%,0.00%,14,0,0.00%,0.00%,69.23%,0.00%,1,0,10.00%,0.00%,"519,50 €","0,00 €",1,0
B07TYQJ4YX,B07D2TFS1B,HENDI Máquina eléctrica para pasta,H224847,224,9,0.06%,0.10%,318,16,0.06%,0.13%,41.60%,50.00%,1,0,0.45%,0.00%,"209,00 €","0,00 €",1,0
B0D1CXLR2J,B07D5DJZBL,HENDI Embudo para repostería Kitchen Line - Gris claro - 1.5 L - 270x195x(H)270 mm,H551813,3,1,0.00%,0.01%,5,2,0.00%,0.02%,100.00%,100.00%,1,1,33.33%,100.00%,"56,99 €","56,99 €",1,1
B085SP2NWD,B07DC4CBN7,"HENDI Caja para masa de pizza y de pan, 14L, caja de fermentación, apilable, sin tapa, apta para alimentos, recipiente contenedor porta masa alimentos, sin BPA, 600x400x(H) 75mm, HDPE",H880906,26,1,0.01%,0.01%,29,1,0.01%,0.01%,95.65%,0.00%,2,0,7.69%,0.00%,"40,64 €","0,00 €",1,0
B086X1XQXD,B07DC8C7Y6,"HENDI Expositor con cubierta deslizante roll-top, Doble",H871713,87,13,0.02%,0.15%,119,16,0.02%,0.13%,45.87%,54.55%,1,0,1.15%,0.00%,"78,99 €","0,00 €",1,0
B0FD46SGNM,B07DC8JHV4,Arcos Cuchillo verduras Acero Inoxidable. Cuchillo profesional para pelar frutas y verduras. Mango ergonómico polioximetileno y Hoja 130 mm. Serie Manhattan. Color negro.,161100,76,2,0.02%,0.02%,101,2,0.02%,0.02%,95.00%,0.00%,1,0,1.32%,0.00%,"24,49 €","0,00 €",1,0
B07F8Z6XL1,B07F8Z6XL1,VINFERMATÓN - Insecticida Matón Cucas Cucarachas y Hormigas Instantáneo 300ml,V101302,45,2,0.01%,0.02%,60,2,0.01%,0.02%,74.55%,100.00%,1,1,2.22%,50.00%,"7,89 €","7,89 €",1,1
B07FQ94K1Q,B07FQ94K1Q,Arcos Series Maitre - Juego de Cuchillos 5 Piezas (4 Cuchillos + 1 Tijeras) - Hoja de Acero Inoxidable Nitrum - Mango de Polipropileno - Bloque de Madera de Color marrón,152100__,75,0,0.02%,0.00%,97,0,0.02%,0.00%,82.22%,0.00%,1,0,1.33%,0.00%,"74,99 €","0,00 €",1,0
B07G75VRY2,B07G75VRY2,"Arcos Serie Cuchillos de Mesa Caja 12 uds Cuchillo Chuletero, Hoja Serrada de Acero Inoxidable de 110 mm, Cuchillo Monoblock Acero Inoxidable Color plata (12 UDS)",375800_(809900x2),34,4,0.01%,0.04%,48,7,0.01%,0.06%,82.98%,85.71%,1,0,2.94%,0.00%,"57,99 €","0,00 €",1,0
B07G76SK9L,B07G76SK9L,Arcos Cuchillo de Mesa 1 Pieza (Plastico Blister),702300,32,2,0.01%,0.02%,43,2,0.01%,0.02%,100.00%,0.00%,2,0,6.25%,0.00%,"50,98 €","0,00 €",1,0
B0F1ZF7H1L,B07JHPQGPW,Arcos Riviera Blanc Juego 3 Cuchillos Forjados POM Blanco,807610_,252,5,0.07%,0.06%,309,5,0.06%,0.04%,61.37%,25.00%,1,0,0.40%,0.00%,"69,99 €","0,00 €",1,0
B0B3F4QXML,B07JWJ5LDH,Arcos Serie Clasica - Juego de Cuchillos Chuleteros (6 piezas) - Acero Inoxidable Forjado NITRUM - Mango POM - Color Negro,_854500_,153,7,0.04%,0.08%,178,7,0.04%,0.06%,99.32%,100.00%,1,0,0.65%,0.00%,"80,31 €","0,00 €",1,0
B07MDGR8G1,B07MDGR8G1,CUPERINOX® Couture Series - Tijera Costura Profesional 15 cm | Acero Inoxidable Irrompible | Mango Ergonómico Antideslizante | Corte Preciso y Duradero,21950_us,16,1,0.00%,0.01%,25,1,0.01%,0.01%,54.17%,0.00%,15,15,93.75%,"1,500.00%","119,85 €","119,85 €",1,1
B0D1GH3QKG,B07MTPQ9KF,"HENDI Báscula pesa balanza digital de cocina, cuerpo de plástico HIPS con pantalla digital LED integrada, alta precisión, máximo 15 kg, 3 pilas AAA no incluidas, 266x269x(h)34 mm, acero inoxidable",H580233,138,31,0.04%,0.35%,200,48,0.04%,0.38%,25.84%,6.98%,1,0,0.72%,0.00%,"43,99 €","0,00 €",1,0
B0F147RFRT,B07N8TNDRV,Arcos Brooklyn Cuchillo Chef Forjado Acero Inoxidable 150 mm,190423_,311,5,0.09%,0.06%,398,6,0.08%,0.05%,18.53%,0.00%,1,0,0.32%,0.00%,"39,99 €","0,00 €",1,0
B0F147RFRT,B07N8V34F1,"Arcos Cuchillo Santoku Acero Inoxidable Forjado con Balanceo, Mango Micarta y BorSeda Especial y Hoja Plateada 190 mm. Impresiona yorprencon Cada Corte. Serie Brooklyn. Color Azul.",191623_,274,6,0.08%,0.07%,437,6,0.09%,0.05%,11.65%,0.00%,1,0,0.36%,0.00%,"44,99 €","0,00 €",1,0
B0FD46SGNM,B07N8V3SNH,"Arcos Cuchillo Tomate Forjado Acero Inoxidable 130 mm - Mango Ergonómico POM Negro, Borde Serrado para Rebanadas Perfectas - Serie Manhattan, Calidad Profesional",162000_,95,0,0.03%,0.00%,139,0,0.03%,0.00%,24.37%,0.00%,1,0,1.05%,0.00%,"24,25 €","0,00 €",1,0
B07N8VHFLF,B07N8VHFLF,Arcos - Cubertería Burdeos Arcos 24 piezas,592400,178,2,0.05%,0.02%,234,2,0.05%,0.02%,100.00%,0.00%,1,0,0.56%,0.00%,"69,99 €","0,00 €",1,0
B092TQ1P72,B07N8VMWGG,Arcos Mesa Cuchillo Chuletero Serrado Nitrum POM Negro 115 mm,374800_1pieza,91,2,0.03%,0.02%,132,3,0.03%,0.02%,10.24%,0.00%,2,0,2.20%,0.00%,"17,26 €","0,00 €",1,0
B0F147RFRT,B07N8VRS7L,Arcos Brooklyn Cuchillo Pelador Acero Inoxidable 100 mm,190123_,184,1,0.05%,0.01%,236,1,0.05%,0.01%,29.95%,0.00%,1,0,0.54%,0.00%,"28,49 €","0,00 €",1,0
B0FD46SGNM,B07N8W79GH,Arcos Manhattan Cuchillo Tallado Acero Inoxidable Nitrum 300 mm,162300_,60,0,0.02%,0.00%,81,0,0.02%,0.00%,98.57%,0.00%,1,0,1.67%,0.00%,"36,99 €","0,00 €",1,0
B092TQ1P72,B07NDSZJQY,"Arcos Serie Cuchillos de Mesa Caja 12 uds Cuchillo Chuletero, Hoja Serrada de Acero Inoxidable NITRUM de 115 mm, Mango Polioximetileno Color negro (12 UDS)",374800_12piezas,35,1,0.01%,0.01%,42,1,0.01%,0.01%,97.30%,100.00%,1,0,2.86%,0.00%,"74,99 €","0,00 €",1,0
B07NDV5T2F,B07NDV5T2F,Arcos Serie Brooklyn - Cuchillo Cocinero - Hoja de Acero Inoxidable Forjado NITRUM 210 mm - Mango de Micarta Color Azul (Filo Seda),190623_fbm,76,3,0.02%,0.03%,126,6,0.03%,0.05%,97.00%,100.00%,1,0,1.32%,0.00%,"45,99 €","0,00 €",1,0
B08TWZYBPZ,B07NVP94PR,"CUPERINOX® -Juego de Cuchillos de Cocina Profesional de Acero Inoxidable + Taco de Madera– 7 Piezas en Acero Inoxidable, Mango Ergonómico, Bloque de Madera Incluido – Chef Set para Hogar",19510,28,2,0.01%,0.02%,44,2,0.01%,0.02%,100.00%,0.00%,1,0,3.57%,0.00%,"39,90 €","0,00 €",1,0
B07PQS3PNH,B07PQS3PNH,"HENDI Caja de golpe de café con marco de madera, vaciado de posos de café, barra de golpeo extraíble con revestimiento de silicona, GN 1/4, 265x162x(H)100mm, madera oscura/acero inoxidable",H208380,15,1,0.00%,0.01%,17,1,0.00%,0.01%,35.29%,100.00%,1,0,6.67%,0.00%,"38,50 €","0,00 €",1,0
B07Q6FZTR2,B07Q6FZTR2,"HENDI Lavavajillas industrial, para cestas 40x40cm, con control electromecánico, máquina lavaplatos lavavasos lavacopas, 230V, 2800W, 470x510x(H)710mm, acero inoxidable",H230299,18,3,0.01%,0.03%,23,3,0.00%,0.02%,100.00%,100.00%,1,0,5.56%,0.00%,"1.500,00 €","0,00 €",1,0
B07YXBGV8C,B07YXBGV8C,Arcos Riviera Blanc Set 3 Cuchillos Forjados Acero Inoxidable Nitrum,807511_,33,1,0.01%,0.01%,56,2,0.01%,0.02%,83.67%,100.00%,1,0,3.03%,0.00%,"59,99 €","0,00 €",1,0
B0816ZLJNM,B0816ZLJNM,"HENDI Fuente de Chocolate de 5 Niveles, Capacidad: hasta 6 kg, 230 V / 265 W, Ø330x(H)700 mm, Acero Inoxidable",H274156,6,1,0.00%,0.01%,12,3,0.00%,0.02%,66.67%,100.00%,1,1,16.67%,100.00%,"465,00 €","465,00 €",1,1
B082PGNKRF,B082PGNKRF,HENDI 617144 Espátula para pizza cuadrada - perforada - 1320x405 mm,H617144,1,0,0.00%,0.00%,3,0,0.00%,0.00%,100.00%,0.00%,1,0,100.00%,0.00%,"69,99 €","0,00 €",1,0
B082VW3C39,B082VW3C39,HENDI Carro de lavandería - 900x650x(H)850 mm,H691083,16,5,0.00%,0.06%,19,8,0.00%,0.06%,33.33%,42.86%,2,0,12.50%,0.00%,"390,00 €","0,00 €",1,0
B0843DKXYN,B0843DKXYN,Arcos Opera Cuchillo Jamonero Forjado Acero Inoxidable Nitrum 300 mm,226800_,8,0,0.00%,0.00%,10,0,0.00%,0.00%,80.00%,0.00%,1,0,12.50%,0.00%,"34,95 €","0,00 €",1,0
B0843VGDCV,B0843VGDCV,"Arcos Cuchillo Santoku Acero Inoxidable. Cuchillo japonés afilado para pescado, carne y verduras. Mango ergonómico polioximetileno y Hoja 140 mm. Serie Opera. Color negro.",226900_fbm,19,0,0.01%,0.00%,30,0,0.01%,0.00%,100.00%,0.00%,1,0,5.26%,0.00%,"26,99 €","0,00 €",1,0
B084TL4TFV,B084TL4TFV,"HENDI Crepera eléctrica, con esparcidor de madera,temperatura regulable 50°-250°C, placa de diámetro400mm,de hierro fundido con revestimiento cerámico, 230V, 3000W, 470x509x(H)161mm,acero inoxidable",H212028,20,3,0.01%,0.03%,29,4,0.01%,0.03%,44.00%,0.00%,1,0,5.00%,0.00%,"288,50 €","0,00 €",1,0
B08KFQBJWQ,B0857QCPPW,"HENDI Percolador de café 14L, de una pared, con filtro incorporado y grifo antigoteo, para café molido grueso,230V, 50/60Hz, 1750W, 357x380x(H) 502mm, negro mate, acero inoxidable, PP",H211489,6,2,0.00%,0.02%,7,2,0.00%,0.02%,42.86%,50.00%,1,0,16.67%,0.00%,"159,75 €","0,00 €",1,0
B08VS4FCLN,B08CY5ZRD7,"Arcos Serie Maitre - Juego Cuchillo de cocina 4 piezas, (3 cuchillos + 1 tijeras) Hoja de Acero Inoxidable NITRUM 80 mm, Mango Polipropileno Negro",152610,105,2,0.03%,0.02%,138,3,0.03%,0.02%,95.73%,100.00%,1,0,0.95%,0.00%,"39,99 €","0,00 €",1,0
B08VS4FCLN,B08CY5ZRD7,"Arcos Serie Maitre - Juego Cuchillo de cocina 4 piezas, (3 cuchillos + 1 tijeras) Hoja de Acero Inoxidable NITRUM 80 mm, Mango Polipropileno Negro",152610_,105,2,0.03%,0.02%,138,3,0.03%,0.02%,95.73%,100.00%,1,0,0.95%,0.00%,"39,99 €","0,00 €",1,0
B08TLR4Z27,B08M3YG4R1,Arcos jamonero Profesional | Cuchillo jamonero jamonero Inoxidable Nitrum | Mango Negro | Cuchillo Jamon iberico | Serie Maitre| Hoja Flexible y Filo Liso | 275 mm | Acero Inoxidable NITRUM,704200_fbm,83,1,0.02%,0.01%,114,1,0.02%,0.01%,99.05%,100.00%,1,0,1.20%,0.00%,"20,78 €","0,00 €",1,0
B08M9QRSW8,B08M9QRSW8,Arcos | Juego Cuchillos cuchillos mesa | 6 Uds | cuchillo fruta | cuchillo postre | Hoja 110 mm | Acero Inoxidable Martensítico | Mango Nylon | apto lavavajillas | Envase Ecológico,703600fbm,99,3,0.03%,0.03%,151,4,0.03%,0.03%,98.57%,100.00%,1,0,1.01%,0.00%,"11,99 €","0,00 €",1,0
B09FQ5SZK8,B08MTWTK78,Arcos Cuchillo Santoku Acero Inoxidable Nitrum 190 mm,166600_fbm,512,12,0.14%,0.13%,701,14,0.14%,0.11%,1.42%,0.00%,1,1,0.20%,8.33%,"28,99 €","28,99 €",1,1
B08QMBMN1G,B08QMBMN1G,Arcos Bolsa Cuchillos Bolsa Cuchillos Cocina Profesional Estuche Profesional Porta Cuchillos 5 pzas | 42 cm Largo | Asa para Transportar| Cuero Color Miel| Hebilla Ajustable,695100,33,1,0.01%,0.01%,45,1,0.01%,0.01%,48.72%,100.00%,1,1,3.03%,100.00%,"129,99 €","129,99 €",1,1
B08SM74SYV,B08SM74SYV,HENDI Picador de hielo 3L - eléctrica,H271599,17,5,0.00%,0.06%,21,6,0.00%,0.05%,85.00%,75.00%,1,1,5.88%,20.00%,"379,00 €","379,00 €",1,1
B08TLR4Z27,B095C22QFS,Arcos jamonero Profesional | Cuchillo jamonero jamonero Inoxidable Nitrum | Mango Negro | Cuchillo Jamon iberico | Serie Maitre| Hoja Flexible y Filo Liso | 275 mm | Acero Inoxidable NITRUM,151811,37,2,0.01%,0.02%,49,2,0.01%,0.02%,100.00%,100.00%,1,0,2.70%,0.00%,"19,99 €","0,00 €",1,0
B095YY8KQ9,B095YY8KQ9,VINFERMATÓN - Insecticida Moscas y Mosquitos Efecto Inmediato Perfume Limón 600ml,MATONZAUL,35,1,0.01%,0.01%,49,1,0.01%,0.01%,2.27%,0.00%,1,0,2.86%,0.00%,"9,98 €","0,00 €",1,0
B09DPRCMTF,B0987MG3JQ,Arcos Juego Cuchillos Carne | Cuchillo chuleteros | Cuchillos Carne Cuchillos Mesa | 6 Uds | Hoja 110 mm | Acero Inoxidable | Mango Nylon | Apto lavavajillas | Envase Ecológico (Filo Liso),814200FBM,108,4,0.03%,0.04%,130,5,0.03%,0.04%,99.17%,100.00%,1,1,0.93%,25.00%,"19,99 €","19,99 €",1,1
B09D1V45YK,B09D1V45YK,"CUPERINOX® Couture Series - Tijera Costura Profesional 16,5 cm | Acero Inoxidable Irrompible | Mango Ergonómico Antideslizante | Corte Preciso y Duradero",21951_,17,0,0.00%,0.00%,25,0,0.01%,0.00%,100.00%,0.00%,2,0,11.76%,0.00%,"14,44 €","0,00 €",1,0
B09GPRC2LN,B09GPRC2LN,"HENDI Extractor centrífugo de zumos, eléctrico, exprimidor de cítricos, exprimidor de naranjas, adecuado para frutas y verduras duras, hasta 3000 rpm, 490x280x510mm, acero inoxidable",H221105,21,3,0.01%,0.03%,30,9,0.01%,0.07%,84.62%,71.43%,1,1,4.76%,33.33%,"765,00 €","765,00 €",1,1
B08VS4FCLN,B09HBWSBN1,"Arcos Juego Cuchillos Cocina cuchillo blanco cuchillos | cuchillos cocina Maitre | 5 piezas | Chef 215 mm, Cocina 150 mm, Verduras 100 mm Tijera cocina (Negro + Jamonero)",854100 fbm,180,3,0.05%,0.03%,221,3,0.04%,0.02%,100.00%,100.00%,1,0,0.56%,0.00%,"42,49 €","0,00 €",1,0
B09JCL3T22,B09JCL3T22,"HENDI Carro bandejero doble móvil, 30 x GN 1/1, capacidad de carga 150 kg, 798x610x(H)1710mm, acero inoxidable",H810576,5,2,0.00%,0.02%,8,4,0.00%,0.03%,87.50%,100.00%,1,1,20.00%,50.00%,"329,75 €","329,75 €",1,1
B09NC818YZ,B09NC818YZ,"HENDI Arrocera, Función de Mantenimiento del Calor, 50 Tazas de Arroz Seco, Vaso Medidor y Cuchara Arrocera, 230V, 2900W, ø495x(H)365mm, Aluminium, 10L",H240458,44,3,0.01%,0.03%,56,3,0.01%,0.02%,41.67%,0.00%,1,0,2.27%,0.00%,"198,00 €","0,00 €",1,0
B09S5NQQQT,B09S5NQQQT,"HENDI Mezclador Profesional de Bebidas, Aireador/Batidor de Bebidas Ligeras, Frappés, Capuchinos Fríos, Drink Mixer, Incluye 2 Vasos y 4 Agitadores, 230V/400W, 170x196x(H)490mm, Negro",H221600,24,3,0.01%,0.03%,40,10,0.01%,0.08%,61.54%,100.00%,2,2,8.33%,66.67%,"317,50 €","317,50 €",1,1
B09S9JLYNK,B09S9JLYNK,"HENDI Máquina para hacer palomitas de maíz, 150g de maíz, ciclo 3,5 min, 230V, 1155W, 560x420x(H)760mm, aluminio, acero inoxidable, cristal templado, negro",H282762,55,9,0.02%,0.10%,83,10,0.02%,0.08%,36.00%,42.86%,1,0,1.82%,0.00%,"405,00 €","0,00 €",1,0
B0B31QM7RW,B0B31QM7RW,CUPERINOX Tijeras de costura | 14 cm | Costura profesional | Tijeras modista | Acero Inoxidable | Mango ergonómico | Tijeras sastre,21950,13,0,0.00%,0.00%,18,0,0.00%,0.00%,50.00%,0.00%,1,1,7.69%,0.00%,"7,99 €","7,99 €",1,1
B0B4B6B16Z,B0B4B6B16Z,CUPERINOX | Tijeras de manicura para uñas | Tijera corta uñas de punta redondeada para las uñas de las manos | Fabricado en Acero Inoxidable 9 cm,21939,22,0,0.01%,0.00%,29,0,0.01%,0.00%,100.00%,0.00%,1,0,4.55%,0.00%,"6,99 €","0,00 €",1,0
B0BMG27JWT,B0BMG27JWT,"HENDI Mesa de trabajo central,encimera reforzada con estante, atornillada, patas ajustables,para hoteles, restaurantes, bares, cocinas,centros de elaboración,200x600x(H)850mm,acero inoxidable",H817179,15,3,0.00%,0.03%,26,3,0.01%,0.02%,94.74%,100.00%,1,0,6.67%,0.00%,"389,50 €","0,00 €",1,0
B0C49YM5CJ,B0C49YM5CJ,Arcos Serie Nordika - Cuchillo Deba - Acero Inoxidable NITRUM - Hoja de 170 mm - Mango de Madera Ovengkol 100% natural de bosques certificados FSC® - Embalaje 100% reciclado,168100,22,3,0.01%,0.03%,33,4,0.01%,0.03%,100.00%,100.00%,1,0,4.55%,0.00%,"47,99 €","0,00 €",1,0
B0C4B1CKSR,B0C4B1CKSR,Arcos Serie Nordika - Cuchillo Yanagiba - Acero Inoxidable NITRUM - Hoja de 240 mm - Mango de Madera Ovengkol 100% natural de bosques certificados FSC® - Embalaje 100% reciclado,168200,37,0,0.01%,0.00%,51,0,0.01%,0.00%,95.56%,0.00%,1,0,2.70%,0.00%,"50,81 €","0,00 €",1,0
B0CN14GJ6L,B0CN14GJ6L,"HENDI Vitrina expositora con cubierta deslizante, mostrador Buffet, conjunto exhibidor con doble función: calentar o enfriar, kit incl. 2 bloques de gel, bandeja de acero inox, 465x315x(H)195mm, PP",H871775,100,14,0.03%,0.16%,141,18,0.03%,0.14%,56.30%,69.23%,2,0,2.00%,0.00%,"169,98 €","0,00 €",1,0
B0DB5X7S4H,B0DB5X7S4H,Arcos Serie Riviera - Juego Cuchillos Cocina 3 piezas (1 Cuchillo Mondador + 1 Santoku + 1 Cuchillo de Chef) - Hoja de Acero Inoxidable Forjado NITRUM - Mango de Polioximetileno (POM) - Color Negro,2340100,32,0,0.01%,0.00%,39,0,0.01%,0.00%,79.41%,0.00%,1,0,3.13%,0.00%,"99,99 €","0,00 €",1,0
B0DNNKT1W2,B0DNNJCHQP,"Cuperinox-Tetera de Cristal con Infusor para Té e Infusiones, Resistente al Calor y Compatible con Microondas ** - Infusion Prestige Collection (950 ml)",26113,52,2,0.01%,0.02%,96,3,0.02%,0.02%,100.00%,0.00%,1,0,1.92%,0.00%,"16,99 €","0,00 €",1,0
B0DNNKT1W2,B0DNNJPGTY,"Cuperinox-Tetera de Cristal con Infusor para Té e Infusiones, Resistente al Calor y Compatible con Microondas ** - Infusion Prestige Collection (750 ml)",26112,84,1,0.02%,0.01%,104,3,0.02%,0.02%,100.00%,0.00%,1,0,1.19%,0.00%,"14,44 €","0,00 €",1,0
B0DNT3NVG8,B0DNT3NVG8,"CUPERINOX Taza de Viaje 280 ml Térmica con Tapa Hermética, Acero Inoxidable y Aislamiento para Café o Té, Ideal para Llevar y Mantener Bebidas Calientes o Frías|Thermal Collection",26001,11,0,0.00%,0.00%,17,0,0.00%,0.00%,100.00%,0.00%,1,0,9.09%,0.00%,"15,24 €","0,00 €",1,0
B0FGDGV4V4,B0FGDGV4V4,VINFERMATON – Insecticida Mosquitos y Moscas Casa y Terrazas Pack 2×600 ml | Spray Eliminador Insectos Voladores Interior y Exterior | Acción Inmediata Profesional | 100% MADE IN SPAIN,V1612_PACK2,30,0,0.01%,0.00%,39,0,0.01%,0.00%,92.11%,0.00%,1,0,3.33%,0.00%,"14,99 €","0,00 €",1,0
B0FHKR4Q45,B0FHKR4Q45,VINFERMATON – Insecticida Cucarachas y Hormigas | Antihormigas Instantáneo Pack 3×300 ml | Spray Eliminador Insectos Rastreros Interior y Exterior | Acción Rápida Profesional | MADE IN SPAIN,V101302_PACK3,5,0,0.00%,0.00%,6,0,0.00%,0.00%,66.67%,0.00%,2,0,40.00%,0.00%,"25,98 €","0,00 €",1,0
B0FJRVHBWH,B0FHKWY9F2,CUPERINOX Tijeras peluqueria profesional 15cm | Tijeras entresacar dentadas vaciar pelo texturizar cabello | Barbero estilista hombre mujer | afiladas acero inoxidable | Uso doméstico y salón,21861,1,0,0.00%,0.00%,4,0,0.00%,0.00%,100.00%,0.00%,1,0,100.00%,0.00%,"9,99 €","0,00 €",1,0