ASIN (parent),ASIN (child),Título,SKU,Sesiones: total,Sesiones - Total - B2B,Porcentaje de sesiones: total,Porcentaje de sesiones: total - B2B,Visitas: total,Visitas - Total - B2B,Porcentaje de visitas: total,Porcentaje de visitas - Total - B2B,Porcentaje de ofertas destacadas (Buy Box),Porcentaje de ofertas destacadas: B2B,Unidades encargadas,Unidades encargadas - B2B,Porcentaje de unidades por sesión,Porcentaje de sesiones de unidades - B2B,Ventas de productos encargados,Ventas de productos encargados: B2B,Total de artículos de un pedido,Total de artículos de un pedido - B2B
B09NT4VRN7,B0812BKN39,Arcos Juego de Cuchillos Mondadores de 3 Piezas,859800_barras_arcos,"34,235",500,8.18%,4.97%,"46,035",708,7.90%,4.93%,18.26%,7.38%,521,2,1.52%,0.40%,"5.013,66 €","19,26 €",492,2
B0BGRT2BVV,B09G9WBKPG,Arcos Juego de 6 Cuchillos de Mesa Chuleteros Hoja 110 mm Negro 705500,705500(805109),"7,370",195,1.76%,1.94%,"10,916",262,1.87%,1.82%,40.12%,3.14%,408,0,5.54%,0.00%,"4.892,92 €","0,00 €",350,0
B08NW1VQRT,B08NW1VQRT,CUPERINOX Navaja para Setas y Champiñones | Acero Inoxidable | Con Cepillo y Funda Incluida | Micológica,2181,"1,802",45,0.43%,0.45%,"2,578",73,0.44%,0.51%,99.52%,100.00%,333,7,18.48%,15.56%,"3.439,59 €","73,43 €",296,6
B08J488ZQG,B089QP6MYJ,Arcos Juego Cuchillos Carne | 6 Piezas | Cuchillos carne cuchillo chuleteros | cubiertos acero inoxidable | Hoja 110 mm | mango monobloque | aptos lavavajillas | Caja Envase Ecológico,815600_fba,"3,157",91,0.75%,0.91%,"4,874",143,0.84%,0.99%,99.93%,100.00%,351,6,11.12%,6.59%,"9.292,48 €","161,94 €",294,1
B0FDL4Q2JB,B0FDL4Q2JB,VINFERMATON – Insecticida Avispas y Avisperos Exterior Pack 2×600 ml | Antiavispas | Alcance hasta 4 m | Acción Inmediata Profesional | 100% MADE IN SPAIN,V0020_PACK2,"1,737",101,0.42%,1.00%,"2,458",135,0.42%,0.94%,92.44%,94.29%,318,39,18.31%,38.61%,"5.219,92 €","635,77 €",291,29
B0F1N351DY,B072FGV2YH,Arcos Juego de 6 Cuchillos Mondadores Acero Inoxidable 100 mm,189100,"6,403",183,1.53%,1.82%,"9,026",271,1.55%,1.89%,50.33%,30.34%,266,0,4.15%,0.00%,"4.401,57 €","0,00 €",256,0
B09KJLG7BT,B08KW4BFZ9,CUPERINOX Jamonero Profesional | Soporte jamonero Tipo Gondola| Base de Corte para Usar con Cuchillo jamonero | Jamon iberico | Fabricado en España,2020CUP,"1,966",35,0.47%,0.35%,"2,822",46,0.48%,0.32%,98.42%,100.00%,221,6,11.24%,17.14%,"2.960,89 €","79,58 €",215,5
B017HKRCGK,B005LR7A1Y,ARCOS Bolsa para Cuchillos 100% Poliéster 460x275 mm,690200_,"2,639",45,0.63%,0.45%,"4,087",68,0.70%,0.47%,74.41%,66.67%,188,8,7.12%,17.78%,"2.944,44 €","121,44 €",185,7
B09DYJY471,B08MTCRCT4,Arcos Juego Cuchillos Cocina Profesionales| Cuchillos Cocina Profesional | Cuchillos Acero Inoxidable Mango Negro | utensilios de cocina | cuchillo japones Santoku | lavavajillas (5 Piezas),816800,"6,316",103,1.51%,1.02%,"8,709",142,1.49%,0.99%,99.76%,100.00%,206,30,3.26%,29.13%,"6.158,44 €","899,70 €",182,10
B08MT437W9,B08MT437W9,Arcos Juego Cuchillos Cocina Profesionales| Cuchillos Cocina Profesional | 6 pzas | Cuchillos Acero Inoxidable Mango Negro | utensilios de cocina serie Niza | Apto lavavajillas,812900,"9,032",95,2.16%,0.95%,"11,159",127,1.92%,0.88%,99.89%,100.00%,169,0,1.87%,0.00%,"5.420,06 €","0,00 €",169,0
B08GSTDWTC,B08LVVQ3ZQ,"Arcos Serie Nova - Cuchillo para pelar, Acero Inoxidable NITRUM, Envase Ecológico, 3 colores Fucsia, Turquesa y Amarillo",703700_,"1,780",27,0.43%,0.27%,"2,676",39,0.46%,0.27%,99.79%,100.00%,177,3,9.94%,11.11%,"1.831,07 €","31,47 €",163,2
B089MW6B1B,B078JNZS9T,Arcos Estuche de 3 Cuchillos Básicos de Cocina. Pack de Cuchillos con Hoja de Acero Inoxidable y Mango de Polieximetileno Aptos para Lavavajillas. Serie Universal. Color Negro,807400_us,"8,025",124,1.92%,1.23%,"10,789",177,1.85%,1.23%,62.08%,56.14%,135,3,1.68%,2.42%,"5.706,34 €","126,97 €",133,3
B0D4WK78XV,B0D4WK78XV,CUPERINOX Aceiteras para Aceite Usado | Grasera Acero Inoxidable 550ML con Filtro Metálico | Recipiente para Aceite Usado de Cocina y Grasa | Grasera Cocina Metálica 550ML 2Uds Metálico,F22105-22106,"1,815",36,0.43%,0.36%,"2,619",50,0.45%,0.35%,99.01%,100.00%,129,2,7.11%,5.56%,"1.489,22 €","21,90 €",128,2
B0DPKXM18X,B0DNQT7LV3,"CUPERINOX Soporte Jamonero Balancín | Jamonero Giratorio Profesional | Jamonero Madera | Incluye Cuchillo Profesional, Afilador Funda Cubre Jamón| Jamoneros Elite Collection",20265_fbm,"4,769",194,1.14%,1.93%,"7,706",356,1.32%,2.48%,99.19%,100.00%,127,1,2.66%,0.52%,"11.318,73 €","84,99 €",123,1
B07YM65C6J,B007TS6HMQ,ARCOS Pinza para Pescado Acero Inoxidable,605000_605010,693,22,0.17%,0.22%,956,35,0.16%,0.24%,96.59%,92.31%,131,19,18.90%,86.36%,"1.224,07 €","172,14 €",120,11
B0D4WK78XV,B0D4WK78XV,CUPERINOX Aceiteras para Aceite Usado | Grasera Acero Inoxidable 550ML con Filtro Metálico | Recipiente para Aceite Usado de Cocina y Grasa | Grasera Cocina Metálica 550ML 2Uds Metálico,22105-22106,"1,815",36,0.43%,0.36%,"2,619",50,0.45%,0.35%,99.01%,100.00%,109,8,6.01%,22.22%,"1.303,92 €","92,93 €",107,7
B09DYJY471,B08MQJCD2V,Arcos Juego Cuchillos Cocina Profesionales| Cuchillos Cocina Profesional | Cuchillos Acero Inoxidable Mango Negro | utensilios de cocina | cuchillo japones Santoku | lavavajillas (4 Piezas),816900,"1,902",34,0.45%,0.34%,"2,504",42,0.43%,0.29%,99.96%,100.00%,103,5,5.42%,14.71%,"2.660,07 €","129,95 €",103,5
B09DYJY471,B08MTCRCT4,Arcos Juego Cuchillos Cocina Profesionales| Cuchillos Cocina Profesional | Cuchillos Acero Inoxidable Mango Negro | utensilios de cocina | cuchillo japones Santoku | lavavajillas (5 Piezas),816800fbm,"6,316",103,1.51%,1.02%,"8,709",142,1.49%,0.99%,99.76%,100.00%,84,9,1.33%,8.74%,"2.465,23 €","263,48 €",83,8
B0752X4WV1,B005LR73R0,Arcos Juego Chuleteros Mango Madera 110 mm,372000,"2,899",70,0.69%,0.70%,"4,179",109,0.72%,0.76%,37.12%,41.77%,90,9,3.10%,12.86%,"2.153,11 €","212,75 €",74,7
B0DNNL2TZQ,B0DNN57WC1,"CUPERINOX Aceitera de Cristal Antigoteo para Aceite de Oliva, Resistente y Fácil de Limpiar Gourmet Oil Collection (250 Ml)",22022,590,21,0.14%,0.21%,857,32,0.15%,0.22%,99.87%,100.00%,83,3,14.07%,14.29%,"986,09 €","35,97 €",74,2
B095SDL23Y,B095SDL23Y,Arcos | cuchillos de mesa (6 ud) | cuchillos acero inoxidable con sierra cuchillo chuletero cuchillos chuleteros | Fabricado en España,813000,"1,073",27,0.26%,0.27%,"1,526",54,0.26%,0.38%,99.85%,100.00%,76,0,7.08%,0.00%,"1.211,92 €","0,00 €",66,0
B08M7BMR2S,B08LNRV6N6,"Arcos Afiladores, Afilador de Cuchillos de Mano, Hecho de ABS + TPE, Rodillos Cerámico y Carburo, Color Blanco y Negro",610624,"1,004",18,0.24%,0.18%,"1,289",21,0.22%,0.15%,99.55%,100.00%,60,2,5.98%,11.11%,"810,26 €","25,02 €",60,2
B0CYTKGNPM,B0CW68KM18,Pelador de Cocina ARCOS - Hoja de Acero Inoxidable | Mango Ergonómico | Herramienta Versátil para Pelar Frutas y Verduras,607300,"1,299",32,0.31%,0.32%,"1,533",35,0.26%,0.24%,69.15%,88.24%,61,1,4.70%,3.13%,"466,17 €","7,65 €",58,1
B0F1N351DY,B072FGV2YH,Arcos Juego de 6 Cuchillos Mondadores Acero Inoxidable 100 mm,189100_2,"6,403",183,1.53%,1.82%,"9,026",271,1.55%,1.89%,50.33%,30.34%,59,18,0.92%,9.84%,"1.009,67 €","302,42 €",55,15
B0B3CWSDRQ,B00CF20V2I,ARCOS Chaira Afilador Manual Acero Carbono Cromado Negro 230 mm,278100_,628,19,0.15%,0.19%,909,27,0.16%,0.19%,84.26%,86.36%,53,4,8.44%,21.05%,"629,64 €","45,96 €",52,4
B0752X1ZCK,B07G77NN26,Arcos Cuchillos de Mesa - Caja de 12 uds Cuchillo Chuletero Cuchillo de Mesa - Hoja de Acero Inoxidable NITRUM 110 mm - Mango de Nylon - Color Negro (12 uds),803000,907,27,0.22%,0.27%,"1,327",41,0.23%,0.29%,98.23%,100.00%,57,8,6.28%,29.63%,"1.640,83 €","231,92 €",51,6
B08M7BMR2S,B08LNRV6N6,"Arcos Afiladores, Afilador de Cuchillos de Mano, Hecho de ABS + TPE, Rodillos Cerámico y Carburo, Color Blanco y Negro",610624_fbm,"1,004",18,0.24%,0.18%,"1,289",21,0.22%,0.15%,99.55%,100.00%,51,1,5.08%,5.56%,"699,14 €","13,70 €",51,1
B08J488ZQG,B089QP6MYJ,Arcos Juego Cuchillos Carne | 6 Piezas | Cuchillos carne cuchillo chuleteros | cubiertos acero inoxidable | Hoja 110 mm | mango monobloque | aptos lavavajillas | Caja Envase Ecológico,815600_,"3,157",91,0.75%,0.91%,"4,874",143,0.84%,0.99%,99.93%,100.00%,79,41,2.50%,45.05%,"2.065,09 €","1.048,59 €",50,20
B017HKRCGK,B005LR7AWI,ARCOS Bolsa Portacuchillos 8 Piezas Poliéster 500x510mm,690400_,718,15,0.17%,0.15%,"1,009",23,0.17%,0.16%,73.11%,78.57%,50,3,6.96%,20.00%,"1.248,82 €","73,47 €",48,2
B095SDL23Y,B095SDL23Y,Arcos | cuchillos de mesa (6 ud) | cuchillos acero inoxidable con sierra cuchillo chuletero cuchillos chuleteros | Fabricado en España,813000_fbm,"1,073",27,0.26%,0.27%,"1,526",54,0.26%,0.38%,99.85%,100.00%,57,10,5.31%,37.04%,"936,33 €","161,30 €",48,8
B06XB92VRH,B07T6J5JWM,CUPERINOX Cafetera Italiana Induccion Espresso Acero Inoxidable 12 Tazas,25035,610,16,0.15%,0.16%,973,30,0.17%,0.21%,97.94%,100.00%,46,4,7.54%,25.00%,"1.222,58 €","104,00 €",46,4
B0F4WTVT1Z,B09GPS4SQN,"HENDI Pasta combustible para Chafing Dish, 12 x 200 g",H194362,"1,190",53,0.28%,0.53%,"1,858",90,0.32%,0.63%,44.50%,41.79%,52,6,4.37%,11.32%,"1.069,50 €","123,00 €",45,5
B0DNNL2TZQ,B0DNN4J6Q8,"CUPERINOX Aceitera antigoteo cristal para Aceite de Oliva, Vinagre etc. A prueba de fugas, Aceitera cristal antigoteo tambien aceiteros cocina ideal para Ensaladas, BBQ, cooking oil container (125 ML)",22021,675,24,0.16%,0.24%,943,38,0.16%,0.26%,99.76%,100.00%,48,0,7.11%,0.00%,"525,72 €","0,00 €",44,0
B0B8Z4CJBC,B07F2YVB15,"Arcos Juego Cuchillos Pelar Acero Inoxidable Nitrum 4""",136500_2,"1,395",36,0.33%,0.36%,"2,027",46,0.35%,0.32%,48.34%,35.48%,46,5,3.30%,13.89%,"885,04 €","96,20 €",43,4
B09QDH8MSK,B07N8VWHT9,Arcos Tacos - Bloque Universal para Cuchillos hasta 20 cm - Hecho de Caucho Termoplástico 220 x 160 x 65 mm - Color Negro,794500_,"1,183",30,0.28%,0.30%,"1,709",40,0.29%,0.28%,49.80%,35.71%,43,1,3.63%,3.33%,"1.118,00 €","25,99 €",43,1
B017HKG9PK,B0044R87RS,Arcos Cuchillo para Maitre Negro 215 mm,151000,"4,145",102,0.99%,1.01%,"6,084",137,1.04%,0.95%,10.19%,18.00%,39,4,0.94%,3.92%,"584,61 €","59,96 €",39,4
B0CYTKGNPM,B0843DQCF5,ARCOS Pelador de Verduras en Juliana de Acero Inoxidable Cromado 130 Mm. Pelador Profesional para Cortes en Juliana de Verduras y Hortalizas. Apto Lavavajillas. Color Plata,607200,"1,224",28,0.29%,0.28%,"1,521",35,0.26%,0.24%,65.56%,52.94%,39,2,3.19%,7.14%,"292,83 €","14,98 €",37,2
B08M7BMR2S,B00I9XTLSC,ARCOS Afilador Profesional Manual Cerámica y Carbono Rojo-Negro,610600_2,"6,852",145,1.64%,1.44%,"9,942",222,1.71%,1.54%,4.18%,12.86%,36,1,0.53%,0.69%,"485,86 €","13,49 €",36,1
B08J488ZQG,B0987N2CBR,Arcos Juego Cuchillos Carne | 6 Piezas | Cuchillos carne cuchillo chuleteros | cubiertos acero inoxidable | Hoja 110 mm | mango monobloque | aptos lavavajillas | Caja Envase Ecológico,814000_fba,879,19,0.21%,0.19%,"1,082",26,0.19%,0.18%,100.00%,100.00%,44,1,5.01%,5.26%,"1.211,56 €","27,99 €",36,1
B09N7S17J6,B09D3YRGL9,"CUPERINOX Navaja Plegable Multiusos – Hoja de Acero Inoxidable 80 mm (Filo Liso + Serrado), Punta Rompevidrios, Apertura Rápida, Clip de Cinturón, Herramienta para Camping, Caza, Pesca y Supervivencia",30061_,891,20,0.21%,0.20%,"1,255",35,0.22%,0.24%,99.01%,100.00%,42,0,4.71%,0.00%,"410,28 €","0,00 €",36,0
B08MT437W9,B08MT437W9,Arcos Juego Cuchillos Cocina Profesionales| Cuchillos Cocina Profesional | 6 pzas | Cuchillos Acero Inoxidable Mango Negro | utensilios de cocina serie Niza | Apto lavavajillas,812900fbm,"9,032",95,2.16%,0.95%,"11,159",127,1.92%,0.88%,99.89%,100.00%,36,13,0.40%,13.68%,"1.167,99 €","420,72 €",34,11
B0DNNL2TZQ,B0DNNFGWNJ,"CUPERINOX Aceitera de Cristal Antigoteo para Aceite de Oliva, Resistente y Fácil de Limpiar Gourmet Oil Collection (500 Ml)",22023_,347,10,0.08%,0.10%,467,16,0.08%,0.11%,100.00%,100.00%,35,4,10.09%,40.00%,"515,67 €","50,48 €",34,3
B093DSL44T,B07F9RV81Z,Arcos Cuchillo Chuletero de 4 Pulgadas con Hoja de 105mm en Acero Inoxidable y Mango de Madera. Cuchillo para Carne Apto para Lavavajillas. Serie Latina. Color Marrón,100400_fba,765,9,0.18%,0.09%,"1,090",14,0.19%,0.10%,83.10%,85.71%,38,4,4.97%,44.44%,"1.367,62 €","143,96 €",32,1
B017HKRCGK,B005LR7C44,ARCOS Bolsa Portacuchillos 12 Piezas Poliéster 730x510mm,690500_,"1,105",11,0.26%,0.11%,"1,627",11,0.28%,0.08%,43.93%,25.00%,31,0,2.81%,0.00%,"866,60 €","0,00 €",31,0
B017HKR8WS,B005LR7EP6,ARCOS Afilador de Cuchillos Profesional ABS,610000,"2,908",143,0.69%,1.42%,"4,370",203,0.75%,1.41%,36.24%,48.06%,31,9,1.07%,6.29%,"2.037,69 €","585,91 €",30,9
B09381N96H,B07G75XCXM,"Arcos Serie Cuchillos de Mesa Caja 12 uds Cuchillo Mesa, Hoja Serrada de Acero Inoxidable NITRUM de 125 mm, Mango Polipropileno Color crema (12 UDS)",370200_fbm,491,10,0.12%,0.10%,823,18,0.14%,0.13%,95.44%,100.00%,30,1,6.11%,10.00%,"599,70 €","19,99 €",30,1
B08GSTDWTC,B08G4D9718,"Arcos | Cuchillos 3 Colores | Cuchillo de pelar | Cuchillos pelar Patatas | Acero Inoxidable Nitrum| Envase Ecológico | Cuchillo Colores (85 mm, Amarillo, Turquesa, Naranja)",816700_francia,741,13,0.18%,0.13%,902,23,0.15%,0.16%,99.88%,100.00%,32,1,4.32%,7.69%,"308,08 €","9,75 €",30,1
B08M9NWMW8,B08M9NWMW8,Arcos Juego de Cuchillos de Cocina Profesional y Afilador | 7 Piezas | Acero Inoxidable | Taco de Madera | Serie Niza | Uso Cotidiano | Apto para Lavavajillas,835800FBM,944,17,0.23%,0.17%,"1,328",18,0.23%,0.13%,99.57%,100.00%,30,0,3.18%,0.00%,"1.638,70 €","0,00 €",29,0
B0752NT3TH,B005LR77GC,ARCOS Tijeras de Cocina Profesional 235 mm,185701,"1,282",33,0.31%,0.33%,"1,920",46,0.33%,0.32%,18.11%,53.33%,31,0,2.42%,0.00%,"307,22 €","0,00 €",28,0
B098BLF7X6,B098BLF7X6,"Tradineur - Grasera metálica para pescado con filtro, aceitera con colador para conservación de aceite de acero inoxidable, recipiente para colar aceites - Ø 9 cm",22106_us,394,8,0.09%,0.08%,481,10,0.08%,0.07%,98.87%,100.00%,29,0,7.36%,0.00%,"213,41 €","0,00 €",28,0
B0937XXT33,B01CQT1B5U,"Arcos Cuchillos de Mesa Juego de Cuchillos Chuleteros Cuchillos de Mesa, Monoblock de una pieza de Acero Inoxidable 110 mm, Color Plata (12 uds)",702000,407,16,0.10%,0.16%,616,23,0.11%,0.16%,83.64%,100.00%,27,2,6.63%,12.50%,"1.287,40 €","87,65 €",27,2
B08G8QHY23,B08G8QHY23,Arcos | cuchillos chuleteros cuchillo madera cuchillo chuletero | 6 Piezas | juego cuchillos carne | cuchillos mango madera | Envase Eco | Fabricado en España,809300_,469,15,0.11%,0.15%,654,20,0.11%,0.14%,99.14%,92.86%,37,7,7.89%,46.67%,"882,43 €","167,93 €",27,2
B0DPKXM18X,B0DNQT7LV3,"CUPERINOX Soporte Jamonero Balancín | Jamonero Giratorio Profesional | Jamonero Madera | Incluye Cuchillo Profesional, Afilador Funda Cubre Jamón| Jamoneros Elite Collection",20265_,"4,769",194,1.14%,1.93%,"7,706",356,1.32%,2.48%,99.19%,100.00%,28,8,0.59%,4.12%,"2.483,72 €","683,92 €",27,8
B0B3CPHPXR,B07BQ5CCMD,ARCOS Sacacorchos Manual de ABS Aleación de Zinc,604700_,"1,407",26,0.34%,0.26%,"1,884",36,0.32%,0.25%,55.37%,64.71%,25,1,1.78%,3.85%,"866,68 €","32,99 €",25,1
B0F1ZF7H1L,B005LR6FAG,"Arcos Cuchillo Cocina Forjado en Acero Inoxidable y Hoja de 200mm. Cuchillo Chef Profesional para Cortar Pescado, Carne y Cebolla. Mango Ergonómico Polioximetileno. Serie Riviera. Color Negro.",233600_,"1,552",28,0.37%,0.28%,"2,232",36,0.38%,0.25%,46.85%,72.22%,30,10,1.93%,35.71%,"974,70 €","324,90 €",24,4
B08L8MV8XD,B005LR72SK,Arcos Juego de Cuchillos con Bloque Acero Inoxidable 6 piezas,136100_,"4,047",61,0.97%,0.61%,"5,768",97,0.99%,0.67%,25.59%,16.36%,25,1,0.62%,1.64%,"1.172,50 €","46,90 €",24,1
B071PB1GX3,B071PB1GX3,WINS 007 - Friegasuelos Perfumado | Garrafa 5 L,WINS007,307,26,0.07%,0.26%,406,32,0.07%,0.22%,38.01%,55.17%,44,24,14.33%,92.31%,"447,43 €","234,30 €",24,12
B0DKP7F29P,B0DJBZ1M2L,Arcos Serie Samoa Iconic | Sarten Antiadherente Cerámico 24 cm | Aluminio Forjado | Apta cualquier cocina | Mango Acero Inoxidable | Apta lavavajillas | Color Beige | LIBRE DE (PFOA/PTFE/PFOS),716324,632,14,0.15%,0.14%,926,20,0.16%,0.14%,96.16%,90.91%,24,0,3.80%,0.00%,"900,00 €","0,00 €",24,0
B0812P3LZT,B0812P3LZT,"Arcos Nova - Set 3 Cuchillos Mantequilla - Acero Inoxidable 70 mm - Mango en color menta, naranja y limon",859900_,290,3,0.07%,0.03%,382,4,0.07%,0.03%,99.71%,0.00%,24,0,8.28%,0.00%,"258,76 €","0,00 €",23,0
B0CQ5G2HVQ,B09T6G47Z6,"Arcos Sarten Antiadherente 26 cm - Aluminio Forjado, Full Induction, Mango Acero Inoxidable Efecto Frío, Apta Lavavajillas, Ahorro Energético, Serie Samoa",716410,229,4,0.05%,0.04%,379,5,0.07%,0.03%,91.20%,66.67%,23,2,10.04%,50.00%,"885,50 €","77,00 €",23,2
B0CYTKGNPM,B0CW66H3TR,Pelador de Tomate ARCOS - Hoja Serrada de Acero Inoxidable | Mango Ergonómico | Ideal para Tomates,607420_,"1,007",17,0.24%,0.17%,"1,184",19,0.20%,0.13%,91.05%,83.33%,24,0,2.38%,0.00%,"191,76 €","0,00 €",23,0
B093DXB2PK,B00MDJVRG2,Arcos Latina Cuchillo para Verduras Acero Inoxidable 105 mm,100500_1_pieza,170,3,0.04%,0.03%,258,5,0.04%,0.03%,100.00%,100.00%,63,2,37.06%,66.67%,"314,37 €","9,98 €",22,1
B0FQNZM34T,B0843QFQB7,Arcos Set Cuchillos 5 piezas Acero Inoxidable Nitrum. Cuchillo Cocina Profesional Afilado para Cortar Carne. Mango Ergonómico Polioximetileno POM. Serie Opera. Diseño Clásico. Color Negro.,227000,911,31,0.22%,0.31%,"1,323",41,0.23%,0.29%,97.15%,100.00%,22,2,2.41%,6.45%,"2.974,10 €","266,14 €",22,2
B09DYJY471,B08MQJCD2V,Arcos Juego Cuchillos Cocina Profesionales| Cuchillos Cocina Profesional | Cuchillos Acero Inoxidable Mango Negro | utensilios de cocina | cuchillo japones Santoku | lavavajillas (4 Piezas),816900fba,"1,902",34,0.45%,0.34%,"2,504",42,0.43%,0.29%,99.96%,100.00%,22,1,1.16%,2.94%,"572,21 €","25,99 €",22,1
B0DNNL2TZQ,B0DNN4J6Q8,"CUPERINOX Aceitera antigoteo cristal para Aceite de Oliva, Vinagre etc. A prueba de fugas, Aceitera cristal antigoteo tambien aceiteros cocina ideal para Ensaladas, BBQ, cooking oil container (125 ML)",22021_,675,24,0.16%,0.24%,943,38,0.16%,0.26%,99.76%,100.00%,29,10,4.30%,41.67%,"325,29 €","106,98 €",22,6
B0F9X4NXL3,B0F9KW1V3K,"Cuchillos Mesa, cuchillo carne, cuchillo mantequilla, Set 12 piezas, acero inoxidable, hoja con filo y sierra, cuchillo untar. Apto lavavajillas. Mango ergonomico",20043--12,657,15,0.16%,0.15%,847,17,0.15%,0.12%,100.00%,100.00%,24,2,3.65%,13.33%,"283,11 €","23,98 €",22,2
B0F54LTCFF,B00J4L7FEU,Arcos Hachuela Macheta de Cocina Acero Inoxidable 160 mm,282404_us,"1,131",34,0.27%,0.34%,"1,726",50,0.30%,0.35%,20.01%,46.88%,25,3,2.21%,8.82%,"616,47 €","71,97 €",21,3
B00U2QWLVS,B00U2QWLVS,Arcos Cuchillo Chuletero de Mesa Acero Inoxidable Nitrum 115 mm,740009_us,546,5,0.13%,0.05%,673,6,0.12%,0.04%,98.38%,60.00%,91,0,16.67%,0.00%,"202,71 €","0,00 €",21,0
B089M821V5,B089M821V5,Arcos Cuchillos Carne | 6 pzas | Cuchillos chuleteros Set Cuchillo de Mesa Sierra | Mango Madera | Hoja 110 mm | Cuchillos Carne Mesa | Apto lavavajillas | Envase Carton | Ecologico,815500_,723,19,0.17%,0.19%,970,22,0.17%,0.15%,99.88%,100.00%,26,0,3.60%,0.00%,"769,74 €","0,00 €",21,0
B08NW1VQRT,B08NW1VQRT,CUPERINOX Navaja para Setas y Champiñones | Acero Inoxidable | Con Cepillo y Funda Incluida | Micológica,PE2181,"1,802",45,0.43%,0.45%,"2,578",73,0.44%,0.51%,99.52%,100.00%,22,0,1.22%,0.00%,"230,78 €","0,00 €",21,0
B0DKP7F29P,B0DJBZPLJF,Arcos Serie Samoa Iconic | Sarten Antiadherente Cerámico 28 cm | Aluminio Forjado | Apta cualquier cocina | Mango Acero Inoxidable | Apta lavavajillas | Color Beige | LIBRE DE (PFOA/PTFE/PFOS),716524,398,10,0.10%,0.10%,524,13,0.09%,0.09%,97.73%,100.00%,21,0,5.28%,0.00%,"922,95 €","0,00 €",21,0
B01N4WDTRY,B01N4WDTRY,CUPERINOX® Couture Series - Tijera Costura Profesional 15 cm | Acero Inoxidable Resistente | Corte Preciso para Telas y Manualidades | Uso Doméstico y Profesional,21962,239,3,0.06%,0.03%,303,4,0.05%,0.03%,73.85%,100.00%,21,0,8.79%,0.00%,"81,06 €","0,00 €",20,0
B0C4DTYRJW,B071LGMMGV,Arcos Juego Cuchillos Cocina Profesionales| Cuchillos Cocina Profesional Set Cuchillos | Mango Negro (3 Piezas),862600,"1,297",19,0.31%,0.19%,"1,760",28,0.30%,0.19%,99.69%,100.00%,21,0,1.62%,0.00%,"833,53 €","0,00 €",20,0
B0C4DTYRJW,B094QVHPQ8,Arcos Juego Cuchillos Cocina Profesionales| Cuchillos Cocina Profesional Set Cuchillos | Mango Negro (4 Piezas),813500FBM,965,19,0.23%,0.19%,"1,311",23,0.23%,0.16%,99.91%,92.31%,21,2,2.18%,10.53%,"838,95 €","79,90 €",20,2
B0DNNL2TZQ,B0DNN57WC1,"CUPERINOX Aceitera de Cristal Antigoteo para Aceite de Oliva, Resistente y Fácil de Limpiar Gourmet Oil Collection (250 Ml)",22022_,590,21,0.14%,0.21%,857,32,0.15%,0.22%,99.87%,100.00%,23,5,3.90%,23.81%,"269,81 €","53,99 €",20,2
B0DNNL2TZQ,B0DNNF3839,"CUPERINOX Aceitera de Cristal Antigoteo para Aceite de Oliva, Resistente y Fácil de Limpiar Gourmet Oil Collection (1000 Ml)",22024_,345,14,0.08%,0.14%,482,18,0.08%,0.13%,100.00%,100.00%,26,6,7.54%,42.86%,"444,78 €","84,98 €",20,3
B0DNNL2TZQ,B0DNNF3839,"CUPERINOX Aceitera de Cristal Antigoteo para Aceite de Oliva, Resistente y Fácil de Limpiar Gourmet Oil Collection (1000 Ml)",22024,345,14,0.08%,0.14%,482,18,0.08%,0.13%,100.00%,100.00%,21,0,6.09%,0.00%,"365,95 €","0,00 €",20,0
B09GSCQQF9,B07G77FNSF,"Arcos Serie Cuchillos de Mesa Caja 12 uds Cuchillo Postre, Hoja Serrada de Acero Inoxidable NITRUM de 105 mm, Mango Polipropileno Color crema (12 UDS)",370100_,293,7,0.07%,0.07%,434,10,0.07%,0.07%,100.00%,100.00%,19,0,6.48%,0.00%,"346,75 €","0,00 €",19,0
B08G8QCM5H,B08G8QCM5H,ARCOS cuchillo pelador | 6 PIEZAS | cuchillo de pelar | cuchillos pelar patatas | Hoja 100 mm | Negro | cuchillo arcos pelador Acero Inoxidable,816500_,488,19,0.12%,0.19%,712,35,0.12%,0.24%,99.68%,100.00%,20,4,4.10%,21.05%,"376,50 €","72,66 €",19,4
B0CVH8PC99,B0CQTJ6T66,"CUPERINOX® Cuchillos de Mesa Acero Inoxidable – Set Profesional 12 Piezas con Hoja Serrada de 11 cm y Mango Ergonómico Antideslizante – Para Carne, Verduras y Pescado",99922,366,29,0.09%,0.29%,476,39,0.08%,0.27%,100.00%,100.00%,21,4,5.74%,13.79%,"246,19 €","47,96 €",19,4
B0DNNKT1W2,B0DNNJCHQP,"Cuperinox-Tetera de Cristal con Infusor para Té e Infusiones, Resistente al Calor y Compatible con Microondas ** - Infusion Prestige Collection (950 ml)",26113_,193,10,0.05%,0.10%,277,11,0.05%,0.08%,99.58%,100.00%,19,0,9.84%,0.00%,"379,81 €","0,00 €",19,0
B0FH2NLMGN,B0FH2NLMGN,VINFERMATON Insecticida Hormigas y Cucarachas Residual | Antihormigas | Pack 2×400 ml | Efecto hasta 1 año | Interior y Exterior | Profesional Doméstico | 100% MADE IN SPAIN,V0012_PACK2,390,17,0.09%,0.17%,533,22,0.09%,0.15%,79.61%,100.00%,19,1,4.87%,5.88%,"280,40 €","14,99 €",19,1
B00ID2NEMS,B00ID2NEMS,LIMPIASALPICADEROS PROFESIONAL 750 ML.,VP_SALPICADEROS_750ML,172,6,0.04%,0.06%,263,8,0.05%,0.06%,66.67%,85.71%,34,9,19.77%,150.00%,"294,19 €","71,69 €",18,2
B0788NF7BS,B0788NF7BS,WINS – Lavavajillas Manual 003 | Garrafa 5 L | Detergente Concentrado para Lavado Manual de Vajilla y Utensilios de Cocina | Uso Profesional y Doméstico | 100% Made in Spain,WINS003,119,15,0.03%,0.15%,162,21,0.03%,0.15%,85.33%,100.00%,40,36,33.61%,240.00%,"569,44 €","509,64 €",18,15
B07DC711NK,B07DC711NK,"HENDI Batidora de Mano, Carcasa de ABS, Brazo Batidor de Acero Inoxidable, Cuchillas cruzadas con Revestimiento de Titanio, 6 Velocidades, Pantalla LCD, 250W, 230V, Procesa de 1-8 Litros, ø71x(H)444mm",H222157,522,67,0.12%,0.67%,780,109,0.13%,0.76%,48.12%,10.00%,18,3,3.45%,4.48%,"1.912,47 €","321,45 €",18,3
B017HKG9PK,B0044R87ZU,Arcos Cuchillo Cocina Acero Inoxidable Nitrum y Hoja 180 mm. Cuchillo Utilidad Profesional. Mango ergonómico polioximetileno Pom. Serie Maitre. Color Negro.,150800_fbm,633,19,0.15%,0.19%,847,24,0.15%,0.17%,44.84%,6.25%,17,0,2.69%,0.00%,"225,69 €","0,00 €",17,0
B07M8DDJ9B,B07M8DDJ9B,"WINS– Ambientador Lavanda Concentrado | Perfume Intenso y Duradero para Hogar, Oficinas y Espacios Comunes | Aroma Natural Relajante | Garrafa 5L | 100% Made in Spain",WINS008,353,22,0.08%,0.22%,469,29,0.08%,0.20%,18.87%,90.48%,18,7,5.10%,31.82%,"319,25 €","121,80 €",17,6
B0FR444FLT,B07YYDR6D8,Arcos Juego de Cuchillos de Cocina. 3 piezas de Acero Inoxidable forjado. Impresiona yorprencon cada corte. Mango Micarta azul. Serie Brooklyn. Color Azul.,858110_,"1,496",25,0.36%,0.25%,"2,106",29,0.36%,0.20%,96.51%,95.00%,18,0,1.20%,0.00%,"1.727,20 €","0,00 €",17,0
B08Y8NS7PN,B08MT61GJV,Arcos Juego Cuchillos Cocina | 2 pzas |Profesional (150 mm) | Cuchillo Cortador Verduras (100 mm)| Acero Inoxidable Nitrum | Mango Negro | Envase Eco,819900fbm,294,8,0.07%,0.08%,422,14,0.07%,0.10%,99.75%,100.00%,17,2,5.78%,25.00%,"305,83 €","35,98 €",17,2
B09KJLG7BT,B098TFPYLY,CUPERINOX Jamonero profesional Gondola | tabla jamon | Cuchillo Jamonero Alveolos Acero Inox + Cubre Jamón Universal | Set cortar jamón (3 PZAS) | Sujeta jamones | tabla jamonero,20228FBM,306,4,0.07%,0.04%,427,5,0.07%,0.03%,99.46%,100.00%,19,2,6.21%,50.00%,"662,31 €","69,98 €",17,2
B0CRDY65RY,B09T9QCXL9,Arcos Cacerola Antiadherente Aluminio Forjado 28 cm,717110,"1,043",11,0.25%,0.11%,"1,464",18,0.25%,0.13%,74.36%,50.00%,18,0,1.73%,0.00%,"985,50 €","0,00 €",17,0
B0CQ5G2HVQ,B0BRNJF5D2,Arcos Serie Samoa | Lote de Sartenes 20 y 24 cm | Aluminio Forjado | Full Induction | Mango Acero Inoxidable Efecto Frio | Sistema ahorro energético | Apta lavavajillas | Color Negro,717810,566,12,0.14%,0.12%,759,13,0.13%,0.09%,98.29%,100.00%,17,1,3.00%,8.33%,"1.019,15 €","59,95 €",17,1
B0FGDJJ12N,B0FGDJJ12N,VINFERMATON – Insecticida Avispas y Nidos Exterior 600 ml | Válvula Largo Alcance hasta 4 m | Acción Profesional Inmediata | 100% MADE IN SPAIN,V0020,115,5,0.03%,0.05%,162,6,0.03%,0.04%,98.59%,100.00%,17,1,14.78%,20.00%,"201,43 €","11,39 €",17,1
B0752TTMS8,B00D3LFAEE,Arcos Chairas - Chaira Afilador Manual de Cuchillos - Cuerpo Ovalado de Acero al Carbono Recubierto de Diamante de 280 mm y 17 mm de diámetro - Mango Polipropileno Color Negro,279200,"1,100",28,0.26%,0.28%,"1,528",34,0.26%,0.24%,36.90%,34.78%,16,0,1.45%,0.00%,"639,84 €","0,00 €",16,0
B0FJLTDB9J,B09RP6V156,"CUPERINOX® Alicates para pedicura, Profesional, Cortaúñas de Pies, Acero Inoxidable, Mango Ergonómico Antideslizante, Fácil Limpieza, Con Funda, 2 Años de Garantía",21920AM,914,27,0.22%,0.27%,"1,306",41,0.22%,0.29%,16.98%,100.00%,24,11,2.63%,40.74%,"243,28 €","100,41 €",16,4
B0CQ5G2HVQ,B09T9PKHHR,"Arcos Sarten Antiadherente 18 cm - Aluminio Forjado, Mango Acero Inoxidable Efecto Frío, Apta para Inducción y Lavavajillas, Sistema Ahorro Energético, Serie Samoa Basic",716010,137,3,0.03%,0.03%,189,4,0.03%,0.03%,94.64%,66.67%,16,1,11.68%,33.33%,"420,00 €","26,25 €",16,1
B0F54LTCFF,B0044R87QE,Arcos Cuchillo Cocina Acero Inoxidable 200 mm,280604_,"3,422",87,0.82%,0.87%,"5,012",126,0.86%,0.88%,8.87%,41.30%,17,3,0.50%,3.45%,"348,33 €","61,47 €",15,3
B007TS6HNK,B007TS6HNK,ARCOS Corta Pizzas Acero Inoxidable 100 mm,614800_,187,16,0.04%,0.16%,261,19,0.04%,0.13%,32.89%,26.67%,19,3,10.16%,18.75%,"227,81 €","35,97 €",15,3
B00VRZ327A,B00VRZ327A,Arcos Tijeras Costura Acero Forjado 152 mm - Uso Doméstico y Profesional - Niqueladas Plata - Serie Style,502400,88,5,0.02%,0.05%,149,6,0.03%,0.04%,99.13%,100.00%,17,2,19.32%,40.00%,"201,43 €","23,98 €",15,2
B09GSCQQF9,B07G77FNSF,"Arcos Serie Cuchillos de Mesa Caja 12 uds Cuchillo Postre, Hoja Serrada de Acero Inoxidable NITRUM de 105 mm, Mango Polipropileno Color crema (12 UDS)",370100_us,293,7,0.07%,0.07%,434,10,0.07%,0.07%,100.00%,100.00%,18,5,6.14%,71.43%,"328,50 €","91,25 €",15,2
B08Q7W1Q4K,B08Q7W1Q4K,"Tradineur - Pack de 2 Graseras de metal de Ø 9,3 x 11 cm - Incluye filtro, asa y tapa - Aceitera con colador para conservación de aceite de acero inoxidable - Capacidad de 550 ml",22105+22106,235,3,0.06%,0.03%,311,3,0.05%,0.02%,98.92%,100.00%,15,0,6.38%,0.00%,"164,30 €","0,00 €",15,0
B0C2QFPLX9,B0C2QFPLX9,FAMILIA VINCARE (MULTIUSOS INDIVIDUAL),MULTIUSOS750ML,117,4,0.03%,0.04%,165,5,0.03%,0.03%,90.34%,100.00%,18,6,15.38%,150.00%,"178,82 €","59,94 €",15,3
B0DKP7F29P,B0DJBZ7G4Y,Arcos Serie Samoa Iconic | Sarten Antiadherente Cerámico 20 cm | Aluminio Forjado | Apta cualquier cocina | Mango Acero Inoxidable | Apta lavavajillas | Color Beige | LIBRE DE (PFOA/PTFE/PFOS),716124,978,5,0.23%,0.05%,"1,349",6,0.23%,0.04%,97.73%,100.00%,15,0,1.53%,0.00%,"509,25 €","0,00 €",15,0
B0DNNKT1W2,B0DNNFJ5J7,"Cuperinox-Tetera de Cristal con Infusor para Té e Infusiones, Resistente al Calor y Compatible con Microondas ** - Infusion Prestige Collection (350 ml)",26110_,409,13,0.10%,0.13%,580,16,0.10%,0.11%,99.60%,100.00%,18,1,4.40%,7.69%,"254,82 €","11,99 €",15,1
B0752XP113,B0044R887W,Arcos Juego Cuchillos carne 4 piezas. Paquete Cuchillos bolsillo con borperla para cortar y filetear carne. Hoja y mango Acero Inoxidable monobloque. Serie Mesa.,378400_2,497,16,0.12%,0.16%,781,43,0.13%,0.30%,47.92%,83.33%,20,3,4.02%,18.75%,"419,38 €","62,55 €",14,2
B00I9XTKI8,B00I9XTKI8,ARCOS Taco Ovalado Protector de Cuchillos hasta 20 cm,794100_,809,11,0.19%,0.11%,"1,191",15,0.20%,0.10%,37.39%,61.54%,14,2,1.73%,18.18%,"364,29 €","51,98 €",14,2
B09NT4VRN7,B0812BKN39,Arcos Juego de Cuchillos Mondadores de 3 Piezas,859800_,"34,235",500,8.18%,4.97%,"46,035",708,7.90%,4.93%,18.26%,7.38%,26,26,0.08%,5.20%,"246,10 €","246,10 €",14,14
B0CQLNJVKL,B08TWYZQ6H,"Arcos Thera Sartén Antiadherente de 16 Cm para Inducción, Gas y Vitrocerámica. Sartén de Cocina Pequeña de Aluminio Fundido con Mango Ergonómico Extraíble y Apta para Lavavajillas. Color Negro y Azul",718000,855,40,0.20%,0.40%,"1,237",62,0.21%,0.43%,14.27%,2.27%,15,2,1.75%,5.00%,"323,25 €","43,10 €",14,1
B08VS4FCLN,B09HHGVG2N,"Arcos Juego Cuchillos Cocina cuchillos | Cuchillo profesional | 6 piezas | Chef 215 mm + Cocina 150 mm, Verduras 100 mm + Tijera cocina + Pelador de fruta y verdura + Pinza para pescado",854200fbm,241,5,0.06%,0.05%,357,8,0.06%,0.06%,100.00%,100.00%,14,0,5.81%,0.00%,"604,86 €","0,00 €",14,0
B0CRDY65RY,B09T9QCL8D,"Arcos Cazuela Antiadherente de 24 cm y 4,3 L | Aluminio Forjado | Adecuada para cualquier cocina | Mangos de Acero Inoxidable con Efecto Frío | Color Negro | Inducción completa. Serie Ollas Samoa",717010,374,7,0.09%,0.07%,514,12,0.09%,0.08%,94.26%,100.00%,15,0,4.01%,0.00%,"734,25 €","0,00 €",14,0
B0CQ5G2HVQ,B09T9S9NZ4,"Arcos Sarten Antiadherente 24 cm - Aluminio Forjado, Full Induction, Mango Acero Inoxidable Efecto Frío, Apta Lavavajillas, Ahorro Energético, Serie Samoa",716310,466,7,0.11%,0.07%,665,8,0.11%,0.06%,75.77%,25.00%,15,0,3.22%,0.00%,"558,75 €","0,00 €",14,0
B0DKP7F29P,B0DJBZRDXV,Arcos Serie Samoa Iconic | Sarten Antiadherente Cerámico 24 cm | Aluminio Forjado | Apta cualquier cocina | Mango Acero Inoxidable | Apta lavavajillas | Color Negro | LIBRE DE (PFOA/PTFE/PFOS),716322,227,3,0.05%,0.03%,290,4,0.05%,0.03%,94.62%,100.00%,15,1,6.61%,33.33%,"599,25 €","39,95 €",14,1
B0FHQJSLGJ,B0FHQJSLGJ,"VINFERMATON - Insecticida Antipolillas Perfumado | Pack 3 x 300 ml | Protección para Armarios, Ropa y Tejidos | Elimina Polillas y Larvas | Aroma Agradable | Uso en Ambientes y Textiles",V1308_PACK3,107,3,0.03%,0.03%,165,4,0.03%,0.03%,95.80%,100.00%,16,0,14.95%,0.00%,"208,06 €","0,00 €",14,0
B0F1ZF7H1L,B005LR6GE6,Arcos Cuchillo Cocinero Negro 250 mm,233700_,"1,225",17,0.29%,0.17%,"1,605",19,0.28%,0.13%,76.93%,91.67%,13,1,1.06%,5.88%,"547,09 €","42,99 €",13,1
B017HKRCGK,B00BHZPGHO,ARCOS Bolsa Portacuchillos para 17 Piezas Poliéster Negra,691400_,378,3,0.09%,0.03%,513,4,0.09%,0.03%,91.96%,100.00%,14,0,3.70%,0.00%,"629,86 €","0,00 €",13,0
B00MDK1EBE,B00MDK1EBE,"Arcos Cuchillo Utilitario Acero Inoxidable Nitrum 5""",100600_fbm,207,7,0.05%,0.07%,348,10,0.06%,0.07%,84.62%,75.00%,31,0,14.98%,0.00%,"178,41 €","0,00 €",13,0
B0DK3CM34K,B07CBLHKLN,"HENDI Cartuchos de recarga de gas GLP para HENDI Cabezales de antorchas de cocina de llama continua 198247 y 198216, recambios para soplete, paquete de 4 unidades",H199039,81,11,0.02%,0.11%,111,16,0.02%,0.11%,99.04%,100.00%,17,9,20.99%,81.82%,"250,93 €","130,76 €",13,7
B07F9GQZCB,B07F9GQZCB,Arcos Cuchillo para Verduras de 4 Pulgadas con Hoja de 105mm en Acero Inoxidable y Mango de Madera. Cuchillo para Vegetales Apto para Lavavajillas. Serie Latina. Color Marrón,100500_fba,290,7,0.07%,0.07%,481,15,0.08%,0.10%,99.23%,100.00%,13,0,4.48%,0.00%,"480,87 €","0,00 €",13,0
B08JCVQ4QL,B08JCVQ4QL,"Arcos Series Niza - Juego de Cuchillos Cocina, 6 Piezas, Cuchillos Verduras 110 mm, + Cuchillo Mesa, Envase 100% Ecológico, Acero Inoxidable NITRUM",809400_,507,12,0.12%,0.12%,770,18,0.13%,0.13%,100.00%,100.00%,17,2,3.35%,16.67%,"320,89 €","33,04 €",13,1
B0F9TD2LTH,B0CS6V91GR,CUPERINOX® Cuchillos de Mesa con Mango de Madera – Set 6 Cuchillos para Carne con Filo Dentado – Estilo Palmadera tradicional – Aptos para Uso Diario,14015,450,14,0.11%,0.14%,661,18,0.11%,0.13%,99.83%,100.00%,15,0,3.33%,0.00%,"282,85 €","0,00 €",13,0
B0DKP7F29P,B0DJBZ5475,Arcos Serie Samoa Iconic | Sarten Antiadherente Cerámico 20 cm | Aluminio Forjado | Apta cualquier cocina | Mango Acero Inoxidable | Apta lavavajillas | Color Negro | LIBRE DE (PFOA/PTFE/PFOS),716122,429,4,0.10%,0.04%,557,5,0.10%,0.03%,91.09%,100.00%,13,0,3.03%,0.00%,"454,35 €","0,00 €",13,0
B017HKSR4G,B00WUZRKJW,Arcos Cuchillos de Mesa - Hoja de Acero Inoxidable Nitrum 110 mm - Mango Ergonómico de Polipropileno - Ideal para Comedor - Color Crema - Serie Elegance,802900,339,6,0.08%,0.06%,513,7,0.09%,0.05%,98.43%,75.00%,48,0,14.16%,0.00%,"167,52 €","0,00 €",12,0
B017DLH9RA,B017DLH9RA,ARCOS Cuchillo Abre Ostras Acero Inoxidable 60 mm,227200_us,150,10,0.04%,0.10%,170,12,0.03%,0.08%,92.77%,91.67%,14,2,9.33%,20.00%,"111,86 €","15,98 €",12,1
B08JCVQ4QL,B08JCVQ4QL,"Arcos Series Niza - Juego de Cuchillos Cocina, 6 Piezas, Cuchillos Verduras 110 mm, + Cuchillo Mesa, Envase 100% Ecológico, Acero Inoxidable NITRUM",809400,507,12,0.12%,0.12%,770,18,0.13%,0.13%,100.00%,100.00%,14,0,2.76%,0.00%,"279,86 €","0,00 €",12,0
B08LVZCG23,B08LVZCG23,Arcos Juego de Cuchillos de Cocina Rosa | 3 pz | Cuchillo Chef para pelar Verduras | Edición Limitada | Solidaria,814500,514,9,0.12%,0.09%,786,11,0.13%,0.08%,100.00%,100.00%,12,0,2.33%,0.00%,"353,88 €","0,00 €",12,0
B08M99RZRV,B08M99RZRV,Arcos | Cuchillo Jamonero Cuchillo deshuesador | 2 Uds | Set cuchillos jamoneros 250 mm y cuchillo deshuesador (140 mm) jamonero profesional | cuchillo carnicero profesional | Eco,703800,662,11,0.16%,0.11%,829,14,0.14%,0.10%,99.33%,100.00%,12,0,1.81%,0.00%,"481,20 €","0,00 €",12,0
B09FQ5SZK8,B08MTWC7RD,Arcos Cuchillo Cocinero Acero Inoxidable Nitrum 210 mm,166800_fbm,534,16,0.13%,0.16%,725,22,0.12%,0.15%,84.27%,66.67%,17,2,3.18%,12.50%,"508,18 €","59,98 €",12,1
B09T6HFG2F,B09T6HFG2F,Arcos Wok Antiadherente Aluminio Forjado 28 cm,717510,221,0,0.05%,0.00%,307,0,0.05%,0.00%,93.21%,0.00%,12,1,5.43%,0.00%,"513,00 €","42,75 €",12,1
B0CQ5G2HVQ,B09T6KY364,"Arcos Sarten Antiadherente 30 cm - Aluminio Forjado, Full Induction, Mango Acero Inoxidable Efecto Frío, Apta Lavavajillas, Ahorro Energético, Serie Samoa",716610,164,4,0.04%,0.04%,213,4,0.04%,0.03%,78.92%,100.00%,12,2,7.32%,50.00%,"546,00 €","91,00 €",12,2
B0B2RHJYHB,B0B2RHJYHB,"HENDI Cesta para Freír, 8L, 242x200x(H)140mm",H933664,261,29,0.06%,0.29%,356,41,0.06%,0.29%,86.16%,81.25%,14,5,5.36%,17.24%,"518,45 €","189,95 €",12,4
B0CQLNJVKL,B0BRNMK276,"Arcos Sartenes Antiadherentes 20/24 cm - Aluminio Fundido, Asas Silicona, Ahorro Energético, Compatible con Inducción y Lavavajillas, Serie Thera, Negro/Azul",7198000,355,4,0.08%,0.04%,481,5,0.08%,0.03%,85.88%,33.33%,12,0,3.38%,0.00%,"659,40 €","0,00 €",12,0
B0CYTKGNPM,B0CW66H3TR,Pelador de Tomate ARCOS - Hoja Serrada de Acero Inoxidable | Mango Ergonómico | Ideal para Tomates,607420,"1,007",17,0.24%,0.17%,"1,184",19,0.20%,0.13%,91.05%,83.33%,12,0,1.19%,0.00%,"95,25 €","0,00 €",12,0
B0CYTKGNPM,B0CW68KM18,Pelador de Cocina ARCOS - Hoja de Acero Inoxidable | Mango Ergonómico | Herramienta Versátil para Pelar Frutas y Verduras,607300_,"1,299",32,0.31%,0.32%,"1,533",35,0.26%,0.24%,69.15%,88.24%,13,0,1.00%,0.00%,"100,22 €","0,00 €",12,0
B0CZXS1ZHN,B0CZXS1ZHN,"HENDI Olla de hierro fundido con 3 patas, caldero tipo potjie sudafricano, con tapa y asa, para fuego abierto y horno, 6L, ⌀245x(H)280mm",H629291,654,13,0.16%,0.13%,973,18,0.17%,0.13%,52.60%,58.33%,12,0,1.83%,0.00%,"717,00 €","0,00 €",12,0
B0DQV6381X,B0DQR3T9MM,CUPERINOX Jamonero Profesional | Jamonero Giratorio Inoxidable | Jamonero Plegable | Tabla Cortar Jamon | Jamonera | Soporte Jamon,SC_20250,595,16,0.14%,0.16%,799,22,0.14%,0.15%,98.64%,100.00%,12,2,2.02%,12.50%,"659,88 €","109,98 €",12,2
B017HKSTCQ,B00VRWSIUO,Arcos Serie Ecopro - Tijeras de Cocina - Acero Inoxidable 240 mm - Mango de Acero Inoxidable - Color Plata,809800_,706,30,0.17%,0.30%,871,43,0.15%,0.30%,48.12%,55.00%,13,5,1.84%,16.67%,"236,96 €","90,45 €",11,3
B00W9SPO5M,B00W9SPO5M,Arcos Tijeras de Modista de Acero Forjado 178 mm - Uso Profesional y Doméstico - Niqueladas en Plata - Serie Style,504200,188,3,0.04%,0.03%,258,3,0.04%,0.02%,97.42%,100.00%,11,0,5.85%,0.00%,"157,20 €","0,00 €",11,0
B0B3F4QXML,B017DLGUJI,Arcos Cuchillo Jamonero Profesional - Hoja Forjada NITRUM 250 mm - Mango POM Resistente - Ideal para Cortes Precisos - Serie Clásica,256700_fbm,373,8,0.09%,0.08%,523,9,0.09%,0.06%,62.71%,100.00%,11,2,2.95%,25.00%,"314,89 €","53,98 €",11,2
B0714CRSCQ,B0714CRSCQ,Arcos Cuchillo Mondador Negro 100 mm,150300,664,19,0.16%,0.19%,980,24,0.17%,0.17%,25.14%,0.00%,14,0,2.11%,0.00%,"139,30 €","0,00 €",11,0
B0F1N351DY,B073V5RN1J,Arcos Cuchillo Mondador Acero Inoxidable NITRUM 100 mm - Ideal para Pelar Frutas y Verduras - Mango Ergonómico Polipropileno Negro - Serie Nova,816500_1pieza,539,12,0.13%,0.12%,634,13,0.11%,0.09%,98.92%,100.00%,12,0,2.23%,0.00%,"55,84 €","0,00 €",11,0
B078KJ1T6G,B078JPWR5J,"Arcos 807600 Juego de Cuchillos, Acero Inoxidable, Blanco, 45x20x5 cm, 3 Unidades",807600_,620,15,0.15%,0.15%,800,17,0.14%,0.12%,98.10%,100.00%,11,0,1.77%,0.00%,"769,89 €","0,00 €",11,0
B09381N96H,B07G75XCXM,"Arcos Serie Cuchillos de Mesa Caja 12 uds Cuchillo Mesa, Hoja Serrada de Acero Inoxidable NITRUM de 125 mm, Mango Polipropileno Color crema (12 UDS)",370200_us,491,10,0.12%,0.10%,823,18,0.14%,0.13%,95.44%,100.00%,19,8,3.87%,80.00%,"367,89 €","148,00 €",11,1
B0752X1ZCK,B07G77NN26,Arcos Cuchillos de Mesa - Caja de 12 uds Cuchillo Chuletero Cuchillo de Mesa - Hoja de Acero Inoxidable NITRUM 110 mm - Mango de Nylon - Color Negro (12 uds),803000_fmb,907,27,0.22%,0.27%,"1,327",41,0.23%,0.29%,98.23%,100.00%,12,0,1.32%,0.00%,"347,88 €","0,00 €",11,0
B0FR444FLT,B07JJGXYZD,Arcos Set Cocina Serie Manhattan,858100_,"1,500",22,0.36%,0.22%,"1,992",26,0.34%,0.18%,99.22%,100.00%,11,1,0.73%,4.55%,"862,79 €","82,99 €",11,1
B08VS4FCLN,B08BX3WTPP,"Arcos Juego Cuchillos Cocina cuchillo blanco cuchillos | cuchillos cocina Maitre | 4 piezas | Chef 215 mm, Cocina 150 mm, Verduras 100 mm Tijera cocina (Blanco)",152624,383,6,0.09%,0.06%,515,8,0.09%,0.06%,100.00%,100.00%,11,0,2.87%,0.00%,"382,39 €","0,00 €",11,0
B08LVZCG23,B08LVZCG23,Arcos Juego de Cuchillos de Cocina Rosa | 3 pz | Cuchillo Chef para pelar Verduras | Edición Limitada | Solidaria,814500_fba,514,9,0.12%,0.09%,786,11,0.13%,0.08%,100.00%,100.00%,11,0,2.14%,0.00%,"329,89 €","0,00 €",11,0
B09MSDJQJ1,B08M3B43J6,"Arcos | Juego Cuchillo Jamonero 3 Pzas | jamonero Acero Inoxidable (240 mm), afilador Chaira y Cubre jamón | Juego Cuchillos jamonero Profesional | Paleta ibérica | Eco",704300_fbm,520,17,0.12%,0.17%,718,20,0.12%,0.14%,99.38%,92.86%,12,4,2.31%,23.53%,"354,88 €","115,76 €",11,3
B0CRDY65RY,B09T6KZ2K8,"Arcos Cacerola Antiadherente 20 cm Aluminio Forjado, Mango Efecto Frío, Apta Inducción y Lavavajillas, Ahorro Energético, 2.6 L Capacidad, Serie Samoa",716910,240,2,0.06%,0.02%,341,3,0.06%,0.02%,93.23%,100.00%,11,0,4.58%,0.00%,"439,45 €","0,00 €",11,0
B0D73CM824,B0D73CM824,"Arcos Cuchillo Mesa | Cuchillo Chuletero | Cuchillo Carne| Cuchillo de Mesa | Pack 12 Unidades| Hoja de Acero Inoxidable115 mm, Mango de Polipropileno Color Negro",740000,653,15,0.16%,0.15%,858,19,0.15%,0.13%,100.00%,100.00%,13,3,1.99%,20.00%,"398,22 €","92,97 €",11,2
B0DKP7F29P,B0DJC114YJ,"Arcos Serie Samoa Iconic | Cacerola Antiadherente Cerámico 24 cm y 4,3 L | Aluminio Forjado | Apta cualquier cocina | Mango Acero Inoxidable | Color Beige | LIBRE DE (PFOA/PTFE/PFOS)",717024,462,6,0.11%,0.06%,621,7,0.11%,0.05%,96.60%,100.00%,11,1,2.38%,16.67%,"692,45 €","62,95 €",11,1
B0DQV6381X,B0DQDQ1DB8,CUPERINOX Jamonero | Jamonero Giratorio | Tabla Cortar Jamon | Jamoneros Profesional | Jamonero Plegable | Tabla Jamon | Cortador de Jamon,SC_20270,347,2,0.08%,0.02%,489,2,0.08%,0.01%,98.87%,100.00%,11,0,3.17%,0.00%,"385,49 €","0,00 €",11,0
B0752SPHL9,B005LR6W8Q,Arcos Maitre Set 5 Cuchillos Acero Inoxidable Nitrum,152000_,461,16,0.11%,0.16%,662,21,0.11%,0.15%,73.60%,92.31%,10,0,2.17%,0.00%,"620,92 €","0,00 €",10,0
B0752NT3TH,B005LR77GC,ARCOS Tijeras de Cocina Profesional 235 mm,185701_barras_arcos,"1,282",33,0.31%,0.33%,"1,920",46,0.33%,0.32%,18.11%,53.33%,23,23,1.79%,69.70%,"224,25 €","224,25 €",10,10
B007TS6GW2,B007TS6GW2,Arcos Chairas - Chaira Afilador manual de cuchillos - Cuerpo de Acero al Carbono recubierto de Diamante de 280 mm - Mango de Polipropileno color negro,279202_,162,3,0.04%,0.03%,318,4,0.05%,0.03%,84.87%,100.00%,10,0,6.17%,0.00%,"399,90 €","0,00 €",10,0
B0891RBKPX,B007TS6HCQ,ARCOS Pelador de Patatas y Verduras Profesional Acero Inoxidable 60 mm,612100,102,2,0.02%,0.02%,157,2,0.03%,0.01%,95.97%,100.00%,10,0,9.80%,0.00%,"84,90 €","0,00 €",10,0
B07YM65C6J,B007TS6HMQ,ARCOS Pinza para Pescado Acero Inoxidable,605000_caja,693,22,0.17%,0.22%,956,35,0.16%,0.24%,96.59%,92.31%,11,1,1.59%,4.55%,"101,90 €","9,25 €",10,1
B0786LYQTP,B0786LYQTP,VINFER- Limpiador y Abrillantador Inox 600 ml | Limpieza y Protección Acero Inoxidable | Efecto Brillo Duradero | Desengrasa y Cuida Superficies Inoxidables | Spray Profesional,VP_Inox600Ml,129,8,0.03%,0.08%,172,12,0.03%,0.08%,83.75%,60.00%,13,4,10.08%,50.00%,"102,35 €","29,00 €",10,1
B0788NSRGR,B0788NSRGR,WINS-Detergente Máquinas Lavavajillas Profesional Aguas Duras 012 | Garrafa 5 L | Limpieza Potente de Vajilla en Lavavajillas Industriales | Uso Profesional | 100% Made in Spain,WINS012_5l,61,5,0.01%,0.05%,87,7,0.01%,0.05%,82.28%,100.00%,14,6,22.95%,120.00%,"233,14 €","97,22 €",10,4
B0792XNYCY,B0792XNYCY,VINFER Detergente alcalino clorado Wins 022. Botella de 5 litros. Limpieza e higiene para Todo Tipo de Superficies,WINS022,97,11,0.02%,0.11%,130,18,0.02%,0.13%,97.41%,100.00%,14,4,14.43%,36.36%,"166,78 €","46,88 €",10,3
B07H1T4V1B,B07H1T4V1B,WINS – Fregasuelos Neutro Manzana 006 | Friegasuelos Limpiador para Suelos y Superficies con Aroma a Manzana Duradero | Garrafa 5 L | pH Neutro | 100% Made in Spain,WINS006,105,3,0.03%,0.03%,153,8,0.03%,0.06%,88.55%,33.33%,11,3,10.48%,100.00%,"119,91 €","31,99 €",10,2
B0F1ZF7H1L,B07JWG12BV,Arcos Riviera Set 3 Cuchillos Forjados Acero Inoxidable Nitrum,807710_,402,15,0.10%,0.15%,545,24,0.09%,0.17%,99.27%,100.00%,11,0,2.74%,0.00%,"760,54 €","0,00 €",10,0
B0F66KBPV1,B07N7Y7LD9,HENDI Cesta de lavavajillas Profesional para Vasos,H871348,315,32,0.08%,0.32%,479,53,0.08%,0.37%,91.69%,29.55%,10,2,3.17%,6.25%,"202,08 €","38,59 €",10,2
B08G8QCM5H,B08G8QCM5H,ARCOS cuchillo pelador | 6 PIEZAS | cuchillo de pelar | cuchillos pelar patatas | Hoja 100 mm | Negro | cuchillo arcos pelador Acero Inoxidable,816500,488,19,0.12%,0.19%,712,35,0.12%,0.24%,99.68%,100.00%,10,2,2.05%,10.53%,"179,90 €","37,98 €",10,2
B08Y8NS7PN,B08XZ8X815,"Arcos serie Maitre - juego de Cuchillos, 2 Pza, Cuchillo Cocina Profesional 150mm + Cuchillo universal 100mm, Acero Inoxidable, Rosa, Eco",814600_fmb,131,4,0.03%,0.04%,186,4,0.03%,0.03%,98.80%,100.00%,10,0,7.63%,0.00%,"174,90 €","0,00 €",10,0
B09KJLG7BT,B098K898SC,CUPERINOX Soporte Jamonero | Jamonero Profesional | Cuchillo Jamonero madera + Funda Jamon | Tabla Jamonera,20226FBM,260,3,0.06%,0.03%,307,4,0.05%,0.03%,98.96%,100.00%,10,0,3.85%,0.00%,"243,18 €","0,00 €",10,0
B0F9TD2LTH,B09CL776WP,CUPERINOX® Cuchillos de Mesa Acero Inoxidable – Set 12 Cuchillos para Carne con Filo Dentado – Aptos Lavavajillas – Uso Diario y Profesional,15015,151,16,0.04%,0.16%,226,34,0.04%,0.24%,99.49%,100.00%,15,9,9.93%,56.25%,"299,45 €","173,51 €",10,4
B09N7S17J6,B09D3YRGL9,"CUPERINOX Navaja Plegable Multiusos – Hoja de Acero Inoxidable 80 mm (Filo Liso + Serrado), Punta Rompevidrios, Apertura Rápida, Clip de Cinturón, Herramienta para Camping, Caza, Pesca y Supervivencia",30061_solo_navaja,891,20,0.21%,0.20%,"1,255",35,0.22%,0.24%,99.01%,100.00%,10,1,1.12%,5.00%,"100,58 €","9,99 €",10,1
B0CQ5G2HVQ,B09T6L1F99,"Arcos Sarten Antiadherente 28 cm - Aluminio Forjado, Full Induction, Mango Acero Inoxidable, Apta Lavavajillas, Ahorro Energético, Serie Samoa",716510,232,8,0.06%,0.08%,322,8,0.06%,0.06%,42.96%,0.00%,10,1,4.31%,12.50%,"425,00 €","42,50 €",10,1
B09T9TSXHB,B09T9TSXHB,"Arcos Grill Antiadherente 28x28 cm - Aluminio Forjado, Full Induction, Mango Acero Inoxidable Efecto Frío, Ahorro Energético, Apta Lavavajillas, Serie Samoa",717410,154,3,0.04%,0.03%,234,6,0.04%,0.04%,94.15%,100.00%,10,1,6.49%,33.33%,"459,50 €","45,95 €",10,1
B0CVH8PC99,B0CQTKPL63,CUPERINOX Cuchillos Carne | Cuchillos Mesa | Cuchillos Chuleteros | 24 Piezas | Hoja Serrada | Mango Polipropileno | Acero Inoxidable | 11 cm,99923,102,9,0.02%,0.09%,139,15,0.02%,0.10%,100.00%,100.00%,10,2,9.80%,22.22%,"190,18 €","39,98 €",10,2
B0DNNKT1W2,B0DNNJPRXB,"Cuperinox-Tetera de Cristal con Infusor para Té e Infusiones, Resistente al Calor y Compatible con Microondas ** - Infusion Prestige Collection (550 ml)",26111_,399,7,0.10%,0.07%,575,9,0.10%,0.06%,99.79%,100.00%,10,1,2.51%,14.29%,"163,90 €","16,99 €",10,1
B096SHJ82T,B0044R8868,Arcos Juego de 12 Cubiertos para Mesa. Set de 6 Cuchillos Chuleteros y 6 Tenedores en Madera de Haya y Acero Inoxidable. Estuche para Carne. Serie Mesa. Color Marrón,377700_fbm,954,23,0.23%,0.23%,"1,317",31,0.23%,0.22%,26.71%,55.00%,12,0,1.26%,0.00%,"563,88 €","0,00 €",9,0
B0F1ZF7H1L,B005LR68DU,Arcos Cuchillo Jamonero con Alveolos 250 mm,231000_,897,31,0.21%,0.31%,"1,271",43,0.22%,0.30%,69.12%,77.78%,9,1,1.00%,3.23%,"301,97 €","33,49 €",9,1
B0F1ZF7H1L,B005LR68DU,Arcos Cuchillo Jamonero con Alveolos 250 mm,231000,897,31,0.21%,0.31%,"1,271",43,0.22%,0.30%,69.12%,77.78%,9,2,1.00%,6.45%,"314,91 €","69,98 €",9,2
B0F1ZF7H1L,B005LR69ZC,Arcos Cuchillo de Queso Negro 145 mm,232800_,421,16,0.10%,0.16%,565,23,0.10%,0.16%,50.71%,75.00%,9,1,2.14%,6.25%,"341,55 €","37,95 €",9,1
B06XB92VRH,B00YU2ZWGG,CUPERINOX Cafetera Italiana Induccion Espresso Acero Inoxidable 10 Tazas,25034,320,5,0.08%,0.05%,443,7,0.08%,0.05%,96.99%,100.00%,9,0,2.81%,0.00%,"180,24 €","0,00 €",9,0
B093DRZ154,B017DLDM3A,Arcos Cuchillo Mondador Madera 65 mm,100100_us,474,19,0.11%,0.19%,765,36,0.13%,0.25%,11.11%,11.76%,18,1,3.80%,5.26%,"99,09 €","5,49 €",9,1
B0937XXT33,B01CQT1B5U,"Arcos Cuchillos de Mesa Juego de Cuchillos Chuleteros Cuchillos de Mesa, Monoblock de una pieza de Acero Inoxidable 110 mm, Color Plata (12 uds)",702000_us,407,16,0.10%,0.16%,616,23,0.11%,0.16%,83.64%,100.00%,10,1,2.46%,6.25%,"479,90 €","47,99 €",9,1
B0C4DTYRJW,B071LGMMGV,Arcos Juego Cuchillos Cocina Profesionales| Cuchillos Cocina Profesional Set Cuchillos | Mango Negro (3 Piezas),862600_,"1,297",19,0.31%,0.19%,"1,760",28,0.30%,0.19%,99.69%,100.00%,9,1,0.69%,5.26%,"359,91 €","39,99 €",9,1
B0FR444FLT,B07N8S366Z,Arcos Cuchillo Cocina Forjado en Acero Inoxidable. Hoja Plateada 210 mm. Cuchillo Chef con Mango Profesional Micarta y Borde de Seda Especial. Serie Brooklyn. Color Azul.,190623_,575,7,0.14%,0.07%,794,8,0.14%,0.06%,93.24%,100.00%,10,0,1.74%,0.00%,"469,90 €","0,00 €",9,0
B07N8W33BT,B07N8W33BT,ARCOS Bloque Universal para Cuchillos Caucho Termoplástico 225 mm,794400_,244,9,0.06%,0.09%,375,12,0.06%,0.08%,65.34%,62.50%,9,0,3.69%,0.00%,"224,91 €","0,00 €",9,0
B08M5K93QF,B08M5K93QF,Arcos Juego Cuchillos Mesa | 6 Uds | Cuchillo Postre | Cuchillos Mesa | Cuchillo Carne | Hoja 105 mm | Acero Inoxidable Martensítico | Mango Polipropileno | Apto lavavajillas | Envase Ecológico,703500_etq,140,2,0.03%,0.02%,225,3,0.04%,0.02%,97.31%,100.00%,9,0,6.43%,0.00%,"98,91 €","0,00 €",9,0
B093313MH6,B093313MH6,Arcos | Cuchillo de deshuesar| Cuchillo deshuesador | cuchillo deshuesador jamón | cuchillo deshuesador (140 mm) Clásica| Envase Eco | cuchillo puntilla jamonero,256210,290,9,0.07%,0.09%,402,15,0.07%,0.10%,99.44%,100.00%,9,1,3.10%,11.11%,"178,91 €","19,99 €",9,1
B0FJLTDB9J,B09RP6V156,"CUPERINOX® Alicates para pedicura, Profesional, Cortaúñas de Pies, Acero Inoxidable, Mango Ergonómico Antideslizante, Fácil Limpieza, Con Funda, 2 Años de Garantía",21920AM_fba,914,27,0.22%,0.27%,"1,306",41,0.22%,0.29%,16.98%,100.00%,10,5,1.09%,18.52%,"95,75 €","45,80 €",9,4
B0CQ5G2HVQ,B09T6KZ499,"Arcos Sarten Antiadherente 32 cm - Aluminio Forjado, Full Induction, Mango Acero Inoxidable Efecto Frío, Apta Lavavajillas, Ahorro Energético, Serie Samoa",716710,200,3,0.05%,0.03%,246,3,0.04%,0.02%,91.20%,100.00%,9,1,4.50%,33.33%,"449,55 €","49,95 €",9,1
B0C5JNCFL4,B0C5JNCFL4,Arcos Serie Milano - Cubertería de 24 piezas en Caja de Regalo (6 Cuchillos + 12 Cucharas + 6 Tenedores) - Monoblock de una pieza en Acero Inoxidable - Color Plata,542000,260,6,0.06%,0.06%,408,7,0.07%,0.05%,93.64%,100.00%,13,1,5.00%,16.67%,"957,79 €","74,99 €",9,1
B0DKP7F29P,B0DJBZ635J,"Arcos Serie Samoa Iconic | Cacerola Antiadherente Cerámico 20 cm y 2,6 L | Aluminio Forjado | Apta cualquier cocina | Mango Acero Inoxidable | Color Beige | LIBRE DE (PFOA/PTFE/PFOS)",716924,"1,113",12,0.27%,0.12%,"1,536",17,0.26%,0.12%,99.49%,100.00%,9,1,0.81%,8.33%,"485,55 €","53,95 €",9,1
B0DKP7F29P,B0DJC17TXZ,"Arcos Serie Samoa Iconic | Cacerola Baja Antiadherente Cerámico 28 cm y 4,3 L | Aluminio Forjado | Apta cualquier cocina | Mango Acero Inoxidable | Color Beige | LIBRE DE (PFOA/PTFE/PFOS)",717124,487,6,0.12%,0.06%,630,6,0.11%,0.04%,100.00%,100.00%,9,0,1.85%,0.00%,"652,50 €","0,00 €",9,0
B0DPKXM18X,B0DNQX2BZN,"CUPERINOX Soporte Jamonero Plegable | Jamonero Giratorio | Jamonero de Bambú con Cuchillo Profesional, Afilador y Funda para Jamón | Elite Collection",20270_fbm,"1,067",34,0.25%,0.34%,"1,188",35,0.20%,0.24%,99.29%,100.00%,9,0,0.84%,0.00%,"442,41 €","0,00 €",9,0
B0DQV6381X,B0DQRF2HZK,CUPERINOX Jamonera Inoxidable | Jamonero | Soporte Jamonero | Tabla Jamon Inoxidable | Facil Montaje | Tabla Jamon Profesional,SC_20260,362,1,0.09%,0.01%,475,1,0.08%,0.01%,99.31%,100.00%,10,0,2.76%,0.00%,"229,90 €","0,00 €",9,0
B0DQV6381X,B0F2Q1K35T,CUPERINOX Soporte Jamonero Balancín | Jamonero Giratorio Profesional | Jamonero Madera | Jamonera Profesional | Tabla Cortar Jamon,20265_SC,732,12,0.17%,0.12%,"1,077",16,0.18%,0.11%,98.52%,100.00%,9,0,1.23%,0.00%,"764,91 €","0,00 €",9,0
B0FGDF2SHZ,B0FGDF2SHZ,VINFERMATON Antihormigas Efecto Permanente | Insecticida Cucarachas y Hormigas Pack 2×600 ml | Efecto hasta 1 año | Interior y Exterior | Profesional y Doméstico | MADE IN SPAIN,V0013_PACK2,71,2,0.02%,0.02%,89,2,0.02%,0.01%,80.72%,0.00%,9,0,12.68%,0.00%,"139,88 €","0,00 €",9,0
B007TS6GP4,B007TS6GP4,Arcos Juego de 6 Cuchillos de Mesa Chuleteros Acero Inoxidable 110 mm,815600--,240,5,0.06%,0.05%,346,5,0.06%,0.03%,90.51%,66.67%,8,0,3.33%,0.00%,"207,92 €","0,00 €",8,0
B00D3LC70Y,B00D3LC70Y,Arcos Tijeras Costura Castellana - Acero Forjado Niquelado 127 mm - Uso Doméstico y Profesional - Serie Style,502200,186,8,0.04%,0.08%,275,13,0.05%,0.09%,96.52%,100.00%,9,3,4.84%,37.50%,"93,79 €","30,85 €",8,2
B00MDK1DM4,B00MDK1DM4,Arcos Latina Cuchillo de Cocina Acero Inoxidable 130 mm,100600_1pieza,84,0,0.02%,0.00%,132,0,0.02%,0.00%,98.25%,0.00%,11,0,13.10%,0.00%,"65,89 €","0,00 €",8,0
B00WUZR7H2,B00WUZR7H2,Arcos Serie Cuchillos de Mesa - Cuchillo Mesa - Hoja Serrada de Acero Inoxidable de 125 mm - Cuchillo Monoblock Acero Inoxidable Color Plata,460400_1pieza,92,2,0.02%,0.02%,124,4,0.02%,0.03%,97.39%,100.00%,35,0,38.04%,0.00%,"157,15 €","0,00 €",8,0
B06XB92VRH,B00YU2YTTM,CUPERINOX Cafetera Italiana Induccion Espresso Acero Inoxidable 4 Tazas,25032,432,9,0.10%,0.09%,643,11,0.11%,0.08%,64.70%,0.00%,8,0,1.85%,0.00%,"135,88 €","0,00 €",8,0
B0189HXS8Q,B015QGR3CK,Arcos Serie Navajas Profesionales - Navaja Profesional - Hoja Filo de Acero Inoxidable NITRUM de 85 mm - Navaja de Acero Inoxidable Color amarillo,485900_fba,"1,040",20,0.25%,0.20%,"1,490",26,0.26%,0.18%,35.71%,35.29%,13,7,1.25%,35.00%,"85,43 €","41,93 €",8,2
B0189HXQKQ,B017DLLFES,"Arcos Navaja Profesional de Acero Inoxidable Nitrum, Hoja 85 mm, Mango de Polipropileno, Serie Navajas Profesionales, Alta Durabilidad y Rendimiento",485700_fbm,312,16,0.07%,0.16%,456,35,0.08%,0.24%,7.50%,60.71%,35,31,11.22%,193.75%,"219,96 €","190,96 €",8,4
B06XD39V8J,B06XD39V8J,VINFERMATON – Insecticida Cucarachas y Hormigas Residual 400 ml | Spray Efecto Duradero para Interior y Exterior | Profesional Doméstico | 100 % MADE IN SPAIN,V0012_,748,24,0.18%,0.24%,"1,031",33,0.18%,0.23%,4.83%,0.00%,14,5,1.87%,20.83%,"104,13 €","32,80 €",8,1
B0B3F4QXML,B07HY6FKNQ,Arcos Serie Clasica - Juego de Cuchillos de 7 piezas en Caja de Regalo (5 Cuchillos + 1 Tijeras + 1 Chaira) - Hoja de Acero Inoxidable Forjado NITRUM - Mango de Polioximetileno (POM) - Color marrón,854400_2,322,15,0.08%,0.15%,497,25,0.09%,0.17%,67.90%,100.00%,8,1,2.48%,6.67%,"1.135,80 €","144,99 €",8,1
B0FR444FLT,B07JJGXYZD,Arcos Set Cocina Serie Manhattan,858100,"1,500",22,0.36%,0.22%,"1,992",26,0.34%,0.18%,99.22%,100.00%,8,0,0.53%,0.00%,"655,92 €","0,00 €",8,0
B0FR444FLT,B07N8VRS7L,Arcos Brooklyn Cuchillo Pelador Acero Inoxidable 100 mm,190123_,350,6,0.08%,0.06%,459,7,0.08%,0.05%,91.87%,50.00%,8,0,2.29%,0.00%,"225,46 €","0,00 €",8,0
B07NDTGSY3,B07NDTGSY3,Arcos Serie Brooklyn - Cuchillo Rocking Santoku Cuchillo Asiático - Hoja de Acero Inoxidable Forjado NITRUM 190 mm - Mango de Micarta Color Azul (Filo Seda),191623_fbm,294,6,0.07%,0.06%,407,6,0.07%,0.04%,98.57%,100.00%,8,0,2.72%,0.00%,"315,92 €","0,00 €",8,0
B0843DFZH2,B0843DFZH2,Arcos Set 5 Cuchillos Forjados Acero Inoxidable Nitrum,235024,435,10,0.10%,0.10%,658,12,0.11%,0.08%,49.56%,83.33%,8,0,1.84%,0.00%,"987,92 €","0,00 €",8,0
B09MSDJQJ1,B08M3B43J6,"Arcos | Juego Cuchillo Jamonero 3 Pzas | jamonero Acero Inoxidable (240 mm), afilador Chaira y Cubre jamón | Juego Cuchillos jamonero Profesional | Paleta ibérica | Eco",704300,520,17,0.12%,0.17%,718,20,0.12%,0.14%,99.38%,92.86%,8,0,1.54%,0.00%,"234,72 €","0,00 €",8,0
B0C4DTYRJW,B094QVHPQ8,Arcos Juego Cuchillos Cocina Profesionales| Cuchillos Cocina Profesional Set Cuchillos | Mango Negro (4 Piezas),813500,965,19,0.23%,0.19%,"1,311",23,0.23%,0.16%,99.91%,92.31%,8,0,0.83%,0.00%,"301,00 €","0,00 €",8,0
B09MRYLZ4M,B09MRYLZ4M,Arcos Juego de Cuchillos de Cocina de 3 Piezas,167100_us,866,26,0.21%,0.26%,"1,269",39,0.22%,0.27%,51.43%,31.25%,8,0,0.92%,0.00%,"551,20 €","0,00 €",8,0
B0CQ5G2HVQ,B09T6L1FNG,"Arcos Sarten Antiadherente 20 cm - Aluminio Forjado, Full Induction, Mango Acero Inoxidable Efecto Frío, Apta Lavavajillas, Ahorro Energético, Serie Samoa, Negro",716110,220,5,0.05%,0.05%,305,6,0.05%,0.04%,51.28%,20.00%,8,0,3.64%,0.00%,"239,52 €","0,00 €",8,0
B0BS9ZL3YS,B0BS9ZL3YS,Xpartan Clean | 500 ml | Limpiador de Suelos Multisuperficie para Robots de Limpieza | Concentrado y Perfumado para todo tipo de Robots y Marcas,XPARTAN,72,0,0.02%,0.00%,115,0,0.02%,0.00%,99.03%,0.00%,9,0,12.50%,0.00%,"140,77 €","0,00 €",8,0
B0DKP7F29P,B0C65FDB33,Arcos Serie Samoa | Batería de Cocina 5 piezas | Aluminio Forjado | Full Inductino | Asas Acero Inoxidable Efecto Frio | Sistema ahorro energético | Apta lavavajillas | Color Negro,697500,811,16,0.19%,0.16%,"1,233",26,0.21%,0.18%,97.52%,100.00%,8,0,0.99%,0.00%,"1.558,00 €","0,00 €",8,0
B0CN13SJ98,B0CN13SJ98,"HENDI Expositor con cubierta deslizante roll-top, Doble",H871768,765,70,0.18%,0.70%,"1,227",116,0.21%,0.81%,39.29%,7.23%,8,1,1.05%,1.43%,"382,00 €","47,75 €",8,1
B0F9X4NXL3,B0F9GJRSSJ,"CUPERINOX Cuchillos Mesa, cuchillo carne, cuchillo mantequilla, Set 6 piezas, acero inoxidable, hoja con filo y sierra, cuchillo untar. Apto lavavajillas. Mango ergonomico",20043-6,372,6,0.09%,0.06%,455,6,0.08%,0.04%,100.00%,100.00%,8,0,2.15%,0.00%,"77,92 €","0,00 €",8,0
B0F54LTCFF,B0044R87I2,Arcos Conjunto Cuchillos 4 piezas (3 Cuchillos + 1 tijeras). Acero Inoxidable y Hoja mm. 1670 gr. Bloque madera pino. Mango ergonómico polioximetileno POM. Serie Universal. Mayor control. Color negro.,285000_us,264,10,0.06%,0.10%,385,15,0.07%,0.10%,96.34%,100.00%,7,0,2.65%,0.00%,"379,15 €","0,00 €",7,0
B0752SPHL9,B005LR6WW2,Arcos Juego de Cuchillos de Cocina de 5 Piezas,152100_us,475,16,0.11%,0.16%,744,28,0.13%,0.19%,65.68%,23.53%,7,1,1.47%,6.25%,"433,16 €","61,88 €",7,1
B0752X4WV1,B005LR73R0,Arcos Juego Chuleteros Mango Madera 110 mm,809300__,"2,899",70,0.69%,0.70%,"4,179",109,0.72%,0.76%,37.12%,41.77%,8,1,0.28%,1.43%,"191,92 €","23,99 €",7,1
B08L8QY8T9,B007TS6GPE,"Arcos Juego de Cuchillos de Cocina cuatro piezas. 3 Cuchillos chef y 1 tijeras Acero Inoxidable y mango ergonómico polioximetileno para cortar carne, pescado y verduras. Serie Maitre. Color negro.",152600_fbm,"2,183",53,0.52%,0.53%,"2,968",70,0.51%,0.49%,19.04%,26.00%,7,0,0.32%,0.00%,"265,84 €","0,00 €",7,0
B00CRMZA8Q,B00CRMZA8Q,ARCOS Sacacorchos Eléctrico en ABS con Batería Interna Recargable. Abrebotellas Eléctrico Moderno y Elegante con Cortacápsulas y Luz Indicadora. Color Negro,604600_,"1,460",30,0.35%,0.30%,"1,915",39,0.33%,0.27%,8.76%,10.34%,7,0,0.48%,0.00%,"300,93 €","0,00 €",7,0
B00D3LDXPM,B00D3LDXPM,ARCOS Abrelatas Manual Aleación de Zinc Plata-Negro 160 mm,603600,164,9,0.04%,0.09%,219,15,0.04%,0.10%,42.19%,45.45%,7,0,4.27%,0.00%,"122,43 €","0,00 €",7,0
B00IUPKTFS,B00IUPKTFS,"HENDI Sartén eléctrica multiusos, paellera cazuela olla plancha, de fiestas, revestimiento antiadherente, termostato, con tapa, interior: ø55cm profundidad: 6cm, 230V, 1600W, ø620x(H)190mm, aluminio",H239605,474,15,0.11%,0.15%,692,19,0.12%,0.13%,85.58%,50.00%,7,0,1.48%,0.00%,"692,93 €","0,00 €",7,0
B0189HXS8Q,B015QGR3CK,Arcos Serie Navajas Profesionales - Navaja Profesional - Hoja Filo de Acero Inoxidable NITRUM de 85 mm - Navaja de Acero Inoxidable Color amarillo,485900_fbm,"1,040",20,0.25%,0.20%,"1,490",26,0.26%,0.18%,35.71%,35.29%,8,0,0.77%,0.00%,"62,70 €","0,00 €",7,0
B017DLDQXQ,B017DLDQXQ,"Arcos Serie Latina, Cuchillo jamonero, Hoja de 250 mm, Mango Madera",101300_fbm,125,4,0.03%,0.04%,158,8,0.03%,0.06%,97.06%,100.00%,7,1,5.60%,25.00%,"66,43 €","9,49 €",7,1
B017DLM9SO,B017DLM9SO,ARCOS Tenedores para Tartas Acero Inoxidable 18/10 140 mm,574300_,982,25,0.23%,0.25%,"1,475",33,0.25%,0.23%,2.57%,5.00%,7,0,0.71%,0.00%,"71,75 €","0,00 €",7,0
B071LGMGHG,B071LGMGHG,Arcos Tijeras de Manicura Rectas de Acero Forjado 102 mm - Uso Profesional y Doméstico - Niqueladas Plata - Serie Style,501100,89,2,0.02%,0.02%,113,2,0.02%,0.01%,95.15%,100.00%,7,0,7.87%,0.00%,"69,93 €","0,00 €",7,0
B0FR444FLT,B07D8WQ355,Arcos Serie Manhattan - Cuchillo Cocinero - Hoja de Acero Inoxidable Forjado Nitrum 210 mm - Mango de Polioximetileno (POM) Color Negro - Filo Seda,160600_,429,8,0.10%,0.08%,615,9,0.11%,0.06%,78.43%,100.00%,7,0,1.63%,0.00%,"262,43 €","0,00 €",7,0
B0FR444FLT,B07DQRFDMB,Arcos Manhattan Cuchillo Santoku Forjado Acero POM Negro 190 mm,161600_,246,7,0.06%,0.07%,341,9,0.06%,0.06%,95.60%,100.00%,9,4,3.66%,57.14%,"310,41 €","137,96 €",7,2
B07F8Z6XL1,B07F8Z6XL1,VINFERMATÓN - Insecticida Matón Cucas Cucarachas y Hormigas Instantáneo 300ml,V101302,92,2,0.02%,0.02%,114,2,0.02%,0.01%,78.85%,0.00%,9,4,9.78%,200.00%,"69,03 €","30,36 €",7,2
B07G76NW26,B07G76NW26,"Arcos Serie Cuchillos de Mesa Caja 12 uds Cuchillo Mesa, Hoja Serrada de Acero Inoxidable de 125 mm, Cuchillo Monoblock Acero Inoxidable Color plata (12 UDS)",460400_fbm,190,3,0.05%,0.03%,254,6,0.04%,0.04%,96.57%,50.00%,15,9,7.89%,300.00%,"586,45 €","350,91 €",7,1
B0CSXP6TLN,B07MZK9VXP,"HENDI Descalcificador de agua, 12L",H231227,295,24,0.07%,0.24%,410,35,0.07%,0.24%,95.14%,38.10%,7,1,2.37%,4.17%,"861,95 €","124,50 €",7,1
B08G8QHY23,B08G8QHY23,Arcos | cuchillos chuleteros cuchillo madera cuchillo chuletero | 6 Piezas | juego cuchillos carne | cuchillos mango madera | Envase Eco | Fabricado en España,809300,469,15,0.11%,0.15%,654,20,0.11%,0.14%,99.14%,92.86%,9,1,1.92%,6.67%,"215,91 €","23,99 €",7,1
B09DPRCMTF,B08MW2GWPC,Arcos Juego Cuchillos Carne | Cuchillo chuleteros | Cuchillos Carne Cuchillos Mesa | 6 Uds | Hoja 110 mm | Acero Inoxidable | Mango Nylon | Apto lavavajillas | Envase Ecológico (Filo Serrado),816400fba,249,6,0.06%,0.06%,323,7,0.06%,0.05%,100.00%,100.00%,8,0,3.21%,0.00%,"155,92 €","0,00 €",7,0
B08T5Z4HFS,B08QYQYZHS,"CUPERINOX Cubiertos para marisco | Pinzas para marisco | Tenazas para marisco | 12 Unidades | Cubiertos marisco (Cangrejo, Langosta, Ostras) | Tenedor de marisco con dos dientes inferiores y cuchara.",20023_12FBA,102,5,0.02%,0.05%,133,8,0.02%,0.06%,96.49%,100.00%,10,5,9.80%,100.00%,"187,62 €","92,67 €",7,2
B093313MH6,B093313MH6,Arcos | Cuchillo de deshuesar| Cuchillo deshuesador | cuchillo deshuesador jamón | cuchillo deshuesador (140 mm) Clásica| Envase Eco | cuchillo puntilla jamonero,256210_fba,290,9,0.07%,0.09%,402,15,0.07%,0.10%,99.44%,100.00%,8,0,2.76%,0.00%,"159,92 €","0,00 €",7,0
B0CVH8PC99,B0CQTJ6T66,"CUPERINOX® Cuchillos de Mesa Acero Inoxidable – Set Profesional 12 Piezas con Hoja Serrada de 11 cm y Mango Ergonómico Antideslizante – Para Carne, Verduras y Pescado",99901_12pzs,366,29,0.09%,0.29%,476,39,0.08%,0.27%,100.00%,100.00%,9,4,2.46%,13.79%,"104,91 €","44,96 €",7,2
B0DPKXM18X,B0DNQXN97X,CUPERINOX Soporte Jamonero Inoxidable | Jamonero Plegable | Jamonero Giratorio | Jamonero Profesional | Cuchillo Jamonero Profesional y Afilador,20250_,"1,465",52,0.35%,0.52%,"1,821",63,0.31%,0.44%,18.30%,7.14%,7,0,0.48%,0.00%,"419,93 €","0,00 €",7,0
B0F9X4NXL3,B0F9KW1V3K,"Cuchillos Mesa, cuchillo carne, cuchillo mantequilla, Set 12 piezas, acero inoxidable, hoja con filo y sierra, cuchillo untar. Apto lavavajillas. Mango ergonomico",20043_12,657,15,0.16%,0.15%,847,17,0.15%,0.12%,100.00%,100.00%,7,0,1.07%,0.00%,"83,93 €","0,00 €",7,0
B0F9X4NXL3,B0F9KXQKLG,"CUPERINOX Cuchillos Mesa, cuchillo carne, cuchillo mantequilla, Set 24 piezas, acero inoxidable, hoja con filo y sierra, cuchillo untar. Apto lavavajillas. Mango ergonomico",20043-24,230,5,0.05%,0.05%,301,7,0.05%,0.05%,100.00%,100.00%,9,1,3.91%,20.00%,"179,91 €","19,99 €",7,1
B0FH9NPJ1K,B0FH9NPJ1K,VINFERMATON – Insecticida Cucarachas y Hormigas Antihormigas Instantáneo 600 ml | Spray Eliminador Insectos Rastreros Interior y Exterior | Acción Rápida Profesional | 100% MADE IN SPAIN (2),V0011_PACK2,87,4,0.02%,0.04%,125,4,0.02%,0.03%,88.18%,75.00%,9,0,10.34%,0.00%,"116,91 €","0,00 €",7,0
B0F54LTCFF,B0044R87UA,Arcos Cuchillo Jamonero con Alveolos Acero Inoxidable 240mm,281801_,"3,356",90,0.80%,0.90%,"5,215",130,0.90%,0.90%,0.85%,11.84%,7,3,0.21%,3.33%,"136,49 €","56,53 €",6,2
B005LR749W,B005LR749W,"ARCOS Juego de Cubiertos de 24 Piezas para Mesa. Cuberterí­a Completa para 6 Personas. Set de 6 Cucharas, 6 Cuchillos, 6 Tenedores y 6 Cucharas de Postre. Serie Berlí­n. Color Plata",562400_fbm,375,10,0.09%,0.10%,529,13,0.09%,0.09%,85.48%,16.67%,7,0,1.87%,0.00%,"588,60 €","0,00 €",6,0
B017HKKKIC,B007TS68BG,Arcos Universal Cuchillo Carnicero Nitrum POM Negro 160 mm,288200_fbm,278,6,0.07%,0.06%,415,10,0.07%,0.07%,33.78%,50.00%,7,3,2.52%,50.00%,"187,25 €","80,25 €",6,3
B007TS6I5C,B007TS6I5C,ARCOS Sacacorchos Manual Cuerpo ABS Serie Toscana,604100,381,15,0.09%,0.15%,572,22,0.10%,0.15%,35.55%,10.53%,6,0,1.57%,0.00%,"293,94 €","0,00 €",6,0
B096ZVZNSY,B008U6TCSW,ARCOS Chaira Afilador Acero Nitrum Cromado Negro 250 mm,278200_,112,2,0.03%,0.02%,151,2,0.03%,0.01%,62.60%,50.00%,6,0,5.36%,0.00%,"98,94 €","0,00 €",6,0
B0752V8D5V,B00I9XTGJ6,ARCOS Taco Redondo Protector de Cuchillos Caucho Termoplástico 225 mm,794000,175,5,0.04%,0.05%,242,6,0.04%,0.04%,60.38%,66.67%,6,0,3.43%,0.00%,"149,94 €","0,00 €",6,0
B06XB92VRH,B00YU2ZS1A,CUPERINOX Cafetera Italiana Induccion Espresso Acero Inoxidable 6 Tazas,25033,142,4,0.03%,0.04%,181,4,0.03%,0.03%,90.48%,100.00%,6,0,4.23%,0.00%,"104,58 €","0,00 €",6,0
B06XB92VRH,B00YU2ZWGG,CUPERINOX Cafetera Italiana Induccion Espresso Acero Inoxidable 10 Tazas,25034_fbm,320,5,0.08%,0.05%,443,7,0.08%,0.05%,96.99%,100.00%,6,1,1.88%,20.00%,"119,94 €","19,99 €",6,1
B017DLM9SY,B017DLM9SY,Arcos Serie Toscana - Juego de Cucharas de Mesa (3 cucharas) - Monoblock de una pieza en Acero Inoxidable 18/10 y 180 mm - Color Plata,574400_,139,4,0.03%,0.04%,199,6,0.03%,0.04%,82.11%,100.00%,12,0,8.63%,0.00%,"95,88 €","0,00 €",6,0
B071VT3MC3,B071VT3MC3,"Arcos Tijeras Manicura Curva de Acero Forjado, Uso Profesional y Doméstico, 102 mm, Niqueladas en Plata, Serie Style",500600_,63,3,0.02%,0.03%,76,4,0.01%,0.03%,98.63%,100.00%,6,0,9.52%,0.00%,"65,39 €","0,00 €",6,0
B079ZCF2G9,B079ZCF2G9,Arcos Nova Juego 6 Cuchillos Carne Serrados Nitrum Negro 110 mm,188900_fbm,103,2,0.02%,0.02%,157,2,0.03%,0.01%,76.09%,100.00%,6,0,5.83%,0.00%,"106,50 €","0,00 €",6,0
B0FR444FLT,B07D8H2FNG,Arcos Manhattan Cuchillo Pelador Forjado Acero Inoxidable 100 mm,160100_,276,5,0.07%,0.05%,340,5,0.06%,0.03%,96.45%,100.00%,7,0,2.54%,0.00%,"164,43 €","0,00 €",6,0
B0FR444FLT,B07D8WQ355,Arcos Serie Manhattan - Cuchillo Cocinero - Hoja de Acero Inoxidable Forjado Nitrum 210 mm - Mango de Polioximetileno (POM) Color Negro - Filo Seda,160600,429,8,0.10%,0.08%,615,9,0.11%,0.06%,78.43%,100.00%,6,0,1.40%,0.00%,"227,94 €","0,00 €",6,0
B086X1XQXD,B07DC8C7Y6,"HENDI Expositor con cubierta deslizante roll-top, Doble",H871713,145,21,0.03%,0.21%,200,33,0.03%,0.23%,47.78%,11.11%,6,1,4.14%,4.76%,"469,99 €","78,99 €",6,1
B0F1ZF7H1L,B07JHPQGPW,Arcos Riviera Blanc Juego 3 Cuchillos Forjados POM Blanco,807610_,837,22,0.20%,0.22%,"1,086",41,0.19%,0.29%,83.18%,84.62%,6,0,0.72%,0.00%,"419,94 €","0,00 €",6,0
B07JWM27F4,B07JWM27F4,Arcos Set Cuchillos Cocina Profesionales Forjados en Acero Inoxidable. Juego de 3 Cuchillos (Pelador 100 mm + Cocinero 150 mm + Cocinero 200 mm). Mango Ergonómico Rosa en Polioximetileno. Riviera Rose,855100,383,10,0.09%,0.10%,523,18,0.09%,0.13%,98.91%,100.00%,6,2,1.57%,20.00%,"442,44 €","149,98 €",6,2
B0FR444FLT,B07N8VLCQS,"Arcos Juego de Cuchillos Profesionales (4 Piezas) - Acero Inoxidable Nitrum, Precisión y Durabilidad, Mango Ergonómico POM Negro, Incluye Tijeras y Bloque de Madera, Serie Manhattan",163300_,227,1,0.05%,0.01%,269,1,0.05%,0.01%,90.37%,0.00%,6,0,2.64%,0.00%,"576,60 €","0,00 €",6,0
B07N8VQSVB,B07N8VQSVB,Arcos Serie Capri - Cubertería de 24 piezas en una Caja de Regalo (6 cuchillos + 12 cucharas + 6 tenedores) - Monoblock de una pieza en Acero Inoxidable Color Plata,587400_,519,13,0.12%,0.13%,721,16,0.12%,0.11%,80.31%,88.89%,7,0,1.35%,0.00%,"531,93 €","0,00 €",6,0
B08G8QCM5H,B08G8QCM5H,ARCOS cuchillo pelador | 6 PIEZAS | cuchillo de pelar | cuchillos pelar patatas | Hoja 100 mm | Negro | cuchillo arcos pelador Acero Inoxidable,816500_fbm,488,19,0.12%,0.19%,712,35,0.12%,0.24%,99.68%,100.00%,6,0,1.23%,0.00%,"113,94 €","0,00 €",6,0
B08TLR4Z27,B08M3DQFHM,Arcos jamonero Profesional | Cuchillo jamonero jamonero Inoxidable Nitrum | Mango Negro | Cuchillo Jamon iberico | Serie Maitre| Hoja Flexible y Filo Liso | 275 mm | Acero Inoxidable NITRUM,151210,116,5,0.03%,0.05%,155,5,0.03%,0.03%,100.00%,100.00%,6,0,5.17%,0.00%,"95,94 €","0,00 €",6,0
B08M5K93QF,B08M5K93QF,Arcos Juego Cuchillos Mesa | 6 Uds | Cuchillo Postre | Cuchillos Mesa | Cuchillo Carne | Hoja 105 mm | Acero Inoxidable Martensítico | Mango Polipropileno | Apto lavavajillas | Envase Ecológico,703500FBM,140,2,0.03%,0.02%,225,3,0.04%,0.02%,97.31%,100.00%,6,0,4.29%,0.00%,"77,94 €","0,00 €",6,0
B08VRP7CR7,B08MTXC14T,Arcos Juego Cuchillos Carne | 6 Piezas | Cuchillos Carne Cuchillo chuleteros | Cubiertos Acero Inoxidable | Hoja 110 mm | Mango Redondo y Forma Ovalada | monobock | Caja Envase Ecológico (6 unidades),809900,143,4,0.03%,0.04%,203,6,0.03%,0.04%,100.00%,100.00%,6,0,4.20%,0.00%,"165,14 €","0,00 €",6,0
B09FQ5SZK8,B08MTZZQV5,Arcos Cuchillo para Pan Acero Inoxidable Nitrum 200 mm,166400_fbm,213,3,0.05%,0.03%,262,6,0.04%,0.04%,46.12%,0.00%,6,0,2.82%,0.00%,"172,49 €","0,00 €",6,0
B08ZNM265D,B08ZNM265D,Arcos | cuchillos de mesa cuchillo mesa tradicional | 6 Piezas cuchillo chuletero | mango nailon | Envase Eco | Fabricado en España,704400,198,7,0.05%,0.07%,270,8,0.05%,0.06%,100.00%,100.00%,11,7,5.56%,100.00%,"263,89 €","155,93 €",6,2
B0DKP7F29P,B0DJBXPR33,Arcos Serie Samoa Iconic | Sarten Antiadherente Cerámico 28 cm | Aluminio Forjado | Apta cualquier cocina | Mango Acero Inoxidable | Apta lavavajillas | Color Negro | LIBRE DE (PFOA/PTFE/PFOS),716522,169,2,0.04%,0.02%,193,3,0.03%,0.02%,95.71%,100.00%,6,1,3.55%,50.00%,"329,70 €","54,95 €",6,1
B0DKP7F29P,B0DJBYB7XQ,"Arcos Serie Samoa Iconic | Cazo Antiadherente Cerámico 16 cm y 1,5 L | Aluminio Forjado | Apta cualquier cocina | Mango Acero Inoxidable | Color Beige | LIBRE DE (PFOA/PTFE/PFOS)",717224,437,7,0.10%,0.07%,530,7,0.09%,0.05%,79.67%,0.00%,6,0,1.37%,0.00%,"202,50 €","0,00 €",6,0
B0DNNKT1W2,B0DNNJPGTY,"Cuperinox-Tetera de Cristal con Infusor para Té e Infusiones, Resistente al Calor y Compatible con Microondas ** - Infusion Prestige Collection (750 ml)",26112_,179,10,0.04%,0.10%,239,11,0.04%,0.08%,95.50%,100.00%,6,0,3.35%,0.00%,"108,44 €","0,00 €",6,0
B0DNNKT1W2,B0DNNJPGTY,"Cuperinox-Tetera de Cristal con Infusor para Té e Infusiones, Resistente al Calor y Compatible con Microondas ** - Infusion Prestige Collection (750 ml)",26112,179,10,0.04%,0.10%,239,11,0.04%,0.08%,95.50%,100.00%,6,0,3.35%,0.00%,"110,94 €","0,00 €",6,0
B0DNNKT1W2,B0DNNJPRXB,"Cuperinox-Tetera de Cristal con Infusor para Té e Infusiones, Resistente al Calor y Compatible con Microondas ** - Infusion Prestige Collection (550 ml)",26111,399,7,0.10%,0.07%,575,9,0.10%,0.06%,99.79%,100.00%,6,1,1.50%,14.29%,"100,94 €","15,99 €",6,1
B0DVT6KPDV,B0DT73LYPQ,"CUPERINOX Cuchillos Montessori | Set de Cuchillos Infantiles de 16 Piezas | Cuchillos Niños Aprendizaje +2 Años | Incluye Delantal, Guante de Seguridad, Moldes Tabla de Cortar | Kids Collection",27016,98,0,0.02%,0.00%,141,0,0.02%,0.00%,100.00%,0.00%,6,0,6.12%,0.00%,"91,94 €","0,00 €",6,0
B0B3F4QXML,B000Q8UYRK,Arcos Cuchillo Jamonero Acero Inoxidable Forjado Nitrum 300 mm,256800_fbm,274,14,0.07%,0.14%,354,17,0.06%,0.12%,41.38%,71.43%,5,1,1.82%,7.14%,"138,19 €","27,99 €",5,1
B017HKG9PK,B0044R87VO,Arcos Maitre - Cuchillo Jamonero Flexible - Acero Inoxidable NITRUM 275 mm - Mango Polipropileno negro,151200,579,13,0.14%,0.13%,664,14,0.11%,0.10%,77.12%,77.78%,5,0,0.86%,0.00%,"76,29 €","0,00 €",5,0
B0F1ZF7H1L,B005LR6E0C,Arcos Cuchillo Cocinero Acero Inoxidable Negro 150 mm,233400_,609,15,0.15%,0.15%,761,17,0.13%,0.12%,38.01%,44.44%,5,0,0.82%,0.00%,"130,27 €","0,00 €",5,0
B0BSKCJNDM,B005LR72I0,Arcos Niza Cuchillo Jamonero Flexible Acero Inoxidable 230 mm,135600_fba,100,3,0.02%,0.03%,143,3,0.02%,0.02%,43.44%,100.00%,5,1,5.00%,33.33%,"54,95 €","10,99 €",5,1
B08XYZRKC4,B007TS6GWW,"ARCOS Juego de Cubiertos de 24 Piezas para Mesa. Cuberterí­a Completa para 6 Personas. Set de 6 Cucharas, 6 Cuchillos, 6 Tenedores y 6 Cucharas de Postre. Serie Toscana. Color Plata",572400,"4,456",106,1.06%,1.05%,"6,566",155,1.13%,1.08%,2.85%,6.45%,6,1,0.13%,0.94%,"389,94 €","64,99 €",5,1
B00PKFXWJQ,B00PKFXWJQ,Arcos Serie Cuchillos de Mesa - Cuchillo Mesa - Hoja Serrada de Acero Inoxidable NITRUM de 125 mm - Mango Polipropileno Color crema,370200_1Pieza,101,2,0.02%,0.02%,144,4,0.02%,0.03%,100.00%,100.00%,15,0,14.85%,0.00%,"52,35 €","0,00 €",5,0
B06XB92VRH,B00YU2YTTM,CUPERINOX Cafetera Italiana Induccion Espresso Acero Inoxidable 4 Tazas,25032_,432,9,0.10%,0.09%,643,11,0.11%,0.08%,64.70%,0.00%,5,0,1.16%,0.00%,"79,95 €","0,00 €",5,0
B075ZWHQLQ,B075ZWHQLQ,Wins - Desengrasante Limpiador Profesional 001 - Garrafa 5L,WINS001,82,1,0.02%,0.01%,111,1,0.02%,0.01%,94.12%,0.00%,6,0,7.32%,0.00%,"83,94 €","0,00 €",5,0
B0F54LTCFF,B07JJGTQK4,Arcos Conjunto Cuchillos 3 piezas - Acero Inoxidable Nitrum y Hoja mm. Cuchillo cocina profesional cocinar. 590 gr. Mango ergonómico polioximetileno POM. Serie Universal. Mayor control. Color negro.,807410_,388,1,0.09%,0.01%,540,1,0.09%,0.01%,96.34%,0.00%,5,0,1.29%,0.00%,"210,64 €","0,00 €",5,0
B0FR444FLT,B07N8V5DY8,Arcos Cuchillo trinchar forjado | Cuchillo jamonero Acero Inoxidable. Cuchillo cocina profesional cocinar. Mango micarta y borseda especial y Hoja plateada 300 mm. Serie Brooklyn. Color azul.,192323_,291,8,0.07%,0.08%,389,9,0.07%,0.06%,83.33%,80.00%,5,0,1.72%,0.00%,"222,40 €","0,00 €",5,0
B0FR444FLT,B07N8W7718,Arcos Cuchillo Chef Forjado Acero Inoxidable Tamaño. Mango Profesional Micarta y BorSeda Especial con Hoja Plateada 250 mm. Impresiona yorprencon Cada Corte. Serie Brooklyn. Color Azul.,190823_,218,0,0.05%,0.00%,294,0,0.05%,0.00%,94.19%,0.00%,5,0,2.29%,0.00%,"261,86 €","0,00 €",5,0
B07T1LRC8M,B07S9RTS38,Arcos Kids Cuchillo de Cocina para Niños - Hoja Segura de Acero Inoxidable NITRUM 100 mm - Mango Ergonómico POM Verde - Seguridad Infantil y Durabilidad,792921_fbm,144,3,0.03%,0.03%,205,3,0.04%,0.02%,65.14%,100.00%,6,0,4.17%,0.00%,"107,94 €","0,00 €",5,0
B08T5Z4HFS,B08QYQYZHS,"CUPERINOX Cubiertos para marisco | Pinzas para marisco | Tenazas para marisco | 12 Unidades | Cubiertos marisco (Cangrejo, Langosta, Ostras) | Tenedor de marisco con dos dientes inferiores y cuchara.",20023_12pzs,102,5,0.02%,0.05%,133,8,0.02%,0.06%,96.49%,100.00%,6,3,5.88%,60.00%,"112,80 €","55,83 €",5,2
B08T5Z4HFS,B08QYV8C1P,"CUPERINOX Cubiertos para marisco | Pinzas para marisco | Tenazas para marisco | 6 Unidades | Cubiertos marisco (Cangrejo, Langosta, Ostras) | Tenedor de marisco con dos dientes inferiores y cuchara.",20023_6Unidades,29,1,0.01%,0.01%,44,1,0.01%,0.01%,100.00%,100.00%,5,0,17.24%,0.00%,"59,95 €","0,00 €",5,0
B0CQLQ57BT,B08TWYJ47S,"Arcos Cazo Antiadherente 18 cm - Aluminio Fundido, Apto para Todas las Cocinas, Mango Ergonómico, Ahorro Energético, Lavavajillas, Negro/Azul - Serie Thera",719100,65,4,0.02%,0.04%,83,5,0.01%,0.03%,72.31%,100.00%,5,1,7.69%,25.00%,"151,66 €","30,95 €",5,1
B09FQ5SZK8,B0968LSP2T,"Arcos Utensilios Barbacoa - Cuchillo 200 mm y Tenedor 215 mm, Acero Inoxidable NITRUM, Mango Madera Ovengkol FSC, Set 2 Piezas, Embalaje Reciclado, Serie Nordika",167000_fbm,230,8,0.05%,0.08%,311,17,0.05%,0.12%,61.48%,66.67%,5,0,2.17%,0.00%,"244,95 €","0,00 €",5,0
B0BGRT2BVV,B09G9WBKPG,Arcos Juego de 6 Cuchillos de Mesa Chuleteros Hoja 110 mm Negro 705500,805109_uss,"7,370",195,1.76%,1.94%,"10,916",262,1.87%,1.82%,40.12%,3.14%,6,3,0.08%,1.54%,"83,94 €","41,97 €",5,3
B0CRDWK8V7,B09T9RNFJG,"Arcos Cazo Antiadherente 16 cm, Aluminio Forjado, Full Induction, Mango Acero Inoxidable, Ahorro Energético, Apto Lavavajillas, Cocina Gas/Eléctrica/Inducción, Serie Samoa",717210,101,1,0.02%,0.01%,142,2,0.02%,0.01%,61.76%,0.00%,5,1,4.95%,100.00%,"144,75 €","28,95 €",5,1
B0DPKXM18X,B0DNQRZ3BN,"CUPERINOX Soporte Jamonero Inoxidable Profesional con Base Antideslizante para Jamones y Paletas, Incluye Cuchillo | Jamoneros Elite Collection",20260_fbm,"1,099",23,0.26%,0.23%,"1,217",24,0.21%,0.17%,99.74%,100.00%,5,0,0.45%,0.00%,"124,95 €","0,00 €",5,0
B017HKG9PK,B0044R87LE,Arcos Cuchillo Panero Negro 210 mm,151400_fbm,741,32,0.18%,0.32%,871,44,0.15%,0.31%,18.14%,25.81%,4,0,0.54%,0.00%,"59,96 €","0,00 €",4,0
B0F54LTCFF,B0044R87QE,Arcos Cuchillo Cocina Acero Inoxidable 200 mm,280604,"3,422",87,0.82%,0.87%,"5,012",126,0.86%,0.88%,8.87%,41.30%,6,6,0.18%,6.90%,"128,94 €","128,94 €",4,4
B0F1ZF7H1L,B005LR65BK,Arcos Cuchillo Negro 100 mm,230200_,758,24,0.18%,0.24%,"1,034",29,0.18%,0.20%,18.53%,14.29%,4,1,0.53%,4.17%,"79,96 €","19,99 €",4,1
B06XWF2YLW,B005LR71GI,Arcos Cuchillo Cocinero 200 mm,135800,948,26,0.23%,0.26%,"1,271",38,0.22%,0.26%,10.53%,0.00%,4,0,0.42%,0.00%,"37,10 €","0,00 €",4,0
B0F54LTCFF,B007TS6GFO,Arcos Universal Juego 5 Cuchillos Nitrum Bloque Pino POM Negro,285700_,"1,336",38,0.32%,0.38%,"1,518",40,0.26%,0.28%,67.10%,65.52%,4,0,0.30%,0.00%,"404,69 €","0,00 €",4,0
B0F1ZF7H1L,B00BHZPHOG,Arcos Riviera Blanc Cuchillo Panero Acero Inoxidable Nitrum 200 mm,231324_,182,7,0.04%,0.07%,229,10,0.04%,0.07%,40.22%,50.00%,4,0,2.20%,0.00%,"119,96 €","0,00 €",4,0
B0F1ZF7H1L,B00BHZPIVI,Arcos Cuchillo Chef Forjado Acero Inoxidable 200 mm,233624,241,1,0.06%,0.01%,323,1,0.06%,0.01%,67.87%,0.00%,4,0,1.66%,0.00%,"129,96 €","0,00 €",4,0
B00D3LCJI4,B00D3LCJI4,Arcos Saeta - Cuchillo Panero - Hoja de Acero Inoxidable Forjado Nitrum de 210 mm - Mango de Pom - Color Negro,175700,31,8,0.01%,0.08%,54,10,0.01%,0.07%,100.00%,100.00%,4,0,12.90%,0.00%,"119,96 €","0,00 €",4,0
B00D3LFQ3E,B00D3LFQ3E,ARCOS Cuchillo Corta Bacalao y Pan Acero Polietileno Blanco 440 mm,791600,81,2,0.02%,0.02%,116,2,0.02%,0.01%,90.57%,100.00%,4,1,4.94%,50.00%,"430,78 €","107,25 €",4,1
B0F1ZF7H1L,B00J64GI4S,Arcos Riviera Blanc Cuchillo Jamonero Forjado POM Blanco 300 mm,231124_,89,3,0.02%,0.03%,109,3,0.02%,0.02%,48.98%,100.00%,4,0,4.49%,0.00%,"146,03 €","0,00 €",4,0
B017HKGEFK,B00J64L30C,Arcos Natura Cuchillo Santoku Forjado Acero Inoxidable 180 mm,155810_,100,2,0.02%,0.02%,151,2,0.03%,0.01%,86.67%,100.00%,4,1,4.00%,50.00%,"147,96 €","36,99 €",4,1
B00U2QWO1K,B00U2QWO1K,Arcos Latina Cuchillo Chuletero Acero Inoxidable 105 mm,100400_1pieza,140,2,0.03%,0.02%,200,7,0.03%,0.05%,52.41%,100.00%,28,12,20.00%,600.00%,"100,20 €","40,20 €",4,1
B0F1N351DY,B073V3CYRF,Arcos Cuchillo Mondador de 4 Pulgadas con Hoja de 100mm en Acero Inoxidable y Mango de Polipropileno. Cuchillos de Cocina para Pelar Apto para Lavavajillas. Serie Nova. Color Turquesa,188632_,375,14,0.09%,0.14%,449,16,0.08%,0.11%,98.65%,100.00%,4,0,1.07%,0.00%,"23,96 €","0,00 €",4,0
B09JPSTVBC,B07B8MQZTW,Arcos Serie Riviera Rose - Cuchillo Mondador - Hoja de Acero Inoxidable Forjado NITRUM 100 mm - Mango de Polioximetileno (POM) Color Rosa,230254_,70,1,0.02%,0.01%,105,1,0.02%,0.01%,95.35%,100.00%,4,0,5.71%,0.00%,"99,96 €","0,00 €",4,0
B0FR444FLT,B07D8GYFC7,"Arcos Cuchillo Chef Forjado Acero Inoxidable NITRUM - Profesional Cocina, Mango Ergonómico POM Negro, Hoja Silk Edge 150 mm, Serie Manhattan",160400_,142,1,0.03%,0.01%,176,1,0.03%,0.01%,95.59%,0.00%,5,0,3.52%,0.00%,"162,45 €","0,00 €",4,0
B085SNLR5G,B07DC83Z46,"HENDI Bandeja de Servicio, Redonda, Recubrimiento Antideslizante, Multiusos, para buffets, Bandeja de Cocina para Servir Comida rápida, Bebidas, Fast Food, ⌀410x(H) 20mm, Polipropileno, Negro",H878149,60,5,0.01%,0.05%,84,6,0.01%,0.04%,98.72%,100.00%,6,2,10.00%,40.00%,"64,84 €","21,98 €",4,1
B0FR444FLT,B07DC8JHV4,Arcos Cuchillo verduras Acero Inoxidable. Cuchillo profesional para pelar frutas y verduras. Mango ergonómico polioximetileno y Hoja 130 mm. Serie Manhattan. Color negro.,161100_,111,1,0.03%,0.01%,137,1,0.02%,0.01%,71.00%,0.00%,4,0,3.60%,0.00%,"97,96 €","0,00 €",4,0
B07F6C8L9T,B07F6C8L9T,ARCOS Sacacorchos Eléctrico ABS Batería Recargable Plata,604900_,246,6,0.06%,0.06%,346,7,0.06%,0.05%,46.38%,80.00%,4,1,1.63%,16.67%,"174,96 €","42,99 €",4,1
B0FR444FLT,B07JHPTKC9,"Arcos Set Jamonero 3 Piezas - Cuchillo Jamonero, Deshuesador y Chaira - Hoja Silk Edge Inoxidable Forjada NITRUM - Mango Resistente POM Negro - Corte Preciso y Duradero - Serie Manhattan",858500_,84,1,0.02%,0.01%,108,1,0.02%,0.01%,90.48%,0.00%,4,0,4.76%,0.00%,"286,95 €","0,00 €",4,0
B0FR444FLT,B07N8TNDRV,Arcos Brooklyn Cuchillo Chef Forjado Acero Inoxidable 150 mm,190423_,177,0,0.04%,0.00%,225,0,0.04%,0.00%,39.06%,0.00%,4,0,2.26%,0.00%,"159,96 €","0,00 €",4,0
B0FR444FLT,B07N8V34F1,"Arcos Cuchillo Santoku Acero Inoxidable Forjado con Balanceo, Mango Micarta y BorSeda Especial y Hoja Plateada 190 mm. Impresiona yorprencon Cada Corte. Serie Brooklyn. Color Azul.",191623_,225,3,0.05%,0.03%,273,5,0.05%,0.03%,97.82%,100.00%,4,0,1.78%,0.00%,"179,96 €","0,00 €",4,0
B0FR444FLT,B07N8VCFRY,Arcos Brooklyn Cuchillo Panero Acero Inoxidable Nitrum 200 mm,191323_,119,3,0.03%,0.03%,154,5,0.03%,0.03%,18.64%,33.33%,4,0,3.36%,0.00%,"155,52 €","0,00 €",4,0
B0FR444FLT,B07N8WXGW7,Arcos Brooklyn - Cuchillo de Lenguado Cuchillo para Pescado - Acero Inoxidable Forjado NITRUM 170 mm - Mango Micarta Color Azul (Filo Seda),191423_,81,2,0.02%,0.02%,101,2,0.02%,0.01%,60.49%,0.00%,4,0,4.94%,0.00%,"144,55 €","0,00 €",4,0
B0F1ZF7H1L,B07YXBK4HD,Arcos Riviera Set 3 Cuchillos de Corte Acero Inoxidable Nitrum,806911_,276,8,0.07%,0.08%,317,8,0.05%,0.06%,96.04%,100.00%,4,0,1.45%,0.00%,"259,80 €","0,00 €",4,0
B0812P3LZT,B0812P3LZT,"Arcos Nova - Set 3 Cuchillos Mantequilla - Acero Inoxidable 70 mm - Mango en color menta, naranja y limon",859900,290,3,0.07%,0.03%,382,4,0.07%,0.03%,99.71%,0.00%,4,0,1.38%,0.00%,"43,96 €","0,00 €",4,0
B0FR444FLT,B0843DNN57,Arcos Set Cuchillos Forjados 4 piezas (3 Cuchillos + 1 tijeras) - Acero Inoxidable Forjado NITRUM - Mango Micarta - Bloques Madera Color Azul. Serie Brooklyn. Impresiona yorprencon Cada Corte.,194000_,292,6,0.07%,0.06%,398,8,0.07%,0.06%,95.73%,100.00%,4,0,1.37%,0.00%,"439,96 €","0,00 €",4,0
B088FYWBJ4,B088FYWBJ4,Vinfer maton insecticida efecto residual rastreros,V22255,109,5,0.03%,0.05%,186,8,0.03%,0.06%,4.55%,0.00%,10,5,9.17%,100.00%,"109,70 €","54,85 €",4,1
B089M821V5,B089M821V5,Arcos Cuchillos Carne | 6 pzas | Cuchillos chuleteros Set Cuchillo de Mesa Sierra | Mango Madera | Hoja 110 mm | Cuchillos Carne Mesa | Apto lavavajillas | Envase Carton | Ecologico,815500,723,19,0.17%,0.19%,970,22,0.17%,0.15%,99.88%,100.00%,5,0,0.69%,0.00%,"149,95 €","0,00 €",4,0
B08VS4FCLN,B08BX3WTPP,"Arcos Juego Cuchillos Cocina cuchillo blanco cuchillos | cuchillos cocina Maitre | 4 piezas | Chef 215 mm, Cocina 150 mm, Verduras 100 mm Tijera cocina (Blanco)",152624_,383,6,0.09%,0.06%,515,8,0.09%,0.06%,100.00%,100.00%,4,1,1.04%,16.67%,"139,96 €","34,99 €",4,1
B0CQLNJVKL,B08TWZWRLW,"Arcos Thera Sartén Antiadherente de 24 Cm para Inducción, Gas y Vitrocerámica. Sartén de Cocina Mediana de Aluminio Fundido con Mango Ergonómico Extraíble y Apta para Lavavajillas. Color Negro y Azul",718300,172,3,0.04%,0.03%,239,3,0.04%,0.02%,45.45%,0.00%,4,0,2.33%,0.00%,"131,80 €","0,00 €",4,0
B0CQLNJVKL,B08TX21PGR,"Arcos Thera Sartén Antiadherente de 28 Cm para Inducción, Gas y Vitrocerámica. Sartén de Cocina Grande de Aluminio Fundido con Mango Ergonómico Extraíble y Apta para Lavavajillas. Color Negro y Azul",718500,134,2,0.03%,0.02%,189,2,0.03%,0.01%,78.40%,0.00%,4,0,2.99%,0.00%,"163,80 €","0,00 €",4,0
B08ZNM265D,B08ZNM265D,Arcos | cuchillos de mesa cuchillo mesa tradicional | 6 Piezas cuchillo chuletero | mango nailon | Envase Eco | Fabricado en España,704400_fba,198,7,0.05%,0.07%,270,8,0.05%,0.06%,100.00%,100.00%,4,0,2.02%,0.00%,"107,96 €","0,00 €",4,0
B08TLR4Z27,B095C22QFS,Arcos jamonero Profesional | Cuchillo jamonero jamonero Inoxidable Nitrum | Mango Negro | Cuchillo Jamon iberico | Serie Maitre| Hoja Flexible y Filo Liso | 275 mm | Acero Inoxidable NITRUM,151811FBM,93,3,0.02%,0.03%,129,4,0.02%,0.03%,99.15%,100.00%,4,0,4.30%,0.00%,"79,96 €","0,00 €",4,0
B08J488ZQG,B0987N2CBR,Arcos Juego Cuchillos Carne | 6 Piezas | Cuchillos carne cuchillo chuleteros | cubiertos acero inoxidable | Hoja 110 mm | mango monobloque | aptos lavavajillas | Caja Envase Ecológico,814000FBM,879,19,0.21%,0.19%,"1,082",26,0.19%,0.18%,100.00%,100.00%,4,1,0.46%,5.26%,"111,96 €","27,99 €",4,1
B09MSDJQJ1,B09MM5CH6C,Arcos jamonero profesional alveolos | incluye pinza para jamón | cuchillo jamonero cuchillo jamonero alveolos cuchillos profesional| Acero Inoxidable Nitrum 240 mm,856200FBM,214,9,0.05%,0.09%,282,10,0.05%,0.07%,99.60%,100.00%,4,0,1.87%,0.00%,"119,96 €","0,00 €",4,0
B0B464Q8VS,B0B464Q8VS,CUPERINOX® Kitchen Pro | Tijeras de Cocina Profesional 21 cm Tijeras de Trinchar Carne y Pescado Acero Inoxidable Mango Ergonómico Apto Lavavajillas,21981_,31,1,0.01%,0.01%,39,1,0.01%,0.01%,100.00%,100.00%,4,0,12.90%,0.00%,"39,96 €","0,00 €",4,0
B0BJPYW95J,B0BJPYW95J,Arcos Accesorios - Sacacorchos Manual Abrebotellas Manual - Mango de Aleación de Zinc - Color Negro mate (Incluye cortacápsulas),607500,58,7,0.01%,0.07%,105,20,0.02%,0.14%,100.00%,100.00%,4,1,6.90%,14.29%,"159,96 €","39,99 €",4,1
B0CTKV6X91,B0CTKV6X91,"HENDI Juego de 6 tablas de cortar HACCP con soporte, lisas, 6 colores diferentes, 6 piezas, 450x300x(H)10mm, polietileno, polipropileno",H825686,204,33,0.05%,0.33%,284,41,0.05%,0.29%,41.34%,15.79%,4,3,1.96%,9.09%,"255,72 €","190,98 €",4,3
B0D4WK78XV,B0D4WK78XV,CUPERINOX Aceiteras para Aceite Usado | Grasera Acero Inoxidable 550ML con Filtro Metálico | Recipiente para Aceite Usado de Cocina y Grasa | Grasera Cocina Metálica 550ML 2Uds Metálico,22105y22106,"1,815",36,0.43%,0.36%,"2,619",50,0.45%,0.35%,99.01%,100.00%,4,0,0.22%,0.00%,"47,96 €","0,00 €",4,0
B0DKP7F29P,B0DJBYWWVM,"Arcos Serie Samoa Iconic | Cacerola Antiadherente Cerámico 24 cm y 4,3 L | Aluminio Forjado | Apta cualquier cocina | Mango Acero Inoxidable | Color Negro | LIBRE DE (PFOA/PTFE/PFOS)",717022,107,1,0.03%,0.01%,133,1,0.02%,0.01%,98.21%,0.00%,4,0,3.74%,0.00%,"219,80 €","0,00 €",4,0
B0DNNL2TZQ,B0DNNFGWNJ,"CUPERINOX Aceitera de Cristal Antigoteo para Aceite de Oliva, Resistente y Fácil de Limpiar Gourmet Oil Collection (500 Ml)",22023,347,10,0.08%,0.10%,467,16,0.08%,0.11%,100.00%,100.00%,4,0,1.15%,0.00%,"59,96 €","0,00 €",4,0
B0DPKXM18X,B0DNQRZ3BN,"CUPERINOX Soporte Jamonero Inoxidable Profesional con Base Antideslizante para Jamones y Paletas, Incluye Cuchillo | Jamoneros Elite Collection",20260,"1,099",23,0.26%,0.23%,"1,217",24,0.21%,0.17%,99.74%,100.00%,4,0,0.36%,0.00%,"96,34 €","0,00 €",4,0
B0DVT6KPDV,B0DT75PQN7,"CUPERINOX Kit Cocina Montessori | Cuchillos Niños Aprendizaje +2 Años | Set Completo de Cuchillos Infantiles de 17 Piezas | Incluye Tijeras, Moldes, Batidor, Tabla y Cuchillo Seguro",27017_,76,1,0.02%,0.01%,103,3,0.02%,0.02%,100.00%,100.00%,4,0,5.26%,0.00%,"76,96 €","0,00 €",4,0
B0F9X4NXL3,B0F9KXQKLG,"CUPERINOX Cuchillos Mesa, cuchillo carne, cuchillo mantequilla, Set 24 piezas, acero inoxidable, hoja con filo y sierra, cuchillo untar. Apto lavavajillas. Mango ergonomico",20043_24,230,5,0.05%,0.05%,301,7,0.05%,0.05%,100.00%,100.00%,9,0,3.91%,0.00%,"179,91 €","0,00 €",4,0
B0FDKY2RXG,B0FDKY2RXG,VINCARE Pack Limpieza Infantil – Detergente Biberones + Multiusos + Quitamanchas – Limpieza Segura para el Entorno del Bebé- 100% MADE IN SPAIN,PACK VINCARE,78,0,0.02%,0.00%,94,0,0.02%,0.00%,100.00%,0.00%,4,0,5.13%,0.00%,"58,71 €","0,00 €",4,0
B0F54LTCFF,B000NOAYMM,Arcos Cuchillo Jamonero Acero Inoxidable 240 mm,281804_fba,730,11,0.17%,0.11%,920,15,0.16%,0.10%,30.28%,66.67%,4,0,0.55%,0.00%,"65,96 €","0,00 €",3,0
B0F54LTCFF,B007TS67Q2,Arcos Cuchillo Chef Acero Inoxidable 120 mm,280304,"2,084",50,0.50%,0.50%,"2,912",72,0.50%,0.50%,1.26%,10.20%,4,1,0.19%,2.00%,"51,96 €","12,99 €",3,1
B0F54LTCFF,B007TS6GI6,Arcos Universal Set 2 Cuchillos de Cocina Acero Inoxidable Nitrum,285800_2,309,3,0.07%,0.03%,395,3,0.07%,0.02%,16.57%,0.00%,3,0,0.97%,0.00%,"83,25 €","0,00 €",3,0
B0B3F4QXML,B008U6T7Q4,Arcos Clásica Cuchillo Santoku Forjado Acero Inoxidable Nitrum 180 mm,256600_fmb,263,5,0.06%,0.05%,322,5,0.06%,0.03%,66.55%,100.00%,3,0,1.14%,0.00%,"84,47 €","0,00 €",3,0
B008U6TRGO,B008U6TRGO,"Arcos Cuchillos mesa - Cuchillo carne Acero Inoxidable Nitrum, Hoja, mango marrón madera -erie Mesa, duradero y apto para lavavajillas (7'')",809300_1Pieza,193,2,0.05%,0.02%,283,2,0.05%,0.01%,57.63%,50.00%,11,0,5.70%,0.00%,"54,14 €","0,00 €",3,0
B017HKSTCQ,B00CFN1M6Q,ARCOS Tijeras de Cocina Multiusos 200 mm,809700_,"2,172",71,0.52%,0.71%,"3,282",105,0.56%,0.73%,1.05%,8.82%,7,7,0.32%,9.86%,"81,93 €","81,93 €",3,3
B00CWZOIIQ,B00CWZOIIQ,"Arcos Cuchillos Mesa - Cuchillo Carne Mesa - Monobloque unaola pieza Acero Inoxidable 4"" - Corta chuletas o bistecs con precisión, facilidad y rapidez -erie Monobloque - Color Plateado",375500_1pza_fbm,91,2,0.02%,0.02%,129,4,0.02%,0.03%,90.35%,100.00%,11,0,12.09%,0.00%,"71,39 €","0,00 €",3,0
B00D3LCFRE,B00D3LCFRE,Arcos Tijeras Multiusos de Acero Inoxidable 210 mm - Costura y Tejidos - Mango ABS Gris - Serie Deluxe,521000_fbm,73,1,0.02%,0.01%,104,2,0.02%,0.01%,96.81%,100.00%,8,2,10.96%,200.00%,"191,92 €","47,98 €",3,1
B07Z8TJHZR,B00LGX10MW,ARCOS Sacacorchos Manual Aleación de Zinc 195 mm,603400_,172,9,0.04%,0.09%,264,11,0.05%,0.08%,9.09%,20.00%,3,1,1.74%,11.11%,"51,37 €","14,87 €",3,1
B00NM2X21W,B00NM2X21W,Arcos Accesorios - Prensa Ajos Prensador de Ajos - Tamaño 160 mm - Hecho de Aleación de Zinc - Color Plata,603500_,103,2,0.02%,0.02%,152,2,0.03%,0.01%,59.69%,0.00%,3,0,2.91%,0.00%,"47,97 €","0,00 €",3,0
B0752X4WZ6,B00TA4O5YO,ARCOS Pinzas para Emplatar Acero Inoxidable 300 mm,606200_,"2,436",60,0.58%,0.60%,"3,158",69,0.54%,0.48%,0.14%,9.09%,5,5,0.21%,8.33%,"55,63 €","55,63 €",3,3
B0752NT3TH,B00VRWSQIS,Arcos Serie Prochef - Tijeras de Cocina - Hoja de Acero Inoxidable - 200 mm - Mango de Polipropileno Color Negro,185300,298,9,0.07%,0.09%,365,11,0.06%,0.08%,26.07%,0.00%,3,0,1.01%,0.00%,"61,35 €","0,00 €",3,0
B0F1ZF7H1L,B017DLG38Q,Arcos Cuchillo Cocina Acero Inoxidable Negro 140 mm,233200_,325,8,0.08%,0.08%,417,8,0.07%,0.06%,20.18%,20.00%,3,1,0.92%,12.50%,"83,97 €","27,99 €",3,1
B0189HXOXK,B017DLLFIO,Arcos Navaja Acero Inoxidable 85 mm,485300_fmb,187,22,0.04%,0.22%,253,26,0.04%,0.18%,0.44%,4.17%,12,11,6.42%,50.00%,"66,98 €","59,49 €",3,2
B072FHSBJR,B072FHSBJR,Arcos Nova Set 3 Cuchillos Peladores Acero Verde,189621,96,0,0.02%,0.00%,136,0,0.02%,0.00%,25.86%,0.00%,4,0,4.17%,0.00%,"41,96 €","0,00 €",3,0
B07882914Y,B07882914Y,Wins - Limpiador Suelos y Superficies Concentrado Amoniacal Pino 021 - Garrafa 5L,WINS021,28,2,0.01%,0.02%,33,2,0.01%,0.01%,96.97%,100.00%,4,0,14.29%,0.00%,"57,96 €","0,00 €",3,0
B078GYCH1G,B078GYCH1G,Tenedor de marisco - 6 unid,20023,20,0,0.00%,0.00%,26,0,0.00%,0.00%,95.83%,0.00%,3,0,15.00%,0.00%,"38,97 €","0,00 €",3,0
B086XS4XDX,B07D4V72YP,"HENDI Juego de salero y pimentero, 2 piezas, utensilio de sal y pimienta de cocina mesa, con tapas de acero inoxidable con orificios dispensadores en forma de S y P, ⌀40x(H)70mm, vidrio, transparente",H465387,24,2,0.01%,0.02%,35,3,0.01%,0.02%,100.00%,100.00%,3,1,12.50%,50.00%,"22,47 €","7,49 €",3,1
B07F9GQZCB,B07F9GQZCB,Arcos Cuchillo para Verduras de 4 Pulgadas con Hoja de 105mm en Acero Inoxidable y Mango de Madera. Cuchillo para Vegetales Apto para Lavavajillas. Serie Latina. Color Marrón,100500,290,7,0.07%,0.07%,481,15,0.08%,0.10%,99.23%,100.00%,3,0,1.03%,0.00%,"109,12 €","0,00 €",3,0
B093DSL44T,B07F9RV81Z,Arcos Cuchillo Chuletero de 4 Pulgadas con Hoja de 105mm en Acero Inoxidable y Mango de Madera. Cuchillo para Carne Apto para Lavavajillas. Serie Latina. Color Marrón,100400,765,9,0.18%,0.09%,"1,090",14,0.19%,0.10%,83.10%,85.71%,6,4,0.78%,44.44%,"212,34 €","140,36 €",3,1
B07G75VRY2,B07G75VRY2,"Arcos Serie Cuchillos de Mesa Caja 12 uds Cuchillo Chuletero, Hoja Serrada de Acero Inoxidable de 110 mm, Cuchillo Monoblock Acero Inoxidable Color plata (12 UDS)",375800_(809900x2),61,6,0.01%,0.06%,84,6,0.01%,0.04%,69.62%,100.00%,3,0,4.92%,0.00%,"173,97 €","0,00 €",3,0
B07G79KCFK,B07G79KCFK,"Arcos Cuchillos de Mesa Caja de 12 uds Cuchillo Chuletero Cuchillo de Mesa, Hoja de Acero Inoxidable NITRUM 105 mm, Mango de Nylon, Color Marrón (12 uds)",803800_,192,5,0.05%,0.05%,265,9,0.05%,0.06%,56.97%,25.00%,3,0,1.56%,0.00%,"119,97 €","0,00 €",3,0
B0D1CTXJXN,B07MZJTY16,HENDI Jarra medidora apilable - 5 L - ø210x(H)270 mm,H567852,55,6,0.01%,0.06%,74,7,0.01%,0.05%,97.01%,100.00%,3,1,5.45%,16.67%,"33,23 €","13,99 €",3,1
B0FR444FLT,B07N8Q63Z6,Arcos Brooklyn Cuchillo para Tomates Forjado Acero Inoxidable Nitrum 130 mm,192023_,146,3,0.03%,0.03%,177,4,0.03%,0.03%,97.32%,100.00%,3,0,2.05%,0.00%,"95,97 €","0,00 €",3,0
B0FR444FLT,B07N8V3SNH,"Arcos Cuchillo Tomate Forjado Acero Inoxidable 130 mm - Mango Ergonómico POM Negro, Borde Serrado para Rebanadas Perfectas - Serie Manhattan, Calidad Profesional",162000_,138,1,0.03%,0.01%,188,2,0.03%,0.01%,88.74%,100.00%,3,0,2.17%,0.00%,"72,75 €","0,00 €",3,0
B0FR444FLT,B07N8W79GH,Arcos Manhattan Cuchillo Tallado Acero Inoxidable Nitrum 300 mm,162300_,114,2,0.03%,0.02%,137,2,0.02%,0.01%,99.17%,100.00%,3,0,2.63%,0.00%,"110,97 €","0,00 €",3,0
B0FR444FLT,B07YYDR6D8,Arcos Juego de Cuchillos de Cocina. 3 piezas de Acero Inoxidable forjado. Impresiona yorprencon cada corte. Mango Micarta azul. Serie Brooklyn. Color Azul.,858110,"1,496",25,0.36%,0.25%,"2,106",29,0.36%,0.20%,96.51%,95.00%,3,0,0.20%,0.00%,"290,43 €","0,00 €",3,0
B0FQNZM34T,B0843V9Z1W,Arcos Cuchillo Santoku Acero Inoxidable Nitrum y Hoja 190 mm. Mango ergonómico polioximetileno POM. Diseño clásico y acabado redondeado gran belleza yolidez. Serie Opera. Color negro.,229900_fba,127,4,0.03%,0.04%,177,4,0.03%,0.03%,87.88%,100.00%,3,0,2.36%,0.00%,"110,97 €","0,00 €",3,0
B08GSTDWTC,B08G4D9718,"Arcos | Cuchillos 3 Colores | Cuchillo de pelar | Cuchillos pelar Patatas | Acero Inoxidable Nitrum| Envase Ecológico | Cuchillo Colores (85 mm, Amarillo, Turquesa, Naranja)",816700,741,13,0.18%,0.13%,902,23,0.15%,0.16%,99.88%,100.00%,3,1,0.40%,7.69%,"32,97 €","10,99 €",3,1
B08VRP7CR7,B08G8M6QDS,Arcos Juego de Cuchillos chuleteros - Envase Ecologico 100% - 4 Cuchillos Carne - Cubiertos Mesa Acero Inoxidable,809500_,69,2,0.02%,0.02%,88,3,0.02%,0.02%,100.00%,100.00%,3,0,4.35%,0.00%,"58,26 €","0,00 €",3,0
B08M9QRSW8,B08M9QRSW8,Arcos | Juego Cuchillos cuchillos mesa | 6 Uds | cuchillo fruta | cuchillo postre | Hoja 110 mm | Acero Inoxidable Martensítico | Mango Nylon | apto lavavajillas | Envase Ecológico,703600fbm,61,2,0.01%,0.02%,93,2,0.02%,0.01%,100.00%,100.00%,17,15,27.87%,750.00%,"164,33 €","140,35 €",3,2
B08M9QRSW8,B08M9QRSW8,Arcos | Juego Cuchillos cuchillos mesa | 6 Uds | cuchillo fruta | cuchillo postre | Hoja 110 mm | Acero Inoxidable Martensítico | Mango Nylon | apto lavavajillas | Envase Ecológico,703600_barras_arcos,61,2,0.01%,0.02%,93,2,0.02%,0.01%,100.00%,100.00%,5,0,8.20%,0.00%,"49,45 €","0,00 €",3,0
B0DK3CM34K,B08VW7LTT6,"HENDI Cabezal de antorcha de cocina de llama continua con cartucho de recarga de gas GLP 199039, soplete flambeador, quemador de gas GLP, profesional, versátil-seguro 360°, negro con acentos en verde",H198254,63,11,0.02%,0.11%,84,13,0.01%,0.09%,98.48%,100.00%,3,1,4.76%,9.09%,"103,22 €","34,99 €",3,1
B08TLR4Z27,B095C22QFS,Arcos jamonero Profesional | Cuchillo jamonero jamonero Inoxidable Nitrum | Mango Negro | Cuchillo Jamon iberico | Serie Maitre| Hoja Flexible y Filo Liso | 275 mm | Acero Inoxidable NITRUM,151811,93,3,0.02%,0.03%,129,4,0.02%,0.03%,99.15%,100.00%,3,0,3.23%,0.00%,"58,97 €","0,00 €",3,0
B09F9KVBDX,B09F9KVBDX,Arcos Nova Juego 8 Cuchillos Mesa Acero Crema 105 mm,705300,446,9,0.11%,0.09%,672,11,0.12%,0.08%,5.35%,0.00%,3,0,0.67%,0.00%,"51,25 €","0,00 €",3,0
B0CQ5G2HVQ,B09T9ZC38G,"Arcos Sarten Antiadherente 22 cm - Aluminio Forjado, Full Induction, Mango Acero Inoxidable Efecto Frío, Apta Lavavajillas, Ahorro Energético, Serie Samoa",716210,191,9,0.05%,0.09%,284,16,0.05%,0.11%,40.24%,15.38%,3,0,1.57%,0.00%,"91,65 €","0,00 €",3,0
B0CVH8PC99,B0CQTKPL63,CUPERINOX Cuchillos Carne | Cuchillos Mesa | Cuchillos Chuleteros | 24 Piezas | Hoja Serrada | Mango Polipropileno | Acero Inoxidable | 11 cm,99901_24pzs,102,9,0.02%,0.09%,139,15,0.02%,0.10%,100.00%,100.00%,4,2,3.92%,22.22%,"75,96 €","35,98 €",3,1
B0FJLTDB9J,B0FB98PM7Z,CUPERINOX® Beauty Care – Pack 3 Cortauñas de Precisión | Alicate + Cortaúñas Mediano + Cortaúñas con Llavero | Acero Inoxidable Profesional | Manicura y Pedicura | Hombre y Mujer,21920+21931+21932,48,3,0.01%,0.03%,60,3,0.01%,0.02%,100.00%,100.00%,3,0,6.25%,0.00%,"38,97 €","0,00 €",3,0
B0FBRQYHVM,B0FBRNCHGJ,"CUPERINOX® Ventilador Portátil Silencioso y Recargable con Power Bank 20000mAh, +50H de batería – Ventilador de Mesa USB con Mando, Luz LED y 4 Velocidades – Ideal para Dormir, Camping y Hogar.",A27000,106,1,0.03%,0.01%,160,2,0.03%,0.01%,98.54%,100.00%,3,0,2.83%,0.00%,"157,06 €","0,00 €",3,0
B0FT8NLHQ3,B0FT8NLHQ3,BIOLEAF® – Multiusos + Limpiacristales Pack 2×750 ml | Limpieza Total Hogar | Brillo Duradero en Superficies y Cristales Sin Huellas | Fórmula Biodegradable | Dermatológicamente Testado,3450,41,1,0.01%,0.01%,49,1,0.01%,0.01%,95.65%,100.00%,3,0,7.32%,0.00%,"29,97 €","0,00 €",3,0
B00509DM8S,B00509DM8S,HENDI Baño María Eléctrico GN 1/1,H238905,66,15,0.02%,0.15%,85,22,0.01%,0.15%,60.81%,10.53%,2,0,3.03%,0.00%,"266,95 €","0,00 €",2,0
B0050G2IOU,B0050G2IOU,"HENDI Sartén eléctrica multiusos, paellera cazuela olla plancha, de fiestas, revestimiento antiadherente, termostato, con tapa, interior: ø40cm profundidad: 5cm, 230V, 1400W, ø500x(H)190mm, aluminio",H239506,149,6,0.04%,0.06%,198,7,0.03%,0.05%,75.86%,57.14%,2,0,1.34%,0.00%,"108,50 €","0,00 €",2,0
B0752NT3TH,B005LR77UI,ARCOS Tijeras de Cocina Acero Inoxidable 215 mm,185400,283,3,0.07%,0.03%,327,3,0.06%,0.02%,61.48%,0.00%,2,0,0.71%,0.00%,"34,98 €","0,00 €",2,0
B0F54LTCFF,B006LMX2GK,Arcos Cuchillo Jamonero Acero Inoxidable Forjado Nitrum 280 mm,281904,366,6,0.09%,0.06%,438,8,0.08%,0.06%,20.10%,0.00%,2,1,0.55%,16.67%,"34,98 €","17,49 €",2,1
B07BDVL8SH,B007TS679O,Arcos Universal Cuchillo Pelar Remaches Acero POM Negro 3 pulg,281004_pp,46,2,0.01%,0.02%,53,3,0.01%,0.02%,26.92%,33.33%,4,0,8.70%,0.00%,"47,96 €","0,00 €",2,0
B0F54LTCFF,B007TS67OY,Arcos Cuchillo Chef Acero Inoxidable 155 mm,280404_fbm,592,9,0.14%,0.09%,768,11,0.13%,0.08%,14.55%,0.00%,2,0,0.34%,0.00%,"30,09 €","0,00 €",2,0
B0B3F4QXML,B008U6TDTK,Arcos Serie Clasica - Juego de Cuchillos de 5 piezas en Caja de Regalo (5 Cuchillos) - Hoja de Acero Inoxidable Forjado NITRUM - Mando de Polioximetileno (POM) - Bloque de madera color marrón acabado lacado,257000,562,18,0.13%,0.18%,768,23,0.13%,0.16%,78.25%,92.31%,2,0,0.36%,0.00%,"289,98 €","0,00 €",2,0
B0F1ZF7H1L,B00BHZPJFI,Arcos Riviera Blanc Cuchillo Chef Forjado Acero Inoxidable 150 mm,233424_,394,9,0.09%,0.09%,504,9,0.09%,0.06%,26.40%,40.00%,2,0,0.51%,0.00%,"53,98 €","0,00 €",2,0
B00FHTW89A,B00FHTW89A,ARCOS Chaira Afilador Acero al Carbono Cromado 300 mm,278510_,55,1,0.01%,0.01%,83,1,0.01%,0.01%,57.33%,0.00%,2,0,3.64%,0.00%,"45,98 €","0,00 €",2,0
B07TXLKG42,B00GZR3MKM,"HENDI Freidora eléctrica, T ajustable hasta 190°C, termostato de seguridad, zona fría, con tapa y cesta de freír, tanque de aceite extraíble, 8L, 230V, 3500W, 265x430x(H)345mm, acero inoxidable",H205822,153,17,0.04%,0.17%,213,24,0.04%,0.17%,71.35%,4.55%,2,0,1.31%,0.00%,"321,73 €","0,00 €",2,0
B0BV32H59Y,B00HYWUNR2,Arcos Saeta - Cuchillo Deshuesador - Hoja de Acero Inoxidable Forjado Nitrum de 145 mm - Mango de Pom - Color Negro,174700,32,2,0.01%,0.02%,66,5,0.01%,0.03%,100.00%,0.00%,2,0,6.25%,0.00%,"59,98 €","0,00 €",2,0
B08M7BMR2S,B00I9XTLSC,ARCOS Afilador Profesional Manual Cerámica y Carbono Rojo-Negro,610600,"6,852",145,1.64%,1.44%,"9,942",222,1.71%,1.54%,4.18%,12.86%,2,2,0.03%,1.38%,"27,38 €","27,38 €",2,2
B00J3ZVMCS,B00J3ZVMCS,Arcos Serie Toscana - Juego de Cucharas para Café (6 cucharas) - Monoblock de una pieza en Acero Inoxidable 18/10 y 140 mm - Color Plata,574200_,796,30,0.19%,0.30%,"1,252",40,0.21%,0.28%,0.65%,14.29%,3,3,0.38%,10.00%,"29,25 €","29,25 €",2,2
B00J3ZVN54,B00J3ZVN54,ARCOS Cucharas de Mesa Acero Inoxidable 200 mm,574600_,500,16,0.12%,0.16%,769,18,0.13%,0.13%,17.59%,29.41%,3,0,0.60%,0.00%,"26,97 €","0,00 €",2,0
B00OF7XFW4,B00OF7XFW4,ARCOS Aplastador de Filetes y Carne Acero Inoxidable 220 mm,798000,82,0,0.02%,0.00%,116,0,0.02%,0.00%,83.67%,0.00%,2,0,2.44%,0.00%,"145,98 €","0,00 €",2,0
B017HKR8WS,B00OFR535Q,"Arcos Afiladores - Afilador Eléctrico de Cuchillos Afilador de Cuchillos Eléctricos, Hecho de Plástico, Color Negro (Rodillos de Banda Intercambiables)",610500_fbm,605,16,0.14%,0.16%,730,18,0.13%,0.13%,97.29%,100.00%,2,1,0.33%,6.25%,"482,98 €","234,99 €",2,1
B0F54LTCFF,B00VRWR53K,"Arcos Serie Universal, Macheta Cuchillo Carnicero, Hoja de Acero Inoxidable Nitrum 180 mm, Mango de Polioximetileno, Pom Color Negro",288100_,148,9,0.04%,0.09%,179,11,0.03%,0.08%,98.73%,100.00%,2,0,1.35%,0.00%,"79,98 €","0,00 €",2,0
B00VRZ1YJI,B00VRZ1YJI,Arcos Tijeras Modista Acero Forjado 190 mm - Uso Doméstico y Profesional - Niqueladas Plata - Serie Style,504300,36,2,0.01%,0.02%,51,3,0.01%,0.02%,93.18%,100.00%,2,0,5.56%,0.00%,"27,98 €","0,00 €",2,0
B015HG9B3I,B015HG9B3I,"HENDI Sopera con tapa y cucharón, recipiente para servir sopas y salsas, 2,7L, ⌀270x(H) 175mm, acero inoxidable",H434208,88,5,0.02%,0.05%,159,8,0.03%,0.06%,34.65%,0.00%,3,0,3.41%,0.00%,"95,97 €","0,00 €",2,0
B0F1ZF7H1L,B017DLFYYK,Arcos Cuchillo Queso Acero Inoxidable Blanco 145 mm,232824_,207,6,0.05%,0.06%,267,14,0.05%,0.10%,54.78%,83.33%,2,1,0.97%,16.67%,"75,98 €","37,99 €",2,1
B0189HXOXK,B017DLLFI4,Arcos Serie Navajas Profesionales - Navaja Profesional - Hoja Filo de Acero Inoxidable NITRUM de 85 mm - Navaja de Acero Inoxidable Color naranja,485329_fbm,184,7,0.04%,0.07%,278,7,0.05%,0.05%,1.26%,33.33%,2,0,1.09%,0.00%,"14,98 €","0,00 €",2,0
B0189HXS8Q,B017DLLIUO,Arcos Navaja Profesional Acero Inoxidable 85 mm,485929_,596,13,0.14%,0.13%,847,19,0.15%,0.13%,8.63%,46.15%,2,0,0.34%,0.00%,"14,70 €","0,00 €",2,0
B0189HXS8Q,B017DLLIUO,Arcos Navaja Profesional Acero Inoxidable 85 mm,485929,596,13,0.14%,0.13%,847,19,0.15%,0.13%,8.63%,46.15%,14,13,2.35%,100.00%,"95,95 €","88,40 €",2,1
B017DLMYLQ,B017DLMYLQ,Arcos Serie Endura - Cacerola Antiadherente - Cuerpo de Aluminio Forjado 16 cm - Capacidad 1 litro - Mango de Acero Inoxidable - Color Negro (Libre de PFOA),697000_,56,0,0.01%,0.00%,77,0,0.01%,0.00%,97.06%,0.00%,2,0,3.57%,0.00%,"39,98 €","0,00 €",2,0
B017DMTEIG,B017DMTEIG,Arcos Utensilios Profesionales - Sierra de Carnicero - Hoja de Acero Inoxidable 430 mm - Mango de Polipropileno Color Negro,791800,44,2,0.01%,0.02%,61,2,0.01%,0.01%,92.31%,100.00%,2,0,4.55%,0.00%,"125,80 €","0,00 €",2,0
B0752NT3TH,B0711S5183,Arcos Tijeras cocina Acero Inoxidable. Tijeras cocina profesionales para cortar todo tipo alimentos. Mango polipropileno y Hoja 235 mm. Serie Prochef. Color very negro.,185721,139,5,0.03%,0.05%,165,8,0.03%,0.06%,38.35%,0.00%,2,0,1.44%,0.00%,"19,98 €","0,00 €",2,0
B0F5L5VJM5,B0719K21HP,Arcos Tenazas de Marisco Acero Inoxidable 185 mm,606400_,182,3,0.04%,0.03%,268,3,0.05%,0.02%,16.10%,0.00%,2,0,1.10%,0.00%,"39,98 €","0,00 €",2,0
B0F5L2FGGS,B071HVWQKP,Arcos Cuchillos Mesa con Hoja Acero Inoxidable. Cuchillos Carne con Mango Madera Palisandro Marrón. Hoja. Corta Carne Asada. Clásicos y Elegantes. Cortein Esfuerzo. Serie Mesa. Color Marrón,373700,511,19,0.12%,0.19%,675,24,0.12%,0.17%,17.77%,33.33%,6,0,1.17%,0.00%,"92,94 €","0,00 €",2,0
B071S7PKNN,B071S7PKNN,Arcos Cuchillo Chuletero Acero Inoxidable Nitrum 110 mm,372400,51,1,0.01%,0.01%,67,1,0.01%,0.01%,68.25%,100.00%,11,0,21.57%,0.00%,"52,14 €","0,00 €",2,0
B0752NT3TH,B072FGV2YB,Arcos Serie Prochef - Tijeras de Cocina - Hoja de Acero Inoxidable - 220 mm - Mango de Polipropileno Color Negro,185900,164,5,0.04%,0.05%,192,8,0.03%,0.06%,52.56%,0.00%,2,0,1.22%,0.00%,"49,98 €","0,00 €",2,0
B077V7LJJM,B077V7LJJM,"Arcos Serie Riviera, Set Jamonero de 3 piezas, 1 Cuchillo Jamonero + 1 Deshuesador + 1 Chaira, Hoja de Acero Inoxidable Forjado Nitrum, Mango de Polioximetileno, POM, Color Negro",_806911_,82,1,0.02%,0.01%,120,1,0.02%,0.01%,87.50%,100.00%,2,0,2.44%,0.00%,"139,98 €","0,00 €",2,0
B0787R49F1,B0787R49F1,Multiusos Wins 004. Abrillanta y elimina la suciedad acumulada en cualquier tipo de superficie sin dañarlas. Envase de 5 Litros.,WINS004,13,1,0.00%,0.01%,14,1,0.00%,0.01%,85.71%,100.00%,2,0,15.38%,0.00%,"29,50 €","0,00 €",2,0
B07BZ95N39,B07BZ95N39,"HENDI Pasta combustible para Chafing Dish, 24 x 200 g",H194300,239,25,0.06%,0.25%,326,33,0.06%,0.23%,17.59%,3.70%,3,0,1.26%,0.00%,"128,68 €","0,00 €",2,0
B0FR444FLT,B07C7YV74X,Arcos Manhattan Cuchillo Trinchar Acero Jamón y Carne 250 mm,161900_,88,2,0.02%,0.02%,108,2,0.02%,0.01%,97.67%,100.00%,2,1,2.27%,50.00%,"69,98 €","34,99 €",2,1
B07TYQJ4YX,B07D2TFS1B,HENDI Máquina eléctrica para pasta,H224847,482,13,0.12%,0.13%,677,19,0.12%,0.13%,36.39%,0.00%,2,0,0.41%,0.00%,"418,00 €","0,00 €",2,0
B086WYMVKJ,B07D7NHQVR,"HENDI Soporte expositor para pan de sobremesa GN 1/2, 2 niveles, con 2 cestas para bufé, 360x280x(H) 290mm, polipropileno",H561201,83,4,0.02%,0.04%,131,7,0.02%,0.05%,36.97%,0.00%,3,0,3.61%,0.00%,"112,82 €","0,00 €",2,0
B0D1CVG5XS,B07D9YVDDV,HENDI Tabla de cortar con certificación HACCP 600x400 - Azul -600x400mm,H825624,30,3,0.01%,0.03%,37,3,0.01%,0.02%,51.43%,66.67%,3,3,10.00%,100.00%,"114,47 €","114,47 €",2,2
B07DC8MD56,B07DC8MD56,"HENDI Rejilla de asador, GN 1/1, de acero inoxidable cromado, 325x530mm, para todas las parrillas, grill, barbacoas Green Fire de HENDI",H939949,92,12,0.02%,0.12%,127,16,0.02%,0.11%,30.40%,31.25%,7,0,7.61%,0.00%,"146,93 €","0,00 €",2,0
B0FR444FLT,B07DC9LM3W,"Arcos Cuchillo Panadero Profesional - Hoja Silk Edge 200 mm en Acero Inoxidable Nitrum, Corte Preciso y Duradero, Ideal para Pan y Pasteles, Diseño Elegante y Seguro, Serie Manhattan",161300_,138,4,0.03%,0.04%,169,4,0.03%,0.03%,97.62%,100.00%,2,0,1.45%,0.00%,"63,98 €","0,00 €",2,0
B0846H7BV1,B07G5M444L,Arcos Cuchillo de Mesa Acero Inoxidable Nitrum 130 mm Caja 12 Uds,370725_fbm,40,3,0.01%,0.03%,57,3,0.01%,0.02%,100.00%,100.00%,2,0,5.00%,0.00%,"85,98 €","0,00 €",2,0
B07JWM27F4,B07JWM27F4,Arcos Set Cuchillos Cocina Profesionales Forjados en Acero Inoxidable. Juego de 3 Cuchillos (Pelador 100 mm + Cocinero 150 mm + Cocinero 200 mm). Mango Ergonómico Rosa en Polioximetileno. Riviera Rose,855100_,383,10,0.09%,0.10%,523,18,0.09%,0.13%,98.91%,100.00%,2,0,0.52%,0.00%,"149,98 €","0,00 €",2,0
B07MMFPNLK,B07MMFPNLK,"HENDI Placa eutéctica de Calor Profesional, GN 1/1, para Cajas térmicas, Elemento Calefactor, acumulador de Calor, Bloque térmico, Placa Caliente, 530x325x(H) 30mm, HDPE, Rojo",H707845,12,2,0.00%,0.02%,18,3,0.00%,0.02%,58.82%,33.33%,6,5,50.00%,250.00%,"307,50 €","256,25 €",2,1
B0D1GH3QKG,B07MTPQ9KF,"HENDI Báscula pesa balanza digital de cocina, cuerpo de plástico HIPS con pantalla digital LED integrada, alta precisión, máximo 15 kg, 3 pilas AAA no incluidas, 266x269x(h)34 mm, acero inoxidable",H580233,145,25,0.03%,0.25%,202,34,0.03%,0.24%,53.51%,43.33%,3,3,2.07%,12.00%,"130,47 €","130,47 €",2,2
B0FR444FLT,B07N8VHP6Y,Arcos Cuchillo deshuesador con Hoja Acero Inoxidable Nitrum 160 mm. Cuchillo profesional para cortar huesos carne. Mango ergonómico polipropileno. Serie Brooklyn. Color azul.,192623_,106,1,0.03%,0.01%,123,1,0.02%,0.01%,87.23%,100.00%,2,0,1.89%,0.00%,"75,98 €","0,00 €",2,0
B07N8WMVK1,B07N8WMVK1,ARCOS Taco Cajonera Organizador Bambú hasta 25 cm Marrón,794300_fbm,170,3,0.04%,0.03%,255,6,0.04%,0.04%,50.44%,60.00%,2,1,1.18%,33.33%,"63,98 €","31,99 €",2,1
B07NDV5T2F,B07NDV5T2F,Arcos Serie Brooklyn - Cuchillo Cocinero - Hoja de Acero Inoxidable Forjado NITRUM 210 mm - Mango de Micarta Color Azul (Filo Seda),190623_fbm,107,3,0.03%,0.03%,142,4,0.02%,0.03%,99.20%,100.00%,2,1,1.87%,33.33%,"91,98 €","45,99 €",2,1
B06XB92VRH,B07T6J5JWM,CUPERINOX Cafetera Italiana Induccion Espresso Acero Inoxidable 12 Tazas,25035_2,610,16,0.15%,0.16%,973,30,0.17%,0.21%,97.94%,100.00%,2,0,0.33%,0.00%,"56,00 €","0,00 €",2,0
B07ZJ8ZJ93,B07ZJ8ZJ93,Arcos Set Jamonero Profesional Acero Inoxidable 3 Piezas,859400_us,600,18,0.14%,0.18%,857,33,0.15%,0.23%,8.24%,23.08%,2,0,0.33%,0.00%,"50,14 €","0,00 €",2,0
B0FQNZM34T,B0843DFWRQ,"Arcos Cuchillo Chef Acero Inoxidable. Cuchillo cocina profesional cortar carne, pescado, aves, frutas y verduras. Mango ergonómico polioximetileno y Hoja 140 mm. Serie Opera. Color negro.",224900_fbm,82,1,0.02%,0.01%,92,1,0.02%,0.01%,56.63%,0.00%,2,0,2.44%,0.00%,"49,16 €","0,00 €",2,0
B0FQNZM34T,B0843DGXDP,Arcos Opera Cuchillo Jamonero Forjado Acero Inoxidable Nitrum 250 mm,226700_,76,1,0.02%,0.01%,94,1,0.02%,0.01%,80.00%,100.00%,2,0,2.63%,0.00%,"58,48 €","0,00 €",2,0
B0CYTKGNPM,B0843Q6L5P,ARCOS Pelador Profesional Acero Inoxidable Cromado 130 mm,607000_,"4,460",136,1.07%,1.35%,"7,010",197,1.20%,1.37%,0.11%,2.84%,10,10,0.22%,7.35%,"45,32 €","45,32 €",2,2
B0FQNZM34T,B0843SYT31,Arcos Cuchillo Chef con Hoja Acero Inoxidable Nitrum 160 mm. Cuchillo cocina profesional multiusos. Mango ergonómico polioximetileno POM. Serie Opera. Color negro.,225000_fmb,85,1,0.02%,0.01%,103,1,0.02%,0.01%,97.89%,100.00%,2,0,2.35%,0.00%,"65,76 €","0,00 €",2,0
B084TL25TZ,B084TL25TZ,HENDI Estante para rejillas para pizza/sartenes (14 ranuras) - 300x305x(H)680 mm,H810361,13,3,0.00%,0.03%,15,4,0.00%,0.03%,92.86%,50.00%,2,0,15.38%,0.00%,"119,50 €","0,00 €",2,0
B08GSTDWTC,B08LVVQ3ZQ,"Arcos Serie Nova - Cuchillo para pelar, Acero Inoxidable NITRUM, Envase Ecológico, 3 colores Fucsia, Turquesa y Amarillo",703700fbm,"1,780",27,0.43%,0.27%,"2,676",39,0.46%,0.27%,99.79%,100.00%,3,3,0.17%,11.11%,"30,47 €","30,47 €",2,2
B08TLR4Z27,B08M3YG4R1,Arcos jamonero Profesional | Cuchillo jamonero jamonero Inoxidable Nitrum | Mango Negro | Cuchillo Jamon iberico | Serie Maitre| Hoja Flexible y Filo Liso | 275 mm | Acero Inoxidable NITRUM,704200,71,0,0.02%,0.00%,98,0,0.02%,0.00%,100.00%,0.00%,2,0,2.82%,0.00%,"43,98 €","0,00 €",2,0
B08Y8NS7PN,B08MT61GJV,Arcos Juego Cuchillos Cocina | 2 pzas |Profesional (150 mm) | Cuchillo Cortador Verduras (100 mm)| Acero Inoxidable Nitrum | Mango Negro | Envase Eco,819900,294,8,0.07%,0.08%,422,14,0.07%,0.10%,99.75%,100.00%,2,0,0.68%,0.00%,"35,48 €","0,00 €",2,0
B09FQ5SZK8,B08MTTN436,Arcos Nordika Cuchillo Mondador Nitrum Madera Ovengkol FSC 100 mm,165000_fbm,320,8,0.08%,0.08%,437,11,0.08%,0.08%,19.26%,0.00%,2,0,0.63%,0.00%,"43,98 €","0,00 €",2,0
B09FQ5SZK8,B08MTWTK78,Arcos Cuchillo Santoku Acero Inoxidable Nitrum 190 mm,166600_fbm,583,12,0.14%,0.12%,797,18,0.14%,0.13%,8.45%,25.00%,2,0,0.34%,0.00%,"57,98 €","0,00 €",2,0
B08VRP7CR7,B08MTXC14T,Arcos Juego Cuchillos Carne | 6 Piezas | Cuchillos Carne Cuchillo chuleteros | Cubiertos Acero Inoxidable | Hoja 110 mm | Mango Redondo y Forma Ovalada | monobock | Caja Envase Ecológico (6 unidades),809900FBM,143,4,0.03%,0.04%,203,6,0.03%,0.04%,100.00%,100.00%,2,1,1.40%,25.00%,"55,98 €","27,99 €",2,1
B09FQ5SZK8,B08MV1BJ5Z,Arcos Serie Nordika - Cuchillo Cocinero - Acero Inoxidable NITRUM - Hoja de 140 mm - Mango de Madera Ovengkol 100% natural FSC - Embalaje 100% reciclado,165400_fbm,342,11,0.08%,0.11%,444,16,0.08%,0.11%,31.75%,40.00%,2,0,0.58%,0.00%,"49,98 €","0,00 €",2,0
B0CQLQ57BT,B08TX1652W,"Arcos Cazo Antiadherente 16 cm, Aluminio Fundido, Apto para Todas las Cocinas, Mango Ergonómico, Ahorro Energético, Lavavajillas, Negro/Azul, Serie Thera",719000,60,4,0.01%,0.04%,91,4,0.02%,0.03%,24.69%,100.00%,2,1,3.33%,25.00%,"47,08 €","23,54 €",2,1
B0CQM2K3QY,B08TX1D4LL,"ARCOS Thera Olla Grande de Cocina de 24 Cm y 4 L. Cacerola Alta para Inducción, Gas y Vitrocerámica. Olla de Aluminio Fundido con Tapa de Cristal y Mango Extraíble. Apta Lavavajillas. Color Negro Azul",718700,134,3,0.03%,0.03%,175,3,0.03%,0.02%,71.17%,100.00%,2,0,1.49%,0.00%,"115,00 €","0,00 €",2,0
B0CQLNJVKL,B08TX24P5L,"Arcos Thera Sartén Antiadherente de 26 Cm para Inducción, Gas y Vitrocerámica. Sartén de Cocina Mediana de Aluminio Fundido con Mango Ergonómico Extraíble y Apta para Lavavajillas. Color Negro y Azul",718400,99,0,0.02%,0.00%,121,0,0.02%,0.00%,76.47%,0.00%,2,0,2.02%,0.00%,"73,90 €","0,00 €",2,0
B09D1V45YK,B09D1V45YK,"CUPERINOX® Couture Series - Tijera Costura Profesional 16,5 cm | Acero Inoxidable Irrompible | Mango Ergonómico Antideslizante | Corte Preciso y Duradero",21951_,11,0,0.00%,0.00%,13,0,0.00%,0.00%,100.00%,0.00%,2,0,18.18%,0.00%,"12,99 €","0,00 €",2,0
B08VS4FCLN,B09HBWSBN1,"Arcos Juego Cuchillos Cocina cuchillo blanco cuchillos | cuchillos cocina Maitre | 5 piezas | Chef 215 mm, Cocina 150 mm, Verduras 100 mm Tijera cocina (Negro + Jamonero)",854100,158,0,0.04%,0.00%,215,0,0.04%,0.00%,100.00%,0.00%,2,0,1.27%,0.00%,"97,48 €","0,00 €",2,0
B09HRWYKDL,B09HRWYKDL,Arcos Juego de cuchillos Japoneses Profesionales | 4 piezas | Cuchillo Verduras 100 mm + Cocina 150 mm + Santoku con Alveolos 170 mm + Pelador de patatas,853100fbm,59,1,0.01%,0.01%,75,1,0.01%,0.01%,97.06%,0.00%,2,0,3.39%,0.00%,"72,13 €","0,00 €",2,0
B09NRLLDC6,B09NRLLDC6,CUPERINOX Cuchillo Jamonero + Chaira + Funda Cubre Jamón | Jamonero 240mm acero inoxidable| Afilador Chaira | Funda cubre jamón,20220,35,0,0.01%,0.00%,39,0,0.01%,0.00%,100.00%,0.00%,2,0,5.71%,0.00%,"19,98 €","0,00 €",2,0
B0CRDWK8V7,B09T9QY59F,"Arcos Samoa Cazo Antiadherente Aluminio Forjado 20 cm 2,6 L",717310,191,2,0.05%,0.02%,280,2,0.05%,0.01%,17.65%,50.00%,2,0,1.05%,0.00%,"75,80 €","0,00 €",2,0
B09WYWVGCS,B09WYWVGCS,Arcos Clara Juego 3 Cuchillos Forjados Acero Inoxidable Nitrum,212000_819010,123,3,0.03%,0.03%,159,3,0.03%,0.02%,94.33%,50.00%,2,0,1.63%,0.00%,"96,49 €","0,00 €",2,0
B08VRP7CR7,B09XMVTWLT,Arcos Juego Cuchillos Carne | 6 Piezas | Cuchillos Carne Cuchillo chuleteros | Cubiertos Acero Inoxidable | Hoja 110 mm | Mango Redondo y Forma Ovalada | monobock | Caja Envase Ecológico (Filo Liso),830000,124,7,0.03%,0.07%,183,10,0.03%,0.07%,100.00%,100.00%,5,3,4.03%,42.86%,"164,95 €","98,97 €",2,1
B0BRT1JYNQ,B0BRT1JYNQ,Arcos Riviera - Juego de Cuchillos de Cocina (Mondador + 2 Cuchillo Chef) - Acero Inoxidable Forjado NITRUM - Mango POM - Color Negro,838310,89,3,0.02%,0.03%,134,3,0.02%,0.02%,45.76%,100.00%,2,0,2.25%,0.00%,"167,98 €","0,00 €",2,0
B0FQNZM34T,B0BRTZ2X8C,Arcos Serie Opera - Set Cuchillos de Cocina 3 piezas - Acero Inoxidable Forjado NITRUM - Mango POM - Color negro,805900_,158,3,0.04%,0.03%,193,5,0.03%,0.03%,90.00%,40.00%,2,0,1.27%,0.00%,"145,80 €","0,00 €",2,0
B0C49W65HD,B0C49W65HD,Arcos Serie Nordika - Cuchillo Tomatero - Acero Inoxidable NITRUM - Hoja de 130 mm - Mango de Madera Ovengkol 100% natural de bosques certificados FSC® - Embalaje 100% reciclado,165100,25,2,0.01%,0.02%,33,2,0.01%,0.01%,93.33%,0.00%,2,0,8.00%,0.00%,"53,90 €","0,00 €",2,0
B0C49YDKL4,B0C49YDKL4,Arcos Serie Nordika - Cuchillo Usuba - Acero Inoxidable NITRUM - Hoja de 175 mm - Mango de Madera Ovengkol 100% natural de bosques certificados FSC® - Embalaje 100% reciclado,168000,80,2,0.02%,0.02%,113,5,0.02%,0.03%,61.22%,0.00%,2,0,2.50%,0.00%,"89,98 €","0,00 €",2,0
B0C4B1CKSR,B0C4B1CKSR,Arcos Serie Nordika - Cuchillo Yanagiba - Acero Inoxidable NITRUM - Hoja de 240 mm - Mango de Madera Ovengkol 100% natural de bosques certificados FSC® - Embalaje 100% reciclado,168200,35,1,0.01%,0.01%,48,1,0.01%,0.01%,87.18%,100.00%,2,0,5.71%,0.00%,"99,98 €","0,00 €",2,0
B0C5XR2TFF,B0C5XR2TFF,Arcos Serie Thera | Sarten Antiadherente 22 cm | Aluminio Fundido | Apta cualquier cocina | Mango Ergonómico Plástico y Silicona | Sistema ahorro energético | Apta lavavajillas | Color Negro y Azul,719800,45,0,0.01%,0.00%,69,0,0.01%,0.00%,98.31%,0.00%,2,0,4.44%,0.00%,"64,50 €","0,00 €",2,0
B0F9TD2LTH,B0CS6V91GR,CUPERINOX® Cuchillos de Mesa con Mango de Madera – Set 6 Cuchillos para Carne con Filo Dentado – Estilo Palmadera tradicional – Aptos para Uso Diario,14015_us,450,14,0.11%,0.14%,661,18,0.11%,0.13%,99.83%,100.00%,2,0,0.44%,0.00%,"37,98 €","0,00 €",2,0
B0DG2RQFHP,B0DG2RQFHP,"HENDI Bandeja de horno GN 1/1 Convectomat – 8 moldes redondos – para huevos fritos, tortillas, panqueques, crepes – Revestimiento antiadherente – 260°C – 530x325x(H) 26mm – Acero inoxidable",H808856,13,0,0.00%,0.00%,15,0,0.00%,0.00%,80.00%,0.00%,10,0,76.92%,0.00%,"452,50 €","0,00 €",2,0
B0DKP68T32,B0DJBYWJB7,Arcos Serie Eclipse - Cuchillo de Chef - Hoja de Acero Inoxidable Forjado con Filo Seda Plus de 200 mm - Pulido Brillo Especial - Mango Acrílico - Color Negro,213500_,254,0,0.06%,0.00%,397,0,0.07%,0.00%,64.92%,0.00%,2,0,0.79%,0.00%,"147,98 €","0,00 €",2,0
B0DKP7F29P,B0DJBZ81XL,"Arcos Serie Samoa Iconic | Cacerola Baja Antiadherente Cerámico 28 cm y 4,3 L | Aluminio Forjado | Apta cualquier cocina | Mango Acero Inoxidable | Color Negro | LIBRE DE (PFOA/PTFE/PFOS)",717122,145,2,0.03%,0.02%,178,2,0.03%,0.01%,96.75%,100.00%,2,0,1.38%,0.00%,"145,90 €","0,00 €",2,0
B0DKP7F29P,B0DJBZK9SX,"Arcos Serie Samoa Iconic | Cazo Antiadherente Cerámico 16 cm y 1,5 L | Aluminio Forjado | Apta cualquier cocina | Mango Acero Inoxidable | Color Negro | LIBRE DE (PFOA/PTFE/PFOS)",717222,146,2,0.03%,0.02%,165,2,0.03%,0.01%,87.25%,0.00%,2,0,1.37%,0.00%,"67,50 €","0,00 €",2,0
B0DNNKT1W2,B0DNNFJ5J7,"Cuperinox-Tetera de Cristal con Infusor para Té e Infusiones, Resistente al Calor y Compatible con Microondas ** - Infusion Prestige Collection (350 ml)",26110,409,13,0.10%,0.13%,580,16,0.10%,0.11%,99.60%,100.00%,7,6,1.71%,46.15%,"86,93 €","71,94 €",2,1
B0DPLG5V7Q,B0DPJBBJC4,"CUPERINOX® Tazas de Café Espresso de Cristal – Set 2 80ml- Aptas para lavavajillas- Resistentes al Calor – Tazas Bonitas de Café, Té Originales y Elegantes – Aroma Series",26120_,84,4,0.02%,0.04%,106,5,0.02%,0.03%,97.03%,100.00%,2,0,2.38%,0.00%,"22,15 €","0,00 €",2,0
B0DPLG5V7Q,B0DPJDWB77,CUPERINOX Tazas de Capuccino de Cristal - Vaso cafe - Vaso Cristal - 200ml (Set de 2) - Apto para Lavavajillas y Microondas - Aroma Series,26121_,33,4,0.01%,0.04%,41,7,0.01%,0.05%,100.00%,100.00%,2,2,6.06%,50.00%,"27,98 €","27,98 €",2,2
B0DVT6KPDV,B0DT6ZPGVQ, ,27008,26,0,0.01%,0.00%,44,0,0.01%,0.00%,100.00%,0.00%,2,0,7.69%,0.00%,"23,98 €","0,00 €",2,0
B0DPLG5V7Q,B0DWN7MZ3R,CUPERINOX Vaso cafe - Tazas de Espresso de Cristal - - Vaso Cristal - 80ml (Set de 6) - Apto para Lavavajillas y Microondas - Aroma Series,26120_3packs,21,2,0.01%,0.02%,22,2,0.00%,0.01%,100.00%,100.00%,2,0,9.52%,0.00%,"35,98 €","0,00 €",2,0
B0FJLTDB9J,B0FB98PM7Z,CUPERINOX® Beauty Care – Pack 3 Cortauñas de Precisión | Alicate + Cortaúñas Mediano + Cortaúñas con Llavero | Acero Inoxidable Profesional | Manicura y Pedicura | Hombre y Mujer,A10004,48,3,0.01%,0.03%,60,3,0.01%,0.02%,100.00%,100.00%,2,0,4.17%,0.00%,"25,98 €","0,00 €",2,0
B0FDKX6V41,B0FDKX6V41,VINFERMATON – Insecticida Moscas y Mosquitos Perfume Limón Pack 2×600 ml | Spray Eliminador Insectos Voladores Interior y Exterior | Acción Inmediata Profesional | 100% MADE IN SPAIN,V0009_PACK2,22,1,0.01%,0.01%,24,1,0.00%,0.01%,95.65%,100.00%,2,0,9.09%,0.00%,"23,98 €","0,00 €",2,0
B0DK3GS44K,B000YL0V8G,"HENDI Antorcha de cocina, soplete de cocina, soplete flambeador, mechero del Chef, de gas butano, recargable (se suministra vacío), con encendido automático, con base, 145x(H)190mm, negro y platado",H198209,12,3,0.00%,0.03%,14,4,0.00%,0.03%,61.54%,33.33%,1,1,8.33%,33.33%,"43,35 €","43,35 €",1,1
B0F54LTCFF,B0044R87TQ,Arcos Cuchillo Salmón y Pescado Acero Inoxidable 290 mm,284004,201,4,0.05%,0.04%,239,4,0.04%,0.03%,50.92%,33.33%,1,0,0.50%,0.00%,"22,75 €","0,00 €",1,0
B017HKG9PK,B0044R87W8,"Arcos Cuchillo Santoku Acero Inoxidable Nitrum. Cuchillo Cocina japonés Pescado, Carne y Verduras. Mango ergonómico polioximetileno Pom y Hoja 170 mm. Multiusos. Serie Maitre. Color Negro.",151600_fba,864,14,0.21%,0.14%,"1,204",19,0.21%,0.13%,3.99%,9.09%,1,1,0.12%,7.14%,"19,25 €","19,25 €",1,1
B0044R87XM,B0044R87XM,"Arcos Cuchillo cocina laerie Kyoto - Hoja Acero Inoxidable forjado Nitrum 6"" - Mango negro polioximetileno (POM) - Elegante y duradero (7'')",178900_,160,4,0.04%,0.04%,214,4,0.04%,0.03%,99.48%,100.00%,1,0,0.63%,0.00%,"47,49 €","0,00 €",1,0
B017HKG9PK,B0044R87ZA,Arcos Cuchillo Mondador de Acero Inoxidable. Cuchillo Cocina Profesional para Pelar Frutas y Verduras. Mango Ergonómico Polioximetileno y Hoja 150mm. Serie Maitre. Color Negro.,150700_,"1,162",22,0.28%,0.22%,"1,513",26,0.26%,0.18%,7.46%,6.25%,1,0,0.09%,0.00%,"10,99 €","0,00 €",1,0
B0F54LTCFF,B0044R884U,Arcos Universal Cuchillo Santoku Acero POM Negro 170 mm,286004_us,515,14,0.12%,0.14%,756,22,0.13%,0.15%,4.66%,5.88%,2,0,0.39%,0.00%,"47,50 €","0,00 €",1,0
B00509FC90,B00509FC90,"HENDI Baño María eléctrico, con grifo, sistema de calentamiento al baño María, temperatura regulable 30°C a 85°C, 1x GN 1/1, 2x GN 1/2, 3x GN 1/3, 19L, 230V, 1000W, 605x332x(H)242mm, acero inoxidable",H238912,15,4,0.00%,0.04%,15,4,0.00%,0.03%,86.67%,33.33%,1,0,6.67%,0.00%,"151,25 €","0,00 €",1,0
B0050HLLHO,B0050HLLHO,"HENDI Salamandra eléctrica profesional elevable, regulación de altura 70-200mm, 300°C, 230V, 2800W, 470x520x(H)530mm, acero inoxidable",H264607,8,0,0.00%,0.00%,13,0,0.00%,0.00%,100.00%,0.00%,1,0,12.50%,0.00%,"649,00 €","0,00 €",1,0
B0F1ZF7H1L,B005LR67V8,Arcos Cuchillo para Pan Acero Inoxidable Nitrum 200 mm,231300_,507,18,0.12%,0.18%,676,21,0.12%,0.15%,7.71%,0.00%,1,0,0.20%,0.00%,"29,99 €","0,00 €",1,0
B0F1ZF7H1L,B005LR6J3Y,Arcos Riviera Juego 6 Cuchillos Forjados Acero Inoxidable Nitrum,234200_,379,14,0.09%,0.14%,460,19,0.08%,0.13%,94.59%,50.00%,1,0,0.26%,0.00%,"166,14 €","0,00 €",1,0
B0F1ZF7H1L,B005LR6JFW,Arcos Conjunto Cuchillos 5 piezas Acero Inoxidable y Hoja mm. 3750 gr. Cuchillo cocina profesional cortar una variedad alimentos con mango ergonómico polioximetileno POM. Serie Riviera. Color negro.,234300_,277,12,0.07%,0.12%,332,19,0.06%,0.13%,97.05%,75.00%,1,0,0.36%,0.00%,"137,22 €","0,00 €",1,0
B017HKFNO8,B005LR6ZZ6,Arcos Niza Cuchillo de Cocina Acero Inoxidable 150 mm,135300,52,1,0.01%,0.01%,67,1,0.01%,0.01%,14.06%,0.00%,1,0,1.92%,0.00%,"9,99 €","0,00 €",1,0
B0CWLP4H3Z,B005LR76KY,ARCOS Tijeras de Cocina Acero Inoxidable 195 mm,784901_barras_arcos,"1,276",47,0.30%,0.47%,"1,873",61,0.32%,0.42%,0.06%,2.13%,1,1,0.08%,2.13%,"8,49 €","8,49 €",1,1
B0752NT3TH,B005LR7726,Arcos Serie Prochef - Tijeras de Cocina - Hoja de Acero Inoxidable - 210 mm - Mango de Polipropileno Color negro y rojo,185601_barras_Arcos,"1,452",50,0.35%,0.50%,"2,340",86,0.40%,0.60%,0.05%,1.85%,1,1,0.07%,2.00%,"8,74 €","8,74 €",1,1
B005LR78LQ,B005LR78LQ,ARCOS Forged Tijeras de Cocina Acero Inoxidable Forjado 225 mm,507100,44,1,0.01%,0.01%,63,1,0.01%,0.01%,90.20%,100.00%,1,0,2.27%,0.00%,"38,50 €","0,00 €",1,0
B017HKR8WS,B005LRSIK6,ARCOS Afilador de Bolsillo Profesional,610200_fbm,862,24,0.21%,0.24%,"1,131",31,0.19%,0.22%,5.73%,0.00%,1,0,0.12%,0.00%,"37,75 €","0,00 €",1,0
B0F54LTCFF,B006LMX2EW,Arcos Universal Cuchillo Jamonero Acero Hoja Hueca Negro 280 mm,281901_,590,19,0.14%,0.19%,778,26,0.13%,0.18%,21.06%,17.65%,1,0,0.17%,0.00%,"23,49 €","0,00 €",1,0
B0F54LTCFF,B007TS67AI,Arcos Cuchillo Verduras Acero Inoxidable 100 mm,281104_pp,700,13,0.17%,0.13%,"1,044",18,0.18%,0.13%,0.33%,6.25%,1,1,0.14%,7.69%,"11,75 €","11,75 €",1,1
B0F54LTCFF,B007TS6G9U,Arcos Juego de Cuchillos Cocina y Tijeras,285600,556,12,0.13%,0.12%,870,20,0.15%,0.14%,15.63%,11.11%,1,0,0.18%,0.00%,"113,58 €","0,00 €",1,0
B0F54LTCFF,B007TS6GIG,Arcos Conjunto Cuchillos 6 piezas Acero Inoxidable Nitrum. 3760 gr. Bloque madera pino. Mango ergonómico polioximetileno POM. Serie Universal. Mayor control. Color negro.,285100_,154,3,0.04%,0.03%,195,3,0.03%,0.02%,72.22%,100.00%,1,0,0.65%,0.00%,"109,99 €","0,00 €",1,0
B0895RNY35,B007TS6HDA,ARCOS Descorazonador de Manzanas Acero Inoxidable Nitrum 75 mm,612300,38,1,0.01%,0.01%,48,2,0.01%,0.01%,2.27%,0.00%,1,0,2.63%,0.00%,"8,63 €","0,00 €",1,0
B07BDT9G74,B008U6T624,Arcos Clásica Cuchillo Deshuesador Forjado Acero Inoxidable Nitrum 140 mm,256200_fbm,21,0,0.01%,0.00%,26,0,0.00%,0.00%,100.00%,0.00%,1,0,4.76%,0.00%,"19,99 €","0,00 €",1,0
B0CQ92BWQ8,B009QXKGKG,"HENDI Bolsa de Transporte y Reparto de Pizzas, Bolsa Portapizzas con Aislamiento, Impermeable, Bolsa para la Entrega de Pedidos de Pizza y Comidas, Interior 45x45x(H) 18cm, Roja, 47x47x(H) 21cm",H709818,52,5,0.01%,0.05%,87,6,0.01%,0.04%,61.64%,0.00%,2,0,3.85%,0.00%,"62,30 €","0,00 €",1,0
B00BHZPHO6,B00BHZPHO6,"Arcos Juego 6 Cuchillos carne 4,s. Paquete Cuchillos bolsillo con borliso para cortar y filetear carne. Hoja y mango Acero Inoxidable monobloque. Serie Mesa.",378200_,87,2,0.02%,0.02%,120,3,0.02%,0.02%,68.32%,100.00%,1,0,1.15%,0.00%,"42,99 €","0,00 €",1,0
B0F1ZF7H1L,B00BHZPKEI,Arcos Cuchillo Blanco 100 mm,230224_,281,2,0.07%,0.02%,368,3,0.06%,0.02%,29.15%,50.00%,1,0,0.36%,0.00%,"19,99 €","0,00 €",1,0
B00BQU0FB2,B00BQU0FB2,"HENDI Filtros de papel para cafetera de goteo, 1000 unidades, desechables, papel de filtro de café, ⌀245x(H)62mm, blanco",H208656,45,14,0.01%,0.14%,66,21,0.01%,0.15%,26.23%,14.29%,1,1,2.22%,7.14%,"41,75 €","41,75 €",1,1
B00BQU1IAY,B00BQU1IAY,"HENDI Calentador eléctrico de Alimentos para Buffet Tellano, Chafing Dish eléctrico al baño María, GN 1/1, Capacidad 9L, 30–85°C, 230V, 900W, 575x349x(H) 278mm, Polipropileno y Acero Inoxidable",H204825,19,1,0.00%,0.01%,31,1,0.01%,0.01%,69.57%,100.00%,1,0,5.26%,0.00%,"127,49 €","0,00 €",1,0
B00D3LBPIE,B00D3LBPIE,Arcos Mesa Cuchillo Chuletero Serrado Acero Monoblock Plata 110 mm,809500_1pieza,113,5,0.03%,0.05%,184,15,0.03%,0.10%,16.88%,27.27%,2,0,1.77%,0.00%,"11,98 €","0,00 €",1,0
B0DK3FSR9B,B00GZR3JD2,"HENDI Sifón de Nata, con 3 boquillas Diferentes, Soporte para el Cargador y Cepillo de Limpieza, para Nata montada, mousses, postres, 0,95L, ø95x(H) 320mm, Aluminio, Blanco",H588376,72,6,0.02%,0.06%,89,9,0.02%,0.06%,36.78%,11.11%,2,0,2.78%,0.00%,"83,90 €","0,00 €",1,0
B00J3ZTXAG,B00J3ZTXAG,Arcos Cuchillo Jamonero 250 mm Acero Inoxidable Serie Latina,101301_fbm,"1,012",22,0.24%,0.22%,"1,452",35,0.25%,0.24%,0.00%,0.00%,1,1,0.10%,4.55%,"9,99 €","9,99 €",1,1
B00J3ZVNM2,B00J3ZVNM2,Arcos Serie Toscana - Juego de Cucharas Moka (6 cucharas) - Monoblock de una pieza en Acero Inoxidable 18/10 y 115 mm - Color Plata,574100_,631,24,0.15%,0.24%,936,36,0.16%,0.25%,0.37%,6.67%,5,5,0.79%,20.83%,"40,45 €","40,45 €",1,1
B017HKGEFK,B00J64GC62,Arcos Serie Natura - Cuchillo de Verduras - Hoja de Acero Inoxidable Forjado NITRUM 125 mm - Mango de Madera Palisandro color marrón,155110_,37,0,0.01%,0.00%,45,0,0.01%,0.00%,100.00%,0.00%,1,0,2.70%,0.00%,"25,99 €","0,00 €",1,0
B0F1ZF7H1L,B00J64GECY,Arcos Cuchillo de Cocina Acero Inoxidable 130 mm,231524_,450,17,0.11%,0.17%,516,18,0.09%,0.13%,3.86%,80.00%,1,0,0.22%,0.00%,"23,49 €","0,00 €",1,0
B0F1ZF7H1L,B00J64GEEC,Arcos Riviera Blanc Cuchillo Chef Forjado Acero Inoxidable 250 mm,233724_,181,1,0.04%,0.01%,219,1,0.04%,0.01%,81.68%,0.00%,1,0,0.55%,0.00%,"43,45 €","0,00 €",1,0
B0D1CYZT7H,B00JN2S0U8,"HENDI Escurridor de frituras, con asa robusta y recipiente extraíble para los restos, patatas fritas, ø410x(H)170mm, totalmente de acero inoxidable",H630808,170,13,0.04%,0.13%,246,17,0.04%,0.12%,45.98%,0.00%,2,0,1.18%,0.00%,"93,90 €","0,00 €",1,0
B0D1CVQX4L,B00JP7NAGK,"HENDI Tabla de Cortar, Madera, marrón, 530x325mm GN 1/1",H506905,109,6,0.03%,0.06%,143,7,0.02%,0.05%,25.58%,25.00%,2,0,1.83%,0.00%,"83,50 €","0,00 €",1,0
B0DDSBBMJ1,B00OH5444W,"HENDI Tostador de cinta doble - 230V / 50Hz / 2240W - 418x368x(H)387 mm, plateado, acero inoxidable",H261309,123,23,0.03%,0.23%,209,37,0.04%,0.26%,2.23%,12.50%,5,5,4.07%,21.74%,"2.697,50 €","2.697,50 €",1,1
B00VRZ3BMG,B00VRZ3BMG,Arcos Tijeras Costura Acero Forjado 140 mm - Uso Doméstico y Profesional - Niqueladas Plata - Serie Style,502300_,42,0,0.01%,0.00%,61,0,0.01%,0.00%,100.00%,0.00%,1,0,2.38%,0.00%,"10,99 €","0,00 €",1,0
B0FWK4CNH3,B00WHV21BG,CUPERINOX TIJERAS PESCADO | TIJERAS COCINA| TIJERAS ACERO| TIJERAS | 20 CM | UTENSILIOS DE COCINA,21992_,32,2,0.01%,0.02%,44,6,0.01%,0.04%,85.29%,100.00%,1,0,3.13%,0.00%,"7,25 €","0,00 €",1,0
B0FWK4CNH3,B00WHV21BG,CUPERINOX TIJERAS PESCADO | TIJERAS COCINA| TIJERAS ACERO| TIJERAS | 20 CM | UTENSILIOS DE COCINA,21992,32,2,0.01%,0.02%,44,6,0.01%,0.04%,85.29%,100.00%,1,1,3.13%,50.00%,"7,49 €","7,49 €",1,1
B01418E5ZC,B01418E5ZC,"HENDI Cubitera para botellas, enfriador de bebidas tipo champanera, BarUp, 9,5L, ⌀350x(H)230mm, acero inoxidable",H471524,28,0,0.01%,0.00%,36,0,0.01%,0.00%,94.29%,0.00%,1,0,3.57%,0.00%,"24,49 €","0,00 €",1,0
B0F1ZF7H1L,B017DEWUDK,Arcos Cuchillo Acero Inoxidable 300 mm,233824_,139,2,0.03%,0.02%,187,4,0.03%,0.03%,55.92%,100.00%,2,2,1.44%,100.00%,"119,98 €","119,98 €",1,1
B0F1ZF7H1L,B017DLFYYK,Arcos Cuchillo Queso Acero Inoxidable Blanco 145 mm,232824,207,6,0.05%,0.06%,267,14,0.05%,0.10%,54.78%,83.33%,1,0,0.48%,0.00%,"36,09 €","0,00 €",1,0
B017DLL2KA,B017DLL2KA,"Arcos Regia Cuchillos Mesa Carne Nitrum POM Negro-Oro 4,5 pulg",375000_1Pieza,175,3,0.04%,0.03%,245,3,0.04%,0.02%,42.99%,0.00%,4,0,2.29%,0.00%,"47,96 €","0,00 €",1,0
B017DLMC7C,B017DLMC7C,Arcos Serie Toscana - Juego de Cuchillos de Lunch (3 cuchillos) - Monoblock de una pieza en Acero Inoxidable 18/10 y 185 mm - Color Plata,574800,53,0,0.01%,0.00%,63,0,0.01%,0.00%,56.90%,0.00%,2,0,3.77%,0.00%,"31,98 €","0,00 €",1,0
B019H2J21O,B019H2J21O,"Cuperinox 22531, Flanero Inoxidable 18cm con tapa",22531_us,85,0,0.02%,0.00%,106,0,0.02%,0.00%,100.00%,0.00%,1,0,1.18%,0.00%,"8,99 €","0,00 €",1,0
B089MGF35Y,B01BLN78EU,"HENDI Fuente de Chocolate de 3 Niveles, Capacidad: hasta 1,5 kg, 230 V / 46 W, Ø215x(H)375 mm, Acero Inoxidable",H274101,16,1,0.00%,0.01%,25,1,0.00%,0.01%,29.41%,0.00%,1,0,6.25%,0.00%,"69,95 €","0,00 €",1,0
B088L1YKB9,B01DY481VS,HENDI Thermobox Kitchen Line - GN 1/1-80 L - 685x485x(H)360 mm,H707944,63,14,0.02%,0.14%,112,26,0.02%,0.18%,6.59%,33.33%,1,1,1.59%,7.14%,"87,75 €","87,75 €",1,1
B088L1YKB9,B01DY485KU,HENDI Thermobox Kitchen Line - GN 1/1-46 L - 600x400x(H)320 mm,H707968,51,10,0.01%,0.10%,75,15,0.01%,0.10%,45.45%,33.33%,1,0,1.96%,0.00%,"57,25 €","0,00 €",1,0
B086X1XQXD,B06Y2B85HT,"HENDI Expositor con cubierta deslizante roll-top, Simple",H871706,213,20,0.05%,0.20%,312,26,0.05%,0.18%,29.54%,20.00%,1,1,0.47%,5.00%,"44,99 €","44,99 €",1,1
B06Y66X8SW,B06Y66X8SW,CUPERINOX® Couture Series - Tijera Costura Profesional 10 cm | Acero Inoxidable de Alta Precisión | Corte Fino para Detalles y Acabados | Uso Doméstico y Profesional,21960,13,1,0.00%,0.01%,15,1,0.00%,0.01%,100.00%,100.00%,1,1,7.69%,100.00%,"6,99 €","6,99 €",1,1
B06Y66X8SW,B06Y66X8SW,CUPERINOX® Couture Series - Tijera Costura Profesional 10 cm | Acero Inoxidable de Alta Precisión | Corte Fino para Detalles y Acabados | Uso Doméstico y Profesional,21960_fba,13,1,0.00%,0.01%,15,1,0.00%,0.01%,100.00%,100.00%,1,0,7.69%,0.00%,"6,99 €","0,00 €",1,0
B0F1N351DY,B071P2B7X5,Arcos Set 3 Cuchillos Peladores Acero Inoxidable,189622_,"1,020",27,0.24%,0.27%,"1,459",48,0.25%,0.33%,0.00%,0.00%,2,2,0.20%,7.41%,"19,48 €","19,48 €",1,1
B0728B9JLB,B0728B9JLB,Arcos Cuchillo carne/mesa con Hoja Acero Inoxidable Nitrum 110 mm. Mango ergonómico polioximetileno POM. Los bordeserrados los hacen perfectos para cortar. Serie Mesa. Color azul.,373723,158,3,0.04%,0.03%,206,3,0.04%,0.02%,27.42%,66.67%,2,0,1.27%,0.00%,"32,58 €","0,00 €",1,0
B0761194MW,B0761194MW,VINFER Wins 020 Desengrasante Concentrado Profesional para la Limpieza de planchas de Cocina y hornos. Botella 5 Lt,WINS020,10,0,0.00%,0.00%,11,0,0.00%,0.00%,90.91%,0.00%,1,0,10.00%,0.00%,"17,99 €","0,00 €",1,0
B07878SB8W,B07878SB8W,WINS – Fregasuelos Limpiador Amoniacal Pino 018 | Garrafa 5 L | Friegasuelos Perfumado para Suelos y Superficies Lavables | Uso General | 100% Made in Spain,WINS018,42,4,0.01%,0.04%,52,4,0.01%,0.03%,95.92%,100.00%,1,0,2.38%,0.00%,"12,95 €","0,00 €",1,0
B0788P3W3W,B0788P3W3W,WINS – Abrillantador Máquinas Lavavajillas Profesional 013 | Garrafa 5 L | Secado Rápido y Brillo sin Marcas en Vajilla | Uso Profesional | 100% Made in Spain,WINS013_5L,31,0,0.01%,0.00%,40,0,0.01%,0.00%,43.59%,0.00%,4,4,12.90%,0.00%,"66,00 €","66,00 €",1,1
B0FWK4CNH3,B0799Z54MP,CUPERINOX Tijeras Cocina Profesional |Mango ergonómico para máxima comodidad| Tijeras 21 cm |Tijeras de Trinchar | Tijeras Pollo | Tijera Pescado | Tijera Acero Inoxidable| Apto Lavavajillas,21982_,39,2,0.01%,0.02%,54,2,0.01%,0.01%,97.87%,0.00%,1,0,2.56%,0.00%,"7,99 €","0,00 €",1,0
B09JPSTVBC,B07B8MQZTW,Arcos Serie Riviera Rose - Cuchillo Mondador - Hoja de Acero Inoxidable Forjado NITRUM 100 mm - Mango de Polioximetileno (POM) Color Rosa,230254,70,1,0.02%,0.01%,105,1,0.02%,0.01%,95.35%,100.00%,1,0,1.43%,0.00%,"19,99 €","0,00 €",1,0
B0FR444FLT,B07C7YV74X,Arcos Manhattan Cuchillo Trinchar Acero Jamón y Carne 250 mm,161900,88,2,0.02%,0.02%,108,2,0.02%,0.01%,97.67%,100.00%,1,0,1.14%,0.00%,"34,99 €","0,00 €",1,0
B07CZP72RF,B07CZP72RF,"HENDI Horno de Convección Profesional H90S con Humidificación manual, 2670W, incl. 4 Bandejas de Aluminio, 2 Ventiladores, 50-300°C, Puerta Doble Cristal, 230V, 595x595x(H)570mm, Acero Inoxidable",H227077,17,5,0.00%,0.05%,24,6,0.00%,0.04%,100.00%,100.00%,1,1,5.88%,20.00%,"649,00 €","649,00 €",1,1
B07TXLLKPD,B07D4TDV32,"HENDI Cortador eléctrico para kebab, shawarma, gyros, corte ajustable 0-8mm, cuchilla: 2600 rpm, cuchillo eléctrico profesional para cortar carne, 80W, 60kg/h, 230V, 202x125x(H)182mm, acero inoxidable",H267240,32,2,0.01%,0.02%,49,2,0.01%,0.01%,66.67%,0.00%,1,0,3.13%,0.00%,"148,75 €","0,00 €",1,0
B08PP2X5WL,B07D4TGPKB,"HENDI Cortador cuchillo inalámbrico para kebab, shawarma, gyros, espesor de corte ajustable 0-8mm, cuchilla: 2600 rpm, 2 baterías de 2000mAh, 80W, 60kg/h, 240V, 199x125x(H) 184mm, acero inoxidable",H267257,14,0,0.00%,0.00%,19,0,0.00%,0.00%,100.00%,0.00%,1,0,7.14%,0.00%,"247,00 €","0,00 €",1,0
B0CQP7T8M6,B07D73FVBJ,"HENDI Sartén de freír, fondo de inducción, apto para todas las fuentes de calor y hornos hasta 260 °C, recubrimiento antiadherente, mango largo remachado, base 300 mm, diámetro 390x(h)50 mm, aluminio",H627655,3,1,0.00%,0.01%,4,2,0.00%,0.01%,100.00%,100.00%,1,1,33.33%,100.00%,"59,75 €","59,75 €",1,1
B0DK3GXXJK,B07D7659TR,"HENDI Tamizador para Harina, Tamiz con Malla Fina, Colador de Cocina Apto para Lavavajillas, ⌀250x(H)75mm, Acero Inoxidable",H637807,6,2,0.00%,0.02%,9,5,0.00%,0.03%,87.50%,75.00%,1,1,16.67%,50.00%,"16,99 €","16,99 €",1,1
B0CTHQG9QZ,B07DB3C9JY,"HENDI Recipiente Gastronorm GN 1/1 con asas, Budget Line, resistencia térmica -40 °C a 250 °C, apto para horno y baño maría, 28L, 530x325x(H) 200mm, acero inoxidable",H817155,39,10,0.01%,0.10%,62,23,0.01%,0.16%,17.24%,30.00%,6,6,15.38%,60.00%,"209,94 €","209,94 €",1,1
B0CTCW7QFZ,B07DC7ZX3W,HENDI Recipiente Gastronorm 1/1 - PC - Transparente - 28 L - 530x325x(H) 200 mm,H861202,6,0,0.00%,0.00%,8,0,0.00%,0.00%,85.71%,0.00%,1,0,16.67%,0.00%,"34,15 €","0,00 €",1,0
B0FR444FLT,B07DFK4T6L,"Arcos Cuchillo Deshuesador Profesional - Hoja Silk Edge Acero Inoxidable Nitrum 160 mm, Precisión y Durabilidad, Mango Ergonómico POM Negro, Serie Manhattan",162600_,103,1,0.02%,0.01%,144,1,0.02%,0.01%,95.41%,0.00%,1,0,0.97%,0.00%,"27,99 €","0,00 €",1,0
B0FR444FLT,B07DFNDYFM,Arcos Cuchillo pescado Forgedole Acero Inoxidable forjado. Mango Micarta y borseda especial con Hoja plateada 190 mm. Serie Manhattan. Color negro. Impresiona yorprencon cada corte.,161400_,78,1,0.02%,0.01%,89,1,0.02%,0.01%,98.46%,0.00%,1,0,1.28%,0.00%,"25,99 €","0,00 €",1,0
B07G76CQC2,B07G76CQC2,"Arcos Cuchillos de Mesa Caja de 24 uds Chuletero, Hoja de Acero Inoxidable Nitrum 110 mm, Mango de Nylon, Color Marrón (24 uds)",804000_24piezas,18,0,0.00%,0.00%,19,0,0.00%,0.00%,94.44%,0.00%,1,0,5.56%,0.00%,"44,99 €","0,00 €",1,0
B07G78Y7FB,B07G78Y7FB,"Arcos Serie Cuchillos de Mesa Caja 12 uds Cuchillo Chuletero, Hoja Serrada de Acero Inoxidable NITRUM de 110 mm, Mango Madera comprimida Color marrón (12 UDS)",371500_fbm,44,2,0.01%,0.02%,89,10,0.02%,0.07%,54.79%,50.00%,1,0,2.27%,0.00%,"49,99 €","0,00 €",1,0
B07G79YS6D,B07G79YS6D,"Arcos Serie Cuchillos de Mesa Caja 12 uds Cuchillo Chuletero, Hoja Filo de Acero Inoxidable NITRUM de 110 mm, Mango Madera comprimida Color marrón (12 UDS)",373200_fbm,53,1,0.01%,0.01%,86,1,0.01%,0.01%,71.79%,100.00%,1,0,1.89%,0.00%,"67,44 €","0,00 €",1,0
B0DN1W6N4N,B07GQ354HR,"HENDI Jarra, para batidoras licuadoras HENDI 230718-230695-230688-230213-230602-230664, 2,5L, juego completo: cuchillas-jarra-tapas, batidos-cócteles-postres, 200x170x(H)360mm, policarbonato",H943489,40,5,0.01%,0.05%,42,5,0.01%,0.03%,60.00%,0.00%,1,0,2.50%,0.00%,"99,99 €","0,00 €",1,0
B0B3F4QXML,B07JWJ5LDH,Arcos Serie Clasica - Juego de Cuchillos Chuleteros (6 piezas) - Acero Inoxidable Forjado NITRUM - Mango POM - Color Negro,_854500_,112,0,0.03%,0.00%,125,0,0.02%,0.00%,97.94%,0.00%,1,0,0.89%,0.00%,"84,99 €","0,00 €",1,0
B07MDGR8G1,B07MDGR8G1,CUPERINOX® Couture Series - Tijera Costura Profesional 15 cm | Acero Inoxidable Irrompible | Mango Ergonómico Antideslizante | Corte Preciso y Duradero,21950_us,6,0,0.00%,0.00%,15,0,0.00%,0.00%,53.33%,0.00%,1,0,16.67%,0.00%,"7,99 €","0,00 €",1,0
B07MZHDK6L,B07MZHDK6L,"HENDI Descalcificador de agua, 8L",H231210,85,8,0.02%,0.08%,117,10,0.02%,0.07%,47.96%,0.00%,1,0,1.18%,0.00%,"119,75 €","0,00 €",1,0
B0FR444FLT,B07N8TV9CC,Arcos Brooklyn Cuchillo Rebanar Jamonero Forjado Micarta Azul 250 mm,191923_,90,2,0.02%,0.02%,119,2,0.02%,0.01%,56.60%,100.00%,1,0,1.11%,0.00%,"43,99 €","0,00 €",1,0
B07N8VHFLF,B07N8VHFLF,Arcos - Cubertería Burdeos Arcos 24 piezas,592400_,113,1,0.03%,0.01%,156,1,0.03%,0.01%,100.00%,100.00%,1,0,0.88%,0.00%,"72,99 €","0,00 €",1,0
B07N8WHPP7,B07N8WHPP7,"Arcos Lira de Queso Profesional - Corte Preciso para Quesos - Estructura y Mango de Acero Inoxidable, 210 mm - Herramienta de Cocina Esencial, Color Gris",795100,12,2,0.00%,0.02%,12,2,0.00%,0.01%,91.67%,100.00%,5,5,41.67%,250.00%,"114,75 €","114,75 €",1,1
B07N8WPHN7,B07N8WPHN7,"Arcos Serie Clasica, Juego de Cuchillos de 4 piezas en Caja de Regalo, 3 Cuchillos + Tijera, Hoja de Acero Inoxidable Forjado Nitrum, Mango de Polioximetileno, POM, Bloque de madera color Marrón",258700_2,35,1,0.01%,0.01%,48,1,0.01%,0.01%,100.00%,0.00%,1,0,2.86%,0.00%,"73,99 €","0,00 €",1,0
B092TQ1P72,B07NDSZJQY,"Arcos Serie Cuchillos de Mesa Caja 12 uds Cuchillo Chuletero, Hoja Serrada de Acero Inoxidable NITRUM de 115 mm, Mango Polioximetileno Color negro (12 UDS)",374800_12piezas,21,0,0.01%,0.00%,28,0,0.00%,0.00%,95.83%,0.00%,5,0,23.81%,0.00%,"374,95 €","0,00 €",1,0
B0F4X5PQYD,B07PRXR5XR,"HENDI Cesta de lavavajillas Profesional para Vasos, Formato Cuadrado, Estructura Abierta para circulación de Agua, 405x405x(H) 150mm, Polipropileno",H871331,99,6,0.02%,0.06%,166,16,0.03%,0.11%,20.45%,11.11%,1,0,1.01%,0.00%,"20,75 €","0,00 €",1,0
B07Q6FZTR2,B07Q6FZTR2,"HENDI Lavavajillas industrial, para cestas 40x40cm, con control electromecánico, máquina lavaplatos lavavasos lavacopas, 230V, 2800W, 470x510x(H)710mm, acero inoxidable",H230299,24,5,0.01%,0.05%,28,7,0.00%,0.05%,100.00%,100.00%,1,1,4.17%,20.00%,"1.525,00 €","1.525,00 €",1,1
B07T7HKST6,B07T7HKST6,CUPERINOX Juego de Cuchillos de cocina | 6 Piezas | Cuchillos Cocina Profesional | Set cuchillos cocina | Incluye tijeras cocina | Acero Inoxidable,19511FBM,19,0,0.00%,0.00%,29,0,0.00%,0.00%,100.00%,0.00%,1,0,5.26%,0.00%,"44,95 €","0,00 €",1,0
B07YXBGV8C,B07YXBGV8C,Arcos Riviera Blanc Set 3 Cuchillos Forjados Acero Inoxidable Nitrum,807511_,40,1,0.01%,0.01%,54,1,0.01%,0.01%,89.13%,100.00%,1,0,2.50%,0.00%,"59,99 €","0,00 €",1,0
B0FR444FLT,B07ZJ9HVTL,"Arcos Set Jamonero 3 Piezas - Cuchillo Jamonero, Deshuesador y Afilador - Acero Inoxidable Forjado - Mango POM Negro Resistente - Funda Jamonero Incluida - Serie Manhattan",858500+Funda_Jamon,90,3,0.02%,0.03%,96,4,0.02%,0.03%,96.61%,100.00%,1,0,1.11%,0.00%,"89,99 €","0,00 €",1,0
B0CTCT53R8,B082PGFHS9,"HENDI Recipiente GN 2/1, contenedor GN,apilable,resistente a Temperaturas de -40° a 300°C,apto para hornos,congeladores,calientaplatos,baño María,58L,650x530x(H) 200mm,acero inoxidable 18/10",H801109,13,3,0.00%,0.03%,23,10,0.00%,0.07%,94.74%,100.00%,1,1,7.69%,33.33%,"149,89 €","149,89 €",1,1
B082VWVDMX,B082VWVDMX,HENDI Cesta para baguetes - 305x320x(H)350 mm,H426517,15,1,0.00%,0.01%,24,1,0.00%,0.01%,90.91%,0.00%,2,0,13.33%,0.00%,"81,00 €","0,00 €",1,0
B0FQNZM34T,B0843D965B,Arcos Cuchillo Chef Acero Inoxidable. Cuchillo Cocina Profesional multipropósito para Cortar y Limpiar Verduras. Mango ergonómico polioximetileno y Hoja 210 mm. Serie Opera. Color Negro.,225100_fbm,95,1,0.02%,0.01%,115,1,0.02%,0.01%,95.92%,100.00%,1,0,1.05%,0.00%,"38,88 €","0,00 €",1,0
B0FQNZM34T,B0843PT8MC,Arcos Cuchillo pelar Acero Inoxidable. Cuchillo cocina para pelar frutas y verduras. Mango ergonómico polioximetileno y Hoja 100 mm. Serie Opera. Color negro.,_225700_,80,0,0.02%,0.00%,90,0,0.02%,0.00%,82.35%,0.00%,1,0,1.25%,0.00%,"20,99 €","0,00 €",1,0
B0FQNZM34T,B0843VWTWD,Arcos Cuchillo Chef Acero Inoxidable. Cuchillo cocina profesional multipropósito para cortar y limpiar verduras. Mango ergonómico polioximetileno y Hoja 260 mm. Serie Opera. Color negro.,225300_fbm,69,0,0.02%,0.00%,94,0,0.02%,0.00%,98.81%,0.00%,1,0,1.45%,0.00%,"42,99 €","0,00 €",1,0
B08VS4FCLN,B08CY5ZRD7,"Arcos Serie Maitre - Juego Cuchillo de cocina 4 piezas, (3 cuchillos + 1 tijeras) Hoja de Acero Inoxidable NITRUM 80 mm, Mango Polipropileno Negro",152610,143,2,0.03%,0.02%,158,2,0.03%,0.01%,100.00%,100.00%,1,0,0.70%,0.00%,"39,99 €","0,00 €",1,0
B08WR6CHHN,B08JC8DSP6,Arcos Cuchillos Chuleteros cuchillos chuleteros acero inoxidable filo liso juego cuchillos chuleteros | 6 PZAS cuchillo chuletero | Hoja 110 mm |cuchillos carne Envase Eco,815800_,55,2,0.01%,0.02%,71,3,0.01%,0.02%,100.00%,100.00%,1,0,1.82%,0.00%,"39,99 €","0,00 €",1,0
B08TLR4Z27,B08M3DQFHM,Arcos jamonero Profesional | Cuchillo jamonero jamonero Inoxidable Nitrum | Mango Negro | Cuchillo Jamon iberico | Serie Maitre| Hoja Flexible y Filo Liso | 275 mm | Acero Inoxidable NITRUM,151210_fbm,116,5,0.03%,0.05%,155,5,0.03%,0.03%,100.00%,100.00%,1,0,0.86%,0.00%,"15,49 €","0,00 €",1,0
B08M99RZRV,B08M99RZRV,Arcos | Cuchillo Jamonero Cuchillo deshuesador | 2 Uds | Set cuchillos jamoneros 250 mm y cuchillo deshuesador (140 mm) jamonero profesional | cuchillo carnicero profesional | Eco,703800fbm,662,11,0.16%,0.11%,829,14,0.14%,0.10%,99.33%,100.00%,1,0,0.15%,0.00%,"40,99 €","0,00 €",1,0
B08MTWQWZZ,B08MTWQWZZ,Arcos Cuchillo Cocinero Profesional Acero Inoxidable 160mm,165900_fbm,201,4,0.05%,0.04%,263,4,0.05%,0.03%,40.34%,0.00%,1,0,0.50%,0.00%,"25,99 €","0,00 €",1,0
B08WR6CHHN,B08MW17PLN,Arcos Juego Cuchillos Carne | 6 Piezas | Cuchillo chuleteros | Hoja 110 mm | monoblock | Cuchillo en 1 Sola Pieza | Cuchillos Carne Cubiertos Acero Inoxidable | Caja Envase Ecológico (Sierra Laser),815900FBM,39,1,0.01%,0.01%,43,1,0.01%,0.01%,100.00%,100.00%,1,0,2.56%,0.00%,"39,99 €","0,00 €",1,0
B0CQLNJVKL,B08TWZDX2B,"Arcos Thera Sartén Antiadherente de 30 Cm para Inducción, Gas y Vitrocerámica. Sartén de Cocina Grande de Aluminio Fundido con Mango Ergonómico Extraíble y Apta para Lavavajillas. Color Negro y Azul",718600,62,1,0.01%,0.01%,79,3,0.01%,0.02%,90.91%,0.00%,1,0,1.61%,0.00%,"44,50 €","0,00 €",1,0
B0CQLQ57BT,B08TWZGJ69,"Arcos Cazo Antiadherente 20 cm Aluminio Fundido para Todo Tipo de Cocinas, Mango Ergonómico, Ahorro Energético, Apto Lavavajillas, Negro/Azul, Serie Thera",719200,78,4,0.02%,0.04%,102,5,0.02%,0.03%,65.93%,50.00%,1,0,1.28%,0.00%,"31,46 €","0,00 €",1,0
B0CQM2K3QY,B08TWZLD4R,"Arcos Thera Olla Grande de Cocina de 32 Cm y 9,3 L. Cacerola Alta para Inducción, Gas y Vitro. Olla de Aluminio Fundido con Tapa de Cristal y Mango Extraíble. Apta Lavavajillas. Color Negro Azul",718900,129,1,0.03%,0.01%,154,1,0.03%,0.01%,13.87%,0.00%,1,0,0.78%,0.00%,"77,14 €","0,00 €",1,0
B0CQLNJVKL,B08TWZR9Y6,"Arcos Thera Sartén Antiadherente de 20 Cm para Inducción, Gas y Vitrocerámica. Sartén de Cocina Pequeña de Aluminio Fundido con Mango Ergonómico Extraíble y Apta para Lavavajillas. Color Negro y Azul",718200,206,4,0.05%,0.04%,274,4,0.05%,0.03%,31.28%,0.00%,1,0,0.49%,0.00%,"26,99 €","0,00 €",1,0
B0CQLP3WHM,B08TWZRRGR,"Arcos Thera Sarten Grill Antiadherente de 28x28 Cm para Inducción, Gas y Vitrocerámica. Grill de Aluminio Fundido con Mango Ergonómico Extraíble y Apta para Lavavajillas. Color Negro y Azul",719400,53,1,0.01%,0.01%,61,1,0.01%,0.01%,65.45%,0.00%,1,0,1.89%,0.00%,"50,75 €","0,00 €",1,0
B0CQLNJVKL,B08TWZX8LY,Arcos Thera Sartén Antiadherente Aluminio Fundido 18 cm,718100,167,4,0.04%,0.04%,233,5,0.04%,0.03%,26.44%,66.67%,1,0,0.60%,0.00%,"23,95 €","0,00 €",1,0
B0CQM2K3QY,B08TX19NTQ,"Arcos Thera Olla Grande de Cocina de 28 Cm y 6,6 L. Cacerola Alta para Inducción, Gas y Vitro. Olla de Aluminio Fundido con Tapa de Cristal y Mango Extraíble. Apta Lavavajillas. Color Negro Azul",718800,162,4,0.04%,0.04%,223,5,0.04%,0.03%,47.83%,100.00%,1,0,0.62%,0.00%,"69,95 €","0,00 €",1,0
B0CQLP3WHM,B08TX1S5W4,"Arcos Grill Antiadherente Aluminio Fundido 34x26 cm, Apto para Todas las Cocinas, Asas Silicona, Ahorro Energético, Lavavajillas, Negro/Azul, Serie Thera",719500,107,2,0.03%,0.02%,179,4,0.03%,0.03%,40.25%,0.00%,1,0,0.93%,0.00%,"57,50 €","0,00 €",1,0
B095YY8KQ9,B095YY8KQ9,VINFERMATÓN - Insecticida Moscas y Mosquitos Efecto Inmediato Perfume Limón 600ml,MATONZAUL,31,3,0.01%,0.03%,38,3,0.01%,0.02%,90.91%,66.67%,2,0,6.45%,0.00%,"20,30 €","0,00 €",1,0
B0987KNJLQ,B0987KNJLQ,Arcos | cuchillos de mesa cuchillo mesa FILO LISO | 6 Piezas cuchillo chuletero | mango monoblock | Acero Inoxidable | Envase Eco,814100_fba,41,2,0.01%,0.02%,49,2,0.01%,0.01%,100.00%,100.00%,1,0,2.44%,0.00%,"29,99 €","0,00 €",1,0
B09DPRCMTF,B0987MG3JQ,Arcos Juego Cuchillos Carne | Cuchillo chuleteros | Cuchillos Carne Cuchillos Mesa | 6 Uds | Hoja 110 mm | Acero Inoxidable | Mango Nylon | Apto lavavajillas | Envase Ecológico (Filo Liso),814200FBM,85,4,0.02%,0.04%,109,4,0.02%,0.03%,100.00%,100.00%,1,0,1.18%,0.00%,"19,99 €","0,00 €",1,0
B09DPRCMTF,B0987MG3JQ,Arcos Juego Cuchillos Carne | Cuchillo chuleteros | Cuchillos Carne Cuchillos Mesa | 6 Uds | Hoja 110 mm | Acero Inoxidable | Mango Nylon | Apto lavavajillas | Envase Ecológico (Filo Liso),814200_fba,85,4,0.02%,0.04%,109,4,0.02%,0.03%,100.00%,100.00%,1,0,1.18%,0.00%,"19,99 €","0,00 €",1,0
B09KJLG7BT,B098XWCFXT,CUPERINOX Jamonero Profesional | soporte de jamon | 5 Piezas | tabla jamonera | soporte jamonero | Kit Jamonero (tabla + cuchillo + afilador + pinza + cubre jamon,20229FBM,168,1,0.04%,0.01%,201,1,0.03%,0.01%,100.00%,100.00%,1,0,0.60%,0.00%,"54,99 €","0,00 €",1,0
B09KJLG7BT,B098XWCFXT,CUPERINOX Jamonero Profesional | soporte de jamon | 5 Piezas | tabla jamonera | soporte jamonero | Kit Jamonero (tabla + cuchillo + afilador + pinza + cubre jamon,20229_,168,1,0.04%,0.01%,201,1,0.03%,0.01%,100.00%,100.00%,1,0,0.60%,0.00%,"52,24 €","0,00 €",1,0
B099K9DLHY,B099K9DLHY, ,WINS010,19,1,0.00%,0.01%,28,1,0.00%,0.01%,85.71%,100.00%,1,1,5.26%,100.00%,"17,98 €","17,98 €",1,1
B09F9MH34D,B09F9MH34D,"Arcos Serie Cuchillos de Mesa Chuleteros, Mango de Polipropileno, Hoja 110 mm, Apto para Lavavajillas, Negro, 6 Piezas",805109_6piezas,125,0,0.03%,0.00%,168,0,0.03%,0.00%,98.62%,0.00%,1,0,0.80%,0.00%,"13,99 €","0,00 €",1,0
B09HQTWWPB,B09HQT6SZ6,Arcos Clara Cuchillo Jamonero Forjado Acero Inoxidable Nitrum 250 mm,211900_us,80,3,0.02%,0.03%,87,3,0.01%,0.02%,97.56%,100.00%,1,0,1.25%,0.00%,"25,49 €","0,00 €",1,0
B09NC818YZ,B09NC818YZ,"HENDI Arrocera, Función de Mantenimiento del Calor, 50 Tazas de Arroz Seco, Vaso Medidor y Cuchara Arrocera, 230V, 2900W, ø495x(H)365mm, Aluminium, 10L",H240458,49,5,0.01%,0.05%,63,10,0.01%,0.07%,71.93%,0.00%,1,0,2.04%,0.00%,"198,00 €","0,00 €",1,0
B0FJRVHBWH,B09P8KYJFW,"CUPERINOX Tijeras peluqueria profesional 16,5cm | Tijeras entresacar dentadas vaciar pelo texturizar cabello | Barbero estilista hombre mujer | afiladas acero inoxidable | Uso doméstico y salón",21864,3,1,0.00%,0.01%,3,1,0.00%,0.01%,33.33%,100.00%,1,1,33.33%,100.00%,"9,99 €","9,99 €",1,1
B09P8M12S3,B09P8M12S3,"CUPERINOX® Couture Series - Tijera Costura Profesional 12,5 cm | Acero Inoxidable de Alta Precisión | Corte Fino y Duradero | Uso Doméstico y Profesional",21961,17,1,0.00%,0.01%,20,2,0.00%,0.01%,15.00%,100.00%,5,5,29.41%,500.00%,"34,95 €","34,95 €",1,1
B0DK3JR7C3,B09S5NQQQT,"HENDI Mezclador Profesional de Bebidas, Aireador/Batidor de Bebidas Ligeras, Frappés, Capuchinos Fríos, Drink Mixer, Incluye 2 Vasos y 4 Agitadores, 230V/400W, 170x196x(H)490mm, Negro",H221600,60,0,0.01%,0.00%,73,0,0.01%,0.00%,87.88%,0.00%,1,0,1.67%,0.00%,"158,75 €","0,00 €",1,0
B0CRDY65RY,B09T6JQQZS,"Arcos Cacerola Antiadherente 16 cm 1.5 L - Full Induction para Todo Tipo de Cocinas, Asas Acero Inoxidable Efecto Frío, Apta Lavavajillas, Ahorro Energético, Serie Samoa",716810,177,4,0.04%,0.04%,213,4,0.04%,0.03%,82.23%,50.00%,1,0,0.56%,0.00%,"31,75 €","0,00 €",1,0
B09WYZHGQF,B09WYZHGQF,Arcos Nordika Juego 3 Cuchillos para Queso Acero Inoxidable Nitrum,167200_us,100,11,0.02%,0.11%,130,17,0.02%,0.12%,15.04%,0.00%,1,0,1.00%,0.00%,"69,89 €","0,00 €",1,0
B08VRP7CR7,B09XMVTWLT,Arcos Juego Cuchillos Carne | 6 Piezas | Cuchillos Carne Cuchillo chuleteros | Cubiertos Acero Inoxidable | Hoja 110 mm | Mango Redondo y Forma Ovalada | monobock | Caja Envase Ecológico (Filo Liso),830000_,124,7,0.03%,0.07%,183,10,0.03%,0.07%,100.00%,100.00%,1,0,0.81%,0.00%,"31,34 €","0,00 €",1,0
B0B2RGHSMW,B0B2RGHSMW,"HENDI Cesta para Freír, 6L, 238x185x(H)100mm",H930632,110,11,0.03%,0.11%,189,19,0.03%,0.13%,7.89%,0.00%,1,0,0.91%,0.00%,"24,76 €","0,00 €",1,0
B0B42QTHTP,B0B42QTHTP,CUPERINOX | Tijeras de pescado 18 cm | Tijeras Cocina | tijeras de cocinero profesional para aves pescado carne caza| Accesorios de cocina,21991_,30,0,0.01%,0.00%,34,0,0.01%,0.00%,62.50%,0.00%,1,0,3.33%,0.00%,"6,25 €","0,00 €",1,0
B0FWK4CNH3,B0B42QTHTP,CUPERINOX | Tijeras de pescado 18 cm | Tijeras Cocina | tijeras de cocinero profesional para aves pescado carne caza| Accesorios de cocina,21991,41,3,0.01%,0.03%,54,4,0.01%,0.03%,82.61%,100.00%,1,1,2.44%,33.33%,"6,49 €","6,49 €",1,1
B0FWK4CNH3,B0B42QTHTP,CUPERINOX | Tijeras de pescado 18 cm | Tijeras Cocina | tijeras de cocinero profesional para aves pescado carne caza| Accesorios de cocina,21991_,41,3,0.01%,0.03%,54,4,0.01%,0.03%,82.61%,100.00%,1,0,2.44%,0.00%,"6,25 €","0,00 €",1,0
B0B464Q8VS,B0B464Q8VS,CUPERINOX® Kitchen Pro | Tijeras de Cocina Profesional 21 cm Tijeras de Trinchar Carne y Pescado Acero Inoxidable Mango Ergonómico Apto Lavavajillas,21981,31,1,0.01%,0.01%,39,1,0.01%,0.01%,100.00%,100.00%,3,0,9.68%,0.00%,"29,97 €","0,00 €",1,0
B0B4B6B16Z,B0B4B6B16Z,CUPERINOX | Tijeras de manicura para uñas | Tijera corta uñas de punta redondeada para las uñas de las manos | Fabricado en Acero Inoxidable 9 cm,21939,28,0,0.01%,0.00%,40,0,0.01%,0.00%,28.95%,0.00%,2,0,7.14%,0.00%,"19,98 €","0,00 €",1,0
B0CL3H7NJC,B0BHJ4NDXK,"HENDI Parrilla Eléctrica de Contacto XL, Grill/Plancha Panini y Sandwichera Profesional, Placas Acanaladas de Hierro Fundido Esmaltado, 230V, 2700W, 540x424x(H)216mm, Acero Inoxidable",H263624,15,0,0.00%,0.00%,22,0,0.00%,0.00%,100.00%,0.00%,1,0,6.67%,0.00%,"465,00 €","0,00 €",1,0
B0BRSYXXRN,B0BRSYXXRN,"HENDI Cesta para Freír, 10L, 280x210x(H)140mm",H961247,27,6,0.01%,0.06%,41,10,0.01%,0.07%,92.11%,70.00%,1,0,3.70%,0.00%,"41,99 €","0,00 €",1,0
B0C49YM5CJ,B0C49YM5CJ,Arcos Serie Nordika - Cuchillo Deba - Acero Inoxidable NITRUM - Hoja de 170 mm - Mango de Madera Ovengkol 100% natural de bosques certificados FSC® - Embalaje 100% reciclado,168100,17,0,0.00%,0.00%,19,0,0.00%,0.00%,94.44%,0.00%,1,0,5.88%,0.00%,"47,99 €","0,00 €",1,0
B0C5XQ76DR,B0C5XQ76DR,Arcos Soporte de Cuchillos Petra - Hecho de piedra caliza y madera - 28x36x7 cm - Capacidad 6 cuchillos (CUCHILLOS NO INCLUIDOS),795500,81,7,0.02%,0.07%,106,10,0.02%,0.07%,95.70%,100.00%,1,0,1.23%,0.00%,"194,50 €","0,00 €",1,0
B0CVH8PC99,B0CQRMMMR5,CUPERINOX Cuchillos Carne | Cuchillos Mesa | Cuchillos Chuleteros | 6 Piezas | Hoja Serrada | Mango Polipropileno | Acero Inoxidable | 11 cm,99921,27,1,0.01%,0.01%,32,1,0.01%,0.01%,100.00%,100.00%,1,0,3.70%,0.00%,"8,49 €","0,00 €",1,0
B0DB5X7S4H,B0DB5X7S4H,Arcos Serie Riviera - Juego Cuchillos Cocina 3 piezas (1 Cuchillo Mondador + 1 Santoku + 1 Cuchillo de Chef) - Hoja de Acero Inoxidable Forjado NITRUM - Mango de Polioximetileno (POM) - Color Negro,2340100,48,2,0.01%,0.02%,69,3,0.01%,0.02%,86.76%,100.00%,1,0,2.08%,0.00%,"99,99 €","0,00 €",1,0
B0DG2QX9YD,B0DG2QX9YD,"HENDI Dispensador isotérmico de bebidas, 9L",H425336,97,7,0.02%,0.07%,156,8,0.03%,0.06%,43.18%,14.29%,1,0,1.03%,0.00%,"53,43 €","0,00 €",1,0
B0DKP7F29P,B0DJC1RQ9T,"Arcos Serie Samoa Iconic | Cacerola Antiadherente Cerámico 20 cm y 2,6 L | Aluminio Forjado | Apta cualquier cocina | Mango Acero Inoxidable | Color Negro | LIBRE DE (PFOA/PTFE/PFOS)",716922,255,0,0.06%,0.00%,306,0,0.05%,0.00%,82.27%,0.00%,1,0,0.39%,0.00%,"54,95 €","0,00 €",1,0
B0DNNKT1W2,B0DNNJCHQP,"Cuperinox-Tetera de Cristal con Infusor para Té e Infusiones, Resistente al Calor y Compatible con Microondas ** - Infusion Prestige Collection (950 ml)",26113,193,10,0.05%,0.10%,277,11,0.05%,0.08%,99.58%,100.00%,1,0,0.52%,0.00%,"19,99 €","0,00 €",1,0
B0DPKXM18X,B0DNQXN97X,CUPERINOX Soporte Jamonero Inoxidable | Jamonero Plegable | Jamonero Giratorio | Jamonero Profesional | Cuchillo Jamonero Profesional y Afilador,20250_fbm,"1,465",52,0.35%,0.52%,"1,821",63,0.31%,0.44%,18.30%,7.14%,1,0,0.07%,0.00%,"72,99 €","0,00 €",1,0
B0DVT6KPDV,B0DT73LYPQ,"CUPERINOX Cuchillos Montessori | Set de Cuchillos Infantiles de 16 Piezas | Cuchillos Niños Aprendizaje +2 Años | Incluye Delantal, Guante de Seguridad, Moldes Tabla de Cortar | Kids Collection",27016_,98,0,0.02%,0.00%,141,0,0.02%,0.00%,100.00%,0.00%,1,1,1.02%,0.00%,"19,99 €","19,99 €",1,1
B0DVT6KPDV,B0DT75PQN7,"CUPERINOX Kit Cocina Montessori | Cuchillos Niños Aprendizaje +2 Años | Set Completo de Cuchillos Infantiles de 17 Piezas | Incluye Tijeras, Moldes, Batidor, Tabla y Cuchillo Seguro",27017,76,1,0.02%,0.01%,103,3,0.02%,0.02%,100.00%,100.00%,2,2,2.63%,200.00%,"31,96 €","31,96 €",1,1
B0DTK8VD9V,B0DTK8VD9V,"HENDI Freidora eléctrica XL GOLIATH, con grifo de vaciado, 50 °C-190 °C, zona fría, con tapa y cesta de freír, 10L, muy potente: 10200W, 400V, 300x585x(H)392mm, acero inoxidable",H209431,10,1,0.00%,0.01%,24,1,0.00%,0.01%,94.74%,0.00%,1,0,10.00%,0.00%,"449,00 €","0,00 €",1,0
B0DTK92FQV,B0DTK92FQV,"HENDI Baño María Eléctrico con Grifo, 3x GN 1/3 con Tapas",H238868,10,2,0.00%,0.02%,19,4,0.00%,0.03%,100.00%,100.00%,1,1,10.00%,50.00%,"175,00 €","175,00 €",1,1
B0DTKB63SV,B0DTKB63SV,"HENDI Batidora de mano, con cable en espiral, brazo batidor: 225mm, velocidad variable: 8500 a 16500 RPM, procesa hasta 3L, batidora de inmersión, ø65x(H)425mm, 220V/1000W, acero inoxidable, ABS",H221181,15,2,0.00%,0.02%,36,2,0.01%,0.01%,64.71%,0.00%,1,0,6.67%,0.00%,"99,50 €","0,00 €",1,0
B0DVG51R3F,B0DVG51R3F,"HENDI Baño María Eléctrico, 3x GN 1/3 con Tapas",H238967,20,2,0.00%,0.02%,23,2,0.00%,0.01%,100.00%,100.00%,1,0,5.00%,0.00%,"162,50 €","0,00 €",1,0
B0DPLG5V7Q,B0DWN63DN4,CUPERINOX Tazas de Espresso de Cristal - Vaso cafe - Vaso Cristal - 80ml (Set de 4) - Apto para Lavavajillas y Microondas - Aroma Series,26120_2packs,23,0,0.01%,0.00%,27,0,0.00%,0.00%,100.00%,0.00%,1,0,4.35%,0.00%,"15,99 €","0,00 €",1,0
B0FJLTDB9J,B0F95HH915,"Alicates para pedicura, Profesional, Cortaúñas de Pies, Acero Inoxidable, Mango Ergonómico Antideslizante, Fácil Limpieza, Con Funda, 2 Años de Garantía (Cortauñas Grande)",A10001,39,1,0.01%,0.01%,42,1,0.01%,0.01%,100.00%,100.00%,1,0,2.56%,0.00%,"5,99 €","0,00 €",1,0
B0FJLTDB9J,B0F9LGKSXC,CUPERINOX Set 4 Herramientas Manicura y Pedicura|Alicate Pedicuro+Cortauñas Grande+Cortaúñas Mediano con Llavero+Tijera Punta Redonda|Acero Inoxidable Profesional|Uso Doméstico y Viaje,A10003,56,2,0.01%,0.02%,58,2,0.01%,0.01%,100.00%,100.00%,1,0,1.79%,0.00%,"20,32 €","0,00 €",1,0
B0FBRQYHVM,B0FBRLQK47,"CUPERINOX Ventilador Portatil, Camping, Exterior, Playa, Piscina, Festival| 5+ cargas movil| +48H de bateria | 20000mAh| Powerbank, Luz led, Mando a distancia y Temporizador",A270001,36,1,0.01%,0.01%,49,1,0.01%,0.01%,100.00%,100.00%,1,0,2.78%,0.00%,"47,49 €","0,00 €",1,0
B0FDB2LW2H,B0FDB2LW2H,Sanjoma Chemical Solutions Paquete de cajas para mudanza de 60x40x40 cm,V802,94,9,0.02%,0.09%,148,12,0.03%,0.08%,4.69%,0.00%,1,0,1.06%,0.00%,"69,95 €","0,00 €",1,0
B0FDL3VP7W,B0FDL3VP7W,VINFERMATON – Insecticida Moscas y Mosquitos Perfume Limón Pack 3×300 ml | Spray Eliminador Insectos Voladores Interior y Exterior | Acción Inmediata Profesional | 100% MADE IN SPAIN,V000_PACK3,36,0,0.01%,0.00%,51,0,0.01%,0.00%,91.67%,0.00%,1,0,2.78%,0.00%,"11,99 €","0,00 €",1,0
B0FH71NBJL,B0FH71NBJL,"VINFERMATÓN - Pack TRIPLE ACCIÓN Insecticida contra Moscas, Mosquitos, Cucarachas, Hormigas y Avispas - 6 ud",V9090,21,1,0.01%,0.01%,21,1,0.00%,0.01%,100.00%,100.00%,1,0,4.76%,0.00%,"26,99 €","0,00 €",1,0
B0FJRVHBWH,B0FHKVSJNR,"CUPERINOX Tijeras peluqueria profesional 16,5cm | Tijeras corte pelo afiladas precisas hombre mujer barbero estilista | Acero inoxidable duradero | Acabado titanio elegante | Ideal uso doméstico y sal",21862,4,0,0.00%,0.00%,4,0,0.00%,0.00%,100.00%,0.00%,1,1,25.00%,0.00%,"9,99 €","9,99 €",1,1
B0FT8QFSK3,B0FT8QFSK3,BIOLEAF® – Multiusos + Desengrasante Pack 2×750 ml | Limpieza Hogar y Cocina | Potente Antigrasa y Multiusos Brillo Duradero | Fórmula Biodegradable con Esencia Limón | 100% MADE IN SPAIN,3443,32,1,0.01%,0.01%,47,2,0.01%,0.01%,82.22%,100.00%,2,0,6.25%,0.00%,"19,98 €","0,00 €",1,0