ASIN (parent),ASIN (child),Título,SKU,Sesiones: total,Sesiones - Total - B2B,Porcentaje de sesiones: total,Porcentaje de sesiones: total - B2B,Visitas: total,Visitas - Total - B2B,Porcentaje de visitas: total,Porcentaje de visitas - Total - B2B,Porcentaje de ofertas destacadas (Buy Box),Porcentaje de ofertas destacadas: B2B,Unidades encargadas,Unidades encargadas - B2B,Porcentaje de unidades por sesión,Porcentaje de sesiones de unidades - B2B,Ventas de productos encargados,Ventas de productos encargados: B2B,Total de artículos de un pedido,Total de artículos de un pedido - B2B
B0BGRT2BVV,B09G9WBKPG,Arcos Juego de 6 Cuchillos de Mesa Chuleteros Hoja 110 mm Negro 705500,705500(805109),"4,009",117,2.39%,2.41%,"5,939",164,2.49%,2.33%,64.93%,12.80%,418,2,10.43%,1.71%,"5.161,70 €","23,31 €",363,2
B017HKRCGK,B005LR7A1Y,ARCOS Bolsa para Cuchillos 100% Poliéster 460x275 mm,690200_,"1,579",22,0.94%,0.45%,"2,501",35,1.05%,0.50%,97.10%,80.77%,164,26,10.39%,118.18%,"2.468,75 €","363,50 €",141,6
B08J488ZQG,B089QP6MYJ,Arcos Juego Cuchillos Carne | 6 Piezas | Cuchillos carne cuchillo chuleteros | cubiertos acero inoxidable | Hoja 110 mm | mango monobloque | aptos lavavajillas | Caja Envase Ecológico,815600_fba,"1,786",65,1.07%,1.34%,"2,755",112,1.16%,1.59%,99.36%,100.00%,167,2,9.35%,3.08%,"4.510,93 €","53,98 €",137,1
B08MT437W9,B08MT437W9,Arcos Juego Cuchillos Cocina Profesionales| Cuchillos Cocina Profesional | 6 pzas | Cuchillos Acero Inoxidable Mango Negro | utensilios de cocina serie Niza | Apto lavavajillas,812900,"3,139",57,1.87%,1.17%,"4,070",82,1.71%,1.16%,98.38%,95.92%,136,0,4.33%,0.00%,"4.419,04 €","0,00 €",133,0
B0F1N351DY,B072FGV2YH,Arcos Juego de 6 Cuchillos Mondadores Acero Inoxidable 100 mm,189100,"3,539",108,2.11%,2.22%,"4,970",161,2.09%,2.28%,46.40%,46.92%,129,0,3.65%,0.00%,"2.213,47 €","0,00 €",115,0
B0DPKXM18X,B0DNQT7LV3,"CUPERINOX Soporte Jamonero Balancín | Jamonero Giratorio Profesional | Jamonero Madera | Incluye Cuchillo Profesional, Afilador Funda Cubre Jamón| Jamoneros Elite Collection",20265_,"1,750",56,1.04%,1.15%,"3,249",114,1.36%,1.62%,98.78%,100.00%,110,6,6.29%,10.71%,"9.877,89 €","517,44 €",109,6
B09KJLG7BT,B08KW4BFZ9,CUPERINOX Jamonero Profesional | Soporte jamonero Tipo Gondola| Base de Corte para Usar con Cuchillo jamonero | Jamon iberico | Fabricado en España,2020CUP,860,20,0.51%,0.41%,"1,197",29,0.50%,0.41%,97.28%,100.00%,100,2,11.63%,10.00%,"1.349,44 €","26,98 €",98,2
B08GSTDWTC,B08LVVQ3ZQ,"Arcos Serie Nova - Cuchillo para pelar, Acero Inoxidable NITRUM, Envase Ecológico, 3 colores Fucsia, Turquesa y Amarillo",703700_,616,15,0.37%,0.31%,979,21,0.41%,0.30%,99.32%,100.00%,89,3,14.45%,20.00%,"931,96 €","29,65 €",83,3
B09DYJY471,B08MTCRCT4,Arcos Juego Cuchillos Cocina Profesionales| Cuchillos Cocina Profesional | Cuchillos Acero Inoxidable Mango Negro | utensilios de cocina | cuchillo japones Santoku | lavavajillas (5 Piezas),816800,"3,036",83,1.81%,1.71%,"4,103",111,1.72%,1.58%,99.18%,100.00%,82,3,2.70%,3.61%,"2.449,78 €","79,57 €",82,3
B08J488ZQG,B089QP6MYJ,Arcos Juego Cuchillos Carne | 6 Piezas | Cuchillos carne cuchillo chuleteros | cubiertos acero inoxidable | Hoja 110 mm | mango monobloque | aptos lavavajillas | Caja Envase Ecológico,815600_,"1,786",65,1.07%,1.34%,"2,755",112,1.16%,1.59%,99.36%,100.00%,116,45,6.49%,69.23%,"3.015,15 €","1.114,55 €",79,18
B09DYJY471,B08MTCRCT4,Arcos Juego Cuchillos Cocina Profesionales| Cuchillos Cocina Profesional | Cuchillos Acero Inoxidable Mango Negro | utensilios de cocina | cuchillo japones Santoku | lavavajillas (5 Piezas),816800fbm,"3,036",83,1.81%,1.71%,"4,103",111,1.72%,1.58%,99.18%,100.00%,83,14,2.73%,16.87%,"2.480,86 €","411,55 €",77,10
B09DYJY471,B08MQJCD2V,Arcos Juego Cuchillos Cocina Profesionales| Cuchillos Cocina Profesional | Cuchillos Acero Inoxidable Mango Negro | utensilios de cocina | cuchillo japones Santoku | lavavajillas (4 Piezas),816900,947,20,0.57%,0.41%,"1,302",25,0.55%,0.35%,99.66%,100.00%,89,17,9.40%,85.00%,"2.313,11 €","441,83 €",75,3
B089MW6B1B,B078JNZS9T,Arcos Estuche de 3 Cuchillos Básicos de Cocina. Pack de Cuchillos con Hoja de Acero Inoxidable y Mango de Polieximetileno Aptos para Lavavajillas. Serie Universal. Color Negro,807400_us,"2,655",56,1.58%,1.15%,"3,863",70,1.62%,0.99%,45.89%,50.00%,66,7,2.49%,12.50%,"2.672,34 €","283,43 €",65,7
B08M7BMR2S,B08LNRV6N6,"Arcos Afiladores, Afilador de Cuchillos de Mano, Hecho de ABS + TPE, Rodillos Cerámico y Carburo, Color Blanco y Negro",610624,494,11,0.29%,0.23%,582,11,0.24%,0.16%,99.39%,100.00%,59,3,11.94%,27.27%,"803,98 €","38,72 €",59,3
B08Y8NS7PN,B08MT61GJV,Arcos Juego Cuchillos Cocina | 2 pzas |Profesional (150 mm) | Cuchillo Cortador Verduras (100 mm)| Acero Inoxidable Nitrum | Mango Negro | Envase Eco,819900fbm,311,4,0.19%,0.08%,449,6,0.19%,0.09%,99.75%,0.00%,55,14,17.68%,350.00%,"986,51 €","248,62 €",49,9
B0752NT3TH,B005LR77GC,ARCOS Tijeras de Cocina Profesional 235 mm,185701,911,25,0.54%,0.52%,"1,365",35,0.57%,0.50%,18.20%,22.73%,46,0,5.05%,0.00%,"413,54 €","0,00 €",45,0
B09RP6V156,B09RP6V156,"CUPERINOX® Alicates para pedicura, Profesional, Cortaúñas de Pies, Acero Inoxidable, Mango Ergonómico Antideslizante, Fácil Limpieza, Con Funda, 2 Años de Garantía",21920AM,798,30,0.48%,0.62%,"1,171",41,0.49%,0.58%,68.34%,96.88%,48,4,6.02%,13.33%,"480,52 €","37,96 €",45,4
B0752X1ZCK,B07G77NN26,Arcos Cuchillos de Mesa - Caja de 12 uds Cuchillo Chuletero Cuchillo de Mesa - Hoja de Acero Inoxidable NITRUM 110 mm - Mango de Nylon - Color Negro (12 uds),803000,568,23,0.34%,0.47%,870,35,0.37%,0.50%,99.09%,100.00%,56,4,9.86%,17.39%,"1.618,41 €","110,93 €",43,3
B08M7BMR2S,B00I9XTLSC,ARCOS Afilador Profesional Manual Cerámica y Carbono Rojo-Negro,610600_2,"3,576",92,2.13%,1.90%,"4,955",123,2.08%,1.75%,10.85%,0.00%,42,0,1.17%,0.00%,"566,80 €","0,00 €",42,0
B0CYTKGNPM,B0CW68KM18,Pelador de Cocina ARCOS - Hoja de Acero Inoxidable | Mango Ergonómico | Herramienta Versátil para Pelar Frutas y Verduras,607300,756,10,0.45%,0.21%,905,10,0.38%,0.14%,72.67%,50.00%,43,1,5.69%,10.00%,"327,74 €","6,32 €",42,1
B017DLH9RA,B017DLH9RA,ARCOS Cuchillo Abre Ostras Acero Inoxidable 60 mm,227200_us,218,16,0.13%,0.33%,302,23,0.13%,0.33%,96.73%,88.89%,52,20,23.85%,125.00%,"414,61 €","158,41 €",37,9
B0F9TD2LTH,B09CL776WP,CUPERINOX® Cuchillos de Mesa Acero Inoxidable – Set 12 Cuchillos para Carne con Filo Dentado – Aptos Lavavajillas – Uso Diario y Profesional,15015,933,73,0.56%,1.50%,"1,497",126,0.63%,1.79%,40.78%,89.58%,72,39,7.72%,53.42%,"1.445,48 €","753,81 €",37,20
B095SDL23Y,B095SDL23Y,Arcos | cuchillos de mesa (6 ud) | cuchillos acero inoxidable con sierra cuchillo chuletero cuchillos chuleteros | Fabricado en España,813000,653,18,0.39%,0.37%,961,22,0.40%,0.31%,100.00%,100.00%,43,0,6.58%,0.00%,"687,57 €","0,00 €",36,0
B07YM65C6J,B007TS6HMQ,ARCOS Pinza para Pescado Acero Inoxidable,605000_caja,405,13,0.24%,0.27%,595,16,0.25%,0.23%,44.55%,61.54%,39,8,9.63%,61.54%,"360,90 €","74,00 €",34,4
B0F1N351DY,B072FGV2YH,Arcos Juego de 6 Cuchillos Mondadores Acero Inoxidable 100 mm,189100_2,"3,539",108,2.11%,2.22%,"4,970",161,2.09%,2.28%,46.40%,46.92%,44,21,1.24%,19.44%,"748,88 €","352,13 €",34,15
B0C4DTYRJW,B071LGMMGV,Arcos Juego Cuchillos Cocina Profesionales| Cuchillos Cocina Profesional Set Cuchillos | Mango Negro (3 Piezas),862600,704,20,0.42%,0.41%,"1,060",39,0.44%,0.55%,99.48%,100.00%,32,1,4.55%,5.00%,"1.279,68 €","39,99 €",32,1
B093DSL44T,B07F9RV81Z,Arcos Cuchillo Chuletero de 4 Pulgadas con Hoja de 105mm en Acero Inoxidable y Mango de Madera. Cuchillo para Carne Apto para Lavavajillas. Serie Latina. Color Marrón,100400_fba,686,15,0.41%,0.31%,"1,012",20,0.42%,0.28%,83.04%,100.00%,34,4,4.96%,26.67%,"1.224,25 €","143,96 €",32,3
B09RP6V156,B09RP6V156,"CUPERINOX® Alicates para pedicura, Profesional, Cortaúñas de Pies, Acero Inoxidable, Mango Ergonómico Antideslizante, Fácil Limpieza, Con Funda, 2 Años de Garantía",21920AM_fba,798,30,0.48%,0.62%,"1,171",41,0.49%,0.58%,68.34%,96.88%,32,1,4.01%,3.33%,"326,07 €","9,49 €",32,1
B017DLM9SO,B017DLM9SO,ARCOS Tenedores para Tartas Acero Inoxidable 18/10 140 mm,574300_,640,18,0.38%,0.37%,"1,005",39,0.42%,0.55%,27.30%,52.00%,36,4,5.63%,22.22%,"366,02 €","38,02 €",31,3
B0FBRQYHVM,B0FBRNCHGJ,"CUPERINOX® Ventilador Portátil Silencioso y Recargable con Power Bank 20000mAh, +50H de batería – Ventilador de Mesa USB con Mando, Luz LED y 4 Velocidades – Ideal para Dormir, Camping y Hogar.",27000,860,26,0.51%,0.54%,"1,272",40,0.53%,0.57%,99.63%,100.00%,32,3,3.72%,11.54%,"1.899,92 €","178,93 €",31,2
B09381N96H,B07G75XCXM,"Arcos Serie Cuchillos de Mesa Caja 12 uds Cuchillo Mesa, Hoja Serrada de Acero Inoxidable NITRUM de 125 mm, Mango Polipropileno Color crema (12 UDS)",370200_fbm,243,13,0.15%,0.27%,407,22,0.17%,0.31%,98.90%,100.00%,40,12,16.46%,92.31%,"799,60 €","239,88 €",27,4
B0C4DTYRJW,B094QVHPQ8,Arcos Juego Cuchillos Cocina Profesionales| Cuchillos Cocina Profesional Set Cuchillos | Mango Negro (4 Piezas),813500FBM,444,17,0.27%,0.35%,613,31,0.26%,0.44%,99.82%,100.00%,27,3,6.08%,17.65%,"1.079,31 €","119,85 €",27,3
B09N7S17J6,B09D3YRGL9,"CUPERINOX Navaja Plegable Multiusos – Hoja de Acero Inoxidable 80 mm (Filo Liso + Serrado), Punta Rompevidrios, Apertura Rápida, Clip de Cinturón, Herramienta para Camping, Caza, Pesca y Supervivencia",30061_solo_navaja,569,19,0.34%,0.39%,815,29,0.34%,0.41%,97.74%,92.86%,31,2,5.45%,10.53%,"311,05 €","19,98 €",27,1
B08MT437W9,B08MT437W9,Arcos Juego Cuchillos Cocina Profesionales| Cuchillos Cocina Profesional | 6 pzas | Cuchillos Acero Inoxidable Mango Negro | utensilios de cocina serie Niza | Apto lavavajillas,812900fbm,"3,139",57,1.87%,1.17%,"4,070",82,1.71%,1.16%,98.38%,95.92%,27,9,0.86%,15.79%,"877,23 €","292,41 €",26,9
B095SDL23Y,B095SDL23Y,Arcos | cuchillos de mesa (6 ud) | cuchillos acero inoxidable con sierra cuchillo chuletero cuchillos chuleteros | Fabricado en España,813000_fbm,653,18,0.39%,0.37%,961,22,0.40%,0.31%,100.00%,100.00%,37,3,5.67%,16.67%,"610,13 €","49,47 €",26,3
B0DNNL2TZQ,B0DNNF3839,"CUPERINOX Aceitera de Cristal Antigoteo para Aceite de Oliva, Resistente y Fácil de Limpiar Gourmet Oil Collection (1000 Ml)",22024,204,6,0.12%,0.12%,307,12,0.13%,0.17%,99.63%,100.00%,27,0,13.24%,0.00%,"486,03 €","0,00 €",26,0
B09GSCQQF9,B07G77FNSF,"Arcos Serie Cuchillos de Mesa Caja 12 uds Cuchillo Postre, Hoja Serrada de Acero Inoxidable NITRUM de 105 mm, Mango Polipropileno Color crema (12 UDS)",370100_,551,18,0.33%,0.37%,795,23,0.33%,0.33%,99.71%,90.00%,31,1,5.63%,5.56%,"565,75 €","18,25 €",25,1
B09GSCQQF9,B07G77FNSF,"Arcos Serie Cuchillos de Mesa Caja 12 uds Cuchillo Postre, Hoja Serrada de Acero Inoxidable NITRUM de 105 mm, Mango Polipropileno Color crema (12 UDS)",370100_us,551,18,0.33%,0.37%,795,23,0.33%,0.33%,99.71%,90.00%,34,4,6.17%,22.22%,"619,02 €","71,52 €",25,2
B0752X1ZCK,B07G77NN26,Arcos Cuchillos de Mesa - Caja de 12 uds Cuchillo Chuletero Cuchillo de Mesa - Hoja de Acero Inoxidable NITRUM 110 mm - Mango de Nylon - Color Negro (12 uds),803000_fmb,568,23,0.34%,0.47%,870,35,0.37%,0.50%,99.09%,100.00%,31,5,5.46%,21.74%,"896,95 €","143,21 €",25,4
B089M821V5,B089M821V5,Arcos Cuchillos Carne | 6 pzas | Cuchillos chuleteros Set Cuchillo de Mesa Sierra | Mango Madera | Hoja 110 mm | Cuchillos Carne Mesa | Apto lavavajillas | Envase Carton | Ecologico,815500_,640,19,0.38%,0.39%,882,21,0.37%,0.30%,92.47%,100.00%,29,3,4.53%,15.79%,"869,71 €","89,97 €",24,1
B08M9NWMW8,B08M9NWMW8,Arcos Juego de Cuchillos de Cocina Profesional y Afilador | 7 Piezas | Acero Inoxidable | Taco de Madera | Serie Niza | Uso Cotidiano | Apto para Lavavajillas,835800FBM,505,13,0.30%,0.27%,734,15,0.31%,0.21%,99.69%,100.00%,25,3,4.95%,23.08%,"1.371,45 €","161,67 €",24,2
B0DNNL2TZQ,B0DNNFGWNJ,"CUPERINOX Aceitera de Cristal Antigoteo para Aceite de Oliva, Resistente y Fácil de Limpiar Gourmet Oil Collection (500 Ml)",22023,228,12,0.14%,0.25%,314,15,0.13%,0.21%,98.19%,100.00%,26,0,11.40%,0.00%,"390,24 €","0,00 €",23,0
B0FBRQYHVM,B0FBRLQK47,"CUPERINOX Ventilador Portatil, Camping, Exterior, Playa, Piscina, Festival| 5+ cargas movil| +48H de bateria | 20000mAh| Powerbank, Luz led, Mando a distancia y Temporizador",27001,"1,447",30,0.86%,0.62%,"2,059",46,0.86%,0.65%,99.13%,100.00%,23,0,1.59%,0.00%,"1.372,20 €","0,00 €",23,0
B0F54LTCFF,B0044R87QE,Arcos Cuchillo Cocina Acero Inoxidable 200 mm,280604_,"1,680",32,1.00%,0.66%,"2,386",39,1.00%,0.55%,27.00%,19.35%,26,5,1.55%,15.63%,"533,40 €","102,45 €",22,3
B06XD39V8J,B06XD39V8J,VINFERMATON – Insecticida Cucarachas y Hormigas Residual 400 ml | Spray Efecto Duradero para Interior y Exterior | Profesional Doméstico | 100 % MADE IN SPAIN,V0012,259,8,0.15%,0.16%,400,12,0.17%,0.17%,10.77%,50.00%,36,10,13.90%,125.00%,"357,64 €","97,90 €",22,2
B0F54LTCFF,B00J4L7FEU,Arcos Hachuela Macheta de Cocina Acero Inoxidable 160 mm,282404_us,639,19,0.38%,0.39%,986,27,0.41%,0.38%,39.80%,69.23%,21,1,3.29%,5.26%,"518,99 €","23,99 €",21,1
B0B3CWSDRQ,B00CF20V2I,ARCOS Chaira Afilador Manual Acero Carbono Cromado Negro 230 mm,278100_,258,17,0.15%,0.35%,343,21,0.14%,0.30%,83.07%,75.00%,20,2,7.75%,11.76%,"234,48 €","22,98 €",20,2
B00J3ZVMCS,B00J3ZVMCS,Arcos Serie Toscana - Juego de Cucharas para Café (6 cucharas) - Monoblock de una pieza en Acero Inoxidable 18/10 y 140 mm - Color Plata,574200,370,16,0.22%,0.33%,534,30,0.22%,0.43%,39.83%,0.00%,31,0,8.38%,0.00%,"309,69 €","0,00 €",20,0
B08NW1VQRT,B08NW1VQRT,CUPERINOX Navaja para Setas y Champiñones | Acero Inoxidable | Con Cepillo y Funda Incluida | Micológica,2181,166,6,0.10%,0.12%,234,8,0.10%,0.11%,99.51%,100.00%,21,1,12.65%,16.67%,"220,29 €","10,49 €",20,1
B08JCVQ4QL,B08JCVQ4QL,"Arcos Series Niza - Juego de Cuchillos Cocina, 6 Piezas, Cuchillos Verduras 110 mm, + Cuchillo Mesa, Envase 100% Ecológico, Acero Inoxidable NITRUM",809400,356,8,0.21%,0.16%,490,16,0.21%,0.23%,99.77%,100.00%,21,4,5.90%,50.00%,"419,39 €","79,56 €",19,3
B0FDL4Q2JB,B0FDL4Q2JB,VINFERMATON – Insecticida Avispas y Avisperos Exterior Pack 2×600 ml | Antiavispas | Alcance hasta 4 m | Acción Inmediata Profesional | 100% MADE IN SPAIN,V0020_PACK2,83,5,0.05%,0.10%,128,11,0.05%,0.16%,100.00%,100.00%,22,4,26.51%,80.00%,"371,78 €","67,96 €",19,4
B08VS4FCLN,B08BX3WTPP,"Arcos Juego Cuchillos Cocina cuchillo blanco cuchillos | cuchillos cocina Maitre | 4 piezas | Chef 215 mm, Cocina 150 mm, Verduras 100 mm Tijera cocina (Blanco)",152624,231,7,0.14%,0.14%,298,7,0.13%,0.10%,99.25%,100.00%,18,1,7.79%,14.29%,"629,82 €","34,99 €",18,1
B08G8QCM5H,B08G8QCM5H,ARCOS cuchillo pelador | 6 PIEZAS | cuchillo de pelar | cuchillos pelar patatas | Hoja 100 mm | Negro | cuchillo arcos pelador Acero Inoxidable,816500_,537,20,0.32%,0.41%,782,27,0.33%,0.38%,100.00%,100.00%,18,0,3.35%,0.00%,"341,82 €","0,00 €",18,0
B08G8QCM5H,B08G8QCM5H,ARCOS cuchillo pelador | 6 PIEZAS | cuchillo de pelar | cuchillos pelar patatas | Hoja 100 mm | Negro | cuchillo arcos pelador Acero Inoxidable,816500_fbm,537,20,0.32%,0.41%,782,27,0.33%,0.38%,100.00%,100.00%,18,4,3.35%,20.00%,"342,13 €","75,96 €",18,4
B08XYZRKC4,B007TS6GWW,"ARCOS Juego de Cubiertos de 24 Piezas para Mesa. Cuberterí­a Completa para 6 Personas. Set de 6 Cucharas, 6 Cuchillos, 6 Tenedores y 6 Cucharas de Postre. Serie Toscana. Color Plata",572400,978,22,0.58%,0.45%,"1,453",27,0.61%,0.38%,49.49%,59.09%,19,1,1.94%,4.55%,"1.234,81 €","64,99 €",17,1
B07YM65C6J,B007TS6HMQ,ARCOS Pinza para Pescado Acero Inoxidable,605000_605010,405,13,0.24%,0.27%,595,16,0.25%,0.23%,44.55%,61.54%,19,3,4.69%,23.08%,"180,20 €","27,91 €",17,2
B017DLHEGQ,B017DLHEGQ,Arcos Chaira Afilador Manual de Cuchillos 230 mm,279400,304,11,0.18%,0.23%,447,20,0.19%,0.28%,43.42%,30.77%,17,0,5.59%,0.00%,"285,02 €","0,00 €",17,0
B09QDH8MSK,B07N8VWHT9,Arcos Tacos - Bloque Universal para Cuchillos hasta 20 cm - Hecho de Caucho Termoplástico 220 x 160 x 65 mm - Color Negro,794500_,612,15,0.37%,0.31%,901,21,0.38%,0.30%,37.19%,54.55%,18,0,2.94%,0.00%,"468,68 €","0,00 €",17,0
B08GSTDWTC,B08G4D9718,"Arcos | Cuchillos 3 Colores | Cuchillo de pelar | Cuchillos pelar Patatas | Acero Inoxidable Nitrum| Envase Ecológico | Cuchillo Colores (85 mm, Amarillo, Turquesa, Naranja)",816700_francia,272,4,0.16%,0.08%,349,9,0.15%,0.13%,98.74%,100.00%,17,0,6.25%,0.00%,"165,75 €","0,00 €",17,0
B09DYJY471,B08MQJCD2V,Arcos Juego Cuchillos Cocina Profesionales| Cuchillos Cocina Profesional | Cuchillos Acero Inoxidable Mango Negro | utensilios de cocina | cuchillo japones Santoku | lavavajillas (4 Piezas),816900fba,947,20,0.57%,0.41%,"1,302",25,0.55%,0.35%,99.66%,100.00%,20,8,2.11%,40.00%,"515,64 €","203,76 €",17,5
B0937XXT33,B01CQT1B5U,"Arcos Cuchillos de Mesa Juego de Cuchillos Chuleteros Cuchillos de Mesa, Monoblock de una pieza de Acero Inoxidable 110 mm, Color Plata (12 uds)",702000_us,369,10,0.22%,0.21%,505,16,0.21%,0.23%,81.50%,100.00%,16,0,4.34%,0.00%,"767,84 €","0,00 €",16,0
B0937XXT33,B01CQT1B5U,"Arcos Cuchillos de Mesa Juego de Cuchillos Chuleteros Cuchillos de Mesa, Monoblock de una pieza de Acero Inoxidable 110 mm, Color Plata (12 uds)",702000,369,10,0.22%,0.21%,505,16,0.21%,0.23%,81.50%,100.00%,16,0,4.34%,0.00%,"767,84 €","0,00 €",16,0
B0B8Z4CJBC,B07F2YVB15,"Arcos Juego Cuchillos Pelar Acero Inoxidable Nitrum 4""",136500_2,404,11,0.24%,0.23%,638,22,0.27%,0.31%,69.62%,78.57%,18,1,4.46%,9.09%,"346,32 €","19,24 €",16,1
B0DNNL2TZQ,B0DNN57WC1,"CUPERINOX Aceitera de Cristal Antigoteo para Aceite de Oliva, Resistente y Fácil de Limpiar Gourmet Oil Collection (250 Ml)",22022,290,11,0.17%,0.23%,393,12,0.16%,0.17%,99.71%,100.00%,16,0,5.52%,0.00%,"192,44 €","0,00 €",16,0
B0DNNL2TZQ,B0DNN57WC1,"CUPERINOX Aceitera de Cristal Antigoteo para Aceite de Oliva, Resistente y Fácil de Limpiar Gourmet Oil Collection (250 Ml)",22022_,290,11,0.17%,0.23%,393,12,0.16%,0.17%,99.71%,100.00%,25,12,8.62%,109.09%,"279,75 €","123,88 €",16,3
B0822MXSQQ,B00D3LF7EC, ,277000_fbm,313,13,0.19%,0.27%,468,17,0.20%,0.24%,52.15%,61.54%,15,2,4.79%,15.38%,"354,26 €","41,99 €",15,2
B0812P3LZT,B0812P3LZT,"Arcos Nova - Set 3 Cuchillos Mantequilla - Acero Inoxidable 70 mm - Mango en color menta, naranja y limon",859900,182,5,0.11%,0.10%,234,5,0.10%,0.07%,97.67%,100.00%,16,0,8.79%,0.00%,"175,84 €","0,00 €",15,0
B0812P3LZT,B0812P3LZT,"Arcos Nova - Set 3 Cuchillos Mantequilla - Acero Inoxidable 70 mm - Mango en color menta, naranja y limon",859900_,182,5,0.11%,0.10%,234,5,0.10%,0.07%,97.67%,100.00%,15,0,8.24%,0.00%,"164,85 €","0,00 €",15,0
B08LVZCG23,B08LVZCG23,Arcos Juego de Cuchillos de Cocina Rosa | 3 pz | Cuchillo Chef para pelar Verduras | Edición Limitada | Solidaria,814500_fba,338,8,0.20%,0.16%,498,10,0.21%,0.14%,97.32%,100.00%,16,3,4.73%,37.50%,"477,34 €","86,97 €",15,2
B0CVH8PC99,B0CQTJ6T66,"CUPERINOX® Cuchillos de Mesa Acero Inoxidable – Set Profesional 12 Piezas con Hoja Serrada de 11 cm y Mango Ergonómico Antideslizante – Para Carne, Verduras y Pescado",99922,407,24,0.24%,0.49%,546,25,0.23%,0.35%,99.79%,100.00%,16,2,3.93%,8.33%,"191,84 €","23,98 €",15,2
B017HKR8WS,B005LR7EP6,ARCOS Afilador de Cuchillos Profesional ABS,610000,"1,381",61,0.82%,1.26%,"2,113",105,0.89%,1.49%,33.46%,15.87%,14,0,1.01%,0.00%,"924,95 €","0,00 €",14,0
B08M7BMR2S,B08LNRV6N6,"Arcos Afiladores, Afilador de Cuchillos de Mano, Hecho de ABS + TPE, Rodillos Cerámico y Carburo, Color Blanco y Negro",610624_fbm,494,11,0.29%,0.23%,582,11,0.24%,0.16%,99.39%,100.00%,14,0,2.83%,0.00%,"192,24 €","0,00 €",14,0
B0DVT6KPDV,B0DT6ZPGVQ, ,27008,168,2,0.10%,0.04%,202,2,0.08%,0.03%,98.94%,100.00%,14,1,8.33%,50.00%,"168,56 €","12,09 €",14,1
B07G76NW26,B07G76NW26,"Arcos Serie Cuchillos de Mesa Caja 12 uds Cuchillo Mesa, Hoja Serrada de Acero Inoxidable de 125 mm, Cuchillo Monoblock Acero Inoxidable Color plata (12 UDS)",460400_fbm,95,4,0.06%,0.08%,148,6,0.06%,0.09%,100.00%,100.00%,14,0,14.74%,0.00%,"559,86 €","0,00 €",13,0
B08G8QCM5H,B08G8QCM5H,ARCOS cuchillo pelador | 6 PIEZAS | cuchillo de pelar | cuchillos pelar patatas | Hoja 100 mm | Negro | cuchillo arcos pelador Acero Inoxidable,816500,537,20,0.32%,0.41%,782,27,0.33%,0.38%,100.00%,100.00%,24,12,4.47%,60.00%,"431,76 €","203,88 €",13,2
B0CVH8PC99,B0CQTJ6T66,"CUPERINOX® Cuchillos de Mesa Acero Inoxidable – Set Profesional 12 Piezas con Hoja Serrada de 11 cm y Mango Ergonómico Antideslizante – Para Carne, Verduras y Pescado",99901_12pzs,407,24,0.24%,0.49%,546,25,0.23%,0.35%,99.79%,100.00%,13,6,3.19%,25.00%,"155,87 €","71,94 €",13,6
B0CYTKGNPM,B0CW66H3TR,Pelador de Tomate ARCOS - Hoja Serrada de Acero Inoxidable | Mango Ergonómico | Ideal para Tomates,607420,569,5,0.34%,0.10%,627,5,0.26%,0.07%,87.68%,100.00%,15,0,2.64%,0.00%,"119,85 €","0,00 €",13,0
B0D4WK78XV,B0D4WK78XV,CUPERINOX Aceiteras para Aceite Usado | Grasera Acero Inoxidable 550ML con Filtro Metálico | Recipiente para Aceite Usado de Cocina y Grasa | Grasera Cocina Metálica 550ML 2Uds Metálico,F22105-22106,974,5,0.58%,0.10%,"1,419",7,0.60%,0.10%,12.51%,0.00%,14,0,1.44%,0.00%,"167,86 €","0,00 €",13,0
B00W9SPO5M,B00W9SPO5M,Arcos Tijeras de Modista de Acero Forjado 178 mm - Uso Profesional y Doméstico - Niqueladas en Plata - Serie Style,504200,94,7,0.06%,0.14%,175,8,0.07%,0.11%,98.09%,100.00%,12,1,12.77%,14.29%,"173,38 €","13,99 €",12,1
B098BLF7X6,B098BLF7X6,"Tradineur - Grasera metálica para pescado con filtro, aceitera con colador para conservación de aceite de acero inoxidable, recipiente para colar aceites - Ø 9 cm",22106_us,154,6,0.09%,0.12%,207,8,0.09%,0.11%,100.00%,100.00%,12,0,7.79%,0.00%,"89,88 €","0,00 €",12,0
B0BGRT2BVV,B09G9WBKPG,Arcos Juego de 6 Cuchillos de Mesa Chuleteros Hoja 110 mm Negro 705500,805109_uss,"4,009",117,2.39%,2.41%,"5,939",164,2.49%,2.33%,64.93%,12.80%,13,3,0.32%,2.56%,"181,87 €","41,97 €",12,2
B0D73CM824,B0D73CM824,"Arcos Cuchillo Mesa | Cuchillo Chuletero | Cuchillo Carne| Cuchillo de Mesa | Pack 12 Unidades| Hoja de Acero Inoxidable115 mm, Mango de Polipropileno Color Negro",740000,464,8,0.28%,0.16%,642,11,0.27%,0.16%,100.00%,100.00%,12,1,2.59%,12.50%,"371,88 €","30,99 €",12,1
B0DQV6381X,B0DQRF2HZK,CUPERINOX Jamonera Inoxidable | Jamonero | Soporte Jamonero | Tabla Jamon Inoxidable | Facil Montaje | Tabla Jamon Profesional,SC_20260,260,4,0.16%,0.08%,364,5,0.15%,0.07%,99.41%,100.00%,12,0,4.62%,0.00%,"275,88 €","0,00 €",12,0
B00D3LDXPM,B00D3LDXPM,ARCOS Abrelatas Manual Aleación de Zinc Plata-Negro 160 mm,603600,129,17,0.08%,0.35%,182,22,0.08%,0.31%,44.59%,69.23%,11,2,8.53%,11.76%,"191,39 €","33,98 €",11,2
B00I9XTKI8,B00I9XTKI8,ARCOS Taco Ovalado Protector de Cuchillos hasta 20 cm,794100_,282,14,0.17%,0.29%,394,29,0.17%,0.41%,40.48%,15.79%,11,0,3.90%,0.00%,"285,89 €","0,00 €",11,0
B00J4L7DZ6,B00J4L7DZ6,Arcos Serie Toscana - Juego de Tenedores de Mesa (3 tenedores) - Monoblock de una pieza en Acero Inoxidable 18/10 y 200 mm - Color Plata,574700_,492,18,0.29%,0.37%,737,29,0.31%,0.41%,23.08%,23.08%,20,7,4.07%,38.89%,"179,80 €","62,93 €",11,4
B0CYTKGNPM,B0843Q6L5P,ARCOS Pelador Profesional Acero Inoxidable Cromado 130 mm,607000_etq,"1,679",54,1.00%,1.11%,"2,514",98,1.06%,1.39%,0.44%,5.26%,14,5,0.83%,9.26%,"85,16 €","28,91 €",11,5
B08JCVQ4QL,B08JCVQ4QL,"Arcos Series Niza - Juego de Cuchillos Cocina, 6 Piezas, Cuchillos Verduras 110 mm, + Cuchillo Mesa, Envase 100% Ecológico, Acero Inoxidable NITRUM",809400_,356,8,0.21%,0.16%,490,16,0.21%,0.23%,99.77%,100.00%,13,2,3.65%,25.00%,"259,87 €","39,98 €",11,1
B09FQ5SZK8,B08MTWC7RD,Arcos Cuchillo Cocinero Acero Inoxidable Nitrum 210 mm,166800_fbm,350,6,0.21%,0.12%,484,7,0.20%,0.10%,75.29%,25.00%,11,0,3.14%,0.00%,"329,89 €","0,00 €",11,0
B0CVH8PC99,B0CQTKPL63,CUPERINOX Cuchillos Carne | Cuchillos Mesa | Cuchillos Chuleteros | 24 Piezas | Hoja Serrada | Mango Polipropileno | Acero Inoxidable | 11 cm,99901_24pzs,105,11,0.06%,0.23%,132,14,0.06%,0.20%,100.00%,100.00%,18,5,17.14%,45.45%,"354,82 €","94,95 €",11,1
B0DNNL2TZQ,B0DNNFGWNJ,"CUPERINOX Aceitera de Cristal Antigoteo para Aceite de Oliva, Resistente y Fácil de Limpiar Gourmet Oil Collection (500 Ml)",22023_,228,12,0.14%,0.25%,314,15,0.13%,0.21%,98.19%,100.00%,11,3,4.82%,25.00%,"158,91 €","38,99 €",11,3
B0F54LTCFF,B000NOAYMM,Arcos Cuchillo Jamonero Acero Inoxidable 240 mm,281804_fba,317,9,0.19%,0.19%,419,11,0.18%,0.16%,48.98%,25.00%,10,0,3.15%,0.00%,"165,17 €","0,00 €",10,0
B07NDTGSY3,B07NDTGSY3,Arcos Serie Brooklyn - Cuchillo Rocking Santoku Cuchillo Asiático - Hoja de Acero Inoxidable Forjado NITRUM 190 mm - Mango de Micarta Color Azul (Filo Seda),191623_fbm,184,1,0.11%,0.02%,280,2,0.12%,0.03%,92.08%,0.00%,10,0,5.43%,0.00%,"394,90 €","0,00 €",10,0
B09KJLG7BT,B098K898SC,CUPERINOX Soporte Jamonero | Jamonero Profesional | Cuchillo Jamonero madera + Funda Jamon | Tabla Jamonera,20226FBM,109,2,0.07%,0.04%,149,2,0.06%,0.03%,97.87%,100.00%,10,0,9.17%,0.00%,"250,31 €","0,00 €",10,0
B0F9TD2LTH,B09CL776WP,CUPERINOX® Cuchillos de Mesa Acero Inoxidable – Set 12 Cuchillos para Carne con Filo Dentado – Aptos Lavavajillas – Uso Diario y Profesional,15015_,933,73,0.56%,1.50%,"1,497",126,0.63%,1.79%,40.78%,89.58%,15,0,1.61%,0.00%,"331,73 €","0,00 €",10,0
B09N7S17J6,B09D3YRGL9,"CUPERINOX Navaja Plegable Multiusos – Hoja de Acero Inoxidable 80 mm (Filo Liso + Serrado), Punta Rompevidrios, Apertura Rápida, Clip de Cinturón, Herramienta para Camping, Caza, Pesca y Supervivencia",30061_,569,19,0.34%,0.39%,815,29,0.34%,0.41%,97.74%,92.86%,12,0,2.11%,0.00%,"119,88 €","0,00 €",10,0
B0F1ZF7H1L,B005LR6GE6,Arcos Cuchillo Cocinero Negro 250 mm,233700_,874,6,0.52%,0.12%,"1,107",7,0.46%,0.10%,34.15%,75.00%,10,3,1.14%,50.00%,"429,90 €","128,97 €",9,2
B017HKRCGK,B005LR7C44,ARCOS Bolsa Portacuchillos 12 Piezas Poliéster 730x510mm,690500_,405,14,0.24%,0.29%,586,20,0.25%,0.28%,29.27%,40.00%,9,0,2.22%,0.00%,"251,46 €","0,00 €",9,0
B0B3CPHPXR,B07BQ5CCMD,ARCOS Sacacorchos Manual de ABS Aleación de Zinc,604700_,430,24,0.26%,0.49%,631,37,0.26%,0.53%,34.43%,19.23%,9,0,2.09%,0.00%,"307,41 €","0,00 €",9,0
B093DSL44T,B07F9RV81Z,Arcos Cuchillo Chuletero de 4 Pulgadas con Hoja de 105mm en Acero Inoxidable y Mango de Madera. Cuchillo para Carne Apto para Lavavajillas. Serie Latina. Color Marrón,100400,686,15,0.41%,0.31%,"1,012",20,0.42%,0.28%,83.04%,100.00%,9,2,1.31%,13.33%,"323,91 €","71,98 €",9,2
B093313MH6,B093313MH6,Arcos | Cuchillo de deshuesar| Cuchillo deshuesador | cuchillo deshuesador jamón | cuchillo deshuesador (140 mm) Clásica| Envase Eco | cuchillo puntilla jamonero,256210,201,5,0.12%,0.10%,257,7,0.11%,0.10%,100.00%,100.00%,9,0,4.48%,0.00%,"179,91 €","0,00 €",9,0
B08J488ZQG,B0987N2CBR,Arcos Juego Cuchillos Carne | 6 Piezas | Cuchillos carne cuchillo chuleteros | cubiertos acero inoxidable | Hoja 110 mm | mango monobloque | aptos lavavajillas | Caja Envase Ecológico,814000_fba,460,18,0.27%,0.37%,549,25,0.23%,0.35%,99.17%,100.00%,11,1,2.39%,5.56%,"307,89 €","27,99 €",9,1
B09KJLG7BT,B098TFPYLY,CUPERINOX Jamonero profesional Gondola | tabla jamon | Cuchillo Jamonero Alveolos Acero Inox + Cubre Jamón Universal | Set cortar jamón (3 PZAS) | Sujeta jamones | tabla jamonero,20228FBM,124,6,0.07%,0.12%,167,8,0.07%,0.11%,100.00%,100.00%,9,1,7.26%,16.67%,"314,91 €","34,99 €",9,1
B08VS4FCLN,B09HHGVG2N,"Arcos Juego Cuchillos Cocina cuchillos | Cuchillo profesional | 6 piezas | Chef 215 mm + Cocina 150 mm, Verduras 100 mm + Tijera cocina + Pelador de fruta y verdura + Pinza para pescado",854200,102,1,0.06%,0.02%,152,1,0.06%,0.01%,98.57%,0.00%,9,0,8.82%,0.00%,"395,91 €","0,00 €",9,0
B0DNNL2TZQ,B0DNN4J6Q8,"CUPERINOX Aceitera antigoteo cristal para Aceite de Oliva, Vinagre etc. A prueba de fugas, Aceitera cristal antigoteo tambien aceiteros cocina ideal para Ensaladas, BBQ, cooking oil container (125 ML)",22021_,340,16,0.20%,0.33%,445,21,0.19%,0.30%,99.04%,100.00%,10,3,2.94%,18.75%,"114,92 €","34,49 €",9,3
B0DQV6381X,B0DQDQ1DB8,CUPERINOX Jamonero | Jamonero Giratorio | Tabla Cortar Jamon | Jamoneros Profesional | Jamonero Plegable | Tabla Jamon | Cortador de Jamon,SC_20270,248,6,0.15%,0.12%,340,6,0.14%,0.09%,99.67%,100.00%,9,0,3.63%,0.00%,"317,25 €","0,00 €",9,0
B017HKG9PK,B0044R87ZU,Arcos Cuchillo Cocina Acero Inoxidable Nitrum y Hoja 180 mm. Cuchillo Utilidad Profesional. Mango ergonómico polioximetileno Pom. Serie Maitre. Color Negro.,150800_fbm,553,13,0.33%,0.27%,705,18,0.30%,0.26%,50.95%,28.57%,11,1,1.99%,7.69%,"145,75 €","13,25 €",8,1
B0F1ZF7H1L,B005LR68DU,Arcos Cuchillo Jamonero con Alveolos 250 mm,231000_,370,16,0.22%,0.33%,529,21,0.22%,0.30%,38.35%,20.00%,8,0,2.16%,0.00%,"267,92 €","0,00 €",8,0
B0752SPHL9,B005LR6WW2,Arcos Juego de Cuchillos de Cocina de 5 Piezas,152100_us,212,7,0.13%,0.14%,341,9,0.14%,0.13%,87.30%,100.00%,8,1,3.77%,14.29%,"495,04 €","61,88 €",8,1
B0189HXS8Q,B017DLLIUO,Arcos Navaja Profesional Acero Inoxidable 85 mm,485929,550,16,0.33%,0.33%,777,19,0.33%,0.27%,69.74%,73.33%,8,0,1.45%,0.00%,"60,40 €","0,00 €",8,0
B07F9GQZCB,B07F9GQZCB,Arcos Cuchillo para Verduras de 4 Pulgadas con Hoja de 105mm en Acero Inoxidable y Mango de Madera. Cuchillo para Vegetales Apto para Lavavajillas. Serie Latina. Color Marrón,100500_fba,203,4,0.12%,0.08%,286,11,0.12%,0.16%,98.01%,100.00%,8,0,3.94%,0.00%,"295,92 €","0,00 €",8,0
B0F54LTCFF,B07JJGTQK4,Arcos Conjunto Cuchillos 3 piezas - Acero Inoxidable Nitrum y Hoja mm. Cuchillo cocina profesional cocinar. 590 gr. Mango ergonómico polioximetileno POM. Serie Universal. Mayor control. Color negro.,807410_,226,6,0.13%,0.12%,307,7,0.13%,0.10%,69.72%,66.67%,8,1,3.54%,16.67%,"322,00 €","40,25 €",8,1
B0843QFQB7,B0843QFQB7,Arcos Set Cuchillos 5 piezas Acero Inoxidable Nitrum. Cuchillo Cocina Profesional Afilado para Cortar Carne. Mango Ergonómico Polioximetileno POM. Serie Opera. Diseño Clásico. Color Negro.,227000,267,11,0.16%,0.23%,382,16,0.16%,0.23%,97.33%,87.50%,8,0,3.00%,0.00%,"1.111,12 €","0,00 €",8,0
B089M821V5,B089M821V5,Arcos Cuchillos Carne | 6 pzas | Cuchillos chuleteros Set Cuchillo de Mesa Sierra | Mango Madera | Hoja 110 mm | Cuchillos Carne Mesa | Apto lavavajillas | Envase Carton | Ecologico,815500,640,19,0.38%,0.39%,882,21,0.37%,0.30%,92.47%,100.00%,19,12,2.97%,63.16%,"547,01 €","337,08 €",8,2
B08M5K93QF,B08M5K93QF,Arcos Juego Cuchillos Mesa | 6 Uds | Cuchillo Postre | Cuchillos Mesa | Cuchillo Carne | Hoja 105 mm | Acero Inoxidable Martensítico | Mango Polipropileno | Apto lavavajillas | Envase Ecológico,703500_etq,108,1,0.06%,0.02%,168,2,0.07%,0.03%,100.00%,100.00%,10,0,9.26%,0.00%,"109,90 €","0,00 €",8,0
B08M9QRSW8,B08M9QRSW8,Arcos | Juego Cuchillos cuchillos mesa | 6 Uds | cuchillo fruta | cuchillo postre | Hoja 110 mm | Acero Inoxidable Martensítico | Mango Nylon | apto lavavajillas | Envase Ecológico,703600_barras_arcos,38,1,0.02%,0.02%,58,2,0.02%,0.03%,100.00%,100.00%,9,0,23.68%,0.00%,"89,91 €","0,00 €",8,0
B09DPRCMTF,B08MW2GWPC,Arcos Juego Cuchillos Carne | Cuchillo chuleteros | Cuchillos Carne Cuchillos Mesa | 6 Uds | Hoja 110 mm | Acero Inoxidable | Mango Nylon | Apto lavavajillas | Envase Ecológico (Filo Serrado),816400fba,189,4,0.11%,0.08%,268,5,0.11%,0.07%,100.00%,100.00%,15,0,7.94%,0.00%,"299,85 €","0,00 €",8,0
B0D4WK78XV,B0D4WK78XV,CUPERINOX Aceiteras para Aceite Usado | Grasera Acero Inoxidable 550ML con Filtro Metálico | Recipiente para Aceite Usado de Cocina y Grasa | Grasera Cocina Metálica 550ML 2Uds Metálico,22105-22106,974,5,0.58%,0.10%,"1,419",7,0.60%,0.10%,12.51%,0.00%,8,0,0.82%,0.00%,"95,92 €","0,00 €",8,0
B0DNNKT1W2,B0DNNJCHQP,"Cuperinox-Tetera de Cristal con Infusor para Té e Infusiones, Resistente al Calor y Compatible con Microondas ** - Infusion Prestige Collection (950 ml)",26113_,55,1,0.03%,0.02%,82,1,0.03%,0.01%,100.00%,100.00%,8,0,14.55%,0.00%,"159,92 €","0,00 €",8,0
B0DPKXM18X,B0DNQRZ3BN,"CUPERINOX Soporte Jamonero Inoxidable Profesional con Base Antideslizante para Jamones y Paletas, Incluye Cuchillo | Jamoneros Elite Collection",20260,385,6,0.23%,0.12%,456,6,0.19%,0.09%,99.05%,100.00%,8,0,2.08%,0.00%,"200,33 €","0,00 €",8,0
B096SHJ82T,B0044R8868,Arcos Juego de 12 Cubiertos para Mesa. Set de 6 Cuchillos Chuleteros y 6 Tenedores en Madera de Haya y Acero Inoxidable. Estuche para Carne. Serie Mesa. Color Marrón,377700_fbm,511,14,0.31%,0.29%,689,34,0.29%,0.48%,38.85%,29.41%,8,0,1.57%,0.00%,"376,69 €","0,00 €",7,0
B06XWF2YLW,B005LR71GI,Arcos Cuchillo Cocinero 200 mm,135800,216,13,0.13%,0.27%,281,18,0.12%,0.26%,41.67%,47.06%,7,2,3.24%,15.38%,"71,75 €","20,50 €",7,2
B00CRMZA8Q,B00CRMZA8Q,ARCOS Sacacorchos Eléctrico en ABS con Batería Interna Recargable. Abrebotellas Eléctrico Moderno y Elegante con Cortacápsulas y Luz Indicadora. Color Negro,604600_,670,19,0.40%,0.39%,943,29,0.40%,0.41%,17.39%,8.00%,7,0,1.04%,0.00%,"300,93 €","0,00 €",7,0
B0189HXS8Q,B017DLLIUO,Arcos Navaja Profesional Acero Inoxidable 85 mm,485929_,550,16,0.33%,0.33%,777,19,0.33%,0.27%,69.74%,73.33%,8,0,1.45%,0.00%,"58,80 €","0,00 €",7,0
B071VT3MC3,B071VT3MC3,"Arcos Tijeras Manicura Curva de Acero Forjado, Uso Profesional y Doméstico, 102 mm, Niqueladas en Plata, Serie Style",500600_,53,2,0.03%,0.04%,76,4,0.03%,0.06%,88.57%,0.00%,7,0,13.21%,0.00%,"76,93 €","0,00 €",7,0
B07N8VQSVB,B07N8VQSVB,Arcos Serie Capri - Cubertería de 24 piezas en una Caja de Regalo (6 cuchillos + 12 cucharas + 6 tenedores) - Monoblock de una pieza en Acero Inoxidable Color Plata,587400_,413,9,0.25%,0.19%,658,16,0.28%,0.23%,53.37%,90.00%,9,1,2.18%,11.11%,"683,91 €","75,99 €",7,1
B08T5Z4HFS,B08QYQYZHS,"CUPERINOX Cubiertos para marisco | Pinzas para marisco | Tenazas para marisco | 12 Unidades | Cubiertos marisco (Cangrejo, Langosta, Ostras) | Tenedor de marisco con dos dientes inferiores y cuchara.",20023_12pzs,74,8,0.04%,0.16%,104,12,0.04%,0.17%,98.98%,100.00%,18,12,24.32%,150.00%,"319,02 €","205,08 €",7,2
B08ZNM265D,B08ZNM265D,Arcos | cuchillos de mesa cuchillo mesa tradicional | 6 Piezas cuchillo chuletero | mango nailon | Envase Eco | Fabricado en España,704400,151,7,0.09%,0.14%,234,8,0.10%,0.11%,100.00%,100.00%,9,0,5.96%,0.00%,"242,91 €","0,00 €",7,0
B0F9TD2LTH,B0CS6V91GR,CUPERINOX® Cuchillos de Mesa con Mango de Madera – Set 6 Cuchillos para Carne con Filo Dentado – Estilo Palmadera tradicional – Aptos para Uso Diario,14015,347,18,0.21%,0.37%,442,22,0.19%,0.31%,99.74%,100.00%,7,0,2.02%,0.00%,"132,93 €","0,00 €",7,0
B0DNNKT1W2,B0DNNFJ5J7,"Cuperinox-Tetera de Cristal con Infusor para Té e Infusiones, Resistente al Calor y Compatible con Microondas ** - Infusion Prestige Collection (350 ml)",26110_,229,14,0.14%,0.29%,300,24,0.13%,0.34%,100.00%,100.00%,7,0,3.06%,0.00%,"104,93 €","0,00 €",7,0
B017HKG9PK,B0044R87ZA,Arcos Cuchillo Mondador de Acero Inoxidable. Cuchillo Cocina Profesional para Pelar Frutas y Verduras. Mango Ergonómico Polioximetileno y Hoja 150mm. Serie Maitre. Color Negro.,150700_,626,20,0.37%,0.41%,837,25,0.35%,0.35%,32.23%,18.75%,7,0,1.12%,0.00%,"76,93 €","0,00 €",6,0
B0F1ZF7H1L,B005LR65BK,Arcos Cuchillo Negro 100 mm,230200_,272,6,0.16%,0.12%,370,6,0.16%,0.09%,39.24%,33.33%,6,0,2.21%,0.00%,"120,27 €","0,00 €",6,0
B007TS6HNK,B007TS6HNK,ARCOS Corta Pizzas Acero Inoxidable 100 mm,614800_,173,13,0.10%,0.27%,232,18,0.10%,0.26%,19.71%,15.38%,6,0,3.47%,0.00%,"71,94 €","0,00 €",6,0
B093DXB2PK,B00MDJVRG2,Arcos Latina Cuchillo para Verduras Acero Inoxidable 105 mm,100500_1_pieza,94,1,0.06%,0.02%,120,3,0.05%,0.04%,41.74%,0.00%,8,1,8.51%,100.00%,"40,00 €","4,99 €",6,1
B0189HXQKQ,B017DLLFES,"Arcos Navaja Profesional de Acero Inoxidable Nitrum, Hoja 85 mm, Mango de Polipropileno, Serie Navajas Profesionales, Alta Durabilidad y Rendimiento",485700_fbm,666,18,0.40%,0.37%,863,21,0.36%,0.30%,39.75%,100.00%,17,12,2.55%,66.67%,"119,53 €","83,28 €",6,2
B0714CRSCQ,B0714CRSCQ,Arcos Cuchillo Mondador Negro 100 mm,150300,150,4,0.09%,0.08%,212,4,0.09%,0.06%,28.26%,0.00%,6,0,4.00%,0.00%,"59,70 €","0,00 €",6,0
B0C4DTYRJW,B071LGMMGV,Arcos Juego Cuchillos Cocina Profesionales| Cuchillos Cocina Profesional Set Cuchillos | Mango Negro (3 Piezas),862600_,704,20,0.42%,0.41%,"1,060",39,0.44%,0.55%,99.48%,100.00%,6,1,0.85%,5.00%,"239,94 €","39,99 €",6,1
B07F9GQZCB,B07F9GQZCB,Arcos Cuchillo para Verduras de 4 Pulgadas con Hoja de 105mm en Acero Inoxidable y Mango de Madera. Cuchillo para Vegetales Apto para Lavavajillas. Serie Latina. Color Marrón,100500,203,4,0.12%,0.08%,286,11,0.12%,0.16%,98.01%,100.00%,6,0,2.96%,0.00%,"221,94 €","0,00 €",6,0
B07JWM27F4,B07JWM27F4,Arcos Set Cuchillos Cocina Profesionales Forjados en Acero Inoxidable. Juego de 3 Cuchillos (Pelador 100 mm + Cocinero 150 mm + Cocinero 200 mm). Mango Ergonómico Rosa en Polioximetileno. Riviera Rose,855100,177,1,0.11%,0.02%,322,1,0.14%,0.01%,97.06%,100.00%,6,0,3.39%,0.00%,"449,94 €","0,00 €",6,0
B0F147RFRT,B07N8S366Z,Arcos Cuchillo Cocina Forjado en Acero Inoxidable. Hoja Plateada 210 mm. Cuchillo Chef con Mango Profesional Micarta y Borde de Seda Especial. Serie Brooklyn. Color Azul.,190623_,318,9,0.19%,0.19%,457,12,0.19%,0.17%,96.07%,100.00%,7,2,2.20%,22.22%,"328,93 €","93,98 €",6,1
B06XB92VRH,B07T6J5JWM,CUPERINOX Cafetera Italiana Induccion Espresso Acero Inoxidable 12 Tazas,25035_2,75,2,0.04%,0.04%,110,2,0.05%,0.03%,97.78%,100.00%,6,1,8.00%,50.00%,"168,00 €","28,00 €",6,1
B09NT4VRN7,B0812BKN39,Arcos Juego de Cuchillos Mondadores de 3 Piezas,859800_barras_arcos,"9,254",237,5.52%,4.88%,"13,302",350,5.58%,4.97%,0.19%,1.15%,7,0,0.08%,0.00%,"67,41 €","0,00 €",6,0
B08G8QHY23,B08G8QHY23,Arcos | cuchillos chuleteros cuchillo madera cuchillo chuletero | 6 Piezas | juego cuchillos carne | cuchillos mango madera | Envase Eco | Fabricado en España,809300,162,2,0.10%,0.04%,213,3,0.09%,0.04%,100.00%,100.00%,6,0,3.70%,0.00%,"143,94 €","0,00 €",6,0
B08M99RZRV,B08M99RZRV,Arcos | Cuchillo Jamonero Cuchillo deshuesador | 2 Uds | Set cuchillos jamoneros 250 mm y cuchillo deshuesador (140 mm) jamonero profesional | cuchillo carnicero profesional | Eco,703800,303,7,0.18%,0.14%,386,14,0.16%,0.20%,98.87%,100.00%,6,0,1.98%,0.00%,"239,28 €","0,00 €",6,0
B08J488ZQG,B0987N2CBR,Arcos Juego Cuchillos Carne | 6 Piezas | Cuchillos carne cuchillo chuleteros | cubiertos acero inoxidable | Hoja 110 mm | mango monobloque | aptos lavavajillas | Caja Envase Ecológico,814000FBM,460,18,0.27%,0.37%,549,25,0.23%,0.35%,99.17%,100.00%,7,3,1.52%,16.67%,"193,59 €","81,17 €",6,2
B0DNNKT1W2,B0DNNFJ5J7,"Cuperinox-Tetera de Cristal con Infusor para Té e Infusiones, Resistente al Calor y Compatible con Microondas ** - Infusion Prestige Collection (350 ml)",26110,229,14,0.14%,0.29%,300,24,0.13%,0.34%,100.00%,100.00%,26,26,11.35%,185.71%,"321,30 €","321,30 €",6,6
B0DPKXM18X,B0DNQX2BZN,"CUPERINOX Soporte Jamonero Plegable | Jamonero Giratorio | Jamonero de Bambú con Cuchillo Profesional, Afilador y Funda para Jamón | Elite Collection",20270_fbm,386,11,0.23%,0.23%,439,13,0.18%,0.18%,98.80%,100.00%,6,1,1.55%,9.09%,"299,94 €","49,99 €",6,1
B0DQV6381X,B0F2Q1K35T,CUPERINOX Soporte Jamonero Balancín | Jamonero Giratorio Profesional | Jamonero Madera | Jamonera Profesional | Tabla Cortar Jamon,20265_SC,317,7,0.19%,0.14%,459,10,0.19%,0.14%,99.75%,100.00%,6,1,1.89%,14.29%,"509,94 €","84,99 €",6,1
B017HKGIK6,B005LR6TTS,Arcos Cuchillo tallado Acero Inoxidable. Cuchillo para cortar jamón y carne. Mango ergonómico polioximetileno y Hoja 250 mm. Serie Regia. Color negro/oro.,170600_fbm,188,4,0.11%,0.08%,281,5,0.12%,0.07%,21.83%,40.00%,5,0,2.66%,0.00%,"124,75 €","0,00 €",5,0
B005LR749W,B005LR749W,"ARCOS Juego de Cubiertos de 24 Piezas para Mesa. Cuberterí­a Completa para 6 Personas. Set de 6 Cucharas, 6 Cuchillos, 6 Tenedores y 6 Cucharas de Postre. Serie Berlí­n. Color Plata",562400_fbm,212,5,0.13%,0.10%,295,6,0.12%,0.09%,68.85%,0.00%,5,0,2.36%,0.00%,"419,70 €","0,00 €",5,0
B007TS6GW2,B007TS6GW2,Arcos Chairas - Chaira Afilador manual de cuchillos - Cuerpo de Acero al Carbono recubierto de Diamante de 280 mm - Mango de Polipropileno color negro,279202_,111,3,0.07%,0.06%,147,3,0.06%,0.04%,75.00%,66.67%,5,1,4.50%,33.33%,"199,95 €","39,99 €",5,1
B007TS6I5C,B007TS6I5C,ARCOS Sacacorchos Manual Cuerpo ABS Serie Toscana,604100,158,8,0.09%,0.16%,227,13,0.10%,0.18%,46.81%,50.00%,5,0,3.16%,0.00%,"245,76 €","0,00 €",5,0
B096ZVZNSY,B008U6TCSW,ARCOS Chaira Afilador Acero Nitrum Cromado Negro 250 mm,278200_,237,10,0.14%,0.21%,324,18,0.14%,0.26%,32.53%,38.46%,5,0,2.11%,0.00%,"82,45 €","0,00 €",5,0
B00D3LC70Y,B00D3LC70Y,Arcos Tijeras Costura Castellana - Acero Forjado Niquelado 127 mm - Uso Doméstico y Profesional - Serie Style,502200,54,2,0.03%,0.04%,73,2,0.03%,0.03%,97.06%,100.00%,6,0,11.11%,0.00%,"62,94 €","0,00 €",5,0
B0752V8D5V,B00I9XTGJ6,ARCOS Taco Redondo Protector de Cuchillos Caucho Termoplástico 225 mm,794000,87,3,0.05%,0.06%,112,4,0.05%,0.06%,71.00%,50.00%,5,0,5.75%,0.00%,"124,95 €","0,00 €",5,0
B00J3ZVN54,B00J3ZVN54,ARCOS Cucharas de Mesa Acero Inoxidable 200 mm,574600_,182,5,0.11%,0.10%,246,12,0.10%,0.17%,33.76%,83.33%,8,0,4.40%,0.00%,"71,92 €","0,00 €",5,0
B00MDK1EBE,B00MDK1EBE,"Arcos Cuchillo Utilitario Acero Inoxidable Nitrum 5""",100600_fbm,50,3,0.03%,0.06%,88,4,0.04%,0.06%,52.78%,0.00%,13,0,26.00%,0.00%,"77,87 €","0,00 €",5,0
B017HKSR4G,B00WUZRKJW,Arcos Cuchillos de Mesa - Hoja de Acero Inoxidable Nitrum 110 mm - Mango Ergonómico de Polipropileno - Ideal para Comedor - Color Crema - Serie Elegance,802900,148,6,0.09%,0.12%,194,11,0.08%,0.16%,99.44%,100.00%,9,2,6.08%,33.33%,"31,41 €","6,98 €",5,1
B0CJDS7HN7,B00WUZT88I,ARCOS Mesa Tenedor Carne y Mesa Acero 18/10 Plata 200 mm,702100_1pieza,199,11,0.12%,0.23%,265,19,0.11%,0.27%,34.02%,25.00%,13,0,6.53%,0.00%,"48,75 €","0,00 €",5,0
B06XB92VRH,B00YU2ZS1A,CUPERINOX Cafetera Italiana Induccion Espresso Acero Inoxidable 6 Tazas,25033,73,1,0.04%,0.02%,95,2,0.04%,0.03%,87.18%,100.00%,5,1,6.85%,100.00%,"86,39 €","14,79 €",5,1
B0752NT3TH,B0711S5183,Arcos Tijeras cocina Acero Inoxidable. Tijeras cocina profesionales para cortar todo tipo alimentos. Mango polipropileno y Hoja 235 mm. Serie Prochef. Color very negro.,185721,102,4,0.06%,0.08%,120,4,0.05%,0.06%,35.29%,0.00%,5,0,4.90%,0.00%,"49,95 €","0,00 €",5,0
B0B8Z4CJBC,B07F2YVB15,"Arcos Juego Cuchillos Pelar Acero Inoxidable Nitrum 4""",136500,404,11,0.24%,0.23%,638,22,0.27%,0.31%,69.62%,78.57%,5,0,1.24%,0.00%,"96,20 €","0,00 €",5,0
B09381N96H,B07G75XCXM,"Arcos Serie Cuchillos de Mesa Caja 12 uds Cuchillo Mesa, Hoja Serrada de Acero Inoxidable NITRUM de 125 mm, Mango Polipropileno Color crema (12 UDS)",370200_us,243,13,0.15%,0.27%,407,22,0.17%,0.31%,98.90%,100.00%,8,7,3.29%,53.85%,"157,52 €","137,53 €",5,4
B0B3F4QXML,B07HY6FKNQ,Arcos Serie Clasica - Juego de Cuchillos de 7 piezas en Caja de Regalo (5 Cuchillos + 1 Tijeras + 1 Chaira) - Hoja de Acero Inoxidable Forjado NITRUM - Mango de Polioximetileno (POM) - Color marrón,854400_2,138,5,0.08%,0.10%,216,6,0.09%,0.09%,82.42%,100.00%,5,0,3.62%,0.00%,"739,95 €","0,00 €",5,0
B0F147RFRT,B07N8TV9CC,Arcos Brooklyn Cuchillo Rebanar Jamonero Forjado Micarta Azul 250 mm,191923_,139,5,0.08%,0.10%,191,6,0.08%,0.09%,88.20%,100.00%,5,0,3.60%,0.00%,"215,80 €","0,00 €",5,0
B0843DFZH2,B0843DFZH2,Arcos Set 5 Cuchillos Forjados Acero Inoxidable Nitrum,235024,195,13,0.12%,0.27%,315,21,0.13%,0.30%,80.30%,94.12%,5,1,2.56%,7.69%,"636,55 €","124,99 €",5,1
B09MSDJQJ1,B08M3B43J6,"Arcos | Juego Cuchillo Jamonero 3 Pzas | jamonero Acero Inoxidable (240 mm), afilador Chaira y Cubre jamón | Juego Cuchillos jamonero Profesional | Paleta ibérica | Eco",704300,155,8,0.09%,0.16%,225,10,0.09%,0.14%,99.53%,100.00%,5,0,3.23%,0.00%,"149,95 €","0,00 €",5,0
B08VRP7CR7,B08MTXC14T,Arcos Juego Cuchillos Carne | 6 Piezas | Cuchillos Carne Cuchillo chuleteros | Cubiertos Acero Inoxidable | Hoja 110 mm | Mango Redondo y Forma Ovalada | monobock | Caja Envase Ecológico (6 unidades),809900FBM,71,6,0.04%,0.12%,108,6,0.05%,0.09%,100.00%,100.00%,7,4,9.86%,66.67%,"195,93 €","111,96 €",5,2
B09FQ5SZK8,B08MTZZQV5,Arcos Cuchillo para Pan Acero Inoxidable Nitrum 200 mm,166400_fbm,104,8,0.06%,0.16%,147,14,0.06%,0.20%,50.78%,77.78%,5,0,4.81%,0.00%,"144,95 €","0,00 €",5,0
B08Y8NS7PN,B08XZ8X815,"Arcos serie Maitre - juego de Cuchillos, 2 Pza, Cuchillo Cocina Profesional 150mm + Cuchillo universal 100mm, Acero Inoxidable, Rosa, Eco",814600_fmb,109,0,0.07%,0.00%,130,0,0.05%,0.00%,98.39%,0.00%,7,0,6.42%,0.00%,"125,93 €","0,00 €",5,0
B08ZNM265D,B08ZNM265D,Arcos | cuchillos de mesa cuchillo mesa tradicional | 6 Piezas cuchillo chuletero | mango nailon | Envase Eco | Fabricado en España,704400_fba,151,7,0.09%,0.14%,234,8,0.10%,0.11%,100.00%,100.00%,6,0,3.97%,0.00%,"161,94 €","0,00 €",5,0
B0BRT1JYNQ,B0BRT1JYNQ,Arcos Riviera - Juego de Cuchillos de Cocina (Mondador + 2 Cuchillo Chef) - Acero Inoxidable Forjado NITRUM - Mango POM - Color Negro,838310,77,2,0.05%,0.04%,115,3,0.05%,0.04%,74.49%,0.00%,5,0,6.49%,0.00%,"419,95 €","0,00 €",5,0
B0CVH8PC99,B0CQTKPL63,CUPERINOX Cuchillos Carne | Cuchillos Mesa | Cuchillos Chuleteros | 24 Piezas | Hoja Serrada | Mango Polipropileno | Acero Inoxidable | 11 cm,99923,105,11,0.06%,0.23%,132,14,0.06%,0.20%,100.00%,100.00%,5,1,4.76%,9.09%,"99,95 €","19,99 €",5,1
B0DNNL2TZQ,B0DNN4J6Q8,"CUPERINOX Aceitera antigoteo cristal para Aceite de Oliva, Vinagre etc. A prueba de fugas, Aceitera cristal antigoteo tambien aceiteros cocina ideal para Ensaladas, BBQ, cooking oil container (125 ML)",22021,340,16,0.20%,0.33%,445,21,0.19%,0.30%,99.04%,100.00%,5,0,1.47%,0.00%,"57,65 €","0,00 €",5,0
B0DNNL2TZQ,B0DNNF3839,"CUPERINOX Aceitera de Cristal Antigoteo para Aceite de Oliva, Resistente y Fácil de Limpiar Gourmet Oil Collection (1000 Ml)",22024_,204,6,0.12%,0.12%,307,12,0.13%,0.17%,99.63%,100.00%,5,0,2.45%,0.00%,"90,25 €","0,00 €",5,0
B0DNNKT1W2,B0DNNJPRXB,"Cuperinox-Tetera de Cristal con Infusor para Té e Infusiones, Resistente al Calor y Compatible con Microondas ** - Infusion Prestige Collection (550 ml)",26111_,155,6,0.09%,0.12%,200,10,0.08%,0.14%,100.00%,100.00%,5,0,3.23%,0.00%,"84,95 €","0,00 €",5,0
B0F9X4NXL3,B0F9GJRSSJ,"CUPERINOX Cuchillos Mesa, cuchillo carne, cuchillo mantequilla, Set 6 piezas, acero inoxidable, hoja con filo y sierra, cuchillo untar. Apto lavavajillas. Mango ergonomico",20043_6,112,2,0.07%,0.04%,152,3,0.06%,0.04%,100.00%,0.00%,5,0,4.46%,0.00%,"49,69 €","0,00 €",5,0
B0F54LTCFF,B0044R87I2,Arcos Conjunto Cuchillos 4 piezas (3 Cuchillos + 1 tijeras). Acero Inoxidable y Hoja mm. 1670 gr. Bloque madera pino. Mango ergonómico polioximetileno POM. Serie Universal. Mayor control. Color negro.,285000,138,4,0.08%,0.08%,195,6,0.08%,0.09%,86.44%,0.00%,4,0,2.90%,0.00%,"219,40 €","0,00 €",4,0
B017HKG9PK,B0044R87RS,Arcos Cuchillo para Maitre Negro 215 mm,151000,"2,567",92,1.53%,1.90%,"4,005",144,1.68%,2.04%,3.61%,3.77%,6,5,0.23%,5.43%,"89,94 €","74,95 €",4,3
B0F54LTCFF,B006LMX2GK,Arcos Cuchillo Jamonero Acero Inoxidable Forjado Nitrum 280 mm,281904,247,8,0.15%,0.16%,288,11,0.12%,0.16%,51.10%,42.86%,4,0,1.62%,0.00%,"69,96 €","0,00 €",4,0
B0B3F4QXML,B008U6TDTK,Arcos Serie Clasica - Juego de Cuchillos de 5 piezas en Caja de Regalo (5 Cuchillos) - Hoja de Acero Inoxidable Forjado NITRUM - Mando de Polioximetileno (POM) - Bloque de madera color marrón acabado lacado,257000,482,13,0.29%,0.27%,680,16,0.29%,0.23%,90.07%,80.00%,4,0,0.83%,0.00%,"579,96 €","0,00 €",4,0
B017HKRCGK,B00BHZPGHO,ARCOS Bolsa Portacuchillos para 17 Piezas Poliéster Negra,691400_,195,4,0.12%,0.08%,240,6,0.10%,0.09%,90.61%,100.00%,4,0,2.05%,0.00%,"179,96 €","0,00 €",4,0
B017DLM9SY,B017DLM9SY,Arcos Serie Toscana - Juego de Cucharas de Mesa (3 cucharas) - Monoblock de una pieza en Acero Inoxidable 18/10 y 180 mm - Color Plata,574400_,88,5,0.05%,0.10%,123,9,0.05%,0.13%,49.14%,0.00%,5,0,5.68%,0.00%,"39,95 €","0,00 €",4,0
B071LGMGHG,B071LGMGHG,Arcos Tijeras de Manicura Rectas de Acero Forjado 102 mm - Uso Profesional y Doméstico - Niqueladas Plata - Serie Style,501100,34,0,0.02%,0.00%,46,0,0.02%,0.00%,100.00%,0.00%,4,0,11.76%,0.00%,"39,96 €","0,00 €",4,0
B0FD46SGNM,B07D8H2FNG,Arcos Manhattan Cuchillo Pelador Forjado Acero Inoxidable 100 mm,160100_,51,0,0.03%,0.00%,67,0,0.03%,0.00%,71.67%,0.00%,5,0,9.80%,0.00%,"117,45 €","0,00 €",4,0
B07F6C8L9T,B07F6C8L9T,ARCOS Sacacorchos Eléctrico ABS Batería Recargable Plata,604900_,153,6,0.09%,0.12%,234,8,0.10%,0.11%,28.57%,42.86%,4,0,2.61%,0.00%,"175,96 €","0,00 €",4,0
B07G79KCFK,B07G79KCFK,"Arcos Cuchillos de Mesa Caja de 12 uds Cuchillo Chuletero Cuchillo de Mesa, Hoja de Acero Inoxidable NITRUM 105 mm, Mango de Nylon, Color Marrón (12 uds)",803800_,56,3,0.03%,0.06%,85,3,0.04%,0.04%,79.17%,100.00%,12,10,21.43%,333.33%,"479,88 €","399,90 €",4,2
B0F1ZF7H1L,B07JWG12BV,Arcos Riviera Set 3 Cuchillos Forjados Acero Inoxidable Nitrum,807710_,110,0,0.07%,0.00%,140,0,0.06%,0.00%,55.67%,0.00%,4,0,3.64%,0.00%,"279,96 €","0,00 €",4,0
B07JWM27F4,B07JWM27F4,Arcos Set Cuchillos Cocina Profesionales Forjados en Acero Inoxidable. Juego de 3 Cuchillos (Pelador 100 mm + Cocinero 150 mm + Cocinero 200 mm). Mango Ergonómico Rosa en Polioximetileno. Riviera Rose,855100_,177,1,0.11%,0.02%,322,1,0.14%,0.01%,97.06%,100.00%,4,0,2.26%,0.00%,"299,96 €","0,00 €",4,0
B0F147RFRT,B07N8VRS7L,Arcos Brooklyn Cuchillo Pelador Acero Inoxidable 100 mm,190123_,134,2,0.08%,0.04%,174,2,0.07%,0.03%,69.50%,0.00%,4,0,2.99%,0.00%,"113,96 €","0,00 €",4,0
B0F147RFRT,B07N8W7718,Arcos Cuchillo Chef Forjado Acero Inoxidable Tamaño. Mango Profesional Micarta y BorSeda Especial con Hoja Plateada 250 mm. Impresiona yorprencon Cada Corte. Serie Brooklyn. Color Azul.,190823_,116,2,0.07%,0.04%,153,3,0.06%,0.04%,90.71%,100.00%,4,0,3.45%,0.00%,"211,96 €","0,00 €",4,0
B0F147RFRT,B07YYDR6D8,Arcos Juego de Cuchillos de Cocina. 3 piezas de Acero Inoxidable forjado. Impresiona yorprencon cada corte. Mango Micarta azul. Serie Brooklyn. Color Azul.,858110_,765,13,0.46%,0.27%,"1,070",17,0.45%,0.24%,31.56%,15.38%,4,0,0.52%,0.00%,"387,56 €","0,00 €",4,0
B08VS4FCLN,B08BX3WTPP,"Arcos Juego Cuchillos Cocina cuchillo blanco cuchillos | cuchillos cocina Maitre | 4 piezas | Chef 215 mm, Cocina 150 mm, Verduras 100 mm Tijera cocina (Blanco)",152624_,231,7,0.14%,0.14%,298,7,0.13%,0.10%,99.25%,100.00%,4,2,1.73%,28.57%,"139,96 €","69,98 €",4,2
B08WR6CHHN,B08JC8DSP6,Arcos Cuchillos Chuleteros cuchillos chuleteros acero inoxidable filo liso juego cuchillos chuleteros | 6 PZAS cuchillo chuletero | Hoja 110 mm |cuchillos carne Envase Eco,815800_,52,1,0.03%,0.02%,99,1,0.04%,0.01%,100.00%,100.00%,5,0,9.62%,0.00%,"199,95 €","0,00 €",4,0
B08LVZCG23,B08LVZCG23,Arcos Juego de Cuchillos de Cocina Rosa | 3 pz | Cuchillo Chef para pelar Verduras | Edición Limitada | Solidaria,814500,338,8,0.20%,0.16%,498,10,0.21%,0.14%,97.32%,100.00%,5,2,1.48%,25.00%,"147,95 €","57,98 €",4,1
B08WR6CHHN,B08MW17PLN,Arcos Juego Cuchillos Carne | 6 Piezas | Cuchillo chuleteros | Hoja 110 mm | monoblock | Cuchillo en 1 Sola Pieza | Cuchillos Carne Cubiertos Acero Inoxidable | Caja Envase Ecológico (Sierra Laser),815900fba,49,2,0.03%,0.04%,69,2,0.03%,0.03%,100.00%,100.00%,4,1,8.16%,50.00%,"159,96 €","39,99 €",4,1
B08Q7W1Q4K,B08Q7W1Q4K,"Tradineur - Pack de 2 Graseras de metal de Ø 9,3 x 11 cm - Incluye filtro, asa y tapa - Aceitera con colador para conservación de aceite de acero inoxidable - Capacidad de 550 ml",22105+22106,80,2,0.05%,0.04%,100,2,0.04%,0.03%,100.00%,100.00%,4,0,5.00%,0.00%,"43,96 €","0,00 €",4,0
B08Y8NS7PN,B08XZ8X815,"Arcos serie Maitre - juego de Cuchillos, 2 Pza, Cuchillo Cocina Profesional 150mm + Cuchillo universal 100mm, Acero Inoxidable, Rosa, Eco",814600,109,0,0.07%,0.00%,130,0,0.05%,0.00%,98.39%,0.00%,4,0,3.67%,0.00%,"75,96 €","0,00 €",4,0
B0C4DTYRJW,B094QVHPQ8,Arcos Juego Cuchillos Cocina Profesionales| Cuchillos Cocina Profesional Set Cuchillos | Mango Negro (4 Piezas),813500,444,17,0.27%,0.35%,613,31,0.26%,0.44%,99.82%,100.00%,4,1,0.90%,5.88%,"159,80 €","39,95 €",4,1
B08TLR4Z27,B095C22QFS,Arcos jamonero Profesional | Cuchillo jamonero jamonero Inoxidable Nitrum | Mango Negro | Cuchillo Jamon iberico | Serie Maitre| Hoja Flexible y Filo Liso | 275 mm | Acero Inoxidable NITRUM,151811FBM,41,1,0.02%,0.02%,68,2,0.03%,0.03%,100.00%,100.00%,4,0,9.76%,0.00%,"79,96 €","0,00 €",4,0
B09FQ5SZK8,B0968LSP2T,"Arcos Utensilios Barbacoa - Cuchillo 200 mm y Tenedor 215 mm, Acero Inoxidable NITRUM, Mango Madera Ovengkol FSC, Set 2 Piezas, Embalaje Reciclado, Serie Nordika",167000_fbm,156,4,0.09%,0.08%,229,4,0.10%,0.06%,54.77%,50.00%,4,0,2.56%,0.00%,"199,96 €","0,00 €",4,0
B09F9MH34D,B09F9MH34D,"Arcos Serie Cuchillos de Mesa Chuleteros, Mango de Polipropileno, Hoja 110 mm, Apto para Lavavajillas, Negro, 6 Piezas",805109_6piezas,85,1,0.05%,0.02%,127,1,0.05%,0.01%,97.00%,100.00%,6,0,7.06%,0.00%,"83,94 €","0,00 €",4,0
B08VRP7CR7,B09XMVTWLT,Arcos Juego Cuchillos Carne | 6 Piezas | Cuchillos Carne Cuchillo chuleteros | Cubiertos Acero Inoxidable | Hoja 110 mm | Mango Redondo y Forma Ovalada | monobock | Caja Envase Ecológico (Filo Liso),830000,84,3,0.05%,0.06%,136,3,0.06%,0.04%,99.15%,100.00%,4,0,4.76%,0.00%,"131,96 €","0,00 €",4,0
B0B42QTHTP,B0B42QTHTP,CUPERINOX | Tijeras de pescado 18 cm | Tijeras Cocina | tijeras de cocinero profesional para aves pescado carne caza| Accesorios de cocina,21991_,37,3,0.02%,0.06%,42,5,0.02%,0.07%,97.56%,100.00%,4,0,10.81%,0.00%,"25,11 €","0,00 €",4,0
B0DPLG5V7Q,B0DWN7MZ3R,CUPERINOX Vaso cafe - Tazas de Espresso de Cristal - - Vaso Cristal - 80ml (Set de 6) - Apto para Lavavajillas y Microondas - Aroma Series,26120_3packs,78,5,0.05%,0.10%,110,7,0.05%,0.10%,98.00%,100.00%,4,2,5.13%,40.00%,"72,26 €","36,28 €",4,2
B0F9X4NXL3,B0F9KW1V3K,"Cuchillos Mesa, cuchillo carne, cuchillo mantequilla, Set 12 piezas, acero inoxidable, hoja con filo y sierra, cuchillo untar. Apto lavavajillas. Mango ergonomico",20043_12,125,2,0.07%,0.04%,155,2,0.07%,0.03%,100.00%,100.00%,4,0,3.20%,0.00%,"47,65 €","0,00 €",4,0
B0F9X4NXL3,B0F9KXQKLG,"CUPERINOX Cuchillos Mesa, cuchillo carne, cuchillo mantequilla, Set 24 piezas, acero inoxidable, hoja con filo y sierra, cuchillo untar. Apto lavavajillas. Mango ergonomico",20043_24,78,1,0.05%,0.02%,109,2,0.05%,0.03%,100.00%,100.00%,8,1,10.26%,100.00%,"159,40 €","19,99 €",4,1
B017HKG9PK,B0044R87LE,Arcos Cuchillo Panero Negro 210 mm,151400_fbm,511,33,0.31%,0.68%,581,36,0.24%,0.51%,21.08%,0.00%,3,0,0.59%,0.00%,"44,97 €","0,00 €",3,0
B017HKG9PK,B0044R87W8,"Arcos Cuchillo Santoku Acero Inoxidable Nitrum. Cuchillo Cocina japonés Pescado, Carne y Verduras. Mango ergonómico polioximetileno Pom y Hoja 170 mm. Multiusos. Serie Maitre. Color Negro.",151600_fba,564,15,0.34%,0.31%,736,26,0.31%,0.37%,3.17%,5.88%,3,0,0.53%,0.00%,"58,47 €","0,00 €",3,0
B0752NT3TH,B005LR77GC,ARCOS Tijeras de Cocina Profesional 235 mm,185701_barras_arcos,911,25,0.54%,0.52%,"1,365",35,0.57%,0.50%,18.20%,22.73%,3,3,0.33%,12.00%,"29,25 €","29,25 €",3,3
B0F54LTCFF,B006963LSM,Arcos Cuchillo para Pan Acero Inoxidable 250 mm,282204_,165,7,0.10%,0.14%,220,11,0.09%,0.16%,3.54%,0.00%,3,0,1.82%,0.00%,"58,80 €","0,00 €",3,0
B0F54LTCFF,B007TS67WG,Arcos Cuchillo Chef Acero Inoxidable 300 mm,280804,214,8,0.13%,0.16%,287,9,0.12%,0.13%,56.65%,75.00%,3,0,1.40%,0.00%,"89,25 €","0,00 €",3,0
B0F54LTCFF,B007TS6GFO,Arcos Universal Juego 5 Cuchillos Nitrum Bloque Pino POM Negro,285700_,281,8,0.17%,0.16%,394,13,0.17%,0.18%,30.32%,0.00%,3,0,1.07%,0.00%,"314,70 €","0,00 €",3,0
B00D3LCFRE,B00D3LCFRE,Arcos Tijeras Multiusos de Acero Inoxidable 210 mm - Costura y Tejidos - Mango ABS Gris - Serie Deluxe,521000_fbm,40,1,0.02%,0.02%,60,1,0.03%,0.01%,91.23%,100.00%,3,0,7.50%,0.00%,"71,97 €","0,00 €",3,0
B0752TTMS8,B00D3LFAEE,Arcos Chairas - Chaira Afilador Manual de Cuchillos - Cuerpo Ovalado de Acero al Carbono Recubierto de Diamante de 280 mm y 17 mm de diámetro - Mango Polipropileno Color Negro,279200,818,25,0.49%,0.52%,"1,130",32,0.47%,0.45%,18.64%,16.00%,3,0,0.37%,0.00%,"119,97 €","0,00 €",3,0
B08M7BMR2S,B00I9XTLSC,ARCOS Afilador Profesional Manual Cerámica y Carbono Rojo-Negro,610600,"3,576",92,2.13%,1.90%,"4,955",123,2.08%,1.75%,10.85%,0.00%,3,1,0.08%,1.09%,"38,69 €","11,31 €",3,1
B0F54LTCFF,B00VRWR53K,"Arcos Serie Universal, Macheta Cuchillo Carnicero, Hoja de Acero Inoxidable Nitrum 180 mm, Mango de Polioximetileno, Pom Color Negro",288100_,108,5,0.06%,0.10%,128,5,0.05%,0.07%,98.35%,100.00%,3,1,2.78%,20.00%,"119,97 €","39,99 €",3,1
B00VRZ1YJI,B00VRZ1YJI,Arcos Tijeras Modista Acero Forjado 190 mm - Uso Doméstico y Profesional - Niqueladas Plata - Serie Style,504300,40,0,0.02%,0.00%,50,0,0.02%,0.00%,89.13%,0.00%,3,0,7.50%,0.00%,"42,20 €","0,00 €",3,0
B0752NT3TH,B071S7PMLH,ARCOS Prochef Tijeras de Cocina Acero Amarillo-Negro 235 mm,185725,41,1,0.02%,0.02%,51,1,0.02%,0.01%,14.29%,0.00%,3,0,7.32%,0.00%,"29,55 €","0,00 €",3,0
B071S7PRTZ,B071S7PRTZ,"Arcos Riviera Blanc, Set Jamonero de 2 piezas, Acero Inoxidable Forjado, Mango POM, Color Blanco",852000_,21,0,0.01%,0.00%,40,0,0.02%,0.00%,90.63%,0.00%,3,0,14.29%,0.00%,"125,97 €","0,00 €",3,0
B0DK3CM34K,B07CBLHKLN,"HENDI Cartuchos de recarga de gas GLP para HENDI Cabezales de antorchas de cocina de llama continua 198247 y 198216, recambios para soplete, paquete de 4 unidades",H199039,33,2,0.02%,0.04%,59,3,0.02%,0.04%,92.16%,100.00%,3,1,9.09%,50.00%,"42,37 €","12,39 €",3,1
B0BXB18B8W,B07DC9LM3W,"Arcos Cuchillo Panadero Profesional - Hoja Silk Edge 200 mm en Acero Inoxidable Nitrum, Corte Preciso y Duradero, Ideal para Pan y Pasteles, Diseño Elegante y Seguro, Serie Manhattan",161300_,53,2,0.03%,0.04%,73,2,0.03%,0.03%,100.00%,100.00%,3,1,5.66%,50.00%,"95,97 €","31,99 €",3,1
B0BXB18B8W,B07DQRFDMB,Arcos Manhattan Cuchillo Santoku Forjado Acero POM Negro 190 mm,161600_,89,2,0.05%,0.04%,134,2,0.06%,0.03%,86.89%,100.00%,3,1,3.37%,50.00%,"102,47 €","33,49 €",3,1
B0F1ZF7H1L,B07JHPQGPW,Arcos Riviera Blanc Juego 3 Cuchillos Forjados POM Blanco,807610_,264,6,0.16%,0.12%,350,11,0.15%,0.16%,44.95%,9.09%,3,0,1.14%,0.00%,"209,97 €","0,00 €",3,0
B0F147RFRT,B07N8V5DY8,Arcos Cuchillo trinchar forjado | Cuchillo jamonero Acero Inoxidable. Cuchillo cocina profesional cocinar. Mango micarta y borseda especial y Hoja plateada 300 mm. Serie Brooklyn. Color azul.,192323_,145,5,0.09%,0.10%,207,6,0.09%,0.09%,95.58%,100.00%,3,0,2.07%,0.00%,"135,64 €","0,00 €",3,0
B0F147RFRT,B07N8VCFRY,Arcos Brooklyn Cuchillo Panero Acero Inoxidable Nitrum 200 mm,191323_,113,2,0.07%,0.04%,135,2,0.06%,0.03%,97.06%,100.00%,3,0,2.65%,0.00%,"114,75 €","0,00 €",3,0
B0F147RFRT,B07N8VHP6Y,Arcos Cuchillo deshuesador con Hoja Acero Inoxidable Nitrum 160 mm. Cuchillo profesional para cortar huesos carne. Mango ergonómico polipropileno. Serie Brooklyn. Color azul.,192623_,125,3,0.07%,0.06%,150,3,0.06%,0.04%,76.56%,0.00%,3,0,2.40%,0.00%,"113,97 €","0,00 €",3,0
B07S8PHLKH,B07S8PHLKH,Arcos Nova Set 6 Cuchillos Chuleteros Acero Inoxidable 110 mm,806100_fba,30,0,0.02%,0.00%,51,0,0.02%,0.00%,95.24%,0.00%,4,0,13.33%,0.00%,"71,96 €","0,00 €",3,0
B07T1LRC8M,B07S9RTS38,Arcos Kids Cuchillo de Cocina para Niños - Hoja Segura de Acero Inoxidable NITRUM 100 mm - Mango Ergonómico POM Verde - Seguridad Infantil y Durabilidad,792921_fbm,100,2,0.06%,0.04%,159,4,0.07%,0.06%,80.33%,100.00%,3,0,3.00%,0.00%,"53,97 €","0,00 €",3,0
B09NT4VRN7,B0812BKN39,Arcos Juego de Cuchillos Mondadores de 3 Piezas,859800_,"9,254",237,5.52%,4.88%,"13,302",350,5.58%,4.97%,0.19%,1.15%,3,2,0.03%,0.84%,"30,89 €","19,90 €",3,2
B0F147RFRT,B0843DNN57,Arcos Set Cuchillos Forjados 4 piezas (3 Cuchillos + 1 tijeras) - Acero Inoxidable Forjado NITRUM - Mango Micarta - Bloques Madera Color Azul. Serie Brooklyn. Impresiona yorprencon Cada Corte.,194000_,159,7,0.09%,0.14%,190,8,0.08%,0.11%,93.75%,100.00%,3,1,1.89%,14.29%,"329,97 €","109,99 €",3,1
B0CYTKGNPM,B0843Q6L5P,ARCOS Pelador Profesional Acero Inoxidable Cromado 130 mm,607000_,"1,679",54,1.00%,1.11%,"2,514",98,1.06%,1.39%,0.44%,5.26%,5,4,0.30%,7.41%,"25,81 €","18,44 €",3,2
B0843V9Z1W,B0843V9Z1W,Arcos Cuchillo Santoku Acero Inoxidable Nitrum y Hoja 190 mm. Mango ergonómico polioximetileno POM. Diseño clásico y acabado redondeado gran belleza yolidez. Serie Opera. Color negro.,229900_fba,57,1,0.03%,0.02%,76,1,0.03%,0.01%,76.71%,100.00%,3,0,5.26%,0.00%,"110,97 €","0,00 €",3,0
B08TLR4Z27,B08M3DQFHM,Arcos jamonero Profesional | Cuchillo jamonero jamonero Inoxidable Nitrum | Mango Negro | Cuchillo Jamon iberico | Serie Maitre| Hoja Flexible y Filo Liso | 275 mm | Acero Inoxidable NITRUM,151210_fbm,47,2,0.03%,0.04%,62,3,0.03%,0.04%,100.00%,100.00%,3,0,6.38%,0.00%,"46,47 €","0,00 €",3,0
B08TLR4Z27,B08M3YG4R1,Arcos jamonero Profesional | Cuchillo jamonero jamonero Inoxidable Nitrum | Mango Negro | Cuchillo Jamon iberico | Serie Maitre| Hoja Flexible y Filo Liso | 275 mm | Acero Inoxidable NITRUM,704200,35,2,0.02%,0.04%,54,5,0.02%,0.07%,100.00%,100.00%,14,12,40.00%,600.00%,"307,86 €","263,88 €",3,1
B08M5K93QF,B08M5K93QF,Arcos Juego Cuchillos Mesa | 6 Uds | Cuchillo Postre | Cuchillos Mesa | Cuchillo Carne | Hoja 105 mm | Acero Inoxidable Martensítico | Mango Polipropileno | Apto lavavajillas | Envase Ecológico,703500FBM,108,1,0.06%,0.02%,168,2,0.07%,0.03%,100.00%,100.00%,3,0,2.78%,0.00%,"38,97 €","0,00 €",3,0
B08NW1VQRT,B08NW1VQRT,CUPERINOX Navaja para Setas y Champiñones | Acero Inoxidable | Con Cepillo y Funda Incluida | Micológica,PE2181,166,6,0.10%,0.12%,234,8,0.10%,0.11%,99.51%,100.00%,3,2,1.81%,33.33%,"31,47 €","20,98 €",3,2
B093313MH6,B093313MH6,Arcos | Cuchillo de deshuesar| Cuchillo deshuesador | cuchillo deshuesador jamón | cuchillo deshuesador (140 mm) Clásica| Envase Eco | cuchillo puntilla jamonero,256210_fba,201,5,0.12%,0.10%,257,7,0.11%,0.10%,100.00%,100.00%,3,0,1.49%,0.00%,"59,97 €","0,00 €",3,0
B09BVVKYWV,B09BVVKYWV,"CUPERINOX Navaja 5 en1 multiusos | Incluye Afilador Navaja| Funcion Abrebotella, rompecristales y corta cuerdas| Navaja Filo Liso y Sierra|",30060,79,2,0.05%,0.04%,112,2,0.05%,0.03%,98.98%,100.00%,3,0,3.80%,0.00%,"44,97 €","0,00 €",3,0
B08VS4FCLN,B09HBWSBN1,"Arcos Juego Cuchillos Cocina cuchillo blanco cuchillos | cuchillos cocina Maitre | 5 piezas | Chef 215 mm, Cocina 150 mm, Verduras 100 mm Tijera cocina (Negro + Jamonero)",854100,85,0,0.05%,0.00%,129,0,0.05%,0.00%,99.09%,0.00%,3,0,3.53%,0.00%,"149,97 €","0,00 €",3,0
B0C5JNCFL4,B0C5JNCFL4,Arcos Serie Milano - Cubertería de 24 piezas en Caja de Regalo (6 Cuchillos + 12 Cucharas + 6 Tenedores) - Monoblock de una pieza en Acero Inoxidable - Color Plata,542000,107,1,0.06%,0.02%,162,1,0.07%,0.01%,96.92%,0.00%,4,0,3.74%,0.00%,"299,96 €","0,00 €",3,0
B0F9TD2LTH,B0CS6V91GR,CUPERINOX® Cuchillos de Mesa con Mango de Madera – Set 6 Cuchillos para Carne con Filo Dentado – Estilo Palmadera tradicional – Aptos para Uso Diario,14015_us,347,18,0.21%,0.37%,442,22,0.19%,0.31%,99.74%,100.00%,4,0,1.15%,0.00%,"75,96 €","0,00 €",3,0
B0DNNKT1W2,B0DNNJPRXB,"Cuperinox-Tetera de Cristal con Infusor para Té e Infusiones, Resistente al Calor y Compatible con Microondas ** - Infusion Prestige Collection (550 ml)",26111,155,6,0.09%,0.12%,200,10,0.08%,0.14%,100.00%,100.00%,3,0,1.94%,0.00%,"50,97 €","0,00 €",3,0
B0DPKXM18X,B0DNQRZ3BN,"CUPERINOX Soporte Jamonero Inoxidable Profesional con Base Antideslizante para Jamones y Paletas, Incluye Cuchillo | Jamoneros Elite Collection",20260_fbm,385,6,0.23%,0.12%,456,6,0.19%,0.09%,99.05%,100.00%,3,0,0.78%,0.00%,"74,97 €","0,00 €",3,0
B0F9X4NXL3,B0F9KW1V3K,"Cuchillos Mesa, cuchillo carne, cuchillo mantequilla, Set 12 piezas, acero inoxidable, hoja con filo y sierra, cuchillo untar. Apto lavavajillas. Mango ergonomico",20043--12,125,2,0.07%,0.04%,155,2,0.07%,0.03%,100.00%,100.00%,3,0,2.40%,0.00%,"35,97 €","0,00 €",3,0
B0F9X4NXL3,B0F9KXQKLG,"CUPERINOX Cuchillos Mesa, cuchillo carne, cuchillo mantequilla, Set 24 piezas, acero inoxidable, hoja con filo y sierra, cuchillo untar. Apto lavavajillas. Mango ergonomico",20043-24,78,1,0.05%,0.02%,109,2,0.05%,0.03%,100.00%,100.00%,3,0,3.85%,0.00%,"59,97 €","0,00 €",3,0
B017HKG9PK,B0044R87VO,Arcos Maitre - Cuchillo Jamonero Flexible - Acero Inoxidable NITRUM 275 mm - Mango Polipropileno negro,151200,480,11,0.29%,0.23%,530,14,0.22%,0.20%,51.03%,44.44%,3,0,0.63%,0.00%,"47,97 €","0,00 €",2,0
B017HKG9PK,B0044R87YQ,Arcos Cuchillo para Maitre Negro 100 mm,150500_us,639,18,0.38%,0.37%,921,24,0.39%,0.34%,1.92%,50.00%,4,3,0.63%,16.67%,"38,32 €","27,33 €",2,1
B0BSKCJNDM,B005LR72I0,Arcos Niza Cuchillo Jamonero Flexible Acero Inoxidable 230 mm,135600_fba,52,1,0.03%,0.02%,79,1,0.03%,0.01%,72.60%,0.00%,2,0,3.85%,0.00%,"21,98 €","0,00 €",2,0
B017HKRCGK,B005LR7AWI,ARCOS Bolsa Portacuchillos 8 Piezas Poliéster 500x510mm,690400_,581,8,0.35%,0.16%,828,15,0.35%,0.21%,0.67%,0.00%,2,0,0.34%,0.00%,"49,98 €","0,00 €",2,0
B017HKR8WS,B005LRSIK6,ARCOS Afilador de Bolsillo Profesional,610200_fbm,343,16,0.20%,0.33%,468,24,0.20%,0.34%,6.90%,0.00%,2,0,0.58%,0.00%,"75,50 €","0,00 €",2,0
B017HKKKIC,B007TS68BG,Arcos Universal Cuchillo Carnicero Nitrum POM Negro 160 mm,288200_fbm,109,2,0.07%,0.04%,146,2,0.06%,0.03%,41.98%,0.00%,2,0,1.83%,0.00%,"53,50 €","0,00 €",2,0
B0F54LTCFF,B007TS6G9U,Arcos Juego de Cuchillos Cocina y Tijeras,285600,244,9,0.15%,0.19%,393,13,0.16%,0.18%,14.29%,20.00%,2,1,0.82%,11.11%,"249,80 €","124,90 €",2,1
B0F54LTCFF,B007TS6GI6,Arcos Universal Set 2 Cuchillos de Cocina Acero Inoxidable Nitrum,285800_2,79,1,0.05%,0.02%,98,1,0.04%,0.01%,22.47%,0.00%,2,0,2.53%,0.00%,"55,95 €","0,00 €",2,0
B0752X1ZCK,B009KPKG8M,Arcos Cuchillos de Mesa - Cuchillo Chuletero Cuchillo de Mesa - Hoja de Acero Inoxidable NITRUM 110 mm - Mango de Nylon - Color Negro,803000_1-Pieza,85,4,0.05%,0.08%,97,4,0.04%,0.06%,59.78%,75.00%,6,0,7.06%,0.00%,"22,50 €","0,00 €",2,0
B00PKFXWJQ,B00PKFXWJQ,Arcos Serie Cuchillos de Mesa - Cuchillo Mesa - Hoja Serrada de Acero Inoxidable NITRUM de 125 mm - Mango Polipropileno Color crema,370200_1Pieza,58,1,0.03%,0.02%,73,1,0.03%,0.01%,98.55%,100.00%,16,0,27.59%,0.00%,"55,84 €","0,00 €",2,0
B00U2QWLVS,B00U2QWLVS,Arcos Cuchillo Chuletero de Mesa Acero Inoxidable Nitrum 115 mm,740009_us,35,1,0.02%,0.02%,42,1,0.02%,0.01%,100.00%,100.00%,5,0,14.29%,0.00%,"19,95 €","0,00 €",2,0
B00VRZ327A,B00VRZ327A,Arcos Tijeras Costura Acero Forjado 152 mm - Uso Doméstico y Profesional - Niqueladas Plata - Serie Style,502400,48,0,0.03%,0.00%,67,0,0.03%,0.00%,100.00%,0.00%,2,0,4.17%,0.00%,"24,18 €","0,00 €",2,0
B00WHV21BG,B00WHV21BG,CUPERINOX TIJERAS PESCADO | TIJERAS COCINA| TIJERAS ACERO| TIJERAS | 20 CM | UTENSILIOS DE COCINA,21992_,19,0,0.01%,0.00%,25,0,0.01%,0.00%,100.00%,0.00%,2,0,10.53%,0.00%,"14,50 €","0,00 €",2,0
B06XB92VRH,B00YU2YTTM,CUPERINOX Cafetera Italiana Induccion Espresso Acero Inoxidable 4 Tazas,25032_,131,2,0.08%,0.04%,186,3,0.08%,0.04%,14.55%,0.00%,2,0,1.53%,0.00%,"40,31 €","0,00 €",2,0
B06XB92VRH,B00YU2ZWGG,CUPERINOX Cafetera Italiana Induccion Espresso Acero Inoxidable 10 Tazas,25034_fbm,74,3,0.04%,0.06%,108,7,0.05%,0.10%,100.00%,100.00%,2,0,2.70%,0.00%,"39,98 €","0,00 €",2,0
B093DRZ154,B017DLDM3A,Arcos Cuchillo Mondador Madera 65 mm,100100_us,303,7,0.18%,0.14%,441,13,0.19%,0.18%,0.77%,0.00%,3,0,0.99%,0.00%,"16,65 €","0,00 €",2,0
B017DLL2KA,B017DLL2KA,"Arcos Regia Cuchillos Mesa Carne Nitrum POM Negro-Oro 4,5 pulg",375000_1Pieza,178,12,0.11%,0.25%,259,14,0.11%,0.20%,13.94%,28.57%,9,0,5.06%,0.00%,"107,91 €","0,00 €",2,0
B0728B9JLB,B0728B9JLB,Arcos Cuchillo carne/mesa con Hoja Acero Inoxidable Nitrum 110 mm. Mango ergonómico polioximetileno POM. Los bordeserrados los hacen perfectos para cortar. Serie Mesa. Color azul.,373723,57,1,0.03%,0.02%,83,1,0.03%,0.01%,55.07%,100.00%,8,0,14.04%,0.00%,"130,32 €","0,00 €",2,0
B077V7LJJM,B077V7LJJM,"Arcos Serie Riviera, Set Jamonero de 3 piezas, 1 Cuchillo Jamonero + 1 Deshuesador + 1 Chaira, Hoja de Acero Inoxidable Forjado Nitrum, Mango de Polioximetileno, POM, Color Negro",_806911_,34,2,0.02%,0.04%,52,6,0.02%,0.09%,66.67%,100.00%,2,0,5.88%,0.00%,"139,98 €","0,00 €",2,0
B078KJ1T6G,B078JPWR5J,"Arcos 807600 Juego de Cuchillos, Acero Inoxidable, Blanco, 45x20x5 cm, 3 Unidades",807600_,216,8,0.13%,0.16%,254,11,0.11%,0.16%,100.00%,100.00%,2,0,0.93%,0.00%,"139,98 €","0,00 €",2,0
B079ZCF2G9,B079ZCF2G9,Arcos Nova Juego 6 Cuchillos Carne Serrados Nitrum Negro 110 mm,188900_fbm,44,0,0.03%,0.00%,62,0,0.03%,0.00%,75.93%,0.00%,2,0,4.55%,0.00%,"35,50 €","0,00 €",2,0
B08S87M447,B07BMGMVY4,Arcos Serie Riviera Rose - Cuchillo Cocinero - Hoja de Acero Inoxidable Forjado NITRUM 200 mm - Mango de Polioximetileno (POM) Color Rosa,233654_,60,3,0.04%,0.06%,90,3,0.04%,0.04%,89.16%,100.00%,2,0,3.33%,0.00%,"69,98 €","0,00 €",2,0
B0BXB18B8W,B07D8GYFC7,"Arcos Cuchillo Chef Forjado Acero Inoxidable NITRUM - Profesional Cocina, Mango Ergonómico POM Negro, Hoja Silk Edge 150 mm, Serie Manhattan",160400_,26,0,0.02%,0.00%,53,0,0.02%,0.00%,93.33%,0.00%,2,0,7.69%,0.00%,"64,98 €","0,00 €",2,0
B0BXB18B8W,B07D8H2FNG,Arcos Manhattan Cuchillo Pelador Forjado Acero Inoxidable 100 mm,160100_,23,3,0.01%,0.06%,30,3,0.01%,0.04%,11.54%,50.00%,2,0,8.70%,0.00%,"46,98 €","0,00 €",2,0
B0BXB18B8W,B07D8WQ355,Arcos Serie Manhattan - Cuchillo Cocinero - Hoja de Acero Inoxidable Forjado Nitrum 210 mm - Mango de Polioximetileno (POM) Color Negro - Filo Seda,160600_,94,1,0.06%,0.02%,162,6,0.07%,0.09%,86.11%,100.00%,2,0,2.13%,0.00%,"73,98 €","0,00 €",2,0
B0FD46SGNM,B07DFK4T6L,"Arcos Cuchillo Deshuesador Profesional - Hoja Silk Edge Acero Inoxidable Nitrum 160 mm, Precisión y Durabilidad, Mango Ergonómico POM Negro, Serie Manhattan",162600_,33,0,0.02%,0.00%,38,0,0.02%,0.00%,88.89%,0.00%,2,0,6.06%,0.00%,"55,98 €","0,00 €",2,0
B0FD46SGNM,B07JJGXYZD,Arcos Set Cocina Serie Manhattan,858100_,176,2,0.11%,0.04%,257,2,0.11%,0.03%,98.20%,100.00%,2,0,1.14%,0.00%,"165,98 €","0,00 €",2,0
B0CSXP6TLN,B07MZK9VXP,"HENDI Descalcificador de agua, 12L",H231227,90,4,0.05%,0.08%,142,6,0.06%,0.09%,78.05%,25.00%,2,1,2.22%,25.00%,"249,49 €","124,50 €",2,1
B0F147RFRT,B07N8Q63Z6,Arcos Brooklyn Cuchillo para Tomates Forjado Acero Inoxidable Nitrum 130 mm,192023_,95,2,0.06%,0.04%,120,3,0.05%,0.04%,77.66%,0.00%,2,0,2.11%,0.00%,"63,98 €","0,00 €",2,0
B0BXB18B8W,B07N8VLCQS,"Arcos Juego de Cuchillos Profesionales (4 Piezas) - Acero Inoxidable Nitrum, Precisión y Durabilidad, Mango Ergonómico POM Negro, Incluye Tijeras y Bloque de Madera, Serie Manhattan",163300_,39,1,0.02%,0.02%,51,1,0.02%,0.01%,95.65%,100.00%,2,0,5.13%,0.00%,"193,98 €","0,00 €",2,0
B0BXB18B8W,B07N8W79GH,Arcos Manhattan Cuchillo Tallado Acero Inoxidable Nitrum 300 mm,162300_,43,0,0.03%,0.00%,51,0,0.02%,0.00%,97.92%,0.00%,2,0,4.65%,0.00%,"73,98 €","0,00 €",2,0
B0FD46SGNM,B07N8W79GH,Arcos Manhattan Cuchillo Tallado Acero Inoxidable Nitrum 300 mm,162300_,28,2,0.02%,0.04%,38,2,0.02%,0.03%,97.30%,100.00%,2,0,7.14%,0.00%,"73,98 €","0,00 €",2,0
B0843D965B,B0843D965B,Arcos Cuchillo Chef Acero Inoxidable. Cuchillo Cocina Profesional multipropósito para Cortar y Limpiar Verduras. Mango ergonómico polioximetileno y Hoja 210 mm. Serie Opera. Color Negro.,225100_fbm,50,1,0.03%,0.02%,77,2,0.03%,0.03%,93.94%,100.00%,2,0,4.00%,0.00%,"77,76 €","0,00 €",2,0
B088FYWBJ4,B088FYWBJ4,Vinfer maton insecticida efecto residual rastreros,V22255,684,24,0.41%,0.49%,"1,115",38,0.47%,0.54%,0.50%,0.00%,2,0,0.29%,0.00%,"21,94 €","0,00 €",2,0
B09MSDJQJ1,B08M3B43J6,"Arcos | Juego Cuchillo Jamonero 3 Pzas | jamonero Acero Inoxidable (240 mm), afilador Chaira y Cubre jamón | Juego Cuchillos jamonero Profesional | Paleta ibérica | Eco",704300_fbm,155,8,0.09%,0.16%,225,10,0.09%,0.14%,99.53%,100.00%,7,6,4.52%,75.00%,"191,83 €","161,94 €",2,1
B08TLR4Z27,B08M3DQFHM,Arcos jamonero Profesional | Cuchillo jamonero jamonero Inoxidable Nitrum | Mango Negro | Cuchillo Jamon iberico | Serie Maitre| Hoja Flexible y Filo Liso | 275 mm | Acero Inoxidable NITRUM,151210,47,2,0.03%,0.04%,62,3,0.03%,0.04%,100.00%,100.00%,2,1,4.26%,50.00%,"28,79 €","12,80 €",2,1
B08M9QRSW8,B08M9QRSW8,Arcos | Juego Cuchillos cuchillos mesa | 6 Uds | cuchillo fruta | cuchillo postre | Hoja 110 mm | Acero Inoxidable Martensítico | Mango Nylon | apto lavavajillas | Envase Ecológico,703600fbm,38,1,0.02%,0.02%,58,2,0.02%,0.03%,100.00%,100.00%,5,5,13.16%,500.00%,"49,45 €","49,45 €",2,2
B08VRP7CR7,B08MTXC14T,Arcos Juego Cuchillos Carne | 6 Piezas | Cuchillos Carne Cuchillo chuleteros | Cubiertos Acero Inoxidable | Hoja 110 mm | Mango Redondo y Forma Ovalada | monobock | Caja Envase Ecológico (6 unidades),809900,71,6,0.04%,0.12%,108,6,0.05%,0.09%,100.00%,100.00%,3,0,4.23%,0.00%,"83,97 €","0,00 €",2,0
B095YY8KQ9,B095YY8KQ9,VINFERMATÓN - Insecticida Moscas y Mosquitos Efecto Inmediato Perfume Limón 600ml,MATONZAUL,27,0,0.02%,0.00%,37,0,0.02%,0.00%,5.13%,0.00%,3,0,11.11%,0.00%,"29,97 €","0,00 €",2,0
B099G3S6KB,B099G3S6KB,Roll On Post-Picaduras VINFERMATON | Adultos y niños* | Alivio del picor y el dolor | Todo tipo de picaduras,V581100,76,1,0.05%,0.02%,108,1,0.05%,0.01%,72.45%,100.00%,2,0,2.63%,0.00%,"19,96 €","0,00 €",2,0
B09F9KVBDX,B09F9KVBDX,Arcos Nova Juego 8 Cuchillos Mesa Acero Crema 105 mm,705300,130,5,0.08%,0.10%,180,6,0.08%,0.09%,27.92%,50.00%,2,0,1.54%,0.00%,"33,98 €","0,00 €",2,0
B09HRWYKDL,B09HRWYKDL,Arcos Juego de cuchillos Japoneses Profesionales | 4 piezas | Cuchillo Verduras 100 mm + Cocina 150 mm + Santoku con Alveolos 170 mm + Pelador de patatas,853100,51,1,0.03%,0.02%,64,1,0.03%,0.01%,100.00%,100.00%,2,0,3.92%,0.00%,"73,98 €","0,00 €",2,0
B09MRYLZ4M,B09MRYLZ4M,Arcos Juego de Cuchillos de Cocina de 3 Piezas,167100_us,555,10,0.33%,0.21%,845,13,0.35%,0.18%,7.63%,0.00%,2,0,0.36%,0.00%,"137,80 €","0,00 €",2,0
B09NRLLDC6,B09NRLLDC6,CUPERINOX Cuchillo Jamonero + Chaira + Funda Cubre Jamón | Jamonero 240mm acero inoxidable| Afilador Chaira | Funda cubre jamón,20220,43,2,0.03%,0.04%,58,3,0.02%,0.04%,100.00%,100.00%,2,0,4.65%,0.00%,"19,98 €","0,00 €",2,0
B09WYYY5MD,B09WYYY5MD,Arcos Nordika Cuchillo para Queso Acero Inoxidable Nitrum 125 mm,166100_us,44,0,0.03%,0.00%,57,0,0.02%,0.00%,23.08%,0.00%,2,0,4.55%,0.00%,"52,98 €","0,00 €",2,0
B0B42QTHTP,B0B42QTHTP,CUPERINOX | Tijeras de pescado 18 cm | Tijeras Cocina | tijeras de cocinero profesional para aves pescado carne caza| Accesorios de cocina,21991,37,3,0.02%,0.06%,42,5,0.02%,0.07%,97.56%,100.00%,5,5,13.51%,166.67%,"27,93 €","27,93 €",2,2
B0BJPYW95J,B0BJPYW95J,Arcos Accesorios - Sacacorchos Manual Abrebotellas Manual - Mango de Aleación de Zinc - Color Negro mate (Incluye cortacápsulas),607500,36,7,0.02%,0.14%,49,14,0.02%,0.20%,97.73%,100.00%,2,1,5.56%,14.29%,"79,98 €","39,99 €",2,1
B0C49W65HD,B0C49W65HD,Arcos Serie Nordika - Cuchillo Tomatero - Acero Inoxidable NITRUM - Hoja de 130 mm - Mango de Madera Ovengkol 100% natural de bosques certificados FSC® - Embalaje 100% reciclado,165100,31,2,0.02%,0.04%,45,4,0.02%,0.06%,90.00%,100.00%,2,1,6.45%,50.00%,"53,90 €","26,95 €",2,1
B0C4B1CKSR,B0C4B1CKSR,Arcos Serie Nordika - Cuchillo Yanagiba - Acero Inoxidable NITRUM - Hoja de 240 mm - Mango de Madera Ovengkol 100% natural de bosques certificados FSC® - Embalaje 100% reciclado,168200,36,1,0.02%,0.02%,47,1,0.02%,0.01%,95.24%,100.00%,2,0,5.56%,0.00%,"99,98 €","0,00 €",2,0
B0CN13SJ98,B0CN13SJ98,"HENDI Expositor con cubierta deslizante roll-top, Doble",H871768,92,10,0.05%,0.21%,141,16,0.06%,0.23%,33.33%,42.86%,5,5,5.43%,50.00%,"238,75 €","238,75 €",2,2
B0CVH8PC99,B0CQRMMMR5,CUPERINOX Cuchillos Carne | Cuchillos Mesa | Cuchillos Chuleteros | 6 Piezas | Hoja Serrada | Mango Polipropileno | Acero Inoxidable | 11 cm,99921,92,1,0.05%,0.02%,110,1,0.05%,0.01%,99.02%,0.00%,2,0,2.17%,0.00%,"19,98 €","0,00 €",2,0
B0D4WK78XV,B0D4WK78XV,CUPERINOX Aceiteras para Aceite Usado | Grasera Acero Inoxidable 550ML con Filtro Metálico | Recipiente para Aceite Usado de Cocina y Grasa | Grasera Cocina Metálica 550ML 2Uds Metálico,22105y22106,974,5,0.58%,0.10%,"1,419",7,0.60%,0.10%,12.51%,0.00%,2,0,0.21%,0.00%,"23,98 €","0,00 €",2,0
B0DKP68T32,B0DHVS222W,Arcos Serie Eclipse - Cuchillo para Verduras - Hoja de Acero Inoxidable Forjado con Filo Seda Plus de 130 mm - Pulido Brillo Especial - Mango Acrílico - Color Negro,213200_,44,0,0.03%,0.00%,56,0,0.02%,0.00%,52.00%,0.00%,2,0,4.55%,0.00%,"105,98 €","0,00 €",2,0
B0DNNKT1W2,B0DNNJPGTY,"Cuperinox-Tetera de Cristal con Infusor para Té e Infusiones, Resistente al Calor y Compatible con Microondas ** - Infusion Prestige Collection (750 ml)",26112_,75,0,0.04%,0.00%,98,0,0.04%,0.00%,100.00%,0.00%,2,0,2.67%,0.00%,"36,98 €","0,00 €",2,0
B0DNTJPHVR,B0DNTJPHVR,"Cuperinox Botella de Agua Térmica - Acero Inoxidable Doble Pared con Tapa Hermética, Libre de BPA, Ideal para Mantener Bebidas Calientes o Frías por Horas, Perfecta para Deporte, Oficina y Viajes",26006,6,1,0.00%,0.02%,9,1,0.00%,0.01%,100.00%,100.00%,2,0,33.33%,0.00%,"29,98 €","0,00 €",2,0
B0DPLG5V7Q,B0DPJBBJC4,"CUPERINOX® Tazas de Café Espresso de Cristal – Set 2 80ml- Aptas para lavavajillas- Resistentes al Calor – Tazas Bonitas de Café, Té Originales y Elegantes – Aroma Series",26120_,29,1,0.02%,0.02%,34,2,0.01%,0.03%,100.00%,0.00%,2,0,6.90%,0.00%,"23,98 €","0,00 €",2,0
B0DVT6KPDV,B0DT73LYPQ,"CUPERINOX Cuchillos Montessori | Set de Cuchillos Infantiles de 16 Piezas | Cuchillos Niños Aprendizaje +2 Años | Incluye Delantal, Guante de Seguridad, Moldes Tabla de Cortar | Kids Collection",27016,44,1,0.03%,0.02%,62,1,0.03%,0.01%,98.33%,100.00%,2,0,4.55%,0.00%,"39,98 €","0,00 €",2,0
B0DVT6KPDV,B0DT75PQN7,"CUPERINOX Kit Cocina Montessori | Cuchillos Niños Aprendizaje +2 Años | Set Completo de Cuchillos Infantiles de 17 Piezas | Incluye Tijeras, Moldes, Batidor, Tabla y Cuchillo Seguro",27017_,37,1,0.02%,0.02%,49,2,0.02%,0.03%,100.00%,100.00%,4,0,10.81%,0.00%,"79,96 €","0,00 €",2,0
B0DPLG5V7Q,B0DWN63DN4,CUPERINOX Tazas de Espresso de Cristal - Vaso cafe - Vaso Cristal - 80ml (Set de 4) - Apto para Lavavajillas y Microondas - Aroma Series,26120_2packs,580,17,0.35%,0.35%,740,24,0.31%,0.34%,96.50%,100.00%,3,2,0.52%,11.76%,"47,95 €","31,96 €",2,1
B0FDKY2RXG,B0FDKY2RXG,VINCARE Pack Limpieza Infantil – Detergente Biberones + Multiusos + Quitamanchas – Limpieza Segura para el Entorno del Bebé- 100% MADE IN SPAIN,PACK VINCARE,36,0,0.02%,0.00%,48,0,0.02%,0.00%,83.33%,0.00%,2,0,5.56%,0.00%,"27,98 €","0,00 €",2,0
B017HKG9PK,B0044R87K0,Arcos Cuchillo Cocina Acero Inoxidable Negro 160 mm,151500_fbm,820,26,0.49%,0.54%,"1,170",34,0.49%,0.48%,0.28%,0.00%,1,0,0.12%,0.00%,"15,24 €","0,00 €",1,0
B0F54LTCFF,B0044R87QE,Arcos Cuchillo Cocina Acero Inoxidable 200 mm,280604,"1,680",32,1.00%,0.66%,"2,386",39,1.00%,0.55%,27.00%,19.35%,1,0,0.06%,0.00%,"21,49 €","0,00 €",1,0
B0044R87XM,B0044R87XM,"Arcos Cuchillo cocina laerie Kyoto - Hoja Acero Inoxidable forjado Nitrum 6"" - Mango negro polioximetileno (POM) - Elegante y duradero (7'')",178900_,98,2,0.06%,0.04%,121,2,0.05%,0.03%,99.12%,100.00%,1,0,1.02%,0.00%,"49,99 €","0,00 €",1,0
B0752XP113,B0044R887W,Arcos Juego Cuchillos carne 4 piezas. Paquete Cuchillos bolsillo con borperla para cortar y filetear carne. Hoja y mango Acero Inoxidable monobloque. Serie Mesa.,378400_2,188,4,0.11%,0.08%,277,6,0.12%,0.09%,14.23%,16.67%,1,1,0.53%,25.00%,"20,99 €","20,99 €",1,1
B00509DM8S,B00509DM8S,HENDI Baño María Eléctrico GN 1/1,H238905,7,4,0.00%,0.08%,9,5,0.00%,0.07%,44.44%,40.00%,1,1,14.29%,25.00%,"138,50 €","138,50 €",1,1
B0752SPHL9,B005LR6W8Q,Arcos Maitre Set 5 Cuchillos Acero Inoxidable Nitrum,152000_,165,3,0.10%,0.06%,225,4,0.09%,0.06%,76.35%,100.00%,1,0,0.61%,0.00%,"61,99 €","0,00 €",1,0
B017HKFNO8,B005LR6ZZ6,Arcos Niza Cuchillo de Cocina Acero Inoxidable 150 mm,135300,21,2,0.01%,0.04%,30,3,0.01%,0.04%,66.67%,0.00%,1,0,4.76%,0.00%,"9,99 €","0,00 €",1,0
B0752NT3TH,B005LR7726,Arcos Serie Prochef - Tijeras de Cocina - Hoja de Acero Inoxidable - 210 mm - Mango de Polipropileno Color negro y rojo,185601_barras_Arcos,752,36,0.45%,0.74%,"1,130",47,0.47%,0.67%,0.39%,5.41%,1,1,0.13%,2.78%,"8,74 €","8,74 €",1,1
B0F54LTCFF,B007TS67AI,Arcos Cuchillo Verduras Acero Inoxidable 100 mm,281104_pp,275,1,0.16%,0.02%,354,2,0.15%,0.03%,2.78%,0.00%,1,0,0.36%,0.00%,"11,75 €","0,00 €",1,0
B0F54LTCFF,B007TS67Q2,Arcos Cuchillo Chef Acero Inoxidable 120 mm,280304,928,27,0.55%,0.56%,"1,321",36,0.55%,0.51%,1.72%,0.00%,1,0,0.11%,0.00%,"13,21 €","0,00 €",1,0
B0B3F4QXML,B008U6TDTK,Arcos Serie Clasica - Juego de Cuchillos de 5 piezas en Caja de Regalo (5 Cuchillos) - Hoja de Acero Inoxidable Forjado NITRUM - Mando de Polioximetileno (POM) - Bloque de madera color marrón acabado lacado,257000_2,482,13,0.29%,0.27%,680,16,0.29%,0.23%,90.07%,80.00%,1,0,0.21%,0.00%,"147,39 €","0,00 €",1,0
B00BHZPHO6,B00BHZPHO6,"Arcos Juego 6 Cuchillos carne 4,s. Paquete Cuchillos bolsillo con borliso para cortar y filetear carne. Hoja y mango Acero Inoxidable monobloque. Serie Mesa.",378200_,53,0,0.03%,0.00%,84,0,0.04%,0.00%,50.00%,0.00%,1,0,1.89%,0.00%,"38,99 €","0,00 €",1,0
B0F54LTCFF,B00BHZPITA,Arcos Universal Cuchillo Carnicero Acero Inoxidable Nitrum 200 mm,288400_fbm,113,3,0.07%,0.06%,127,3,0.05%,0.04%,0.84%,0.00%,1,0,0.88%,0.00%,"38,99 €","0,00 €",1,0
B0F1ZF7H1L,B00BHZPKEI,Arcos Cuchillo Blanco 100 mm,230224_,105,3,0.06%,0.06%,155,3,0.07%,0.04%,13.53%,0.00%,1,0,0.95%,0.00%,"19,99 €","0,00 €",1,0
B00CWZOIIQ,B00CWZOIIQ,"Arcos Cuchillos Mesa - Cuchillo Carne Mesa - Monobloque unaola pieza Acero Inoxidable 4"" - Corta chuletas o bistecs con precisión, facilidad y rapidez -erie Monobloque - Color Plateado",375500_1pza_fbm,68,2,0.04%,0.04%,91,2,0.04%,0.03%,35.44%,0.00%,2,0,2.94%,0.00%,"12,98 €","0,00 €",1,0
B00CWZQJZG,B00CWZQJZG,"Arcos Cuchillos Mesa - Cuchillo Carne Mesa - Monobloque unaola pieza Acero Inoxidable 4"" - Color Plateado - Corta todo tipo carne conimplicidad y practicidad -erie Monobloque - Color Gris",702000_1pza_fba,18,2,0.01%,0.04%,23,3,0.01%,0.04%,90.91%,100.00%,2,0,11.11%,0.00%,"9,98 €","0,00 €",1,0
B00E5KWS1A,B00E5KWS1A,"Arcos Accesorios de Cocina - Juego de 5 Piezas (Pelador, Cascanueces, Sacacorchos, Prensa Ajos, Abrelatas) - Aleación de Zinc, Acabado Cromado, Caja Regalo - Plata",604500_,42,3,0.03%,0.06%,60,4,0.03%,0.06%,32.14%,50.00%,1,0,2.38%,0.00%,"69,99 €","0,00 €",1,0
B09GS973CD,B00HYWV402,ARCOS Juego de Cocina de 5 Piezas con Bloque,815000_,453,9,0.27%,0.19%,680,12,0.29%,0.17%,0.68%,33.33%,4,4,0.88%,44.44%,"139,96 €","139,96 €",1,1
B00ITVQOOI,B00ITVQOOI,ARCOS Tenedor de Mesa Acero Inoxidable 18/10 200 mm,371600_1pieza,54,3,0.03%,0.06%,68,3,0.03%,0.04%,73.02%,33.33%,5,0,9.26%,0.00%,"24,95 €","0,00 €",1,0
B00J1796U8,B00J1796U8,ARCOS Ecopro Tijeras de Electricista Acero Inoxidable Tungsteno 145 mm,506100,17,1,0.01%,0.02%,28,1,0.01%,0.01%,10.00%,0.00%,1,0,5.88%,0.00%,"11,99 €","0,00 €",1,0
B00J3ZVNM2,B00J3ZVNM2,Arcos Serie Toscana - Juego de Cucharas Moka (6 cucharas) - Monoblock de una pieza en Acero Inoxidable 18/10 y 115 mm - Color Plata,574100,297,14,0.18%,0.29%,442,23,0.19%,0.33%,0.76%,6.25%,1,0,0.34%,0.00%,"8,99 €","0,00 €",1,0
B0F1ZF7H1L,B00J64GI4S,Arcos Riviera Blanc Cuchillo Jamonero Forjado POM Blanco 300 mm,231124_,38,2,0.02%,0.04%,45,2,0.02%,0.03%,72.50%,100.00%,1,0,2.63%,0.00%,"36,99 €","0,00 €",1,0
B06XB92VRH,B00YU2ZS1A,CUPERINOX Cafetera Italiana Induccion Espresso Acero Inoxidable 6 Tazas,25033_,73,1,0.04%,0.02%,95,2,0.04%,0.03%,87.18%,100.00%,1,0,1.37%,0.00%,"17,90 €","0,00 €",1,0
B0189HXS8Q,B015QGR3CK,Arcos Serie Navajas Profesionales - Navaja Profesional - Hoja Filo de Acero Inoxidable NITRUM de 85 mm - Navaja de Acero Inoxidable Color amarillo,485900_fba,998,25,0.60%,0.52%,"1,637",43,0.69%,0.61%,3.42%,17.86%,1,1,0.10%,4.00%,"5,99 €","5,99 €",1,1
B0F1ZF7H1L,B017DEWUDK,Arcos Cuchillo Acero Inoxidable 300 mm,233824_,32,0,0.02%,0.00%,36,0,0.02%,0.00%,76.47%,0.00%,1,0,3.13%,0.00%,"59,99 €","0,00 €",1,0
B017DLGUJI,B017DLGUJI,Arcos Cuchillo Jamonero Profesional - Hoja Forjada NITRUM 250 mm - Mango POM Resistente - Ideal para Cortes Precisos - Serie Clásica,256700_fbm,74,5,0.04%,0.10%,108,13,0.05%,0.18%,0.00%,0.00%,1,1,1.35%,20.00%,"26,99 €","26,99 €",1,1
B0752VKJ59,B017DLH9NE,Arcos Afilador Acero Nitrum Acero Inoxidable y Hoja 300 mm. Serie Chaira. Cuerpo Acero al Carbono Recubierto Cromo 11 - Mango Polipropileno. Formas ligeras yuaves. Color Negro.,278310_,23,1,0.01%,0.02%,33,1,0.01%,0.01%,100.00%,100.00%,1,1,4.35%,100.00%,"24,99 €","24,99 €",1,1
B0189HXOXK,B017DLLFI4,Arcos Serie Navajas Profesionales - Navaja Profesional - Hoja Filo de Acero Inoxidable NITRUM de 85 mm - Navaja de Acero Inoxidable Color naranja,485329_fbm,81,4,0.05%,0.08%,91,4,0.04%,0.06%,85.88%,100.00%,1,1,1.23%,25.00%,"7,49 €","7,49 €",1,1
B017DLM9V6,B017DLM9V6,"Arcos Tenedores de Postre Acero Inoxidable 18/10, Juego de 3 Piezas, Monoblock 180 mm, Serie Toscana, Ideal para Repostería y Sobremesa, Color Plata",574500_,72,2,0.04%,0.04%,93,2,0.04%,0.03%,81.18%,100.00%,1,0,1.39%,0.00%,"8,25 €","0,00 €",1,0
B017DLMYLQ,B017DLMYLQ,Arcos Serie Endura - Cacerola Antiadherente - Cuerpo de Aluminio Forjado 16 cm - Capacidad 1 litro - Mango de Acero Inoxidable - Color Negro (Libre de PFOA),697000_,23,1,0.01%,0.02%,38,2,0.02%,0.03%,100.00%,0.00%,1,0,4.35%,0.00%,"19,99 €","0,00 €",1,0
B09F9M72Z9,B017DLNFNC,Arcos Cuchillos de Mesa - Cuchillo Chuletero Cuchillo de Mesa - Hoja de Acero Inoxidable NITRUM 110 mm - Mango de Polipropileno - Color Negro,805109_1pieza,47,1,0.03%,0.02%,60,1,0.03%,0.01%,47.37%,100.00%,1,0,2.13%,0.00%,"3,99 €","0,00 €",1,0
B06Y66X8SW,B06Y66X8SW,CUPERINOX® Couture Series - Tijera Costura Profesional 10 cm | Acero Inoxidable de Alta Precisión | Corte Fino para Detalles y Acabados | Uso Doméstico y Profesional,21960_fba,16,0,0.01%,0.00%,18,0,0.01%,0.00%,94.12%,0.00%,1,0,6.25%,0.00%,"6,99 €","0,00 €",1,0
B0F5L2FGGS,B071HVWQKP,Arcos Cuchillos Mesa con Hoja Acero Inoxidable. Cuchillos Carne con Mango Madera Palisandro Marrón. Hoja. Corta Carne Asada. Clásicos y Elegantes. Cortein Esfuerzo. Serie Mesa. Color Marrón,373700,172,7,0.10%,0.14%,246,12,0.10%,0.17%,56.67%,66.67%,4,4,2.33%,57.14%,"61,96 €","61,96 €",1,1
B071LGMH89,B071LGMH89,Arcos Mesa Cuchillo Carne Nitrum Pack Madera Marrón 4 pulg,374610_fbm,92,0,0.05%,0.00%,123,0,0.05%,0.00%,57.26%,0.00%,10,0,10.87%,0.00%,"167,40 €","0,00 €",1,0
B071LGMMW4,B071LGMMW4,"Arcos Riviera, Juego de Cuchillos de Cocina, Mondador + 2 Cuchillo Chef, Acero Inoxidable Forjado Nitrum, Mango POM, Color Negro",838300_838310,16,1,0.01%,0.02%,22,1,0.01%,0.01%,73.68%,0.00%,1,0,6.25%,0.00%,"89,99 €","0,00 €",1,0
B0F1N351DY,B071S7PKHP,Arcos Nova Set 2 Cuchillos Mondadores Acero Negro 60/80 mm,189000,75,2,0.04%,0.04%,94,2,0.04%,0.03%,0.00%,0.00%,1,0,1.33%,0.00%,"8,99 €","0,00 €",1,0
B0752NT3TH,B0728B9D8T,ARCOS Prochef Tijeras de Cocina Acero Inoxidable 220 mm,185901,116,9,0.07%,0.19%,141,9,0.06%,0.13%,5.50%,0.00%,1,0,0.86%,0.00%,"27,99 €","0,00 €",1,0
B072BX31NY,B072BX31NY,Arcos Cuchillo de Mesa Forjado Acero Inoxidable Nitrum 100 mm,373728_1pieza,24,0,0.01%,0.00%,29,0,0.01%,0.00%,80.77%,0.00%,1,0,4.17%,0.00%,"16,99 €","0,00 €",1,0
B0F1N351DY,B073V3CYRF,Arcos Cuchillo Mondador de 4 Pulgadas con Hoja de 100mm en Acero Inoxidable y Mango de Polipropileno. Cuchillos de Cocina para Pelar Apto para Lavavajillas. Serie Nova. Color Turquesa,188632_,481,20,0.29%,0.41%,746,36,0.31%,0.51%,6.18%,4.35%,1,0,0.21%,0.00%,"6,09 €","0,00 €",1,0
B0F1N351DY,B073V5RN1J,Arcos Cuchillo Mondador Acero Inoxidable NITRUM 100 mm - Ideal para Pelar Frutas y Verduras - Mango Ergonómico Polipropileno Negro - Serie Nova,816500_1pieza,629,16,0.38%,0.33%,931,25,0.39%,0.35%,3.81%,0.00%,1,0,0.16%,0.00%,"4,49 €","0,00 €",1,0
B08S87M447,B07BMGMVY4,Arcos Serie Riviera Rose - Cuchillo Cocinero - Hoja de Acero Inoxidable Forjado NITRUM 200 mm - Mango de Polioximetileno (POM) Color Rosa,233654,60,3,0.04%,0.06%,90,3,0.04%,0.04%,89.16%,100.00%,1,1,1.67%,33.33%,"28,92 €","28,92 €",1,1
B0FD46SGNM,B07C7YV74X,Arcos Manhattan Cuchillo Trinchar Acero Jamón y Carne 250 mm,161900_,30,3,0.02%,0.06%,42,5,0.02%,0.07%,40.54%,0.00%,1,0,3.33%,0.00%,"34,99 €","0,00 €",1,0
B08S87M447,B07CY3885W,"Arcos Serie Riviera Rose, Cuchillo Cocinero, Hoja de Acero Inoxidable Forjado Nitrum 150 mm, Mango de Polioximetileno, POM Color Rosa",233454,17,0,0.01%,0.00%,22,0,0.01%,0.00%,90.00%,0.00%,1,0,5.88%,0.00%,"26,99 €","0,00 €",1,0
B07D5FFJ36,B07D5FFJ36,"HENDI Bandeja de Servicio Ovalada XL, Superficie Antideslizante, 735x600x(H) 31mm, Negro, Fibra de Vidrio y Goma",H508831,16,4,0.01%,0.08%,19,4,0.01%,0.06%,47.06%,50.00%,1,1,6.25%,25.00%,"49,99 €","49,99 €",1,1
B0FD46SGNM,B07D8GYFC7,"Arcos Cuchillo Chef Forjado Acero Inoxidable NITRUM - Profesional Cocina, Mango Ergonómico POM Negro, Hoja Silk Edge 150 mm, Serie Manhattan",160400_,58,2,0.03%,0.04%,74,3,0.03%,0.04%,60.00%,100.00%,1,0,1.72%,0.00%,"32,49 €","0,00 €",1,0
B0FD46SGNM,B07D8WQ355,Arcos Serie Manhattan - Cuchillo Cocinero - Hoja de Acero Inoxidable Forjado Nitrum 210 mm - Mango de Polioximetileno (POM) Color Negro - Filo Seda,160600_,115,2,0.07%,0.04%,150,3,0.06%,0.04%,87.77%,100.00%,1,0,0.87%,0.00%,"37,49 €","0,00 €",1,0
B0BXB18B8W,B07D8XC7NL,"Arcos Cuchillo Chef Forjado Acero Inoxidable NITRUM - Profesional Cocina, Mango Ergonómico POM Negro, Hoja Silk Edge 250 mm, Serie Manhattan",160800_,33,2,0.02%,0.04%,44,3,0.02%,0.04%,94.44%,100.00%,1,1,3.03%,50.00%,"44,99 €","44,99 €",1,1
B0FD46SGNM,B07D8XC7NL,"Arcos Cuchillo Chef Forjado Acero Inoxidable NITRUM - Profesional Cocina, Mango Ergonómico POM Negro, Hoja Silk Edge 250 mm, Serie Manhattan",160800_,59,1,0.04%,0.02%,69,1,0.03%,0.01%,95.52%,100.00%,1,0,1.69%,0.00%,"44,99 €","0,00 €",1,0
B085SP2NWD,B07DC4CBN7,"HENDI Caja para masa de pizza y de pan, 14L, caja de fermentación, apilable, sin tapa, apta para alimentos, recipiente contenedor porta masa alimentos, sin BPA, 600x400x(H) 75mm, HDPE",H880906,4,1,0.00%,0.02%,6,3,0.00%,0.04%,100.00%,100.00%,1,0,25.00%,0.00%,"19,99 €","0,00 €",1,0
B0BXB18B8W,B07DC8JHV4,Arcos Cuchillo verduras Acero Inoxidable. Cuchillo profesional para pelar frutas y verduras. Mango ergonómico polioximetileno y Hoja 130 mm. Serie Manhattan. Color negro.,161100_,44,3,0.03%,0.06%,69,3,0.03%,0.04%,100.00%,100.00%,1,0,2.27%,0.00%,"24,49 €","0,00 €",1,0
B0FD46SGNM,B07DC9LM3W,"Arcos Cuchillo Panadero Profesional - Hoja Silk Edge 200 mm en Acero Inoxidable Nitrum, Corte Preciso y Duradero, Ideal para Pan y Pasteles, Diseño Elegante y Seguro, Serie Manhattan",161300_,34,1,0.02%,0.02%,41,1,0.02%,0.01%,100.00%,100.00%,1,0,2.94%,0.00%,"31,99 €","0,00 €",1,0
B0BXB18B8W,B07DFK4T6L,"Arcos Cuchillo Deshuesador Profesional - Hoja Silk Edge Acero Inoxidable Nitrum 160 mm, Precisión y Durabilidad, Mango Ergonómico POM Negro, Serie Manhattan",162600_,35,1,0.02%,0.02%,62,2,0.03%,0.03%,100.00%,100.00%,1,0,2.86%,0.00%,"27,99 €","0,00 €",1,0
B07FQ94K1Q,B07FQ94K1Q,Arcos Series Maitre - Juego de Cuchillos 5 Piezas (4 Cuchillos + 1 Tijeras) - Hoja de Acero Inoxidable Nitrum - Mango de Polipropileno - Bloque de Madera de Color marrón,152100__,38,0,0.02%,0.00%,47,0,0.02%,0.00%,86.67%,0.00%,1,0,2.63%,0.00%,"74,99 €","0,00 €",1,0
B0846H7BV1,B07G5M444L,Arcos Cuchillo de Mesa Acero Inoxidable Nitrum 130 mm Caja 12 Uds,370725_fbm,11,0,0.01%,0.00%,16,0,0.01%,0.00%,100.00%,0.00%,1,0,9.09%,0.00%,"42,99 €","0,00 €",1,0
B0752VCNQB,B07G77VNNM,"Arcos Serie Cuchillos de Mesa Caja 12 uds Cuchillo Chuletero, Hoja Filo de Acero Inoxidable de 110 mm, Cuchillo Monoblock Acero Inoxidable Color plata (12 UDS)",376500_fbm,31,3,0.02%,0.06%,36,3,0.02%,0.04%,44.83%,100.00%,1,0,3.23%,0.00%,"79,99 €","0,00 €",1,0
B07G79YS6D,B07G79YS6D,"Arcos Serie Cuchillos de Mesa Caja 12 uds Cuchillo Chuletero, Hoja Filo de Acero Inoxidable NITRUM de 110 mm, Mango Madera comprimida Color marrón (12 UDS)",373200_fbm,22,0,0.01%,0.00%,29,0,0.01%,0.00%,84.62%,0.00%,1,0,4.55%,0.00%,"70,99 €","0,00 €",1,0
B0BXB18B8W,B07JHPTKC9,"Arcos Set Jamonero 3 Piezas - Cuchillo Jamonero, Deshuesador y Chaira - Hoja Silk Edge Inoxidable Forjada NITRUM - Mango Resistente POM Negro - Corte Preciso y Duradero - Serie Manhattan",858500_,26,3,0.02%,0.06%,35,7,0.01%,0.10%,100.00%,100.00%,1,1,3.85%,33.33%,"74,99 €","74,99 €",1,1
B07JJGXYZD,B07JJGXYZD,Arcos Set Cocina Serie Manhattan,858100_,125,7,0.07%,0.14%,166,10,0.07%,0.14%,98.65%,100.00%,1,0,0.80%,0.00%,"82,99 €","0,00 €",1,0
B0FD46SGNM,B07JJGXYZD,Arcos Set Cocina Serie Manhattan,858100,176,2,0.11%,0.04%,257,2,0.11%,0.03%,98.20%,100.00%,1,0,0.57%,0.00%,"81,99 €","0,00 €",1,0
B07JJGXYZD,B07JJGXYZD,Arcos Set Cocina Serie Manhattan,858100,125,7,0.07%,0.14%,166,10,0.07%,0.14%,98.65%,100.00%,1,1,0.80%,14.29%,"81,99 €","81,99 €",1,1
B0B3F4QXML,B07JWJ5LDH,Arcos Serie Clasica - Juego de Cuchillos Chuleteros (6 piezas) - Acero Inoxidable Forjado NITRUM - Mango POM - Color Negro,_854500_,74,3,0.04%,0.06%,104,4,0.04%,0.06%,100.00%,100.00%,1,0,1.35%,0.00%,"84,99 €","0,00 €",1,0
B0D1CTXJXN,B07MZJTY16,HENDI Jarra medidora apilable - 5 L - ø210x(H)270 mm,H567852,19,2,0.01%,0.04%,27,2,0.01%,0.03%,95.65%,100.00%,2,2,10.53%,100.00%,"27,98 €","27,98 €",1,1
B0F66KBPV1,B07N7Y7LD9,HENDI Cesta de lavavajillas Profesional para Vasos,H871348,34,4,0.02%,0.08%,48,4,0.02%,0.06%,69.05%,33.33%,1,0,2.94%,0.00%,"20,99 €","0,00 €",1,0
B0F147RFRT,B07N8TNDRV,Arcos Brooklyn Cuchillo Chef Forjado Acero Inoxidable 150 mm,190423_,253,5,0.15%,0.10%,319,5,0.13%,0.07%,54.51%,60.00%,1,0,0.40%,0.00%,"39,99 €","0,00 €",1,0
B0BXB18B8W,B07N8TSTLQ,"Arcos Juego de Cuchillos Forjados (4 Piezas) - Acero Inoxidable NITRUM, Corte Preciso, Mango Ergonómico POM Negro, Incluye Cuchillo Chef, Pan, Pelar y Cocina - Serie Manhattan, Negro",163400,25,2,0.01%,0.04%,33,2,0.01%,0.03%,100.00%,100.00%,1,0,4.00%,0.00%,"199,99 €","0,00 €",1,0
B0F147RFRT,B07N8V34F1,"Arcos Cuchillo Santoku Acero Inoxidable Forjado con Balanceo, Mango Micarta y BorSeda Especial y Hoja Plateada 190 mm. Impresiona yorprencon Cada Corte. Serie Brooklyn. Color Azul.",191623_,167,1,0.10%,0.02%,217,1,0.09%,0.01%,67.80%,100.00%,1,0,0.60%,0.00%,"44,99 €","0,00 €",1,0
B07N8VHFLF,B07N8VHFLF,Arcos - Cubertería Burdeos Arcos 24 piezas,592400,76,0,0.05%,0.00%,107,0,0.04%,0.00%,100.00%,0.00%,4,0,5.26%,0.00%,"279,96 €","0,00 €",1,0
B07N8W33BT,B07N8W33BT,ARCOS Bloque Universal para Cuchillos Caucho Termoplástico 225 mm,794400_,48,1,0.03%,0.02%,58,1,0.02%,0.01%,76.00%,100.00%,1,0,2.08%,0.00%,"24,99 €","0,00 €",1,0
B07N8WMVK1,B07N8WMVK1,ARCOS Taco Cajonera Organizador Bambú hasta 25 cm Marrón,794300_fbm,89,2,0.05%,0.04%,130,2,0.05%,0.03%,39.29%,0.00%,1,0,1.12%,0.00%,"31,99 €","0,00 €",1,0
B0F147RFRT,B07N8WXGW7,Arcos Brooklyn - Cuchillo de Lenguado Cuchillo para Pescado - Acero Inoxidable Forjado NITRUM 170 mm - Mango Micarta Color Azul (Filo Seda),191423_,81,2,0.05%,0.04%,103,2,0.04%,0.03%,30.59%,100.00%,1,0,1.23%,0.00%,"35,99 €","0,00 €",1,0
B092TQ1P72,B07NDSZJQY,"Arcos Serie Cuchillos de Mesa Caja 12 uds Cuchillo Chuletero, Hoja Serrada de Acero Inoxidable NITRUM de 115 mm, Mango Polioximetileno Color negro (12 UDS)",374800_12piezas,12,0,0.01%,0.00%,21,0,0.01%,0.00%,100.00%,0.00%,1,0,8.33%,0.00%,"74,99 €","0,00 €",1,0
B07NDV5T2F,B07NDV5T2F,Arcos Serie Brooklyn - Cuchillo Cocinero - Hoja de Acero Inoxidable Forjado NITRUM 210 mm - Mango de Micarta Color Azul (Filo Seda),190623_fbm,82,0,0.05%,0.00%,119,0,0.05%,0.00%,95.15%,0.00%,1,0,1.22%,0.00%,"45,99 €","0,00 €",1,0
B08TWZYBPZ,B07NVP94PR,"CUPERINOX® -Juego de Cuchillos de Cocina Profesional de Acero Inoxidable + Taco de Madera– 7 Piezas en Acero Inoxidable, Mango Ergonómico, Bloque de Madera Incluido – Chef Set para Hogar",19510,17,0,0.01%,0.00%,24,0,0.01%,0.00%,95.45%,0.00%,1,0,5.88%,0.00%,"39,90 €","0,00 €",1,0
B07YXBGV8C,B07YXBGV8C,Arcos Riviera Blanc Set 3 Cuchillos Forjados Acero Inoxidable Nitrum,807511_,57,3,0.03%,0.06%,76,5,0.03%,0.07%,98.57%,100.00%,1,0,1.75%,0.00%,"59,99 €","0,00 €",1,0
B0F54LTCFF,B07ZJ85R7C,Arcos Set de Corte 3 Piezas Acero Inoxidable Nitrum,859300,75,8,0.04%,0.16%,118,11,0.05%,0.16%,14.81%,0.00%,1,0,1.33%,0.00%,"37,99 €","0,00 €",1,0
B0FD46SGNM,B07ZJ9HVTL,"Arcos Set Jamonero 3 Piezas - Cuchillo Jamonero, Deshuesador y Afilador - Acero Inoxidable Forjado - Mango POM Negro Resistente - Funda Jamonero Incluida - Serie Manhattan",858500+Funda_Jamon,18,0,0.01%,0.00%,21,0,0.01%,0.00%,93.33%,0.00%,1,0,5.56%,0.00%,"89,99 €","0,00 €",1,0
B0843SYT31,B0843SYT31,Arcos Cuchillo Chef con Hoja Acero Inoxidable Nitrum 160 mm. Cuchillo cocina profesional multiusos. Mango ergonómico polioximetileno POM. Serie Opera. Color negro.,225000_fmb,14,0,0.01%,0.00%,20,0,0.01%,0.00%,94.44%,0.00%,1,0,7.14%,0.00%,"32,88 €","0,00 €",1,0
B0843T2DL9,B0843T2DL9,Arcos Juego cocina 3 pzas. Serie Ópera + Tijeras + Taco,228700_us,37,2,0.02%,0.04%,53,2,0.02%,0.03%,42.55%,100.00%,1,0,2.70%,0.00%,"91,99 €","0,00 €",1,0
B0F9TD2LTH,B084WYHN2S,CUPERINOX Cuchillos Carne | Cuchillos Mesa | Cuchillos Chuleteros | Cuchillo Sierra | 100 mm | Acero Inoxidable | Cuchillos para mesa (Madera),13012,20,0,0.01%,0.00%,22,0,0.01%,0.00%,36.84%,0.00%,1,0,5.00%,0.00%,"10,99 €","0,00 €",1,0
B08VS4FCLN,B08CY5ZRD7,"Arcos Serie Maitre - Juego Cuchillo de cocina 4 piezas, (3 cuchillos + 1 tijeras) Hoja de Acero Inoxidable NITRUM 80 mm, Mango Polipropileno Negro",152610,92,0,0.05%,0.00%,107,0,0.04%,0.00%,100.00%,0.00%,1,0,1.09%,0.00%,"39,99 €","0,00 €",1,0
B08VS4FCLN,B08CY5ZRD7,"Arcos Serie Maitre - Juego Cuchillo de cocina 4 piezas, (3 cuchillos + 1 tijeras) Hoja de Acero Inoxidable NITRUM 80 mm, Mango Polipropileno Negro",152610_,92,0,0.05%,0.00%,107,0,0.04%,0.00%,100.00%,0.00%,1,0,1.09%,0.00%,"39,99 €","0,00 €",1,0
B08GSTDWTC,B08G4D9718,"Arcos | Cuchillos 3 Colores | Cuchillo de pelar | Cuchillos pelar Patatas | Acero Inoxidable Nitrum| Envase Ecológico | Cuchillo Colores (85 mm, Amarillo, Turquesa, Naranja)",816700,272,4,0.16%,0.08%,349,9,0.15%,0.13%,98.74%,100.00%,2,2,0.74%,50.00%,"18,68 €","18,68 €",1,1
B08VRP7CR7,B08G8M6QDS,Arcos Juego de Cuchillos chuleteros - Envase Ecologico 100% - 4 Cuchillos Carne - Cubiertos Mesa Acero Inoxidable,809500_,20,0,0.01%,0.00%,23,0,0.01%,0.00%,95.00%,0.00%,1,0,5.00%,0.00%,"19,75 €","0,00 €",1,0
B08GSTDWTC,B08LVVQ3ZQ,"Arcos Serie Nova - Cuchillo para pelar, Acero Inoxidable NITRUM, Envase Ecológico, 3 colores Fucsia, Turquesa y Amarillo",703700fbm,616,15,0.37%,0.31%,979,21,0.41%,0.30%,99.32%,100.00%,1,1,0.16%,6.67%,"10,49 €","10,49 €",1,1
B08Y8NS7PN,B08MT61GJV,Arcos Juego Cuchillos Cocina | 2 pzas |Profesional (150 mm) | Cuchillo Cortador Verduras (100 mm)| Acero Inoxidable Nitrum | Mango Negro | Envase Eco,819900,311,4,0.19%,0.08%,449,6,0.19%,0.09%,99.75%,0.00%,1,0,0.32%,0.00%,"18,99 €","0,00 €",1,0
B08MTWQWZZ,B08MTWQWZZ,Arcos Cuchillo Cocinero Profesional Acero Inoxidable 160mm,165900_fbm,115,1,0.07%,0.02%,169,1,0.07%,0.01%,54.48%,0.00%,1,0,0.87%,0.00%,"26,42 €","0,00 €",1,0
B08WR6CHHN,B08MW17PLN,Arcos Juego Cuchillos Carne | 6 Piezas | Cuchillo chuleteros | Hoja 110 mm | monoblock | Cuchillo en 1 Sola Pieza | Cuchillos Carne Cubiertos Acero Inoxidable | Caja Envase Ecológico (Sierra Laser),815900FBM,49,2,0.03%,0.04%,69,2,0.03%,0.03%,100.00%,100.00%,1,0,2.04%,0.00%,"39,99 €","0,00 €",1,0
B08T5Z4HFS,B08QYV8C1P,"CUPERINOX Cubiertos para marisco | Pinzas para marisco | Tenazas para marisco | 6 Unidades | Cubiertos marisco (Cangrejo, Langosta, Ostras) | Tenedor de marisco con dos dientes inferiores y cuchara.",20023_6Unidades,8,0,0.00%,0.00%,8,0,0.00%,0.00%,100.00%,0.00%,1,0,12.50%,0.00%,"11,99 €","0,00 €",1,0
B08SM74SYV,B08SM74SYV,HENDI Picador de hielo 3L - eléctrica,H271599,7,1,0.00%,0.02%,11,2,0.00%,0.03%,63.64%,100.00%,1,1,14.29%,100.00%,"379,00 €","379,00 €",1,1
B0F1N351DY,B097RDB5T3,Arcos Juego de 3 Cuchillos Mondadores Acero Inoxidable 100 mm,816500_3piezas,708,24,0.42%,0.49%,934,26,0.39%,0.37%,0.25%,6.67%,1,0,0.14%,0.00%,"12,49 €","0,00 €",1,0
B09DPRCMTF,B0987MG3JQ,Arcos Juego Cuchillos Carne | Cuchillo chuleteros | Cuchillos Carne Cuchillos Mesa | 6 Uds | Hoja 110 mm | Acero Inoxidable | Mango Nylon | Apto lavavajillas | Envase Ecológico (Filo Liso),814200FBM,54,1,0.03%,0.02%,66,1,0.03%,0.01%,100.00%,100.00%,1,0,1.85%,0.00%,"19,99 €","0,00 €",1,0
B09DPRCMTF,B0987MG3JQ,Arcos Juego Cuchillos Carne | Cuchillo chuleteros | Cuchillos Carne Cuchillos Mesa | 6 Uds | Hoja 110 mm | Acero Inoxidable | Mango Nylon | Apto lavavajillas | Envase Ecológico (Filo Liso),814200_fba,54,1,0.03%,0.02%,66,1,0.03%,0.01%,100.00%,100.00%,1,0,1.85%,0.00%,"19,99 €","0,00 €",1,0
B09KJLG7BT,B098XWCFXT,CUPERINOX Jamonero Profesional | soporte de jamon | 5 Piezas | tabla jamonera | soporte jamonero | Kit Jamonero (tabla + cuchillo + afilador + pinza + cubre jamon,20229_,40,1,0.02%,0.02%,51,1,0.02%,0.01%,97.62%,100.00%,1,1,2.50%,100.00%,"54,99 €","54,99 €",1,1
B09HQTWWPB,B09HQT6SZ6,Arcos Clara Cuchillo Jamonero Forjado Acero Inoxidable Nitrum 250 mm,211900_us,35,2,0.02%,0.04%,65,2,0.03%,0.03%,98.08%,100.00%,1,0,2.86%,0.00%,"25,49 €","0,00 €",1,0
B09HRWYKDL,B09HRWYKDL,Arcos Juego de cuchillos Japoneses Profesionales | 4 piezas | Cuchillo Verduras 100 mm + Cocina 150 mm + Santoku con Alveolos 170 mm + Pelador de patatas,853100fbm,51,1,0.03%,0.02%,64,1,0.03%,0.01%,100.00%,100.00%,1,1,1.96%,100.00%,"36,99 €","36,99 €",1,1
B09MSDJQJ1,B09MM5CH6C,Arcos jamonero profesional alveolos | incluye pinza para jamón | cuchillo jamonero cuchillo jamonero alveolos cuchillos profesional| Acero Inoxidable Nitrum 240 mm,856200,59,4,0.04%,0.08%,68,5,0.03%,0.07%,98.33%,100.00%,1,0,1.69%,0.00%,"29,99 €","0,00 €",1,0
B09MSDJQJ1,B09MM5CH6C,Arcos jamonero profesional alveolos | incluye pinza para jamón | cuchillo jamonero cuchillo jamonero alveolos cuchillos profesional| Acero Inoxidable Nitrum 240 mm,856200FBM,59,4,0.04%,0.08%,68,5,0.03%,0.07%,98.33%,100.00%,1,0,1.69%,0.00%,"29,99 €","0,00 €",1,0
B09WYWVGCS,B09WYWVGCS,Arcos Clara Juego 3 Cuchillos Forjados Acero Inoxidable Nitrum,212000_819010,75,1,0.04%,0.02%,109,1,0.05%,0.01%,90.00%,100.00%,1,0,1.33%,0.00%,"49,99 €","0,00 €",1,0
B09XF4MLJT,B09XF4MLJT,Arcos Serie Clara - Set 4 Cuchillos de Cocina (Mondador + Cocina + Chef + Tijeras) - Acero Inoxidable Forjado NITRUM - Mango Inyectado de Polipropileno - Color Negro,819010_fbm,27,1,0.02%,0.02%,37,1,0.02%,0.01%,100.00%,0.00%,1,0,3.70%,0.00%,"48,49 €","0,00 €",1,0
B08VRP7CR7,B09XMVTWLT,Arcos Juego Cuchillos Carne | 6 Piezas | Cuchillos Carne Cuchillo chuleteros | Cubiertos Acero Inoxidable | Hoja 110 mm | Mango Redondo y Forma Ovalada | monobock | Caja Envase Ecológico (Filo Liso),830000_,84,3,0.05%,0.06%,136,3,0.06%,0.04%,99.15%,100.00%,1,0,1.19%,0.00%,"32,99 €","0,00 €",1,0
B0B2RGCWLL,B0B2RGCWLL,"HENDI Cesta para Freír, 8L, 238x190x(H)140mm",H930656,34,3,0.02%,0.06%,60,4,0.03%,0.06%,28.85%,25.00%,1,0,2.94%,0.00%,"32,99 €","0,00 €",1,0
B0B464Q8VS,B0B464Q8VS,CUPERINOX® Kitchen Pro | Tijeras de Cocina Profesional 21 cm Tijeras de Trinchar Carne y Pescado Acero Inoxidable Mango Ergonómico Apto Lavavajillas,21981_,18,0,0.01%,0.00%,26,0,0.01%,0.00%,96.00%,0.00%,2,0,11.11%,0.00%,"19,98 €","0,00 €",1,0
B0B464Q8VS,B0B464Q8VS,CUPERINOX® Kitchen Pro | Tijeras de Cocina Profesional 21 cm Tijeras de Trinchar Carne y Pescado Acero Inoxidable Mango Ergonómico Apto Lavavajillas,GL-GPOC-BFYF,18,0,0.01%,0.00%,26,0,0.01%,0.00%,96.00%,0.00%,1,0,5.56%,0.00%,"9,99 €","0,00 €",1,0
B0B4B6B16Z,B0B4B6B16Z,CUPERINOX | Tijeras de manicura para uñas | Tijera corta uñas de punta redondeada para las uñas de las manos | Fabricado en Acero Inoxidable 9 cm,21939,23,0,0.01%,0.00%,28,0,0.01%,0.00%,96.15%,0.00%,1,0,4.35%,0.00%,"9,99 €","0,00 €",1,0
B0BRTZ2X8C,B0BRTZ2X8C,Arcos Serie Opera - Set Cuchillos de Cocina 3 piezas - Acero Inoxidable Forjado NITRUM - Mango POM - Color negro,805900_,76,2,0.05%,0.04%,118,3,0.05%,0.04%,64.71%,100.00%,1,0,1.32%,0.00%,"74,99 €","0,00 €",1,0
B0C49YDKL4,B0C49YDKL4,Arcos Serie Nordika - Cuchillo Usuba - Acero Inoxidable NITRUM - Hoja de 175 mm - Mango de Madera Ovengkol 100% natural de bosques certificados FSC® - Embalaje 100% reciclado,168000,69,0,0.04%,0.00%,105,0,0.04%,0.00%,86.21%,0.00%,1,0,1.45%,0.00%,"44,99 €","0,00 €",1,0
B0CVH8PC99,B0CQRMMMR5,CUPERINOX Cuchillos Carne | Cuchillos Mesa | Cuchillos Chuleteros | 6 Piezas | Hoja Serrada | Mango Polipropileno | Acero Inoxidable | 11 cm,99901_6pzs,92,1,0.05%,0.02%,110,1,0.05%,0.01%,99.02%,0.00%,1,0,1.09%,0.00%,"9,99 €","0,00 €",1,0
B0CYTKGNPM,B0CW66H3TR,Pelador de Tomate ARCOS - Hoja Serrada de Acero Inoxidable | Mango Ergonómico | Ideal para Tomates,607420_,569,5,0.34%,0.10%,627,5,0.26%,0.07%,87.68%,100.00%,1,0,0.18%,0.00%,"7,99 €","0,00 €",1,0
B0CYTKGNPM,B0CW68KM18,Pelador de Cocina ARCOS - Hoja de Acero Inoxidable | Mango Ergonómico | Herramienta Versátil para Pelar Frutas y Verduras,607300_,756,10,0.45%,0.21%,905,10,0.38%,0.14%,72.67%,50.00%,1,0,0.13%,0.00%,"8,63 €","0,00 €",1,0
B0DB2647JX,B0DB2647JX,Repelente de insectos VINFERMATON | Mosquitos y garrapatas | 0% DEET | Apto para niños 1 año | Protección 8 horas,V501100,29,0,0.02%,0.00%,46,0,0.02%,0.00%,84.09%,0.00%,1,0,3.45%,0.00%,"8,12 €","0,00 €",1,0
B0DKP68T32,B0DJBYWJB7,Arcos Serie Eclipse - Cuchillo de Chef - Hoja de Acero Inoxidable Forjado con Filo Seda Plus de 200 mm - Pulido Brillo Especial - Mango Acrílico - Color Negro,213500_,159,2,0.09%,0.04%,241,2,0.10%,0.03%,62.96%,100.00%,1,0,0.63%,0.00%,"73,99 €","0,00 €",1,0
B0DKP68T32,B0DJBZPC79,Arcos Serie Eclipse - Cuchillo Cocinero - Hoja de Acero Inoxidable Forjado con Filo Seda Plus de 150 mm - Pulido Brillo Especial - Mango Acrílico - Color Negro,213400_,42,0,0.03%,0.00%,49,0,0.02%,0.00%,62.79%,0.00%,1,0,2.38%,0.00%,"63,99 €","0,00 €",1,0
B0DNNKT1W2,B0DNNJCHQP,"Cuperinox-Tetera de Cristal con Infusor para Té e Infusiones, Resistente al Calor y Compatible con Microondas ** - Infusion Prestige Collection (950 ml)",26113,55,1,0.03%,0.02%,82,1,0.03%,0.01%,100.00%,100.00%,1,0,1.82%,0.00%,"19,99 €","0,00 €",1,0
B0DNNKT1W2,B0DNNJPGTY,"Cuperinox-Tetera de Cristal con Infusor para Té e Infusiones, Resistente al Calor y Compatible con Microondas ** - Infusion Prestige Collection (750 ml)",26112,75,0,0.04%,0.00%,98,0,0.04%,0.00%,100.00%,0.00%,1,0,1.33%,0.00%,"18,49 €","0,00 €",1,0
B0DPLG5V7Q,B0DPJDWB77,CUPERINOX Tazas de Capuccino de Cristal - Vaso cafe - Vaso Cristal - 200ml (Set de 2) - Apto para Lavavajillas y Microondas - Aroma Series,26121_,68,2,0.04%,0.04%,79,2,0.03%,0.03%,100.00%,100.00%,1,0,1.47%,0.00%,"13,99 €","0,00 €",1,0
B0FDL3VP7W,B0FDL3VP7W,VINFERMATON – Insecticida Moscas y Mosquitos Perfume Limón Pack 3×300 ml | Spray Eliminador Insectos Voladores Interior y Exterior | Acción Inmediata Profesional | 100% MADE IN SPAIN,V000_PACK3,6,0,0.00%,0.00%,6,0,0.00%,0.00%,100.00%,0.00%,1,0,16.67%,0.00%,"11,99 €","0,00 €",1,0