ASIN (parent),ASIN (child),Título,SKU,Sesiones: total,Sesiones - Total - B2B,Porcentaje de sesiones: total,Porcentaje de sesiones: total - B2B,Visitas: total,Visitas - Total - B2B,Porcentaje de visitas: total,Porcentaje de visitas - Total - B2B,Porcentaje de ofertas destacadas (Buy Box),Porcentaje de ofertas destacadas: B2B,Unidades encargadas,Unidades encargadas - B2B,Porcentaje de unidades por sesión,Porcentaje de sesiones de unidades - B2B,Ventas de productos encargados,Ventas de productos encargados: B2B,Total de artículos de un pedido,Total de artículos de un pedido - B2B
B0FDL4Q2JB,B0FDL4Q2JB,VINFERMATON – Insecticida Avispas y Avisperos Exterior Pack 2×600 ml | Antiavispas | Alcance hasta 4 m | Acción Inmediata Profesional | 100% MADE IN SPAIN,V0020_PACK2,"5,064",231,1.57%,2.88%,"8,037",325,1.74%,2.79%,93.06%,63.97%,"1,333",107,26.32%,46.32%,"22.251,42 €","1.737,08 €","1,209",60
B0BGRT2BVV,B09G9WBKPG,Arcos Juego de 6 Cuchillos de Mesa Chuleteros Hoja 110 mm Negro 705500,705500(805109),"14,659",293,4.55%,3.65%,"20,602",403,4.47%,3.45%,17.29%,4.98%,329,0,2.24%,0.00%,"4.055,98 €","0,00 €",295,0
B08J488ZQG,B089QP6MYJ,Arcos Juego Cuchillos Carne | 6 Piezas | Cuchillos carne cuchillo chuleteros | cubiertos acero inoxidable | Hoja 110 mm | mango monobloque | aptos lavavajillas | Caja Envase Ecológico,815600_fba,"2,549",68,0.79%,0.85%,"4,144",118,0.90%,1.01%,99.25%,100.00%,292,0,11.46%,0.00%,"7.882,71 €","0,00 €",239,0
B08MT437W9,B08MT437W9,Arcos Juego Cuchillos Cocina Profesionales| Cuchillos Cocina Profesional | 6 pzas | Cuchillos Acero Inoxidable Mango Negro | utensilios de cocina serie Niza | Apto lavavajillas,812900,"7,540",120,2.34%,1.50%,"9,466",157,2.06%,1.35%,99.08%,98.82%,189,0,2.51%,0.00%,"6.141,15 €","0,00 €",186,0
B09DYJY471,B08MTCRCT4,Arcos Juego Cuchillos Cocina Profesionales| Cuchillos Cocina Profesional | Cuchillos Acero Inoxidable Mango Negro | utensilios de cocina | cuchillo japones Santoku | lavavajillas (5 Piezas),816800,"4,012",87,1.25%,1.08%,"5,688",120,1.23%,1.03%,99.86%,100.00%,171,3,4.26%,3.45%,"5.128,30 €","89,97 €",169,2
B06XD39V8J,B06XD39V8J,VINFERMATON – Insecticida Cucarachas y Hormigas Residual 400 ml | Spray Efecto Duradero para Interior y Exterior | Profesional Doméstico | 100 % MADE IN SPAIN,V0012_,"1,282",29,0.40%,0.36%,"1,886",35,0.41%,0.30%,41.91%,66.67%,217,18,16.93%,62.07%,"1.753,59 €","146,04 €",164,7
B0F1N351DY,B072FGV2YH,Arcos Juego de 6 Cuchillos Mondadores Acero Inoxidable 100 mm,189100,"5,338",147,1.66%,1.83%,"7,815",217,1.70%,1.86%,28.09%,3.55%,163,0,3.05%,0.00%,"2.689,22 €","0,00 €",155,0
B09KJLG7BT,B08KW4BFZ9,CUPERINOX Jamonero Profesional | Soporte jamonero Tipo Gondola| Base de Corte para Usar con Cuchillo jamonero | Jamon iberico | Fabricado en España,2020CUP,981,25,0.30%,0.31%,"1,469",44,0.32%,0.38%,98.62%,88.89%,152,5,15.49%,20.00%,"2.050,48 €","67,45 €",151,5
B08GSTDWTC,B08LVVQ3ZQ,"Arcos Serie Nova - Cuchillo para pelar, Acero Inoxidable NITRUM, Envase Ecológico, 3 colores Fucsia, Turquesa y Amarillo",703700_,"1,033",22,0.32%,0.27%,"1,629",33,0.35%,0.28%,99.45%,100.00%,133,3,12.88%,13.64%,"1.395,17 €","31,47 €",122,3
B0D4WK78XV,B0D4WK78XV,CUPERINOX Aceiteras para Aceite Usado | Grasera Acero Inoxidable 550ML con Filtro Metálico | Recipiente para Aceite Usado de Cocina y Grasa | Grasera Cocina Metálica 550ML 2Uds Metálico,22105-22106,"1,813",33,0.56%,0.41%,"2,619",47,0.57%,0.40%,69.35%,69.23%,98,7,5.41%,21.21%,"1.175,02 €","83,93 €",94,5
B0D4WK78XV,B0D4WK78XV,CUPERINOX Aceiteras para Aceite Usado | Grasera Acero Inoxidable 550ML con Filtro Metálico | Recipiente para Aceite Usado de Cocina y Grasa | Grasera Cocina Metálica 550ML 2Uds Metálico,F22105-22106,"1,813",33,0.56%,0.41%,"2,619",47,0.57%,0.40%,69.35%,69.23%,94,1,5.18%,3.03%,"1.127,06 €","11,99 €",92,1
B0DPKXM18X,B0DNQT7LV3,"CUPERINOX Soporte Jamonero Balancín | Jamonero Giratorio Profesional | Jamonero Madera | Incluye Cuchillo Profesional, Afilador Funda Cubre Jamón| Jamoneros Elite Collection",20265_fbm,"2,208",105,0.69%,1.31%,"3,938",196,0.85%,1.68%,99.04%,99.27%,92,0,4.17%,0.00%,"8.280,57 €","0,00 €",91,0
B0FBRQYHVM,B0FBRNCHGJ,"CUPERINOX® Ventilador Portátil Silencioso y Recargable con Power Bank 20000mAh, +50H de batería – Ventilador de Mesa USB con Mando, Luz LED y 4 Velocidades – Ideal para Dormir, Camping y Hogar.",27000,"1,870",65,0.58%,0.81%,"2,975",91,0.65%,0.78%,99.96%,100.00%,90,6,4.81%,9.23%,"4.539,80 €","290,64 €",85,6
B09DYJY471,B08MQJCD2V,Arcos Juego Cuchillos Cocina Profesionales| Cuchillos Cocina Profesional | Cuchillos Acero Inoxidable Mango Negro | utensilios de cocina | cuchillo japones Santoku | lavavajillas (4 Piezas),816900,"1,384",28,0.43%,0.35%,"1,830",36,0.40%,0.31%,98.98%,100.00%,83,1,6.00%,3.57%,"2.157,17 €","25,99 €",83,1
B095SDL23Y,B095SDL23Y,Arcos | cuchillos de mesa (6 ud) | cuchillos acero inoxidable con sierra cuchillo chuletero cuchillos chuleteros | Fabricado en España,813000,"1,088",21,0.34%,0.26%,"1,562",32,0.34%,0.27%,99.56%,100.00%,83,0,7.63%,0.00%,"1.327,43 €","0,00 €",74,0
B017HKRCGK,B005LR7A1Y,ARCOS Bolsa para Cuchillos 100% Poliéster 460x275 mm,690200_,"1,529",28,0.47%,0.35%,"2,347",43,0.51%,0.37%,56.59%,32.35%,77,9,5.04%,32.14%,"1.163,75 €","126,75 €",71,3
B07YM65C6J,B007TS6HMQ,ARCOS Pinza para Pescado Acero Inoxidable,605000_605010,452,13,0.14%,0.16%,630,15,0.14%,0.13%,88.81%,72.73%,70,6,15.49%,46.15%,"664,19 €","56,38 €",65,5
B09N7S17J6,B09D3YRGL9,"CUPERINOX Navaja Plegable Multiusos – Hoja de Acero Inoxidable 80 mm (Filo Liso + Serrado), Punta Rompevidrios, Apertura Rápida, Clip de Cinturón, Herramienta para Camping, Caza, Pesca y Supervivencia",30061_,909,14,0.28%,0.17%,"1,327",22,0.29%,0.19%,97.86%,100.00%,67,1,7.37%,7.14%,"669,33 €","9,99 €",63,1
B0CYTKGNPM,B0CW68KM18,Pelador de Cocina ARCOS - Hoja de Acero Inoxidable | Mango Ergonómico | Herramienta Versátil para Pelar Frutas y Verduras,607300,972,21,0.30%,0.26%,"1,169",26,0.25%,0.22%,84.72%,89.47%,59,0,6.07%,0.00%,"451,35 €","0,00 €",57,0
B0752X4WV1,B005LR73R0,Arcos Juego Chuleteros Mango Madera 110 mm,372000,"2,770",76,0.86%,0.95%,"4,276",107,0.93%,0.92%,34.01%,0.00%,65,0,2.35%,0.00%,"1.558,05 €","0,00 €",56,0
B089MW6B1B,B078JNZS9T,Arcos Estuche de 3 Cuchillos Básicos de Cocina. Pack de Cuchillos con Hoja de Acero Inoxidable y Mango de Polieximetileno Aptos para Lavavajillas. Serie Universal. Color Negro,807400_us,"6,324",119,1.96%,1.48%,"8,297",167,1.80%,1.43%,29.54%,27.00%,56,5,0.89%,4.20%,"2.352,13 €","209,95 €",55,5
B08J488ZQG,B089QP6MYJ,Arcos Juego Cuchillos Carne | 6 Piezas | Cuchillos carne cuchillo chuleteros | cubiertos acero inoxidable | Hoja 110 mm | mango monobloque | aptos lavavajillas | Caja Envase Ecológico,815600_,"2,549",68,0.79%,0.85%,"4,144",118,0.90%,1.01%,99.25%,100.00%,69,7,2.71%,10.29%,"1.837,76 €","179,26 €",55,6
B0752X1ZCK,B07G77NN26,Arcos Cuchillos de Mesa - Caja de 12 uds Cuchillo Chuletero Cuchillo de Mesa - Hoja de Acero Inoxidable NITRUM 110 mm - Mango de Nylon - Color Negro (12 uds),803000,"1,147",34,0.36%,0.42%,"1,719",65,0.37%,0.56%,99.61%,100.00%,56,3,4.88%,8.82%,"1.623,44 €","86,97 €",54,3
B08M7BMR2S,B08LNRV6N6,"Arcos Afiladores, Afilador de Cuchillos de Mano, Hecho de ABS + TPE, Rodillos Cerámico y Carburo, Color Blanco y Negro",610624_fbm,627,21,0.19%,0.26%,795,25,0.17%,0.21%,99.56%,100.00%,51,3,8.13%,14.29%,"698,92 €","41,10 €",50,3
B08MT437W9,B08MT437W9,Arcos Juego Cuchillos Cocina Profesionales| Cuchillos Cocina Profesional | 6 pzas | Cuchillos Acero Inoxidable Mango Negro | utensilios de cocina serie Niza | Apto lavavajillas,812900fbm,"7,540",120,2.34%,1.50%,"9,466",157,2.06%,1.35%,99.08%,98.82%,51,4,0.68%,3.33%,"1.657,53 €","129,96 €",49,4
B0FGDJJ12N,B0FGDJJ12N,VINFERMATON – Insecticida Avispas y Nidos Exterior 600 ml | Válvula Largo Alcance hasta 4 m | Acción Profesional Inmediata | 100% MADE IN SPAIN,V0020,255,8,0.08%,0.10%,356,9,0.08%,0.08%,98.74%,100.00%,48,0,18.82%,0.00%,"575,52 €","0,00 €",46,0
B0C4DTYRJW,B071LGMMGV,Arcos Juego Cuchillos Cocina Profesionales| Cuchillos Cocina Profesional Set Cuchillos | Mango Negro (3 Piezas),862600,828,12,0.26%,0.15%,"1,237",18,0.27%,0.15%,98.91%,100.00%,44,1,5.31%,8.33%,"1.759,56 €","39,99 €",43,1
B08Y8NS7PN,B08MT61GJV,Arcos Juego Cuchillos Cocina | 2 pzas |Profesional (150 mm) | Cuchillo Cortador Verduras (100 mm)| Acero Inoxidable Nitrum | Mango Negro | Envase Eco,819900fbm,421,7,0.13%,0.09%,571,8,0.12%,0.07%,99.61%,100.00%,46,3,10.93%,42.86%,"826,82 €","53,25 €",43,2
B0DPKXM18X,B0DNQT7LV3,"CUPERINOX Soporte Jamonero Balancín | Jamonero Giratorio Profesional | Jamonero Madera | Incluye Cuchillo Profesional, Afilador Funda Cubre Jamón| Jamoneros Elite Collection",20265_,"2,208",105,0.69%,1.31%,"3,938",196,0.85%,1.68%,99.04%,99.27%,43,9,1.95%,8.57%,"3.829,07 €","769,41 €",43,9
B09DYJY471,B08MTCRCT4,Arcos Juego Cuchillos Cocina Profesionales| Cuchillos Cocina Profesional | Cuchillos Acero Inoxidable Mango Negro | utensilios de cocina | cuchillo japones Santoku | lavavajillas (5 Piezas),816800fbm,"4,012",87,1.25%,1.08%,"5,688",120,1.23%,1.03%,99.86%,100.00%,43,4,1.07%,4.60%,"1.289,21 €","119,60 €",42,4
B0FJLTDB9J,B09RP6V156,"CUPERINOX® Alicates para pedicura, Profesional, Cortaúñas de Pies, Acero Inoxidable, Mango Ergonómico Antideslizante, Fácil Limpieza, Con Funda, 2 Años de Garantía",21920AM,920,14,0.29%,0.17%,"1,374",20,0.30%,0.17%,55.12%,100.00%,44,1,4.78%,7.14%,"482,24 €","9,49 €",42,1
B09GSCQQF9,B07G77FNSF,"Arcos Serie Cuchillos de Mesa Caja 12 uds Cuchillo Postre, Hoja Serrada de Acero Inoxidable NITRUM de 105 mm, Mango Polipropileno Color crema (12 UDS)",370100_,473,12,0.15%,0.15%,685,17,0.15%,0.15%,99.83%,100.00%,47,0,9.94%,0.00%,"857,75 €","0,00 €",41,0
B06XB92VRH,B07T6J5JWM,CUPERINOX Cafetera Italiana Induccion Espresso Acero Inoxidable 12 Tazas,25035,548,13,0.17%,0.16%,788,16,0.17%,0.14%,99.15%,100.00%,42,0,7.66%,0.00%,"1.175,58 €","0,00 €",41,0
B0B8Z4CJBC,B07F2YVB15,"Arcos Juego Cuchillos Pelar Acero Inoxidable Nitrum 4""",136500,"1,506",45,0.47%,0.56%,"2,447",67,0.53%,0.57%,37.80%,18.42%,43,0,2.86%,0.00%,"827,96 €","0,00 €",39,0
B098BLF7X6,B098BLF7X6,"Tradineur - Grasera metálica para pescado con filtro, aceitera con colador para conservación de aceite de acero inoxidable, recipiente para colar aceites - Ø 9 cm",22106_us,429,12,0.13%,0.15%,578,16,0.13%,0.14%,99.24%,100.00%,38,1,8.86%,8.33%,"284,62 €","7,49 €",38,1
B0937XXT33,B01CQT1B5U,"Arcos Cuchillos de Mesa Juego de Cuchillos Chuleteros Cuchillos de Mesa, Monoblock de una pieza de Acero Inoxidable 110 mm, Color Plata (12 uds)",702000,484,14,0.15%,0.17%,743,20,0.16%,0.17%,85.42%,100.00%,40,4,8.26%,28.57%,"1.922,76 €","191,96 €",37,4
B0714CRSCQ,B0714CRSCQ,Arcos Cuchillo Mondador Negro 100 mm,150300,627,19,0.19%,0.24%,920,19,0.20%,0.16%,39.60%,7.69%,46,0,7.34%,0.00%,"457,86 €","0,00 €",37,0
B0FH2NLMGN,B0FH2NLMGN,VINFERMATON Insecticida Hormigas y Cucarachas Residual | Antihormigas | Pack 2×400 ml | Efecto hasta 1 año | Interior y Exterior | Profesional Doméstico | 100% MADE IN SPAIN,V0012_PACK2,292,12,0.09%,0.15%,412,16,0.09%,0.14%,96.71%,92.86%,48,13,16.44%,108.33%,"711,27 €","194,12 €",34,2
B093DSL44T,B07F9RV81Z,Arcos Cuchillo Chuletero de 4 Pulgadas con Hoja de 105mm en Acero Inoxidable y Mango de Madera. Cuchillo para Carne Apto para Lavavajillas. Serie Latina. Color Marrón,100400_fba,704,9,0.22%,0.11%,"1,003",16,0.22%,0.14%,81.11%,100.00%,37,0,5.26%,0.00%,"1.331,63 €","0,00 €",31,0
B0DNNL2TZQ,B0DNN57WC1,"CUPERINOX Aceitera de Cristal Antigoteo para Aceite de Oliva, Resistente y Fácil de Limpiar Gourmet Oil Collection (250 Ml)",22022,341,12,0.11%,0.15%,457,14,0.10%,0.12%,100.00%,100.00%,36,0,10.56%,0.00%,"432,44 €","0,00 €",31,0
B08GSTDWTC,B08G4D9718,"Arcos | Cuchillos 3 Colores | Cuchillo de pelar | Cuchillos pelar Patatas | Acero Inoxidable Nitrum| Envase Ecológico | Cuchillo Colores (85 mm, Amarillo, Turquesa, Naranja)",816700_francia,508,12,0.16%,0.15%,648,16,0.14%,0.14%,99.67%,100.00%,32,0,6.30%,0.00%,"312,00 €","0,00 €",29,0
B08NW1VQRT,B08NW1VQRT,CUPERINOX Navaja para Setas y Champiñones | Acero Inoxidable | Con Cepillo y Funda Incluida | Micológica,2181,269,5,0.08%,0.06%,374,5,0.08%,0.04%,100.00%,100.00%,29,1,10.78%,20.00%,"304,21 €","10,49 €",29,1
B08G8QCM5H,B08G8QCM5H,ARCOS cuchillo pelador | 6 PIEZAS | cuchillo de pelar | cuchillos pelar patatas | Hoja 100 mm | Negro | cuchillo arcos pelador Acero Inoxidable,816500_,541,15,0.17%,0.19%,782,18,0.17%,0.15%,99.70%,100.00%,30,1,5.55%,6.67%,"569,70 €","18,99 €",27,1
B08G8QHY23,B08G8QHY23,Arcos | cuchillos chuleteros cuchillo madera cuchillo chuletero | 6 Piezas | juego cuchillos carne | cuchillos mango madera | Envase Eco | Fabricado en España,809300,459,10,0.14%,0.12%,698,11,0.15%,0.09%,99.67%,100.00%,30,1,6.54%,10.00%,"719,70 €","23,99 €",27,1
B08Q7W1Q4K,B08Q7W1Q4K,"Tradineur - Pack de 2 Graseras de metal de Ø 9,3 x 11 cm - Incluye filtro, asa y tapa - Aceitera con colador para conservación de aceite de acero inoxidable - Capacidad de 550 ml",22105+22106,367,8,0.11%,0.10%,488,13,0.11%,0.11%,99.55%,100.00%,29,0,7.90%,0.00%,"318,71 €","0,00 €",27,0
B08M7BMR2S,B08LNRV6N6,"Arcos Afiladores, Afilador de Cuchillos de Mano, Hecho de ABS + TPE, Rodillos Cerámico y Carburo, Color Blanco y Negro",610624,627,21,0.19%,0.26%,795,25,0.17%,0.21%,99.56%,100.00%,26,0,4.15%,0.00%,"356,08 €","0,00 €",26,0
B08M9NWMW8,B08M9NWMW8,Arcos Juego de Cuchillos de Cocina Profesional y Afilador | 7 Piezas | Acero Inoxidable | Taco de Madera | Serie Niza | Uso Cotidiano | Apto para Lavavajillas,835800FBM,569,18,0.18%,0.22%,788,25,0.17%,0.21%,98.98%,100.00%,25,3,4.39%,16.67%,"1.374,75 €","164,97 €",25,3
B095SDL23Y,B095SDL23Y,Arcos | cuchillos de mesa (6 ud) | cuchillos acero inoxidable con sierra cuchillo chuletero cuchillos chuleteros | Fabricado en España,813000_fbm,"1,088",21,0.34%,0.26%,"1,562",32,0.34%,0.27%,99.56%,100.00%,32,14,2.94%,66.67%,"515,34 €","218,52 €",25,8
B09381N96H,B07G75XCXM,"Arcos Serie Cuchillos de Mesa Caja 12 uds Cuchillo Mesa, Hoja Serrada de Acero Inoxidable NITRUM de 125 mm, Mango Polipropileno Color crema (12 UDS)",370200_fbm,495,15,0.15%,0.19%,780,27,0.17%,0.23%,97.84%,100.00%,30,4,6.06%,26.67%,"599,70 €","79,96 €",24,1
B0F9TD2LTH,B09CL776WP,CUPERINOX® Cuchillos de Mesa Acero Inoxidable – Set 12 Cuchillos para Carne con Filo Dentado – Aptos Lavavajillas – Uso Diario y Profesional,15015,980,69,0.30%,0.86%,"1,578",119,0.34%,1.02%,35.38%,57.78%,68,52,6.94%,75.36%,"1.289,10 €","952,56 €",23,13
B0FBRQYHVM,B0FBRLQK47,"CUPERINOX Ventilador Portatil, Camping, Exterior, Playa, Piscina, Festival| 5+ cargas movil| +48H de bateria | 20000mAh| Powerbank, Luz led, Mando a distancia y Temporizador",27001,944,40,0.29%,0.50%,"1,337",57,0.29%,0.49%,99.56%,100.00%,28,7,2.97%,17.50%,"1.402,48 €","322,69 €",23,5
B0B3CWSDRQ,B00CF20V2I,ARCOS Chaira Afilador Manual Acero Carbono Cromado Negro 230 mm,278100_,184,5,0.06%,0.06%,243,9,0.05%,0.08%,95.05%,100.00%,23,2,12.50%,40.00%,"267,73 €","20,22 €",22,1
B08M5K93QF,B08M5K93QF,Arcos Juego Cuchillos Mesa | 6 Uds | Cuchillo Postre | Cuchillos Mesa | Cuchillo Carne | Hoja 105 mm | Acero Inoxidable Martensítico | Mango Polipropileno | Apto lavavajillas | Envase Ecológico,703500_etq,170,3,0.05%,0.04%,251,3,0.05%,0.03%,100.00%,100.00%,26,0,15.29%,0.00%,"285,74 €","0,00 €",22,0
B0CYTKGNPM,B0CW66H3TR,Pelador de Tomate ARCOS - Hoja Serrada de Acero Inoxidable | Mango Ergonómico | Ideal para Tomates,607420_,948,20,0.29%,0.25%,"1,050",22,0.23%,0.19%,92.78%,100.00%,23,1,2.43%,5.00%,"183,77 €","7,99 €",22,1
B0FDKY2RXG,B0FDKY2RXG,VINCARE Pack Limpieza Infantil – Detergente Biberones + Multiusos + Quitamanchas – Limpieza Segura para el Entorno del Bebé- 100% MADE IN SPAIN,PACK VINCARE,346,0,0.11%,0.00%,422,0,0.09%,0.00%,100.00%,0.00%,22,0,6.36%,0.00%,"330,03 €","0,00 €",22,0
B07F9GQZCB,B07F9GQZCB,Arcos Cuchillo para Verduras de 4 Pulgadas con Hoja de 105mm en Acero Inoxidable y Mango de Madera. Cuchillo para Vegetales Apto para Lavavajillas. Serie Latina. Color Marrón,100500,303,7,0.09%,0.09%,461,22,0.10%,0.19%,100.00%,100.00%,22,1,7.26%,14.29%,"814,39 €","36,99 €",21,1
B0843QFQB7,B0843QFQB7,Arcos Set Cuchillos 5 piezas Acero Inoxidable Nitrum. Cuchillo Cocina Profesional Afilado para Cortar Carne. Mango Ergonómico Polioximetileno POM. Serie Opera. Diseño Clásico. Color Negro.,227000,525,12,0.16%,0.15%,814,27,0.18%,0.23%,95.41%,100.00%,21,0,4.00%,0.00%,"2.916,69 €","0,00 €",21,0
B0FJLTDB9J,B09RP6V156,"CUPERINOX® Alicates para pedicura, Profesional, Cortaúñas de Pies, Acero Inoxidable, Mango Ergonómico Antideslizante, Fácil Limpieza, Con Funda, 2 Años de Garantía",21920AM_fba,920,14,0.29%,0.17%,"1,374",20,0.30%,0.17%,55.12%,100.00%,26,10,2.83%,71.43%,"286,74 €","94,90 €",21,5
B0DNNL2TZQ,B0DNNF3839,"CUPERINOX Aceitera de Cristal Antigoteo para Aceite de Oliva, Resistente y Fácil de Limpiar Gourmet Oil Collection (1000 Ml)",22024_,296,10,0.09%,0.12%,414,13,0.09%,0.11%,100.00%,100.00%,22,3,7.43%,30.00%,"392,78 €","50,97 €",21,3
B0FBRQYHVM,B0FBRNCHGJ,"CUPERINOX® Ventilador Portátil Silencioso y Recargable con Power Bank 20000mAh, +50H de batería – Ventilador de Mesa USB con Mando, Luz LED y 4 Velocidades – Ideal para Dormir, Camping y Hogar.",A27000,"1,870",65,0.58%,0.81%,"2,975",91,0.65%,0.78%,99.96%,100.00%,21,0,1.12%,0.00%,"1.079,79 €","0,00 €",21,0
B0752X1ZCK,B07G77NN26,Arcos Cuchillos de Mesa - Caja de 12 uds Cuchillo Chuletero Cuchillo de Mesa - Hoja de Acero Inoxidable NITRUM 110 mm - Mango de Nylon - Color Negro (12 uds),803000_fmb,"1,147",34,0.36%,0.42%,"1,719",65,0.37%,0.56%,99.61%,100.00%,22,3,1.92%,8.82%,"636,04 €","85,23 €",20,2
B089M821V5,B089M821V5,Arcos Cuchillos Carne | 6 pzas | Cuchillos chuleteros Set Cuchillo de Mesa Sierra | Mango Madera | Hoja 110 mm | Cuchillos Carne Mesa | Apto lavavajillas | Envase Carton | Ecologico,815500_,657,21,0.20%,0.26%,934,28,0.20%,0.24%,99.64%,100.00%,27,0,4.11%,0.00%,"806,73 €","0,00 €",19,0
B08G8QHY23,B08G8QHY23,Arcos | cuchillos chuleteros cuchillo madera cuchillo chuletero | 6 Piezas | juego cuchillos carne | cuchillos mango madera | Envase Eco | Fabricado en España,809300_,459,10,0.14%,0.12%,698,11,0.15%,0.09%,99.67%,100.00%,22,0,4.79%,0.00%,"527,78 €","0,00 €",19,0
B08J488ZQG,B0987N2CBR,Arcos Juego Cuchillos Carne | 6 Piezas | Cuchillos carne cuchillo chuleteros | cubiertos acero inoxidable | Hoja 110 mm | mango monobloque | aptos lavavajillas | Caja Envase Ecológico,814000_fba,689,16,0.21%,0.20%,833,20,0.18%,0.17%,99.61%,100.00%,22,0,3.19%,0.00%,"615,78 €","0,00 €",19,0
B0BGRT2BVV,B09G9WBKPG,Arcos Juego de 6 Cuchillos de Mesa Chuleteros Hoja 110 mm Negro 705500,805109_uss,"14,659",293,4.55%,3.65%,"20,602",403,4.47%,3.45%,17.29%,4.98%,27,5,0.18%,1.71%,"377,73 €","69,95 €",19,2
B0DNNL2TZQ,B0DNNFGWNJ,"CUPERINOX Aceitera de Cristal Antigoteo para Aceite de Oliva, Resistente y Fácil de Limpiar Gourmet Oil Collection (500 Ml)",22023,180,15,0.06%,0.19%,240,28,0.05%,0.24%,100.00%,100.00%,19,0,10.56%,0.00%,"285,06 €","0,00 €",19,0
B0752SPHL9,B005LR6WW2,Arcos Juego de Cuchillos de Cocina de 5 Piezas,152100_us,381,13,0.12%,0.16%,659,18,0.14%,0.15%,81.55%,50.00%,18,0,4.72%,0.00%,"1.113,84 €","0,00 €",18,0
B06XB92VRH,B00YU2ZWGG,CUPERINOX Cafetera Italiana Induccion Espresso Acero Inoxidable 10 Tazas,25034,361,7,0.11%,0.09%,525,7,0.11%,0.06%,99.37%,100.00%,18,0,4.99%,0.00%,"360,15 €","0,00 €",18,0
B07F8Z6XL1,B07F8Z6XL1,VINFERMATÓN - Insecticida Matón Cucas Cucarachas y Hormigas Instantáneo 300ml,V101302,200,1,0.06%,0.01%,290,1,0.06%,0.01%,85.06%,100.00%,36,1,18.00%,100.00%,"284,04 €","7,89 €",18,1
B08LVZCG23,B08LVZCG23,Arcos Juego de Cuchillos de Cocina Rosa | 3 pz | Cuchillo Chef para pelar Verduras | Edición Limitada | Solidaria,814500_fba,402,6,0.12%,0.07%,625,9,0.14%,0.08%,99.63%,100.00%,18,0,4.48%,0.00%,"539,82 €","0,00 €",18,0
B0C4DTYRJW,B094QVHPQ8,Arcos Juego Cuchillos Cocina Profesionales| Cuchillos Cocina Profesional Set Cuchillos | Mango Negro (4 Piezas),813500,661,12,0.21%,0.15%,892,22,0.19%,0.19%,99.87%,100.00%,18,0,2.72%,0.00%,"719,10 €","0,00 €",18,0
B0FH9NPJ1K,B0FH9NPJ1K,VINFERMATON – Insecticida Cucarachas y Hormigas Antihormigas Instantáneo 600 ml | Spray Eliminador Insectos Rastreros Interior y Exterior | Acción Rápida Profesional | 100% MADE IN SPAIN (2),V0011_PACK2,132,7,0.04%,0.09%,204,9,0.04%,0.08%,96.15%,100.00%,20,1,15.15%,14.29%,"259,80 €","12,99 €",18,1
B093313MH6,B093313MH6,Arcos | Cuchillo de deshuesar| Cuchillo deshuesador | cuchillo deshuesador jamón | cuchillo deshuesador (140 mm) Clásica| Envase Eco | cuchillo puntilla jamonero,256210_fba,244,6,0.08%,0.07%,354,10,0.08%,0.09%,99.66%,100.00%,17,3,6.97%,50.00%,"337,16 €","56,97 €",17,3
B0DNNL2TZQ,B0DNNF3839,"CUPERINOX Aceitera de Cristal Antigoteo para Aceite de Oliva, Resistente y Fácil de Limpiar Gourmet Oil Collection (1000 Ml)",22024,296,10,0.09%,0.12%,414,13,0.09%,0.11%,100.00%,100.00%,17,0,5.74%,0.00%,"305,83 €","0,00 €",17,0
B0F9X4NXL3,B0F9KW1V3K,"Cuchillos Mesa, cuchillo carne, cuchillo mantequilla, Set 12 piezas, acero inoxidable, hoja con filo y sierra, cuchillo untar. Apto lavavajillas. Mango ergonomico",20043_12,799,9,0.25%,0.11%,"1,082",15,0.23%,0.13%,99.70%,100.00%,19,0,2.38%,0.00%,"220,37 €","0,00 €",17,0
B017HKRCGK,B005LR7AWI,ARCOS Bolsa Portacuchillos 8 Piezas Poliéster 500x510mm,690400_,451,8,0.14%,0.10%,660,13,0.14%,0.11%,55.67%,63.64%,16,0,3.55%,0.00%,"399,84 €","0,00 €",16,0
B0DQV6381X,B0DQDQ1DB8,CUPERINOX Jamonero | Jamonero Giratorio | Tabla Cortar Jamon | Jamoneros Profesional | Jamonero Plegable | Tabla Jamon | Cortador de Jamon,SC_20270,269,3,0.08%,0.04%,399,8,0.09%,0.07%,99.73%,100.00%,16,0,5.95%,0.00%,"564,00 €","0,00 €",16,0
B0FGDF2SHZ,B0FGDF2SHZ,VINFERMATON Antihormigas Efecto Permanente | Insecticida Cucarachas y Hormigas Pack 2×600 ml | Efecto hasta 1 año | Interior y Exterior | Profesional y Doméstico | MADE IN SPAIN,V0013_PACK2,159,7,0.05%,0.09%,256,16,0.06%,0.14%,66.09%,90.91%,21,4,13.21%,57.14%,"329,03 €","62,10 €",16,2
B0B3CPHPXR,B07BQ5CCMD,ARCOS Sacacorchos Manual de ABS Aleación de Zinc,604700_,523,22,0.16%,0.27%,795,40,0.17%,0.34%,39.21%,32.00%,15,1,2.87%,4.55%,"515,57 €","32,99 €",15,1
B09381N96H,B07G75XCXM,"Arcos Serie Cuchillos de Mesa Caja 12 uds Cuchillo Mesa, Hoja Serrada de Acero Inoxidable NITRUM de 125 mm, Mango Polipropileno Color crema (12 UDS)",370200_us,495,15,0.15%,0.19%,780,27,0.17%,0.23%,97.84%,100.00%,24,12,4.85%,80.00%,"472,16 €","232,28 €",15,3
B08JCVQ4QL,B08JCVQ4QL,"Arcos Series Niza - Juego de Cuchillos Cocina, 6 Piezas, Cuchillos Verduras 110 mm, + Cuchillo Mesa, Envase 100% Ecológico, Acero Inoxidable NITRUM",809400_,424,7,0.13%,0.09%,605,7,0.13%,0.06%,99.81%,100.00%,17,0,4.01%,0.00%,"339,83 €","0,00 €",15,0
B09DYJY471,B08MQJCD2V,Arcos Juego Cuchillos Cocina Profesionales| Cuchillos Cocina Profesional | Cuchillos Acero Inoxidable Mango Negro | utensilios de cocina | cuchillo japones Santoku | lavavajillas (4 Piezas),816900fba,"1,384",28,0.43%,0.35%,"1,830",36,0.40%,0.31%,98.98%,100.00%,20,6,1.45%,21.43%,"507,32 €","143,46 €",15,1
B08T5Z4HFS,B08QYQYZHS,"CUPERINOX Cubiertos para marisco | Pinzas para marisco | Tenazas para marisco | 12 Unidades | Cubiertos marisco (Cangrejo, Langosta, Ostras) | Tenedor de marisco con dos dientes inferiores y cuchara.",20023_12pzs,119,7,0.04%,0.09%,180,16,0.04%,0.14%,100.00%,100.00%,25,9,21.01%,128.57%,"462,21 €","158,37 €",15,3
B017HKR8WS,B005LR7EP6,ARCOS Afilador de Cuchillos Profesional ABS,610000,"1,815",77,0.56%,0.96%,"2,829",115,0.61%,0.99%,14.08%,25.58%,14,1,0.77%,1.30%,"922,86 €","64,99 €",14,1
B00D3LC70Y,B00D3LC70Y,Arcos Tijeras Costura Castellana - Acero Forjado Niquelado 127 mm - Uso Doméstico y Profesional - Serie Style,502200,113,2,0.04%,0.02%,163,5,0.04%,0.04%,84.83%,0.00%,15,0,13.27%,0.00%,"157,35 €","0,00 €",14,0
B0F9TD2LTH,B09CL776WP,CUPERINOX® Cuchillos de Mesa Acero Inoxidable – Set 12 Cuchillos para Carne con Filo Dentado – Aptos Lavavajillas – Uso Diario y Profesional,15015_,980,69,0.30%,0.86%,"1,578",119,0.34%,1.02%,35.38%,57.78%,14,0,1.43%,0.00%,"307,86 €","0,00 €",14,0
B0DNNL2TZQ,B0DNN4J6Q8,"CUPERINOX Aceitera antigoteo cristal para Aceite de Oliva, Vinagre etc. A prueba de fugas, Aceitera cristal antigoteo tambien aceiteros cocina ideal para Ensaladas, BBQ, cooking oil container (125 ML)",22021,422,20,0.13%,0.25%,570,21,0.12%,0.18%,99.42%,100.00%,14,0,3.32%,0.00%,"160,86 €","0,00 €",14,0
B0F54LTCFF,B0044R87QE,Arcos Cuchillo Cocina Acero Inoxidable 200 mm,280604_,"2,456",62,0.76%,0.77%,"3,563",94,0.77%,0.81%,8.29%,8.33%,13,1,0.53%,1.61%,"266,70 €","20,49 €",13,1
B07YM65C6J,B007TS6HMQ,ARCOS Pinza para Pescado Acero Inoxidable,605000_caja,452,13,0.14%,0.16%,630,15,0.14%,0.13%,88.81%,72.73%,14,1,3.10%,7.69%,"129,65 €","9,25 €",13,1
B017DLH9RA,B017DLH9RA,ARCOS Cuchillo Abre Ostras Acero Inoxidable 60 mm,227200_us,158,6,0.05%,0.07%,219,8,0.05%,0.07%,76.65%,100.00%,15,2,9.49%,33.33%,"119,85 €","15,98 €",13,2
B0F1N351DY,B073V5RN1J,Arcos Cuchillo Mondador Acero Inoxidable NITRUM 100 mm - Ideal para Pelar Frutas y Verduras - Mango Ergonómico Polipropileno Negro - Serie Nova,816500_1pieza,620,18,0.19%,0.22%,753,23,0.16%,0.20%,98.37%,100.00%,19,3,3.06%,16.67%,"85,31 €","13,47 €",13,1
B09GSCQQF9,B07G77FNSF,"Arcos Serie Cuchillos de Mesa Caja 12 uds Cuchillo Postre, Hoja Serrada de Acero Inoxidable NITRUM de 105 mm, Mango Polipropileno Color crema (12 UDS)",370100_us,473,12,0.15%,0.15%,685,17,0.15%,0.15%,99.83%,100.00%,30,16,6.34%,133.33%,"528,52 €","273,02 €",13,2
B09QDH8MSK,B07N8VWHT9,Arcos Tacos - Bloque Universal para Cuchillos hasta 20 cm - Hecho de Caucho Termoplástico 220 x 160 x 65 mm - Color Negro,794500_,688,22,0.21%,0.27%,"1,040",36,0.23%,0.31%,24.57%,16.00%,13,0,1.89%,0.00%,"338,30 €","0,00 €",13,0
B017HKG9PK,B0044R87RS,Arcos Cuchillo para Maitre Negro 215 mm,151000,"4,173",101,1.30%,1.26%,"6,386",157,1.39%,1.35%,3.43%,5.31%,14,4,0.34%,3.96%,"209,86 €","59,96 €",12,3
B0812P3LZT,B0812P3LZT,"Arcos Nova - Set 3 Cuchillos Mantequilla - Acero Inoxidable 70 mm - Mango en color menta, naranja y limon",859900_,178,5,0.06%,0.06%,253,5,0.05%,0.04%,99.09%,0.00%,15,0,8.43%,0.00%,"164,85 €","0,00 €",12,0
B0DQV6381X,B0F2Q1K35T,CUPERINOX Soporte Jamonero Balancín | Jamonero Giratorio Profesional | Jamonero Madera | Jamonera Profesional | Tabla Cortar Jamon,20265_SC,507,11,0.16%,0.14%,782,15,0.17%,0.13%,98.97%,100.00%,12,1,2.37%,9.09%,"1.019,88 €","84,99 €",12,1
B0F1ZF7H1L,B005LR6GE6,Arcos Cuchillo Cocinero Negro 250 mm,233700_,"1,089",16,0.34%,0.20%,"1,372",17,0.30%,0.15%,45.87%,14.29%,11,0,1.01%,0.00%,"472,89 €","0,00 €",11,0
B0752X4WV1,B005LR73R0,Arcos Juego Chuleteros Mango Madera 110 mm,809300__,"2,770",76,0.86%,0.95%,"4,276",107,0.93%,0.92%,34.01%,0.00%,18,0,0.65%,0.00%,"431,82 €","0,00 €",11,0
B0B8Z4CJBC,B07F2YVB15,"Arcos Juego Cuchillos Pelar Acero Inoxidable Nitrum 4""",136500_2,"1,506",45,0.47%,0.56%,"2,447",67,0.53%,0.57%,37.80%,18.42%,13,2,0.86%,4.44%,"250,12 €","38,48 €",11,2
B093DSL44T,B07F9RV81Z,Arcos Cuchillo Chuletero de 4 Pulgadas con Hoja de 105mm en Acero Inoxidable y Mango de Madera. Cuchillo para Carne Apto para Lavavajillas. Serie Latina. Color Marrón,100400,704,9,0.22%,0.11%,"1,003",16,0.22%,0.14%,81.11%,100.00%,11,0,1.56%,0.00%,"395,89 €","0,00 €",11,0
B089M821V5,B089M821V5,Arcos Cuchillos Carne | 6 pzas | Cuchillos chuleteros Set Cuchillo de Mesa Sierra | Mango Madera | Hoja 110 mm | Cuchillos Carne Mesa | Apto lavavajillas | Envase Carton | Ecologico,815500,657,21,0.20%,0.26%,934,28,0.20%,0.24%,99.64%,100.00%,14,3,2.13%,14.29%,"419,86 €","89,97 €",11,3
B08VS4FCLN,B08BX3WTPP,"Arcos Juego Cuchillos Cocina cuchillo blanco cuchillos | cuchillos cocina Maitre | 4 piezas | Chef 215 mm, Cocina 150 mm, Verduras 100 mm Tijera cocina (Blanco)",152624,255,4,0.08%,0.05%,359,5,0.08%,0.04%,100.00%,100.00%,11,0,4.31%,0.00%,"384,89 €","0,00 €",11,0
B0DNNL2TZQ,B0DNN57WC1,"CUPERINOX Aceitera de Cristal Antigoteo para Aceite de Oliva, Resistente y Fácil de Limpiar Gourmet Oil Collection (250 Ml)",22022_,341,12,0.11%,0.15%,457,14,0.10%,0.12%,100.00%,100.00%,11,1,3.23%,8.33%,"131,89 €","11,99 €",11,1
B0F9X4NXL3,B0F9KXQKLG,"CUPERINOX Cuchillos Mesa, cuchillo carne, cuchillo mantequilla, Set 24 piezas, acero inoxidable, hoja con filo y sierra, cuchillo untar. Apto lavavajillas. Mango ergonomico",20043_24,254,13,0.08%,0.16%,353,23,0.08%,0.20%,99.38%,100.00%,16,2,6.30%,15.38%,"315,84 €","37,98 €",11,2
B093DXB2PK,B00MDJVRG2,Arcos Latina Cuchillo para Verduras Acero Inoxidable 105 mm,100500_1_pieza,104,2,0.03%,0.02%,157,2,0.03%,0.02%,98.48%,0.00%,22,0,21.15%,0.00%,"109,78 €","0,00 €",10,0
B06XB92VRH,B00YU2YTTM,CUPERINOX Cafetera Italiana Induccion Espresso Acero Inoxidable 4 Tazas,25032,359,7,0.11%,0.09%,543,12,0.12%,0.10%,40.04%,16.67%,10,0,2.79%,0.00%,"169,50 €","0,00 €",10,0
B07DC711NK,B07DC711NK,"HENDI Batidora de Mano, Carcasa de ABS, Brazo Batidor de Acero Inoxidable, Cuchillas cruzadas con Revestimiento de Titanio, 6 Velocidades, Pantalla LCD, 250W, 230V, Procesa de 1-8 Litros, ø71x(H)444mm",H222157,259,28,0.08%,0.35%,386,42,0.08%,0.36%,54.93%,23.53%,10,3,3.86%,10.71%,"1.127,54 €","343,89 €",10,3
B08Y8NS7PN,B08XZ8X815,"Arcos serie Maitre - juego de Cuchillos, 2 Pza, Cuchillo Cocina Profesional 150mm + Cuchillo universal 100mm, Acero Inoxidable, Rosa, Eco",814600_fmb,132,3,0.04%,0.04%,169,4,0.04%,0.03%,100.00%,100.00%,10,0,7.58%,0.00%,"179,90 €","0,00 €",10,0
B09FQ5SZK8,B0968LSP2T,"Arcos Utensilios Barbacoa - Cuchillo 200 mm y Tenedor 215 mm, Acero Inoxidable NITRUM, Mango Madera Ovengkol FSC, Set 2 Piezas, Embalaje Reciclado, Serie Nordika",167000_fbm,155,8,0.05%,0.10%,219,10,0.05%,0.09%,80.61%,75.00%,12,2,7.74%,25.00%,"600,70 €","99,98 €",10,2
B0CVH8PC99,B0CQRMMMR5,CUPERINOX Cuchillos Carne | Cuchillos Mesa | Cuchillos Chuleteros | 6 Piezas | Hoja Serrada | Mango Polipropileno | Acero Inoxidable | 11 cm,99921,146,10,0.05%,0.12%,188,16,0.04%,0.14%,100.00%,100.00%,10,3,6.85%,30.00%,"99,90 €","29,97 €",10,3
B0CVH8PC99,B0CQTJ6T66,"CUPERINOX® Cuchillos de Mesa Acero Inoxidable – Set Profesional 12 Piezas con Hoja Serrada de 11 cm y Mango Ergonómico Antideslizante – Para Carne, Verduras y Pescado",99901_12pzs,346,15,0.11%,0.19%,459,24,0.10%,0.21%,100.00%,100.00%,13,6,3.76%,40.00%,"153,47 €","69,54 €",10,3
B0DQV6381X,B0DQR3T9MM,CUPERINOX Jamonero Profesional | Jamonero Giratorio Inoxidable | Jamonero Plegable | Tabla Cortar Jamon | Jamonera | Soporte Jamon,SC_20250,458,8,0.14%,0.10%,647,11,0.14%,0.09%,100.00%,100.00%,10,0,2.18%,0.00%,"549,90 €","0,00 €",10,0
B0DK3CM34K,B07CBLHKLN,"HENDI Cartuchos de recarga de gas GLP para HENDI Cabezales de antorchas de cocina de llama continua 198247 y 198216, recambios para soplete, paquete de 4 unidades",H199039,60,11,0.02%,0.14%,90,23,0.02%,0.20%,95.00%,95.45%,10,3,16.67%,27.27%,"147,90 €","42,97 €",9,2
B0843DFZH2,B0843DFZH2,Arcos Set 5 Cuchillos Forjados Acero Inoxidable Nitrum,235024,288,13,0.09%,0.16%,467,23,0.10%,0.20%,56.96%,52.63%,9,1,3.13%,7.69%,"1.148,11 €","124,99 €",9,1
B08M99RZRV,B08M99RZRV,Arcos | Cuchillo Jamonero Cuchillo deshuesador | 2 Uds | Set cuchillos jamoneros 250 mm y cuchillo deshuesador (140 mm) jamonero profesional | cuchillo carnicero profesional | Eco,703800,397,9,0.12%,0.11%,502,14,0.11%,0.12%,100.00%,100.00%,9,1,2.27%,11.11%,"359,91 €","39,99 €",9,1
B09FQ5SZK8,B08MTWC7RD,Arcos Cuchillo Cocinero Acero Inoxidable Nitrum 210 mm,166800_fbm,429,13,0.13%,0.16%,574,19,0.12%,0.16%,75.53%,66.67%,9,1,2.10%,7.69%,"269,91 €","29,99 €",9,1
B0C4DTYRJW,B094QVHPQ8,Arcos Juego Cuchillos Cocina Profesionales| Cuchillos Cocina Profesional Set Cuchillos | Mango Negro (4 Piezas),813500FBM,661,12,0.21%,0.15%,892,22,0.19%,0.19%,99.87%,100.00%,9,1,1.36%,8.33%,"359,55 €","39,95 €",9,1
B0CVH8PC99,B0CQTKPL63,CUPERINOX Cuchillos Carne | Cuchillos Mesa | Cuchillos Chuleteros | 24 Piezas | Hoja Serrada | Mango Polipropileno | Acero Inoxidable | 11 cm,99901_24pzs,122,8,0.04%,0.10%,165,10,0.04%,0.09%,100.00%,100.00%,12,2,9.84%,25.00%,"237,88 €","39,98 €",9,2
B0DNNL2TZQ,B0DNN4J6Q8,"CUPERINOX Aceitera antigoteo cristal para Aceite de Oliva, Vinagre etc. A prueba de fugas, Aceitera cristal antigoteo tambien aceiteros cocina ideal para Ensaladas, BBQ, cooking oil container (125 ML)",22021_,422,20,0.13%,0.25%,570,21,0.12%,0.18%,99.42%,100.00%,13,2,3.08%,10.00%,"149,38 €","22,99 €",9,2
B0DPLG5V7Q,B0DWN63DN4,CUPERINOX Tazas de Espresso de Cristal - Vaso cafe - Vaso Cristal - 80ml (Set de 4) - Apto para Lavavajillas y Microondas - Aroma Series,26120_2packs,728,20,0.23%,0.25%,933,26,0.20%,0.22%,98.03%,100.00%,10,0,1.37%,0.00%,"159,90 €","0,00 €",9,0
B0DPLG5V7Q,B0DWN7MZ3R,CUPERINOX Vaso cafe - Tazas de Espresso de Cristal - - Vaso Cristal - 80ml (Set de 6) - Apto para Lavavajillas y Microondas - Aroma Series,26120_3packs,80,6,0.02%,0.07%,94,9,0.02%,0.08%,98.88%,100.00%,9,0,11.25%,0.00%,"161,91 €","0,00 €",9,0
B0F54LTCFF,B007TS67IU,"Arcos Cuchillo de Cocina Acero Inoxidable Nitrum 7""",281404_fbm,364,7,0.11%,0.09%,466,11,0.10%,0.09%,62.07%,83.33%,8,0,2.20%,0.00%,"130,00 €","0,00 €",8,0
B0F54LTCFF,B00J4L7FEU,Arcos Hachuela Macheta de Cocina Acero Inoxidable 160 mm,282404_us,682,11,0.21%,0.14%,"1,035",12,0.22%,0.10%,11.02%,12.50%,8,0,1.17%,0.00%,"198,00 €","0,00 €",8,0
B06XD39V8J,B06XD39V8J,VINFERMATON – Insecticida Cucarachas y Hormigas Residual 400 ml | Spray Efecto Duradero para Interior y Exterior | Profesional Doméstico | 100 % MADE IN SPAIN,V0012,"1,282",29,0.40%,0.36%,"1,886",35,0.41%,0.30%,41.91%,66.67%,9,2,0.70%,6.90%,"79,65 €","17,70 €",8,1
B071VT3MC3,B071VT3MC3,"Arcos Tijeras Manicura Curva de Acero Forjado, Uso Profesional y Doméstico, 102 mm, Niqueladas en Plata, Serie Style",500600_,40,0,0.01%,0.00%,57,0,0.01%,0.00%,76.00%,0.00%,8,1,20.00%,0.00%,"86,92 €","9,99 €",8,1
B0F4WTVT1Z,B09GPS4SQN,"HENDI Pasta combustible para Chafing Dish, 12 x 200 g",H194362,206,14,0.06%,0.17%,344,21,0.07%,0.18%,55.09%,33.33%,8,1,3.88%,7.14%,"166,80 €","20,85 €",8,1
B09MRYLZ4M,B09MRYLZ4M,Arcos Juego de Cuchillos de Cocina de 3 Piezas,167100_us,641,27,0.20%,0.34%,922,45,0.20%,0.39%,29.47%,32.00%,8,0,1.25%,0.00%,"551,20 €","0,00 €",8,0
B0B2RHJYHB,B0B2RHJYHB,"HENDI Cesta para Freír, 8L, 242x200x(H)140mm",H933664,213,28,0.07%,0.35%,311,41,0.07%,0.35%,65.81%,60.00%,8,1,3.76%,3.57%,"303,92 €","37,99 €",8,1
B0C2QFPLX9,B0C2QFPLX9,FAMILIA VINCARE (MULTIUSOS INDIVIDUAL),MULTIUSOS750ML,66,1,0.02%,0.01%,95,1,0.02%,0.01%,84.71%,100.00%,8,0,12.12%,0.00%,"78,62 €","0,00 €",8,0
B0D73CM824,B0D73CM824,"Arcos Cuchillo Mesa | Cuchillo Chuletero | Cuchillo Carne| Cuchillo de Mesa | Pack 12 Unidades| Hoja de Acero Inoxidable115 mm, Mango de Polipropileno Color Negro",740000,515,10,0.16%,0.12%,712,13,0.15%,0.11%,99.52%,100.00%,8,0,1.55%,0.00%,"244,61 €","0,00 €",8,0
B0DVT6KPDV,B0DT6ZPGVQ, ,27008,105,0,0.03%,0.00%,138,0,0.03%,0.00%,97.54%,0.00%,8,1,7.62%,0.00%,"95,72 €","11,79 €",8,1
B0F9X4NXL3,B0F9GJRSSJ,"CUPERINOX Cuchillos Mesa, cuchillo carne, cuchillo mantequilla, Set 6 piezas, acero inoxidable, hoja con filo y sierra, cuchillo untar. Apto lavavajillas. Mango ergonomico",20043-6,187,4,0.06%,0.05%,231,4,0.05%,0.03%,99.53%,100.00%,8,0,4.28%,0.00%,"79,92 €","0,00 €",8,0
B0F9X4NXL3,B0F9KW1V3K,"Cuchillos Mesa, cuchillo carne, cuchillo mantequilla, Set 12 piezas, acero inoxidable, hoja con filo y sierra, cuchillo untar. Apto lavavajillas. Mango ergonomico",20043--12,799,9,0.25%,0.11%,"1,082",15,0.23%,0.13%,99.70%,100.00%,9,0,1.13%,0.00%,"107,91 €","0,00 €",8,0
B0FBRQYHVM,B0FBRLQK47,"CUPERINOX Ventilador Portatil, Camping, Exterior, Playa, Piscina, Festival| 5+ cargas movil| +48H de bateria | 20000mAh| Powerbank, Luz led, Mando a distancia y Temporizador",A270001,944,40,0.29%,0.50%,"1,337",57,0.29%,0.49%,99.56%,100.00%,8,0,0.85%,0.00%,"419,92 €","0,00 €",8,0
B017HKR8WS,B005LRSIK6,ARCOS Afilador de Bolsillo Profesional,610200_fbm,529,19,0.16%,0.24%,713,25,0.15%,0.21%,17.69%,23.08%,7,0,1.32%,0.00%,"264,25 €","0,00 €",7,0
B008U6TRGO,B008U6TRGO,"Arcos Cuchillos mesa - Cuchillo carne Acero Inoxidable Nitrum, Hoja, mango marrón madera -erie Mesa, duradero y apto para lavavajillas (7'')",809300_1Pieza,182,5,0.06%,0.06%,255,12,0.06%,0.10%,52.63%,71.43%,13,2,7.14%,40.00%,"64,87 €","9,98 €",7,1
B0822MXSQQ,B00D3LF7EC, ,277000_fbm,391,10,0.12%,0.12%,633,18,0.14%,0.15%,22.92%,16.67%,7,0,1.79%,0.00%,"167,93 €","0,00 €",7,0
B00W9SPO5M,B00W9SPO5M,Arcos Tijeras de Modista de Acero Forjado 178 mm - Uso Profesional y Doméstico - Niqueladas en Plata - Serie Style,504200,59,3,0.02%,0.04%,89,3,0.02%,0.03%,100.00%,100.00%,7,0,11.86%,0.00%,"101,43 €","0,00 €",7,0
B071LGMGHG,B071LGMGHG,Arcos Tijeras de Manicura Rectas de Acero Forjado 102 mm - Uso Profesional y Doméstico - Niqueladas Plata - Serie Style,501100,64,3,0.02%,0.04%,82,5,0.02%,0.04%,98.70%,100.00%,7,1,10.94%,33.33%,"69,93 €","9,99 €",7,1
B08S87M447,B07BMGMVY4,Arcos Serie Riviera Rose - Cuchillo Cocinero - Hoja de Acero Inoxidable Forjado NITRUM 200 mm - Mango de Polioximetileno (POM) Color Rosa,233654_,79,3,0.02%,0.04%,128,3,0.03%,0.03%,95.41%,100.00%,7,0,8.86%,0.00%,"244,93 €","0,00 €",7,0
B0DN1WHKRN,B07MTQ5695,HENDI Batidora de Mano para Uso Profesional con Velocidad Ajustable,H222140,258,34,0.08%,0.42%,393,48,0.09%,0.41%,39.26%,22.45%,7,4,2.71%,11.76%,"1.117,72 €","638,47 €",7,4
B08JCVQ4QL,B08JCVQ4QL,"Arcos Series Niza - Juego de Cuchillos Cocina, 6 Piezas, Cuchillos Verduras 110 mm, + Cuchillo Mesa, Envase 100% Ecológico, Acero Inoxidable NITRUM",809400,424,7,0.13%,0.09%,605,7,0.13%,0.06%,99.81%,100.00%,8,0,1.89%,0.00%,"159,92 €","0,00 €",7,0
B08LVZCG23,B08LVZCG23,Arcos Juego de Cuchillos de Cocina Rosa | 3 pz | Cuchillo Chef para pelar Verduras | Edición Limitada | Solidaria,814500,402,6,0.12%,0.07%,625,9,0.14%,0.08%,99.63%,100.00%,7,1,1.74%,16.67%,"208,93 €","28,99 €",7,1
B08VRP7CR7,B08MTXC14T,Arcos Juego Cuchillos Carne | 6 Piezas | Cuchillos Carne Cuchillo chuleteros | Cubiertos Acero Inoxidable | Hoja 110 mm | Mango Redondo y Forma Ovalada | monobock | Caja Envase Ecológico (6 unidades),809900,153,0,0.05%,0.00%,223,0,0.05%,0.00%,100.00%,0.00%,7,0,4.58%,0.00%,"195,93 €","0,00 €",7,0
B08VS4FCLN,B09HBWSBN1,"Arcos Juego Cuchillos Cocina cuchillo blanco cuchillos | cuchillos cocina Maitre | 5 piezas | Chef 215 mm, Cocina 150 mm, Verduras 100 mm Tijera cocina (Negro + Jamonero)",854100,107,3,0.03%,0.04%,150,3,0.03%,0.03%,100.00%,100.00%,7,0,6.54%,0.00%,"349,93 €","0,00 €",7,0
B0C65FDB33,B0C65FDB33,Arcos Serie Samoa | Batería de Cocina 5 piezas | Aluminio Forjado | Full Inductino | Asas Acero Inoxidable Efecto Frio | Sistema ahorro energético | Apta lavavajillas | Color Negro,697500,211,3,0.07%,0.04%,340,5,0.07%,0.04%,96.36%,100.00%,7,0,3.32%,0.00%,"1.328,25 €","0,00 €",7,0
B0CN13SJ98,B0CN13SJ98,"HENDI Expositor con cubierta deslizante roll-top, Doble",H871768,269,18,0.08%,0.22%,399,28,0.09%,0.24%,39.28%,28.57%,7,1,2.60%,5.56%,"334,25 €","47,75 €",7,1
B0DPLG5V7Q,B0DPJBBJC4,"CUPERINOX® Tazas de Café Espresso de Cristal – Set 2 80ml- Aptas para lavavajillas- Resistentes al Calor – Tazas Bonitas de Café, Té Originales y Elegantes – Aroma Series",26120_,75,4,0.02%,0.05%,84,4,0.02%,0.03%,96.10%,100.00%,9,3,12.00%,75.00%,"104,19 €","32,25 €",7,1
B0DPLG5V7Q,B0DPJDWB77,CUPERINOX Tazas de Capuccino de Cristal - Vaso cafe - Vaso Cristal - 200ml (Set de 2) - Apto para Lavavajillas y Microondas - Aroma Series,26121_,106,3,0.03%,0.04%,135,3,0.03%,0.03%,100.00%,100.00%,15,0,14.15%,0.00%,"209,85 €","0,00 €",7,0
B017HKG9PK,B0044R87VO,Arcos Maitre - Cuchillo Jamonero Flexible - Acero Inoxidable NITRUM 275 mm - Mango Polipropileno negro,151200,757,12,0.24%,0.15%,839,14,0.18%,0.12%,81.97%,80.00%,7,0,0.92%,0.00%,"111,93 €","0,00 €",6,0
B017HKG9PK,B0044R87ZU,Arcos Cuchillo Cocina Acero Inoxidable Nitrum y Hoja 180 mm. Cuchillo Utilidad Profesional. Mango ergonómico polioximetileno Pom. Serie Maitre. Color Negro.,150800_fbm,"1,147",16,0.36%,0.20%,"1,454",18,0.32%,0.15%,9.24%,0.00%,6,0,0.52%,0.00%,"79,72 €","0,00 €",6,0
B0F1ZF7H1L,B005LR68DU,Arcos Cuchillo Jamonero con Alveolos 250 mm,231000_,505,15,0.16%,0.19%,714,22,0.16%,0.19%,37.12%,26.67%,6,0,1.19%,0.00%,"200,94 €","0,00 €",6,0
B0752V8D5V,B00I9XTGJ6,ARCOS Taco Redondo Protector de Cuchillos Caucho Termoplástico 225 mm,794000,153,2,0.05%,0.02%,235,2,0.05%,0.02%,42.35%,0.00%,6,0,3.92%,0.00%,"149,94 €","0,00 €",6,0
B00I9XTKI8,B00I9XTKI8,ARCOS Taco Ovalado Protector de Cuchillos hasta 20 cm,794100_,637,12,0.20%,0.15%,980,22,0.21%,0.19%,19.61%,8.33%,6,0,0.94%,0.00%,"156,37 €","0,00 €",6,0
B00MDK1EBE,B00MDK1EBE,"Arcos Cuchillo Utilitario Acero Inoxidable Nitrum 5""",100600_fbm,149,6,0.05%,0.07%,245,16,0.05%,0.14%,19.51%,0.00%,15,0,10.07%,0.00%,"89,85 €","0,00 €",6,0
B0F66KBPV1,B07N7Y7LD9,HENDI Cesta de lavavajillas Profesional para Vasos,H871348,179,21,0.06%,0.26%,247,33,0.05%,0.28%,47.51%,4.00%,6,0,3.35%,0.00%,"130,94 €","0,00 €",6,0
B0F147RFRT,B07N8S366Z,Arcos Cuchillo Cocina Forjado en Acero Inoxidable. Hoja Plateada 210 mm. Cuchillo Chef con Mango Profesional Micarta y Borde de Seda Especial. Serie Brooklyn. Color Azul.,190623_,350,5,0.11%,0.06%,494,5,0.11%,0.04%,96.33%,100.00%,6,0,1.71%,0.00%,"281,94 €","0,00 €",6,0
B07NDTGSY3,B07NDTGSY3,Arcos Serie Brooklyn - Cuchillo Rocking Santoku Cuchillo Asiático - Hoja de Acero Inoxidable Forjado NITRUM 190 mm - Mango de Micarta Color Azul (Filo Seda),191623_fbm,200,2,0.06%,0.02%,266,2,0.06%,0.02%,99.14%,100.00%,6,1,3.00%,50.00%,"237,60 €","39,49 €",6,1
B0812P3LZT,B0812P3LZT,"Arcos Nova - Set 3 Cuchillos Mantequilla - Acero Inoxidable 70 mm - Mango en color menta, naranja y limon",859900,178,5,0.06%,0.06%,253,5,0.05%,0.04%,99.09%,0.00%,6,0,3.37%,0.00%,"65,94 €","0,00 €",6,0
B09MSDJQJ1,B08M3B43J6,"Arcos | Juego Cuchillo Jamonero 3 Pzas | jamonero Acero Inoxidable (240 mm), afilador Chaira y Cubre jamón | Juego Cuchillos jamonero Profesional | Paleta ibérica | Eco",704300_fbm,206,2,0.06%,0.02%,288,2,0.06%,0.02%,100.00%,100.00%,6,0,2.91%,0.00%,"179,34 €","0,00 €",6,0
B09DPRCMTF,B08MW2GWPC,Arcos Juego Cuchillos Carne | Cuchillo chuleteros | Cuchillos Carne Cuchillos Mesa | 6 Uds | Hoja 110 mm | Acero Inoxidable | Mango Nylon | Apto lavavajillas | Envase Ecológico (Filo Serrado),816400fba,205,4,0.06%,0.05%,270,4,0.06%,0.03%,100.00%,100.00%,8,1,3.90%,25.00%,"159,92 €","19,99 €",6,1
B08NW1VQRT,B08NW1VQRT,CUPERINOX Navaja para Setas y Champiñones | Acero Inoxidable | Con Cepillo y Funda Incluida | Micológica,PE2181,269,5,0.08%,0.06%,374,5,0.08%,0.04%,100.00%,100.00%,8,0,2.97%,0.00%,"83,92 €","0,00 €",6,0
B08ZNM265D,B08ZNM265D,Arcos | cuchillos de mesa cuchillo mesa tradicional | 6 Piezas cuchillo chuletero | mango nailon | Envase Eco | Fabricado en España,704400_fba,204,6,0.06%,0.07%,304,10,0.07%,0.09%,99.63%,100.00%,6,0,2.94%,0.00%,"161,94 €","0,00 €",6,0
B08J488ZQG,B0987N2CBR,Arcos Juego Cuchillos Carne | 6 Piezas | Cuchillos carne cuchillo chuleteros | cubiertos acero inoxidable | Hoja 110 mm | mango monobloque | aptos lavavajillas | Caja Envase Ecológico,814000FBM,689,16,0.21%,0.20%,833,20,0.18%,0.17%,99.61%,100.00%,7,2,1.02%,12.50%,"193,13 €","53,18 €",6,1
B09N7S17J6,B09D3YRGL9,"CUPERINOX Navaja Plegable Multiusos – Hoja de Acero Inoxidable 80 mm (Filo Liso + Serrado), Punta Rompevidrios, Apertura Rápida, Clip de Cinturón, Herramienta para Camping, Caza, Pesca y Supervivencia",30061_solo_navaja,909,14,0.28%,0.17%,"1,327",22,0.29%,0.19%,97.86%,100.00%,6,0,0.66%,0.00%,"60,79 €","0,00 €",6,0
B09F9MH34D,B09F9MH34D,"Arcos Serie Cuchillos de Mesa Chuleteros, Mango de Polipropileno, Hoja 110 mm, Apto para Lavavajillas, Negro, 6 Piezas",805109_6piezas,127,3,0.04%,0.04%,169,4,0.04%,0.03%,100.00%,100.00%,7,1,5.51%,33.33%,"97,93 €","13,99 €",6,1
B0CYTKGNPM,B0CW68KM18,Pelador de Cocina ARCOS - Hoja de Acero Inoxidable | Mango Ergonómico | Herramienta Versátil para Pelar Frutas y Verduras,607300_,972,21,0.30%,0.26%,"1,169",26,0.25%,0.22%,84.72%,89.47%,6,0,0.62%,0.00%,"50,94 €","0,00 €",6,0
B0D4WK78XV,B0D4WK78XV,CUPERINOX Aceiteras para Aceite Usado | Grasera Acero Inoxidable 550ML con Filtro Metálico | Recipiente para Aceite Usado de Cocina y Grasa | Grasera Cocina Metálica 550ML 2Uds Metálico,22105y22106,"1,813",33,0.56%,0.41%,"2,619",47,0.57%,0.40%,69.35%,69.23%,6,0,0.33%,0.00%,"71,94 €","0,00 €",6,0
B0DNNKT1W2,B0DNNFJ5J7,"Cuperinox-Tetera de Cristal con Infusor para Té e Infusiones, Resistente al Calor y Compatible con Microondas ** - Infusion Prestige Collection (350 ml)",26110_,100,8,0.03%,0.10%,144,17,0.03%,0.15%,95.97%,100.00%,6,0,6.00%,0.00%,"89,94 €","0,00 €",6,0
B0DPKXM18X,B0DNQX2BZN,"CUPERINOX Soporte Jamonero Plegable | Jamonero Giratorio | Jamonero de Bambú con Cuchillo Profesional, Afilador y Funda para Jamón | Elite Collection",20270_fbm,404,10,0.13%,0.12%,483,11,0.10%,0.09%,99.07%,100.00%,6,0,1.49%,0.00%,"299,94 €","0,00 €",6,0
B0DQV6381X,B0DQRF2HZK,CUPERINOX Jamonera Inoxidable | Jamonero | Soporte Jamonero | Tabla Jamon Inoxidable | Facil Montaje | Tabla Jamon Profesional,SC_20260,257,5,0.08%,0.06%,326,5,0.07%,0.04%,100.00%,100.00%,6,0,2.33%,0.00%,"137,94 €","0,00 €",6,0
B0FHKR4Q45,B0FHKR4Q45,VINFERMATON – Insecticida Cucarachas y Hormigas | Antihormigas Instantáneo Pack 3×300 ml | Spray Eliminador Insectos Rastreros Interior y Exterior | Acción Rápida Profesional | MADE IN SPAIN,V101302_PACK3,56,0,0.02%,0.00%,79,0,0.02%,0.00%,97.10%,0.00%,6,0,10.71%,0.00%,"77,94 €","0,00 €",6,0
B0752SPHL9,B005LR6W8Q,Arcos Maitre Set 5 Cuchillos Acero Inoxidable Nitrum,152000_,301,11,0.09%,0.14%,412,15,0.09%,0.13%,89.33%,92.31%,5,0,1.66%,0.00%,"309,95 €","0,00 €",5,0
B005LR749W,B005LR749W,"ARCOS Juego de Cubiertos de 24 Piezas para Mesa. Cuberterí­a Completa para 6 Personas. Set de 6 Cucharas, 6 Cuchillos, 6 Tenedores y 6 Cucharas de Postre. Serie Berlí­n. Color Plata",562400_fbm,255,10,0.08%,0.12%,330,13,0.07%,0.11%,90.43%,81.82%,8,3,3.14%,30.00%,"671,52 €","251,82 €",5,1
B08L8QY8T9,B007TS6GPE,"Arcos Juego de Cuchillos de Cocina cuatro piezas. 3 Cuchillos chef y 1 tijeras Acero Inoxidable y mango ergonómico polioximetileno para cortar carne, pescado y verduras. Serie Maitre. Color negro.",152600_fbm,"1,869",38,0.58%,0.47%,"2,610",56,0.57%,0.48%,8.72%,2.63%,5,1,0.27%,2.63%,"189,95 €","37,99 €",5,1
B00CWZOIIQ,B00CWZOIIQ,"Arcos Cuchillos Mesa - Cuchillo Carne Mesa - Monobloque unaola pieza Acero Inoxidable 4"" - Corta chuletas o bistecs con precisión, facilidad y rapidez -erie Monobloque - Color Plateado",375500_1pza_fbm,105,6,0.03%,0.07%,154,19,0.03%,0.16%,82.39%,75.00%,15,4,14.29%,66.67%,"97,55 €","25,96 €",5,1
B00D3LCFRE,B00D3LCFRE,Arcos Tijeras Multiusos de Acero Inoxidable 210 mm - Costura y Tejidos - Mango ABS Gris - Serie Deluxe,521000_fbm,42,3,0.01%,0.04%,64,3,0.01%,0.03%,98.18%,100.00%,5,0,11.90%,0.00%,"119,95 €","0,00 €",5,0
B07TXLKG42,B00GZR3MKM,"HENDI Freidora eléctrica, T ajustable hasta 190°C, termostato de seguridad, zona fría, con tapa y cesta de freír, tanque de aceite extraíble, 8L, 230V, 3500W, 265x430x(H)345mm, acero inoxidable",H205822,129,18,0.04%,0.22%,209,30,0.05%,0.26%,61.98%,28.00%,5,0,3.88%,0.00%,"824,95 €","0,00 €",5,0
B00VRZ1YJI,B00VRZ1YJI,Arcos Tijeras Modista Acero Forjado 190 mm - Uso Doméstico y Profesional - Niqueladas Plata - Serie Style,504300,42,1,0.01%,0.01%,61,1,0.01%,0.01%,100.00%,100.00%,5,0,11.90%,0.00%,"69,95 €","0,00 €",5,0
B00VRZ327A,B00VRZ327A,Arcos Tijeras Costura Acero Forjado 152 mm - Uso Doméstico y Profesional - Niqueladas Plata - Serie Style,502400,24,0,0.01%,0.00%,44,0,0.01%,0.00%,94.59%,0.00%,5,0,20.83%,0.00%,"59,95 €","0,00 €",5,0
B06XB92VRH,B00YU2ZS1A,CUPERINOX Cafetera Italiana Induccion Espresso Acero Inoxidable 6 Tazas,25033,117,1,0.04%,0.01%,156,2,0.03%,0.02%,87.31%,0.00%,5,0,4.27%,0.00%,"89,50 €","0,00 €",5,0
B06XB92VRH,B00YU2ZWGG,CUPERINOX Cafetera Italiana Induccion Espresso Acero Inoxidable 10 Tazas,25034_fbm,361,7,0.11%,0.09%,525,7,0.11%,0.06%,99.37%,100.00%,5,1,1.39%,14.29%,"99,95 €","19,99 €",5,1
B017DLL2KA,B017DLL2KA,"Arcos Regia Cuchillos Mesa Carne Nitrum POM Negro-Oro 4,5 pulg",375000_1Pieza,123,5,0.04%,0.06%,196,5,0.04%,0.04%,63.19%,33.33%,15,0,12.20%,0.00%,"179,85 €","0,00 €",5,0
B0937XXT33,B01CQT1B5U,"Arcos Cuchillos de Mesa Juego de Cuchillos Chuleteros Cuchillos de Mesa, Monoblock de una pieza de Acero Inoxidable 110 mm, Color Plata (12 uds)",702000_us,484,14,0.15%,0.17%,743,20,0.16%,0.17%,85.42%,100.00%,5,0,1.03%,0.00%,"239,95 €","0,00 €",5,0
B0F5L5VJM5,B0719K21HP,Arcos Tenazas de Marisco Acero Inoxidable 185 mm,606400_,157,10,0.05%,0.12%,256,22,0.06%,0.19%,14.86%,6.25%,8,4,5.10%,40.00%,"151,92 €","71,96 €",5,1
B078KJ1T6G,B078JPWR5J,"Arcos 807600 Juego de Cuchillos, Acero Inoxidable, Blanco, 45x20x5 cm, 3 Unidades",807600_,437,6,0.14%,0.07%,524,6,0.11%,0.05%,98.09%,100.00%,5,0,1.14%,0.00%,"349,95 €","0,00 €",5,0
B0FD46SGNM,B07D8H2FNG,Arcos Manhattan Cuchillo Pelador Forjado Acero Inoxidable 100 mm,160100_,104,0,0.03%,0.00%,141,0,0.03%,0.00%,86.49%,0.00%,5,0,4.81%,0.00%,"117,45 €","0,00 €",5,0
B0FD46SGNM,B07D8XC7NL,"Arcos Cuchillo Chef Forjado Acero Inoxidable NITRUM - Profesional Cocina, Mango Ergonómico POM Negro, Hoja Silk Edge 250 mm, Serie Manhattan",160800_,170,2,0.05%,0.02%,238,5,0.05%,0.04%,96.24%,100.00%,5,1,2.94%,50.00%,"224,95 €","44,99 €",5,1
B07F6C8L9T,B07F6C8L9T,ARCOS Sacacorchos Eléctrico ABS Batería Recargable Plata,604900_,342,8,0.11%,0.10%,471,19,0.10%,0.16%,26.60%,55.56%,5,1,1.46%,12.50%,"219,68 €","42,99 €",5,1
B07G76NW26,B07G76NW26,"Arcos Serie Cuchillos de Mesa Caja 12 uds Cuchillo Mesa, Hoja Serrada de Acero Inoxidable de 125 mm, Cuchillo Monoblock Acero Inoxidable Color plata (12 UDS)",460400_fbm,116,1,0.04%,0.01%,174,1,0.04%,0.01%,100.00%,100.00%,5,0,4.31%,0.00%,"199,95 €","0,00 €",5,0
B0F4X5PQYD,B07PRXR5XR,"HENDI Cesta de lavavajillas Profesional para Vasos, Formato Cuadrado, Estructura Abierta para circulación de Agua, 405x405x(H) 150mm, Polipropileno",H871331,51,3,0.02%,0.04%,80,3,0.02%,0.03%,29.33%,0.00%,6,0,11.76%,0.00%,"124,50 €","0,00 €",5,0
B0CYTKGNPM,B0843Q6L5P,ARCOS Pelador Profesional Acero Inoxidable Cromado 130 mm,607000_,"2,958",83,0.92%,1.03%,"4,611",133,1.00%,1.14%,0.26%,4.21%,7,7,0.24%,8.43%,"36,53 €","36,53 €",5,5
B09KJLG7BT,B098TFPYLY,CUPERINOX Jamonero profesional Gondola | tabla jamon | Cuchillo Jamonero Alveolos Acero Inox + Cubre Jamón Universal | Set cortar jamón (3 PZAS) | Sujeta jamones | tabla jamonero,20228_,78,6,0.02%,0.07%,103,7,0.02%,0.06%,100.00%,100.00%,5,0,6.41%,0.00%,"174,95 €","0,00 €",5,0
B0CQ5G2HVQ,B09T6KZ499,"Arcos Sarten Antiadherente 32 cm - Aluminio Forjado, Full Induction, Mango Acero Inoxidable Efecto Frío, Apta Lavavajillas, Ahorro Energético, Serie Samoa",716710,76,3,0.02%,0.04%,120,4,0.03%,0.03%,85.86%,50.00%,5,0,6.58%,0.00%,"249,75 €","0,00 €",5,0
B0C5JNCFL4,B0C5JNCFL4,Arcos Serie Milano - Cubertería de 24 piezas en Caja de Regalo (6 Cuchillos + 12 Cucharas + 6 Tenedores) - Monoblock de una pieza en Acero Inoxidable - Color Plata,542000,194,8,0.06%,0.10%,261,13,0.06%,0.11%,89.18%,70.00%,7,1,3.61%,12.50%,"524,93 €","74,99 €",5,1
B0DNNL2TZQ,B0DNNFGWNJ,"CUPERINOX Aceitera de Cristal Antigoteo para Aceite de Oliva, Resistente y Fácil de Limpiar Gourmet Oil Collection (500 Ml)",22023_,180,15,0.06%,0.19%,240,28,0.05%,0.24%,100.00%,100.00%,5,2,2.78%,13.33%,"71,20 €","25,98 €",5,2
B0FJLTDB9J,B0F9L19CF8,Set de Cortauñas Profesional,A10002,38,0,0.01%,0.00%,53,0,0.01%,0.00%,100.00%,0.00%,5,0,13.16%,0.00%,"34,95 €","0,00 €",5,0
B0FDKX6V41,B0FDKX6V41,VINFERMATON – Insecticida Moscas y Mosquitos Perfume Limón Pack 2×600 ml | Spray Eliminador Insectos Voladores Interior y Exterior | Acción Inmediata Profesional | 100% MADE IN SPAIN,V0009_PACK2,95,6,0.03%,0.07%,128,6,0.03%,0.05%,82.35%,100.00%,5,1,5.26%,16.67%,"59,95 €","11,99 €",5,1
B096SHJ82T,B0044R8868,Arcos Juego de 12 Cubiertos para Mesa. Set de 6 Cuchillos Chuleteros y 6 Tenedores en Madera de Haya y Acero Inoxidable. Estuche para Carne. Serie Mesa. Color Marrón,377700_fbm,606,17,0.19%,0.21%,851,21,0.18%,0.18%,24.23%,55.56%,4,0,0.66%,0.00%,"187,96 €","0,00 €",4,0
B0F1ZF7H1L,B005LR65BK,Arcos Cuchillo Negro 100 mm,230200_,533,12,0.17%,0.15%,757,16,0.16%,0.14%,13.47%,18.18%,4,0,0.75%,0.00%,"79,96 €","0,00 €",4,0
B0BSKCJNDM,B005LR72I0,Arcos Niza Cuchillo Jamonero Flexible Acero Inoxidable 230 mm,135600_fba,57,0,0.02%,0.00%,64,0,0.01%,0.00%,59.02%,0.00%,4,0,7.02%,0.00%,"43,96 €","0,00 €",4,0
B007TS6GW2,B007TS6GW2,Arcos Chairas - Chaira Afilador manual de cuchillos - Cuerpo de Acero al Carbono recubierto de Diamante de 280 mm - Mango de Polipropileno color negro,279202_,131,4,0.04%,0.05%,214,6,0.05%,0.05%,68.29%,16.67%,4,0,3.05%,0.00%,"159,96 €","0,00 €",4,0
B0B3F4QXML,B008U6T7Q4,Arcos Clásica Cuchillo Santoku Forjado Acero Inoxidable Nitrum 180 mm,256600_fmb,"1,303",17,0.40%,0.21%,"1,546",22,0.34%,0.19%,29.93%,23.08%,4,0,0.31%,0.00%,"119,96 €","0,00 €",4,0
B0B3F4QXML,B008U6TDTK,Arcos Serie Clasica - Juego de Cuchillos de 5 piezas en Caja de Regalo (5 Cuchillos) - Hoja de Acero Inoxidable Forjado NITRUM - Mando de Polioximetileno (POM) - Bloque de madera color marrón acabado lacado,257000,583,15,0.18%,0.19%,785,20,0.17%,0.17%,89.18%,72.73%,5,2,0.86%,13.33%,"724,95 €","289,98 €",4,1
B0B3F4QXML,B008U6TDTK,Arcos Serie Clasica - Juego de Cuchillos de 5 piezas en Caja de Regalo (5 Cuchillos) - Hoja de Acero Inoxidable Forjado NITRUM - Mando de Polioximetileno (POM) - Bloque de madera color marrón acabado lacado,257000_2,583,15,0.18%,0.19%,785,20,0.17%,0.17%,89.18%,72.73%,4,0,0.69%,0.00%,"579,96 €","0,00 €",4,0
B017HKRCGK,B00BHZPGHO,ARCOS Bolsa Portacuchillos para 17 Piezas Poliéster Negra,691400_,183,6,0.06%,0.07%,245,6,0.05%,0.05%,94.95%,100.00%,4,0,2.19%,0.00%,"179,96 €","0,00 €",4,0
B0F54LTCFF,B00BHZPO3K,Arcos Cuchillo para Queso Acero Inoxidable NITRUM 145 mm,281604_fbm,468,14,0.15%,0.17%,730,19,0.16%,0.16%,8.94%,0.00%,4,0,0.85%,0.00%,"83,34 €","0,00 €",4,0
B00CWZQJZG,B00CWZQJZG,"Arcos Cuchillos Mesa - Cuchillo Carne Mesa - Monobloque unaola pieza Acero Inoxidable 4"" - Color Plateado - Corta todo tipo carne conimplicidad y practicidad -erie Monobloque - Color Gris",702000_1pza_fba,66,3,0.02%,0.04%,88,3,0.02%,0.03%,100.00%,100.00%,15,0,22.73%,0.00%,"74,85 €","0,00 €",4,0
B07TXLKG42,B00GZR3LR6,"HENDI Freidora eléctrica, T ajustable hasta 190°C, termostato de seguridad, zona fría, con tapa y cesta de freír, tanque de aceite extraíble, 6L, 230V, 3300W, 265x430x(H)290mm, acero inoxidable",H205815,50,5,0.02%,0.06%,67,7,0.01%,0.06%,78.69%,100.00%,4,1,8.00%,20.00%,"623,00 €","155,75 €",4,1
B00VRZ3BMG,B00VRZ3BMG,Arcos Tijeras Costura Acero Forjado 140 mm - Uso Doméstico y Profesional - Niqueladas Plata - Serie Style,502300_,31,1,0.01%,0.01%,41,1,0.01%,0.01%,100.00%,0.00%,5,0,16.13%,0.00%,"54,95 €","0,00 €",4,0
B017HKSR4G,B00WUZRKJW,Arcos Cuchillos de Mesa - Hoja de Acero Inoxidable Nitrum 110 mm - Mango Ergonómico de Polipropileno - Ideal para Comedor - Color Crema - Serie Elegance,802900,882,14,0.27%,0.17%,"1,513",30,0.33%,0.26%,7.91%,7.41%,12,0,1.36%,0.00%,"41,93 €","0,00 €",4,0
B0C4DTYRJW,B071LGMMGV,Arcos Juego Cuchillos Cocina Profesionales| Cuchillos Cocina Profesional Set Cuchillos | Mango Negro (3 Piezas),862600_,828,12,0.26%,0.15%,"1,237",18,0.27%,0.15%,98.91%,100.00%,4,1,0.48%,8.33%,"159,96 €","39,99 €",4,1
B072FHSBJR,B072FHSBJR,Arcos Nova Set 3 Cuchillos Peladores Acero Verde,189621,32,0,0.01%,0.00%,39,0,0.01%,0.00%,80.56%,0.00%,4,0,12.50%,0.00%,"41,96 €","0,00 €",4,0
B0F1N351DY,B073V3CYRF,Arcos Cuchillo Mondador de 4 Pulgadas con Hoja de 100mm en Acero Inoxidable y Mango de Polipropileno. Cuchillos de Cocina para Pelar Apto para Lavavajillas. Serie Nova. Color Turquesa,188632_,456,4,0.14%,0.05%,564,4,0.12%,0.03%,96.00%,100.00%,8,0,1.75%,0.00%,"47,92 €","0,00 €",4,0
B078GYCH1G,B078GYCH1G,Tenedor de marisco - 6 unid,20023,20,2,0.01%,0.02%,34,4,0.01%,0.03%,100.00%,100.00%,6,0,30.00%,0.00%,"77,94 €","0,00 €",4,0
B0FD46SGNM,B07D8GYFC7,"Arcos Cuchillo Chef Forjado Acero Inoxidable NITRUM - Profesional Cocina, Mango Ergonómico POM Negro, Hoja Silk Edge 150 mm, Serie Manhattan",160400_,211,6,0.07%,0.07%,277,7,0.06%,0.06%,94.29%,100.00%,4,0,1.90%,0.00%,"129,96 €","0,00 €",4,0
B0FD46SGNM,B07DC9LM3W,"Arcos Cuchillo Panadero Profesional - Hoja Silk Edge 200 mm en Acero Inoxidable Nitrum, Corte Preciso y Duradero, Ideal para Pan y Pasteles, Diseño Elegante y Seguro, Serie Manhattan",161300_,62,0,0.02%,0.00%,81,0,0.02%,0.00%,68.75%,0.00%,4,0,6.45%,0.00%,"127,96 €","0,00 €",4,0
B0FD46SGNM,B07JJGXYZD,Arcos Set Cocina Serie Manhattan,858100,321,8,0.10%,0.10%,449,9,0.10%,0.08%,94.33%,100.00%,4,0,1.25%,0.00%,"327,96 €","0,00 €",4,0
B0F147RFRT,B07N8V34F1,"Arcos Cuchillo Santoku Acero Inoxidable Forjado con Balanceo, Mango Micarta y BorSeda Especial y Hoja Plateada 190 mm. Impresiona yorprencon Cada Corte. Serie Brooklyn. Color Azul.",191623_,168,4,0.05%,0.05%,227,9,0.05%,0.08%,87.71%,100.00%,4,0,2.38%,0.00%,"179,96 €","0,00 €",4,0
B0FD46SGNM,B07N8V3SNH,"Arcos Cuchillo Tomate Forjado Acero Inoxidable 130 mm - Mango Ergonómico POM Negro, Borde Serrado para Rebanadas Perfectas - Serie Manhattan, Calidad Profesional",162000_,94,1,0.03%,0.01%,125,1,0.03%,0.01%,96.04%,100.00%,4,0,4.26%,0.00%,"97,00 €","0,00 €",4,0
B0FD46SGNM,B07N8W79GH,Arcos Manhattan Cuchillo Tallado Acero Inoxidable Nitrum 300 mm,162300_,63,0,0.02%,0.00%,82,0,0.02%,0.00%,90.41%,0.00%,6,0,9.52%,0.00%,"223,16 €","0,00 €",4,0
B092TQ1P72,B07NDSZJQY,"Arcos Serie Cuchillos de Mesa Caja 12 uds Cuchillo Chuletero, Hoja Serrada de Acero Inoxidable NITRUM de 115 mm, Mango Polioximetileno Color negro (12 UDS)",374800_12piezas,36,0,0.01%,0.00%,42,0,0.01%,0.00%,100.00%,0.00%,4,0,11.11%,0.00%,"299,96 €","0,00 €",4,0
B0F147RFRT,B0843DNN57,Arcos Set Cuchillos Forjados 4 piezas (3 Cuchillos + 1 tijeras) - Acero Inoxidable Forjado NITRUM - Mango Micarta - Bloques Madera Color Azul. Serie Brooklyn. Impresiona yorprencon Cada Corte.,194000_,190,7,0.06%,0.09%,259,11,0.06%,0.09%,86.12%,100.00%,4,0,2.11%,0.00%,"439,96 €","0,00 €",4,0
B09KJLG7BT,B098K898SC,CUPERINOX Soporte Jamonero | Jamonero Profesional | Cuchillo Jamonero madera + Funda Jamon | Tabla Jamonera,20226,135,3,0.04%,0.04%,183,5,0.04%,0.04%,99.38%,100.00%,4,0,2.96%,0.00%,"99,96 €","0,00 €",4,0
B09MSDJQJ1,B09MM5CH6C,Arcos jamonero profesional alveolos | incluye pinza para jamón | cuchillo jamonero cuchillo jamonero alveolos cuchillos profesional| Acero Inoxidable Nitrum 240 mm,856200,91,1,0.03%,0.01%,119,1,0.03%,0.01%,100.00%,100.00%,4,0,4.40%,0.00%,"119,96 €","0,00 €",4,0
B0CQ5G2HVQ,B09T6G47Z6,"Arcos Sarten Antiadherente 26 cm - Aluminio Forjado, Full Induction, Mango Acero Inoxidable Efecto Frío, Apta Lavavajillas, Ahorro Energético, Serie Samoa",716410,49,2,0.02%,0.02%,67,3,0.01%,0.03%,81.03%,100.00%,4,0,8.16%,0.00%,"154,00 €","0,00 €",4,0
B0B42QTHTP,B0B42QTHTP,CUPERINOX | Tijeras de pescado 18 cm | Tijeras Cocina | tijeras de cocinero profesional para aves pescado carne caza| Accesorios de cocina,21991_,50,1,0.02%,0.01%,68,1,0.01%,0.01%,100.00%,100.00%,4,0,8.00%,0.00%,"25,00 €","0,00 €",4,0
B0CQ5G2HVQ,B0BRNJF5D2,Arcos Serie Samoa | Lote de Sartenes 20 y 24 cm | Aluminio Forjado | Full Induction | Mango Acero Inoxidable Efecto Frio | Sistema ahorro energético | Apta lavavajillas | Color Negro,717810,110,7,0.03%,0.09%,159,11,0.03%,0.09%,94.93%,100.00%,4,0,3.64%,0.00%,"239,80 €","0,00 €",4,0
B0C49YDKL4,B0C49YDKL4,Arcos Serie Nordika - Cuchillo Usuba - Acero Inoxidable NITRUM - Hoja de 175 mm - Mango de Madera Ovengkol 100% natural de bosques certificados FSC® - Embalaje 100% reciclado,168000,57,2,0.02%,0.02%,75,3,0.02%,0.03%,71.64%,100.00%,4,0,7.02%,0.00%,"179,96 €","0,00 €",4,0
B0DPKXM18X,B0DNQRZ3BN,"CUPERINOX Soporte Jamonero Inoxidable Profesional con Base Antideslizante para Jamones y Paletas, Incluye Cuchillo | Jamoneros Elite Collection",20260_fbm,462,14,0.14%,0.17%,539,14,0.12%,0.12%,100.00%,100.00%,4,0,0.87%,0.00%,"99,96 €","0,00 €",4,0
B0DPKXM18X,B0DNQRZ3BN,"CUPERINOX Soporte Jamonero Inoxidable Profesional con Base Antideslizante para Jamones y Paletas, Incluye Cuchillo | Jamoneros Elite Collection",20260,462,14,0.14%,0.17%,539,14,0.12%,0.12%,100.00%,100.00%,4,0,0.87%,0.00%,"99,96 €","0,00 €",4,0
B0FDL3VP7W,B0FDL3VP7W,VINFERMATON – Insecticida Moscas y Mosquitos Perfume Limón Pack 3×300 ml | Spray Eliminador Insectos Voladores Interior y Exterior | Acción Inmediata Profesional | 100% MADE IN SPAIN,V000_PACK3,69,3,0.02%,0.04%,106,4,0.02%,0.03%,83.70%,100.00%,4,0,5.80%,0.00%,"48,36 €","0,00 €",4,0
B0F54LTCFF,B000NOAYMM,Arcos Cuchillo Jamonero Acero Inoxidable 240 mm,281804_fba,398,11,0.12%,0.14%,538,20,0.12%,0.17%,32.82%,57.14%,3,1,0.75%,9.09%,"49,47 €","16,49 €",3,1
B0F1ZF7H1L,B005LR69ZC,Arcos Cuchillo de Queso Negro 145 mm,232800_,320,8,0.10%,0.10%,439,13,0.10%,0.11%,25.00%,44.44%,4,0,1.25%,0.00%,"151,80 €","0,00 €",3,0
B0752NT3TH,B005LR77GC,ARCOS Tijeras de Cocina Profesional 235 mm,185701_barras_arcos,"1,469",39,0.46%,0.49%,"2,175",47,0.47%,0.40%,0.05%,3.03%,8,8,0.54%,20.51%,"78,00 €","78,00 €",3,3
B0F54LTCFF,B006LMX2EW,Arcos Universal Cuchillo Jamonero Acero Hoja Hueca Negro 280 mm,281901_,439,13,0.14%,0.16%,565,13,0.12%,0.11%,17.62%,40.00%,3,0,0.68%,0.00%,"70,85 €","0,00 €",3,0
B0F54LTCFF,B006LMX2GK,Arcos Cuchillo Jamonero Acero Inoxidable Forjado Nitrum 280 mm,281904,280,7,0.09%,0.09%,371,21,0.08%,0.18%,14.72%,33.33%,3,0,1.07%,0.00%,"52,47 €","0,00 €",3,0
B007TS6GP4,B007TS6GP4,Arcos Juego de 6 Cuchillos de Mesa Chuleteros Acero Inoxidable 110 mm,815600--,160,4,0.05%,0.05%,247,7,0.05%,0.06%,36.23%,66.67%,3,0,1.88%,0.00%,"77,97 €","0,00 €",3,0
B00D3LCJI4,B00D3LCJI4,Arcos Saeta - Cuchillo Panero - Hoja de Acero Inoxidable Forjado Nitrum de 210 mm - Mango de Pom - Color Negro,175700,33,2,0.01%,0.02%,61,4,0.01%,0.03%,100.00%,100.00%,3,0,9.09%,0.00%,"89,97 €","0,00 €",3,0
B00U2QWLVS,B00U2QWLVS,Arcos Cuchillo Chuletero de Mesa Acero Inoxidable Nitrum 115 mm,740009_us,247,5,0.08%,0.06%,403,11,0.09%,0.09%,18.86%,0.00%,5,0,2.02%,0.00%,"19,95 €","0,00 €",3,0
B06XB92VRH,B00YU2ZS1A,CUPERINOX Cafetera Italiana Induccion Espresso Acero Inoxidable 6 Tazas,25033_,117,1,0.04%,0.01%,156,2,0.03%,0.02%,87.31%,0.00%,3,0,2.56%,0.00%,"53,70 €","0,00 €",3,0
B0F1ZF7H1L,B017DLFYYK,Arcos Cuchillo Queso Acero Inoxidable Blanco 145 mm,232824_,110,7,0.03%,0.09%,136,10,0.03%,0.09%,57.26%,100.00%,3,1,2.73%,14.29%,"113,97 €","37,99 €",3,1
B019H2J21O,B019H2J21O,"Cuperinox 22531, Flanero Inoxidable 18cm con tapa",22531_us,50,0,0.02%,0.00%,68,0,0.01%,0.00%,100.00%,0.00%,3,0,6.00%,0.00%,"26,97 €","0,00 €",3,0
B079ZCF2G9,B079ZCF2G9,Arcos Nova Juego 6 Cuchillos Carne Serrados Nitrum Negro 110 mm,188900_fbm,81,2,0.03%,0.02%,95,3,0.02%,0.03%,41.11%,0.00%,3,0,3.70%,0.00%,"53,25 €","0,00 €",3,0
B086XS4XDX,B07D4V72YP,"HENDI Juego de salero y pimentero, 2 piezas, utensilio de sal y pimienta de cocina mesa, con tapas de acero inoxidable con orificios dispensadores en forma de S y P, ⌀40x(H)70mm, vidrio, transparente",H465387,36,2,0.01%,0.02%,56,5,0.01%,0.04%,97.92%,100.00%,8,0,22.22%,0.00%,"59,92 €","0,00 €",3,0
B0FD46SGNM,B07D8WQ355,Arcos Serie Manhattan - Cuchillo Cocinero - Hoja de Acero Inoxidable Forjado Nitrum 210 mm - Mango de Polioximetileno (POM) Color Negro - Filo Seda,160600_,457,12,0.14%,0.15%,734,18,0.16%,0.15%,43.32%,80.00%,3,0,0.66%,0.00%,"112,47 €","0,00 €",3,0
B086X1XQXD,B07DC8C7Y6,"HENDI Expositor con cubierta deslizante roll-top, Doble",H871713,99,10,0.03%,0.12%,149,11,0.03%,0.09%,55.22%,30.00%,3,1,3.03%,10.00%,"236,97 €","78,99 €",3,1
B07FQ94K1Q,B07FQ94K1Q,Arcos Series Maitre - Juego de Cuchillos 5 Piezas (4 Cuchillos + 1 Tijeras) - Hoja de Acero Inoxidable Nitrum - Mango de Polipropileno - Bloque de Madera de Color marrón,152100__,85,1,0.03%,0.01%,108,1,0.02%,0.01%,84.00%,100.00%,3,0,3.53%,0.00%,"224,97 €","0,00 €",3,0
B07G79KCFK,B07G79KCFK,"Arcos Cuchillos de Mesa Caja de 12 uds Cuchillo Chuletero Cuchillo de Mesa, Hoja de Acero Inoxidable NITRUM 105 mm, Mango de Nylon, Color Marrón (12 uds)",803800_,108,3,0.03%,0.04%,142,5,0.03%,0.04%,74.80%,100.00%,3,0,2.78%,0.00%,"119,97 €","0,00 €",3,0
B0B3F4QXML,B07HY6FKNQ,Arcos Serie Clasica - Juego de Cuchillos de 7 piezas en Caja de Regalo (5 Cuchillos + 1 Tijeras + 1 Chaira) - Hoja de Acero Inoxidable Forjado NITRUM - Mango de Polioximetileno (POM) - Color marrón,854400_2,252,9,0.08%,0.11%,362,9,0.08%,0.08%,76.24%,100.00%,3,0,1.19%,0.00%,"443,97 €","0,00 €",3,0
B0F54LTCFF,B07JJGTQK4,Arcos Conjunto Cuchillos 3 piezas - Acero Inoxidable Nitrum y Hoja mm. Cuchillo cocina profesional cocinar. 590 gr. Mango ergonómico polioximetileno POM. Serie Universal. Mayor control. Color negro.,807410_,373,10,0.12%,0.12%,573,19,0.12%,0.16%,34.48%,0.00%,3,0,0.80%,0.00%,"121,47 €","0,00 €",3,0
B0F147RFRT,B07N8V5DY8,Arcos Cuchillo trinchar forjado | Cuchillo jamonero Acero Inoxidable. Cuchillo cocina profesional cocinar. Mango micarta y borseda especial y Hoja plateada 300 mm. Serie Brooklyn. Color azul.,192323_,130,3,0.04%,0.04%,170,3,0.04%,0.03%,92.52%,100.00%,3,0,2.31%,0.00%,"131,64 €","0,00 €",3,0
B0FD46SGNM,B07N8VLCQS,"Arcos Juego de Cuchillos Profesionales (4 Piezas) - Acero Inoxidable Nitrum, Precisión y Durabilidad, Mango Ergonómico POM Negro, Incluye Tijeras y Bloque de Madera, Serie Manhattan",163300_,525,6,0.16%,0.07%,645,13,0.14%,0.11%,97.13%,100.00%,3,0,0.57%,0.00%,"290,97 €","0,00 €",3,0
B0843PT8MC,B0843PT8MC,Arcos Cuchillo pelar Acero Inoxidable. Cuchillo cocina para pelar frutas y verduras. Mango ergonómico polioximetileno y Hoja 100 mm. Serie Opera. Color negro.,_225700_,35,1,0.01%,0.01%,46,1,0.01%,0.01%,70.73%,100.00%,3,1,8.57%,100.00%,"62,97 €","20,99 €",3,1
B08G8QCM5H,B08G8QCM5H,ARCOS cuchillo pelador | 6 PIEZAS | cuchillo de pelar | cuchillos pelar patatas | Hoja 100 mm | Negro | cuchillo arcos pelador Acero Inoxidable,816500_fbm,541,15,0.17%,0.19%,782,18,0.17%,0.15%,99.70%,100.00%,3,1,0.55%,6.67%,"56,97 €","18,99 €",3,1
B08TLR4Z27,B08M3DQFHM,Arcos jamonero Profesional | Cuchillo jamonero jamonero Inoxidable Nitrum | Mango Negro | Cuchillo Jamon iberico | Serie Maitre| Hoja Flexible y Filo Liso | 275 mm | Acero Inoxidable NITRUM,151210_fbm,60,1,0.02%,0.01%,89,2,0.02%,0.02%,97.47%,100.00%,3,0,5.00%,0.00%,"46,72 €","0,00 €",3,0
B08TLR4Z27,B08M3YG4R1,Arcos jamonero Profesional | Cuchillo jamonero jamonero Inoxidable Nitrum | Mango Negro | Cuchillo Jamon iberico | Serie Maitre| Hoja Flexible y Filo Liso | 275 mm | Acero Inoxidable NITRUM,704200,77,0,0.02%,0.00%,106,0,0.02%,0.00%,100.00%,0.00%,3,0,3.90%,0.00%,"65,97 €","0,00 €",3,0
B0DK3CM34K,B08VW7LTT6,"HENDI Cabezal de antorcha de cocina de llama continua con cartucho de recarga de gas GLP 199039, soplete flambeador, quemador de gas GLP, profesional, versátil-seguro 360°, negro con acentos en verde",H198254,34,8,0.01%,0.10%,42,8,0.01%,0.07%,80.00%,85.71%,3,2,8.82%,25.00%,"104,97 €","69,98 €",3,2
B09DPRCMTF,B0987MG3JQ,Arcos Juego Cuchillos Carne | Cuchillo chuleteros | Cuchillos Carne Cuchillos Mesa | 6 Uds | Hoja 110 mm | Acero Inoxidable | Mango Nylon | Apto lavavajillas | Envase Ecológico (Filo Liso),814200_fba,104,1,0.03%,0.01%,154,1,0.03%,0.01%,100.00%,100.00%,3,0,2.88%,0.00%,"59,97 €","0,00 €",3,0
B08VS4FCLN,B09HHGVG2N,"Arcos Juego Cuchillos Cocina cuchillos | Cuchillo profesional | 6 piezas | Chef 215 mm + Cocina 150 mm, Verduras 100 mm + Tijera cocina + Pelador de fruta y verdura + Pinza para pescado",854200,152,2,0.05%,0.02%,190,3,0.04%,0.03%,100.00%,0.00%,3,0,1.97%,0.00%,"131,97 €","0,00 €",3,0
B09HRWYKDL,B09HRWYKDL,Arcos Juego de cuchillos Japoneses Profesionales | 4 piezas | Cuchillo Verduras 100 mm + Cocina 150 mm + Santoku con Alveolos 170 mm + Pelador de patatas,853100fbm,48,1,0.01%,0.01%,59,1,0.01%,0.01%,100.00%,0.00%,3,0,6.25%,0.00%,"110,97 €","0,00 €",3,0
B0CRDY65RY,B09T6KZ2K8,"Arcos Cacerola Antiadherente 20 cm Aluminio Forjado, Mango Efecto Frío, Apta Inducción y Lavavajillas, Ahorro Energético, 2.6 L Capacidad, Serie Samoa",716910,51,1,0.02%,0.01%,77,1,0.02%,0.01%,94.37%,100.00%,3,0,5.88%,0.00%,"119,85 €","0,00 €",3,0
B0CQ5G2HVQ,B09T6L1F99,"Arcos Sarten Antiadherente 28 cm - Aluminio Forjado, Full Induction, Mango Acero Inoxidable, Apta Lavavajillas, Ahorro Energético, Serie Samoa",716510,77,6,0.02%,0.07%,105,7,0.02%,0.06%,45.16%,25.00%,3,0,3.90%,0.00%,"127,50 €","0,00 €",3,0
B0CRDY65RY,B09T9QCL8D,"Arcos Cazuela Antiadherente de 24 cm y 4,3 L | Aluminio Forjado | Adecuada para cualquier cocina | Mangos de Acero Inoxidable con Efecto Frío | Color Negro | Inducción completa. Serie Ollas Samoa",717010,99,1,0.03%,0.01%,136,1,0.03%,0.01%,94.40%,100.00%,3,0,3.03%,0.00%,"146,85 €","0,00 €",3,0
B08VRP7CR7,B09XMVTWLT,Arcos Juego Cuchillos Carne | 6 Piezas | Cuchillos Carne Cuchillo chuleteros | Cubiertos Acero Inoxidable | Hoja 110 mm | Mango Redondo y Forma Ovalada | monobock | Caja Envase Ecológico (Filo Liso),830000_,166,1,0.05%,0.01%,260,1,0.06%,0.01%,100.00%,100.00%,5,0,3.01%,0.00%,"164,95 €","0,00 €",3,0
B0CVH8PC99,B0CQTJ6T66,"CUPERINOX® Cuchillos de Mesa Acero Inoxidable – Set Profesional 12 Piezas con Hoja Serrada de 11 cm y Mango Ergonómico Antideslizante – Para Carne, Verduras y Pescado",99922,346,15,0.11%,0.19%,459,24,0.10%,0.21%,100.00%,100.00%,3,0,0.87%,0.00%,"33,49 €","0,00 €",3,0
B0CYTKGNPM,B0CW66H3TR,Pelador de Tomate ARCOS - Hoja Serrada de Acero Inoxidable | Mango Ergonómico | Ideal para Tomates,607420,948,20,0.29%,0.25%,"1,050",22,0.23%,0.19%,92.78%,100.00%,3,0,0.32%,0.00%,"23,97 €","0,00 €",3,0
B0CZXS1ZHN,B0CZXS1ZHN,"HENDI Olla de hierro fundido con 3 patas, caldero tipo potjie sudafricano, con tapa y asa, para fuego abierto y horno, 6L, ⌀245x(H)280mm",H629291,271,8,0.08%,0.10%,443,11,0.10%,0.09%,57.88%,22.22%,3,0,1.11%,0.00%,"179,25 €","0,00 €",3,0
B0DNNKT1W2,B0DNNJPRXB,"Cuperinox-Tetera de Cristal con Infusor para Té e Infusiones, Resistente al Calor y Compatible con Microondas ** - Infusion Prestige Collection (550 ml)",26111,101,5,0.03%,0.06%,134,5,0.03%,0.04%,100.00%,100.00%,3,2,2.97%,40.00%,"48,97 €","31,98 €",3,2
B0FJLTDB9J,B0F95HH915,"Alicates para pedicura, Profesional, Cortaúñas de Pies, Acero Inoxidable, Mango Ergonómico Antideslizante, Fácil Limpieza, Con Funda, 2 Años de Garantía (Cortauñas Grande)",A10001,16,0,0.00%,0.00%,20,0,0.00%,0.00%,100.00%,0.00%,4,0,25.00%,0.00%,"29,96 €","0,00 €",3,0
B0F9X4NXL3,B0F9KXQKLG,"CUPERINOX Cuchillos Mesa, cuchillo carne, cuchillo mantequilla, Set 24 piezas, acero inoxidable, hoja con filo y sierra, cuchillo untar. Apto lavavajillas. Mango ergonomico",20043-24,254,13,0.08%,0.16%,353,23,0.08%,0.20%,99.38%,100.00%,7,5,2.76%,38.46%,"139,93 €","99,95 €",3,1
B0FHKQHYQ7,B0FHKQHYQ7,VINFERMATON – Insecticida Moscas y Mosquitos Sin Olor Pack 2×600 ml | Spray Eliminador Insectos Voladores Interior y Exterior | Acción Inmediata Profesional | 100% MADE IN SPAIN,9J-4FF5-2Q8R,35,3,0.01%,0.04%,44,3,0.01%,0.03%,89.74%,100.00%,3,0,8.57%,0.00%,"41,97 €","0,00 €",3,0
B0F54LTCFF,B0015YKFPK,Arcos Universal Cuchillo Lenguado y Pescado Nitrum Negro 170 mm,284204,85,1,0.03%,0.01%,92,1,0.02%,0.01%,25.93%,100.00%,3,0,3.53%,0.00%,"42,75 €","0,00 €",2,0
B0F54LTCFF,B0044R884U,Arcos Universal Cuchillo Santoku Acero POM Negro 170 mm,286004_us,394,10,0.12%,0.12%,554,12,0.12%,0.10%,21.34%,0.00%,2,0,0.51%,0.00%,"47,50 €","0,00 €",2,0
B00509DM8S,B00509DM8S,HENDI Baño María Eléctrico GN 1/1,H238905,55,4,0.02%,0.05%,78,6,0.02%,0.05%,55.07%,0.00%,2,0,3.64%,0.00%,"276,25 €","0,00 €",2,0
B0F1ZF7H1L,B005LR6J3Y,Arcos Riviera Juego 6 Cuchillos Forjados Acero Inoxidable Nitrum,234200_,119,8,0.04%,0.10%,150,9,0.03%,0.08%,89.66%,85.71%,2,1,1.68%,12.50%,"349,78 €","174,89 €",2,1
B06XWF2YLW,B005LR71GI,Arcos Cuchillo Cocinero 200 mm,135800,477,16,0.15%,0.20%,695,20,0.15%,0.17%,1.62%,0.00%,2,0,0.42%,0.00%,"20,50 €","0,00 €",2,0
B08L8MV8XD,B005LR72SK,Arcos Juego de Cuchillos con Bloque Acero Inoxidable 6 piezas,136100_,"4,079",81,1.27%,1.01%,"5,774",123,1.25%,1.05%,1.17%,5.33%,2,1,0.05%,1.23%,"95,98 €","46,99 €",2,1
B017HKRCGK,B005LR7C44,ARCOS Bolsa Portacuchillos 12 Piezas Poliéster 730x510mm,690500_,511,6,0.16%,0.07%,711,6,0.15%,0.05%,4.94%,16.67%,2,0,0.39%,0.00%,"55,88 €","0,00 €",2,0
B0F54LTCFF,B007TS6GFO,Arcos Universal Juego 5 Cuchillos Nitrum Bloque Pino POM Negro,285700_,"1,103",24,0.34%,0.30%,"1,333",35,0.29%,0.30%,30.89%,22.22%,2,0,0.18%,0.00%,"209,80 €","0,00 €",2,0
B0F1ZF7H1L,B00BHZPHOG,Arcos Riviera Blanc Cuchillo Panero Acero Inoxidable Nitrum 200 mm,231324_,102,4,0.03%,0.05%,126,5,0.03%,0.04%,24.55%,0.00%,2,0,1.96%,0.00%,"59,98 €","0,00 €",2,0
B017HKSTCQ,B00CFN1M6Q,ARCOS Tijeras de Cocina Multiusos 200 mm,809700_,"1,735",63,0.54%,0.79%,"2,703",100,0.59%,0.86%,0.41%,8.62%,5,3,0.29%,4.76%,"63,95 €","35,97 €",2,1
B00D3LDXPM,B00D3LDXPM,ARCOS Abrelatas Manual Aleación de Zinc Plata-Negro 160 mm,603600,203,10,0.06%,0.12%,269,13,0.06%,0.11%,11.25%,25.00%,2,0,0.99%,0.00%,"34,98 €","0,00 €",2,0
B0752TTMS8,B00D3LFAEE,Arcos Chairas - Chaira Afilador Manual de Cuchillos - Cuerpo Ovalado de Acero al Carbono Recubierto de Diamante de 280 mm y 17 mm de diámetro - Mango Polipropileno Color Negro,279200,943,31,0.29%,0.39%,"1,458",43,0.32%,0.37%,4.03%,0.00%,2,0,0.21%,0.00%,"79,98 €","0,00 €",2,0
B08M7BMR2S,B00I9XTLSC,ARCOS Afilador Profesional Manual Cerámica y Carbono Rojo-Negro,610600_2,"5,710",142,1.77%,1.77%,"8,139",203,1.77%,1.74%,0.25%,4.00%,2,1,0.04%,0.70%,"26,98 €","13,49 €",2,1
B00IUPKTFS,B00IUPKTFS,"HENDI Sartén eléctrica multiusos, paellera cazuela olla plancha, de fiestas, revestimiento antiadherente, termostato, con tapa, interior: ø55cm profundidad: 6cm, 230V, 1600W, ø620x(H)190mm, aluminio",H239605,575,10,0.18%,0.12%,870,14,0.19%,0.12%,93.67%,90.00%,2,0,0.35%,0.00%,"180,80 €","0,00 €",2,0
B0F1ZF7H1L,B00J64GI70,Arcos Riviera Blanc Cuchillo Fileteador Forjado Acero Inoxidable 200 mm,233024_,117,8,0.04%,0.10%,124,8,0.03%,0.07%,34.31%,80.00%,2,0,1.71%,0.00%,"51,98 €","0,00 €",2,0
B017HKGEFK,B00J64L30C,Arcos Natura Cuchillo Santoku Forjado Acero Inoxidable 180 mm,155810_,57,1,0.02%,0.01%,96,1,0.02%,0.01%,87.36%,100.00%,2,0,3.51%,0.00%,"73,98 €","0,00 €",2,0
B00MDK1DM4,B00MDK1DM4,Arcos Latina Cuchillo de Cocina Acero Inoxidable 130 mm,100600_1pieza,313,6,0.10%,0.07%,516,8,0.11%,0.07%,21.61%,0.00%,3,0,0.96%,0.00%,"17,97 €","0,00 €",2,0
B017HKR8WS,B00OFR535Q,"Arcos Afiladores - Afilador Eléctrico de Cuchillos Afilador de Cuchillos Eléctricos, Hecho de Plástico, Color Negro (Rodillos de Banda Intercambiables)",610500_fbm,433,18,0.13%,0.22%,521,31,0.11%,0.27%,97.44%,100.00%,4,4,0.92%,22.22%,"939,96 €","939,96 €",2,2
B0DDSBBMJ1,B00OH5444W,"HENDI Tostador de cinta doble - 230V / 50Hz / 2240W - 418x368x(H)387 mm, plateado, acero inoxidable",H261309,70,18,0.02%,0.22%,111,26,0.02%,0.22%,41.05%,31.82%,2,2,2.86%,11.11%,"1.079,00 €","1.079,00 €",2,2
B0F54LTCFF,B00VRWR53K,"Arcos Serie Universal, Macheta Cuchillo Carnicero, Hoja de Acero Inoxidable Nitrum 180 mm, Mango de Polioximetileno, Pom Color Negro",288100_,102,2,0.03%,0.02%,121,2,0.03%,0.02%,92.59%,0.00%,2,0,1.96%,0.00%,"79,98 €","0,00 €",2,0
B00WHV21BG,B00WHV21BG,CUPERINOX TIJERAS PESCADO | TIJERAS COCINA| TIJERAS ACERO| TIJERAS | 20 CM | UTENSILIOS DE COCINA,21992_,28,1,0.01%,0.01%,45,3,0.01%,0.03%,100.00%,100.00%,2,0,7.14%,0.00%,"14,50 €","0,00 €",2,0
B00WUZR7H2,B00WUZR7H2,Arcos Serie Cuchillos de Mesa - Cuchillo Mesa - Hoja Serrada de Acero Inoxidable de 125 mm - Cuchillo Monoblock Acero Inoxidable Color Plata,460400_1pieza,91,1,0.03%,0.01%,121,1,0.03%,0.01%,89.91%,0.00%,13,0,14.29%,0.00%,"58,37 €","0,00 €",2,0
B017DLDQXQ,B017DLDQXQ,"Arcos Serie Latina, Cuchillo jamonero, Hoja de 250 mm, Mango Madera",101300_fbm,228,3,0.07%,0.04%,327,5,0.07%,0.04%,11.35%,100.00%,2,1,0.88%,33.33%,"18,98 €","9,49 €",2,1
B0752VKJ59,B017DLH9NE,Arcos Afilador Acero Nitrum Acero Inoxidable y Hoja 300 mm. Serie Chaira. Cuerpo Acero al Carbono Recubierto Cromo 11 - Mango Polipropileno. Formas ligeras yuaves. Color Negro.,278310_,29,0,0.01%,0.00%,37,0,0.01%,0.00%,97.22%,0.00%,2,0,6.90%,0.00%,"49,98 €","0,00 €",2,0
B0189HXQKQ,B017DLLFES,"Arcos Navaja Profesional de Acero Inoxidable Nitrum, Hoja 85 mm, Mango de Polipropileno, Serie Navajas Profesionales, Alta Durabilidad y Rendimiento",485700_fbm,553,13,0.17%,0.16%,764,20,0.17%,0.17%,16.01%,42.86%,11,10,1.99%,76.92%,"68,85 €","61,60 €",2,1
B0189HXS8Q,B017DLLIUO,Arcos Navaja Profesional Acero Inoxidable 85 mm,485929,"1,430",33,0.44%,0.41%,"1,811",37,0.39%,0.32%,0.56%,34.78%,2,1,0.14%,3.03%,"15,10 €","7,55 €",2,1
B017DLM9SY,B017DLM9SY,Arcos Serie Toscana - Juego de Cucharas de Mesa (3 cucharas) - Monoblock de una pieza en Acero Inoxidable 18/10 y 180 mm - Color Plata,574400_,199,4,0.06%,0.05%,306,4,0.07%,0.03%,5.32%,33.33%,5,0,2.51%,0.00%,"39,95 €","0,00 €",2,0
B01DY57HXU,B01DY57HXU,"HENDI Combustible líquido, lata, con mecha, 24 unidades, sin hollín y sin olor, tiempo de combustión 6 horas, dietilenglicol puro, para calentadores de alimentos, calientaplatos, chafing dish, 200 gr",H193938,29,2,0.01%,0.02%,42,2,0.01%,0.02%,85.37%,50.00%,2,0,6.90%,0.00%,"108,50 €","0,00 €",2,0
B072BX2PJG,B072BX2PJG,ARCOS Chaira Afilador Manual Acero al Carbono Cromado 230 mm,185924,103,5,0.03%,0.06%,152,8,0.03%,0.07%,8.96%,57.14%,2,1,1.94%,20.00%,"55,98 €","27,99 €",2,1
B072BX31NV,B072BX31NV,Arcos Juego 6 Cuchillos de Mesa Nitrum Acero Crema 105 mm,703500__,173,2,0.05%,0.02%,252,2,0.05%,0.02%,9.91%,0.00%,2,0,1.16%,0.00%,"23,98 €","0,00 €",2,0
B0799Z54MP,B0799Z54MP,CUPERINOX Tijeras Cocina Profesional |Mango ergonómico para máxima comodidad| Tijeras 21 cm |Tijeras de Trinchar | Tijeras Pollo | Tijera Pescado | Tijera Acero Inoxidable| Apto Lavavajillas,21982_,9,1,0.00%,0.01%,9,1,0.00%,0.01%,100.00%,100.00%,2,0,22.22%,0.00%,"19,98 €","0,00 €",2,0
B09JPSTVBC,B07B8MQZTW,Arcos Serie Riviera Rose - Cuchillo Mondador - Hoja de Acero Inoxidable Forjado NITRUM 100 mm - Mango de Polioximetileno (POM) Color Rosa,230254_,45,2,0.01%,0.02%,58,2,0.01%,0.02%,98.15%,100.00%,2,0,4.44%,0.00%,"49,98 €","0,00 €",2,0
B07TXLLKPD,B07D4TDV32,"HENDI Cortador eléctrico para kebab, shawarma, gyros, corte ajustable 0-8mm, cuchilla: 2600 rpm, cuchillo eléctrico profesional para cortar carne, 80W, 60kg/h, 230V, 202x125x(H)182mm, acero inoxidable",H267240,19,0,0.01%,0.00%,26,0,0.01%,0.00%,54.55%,0.00%,2,0,10.53%,0.00%,"297,50 €","0,00 €",2,0
B07D5FFJ36,B07D5FFJ36,"HENDI Bandeja de Servicio Ovalada XL, Superficie Antideslizante, 735x600x(H) 31mm, Negro, Fibra de Vidrio y Goma",H508831,30,3,0.01%,0.04%,50,3,0.01%,0.03%,95.35%,66.67%,2,0,6.67%,0.00%,"99,98 €","0,00 €",2,0
B0FD46SGNM,B07DC8JHV4,Arcos Cuchillo verduras Acero Inoxidable. Cuchillo profesional para pelar frutas y verduras. Mango ergonómico polioximetileno y Hoja 130 mm. Serie Manhattan. Color negro.,161100_,80,1,0.02%,0.01%,108,1,0.02%,0.01%,61.63%,0.00%,2,0,2.50%,0.00%,"48,98 €","0,00 €",2,0
B0F1ZF7H1L,B07JHPQGPW,Arcos Riviera Blanc Juego 3 Cuchillos Forjados POM Blanco,807610_,246,9,0.08%,0.11%,316,19,0.07%,0.16%,46.93%,18.75%,2,0,0.81%,0.00%,"139,98 €","0,00 €",2,0
B0F1ZF7H1L,B07JWG12BV,Arcos Riviera Set 3 Cuchillos Forjados Acero Inoxidable Nitrum,807710_,117,2,0.04%,0.02%,151,2,0.03%,0.02%,95.60%,0.00%,2,0,1.71%,0.00%,"139,98 €","0,00 €",2,0
B07JWM27F4,B07JWM27F4,Arcos Set Cuchillos Cocina Profesionales Forjados en Acero Inoxidable. Juego de 3 Cuchillos (Pelador 100 mm + Cocinero 150 mm + Cocinero 200 mm). Mango Ergonómico Rosa en Polioximetileno. Riviera Rose,855100,218,9,0.07%,0.11%,347,13,0.08%,0.11%,96.88%,100.00%,2,0,0.92%,0.00%,"149,98 €","0,00 €",2,0
B0D1CTXJXN,B07MZJTY16,HENDI Jarra medidora apilable - 5 L - ø210x(H)270 mm,H567852,34,5,0.01%,0.06%,44,5,0.01%,0.04%,97.50%,100.00%,2,1,5.88%,20.00%,"27,98 €","13,99 €",2,1
B0F147RFRT,B07N8TV9CC,Arcos Brooklyn Cuchillo Rebanar Jamonero Forjado Micarta Azul 250 mm,191923_,116,3,0.04%,0.04%,139,3,0.03%,0.03%,76.99%,100.00%,2,0,1.72%,0.00%,"79,68 €","0,00 €",2,0
B0F147RFRT,B07N8VCFRY,Arcos Brooklyn Cuchillo Panero Acero Inoxidable Nitrum 200 mm,191323_,83,1,0.03%,0.01%,106,1,0.02%,0.01%,90.79%,100.00%,2,0,2.41%,0.00%,"77,76 €","0,00 €",2,0
B07N8VQSVB,B07N8VQSVB,Arcos Serie Capri - Cubertería de 24 piezas en una Caja de Regalo (6 cuchillos + 12 cucharas + 6 tenedores) - Monoblock de una pieza en Acero Inoxidable Color Plata,587400_,833,23,0.26%,0.29%,"1,242",30,0.27%,0.26%,18.37%,28.57%,2,0,0.24%,0.00%,"151,98 €","0,00 €",2,0
B07N8WHPP7,B07N8WHPP7,"Arcos Lira de Queso Profesional - Corte Preciso para Quesos - Estructura y Mango de Acero Inoxidable, 210 mm - Herramienta de Cocina Esencial, Color Gris",795100,8,1,0.00%,0.01%,16,1,0.00%,0.01%,92.31%,100.00%,2,1,25.00%,100.00%,"45,90 €","22,95 €",2,1
B06XB92VRH,B07T6J5JWM,CUPERINOX Cafetera Italiana Induccion Espresso Acero Inoxidable 12 Tazas,25035_2,548,13,0.17%,0.16%,788,16,0.17%,0.14%,99.15%,100.00%,2,0,0.36%,0.00%,"56,00 €","0,00 €",2,0
B07YXBGV8C,B07YXBGV8C,Arcos Riviera Blanc Set 3 Cuchillos Forjados Acero Inoxidable Nitrum,807511_,35,2,0.01%,0.02%,43,3,0.01%,0.03%,90.24%,0.00%,2,0,5.71%,0.00%,"119,98 €","0,00 €",2,0
B09NT4VRN7,B0812BKN39,Arcos Juego de Cuchillos Mondadores de 3 Piezas,859800_barras_arcos,"24,940",427,7.74%,5.32%,"35,162",610,7.63%,5.23%,0.06%,0.54%,2,0,0.01%,0.00%,"19,42 €","0,00 €",2,0
B0CYTKGNPM,B0843Q6L5P,ARCOS Pelador Profesional Acero Inoxidable Cromado 130 mm,607000_etq,"2,958",83,0.92%,1.03%,"4,611",133,1.00%,1.14%,0.26%,4.21%,2,0,0.07%,0.00%,"12,50 €","0,00 €",2,0
B08G8QCM5H,B08G8QCM5H,ARCOS cuchillo pelador | 6 PIEZAS | cuchillo de pelar | cuchillos pelar patatas | Hoja 100 mm | Negro | cuchillo arcos pelador Acero Inoxidable,816500,541,15,0.17%,0.19%,782,18,0.17%,0.15%,99.70%,100.00%,2,0,0.37%,0.00%,"37,98 €","0,00 €",2,0
B08L27XH2W,B08L27XH2W,"HENDI Mochila isotérmica de Transporte y Reparto de Pizzas y Alimentos, Bolsa aislada e Impermeable para la Entrega de Pedidos de Pizza y Comidas, Interior 39x39x(H) 45cm, Negra, 41x41x(H) 48cm",H709801,80,6,0.02%,0.07%,123,10,0.03%,0.09%,83.84%,16.67%,2,0,2.50%,0.00%,"139,90 €","0,00 €",2,0
B09MSDJQJ1,B08M3B43J6,"Arcos | Juego Cuchillo Jamonero 3 Pzas | jamonero Acero Inoxidable (240 mm), afilador Chaira y Cubre jamón | Juego Cuchillos jamonero Profesional | Paleta ibérica | Eco",704300,206,2,0.06%,0.02%,288,2,0.06%,0.02%,100.00%,100.00%,2,0,0.97%,0.00%,"59,98 €","0,00 €",2,0
B08TLR4Z27,B08M3DQFHM,Arcos jamonero Profesional | Cuchillo jamonero jamonero Inoxidable Nitrum | Mango Negro | Cuchillo Jamon iberico | Serie Maitre| Hoja Flexible y Filo Liso | 275 mm | Acero Inoxidable NITRUM,151210,60,1,0.02%,0.01%,89,2,0.02%,0.02%,97.47%,100.00%,2,0,3.33%,0.00%,"32,24 €","0,00 €",2,0
B08M99RZRV,B08M99RZRV,Arcos | Cuchillo Jamonero Cuchillo deshuesador | 2 Uds | Set cuchillos jamoneros 250 mm y cuchillo deshuesador (140 mm) jamonero profesional | cuchillo carnicero profesional | Eco,703800fbm,397,9,0.12%,0.11%,502,14,0.11%,0.12%,100.00%,100.00%,2,0,0.50%,0.00%,"81,98 €","0,00 €",2,0
B09FQ5SZK8,B08MTWTK78,Arcos Cuchillo Santoku Acero Inoxidable Nitrum 190 mm,166600_fbm,457,13,0.14%,0.16%,617,17,0.13%,0.15%,9.07%,0.00%,2,0,0.44%,0.00%,"57,98 €","0,00 €",2,0
B08WR6CHHN,B08MW17PLN,Arcos Juego Cuchillos Carne | 6 Piezas | Cuchillo chuleteros | Hoja 110 mm | monoblock | Cuchillo en 1 Sola Pieza | Cuchillos Carne Cubiertos Acero Inoxidable | Caja Envase Ecológico (Sierra Laser),815900fba,49,4,0.02%,0.05%,80,6,0.02%,0.05%,100.00%,100.00%,2,0,4.08%,0.00%,"79,98 €","0,00 €",2,0
B08ZNM265D,B08ZNM265D,Arcos | cuchillos de mesa cuchillo mesa tradicional | 6 Piezas cuchillo chuletero | mango nailon | Envase Eco | Fabricado en España,704400,204,6,0.06%,0.07%,304,10,0.07%,0.09%,99.63%,100.00%,2,0,0.98%,0.00%,"53,98 €","0,00 €",2,0
B093313MH6,B093313MH6,Arcos | Cuchillo de deshuesar| Cuchillo deshuesador | cuchillo deshuesador jamón | cuchillo deshuesador (140 mm) Clásica| Envase Eco | cuchillo puntilla jamonero,256210,244,6,0.08%,0.07%,354,10,0.08%,0.09%,99.66%,100.00%,2,0,0.82%,0.00%,"39,98 €","0,00 €",2,0
B08TLR4Z27,B095C22QFS,Arcos jamonero Profesional | Cuchillo jamonero jamonero Inoxidable Nitrum | Mango Negro | Cuchillo Jamon iberico | Serie Maitre| Hoja Flexible y Filo Liso | 275 mm | Acero Inoxidable NITRUM,151811,54,1,0.02%,0.01%,80,1,0.02%,0.01%,98.63%,100.00%,2,0,3.70%,0.00%,"39,98 €","0,00 €",2,0
B09KJLG7BT,B098K898SC,CUPERINOX Soporte Jamonero | Jamonero Profesional | Cuchillo Jamonero madera + Funda Jamon | Tabla Jamonera,20226FBM,135,3,0.04%,0.04%,183,5,0.04%,0.04%,99.38%,100.00%,2,0,1.48%,0.00%,"49,98 €","0,00 €",2,0
B09BVVKYWV,B09BVVKYWV,"CUPERINOX Navaja 5 en1 multiusos | Incluye Afilador Navaja| Funcion Abrebotella, rompecristales y corta cuerdas| Navaja Filo Liso y Sierra|",30060,75,1,0.02%,0.01%,102,1,0.02%,0.01%,95.35%,0.00%,3,0,4.00%,0.00%,"44,97 €","0,00 €",2,0
B09D1V45YK,B09D1V45YK,"CUPERINOX® Couture Series - Tijera Costura Profesional 16,5 cm | Acero Inoxidable Irrompible | Mango Ergonómico Antideslizante | Corte Preciso y Duradero",21951_,14,1,0.00%,0.01%,14,1,0.00%,0.01%,100.00%,100.00%,2,1,14.29%,100.00%,"14,44 €","7,22 €",2,1
B0CQ5G2HVQ,B09T6KY364,"Arcos Sarten Antiadherente 30 cm - Aluminio Forjado, Full Induction, Mango Acero Inoxidable Efecto Frío, Apta Lavavajillas, Ahorro Energético, Serie Samoa",716610,43,4,0.01%,0.05%,55,6,0.01%,0.05%,89.80%,66.67%,2,0,4.65%,0.00%,"91,00 €","0,00 €",2,0
B0CRDY65RY,B09T9QCXL9,Arcos Cacerola Antiadherente Aluminio Forjado 28 cm,717110,206,3,0.06%,0.04%,297,6,0.06%,0.05%,94.07%,100.00%,2,0,0.97%,0.00%,"109,50 €","0,00 €",2,0
B0CRDWK8V7,B09T9QY59F,"Arcos Samoa Cazo Antiadherente Aluminio Forjado 20 cm 2,6 L",717310,25,1,0.01%,0.01%,31,1,0.01%,0.01%,86.21%,100.00%,2,0,8.00%,0.00%,"75,90 €","0,00 €",2,0
B0CQ5G2HVQ,B09T9S9NZ4,"Arcos Sarten Antiadherente 24 cm - Aluminio Forjado, Full Induction, Mango Acero Inoxidable Efecto Frío, Apta Lavavajillas, Ahorro Energético, Serie Samoa",716310,124,7,0.04%,0.09%,189,10,0.04%,0.09%,47.93%,50.00%,2,0,1.61%,0.00%,"74,50 €","0,00 €",2,0
B09T9TSXHB,B09T9TSXHB,"Arcos Grill Antiadherente 28x28 cm - Aluminio Forjado, Full Induction, Mango Acero Inoxidable Efecto Frío, Ahorro Energético, Apta Lavavajillas, Serie Samoa",717410,40,0,0.01%,0.00%,56,0,0.01%,0.00%,86.54%,0.00%,2,0,5.00%,0.00%,"91,90 €","0,00 €",2,0
B09WYWVGCS,B09WYWVGCS,Arcos Clara Juego 3 Cuchillos Forjados Acero Inoxidable Nitrum,212000_819010,126,4,0.04%,0.05%,196,10,0.04%,0.09%,86.59%,100.00%,2,0,1.59%,0.00%,"99,98 €","0,00 €",2,0
B09WYZHGQF,B09WYZHGQF,Arcos Nordika Juego 3 Cuchillos para Queso Acero Inoxidable Nitrum,167200_us,72,1,0.02%,0.01%,91,1,0.02%,0.01%,20.73%,0.00%,2,1,2.78%,100.00%,"139,78 €","69,89 €",2,1
B08VRP7CR7,B09XMVTWLT,Arcos Juego Cuchillos Carne | 6 Piezas | Cuchillos Carne Cuchillo chuleteros | Cubiertos Acero Inoxidable | Hoja 110 mm | Mango Redondo y Forma Ovalada | monobock | Caja Envase Ecológico (Filo Liso),830000,166,1,0.05%,0.01%,260,1,0.06%,0.01%,100.00%,100.00%,2,0,1.20%,0.00%,"65,98 €","0,00 €",2,0
B0B464Q8VS,B0B464Q8VS,CUPERINOX® Kitchen Pro | Tijeras de Cocina Profesional 21 cm Tijeras de Trinchar Carne y Pescado Acero Inoxidable Mango Ergonómico Apto Lavavajillas,21981_,28,0,0.01%,0.00%,36,0,0.01%,0.00%,100.00%,0.00%,2,0,7.14%,0.00%,"19,98 €","0,00 €",2,0
B0BJPYW95J,B0BJPYW95J,Arcos Accesorios - Sacacorchos Manual Abrebotellas Manual - Mango de Aleación de Zinc - Color Negro mate (Incluye cortacápsulas),607500,48,2,0.01%,0.02%,76,5,0.02%,0.04%,98.51%,100.00%,2,1,4.17%,50.00%,"79,98 €","39,99 €",2,1
B0BJPYW95J,B0BJPYW95J,Arcos Accesorios - Sacacorchos Manual Abrebotellas Manual - Mango de Aleación de Zinc - Color Negro mate (Incluye cortacápsulas),607500_,48,2,0.01%,0.02%,76,5,0.02%,0.04%,98.51%,100.00%,2,0,4.17%,0.00%,"79,98 €","0,00 €",2,0
B0CQLNJVKL,B0BRNMK276,"Arcos Sartenes Antiadherentes 20/24 cm - Aluminio Fundido, Asas Silicona, Ahorro Energético, Compatible con Inducción y Lavavajillas, Serie Thera, Negro/Azul",7198000,69,1,0.02%,0.01%,82,1,0.02%,0.01%,93.51%,100.00%,2,0,2.90%,0.00%,"101,00 €","0,00 €",2,0
B0BRSYXXRN,B0BRSYXXRN,"HENDI Cesta para Freír, 10L, 280x210x(H)140mm",H961247,23,4,0.01%,0.05%,31,4,0.01%,0.03%,100.00%,100.00%,2,1,8.70%,25.00%,"83,98 €","41,99 €",2,1
B0F9TD2LTH,B0CS6V91GR,CUPERINOX® Cuchillos de Mesa con Mango de Madera – Set 6 Cuchillos para Carne con Filo Dentado – Estilo Palmadera tradicional – Aptos para Uso Diario,14015_us,200,12,0.06%,0.15%,220,13,0.05%,0.11%,98.54%,100.00%,4,0,2.00%,0.00%,"75,96 €","0,00 €",2,0
B0DKP68T32,B0DJBYWJB7,Arcos Serie Eclipse - Cuchillo de Chef - Hoja de Acero Inoxidable Forjado con Filo Seda Plus de 200 mm - Pulido Brillo Especial - Mango Acrílico - Color Negro,213500_,132,4,0.04%,0.05%,210,4,0.05%,0.03%,89.27%,100.00%,2,0,1.52%,0.00%,"147,98 €","0,00 €",2,0
B0DNNKT1W2,B0DNNJCHQP,"Cuperinox-Tetera de Cristal con Infusor para Té e Infusiones, Resistente al Calor y Compatible con Microondas ** - Infusion Prestige Collection (950 ml)",26113_,50,1,0.02%,0.01%,60,1,0.01%,0.01%,100.00%,100.00%,2,0,4.00%,0.00%,"39,98 €","0,00 €",2,0
B0DNNKT1W2,B0DNNJPRXB,"Cuperinox-Tetera de Cristal con Infusor para Té e Infusiones, Resistente al Calor y Compatible con Microondas ** - Infusion Prestige Collection (550 ml)",26111_,101,5,0.03%,0.06%,134,5,0.03%,0.04%,100.00%,100.00%,2,0,1.98%,0.00%,"33,98 €","0,00 €",2,0
B0DVT6KPDV,B0DT6ZPGVQ, ,27008_,105,0,0.03%,0.00%,138,0,0.03%,0.00%,97.54%,0.00%,3,3,2.86%,0.00%,"34,17 €","34,17 €",2,2
B0DVT6KPDV,B0DT73LYPQ,"CUPERINOX Cuchillos Montessori | Set de Cuchillos Infantiles de 16 Piezas | Cuchillos Niños Aprendizaje +2 Años | Incluye Delantal, Guante de Seguridad, Moldes Tabla de Cortar | Kids Collection",27016,64,0,0.02%,0.00%,86,0,0.02%,0.00%,100.00%,0.00%,2,0,3.13%,0.00%,"39,98 €","0,00 €",2,0
B0F9X4NXL3,B0F9GJRSSJ,"CUPERINOX Cuchillos Mesa, cuchillo carne, cuchillo mantequilla, Set 6 piezas, acero inoxidable, hoja con filo y sierra, cuchillo untar. Apto lavavajillas. Mango ergonomico",20043_6,187,4,0.06%,0.05%,231,4,0.05%,0.03%,99.53%,100.00%,2,1,1.07%,25.00%,"19,98 €","9,99 €",2,1
B0FJLTDB9J,B0F9LGKSXC,CUPERINOX Set 4 Herramientas Manicura y Pedicura|Alicate Pedicuro+Cortauñas Grande+Cortaúñas Mediano con Llavero+Tijera Punta Redonda|Acero Inoxidable Profesional|Uso Doméstico y Viaje,A10003,58,0,0.02%,0.00%,69,0,0.01%,0.00%,100.00%,0.00%,2,0,3.45%,0.00%,"39,98 €","0,00 €",2,0
B0D1CVLGY6,B0009WFNOM,"HENDI 856352 Rallador, Fino, Estrecho, 35x390 mm",H856352,4,0,0.00%,0.00%,6,0,0.00%,0.00%,100.00%,0.00%,1,0,25.00%,0.00%,"20,99 €","0,00 €",1,0
B0F54LTCFF,B0044R87L4,Arcos Cuchillo Panero con Hoja de Acero Inoxidable Nitrum 200 mm. Cuchillo Pan ideal para uso doméstico diario. Obtenga una gran variedad cortes parau comida. Serie Universal. Color negro.,282104_,"1,833",50,0.57%,0.62%,"2,466",59,0.54%,0.51%,0.04%,2.50%,1,1,0.05%,2.00%,"16,99 €","16,99 €",1,1
B0F54LTCFF,B0044R87UA,Arcos Cuchillo Jamonero con Alveolos Acero Inoxidable 240mm,281801_,"1,637",37,0.51%,0.46%,"2,780",63,0.60%,0.54%,0.08%,0.00%,1,0,0.06%,0.00%,"19,99 €","0,00 €",1,0
B017HKG9PK,B0044R87W8,"Arcos Cuchillo Santoku Acero Inoxidable Nitrum. Cuchillo Cocina japonés Pescado, Carne y Verduras. Mango ergonómico polioximetileno Pom y Hoja 170 mm. Multiusos. Serie Maitre. Color Negro.",151600,"1,011",19,0.31%,0.24%,"1,402",27,0.30%,0.23%,5.81%,5.26%,1,0,0.10%,0.00%,"19,49 €","0,00 €",1,0
B0044R87XM,B0044R87XM,"Arcos Cuchillo cocina laerie Kyoto - Hoja Acero Inoxidable forjado Nitrum 6"" - Mango negro polioximetileno (POM) - Elegante y duradero (7'')",178900_,132,2,0.04%,0.02%,174,2,0.04%,0.02%,98.09%,100.00%,1,0,0.76%,0.00%,"49,99 €","0,00 €",1,0
B0752XP113,B0044R886S,Arcos Conjunto carne con Hoja Acero Inoxidable Nitrum y mm. Mango ergonómico polioximetileno POM. Serie Mesa. Los bordeserrados los hacen perfectos cortar y picar carnes. Color plateado.,378000_,156,8,0.05%,0.10%,193,13,0.04%,0.11%,32.95%,25.00%,1,0,0.64%,0.00%,"39,99 €","0,00 €",1,0
B0F1ZF7H1L,B005LR698E,Arcos Cuchillo Negro 130 mm,231500_,482,7,0.15%,0.09%,644,8,0.14%,0.07%,0.72%,0.00%,1,0,0.21%,0.00%,"23,49 €","0,00 €",1,0
B0CWLP4H3Z,B005LR76KY,ARCOS Tijeras de Cocina Acero Inoxidable 195 mm,784901_barras_arcos,688,18,0.21%,0.22%,"1,036",35,0.22%,0.30%,0.00%,0.00%,1,0,0.15%,0.00%,"8,49 €","0,00 €",1,0
B07BDVL8SH,B007TS679O,Arcos Universal Cuchillo Pelar Remaches Acero POM Negro 3 pulg,281004_pp,56,3,0.02%,0.04%,84,8,0.02%,0.07%,8.86%,37.50%,5,5,8.93%,166.67%,"59,95 €","59,95 €",1,1
B0F54LTCFF,B007TS67GW,Arcos Cuchillo Cocina Acero Inoxidable 150 mm,281304_,522,5,0.16%,0.06%,684,10,0.15%,0.09%,9.72%,0.00%,1,0,0.19%,0.00%,"14,99 €","0,00 €",1,0
B0F54LTCFF,B007TS67Q2,Arcos Cuchillo Chef Acero Inoxidable 120 mm,280304,"2,113",53,0.66%,0.66%,"3,012",68,0.65%,0.58%,0.32%,0.00%,2,0,0.09%,0.00%,"25,98 €","0,00 €",1,0
B0F54LTCFF,B007TS6G9U,Arcos Juego de Cuchillos Cocina y Tijeras,285600,314,14,0.10%,0.17%,474,22,0.10%,0.19%,7.73%,12.50%,1,0,0.32%,0.00%,"124,90 €","0,00 €",1,0
B0F54LTCFF,B007TS6GI6,Arcos Universal Set 2 Cuchillos de Cocina Acero Inoxidable Nitrum,285800_2,219,2,0.07%,0.02%,307,5,0.07%,0.04%,9.76%,0.00%,1,1,0.46%,50.00%,"27,75 €","27,75 €",1,1
B08XYZRKC4,B007TS6GWW,"ARCOS Juego de Cubiertos de 24 Piezas para Mesa. Cuberterí­a Completa para 6 Personas. Set de 6 Cucharas, 6 Cuchillos, 6 Tenedores y 6 Cucharas de Postre. Serie Toscana. Color Plata",572400,"2,193",67,0.68%,0.84%,"3,359",106,0.73%,0.91%,2.87%,9.43%,1,0,0.05%,0.00%,"64,99 €","0,00 €",1,0
B007TS6I5C,B007TS6I5C,ARCOS Sacacorchos Manual Cuerpo ABS Serie Toscana,604100,386,18,0.12%,0.22%,538,36,0.12%,0.31%,1.11%,20.83%,1,1,0.26%,5.56%,"40,49 €","40,49 €",1,1
B07BDT9G74,B008U6T624,Arcos Clásica Cuchillo Deshuesador Forjado Acero Inoxidable Nitrum 140 mm,256200_fbm,17,0,0.01%,0.00%,22,0,0.00%,0.00%,100.00%,0.00%,1,0,5.88%,0.00%,"19,99 €","0,00 €",1,0
B096ZVZNSY,B008U6TCSW,ARCOS Chaira Afilador Acero Nitrum Cromado Negro 250 mm,278200_,174,6,0.05%,0.07%,268,9,0.06%,0.08%,8.37%,0.00%,1,0,0.57%,0.00%,"16,49 €","0,00 €",1,0
B00BHZPHO6,B00BHZPHO6,"Arcos Juego 6 Cuchillos carne 4,s. Paquete Cuchillos bolsillo con borliso para cortar y filetear carne. Hoja y mango Acero Inoxidable monobloque. Serie Mesa.",378200_,70,3,0.02%,0.04%,98,6,0.02%,0.05%,59.52%,0.00%,1,0,1.43%,0.00%,"38,99 €","0,00 €",1,0
B0F1ZF7H1L,B00BHZPJFI,Arcos Riviera Blanc Cuchillo Chef Forjado Acero Inoxidable 150 mm,233424_,94,3,0.03%,0.04%,131,3,0.03%,0.03%,37.10%,66.67%,1,0,1.06%,0.00%,"26,99 €","0,00 €",1,0
B00BQU1EQ2,B00BQU1EQ2,"HENDI Exprimidor de cítricos, eléctrico, protección contra salpicaduras, 1500 rpm, 3 conos exprimidores ABS diferentes, 230V, 180W, 308x218x(463), acero inoxidable, policarbonato, plástico ABS",H221204,23,4,0.01%,0.05%,32,5,0.01%,0.04%,53.33%,0.00%,1,0,4.35%,0.00%,"198,00 €","0,00 €",1,0
B0D1CVYQWN,B00BQU1MDM,"HENDI Cortador de verduras, mandolina de cocina multifuncional, rebanadora manual, 5 cuchillas, soporte antideslizante, 395x125x(h)200 mm, acero inoxidable, polipropileno y ABS",H222652,9,0,0.00%,0.00%,11,0,0.00%,0.00%,20.00%,0.00%,1,0,11.11%,0.00%,"69,49 €","0,00 €",1,0
B00D3LG0YI,B00D3LG0YI,Arcos Cuchillos de Mesa - Hoja Inoxidable NITRUM 110 mm - Cuchillo Chuletero para Carne - Mango de Nylon Duradero - Color Marrón - Ideal para Cocina y Comedor,804000_1pieza,241,4,0.07%,0.05%,349,5,0.08%,0.04%,44.55%,0.00%,3,0,1.24%,0.00%,"11,97 €","0,00 €",1,0
B0BV32H59Y,B00HYWUNR2,Arcos Saeta - Cuchillo Deshuesador - Hoja de Acero Inoxidable Forjado Nitrum de 145 mm - Mango de Pom - Color Negro,174700,34,3,0.01%,0.04%,50,6,0.01%,0.05%,100.00%,100.00%,1,0,2.94%,0.00%,"29,99 €","0,00 €",1,0
B00J3ZTYAK,B00J3ZTYAK,"Arcos Cuchillos de Mesa de Acero Inoxidable 18/10, Monoblock de una Pieza, Hoja 220 mm, Juego de 3 Piezas para Cocina, Serie Toscana",575000,51,1,0.02%,0.01%,73,1,0.02%,0.01%,20.00%,0.00%,2,0,3.92%,0.00%,"36,98 €","0,00 €",1,0
B017HKGEFK,B00J64GBXQ,Arcos Cuchillo pelar Acero Inoxidable Nitrum. Cuchillo pelar para pelar frutas y verduras. Mango madera y Hoja 100 mm. Resistente al óxido y al desgaste. Serie Natura. Color marrón.,155010_,10,0,0.00%,0.00%,15,0,0.00%,0.00%,100.00%,0.00%,1,0,10.00%,0.00%,"22,99 €","0,00 €",1,0
B017HKGEFK,B00J64GC62,Arcos Serie Natura - Cuchillo de Verduras - Hoja de Acero Inoxidable Forjado NITRUM 125 mm - Mango de Madera Palisandro color marrón,155110_,10,0,0.00%,0.00%,13,0,0.00%,0.00%,100.00%,0.00%,1,0,10.00%,0.00%,"25,99 €","0,00 €",1,0
B0F1ZF7H1L,B00J64GEEC,Arcos Riviera Blanc Cuchillo Chef Forjado Acero Inoxidable 250 mm,233724_,85,2,0.03%,0.02%,103,2,0.02%,0.02%,56.18%,0.00%,1,0,1.18%,0.00%,"42,99 €","0,00 €",1,0
B00PKFXWJQ,B00PKFXWJQ,Arcos Serie Cuchillos de Mesa - Cuchillo Mesa - Hoja Serrada de Acero Inoxidable NITRUM de 125 mm - Mango Polipropileno Color crema,370200_1Pieza,72,3,0.02%,0.04%,95,4,0.02%,0.03%,100.00%,100.00%,10,0,13.89%,0.00%,"34,90 €","0,00 €",1,0
B00WHV21BG,B00WHV21BG,CUPERINOX TIJERAS PESCADO | TIJERAS COCINA| TIJERAS ACERO| TIJERAS | 20 CM | UTENSILIOS DE COCINA,21992,28,1,0.01%,0.01%,45,3,0.01%,0.03%,100.00%,100.00%,1,1,3.57%,100.00%,"7,49 €","7,49 €",1,1
B09ZLJL6JF,B00YU0JT2G,Arcos Serie Lyon - Cuchillo Mondador | Cuchillo Arcos - Hoja de Acero Inoxidable Forjado NITRUM de 100 mm - Mango de Polioximetileno (POM) - Color Negro,250200_,18,1,0.01%,0.01%,23,2,0.00%,0.02%,100.00%,100.00%,1,0,5.56%,0.00%,"20,99 €","0,00 €",1,0
B0F1ZF7H1L,B014MIZYD8,Arcos Cuchillo Tomate Forjado Acero Inox. Nitrum 130mm,232024_,148,5,0.05%,0.06%,183,6,0.04%,0.05%,8.59%,25.00%,1,0,0.68%,0.00%,"23,99 €","0,00 €",1,0
B0189HXS8Q,B015QGR3CK,Arcos Serie Navajas Profesionales - Navaja Profesional - Hoja Filo de Acero Inoxidable NITRUM de 85 mm - Navaja de Acero Inoxidable Color amarillo,485900_fba,"3,431",79,1.07%,0.98%,"5,751",146,1.25%,1.25%,1.68%,4.00%,3,0,0.09%,0.00%,"21,75 €","0,00 €",1,0
B0F1ZF7H1L,B017DLFYYK,Arcos Cuchillo Queso Acero Inoxidable Blanco 145 mm,232824,110,7,0.03%,0.09%,136,10,0.03%,0.09%,57.26%,100.00%,1,0,0.91%,0.00%,"39,99 €","0,00 €",1,0
B0F1ZF7H1L,B017DLG3AE,Arcos Cuchillo de Cocina Acero Inoxidable 140 mm,233224_,88,2,0.03%,0.02%,132,2,0.03%,0.02%,28.85%,100.00%,1,0,1.14%,0.00%,"27,99 €","0,00 €",1,0
B0B3F4QXML,B017DLGUJI,Arcos Cuchillo Jamonero Profesional - Hoja Forjada NITRUM 250 mm - Mango POM Resistente - Ideal para Cortes Precisos - Serie Clásica,256700_fbm,167,1,0.05%,0.01%,252,1,0.05%,0.01%,34.86%,100.00%,1,1,0.60%,100.00%,"26,99 €","26,99 €",1,1
B017DLHEGQ,B017DLHEGQ,Arcos Chaira Afilador Manual de Cuchillos 230 mm,279400,830,23,0.26%,0.29%,"1,289",30,0.28%,0.26%,0.09%,4.00%,1,1,0.12%,4.35%,"16,75 €","16,75 €",1,1
B0189HXOXK,B017DLLFI4,Arcos Serie Navajas Profesionales - Navaja Profesional - Hoja Filo de Acero Inoxidable NITRUM de 85 mm - Navaja de Acero Inoxidable Color naranja,485329_fbm,159,6,0.05%,0.07%,248,7,0.05%,0.06%,1.40%,100.00%,6,6,3.77%,100.00%,"44,94 €","44,94 €",1,1
B0189HXS8Q,B017DLLIUO,Arcos Navaja Profesional Acero Inoxidable 85 mm,485929_,"1,430",33,0.44%,0.41%,"1,811",37,0.39%,0.32%,0.56%,34.78%,1,0,0.07%,0.00%,"7,35 €","0,00 €",1,0
B017DLM9SO,B017DLM9SO,ARCOS Tenedores para Tartas Acero Inoxidable 18/10 140 mm,574300_,"1,450",37,0.45%,0.46%,"2,226",52,0.48%,0.45%,0.05%,0.00%,1,0,0.07%,0.00%,"10,25 €","0,00 €",1,0
B017DLM9V6,B017DLM9V6,"Arcos Tenedores de Postre Acero Inoxidable 18/10, Juego de 3 Piezas, Monoblock 180 mm, Serie Toscana, Ideal para Repostería y Sobremesa, Color Plata",574500_,189,4,0.06%,0.05%,266,5,0.06%,0.04%,1.59%,0.00%,1,0,0.53%,0.00%,"8,39 €","0,00 €",1,0
B017DLMC5Y,B017DLMC5Y,"Arcos Cuchillos para Postre de Acero Inoxidable 18/10, Monoblock de una Pieza, Hoja 205 mm, Juego de 3 Piezas, Serie Toscana, Ideal para Repostería y Cocina, Color Plata",574900_,49,5,0.02%,0.06%,83,6,0.02%,0.05%,33.33%,66.67%,2,0,4.08%,0.00%,"32,98 €","0,00 €",1,0
B085SNKG71,B01BNQB7BU,"HENDI Paellera, ⌀600x(H) 55mm",H622407,5,0,0.00%,0.00%,12,0,0.00%,0.00%,90.91%,0.00%,1,0,20.00%,0.00%,"49,95 €","0,00 €",1,0
B088L1YKB9,B01DY485KU,HENDI Thermobox Kitchen Line - GN 1/1-46 L - 600x400x(H)320 mm,H707968,10,1,0.00%,0.01%,14,3,0.00%,0.03%,50.00%,100.00%,1,0,10.00%,0.00%,"57,25 €","0,00 €",1,0
B086X1XQXD,B06Y2B85HT,"HENDI Expositor con cubierta deslizante roll-top, Simple",H871706,116,5,0.04%,0.06%,181,6,0.04%,0.05%,32.05%,0.00%,1,0,0.86%,0.00%,"44,99 €","0,00 €",1,0
B071LGMH89,B071LGMH89,Arcos Mesa Cuchillo Carne Nitrum Pack Madera Marrón 4 pulg,374610_fbm,118,3,0.04%,0.04%,143,4,0.03%,0.03%,21.05%,33.33%,6,0,5.08%,0.00%,"100,44 €","0,00 €",1,0
B071S7PKNN,B071S7PKNN,Arcos Cuchillo Chuletero Acero Inoxidable Nitrum 110 mm,372400,32,1,0.01%,0.01%,42,1,0.01%,0.01%,51.22%,100.00%,6,0,18.75%,0.00%,"29,94 €","0,00 €",1,0
B0B3F4QXML,B071VT3MKC,Arcos Clásica Cuchillo Cocinero Forjado Acero Inoxidable Nitrum 210 mm,255101_,106,3,0.03%,0.04%,120,3,0.03%,0.03%,100.00%,100.00%,1,0,0.94%,0.00%,"33,75 €","0,00 €",1,0
B0F1N351DY,B072FGV2YH,Arcos Juego de 6 Cuchillos Mondadores Acero Inoxidable 100 mm,189100_2,"5,338",147,1.66%,1.83%,"7,815",217,1.70%,1.86%,28.09%,3.55%,2,2,0.04%,1.36%,"32,62 €","32,62 €",1,1
B07TYQJ4YX,B07D2TFS1B,HENDI Máquina eléctrica para pasta,H224847,235,4,0.07%,0.05%,344,4,0.07%,0.03%,54.58%,40.00%,1,0,0.43%,0.00%,"209,00 €","0,00 €",1,0
B0FD46SGNM,B07DFK4T6L,"Arcos Cuchillo Deshuesador Profesional - Hoja Silk Edge Acero Inoxidable Nitrum 160 mm, Precisión y Durabilidad, Mango Ergonómico POM Negro, Serie Manhattan",162600_,103,2,0.03%,0.02%,127,2,0.03%,0.02%,84.68%,0.00%,1,0,0.97%,0.00%,"27,99 €","0,00 €",1,0
B07DPCM8YW,B07DPCM8YW,"HENDI Lámpara de Calor Colgante, Altura Ajustable, Plata",H948837,17,5,0.01%,0.06%,18,5,0.00%,0.04%,72.22%,60.00%,1,1,5.88%,20.00%,"58,64 €","58,64 €",1,1
B0FD46SGNM,B07DQRFDMB,Arcos Manhattan Cuchillo Santoku Forjado Acero POM Negro 190 mm,161600_,145,2,0.05%,0.02%,178,2,0.04%,0.02%,78.95%,50.00%,1,1,0.69%,50.00%,"34,49 €","34,49 €",1,1
B07F9GQZCB,B07F9GQZCB,Arcos Cuchillo para Verduras de 4 Pulgadas con Hoja de 105mm en Acero Inoxidable y Mango de Madera. Cuchillo para Vegetales Apto para Lavavajillas. Serie Latina. Color Marrón,100500_fba,303,7,0.09%,0.09%,461,22,0.10%,0.19%,100.00%,100.00%,1,0,0.33%,0.00%,"36,99 €","0,00 €",1,0
B07G75VRY2,B07G75VRY2,"Arcos Serie Cuchillos de Mesa Caja 12 uds Cuchillo Chuletero, Hoja Serrada de Acero Inoxidable de 110 mm, Cuchillo Monoblock Acero Inoxidable Color plata (12 UDS)",375800_(809900x2),43,1,0.01%,0.01%,63,2,0.01%,0.02%,76.36%,0.00%,1,0,2.33%,0.00%,"57,99 €","0,00 €",1,0
B07G76SK9L,B07G76SK9L,Arcos Cuchillo de Mesa 1 Pieza (Plastico Blister),702300,32,0,0.01%,0.00%,37,0,0.01%,0.00%,97.06%,0.00%,1,0,3.13%,0.00%,"29,99 €","0,00 €",1,0
B07G77ZS7D,B07G77ZS7D,"Arcos Serie Cuchillos de Mesa Caja 12 uds Cuchillo Chuletero, Hoja Serrada de Acero Inoxidable NITRUM de 110 mm, Mango Madera comprimida Color marrón (12 UDS)",371501_fbm,12,2,0.00%,0.02%,15,2,0.00%,0.02%,66.67%,100.00%,2,2,16.67%,100.00%,"89,98 €","89,98 €",1,1
B07G79YS6D,B07G79YS6D,"Arcos Serie Cuchillos de Mesa Caja 12 uds Cuchillo Chuletero, Hoja Filo de Acero Inoxidable NITRUM de 110 mm, Mango Madera comprimida Color marrón (12 UDS)",373200_fbm,25,1,0.01%,0.01%,40,1,0.01%,0.01%,96.67%,100.00%,2,0,8.00%,0.00%,"141,98 €","0,00 €",1,0
B0DN1W6N4N,B07GQ354HR,"HENDI Jarra, para batidoras licuadoras HENDI 230718-230695-230688-230213-230602-230664, 2,5L, juego completo: cuchillas-jarra-tapas, batidos-cócteles-postres, 200x170x(H)360mm, policarbonato",H943489,35,7,0.01%,0.09%,43,11,0.01%,0.09%,53.66%,80.00%,1,0,2.86%,0.00%,"99,99 €","0,00 €",1,0
B0B3F4QXML,B07JWJ5LDH,Arcos Serie Clasica - Juego de Cuchillos Chuleteros (6 piezas) - Acero Inoxidable Forjado NITRUM - Mango POM - Color Negro,_854500_,87,3,0.03%,0.04%,112,5,0.02%,0.04%,97.14%,100.00%,1,0,1.15%,0.00%,"84,99 €","0,00 €",1,0
B07JWM27F4,B07JWM27F4,Arcos Set Cuchillos Cocina Profesionales Forjados en Acero Inoxidable. Juego de 3 Cuchillos (Pelador 100 mm + Cocinero 150 mm + Cocinero 200 mm). Mango Ergonómico Rosa en Polioximetileno. Riviera Rose,855100_,218,9,0.07%,0.11%,347,13,0.08%,0.11%,96.88%,100.00%,1,1,0.46%,11.11%,"74,99 €","74,99 €",1,1
B07LD4MBMK,B07LD4MBMK,"HENDI Cubitera para Hielo, hielera, Recipiente para almacenar Cubitos de Hielo, BarUp, de Doble Pared, 10L, ø292x(h) 220mm, poliestireno, Blanco y Negro",H594759,334,34,0.10%,0.42%,477,57,0.10%,0.49%,12.33%,15.38%,1,0,0.30%,0.00%,"39,50 €","0,00 €",1,0
B07MDGR8G1,B07MDGR8G1,CUPERINOX® Couture Series - Tijera Costura Profesional 15 cm | Acero Inoxidable Irrompible | Mango Ergonómico Antideslizante | Corte Preciso y Duradero,21950_us,5,0,0.00%,0.00%,6,0,0.00%,0.00%,60.00%,0.00%,174,174,"3,480.00%",0.00%,"1.390,26 €","1.390,26 €",1,1
B0DN1WHKRN,B07MTQX6HD,"HENDI Accesorio batidor de varillas 185mm, recambio para la batidora de mano 222140 de HENDI, varilla agitadora, mezclador, Poliamida, Acero inoxidable",H222164,21,0,0.01%,0.00%,22,0,0.00%,0.00%,90.48%,0.00%,1,0,4.76%,0.00%,"110,29 €","0,00 €",1,0
B0CSXP6TLN,B07MZK9VXP,"HENDI Descalcificador de agua, 12L",H231227,307,30,0.10%,0.37%,412,42,0.09%,0.36%,30.16%,27.27%,1,1,0.33%,3.33%,"126,25 €","126,25 €",1,1
B0F147RFRT,B07N8TNDRV,Arcos Brooklyn Cuchillo Chef Forjado Acero Inoxidable 150 mm,190423_,293,8,0.09%,0.10%,389,9,0.08%,0.08%,27.94%,0.00%,1,0,0.34%,0.00%,"39,99 €","0,00 €",1,0
B0F147RFRT,B07N8VRS7L,Arcos Brooklyn Cuchillo Pelador Acero Inoxidable 100 mm,190123_,184,2,0.06%,0.02%,246,3,0.05%,0.03%,48.50%,0.00%,1,0,0.54%,0.00%,"28,49 €","0,00 €",1,0
B07N8W33BT,B07N8W33BT,ARCOS Bloque Universal para Cuchillos Caucho Termoplástico 225 mm,794400_,106,3,0.03%,0.04%,169,5,0.04%,0.04%,30.15%,0.00%,1,0,0.94%,0.00%,"24,99 €","0,00 €",1,0
B0F147RFRT,B07N8W7718,Arcos Cuchillo Chef Forjado Acero Inoxidable Tamaño. Mango Profesional Micarta y BorSeda Especial con Hoja Plateada 250 mm. Impresiona yorprencon Cada Corte. Serie Brooklyn. Color Azul.,190823_,141,1,0.04%,0.01%,174,1,0.04%,0.01%,98.06%,100.00%,1,0,0.71%,0.00%,"52,99 €","0,00 €",1,0
B07NDV5T2F,B07NDV5T2F,Arcos Serie Brooklyn - Cuchillo Cocinero - Hoja de Acero Inoxidable Forjado NITRUM 210 mm - Mango de Micarta Color Azul (Filo Seda),190623_fbm,82,0,0.03%,0.00%,104,0,0.02%,0.00%,94.90%,0.00%,1,0,1.22%,0.00%,"45,99 €","0,00 €",1,0
B07PRXM4WF,B07PRXM4WF,"HENDI Caja de golpe de café, redonda, recipiente para residuos del café, vaciado de posos de café, con barra de golpeo extraíble,153x185x(H)165mm, acero inoxidable",H208618,6,0,0.00%,0.00%,8,0,0.00%,0.00%,85.71%,0.00%,1,0,16.67%,0.00%,"38,50 €","0,00 €",1,0
B07Q3817Z7,B07Q3817Z7,"HENDI Lavavajillas industrial, para cestas 40x40cm, con control electromecánico, máquina lavaplatos lavavasos lavacopas, 230V, 2800W, 470x510x(H)710mm, acero inoxidable",H233016,75,6,0.02%,0.07%,108,6,0.02%,0.05%,97.80%,100.00%,1,0,1.33%,0.00%,"1.650,00 €","0,00 €",1,0
B07Q6FZTR2,B07Q6FZTR2,"HENDI Lavavajillas industrial, para cestas 40x40cm, con control electromecánico, máquina lavaplatos lavavasos lavacopas, 230V, 2800W, 470x510x(H)710mm, acero inoxidable",H230299,34,2,0.01%,0.02%,51,2,0.01%,0.02%,95.24%,100.00%,1,0,2.94%,0.00%,"1.500,00 €","0,00 €",1,0
B0F1ZF7H1L,B07YXBK4HD,Arcos Riviera Set 3 Cuchillos de Corte Acero Inoxidable Nitrum,806911_,57,1,0.02%,0.01%,73,1,0.02%,0.01%,63.41%,0.00%,1,0,1.75%,0.00%,"64,95 €","0,00 €",1,0
B0F147RFRT,B07YYDR6D8,Arcos Juego de Cuchillos de Cocina. 3 piezas de Acero Inoxidable forjado. Impresiona yorprencon cada corte. Mango Micarta azul. Serie Brooklyn. Color Azul.,858110_,784,21,0.24%,0.26%,"1,101",23,0.24%,0.20%,55.59%,31.25%,1,0,0.13%,0.00%,"96,89 €","0,00 €",1,0
B07ZJ8ZJ93,B07ZJ8ZJ93,Arcos Set Jamonero Profesional Acero Inoxidable 3 Piezas,859400_us,463,12,0.14%,0.15%,716,13,0.16%,0.11%,0.00%,0.00%,1,0,0.22%,0.00%,"29,49 €","0,00 €",1,0
B0FD46SGNM,B07ZJ9HVTL,"Arcos Set Jamonero 3 Piezas - Cuchillo Jamonero, Deshuesador y Afilador - Acero Inoxidable Forjado - Mango POM Negro Resistente - Funda Jamonero Incluida - Serie Manhattan",858500+Funda_Jamon,37,0,0.01%,0.00%,40,0,0.01%,0.00%,100.00%,0.00%,1,0,2.70%,0.00%,"89,99 €","0,00 €",1,0
B09NT4VRN7,B0812BKN39,Arcos Juego de Cuchillos Mondadores de 3 Piezas,859800_,"24,940",427,7.74%,5.32%,"35,162",610,7.63%,5.23%,0.06%,0.54%,1,1,0.00%,0.23%,"9,95 €","9,95 €",1,1
B0843SLMDX,B0843SLMDX,Arcos Cuchillo Chef Acero Inoxidable. Cuchillo cocina profesional multipropósito para cortar y limpiar verduras. Mango ergonómico polioximetileno y Hoja 230 mm. Serie Opera. Color negro.,225200_fbm,21,1,0.01%,0.01%,31,1,0.01%,0.01%,87.10%,100.00%,1,0,4.76%,0.00%,"40,97 €","0,00 €",1,0
B0843V9Z1W,B0843V9Z1W,Arcos Cuchillo Santoku Acero Inoxidable Nitrum y Hoja 190 mm. Mango ergonómico polioximetileno POM. Diseño clásico y acabado redondeado gran belleza yolidez. Serie Opera. Color negro.,229900_fba,103,6,0.03%,0.07%,151,6,0.03%,0.05%,62.69%,100.00%,1,0,0.97%,0.00%,"36,99 €","0,00 €",1,0
B0D1CWK1B4,B084TL5HBV,"HENDI Campana domo cúpula cubierta para ahumar alimentos platos con válvula de ventilación y orificio de goma para pistola o infusor de humo, ahumado, ø260x(H)174mm, de vidrio borosilicato",H199664,16,6,0.00%,0.07%,24,8,0.01%,0.07%,82.61%,87.50%,1,1,6.25%,16.67%,"94,85 €","94,85 €",1,1
B08KFQBJWQ,B0857QCPPW,"HENDI Percolador de café 14L, de una pared, con filtro incorporado y grifo antigoteo, para café molido grueso,230V, 50/60Hz, 1750W, 357x380x(H) 502mm, negro mate, acero inoxidable, PP",H211489,11,2,0.00%,0.02%,17,2,0.00%,0.02%,75.00%,50.00%,1,0,9.09%,0.00%,"162,38 €","0,00 €",1,0
B0DK3CM34K,B0862VPJ9H,"HENDI Cabezal de antorcha de cocina de llama continua, soplete flambeador, quemador, recargable con cartuchos de gas GLP 199039, mango ergonómico, versátil-seguro 360°, 185x65x(H)100mm, negro y verde",H198247,102,15,0.03%,0.19%,142,18,0.03%,0.15%,5.56%,15.38%,1,1,0.98%,6.67%,"26,49 €","26,49 €",1,1
B08VS4FCLN,B08BX3WTPP,"Arcos Juego Cuchillos Cocina cuchillo blanco cuchillos | cuchillos cocina Maitre | 4 piezas | Chef 215 mm, Cocina 150 mm, Verduras 100 mm Tijera cocina (Blanco)",152624_,255,4,0.08%,0.05%,359,5,0.08%,0.04%,100.00%,100.00%,1,0,0.39%,0.00%,"34,99 €","0,00 €",1,0
B08TWZYBPZ,B08DD8SPD3,Cuperinox Taco Madera y Jamonero (Juego de Cuchillos y Jamonero),19510_bundle,8,0,0.00%,0.00%,15,0,0.00%,0.00%,100.00%,0.00%,1,0,12.50%,0.00%,"50,00 €","0,00 €",1,0
B08VRP7CR7,B08G8M6QDS,Arcos Juego de Cuchillos chuleteros - Envase Ecologico 100% - 4 Cuchillos Carne - Cubiertos Mesa Acero Inoxidable,809500_,47,0,0.01%,0.00%,57,0,0.01%,0.00%,100.00%,0.00%,1,0,2.13%,0.00%,"19,75 €","0,00 €",1,0
B08WR6CHHN,B08JC8DSP6,Arcos Cuchillos Chuleteros cuchillos chuleteros acero inoxidable filo liso juego cuchillos chuleteros | 6 PZAS cuchillo chuletero | Hoja 110 mm |cuchillos carne Envase Eco,815800_,42,1,0.01%,0.01%,66,1,0.01%,0.01%,98.25%,0.00%,1,0,2.38%,0.00%,"39,99 €","0,00 €",1,0
B09KJLG7BT,B08KW4BFZ9,CUPERINOX Jamonero Profesional | Soporte jamonero Tipo Gondola| Base de Corte para Usar con Cuchillo jamonero | Jamon iberico | Fabricado en España,20200_premium,981,25,0.30%,0.31%,"1,469",44,0.32%,0.38%,98.62%,88.89%,1,0,0.10%,0.00%,"15,74 €","0,00 €",1,0
B08GSTDWTC,B08LVVQ3ZQ,"Arcos Serie Nova - Cuchillo para pelar, Acero Inoxidable NITRUM, Envase Ecológico, 3 colores Fucsia, Turquesa y Amarillo",703700fbm,"1,033",22,0.32%,0.27%,"1,629",33,0.35%,0.28%,99.45%,100.00%,1,1,0.10%,4.55%,"8,67 €","8,67 €",1,1
B08M5K93QF,B08M5K93QF,Arcos Juego Cuchillos Mesa | 6 Uds | Cuchillo Postre | Cuchillos Mesa | Cuchillo Carne | Hoja 105 mm | Acero Inoxidable Martensítico | Mango Polipropileno | Apto lavavajillas | Envase Ecológico,703500FBM,170,3,0.05%,0.04%,251,3,0.05%,0.03%,100.00%,100.00%,2,0,1.18%,0.00%,"25,98 €","0,00 €",1,0
B08M9QRSW8,B08M9QRSW8,Arcos | Juego Cuchillos cuchillos mesa | 6 Uds | cuchillo fruta | cuchillo postre | Hoja 110 mm | Acero Inoxidable Martensítico | Mango Nylon | apto lavavajillas | Envase Ecológico,703600_barras_arcos,34,0,0.01%,0.00%,40,0,0.01%,0.00%,97.22%,0.00%,1,0,2.94%,0.00%,"9,99 €","0,00 €",1,0
B08M9QRSW8,B08M9QRSW8,Arcos | Juego Cuchillos cuchillos mesa | 6 Uds | cuchillo fruta | cuchillo postre | Hoja 110 mm | Acero Inoxidable Martensítico | Mango Nylon | apto lavavajillas | Envase Ecológico,703600fbm,34,0,0.01%,0.00%,40,0,0.01%,0.00%,97.22%,0.00%,1,1,2.94%,0.00%,"9,99 €","9,99 €",1,1
B08Y8NS7PN,B08MT61GJV,Arcos Juego Cuchillos Cocina | 2 pzas |Profesional (150 mm) | Cuchillo Cortador Verduras (100 mm)| Acero Inoxidable Nitrum | Mango Negro | Envase Eco,819900,421,7,0.13%,0.09%,571,8,0.12%,0.07%,99.61%,100.00%,1,0,0.24%,0.00%,"18,99 €","0,00 €",1,0
B08VRP7CR7,B08MTXC14T,Arcos Juego Cuchillos Carne | 6 Piezas | Cuchillos Carne Cuchillo chuleteros | Cubiertos Acero Inoxidable | Hoja 110 mm | Mango Redondo y Forma Ovalada | monobock | Caja Envase Ecológico (6 unidades),809900FBM,153,0,0.05%,0.00%,223,0,0.05%,0.00%,100.00%,0.00%,1,0,0.65%,0.00%,"27,99 €","0,00 €",1,0
B09FQ5SZK8,B08MTZZQV5,Arcos Cuchillo para Pan Acero Inoxidable Nitrum 200 mm,166400_fbm,159,6,0.05%,0.07%,211,6,0.05%,0.05%,20.35%,0.00%,1,0,0.63%,0.00%,"28,99 €","0,00 €",1,0
B08T5Z4HFS,B08QYV8C1P,"CUPERINOX Cubiertos para marisco | Pinzas para marisco | Tenazas para marisco | 6 Unidades | Cubiertos marisco (Cangrejo, Langosta, Ostras) | Tenedor de marisco con dos dientes inferiores y cuchara.",20023_6Unidades,15,1,0.00%,0.01%,15,1,0.00%,0.01%,100.00%,100.00%,1,1,6.67%,100.00%,"11,99 €","11,99 €",1,1
B08YDRLRCD,B08TWSZF3Q,Arcos Serie Thera | Asas Repuesto para Cacerolas 24 y 28 cm (718700 y 718800) y Grill 34x26 cm (719500) | Color Negro y Azul,719600,10,0,0.00%,0.00%,17,0,0.00%,0.00%,88.24%,0.00%,1,0,10.00%,0.00%,"10,99 €","0,00 €",1,0
B0CQLNJVKL,B08TWZDX2B,"Arcos Thera Sartén Antiadherente de 30 Cm para Inducción, Gas y Vitrocerámica. Sartén de Cocina Grande de Aluminio Fundido con Mango Ergonómico Extraíble y Apta para Lavavajillas. Color Negro y Azul",718600,39,2,0.01%,0.02%,47,3,0.01%,0.03%,52.38%,0.00%,1,0,2.56%,0.00%,"43,50 €","0,00 €",1,0
B0CQLP3WHM,B08TWZRRGR,"Arcos Thera Sarten Grill Antiadherente de 28x28 Cm para Inducción, Gas y Vitrocerámica. Grill de Aluminio Fundido con Mango Ergonómico Extraíble y Apta para Lavavajillas. Color Negro y Azul",719400,13,0,0.00%,0.00%,17,0,0.00%,0.00%,76.47%,0.00%,1,0,7.69%,0.00%,"50,75 €","0,00 €",1,0
B0CQM2K3QY,B08TX19NTQ,"Arcos Thera Olla Grande de Cocina de 28 Cm y 6,6 L. Cacerola Alta para Inducción, Gas y Vitro. Olla de Aluminio Fundido con Tapa de Cristal y Mango Extraíble. Apta Lavavajillas. Color Negro Azul",718800,27,0,0.01%,0.00%,42,0,0.01%,0.00%,95.00%,0.00%,1,0,3.70%,0.00%,"69,95 €","0,00 €",1,0
B0CQLNJVKL,B08TX21PGR,"Arcos Thera Sartén Antiadherente de 28 Cm para Inducción, Gas y Vitrocerámica. Sartén de Cocina Grande de Aluminio Fundido con Mango Ergonómico Extraíble y Apta para Lavavajillas. Color Negro y Azul",718500,32,0,0.01%,0.00%,50,0,0.01%,0.00%,55.10%,0.00%,2,0,6.25%,0.00%,"81,90 €","0,00 €",1,0
B0CQLNJVKL,B08TX24P5L,"Arcos Thera Sartén Antiadherente de 26 Cm para Inducción, Gas y Vitrocerámica. Sartén de Cocina Mediana de Aluminio Fundido con Mango Ergonómico Extraíble y Apta para Lavavajillas. Color Negro y Azul",718400,54,0,0.02%,0.00%,78,0,0.02%,0.00%,15.28%,0.00%,1,0,1.85%,0.00%,"36,95 €","0,00 €",1,0
B08Y8NS7PN,B08XZ8X815,"Arcos serie Maitre - juego de Cuchillos, 2 Pza, Cuchillo Cocina Profesional 150mm + Cuchillo universal 100mm, Acero Inoxidable, Rosa, Eco",814600,132,3,0.04%,0.04%,169,4,0.04%,0.03%,100.00%,100.00%,1,0,0.76%,0.00%,"18,99 €","0,00 €",1,0
B0987KNJLQ,B0987KNJLQ,Arcos | cuchillos de mesa cuchillo mesa FILO LISO | 6 Piezas cuchillo chuletero | mango monoblock | Acero Inoxidable | Envase Eco,814100FBM,29,0,0.01%,0.00%,39,0,0.01%,0.00%,100.00%,0.00%,2,2,6.90%,0.00%,"59,98 €","59,98 €",1,1
B09DPRCMTF,B0987MG3JQ,Arcos Juego Cuchillos Carne | Cuchillo chuleteros | Cuchillos Carne Cuchillos Mesa | 6 Uds | Hoja 110 mm | Acero Inoxidable | Mango Nylon | Apto lavavajillas | Envase Ecológico (Filo Liso),814200FBM,104,1,0.03%,0.01%,154,1,0.03%,0.01%,100.00%,100.00%,1,0,0.96%,0.00%,"19,99 €","0,00 €",1,0
B09KJLG7BT,B098TFPYLY,CUPERINOX Jamonero profesional Gondola | tabla jamon | Cuchillo Jamonero Alveolos Acero Inox + Cubre Jamón Universal | Set cortar jamón (3 PZAS) | Sujeta jamones | tabla jamonero,20228FBM,78,6,0.02%,0.07%,103,7,0.02%,0.06%,100.00%,100.00%,1,1,1.28%,16.67%,"34,99 €","34,99 €",1,1
B09KJLG7BT,B098XWCFXT,CUPERINOX Jamonero Profesional | soporte de jamon | 5 Piezas | tabla jamonera | soporte jamonero | Kit Jamonero (tabla + cuchillo + afilador + pinza + cubre jamon,20229_,53,3,0.02%,0.04%,63,5,0.01%,0.04%,96.30%,100.00%,1,0,1.89%,0.00%,"54,99 €","0,00 €",1,0
B09F9KVBDX,B09F9KVBDX,Arcos Nova Juego 8 Cuchillos Mesa Acero Crema 105 mm,705300,311,7,0.10%,0.09%,457,8,0.10%,0.07%,15.83%,0.00%,1,0,0.32%,0.00%,"16,99 €","0,00 €",1,0
B09GPRQSC7,B09GPRQSC7,"HENDI Gofrera eléctrica, 4 gofres de paleta o piruleta, T regulable (50˚C a 220˚C), placas de aluminio fundido con recubrimiento antiadherente de Teflon,230V,1750W,310x395x(H)230mm,acero inoxidable",H212165,5,0,0.00%,0.00%,11,0,0.00%,0.00%,75.00%,0.00%,1,0,20.00%,0.00%,"264,50 €","0,00 €",1,0
B09HQTWWPB,B09HQT6SZ6,Arcos Clara Cuchillo Jamonero Forjado Acero Inoxidable Nitrum 250 mm,211900_us,47,3,0.01%,0.04%,65,3,0.01%,0.03%,100.00%,100.00%,1,0,2.13%,0.00%,"25,49 €","0,00 €",1,0
B09P8M12S3,B09P8M12S3,"CUPERINOX® Couture Series - Tijera Costura Profesional 12,5 cm | Acero Inoxidable de Alta Precisión | Corte Fino y Duradero | Uso Doméstico y Profesional",21961,18,2,0.01%,0.02%,25,3,0.01%,0.03%,21.74%,100.00%,2,2,11.11%,100.00%,"11,56 €","11,56 €",1,1
B0DN1XZLRR,B09RG1SHVV,"HENDI Rollo de film de sellado para termoselladora de bandejas HENDI 330005, PET/PE 12/40 con capa PEEL, grosor 55 μm, ancho 18,5 cm, largo 250 m, ø15 cm",H970720,10,2,0.00%,0.02%,16,2,0.00%,0.02%,93.33%,100.00%,1,1,10.00%,50.00%,"47,99 €","47,99 €",1,1
B0DK3JR7C3,B09S5NQQQT,"HENDI Mezclador Profesional de Bebidas, Aireador/Batidor de Bebidas Ligeras, Frappés, Capuchinos Fríos, Drink Mixer, Incluye 2 Vasos y 4 Agitadores, 230V/400W, 170x196x(H)490mm, Negro",H221600,48,2,0.01%,0.02%,58,3,0.01%,0.03%,90.20%,66.67%,2,0,4.17%,0.00%,"322,76 €","0,00 €",1,0
B09T6HFG2F,B09T6HFG2F,Arcos Wok Antiadherente Aluminio Forjado 28 cm,717510,36,0,0.01%,0.00%,54,0,0.01%,0.00%,79.17%,0.00%,1,0,2.78%,0.00%,"42,75 €","0,00 €",1,0
B0CQ5G2HVQ,B09T6L1FNG,"Arcos Sarten Antiadherente 20 cm - Aluminio Forjado, Full Induction, Mango Acero Inoxidable Efecto Frío, Apta Lavavajillas, Ahorro Energético, Serie Samoa, Negro",716110,37,5,0.01%,0.06%,55,6,0.01%,0.05%,43.75%,25.00%,1,0,2.70%,0.00%,"29,99 €","0,00 €",1,0
B0CQ5G2HVQ,B09T9PKHHR,"Arcos Sarten Antiadherente 18 cm - Aluminio Forjado, Mango Acero Inoxidable Efecto Frío, Apta para Inducción y Lavavajillas, Sistema Ahorro Energético, Serie Samoa Basic",716010,31,2,0.01%,0.02%,44,2,0.01%,0.02%,68.42%,0.00%,1,0,3.23%,0.00%,"26,25 €","0,00 €",1,0
B0CRDWK8V7,B09T9RNFJG,"Arcos Cazo Antiadherente 16 cm, Aluminio Forjado, Full Induction, Mango Acero Inoxidable, Ahorro Energético, Apto Lavavajillas, Cocina Gas/Eléctrica/Inducción, Serie Samoa",717210,25,0,0.01%,0.00%,31,0,0.01%,0.00%,62.07%,0.00%,1,0,4.00%,0.00%,"29,95 €","0,00 €",1,0
B09XF4MLJT,B09XF4MLJT,Arcos Serie Clara - Set 4 Cuchillos de Cocina (Mondador + Cocina + Chef + Tijeras) - Acero Inoxidable Forjado NITRUM - Mango Inyectado de Polipropileno - Color Negro,819010_fbm,16,1,0.00%,0.01%,21,1,0.00%,0.01%,100.00%,100.00%,1,0,6.25%,0.00%,"48,49 €","0,00 €",1,0
B0DNBTJMLJ,B09ZHZDJRJ,FAMILIA VINCARE (DETERGENTE BIBERONES),DETERGENTE BIBERONES 500ML,80,0,0.02%,0.00%,106,0,0.02%,0.00%,1.05%,0.00%,1,0,1.25%,0.00%,"7,99 €","0,00 €",1,0
B0B42QTHTP,B0B42QTHTP,CUPERINOX | Tijeras de pescado 18 cm | Tijeras Cocina | tijeras de cocinero profesional para aves pescado carne caza| Accesorios de cocina,21991,50,1,0.02%,0.01%,68,1,0.01%,0.01%,100.00%,100.00%,1,0,2.00%,0.00%,"7,99 €","0,00 €",1,0
B0B464Q8VS,B0B464Q8VS,CUPERINOX® Kitchen Pro | Tijeras de Cocina Profesional 21 cm Tijeras de Trinchar Carne y Pescado Acero Inoxidable Mango Ergonómico Apto Lavavajillas,21981,28,0,0.01%,0.00%,36,0,0.01%,0.00%,100.00%,0.00%,1,0,3.57%,0.00%,"9,99 €","0,00 €",1,0
B0B464Q8VS,B0B464Q8VS,CUPERINOX® Kitchen Pro | Tijeras de Cocina Profesional 21 cm Tijeras de Trinchar Carne y Pescado Acero Inoxidable Mango Ergonómico Apto Lavavajillas,GL-GPOC-BFYF,28,0,0.01%,0.00%,36,0,0.01%,0.00%,100.00%,0.00%,1,0,3.57%,0.00%,"9,99 €","0,00 €",1,0
B0B46BW9GK,B0B46BW9GK,"CUPERINOX® Kitchen Pro - Tijeras Cocina Profesional | Mango Negro Ambidiestro | Acero Inoxidable de Calidad | Para Pollo, Pescado, Carne y Verduras | Apto Lavavajillas",21985,3,0,0.00%,0.00%,3,0,0.00%,0.00%,100.00%,0.00%,1,0,33.33%,0.00%,"9,99 €","0,00 €",1,0
B0C4B1CKSR,B0C4B1CKSR,Arcos Serie Nordika - Cuchillo Yanagiba - Acero Inoxidable NITRUM - Hoja de 240 mm - Mango de Madera Ovengkol 100% natural de bosques certificados FSC® - Embalaje 100% reciclado,168200,32,0,0.01%,0.00%,41,0,0.01%,0.00%,97.22%,0.00%,1,0,3.13%,0.00%,"49,99 €","0,00 €",1,0
B0CVH8PC99,B0CQRMMMR5,CUPERINOX Cuchillos Carne | Cuchillos Mesa | Cuchillos Chuleteros | 6 Piezas | Hoja Serrada | Mango Polipropileno | Acero Inoxidable | 11 cm,99901_6pzs,146,10,0.05%,0.12%,188,16,0.04%,0.14%,100.00%,100.00%,1,0,0.68%,0.00%,"9,99 €","0,00 €",1,0
B0CVH8PC99,B0CQTKPL63,CUPERINOX Cuchillos Carne | Cuchillos Mesa | Cuchillos Chuleteros | 24 Piezas | Hoja Serrada | Mango Polipropileno | Acero Inoxidable | 11 cm,99923,122,8,0.04%,0.10%,165,10,0.04%,0.09%,100.00%,100.00%,1,1,0.82%,12.50%,"19,99 €","19,99 €",1,1
B0F9TD2LTH,B0CS6V91GR,CUPERINOX® Cuchillos de Mesa con Mango de Madera – Set 6 Cuchillos para Carne con Filo Dentado – Estilo Palmadera tradicional – Aptos para Uso Diario,14015,200,12,0.06%,0.15%,220,13,0.05%,0.11%,98.54%,100.00%,1,0,0.50%,0.00%,"18,99 €","0,00 €",1,0
B0CTKV6X91,B0CTKV6X91,"HENDI Juego de 6 tablas de cortar HACCP con soporte, lisas, 6 colores diferentes, 6 piezas, 450x300x(H)10mm, polietileno, polipropileno",H825686,68,8,0.02%,0.10%,98,10,0.02%,0.09%,45.05%,33.33%,1,1,1.47%,12.50%,"64,74 €","64,74 €",1,1
B0D37FZJSV,B0D37FZJSV,VINFERMATON - Insecticida Matón Casa Jardín Mosquitos y Moscas 600ml,V6012,399,17,0.12%,0.21%,595,28,0.13%,0.24%,0.00%,0.00%,1,0,0.25%,0.00%,"7,99 €","0,00 €",1,0
B0D37Q1JGG,B0D37Q1JGG,Maton Insecticida Residual SP 600 ml,V0013,604,26,0.19%,0.32%,980,37,0.21%,0.32%,0.00%,0.00%,6,0,0.99%,0.00%,"59,46 €","0,00 €",1,0
B0D4WK78XV,B0D4WK78XV,CUPERINOX Aceiteras para Aceite Usado | Grasera Acero Inoxidable 550ML con Filtro Metálico | Recipiente para Aceite Usado de Cocina y Grasa | Grasera Cocina Metálica 550ML 2Uds Metálico,22105+22106pack,"1,813",33,0.56%,0.41%,"2,619",47,0.57%,0.40%,69.35%,69.23%,1,0,0.06%,0.00%,"12,49 €","0,00 €",1,0
B0DB2647JX,B0DB2647JX,Repelente de insectos VINFERMATON | Mosquitos y garrapatas | 0% DEET | Apto para niños 1 año | Protección 8 horas,V501100,12,0,0.00%,0.00%,17,0,0.00%,0.00%,100.00%,0.00%,1,0,8.33%,0.00%,"8,63 €","0,00 €",1,0
B0DG2QX9YD,B0DG2QX9YD,"HENDI Dispensador isotérmico de bebidas, 9L",H425336,16,2,0.00%,0.02%,25,5,0.01%,0.04%,86.96%,100.00%,2,2,12.50%,100.00%,"112,50 €","112,50 €",1,1
B0DKP7F29P,B0DJBYB7XQ,"Arcos Serie Samoa Iconic | Cazo Antiadherente Cerámico 16 cm y 1,5 L | Aluminio Forjado | Apta cualquier cocina | Mango Acero Inoxidable | Color Beige | LIBRE DE (PFOA/PTFE/PFOS)",717224,13,1,0.00%,0.01%,15,2,0.00%,0.02%,71.43%,100.00%,1,1,7.69%,100.00%,"34,95 €","34,95 €",1,1
B0DKP7F29P,B0DJBZ635J,"Arcos Serie Samoa Iconic | Cacerola Antiadherente Cerámico 20 cm y 2,6 L | Aluminio Forjado | Apta cualquier cocina | Mango Acero Inoxidable | Color Beige | LIBRE DE (PFOA/PTFE/PFOS)",716924,19,1,0.01%,0.01%,22,1,0.00%,0.01%,90.00%,0.00%,1,1,5.26%,100.00%,"53,95 €","53,95 €",1,1
B0DKP68T32,B0DJBZPC79,Arcos Serie Eclipse - Cuchillo Cocinero - Hoja de Acero Inoxidable Forjado con Filo Seda Plus de 150 mm - Pulido Brillo Especial - Mango Acrílico - Color Negro,213400_,42,0,0.01%,0.00%,50,0,0.01%,0.00%,70.45%,0.00%,1,0,2.38%,0.00%,"63,99 €","0,00 €",1,0
B0DNNKT1W2,B0DNNFJ5J7,"Cuperinox-Tetera de Cristal con Infusor para Té e Infusiones, Resistente al Calor y Compatible con Microondas ** - Infusion Prestige Collection (350 ml)",26110,100,8,0.03%,0.10%,144,17,0.03%,0.15%,95.97%,100.00%,6,6,6.00%,75.00%,"71,94 €","71,94 €",1,1
B0DNNKT1W2,B0DNNJPGTY,"Cuperinox-Tetera de Cristal con Infusor para Té e Infusiones, Resistente al Calor y Compatible con Microondas ** - Infusion Prestige Collection (750 ml)",26112,67,1,0.02%,0.01%,89,1,0.02%,0.01%,98.72%,100.00%,1,0,1.49%,0.00%,"18,49 €","0,00 €",1,0
B0DPKXM18X,B0DNQX2BZN,"CUPERINOX Soporte Jamonero Plegable | Jamonero Giratorio | Jamonero de Bambú con Cuchillo Profesional, Afilador y Funda para Jamón | Elite Collection",20270_,404,10,0.13%,0.12%,483,11,0.10%,0.09%,99.07%,100.00%,1,0,0.25%,0.00%,"50,81 €","0,00 €",1,0
B0DPKXM18X,B0DNQXN97X,CUPERINOX Soporte Jamonero Inoxidable | Jamonero Plegable | Jamonero Giratorio | Jamonero Profesional | Cuchillo Jamonero Profesional y Afilador,20250_fbm,441,20,0.14%,0.25%,525,21,0.11%,0.18%,14.94%,0.00%,1,0,0.23%,0.00%,"72,99 €","0,00 €",1,0
B0DNT3NVG8,B0DNT3NVG8,"CUPERINOX Taza de Viaje 280 ml Térmica con Tapa Hermética, Acero Inoxidable y Aislamiento para Café o Té, Ideal para Llevar y Mantener Bebidas Calientes o Frías|Thermal Collection",26001,21,0,0.01%,0.00%,44,0,0.01%,0.00%,100.00%,0.00%,1,0,4.76%,0.00%,"14,99 €","0,00 €",1,0
B0DPLG5V7Q,B0DPKNBVYD,CUPERINOX Tazas de Cafe con leche de Cristal - Vaso cafe - Vaso Cristal - 270ml (Set de 2) - Apto para Lavavajillas y Microondas - Aroma Series,26122_,70,2,0.02%,0.02%,84,2,0.02%,0.02%,100.00%,100.00%,1,0,1.43%,0.00%,"19,99 €","0,00 €",1,0
B0DTK8VD9V,B0DTK8VD9V,"HENDI Freidora eléctrica XL GOLIATH, con grifo de vaciado, 50 °C-190 °C, zona fría, con tapa y cesta de freír, 10L, muy potente: 10200W, 400V, 300x585x(H)392mm, acero inoxidable",H209431,21,3,0.01%,0.04%,35,4,0.01%,0.03%,83.87%,75.00%,1,1,4.76%,33.33%,"449,00 €","449,00 €",1,1
B0FJLTDB9J,B0F9L19CF8,Set de Cortauñas Profesional,21931+21932,38,0,0.01%,0.00%,53,0,0.01%,0.00%,100.00%,0.00%,1,0,2.63%,0.00%,"6,99 €","0,00 €",1,0
B0FJLTDB9J,B0FB98PM7Z,CUPERINOX® Beauty Care – Pack 3 Cortauñas de Precisión | Alicate + Cortaúñas Mediano + Cortaúñas con Llavero | Acero Inoxidable Profesional | Manicura y Pedicura | Hombre y Mujer,A10004,62,2,0.02%,0.02%,72,3,0.02%,0.03%,100.00%,100.00%,1,0,1.61%,0.00%,"12,99 €","0,00 €",1,0
B0FHQJSLGJ,B0FHQJSLGJ,"VINFERMATON - Insecticida Antipolillas Perfumado | Pack 3 x 300 ml | Protección para Armarios, Ropa y Tejidos | Elimina Polillas y Larvas | Aroma Agradable | Uso en Ambientes y Textiles",V1308_PACK3,23,0,0.01%,0.00%,34,0,0.01%,0.00%,100.00%,0.00%,1,0,4.35%,0.00%,"12,99 €","0,00 €",1,0