ASIN (parent),ASIN (child),Título,SKU,Sesiones: total,Sesiones - Total - B2B,Porcentaje de sesiones: total,Porcentaje de sesiones: total - B2B,Visitas: total,Visitas - Total - B2B,Porcentaje de visitas: total,Porcentaje de visitas - Total - B2B,Porcentaje de ofertas destacadas (Buy Box),Porcentaje de ofertas destacadas: B2B,Unidades encargadas,Unidades encargadas - B2B,Porcentaje de unidades por sesión,Porcentaje de sesiones de unidades - B2B,Ventas de productos encargados,Ventas de productos encargados: B2B,Total de artículos de un pedido,Total de artículos de un pedido - B2B
B0BGRT2BVV,B09G9WBKPG,Arcos Juego de 6 Cuchillos de Mesa Chuleteros Hoja 110 mm Negro 705500,705500(805109),"4,278",117,1.93%,2.00%,"6,414",181,2.01%,2.10%,89.46%,31.25%,470,13,10.99%,11.11%,"6.535,17 €","180,61 €",409,7
B09NT4VRN7,B0812BKN39,Arcos Juego de Cuchillos Mondadores de 3 Piezas,859800_barras_arcos,"14,173",311,6.39%,5.31%,"19,942",460,6.24%,5.34%,29.88%,11.60%,287,8,2.02%,2.57%,"2.866,51 €","75,19 €",276,8
B09DYJY471,B08MTCRCT4,Arcos Juego Cuchillos Cocina Profesionales| Cuchillos Cocina Profesional | Cuchillos Acero Inoxidable Mango Negro | utensilios de cocina | cuchillo japones Santoku | lavavajillas (5 Piezas),816800,"3,848",69,1.73%,1.18%,"5,412",97,1.69%,1.13%,99.05%,95.83%,202,14,5.25%,20.29%,"6.053,28 €","414,66 €",195,9
B08J488ZQG,B089QP6MYJ,Arcos Juego Cuchillos Carne | 6 Piezas | Cuchillos carne cuchillo chuleteros | cubiertos acero inoxidable | Hoja 110 mm | mango monobloque | aptos lavavajillas | Caja Envase Ecológico,815600_fba,"2,296",78,1.03%,1.33%,"3,695",107,1.16%,1.24%,99.34%,100.00%,161,1,7.01%,1.28%,"4.346,74 €","26,99 €",142,1
B0DPKXM18X,B0DNQT7LV3,"CUPERINOX Soporte Jamonero Balancín | Jamonero Giratorio Profesional | Jamonero Madera | Incluye Cuchillo Profesional, Afilador Funda Cubre Jamón| Jamoneros Elite Collection",20265_,"2,135",69,0.96%,1.18%,"3,946",107,1.23%,1.24%,99.19%,100.00%,142,3,6.65%,4.35%,"12.780,07 €","269,97 €",138,3
B0F1N351DY,B072FGV2YH,Arcos Juego de 6 Cuchillos Mondadores Acero Inoxidable 100 mm,189100,"3,425",95,1.54%,1.62%,"4,907",155,1.53%,1.80%,56.76%,54.87%,148,0,4.32%,0.00%,"2.541,95 €","0,00 €",136,0
B08MT437W9,B08MT437W9,Arcos Juego Cuchillos Cocina Profesionales| Cuchillos Cocina Profesional | 6 pzas | Cuchillos Acero Inoxidable Mango Negro | utensilios de cocina serie Niza | Apto lavavajillas,812900,"4,178",61,1.88%,1.04%,"5,422",79,1.70%,0.92%,99.07%,100.00%,131,0,3.14%,0.00%,"4.256,19 €","0,00 €",131,0
B0752NT3TH,B005LR77GC,ARCOS Tijeras de Cocina Profesional 235 mm,185701,927,45,0.42%,0.77%,"1,491",56,0.47%,0.65%,46.17%,27.27%,128,1,13.81%,2.22%,"1.151,32 €","8,99 €",119,1
B09KJLG7BT,B08KW4BFZ9,CUPERINOX Jamonero Profesional | Soporte jamonero Tipo Gondola| Base de Corte para Usar con Cuchillo jamonero | Jamon iberico | Fabricado en España,2020CUP,"1,105",13,0.50%,0.22%,"1,586",18,0.50%,0.21%,72.14%,72.73%,117,0,10.59%,0.00%,"1.579,65 €","0,00 €",116,0
B095SDL23Y,B095SDL23Y,Arcos | cuchillos de mesa (6 ud) | cuchillos acero inoxidable con sierra cuchillo chuletero cuchillos chuleteros | Fabricado en España,813000,"1,094",33,0.49%,0.56%,"1,614",43,0.50%,0.50%,100.00%,100.00%,106,1,9.69%,3.03%,"1.694,94 €","15,99 €",94,1
B08M7BMR2S,B00I9XTLSC,ARCOS Afilador Profesional Manual Cerámica y Carbono Rojo-Negro,610600_2,"6,658",141,3.00%,2.41%,"9,116",207,2.85%,2.40%,16.21%,0.00%,94,0,1.41%,0.00%,"1.268,58 €","0,00 €",92,0
B0D4WK78XV,B0D4WK78XV,CUPERINOX Aceiteras para Aceite Usado | Grasera Acero Inoxidable 550ML con Filtro Metálico | Recipiente para Aceite Usado de Cocina y Grasa | Grasera Cocina Metálica 550ML 2Uds Metálico,22105+22106pack,"1,805",31,0.81%,0.53%,"2,659",45,0.83%,0.52%,68.57%,100.00%,93,5,5.15%,16.13%,"1.059,27 €","60,95 €",91,3
B09DYJY471,B08MQJCD2V,Arcos Juego Cuchillos Cocina Profesionales| Cuchillos Cocina Profesional | Cuchillos Acero Inoxidable Mango Negro | utensilios de cocina | cuchillo japones Santoku | lavavajillas (4 Piezas),816900,"1,320",24,0.59%,0.41%,"1,838",41,0.57%,0.48%,99.57%,100.00%,92,1,6.97%,4.17%,"2.391,94 €","25,99 €",90,1
B017HKRCGK,B005LR7A1Y,ARCOS Bolsa para Cuchillos 100% Poliéster 460x275 mm,690200_,"1,626",36,0.73%,0.61%,"2,533",47,0.79%,0.55%,59.70%,41.67%,99,12,6.09%,33.33%,"1.496,28 €","165,35 €",89,3
B07YM65C6J,B007TS6HMQ,ARCOS Pinza para Pescado Acero Inoxidable,605000_caja,500,17,0.23%,0.29%,744,24,0.23%,0.28%,79.82%,68.75%,88,6,17.60%,35.29%,"814,45 €","55,50 €",84,5
B08M7BMR2S,B08LNRV6N6,"Arcos Afiladores, Afilador de Cuchillos de Mano, Hecho de ABS + TPE, Rodillos Cerámico y Carburo, Color Blanco y Negro",610624,924,19,0.42%,0.32%,"1,187",24,0.37%,0.28%,98.93%,100.00%,82,2,8.87%,10.53%,"1.122,56 €","25,02 €",82,2
B0D4WK78XV,B0D4WK78XV,CUPERINOX Aceiteras para Aceite Usado | Grasera Acero Inoxidable 550ML con Filtro Metálico | Recipiente para Aceite Usado de Cocina y Grasa | Grasera Cocina Metálica 550ML 2Uds Metálico,22105y22106,"1,805",31,0.81%,0.53%,"2,659",45,0.83%,0.52%,68.57%,100.00%,79,2,4.38%,6.45%,"942,21 €","23,98 €",79,2
B08GSTDWTC,B08LVVQ3ZQ,"Arcos Serie Nova - Cuchillo para pelar, Acero Inoxidable NITRUM, Envase Ecológico, 3 colores Fucsia, Turquesa y Amarillo",703700_,716,15,0.32%,0.26%,"1,171",21,0.37%,0.24%,99.24%,100.00%,98,15,13.69%,100.00%,"1.028,19 €","157,35 €",77,1
B0DVT6KPDV,B0DT6ZPGVQ, ,27008,708,19,0.32%,0.32%,"1,019",27,0.32%,0.31%,98.41%,100.00%,75,0,10.59%,0.00%,"901,25 €","0,00 €",74,0
B0F2Z57T3H,B09CL776WP,CUPERINOX® Cuchillos de Mesa Acero Inoxidable – Set 12 Cuchillos para Carne con Filo Dentado – Aptos Lavavajillas – Uso Diario y Profesional,15015_,992,51,0.45%,0.87%,"1,432",80,0.45%,0.93%,99.53%,100.00%,119,4,12.00%,7.84%,"2.259,81 €","75,96 €",70,2
B08J488ZQG,B089QP6MYJ,Arcos Juego Cuchillos Carne | 6 Piezas | Cuchillos carne cuchillo chuleteros | cubiertos acero inoxidable | Hoja 110 mm | mango monobloque | aptos lavavajillas | Caja Envase Ecológico,815600_,"2,296",78,1.03%,1.33%,"3,695",107,1.16%,1.24%,99.34%,100.00%,103,22,4.49%,28.21%,"2.711,68 €","541,78 €",65,7
B08L8MV8XD,B005LR72SK,Arcos Juego de Cuchillos con Bloque Acero Inoxidable 6 piezas,136100_,"2,741",65,1.24%,1.11%,"4,214",94,1.32%,1.09%,37.00%,48.57%,56,4,2.04%,6.15%,"2.517,20 €","179,80 €",56,4
B08M7BMR2S,B08LNRV6N6,"Arcos Afiladores, Afilador de Cuchillos de Mano, Hecho de ABS + TPE, Rodillos Cerámico y Carburo, Color Blanco y Negro",610624_fbm,924,19,0.42%,0.32%,"1,187",24,0.37%,0.28%,98.93%,100.00%,55,0,5.95%,0.00%,"753,94 €","0,00 €",54,0
B08G8QCM5H,B08G8QCM5H,ARCOS cuchillo pelador | 6 PIEZAS | cuchillo de pelar | cuchillos pelar patatas | Hoja 100 mm | Negro | cuchillo arcos pelador Acero Inoxidable,816500_,831,33,0.37%,0.56%,"1,177",53,0.37%,0.62%,100.00%,100.00%,53,4,6.38%,12.12%,"1.006,47 €","75,96 €",51,4
B09RP6V156,B09RP6V156,"CUPERINOX® Alicates para pedicura, Profesional, Cortaúñas de Pies, Acero Inoxidable, Mango Ergonómico Antideslizante, Fácil Limpieza, Con Funda, 2 Años de Garantía",21920AM_fba,437,9,0.20%,0.15%,643,10,0.20%,0.12%,99.82%,80.00%,54,3,12.36%,33.33%,"512,46 €","28,47 €",51,3
B0DNNKT1W2,B0DNNFJ5J7,"Cuperinox-Tetera de Cristal con Infusor para Té e Infusiones, Resistente al Calor y Compatible con Microondas ** - Infusion Prestige Collection (350 ml)",26110_,"1,469",46,0.66%,0.79%,"1,988",79,0.62%,0.92%,99.55%,100.00%,51,2,3.47%,4.35%,"764,49 €","29,98 €",49,1
B09N7S17J6,B09D3YRGL9,"CUPERINOX Navaja Plegable Multiusos – Hoja de Acero Inoxidable 80 mm (Filo Liso + Serrado), Punta Rompevidrios, Apertura Rápida, Clip de Cinturón, Herramienta para Camping, Caza, Pesca y Supervivencia",30061_,"1,014",15,0.46%,0.26%,"1,543",20,0.48%,0.23%,99.18%,100.00%,48,2,4.73%,13.33%,"479,52 €","19,98 €",47,2
B0DNNKT1W2,B0DNNJPRXB,"Cuperinox-Tetera de Cristal con Infusor para Té e Infusiones, Resistente al Calor y Compatible con Microondas ** - Infusion Prestige Collection (550 ml)",26111_,819,34,0.37%,0.58%,"1,218",48,0.38%,0.56%,99.35%,100.00%,46,0,5.62%,0.00%,"781,54 €","0,00 €",44,0
B0CYTKGNPM,B0CW68KM18,Pelador de Cocina ARCOS - Hoja de Acero Inoxidable | Mango Ergonómico | Herramienta Versátil para Pelar Frutas y Verduras,607300,907,14,0.41%,0.24%,"1,091",20,0.34%,0.23%,54.65%,87.50%,45,1,4.96%,7.14%,"350,75 €","7,80 €",43,1
B0DNNL2TZQ,B0DNN57WC1,"CUPERINOX Aceitera de Cristal Antigoteo para Aceite de Oliva, Resistente y Fácil de Limpiar Gourmet Oil Collection (250 Ml)",22022,404,15,0.18%,0.26%,554,20,0.17%,0.23%,94.19%,100.00%,43,0,10.64%,0.00%,"515,57 €","0,00 €",42,0
B017HKRCGK,B005LR7AWI,ARCOS Bolsa Portacuchillos 8 Piezas Poliéster 500x510mm,690400_,453,14,0.20%,0.24%,684,18,0.21%,0.21%,59.44%,75.00%,52,0,11.48%,0.00%,"1.299,48 €","0,00 €",41,0
B089MW6B1B,B078JNZS9T,Arcos Estuche de 3 Cuchillos Básicos de Cocina. Pack de Cuchillos con Hoja de Acero Inoxidable y Mango de Polieximetileno Aptos para Lavavajillas. Serie Universal. Color Negro,807400_us,"2,523",48,1.14%,0.82%,"3,743",68,1.17%,0.79%,45.17%,40.00%,41,1,1.63%,2.08%,"1.660,09 €","40,49 €",41,1
B0C4DTYRJW,B071LGMMGV,Arcos Juego Cuchillos Cocina Profesionales| Cuchillos Cocina Profesional Set Cuchillos | Mango Negro (3 Piezas),862600,978,23,0.44%,0.39%,"1,475",34,0.46%,0.39%,99.08%,100.00%,38,4,3.89%,17.39%,"1.519,62 €","159,96 €",37,4
B098BLF7X6,B098BLF7X6,"Tradineur - Grasera metálica para pescado con filtro, aceitera con colador para conservación de aceite de acero inoxidable, recipiente para colar aceites - Ø 9 cm",22106_us,364,2,0.16%,0.03%,508,6,0.16%,0.07%,99.78%,0.00%,37,0,10.16%,0.00%,"277,13 €","0,00 €",37,0
B0DNNKT1W2,B0DNNJCHQP,"Cuperinox-Tetera de Cristal con Infusor para Té e Infusiones, Resistente al Calor y Compatible con Microondas ** - Infusion Prestige Collection (950 ml)",26113_,398,10,0.18%,0.17%,592,10,0.19%,0.12%,99.81%,100.00%,37,1,9.30%,10.00%,"737,48 €","16,52 €",37,1
B09GSCQQF9,B07G77FNSF,"Arcos Serie Cuchillos de Mesa Caja 12 uds Cuchillo Postre, Hoja Serrada de Acero Inoxidable NITRUM de 105 mm, Mango Polipropileno Color crema (12 UDS)",370100_,673,22,0.30%,0.38%,969,31,0.30%,0.36%,99.30%,100.00%,37,3,5.50%,13.64%,"675,25 €","54,75 €",36,3
B093DSL44T,B07F9RV81Z,Arcos Cuchillo Chuletero de 4 Pulgadas con Hoja de 105mm en Acero Inoxidable y Mango de Madera. Cuchillo para Carne Apto para Lavavajillas. Serie Latina. Color Marrón,100400_fba,755,19,0.34%,0.32%,"1,099",35,0.34%,0.41%,84.76%,96.00%,33,3,4.37%,15.79%,"1.187,67 €","107,97 €",33,3
B09DYJY471,B08MTCRCT4,Arcos Juego Cuchillos Cocina Profesionales| Cuchillos Cocina Profesional | Cuchillos Acero Inoxidable Mango Negro | utensilios de cocina | cuchillo japones Santoku | lavavajillas (5 Piezas),816800fbm,"3,848",69,1.73%,1.18%,"5,412",97,1.69%,1.13%,99.05%,95.83%,33,4,0.86%,5.80%,"988,01 €","117,80 €",32,3
B0F1N351DY,B072FGV2YH,Arcos Juego de 6 Cuchillos Mondadores Acero Inoxidable 100 mm,189100_2,"3,425",95,1.54%,1.62%,"4,907",155,1.53%,1.80%,56.76%,54.87%,36,18,1.05%,18.95%,"609,81 €","299,02 €",31,13
B0937XXT33,B01CQT1B5U,"Arcos Cuchillos de Mesa Juego de Cuchillos Chuleteros Cuchillos de Mesa, Monoblock de una pieza de Acero Inoxidable 110 mm, Color Plata (12 uds)",702000,470,21,0.21%,0.36%,752,44,0.24%,0.51%,78.13%,100.00%,35,7,7.45%,33.33%,"1.678,46 €","335,93 €",30,2
B0BGRT2BVV,B09G9WBKPG,Arcos Juego de 6 Cuchillos de Mesa Chuleteros Hoja 110 mm Negro 705500,805109_uss,"4,278",117,1.93%,2.00%,"6,414",181,2.01%,2.10%,89.46%,31.25%,35,8,0.82%,6.84%,"487,40 €","109,67 €",30,4
B00J3ZVMCS,B00J3ZVMCS,Arcos Serie Toscana - Juego de Cucharas para Café (6 cucharas) - Monoblock de una pieza en Acero Inoxidable 18/10 y 140 mm - Color Plata,574200_,500,30,0.23%,0.51%,819,36,0.26%,0.42%,76.80%,59.26%,41,4,8.20%,13.33%,"416,63 €","39,00 €",29,3
B08M9NWMW8,B08M9NWMW8,Arcos Juego de Cuchillos de Cocina Profesional y Afilador | 7 Piezas | Acero Inoxidable | Taco de Madera | Serie Niza | Uso Cotidiano | Apto para Lavavajillas,835800FBM,600,14,0.27%,0.24%,887,23,0.28%,0.27%,98.73%,100.00%,29,2,4.83%,14.29%,"1.594,71 €","109,98 €",29,2
B017DLH9RA,B017DLH9RA,ARCOS Cuchillo Abre Ostras Acero Inoxidable 60 mm,227200_us,173,12,0.08%,0.20%,235,22,0.07%,0.26%,80.82%,100.00%,31,3,17.92%,25.00%,"247,82 €","23,97 €",27,2
B0752X4WZ6,B00TA4O5YO,ARCOS Pinzas para Emplatar Acero Inoxidable 300 mm,606200,"1,101",28,0.50%,0.48%,"1,335",35,0.42%,0.41%,44.81%,5.88%,26,0,2.36%,0.00%,"298,74 €","0,00 €",26,0
B0752X1ZCK,B07G77NN26,Arcos Cuchillos de Mesa - Caja de 12 uds Cuchillo Chuletero Cuchillo de Mesa - Hoja de Acero Inoxidable NITRUM 110 mm - Mango de Nylon - Color Negro (12 uds),803000,616,27,0.28%,0.46%,947,38,0.30%,0.44%,97.85%,100.00%,28,2,4.55%,7.41%,"811,72 €","57,98 €",26,2
B08GSTDWTC,B08G4D9718,"Arcos | Cuchillos 3 Colores | Cuchillo de pelar | Cuchillos pelar Patatas | Acero Inoxidable Nitrum| Envase Ecológico | Cuchillo Colores (85 mm, Amarillo, Turquesa, Naranja)",816700_francia,306,6,0.14%,0.10%,416,6,0.13%,0.07%,99.73%,100.00%,28,1,9.15%,16.67%,"273,16 €","9,75 €",25,1
B06XB92VRH,B00YU2ZWGG,CUPERINOX Cafetera Italiana Induccion Espresso Acero Inoxidable 10 Tazas,25034_fbm,792,12,0.36%,0.20%,"1,222",15,0.38%,0.17%,98.99%,100.00%,23,0,2.90%,0.00%,"459,77 €","0,00 €",23,0
B09381N96H,B07G75XCXM,"Arcos Serie Cuchillos de Mesa Caja 12 uds Cuchillo Mesa, Hoja Serrada de Acero Inoxidable NITRUM de 125 mm, Mango Polipropileno Color crema (12 UDS)",370200_fbm,292,13,0.13%,0.22%,455,23,0.14%,0.27%,98.23%,100.00%,24,1,8.22%,7.69%,"479,76 €","19,99 €",23,1
B0752TVHLW,B00J4L7FEU,Arcos Hachuela Macheta de Cocina Acero Inoxidable 160 mm,282404_us,258,10,0.12%,0.17%,382,19,0.12%,0.22%,71.39%,77.78%,22,3,8.53%,30.00%,"542,22 €","71,97 €",22,3
B08LVZCG23,B08LVZCG23,Arcos Juego de Cuchillos de Cocina Rosa | 3 pz | Cuchillo Chef para pelar Verduras | Edición Limitada | Solidaria,814500_fba,595,19,0.27%,0.32%,905,25,0.28%,0.29%,99.23%,100.00%,22,1,3.70%,5.26%,"658,78 €","28,99 €",22,1
B08Y8NS7PN,B08MT61GJV,Arcos Juego Cuchillos Cocina | 2 pzas |Profesional (150 mm) | Cuchillo Cortador Verduras (100 mm)| Acero Inoxidable Nitrum | Mango Negro | Envase Eco,819900fbm,325,6,0.15%,0.10%,481,9,0.15%,0.10%,99.54%,100.00%,23,2,7.08%,33.33%,"413,05 €","35,26 €",22,1
B017HKG9PK,B0044R883Q,Arcos Cuchillo Mondador Negro 80 mm,150200-cod_barras_arcos,609,20,0.27%,0.34%,850,24,0.27%,0.28%,41.70%,43.75%,22,1,3.61%,5.00%,"216,93 €","7,98 €",21,1
B00J3ZVMCS,B00J3ZVMCS,Arcos Serie Toscana - Juego de Cucharas para Café (6 cucharas) - Monoblock de una pieza en Acero Inoxidable 18/10 y 140 mm - Color Plata,574200,500,30,0.23%,0.51%,819,36,0.26%,0.42%,76.80%,59.26%,28,1,5.60%,3.33%,"279,48 €","9,75 €",21,1
B06XB92VRH,B00YU2ZWGG,CUPERINOX Cafetera Italiana Induccion Espresso Acero Inoxidable 10 Tazas,25034,792,12,0.36%,0.20%,"1,222",15,0.38%,0.17%,98.99%,100.00%,21,0,2.65%,0.00%,"419,79 €","0,00 €",21,0
B08MT437W9,B08MT437W9,Arcos Juego Cuchillos Cocina Profesionales| Cuchillos Cocina Profesional | 6 pzas | Cuchillos Acero Inoxidable Mango Negro | utensilios de cocina serie Niza | Apto lavavajillas,812900fbm,"4,178",61,1.88%,1.04%,"5,422",79,1.70%,0.92%,99.07%,100.00%,21,6,0.50%,9.84%,"682,29 €","194,94 €",21,6
B0F2Z57T3H,B09CL776WP,CUPERINOX® Cuchillos de Mesa Acero Inoxidable – Set 12 Cuchillos para Carne con Filo Dentado – Aptos Lavavajillas – Uso Diario y Profesional,15015,992,51,0.45%,0.87%,"1,432",80,0.45%,0.93%,99.53%,100.00%,38,24,3.83%,47.06%,"715,95 €","449,16 €",21,12
B0B3CWSDRQ,B00CF20V2I,ARCOS Chaira Afilador Manual Acero Carbono Cromado Negro 230 mm,278100_,285,8,0.13%,0.14%,425,9,0.13%,0.10%,91.62%,88.89%,21,5,7.37%,62.50%,"242,88 €","54,69 €",20,4
B07F9GQZCB,B07F9GQZCB,Arcos Cuchillo para Verduras de 4 Pulgadas con Hoja de 105mm en Acero Inoxidable y Mango de Madera. Cuchillo para Vegetales Apto para Lavavajillas. Serie Latina. Color Marrón,100500,341,6,0.15%,0.10%,511,8,0.16%,0.09%,99.55%,100.00%,20,2,5.87%,33.33%,"739,80 €","73,98 €",20,2
B089M821V5,B089M821V5,Arcos Cuchillos Carne | 6 pzas | Cuchillos chuleteros Set Cuchillo de Mesa Sierra | Mango Madera | Hoja 110 mm | Cuchillos Carne Mesa | Apto lavavajillas | Envase Carton | Ecologico,815500_,685,24,0.31%,0.41%,994,44,0.31%,0.51%,99.42%,100.00%,25,1,3.65%,4.17%,"749,75 €","29,99 €",20,1
B08NW1VQRT,B08NW1VQRT,CUPERINOX Navaja para Setas y Champiñones | Acero Inoxidable | Con Cepillo y Funda Incluida | Micológica,2181,234,3,0.11%,0.05%,334,3,0.10%,0.03%,98.69%,100.00%,24,0,10.26%,0.00%,"251,76 €","0,00 €",20,0
B0DQV6381X,B0DQDQ1DB8,CUPERINOX Jamonero | Jamonero Giratorio | Tabla Cortar Jamon | Jamoneros Profesional | Jamonero Plegable | Tabla Jamon | Cortador de Jamon,SC_20270,445,8,0.20%,0.14%,698,13,0.22%,0.15%,99.38%,77.78%,20,0,4.49%,0.00%,"705,00 €","0,00 €",20,0
B08M5K93QF,B08M5K93QF,Arcos Juego Cuchillos Mesa | 6 Uds | Cuchillo Postre | Cuchillos Mesa | Cuchillo Carne | Hoja 105 mm | Acero Inoxidable Martensítico | Mango Polipropileno | Apto lavavajillas | Envase Ecológico,703500_etq,140,2,0.06%,0.03%,202,3,0.06%,0.03%,100.00%,100.00%,19,0,13.57%,0.00%,"208,81 €","0,00 €",19,0
B0DNNL2TZQ,B0DNN4J6Q8,"CUPERINOX Aceitera antigoteo cristal para Aceite de Oliva, Vinagre etc. A prueba de fugas, Aceitera cristal antigoteo tambien aceiteros cocina ideal para Ensaladas, BBQ, cooking oil container (125 ML)",22021,385,13,0.17%,0.22%,544,17,0.17%,0.20%,98.36%,100.00%,22,1,5.71%,7.69%,"252,98 €","11,49 €",19,1
B0DNNL2TZQ,B0DNNF3839,"CUPERINOX Aceitera de Cristal Antigoteo para Aceite de Oliva, Resistente y Fácil de Limpiar Gourmet Oil Collection (1000 Ml)",22024,203,13,0.09%,0.22%,284,22,0.09%,0.26%,100.00%,100.00%,20,0,9.85%,0.00%,"359,80 €","0,00 €",19,0
B017HKR8WS,B005LR7EP6,ARCOS Afilador de Cuchillos Profesional ABS,610000,"1,552",60,0.70%,1.02%,"2,280",106,0.71%,1.23%,32.49%,45.45%,18,6,1.16%,10.00%,"1.181,82 €","389,94 €",18,6
B0812P3LZT,B0812P3LZT,"Arcos Nova - Set 3 Cuchillos Mantequilla - Acero Inoxidable 70 mm - Mango en color menta, naranja y limon",859900_,147,4,0.07%,0.07%,207,6,0.06%,0.07%,98.91%,0.00%,18,0,12.24%,0.00%,"197,82 €","0,00 €",18,0
B0C4DTYRJW,B094QVHPQ8,Arcos Juego Cuchillos Cocina Profesionales| Cuchillos Cocina Profesional Set Cuchillos | Mango Negro (4 Piezas),813500,628,13,0.28%,0.22%,852,17,0.27%,0.20%,99.35%,100.00%,18,0,2.87%,0.00%,"719,10 €","0,00 €",18,0
B09N7S17J6,B09D3YRGL9,"CUPERINOX Navaja Plegable Multiusos – Hoja de Acero Inoxidable 80 mm (Filo Liso + Serrado), Punta Rompevidrios, Apertura Rápida, Clip de Cinturón, Herramienta para Camping, Caza, Pesca y Supervivencia",30061_solo_navaja,"1,014",15,0.46%,0.26%,"1,543",20,0.48%,0.23%,99.18%,100.00%,19,0,1.87%,0.00%,"190,83 €","0,00 €",18,0
B017HKG9PK,B0044R87ZU,Arcos Cuchillo Cocina Acero Inoxidable Nitrum y Hoja 180 mm. Cuchillo Utilidad Profesional. Mango ergonómico polioximetileno Pom. Serie Maitre. Color Negro.,150800_fbm,739,12,0.33%,0.20%,949,19,0.30%,0.22%,52.80%,30.00%,19,0,2.57%,0.00%,"251,97 €","0,00 €",17,0
B0CYTKGNPM,B0843Q6L5P,ARCOS Pelador Profesional Acero Inoxidable Cromado 130 mm,607000_etq,"2,423",79,1.09%,1.35%,"3,824",130,1.20%,1.51%,0.66%,13.59%,18,3,0.74%,3.80%,"107,94 €","14,85 €",17,3
B0F1N351DY,B097RDB5T3,Arcos Juego de 3 Cuchillos Mondadores Acero Inoxidable 100 mm,816500_3piezas,616,17,0.28%,0.29%,831,22,0.26%,0.26%,59.15%,0.00%,17,0,2.76%,0.00%,"213,03 €","0,00 €",17,0
B0DNNKT1W2,B0DNNJPRXB,"Cuperinox-Tetera de Cristal con Infusor para Té e Infusiones, Resistente al Calor y Compatible con Microondas ** - Infusion Prestige Collection (550 ml)",26111,819,34,0.37%,0.58%,"1,218",48,0.38%,0.56%,99.35%,100.00%,22,10,2.69%,29.41%,"348,99 €","145,11 €",17,5
B08XYZRKC4,B007TS6GWW,"ARCOS Juego de Cubiertos de 24 Piezas para Mesa. Cuberterí­a Completa para 6 Personas. Set de 6 Cucharas, 6 Cuchillos, 6 Tenedores y 6 Cucharas de Postre. Serie Toscana. Color Plata",572400,"1,356",38,0.61%,0.65%,"2,070",55,0.65%,0.64%,48.96%,38.71%,17,1,1.25%,2.63%,"1.104,83 €","64,99 €",16,1
B0752X1ZCK,B07G77NN26,Arcos Cuchillos de Mesa - Caja de 12 uds Cuchillo Chuletero Cuchillo de Mesa - Hoja de Acero Inoxidable NITRUM 110 mm - Mango de Nylon - Color Negro (12 uds),803000_fmb,616,27,0.28%,0.46%,947,38,0.30%,0.44%,97.85%,100.00%,16,3,2.60%,11.11%,"463,84 €","86,97 €",16,3
B08G8QHY23,B08G8QHY23,Arcos | cuchillos chuleteros cuchillo madera cuchillo chuletero | 6 Piezas | juego cuchillos carne | cuchillos mango madera | Envase Eco | Fabricado en España,809300_,272,9,0.12%,0.15%,406,14,0.13%,0.16%,100.00%,100.00%,18,0,6.62%,0.00%,"431,82 €","0,00 €",16,0
B0DNNL2TZQ,B0DNNFGWNJ,"CUPERINOX Aceitera de Cristal Antigoteo para Aceite de Oliva, Resistente y Fácil de Limpiar Gourmet Oil Collection (500 Ml)",22023,174,12,0.08%,0.20%,262,16,0.08%,0.19%,95.61%,83.33%,16,0,9.20%,0.00%,"239,84 €","0,00 €",16,0
B017HKG9PK,B0044R87RS,Arcos Cuchillo para Maitre Negro 215 mm,151000,"3,436",111,1.55%,1.90%,"5,610",198,1.75%,2.30%,5.98%,2.16%,16,1,0.47%,0.90%,"240,09 €","14,99 €",15,1
B017HKG9PK,B0044R87YQ,Arcos Cuchillo para Maitre Negro 100 mm,150500_pp,698,16,0.31%,0.27%,"1,019",22,0.32%,0.26%,34.36%,53.33%,15,0,2.15%,0.00%,"149,25 €","0,00 €",15,0
B08JCVQ4QL,B08JCVQ4QL,"Arcos Series Niza - Juego de Cuchillos Cocina, 6 Piezas, Cuchillos Verduras 110 mm, + Cuchillo Mesa, Envase 100% Ecológico, Acero Inoxidable NITRUM",809400_,416,10,0.19%,0.17%,617,12,0.19%,0.14%,99.81%,100.00%,16,0,3.85%,0.00%,"319,84 €","0,00 €",15,0
B08J488ZQG,B0987N2CBR,Arcos Juego Cuchillos Carne | 6 Piezas | Cuchillos carne cuchillo chuleteros | cubiertos acero inoxidable | Hoja 110 mm | mango monobloque | aptos lavavajillas | Caja Envase Ecológico,814000_fba,579,28,0.26%,0.48%,687,34,0.21%,0.39%,99.66%,100.00%,19,0,3.28%,0.00%,"531,81 €","0,00 €",15,0
B0DNNKT1W2,B0DNNJPGTY,"Cuperinox-Tetera de Cristal con Infusor para Té e Infusiones, Resistente al Calor y Compatible con Microondas ** - Infusion Prestige Collection (750 ml)",26112_,510,15,0.23%,0.26%,678,20,0.21%,0.23%,99.83%,100.00%,16,0,3.14%,0.00%,"296,14 €","0,00 €",15,0
B00D3LDXPM,B00D3LDXPM,ARCOS Abrelatas Manual Aleación de Zinc Plata-Negro 160 mm,603600,137,16,0.06%,0.27%,190,18,0.06%,0.21%,46.91%,68.75%,14,6,10.22%,37.50%,"242,14 €","101,94 €",14,6
B00J3ZTXAG,B00J3ZTXAG,Arcos Cuchillo Jamonero 250 mm Acero Inoxidable Serie Latina,101301_fbm,486,14,0.22%,0.24%,696,16,0.22%,0.19%,19.24%,25.00%,14,1,2.88%,7.14%,"140,03 €","9,99 €",14,1
B0B8Z4CJBC,B07F2YVB15,"Arcos Juego Cuchillos Pelar Acero Inoxidable Nitrum 4""",136500,503,21,0.23%,0.36%,739,33,0.23%,0.38%,71.28%,47.37%,16,0,3.18%,0.00%,"308,80 €","0,00 €",14,0
B0843QFQB7,B0843QFQB7,Arcos Set Cuchillos 5 piezas Acero Inoxidable Nitrum. Cuchillo Cocina Profesional Afilado para Cortar Carne. Mango Ergonómico Polioximetileno POM. Serie Opera. Diseño Clásico. Color Negro.,227000,485,12,0.22%,0.20%,785,18,0.25%,0.21%,76.96%,50.00%,15,0,3.09%,0.00%,"2.083,35 €","0,00 €",14,0
B09DYJY471,B08MQJCD2V,Arcos Juego Cuchillos Cocina Profesionales| Cuchillos Cocina Profesional | Cuchillos Acero Inoxidable Mango Negro | utensilios de cocina | cuchillo japones Santoku | lavavajillas (4 Piezas),816900fba,"1,320",24,0.59%,0.41%,"1,838",41,0.57%,0.48%,99.57%,100.00%,14,2,1.06%,8.33%,"363,86 €","51,98 €",14,2
B0752TVHLW,B0044R87QE,Arcos Cuchillo Cocina Acero Inoxidable 200 mm,280604_,386,12,0.17%,0.20%,547,15,0.17%,0.17%,49.59%,44.44%,15,4,3.89%,33.33%,"307,35 €","81,96 €",13,3
B017HKG9PK,B0044R87ZA,Arcos Cuchillo Mondador de Acero Inoxidable. Cuchillo Cocina Profesional para Pelar Frutas y Verduras. Mango Ergonómico Polioximetileno y Hoja 150mm. Serie Maitre. Color Negro.,150700_,722,22,0.33%,0.38%,"1,077",28,0.34%,0.33%,33.23%,13.33%,15,0,2.08%,0.00%,"164,85 €","0,00 €",13,0
B093313MH6,B093313MH6,Arcos | Cuchillo de deshuesar| Cuchillo deshuesador | cuchillo deshuesador jamón | cuchillo deshuesador (140 mm) Clásica| Envase Eco | cuchillo puntilla jamonero,256210_fba,269,10,0.12%,0.17%,379,12,0.12%,0.14%,99.38%,100.00%,13,0,4.83%,0.00%,"259,87 €","0,00 €",13,0
B09RP6V156,B09RP6V156,"CUPERINOX® Alicates para pedicura, Profesional, Cortaúñas de Pies, Acero Inoxidable, Mango Ergonómico Antideslizante, Fácil Limpieza, Con Funda, 2 Años de Garantía",21920AM,437,9,0.20%,0.15%,643,10,0.20%,0.12%,99.82%,80.00%,13,0,2.97%,0.00%,"129,87 €","0,00 €",13,0
B0DNNKT1W2,B0DNNFJ5J7,"Cuperinox-Tetera de Cristal con Infusor para Té e Infusiones, Resistente al Calor y Compatible con Microondas ** - Infusion Prestige Collection (350 ml)",26110,"1,469",46,0.66%,0.79%,"1,988",79,0.62%,0.92%,99.55%,100.00%,25,18,1.70%,39.13%,"332,27 €","227,34 €",13,6
B0F54LTCFF,B0044R87QE,Arcos Cuchillo Cocina Acero Inoxidable 200 mm,280604_,703,18,0.32%,0.31%,"1,019",23,0.32%,0.27%,24.39%,17.65%,13,0,1.85%,0.00%,"267,36 €","0,00 €",12,0
B017HKRCGK,B005LR7C44,ARCOS Bolsa Portacuchillos 12 Piezas Poliéster 730x510mm,690500_,334,8,0.15%,0.14%,478,11,0.15%,0.13%,49.76%,80.00%,12,0,3.59%,0.00%,"335,28 €","0,00 €",12,0
B0822MXSQQ,B00D3LF7EC, ,277000_fbm,435,11,0.20%,0.19%,652,13,0.20%,0.15%,42.71%,44.44%,13,1,2.99%,9.09%,"310,87 €","22,99 €",12,1
B0CJDS7HN7,B00WUZT88I,ARCOS Mesa Tenedor Carne y Mesa Acero 18/10 Plata 200 mm,702100_1pieza,268,12,0.12%,0.20%,433,19,0.14%,0.22%,41.22%,38.46%,50,0,18.66%,0.00%,"187,50 €","0,00 €",12,0
B0189HXS8Q,B015QGR3CK,Arcos Serie Navajas Profesionales - Navaja Profesional - Hoja Filo de Acero Inoxidable NITRUM de 85 mm - Navaja de Acero Inoxidable Color amarillo,485900_fba,486,16,0.22%,0.27%,704,21,0.22%,0.24%,46.58%,0.00%,12,0,2.47%,0.00%,"87,12 €","0,00 €",12,0
B0F1N351DY,B073V5RN1J,Arcos Cuchillo Mondador Acero Inoxidable NITRUM 100 mm - Ideal para Pelar Frutas y Verduras - Mango Ergonómico Polipropileno Negro - Serie Nova,816500_1pieza,343,7,0.15%,0.12%,411,7,0.13%,0.08%,92.42%,0.00%,28,0,8.16%,0.00%,"125,79 €","0,00 €",12,0
B0B3CPHPXR,B07BQ5CCMD,ARCOS Sacacorchos Manual de ABS Aleación de Zinc,604700_,455,13,0.21%,0.22%,678,29,0.21%,0.34%,34.26%,0.00%,12,0,2.64%,0.00%,"416,38 €","0,00 €",12,0
B08LVZCG23,B08LVZCG23,Arcos Juego de Cuchillos de Cocina Rosa | 3 pz | Cuchillo Chef para pelar Verduras | Edición Limitada | Solidaria,814500,595,19,0.27%,0.32%,905,25,0.28%,0.29%,99.23%,100.00%,12,2,2.02%,10.53%,"353,23 €","57,98 €",12,2
B08M99RZRV,B08M99RZRV,Arcos | Cuchillo Jamonero Cuchillo deshuesador | 2 Uds | Set cuchillos jamoneros 250 mm y cuchillo deshuesador (140 mm) jamonero profesional | cuchillo carnicero profesional | Eco,703800,657,15,0.30%,0.26%,856,16,0.27%,0.19%,99.10%,100.00%,12,1,1.83%,6.67%,"480,54 €","40,65 €",12,1
B08Y8NS7PN,B08MT61GJV,Arcos Juego Cuchillos Cocina | 2 pzas |Profesional (150 mm) | Cuchillo Cortador Verduras (100 mm)| Acero Inoxidable Nitrum | Mango Negro | Envase Eco,819900,325,6,0.15%,0.10%,481,9,0.15%,0.10%,99.54%,100.00%,12,0,3.69%,0.00%,"203,13 €","0,00 €",12,0
B0CVH8PC99,B0CQTJ6T66,"CUPERINOX® Cuchillos de Mesa Acero Inoxidable – Set Profesional 12 Piezas con Hoja Serrada de 11 cm y Mango Ergonómico Antideslizante – Para Carne, Verduras y Pescado",99922,449,21,0.20%,0.36%,637,25,0.20%,0.29%,100.00%,100.00%,12,1,2.67%,4.76%,"144,08 €","11,99 €",12,1
B0D73CM824,B0D73CM824,"Arcos Cuchillo Mesa | Cuchillo Chuletero | Cuchillo Carne| Cuchillo de Mesa | Pack 12 Unidades| Hoja de Acero Inoxidable115 mm, Mango de Polipropileno Color Negro",740000,500,14,0.23%,0.24%,683,21,0.21%,0.24%,99.83%,100.00%,12,2,2.40%,14.29%,"371,88 €","61,98 €",12,2
B017DLHEGQ,B017DLHEGQ,Arcos Chaira Afilador Manual de Cuchillos 230 mm,279400,399,9,0.18%,0.15%,677,13,0.21%,0.15%,19.79%,0.00%,11,0,2.76%,0.00%,"184,00 €","0,00 €",11,0
B017DLM9SO,B017DLM9SO,ARCOS Tenedores para Tartas Acero Inoxidable 18/10 140 mm,574300_fba,833,25,0.38%,0.43%,"1,338",46,0.42%,0.53%,11.45%,16.00%,17,0,2.04%,0.00%,"170,00 €","0,00 €",11,0
B07G76NW26,B07G76NW26,"Arcos Serie Cuchillos de Mesa Caja 12 uds Cuchillo Mesa, Hoja Serrada de Acero Inoxidable de 125 mm, Cuchillo Monoblock Acero Inoxidable Color plata (12 UDS)",460400_fbm,144,9,0.06%,0.15%,228,14,0.07%,0.16%,96.97%,100.00%,13,3,9.03%,33.33%,"518,87 €","118,97 €",11,2
B09GSCQQF9,B07G77FNSF,"Arcos Serie Cuchillos de Mesa Caja 12 uds Cuchillo Postre, Hoja Serrada de Acero Inoxidable NITRUM de 105 mm, Mango Polipropileno Color crema (12 UDS)",370100_us,673,22,0.30%,0.38%,969,31,0.30%,0.36%,99.30%,100.00%,12,2,1.78%,9.09%,"219,00 €","36,50 €",11,2
B0F147RFRT,B07YYDR6D8,Arcos Juego de Cuchillos de Cocina. 3 piezas de Acero Inoxidable forjado. Impresiona yorprencon cada corte. Mango Micarta azul. Serie Brooklyn. Color Azul.,858110_,"1,003",21,0.45%,0.36%,"1,528",25,0.48%,0.29%,51.96%,72.73%,11,0,1.10%,0.00%,"1.065,79 €","0,00 €",11,0
B08VS4FCLN,B08BX3WTPP,"Arcos Juego Cuchillos Cocina cuchillo blanco cuchillos | cuchillos cocina Maitre | 4 piezas | Chef 215 mm, Cocina 150 mm, Verduras 100 mm Tijera cocina (Blanco)",152624,293,7,0.13%,0.12%,457,9,0.14%,0.10%,99.02%,100.00%,11,1,3.75%,14.29%,"384,89 €","34,99 €",11,1
B0CYTKGNPM,B0CW66H3TR,Pelador de Tomate ARCOS - Hoja Serrada de Acero Inoxidable | Mango Ergonómico | Ideal para Tomates,607420_,551,10,0.25%,0.17%,586,14,0.18%,0.16%,87.48%,100.00%,11,0,2.00%,0.00%,"87,89 €","0,00 €",11,0
B0DNNKT1W2,B0DNNJPGTY,"Cuperinox-Tetera de Cristal con Infusor para Té e Infusiones, Resistente al Calor y Compatible con Microondas ** - Infusion Prestige Collection (750 ml)",26112,510,15,0.23%,0.26%,678,20,0.21%,0.23%,99.83%,100.00%,11,2,2.16%,13.33%,"201,69 €","34,98 €",11,2
B0DPKXM18X,B0DNQRZ3BN,"CUPERINOX Soporte Jamonero Inoxidable Profesional con Base Antideslizante para Jamones y Paletas, Incluye Cuchillo | Jamoneros Elite Collection",20260,509,14,0.23%,0.24%,657,15,0.21%,0.17%,100.00%,100.00%,11,1,2.16%,7.14%,"275,30 €","24,99 €",11,1
B00W9SPO5M,B00W9SPO5M,Arcos Tijeras de Modista de Acero Forjado 178 mm - Uso Profesional y Doméstico - Niqueladas en Plata - Serie Style,504200,95,3,0.04%,0.05%,135,3,0.04%,0.03%,87.60%,100.00%,11,1,11.58%,33.33%,"158,89 €","13,99 €",10,1
B06XB92VRH,B00YU2ZS1A,CUPERINOX Cafetera Italiana Induccion Espresso Acero Inoxidable 6 Tazas,25033_,109,4,0.05%,0.07%,146,4,0.05%,0.05%,63.56%,100.00%,19,10,17.43%,250.00%,"340,10 €","179,00 €",10,1
B0B8Z4CJBC,B07F2YVB15,"Arcos Juego Cuchillos Pelar Acero Inoxidable Nitrum 4""",136500_2,503,21,0.23%,0.36%,739,33,0.23%,0.38%,71.28%,47.37%,11,1,2.19%,4.76%,"211,64 €","19,24 €",10,1
B09QDH8MSK,B07N8VWHT9,Arcos Tacos - Bloque Universal para Cuchillos hasta 20 cm - Hecho de Caucho Termoplástico 220 x 160 x 65 mm - Color Negro,794500_,827,22,0.37%,0.38%,"1,200",31,0.38%,0.36%,16.80%,14.29%,10,1,1.21%,4.55%,"259,90 €","25,99 €",10,1
B08ZNM265D,B08ZNM265D,Arcos | cuchillos de mesa cuchillo mesa tradicional | 6 Piezas cuchillo chuletero | mango nailon | Envase Eco | Fabricado en España,704400_fba,136,7,0.06%,0.12%,238,9,0.07%,0.10%,17.77%,100.00%,13,0,9.56%,0.00%,"350,87 €","0,00 €",10,0
B0CVH8PC99,B0CQTJ6T66,"CUPERINOX® Cuchillos de Mesa Acero Inoxidable – Set Profesional 12 Piezas con Hoja Serrada de 11 cm y Mango Ergonómico Antideslizante – Para Carne, Verduras y Pescado",99901_12pzs,449,21,0.20%,0.36%,637,25,0.20%,0.29%,100.00%,100.00%,11,7,2.45%,33.33%,"130,69 €","82,73 €",10,6
B0CVH8PC99,B0CQTKPL63,CUPERINOX Cuchillos Carne | Cuchillos Mesa | Cuchillos Chuleteros | 24 Piezas | Hoja Serrada | Mango Polipropileno | Acero Inoxidable | 11 cm,99923,154,12,0.07%,0.20%,207,17,0.06%,0.20%,98.96%,100.00%,13,4,8.44%,33.33%,"260,20 €","79,96 €",10,1
B093DXB2PK,B00MDJVRG2,Arcos Latina Cuchillo para Verduras Acero Inoxidable 105 mm,100500_1_pieza,109,3,0.05%,0.05%,149,3,0.05%,0.03%,77.61%,0.00%,18,0,16.51%,0.00%,"89,82 €","0,00 €",9,0
B0189HXS8Q,B017DLLIUO,Arcos Navaja Profesional Acero Inoxidable 85 mm,485929,440,13,0.20%,0.22%,630,15,0.20%,0.17%,34.50%,33.33%,12,0,2.73%,0.00%,"90,60 €","0,00 €",9,0
B0BXB18B8W,B07D8WQ355,Arcos Serie Manhattan - Cuchillo Cocinero - Hoja de Acero Inoxidable Forjado Nitrum 210 mm - Mango de Polioximetileno (POM) Color Negro - Filo Seda,160600,283,4,0.13%,0.07%,448,9,0.14%,0.10%,97.04%,100.00%,9,1,3.18%,25.00%,"332,91 €","36,99 €",9,1
B0F147RFRT,B07N8S366Z,Arcos Cuchillo Cocina Forjado en Acero Inoxidable. Hoja Plateada 210 mm. Cuchillo Chef con Mango Profesional Micarta y Borde de Seda Especial. Serie Brooklyn. Color Azul.,190623_,517,9,0.23%,0.15%,750,15,0.23%,0.17%,90.18%,100.00%,10,0,1.93%,0.00%,"469,90 €","0,00 €",9,0
B09MSDJQJ1,B08M3B43J6,"Arcos | Juego Cuchillo Jamonero 3 Pzas | jamonero Acero Inoxidable (240 mm), afilador Chaira y Cubre jamón | Juego Cuchillos jamonero Profesional | Paleta ibérica | Eco",704300_fbm,338,12,0.15%,0.20%,471,16,0.15%,0.19%,99.31%,100.00%,9,0,2.66%,0.00%,"269,01 €","0,00 €",9,0
B09DPRCMTF,B08MW2GWPC,Arcos Juego Cuchillos Carne | Cuchillo chuleteros | Cuchillos Carne Cuchillos Mesa | 6 Uds | Hoja 110 mm | Acero Inoxidable | Mango Nylon | Apto lavavajillas | Envase Ecológico (Filo Serrado),816400fba,211,5,0.10%,0.09%,288,6,0.09%,0.07%,100.00%,100.00%,10,0,4.74%,0.00%,"199,90 €","0,00 €",9,0
B095SDL23Y,B095SDL23Y,Arcos | cuchillos de mesa (6 ud) | cuchillos acero inoxidable con sierra cuchillo chuletero cuchillos chuleteros | Fabricado en España,813000_fbm,"1,094",33,0.49%,0.56%,"1,614",43,0.50%,0.50%,100.00%,100.00%,10,7,0.91%,21.21%,"157,75 €","108,01 €",9,6
B0CVH8PC99,B0CQTKPL63,CUPERINOX Cuchillos Carne | Cuchillos Mesa | Cuchillos Chuleteros | 24 Piezas | Hoja Serrada | Mango Polipropileno | Acero Inoxidable | 11 cm,99901_24pzs,154,12,0.07%,0.20%,207,17,0.06%,0.20%,98.96%,100.00%,18,9,11.69%,75.00%,"345,82 €","165,91 €",9,3
B0DPKXM18X,B0DNQX2BZN,"CUPERINOX Soporte Jamonero Plegable | Jamonero Giratorio | Jamonero de Bambú con Cuchillo Profesional, Afilador y Funda para Jamón | Elite Collection",20270_fbm,537,19,0.24%,0.32%,667,22,0.21%,0.26%,88.76%,100.00%,9,2,1.68%,10.53%,"449,91 €","99,98 €",9,2
B0DQV6381X,B0F2Q1K35T,CUPERINOX Soporte Jamonero Balancín | Jamonero Giratorio Profesional | Jamonero Madera | Jamonera Profesional | Tabla Cortar Jamon,20265_SC,566,13,0.26%,0.22%,845,20,0.26%,0.23%,99.24%,100.00%,9,0,1.59%,0.00%,"762,70 €","0,00 €",9,0
B0752TVHLW,B007TS67Q2,Arcos Cuchillo Chef Acero Inoxidable 120 mm,280304,136,3,0.06%,0.05%,216,3,0.07%,0.03%,64.29%,66.67%,9,1,6.62%,33.33%,"114,66 €","12,99 €",8,1
B00CRMZA8Q,B00CRMZA8Q,ARCOS Sacacorchos Eléctrico en ABS con Batería Interna Recargable. Abrebotellas Eléctrico Moderno y Elegante con Cortacápsulas y Luz Indicadora. Color Negro,604600_,"1,128",25,0.51%,0.43%,"1,542",37,0.48%,0.43%,4.51%,38.10%,8,2,0.71%,8.00%,"343,92 €","85,98 €",8,2
B0F54LTCFF,B00J4L7FEU,Arcos Hachuela Macheta de Cocina Acero Inoxidable 160 mm,282404_us,326,8,0.15%,0.14%,504,14,0.16%,0.16%,39.01%,36.36%,8,0,2.45%,0.00%,"198,80 €","0,00 €",8,0
B07NDTGSY3,B07NDTGSY3,Arcos Serie Brooklyn - Cuchillo Rocking Santoku Cuchillo Asiático - Hoja de Acero Inoxidable Forjado NITRUM 190 mm - Mango de Micarta Color Azul (Filo Seda),191623_fbm,196,2,0.09%,0.03%,293,4,0.09%,0.05%,93.54%,100.00%,8,1,4.08%,50.00%,"315,92 €","39,49 €",8,1
B08Q7W1Q4K,B08Q7W1Q4K,"Tradineur - Pack de 2 Graseras de metal de Ø 9,3 x 11 cm - Incluye filtro, asa y tapa - Aceitera con colador para conservación de aceite de acero inoxidable - Capacidad de 550 ml",22105+22106,102,1,0.05%,0.02%,137,1,0.04%,0.01%,99.20%,100.00%,8,0,7.84%,0.00%,"87,92 €","0,00 €",8,0
B0DNNL2TZQ,B0DNN57WC1,"CUPERINOX Aceitera de Cristal Antigoteo para Aceite de Oliva, Resistente y Fácil de Limpiar Gourmet Oil Collection (250 Ml)",22022_,404,15,0.18%,0.26%,554,20,0.17%,0.23%,94.19%,100.00%,8,2,1.98%,13.33%,"95,92 €","23,98 €",8,2
B007TS6I5C,B007TS6I5C,ARCOS Sacacorchos Manual Cuerpo ABS Serie Toscana,604100,227,10,0.10%,0.17%,336,15,0.11%,0.17%,47.08%,41.67%,7,0,3.08%,0.00%,"343,74 €","0,00 €",7,0
B08M7BMR2S,B00I9XTLSC,ARCOS Afilador Profesional Manual Cerámica y Carbono Rojo-Negro,610600,"6,658",141,3.00%,2.41%,"9,116",207,2.85%,2.40%,16.21%,0.00%,7,0,0.11%,0.00%,"96,05 €","0,00 €",7,0
B0F4DMVXQV,B00J4L7FEU,Arcos Hachuela Macheta de Cocina Acero Inoxidable 160 mm,282404_us,132,4,0.06%,0.07%,194,4,0.06%,0.05%,25.28%,0.00%,7,0,5.30%,0.00%,"173,25 €","0,00 €",7,0
B0189HXQKQ,B017DLLFES,"Arcos Navaja Profesional de Acero Inoxidable Nitrum, Hoja 85 mm, Mango de Polipropileno, Serie Navajas Profesionales, Alta Durabilidad y Rendimiento",485700_fbm,491,6,0.22%,0.10%,620,9,0.19%,0.10%,89.09%,80.00%,7,0,1.43%,0.00%,"50,75 €","0,00 €",7,0
B0F5L86TN4,B0714CRSCQ,Arcos Cuchillo Mondador Negro 100 mm,150300,257,9,0.12%,0.15%,394,20,0.12%,0.23%,14.13%,6.67%,8,0,3.11%,0.00%,"79,60 €","0,00 €",7,0
B0843DFZH2,B0843DFZH2,Arcos Set 5 Cuchillos Forjados Acero Inoxidable Nitrum,235024,247,6,0.11%,0.10%,359,8,0.11%,0.09%,83.23%,80.00%,7,2,2.83%,33.33%,"892,33 €","252,88 €",7,2
B09MSDJQJ1,B08M3B43J6,"Arcos | Juego Cuchillo Jamonero 3 Pzas | jamonero Acero Inoxidable (240 mm), afilador Chaira y Cubre jamón | Juego Cuchillos jamonero Profesional | Paleta ibérica | Eco",704300,338,12,0.15%,0.20%,471,16,0.15%,0.19%,99.31%,100.00%,7,0,2.07%,0.00%,"209,93 €","0,00 €",7,0
B08M9QRSW8,B08M9QRSW8,Arcos | Juego Cuchillos cuchillos mesa | 6 Uds | cuchillo fruta | cuchillo postre | Hoja 110 mm | Acero Inoxidable Martensítico | Mango Nylon | apto lavavajillas | Envase Ecológico,703600_barras_arcos,47,2,0.02%,0.03%,77,3,0.02%,0.03%,94.44%,100.00%,11,0,23.40%,0.00%,"109,89 €","0,00 €",7,0
B09FQ5SZK8,B08MTWC7RD,Arcos Cuchillo Cocinero Acero Inoxidable Nitrum 210 mm,166800_fbm,279,2,0.13%,0.03%,410,5,0.13%,0.06%,45.50%,0.00%,10,0,3.58%,0.00%,"299,90 €","0,00 €",7,0
B08T5Z4HFS,B08QYQYZHS,"CUPERINOX Cubiertos para marisco | Pinzas para marisco | Tenazas para marisco | 12 Unidades | Cubiertos marisco (Cangrejo, Langosta, Ostras) | Tenedor de marisco con dos dientes inferiores y cuchara.",20023_12pzs,92,3,0.04%,0.05%,137,8,0.04%,0.09%,99.17%,100.00%,9,1,9.78%,33.33%,"170,91 €","18,99 €",7,1
B09FQ5SZK8,B0968LSP2T,"Arcos Utensilios Barbacoa - Cuchillo 200 mm y Tenedor 215 mm, Acero Inoxidable NITRUM, Mango Madera Ovengkol FSC, Set 2 Piezas, Embalaje Reciclado, Serie Nordika",167000_fbm,168,6,0.08%,0.10%,232,12,0.07%,0.14%,50.25%,100.00%,8,1,4.76%,16.67%,"399,92 €","49,99 €",7,1
B09BVVKYWV,B09BVVKYWV,"CUPERINOX Navaja 5 en1 multiusos | Incluye Afilador Navaja| Funcion Abrebotella, rompecristales y corta cuerdas| Navaja Filo Liso y Sierra|",30060,197,2,0.09%,0.03%,263,2,0.08%,0.02%,99.15%,100.00%,8,1,4.06%,50.00%,"119,92 €","14,99 €",7,1
B09F9MH34D,B09F9MH34D,"Arcos Serie Cuchillos de Mesa Chuleteros, Mango de Polipropileno, Hoja 110 mm, Apto para Lavavajillas, Negro, 6 Piezas",805109_6piezas,118,5,0.05%,0.09%,160,5,0.05%,0.06%,95.95%,100.00%,7,1,5.93%,20.00%,"97,93 €","13,99 €",7,1
B0DNNL2TZQ,B0DNNFGWNJ,"CUPERINOX Aceitera de Cristal Antigoteo para Aceite de Oliva, Resistente y Fácil de Limpiar Gourmet Oil Collection (500 Ml)",22023_,174,12,0.08%,0.20%,262,16,0.08%,0.19%,95.61%,83.33%,8,3,4.60%,25.00%,"113,93 €","38,98 €",7,3
B0F54LTCFF,B000NOAYMM,Arcos Cuchillo Jamonero Acero Inoxidable 240 mm,281804_fba,152,7,0.07%,0.12%,180,9,0.06%,0.10%,41.38%,33.33%,6,1,3.95%,14.29%,"98,94 €","16,49 €",6,1
B096SHJ82T,B0044R8868,Arcos Juego de 12 Cubiertos para Mesa. Set de 6 Cuchillos Chuleteros y 6 Tenedores en Madera de Haya y Acero Inoxidable. Estuche para Carne. Serie Mesa. Color Marrón,377700_fbm,423,13,0.19%,0.22%,577,19,0.18%,0.22%,50.68%,50.00%,7,0,1.65%,0.00%,"320,77 €","0,00 €",6,0
B0BSKCJNDM,B005LR72I0,Arcos Niza Cuchillo Jamonero Flexible Acero Inoxidable 230 mm,135600_fba,122,1,0.05%,0.02%,192,2,0.06%,0.02%,28.49%,0.00%,6,0,4.92%,0.00%,"65,94 €","0,00 €",6,0
B0752NT3TH,B005LR77GC,ARCOS Tijeras de Cocina Profesional 235 mm,185701_barras_arcos,927,45,0.42%,0.77%,"1,491",56,0.47%,0.65%,46.17%,27.27%,7,7,0.76%,15.56%,"66,48 €","66,48 €",6,6
B017HKRCGK,B00BHZPGHO,ARCOS Bolsa Portacuchillos para 17 Piezas Poliéster Negra,691400_,216,3,0.10%,0.05%,271,3,0.08%,0.03%,82.43%,0.00%,6,0,2.78%,0.00%,"269,94 €","0,00 €",6,0
B00I9XTKI8,B00I9XTKI8,ARCOS Taco Ovalado Protector de Cuchillos hasta 20 cm,794100_,332,8,0.15%,0.14%,487,10,0.15%,0.12%,49.25%,75.00%,6,1,1.81%,12.50%,"155,94 €","25,99 €",6,1
B0714CRSCQ,B0714CRSCQ,Arcos Cuchillo Mondador Negro 100 mm,150300,438,11,0.20%,0.19%,688,16,0.22%,0.19%,6.98%,0.00%,7,0,1.60%,0.00%,"69,65 €","0,00 €",6,0
B0C4DTYRJW,B071LGMMGV,Arcos Juego Cuchillos Cocina Profesionales| Cuchillos Cocina Profesional Set Cuchillos | Mango Negro (3 Piezas),862600_,978,23,0.44%,0.39%,"1,475",34,0.46%,0.39%,99.08%,100.00%,9,4,0.92%,17.39%,"359,91 €","159,96 €",6,3
B0BXB18B8W,B07D8WQ355,Arcos Serie Manhattan - Cuchillo Cocinero - Hoja de Acero Inoxidable Forjado Nitrum 210 mm - Mango de Polioximetileno (POM) Color Negro - Filo Seda,160600_,283,4,0.13%,0.07%,448,9,0.14%,0.10%,97.04%,100.00%,6,0,2.12%,0.00%,"218,94 €","0,00 €",6,0
B07F9GQZCB,B07F9GQZCB,Arcos Cuchillo para Verduras de 4 Pulgadas con Hoja de 105mm en Acero Inoxidable y Mango de Madera. Cuchillo para Vegetales Apto para Lavavajillas. Serie Latina. Color Marrón,100500_fba,341,6,0.15%,0.10%,511,8,0.16%,0.09%,99.55%,100.00%,6,0,1.76%,0.00%,"221,94 €","0,00 €",6,0
B0CYTKGNPM,B0843Q6L5P,ARCOS Pelador Profesional Acero Inoxidable Cromado 130 mm,607000_,"2,423",79,1.09%,1.35%,"3,824",130,1.20%,1.51%,0.66%,13.59%,20,20,0.83%,25.32%,"89,82 €","89,82 €",6,6
B08Y8NS7PN,B08XZ8X815,"Arcos serie Maitre - juego de Cuchillos, 2 Pza, Cuchillo Cocina Profesional 150mm + Cuchillo universal 100mm, Acero Inoxidable, Rosa, Eco",814600_fmb,108,3,0.05%,0.05%,144,4,0.05%,0.05%,99.21%,100.00%,6,0,5.56%,0.00%,"107,94 €","0,00 €",6,0
B0DPKXM18X,B0DNQRZ3BN,"CUPERINOX Soporte Jamonero Inoxidable Profesional con Base Antideslizante para Jamones y Paletas, Incluye Cuchillo | Jamoneros Elite Collection",20260_fbm,509,14,0.23%,0.24%,657,15,0.21%,0.17%,100.00%,100.00%,6,0,1.18%,0.00%,"150,35 €","0,00 €",6,0
B017HKG9PK,B0044R87VO,Arcos Maitre - Cuchillo Jamonero Flexible - Acero Inoxidable NITRUM 275 mm - Mango Polipropileno negro,151200,670,19,0.30%,0.32%,779,20,0.24%,0.23%,52.52%,50.00%,5,0,0.75%,0.00%,"79,95 €","0,00 €",5,0
B017HKG9PK,B0044R87W8,"Arcos Cuchillo Santoku Acero Inoxidable Nitrum. Cuchillo Cocina japonés Pescado, Carne y Verduras. Mango ergonómico polioximetileno Pom y Hoja 170 mm. Multiusos. Serie Maitre. Color Negro.",151600_fba,762,20,0.34%,0.34%,"1,085",24,0.34%,0.28%,19.05%,33.33%,5,1,0.66%,5.00%,"97,78 €","19,49 €",5,1
B0752XP113,B0044R887W,Arcos Juego Cuchillos carne 4 piezas. Paquete Cuchillos bolsillo con borperla para cortar y filetear carne. Hoja y mango Acero Inoxidable monobloque. Serie Mesa.,378400_2,269,7,0.12%,0.12%,395,15,0.12%,0.17%,25.42%,0.00%,9,0,3.35%,0.00%,"189,26 €","0,00 €",5,0
B00D3LCFRE,B00D3LCFRE,Arcos Tijeras Multiusos de Acero Inoxidable 210 mm - Costura y Tejidos - Mango ABS Gris - Serie Deluxe,521000_fbm,46,0,0.02%,0.00%,66,0,0.02%,0.00%,94.64%,0.00%,5,0,10.87%,0.00%,"119,95 €","0,00 €",5,0
B017HKSTCQ,B00VRWSIUO,Arcos Serie Ecopro - Tijeras de Cocina - Acero Inoxidable 240 mm - Mango de Acero Inoxidable - Color Plata,809800_,454,16,0.20%,0.27%,611,21,0.19%,0.24%,11.42%,0.00%,5,0,1.10%,0.00%,"94,95 €","0,00 €",5,0
B017DLL2KA,B017DLL2KA,"Arcos Regia Cuchillos Mesa Carne Nitrum POM Negro-Oro 4,5 pulg",375000_1Pieza,139,13,0.06%,0.22%,199,23,0.06%,0.27%,38.46%,45.00%,20,2,14.39%,15.38%,"239,80 €","23,98 €",5,1
B0937XXT33,B01CQT1B5U,"Arcos Cuchillos de Mesa Juego de Cuchillos Chuleteros Cuchillos de Mesa, Monoblock de una pieza de Acero Inoxidable 110 mm, Color Plata (12 uds)",702000_us,470,21,0.21%,0.36%,752,44,0.24%,0.51%,78.13%,100.00%,7,3,1.49%,14.29%,"332,33 €","140,37 €",5,1
B0752NT3TH,B071S7PMLH,ARCOS Prochef Tijeras de Cocina Acero Amarillo-Negro 235 mm,185725,105,4,0.05%,0.07%,130,6,0.04%,0.07%,21.65%,0.00%,6,0,5.71%,0.00%,"59,10 €","0,00 €",5,0
B071VT3MC3,B071VT3MC3,"Arcos Tijeras Manicura Curva de Acero Forjado, Uso Profesional y Doméstico, 102 mm, Niqueladas en Plata, Serie Style",500600_,34,0,0.02%,0.00%,55,0,0.02%,0.00%,100.00%,0.00%,5,0,14.71%,0.00%,"54,95 €","0,00 €",5,0
B07F6C8L9T,B07F6C8L9T,ARCOS Sacacorchos Eléctrico ABS Batería Recargable Plata,604900_,122,4,0.05%,0.07%,168,5,0.05%,0.06%,46.94%,50.00%,5,1,4.10%,25.00%,"218,95 €","42,99 €",5,1
B0B3F4QXML,B07HY6FKNQ,Arcos Serie Clasica - Juego de Cuchillos de 7 piezas en Caja de Regalo (5 Cuchillos + 1 Tijeras + 1 Chaira) - Hoja de Acero Inoxidable Forjado NITRUM - Mango de Polioximetileno (POM) - Color marrón,854400_2,128,3,0.06%,0.05%,198,4,0.06%,0.05%,67.53%,100.00%,5,0,3.91%,0.00%,"739,95 €","0,00 €",5,0
B0F54LTCFF,B07JJGTQK4,Arcos Conjunto Cuchillos 3 piezas - Acero Inoxidable Nitrum y Hoja mm. Cuchillo cocina profesional cocinar. 590 gr. Mango ergonómico polioximetileno POM. Serie Universal. Mayor control. Color negro.,807410_,141,4,0.06%,0.07%,236,10,0.07%,0.12%,45.09%,0.00%,5,0,3.55%,0.00%,"201,25 €","0,00 €",5,0
B07JWM27F4,B07JWM27F4,Arcos Set Cuchillos Cocina Profesionales Forjados en Acero Inoxidable. Juego de 3 Cuchillos (Pelador 100 mm + Cocinero 150 mm + Cocinero 200 mm). Mango Ergonómico Rosa en Polioximetileno. Riviera Rose,855100,244,5,0.11%,0.09%,355,7,0.11%,0.08%,97.63%,100.00%,5,0,2.05%,0.00%,"374,95 €","0,00 €",5,0
B0F147RFRT,B07N8VHP6Y,Arcos Cuchillo deshuesador con Hoja Acero Inoxidable Nitrum 160 mm. Cuchillo profesional para cortar huesos carne. Mango ergonómico polipropileno. Serie Brooklyn. Color azul.,192623_,157,4,0.07%,0.07%,201,4,0.06%,0.05%,93.25%,100.00%,5,1,3.18%,25.00%,"174,40 €","34,88 €",5,1
B0F147RFRT,B07N8VRS7L,Arcos Brooklyn Cuchillo Pelador Acero Inoxidable 100 mm,190123_,178,3,0.08%,0.05%,249,3,0.08%,0.03%,94.86%,100.00%,5,0,2.81%,0.00%,"142,45 €","0,00 €",5,0
B089M821V5,B089M821V5,Arcos Cuchillos Carne | 6 pzas | Cuchillos chuleteros Set Cuchillo de Mesa Sierra | Mango Madera | Hoja 110 mm | Cuchillos Carne Mesa | Apto lavavajillas | Envase Carton | Ecologico,815500,685,24,0.31%,0.41%,994,44,0.31%,0.51%,99.42%,100.00%,5,0,0.73%,0.00%,"149,95 €","0,00 €",5,0
B08VRP7CR7,B08MTXC14T,Arcos Juego Cuchillos Carne | 6 Piezas | Cuchillos Carne Cuchillo chuleteros | Cubiertos Acero Inoxidable | Hoja 110 mm | Mango Redondo y Forma Ovalada | monobock | Caja Envase Ecológico (6 unidades),809900,143,4,0.06%,0.07%,206,5,0.06%,0.06%,99.44%,100.00%,5,0,3.50%,0.00%,"140,41 €","0,00 €",5,0
B093313MH6,B093313MH6,Arcos | Cuchillo de deshuesar| Cuchillo deshuesador | cuchillo deshuesador jamón | cuchillo deshuesador (140 mm) Clásica| Envase Eco | cuchillo puntilla jamonero,256210,269,10,0.12%,0.17%,379,12,0.12%,0.14%,99.38%,100.00%,5,0,1.86%,0.00%,"99,95 €","0,00 €",5,0
B08VRP7CR7,B09XMVTWLT,Arcos Juego Cuchillos Carne | 6 Piezas | Cuchillos Carne Cuchillo chuleteros | Cubiertos Acero Inoxidable | Hoja 110 mm | Mango Redondo y Forma Ovalada | monobock | Caja Envase Ecológico (Filo Liso),830000_,169,4,0.08%,0.07%,266,5,0.08%,0.06%,100.00%,100.00%,5,0,2.96%,0.00%,"164,95 €","0,00 €",5,0
B0C5JNCFL4,B0C5JNCFL4,Arcos Serie Milano - Cubertería de 24 piezas en Caja de Regalo (6 Cuchillos + 12 Cucharas + 6 Tenedores) - Monoblock de una pieza en Acero Inoxidable - Color Plata,542000,153,4,0.07%,0.07%,257,8,0.08%,0.09%,89.05%,85.71%,5,0,3.27%,0.00%,"374,95 €","0,00 €",5,0
B0DNNKT1W2,B0DNNJCHQP,"Cuperinox-Tetera de Cristal con Infusor para Té e Infusiones, Resistente al Calor y Compatible con Microondas ** - Infusion Prestige Collection (950 ml)",26113,398,10,0.18%,0.17%,592,10,0.19%,0.12%,99.81%,100.00%,5,1,1.26%,10.00%,"100,28 €","19,99 €",5,1
B0DVT6KPDV,B0DT75PQN7,"CUPERINOX Kit Cocina Montessori | Cuchillos Niños Aprendizaje +2 Años | Set Completo de Cuchillos Infantiles de 17 Piezas | Incluye Tijeras, Moldes, Batidor, Tabla y Cuchillo Seguro",27017_,157,4,0.07%,0.07%,204,9,0.06%,0.10%,98.41%,100.00%,5,0,3.18%,0.00%,"93,95 €","0,00 €",5,0
B0F1ZF7H1L,B005LR65BK,Arcos Cuchillo Negro 100 mm,230200_,349,3,0.16%,0.05%,508,4,0.16%,0.05%,19.86%,0.00%,4,0,1.15%,0.00%,"79,96 €","0,00 €",4,0
B0F1ZF7H1L,B005LR6GE6,Arcos Cuchillo Cocinero Negro 250 mm,233700_,"1,356",14,0.61%,0.24%,"1,614",14,0.50%,0.16%,35.97%,50.00%,4,0,0.29%,0.00%,"171,96 €","0,00 €",4,0
B0752SPHL9,B005LR6W8Q,Arcos Maitre Set 5 Cuchillos Acero Inoxidable Nitrum,152000_,314,7,0.14%,0.12%,482,12,0.15%,0.14%,33.80%,25.00%,4,0,1.27%,0.00%,"247,96 €","0,00 €",4,0
B07YM65C6J,B007TS6HMQ,ARCOS Pinza para Pescado Acero Inoxidable,605000_605010,500,17,0.23%,0.29%,744,24,0.23%,0.28%,79.82%,68.75%,4,1,0.80%,5.88%,"36,76 €","7,84 €",4,1
B00CWZOIIQ,B00CWZOIIQ,"Arcos Cuchillos Mesa - Cuchillo Carne Mesa - Monobloque unaola pieza Acero Inoxidable 4"" - Corta chuletas o bistecs con precisión, facilidad y rapidez -erie Monobloque - Color Plateado",375500_1pza_fbm,61,1,0.03%,0.02%,93,1,0.03%,0.01%,94.81%,0.00%,17,0,27.87%,0.00%,"110,33 €","0,00 €",4,0
B0BX5LL7FV,B00D3LDVSQ,ARCOS Cascanueces Aleación de Zinc Plata 160 mm,603000_,47,4,0.02%,0.07%,69,6,0.02%,0.07%,41.27%,100.00%,4,0,8.51%,0.00%,"53,96 €","0,00 €",4,0
B0752V8D5V,B00I9XTGJ6,ARCOS Taco Redondo Protector de Cuchillos Caucho Termoplástico 225 mm,794000,97,2,0.04%,0.03%,130,4,0.04%,0.05%,56.52%,50.00%,5,0,5.15%,0.00%,"124,95 €","0,00 €",4,0
B00J4L7DZ6,B00J4L7DZ6,Arcos Serie Toscana - Juego de Tenedores de Mesa (3 tenedores) - Monoblock de una pieza en Acero Inoxidable 18/10 y 200 mm - Color Plata,574700_,737,11,0.33%,0.19%,"1,170",22,0.37%,0.26%,16.34%,11.76%,12,4,1.63%,36.36%,"107,04 €","34,52 €",4,1
B09F9M72Z9,B017DLNFNC,Arcos Cuchillos de Mesa - Cuchillo Chuletero Cuchillo de Mesa - Hoja de Acero Inoxidable NITRUM 110 mm - Mango de Polipropileno - Color Negro,805109_1pieza,135,4,0.06%,0.07%,195,9,0.06%,0.10%,48.00%,50.00%,8,0,5.93%,0.00%,"31,92 €","0,00 €",4,0
B07B8MQZTW,B07B8MQZTW,Arcos Serie Riviera Rose - Cuchillo Mondador - Hoja de Acero Inoxidable Forjado NITRUM 100 mm - Mango de Polioximetileno (POM) Color Rosa,230254_,34,6,0.02%,0.10%,53,14,0.02%,0.16%,100.00%,100.00%,4,1,11.76%,16.67%,"99,96 €","24,99 €",4,1
B0BXB18B8W,B07DQRFDMB,Arcos Manhattan Cuchillo Santoku Forjado Acero POM Negro 190 mm,161600_,202,5,0.09%,0.09%,347,6,0.11%,0.07%,96.27%,100.00%,7,5,3.47%,100.00%,"234,43 €","167,45 €",4,2
B09381N96H,B07G75XCXM,"Arcos Serie Cuchillos de Mesa Caja 12 uds Cuchillo Mesa, Hoja Serrada de Acero Inoxidable NITRUM de 125 mm, Mango Polipropileno Color crema (12 UDS)",370200_us,292,13,0.13%,0.22%,455,23,0.14%,0.27%,98.23%,100.00%,16,14,5.48%,107.69%,"310,24 €","270,26 €",4,3
B0F1ZF7H1L,B07JHPQGPW,Arcos Riviera Blanc Juego 3 Cuchillos Forjados POM Blanco,807610_,487,6,0.22%,0.10%,597,6,0.19%,0.07%,43.22%,75.00%,4,0,0.82%,0.00%,"279,96 €","0,00 €",4,0
B0BXB18B8W,B07JHPTKC9,"Arcos Set Jamonero 3 Piezas - Cuchillo Jamonero, Deshuesador y Chaira - Hoja Silk Edge Inoxidable Forjada NITRUM - Mango Resistente POM Negro - Corte Preciso y Duradero - Serie Manhattan",858500_,69,1,0.03%,0.02%,99,3,0.03%,0.03%,97.50%,100.00%,4,0,5.80%,0.00%,"299,96 €","0,00 €",4,0
B07JJGXYZD,B07JJGXYZD,Arcos Set Cocina Serie Manhattan,858100_,396,8,0.18%,0.14%,583,16,0.18%,0.19%,94.58%,100.00%,5,0,1.26%,0.00%,"414,95 €","0,00 €",4,0
B0F147RFRT,B07N8TNDRV,Arcos Brooklyn Cuchillo Chef Forjado Acero Inoxidable 150 mm,190423_,324,6,0.15%,0.10%,403,7,0.13%,0.08%,93.93%,100.00%,4,0,1.23%,0.00%,"160,62 €","0,00 €",4,0
B0F147RFRT,B07N8V34F1,"Arcos Cuchillo Santoku Acero Inoxidable Forjado con Balanceo, Mango Micarta y BorSeda Especial y Hoja Plateada 190 mm. Impresiona yorprencon Cada Corte. Serie Brooklyn. Color Azul.",191623_,269,6,0.12%,0.10%,367,6,0.11%,0.07%,90.07%,100.00%,5,0,1.86%,0.00%,"224,95 €","0,00 €",4,0
B0F147RFRT,B07N8V5DY8,Arcos Cuchillo trinchar forjado | Cuchillo jamonero Acero Inoxidable. Cuchillo cocina profesional cocinar. Mango micarta y borseda especial y Hoja plateada 300 mm. Serie Brooklyn. Color azul.,192323_,168,3,0.08%,0.05%,210,5,0.07%,0.06%,93.75%,100.00%,4,0,2.38%,0.00%,"187,34 €","0,00 €",4,0
B0F147RFRT,B07N8VCFRY,Arcos Brooklyn Cuchillo Panero Acero Inoxidable Nitrum 200 mm,191323_,100,1,0.05%,0.02%,130,1,0.04%,0.01%,92.16%,0.00%,4,0,4.00%,0.00%,"163,96 €","0,00 €",4,0
B07NDV5T2F,B07NDV5T2F,Arcos Serie Brooklyn - Cuchillo Cocinero - Hoja de Acero Inoxidable Forjado NITRUM 210 mm - Mango de Micarta Color Azul (Filo Seda),190623_fbm,109,1,0.05%,0.02%,146,1,0.05%,0.01%,95.52%,0.00%,4,0,3.67%,0.00%,"183,96 €","0,00 €",4,0
B07ZJ8ZJ93,B07ZJ8ZJ93,Arcos Set Jamonero Profesional Acero Inoxidable 3 Piezas,859400_us,246,14,0.11%,0.24%,346,19,0.11%,0.22%,21.88%,7.14%,4,0,1.63%,0.00%,"117,96 €","0,00 €",4,0
B09NT4VRN7,B0812BKN39,Arcos Juego de Cuchillos Mondadores de 3 Piezas,859800_,"14,173",311,6.39%,5.31%,"19,942",460,6.24%,5.34%,29.88%,11.60%,11,11,0.08%,3.54%,"99,24 €","99,24 €",4,4
B08NW1VQRT,B08NW1VQRT,CUPERINOX Navaja para Setas y Champiñones | Acero Inoxidable | Con Cepillo y Funda Incluida | Micológica,PE2181,234,3,0.11%,0.05%,334,3,0.10%,0.03%,98.69%,100.00%,5,0,2.14%,0.00%,"52,45 €","0,00 €",4,0
B08TLR4Z27,B095C22QFS,Arcos jamonero Profesional | Cuchillo jamonero jamonero Inoxidable Nitrum | Mango Negro | Cuchillo Jamon iberico | Serie Maitre| Hoja Flexible y Filo Liso | 275 mm | Acero Inoxidable NITRUM,151811,50,4,0.02%,0.07%,72,5,0.02%,0.06%,100.00%,100.00%,4,0,8.00%,0.00%,"79,96 €","0,00 €",4,0
B0CVH8PC99,B0CQRMMMR5,CUPERINOX Cuchillos Carne | Cuchillos Mesa | Cuchillos Chuleteros | 6 Piezas | Hoja Serrada | Mango Polipropileno | Acero Inoxidable | 11 cm,99921,103,3,0.05%,0.05%,137,3,0.04%,0.03%,98.37%,100.00%,4,0,3.88%,0.00%,"39,96 €","0,00 €",4,0
B0DKP68T32,B0DJBYWJB7,Arcos Serie Eclipse - Cuchillo de Chef - Hoja de Acero Inoxidable Forjado con Filo Seda Plus de 200 mm - Pulido Brillo Especial - Mango Acrílico - Color Negro,213500_,188,5,0.08%,0.09%,289,7,0.09%,0.08%,46.48%,75.00%,4,1,2.13%,20.00%,"295,96 €","73,99 €",4,1
B0DNNL2TZQ,B0DNNF3839,"CUPERINOX Aceitera de Cristal Antigoteo para Aceite de Oliva, Resistente y Fácil de Limpiar Gourmet Oil Collection (1000 Ml)",22024_,203,13,0.09%,0.22%,284,22,0.09%,0.26%,100.00%,100.00%,4,4,1.97%,30.77%,"65,21 €","65,21 €",4,4
B0DQV6381X,B0DQRF2HZK,CUPERINOX Jamonera Inoxidable | Jamonero | Soporte Jamonero | Tabla Jamon Inoxidable | Facil Montaje | Tabla Jamon Profesional,SC_20260,334,4,0.15%,0.07%,448,4,0.14%,0.05%,99.27%,100.00%,4,0,1.20%,0.00%,"91,96 €","0,00 €",4,0
B0DVT6KPDV,B0DT73LYPQ,"CUPERINOX Cuchillos Montessori | Set de Cuchillos Infantiles de 16 Piezas | Cuchillos Niños Aprendizaje +2 Años | Incluye Delantal, Guante de Seguridad, Moldes Tabla de Cortar | Kids Collection",27016_,182,4,0.08%,0.07%,218,4,0.07%,0.05%,98.02%,100.00%,4,0,2.20%,0.00%,"77,29 €","0,00 €",4,0
B0752TVHLW,B000NOAYMM,Arcos Cuchillo Jamonero Acero Inoxidable 240 mm,281804,93,2,0.04%,0.03%,117,2,0.04%,0.02%,31.37%,100.00%,3,0,3.23%,0.00%,"51,25 €","0,00 €",3,0
B0044R87XM,B0044R87XM,"Arcos Cuchillo cocina laerie Kyoto - Hoja Acero Inoxidable forjado Nitrum 6"" - Mango negro polioximetileno (POM) - Elegante y duradero (7'')",178900_,163,9,0.07%,0.15%,219,13,0.07%,0.15%,98.99%,100.00%,3,0,1.84%,0.00%,"149,97 €","0,00 €",3,0
B0F1ZF7H1L,B005LR68DU,Arcos Cuchillo Jamonero con Alveolos 250 mm,231000_,468,15,0.21%,0.26%,673,32,0.21%,0.37%,12.73%,5.56%,3,0,0.64%,0.00%,"100,47 €","0,00 €",3,0
B0F1ZF7H1L,B005LR69ZC,Arcos Cuchillo de Queso Negro 145 mm,232800_,409,9,0.18%,0.15%,553,12,0.17%,0.14%,16.46%,0.00%,3,0,0.73%,0.00%,"113,85 €","0,00 €",3,0
B0F1ZF7H1L,B005LR6C7C,Arcos Cuchillo Cocina Acero Inoxidable Negro 180 mm,233500_,589,6,0.27%,0.10%,908,10,0.28%,0.12%,21.30%,0.00%,3,0,0.51%,0.00%,"104,97 €","0,00 €",3,0
B0752SPHL9,B005LR6WW2,Arcos Juego de Cuchillos de Cocina de 5 Piezas,152100_us,237,7,0.11%,0.12%,340,12,0.11%,0.14%,74.04%,80.00%,3,1,1.27%,14.29%,"185,64 €","61,88 €",3,1
B06XWF2YLW,B005LR71GI,Arcos Cuchillo Cocinero 200 mm,135800,247,10,0.11%,0.17%,363,18,0.11%,0.21%,33.54%,21.43%,3,0,1.21%,0.00%,"30,75 €","0,00 €",3,0
B017HKR8WS,B005LRSIK6,ARCOS Afilador de Bolsillo Profesional,610200,484,13,0.22%,0.22%,738,17,0.23%,0.20%,16.82%,7.69%,3,0,0.62%,0.00%,"113,25 €","0,00 €",3,0
B007TS6GW2,B007TS6GW2,Arcos Chairas - Chaira Afilador manual de cuchillos - Cuerpo de Acero al Carbono recubierto de Diamante de 280 mm - Mango de Polipropileno color negro,279202_,128,3,0.06%,0.05%,192,6,0.06%,0.07%,61.49%,25.00%,3,0,2.34%,0.00%,"119,97 €","0,00 €",3,0
B0B3F4QXML,B008U6TDTK,Arcos Serie Clasica - Juego de Cuchillos de 5 piezas en Caja de Regalo (5 Cuchillos) - Hoja de Acero Inoxidable Forjado NITRUM - Mando de Polioximetileno (POM) - Bloque de madera color marrón acabado lacado,257000,552,22,0.25%,0.38%,795,29,0.25%,0.34%,90.80%,66.67%,3,0,0.54%,0.00%,"434,97 €","0,00 €",3,0
B00BHZPHO6,B00BHZPHO6,"Arcos Juego 6 Cuchillos carne 4,s. Paquete Cuchillos bolsillo con borliso para cortar y filetear carne. Hoja y mango Acero Inoxidable monobloque. Serie Mesa.",378200_,87,0,0.04%,0.00%,117,0,0.04%,0.00%,64.08%,0.00%,3,0,3.45%,0.00%,"116,97 €","0,00 €",3,0
B0F1ZF7H1L,B00BHZPKEI,Arcos Cuchillo Blanco 100 mm,230224_,145,3,0.07%,0.05%,213,4,0.07%,0.05%,16.30%,0.00%,3,0,2.07%,0.00%,"60,30 €","0,00 €",3,0
B00D3LC70Y,B00D3LC70Y,Arcos Tijeras Costura Castellana - Acero Forjado Niquelado 127 mm - Uso Doméstico y Profesional - Serie Style,502200,32,0,0.01%,0.00%,57,0,0.02%,0.00%,91.84%,0.00%,3,0,9.38%,0.00%,"31,47 €","0,00 €",3,0
B00J3ZVN54,B00J3ZVN54,ARCOS Cucharas de Mesa Acero Inoxidable 200 mm,574600_,324,6,0.15%,0.10%,557,31,0.17%,0.36%,18.69%,0.00%,7,0,2.16%,0.00%,"62,93 €","0,00 €",3,0
B00J3ZVNM2,B00J3ZVNM2,Arcos Serie Toscana - Juego de Cucharas Moka (6 cucharas) - Monoblock de una pieza en Acero Inoxidable 18/10 y 115 mm - Color Plata,574100,502,15,0.23%,0.26%,823,21,0.26%,0.24%,2.27%,21.43%,7,7,1.39%,46.67%,"61,18 €","61,18 €",3,3
B0F1ZF7H1L,B00J64GI4S,Arcos Riviera Blanc Cuchillo Jamonero Forjado POM Blanco 300 mm,231124_,51,1,0.02%,0.02%,70,2,0.02%,0.02%,42.11%,0.00%,3,0,5.88%,0.00%,"110,97 €","0,00 €",3,0
B00PKFXWJQ,B00PKFXWJQ,Arcos Serie Cuchillos de Mesa - Cuchillo Mesa - Hoja Serrada de Acero Inoxidable NITRUM de 125 mm - Mango Polipropileno Color crema,370200_1Pieza,78,1,0.04%,0.02%,116,1,0.04%,0.01%,100.00%,0.00%,14,0,17.95%,0.00%,"48,86 €","0,00 €",3,0
B00U2QWLVS,B00U2QWLVS,Arcos Cuchillo Chuletero de Mesa Acero Inoxidable Nitrum 115 mm,740009_us,142,1,0.06%,0.02%,224,1,0.07%,0.01%,19.70%,0.00%,7,0,4.93%,0.00%,"27,93 €","0,00 €",3,0
B00VRZ327A,B00VRZ327A,Arcos Tijeras Costura Acero Forjado 152 mm - Uso Doméstico y Profesional - Niqueladas Plata - Serie Style,502400,30,0,0.01%,0.00%,52,0,0.02%,0.00%,100.00%,0.00%,3,0,10.00%,0.00%,"35,97 €","0,00 €",3,0
B00VRZ3BMG,B00VRZ3BMG,Arcos Tijeras Costura Acero Forjado 140 mm - Uso Doméstico y Profesional - Niqueladas Plata - Serie Style,502300_,25,0,0.01%,0.00%,39,0,0.01%,0.00%,100.00%,0.00%,3,0,12.00%,0.00%,"32,97 €","0,00 €",3,0
B00WUZR7H2,B00WUZR7H2,Arcos Serie Cuchillos de Mesa - Cuchillo Mesa - Hoja Serrada de Acero Inoxidable de 125 mm - Cuchillo Monoblock Acero Inoxidable Color Plata,460400_1pieza,88,2,0.04%,0.03%,147,2,0.05%,0.02%,41.94%,0.00%,16,0,18.18%,0.00%,"71,84 €","0,00 €",3,0
B017HKSR4G,B00WUZRKJW,Arcos Cuchillos de Mesa - Hoja de Acero Inoxidable Nitrum 110 mm - Mango Ergonómico de Polipropileno - Ideal para Comedor - Color Crema - Serie Elegance,802900,501,12,0.23%,0.20%,699,18,0.22%,0.21%,67.70%,45.45%,13,2,2.59%,16.67%,"45,37 €","6,98 €",3,1
B017DLDQXQ,B017DLDQXQ,"Arcos Serie Latina, Cuchillo jamonero, Hoja de 250 mm, Mango Madera",101300_fbm,64,1,0.03%,0.02%,96,1,0.03%,0.01%,25.93%,20.00%,3,0,4.69%,0.00%,"28,47 €","0,00 €",3,0
B017DLM9V6,B017DLM9V6,"Arcos Tenedores de Postre Acero Inoxidable 18/10, Juego de 3 Piezas, Monoblock 180 mm, Serie Toscana, Ideal para Repostería y Sobremesa, Color Plata",574500_,287,4,0.13%,0.07%,429,20,0.13%,0.23%,7.08%,50.00%,3,1,1.05%,25.00%,"24,75 €","8,25 €",3,1
B0752NT3TH,B072BX2S9G,ARCOS Prochef Tijeras de Cocina Acero Inoxidable 215 mm,185625,65,6,0.03%,0.10%,84,8,0.03%,0.09%,72.22%,0.00%,7,5,10.77%,83.33%,"64,75 €","46,25 €",3,1
B0752NT3TH,B072FHSBJC,"ARCOS Tijeras de Cocina Acero Inoxidable 9"" (235 mm)",185723,27,2,0.01%,0.03%,36,2,0.01%,0.02%,95.83%,0.00%,3,0,11.11%,0.00%,"29,97 €","0,00 €",3,0
B0BXB18B8W,B07D8GYFC7,"Arcos Cuchillo Chef Forjado Acero Inoxidable NITRUM - Profesional Cocina, Mango Ergonómico POM Negro, Hoja Silk Edge 150 mm, Serie Manhattan",160400_,59,0,0.03%,0.00%,91,0,0.03%,0.00%,95.06%,0.00%,3,0,5.08%,0.00%,"94,47 €","0,00 €",3,0
B0BXB18B8W,B07D8H2FNG,Arcos Manhattan Cuchillo Pelador Forjado Acero Inoxidable 100 mm,160100_,88,3,0.04%,0.05%,134,4,0.04%,0.05%,94.07%,100.00%,3,0,3.41%,0.00%,"70,47 €","0,00 €",3,0
B093DSL44T,B07F9RV81Z,Arcos Cuchillo Chuletero de 4 Pulgadas con Hoja de 105mm en Acero Inoxidable y Mango de Madera. Cuchillo para Carne Apto para Lavavajillas. Serie Latina. Color Marrón,100400,755,19,0.34%,0.32%,"1,099",35,0.34%,0.41%,84.76%,96.00%,4,2,0.53%,10.53%,"143,24 €","71,26 €",3,1
B0752TVHLW,B07JJGTQK4,Arcos Conjunto Cuchillos 3 piezas - Acero Inoxidable Nitrum y Hoja mm. Cuchillo cocina profesional cocinar. 590 gr. Mango ergonómico polioximetileno POM. Serie Universal. Mayor control. Color negro.,807410_,114,2,0.05%,0.03%,179,2,0.06%,0.02%,50.00%,100.00%,3,0,2.63%,0.00%,"120,75 €","0,00 €",3,0
B07JJGXYZD,B07JJGXYZD,Arcos Set Cocina Serie Manhattan,858100,396,8,0.18%,0.14%,583,16,0.18%,0.19%,94.58%,100.00%,3,1,0.76%,12.50%,"231,74 €","67,76 €",3,1
B0F147RFRT,B07N8Q63Z6,Arcos Brooklyn Cuchillo para Tomates Forjado Acero Inoxidable Nitrum 130 mm,192023_,126,4,0.06%,0.07%,158,4,0.05%,0.05%,92.56%,100.00%,3,0,2.38%,0.00%,"94,36 €","0,00 €",3,0
B08VRP7CR7,B08G8M6QDS,Arcos Juego de Cuchillos chuleteros - Envase Ecologico 100% - 4 Cuchillos Carne - Cubiertos Mesa Acero Inoxidable,809500_,53,2,0.02%,0.03%,62,2,0.02%,0.02%,100.00%,0.00%,3,0,5.66%,0.00%,"59,25 €","0,00 €",3,0
B08JCVQ4QL,B08JCVQ4QL,"Arcos Series Niza - Juego de Cuchillos Cocina, 6 Piezas, Cuchillos Verduras 110 mm, + Cuchillo Mesa, Envase 100% Ecológico, Acero Inoxidable NITRUM",809400,416,10,0.19%,0.17%,617,12,0.19%,0.14%,99.81%,100.00%,4,0,0.96%,0.00%,"79,96 €","0,00 €",3,0
B08TLR4Z27,B08M3DQFHM,Arcos jamonero Profesional | Cuchillo jamonero jamonero Inoxidable Nitrum | Mango Negro | Cuchillo Jamon iberico | Serie Maitre| Hoja Flexible y Filo Liso | 275 mm | Acero Inoxidable NITRUM,151210_fbm,44,3,0.02%,0.05%,58,3,0.02%,0.03%,98.15%,100.00%,3,0,6.82%,0.00%,"46,47 €","0,00 €",3,0
B08Y8NS7PN,B08XZ8X815,"Arcos serie Maitre - juego de Cuchillos, 2 Pza, Cuchillo Cocina Profesional 150mm + Cuchillo universal 100mm, Acero Inoxidable, Rosa, Eco",814600,108,3,0.05%,0.05%,144,4,0.05%,0.05%,99.21%,100.00%,3,0,2.78%,0.00%,"52,49 €","0,00 €",3,0
B09DPRCMTF,B0987MG3JQ,Arcos Juego Cuchillos Carne | Cuchillo chuleteros | Cuchillos Carne Cuchillos Mesa | 6 Uds | Hoja 110 mm | Acero Inoxidable | Mango Nylon | Apto lavavajillas | Envase Ecológico (Filo Liso),814200FBM,75,0,0.03%,0.00%,118,0,0.04%,0.00%,100.00%,0.00%,3,0,4.00%,0.00%,"59,97 €","0,00 €",3,0
B09D1V45YK,B09D1V45YK,"CUPERINOX® Couture Series - Tijera Costura Profesional 16,5 cm | Acero Inoxidable Irrompible | Mango Ergonómico Antideslizante | Corte Preciso y Duradero",21951_,18,1,0.01%,0.02%,36,1,0.01%,0.01%,100.00%,100.00%,6,4,33.33%,400.00%,"36,59 €","23,88 €",3,1
B08VRP7CR7,B09XMVTWLT,Arcos Juego Cuchillos Carne | 6 Piezas | Cuchillos Carne Cuchillo chuleteros | Cubiertos Acero Inoxidable | Hoja 110 mm | Mango Redondo y Forma Ovalada | monobock | Caja Envase Ecológico (Filo Liso),830000,169,4,0.08%,0.07%,266,5,0.08%,0.06%,100.00%,100.00%,3,0,1.78%,0.00%,"98,97 €","0,00 €",3,0
B0044R87QE,B0044R87QE,Arcos Cuchillo Cocina Acero Inoxidable 200 mm,280604_,119,5,0.05%,0.09%,164,6,0.05%,0.07%,40.00%,40.00%,3,0,2.52%,0.00%,"61,47 €","0,00 €",2,0
B0F4DMVXQV,B0044R87QE,Arcos Cuchillo Cocina Acero Inoxidable 200 mm,280604_,212,4,0.10%,0.07%,312,5,0.10%,0.06%,33.68%,0.00%,2,0,0.94%,0.00%,"40,98 €","0,00 €",2,0
B0F54LTCFF,B0044R87UA,Arcos Cuchillo Jamonero con Alveolos Acero Inoxidable 240mm,281801_,705,25,0.32%,0.43%,"1,099",42,0.34%,0.49%,3.76%,3.33%,2,1,0.28%,4.00%,"39,48 €","19,49 €",2,1
B017HKG9PK,B0044R87YQ,Arcos Cuchillo para Maitre Negro 100 mm,150500_us,698,16,0.31%,0.27%,"1,019",22,0.32%,0.26%,34.36%,53.33%,3,2,0.43%,12.50%,"29,39 €","18,22 €",2,1
B0F54LTCFF,B0044R884U,Arcos Universal Cuchillo Santoku Acero POM Negro 170 mm,286004_us,120,2,0.05%,0.03%,165,3,0.05%,0.03%,40.14%,0.00%,2,0,1.67%,0.00%,"47,50 €","0,00 €",2,0
B0F1ZF7H1L,B005LR6BEQ,Arcos Cuchillo Filetear Acero Inoxidable Nitrum 200 mm,233000_,255,2,0.11%,0.03%,373,2,0.12%,0.02%,8.14%,0.00%,2,0,0.78%,0.00%,"51,98 €","0,00 €",2,0
B017HKFNO8,B005LR6ZZ6,Arcos Niza Cuchillo de Cocina Acero Inoxidable 150 mm,135300,16,1,0.01%,0.02%,19,1,0.01%,0.01%,77.78%,0.00%,2,0,12.50%,0.00%,"19,98 €","0,00 €",2,0
B005LR749W,B005LR749W,"ARCOS Juego de Cubiertos de 24 Piezas para Mesa. Cuberterí­a Completa para 6 Personas. Set de 6 Cucharas, 6 Cuchillos, 6 Tenedores y 6 Cucharas de Postre. Serie Berlí­n. Color Plata",562400_fbm,320,4,0.14%,0.07%,462,4,0.14%,0.05%,46.41%,33.33%,2,0,0.63%,0.00%,"167,88 €","0,00 €",2,0
B017HKR8WS,B005LRSIK6,ARCOS Afilador de Bolsillo Profesional,610200_fbm,484,13,0.22%,0.22%,738,17,0.23%,0.20%,16.82%,7.69%,2,1,0.41%,7.69%,"75,50 €","37,75 €",2,1
B0F4DMVXQV,B007TS67OY,Arcos Cuchillo Chef Acero Inoxidable 155 mm,280404_fbm,36,0,0.02%,0.00%,51,0,0.02%,0.00%,86.67%,0.00%,2,0,5.56%,0.00%,"32,98 €","0,00 €",2,0
B0752X1ZCK,B009KPKG8M,Arcos Cuchillos de Mesa - Cuchillo Chuletero Cuchillo de Mesa - Hoja de Acero Inoxidable NITRUM 110 mm - Mango de Nylon - Color Negro,803000_1-Pieza,107,1,0.05%,0.02%,140,2,0.04%,0.02%,89.43%,0.00%,9,0,8.41%,0.00%,"33,75 €","0,00 €",2,0
B0F1ZF7H1L,B00BHZPIVI,Arcos Cuchillo Chef Forjado Acero Inoxidable 200 mm,233624_,84,1,0.04%,0.02%,114,1,0.04%,0.01%,60.00%,0.00%,2,0,2.38%,0.00%,"64,98 €","0,00 €",2,0
B017HKSTCQ,B00CFN1M6Q,ARCOS Tijeras de Cocina Multiusos 200 mm,809700_,"1,213",50,0.55%,0.85%,"1,810",75,0.57%,0.87%,0.48%,7.14%,21,21,1.73%,42.00%,"202,14 €","202,14 €",2,2
B0BQDHLWRL,B00I5N4PPK,Arcos Cuchillo Chuletero Acero Inoxidable Nitrum 110 mm,_809300_1Pieza,107,2,0.05%,0.03%,145,2,0.05%,0.02%,52.31%,100.00%,14,0,13.08%,0.00%,"76,86 €","0,00 €",2,0
B0F4953GB5,B00J4L7FEU,Arcos Hachuela Macheta de Cocina Acero Inoxidable 160 mm,282404_us,29,1,0.01%,0.02%,39,1,0.01%,0.01%,33.33%,0.00%,2,0,6.90%,0.00%,"49,50 €","0,00 €",2,0
B017HKGEFK,B00J64L30C,Arcos Natura Cuchillo Santoku Forjado Acero Inoxidable 180 mm,155810_,46,1,0.02%,0.02%,76,4,0.02%,0.05%,25.35%,0.00%,2,0,4.35%,0.00%,"73,98 €","0,00 €",2,0
B07Z8TJHZR,B00LGX10MW,ARCOS Sacacorchos Manual Aleación de Zinc 195 mm,603400_,157,6,0.07%,0.10%,250,13,0.08%,0.15%,5.45%,0.00%,2,0,1.27%,0.00%,"37,10 €","0,00 €",2,0
B00NM2X21W,B00NM2X21W,Arcos Accesorios - Prensa Ajos Prensador de Ajos - Tamaño 160 mm - Hecho de Aleación de Zinc - Color Plata,603500_,62,3,0.03%,0.05%,93,5,0.03%,0.06%,16.44%,33.33%,2,0,3.23%,0.00%,"31,98 €","0,00 €",2,0
B0F54LTCFF,B00VRWR53K,"Arcos Serie Universal, Macheta Cuchillo Carnicero, Hoja de Acero Inoxidable Nitrum 180 mm, Mango de Polioximetileno, Pom Color Negro",288100_,52,2,0.02%,0.03%,70,3,0.02%,0.03%,100.00%,100.00%,2,0,3.85%,0.00%,"79,98 €","0,00 €",2,0
B00VRZ1YJI,B00VRZ1YJI,Arcos Tijeras Modista Acero Forjado 190 mm - Uso Doméstico y Profesional - Niqueladas Plata - Serie Style,504300,30,0,0.01%,0.00%,44,0,0.01%,0.00%,100.00%,0.00%,2,0,6.67%,0.00%,"27,98 €","0,00 €",2,0
B00WHV21BG,B00WHV21BG,CUPERINOX TIJERAS PESCADO | TIJERAS COCINA| TIJERAS ACERO| TIJERAS | 20 CM | UTENSILIOS DE COCINA,21992_,32,1,0.01%,0.02%,41,1,0.01%,0.01%,63.89%,100.00%,2,0,6.25%,0.00%,"14,50 €","0,00 €",2,0
B0189HXS8Q,B015QGR3CK,Arcos Serie Navajas Profesionales - Navaja Profesional - Hoja Filo de Acero Inoxidable NITRUM de 85 mm - Navaja de Acero Inoxidable Color amarillo,485900_fbm,486,16,0.22%,0.27%,704,21,0.22%,0.24%,46.58%,0.00%,2,0,0.41%,0.00%,"15,90 €","0,00 €",2,0
B093DRZ154,B017DLDM3A,Arcos Cuchillo Mondador Madera 65 mm,100100_us,161,5,0.07%,0.09%,239,7,0.07%,0.08%,3.74%,28.57%,4,3,2.48%,60.00%,"21,96 €","16,47 €",2,1
B017DLM9SO,B017DLM9SO,ARCOS Tenedores para Tartas Acero Inoxidable 18/10 140 mm,574300_,833,25,0.38%,0.43%,"1,338",46,0.42%,0.53%,11.45%,16.00%,2,1,0.24%,4.00%,"18,22 €","9,75 €",2,1
B017DLM9SY,B017DLM9SY,Arcos Serie Toscana - Juego de Cucharas de Mesa (3 cucharas) - Monoblock de una pieza en Acero Inoxidable 18/10 y 180 mm - Color Plata,574400_,167,3,0.08%,0.05%,256,4,0.08%,0.05%,29.69%,0.00%,4,0,2.40%,0.00%,"31,96 €","0,00 €",2,0
B0752NT3TH,B0711S5183,Arcos Tijeras cocina Acero Inoxidable. Tijeras cocina profesionales para cortar todo tipo alimentos. Mango polipropileno y Hoja 235 mm. Serie Prochef. Color very negro.,185721,62,2,0.03%,0.03%,76,2,0.02%,0.02%,8.33%,0.00%,2,0,3.23%,0.00%,"19,98 €","0,00 €",2,0
B071LGMH89,B071LGMH89,Arcos Mesa Cuchillo Carne Nitrum Pack Madera Marrón 4 pulg,374610_fbm,95,0,0.04%,0.00%,128,0,0.04%,0.00%,47.75%,0.00%,5,0,5.26%,0.00%,"83,70 €","0,00 €",2,0
B078KJ1T6G,B078JPWR5J,"Arcos 807600 Juego de Cuchillos, Acero Inoxidable, Blanco, 45x20x5 cm, 3 Unidades",807600_,288,7,0.13%,0.12%,327,8,0.10%,0.09%,98.59%,100.00%,2,1,0.69%,14.29%,"139,98 €","69,99 €",2,1
B0DQV6381X,B079VN4MTH,CUPERINOX Jamonero de Madera Góndola Soporte para Pata y Paleta de jamón Serrano e ibérico con agarres de Metal Jamonera Economica,20200_us,208,3,0.09%,0.05%,223,3,0.07%,0.03%,89.00%,100.00%,2,0,0.96%,0.00%,"28,98 €","0,00 €",2,0
B0BXB18B8W,B07D8XC7NL,"Arcos Cuchillo Chef Forjado Acero Inoxidable NITRUM - Profesional Cocina, Mango Ergonómico POM Negro, Hoja Silk Edge 250 mm, Serie Manhattan",160800_,78,2,0.04%,0.03%,103,2,0.03%,0.02%,92.39%,100.00%,2,1,2.56%,50.00%,"89,98 €","44,99 €",2,1
B0BXB18B8W,B07DC9LM3W,"Arcos Cuchillo Panadero Profesional - Hoja Silk Edge 200 mm en Acero Inoxidable Nitrum, Corte Preciso y Duradero, Ideal para Pan y Pasteles, Diseño Elegante y Seguro, Serie Manhattan",161300_,93,1,0.04%,0.02%,140,2,0.04%,0.02%,3.23%,0.00%,2,0,2.15%,0.00%,"63,98 €","0,00 €",2,0
B0F4DMVXQV,B07JJGTQK4,Arcos Conjunto Cuchillos 3 piezas - Acero Inoxidable Nitrum y Hoja mm. Cuchillo cocina profesional cocinar. 590 gr. Mango ergonómico polioximetileno POM. Serie Universal. Mayor control. Color negro.,807410_,74,2,0.03%,0.03%,101,2,0.03%,0.02%,32.18%,100.00%,2,0,2.70%,0.00%,"80,50 €","0,00 €",2,0
B0F1ZF7H1L,B07JWG12BV,Arcos Riviera Set 3 Cuchillos Forjados Acero Inoxidable Nitrum,807710_,153,3,0.07%,0.05%,205,4,0.06%,0.05%,67.54%,0.00%,2,0,1.31%,0.00%,"139,98 €","0,00 €",2,0
B07N8VQSVB,B07N8VQSVB,Arcos Serie Capri - Cubertería de 24 piezas en una Caja de Regalo (6 cuchillos + 12 cucharas + 6 tenedores) - Monoblock de una pieza en Acero Inoxidable Color Plata,587400_,453,12,0.20%,0.20%,693,22,0.22%,0.26%,76.49%,25.00%,2,0,0.44%,0.00%,"151,98 €","0,00 €",2,0
B07S8PHLKH,B07S8PHLKH,Arcos Nova Set 6 Cuchillos Chuleteros Acero Inoxidable 110 mm,806100_fba,39,2,0.02%,0.03%,43,3,0.01%,0.03%,82.50%,0.00%,3,0,7.69%,0.00%,"53,97 €","0,00 €",2,0
B06XB92VRH,B07T6J5JWM,CUPERINOX Cafetera Italiana Induccion Espresso Acero Inoxidable 12 Tazas,25035_2,27,0,0.01%,0.00%,52,0,0.02%,0.00%,57.14%,0.00%,2,0,7.41%,0.00%,"56,00 €","0,00 €",2,0
B07YXBGV8C,B07YXBGV8C,Arcos Riviera Blanc Set 3 Cuchillos Forjados Acero Inoxidable Nitrum,807511_,35,0,0.02%,0.00%,61,0,0.02%,0.00%,94.23%,0.00%,2,0,5.71%,0.00%,"119,98 €","0,00 €",2,0
B0752TVHLW,B07ZJ85R7C,Arcos Set de Corte 3 Piezas Acero Inoxidable Nitrum,859300,51,1,0.02%,0.02%,74,1,0.02%,0.01%,74.24%,100.00%,2,0,3.92%,0.00%,"75,98 €","0,00 €",2,0
B0F147RFRT,B0843DNN57,Arcos Set Cuchillos Forjados 4 piezas (3 Cuchillos + 1 tijeras) - Acero Inoxidable Forjado NITRUM - Mango Micarta - Bloques Madera Color Azul. Serie Brooklyn. Impresiona yorprencon Cada Corte.,194000_,233,5,0.10%,0.09%,355,6,0.11%,0.07%,97.69%,100.00%,2,0,0.86%,0.00%,"219,98 €","0,00 €",2,0
B0F147RFRT,B0843DNN57,Arcos Set Cuchillos Forjados 4 piezas (3 Cuchillos + 1 tijeras) - Acero Inoxidable Forjado NITRUM - Mango Micarta - Bloques Madera Color Azul. Serie Brooklyn. Impresiona yorprencon Cada Corte.,194000,233,5,0.10%,0.09%,355,6,0.11%,0.07%,97.69%,100.00%,2,0,0.86%,0.00%,"219,98 €","0,00 €",2,0
B0843SLMDX,B0843SLMDX,Arcos Cuchillo Chef Acero Inoxidable. Cuchillo cocina profesional multipropósito para cortar y limpiar verduras. Mango ergonómico polioximetileno y Hoja 230 mm. Serie Opera. Color negro.,225200_fbm,21,0,0.01%,0.00%,23,0,0.01%,0.00%,100.00%,0.00%,2,0,9.52%,0.00%,"81,94 €","0,00 €",2,0
B0843V9Z1W,B0843V9Z1W,Arcos Cuchillo Santoku Acero Inoxidable Nitrum y Hoja 190 mm. Mango ergonómico polioximetileno POM. Diseño clásico y acabado redondeado gran belleza yolidez. Serie Opera. Color negro.,229900_fba,62,2,0.03%,0.03%,86,2,0.03%,0.02%,95.06%,100.00%,2,0,3.23%,0.00%,"73,98 €","0,00 €",2,0
B0F2Z57T3H,B084WYHN2S,CUPERINOX Cuchillos Carne | Cuchillos Mesa | Cuchillos Chuleteros | Cuchillo Sierra | 100 mm | Acero Inoxidable | Cuchillos para mesa (Madera),13012,610,25,0.27%,0.43%,890,65,0.28%,0.75%,18.67%,2.33%,2,0,0.33%,0.00%,"21,98 €","0,00 €",2,0
B08G8QCM5H,B08G8QCM5H,ARCOS cuchillo pelador | 6 PIEZAS | cuchillo de pelar | cuchillos pelar patatas | Hoja 100 mm | Negro | cuchillo arcos pelador Acero Inoxidable,816500_fbm,831,33,0.37%,0.56%,"1,177",53,0.37%,0.62%,100.00%,100.00%,2,2,0.24%,6.06%,"37,98 €","37,98 €",2,2
B08G8QHY23,B08G8QHY23,Arcos | cuchillos chuleteros cuchillo madera cuchillo chuletero | 6 Piezas | juego cuchillos carne | cuchillos mango madera | Envase Eco | Fabricado en España,809300,272,9,0.12%,0.15%,406,14,0.13%,0.16%,100.00%,100.00%,2,0,0.74%,0.00%,"47,98 €","0,00 €",2,0
B08VRP7CR7,B08MTXC14T,Arcos Juego Cuchillos Carne | 6 Piezas | Cuchillos Carne Cuchillo chuleteros | Cubiertos Acero Inoxidable | Hoja 110 mm | Mango Redondo y Forma Ovalada | monobock | Caja Envase Ecológico (6 unidades),809900FBM,143,4,0.06%,0.07%,206,5,0.06%,0.06%,99.44%,100.00%,3,0,2.10%,0.00%,"83,97 €","0,00 €",2,0
B09FQ5SZK8,B08MTZZQV5,Arcos Cuchillo para Pan Acero Inoxidable Nitrum 200 mm,166400_fbm,129,4,0.06%,0.07%,159,4,0.05%,0.05%,33.33%,50.00%,2,2,1.55%,50.00%,"57,98 €","57,98 €",2,2
B08ZNM265D,B08ZNM265D,Arcos | cuchillos de mesa cuchillo mesa tradicional | 6 Piezas cuchillo chuletero | mango nailon | Envase Eco | Fabricado en España,704400,136,7,0.06%,0.12%,238,9,0.07%,0.10%,17.77%,100.00%,2,0,1.47%,0.00%,"53,98 €","0,00 €",2,0
B0C4DTYRJW,B094QVHPQ8,Arcos Juego Cuchillos Cocina Profesionales| Cuchillos Cocina Profesional Set Cuchillos | Mango Negro (4 Piezas),813500FBM,628,13,0.28%,0.22%,852,17,0.27%,0.20%,99.35%,100.00%,2,1,0.32%,7.69%,"79,90 €","39,95 €",2,1
B0987KNJLQ,B0987KNJLQ,Arcos | cuchillos de mesa cuchillo mesa FILO LISO | 6 Piezas cuchillo chuletero | mango monoblock | Acero Inoxidable | Envase Eco,814100FBM,48,2,0.02%,0.03%,70,2,0.02%,0.02%,100.00%,0.00%,2,0,4.17%,0.00%,"59,98 €","0,00 €",2,0
B08J488ZQG,B0987N2CBR,Arcos Juego Cuchillos Carne | 6 Piezas | Cuchillos carne cuchillo chuleteros | cubiertos acero inoxidable | Hoja 110 mm | mango monobloque | aptos lavavajillas | Caja Envase Ecológico,814000FBM,579,28,0.26%,0.48%,687,34,0.21%,0.39%,99.66%,100.00%,4,0,0.69%,0.00%,"111,96 €","0,00 €",2,0
B09KJLG7BT,B098K898SC,CUPERINOX Soporte Jamonero | Jamonero Profesional | Cuchillo Jamonero madera + Funda Jamon | Tabla Jamonera,20226FBM,132,10,0.06%,0.17%,191,14,0.06%,0.16%,80.92%,100.00%,2,0,1.52%,0.00%,"49,98 €","0,00 €",2,0
B09KJLG7BT,B098TFPYLY,CUPERINOX Jamonero profesional Gondola | tabla jamon | Cuchillo Jamonero Alveolos Acero Inox + Cubre Jamón Universal | Set cortar jamón (3 PZAS) | Sujeta jamones | tabla jamonero,20228_,67,2,0.03%,0.03%,78,3,0.02%,0.03%,100.00%,100.00%,2,1,2.99%,50.00%,"69,98 €","34,99 €",2,1
B09F9KVBDX,B09F9KVBDX,Arcos Nova Juego 8 Cuchillos Mesa Acero Crema 105 mm,705300,123,5,0.06%,0.09%,163,5,0.05%,0.06%,67.59%,50.00%,2,1,1.63%,20.00%,"33,98 €","16,99 €",2,1
B08VS4FCLN,B09HHGVG2N,"Arcos Juego Cuchillos Cocina cuchillos | Cuchillo profesional | 6 piezas | Chef 215 mm + Cocina 150 mm, Verduras 100 mm + Tijera cocina + Pelador de fruta y verdura + Pinza para pescado",854200fbm,101,4,0.05%,0.07%,132,4,0.04%,0.05%,95.00%,100.00%,2,0,1.98%,0.00%,"87,98 €","0,00 €",2,0
B06XB92VRH,B09LZ2VHYP,CUPERINOX Deluxe Cafetera Italiana Induccion Espresso Inoxidable 10 Tazas,25053,172,3,0.08%,0.05%,202,3,0.06%,0.03%,52.20%,100.00%,2,0,1.16%,0.00%,"69,98 €","0,00 €",2,0
B09NRLLDC6,B09NRLLDC6,CUPERINOX Cuchillo Jamonero + Chaira + Funda Cubre Jamón | Jamonero 240mm acero inoxidable| Afilador Chaira | Funda cubre jamón,20220,49,0,0.02%,0.00%,59,0,0.02%,0.00%,100.00%,0.00%,2,0,4.08%,0.00%,"19,98 €","0,00 €",2,0
B0B42QTHTP,B0B42QTHTP,CUPERINOX | Tijeras de pescado 18 cm | Tijeras Cocina | tijeras de cocinero profesional para aves pescado carne caza| Accesorios de cocina,21991_,46,2,0.02%,0.03%,65,2,0.02%,0.02%,65.57%,100.00%,2,0,4.35%,0.00%,"12,50 €","0,00 €",2,0
B0B464Q8VS,B0B464Q8VS,CUPERINOX® Kitchen Pro | Tijeras de Cocina Profesional 21 cm Tijeras de Trinchar Carne y Pescado Acero Inoxidable Mango Ergonómico Apto Lavavajillas,21981_,31,1,0.01%,0.02%,41,1,0.01%,0.01%,100.00%,0.00%,2,0,6.45%,0.00%,"19,98 €","0,00 €",2,0
B0CVH8PC99,B0CQRMMMR5,CUPERINOX Cuchillos Carne | Cuchillos Mesa | Cuchillos Chuleteros | 6 Piezas | Hoja Serrada | Mango Polipropileno | Acero Inoxidable | 11 cm,99901_6pzs,103,3,0.05%,0.05%,137,3,0.04%,0.03%,98.37%,100.00%,2,0,1.94%,0.00%,"19,98 €","0,00 €",2,0
B0F2Z57T3H,B0CS6V91GR,CUPERINOX® Cuchillos de Mesa con Mango de Madera – Set 6 Cuchillos para Carne con Filo Dentado – Estilo Palmadera tradicional – Aptos para Uso Diario,14015,162,6,0.07%,0.10%,194,6,0.06%,0.07%,98.21%,100.00%,2,0,1.23%,0.00%,"37,98 €","0,00 €",2,0
B0CYTKGNPM,B0CW68KM18,Pelador de Cocina ARCOS - Hoja de Acero Inoxidable | Mango Ergonómico | Herramienta Versátil para Pelar Frutas y Verduras,607300_,907,14,0.41%,0.24%,"1,091",20,0.34%,0.23%,54.65%,87.50%,2,0,0.22%,0.00%,"17,26 €","0,00 €",2,0
B0752TVHLW,B000NOAYMM,Arcos Cuchillo Jamonero Acero Inoxidable 240 mm,281804_fba,93,2,0.04%,0.03%,117,2,0.04%,0.02%,31.37%,100.00%,1,0,1.08%,0.00%,"16,49 €","0,00 €",1,0
B000NOAYMM,B000NOAYMM,Arcos Cuchillo Jamonero Acero Inoxidable 240 mm,281804_fba,7,0,0.00%,0.00%,13,0,0.00%,0.00%,75.00%,0.00%,1,0,14.29%,0.00%,"16,49 €","0,00 €",1,0
B0F4978XQ6,B000NOAYMM,Arcos Cuchillo Jamonero Acero Inoxidable 240 mm,281804_fba,89,6,0.04%,0.10%,156,7,0.05%,0.08%,16.67%,50.00%,1,0,1.12%,0.00%,"16,49 €","0,00 €",1,0
B09ZLJL6JF,B0015YIAV6,Arcos Serie Lyon - Cuchillo Chef | Cuchillo Cocinero - Hoja de Acero Inoxidable Forjado NITRUM de 200 mm - Mango de Polioximetileno (POM) - Color Negro,253600_,9,0,0.00%,0.00%,11,0,0.00%,0.00%,100.00%,0.00%,1,0,11.11%,0.00%,"33,99 €","0,00 €",1,0
B0752TVHLW,B0044R87I2,Arcos Conjunto Cuchillos 4 piezas (3 Cuchillos + 1 tijeras). Acero Inoxidable y Hoja mm. 1670 gr. Bloque madera pino. Mango ergonómico polioximetileno POM. Serie Universal. Mayor control. Color negro.,285000,65,1,0.03%,0.02%,98,3,0.03%,0.03%,100.00%,100.00%,1,0,1.54%,0.00%,"57,18 €","0,00 €",1,0
B017HKG9PK,B0044R87LE,Arcos Cuchillo Panero Negro 210 mm,151400_fbm,653,35,0.29%,0.60%,807,36,0.25%,0.42%,17.09%,3.33%,1,0,0.15%,0.00%,"14,99 €","0,00 €",1,0
B0044R87UA,B0044R87UA,Arcos Cuchillo Jamonero con Alveolos Acero Inoxidable 240mm,281801_,453,9,0.20%,0.15%,702,12,0.22%,0.14%,0.97%,28.57%,1,1,0.22%,11.11%,"19,49 €","19,49 €",1,1
B0752TVHLW,B0044R87UA,Arcos Cuchillo Jamonero con Alveolos Acero Inoxidable 240mm,281801_,462,21,0.21%,0.36%,713,38,0.22%,0.44%,1.62%,0.00%,1,0,0.22%,0.00%,"20,32 €","0,00 €",1,0
B0F1ZF7H1L,B005LR67V8,Arcos Cuchillo para Pan Acero Inoxidable Nitrum 200 mm,231300_,222,7,0.10%,0.12%,338,15,0.11%,0.17%,3.77%,0.00%,1,0,0.45%,0.00%,"29,99 €","0,00 €",1,0
B0F1ZF7H1L,B005LR6C7C,Arcos Cuchillo Cocina Acero Inoxidable Negro 180 mm,233500,589,6,0.27%,0.10%,908,10,0.28%,0.12%,21.30%,0.00%,1,0,0.17%,0.00%,"34,99 €","0,00 €",1,0
B0F1ZF7H1L,B005LR6J3Y,Arcos Riviera Juego 6 Cuchillos Forjados Acero Inoxidable Nitrum,234200_,245,6,0.11%,0.10%,318,6,0.10%,0.07%,17.86%,0.00%,1,0,0.41%,0.00%,"174,89 €","0,00 €",1,0
B0F1ZF7H1L,B005LR6JFW,Arcos Conjunto Cuchillos 5 piezas Acero Inoxidable y Hoja mm. 3750 gr. Cuchillo cocina profesional cortar una variedad alimentos con mango ergonómico polioximetileno POM. Serie Riviera. Color negro.,234300_,142,3,0.06%,0.05%,178,3,0.06%,0.03%,26.57%,33.33%,1,0,0.70%,0.00%,"134,99 €","0,00 €",1,0
B005LR6TTS,B005LR6TTS,Arcos Cuchillo tallado Acero Inoxidable. Cuchillo para cortar jamón y carne. Mango ergonómico polioximetileno y Hoja 250 mm. Serie Regia. Color negro/oro.,170600_fbm,226,11,0.10%,0.19%,320,13,0.10%,0.15%,2.39%,10.00%,1,0,0.44%,0.00%,"25,36 €","0,00 €",1,0
B017HKFNO8,B005LR70T6,Arcos Niza Cuchillo de Cocina Acero Inoxidable Negro 200 mm,135400,31,1,0.01%,0.02%,47,1,0.01%,0.01%,13.95%,0.00%,1,0,3.23%,0.00%,"10,60 €","0,00 €",1,0
B0BMQ3CMJD,B005LR73D4,Arcos Serie Niza - Set Jamoneri - Cuchillo Jamonero + Chaira - Hoja de Acero Inoxidable NITRUM de 240 mm - Mangos fabricados en Polipropileno (PP) Color Negro,136700_fbm,158,5,0.07%,0.09%,220,6,0.07%,0.07%,2.46%,25.00%,1,0,0.63%,0.00%,"15,24 €","0,00 €",1,0
B0F54LTCFF,B006LMX2GK,Arcos Cuchillo Jamonero Acero Inoxidable Forjado Nitrum 280 mm,281904,59,4,0.03%,0.07%,90,5,0.03%,0.06%,44.87%,25.00%,1,0,1.69%,0.00%,"17,49 €","0,00 €",1,0
B0752TVHLW,B007TS67OY,Arcos Cuchillo Chef Acero Inoxidable 155 mm,280404_fbm,143,1,0.06%,0.02%,194,1,0.06%,0.01%,8.82%,100.00%,1,0,0.70%,0.00%,"16,49 €","0,00 €",1,0
B0F4Y65QSY,B007TS67Q2,Arcos Cuchillo Chef Acero Inoxidable 120 mm,280304,19,0,0.01%,0.00%,26,0,0.01%,0.00%,33.33%,0.00%,1,0,5.26%,0.00%,"12,99 €","0,00 €",1,0
B0F4DMVXQV,B007TS67Q2,Arcos Cuchillo Chef Acero Inoxidable 120 mm,280304,113,7,0.05%,0.12%,205,12,0.06%,0.14%,1.69%,0.00%,1,0,0.88%,0.00%,"12,99 €","0,00 €",1,0
B017HKKKIC,B007TS68BG,Arcos Universal Cuchillo Carnicero Nitrum POM Negro 160 mm,288200_fbm,108,2,0.05%,0.03%,154,3,0.05%,0.03%,65.22%,100.00%,1,0,0.93%,0.00%,"26,75 €","0,00 €",1,0
B007TS6GFO,B007TS6GFO,Arcos Universal Juego 5 Cuchillos Nitrum Bloque Pino POM Negro,285700_,349,9,0.16%,0.15%,464,9,0.15%,0.10%,3.46%,0.00%,1,0,0.29%,0.00%,"104,90 €","0,00 €",1,0
B0F54LTCFF,B007TS6GI6,Arcos Universal Set 2 Cuchillos de Cocina Acero Inoxidable Nitrum,285800_2,52,1,0.02%,0.02%,79,2,0.02%,0.02%,36.49%,0.00%,1,0,1.92%,0.00%,"27,75 €","0,00 €",1,0
B007TS6HNK,B007TS6HNK,ARCOS Corta Pizzas Acero Inoxidable 100 mm,614800_,215,17,0.10%,0.29%,315,26,0.10%,0.30%,1.75%,10.53%,1,1,0.47%,5.88%,"11,99 €","11,99 €",1,1
B096ZVZNSY,B008U6TCSW,ARCOS Chaira Afilador Acero Nitrum Cromado Negro 250 mm,278200_,117,3,0.05%,0.05%,186,3,0.06%,0.03%,24.42%,0.00%,1,0,0.85%,0.00%,"16,49 €","0,00 €",1,0
B0BQDHLWRL,B008U6TRGO,"Arcos Cuchillos mesa - Cuchillo carne Acero Inoxidable Nitrum, Hoja, mango marrón madera -erie Mesa, duradero y apto para lavavajillas (7'')",809300_1Pieza,218,9,0.10%,0.15%,327,10,0.10%,0.12%,10.93%,14.29%,1,0,0.46%,0.00%,"4,99 €","0,00 €",1,0
B0F1ZF7H1L,B00BHZPHOG,Arcos Riviera Blanc Cuchillo Panero Acero Inoxidable Nitrum 200 mm,231324_,94,0,0.04%,0.00%,129,0,0.04%,0.00%,21.90%,0.00%,1,0,1.06%,0.00%,"29,99 €","0,00 €",1,0
B0F1ZF7H1L,B00BHZPHSC,Arcos Riviera Blanc Cuchillo Jamonero Forjado Acero POM Blanco 250 mm,231024_,97,3,0.04%,0.05%,136,6,0.04%,0.07%,16.67%,40.00%,1,1,1.03%,33.33%,"27,68 €","27,68 €",1,1
B0F1ZF7H1L,B00BHZPIVI,Arcos Cuchillo Chef Forjado Acero Inoxidable 200 mm,233624,84,1,0.04%,0.02%,114,1,0.04%,0.01%,60.00%,0.00%,1,0,1.19%,0.00%,"32,49 €","0,00 €",1,0
B0F1ZF7H1L,B00BHZPO12,Arcos Cuchillo Cocina Acero Inoxidable Blanco 180 mm,233524_,94,2,0.04%,0.03%,132,2,0.04%,0.02%,7.84%,0.00%,1,0,1.06%,0.00%,"34,99 €","0,00 €",1,0
B00CWZQJZG,B00CWZQJZG,"Arcos Cuchillos Mesa - Cuchillo Carne Mesa - Monobloque unaola pieza Acero Inoxidable 4"" - Color Plateado - Corta todo tipo carne conimplicidad y practicidad -erie Monobloque - Color Gris",702000_1pza_fba,40,1,0.02%,0.02%,56,1,0.02%,0.01%,91.67%,0.00%,1,0,2.50%,0.00%,"4,99 €","0,00 €",1,0
B0BV32H59Y,B00HYWUNR2,Arcos Saeta - Cuchillo Deshuesador - Hoja de Acero Inoxidable Forjado Nitrum de 145 mm - Mango de Pom - Color Negro,174700,27,1,0.01%,0.02%,49,1,0.02%,0.01%,100.00%,100.00%,1,0,3.70%,0.00%,"29,99 €","0,00 €",1,0
B0CGTXWSFY,B00J177VYQ,ARCOS Cuchillo de Electricista para Cortar Cables con Hoja de Acero Inoxidable 90 Mm y Mango ergonómico de Polipropileno. Utensilio Profesional para Instalaciones Eléctricas. Color Negro,227100,421,17,0.19%,0.29%,566,18,0.18%,0.21%,0.99%,14.29%,2,2,0.48%,11.76%,"17,98 €","17,98 €",1,1
B00J1796U8,B00J1796U8,ARCOS Ecopro Tijeras de Electricista Acero Inoxidable Tungsteno 145 mm,506100,33,1,0.01%,0.02%,39,1,0.01%,0.01%,24.32%,0.00%,1,0,3.03%,0.00%,"11,99 €","0,00 €",1,0
B017HKGEFK,B00J64GBXQ,Arcos Cuchillo pelar Acero Inoxidable Nitrum. Cuchillo pelar para pelar frutas y verduras. Mango madera y Hoja 100 mm. Resistente al óxido y al desgaste. Serie Natura. Color marrón.,155010_,15,0,0.01%,0.00%,19,0,0.01%,0.00%,94.44%,0.00%,1,0,6.67%,0.00%,"22,99 €","0,00 €",1,0
B0F1ZF7H1L,B00J64GEEC,Arcos Riviera Blanc Cuchillo Chef Forjado Acero Inoxidable 250 mm,233724_,77,1,0.03%,0.02%,110,2,0.03%,0.02%,3.33%,0.00%,1,0,1.30%,0.00%,"42,99 €","0,00 €",1,0
B0F1ZF7H1L,B00J64GI70,Arcos Riviera Blanc Cuchillo Fileteador Forjado Acero Inoxidable 200 mm,233024_,69,4,0.03%,0.07%,94,5,0.03%,0.06%,29.41%,0.00%,1,0,1.45%,0.00%,"25,99 €","0,00 €",1,0
B0752TVHLW,B00J64GMWQ,Arcos Universal Cuchillo Chef Granton Acero Inoxidable Nitrum 200 mm,280601_us,69,0,0.03%,0.00%,96,0,0.03%,0.00%,1.19%,0.00%,1,0,1.45%,0.00%,"21,99 €","0,00 €",1,0
B00MDK1DM4,B00MDK1DM4,Arcos Latina Cuchillo de Cocina Acero Inoxidable 130 mm,100600_1pieza,137,4,0.06%,0.07%,227,4,0.07%,0.05%,8.12%,0.00%,2,0,1.46%,0.00%,"11,98 €","0,00 €",1,0
B00MDK1EBE,B00MDK1EBE,"Arcos Cuchillo Utilitario Acero Inoxidable Nitrum 5""",100600_fbm,75,1,0.03%,0.02%,123,2,0.04%,0.02%,18.69%,0.00%,1,0,1.33%,0.00%,"5,99 €","0,00 €",1,0
B017HKR8WS,B00OFR535Q,"Arcos Afiladores - Afilador Eléctrico de Cuchillos Afilador de Cuchillos Eléctricos, Hecho de Plástico, Color Negro (Rodillos de Banda Intercambiables)",610500_fbm,75,3,0.03%,0.05%,96,3,0.03%,0.03%,86.05%,100.00%,4,4,5.33%,133.33%,"939,96 €","939,96 €",1,1
B00U2QWO1K,B00U2QWO1K,Arcos Latina Cuchillo Chuletero Acero Inoxidable 105 mm,100400_1pieza,390,7,0.18%,0.12%,551,11,0.17%,0.13%,13.54%,0.00%,5,0,1.28%,0.00%,"19,05 €","0,00 €",1,0
B0752TH4FW,B00V3A9XMC,Arcos Serie Riviera Blanc - Juego de Cuchillos de 5 piezas en Caja de Regalo (4 Cuchillos + 1 Tijeras) - Hoja de Acero Inoxidable Forjado NITRUM - Mango de Polioximetileno (POM) - Bloque de madera de color negro lacado,234424_,68,5,0.03%,0.09%,113,7,0.04%,0.08%,97.85%,83.33%,1,0,1.47%,0.00%,"144,99 €","0,00 €",1,0
B00WHV21BG,B00WHV21BG,CUPERINOX TIJERAS PESCADO | TIJERAS COCINA| TIJERAS ACERO| TIJERAS | 20 CM | UTENSILIOS DE COCINA,21992,32,1,0.01%,0.02%,41,1,0.01%,0.01%,63.89%,100.00%,2,2,6.25%,200.00%,"14,98 €","14,98 €",1,1
B017DLDM3A,B017DLDM3A,Arcos Cuchillo Mondador Madera 65 mm,100100_us,287,9,0.13%,0.15%,400,13,0.13%,0.15%,0.86%,0.00%,1,0,0.35%,0.00%,"5,49 €","0,00 €",1,0
B0752VKJ59,B017DLH9NE,Arcos Afilador Acero Nitrum Acero Inoxidable y Hoja 300 mm. Serie Chaira. Cuerpo Acero al Carbono Recubierto Cromo 11 - Mango Polipropileno. Formas ligeras yuaves. Color Negro.,278310_,28,1,0.01%,0.02%,38,1,0.01%,0.01%,96.97%,100.00%,1,0,3.57%,0.00%,"24,99 €","0,00 €",1,0
B017DLL29Q,B017DLL29Q,Arcos Serie Cuchillos de Mesa - Cuchillo Chuletero - Hoja Serrada de Acero Inoxidable NITRUM de 110 mm - Mango Polipropileno Color negro,372800_,11,0,0.00%,0.00%,12,0,0.00%,0.00%,90.91%,0.00%,3,0,27.27%,0.00%,"29,97 €","0,00 €",1,0
B0189HXOXK,B017DLLFI4,Arcos Serie Navajas Profesionales - Navaja Profesional - Hoja Filo de Acero Inoxidable NITRUM de 85 mm - Navaja de Acero Inoxidable Color naranja,485329_fbm,116,4,0.05%,0.07%,142,4,0.04%,0.05%,96.09%,100.00%,1,0,0.86%,0.00%,"7,49 €","0,00 €",1,0
B0189HXOXK,B017DLLFIO,Arcos Navaja Acero Inoxidable 85 mm,485300_fmb,114,2,0.05%,0.03%,154,2,0.05%,0.02%,83.94%,0.00%,1,0,0.88%,0.00%,"7,49 €","0,00 €",1,0
B071HVWQKP,B071HVWQKP,Arcos Cuchillos Mesa con Hoja Acero Inoxidable. Cuchillos Carne con Mango Madera Palisandro Marrón. Hoja. Corta Carne Asada. Clásicos y Elegantes. Cortein Esfuerzo. Serie Mesa. Color Marrón,373700,174,3,0.08%,0.05%,247,6,0.08%,0.07%,46.45%,75.00%,3,0,1.72%,0.00%,"47,22 €","0,00 €",1,0
B071LGMMW4,B071LGMMW4,"Arcos Riviera, Juego de Cuchillos de Cocina, Mondador + 2 Cuchillo Chef, Acero Inoxidable Forjado Nitrum, Mango POM, Color Negro",838300_838310,34,1,0.02%,0.02%,48,1,0.02%,0.01%,38.10%,0.00%,1,0,2.94%,0.00%,"89,99 €","0,00 €",1,0
B071S7PKNN,B071S7PKNN,Arcos Cuchillo Chuletero Acero Inoxidable Nitrum 110 mm,372400,14,0,0.01%,0.00%,22,0,0.01%,0.00%,100.00%,0.00%,2,0,14.29%,0.00%,"9,98 €","0,00 €",1,0
B071S7PRTZ,B071S7PRTZ,"Arcos Riviera Blanc, Set Jamonero de 2 piezas, Acero Inoxidable Forjado, Mango POM, Color Blanco",852000_,8,0,0.00%,0.00%,11,0,0.00%,0.00%,100.00%,0.00%,1,0,12.50%,0.00%,"41,99 €","0,00 €",1,0
B071VT3QQY,B071VT3QQY,"Arcos Riviera - Juego de Cuchillos de Cocina Profesional (Mondador 100 mm, Santoku 140 mm, Chef 200 mm) - Acero Inoxidable Forjado NITRUM, Mango Ergonómico Negro - 3 Piezas en Estuche",807700_fbm,71,1,0.03%,0.02%,94,2,0.03%,0.02%,95.45%,0.00%,1,0,1.41%,0.00%,"68,99 €","0,00 €",1,0
B072BX2PJG,B072BX2PJG,ARCOS Chaira Afilador Manual Acero al Carbono Cromado 230 mm,185924,100,4,0.05%,0.07%,140,5,0.04%,0.06%,11.54%,0.00%,1,0,1.00%,0.00%,"27,99 €","0,00 €",1,0
B072BX31NV,B072BX31NV,Arcos Juego 6 Cuchillos de Mesa Nitrum Acero Crema 105 mm,703500__,37,0,0.02%,0.00%,54,0,0.02%,0.00%,12.00%,0.00%,1,0,2.70%,0.00%,"11,99 €","0,00 €",1,0
B0F1N351DY,B073V3CYRF,Arcos Cuchillo Mondador de 4 Pulgadas con Hoja de 100mm en Acero Inoxidable y Mango de Polipropileno. Cuchillos de Cocina para Pelar Apto para Lavavajillas. Serie Nova. Color Turquesa,188632_,539,11,0.24%,0.19%,818,19,0.26%,0.22%,6.58%,0.00%,1,0,0.19%,0.00%,"5,99 €","0,00 €",1,0
B077V7LJJM,B077V7LJJM,"Arcos Serie Riviera, Set Jamonero de 3 piezas, 1 Cuchillo Jamonero + 1 Deshuesador + 1 Chaira, Hoja de Acero Inoxidable Forjado Nitrum, Mango de Polioximetileno, POM, Color Negro",_806911_,21,0,0.01%,0.00%,28,0,0.01%,0.00%,69.23%,0.00%,1,0,4.76%,0.00%,"69,99 €","0,00 €",1,0
B078GYCH1G,B078GYCH1G,Tenedor de marisco - 6 unid,20023,23,0,0.01%,0.00%,36,0,0.01%,0.00%,100.00%,0.00%,1,0,4.35%,0.00%,"12,99 €","0,00 €",1,0
B07BMGMVY4,B07BMGMVY4,Arcos Serie Riviera Rose - Cuchillo Cocinero - Hoja de Acero Inoxidable Forjado NITRUM 200 mm - Mango de Polioximetileno (POM) Color Rosa,233654_,50,0,0.02%,0.00%,93,0,0.03%,0.00%,98.57%,0.00%,1,0,2.00%,0.00%,"34,99 €","0,00 €",1,0
B0BXB18B8W,B07C7YV74X,Arcos Manhattan Cuchillo Trinchar Acero Jamón y Carne 250 mm,161900_,84,2,0.04%,0.03%,110,3,0.03%,0.03%,91.58%,100.00%,1,0,1.19%,0.00%,"34,99 €","0,00 €",1,0
B07CY3885W,B07CY3885W,"Arcos Serie Riviera Rose, Cuchillo Cocinero, Hoja de Acero Inoxidable Forjado Nitrum 150 mm, Mango de Polioximetileno, POM Color Rosa",233454,20,0,0.01%,0.00%,30,0,0.01%,0.00%,100.00%,0.00%,1,0,5.00%,0.00%,"26,99 €","0,00 €",1,0
B0BXB18B8W,B07DFK4T6L,"Arcos Cuchillo Deshuesador Profesional - Hoja Silk Edge Acero Inoxidable Nitrum 160 mm, Precisión y Durabilidad, Mango Ergonómico POM Negro, Serie Manhattan",162600_,75,0,0.03%,0.00%,100,0,0.03%,0.00%,85.87%,0.00%,1,0,1.33%,0.00%,"27,99 €","0,00 €",1,0
B0846H7BV1,B07G5M444L,Arcos Cuchillo de Mesa Acero Inoxidable Nitrum 130 mm Caja 12 Uds,370725_fbm,22,1,0.01%,0.02%,36,1,0.01%,0.01%,90.00%,100.00%,1,0,4.55%,0.00%,"42,99 €","0,00 €",1,0
B07G75VRY2,B07G75VRY2,"Arcos Serie Cuchillos de Mesa Caja 12 uds Cuchillo Chuletero, Hoja Serrada de Acero Inoxidable de 110 mm, Cuchillo Monoblock Acero Inoxidable Color plata (12 UDS)",375800_(809900x2),53,3,0.02%,0.05%,74,6,0.02%,0.07%,86.96%,100.00%,1,0,1.89%,0.00%,"57,99 €","0,00 €",1,0
B07G76SK9L,B07G76SK9L,Arcos Cuchillo de Mesa 1 Pieza (Plastico Blister),702300,11,0,0.00%,0.00%,15,0,0.00%,0.00%,100.00%,0.00%,2,0,18.18%,0.00%,"59,98 €","0,00 €",1,0
B07G77ZS7D,B07G77ZS7D,"Arcos Serie Cuchillos de Mesa Caja 12 uds Cuchillo Chuletero, Hoja Serrada de Acero Inoxidable NITRUM de 110 mm, Mango Madera comprimida Color marrón (12 UDS)",371501_fbm,20,0,0.01%,0.00%,42,0,0.01%,0.00%,94.74%,0.00%,1,0,5.00%,0.00%,"49,99 €","0,00 €",1,0
B0B3F4QXML,B07JWJ5LDH,Arcos Serie Clasica - Juego de Cuchillos Chuleteros (6 piezas) - Acero Inoxidable Forjado NITRUM - Mango POM - Color Negro,_854500_,83,4,0.04%,0.07%,100,5,0.03%,0.06%,100.00%,100.00%,1,0,1.20%,0.00%,"84,99 €","0,00 €",1,0
B0F147RFRT,B07N8TV9CC,Arcos Brooklyn Cuchillo Rebanar Jamonero Forjado Micarta Azul 250 mm,191923_,159,3,0.07%,0.05%,217,6,0.07%,0.07%,86.67%,0.00%,1,0,0.63%,0.00%,"41,88 €","0,00 €",1,0
B0BXB18B8W,B07N8V3SNH,"Arcos Cuchillo Tomate Forjado Acero Inoxidable 130 mm - Mango Ergonómico POM Negro, Borde Serrado para Rebanadas Perfectas - Serie Manhattan, Calidad Profesional",162000_,50,2,0.02%,0.03%,74,2,0.02%,0.02%,92.31%,100.00%,1,0,2.00%,0.00%,"24,99 €","0,00 €",1,0
B0BXB18B8W,B07N8VLCQS,"Arcos Juego de Cuchillos Profesionales (4 Piezas) - Acero Inoxidable Nitrum, Precisión y Durabilidad, Mango Ergonómico POM Negro, Incluye Tijeras y Bloque de Madera, Serie Manhattan",163300_,103,3,0.05%,0.05%,127,4,0.04%,0.05%,95.15%,100.00%,1,0,0.97%,0.00%,"96,99 €","0,00 €",1,0
B07N8W33BT,B07N8W33BT,ARCOS Bloque Universal para Cuchillos Caucho Termoplástico 225 mm,794400_,47,1,0.02%,0.02%,72,1,0.02%,0.01%,93.10%,0.00%,1,0,2.13%,0.00%,"24,99 €","0,00 €",1,0
B0F147RFRT,B07N8W7718,Arcos Cuchillo Chef Forjado Acero Inoxidable Tamaño. Mango Profesional Micarta y BorSeda Especial con Hoja Plateada 250 mm. Impresiona yorprencon Cada Corte. Serie Brooklyn. Color Azul.,190823_,182,2,0.08%,0.03%,245,3,0.08%,0.03%,8.97%,0.00%,1,0,0.55%,0.00%,"52,99 €","0,00 €",1,0
B0BXB18B8W,B07N8W79GH,Arcos Manhattan Cuchillo Tallado Acero Inoxidable Nitrum 300 mm,162300_,86,5,0.04%,0.09%,103,6,0.03%,0.07%,93.48%,100.00%,1,0,1.16%,0.00%,"36,99 €","0,00 €",1,0
B07T1LRC8M,B07S9RTS38,Arcos Kids Cuchillo de Cocina para Niños - Hoja Segura de Acero Inoxidable NITRUM 100 mm - Mango Ergonómico POM Verde - Seguridad Infantil y Durabilidad,792921_fbm,95,1,0.04%,0.02%,144,1,0.05%,0.01%,85.59%,0.00%,1,0,1.05%,0.00%,"17,99 €","0,00 €",1,0
B07T1LRC8M,B07S9RTS38,Arcos Kids Cuchillo de Cocina para Niños - Hoja Segura de Acero Inoxidable NITRUM 100 mm - Mango Ergonómico POM Verde - Seguridad Infantil y Durabilidad,792921,95,1,0.04%,0.02%,144,1,0.05%,0.01%,85.59%,0.00%,1,0,1.05%,0.00%,"17,99 €","0,00 €",1,0
B0F54LTCFF,B07ZJ85R7C,Arcos Set de Corte 3 Piezas Acero Inoxidable Nitrum,859300,39,2,0.02%,0.03%,67,3,0.02%,0.03%,84.13%,33.33%,1,0,2.56%,0.00%,"37,99 €","0,00 €",1,0
B0843SYT31,B0843SYT31,Arcos Cuchillo Chef con Hoja Acero Inoxidable Nitrum 160 mm. Cuchillo cocina profesional multiusos. Mango ergonómico polioximetileno POM. Serie Opera. Color negro.,225000_fmb,23,0,0.01%,0.00%,30,0,0.01%,0.00%,88.46%,0.00%,1,0,4.35%,0.00%,"32,88 €","0,00 €",1,0
B08VS4FCLN,B08BX3WTPP,"Arcos Juego Cuchillos Cocina cuchillo blanco cuchillos | cuchillos cocina Maitre | 4 piezas | Chef 215 mm, Cocina 150 mm, Verduras 100 mm Tijera cocina (Blanco)",152624_,293,7,0.13%,0.12%,457,9,0.14%,0.10%,99.02%,100.00%,1,0,0.34%,0.00%,"34,99 €","0,00 €",1,0
B08VS4FCLN,B08CY5ZRD7,"Arcos Serie Maitre - Juego Cuchillo de cocina 4 piezas, (3 cuchillos + 1 tijeras) Hoja de Acero Inoxidable NITRUM 80 mm, Mango Polipropileno Negro",152610_,94,4,0.04%,0.07%,118,6,0.04%,0.07%,99.05%,100.00%,1,0,1.06%,0.00%,"39,99 €","0,00 €",1,0
B08VS4FCLN,B08CY5ZRD7,"Arcos Serie Maitre - Juego Cuchillo de cocina 4 piezas, (3 cuchillos + 1 tijeras) Hoja de Acero Inoxidable NITRUM 80 mm, Mango Polipropileno Negro",152610,94,4,0.04%,0.07%,118,6,0.04%,0.07%,99.05%,100.00%,1,0,1.06%,0.00%,"39,99 €","0,00 €",1,0
B08G8QCM5H,B08G8QCM5H,ARCOS cuchillo pelador | 6 PIEZAS | cuchillo de pelar | cuchillos pelar patatas | Hoja 100 mm | Negro | cuchillo arcos pelador Acero Inoxidable,816500,831,33,0.37%,0.56%,"1,177",53,0.37%,0.62%,100.00%,100.00%,2,2,0.24%,6.06%,"34,98 €","34,98 €",1,1
B08WR6CHHN,B08JC8DSP6,Arcos Cuchillos Chuleteros cuchillos chuleteros acero inoxidable filo liso juego cuchillos chuleteros | 6 PZAS cuchillo chuletero | Hoja 110 mm |cuchillos carne Envase Eco,815800_,68,0,0.03%,0.00%,90,0,0.03%,0.00%,100.00%,0.00%,1,0,1.47%,0.00%,"39,99 €","0,00 €",1,0
B08GSTDWTC,B08LVVQ3ZQ,"Arcos Serie Nova - Cuchillo para pelar, Acero Inoxidable NITRUM, Envase Ecológico, 3 colores Fucsia, Turquesa y Amarillo",703700fbm,716,15,0.32%,0.26%,"1,171",21,0.37%,0.24%,99.24%,100.00%,1,1,0.14%,6.67%,"10,49 €","10,49 €",1,1
B08MTWQWZZ,B08MTWQWZZ,Arcos Cuchillo Cocinero Profesional Acero Inoxidable 160mm,165900_fbm,144,5,0.06%,0.09%,205,7,0.06%,0.08%,29.53%,0.00%,1,0,0.69%,0.00%,"25,99 €","0,00 €",1,0
B09DPRCMTF,B08MW2GWPC,Arcos Juego Cuchillos Carne | Cuchillo chuleteros | Cuchillos Carne Cuchillos Mesa | 6 Uds | Hoja 110 mm | Acero Inoxidable | Mango Nylon | Apto lavavajillas | Envase Ecológico (Filo Serrado),816400fbm,211,5,0.10%,0.09%,288,6,0.09%,0.07%,100.00%,100.00%,1,0,0.47%,0.00%,"19,99 €","0,00 €",1,0
B08T5Z4HFS,B08QYV8C1P,"CUPERINOX Cubiertos para marisco | Pinzas para marisco | Tenazas para marisco | 6 Unidades | Cubiertos marisco (Cangrejo, Langosta, Ostras) | Tenedor de marisco con dos dientes inferiores y cuchara.",20023_6Unidades,25,0,0.01%,0.00%,37,0,0.01%,0.00%,100.00%,0.00%,1,0,4.00%,0.00%,"11,99 €","0,00 €",1,0
B09DPRCMTF,B0987MG3JQ,Arcos Juego Cuchillos Carne | Cuchillo chuleteros | Cuchillos Carne Cuchillos Mesa | 6 Uds | Hoja 110 mm | Acero Inoxidable | Mango Nylon | Apto lavavajillas | Envase Ecológico (Filo Liso),814200_fba,75,0,0.03%,0.00%,118,0,0.04%,0.00%,100.00%,0.00%,2,0,2.67%,0.00%,"39,98 €","0,00 €",1,0
B09KJLG7BT,B098K898SC,CUPERINOX Soporte Jamonero | Jamonero Profesional | Cuchillo Jamonero madera + Funda Jamon | Tabla Jamonera,20226,132,10,0.06%,0.17%,191,14,0.06%,0.16%,80.92%,100.00%,1,0,0.76%,0.00%,"25,40 €","0,00 €",1,0
B09BVVKYWV,B09BVVKYWV,"CUPERINOX Navaja 5 en1 multiusos | Incluye Afilador Navaja| Funcion Abrebotella, rompecristales y corta cuerdas| Navaja Filo Liso y Sierra|",30060_fba,197,2,0.09%,0.03%,263,2,0.08%,0.02%,99.15%,100.00%,1,0,0.51%,0.00%,"14,99 €","0,00 €",1,0
B08VS4FCLN,B09HBWSBN1,"Arcos Juego Cuchillos Cocina cuchillo blanco cuchillos | cuchillos cocina Maitre | 5 piezas | Chef 215 mm, Cocina 150 mm, Verduras 100 mm Tijera cocina (Negro + Jamonero)",854100 fbm,110,6,0.05%,0.10%,137,7,0.04%,0.08%,98.45%,100.00%,1,0,0.91%,0.00%,"49,99 €","0,00 €",1,0
B08VS4FCLN,B09HBWSBN1,"Arcos Juego Cuchillos Cocina cuchillo blanco cuchillos | cuchillos cocina Maitre | 5 piezas | Chef 215 mm, Cocina 150 mm, Verduras 100 mm Tijera cocina (Negro + Jamonero)",854100,110,6,0.05%,0.10%,137,7,0.04%,0.08%,98.45%,100.00%,1,0,0.91%,0.00%,"49,99 €","0,00 €",1,0
B08VS4FCLN,B09HHGVG2N,"Arcos Juego Cuchillos Cocina cuchillos | Cuchillo profesional | 6 piezas | Chef 215 mm + Cocina 150 mm, Verduras 100 mm + Tijera cocina + Pelador de fruta y verdura + Pinza para pescado",854200,101,4,0.05%,0.07%,132,4,0.04%,0.05%,95.00%,100.00%,1,0,0.99%,0.00%,"43,99 €","0,00 €",1,0
B09HQTWWPB,B09HQT6SZ6,Arcos Clara Cuchillo Jamonero Forjado Acero Inoxidable Nitrum 250 mm,211900_us,27,1,0.01%,0.02%,29,2,0.01%,0.02%,100.00%,100.00%,1,0,3.70%,0.00%,"25,49 €","0,00 €",1,0
B09HQTWWPB,B09HQTN94D,Arcos Cuchillo Pelador Acero Inoxidable. Cuchillo Pelador para Pelar Frutas y Verduras. Mango Ergonómico Polioximetileno y Hoja 100 mm. Serie Clara. Color Negro.,210100_us,20,0,0.01%,0.00%,27,0,0.01%,0.00%,50.00%,0.00%,1,0,5.00%,0.00%,"17,95 €","0,00 €",1,0
B06XB92VRH,B09LYZ5G5S,CUPERINOX Deluxe Cafetera Italiana Induccion Espresso Inoxidable 6 Tazas,25052,129,4,0.06%,0.07%,155,6,0.05%,0.07%,37.04%,100.00%,1,0,0.78%,0.00%,"29,99 €","0,00 €",1,0
B09WYWVGCS,B09WYWVGCS,Arcos Clara Juego 3 Cuchillos Forjados Acero Inoxidable Nitrum,212000_819010,89,1,0.04%,0.02%,121,1,0.04%,0.01%,95.50%,0.00%,1,0,1.12%,0.00%,"49,99 €","0,00 €",1,0
B09WYYY5MD,B09WYYY5MD,Arcos Nordika Cuchillo para Queso Acero Inoxidable Nitrum 125 mm,166100_us,16,0,0.01%,0.00%,19,0,0.01%,0.00%,94.44%,0.00%,1,0,6.25%,0.00%,"26,49 €","0,00 €",1,0
B0B42QTHTP,B0B42QTHTP,CUPERINOX | Tijeras de pescado 18 cm | Tijeras Cocina | tijeras de cocinero profesional para aves pescado carne caza| Accesorios de cocina,21991,46,2,0.02%,0.03%,65,2,0.02%,0.02%,65.57%,100.00%,1,1,2.17%,50.00%,"6,49 €","6,49 €",1,1
B0B4B6B16Z,B0B4B6B16Z,CUPERINOX | Tijeras de manicura para uñas | Tijera corta uñas de punta redondeada para las uñas de las manos | Fabricado en Acero Inoxidable 9 cm,21939,16,3,0.01%,0.05%,24,8,0.01%,0.09%,31.82%,87.50%,3,3,18.75%,100.00%,"29,97 €","29,97 €",1,1
B0BJPYW95J,B0BJPYW95J,Arcos Accesorios - Sacacorchos Manual Abrebotellas Manual - Mango de Aleación de Zinc - Color Negro mate (Incluye cortacápsulas),607500_,43,1,0.02%,0.02%,60,1,0.02%,0.01%,96.43%,100.00%,1,0,2.33%,0.00%,"39,99 €","0,00 €",1,0
B0C49YM5CJ,B0C49YM5CJ,Arcos Serie Nordika - Cuchillo Deba - Acero Inoxidable NITRUM - Hoja de 170 mm - Mango de Madera Ovengkol 100% natural de bosques certificados FSC® - Embalaje 100% reciclado,168100,38,2,0.02%,0.03%,49,4,0.02%,0.05%,93.18%,100.00%,1,0,2.63%,0.00%,"47,99 €","0,00 €",1,0
B0F2Z57T3H,B0CS6V91GR,CUPERINOX® Cuchillos de Mesa con Mango de Madera – Set 6 Cuchillos para Carne con Filo Dentado – Estilo Palmadera tradicional – Aptos para Uso Diario,14015_us,162,6,0.07%,0.10%,194,6,0.06%,0.07%,98.21%,100.00%,1,0,0.62%,0.00%,"18,99 €","0,00 €",1,0
B0DKP68T32,B0DHVS222W,Arcos Serie Eclipse - Cuchillo para Verduras - Hoja de Acero Inoxidable Forjado con Filo Seda Plus de 130 mm - Pulido Brillo Especial - Mango Acrílico - Color Negro,213200_,46,0,0.02%,0.00%,55,0,0.02%,0.00%,46.67%,0.00%,1,0,2.17%,0.00%,"53,86 €","0,00 €",1,0
B0DPKXM18X,B0DNQRZ3BN,"CUPERINOX Soporte Jamonero Inoxidable Profesional con Base Antideslizante para Jamones y Paletas, Incluye Cuchillo | Jamoneros Elite Collection",20260_,509,14,0.23%,0.24%,657,15,0.21%,0.17%,100.00%,100.00%,1,0,0.20%,0.00%,"24,99 €","0,00 €",1,0
B0DPLG5V7Q,B0DPJDWB77,CUPERINOX Tazas de Capuccino de Cristal - Vaso cafe - Vaso Cristal - 200ml (Set de 2) - Apto para Lavavajillas y Microondas - Aroma Series,26121_,33,0,0.01%,0.00%,49,0,0.02%,0.00%,100.00%,0.00%,2,0,6.06%,0.00%,"27,98 €","0,00 €",1,0
B0DPLG5V7Q,B0DWN63DN4,CUPERINOX Tazas de Espresso de Cristal - Vaso cafe - Vaso Cristal - 80ml (Set de 4) - Apto para Lavavajillas y Microondas - Aroma Series,26120_2packs,12,0,0.01%,0.00%,18,0,0.01%,0.00%,100.00%,0.00%,1,0,8.33%,0.00%,"15,99 €","0,00 €",1,0
B0DPLG5V7Q,B0DWN7MZ3R,CUPERINOX Vaso cafe - Tazas de Espresso de Cristal - - Vaso Cristal - 80ml (Set de 6) - Apto para Lavavajillas y Microondas - Aroma Series,26120_3packs,12,0,0.01%,0.00%,19,0,0.01%,0.00%,100.00%,0.00%,1,0,8.33%,0.00%,"17,99 €","0,00 €",1,0