ASIN (parent),ASIN (child),Título,SKU,Sesiones: total,Sesiones - Total - B2B,Porcentaje de sesiones: total,Porcentaje de sesiones: total - B2B,Visitas: total,Visitas - Total - B2B,Porcentaje de visitas: total,Porcentaje de visitas - Total - B2B,Porcentaje de ofertas destacadas (Buy Box),Porcentaje de ofertas destacadas: B2B,Unidades encargadas,Unidades encargadas - B2B,Porcentaje de unidades por sesión,Porcentaje de sesiones de unidades - B2B,Ventas de productos encargados,Ventas de productos encargados: B2B,Total de artículos de un pedido,Total de artículos de un pedido - B2B
B09KJLG7BT,B08KW4BFZ9,CUPERINOX Jamonero Profesional | Soporte jamonero Tipo Gondola| Base de Corte para Usar con Cuchillo jamonero | Jamon iberico | Fabricado en España,2020CUP,"7,229",93,1.48%,0.86%,"10,657",140,1.50%,0.87%,98.54%,100.00%,965,11,13.35%,11.83%,"12.537,35 €","142,91 €",965,11
B08M7BMR2S,B00I9XTLSC,ARCOS Afilador Profesional Manual Cerámica y Carbono Rojo-Negro,610600_2,"29,942",572,6.11%,5.27%,"42,951",874,6.03%,5.42%,13.55%,20.82%,421,9,1.41%,1.57%,"5.729,37 €","120,12 €",414,9
B08M7BMR2S,B08LNRV6N6,"Arcos Afiladores, Afilador de Cuchillos de Mano, Hecho de ABS + TPE, Rodillos Cerámico y Carburo, Color Blanco y Negro",610624_fbm,"3,298",90,0.67%,0.83%,"4,127",110,0.58%,0.68%,99.22%,100.00%,380,17,11.52%,18.89%,"5.203,58 €","229,16 €",375,16
B08J488ZQG,B089QP6MYJ,Arcos Juego Cuchillos Carne | 6 Piezas | Cuchillos carne cuchillo chuleteros | cubiertos acero inoxidable | Hoja 110 mm | mango monobloque | aptos lavavajillas | Caja Envase Ecológico,815600_,"3,970",105,0.81%,0.97%,"6,565",202,0.92%,1.25%,98.42%,100.00%,420,22,10.58%,20.95%,"10.732,30 €","556,38 €",350,16
B08MT437W9,B08MT437W9,Arcos Juego Cuchillos Cocina Profesionales| Cuchillos Cocina Profesional | 6 pzas | Cuchillos Acero Inoxidable Mango Negro | utensilios de cocina serie Niza | Apto lavavajillas,812900fbm,"10,291",152,2.10%,1.40%,"13,812",190,1.94%,1.18%,96.47%,100.00%,306,18,2.97%,11.84%,"9.549,07 €","565,26 €",290,9
B0D4WK78XV,B0D4WK78XV,CUPERINOX Aceiteras para Aceite Usado | Grasera Acero Inoxidable 550ML con Filtro Metálico | Recipiente para Aceite Usado de Cocina y Grasa | Grasera Cocina Metálica 550ML 2Uds Metálico,22105y22106,"2,117",46,0.43%,0.42%,"3,127",86,0.44%,0.53%,99.25%,100.00%,253,11,11.95%,23.91%,"2.730,74 €","120,89 €",250,11
B09DYJY471,B08MTCRCT4,Arcos Juego Cuchillos Cocina Profesionales| Cuchillos Cocina Profesional | Cuchillos Acero Inoxidable Mango Negro | utensilios de cocina | cuchillo japones Santoku | lavavajillas (5 Piezas),816800fbm,"8,246",151,1.68%,1.39%,"11,324",207,1.59%,1.28%,98.92%,99.22%,230,10,2.79%,6.62%,"6.741,76 €","298,40 €",228,10
B017HKRCGK,B005LR7A1Y,ARCOS Bolsa para Cuchillos 100% Poliéster 460x275 mm,690200_,"2,850",53,0.58%,0.49%,"4,702",65,0.66%,0.40%,80.56%,51.22%,202,6,7.09%,11.32%,"3.028,98 €","89,94 €",198,6
B09NT4VRN7,B0812BKN39,Arcos Juego de Cuchillos Mondadores de 3 Piezas,859800_,"16,598",381,3.39%,3.51%,"23,198",593,3.26%,3.68%,9.49%,4.74%,177,7,1.07%,1.84%,"1.810,37 €","66,93 €",155,4
B0DNNL2TZQ,B0DNN57WC1,"CUPERINOX Aceitera de Cristal Antigoteo para Aceite de Oliva, Resistente y Fácil de Limpiar Gourmet Oil Collection (250 Ml)",22022_,807,16,0.16%,0.15%,"1,146",19,0.16%,0.12%,99.81%,100.00%,128,2,15.86%,12.50%,"1.278,89 €","19,98 €",123,2
B0DNNL2TZQ,B0DNN4J6Q8,"CUPERINOX Aceitera antigoteo cristal para Aceite de Oliva, Vinagre etc. A prueba de fugas, Aceitera cristal antigoteo tambien aceiteros cocina ideal para Ensaladas, BBQ, cooking oil container (125 ML)",22021_,"1,792",40,0.37%,0.37%,"2,568",56,0.36%,0.35%,99.92%,100.00%,142,11,7.92%,27.50%,"1.276,58 €","98,89 €",119,2
B09DYJY471,B08MTCRCT4,Arcos Juego Cuchillos Cocina Profesionales| Cuchillos Cocina Profesional | Cuchillos Acero Inoxidable Mango Negro | utensilios de cocina | cuchillo japones Santoku | lavavajillas (5 Piezas),816800,"8,246",151,1.68%,1.39%,"11,324",207,1.59%,1.28%,98.92%,99.22%,113,1,1.37%,0.66%,"3.388,63 €","29,99 €",113,1
B0DQV6381X,B0DQDQ1DB8,CUPERINOX Jamonero | Jamonero Giratorio | Tabla Cortar Jamon | Jamoneros Profesional | Jamonero Plegable | Tabla Jamon | Cortador de Jamon,SC_20270,"1,540",33,0.31%,0.30%,"2,704",46,0.38%,0.29%,99.76%,100.00%,107,3,6.95%,9.09%,"3.581,94 €","103,98 €",107,3
B0BGRT2BVV,B09G9WBKPG,Arcos Juego de 6 Cuchillos de Mesa Chuleteros Hoja 110 mm Negro 705500,705500(805109),"10,184",229,2.08%,2.11%,"15,750",351,2.21%,2.18%,20.15%,11.55%,113,4,1.11%,1.75%,"1.580,87 €","55,96 €",103,3
B0BGRT2BVV,B09G9WBKPG,Arcos Juego de 6 Cuchillos de Mesa Chuleteros Hoja 110 mm Negro 705500,805109_uss,"10,184",229,2.08%,2.11%,"15,750",351,2.21%,2.18%,20.15%,11.55%,106,4,1.04%,1.75%,"1.462,00 €","54,56 €",100,3
B08GSTDWTC,B08LVVQ3ZQ,"Arcos Serie Nova - Cuchillo para pelar, Acero Inoxidable NITRUM, Envase Ecológico, 3 colores Fucsia, Turquesa y Amarillo",703700_,"1,005",26,0.21%,0.24%,"1,592",47,0.22%,0.29%,81.36%,100.00%,94,4,9.35%,15.38%,"955,18 €","37,62 €",85,4
B089MW6B1B,B078JNZS9T,Arcos Estuche de 3 Cuchillos Básicos de Cocina. Pack de Cuchillos con Hoja de Acero Inoxidable y Mango de Polieximetileno Aptos para Lavavajillas. Serie Universal. Color Negro,807400_us,"7,433",106,1.52%,0.98%,"10,414",144,1.46%,0.89%,43.65%,46.43%,84,4,1.13%,3.77%,"3.403,66 €","164,46 €",84,4
B0CYTKGNPM,B0843Q6L5P,ARCOS Pelador Profesional Acero Inoxidable Cromado 130 mm,607000_etq,"1,678",78,0.34%,0.72%,"2,738",128,0.38%,0.79%,5.32%,12.50%,87,4,5.18%,5.13%,"541,48 €","22,40 €",84,3
B017DLH9RA,B017DLH9RA,ARCOS Cuchillo Abre Ostras Acero Inoxidable 60 mm,227200_us,449,27,0.09%,0.25%,674,35,0.09%,0.22%,66.55%,69.23%,90,12,20.04%,44.44%,"718,10 €","94,49 €",81,10
B07YM65C6J,B007TS6HMQ,ARCOS Pinza para Pescado Acero Inoxidable,605000_605010,786,28,0.16%,0.26%,"1,114",41,0.16%,0.25%,95.72%,100.00%,100,28,12.72%,100.00%,"938,23 €","256,15 €",79,10
B08L8MV8XD,B005LR72SK,Arcos Juego de Cuchillos con Bloque Acero Inoxidable 6 piezas,136100_,"6,946",101,1.42%,0.93%,"10,216",143,1.43%,0.89%,21.84%,9.46%,73,4,1.05%,3.96%,"3.092,87 €","174,84 €",71,4
B09GSCQQF9,B07G77FNSF,"Arcos Serie Cuchillos de Mesa Caja 12 uds Cuchillo Postre, Hoja Serrada de Acero Inoxidable NITRUM de 105 mm, Mango Polipropileno Color crema (12 UDS)",370100_us,763,21,0.16%,0.19%,"1,144",32,0.16%,0.20%,99.31%,92.00%,70,6,9.17%,28.57%,"1.277,50 €","109,50 €",69,6
B08M9NWMW8,B08M9NWMW8,Arcos Juego de Cuchillos de Cocina Profesional y Afilador | 7 Piezas | Acero Inoxidable | Taco de Madera | Serie Niza | Uso Cotidiano | Apto para Lavavajillas,835800FBM,"1,549",34,0.32%,0.31%,"2,284",48,0.32%,0.30%,98.03%,100.00%,70,2,4.52%,5.88%,"3.736,00 €","106,68 €",68,1
B09DYJY471,B08MQJCD2V,Arcos Juego Cuchillos Cocina Profesionales| Cuchillos Cocina Profesional | Cuchillos Acero Inoxidable Mango Negro | utensilios de cocina | cuchillo japones Santoku | lavavajillas (4 Piezas),816900,"1,873",36,0.38%,0.33%,"2,670",42,0.37%,0.26%,93.05%,100.00%,68,3,3.63%,8.33%,"1.758,73 €","68,95 €",68,3
B07YM65C6J,B007TS6HMQ,ARCOS Pinza para Pescado Acero Inoxidable,605000_caja,786,28,0.16%,0.26%,"1,114",41,0.16%,0.25%,95.72%,100.00%,67,4,8.52%,14.29%,"619,89 €","36,99 €",66,4
B0DPKXM18X,B0DNQX2BZN,"CUPERINOX Soporte Jamonero Plegable | Jamonero Giratorio | Jamonero de Bambú con Cuchillo Profesional, Afilador y Funda para Jamón | Elite Collection",20270_fbm,"2,106",41,0.43%,0.38%,"3,585",66,0.50%,0.41%,99.66%,100.00%,66,0,3.13%,0.00%,"3.221,84 €","0,00 €",65,0
B08MT437W9,B08MT437W9,Arcos Juego Cuchillos Cocina Profesionales| Cuchillos Cocina Profesional | 6 pzas | Cuchillos Acero Inoxidable Mango Negro | utensilios de cocina serie Niza | Apto lavavajillas,812900,"10,291",152,2.10%,1.40%,"13,812",190,1.94%,1.18%,96.47%,100.00%,65,0,0.63%,0.00%,"2.112,39 €","0,00 €",64,0
B0CYTKGNPM,B0CW68KM18,Pelador de Cocina ARCOS - Hoja de Acero Inoxidable | Mango Ergonómico | Herramienta Versátil para Pelar Frutas y Verduras,607300,"1,562",50,0.32%,0.46%,"1,987",52,0.28%,0.32%,49.35%,67.65%,65,1,4.16%,2.00%,"510,51 €","7,85 €",63,1
B017HKSTCQ,B00CFN1M6Q,ARCOS Tijeras de Cocina Multiusos 200 mm,809700_,"3,256",83,0.66%,0.76%,"5,167",106,0.73%,0.66%,9.69%,9.72%,64,5,1.97%,6.02%,"789,79 €","59,95 €",61,4
B0B3CWSDRQ,B00CF20V2I,ARCOS Chaira Afilador Manual Acero Carbono Cromado Negro 230 mm,278100_,664,22,0.14%,0.20%,"1,001",29,0.14%,0.18%,85.36%,88.89%,61,4,9.19%,18.18%,"699,37 €","43,20 €",58,3
B017HKG9PK,B0044R87RS,Arcos Cuchillo para Maitre Negro 215 mm,151000,"3,334",100,0.68%,0.92%,"5,147",149,0.72%,0.92%,26.15%,24.00%,60,10,1.80%,10.00%,"897,30 €","147,30 €",57,7
B09MSDJQJ1,B08M3B43J6,"Arcos | Juego Cuchillo Jamonero 3 Pzas | jamonero Acero Inoxidable (240 mm), afilador Chaira y Cubre jamón | Juego Cuchillos jamonero Profesional | Paleta ibérica | Eco",704300_fbm,"1,109",24,0.23%,0.22%,"1,611",28,0.23%,0.17%,99.20%,100.00%,56,2,5.05%,8.33%,"1.610,53 €","53,98 €",56,2
B09CL776WP,B09CL776WP,CUPERINOX® Cuchillos de Mesa Acero Inoxidable – Set 12 Cuchillos para Carne con Filo Dentado – Aptos Lavavajillas – Uso Diario y Profesional,15015,"1,002",43,0.20%,0.40%,"1,472",65,0.21%,0.40%,98.90%,100.00%,78,14,7.78%,32.56%,"1.478,63 €","262,96 €",56,8
B0752VKJ4B,B072FGV2YH,Arcos Juego de 6 Cuchillos Mondadores Acero Inoxidable 100 mm,189100_2,"6,389",190,1.30%,1.75%,"9,702",314,1.36%,1.95%,9.71%,8.87%,56,9,0.88%,4.74%,"948,77 €","151,80 €",53,8
B0752X1ZCK,B07G77NN26,Arcos Cuchillos de Mesa - Caja de 12 uds Cuchillo Chuletero Cuchillo de Mesa - Hoja de Acero Inoxidable NITRUM 110 mm - Mango de Nylon - Color Negro (12 uds),803000_fmb,"1,807",47,0.37%,0.43%,"2,793",68,0.39%,0.42%,98.60%,100.00%,57,3,3.15%,6.38%,"1.652,43 €","86,97 €",53,3
B09DYJY471,B08MQJCD2V,Arcos Juego Cuchillos Cocina Profesionales| Cuchillos Cocina Profesional | Cuchillos Acero Inoxidable Mango Negro | utensilios de cocina | cuchillo japones Santoku | lavavajillas (4 Piezas),816900fba,"1,873",36,0.38%,0.33%,"2,670",42,0.37%,0.26%,93.05%,100.00%,54,1,2.88%,2.78%,"1.364,46 €","25,99 €",51,1
B0DPKXM18X,B0DNQRZ3BN,"CUPERINOX Soporte Jamonero Inoxidable Profesional con Base Antideslizante para Jamones y Paletas, Incluye Cuchillo | Jamoneros Elite Collection",20260_,"1,784",37,0.36%,0.34%,"2,485",51,0.35%,0.32%,99.61%,100.00%,51,1,2.86%,2.70%,"1.233,50 €","22,49 €",51,1
B09KJLG7BT,B098K898SC,CUPERINOX Soporte Jamonero | Jamonero Profesional | Cuchillo Jamonero madera + Funda Jamon | Tabla Jamonera,20226FBM,"1,008",22,0.21%,0.20%,"1,298",24,0.18%,0.15%,98.86%,100.00%,50,1,4.96%,4.55%,"1.251,14 €","24,99 €",50,1
B09RP6V156,B09RP6V156,"CUPERINOX® Alicates para pedicura, Profesional, Cortaúñas de Pies, Acero Inoxidable, Mango Ergonómico Antideslizante, Fácil Limpieza, Con Funda, 2 Años de Garantía",21920AM,387,8,0.08%,0.07%,559,13,0.08%,0.08%,96.06%,100.00%,63,10,16.28%,125.00%,"623,01 €","93,20 €",50,3
B0DPKXM18X,B0DNQX2BZN,"CUPERINOX Soporte Jamonero Plegable | Jamonero Giratorio | Jamonero de Bambú con Cuchillo Profesional, Afilador y Funda para Jamón | Elite Collection",20270_,"2,106",41,0.43%,0.38%,"3,585",66,0.50%,0.41%,99.66%,100.00%,49,2,2.33%,4.88%,"2.359,51 €","94,98 €",49,2
B09GSBSHMP,B07JJGTQK4,Arcos Conjunto Cuchillos 3 piezas - Acero Inoxidable Nitrum y Hoja mm. Cuchillo cocina profesional cocinar. 590 gr. Mango ergonómico polioximetileno POM. Serie Universal. Mayor control. Color negro.,807410_,"1,683",30,0.34%,0.28%,"2,660",47,0.37%,0.29%,59.99%,79.31%,48,1,2.85%,3.33%,"1.930,72 €","39,99 €",48,1
B09QDH8MSK,B07N8VWHT9,Arcos Tacos - Bloque Universal para Cuchillos hasta 20 cm - Hecho de Caucho Termoplástico 220 x 160 x 65 mm - Color Negro,794500_,"3,373",69,0.69%,0.64%,"4,707",88,0.66%,0.55%,15.70%,39.58%,47,2,1.39%,2.90%,"1.222,39 €","51,98 €",46,1
B017HKJKNI,B006LMX2EW,Arcos Universal Cuchillo Jamonero Acero Hoja Hueca Negro 280 mm,281901_,"2,069",50,0.42%,0.46%,"2,826",65,0.40%,0.40%,52.08%,50.00%,46,1,2.22%,2.00%,"1.080,56 €","22,75 €",45,1
B0BMQ3CMJD,B005LR73D4,Arcos Serie Niza - Set Jamoneri - Cuchillo Jamonero + Chaira - Hoja de Acero Inoxidable NITRUM de 240 mm - Mangos fabricados en Polipropileno (PP) Color Negro,136700_fbm,812,13,0.17%,0.12%,"1,191",17,0.17%,0.11%,39.98%,20.00%,45,2,5.54%,15.38%,"674,80 €","29,98 €",44,2
B095SDL23Y,B095SDL23Y,Arcos | cuchillos de mesa (6 ud) | cuchillos acero inoxidable con sierra cuchillo chuletero cuchillos chuleteros | Fabricado en España,813000,"1,192",30,0.24%,0.28%,"1,830",41,0.26%,0.25%,99.20%,100.00%,45,0,3.78%,0.00%,"719,55 €","0,00 €",44,0
B0DNNL2TZQ,B0DNNFGWNJ,"CUPERINOX Aceitera de Cristal Antigoteo para Aceite de Oliva, Resistente y Fácil de Limpiar Gourmet Oil Collection (500 Ml)",22023_,406,16,0.08%,0.15%,537,26,0.08%,0.16%,99.79%,100.00%,46,2,11.33%,12.50%,"528,54 €","22,98 €",44,2
B08XYXJ173,B00J4L7FEU,Arcos Hachuela Macheta de Cocina Acero Inoxidable 160 mm,282404_us,"1,307",51,0.27%,0.47%,"2,087",82,0.29%,0.51%,32.17%,26.00%,40,1,3.06%,1.96%,"977,48 €","23,99 €",39,1
B0937XXT33,B01CQT1B5U,"Arcos Cuchillos de Mesa Juego de Cuchillos Chuleteros Cuchillos de Mesa, Monoblock de una pieza de Acero Inoxidable 110 mm, Color Plata (12 uds)",702000_us,701,20,0.14%,0.18%,"1,192",43,0.17%,0.27%,89.24%,90.91%,41,1,5.85%,5.00%,"1.967,59 €","47,99 €",39,1
B0752X1ZCK,B07G77NN26,Arcos Cuchillos de Mesa - Caja de 12 uds Cuchillo Chuletero Cuchillo de Mesa - Hoja de Acero Inoxidable NITRUM 110 mm - Mango de Nylon - Color Negro (12 uds),803000,"1,807",47,0.37%,0.43%,"2,793",68,0.39%,0.42%,98.60%,100.00%,45,5,2.49%,10.64%,"1.304,55 €","144,95 €",38,4
B0DQV6381X,B0DQRF2HZK,CUPERINOX Jamonera Inoxidable | Jamonero | Soporte Jamonero | Tabla Jamon Inoxidable | Facil Montaje | Tabla Jamon Profesional,SC_20260,"1,108",20,0.23%,0.18%,"1,601",36,0.22%,0.22%,99.20%,100.00%,38,1,3.43%,5.00%,"822,97 €","22,19 €",38,1
B017HKR8WS,B005LR7EP6,ARCOS Afilador de Cuchillos Profesional ABS,610000,"6,098",165,1.24%,1.52%,"8,877",267,1.25%,1.66%,22.70%,49.34%,37,8,0.61%,4.85%,"2.417,72 €","519,92 €",37,8
B08LVZCG23,B08LVZCG23,Arcos Juego de Cuchillos de Cocina Rosa | 3 pz | Cuchillo Chef para pelar Verduras | Edición Limitada | Solidaria,814500,777,12,0.16%,0.11%,"1,111",16,0.16%,0.10%,97.34%,100.00%,38,2,4.89%,16.67%,"1.117,62 €","57,98 €",37,1
B08M7BMR2S,B08LNRV6N6,"Arcos Afiladores, Afilador de Cuchillos de Mano, Hecho de ABS + TPE, Rodillos Cerámico y Carburo, Color Blanco y Negro",610624,"3,298",90,0.67%,0.83%,"4,127",110,0.58%,0.68%,99.22%,100.00%,36,0,1.09%,0.00%,"493,18 €","0,00 €",36,0
B0DPKXM18X,B0DNQRZ3BN,"CUPERINOX Soporte Jamonero Inoxidable Profesional con Base Antideslizante para Jamones y Paletas, Incluye Cuchillo | Jamoneros Elite Collection",20260_fbm,"1,784",37,0.36%,0.34%,"2,485",51,0.35%,0.32%,99.61%,100.00%,35,1,1.96%,2.70%,"855,39 €","23,74 €",35,1
B07BDVLDBZ,B005LR68DU,Arcos Cuchillo Jamonero con Alveolos 250 mm,231000_,"1,836",41,0.37%,0.38%,"2,777",53,0.39%,0.33%,31.73%,20.69%,34,0,1.85%,0.00%,"1.089,16 €","0,00 €",34,0
B09NT4VRN7,B0812BKN39,Arcos Juego de Cuchillos Mondadores de 3 Piezas,859800_barras_arcos,"16,598",381,3.39%,3.51%,"23,198",593,3.26%,3.68%,9.49%,4.74%,35,1,0.21%,0.26%,"333,91 €","9,25 €",34,1
B08M99RZRV,B08M99RZRV,Arcos | Cuchillo Jamonero Cuchillo deshuesador | 2 Uds | Set cuchillos jamoneros 250 mm y cuchillo deshuesador (140 mm) jamonero profesional | cuchillo carnicero profesional | Eco,703800fbm,"2,679",37,0.55%,0.34%,"3,368",53,0.47%,0.33%,93.55%,100.00%,34,1,1.27%,2.70%,"1.359,66 €","39,99 €",34,1
B07ZJ8ZJ93,B07ZJ8ZJ93,Arcos Set Jamonero Profesional Acero Inoxidable 3 Piezas,859400_us,492,6,0.10%,0.06%,711,7,0.10%,0.04%,89.91%,100.00%,33,1,6.71%,16.67%,"964,67 €","29,49 €",33,1
B095SDL23Y,B095SDL23Y,Arcos | cuchillos de mesa (6 ud) | cuchillos acero inoxidable con sierra cuchillo chuletero cuchillos chuleteros | Fabricado en España,813000_fbm,"1,192",30,0.24%,0.28%,"1,830",41,0.26%,0.25%,99.20%,100.00%,35,3,2.94%,10.00%,"577,42 €","49,47 €",33,3
B0DNNL2TZQ,B0DNNF3839,"CUPERINOX Aceitera de Cristal Antigoteo para Aceite de Oliva, Resistente y Fácil de Limpiar Gourmet Oil Collection (1000 Ml)",22024_,419,9,0.09%,0.08%,566,10,0.08%,0.06%,99.80%,100.00%,34,0,8.11%,0.00%,"485,03 €","0,00 €",33,0
B06XB92VRH,B00YU2ZWGG,CUPERINOX Cafetera Italiana Induccion Espresso Acero Inoxidable 10 Tazas,25034_fbm,843,11,0.17%,0.10%,"1,315",17,0.18%,0.11%,97.91%,100.00%,32,0,3.80%,0.00%,"640,01 €","0,00 €",32,0
B08T5Z4HFS,B08QYQYZHS,"CUPERINOX Cubiertos para marisco | Pinzas para marisco | Tenazas para marisco | 12 Unidades | Cubiertos marisco (Cangrejo, Langosta, Ostras) | Tenedor de marisco con dos dientes inferiores y cuchara.",20023_12pzs,481,16,0.10%,0.15%,668,22,0.09%,0.14%,99.50%,100.00%,35,3,7.28%,18.75%,"632,83 €","52,53 €",32,2
B0DPKXM18X,B0DNQXN97X,CUPERINOX Soporte Jamonero Inoxidable | Jamonero Plegable | Jamonero Giratorio | Jamonero Profesional | Cuchillo Jamonero Profesional y Afilador,20250_fbm,"1,159",33,0.24%,0.30%,"1,858",67,0.26%,0.42%,66.20%,96.97%,33,4,2.85%,12.12%,"2.129,67 €","259,96 €",32,3
B0DNNKT1W2,B0DNNJPRXB,"Cuperinox-Tetera de Cristal con Infusor para Té e Infusiones, Resistente al Calor y Compatible con Microondas ** - Infusion Prestige Collection (550 ml)",26111,"1,041",24,0.21%,0.22%,"1,519",36,0.21%,0.22%,99.70%,100.00%,32,1,3.07%,4.17%,"527,68 €","15,99 €",31,1
B098BLF7X6,B098BLF7X6,"Tradineur - Grasera metálica para pescado con filtro, aceitera con colador para conservación de aceite de acero inoxidable, recipiente para colar aceites - Ø 9 cm",22106_us,366,9,0.07%,0.08%,518,14,0.07%,0.09%,94.47%,100.00%,29,0,7.92%,0.00%,"217,21 €","0,00 €",29,0
B0714CRSCQ,B0714CRSCQ,Arcos Cuchillo Mondador Negro 100 mm,150300,299,15,0.06%,0.14%,442,23,0.06%,0.14%,88.89%,18.75%,30,0,10.03%,0.00%,"315,04 €","0,00 €",28,0
B0CYTKGNPM,B0843Q6L5P,ARCOS Pelador Profesional Acero Inoxidable Cromado 130 mm,607000_,"1,678",78,0.34%,0.72%,"2,738",128,0.38%,0.79%,5.32%,12.50%,33,8,1.97%,10.26%,"218,13 €","36,88 €",28,4
B08NW1VQRT,B08NW1VQRT,CUPERINOX Navaja para Setas y Champiñones | Acero Inoxidable | Con Cepillo y Funda Incluida | Micológica,PE2181,336,9,0.07%,0.08%,463,10,0.06%,0.06%,90.80%,85.71%,28,1,8.33%,11.11%,"293,89 €","10,49 €",28,1
B084WYHN2S,B084WYHN2S,CUPERINOX Cuchillos Carne | Cuchillos Mesa | Cuchillos Chuleteros | Cuchillo Sierra | 100 mm | Acero Inoxidable | Cuchillos para mesa (Madera),13012,"1,129",29,0.23%,0.27%,"1,568",40,0.22%,0.25%,21.34%,25.00%,33,1,2.92%,3.45%,"308,67 €","8,99 €",27,1
B06XB92VRH,B00YU2YTTM,CUPERINOX Cafetera Italiana Induccion Espresso Acero Inoxidable 4 Tazas,25032_,619,9,0.13%,0.08%,"1,013",13,0.14%,0.08%,72.30%,71.43%,26,1,4.20%,11.11%,"440,98 €","16,95 €",26,1
B073V5RN1J,B073V5RN1J,Arcos Cuchillo Mondador Acero Inoxidable NITRUM 100 mm - Ideal para Pelar Frutas y Verduras - Mango Ergonómico Polipropileno Negro - Serie Nova,816500_1pieza,416,9,0.08%,0.08%,636,11,0.09%,0.07%,74.46%,72.73%,32,2,7.69%,22.22%,"143,68 €","8,98 €",26,2
B07F9GQZCB,B07F9GQZCB,Arcos Cuchillo para Verduras de 4 Pulgadas con Hoja de 105mm en Acero Inoxidable y Mango de Madera. Cuchillo para Vegetales Apto para Lavavajillas. Serie Latina. Color Marrón,100500,596,12,0.12%,0.11%,938,16,0.13%,0.10%,99.76%,100.00%,26,1,4.36%,8.33%,"961,74 €","36,99 €",26,1
B09381N96H,B07G75XCXM,"Arcos Serie Cuchillos de Mesa Caja 12 uds Cuchillo Mesa, Hoja Serrada de Acero Inoxidable NITRUM de 125 mm, Mango Polipropileno Color crema (12 UDS)",370200_us,611,22,0.12%,0.20%,"1,002",32,0.14%,0.20%,89.36%,81.82%,32,8,5.24%,36.36%,"634,88 €","155,12 €",26,3
B093DSL44T,B07F9RV81Z,Arcos Cuchillo Chuletero de 4 Pulgadas con Hoja de 105mm en Acero Inoxidable y Mango de Madera. Cuchillo para Carne Apto para Lavavajillas. Serie Latina. Color Marrón,100400_fba,"1,164",29,0.24%,0.27%,"1,759",35,0.25%,0.22%,84.27%,100.00%,26,0,2.23%,0.00%,"935,74 €","0,00 €",25,0
B09381N96H,B07G75XCXM,"Arcos Serie Cuchillos de Mesa Caja 12 uds Cuchillo Mesa, Hoja Serrada de Acero Inoxidable NITRUM de 125 mm, Mango Polipropileno Color crema (12 UDS)",370200_fbm,611,22,0.12%,0.20%,"1,002",32,0.14%,0.20%,89.36%,81.82%,25,2,4.09%,9.09%,"499,75 €","39,98 €",25,2
B09CL776WP,B09CL776WP,CUPERINOX® Cuchillos de Mesa Acero Inoxidable – Set 12 Cuchillos para Carne con Filo Dentado – Aptos Lavavajillas – Uso Diario y Profesional,15015_,"1,002",43,0.20%,0.40%,"1,472",65,0.21%,0.40%,98.90%,100.00%,26,0,2.59%,0.00%,"519,74 €","0,00 €",25,0
B017HKHR92,B005LR6GE6,Arcos Cuchillo Cocinero Negro 250 mm,233700_,"1,494",21,0.30%,0.19%,"1,960",24,0.28%,0.15%,48.37%,46.67%,25,0,1.67%,0.00%,"1.075,46 €","0,00 €",24,0
B08XYXGSYG,B00BHZPO3K,Arcos Cuchillo para Queso Acero Inoxidable NITRUM 145 mm,281604_fbm,743,17,0.15%,0.16%,"1,199",27,0.17%,0.17%,33.11%,68.42%,25,4,3.36%,23.53%,"518,75 €","83,00 €",24,3
B089M821V5,B089M821V5,Arcos Cuchillos Carne | 6 pzas | Cuchillos chuleteros Set Cuchillo de Mesa Sierra | Mango Madera | Hoja 110 mm | Cuchillos Carne Mesa | Apto lavavajillas | Envase Carton | Ecologico,815500,752,41,0.15%,0.38%,"1,074",54,0.15%,0.34%,83.15%,95.83%,26,2,3.46%,4.88%,"691,74 €","49,98 €",24,2
B09F9MH34D,B09F9MH34D,"Arcos Serie Cuchillos de Mesa Chuleteros, Mango de Polipropileno, Hoja 110 mm, Apto para Lavavajillas, Negro, 6 Piezas",805109_6piezas,316,11,0.06%,0.10%,463,12,0.06%,0.07%,99.28%,100.00%,25,2,7.91%,18.18%,"346,75 €","26,98 €",24,2
B08XYZRKC4,B007TS6GWW,"ARCOS Juego de Cubiertos de 24 Piezas para Mesa. Cuberterí­a Completa para 6 Personas. Set de 6 Cucharas, 6 Cuchillos, 6 Tenedores y 6 Cucharas de Postre. Serie Toscana. Color Plata",572400,"4,183",66,0.85%,0.61%,"6,039",97,0.85%,0.60%,26.51%,39.62%,26,0,0.62%,0.00%,"1.689,74 €","0,00 €",22,0
B093313MH6,B093313MH6,Arcos | Cuchillo de deshuesar| Cuchillo deshuesador | cuchillo deshuesador jamón | cuchillo deshuesador (140 mm) Clásica| Envase Eco | cuchillo puntilla jamonero,256210_fba,473,8,0.10%,0.07%,675,10,0.09%,0.06%,99.67%,100.00%,22,1,4.65%,12.50%,"428,28 €","18,99 €",22,1
B07Z8TJHZR,B00LGX10MW,ARCOS Sacacorchos Manual Aleación de Zinc 195 mm,603400_,422,7,0.09%,0.06%,636,11,0.09%,0.07%,28.87%,12.50%,21,0,4.98%,0.00%,"379,87 €","0,00 €",21,0
B09N7S17J6,B09D3YRGL9,"CUPERINOX Navaja Plegable Multiusos – Hoja de Acero Inoxidable 80 mm (Filo Liso + Serrado), Punta Rompevidrios, Apertura Rápida, Clip de Cinturón, Herramienta para Camping, Caza, Pesca y Supervivencia",30061_solo_navaja,626,12,0.13%,0.11%,905,17,0.13%,0.11%,97.77%,100.00%,24,2,3.83%,16.67%,"240,78 €","19,98 €",21,2
B0DNNKT1W2,B0DNNFJ5J7,"Cuperinox-Tetera de Cristal con Infusor para Té e Infusiones, Resistente al Calor y Compatible con Microondas ** - Infusion Prestige Collection (350 ml)",26110,587,17,0.12%,0.16%,847,23,0.12%,0.14%,99.60%,100.00%,27,7,4.60%,41.18%,"360,73 €","90,93 €",21,2
B017HKG9PK,B0044R87VO,Arcos Maitre - Cuchillo Jamonero Flexible - Acero Inoxidable NITRUM 275 mm - Mango Polipropileno negro,151200,"1,022",29,0.21%,0.27%,"1,216",39,0.17%,0.24%,88.47%,84.21%,21,3,2.05%,10.34%,"330,49 €","45,87 €",20,2
B08M7BMR2S,B00I9XTLSC,ARCOS Afilador Profesional Manual Cerámica y Carbono Rojo-Negro,610600,"29,942",572,6.11%,5.27%,"42,951",874,6.03%,5.42%,13.55%,20.82%,20,8,0.07%,1.40%,"262,11 €","97,83 €",20,8
B0719K21HP,B0719K21HP,Arcos Tenazas de Marisco Acero Inoxidable 185 mm,606400_,507,13,0.10%,0.12%,815,20,0.11%,0.12%,26.46%,66.67%,35,3,6.90%,23.08%,"697,65 €","57,97 €",20,2
B08J488ZQG,B089QP6MYJ,Arcos Juego Cuchillos Carne | 6 Piezas | Cuchillos carne cuchillo chuleteros | cubiertos acero inoxidable | Hoja 110 mm | mango monobloque | aptos lavavajillas | Caja Envase Ecológico,815600_fba,"3,970",105,0.81%,0.97%,"6,565",202,0.92%,1.25%,98.42%,100.00%,23,0,0.58%,0.00%,"602,61 €","0,00 €",20,0
B08G8QCM5H,B08G8QCM5H,ARCOS cuchillo pelador | 6 PIEZAS | cuchillo de pelar | cuchillos pelar patatas | Hoja 100 mm | Negro | cuchillo arcos pelador Acero Inoxidable,816500_,"1,050",26,0.21%,0.24%,"1,525",37,0.21%,0.23%,99.18%,100.00%,20,1,1.90%,3.85%,"379,80 €","18,99 €",20,1
B08M99RZRV,B08M99RZRV,Arcos | Cuchillo Jamonero Cuchillo deshuesador | 2 Uds | Set cuchillos jamoneros 250 mm y cuchillo deshuesador (140 mm) jamonero profesional | cuchillo carnicero profesional | Eco,703800,"2,679",37,0.55%,0.34%,"3,368",53,0.47%,0.33%,93.55%,100.00%,21,2,0.78%,5.41%,"840,45 €","79,98 €",20,2
B017HKJOF2,B006LMX2GK,Arcos Cuchillo Jamonero Acero Inoxidable Forjado Nitrum 280 mm,281904,348,11,0.07%,0.10%,469,12,0.07%,0.07%,61.31%,42.86%,19,0,5.46%,0.00%,"332,31 €","0,00 €",19,0
B017HKR8WS,B005LRSIK6,ARCOS Afilador de Bolsillo Profesional,610200,"1,385",36,0.28%,0.33%,"1,768",73,0.25%,0.45%,46.23%,20.83%,19,1,1.37%,2.78%,"717,25 €","37,75 €",18,1
B08VS4FCLN,B08BX3WTPP,"Arcos Juego Cuchillos Cocina cuchillo blanco cuchillos | cuchillos cocina Maitre | 4 piezas | Chef 215 mm, Cocina 150 mm, Verduras 100 mm Tijera cocina (Blanco)",152624_,386,13,0.08%,0.12%,561,46,0.08%,0.29%,99.62%,100.00%,18,3,4.66%,23.08%,"629,82 €","104,97 €",18,3
B09KJLG7BT,B098K898SC,CUPERINOX Soporte Jamonero | Jamonero Profesional | Cuchillo Jamonero madera + Funda Jamon | Tabla Jamonera,20226,"1,008",22,0.21%,0.20%,"1,298",24,0.18%,0.15%,98.86%,100.00%,18,0,1.79%,0.00%,"450,23 €","0,00 €",18,0
B0822MXSQQ,B00D3LF7EC, ,277000_fbm,620,13,0.13%,0.12%,938,21,0.13%,0.13%,37.89%,80.00%,17,1,2.74%,7.69%,"406,83 €","22,99 €",17,1
B07N8S366Z,B07N8S366Z,Arcos Cuchillo Cocina Forjado en Acero Inoxidable. Hoja Plateada 210 mm. Cuchillo Chef con Mango Profesional Micarta y Borde de Seda Especial. Serie Brooklyn. Color Azul.,190623_,694,16,0.14%,0.15%,"1,062",29,0.15%,0.18%,86.30%,94.12%,18,1,2.59%,6.25%,"845,82 €","46,99 €",17,1
B08G8QCM5H,B08G8QCM5H,ARCOS cuchillo pelador | 6 PIEZAS | cuchillo de pelar | cuchillos pelar patatas | Hoja 100 mm | Negro | cuchillo arcos pelador Acero Inoxidable,816500_fbm,"1,050",26,0.21%,0.24%,"1,525",37,0.21%,0.23%,99.18%,100.00%,17,3,1.62%,11.54%,"323,14 €","56,97 €",17,3
B08J488ZQG,B0987N2CBR,Arcos Juego Cuchillos Carne | 6 Piezas | Cuchillos carne cuchillo chuleteros | cubiertos acero inoxidable | Hoja 110 mm | mango monobloque | aptos lavavajillas | Caja Envase Ecológico,814000FBM,"1,110",28,0.23%,0.26%,"1,342",39,0.19%,0.24%,99.11%,100.00%,23,2,2.07%,7.14%,"635,37 €","53,18 €",17,1
B0752SPHL9,B005LR6WW2,Arcos Juego de Cuchillos de Cocina de 5 Piezas,152100_us,597,3,0.12%,0.03%,921,4,0.13%,0.02%,72.44%,100.00%,16,0,2.68%,0.00%,"990,08 €","0,00 €",16,0
B00I9XTKI8,B00I9XTKI8,ARCOS Taco Ovalado Protector de Cuchillos hasta 20 cm,794100_,918,15,0.19%,0.14%,"1,375",29,0.19%,0.18%,28.69%,42.86%,16,0,1.74%,0.00%,"415,84 €","0,00 €",16,0
B0C4DTYRJW,B071LGMMGV,Arcos Juego Cuchillos Cocina Profesionales| Cuchillos Cocina Profesional Set Cuchillos | Mango Negro (3 Piezas),862600_,855,19,0.17%,0.18%,"1,363",23,0.19%,0.14%,97.77%,100.00%,16,2,1.87%,10.53%,"639,84 €","79,98 €",16,2
B08GSTDWTC,B08LVVQ3ZQ,"Arcos Serie Nova - Cuchillo para pelar, Acero Inoxidable NITRUM, Envase Ecológico, 3 colores Fucsia, Turquesa y Amarillo",703700fbm,"1,005",26,0.21%,0.24%,"1,592",47,0.22%,0.29%,81.36%,100.00%,19,4,1.89%,15.38%,"215,81 €","35,96 €",16,1
B0DNNKT1W2,B0DNNFJ5J7,"Cuperinox-Tetera de Cristal con Infusor para Té e Infusiones, Resistente al Calor y Compatible con Microondas ** - Infusion Prestige Collection (350 ml)",26110_,587,17,0.12%,0.16%,847,23,0.12%,0.14%,99.60%,100.00%,21,6,3.58%,35.29%,"301,79 €","76,94 €",16,2
B0C4DTYRJW,B071LGMMGV,Arcos Juego Cuchillos Cocina Profesionales| Cuchillos Cocina Profesional Set Cuchillos | Mango Negro (3 Piezas),862600,855,19,0.17%,0.18%,"1,363",23,0.19%,0.14%,97.77%,100.00%,15,1,1.75%,5.26%,"599,85 €","39,99 €",15,1
B093DSL44T,B07F9RV81Z,Arcos Cuchillo Chuletero de 4 Pulgadas con Hoja de 105mm en Acero Inoxidable y Mango de Madera. Cuchillo para Carne Apto para Lavavajillas. Serie Latina. Color Marrón,100400,"1,164",29,0.24%,0.27%,"1,759",35,0.25%,0.22%,84.27%,100.00%,18,3,1.55%,10.34%,"648,28 €","107,25 €",15,2
B09KJLG7BT,B098TFPYLY,CUPERINOX Jamonero profesional Gondola | tabla jamon | Cuchillo Jamonero Alveolos Acero Inox + Cubre Jamón Universal | Set cortar jamón (3 PZAS) | Sujeta jamones | tabla jamonero,20228,471,12,0.10%,0.11%,640,14,0.09%,0.09%,84.29%,100.00%,15,2,3.18%,16.67%,"454,85 €","59,98 €",15,2
B093DXB2PK,B00MDJVRG2,Arcos Latina Cuchillo para Verduras Acero Inoxidable 105 mm,100500_1_pieza,218,4,0.04%,0.04%,352,4,0.05%,0.02%,87.38%,75.00%,29,0,13.30%,0.00%,"144,71 €","0,00 €",14,0
B019H2J21O,B019H2J21O,"Cuperinox 22531, Flanero Inoxidable 18cm con tapa",22531_us,219,0,0.04%,0.00%,339,0,0.05%,0.00%,99.30%,0.00%,14,0,6.39%,0.00%,"125,86 €","0,00 €",14,0
B0B8Z4CJBC,B07F2YVB15,"Arcos Juego Cuchillos Pelar Acero Inoxidable Nitrum 4""",136500,811,18,0.17%,0.17%,"1,391",36,0.20%,0.22%,33.73%,14.29%,17,1,2.10%,5.56%,"327,08 €","19,24 €",14,1
B08JCVQ4QL,B08JCVQ4QL,"Arcos Series Niza - Juego de Cuchillos Cocina, 6 Piezas, Cuchillos Verduras 110 mm, + Cuchillo Mesa, Envase 100% Ecológico, Acero Inoxidable NITRUM",809400,467,14,0.10%,0.13%,711,21,0.10%,0.13%,99.35%,100.00%,14,1,3.00%,7.14%,"279,86 €","19,99 €",14,1
B08TLR4Z27,B08M3YG4R1,Arcos jamonero Profesional | Cuchillo jamonero jamonero Inoxidable Nitrum | Mango Negro | Cuchillo Jamon iberico | Serie Maitre| Hoja Flexible y Filo Liso | 275 mm | Acero Inoxidable NITRUM,704200_fbm,536,6,0.11%,0.06%,673,7,0.09%,0.04%,99.84%,100.00%,14,0,2.61%,0.00%,"307,86 €","0,00 €",14,0
B09N7S17J6,B09D3YRGL9,"CUPERINOX Navaja Plegable Multiusos – Hoja de Acero Inoxidable 80 mm (Filo Liso + Serrado), Punta Rompevidrios, Apertura Rápida, Clip de Cinturón, Herramienta para Camping, Caza, Pesca y Supervivencia",30061_,626,12,0.13%,0.11%,905,17,0.13%,0.11%,97.77%,100.00%,15,0,2.40%,0.00%,"149,85 €","0,00 €",14,0
B0CYTKGNPM,B0CW68KM18,Pelador de Cocina ARCOS - Hoja de Acero Inoxidable | Mango Ergonómico | Herramienta Versátil para Pelar Frutas y Verduras,607300_,"1,562",50,0.32%,0.46%,"1,987",52,0.28%,0.32%,49.35%,67.65%,15,3,0.96%,6.00%,"126,27 €","24,11 €",14,2
B0DNNKT1W2,B0DNNJPGTY,"Cuperinox-Tetera de Cristal con Infusor para Té e Infusiones, Resistente al Calor y Compatible con Microondas ** - Infusion Prestige Collection (750 ml)",26112,365,14,0.07%,0.13%,545,15,0.08%,0.09%,100.00%,100.00%,15,1,4.11%,7.14%,"257,35 €","16,99 €",14,1
B07BDRM2H8,B005LR69ZC,Arcos Cuchillo de Queso Negro 145 mm,232800_,455,15,0.09%,0.14%,684,20,0.10%,0.12%,34.78%,33.33%,13,1,2.86%,6.67%,"487,28 €","31,40 €",13,1
B06XB92VRH,B00YU2ZWGG,CUPERINOX Cafetera Italiana Induccion Espresso Acero Inoxidable 10 Tazas,25034,843,11,0.17%,0.10%,"1,315",17,0.18%,0.11%,97.91%,100.00%,13,0,1.54%,0.00%,"259,87 €","0,00 €",13,0
B0189HXS8Q,B017DLLIUO,Arcos Navaja Profesional Acero Inoxidable 85 mm,485929,836,14,0.17%,0.13%,"1,070",17,0.15%,0.11%,99.30%,100.00%,14,0,1.67%,0.00%,"105,70 €","0,00 €",13,0
B09GBJKQHR,B07YYDR6D8,Arcos Juego de Cuchillos de Cocina. 3 piezas de Acero Inoxidable forjado. Impresiona yorprencon cada corte. Mango Micarta azul. Serie Brooklyn. Color Azul.,858110_,"1,412",22,0.29%,0.20%,"2,208",31,0.31%,0.19%,63.08%,47.37%,13,0,0.92%,0.00%,"1.272,70 €","0,00 €",13,0
B08G8QHY23,B08G8QHY23,Arcos | cuchillos chuleteros cuchillo madera cuchillo chuletero | 6 Piezas | juego cuchillos carne | cuchillos mango madera | Envase Eco | Fabricado en España,809300,284,5,0.06%,0.05%,436,9,0.06%,0.06%,99.74%,100.00%,14,0,4.93%,0.00%,"335,86 €","0,00 €",13,0
B09FQ5SZK8,B08MTWC7RD,Arcos Cuchillo Cocinero Acero Inoxidable Nitrum 210 mm,166800_fbm,746,14,0.15%,0.13%,"1,081",20,0.15%,0.12%,65.35%,46.15%,13,0,1.74%,0.00%,"389,87 €","0,00 €",13,0
B07BDQGV6Y,B006LMX2HO,"Arcos Cuchillo Rebanar/Jamón Acero Inoxidable Nitrum 11""",282004_,618,11,0.13%,0.10%,885,18,0.12%,0.11%,46.70%,40.00%,12,1,1.94%,9.09%,"209,88 €","17,49 €",12,1
B017DLHEGQ,B017DLHEGQ,Arcos Chaira Afilador Manual de Cuchillos 230 mm,279400,213,3,0.04%,0.03%,326,3,0.05%,0.02%,61.48%,33.33%,12,0,5.63%,0.00%,"198,00 €","0,00 €",12,0
B0CYTKGNPM,B0CW66H3TR,Pelador de Tomate ARCOS - Hoja Serrada de Acero Inoxidable | Mango Ergonómico | Ideal para Tomates,607420_,"1,242",26,0.25%,0.24%,"1,394",29,0.20%,0.18%,99.10%,100.00%,12,0,0.97%,0.00%,"95,88 €","0,00 €",12,0
B0B8Z4Z1ZS,B0044R87I2,Arcos Conjunto Cuchillos 4 piezas (3 Cuchillos + 1 tijeras). Acero Inoxidable y Hoja mm. 1670 gr. Bloque madera pino. Mango ergonómico polioximetileno POM. Serie Universal. Mayor control. Color negro.,285000_us,542,12,0.11%,0.11%,816,19,0.11%,0.12%,78.69%,83.33%,11,0,2.03%,0.00%,"604,89 €","0,00 €",11,0
B0752NT3TH,B005LR77GC,ARCOS Tijeras de Cocina Profesional 235 mm,185701,"1,159",30,0.24%,0.28%,"1,822",42,0.26%,0.26%,4.63%,6.67%,11,0,0.95%,0.00%,"98,89 €","0,00 €",11,0
B017HKJ4T8,B007TS67P8,Arcos Cuchillo Chef Acero Inoxidable 175 mm,280504_,837,23,0.17%,0.21%,"1,127",30,0.16%,0.19%,31.20%,61.54%,11,1,1.31%,4.35%,"192,43 €","17,25 €",11,1
B0843QFQB7,B0843QFQB7,Arcos Set Cuchillos 5 piezas Acero Inoxidable Nitrum. Cuchillo Cocina Profesional Afilado para Cortar Carne. Mango Ergonómico Polioximetileno POM. Serie Opera. Diseño Clásico. Color Negro.,227000,877,13,0.18%,0.12%,"1,334",17,0.19%,0.11%,57.93%,53.33%,11,0,1.25%,0.00%,"1.539,08 €","0,00 €",11,0
B08VS4FCLN,B08CY5ZRD7,"Arcos Serie Maitre - Juego Cuchillo de cocina 4 piezas, (3 cuchillos + 1 tijeras) Hoja de Acero Inoxidable NITRUM 80 mm, Mango Polipropileno Negro",152610_,308,8,0.06%,0.07%,462,17,0.06%,0.11%,99.76%,100.00%,11,0,3.57%,0.00%,"404,89 €","0,00 €",11,0
B08JCVQ4QL,B08JCVQ4QL,"Arcos Series Niza - Juego de Cuchillos Cocina, 6 Piezas, Cuchillos Verduras 110 mm, + Cuchillo Mesa, Envase 100% Ecológico, Acero Inoxidable NITRUM",809400_,467,14,0.10%,0.13%,711,21,0.10%,0.13%,99.35%,100.00%,11,0,2.36%,0.00%,"220,22 €","0,00 €",11,0
B08J488ZQG,B0987N2CBR,Arcos Juego Cuchillos Carne | 6 Piezas | Cuchillos carne cuchillo chuleteros | cubiertos acero inoxidable | Hoja 110 mm | mango monobloque | aptos lavavajillas | Caja Envase Ecológico,814000_fba,"1,110",28,0.23%,0.26%,"1,342",39,0.19%,0.24%,99.11%,100.00%,16,0,1.44%,0.00%,"447,84 €","0,00 €",11,0
B09KJLG7BT,B098TFPYLY,CUPERINOX Jamonero profesional Gondola | tabla jamon | Cuchillo Jamonero Alveolos Acero Inox + Cubre Jamón Universal | Set cortar jamón (3 PZAS) | Sujeta jamones | tabla jamonero,20228FBM,471,12,0.10%,0.11%,640,14,0.09%,0.09%,84.29%,100.00%,11,0,2.34%,0.00%,"334,89 €","0,00 €",11,0
B09MSDJQJ1,B09MM5CH6C,Arcos jamonero profesional alveolos | incluye pinza para jamón | cuchillo jamonero cuchillo jamonero alveolos cuchillos profesional| Acero Inoxidable Nitrum 240 mm,856200FBM,456,6,0.09%,0.06%,582,10,0.08%,0.06%,99.25%,100.00%,11,0,2.41%,0.00%,"316,39 €","0,00 €",11,0
B0189HXASY,B005LR6C7C,Arcos Cuchillo Cocina Acero Inoxidable Negro 180 mm,233500,"1,094",19,0.22%,0.18%,"1,667",24,0.23%,0.15%,37.06%,60.00%,10,0,0.91%,0.00%,"349,90 €","0,00 €",10,0
B017DLM9SO,B017DLM9SO,ARCOS Tenedores para Tartas Acero Inoxidable 18/10 140 mm,574300_,"1,115",25,0.23%,0.23%,"1,798",37,0.25%,0.23%,6.86%,11.11%,11,1,0.99%,4.00%,"112,42 €","9,75 €",10,1
B0812P3LZT,B0812P3LZT,"Arcos Nova - Set 3 Cuchillos Mantequilla - Acero Inoxidable 70 mm - Mango en color menta, naranja y limon",859900,184,3,0.04%,0.03%,286,4,0.04%,0.02%,98.43%,100.00%,11,0,5.98%,0.00%,"121,07 €","0,00 €",10,0
B08Y8NS7PN,B08MT61GJV,Arcos Juego Cuchillos Cocina | 2 pzas |Profesional (150 mm) | Cuchillo Cortador Verduras (100 mm)| Acero Inoxidable Nitrum | Mango Negro | Envase Eco,819900fbm,281,9,0.06%,0.08%,415,9,0.06%,0.06%,98.70%,100.00%,10,1,3.56%,11.11%,"179,90 €","17,99 €",10,1
B09DPRCMTF,B08MW2GWPC,Arcos Juego Cuchillos Carne | Cuchillo chuleteros | Cuchillos Carne Cuchillos Mesa | 6 Uds | Hoja 110 mm | Acero Inoxidable | Mango Nylon | Apto lavavajillas | Envase Ecológico (Filo Serrado),816400fbm,225,9,0.05%,0.08%,349,10,0.05%,0.06%,99.32%,100.00%,10,0,4.44%,0.00%,"199,90 €","0,00 €",10,0
B093313MH6,B093313MH6,Arcos | Cuchillo de deshuesar| Cuchillo deshuesador | cuchillo deshuesador jamón | cuchillo deshuesador (140 mm) Clásica| Envase Eco | cuchillo puntilla jamonero,256210,473,8,0.10%,0.07%,675,10,0.09%,0.06%,99.67%,100.00%,10,0,2.11%,0.00%,"199,90 €","0,00 €",10,0
B0C4DTYRJW,B094QVHPQ8,Arcos Juego Cuchillos Cocina Profesionales| Cuchillos Cocina Profesional Set Cuchillos | Mango Negro (4 Piezas),813500,618,20,0.13%,0.18%,867,28,0.12%,0.17%,91.46%,100.00%,10,0,1.62%,0.00%,"399,50 €","0,00 €",10,0
B017HKG9PK,B0044R87YQ,Arcos Cuchillo para Maitre Negro 100 mm,150500_pp,"1,313",53,0.27%,0.49%,"1,838",81,0.26%,0.50%,13.06%,20.41%,14,0,1.07%,0.00%,"139,30 €","0,00 €",9,0
B017HKJSMG,B006963LSM,Arcos Cuchillo para Pan Acero Inoxidable 250 mm,282204_,538,21,0.11%,0.19%,666,25,0.09%,0.16%,23.26%,11.11%,10,4,1.86%,19.05%,"195,23 €","77,96 €",9,3
B017HKRCGK,B00BHZPGHO,ARCOS Bolsa Portacuchillos para 17 Piezas Poliéster Negra,691400_,363,7,0.07%,0.06%,477,8,0.07%,0.05%,50.00%,20.00%,9,0,2.48%,0.00%,"404,91 €","0,00 €",9,0
B06XB92VRH,B00YU2ZS1A,CUPERINOX Cafetera Italiana Induccion Espresso Acero Inoxidable 6 Tazas,25033_,274,4,0.06%,0.04%,360,7,0.05%,0.04%,78.66%,100.00%,12,4,4.38%,100.00%,"214,80 €","71,60 €",9,1
B078GYCH1G,B078GYCH1G,Tenedor de marisco - 6 unid,20023,90,1,0.02%,0.01%,124,1,0.02%,0.01%,98.25%,100.00%,9,1,10.00%,100.00%,"116,91 €","12,99 €",9,1
B09CH5GZ4J,B07D8WQ355,Arcos Serie Manhattan - Cuchillo Cocinero - Hoja de Acero Inoxidable Forjado Nitrum 210 mm - Mango de Polioximetileno (POM) Color Negro - Filo Seda,160600_,352,9,0.07%,0.08%,571,18,0.08%,0.11%,98.01%,100.00%,9,1,2.56%,11.11%,"328,41 €","36,49 €",9,1
B096ZTPPBG,B07DQRFDMB,Arcos Manhattan Cuchillo Santoku Forjado Acero POM Negro 190 mm,161600_,261,5,0.05%,0.05%,426,5,0.06%,0.03%,89.49%,100.00%,9,0,3.45%,0.00%,"301,41 €","0,00 €",9,0
B0B3F4QXML,B07HY6FKNQ,Arcos Serie Clasica - Juego de Cuchillos de 7 piezas en Caja de Regalo (5 Cuchillos + 1 Tijeras + 1 Chaira) - Hoja de Acero Inoxidable Forjado NITRUM - Mango de Polioximetileno (POM) - Color marrón,854400_2,240,5,0.05%,0.05%,390,5,0.05%,0.03%,75.43%,100.00%,9,0,3.75%,0.00%,"1.331,91 €","0,00 €",9,0
B07N8VRS7L,B07N8VRS7L,Arcos Brooklyn Cuchillo Pelador Acero Inoxidable 100 mm,190123_,263,3,0.05%,0.03%,416,3,0.06%,0.02%,83.43%,50.00%,9,0,3.42%,0.00%,"256,89 €","0,00 €",9,0
B08TLR4Z27,B08M3DQFHM,Arcos jamonero Profesional | Cuchillo jamonero jamonero Inoxidable Nitrum | Mango Negro | Cuchillo Jamon iberico | Serie Maitre| Hoja Flexible y Filo Liso | 275 mm | Acero Inoxidable NITRUM,151210_fbm,284,3,0.06%,0.03%,376,4,0.05%,0.02%,99.43%,100.00%,14,6,4.93%,200.00%,"207,56 €","83,64 €",9,1
B08TLR4Z27,B08M3YG4R1,Arcos jamonero Profesional | Cuchillo jamonero jamonero Inoxidable Nitrum | Mango Negro | Cuchillo Jamon iberico | Serie Maitre| Hoja Flexible y Filo Liso | 275 mm | Acero Inoxidable NITRUM,704200,536,6,0.11%,0.06%,673,7,0.09%,0.04%,99.84%,100.00%,9,0,1.68%,0.00%,"197,91 €","0,00 €",9,0
B08Y8NS7PN,B08MT61GJV,Arcos Juego Cuchillos Cocina | 2 pzas |Profesional (150 mm) | Cuchillo Cortador Verduras (100 mm)| Acero Inoxidable Nitrum | Mango Negro | Envase Eco,819900,281,9,0.06%,0.08%,415,9,0.06%,0.06%,98.70%,100.00%,10,2,3.56%,22.22%,"173,90 €","37,98 €",9,1
B08Q7W1Q4K,B08Q7W1Q4K,"Tradineur - Pack de 2 Graseras de metal de Ø 9,3 x 11 cm - Incluye filtro, asa y tapa - Aceitera con colador para conservación de aceite de acero inoxidable - Capacidad de 550 ml",22105+22106,144,3,0.03%,0.03%,220,3,0.03%,0.02%,100.00%,100.00%,9,0,6.25%,0.00%,"98,91 €","0,00 €",9,0
B08T5Z4HFS,B08QYQYZHS,"CUPERINOX Cubiertos para marisco | Pinzas para marisco | Tenazas para marisco | 12 Unidades | Cubiertos marisco (Cangrejo, Langosta, Ostras) | Tenedor de marisco con dos dientes inferiores y cuchara.",20023_12FBA,481,16,0.10%,0.15%,668,22,0.09%,0.14%,99.50%,100.00%,10,2,2.08%,12.50%,"188,76 €","36,84 €",9,1
B08T5Z4HFS,B08QYV8C1P,"CUPERINOX Cubiertos para marisco | Pinzas para marisco | Tenazas para marisco | 6 Unidades | Cubiertos marisco (Cangrejo, Langosta, Ostras) | Tenedor de marisco con dos dientes inferiores y cuchara.",20023_6Unidades,65,3,0.01%,0.03%,79,3,0.01%,0.02%,100.00%,0.00%,9,0,13.85%,0.00%,"107,91 €","0,00 €",9,0
B0CVH8PC99,B0CQTJ6T66,"CUPERINOX® Cuchillos de Mesa Acero Inoxidable – Set Profesional 12 Piezas con Hoja Serrada de 11 cm y Mango Ergonómico Antideslizante – Para Carne, Verduras y Pescado",99922,400,8,0.08%,0.07%,561,8,0.08%,0.05%,100.00%,100.00%,9,2,2.25%,25.00%,"105,83 €","21,90 €",9,2
B0DNNKT1W2,B0DNNJPRXB,"Cuperinox-Tetera de Cristal con Infusor para Té e Infusiones, Resistente al Calor y Compatible con Microondas ** - Infusion Prestige Collection (550 ml)",26111_,"1,041",24,0.21%,0.22%,"1,519",36,0.21%,0.22%,99.70%,100.00%,9,1,0.86%,4.17%,"179,91 €","19,99 €",9,1
B000Q8UYRK,B000Q8UYRK,Arcos Cuchillo Jamonero Acero Inoxidable Forjado Nitrum 300 mm,256800_fbm,135,6,0.03%,0.06%,199,8,0.03%,0.05%,95.16%,100.00%,8,2,5.93%,33.33%,"226,92 €","55,98 €",8,2
B017HKJ4T8,B0044R87QO,Arcos Cuchillo Chef Acero Inoxidable. Cuchillo cocina profesional para cortar una variedad alimentos. Mango ergonómico polioximetileno y Hoja 250 mm. Serie Universal. Color negro.,280704_fbm,495,27,0.10%,0.25%,628,36,0.09%,0.22%,33.71%,43.48%,12,2,2.42%,7.41%,"288,40 €","40,90 €",8,1
B017HKJKNI,B0044R87UA,Arcos Cuchillo Jamonero con Alveolos Acero Inoxidable 240mm,281801_,"8,352",178,1.70%,1.64%,"14,354",282,2.01%,1.75%,0.69%,1.86%,8,1,0.10%,0.56%,"159,75 €","19,49 €",8,1
B09337686H,B0044R884U,Arcos Universal Cuchillo Santoku Acero POM Negro 170 mm,286004_us,925,27,0.19%,0.25%,"1,432",50,0.20%,0.31%,29.32%,33.33%,8,1,0.86%,3.70%,"190,00 €","23,75 €",8,1
B0752SPHL9,B005LR6W8Q,Arcos Maitre Set 5 Cuchillos Acero Inoxidable Nitrum,152000_,595,17,0.12%,0.16%,860,21,0.12%,0.13%,59.88%,84.62%,8,0,1.34%,0.00%,"495,92 €","0,00 €",8,0
B017HKRCGK,B005LR7C44,ARCOS Bolsa Portacuchillos 12 Piezas Poliéster 730x510mm,690500_,"1,026",14,0.21%,0.13%,"1,421",24,0.20%,0.15%,18.67%,37.50%,8,0,0.78%,0.00%,"223,62 €","0,00 €",8,0
B09GS973CD,B00HYWV402,ARCOS Juego de Cocina de 5 Piezas con Bloque,815000_,550,6,0.11%,0.06%,801,10,0.11%,0.06%,50.54%,100.00%,8,1,1.45%,16.67%,"314,92 €","34,99 €",8,1
B0752V8D5V,B00I9XTGJ6,ARCOS Taco Redondo Protector de Cuchillos Caucho Termoplástico 225 mm,794000,223,2,0.05%,0.02%,305,2,0.04%,0.01%,54.24%,100.00%,8,0,3.59%,0.00%,"199,92 €","0,00 €",8,0
B00W9SPO5M,B00W9SPO5M,Arcos Tijeras de Modista de Acero Forjado 178 mm - Uso Profesional y Doméstico - Niqueladas en Plata - Serie Style,504200,102,7,0.02%,0.06%,177,27,0.02%,0.17%,88.69%,80.00%,8,1,7.84%,14.29%,"111,92 €","13,99 €",8,1
B00WUZR7H2,B00WUZR7H2,Arcos Serie Cuchillos de Mesa - Cuchillo Mesa - Hoja Serrada de Acero Inoxidable de 125 mm - Cuchillo Monoblock Acero Inoxidable Color Plata,460400_1pieza,117,4,0.02%,0.04%,190,5,0.03%,0.03%,74.86%,50.00%,25,0,21.37%,0.00%,"112,25 €","0,00 €",8,0
B07F9GQZCB,B07F9GQZCB,Arcos Cuchillo para Verduras de 4 Pulgadas con Hoja de 105mm en Acero Inoxidable y Mango de Madera. Cuchillo para Vegetales Apto para Lavavajillas. Serie Latina. Color Marrón,100500_fba,596,12,0.12%,0.11%,938,16,0.13%,0.10%,99.76%,100.00%,8,0,1.34%,0.00%,"295,92 €","0,00 €",8,0
B07N8W79GH,B07N8W79GH,Arcos Manhattan Cuchillo Tallado Acero Inoxidable Nitrum 300 mm,162300_,119,6,0.02%,0.06%,203,7,0.03%,0.04%,98.36%,100.00%,8,1,6.72%,16.67%,"289,50 €","30,57 €",8,1
B06XB92VRH,B07T6J5JWM,CUPERINOX Cafetera Italiana Induccion Espresso Acero Inoxidable 12 Tazas,25035,"1,406",26,0.29%,0.24%,"2,281",33,0.32%,0.20%,8.51%,100.00%,8,2,0.57%,7.69%,"219,94 €","52,00 €",8,2
B0812P3LZT,B0812P3LZT,"Arcos Nova - Set 3 Cuchillos Mantequilla - Acero Inoxidable 70 mm - Mango en color menta, naranja y limon",859900_,184,3,0.04%,0.03%,286,4,0.04%,0.02%,98.43%,100.00%,8,1,4.35%,33.33%,"87,92 €","10,99 €",8,1
B0C4DTYRJW,B094QVHPQ8,Arcos Juego Cuchillos Cocina Profesionales| Cuchillos Cocina Profesional Set Cuchillos | Mango Negro (4 Piezas),813500FBM,618,20,0.13%,0.18%,867,28,0.12%,0.17%,91.46%,100.00%,9,2,1.46%,10.00%,"358,23 €","78,30 €",8,1
B08VS4FCLN,B09HBWSBN1,"Arcos Juego Cuchillos Cocina cuchillo blanco cuchillos | cuchillos cocina Maitre | 5 piezas | Chef 215 mm, Cocina 150 mm, Verduras 100 mm Tijera cocina (Negro + Jamonero)",854100 fbm,312,6,0.06%,0.06%,495,14,0.07%,0.09%,100.00%,100.00%,8,0,2.56%,0.00%,"379,92 €","0,00 €",8,0
B09NRLLDC6,B09NRLLDC6,CUPERINOX Cuchillo Jamonero + Chaira + Funda Cubre Jamón | Jamonero 240mm acero inoxidable| Afilador Chaira | Funda cubre jamón,20220,265,4,0.05%,0.04%,350,4,0.05%,0.02%,99.69%,0.00%,8,0,3.02%,0.00%,"79,92 €","0,00 €",8,0
B08VRP7CR7,B09XMVTWLT,Arcos Juego Cuchillos Carne | 6 Piezas | Cuchillos Carne Cuchillo chuleteros | Cubiertos Acero Inoxidable | Hoja 110 mm | Mango Redondo y Forma Ovalada | monobock | Caja Envase Ecológico (Filo Liso),830000,260,9,0.05%,0.08%,403,11,0.06%,0.07%,100.00%,100.00%,10,0,3.85%,0.00%,"329,90 €","0,00 €",8,0
B0BJPYW95J,B0BJPYW95J,Arcos Accesorios - Sacacorchos Manual Abrebotellas Manual - Mango de Aleación de Zinc - Color Negro mate (Incluye cortacápsulas),607500,75,6,0.02%,0.06%,110,11,0.02%,0.07%,75.73%,66.67%,10,4,13.33%,66.67%,"379,08 €","139,14 €",8,2
B017HKG9PK,B0044R87W8,"Arcos Cuchillo Santoku Acero Inoxidable Nitrum. Cuchillo Cocina japonés Pescado, Carne y Verduras. Mango ergonómico polioximetileno Pom y Hoja 170 mm. Multiusos. Serie Maitre. Color Negro.",151600_fba,"1,289",33,0.26%,0.30%,"1,884",50,0.26%,0.31%,18.56%,18.75%,8,0,0.62%,0.00%,"155,92 €","0,00 €",7,0
B096SHJ82T,B0044R8868,Arcos Juego de 12 Cubiertos para Mesa. Set de 6 Cuchillos Chuleteros y 6 Tenedores en Madera de Haya y Acero Inoxidable. Estuche para Carne. Serie Mesa. Color Marrón,377700_fbm,912,19,0.19%,0.18%,"1,246",28,0.17%,0.17%,39.17%,37.50%,8,1,0.88%,5.26%,"375,92 €","46,99 €",7,1
B07BDVLDBZ,B00BHZPHSC,Arcos Riviera Blanc Cuchillo Jamonero Forjado Acero POM Blanco 250 mm,231024_,240,6,0.05%,0.06%,373,10,0.05%,0.06%,27.85%,14.29%,7,0,2.92%,0.00%,"234,43 €","0,00 €",7,0
B017DLDQXQ,B017DLDQXQ,"Arcos Serie Latina, Cuchillo jamonero, Hoja de 250 mm, Mango Madera",101300_fbm,225,0,0.05%,0.00%,326,0,0.05%,0.00%,40.07%,0.00%,7,0,3.11%,0.00%,"66,58 €","0,00 €",7,0
B017DLM9SO,B017DLM9SO,ARCOS Tenedores para Tartas Acero Inoxidable 18/10 140 mm,574300_fba,"1,115",25,0.23%,0.23%,"1,798",37,0.25%,0.23%,6.86%,11.11%,7,0,0.63%,0.00%,"69,93 €","0,00 €",7,0
B0DQV6381X,B079VN4MTH,CUPERINOX Jamonero de Madera Góndola Soporte para Pata y Paleta de jamón Serrano e ibérico con agarres de Metal Jamonera Economica,20200_us,545,13,0.11%,0.12%,600,14,0.08%,0.09%,92.98%,100.00%,7,1,1.28%,7.69%,"99,94 €","13,00 €",7,1
B07DFK4T6L,B07DFK4T6L,"Arcos Cuchillo Deshuesador Profesional - Hoja Silk Edge Acero Inoxidable Nitrum 160 mm, Precisión y Durabilidad, Mango Ergonómico POM Negro, Serie Manhattan",162600_,114,2,0.02%,0.02%,175,5,0.02%,0.03%,83.73%,0.00%,7,0,6.14%,0.00%,"195,93 €","0,00 €",7,0
B07G76NW26,B07G76NW26,"Arcos Serie Cuchillos de Mesa Caja 12 uds Cuchillo Mesa, Hoja Serrada de Acero Inoxidable de 125 mm, Cuchillo Monoblock Acero Inoxidable Color plata (12 UDS)",460400_fbm,196,4,0.04%,0.04%,302,5,0.04%,0.03%,94.49%,100.00%,9,0,4.59%,0.00%,"359,91 €","0,00 €",7,0
B09GSBSHMP,B07JJGTQK4,Arcos Conjunto Cuchillos 3 piezas - Acero Inoxidable Nitrum y Hoja mm. Cuchillo cocina profesional cocinar. 590 gr. Mango ergonómico polioximetileno POM. Serie Universal. Mayor control. Color negro.,807410_FBA,"1,683",30,0.34%,0.28%,"2,660",47,0.37%,0.29%,59.99%,79.31%,8,0,0.48%,0.00%,"336,67 €","0,00 €",7,0
B07N8Q63Z6,B07N8Q63Z6,Arcos Brooklyn Cuchillo para Tomates Forjado Acero Inoxidable Nitrum 130 mm,192023_,126,3,0.03%,0.03%,188,5,0.03%,0.03%,88.34%,0.00%,7,0,5.56%,0.00%,"210,41 €","0,00 €",7,0
B07N8TV9CC,B07N8TV9CC,Arcos Brooklyn Cuchillo Rebanar Jamonero Forjado Micarta Azul 250 mm,191923_,258,7,0.05%,0.06%,380,11,0.05%,0.07%,92.02%,100.00%,7,0,2.71%,0.00%,"272,86 €","0,00 €",7,0
B07N8V5DY8,B07N8V5DY8,Arcos Cuchillo trinchar forjado | Cuchillo jamonero Acero Inoxidable. Cuchillo cocina profesional cocinar. Mango micarta y borseda especial y Hoja plateada 300 mm. Serie Brooklyn. Color azul.,192323_,163,6,0.03%,0.06%,211,6,0.03%,0.04%,87.18%,80.00%,7,0,4.29%,0.00%,"328,16 €","0,00 €",7,0
B0843DNN57,B0843DNN57,Arcos Set Cuchillos Forjados 4 piezas (3 Cuchillos + 1 tijeras) - Acero Inoxidable Forjado NITRUM - Mango Micarta - Bloques Madera Color Azul. Serie Brooklyn. Impresiona yorprencon Cada Corte.,194000,412,9,0.08%,0.08%,618,12,0.09%,0.07%,85.95%,100.00%,7,0,1.70%,0.00%,"769,93 €","0,00 €",7,0
B09MSDJQJ1,B08M3B43J6,"Arcos | Juego Cuchillo Jamonero 3 Pzas | jamonero Acero Inoxidable (240 mm), afilador Chaira y Cubre jamón | Juego Cuchillos jamonero Profesional | Paleta ibérica | Eco",704300,"1,109",24,0.23%,0.22%,"1,611",28,0.23%,0.17%,99.20%,100.00%,7,0,0.63%,0.00%,"209,93 €","0,00 €",7,0
B08VRP7CR7,B08MTXC14T,Arcos Juego Cuchillos Carne | 6 Piezas | Cuchillos Carne Cuchillo chuleteros | Cubiertos Acero Inoxidable | Hoja 110 mm | Mango Redondo y Forma Ovalada | monobock | Caja Envase Ecológico (6 unidades),809900FBM,105,6,0.02%,0.06%,159,10,0.02%,0.06%,69.47%,100.00%,8,1,7.62%,16.67%,"224,38 €","27,99 €",7,1
B08Y8NS7PN,B08XZ8X815,"Arcos serie Maitre - juego de Cuchillos, 2 Pza, Cuchillo Cocina Profesional 150mm + Cuchillo universal 100mm, Acero Inoxidable, Rosa, Eco",814600_fmb,131,5,0.03%,0.05%,178,5,0.02%,0.03%,100.00%,100.00%,9,3,6.87%,60.00%,"161,91 €","53,97 €",7,1
B09KJLG7BT,B098TFPYLY,CUPERINOX Jamonero profesional Gondola | tabla jamon | Cuchillo Jamonero Alveolos Acero Inox + Cubre Jamón Universal | Set cortar jamón (3 PZAS) | Sujeta jamones | tabla jamonero,20228_,471,12,0.10%,0.11%,640,14,0.09%,0.09%,84.29%,100.00%,7,0,1.49%,0.00%,"229,93 €","0,00 €",7,0
B09MRYLZ4M,B09MRYLZ4M,Arcos Juego de Cuchillos de Cocina de 3 Piezas,167100_us,"1,052",19,0.21%,0.18%,"1,594",37,0.22%,0.23%,30.76%,58.82%,7,1,0.67%,5.26%,"482,30 €","68,90 €",7,1
B0CVH8PC99,B0CQTJ6T66,"CUPERINOX® Cuchillos de Mesa Acero Inoxidable – Set Profesional 12 Piezas con Hoja Serrada de 11 cm y Mango Ergonómico Antideslizante – Para Carne, Verduras y Pescado",99901_12pzs,400,8,0.08%,0.07%,561,8,0.08%,0.05%,100.00%,100.00%,10,1,2.50%,12.50%,"119,90 €","11,99 €",7,1
B017HKJOF2,B000NOAYMM,Arcos Cuchillo Jamonero Acero Inoxidable 240 mm,281804,"1,186",28,0.24%,0.26%,"1,910",41,0.27%,0.25%,5.98%,16.67%,6,0,0.51%,0.00%,"101,94 €","0,00 €",6,0
B0752XP113,B0044R887W,Arcos Juego Cuchillos carne 4 piezas. Paquete Cuchillos bolsillo con borperla para cortar y filetear carne. Hoja y mango Acero Inoxidable monobloque. Serie Mesa.,378400_2,767,15,0.16%,0.14%,"1,165",17,0.16%,0.11%,18.00%,22.22%,7,0,0.91%,0.00%,"147,63 €","0,00 €",6,0
B07BDVLDBZ,B005LR690M,Arcos Cuchillo Rebanar y Jamón Acero Inoxidable 300 mm,231100_,192,6,0.04%,0.06%,277,6,0.04%,0.04%,87.30%,50.00%,6,0,3.13%,0.00%,"221,94 €","0,00 €",6,0
B017HKR8WS,B005LRSIK6,ARCOS Afilador de Bolsillo Profesional,610200_fbm,"1,385",36,0.28%,0.33%,"1,768",73,0.25%,0.45%,46.23%,20.83%,8,0,0.58%,0.00%,"302,00 €","0,00 €",6,0
B007TS6GW2,B007TS6GW2,Arcos Chairas - Chaira Afilador manual de cuchillos - Cuerpo de Acero al Carbono recubierto de Diamante de 280 mm - Mango de Polipropileno color negro,279202_,241,10,0.05%,0.09%,369,10,0.05%,0.06%,59.51%,75.00%,6,1,2.49%,10.00%,"239,94 €","39,99 €",6,1
B0752TTMS8,B00D3LFAEE,Arcos Chairas - Chaira Afilador Manual de Cuchillos - Cuerpo Ovalado de Acero al Carbono Recubierto de Diamante de 280 mm y 17 mm de diámetro - Mango Polipropileno Color Negro,279200,"1,868",35,0.38%,0.32%,"2,650",51,0.37%,0.32%,6.62%,3.33%,6,0,0.32%,0.00%,"233,66 €","0,00 €",6,0
B09335Z9NL,B00J64GMWQ,Arcos Universal Cuchillo Chef Granton Acero Inoxidable Nitrum 200 mm,280601_us,"1,401",30,0.29%,0.28%,"1,840",56,0.26%,0.35%,19.58%,33.33%,6,0,0.43%,0.00%,"131,94 €","0,00 €",6,0
B00MDK1EBE,B00MDK1EBE,"Arcos Cuchillo Utilitario Acero Inoxidable Nitrum 5""",100600_fbm,79,2,0.02%,0.02%,129,3,0.02%,0.02%,89.57%,100.00%,8,0,10.13%,0.00%,"48,12 €","0,00 €",6,0
B017DLL2KA,B017DLL2KA,"Arcos Regia Cuchillos Mesa Carne Nitrum POM Negro-Oro 4,5 pulg",375000_1Pieza,179,4,0.04%,0.04%,276,4,0.04%,0.02%,50.21%,100.00%,32,0,17.88%,0.00%,"383,68 €","0,00 €",6,0
B071VT3MC3,B071VT3MC3,"Arcos Tijeras Manicura Curva de Acero Forjado, Uso Profesional y Doméstico, 102 mm, Niqueladas en Plata, Serie Style",500600_,50,1,0.01%,0.01%,79,1,0.01%,0.01%,84.29%,100.00%,6,0,12.00%,0.00%,"60,94 €","0,00 €",6,0
B0752VKJ4B,B072FGV2YH,Arcos Juego de 6 Cuchillos Mondadores Acero Inoxidable 100 mm,189100,"6,389",190,1.30%,1.75%,"9,702",314,1.36%,1.95%,9.71%,8.87%,8,0,0.13%,0.00%,"138,00 €","0,00 €",6,0
B078KJ1T6G,B078JPWR5J,"Arcos 807600 Juego de Cuchillos, Acero Inoxidable, Blanco, 45x20x5 cm, 3 Unidades",807600_,312,2,0.06%,0.02%,403,3,0.06%,0.02%,99.19%,100.00%,6,0,1.92%,0.00%,"419,94 €","0,00 €",6,0
B09CH5GZ4J,B07D8WQ355,Arcos Serie Manhattan - Cuchillo Cocinero - Hoja de Acero Inoxidable Forjado Nitrum 210 mm - Mango de Polioximetileno (POM) Color Negro - Filo Seda,160600,352,9,0.07%,0.08%,571,18,0.08%,0.11%,98.01%,100.00%,6,0,1.70%,0.00%,"221,94 €","0,00 €",6,0
B07F6C8L9T,B07F6C8L9T,ARCOS Sacacorchos Eléctrico ABS Batería Recargable Plata,604900_,"1,345",16,0.27%,0.15%,"1,877",22,0.26%,0.14%,10.04%,17.65%,6,0,0.45%,0.00%,"263,94 €","0,00 €",6,0
B0BX5NPZFT,B07JHPQGPW,Arcos Riviera Blanc Juego 3 Cuchillos Forjados POM Blanco,807610_,537,13,0.11%,0.12%,812,22,0.11%,0.14%,58.50%,50.00%,6,1,1.12%,7.69%,"419,94 €","69,99 €",6,1
B07N8V34F1,B07N8V34F1,"Arcos Cuchillo Santoku Acero Inoxidable Forjado con Balanceo, Mango Micarta y BorSeda Especial y Hoja Plateada 190 mm. Impresiona yorprencon Cada Corte. Serie Brooklyn. Color Azul.",191623_,267,2,0.05%,0.02%,378,2,0.05%,0.01%,94.91%,100.00%,6,0,2.25%,0.00%,"257,22 €","0,00 €",6,0
B07N8VRS7L,B07N8VRS7L,Arcos Brooklyn Cuchillo Pelador Acero Inoxidable 100 mm,190123,263,3,0.05%,0.03%,416,3,0.06%,0.02%,83.43%,50.00%,6,0,2.28%,0.00%,"170,94 €","0,00 €",6,0
B07YXBGV8C,B07YXBGV8C,Arcos Riviera Blanc Set 3 Cuchillos Forjados Acero Inoxidable Nitrum,807511_,124,2,0.03%,0.02%,191,2,0.03%,0.01%,78.66%,100.00%,7,0,5.65%,0.00%,"419,93 €","0,00 €",6,0
B0CYTKGNPM,B0CW66H3TR,Pelador de Tomate ARCOS - Hoja Serrada de Acero Inoxidable | Mango Ergonómico | Ideal para Tomates,607420,"1,242",26,0.25%,0.24%,"1,394",29,0.20%,0.18%,99.10%,100.00%,6,0,0.48%,0.00%,"48,07 €","0,00 €",6,0
B0044R87V4,B0044R87V4,"Arcos Cuchillo Salmón y Pescado Acero Inoxidable 12""",242700_,137,2,0.03%,0.02%,220,2,0.03%,0.01%,64.80%,50.00%,5,0,3.65%,0.00%,"99,95 €","0,00 €",5,0
B017HKGIK6,B005LR6TTS,Arcos Cuchillo tallado Acero Inoxidable. Cuchillo para cortar jamón y carne. Mango ergonómico polioximetileno y Hoja 250 mm. Serie Regia. Color negro/oro.,170600_fbm,387,12,0.08%,0.11%,548,13,0.08%,0.08%,36.11%,57.14%,5,0,1.29%,0.00%,"124,75 €","0,00 €",5,0
B017HKJC2W,B007TS67IU,"Arcos Cuchillo de Cocina Acero Inoxidable Nitrum 7""",281404_fbm,257,4,0.05%,0.04%,428,4,0.06%,0.02%,22.83%,0.00%,5,0,1.95%,0.00%,"81,25 €","0,00 €",5,0
B017HKJ4T8,B007TS67WG,Arcos Cuchillo Chef Acero Inoxidable 300 mm,280804,334,17,0.07%,0.16%,403,23,0.06%,0.14%,66.76%,85.71%,5,1,1.50%,5.88%,"148,75 €","29,75 €",5,1
B007TS6GFO,B007TS6GFO,Arcos Universal Juego 5 Cuchillos Nitrum Bloque Pino POM Negro,285700_,"1,313",23,0.27%,0.21%,"1,761",34,0.25%,0.21%,44.76%,45.00%,5,0,0.38%,0.00%,"524,95 €","0,00 €",5,0
B00D3LCFRE,B00D3LCFRE,Arcos Tijeras Multiusos de Acero Inoxidable 210 mm - Costura y Tejidos - Mango ABS Gris - Serie Deluxe,521000_fbm,80,0,0.02%,0.00%,118,0,0.02%,0.00%,94.34%,0.00%,5,0,6.25%,0.00%,"119,95 €","0,00 €",5,0
B00VRZ3BMG,B00VRZ3BMG,Arcos Tijeras Costura Acero Forjado 140 mm - Uso Doméstico y Profesional - Niqueladas Plata - Serie Style,502300_,31,2,0.01%,0.02%,48,4,0.01%,0.02%,100.00%,100.00%,6,2,19.35%,100.00%,"65,28 €","21,32 €",5,1
B06XB92VRH,B00YU2YTTM,CUPERINOX Cafetera Italiana Induccion Espresso Acero Inoxidable 4 Tazas,25032,619,9,0.13%,0.08%,"1,013",13,0.14%,0.08%,72.30%,71.43%,5,0,0.81%,0.00%,"84,75 €","0,00 €",5,0
B0189HXQKQ,B017DLLFES,"Arcos Navaja Profesional de Acero Inoxidable Nitrum, Hoja 85 mm, Mango de Polipropileno, Serie Navajas Profesionales, Alta Durabilidad y Rendimiento",485700_fbm,540,10,0.11%,0.09%,683,14,0.10%,0.09%,88.42%,63.64%,5,0,0.93%,0.00%,"36,25 €","0,00 €",5,0
B071S7PMLT,B071S7PMLT,Arcos Nova Set 2 Cuchillos Peladores Acero Verde,189421,59,3,0.01%,0.03%,69,3,0.01%,0.02%,76.56%,0.00%,5,0,8.47%,0.00%,"42,45 €","0,00 €",5,0
B07G75VRY2,B07G75VRY2,"Arcos Serie Cuchillos de Mesa Caja 12 uds Cuchillo Chuletero, Hoja Serrada de Acero Inoxidable de 110 mm, Cuchillo Monoblock Acero Inoxidable Color plata (12 UDS)",375800_(809900x2),78,2,0.02%,0.02%,161,5,0.02%,0.03%,92.37%,0.00%,5,0,6.41%,0.00%,"289,95 €","0,00 €",5,0
B07G79KCFK,B07G79KCFK,"Arcos Cuchillos de Mesa Caja de 12 uds Cuchillo Chuletero Cuchillo de Mesa, Hoja de Acero Inoxidable NITRUM 105 mm, Mango de Nylon, Color Marrón (12 uds)",803800_,121,3,0.02%,0.03%,164,4,0.02%,0.02%,88.67%,50.00%,5,0,4.13%,0.00%,"199,95 €","0,00 €",5,0
B07JJGXYZD,B07JJGXYZD,Arcos Set Cocina Serie Manhattan,858100,573,5,0.12%,0.05%,767,6,0.11%,0.04%,94.62%,100.00%,6,0,1.05%,0.00%,"491,94 €","0,00 €",5,0
B07N8VCFRY,B07N8VCFRY,Arcos Brooklyn Cuchillo Panero Acero Inoxidable Nitrum 200 mm,191323_,102,2,0.02%,0.02%,156,3,0.02%,0.02%,53.10%,100.00%,5,1,4.90%,50.00%,"184,95 €","36,99 €",5,1
B09FQ5SZK8,B08MTWTK78,Arcos Cuchillo Santoku Acero Inoxidable Nitrum 190 mm,166600_fbm,"1,001",16,0.20%,0.15%,"1,477",22,0.21%,0.14%,7.98%,9.09%,5,0,0.50%,0.00%,"139,92 €","0,00 €",5,0
B06XB92VRH,B09LZ2VHYP,CUPERINOX Deluxe Cafetera Italiana Induccion Espresso Inoxidable 10 Tazas,25053,409,6,0.08%,0.06%,559,10,0.08%,0.06%,99.43%,100.00%,5,0,1.22%,0.00%,"174,95 €","0,00 €",5,0
B09WYWVGCS,B09WYWVGCS,Arcos Clara Juego 3 Cuchillos Forjados Acero Inoxidable Nitrum,212000_819010,121,4,0.02%,0.04%,209,5,0.03%,0.03%,77.22%,75.00%,6,0,4.96%,0.00%,"299,94 €","0,00 €",5,0
B0DNNL2TZQ,B0DNN4J6Q8,"CUPERINOX Aceitera antigoteo cristal para Aceite de Oliva, Vinagre etc. A prueba de fugas, Aceitera cristal antigoteo tambien aceiteros cocina ideal para Ensaladas, BBQ, cooking oil container (125 ML)",22021,"1,792",40,0.37%,0.37%,"2,568",56,0.36%,0.35%,99.92%,100.00%,5,0,0.28%,0.00%,"59,95 €","0,00 €",5,0
B0DNNKT1W2,B0DNNJCHQP,"Cuperinox-Tetera de Cristal con Infusor para Té e Infusiones, Resistente al Calor y Compatible con Microondas ** - Infusion Prestige Collection (950 ml)",26113,130,6,0.03%,0.06%,203,8,0.03%,0.05%,87.43%,100.00%,5,0,3.85%,0.00%,"94,78 €","0,00 €",5,0
B017HKJ4T8,B0044R881I,Arcos Serie Universal - Cuchillo Cocinero - Hoja de Acero Inoxidable NITRUM 100 mm - Mango de Polioximetileno (POM) Color Negro,280204_,"1,638",24,0.33%,0.22%,"2,177",36,0.31%,0.22%,8.65%,8.00%,4,0,0.24%,0.00%,"51,96 €","0,00 €",4,0
B005LR6TTS,B005LR6TTS,Arcos Cuchillo tallado Acero Inoxidable. Cuchillo para cortar jamón y carne. Mango ergonómico polioximetileno y Hoja 250 mm. Serie Regia. Color negro/oro.,170600_fbm,155,4,0.03%,0.04%,198,4,0.03%,0.02%,91.01%,66.67%,4,0,2.58%,0.00%,"99,80 €","0,00 €",4,0
B005LR749W,B005LR749W,"ARCOS Juego de Cubiertos de 24 Piezas para Mesa. Cuberterí­a Completa para 6 Personas. Set de 6 Cucharas, 6 Cuchillos, 6 Tenedores y 6 Cucharas de Postre. Serie Berlí­n. Color Plata",562400_fbm,"1,065",14,0.22%,0.13%,"1,504",14,0.21%,0.09%,26.20%,0.00%,4,0,0.38%,0.00%,"335,76 €","0,00 €",4,0
B0752NT3TH,B005LR77UI,ARCOS Tijeras de Cocina Acero Inoxidable 215 mm,185400,297,5,0.06%,0.05%,361,5,0.05%,0.03%,99.67%,100.00%,4,0,1.35%,0.00%,"69,00 €","0,00 €",4,0
B017HKRCGK,B005LR7AWI,ARCOS Bolsa Portacuchillos 8 Piezas Poliéster 500x510mm,690400_,855,13,0.17%,0.12%,"1,258",18,0.18%,0.11%,6.63%,18.18%,4,0,0.47%,0.00%,"99,96 €","0,00 €",4,0
B017HKJC2W,B007TS67GW,Arcos Cuchillo Cocina Acero Inoxidable 150 mm,281304,483,14,0.10%,0.13%,848,21,0.12%,0.13%,19.15%,30.00%,5,0,1.04%,0.00%,"74,95 €","0,00 €",4,0
B0BQDHLWRL,B008U6TRGO,"Arcos Cuchillos mesa - Cuchillo carne Acero Inoxidable Nitrum, Hoja, mango marrón madera -erie Mesa, duradero y apto para lavavajillas (7'')",809300_1Pieza,244,6,0.05%,0.06%,429,9,0.06%,0.06%,97.98%,50.00%,11,0,4.51%,0.00%,"54,89 €","0,00 €",4,0
B00J3ZVMCS,B00J3ZVMCS,Arcos Serie Toscana - Juego de Cucharas para Café (6 cucharas) - Monoblock de una pieza en Acero Inoxidable 18/10 y 140 mm - Color Plata,574200_,"1,217",48,0.25%,0.44%,"1,959",79,0.28%,0.49%,1.73%,4.92%,4,2,0.33%,4.17%,"39,65 €","19,50 €",4,2
B017HKGEFK,B00J64L30C,Arcos Natura Cuchillo Santoku Forjado Acero Inoxidable 180 mm,155810_,98,1,0.02%,0.01%,170,2,0.02%,0.01%,100.00%,0.00%,4,0,4.08%,0.00%,"147,96 €","0,00 €",4,0
B00U2QWLVS,B00U2QWLVS,Arcos Cuchillo Chuletero de Mesa Acero Inoxidable Nitrum 115 mm,740009_us,81,1,0.02%,0.01%,111,1,0.02%,0.01%,94.17%,0.00%,7,0,8.64%,0.00%,"27,93 €","0,00 €",4,0
B00VRZ1YJI,B00VRZ1YJI,Arcos Tijeras Modista Acero Forjado 190 mm - Uso Doméstico y Profesional - Niqueladas Plata - Serie Style,504300,35,2,0.01%,0.02%,53,4,0.01%,0.02%,98.00%,100.00%,4,0,11.43%,0.00%,"54,96 €","0,00 €",4,0
B017HKSR4G,B00WUZRKJW,Arcos Cuchillos de Mesa - Hoja de Acero Inoxidable Nitrum 110 mm - Mango Ergonómico de Polipropileno - Ideal para Comedor - Color Crema - Serie Elegance,802900,397,13,0.08%,0.12%,614,15,0.09%,0.09%,37.96%,40.00%,22,0,5.54%,0.00%,"76,78 €","0,00 €",4,0
B07BDRM2H8,B017DLFYYK,Arcos Cuchillo Queso Acero Inoxidable Blanco 145 mm,232824_,155,2,0.03%,0.02%,201,2,0.03%,0.01%,47.25%,0.00%,4,1,2.58%,50.00%,"151,96 €","37,99 €",4,1
B072BX31NV,B072BX31NV,Arcos Juego 6 Cuchillos de Mesa Nitrum Acero Crema 105 mm,703500__,35,0,0.01%,0.00%,59,0,0.01%,0.00%,96.23%,0.00%,4,0,11.43%,0.00%,"47,96 €","0,00 €",4,0
B096SH9V9K,B077V9MG3F,"Arcos Serie Riviera Blanc - Set de Deshuesador, Jamonero y Chaira, Acero Inoxidable, Blanco, 50x20x5 cm, 3 Unidades",_807511_,"1,828",50,0.37%,0.46%,"2,709",71,0.38%,0.44%,2.49%,0.00%,4,0,0.22%,0.00%,"259,96 €","0,00 €",4,0
B0BXB18B8W,B07D8GYFC7,"Arcos Cuchillo Chef Forjado Acero Inoxidable NITRUM - Profesional Cocina, Mango Ergonómico POM Negro, Hoja Silk Edge 150 mm, Serie Manhattan",160400_,102,1,0.02%,0.01%,152,1,0.02%,0.01%,97.89%,100.00%,4,0,3.92%,0.00%,"125,96 €","0,00 €",4,0
B07DC9LM3W,B07DC9LM3W,"Arcos Cuchillo Panadero Profesional - Hoja Silk Edge 200 mm en Acero Inoxidable Nitrum, Corte Preciso y Duradero, Ideal para Pan y Pasteles, Diseño Elegante y Seguro, Serie Manhattan",161300_,76,0,0.02%,0.00%,122,0,0.02%,0.00%,74.11%,0.00%,4,0,5.26%,0.00%,"127,96 €","0,00 €",4,0
B07JHPTKC9,B07JHPTKC9,"Arcos Set Jamonero 3 Piezas - Cuchillo Jamonero, Deshuesador y Chaira - Hoja Silk Edge Inoxidable Forjada NITRUM - Mango Resistente POM Negro - Corte Preciso y Duradero - Serie Manhattan",858500_,87,1,0.02%,0.01%,139,2,0.02%,0.01%,95.31%,100.00%,4,0,4.60%,0.00%,"299,96 €","0,00 €",4,0
B07JWM27F4,B07JWM27F4,Arcos Set Cuchillos Cocina Profesionales Forjados en Acero Inoxidable. Juego de 3 Cuchillos (Pelador 100 mm + Cocinero 150 mm + Cocinero 200 mm). Mango Ergonómico Rosa en Polioximetileno. Riviera Rose,855100_,268,4,0.05%,0.04%,387,4,0.05%,0.02%,96.40%,100.00%,4,0,1.49%,0.00%,"299,96 €","0,00 €",4,0
B07NDTGSY3,B07NDTGSY3,Arcos Serie Brooklyn - Cuchillo Rocking Santoku Cuchillo Asiático - Hoja de Acero Inoxidable Forjado NITRUM 190 mm - Mango de Micarta Color Azul (Filo Seda),191623_fbm,216,3,0.04%,0.03%,329,3,0.05%,0.02%,63.92%,100.00%,4,0,1.85%,0.00%,"157,96 €","0,00 €",4,0
B07YXBK4HD,B07YXBK4HD,Arcos Riviera Set 3 Cuchillos de Corte Acero Inoxidable Nitrum,806911_,185,1,0.04%,0.01%,340,2,0.05%,0.01%,29.01%,0.00%,4,0,2.16%,0.00%,"279,96 €","0,00 €",4,0
B09GBJKQHR,B07YYDR6D8,Arcos Juego de Cuchillos de Cocina. 3 piezas de Acero Inoxidable forjado. Impresiona yorprencon cada corte. Mango Micarta azul. Serie Brooklyn. Color Azul.,858110,"1,412",22,0.29%,0.20%,"2,208",31,0.31%,0.19%,63.08%,47.37%,4,0,0.28%,0.00%,"374,74 €","0,00 €",4,0
B0843DFZH2,B0843DFZH2,Arcos Set 5 Cuchillos Forjados Acero Inoxidable Nitrum,235024,364,12,0.07%,0.11%,546,16,0.08%,0.10%,63.11%,100.00%,4,0,1.10%,0.00%,"519,96 €","0,00 €",4,0
B0843V9Z1W,B0843V9Z1W,Arcos Cuchillo Santoku Acero Inoxidable Nitrum y Hoja 190 mm. Mango ergonómico polioximetileno POM. Diseño clásico y acabado redondeado gran belleza yolidez. Serie Opera. Color negro.,229900_fba,98,1,0.02%,0.01%,137,1,0.02%,0.01%,95.93%,0.00%,4,0,4.08%,0.00%,"139,96 €","0,00 €",4,0
B08GSTDWTC,B08G4D9718,"Arcos | Cuchillos 3 Colores | Cuchillo de pelar | Cuchillos pelar Patatas | Acero Inoxidable Nitrum| Envase Ecológico | Cuchillo Colores (85 mm, Amarillo, Turquesa, Naranja)",816700,377,10,0.08%,0.09%,496,11,0.07%,0.07%,10.53%,14.29%,4,0,1.06%,0.00%,"43,96 €","0,00 €",4,0
B08M5K93QF,B08M5K93QF,Arcos Juego Cuchillos Mesa | 6 Uds | Cuchillo Postre | Cuchillos Mesa | Cuchillo Carne | Hoja 105 mm | Acero Inoxidable Martensítico | Mango Polipropileno | Apto lavavajillas | Envase Ecológico,703500_etq,65,0,0.01%,0.00%,102,0,0.01%,0.00%,26.51%,0.00%,5,0,7.69%,0.00%,"54,95 €","0,00 €",4,0
B08M9QRSW8,B08M9QRSW8,Arcos | Juego Cuchillos cuchillos mesa | 6 Uds | cuchillo fruta | cuchillo postre | Hoja 110 mm | Acero Inoxidable Martensítico | Mango Nylon | apto lavavajillas | Envase Ecológico,703600fbm,53,2,0.01%,0.02%,101,4,0.01%,0.02%,21.52%,100.00%,16,14,30.19%,700.00%,"154,04 €","130,06 €",4,2
B09FQ5SZK8,B08MTXFWC9,Arcos Nordika Cuchillo Jamonero Acero Inoxidable 250 mm,166700_fbm,231,6,0.05%,0.06%,268,7,0.04%,0.04%,67.66%,75.00%,4,0,1.73%,0.00%,"119,96 €","0,00 €",4,0
B08TLR4Z27,B095C22QFS,Arcos jamonero Profesional | Cuchillo jamonero jamonero Inoxidable Nitrum | Mango Negro | Cuchillo Jamon iberico | Serie Maitre| Hoja Flexible y Filo Liso | 275 mm | Acero Inoxidable NITRUM,151811FBM,202,2,0.04%,0.02%,260,2,0.04%,0.01%,99.17%,0.00%,4,0,1.98%,0.00%,"75,96 €","0,00 €",4,0
B09BVVKYWV,B09BVVKYWV,"CUPERINOX Navaja 5 en1 multiusos | Incluye Afilador Navaja| Funcion Abrebotella, rompecristales y corta cuerdas| Navaja Filo Liso y Sierra|",30060,220,3,0.04%,0.03%,289,8,0.04%,0.05%,99.22%,100.00%,5,0,2.27%,0.00%,"74,95 €","0,00 €",4,0
B08VS4FCLN,B09HHGVG2N,"Arcos Juego Cuchillos Cocina cuchillos | Cuchillo profesional | 6 piezas | Chef 215 mm + Cocina 150 mm, Verduras 100 mm + Tijera cocina + Pelador de fruta y verdura + Pinza para pescado",854200fbm,189,3,0.04%,0.03%,248,7,0.03%,0.04%,99.12%,100.00%,4,0,2.12%,0.00%,"169,96 €","0,00 €",4,0
B09MSDJQJ1,B09MM5CH6C,Arcos jamonero profesional alveolos | incluye pinza para jamón | cuchillo jamonero cuchillo jamonero alveolos cuchillos profesional| Acero Inoxidable Nitrum 240 mm,856200,456,6,0.09%,0.06%,582,10,0.08%,0.06%,99.25%,100.00%,4,0,0.88%,0.00%,"119,96 €","0,00 €",4,0
B09WYZHGQF,B09WYZHGQF,Arcos Nordika Juego 3 Cuchillos para Queso Acero Inoxidable Nitrum,167200_us,166,4,0.03%,0.04%,248,6,0.03%,0.04%,37.56%,0.00%,4,0,2.41%,0.00%,"279,80 €","0,00 €",4,0
B0B42QTHTP,B0B42QTHTP,CUPERINOX | Tijeras de pescado 18 cm | Tijeras Cocina | tijeras de cocinero profesional para aves pescado carne caza| Accesorios de cocina,21991_,55,4,0.01%,0.04%,89,7,0.01%,0.04%,70.37%,100.00%,5,0,9.09%,0.00%,"31,25 €","0,00 €",4,0
B0C49YDKL4,B0C49YDKL4,Arcos Serie Nordika - Cuchillo Usuba - Acero Inoxidable NITRUM - Hoja de 175 mm - Mango de Madera Ovengkol 100% natural de bosques certificados FSC® - Embalaje 100% reciclado,168000,153,0,0.03%,0.00%,239,0,0.03%,0.00%,78.37%,0.00%,4,0,2.61%,0.00%,"179,96 €","0,00 €",4,0
B0CVH8PC99,B0CQTKPL63,CUPERINOX Cuchillos Carne | Cuchillos Mesa | Cuchillos Chuleteros | 24 Piezas | Hoja Serrada | Mango Polipropileno | Acero Inoxidable | 11 cm,99901_24pzs,96,5,0.02%,0.05%,122,8,0.02%,0.05%,100.00%,88.89%,4,0,4.17%,0.00%,"79,96 €","0,00 €",4,0
B0CS6V91GR,B0CS6V91GR,CUPERINOX® Cuchillos de Mesa con Mango de Madera – Set 6 Cuchillos para Carne con Filo Dentado – Estilo Palmadera tradicional – Aptos para Uso Diario,14015,83,1,0.02%,0.01%,115,1,0.02%,0.01%,100.00%,100.00%,5,0,6.02%,0.00%,"86,95 €","0,00 €",4,0
B0DNNKT1W2,B0DNNJPGTY,"Cuperinox-Tetera de Cristal con Infusor para Té e Infusiones, Resistente al Calor y Compatible con Microondas ** - Infusion Prestige Collection (750 ml)",26112_,365,14,0.07%,0.13%,545,15,0.08%,0.09%,100.00%,100.00%,4,0,1.10%,0.00%,"99,96 €","0,00 €",4,0
B0DPKXM18X,B0DNQXN97X,CUPERINOX Soporte Jamonero Inoxidable | Jamonero Plegable | Jamonero Giratorio | Jamonero Profesional | Cuchillo Jamonero Profesional y Afilador,20250_,"1,159",33,0.24%,0.30%,"1,858",67,0.26%,0.42%,66.20%,96.97%,4,1,0.35%,3.03%,"269,96 €","69,99 €",4,1
B017HKJOF2,B000NOAYMM,Arcos Cuchillo Jamonero Acero Inoxidable 240 mm,281804_fba,"1,186",28,0.24%,0.26%,"1,910",41,0.27%,0.25%,5.98%,16.67%,3,0,0.25%,0.00%,"49,47 €","0,00 €",3,0
B017HKG9PK,B0044R87K0,Arcos Cuchillo Cocina Acero Inoxidable Negro 160 mm,151500_fbm,"3,795",98,0.77%,0.90%,"6,068",151,0.85%,0.94%,0.41%,2.41%,3,1,0.08%,1.02%,"44,73 €","14,75 €",3,1
B017HKG9PK,B0044R87W8,"Arcos Cuchillo Santoku Acero Inoxidable Nitrum. Cuchillo Cocina japonés Pescado, Carne y Verduras. Mango ergonómico polioximetileno Pom y Hoja 170 mm. Multiusos. Serie Maitre. Color Negro.",151600,"1,289",33,0.26%,0.30%,"1,884",50,0.26%,0.31%,18.56%,18.75%,3,1,0.23%,3.03%,"58,47 €","19,49 €",3,1
B0044R87XM,B0044R87XM,"Arcos Cuchillo cocina laerie Kyoto - Hoja Acero Inoxidable forjado Nitrum 6"" - Mango negro polioximetileno (POM) - Elegante y duradero (7'')",178900_,198,8,0.04%,0.07%,276,15,0.04%,0.09%,97.29%,100.00%,3,0,1.52%,0.00%,"149,97 €","0,00 €",3,0
B017HKG9PK,B0044R87ZU,Arcos Cuchillo Cocina Acero Inoxidable Nitrum y Hoja 180 mm. Cuchillo Utilidad Profesional. Mango ergonómico polioximetileno Pom. Serie Maitre. Color Negro.,150800_fbm,"1,033",24,0.21%,0.22%,"1,326",34,0.19%,0.21%,13.96%,0.00%,3,0,0.29%,0.00%,"39,75 €","0,00 €",3,0
B005LR6T48,B005LR6T48, ,276900_fbm,71,2,0.01%,0.02%,101,2,0.01%,0.01%,77.91%,100.00%,3,0,4.23%,0.00%,"55,47 €","0,00 €",3,0
B005LR6ZJM,B005LR6ZJM,Arcos Cuchillo Verduras Acero Inoxidable 110 mm,135200,130,3,0.03%,0.03%,211,3,0.03%,0.02%,10.66%,0.00%,4,0,3.08%,0.00%,"31,96 €","0,00 €",3,0
B017HKR8WS,B005LR7EP6,ARCOS Afilador de Cuchillos Profesional ABS,610000_,"6,098",165,1.24%,1.52%,"8,877",267,1.25%,1.66%,22.70%,49.34%,3,0,0.05%,0.00%,"198,97 €","0,00 €",3,0
B08L8QY8T9,B007TS6GPE,"Arcos Juego de Cuchillos de Cocina cuatro piezas. 3 Cuchillos chef y 1 tijeras Acero Inoxidable y mango ergonómico polioximetileno para cortar carne, pescado y verduras. Serie Maitre. Color negro.",152600_fbm,"4,662",54,0.95%,0.50%,"6,318",83,0.89%,0.52%,11.33%,12.00%,3,0,0.06%,0.00%,"113,97 €","0,00 €",3,0
B0895RNY35,B007TS6HDA,ARCOS Descorazonador de Manzanas Acero Inoxidable Nitrum 75 mm,612300,41,1,0.01%,0.01%,54,1,0.01%,0.01%,31.25%,0.00%,3,1,7.32%,100.00%,"25,47 €","8,49 €",3,1
B00CRMZA8Q,B00CRMZA8Q,ARCOS Sacacorchos Eléctrico en ABS con Batería Interna Recargable. Abrebotellas Eléctrico Moderno y Elegante con Cortacápsulas y Luz Indicadora. Color Negro,604600_,"5,192",72,1.06%,0.66%,"6,812",103,0.96%,0.64%,2.98%,10.00%,3,0,0.06%,0.00%,"128,97 €","0,00 €",3,0
B00CWZQJZG,B00CWZQJZG,"Arcos Cuchillos Mesa - Cuchillo Carne Mesa - Monobloque unaola pieza Acero Inoxidable 4"" - Color Plateado - Corta todo tipo carne conimplicidad y practicidad -erie Monobloque - Color Gris",702000_1pza_fba,82,3,0.02%,0.03%,124,8,0.02%,0.05%,97.27%,100.00%,3,0,3.66%,0.00%,"14,97 €","0,00 €",3,0
B00D3LC70Y,B00D3LC70Y,Arcos Tijeras Costura Castellana - Acero Forjado Niquelado 127 mm - Uso Doméstico y Profesional - Serie Style,502200,55,0,0.01%,0.00%,75,0,0.01%,0.00%,100.00%,0.00%,3,0,5.45%,0.00%,"31,47 €","0,00 €",3,0
B0BQDHLWRL,B00I5N4PPK,Arcos Cuchillo Chuletero Acero Inoxidable Nitrum 110 mm,_809300_1Pieza,132,2,0.03%,0.02%,206,9,0.03%,0.06%,60.71%,0.00%,8,0,6.06%,0.00%,"44,46 €","0,00 €",3,0
B00J3ZVNM2,B00J3ZVNM2,Arcos Serie Toscana - Juego de Cucharas Moka (6 cucharas) - Monoblock de una pieza en Acero Inoxidable 18/10 y 115 mm - Color Plata,574100_,636,23,0.13%,0.21%,"1,032",40,0.14%,0.25%,3.13%,0.00%,3,0,0.47%,0.00%,"26,97 €","0,00 €",3,0
B00J64GBVS,B00J64GBVS,Arcos Cuchillo Chef Forjado. Hoja Acero Inoxidable Nitrum 160 mm. Mango Ergonómico Polioximetileno. Mango Madera Palisandro Marrón. Resistente al Óxido y al Desgaste. Serie Natura.,155410_,48,0,0.01%,0.00%,69,0,0.01%,0.00%,98.44%,0.00%,3,0,6.25%,0.00%,"90,47 €","0,00 €",3,0
B017HKGEFK,B00J64GC62,Arcos Serie Natura - Cuchillo de Verduras - Hoja de Acero Inoxidable Forjado NITRUM 125 mm - Mango de Madera Palisandro color marrón,155110_,13,0,0.00%,0.00%,17,0,0.00%,0.00%,93.75%,0.00%,3,0,23.08%,0.00%,"77,97 €","0,00 €",3,0
B07BDRS33L,B00J64GECY,Arcos Cuchillo de Cocina Acero Inoxidable 130 mm,231524_,219,6,0.04%,0.06%,296,7,0.04%,0.04%,33.33%,20.00%,3,0,1.37%,0.00%,"70,47 €","0,00 €",3,0
B00NM2X21W,B00NM2X21W,Arcos Accesorios - Prensa Ajos Prensador de Ajos - Tamaño 160 mm - Hecho de Aleación de Zinc - Color Plata,603500_,129,2,0.03%,0.02%,182,2,0.03%,0.01%,40.00%,0.00%,3,0,2.33%,0.00%,"47,97 €","0,00 €",3,0
B017HKR8WS,B00OFR535Q,"Arcos Afiladores - Afilador Eléctrico de Cuchillos Afilador de Cuchillos Eléctricos, Hecho de Plástico, Color Negro (Rodillos de Banda Intercambiables)",610500_fbm,708,25,0.14%,0.23%,755,27,0.11%,0.17%,97.54%,92.31%,3,1,0.42%,4.00%,"724,97 €","234,99 €",3,1
B00VRWR53K,B00VRWR53K,"Arcos Serie Universal, Macheta Cuchillo Carnicero, Hoja de Acero Inoxidable Nitrum 180 mm, Mango de Polioximetileno, Pom Color Negro",288100_,66,0,0.01%,0.00%,103,0,0.01%,0.00%,100.00%,0.00%,3,0,4.55%,0.00%,"119,97 €","0,00 €",3,0
B077V7LJJM,B077V7LJJM,"Arcos Serie Riviera, Set Jamonero de 3 piezas, 1 Cuchillo Jamonero + 1 Deshuesador + 1 Chaira, Hoja de Acero Inoxidable Forjado Nitrum, Mango de Polioximetileno, POM, Color Negro",_806911_,85,1,0.02%,0.01%,127,1,0.02%,0.01%,95.37%,100.00%,3,0,3.53%,0.00%,"209,97 €","0,00 €",3,0
B07D8H2FNG,B07D8H2FNG,Arcos Manhattan Cuchillo Pelador Forjado Acero Inoxidable 100 mm,160100_,126,0,0.03%,0.00%,193,0,0.03%,0.00%,98.31%,0.00%,3,0,2.38%,0.00%,"70,85 €","0,00 €",3,0
B07D8H2FNG,B07D8H2FNG,Arcos Manhattan Cuchillo Pelador Forjado Acero Inoxidable 100 mm,160100,126,0,0.03%,0.00%,193,0,0.03%,0.00%,98.31%,0.00%,3,0,2.38%,0.00%,"70,47 €","0,00 €",3,0
B0BXB18B8W,B07D8XC7NL,"Arcos Cuchillo Chef Forjado Acero Inoxidable NITRUM - Profesional Cocina, Mango Ergonómico POM Negro, Hoja Silk Edge 250 mm, Serie Manhattan",160800_,113,0,0.02%,0.00%,158,0,0.02%,0.00%,97.22%,0.00%,3,1,2.65%,0.00%,"134,97 €","44,99 €",3,1
B0BV37H1DN,B07N8TNDRV,Arcos Brooklyn Cuchillo Chef Forjado Acero Inoxidable 150 mm,190423_,186,2,0.04%,0.02%,288,2,0.04%,0.01%,89.74%,100.00%,3,0,1.61%,0.00%,"119,97 €","0,00 €",3,0
B07N8VHP6Y,B07N8VHP6Y,Arcos Cuchillo deshuesador con Hoja Acero Inoxidable Nitrum 160 mm. Cuchillo profesional para cortar huesos carne. Mango ergonómico polipropileno. Serie Brooklyn. Color azul.,192623_,91,3,0.02%,0.03%,124,4,0.02%,0.02%,82.76%,50.00%,3,0,3.30%,0.00%,"109,64 €","0,00 €",3,0
B07N8VQSVB,B07N8VQSVB,Arcos Serie Capri - Cubertería de 24 piezas en una Caja de Regalo (6 cuchillos + 12 cucharas + 6 tenedores) - Monoblock de una pieza en Acero Inoxidable Color Plata,587400_,676,10,0.14%,0.09%,993,11,0.14%,0.07%,34.27%,33.33%,4,0,0.59%,0.00%,"279,96 €","0,00 €",3,0
B0BV37H1DN,B07N8W7718,Arcos Cuchillo Chef Forjado Acero Inoxidable Tamaño. Mango Profesional Micarta y BorSeda Especial con Hoja Plateada 250 mm. Impresiona yorprencon Cada Corte. Serie Brooklyn. Color Azul.,190823_,181,4,0.04%,0.04%,257,7,0.04%,0.04%,85.71%,100.00%,3,1,1.66%,25.00%,"158,97 €","52,99 €",3,1
B07N8WXGW7,B07N8WXGW7,Arcos Brooklyn - Cuchillo de Lenguado Cuchillo para Pescado - Acero Inoxidable Forjado NITRUM 170 mm - Mango Micarta Color Azul (Filo Seda),191423_,77,1,0.02%,0.01%,124,1,0.02%,0.01%,89.91%,0.00%,3,0,3.90%,0.00%,"107,97 €","0,00 €",3,0
B07S8PHLKH,B07S8PHLKH,Arcos Nova Set 6 Cuchillos Chuleteros Acero Inoxidable 110 mm,806100_fba,61,1,0.01%,0.01%,88,1,0.01%,0.01%,92.68%,0.00%,3,0,4.92%,0.00%,"53,97 €","0,00 €",3,0
B0843DGXDP,B0843DGXDP,Arcos Opera Cuchillo Jamonero Forjado Acero Inoxidable Nitrum 250 mm,226700_,24,0,0.00%,0.00%,33,0,0.00%,0.00%,80.00%,0.00%,3,0,12.50%,0.00%,"86,97 €","0,00 €",3,0
B08VRP7CR7,B08G8M6QDS,Arcos Juego de Cuchillos chuleteros - Envase Ecologico 100% - 4 Cuchillos Carne - Cubiertos Mesa Acero Inoxidable,809500_,67,2,0.01%,0.02%,84,2,0.01%,0.01%,97.37%,0.00%,3,0,4.48%,0.00%,"59,25 €","0,00 €",3,0
B08G8QHY23,B08G8QHY23,Arcos | cuchillos chuleteros cuchillo madera cuchillo chuletero | 6 Piezas | juego cuchillos carne | cuchillos mango madera | Envase Eco | Fabricado en España,809300_,284,5,0.06%,0.05%,436,9,0.06%,0.06%,99.74%,100.00%,3,0,1.06%,0.00%,"71,97 €","0,00 €",3,0
B08WR6CHHN,B08JC8DSP6,Arcos Cuchillos Chuleteros cuchillos chuleteros acero inoxidable filo liso juego cuchillos chuleteros | 6 PZAS cuchillo chuletero | Hoja 110 mm |cuchillos carne Envase Eco,815800,90,4,0.02%,0.04%,141,5,0.02%,0.03%,99.19%,100.00%,3,1,3.33%,25.00%,"118,97 €","38,99 €",3,1
B08ZNM265D,B08ZNM265D,Arcos | cuchillos de mesa cuchillo mesa tradicional | 6 Piezas cuchillo chuletero | mango nailon | Envase Eco | Fabricado en España,704400_fba,242,10,0.05%,0.09%,400,10,0.06%,0.06%,13.08%,100.00%,4,0,1.65%,0.00%,"107,96 €","0,00 €",3,0
B08VS4FCLN,B09HHGVG2N,"Arcos Juego Cuchillos Cocina cuchillos | Cuchillo profesional | 6 piezas | Chef 215 mm + Cocina 150 mm, Verduras 100 mm + Tijera cocina + Pelador de fruta y verdura + Pinza para pescado",854200,189,3,0.04%,0.03%,248,7,0.03%,0.04%,99.12%,100.00%,4,1,2.12%,33.33%,"175,96 €","43,99 €",3,1
B08TLR4Z27,B09L4YNBZZ,Arcos jamonero Profesional | Cuchillo jamonero jamonero Inoxidable Nitrum | Mango Negro | Cuchillo Jamon iberico | Serie Maitre| Hoja Flexible y Filo Liso | 275 mm | Acero Inoxidable NITRUM,856500FBM,138,1,0.03%,0.01%,169,1,0.02%,0.01%,98.68%,0.00%,3,0,2.17%,0.00%,"72,47 €","0,00 €",3,0
B06XB92VRH,B09LYXZKTZ,CUPERINOX Deluxe Cafetera Italiana Induccion Espresso Inoxidable 4 Tazas,25051,202,3,0.04%,0.03%,247,4,0.03%,0.02%,96.92%,100.00%,3,0,1.49%,0.00%,"74,97 €","0,00 €",3,0
B06XB92VRH,B09LYZ5G5S,CUPERINOX Deluxe Cafetera Italiana Induccion Espresso Inoxidable 6 Tazas,25052,290,6,0.06%,0.06%,370,8,0.05%,0.05%,98.83%,100.00%,3,0,1.03%,0.00%,"89,97 €","0,00 €",3,0
B08VRP7CR7,B09XMVTWLT,Arcos Juego Cuchillos Carne | 6 Piezas | Cuchillos Carne Cuchillo chuleteros | Cubiertos Acero Inoxidable | Hoja 110 mm | Mango Redondo y Forma Ovalada | monobock | Caja Envase Ecológico (Filo Liso),830000_,260,9,0.05%,0.08%,403,11,0.06%,0.07%,100.00%,100.00%,4,0,1.54%,0.00%,"131,96 €","0,00 €",3,0
B0B464Q8VS,B0B464Q8VS,CUPERINOX® Kitchen Pro | Tijeras de Cocina Profesional 21 cm Tijeras de Trinchar Carne y Pescado Acero Inoxidable Mango Ergonómico Apto Lavavajillas,GL-GPOC-BFYF,47,2,0.01%,0.02%,62,6,0.01%,0.04%,100.00%,0.00%,3,0,6.38%,0.00%,"29,97 €","0,00 €",3,0
B0BRT1JYNQ,B0BRT1JYNQ,Arcos Riviera - Juego de Cuchillos de Cocina (Mondador + 2 Cuchillo Chef) - Acero Inoxidable Forjado NITRUM - Mango POM - Color Negro,838310,111,0,0.02%,0.00%,148,0,0.02%,0.00%,89.23%,0.00%,3,0,2.70%,0.00%,"251,97 €","0,00 €",3,0
B0C49W65HD,B0C49W65HD,Arcos Serie Nordika - Cuchillo Tomatero - Acero Inoxidable NITRUM - Hoja de 130 mm - Mango de Madera Ovengkol 100% natural de bosques certificados FSC® - Embalaje 100% reciclado,165100,95,5,0.02%,0.05%,131,7,0.02%,0.04%,92.24%,100.00%,3,0,3.16%,0.00%,"80,85 €","0,00 €",3,0
B0CVH8PC99,B0CQRMMMR5,CUPERINOX Cuchillos Carne | Cuchillos Mesa | Cuchillos Chuleteros | 6 Piezas | Hoja Serrada | Mango Polipropileno | Acero Inoxidable | 11 cm,99921,148,14,0.03%,0.13%,199,16,0.03%,0.10%,98.34%,100.00%,3,1,2.03%,7.14%,"29,97 €","9,99 €",3,1
B0CVH8PC99,B0CQTKPL63,CUPERINOX Cuchillos Carne | Cuchillos Mesa | Cuchillos Chuleteros | 24 Piezas | Hoja Serrada | Mango Polipropileno | Acero Inoxidable | 11 cm,99923,96,5,0.02%,0.05%,122,8,0.02%,0.05%,100.00%,88.89%,6,1,6.25%,20.00%,"119,94 €","19,99 €",3,1
B0D73CM824,B0D73CM824,"Arcos Cuchillo Mesa | Cuchillo Chuletero | Cuchillo Carne| Cuchillo de Mesa | Pack 12 Unidades| Hoja de Acero Inoxidable115 mm, Mango de Polipropileno Color Negro",740000_fbm,283,10,0.06%,0.09%,393,13,0.06%,0.08%,94.38%,100.00%,3,1,1.06%,10.00%,"92,97 €","30,99 €",3,1
B0DNNL2TZQ,B0DNNFGWNJ,"CUPERINOX Aceitera de Cristal Antigoteo para Aceite de Oliva, Resistente y Fácil de Limpiar Gourmet Oil Collection (500 Ml)",22023,406,16,0.08%,0.15%,537,26,0.08%,0.16%,99.79%,100.00%,3,1,0.74%,6.25%,"51,45 €","17,15 €",3,1
B0DNNL6D3J,B0DNNL6D3J,Cuperinox Afilador Cuchillos | Afilador de Cuchillos Profesional | Knife Sharpener | Afilador 3 etapas | Todo tipo de cuchillos de acero y ceramica incluso cuchillo jamonero | Base Antideslizante,20775_,78,3,0.02%,0.03%,98,3,0.01%,0.02%,100.00%,100.00%,3,0,3.85%,0.00%,"35,97 €","0,00 €",3,0
B0DQV6381X,B0DQR3T9MM,CUPERINOX Jamonero Profesional | Jamonero Giratorio Inoxidable | Jamonero Plegable | Tabla Cortar Jamon | Jamonera | Soporte Jamon,SC_20250,55,3,0.01%,0.03%,84,5,0.01%,0.03%,100.00%,100.00%,3,0,5.45%,0.00%,"161,15 €","0,00 €",3,0
B0B8Z4Z1ZS,B0044R87I2,Arcos Conjunto Cuchillos 4 piezas (3 Cuchillos + 1 tijeras). Acero Inoxidable y Hoja mm. 1670 gr. Bloque madera pino. Mango ergonómico polioximetileno POM. Serie Universal. Mayor control. Color negro.,285000,542,12,0.11%,0.11%,816,19,0.11%,0.12%,78.69%,83.33%,2,0,0.37%,0.00%,"113,04 €","0,00 €",2,0
B07BDQNMT7,B005LR65BK,Arcos Cuchillo Negro 100 mm,230200_,"1,753",23,0.36%,0.21%,"2,308",40,0.32%,0.25%,0.33%,22.22%,2,1,0.11%,4.35%,"39,98 €","19,99 €",2,1
B07BDW2X7S,B005LR6BEQ,Arcos Cuchillo Filetear Acero Inoxidable Nitrum 200 mm,233000_,219,4,0.04%,0.04%,300,5,0.04%,0.03%,50.88%,0.00%,2,0,0.91%,0.00%,"51,98 €","0,00 €",2,0
B017HKHR92,B005LR6H5O,Arcos Cuchillo Chef Forjado Acero Inoxidable. Cuchillo Cocina Profesional Multiusos Cortar Carne y Verduras. Mango Ergonómico Polioximetileno y Hoja 300mm. Serie Riviera. Color Negro.,233800_,317,12,0.06%,0.11%,372,12,0.05%,0.07%,66.95%,33.33%,2,0,0.63%,0.00%,"119,98 €","0,00 €",2,0
B0752TH4FW,B005LR6JFW,Arcos Conjunto Cuchillos 5 piezas Acero Inoxidable y Hoja mm. 3750 gr. Cuchillo cocina profesional cortar una variedad alimentos con mango ergonómico polioximetileno POM. Serie Riviera. Color negro.,234300_,101,0,0.02%,0.00%,137,0,0.02%,0.00%,68.25%,0.00%,2,0,1.98%,0.00%,"269,98 €","0,00 €",2,0
B005LR6SNU,B005LR6SNU,"Arcos Cuchillo Jamonero Flexible, Hoja de Acero Inoxidable NITRUM 275 mm, Mango de Madera Palisandro, Corte Preciso y Duradero, Serie Atlantico",272300_,2,0,0.00%,0.00%,4,0,0.00%,0.00%,66.67%,0.00%,2,0,100.00%,0.00%,"35,98 €","0,00 €",2,0
B0822MXSQQ,B005LR6T48, ,276900_fbm,30,0,0.01%,0.00%,60,0,0.01%,0.00%,77.78%,0.00%,2,0,6.67%,0.00%,"36,98 €","0,00 €",2,0
B0752NT3TH,B005LR77GC,ARCOS Tijeras de Cocina Profesional 235 mm,185701_barras_arcos,"1,159",30,0.24%,0.28%,"1,822",42,0.26%,0.26%,4.63%,6.67%,3,3,0.26%,10.00%,"29,25 €","29,25 €",2,2
B00YTW5C8U,B007TS6960,Arcos Serie Colour Prof - Cuchillo Carnicero - Hoja de Acero Inoxidable NITRUM de 200 mm - Mango de Polipropileno recubierto de Elastómero Color gris,214700,36,0,0.01%,0.00%,59,0,0.01%,0.00%,25.45%,0.00%,2,0,5.56%,0.00%,"32,98 €","0,00 €",2,0
B007TS6HBM,B007TS6HBM,ARCOS Rallador de Limones Acero Inoxidable 40 mm,612800,78,2,0.02%,0.02%,98,7,0.01%,0.04%,38.30%,0.00%,2,0,2.56%,0.00%,"17,70 €","0,00 €",2,0
B007TS6HNK,B007TS6HNK,ARCOS Corta Pizzas Acero Inoxidable 100 mm,614800_,208,12,0.04%,0.11%,314,22,0.04%,0.14%,2.85%,0.00%,2,1,0.96%,8.33%,"24,18 €","11,99 €",2,1
B0B3F4QXML,B008U6TDTK,Arcos Serie Clasica - Juego de Cuchillos de 5 piezas en Caja de Regalo (5 Cuchillos) - Hoja de Acero Inoxidable Forjado NITRUM - Mando de Polioximetileno (POM) - Bloque de madera color marrón acabado lacado,257000_2,677,37,0.14%,0.34%,921,46,0.13%,0.29%,83.88%,100.00%,2,0,0.30%,0.00%,"269,98 €","0,00 €",2,0
B0752X1ZCK,B009KPKG8M,Arcos Cuchillos de Mesa - Cuchillo Chuletero Cuchillo de Mesa - Hoja de Acero Inoxidable NITRUM 110 mm - Mango de Nylon - Color Negro,803000_1-Pieza,187,3,0.04%,0.03%,226,6,0.03%,0.04%,98.52%,100.00%,7,0,3.74%,0.00%,"26,25 €","0,00 €",2,0
B00BHZPHO6,B00BHZPHO6,"Arcos Juego 6 Cuchillos carne 4,s. Paquete Cuchillos bolsillo con borliso para cortar y filetear carne. Hoja y mango Acero Inoxidable monobloque. Serie Mesa.",378200_,113,3,0.02%,0.03%,150,5,0.02%,0.03%,52.55%,0.00%,2,0,1.77%,0.00%,"77,98 €","0,00 €",2,0
B00CWZOIIQ,B00CWZOIIQ,"Arcos Cuchillos Mesa - Cuchillo Carne Mesa - Monobloque unaola pieza Acero Inoxidable 4"" - Corta chuletas o bistecs con precisión, facilidad y rapidez -erie Monobloque - Color Plateado",375500_1pza_fbm,125,1,0.03%,0.01%,183,5,0.03%,0.03%,62.72%,0.00%,12,0,9.60%,0.00%,"77,88 €","0,00 €",2,0
B00D3LCJI4,B00D3LCJI4,Arcos Saeta - Cuchillo Panero - Hoja de Acero Inoxidable Forjado Nitrum de 210 mm - Mango de Pom - Color Negro,175700,43,1,0.01%,0.01%,72,1,0.01%,0.01%,100.00%,100.00%,2,0,4.65%,0.00%,"59,98 €","0,00 €",2,0
B0BV32H59Y,B00HYWUNR2,Arcos Saeta - Cuchillo Deshuesador - Hoja de Acero Inoxidable Forjado Nitrum de 145 mm - Mango de Pom - Color Negro,174700,41,1,0.01%,0.01%,65,1,0.01%,0.01%,98.28%,100.00%,2,0,4.88%,0.00%,"59,98 €","0,00 €",2,0
B00ITVQOOI,B00ITVQOOI,ARCOS Tenedor de Mesa Acero Inoxidable 18/10 200 mm,371600_1pieza,144,6,0.03%,0.06%,208,7,0.03%,0.04%,37.37%,0.00%,8,0,5.56%,0.00%,"39,92 €","0,00 €",2,0
B0CGTXWSFY,B00J177VYQ,ARCOS Cuchillo de Electricista para Cortar Cables con Hoja de Acero Inoxidable 90 Mm y Mango ergonómico de Polipropileno. Utensilio Profesional para Instalaciones Eléctricas. Color Negro,227100,379,29,0.08%,0.27%,521,41,0.07%,0.25%,4.81%,38.46%,4,4,1.06%,13.79%,"35,96 €","35,96 €",2,2
B07BDVLDBZ,B00J64GI4S,Arcos Riviera Blanc Cuchillo Jamonero Forjado POM Blanco 300 mm,231124_,95,5,0.02%,0.05%,131,5,0.02%,0.03%,56.56%,33.33%,2,0,2.11%,0.00%,"73,98 €","0,00 €",2,0
B00VRZ327A,B00VRZ327A,Arcos Tijeras Costura Acero Forjado 152 mm - Uso Doméstico y Profesional - Niqueladas Plata - Serie Style,502400,49,0,0.01%,0.00%,61,0,0.01%,0.00%,100.00%,0.00%,2,0,4.08%,0.00%,"23,98 €","0,00 €",2,0
B00WHV21BG,B00WHV21BG,CUPERINOX TIJERAS PESCADO | TIJERAS COCINA| TIJERAS ACERO| TIJERAS | 20 CM | UTENSILIOS DE COCINA,21992_,27,1,0.01%,0.01%,40,6,0.01%,0.04%,55.88%,100.00%,3,0,11.11%,0.00%,"21,75 €","0,00 €",2,0
B07BDQNMVP,B014MIZYD8,Arcos Cuchillo Tomate Forjado Acero Inox. Nitrum 130mm,232024_,176,3,0.04%,0.03%,242,4,0.03%,0.02%,40.37%,0.00%,2,0,1.14%,0.00%,"48,78 €","0,00 €",2,0
B017DLDM3A,B017DLDM3A,Arcos Cuchillo Mondador Madera 65 mm,100100_us,897,26,0.18%,0.24%,"1,334",47,0.19%,0.29%,2.22%,12.50%,2,0,0.22%,0.00%,"11,07 €","0,00 €",2,0
B017DLGUJI,B017DLGUJI,Arcos Cuchillo Jamonero Profesional - Hoja Forjada NITRUM 250 mm - Mango POM Resistente - Ideal para Cortes Precisos - Serie Clásica,256700_fbm,247,5,0.05%,0.05%,384,6,0.05%,0.04%,6.13%,20.00%,2,1,0.81%,20.00%,"55,98 €","26,99 €",2,1
B0752VKJ59,B017DLH9NE,Arcos Afilador Acero Nitrum Acero Inoxidable y Hoja 300 mm. Serie Chaira. Cuerpo Acero al Carbono Recubierto Cromo 11 - Mango Polipropileno. Formas ligeras yuaves. Color Negro.,278310_,52,0,0.01%,0.00%,74,0,0.01%,0.00%,97.06%,0.00%,2,0,3.85%,0.00%,"49,98 €","0,00 €",2,0
B0189HXOXK,B017DLLFIO,Arcos Navaja Acero Inoxidable 85 mm,485300_fmb,257,10,0.05%,0.09%,370,18,0.05%,0.11%,33.53%,6.67%,2,0,0.78%,0.00%,"14,98 €","0,00 €",2,0
B017DLM9V6,B017DLM9V6,"Arcos Tenedores de Postre Acero Inoxidable 18/10, Juego de 3 Piezas, Monoblock 180 mm, Serie Toscana, Ideal para Repostería y Sobremesa, Color Plata",574500_,190,7,0.04%,0.06%,277,10,0.04%,0.06%,14.92%,0.00%,3,0,1.58%,0.00%,"24,75 €","0,00 €",2,0
B09F9M72Z9,B017DLNFNC,Arcos Cuchillos de Mesa - Cuchillo Chuletero Cuchillo de Mesa - Hoja de Acero Inoxidable NITRUM 110 mm - Mango de Polipropileno - Color Negro,805109_1pieza,64,1,0.01%,0.01%,82,1,0.01%,0.01%,94.59%,0.00%,9,0,14.06%,0.00%,"35,91 €","0,00 €",2,0
B01N4WDTRY,B01N4WDTRY,CUPERINOX® Couture Series - Tijera Costura Profesional 15 cm | Acero Inoxidable Resistente | Corte Preciso para Telas y Manualidades | Uso Doméstico y Profesional,21962_,51,2,0.01%,0.02%,69,2,0.01%,0.01%,60.66%,100.00%,2,0,3.92%,0.00%,"13,98 €","0,00 €",2,0
B0711S58TQ,B0711S58TQ,Juego cuchillos Arcos profesional | cuchillos cocina | cuchillos arcos clasicos |6 pzas | negro | 842300,_842300_,82,3,0.02%,0.03%,107,5,0.02%,0.03%,97.83%,100.00%,2,0,2.44%,0.00%,"281,98 €","0,00 €",2,0
B071HVWQKP,B071HVWQKP,Arcos Cuchillos Mesa con Hoja Acero Inoxidable. Cuchillos Carne con Mango Madera Palisandro Marrón. Hoja. Corta Carne Asada. Clásicos y Elegantes. Cortein Esfuerzo. Serie Mesa. Color Marrón,373700,493,18,0.10%,0.17%,771,27,0.11%,0.17%,24.49%,0.00%,2,0,0.41%,0.00%,"30,98 €","0,00 €",2,0
B071LGMH89,B071LGMH89,Arcos Mesa Cuchillo Carne Nitrum Pack Madera Marrón 4 pulg,374610_fbm,275,8,0.06%,0.07%,353,14,0.05%,0.09%,29.62%,0.00%,3,0,1.09%,0.00%,"50,22 €","0,00 €",2,0
B071S7PKHP,B071S7PKHP,Arcos Nova Set 2 Cuchillos Mondadores Acero Negro 60/80 mm,189000,205,5,0.04%,0.05%,327,6,0.05%,0.04%,9.43%,0.00%,2,0,0.98%,0.00%,"17,98 €","0,00 €",2,0
B071VT3QQY,B071VT3QQY,"Arcos Riviera - Juego de Cuchillos de Cocina Profesional (Mondador 100 mm, Santoku 140 mm, Chef 200 mm) - Acero Inoxidable Forjado NITRUM, Mango Ergonómico Negro - 3 Piezas en Estuche",807710_fbm,115,1,0.02%,0.01%,172,1,0.02%,0.01%,55.00%,0.00%,2,0,1.74%,0.00%,"139,98 €","0,00 €",2,0
B072FHSBJR,B072FHSBJR,Arcos Nova Set 3 Cuchillos Peladores Acero Verde,189621,72,4,0.01%,0.04%,107,11,0.02%,0.07%,55.91%,100.00%,2,0,2.78%,0.00%,"20,98 €","0,00 €",2,0
B07C7YV74X,B07C7YV74X,Arcos Manhattan Cuchillo Trinchar Acero Jamón y Carne 250 mm,161900_,106,2,0.02%,0.02%,152,2,0.02%,0.01%,27.82%,0.00%,2,0,1.89%,0.00%,"69,98 €","0,00 €",2,0
B07DC8JHV4,B07DC8JHV4,Arcos Cuchillo verduras Acero Inoxidable. Cuchillo profesional para pelar frutas y verduras. Mango ergonómico polioximetileno y Hoja 130 mm. Serie Manhattan. Color negro.,161100,66,1,0.01%,0.01%,101,1,0.01%,0.01%,70.41%,0.00%,2,0,3.03%,0.00%,"48,98 €","0,00 €",2,0
B07JWG12BV,B07JWG12BV,Arcos Riviera Set 3 Cuchillos Forjados Acero Inoxidable Nitrum,807710_,246,4,0.05%,0.04%,378,7,0.05%,0.04%,64.83%,100.00%,2,0,0.81%,0.00%,"139,98 €","0,00 €",2,0
B07N8VLCQS,B07N8VLCQS,"Arcos Juego de Cuchillos Profesionales (4 Piezas) - Acero Inoxidable Nitrum, Precisión y Durabilidad, Mango Ergonómico POM Negro, Incluye Tijeras y Bloque de Madera, Serie Manhattan",163300_,117,1,0.02%,0.01%,181,2,0.03%,0.01%,91.30%,0.00%,2,0,1.71%,0.00%,"193,98 €","0,00 €",2,0
B07NDV5T2F,B07NDV5T2F,Arcos Serie Brooklyn - Cuchillo Cocinero - Hoja de Acero Inoxidable Forjado NITRUM 210 mm - Mango de Micarta Color Azul (Filo Seda),190623_fbm,92,1,0.02%,0.01%,138,1,0.02%,0.01%,100.00%,100.00%,2,0,2.17%,0.00%,"91,98 €","0,00 €",2,0
B07ZJ85R7C,B07ZJ85R7C,Arcos Set de Corte 3 Piezas Acero Inoxidable Nitrum,859300,87,1,0.02%,0.01%,125,1,0.02%,0.01%,83.78%,0.00%,2,0,2.30%,0.00%,"75,98 €","0,00 €",2,0
B0843SYT31,B0843SYT31,Arcos Cuchillo Chef con Hoja Acero Inoxidable Nitrum 160 mm. Cuchillo cocina profesional multiusos. Mango ergonómico polioximetileno POM. Serie Opera. Color negro.,225000_fmb,34,0,0.01%,0.00%,52,0,0.01%,0.00%,89.58%,0.00%,2,0,5.88%,0.00%,"62,87 €","0,00 €",2,0
B08G8QCM5H,B08G8QCM5H,ARCOS cuchillo pelador | 6 PIEZAS | cuchillo de pelar | cuchillos pelar patatas | Hoja 100 mm | Negro | cuchillo arcos pelador Acero Inoxidable,816500,"1,050",26,0.21%,0.24%,"1,525",37,0.21%,0.23%,99.18%,100.00%,3,2,0.29%,7.69%,"53,97 €","34,98 €",2,1
B08TLR4Z27,B08M3DQFHM,Arcos jamonero Profesional | Cuchillo jamonero jamonero Inoxidable Nitrum | Mango Negro | Cuchillo Jamon iberico | Serie Maitre| Hoja Flexible y Filo Liso | 275 mm | Acero Inoxidable NITRUM,151210,284,3,0.06%,0.03%,376,4,0.05%,0.02%,99.43%,100.00%,2,1,0.70%,33.33%,"31,48 €","15,49 €",2,1
B08VRP7CR7,B08MTXC14T,Arcos Juego Cuchillos Carne | 6 Piezas | Cuchillos Carne Cuchillo chuleteros | Cubiertos Acero Inoxidable | Hoja 110 mm | Mango Redondo y Forma Ovalada | monobock | Caja Envase Ecológico (6 unidades),809900,105,6,0.02%,0.06%,159,10,0.02%,0.06%,69.47%,100.00%,2,0,1.90%,0.00%,"55,98 €","0,00 €",2,0
B09FQ5SZK8,B08MTZZQV5,Arcos Cuchillo para Pan Acero Inoxidable Nitrum 200 mm,166400_fbm,297,15,0.06%,0.14%,392,25,0.06%,0.16%,6.57%,14.29%,2,1,0.67%,6.67%,"57,98 €","28,99 €",2,1
B09FQ5SZK8,B08MV1BJ5Z,Arcos Serie Nordika - Cuchillo Cocinero - Acero Inoxidable NITRUM - Hoja de 140 mm - Mango de Madera Ovengkol 100% natural FSC - Embalaje 100% reciclado,165400_fbm,588,8,0.12%,0.07%,745,9,0.10%,0.06%,32.64%,0.00%,2,0,0.34%,0.00%,"50,39 €","0,00 €",2,0
B08TLR4Z27,B095C22QFS,Arcos jamonero Profesional | Cuchillo jamonero jamonero Inoxidable Nitrum | Mango Negro | Cuchillo Jamon iberico | Serie Maitre| Hoja Flexible y Filo Liso | 275 mm | Acero Inoxidable NITRUM,151811,202,2,0.04%,0.02%,260,2,0.04%,0.01%,99.17%,0.00%,2,0,0.99%,0.00%,"39,98 €","0,00 €",2,0
B09DPRCMTF,B0987MG3JQ,Arcos Juego Cuchillos Carne | Cuchillo chuleteros | Cuchillos Carne Cuchillos Mesa | 6 Uds | Hoja 110 mm | Acero Inoxidable | Mango Nylon | Apto lavavajillas | Envase Ecológico (Filo Liso),814200_fba,102,0,0.02%,0.00%,138,0,0.02%,0.00%,95.20%,0.00%,3,0,2.94%,0.00%,"59,97 €","0,00 €",2,0
B09DPRCMTF,B0987MG3JQ,Arcos Juego Cuchillos Carne | Cuchillo chuleteros | Cuchillos Carne Cuchillos Mesa | 6 Uds | Hoja 110 mm | Acero Inoxidable | Mango Nylon | Apto lavavajillas | Envase Ecológico (Filo Liso),814200FBM,102,0,0.02%,0.00%,138,0,0.02%,0.00%,95.20%,0.00%,2,0,1.96%,0.00%,"39,98 €","0,00 €",2,0
B09F9KVBDX,B09F9KVBDX,Arcos Nova Juego 8 Cuchillos Mesa Acero Crema 105 mm,705300,96,4,0.02%,0.04%,146,6,0.02%,0.04%,73.02%,50.00%,2,0,2.08%,0.00%,"33,98 €","0,00 €",2,0
B06XB92VRH,B09LYZ5G5S,CUPERINOX Deluxe Cafetera Italiana Induccion Espresso Inoxidable 6 Tazas,25052FBM,290,6,0.06%,0.06%,370,8,0.05%,0.05%,98.83%,100.00%,2,0,0.69%,0.00%,"60,48 €","0,00 €",2,0
B06XB92VRH,B09LZ2VHYP,CUPERINOX Deluxe Cafetera Italiana Induccion Espresso Inoxidable 10 Tazas,25053FBM,409,6,0.08%,0.06%,559,10,0.08%,0.06%,99.43%,100.00%,2,0,0.49%,0.00%,"61,98 €","0,00 €",2,0
B0C4B1CKSR,B0C4B1CKSR,Arcos Serie Nordika - Cuchillo Yanagiba - Acero Inoxidable NITRUM - Hoja de 240 mm - Mango de Madera Ovengkol 100% natural de bosques certificados FSC® - Embalaje 100% reciclado,168200,55,1,0.01%,0.01%,91,1,0.01%,0.01%,83.33%,100.00%,2,0,3.64%,0.00%,"99,98 €","0,00 €",2,0
B0CVH8PC99,B0CQRMMMR5,CUPERINOX Cuchillos Carne | Cuchillos Mesa | Cuchillos Chuleteros | 6 Piezas | Hoja Serrada | Mango Polipropileno | Acero Inoxidable | 11 cm,99901_6pzs,148,14,0.03%,0.13%,199,16,0.03%,0.10%,98.34%,100.00%,2,1,1.35%,7.14%,"19,98 €","9,99 €",2,1
B0DPLG5V7Q,B0DPJBBJC4,"CUPERINOX® Tazas de Café Espresso de Cristal – Set 2 80ml- Aptas para lavavajillas- Resistentes al Calor – Tazas Bonitas de Café, Té Originales y Elegantes – Aroma Series",26120_,30,0,0.01%,0.00%,39,0,0.01%,0.00%,94.29%,0.00%,3,0,10.00%,0.00%,"35,97 €","0,00 €",2,0
B0DT6ZPGVQ,B0DT6ZPGVQ, ,27008,96,6,0.02%,0.06%,119,7,0.02%,0.04%,100.00%,100.00%,2,1,2.08%,16.67%,"31,98 €","15,99 €",2,1
B0DT75PQN7,B0DT75PQN7,"CUPERINOX Kit Cocina Montessori | Cuchillos Niños Aprendizaje +2 Años | Set Completo de Cuchillos Infantiles de 17 Piezas | Incluye Tijeras, Moldes, Batidor, Tabla y Cuchillo Seguro",27017,72,2,0.01%,0.02%,106,2,0.01%,0.01%,100.00%,0.00%,2,0,2.78%,0.00%,"39,98 €","0,00 €",2,0
B017HKJSMG,B0044R87L4,Arcos Cuchillo Panero con Hoja de Acero Inoxidable Nitrum 200 mm. Cuchillo Pan ideal para uso doméstico diario. Obtenga una gran variedad cortes parau comida. Serie Universal. Color negro.,282104_,"2,713",94,0.55%,0.87%,"4,413",148,0.62%,0.92%,0.02%,0.93%,4,4,0.15%,4.26%,"67,96 €","67,96 €",1,1
B017HKG9PK,B0044R87LE,Arcos Cuchillo Panero Negro 210 mm,151400_fbm,"1,242",48,0.25%,0.44%,"1,562",75,0.22%,0.47%,0.27%,0.00%,1,0,0.08%,0.00%,"14,99 €","0,00 €",1,0
B0044R87TQ,B0044R87TQ,Arcos Cuchillo Salmón y Pescado Acero Inoxidable 290 mm,284004,235,7,0.05%,0.06%,342,10,0.05%,0.06%,3.30%,0.00%,1,0,0.43%,0.00%,"22,75 €","0,00 €",1,0
B017HKG9PK,B0044R87YQ,Arcos Cuchillo para Maitre Negro 100 mm,150500_us,"1,313",53,0.27%,0.49%,"1,838",81,0.26%,0.50%,13.06%,20.41%,1,1,0.08%,1.89%,"9,90 €","9,90 €",1,1
B017HKG9PK,B0044R883Q,Arcos Cuchillo Mondador Negro 80 mm,150200-cod_barras_arcos,"1,666",51,0.34%,0.47%,"2,470",68,0.35%,0.42%,0.31%,4.00%,1,0,0.06%,0.00%,"9,65 €","0,00 €",1,0
B09337686H,B0044R884U,Arcos Universal Cuchillo Santoku Acero POM Negro 170 mm,286004,925,27,0.19%,0.25%,"1,432",50,0.20%,0.31%,29.32%,33.33%,1,0,0.11%,0.00%,"23,75 €","0,00 €",1,0
B07BDT9JQ9,B005LR6AEW,Arcos Riviera Forjada Cuchillo para Pescado Acero Inoxidable Nitrum 170 mm,232900,58,0,0.01%,0.00%,95,0,0.01%,0.00%,43.02%,0.00%,1,0,1.72%,0.00%,"26,99 €","0,00 €",1,0
B017HKHR92,B005LR6E0C,Arcos Cuchillo Cocinero Acero Inoxidable Negro 150 mm,233400,650,9,0.13%,0.08%,884,13,0.12%,0.08%,9.21%,0.00%,1,0,0.15%,0.00%,"26,99 €","0,00 €",1,0
B017HKIZ5W,B005LR6SNU,"Arcos Cuchillo Jamonero Flexible, Hoja de Acero Inoxidable NITRUM 275 mm, Mango de Madera Palisandro, Corte Preciso y Duradero, Serie Atlantico",272300_,15,0,0.00%,0.00%,22,0,0.00%,0.00%,100.00%,0.00%,1,0,6.67%,0.00%,"17,99 €","0,00 €",1,0
B017HKFNO8,B005LR6ZZ6,Arcos Niza Cuchillo de Cocina Acero Inoxidable 150 mm,135300,38,0,0.01%,0.00%,47,0,0.01%,0.00%,72.09%,0.00%,1,0,2.63%,0.00%,"9,99 €","0,00 €",1,0
B06XWF2YLW,B005LR71GI,Arcos Cuchillo Cocinero 200 mm,135800,"1,589",22,0.32%,0.20%,"2,572",29,0.36%,0.18%,0.22%,0.00%,1,0,0.06%,0.00%,"10,25 €","0,00 €",1,0
B0752X4WV1,B005LR73R0,Arcos Juego Chuleteros Mango Madera 110 mm,809300__,"3,810",104,0.78%,0.96%,"5,953",174,0.84%,1.08%,0.75%,2.42%,1,0,0.03%,0.00%,"23,99 €","0,00 €",1,0
B0CWLP4H3Z,B005LR76KY,ARCOS Tijeras de Cocina Acero Inoxidable 195 mm,784901_barras_arcos,"1,452",40,0.30%,0.37%,"2,350",66,0.33%,0.41%,0.33%,2.56%,1,1,0.07%,2.50%,"8,49 €","8,49 €",1,1
B017HKKKIC,B007TS68BG,Arcos Universal Cuchillo Carnicero Nitrum POM Negro 160 mm,288200_fbm,329,7,0.07%,0.06%,496,9,0.07%,0.06%,2.83%,0.00%,1,0,0.30%,0.00%,"26,75 €","0,00 €",1,0
B007TS6G9U,B007TS6G9U,Arcos Juego de Cuchillos Cocina y Tijeras,285600,355,5,0.07%,0.05%,529,5,0.07%,0.03%,0.00%,0.00%,2,0,0.56%,0.00%,"249,98 €","0,00 €",1,0
B007TS6GI6,B007TS6GI6,Arcos Universal Set 2 Cuchillos de Cocina Acero Inoxidable Nitrum,285800_2,486,10,0.10%,0.09%,722,13,0.10%,0.08%,7.51%,12.50%,1,0,0.21%,0.00%,"27,75 €","0,00 €",1,0
B007TS6GP4,B007TS6GP4,Arcos Juego de 6 Cuchillos de Mesa Chuleteros Acero Inoxidable 110 mm,815600--,103,2,0.02%,0.02%,132,3,0.02%,0.02%,49.60%,0.00%,1,0,0.97%,0.00%,"25,99 €","0,00 €",1,0
B0891RBKPX,B007TS6HCQ,ARCOS Pelador de Patatas y Verduras Profesional Acero Inoxidable 60 mm,612100,97,2,0.02%,0.02%,146,3,0.02%,0.02%,30.07%,33.33%,1,0,1.03%,0.00%,"8,49 €","0,00 €",1,0
B07BDT9G74,B008U6T624,Arcos Clásica Cuchillo Deshuesador Forjado Acero Inoxidable Nitrum 140 mm,256200_fbm,52,0,0.01%,0.00%,82,0,0.01%,0.00%,100.00%,0.00%,1,0,1.92%,0.00%,"19,99 €","0,00 €",1,0
B0B3F4QXML,B008U6TDTK,Arcos Serie Clasica - Juego de Cuchillos de 5 piezas en Caja de Regalo (5 Cuchillos) - Hoja de Acero Inoxidable Forjado NITRUM - Mando de Polioximetileno (POM) - Bloque de madera color marrón acabado lacado,257000,677,37,0.14%,0.34%,921,46,0.13%,0.29%,83.88%,100.00%,1,0,0.15%,0.00%,"144,99 €","0,00 €",1,0
B017HKKKIC,B00BHZPITA,Arcos Universal Cuchillo Carnicero Acero Inoxidable Nitrum 200 mm,288400_fbm,127,3,0.03%,0.03%,172,3,0.02%,0.02%,43.37%,0.00%,1,0,0.79%,0.00%,"38,99 €","0,00 €",1,0
B07BDQNMT7,B00BHZPKEI,Arcos Cuchillo Blanco 100 mm,230224_,430,9,0.09%,0.08%,684,17,0.10%,0.11%,1.66%,0.00%,1,0,0.23%,0.00%,"19,99 €","0,00 €",1,0
B00D3LBPIE,B00D3LBPIE,Arcos Mesa Cuchillo Chuletero Serrado Acero Monoblock Plata 110 mm,809500_1pieza,103,9,0.02%,0.08%,158,25,0.02%,0.16%,33.09%,42.11%,2,0,1.94%,0.00%,"11,98 €","0,00 €",1,0
B0BX5LL7FV,B00D3LDVSQ,ARCOS Cascanueces Aleación de Zinc Plata 160 mm,603000_,61,0,0.01%,0.00%,96,0,0.01%,0.00%,28.57%,0.00%,1,0,1.64%,0.00%,"13,49 €","0,00 €",1,0
B00D3LDXPM,B00D3LDXPM,ARCOS Abrelatas Manual Aleación de Zinc Plata-Negro 160 mm,603600,306,22,0.06%,0.20%,498,31,0.07%,0.19%,3.16%,0.00%,1,0,0.33%,0.00%,"17,27 €","0,00 €",1,0
B00D3LG0YI,B00D3LG0YI,Arcos Cuchillos de Mesa - Hoja Inoxidable NITRUM 110 mm - Cuchillo Chuletero para Carne - Mango de Nylon Duradero - Color Marrón - Ideal para Cocina y Comedor,804000_1pieza,110,1,0.02%,0.01%,145,4,0.02%,0.02%,95.59%,100.00%,1,0,0.91%,0.00%,"3,99 €","0,00 €",1,0
B00E5KWS1A,B00E5KWS1A,"Arcos Accesorios de Cocina - Juego de 5 Piezas (Pelador, Cascanueces, Sacacorchos, Prensa Ajos, Abrelatas) - Aleación de Zinc, Acabado Cromado, Caja Regalo - Plata",604500_,78,2,0.02%,0.02%,97,2,0.01%,0.01%,45.83%,100.00%,1,0,1.28%,0.00%,"69,99 €","0,00 €",1,0
B00J3ZTXAG,B00J3ZTXAG,Arcos Cuchillo Jamonero 250 mm Acero Inoxidable Serie Latina,101301_fbm,"2,584",50,0.53%,0.46%,"3,833",61,0.54%,0.38%,0.35%,3.33%,1,0,0.04%,0.00%,"9,99 €","0,00 €",1,0
B00J3ZTYAK,B00J3ZTYAK,"Arcos Cuchillos de Mesa de Acero Inoxidable 18/10, Monoblock de una Pieza, Hoja 220 mm, Juego de 3 Piezas para Cocina, Serie Toscana",575000,39,2,0.01%,0.02%,57,2,0.01%,0.01%,30.77%,0.00%,1,0,2.56%,0.00%,"18,49 €","0,00 €",1,0
B017HKI11U,B00J64GEEC,Arcos Riviera Blanc Cuchillo Chef Forjado Acero Inoxidable 250 mm,233724_,318,4,0.06%,0.04%,437,4,0.06%,0.02%,0.98%,0.00%,1,0,0.31%,0.00%,"42,99 €","0,00 €",1,0
B00MDK1DM4,B00MDK1DM4,Arcos Latina Cuchillo de Cocina Acero Inoxidable 130 mm,100600_1pieza,126,5,0.03%,0.05%,211,10,0.03%,0.06%,2.27%,20.00%,1,0,0.79%,0.00%,"5,99 €","0,00 €",1,0
B00OFR535Q,B00OFR535Q,"Arcos Afiladores - Afilador Eléctrico de Cuchillos Afilador de Cuchillos Eléctricos, Hecho de Plástico, Color Negro (Rodillos de Banda Intercambiables)",610500_fbm,219,9,0.04%,0.08%,283,10,0.04%,0.06%,96.91%,100.00%,1,1,0.46%,11.11%,"234,99 €","234,99 €",1,1
B00PKFXWJQ,B00PKFXWJQ,Arcos Serie Cuchillos de Mesa - Cuchillo Mesa - Hoja Serrada de Acero Inoxidable NITRUM de 125 mm - Mango Polipropileno Color crema,370200_1Pieza,111,2,0.02%,0.02%,150,2,0.02%,0.01%,100.00%,100.00%,12,0,10.81%,0.00%,"41,88 €","0,00 €",1,0
B0752X4WZ6,B00TA4O5YO,ARCOS Pinzas para Emplatar Acero Inoxidable 300 mm,606200_,"1,952",33,0.40%,0.30%,"2,533",47,0.36%,0.29%,0.90%,0.00%,1,0,0.05%,0.00%,"9,91 €","0,00 €",1,0
B00U2QWO1K,B00U2QWO1K,Arcos Latina Cuchillo Chuletero Acero Inoxidable 105 mm,100400_1pieza,615,14,0.13%,0.13%,871,26,0.12%,0.16%,10.91%,14.29%,1,0,0.16%,0.00%,"3,75 €","0,00 €",1,0
B0752TH4FW,B00V3AODM2,Arcos Set Cuchillos Forjados 5 piezas - Acero Inoxidable y Hoja mm. 3500 gr. Mango ergonómico Polioximetileno POM. Serie Riviera Blanc. Hoja delgada con un Borde Suave característico. Color Blanco.,234524_,168,1,0.03%,0.01%,241,2,0.03%,0.01%,16.51%,0.00%,1,0,0.60%,0.00%,"142,99 €","0,00 €",1,0
B00WHV21BG,B00WHV21BG,CUPERINOX TIJERAS PESCADO | TIJERAS COCINA| TIJERAS ACERO| TIJERAS | 20 CM | UTENSILIOS DE COCINA,21992,27,1,0.01%,0.01%,40,6,0.01%,0.04%,55.88%,100.00%,3,3,11.11%,300.00%,"22,47 €","22,47 €",1,1
B00X5PH0P0,B00X5PH0P0,"CUPERINOX® Kitchen Pro - Tijeras Cocina Profesional 21 cm | Acero Inoxidable Resistente | Mango Ergonómico Antideslizante Negro | Para Pollo, Pescado y Verduras | Apto Lavavajillas",21983_,8,1,0.00%,0.01%,9,2,0.00%,0.01%,100.00%,100.00%,1,0,12.50%,0.00%,"9,99 €","0,00 €",1,0
B09ZLJL6JF,B00YU0JT2G,Arcos Serie Lyon - Cuchillo Mondador | Cuchillo Arcos - Hoja de Acero Inoxidable Forjado NITRUM de 100 mm - Mango de Polioximetileno (POM) - Color Negro,250200_,19,0,0.00%,0.00%,29,0,0.00%,0.00%,88.00%,0.00%,1,0,5.26%,0.00%,"20,99 €","0,00 €",1,0
B0189HXS8Q,B015QGR3CK,Arcos Serie Navajas Profesionales - Navaja Profesional - Hoja Filo de Acero Inoxidable NITRUM de 85 mm - Navaja de Acero Inoxidable Color amarillo,485900_fba,"1,724",32,0.35%,0.29%,"2,790",51,0.39%,0.32%,0.31%,0.00%,1,0,0.06%,0.00%,"7,25 €","0,00 €",1,0
B0189HXASY,B017DLG38Q,Arcos Cuchillo Cocina Acero Inoxidable Negro 140 mm,233200_,327,2,0.07%,0.02%,497,2,0.07%,0.01%,0.67%,0.00%,1,0,0.31%,0.00%,"27,99 €","0,00 €",1,0
B0189HXOXK,B017DLLFI4,Arcos Serie Navajas Profesionales - Navaja Profesional - Hoja Filo de Acero Inoxidable NITRUM de 85 mm - Navaja de Acero Inoxidable Color naranja,485329_fbm,168,5,0.03%,0.05%,232,6,0.03%,0.04%,72.35%,40.00%,1,0,0.60%,0.00%,"7,49 €","0,00 €",1,0
B0189HXS8Q,B017DLLIUO,Arcos Navaja Profesional Acero Inoxidable 85 mm,485929_,836,14,0.17%,0.13%,"1,070",17,0.15%,0.11%,99.30%,100.00%,1,0,0.12%,0.00%,"7,35 €","0,00 €",1,0
B017DLM9SY,B017DLM9SY,Arcos Serie Toscana - Juego de Cucharas de Mesa (3 cucharas) - Monoblock de una pieza en Acero Inoxidable 18/10 y 180 mm - Color Plata,574400_,172,5,0.04%,0.05%,323,7,0.05%,0.04%,18.95%,50.00%,2,0,1.16%,0.00%,"15,98 €","0,00 €",1,0
B017DLMYLQ,B017DLMYLQ,Arcos Serie Endura - Cacerola Antiadherente - Cuerpo de Aluminio Forjado 16 cm - Capacidad 1 litro - Mango de Acero Inoxidable - Color Negro (Libre de PFOA),697000_,62,2,0.01%,0.02%,80,2,0.01%,0.01%,100.00%,100.00%,1,1,1.61%,50.00%,"19,99 €","19,99 €",1,1
B01N4WDTRY,B01N4WDTRY,CUPERINOX® Couture Series - Tijera Costura Profesional 15 cm | Acero Inoxidable Resistente | Corte Preciso para Telas y Manualidades | Uso Doméstico y Profesional,21962,51,2,0.01%,0.02%,69,2,0.01%,0.01%,60.66%,100.00%,1,1,1.96%,50.00%,"7,49 €","7,49 €",1,1
B06Y66X8SW,B06Y66X8SW,CUPERINOX® Couture Series - Tijera Costura Profesional 10 cm | Acero Inoxidable de Alta Precisión | Corte Fino para Detalles y Acabados | Uso Doméstico y Profesional,21960_fba,17,0,0.00%,0.00%,23,0,0.00%,0.00%,73.68%,0.00%,1,0,5.88%,0.00%,"6,99 €","0,00 €",1,0
B079ZCF2G9,B079ZCF2G9,Arcos Nova Juego 6 Cuchillos Carne Serrados Nitrum Negro 110 mm,188900_fbm,113,2,0.02%,0.02%,160,2,0.02%,0.01%,9.29%,0.00%,2,0,1.77%,0.00%,"35,50 €","0,00 €",1,0
B09JPSTVBC,B07B8MQZTW,Arcos Serie Riviera Rose - Cuchillo Mondador - Hoja de Acero Inoxidable Forjado NITRUM 100 mm - Mango de Polioximetileno (POM) Color Rosa,230254_,24,0,0.00%,0.00%,35,0,0.00%,0.00%,100.00%,0.00%,1,0,4.17%,0.00%,"24,99 €","0,00 €",1,0
B07B8MQZTW,B07B8MQZTW,Arcos Serie Riviera Rose - Cuchillo Mondador - Hoja de Acero Inoxidable Forjado NITRUM 100 mm - Mango de Polioximetileno (POM) Color Rosa,230254_,20,3,0.00%,0.03%,25,4,0.00%,0.02%,100.00%,100.00%,1,0,5.00%,0.00%,"24,99 €","0,00 €",1,0
B07BMGMVY4,B07BMGMVY4,Arcos Serie Riviera Rose - Cuchillo Cocinero - Hoja de Acero Inoxidable Forjado NITRUM 200 mm - Mango de Polioximetileno (POM) Color Rosa,233654,27,0,0.01%,0.00%,41,0,0.01%,0.00%,100.00%,0.00%,1,0,3.70%,0.00%,"34,99 €","0,00 €",1,0
B0B3CPHPXR,B07BQ5CCMD,ARCOS Sacacorchos Manual de ABS Aleación de Zinc,604700_,924,22,0.19%,0.20%,"1,380",34,0.19%,0.21%,7.20%,12.00%,1,0,0.11%,0.00%,"30,98 €","0,00 €",1,0
B07DC8JHV4,B07DC8JHV4,Arcos Cuchillo verduras Acero Inoxidable. Cuchillo profesional para pelar frutas y verduras. Mango ergonómico polioximetileno y Hoja 130 mm. Serie Manhattan. Color negro.,161100_,66,1,0.01%,0.01%,101,1,0.01%,0.01%,70.41%,0.00%,1,0,1.52%,0.00%,"24,49 €","0,00 €",1,0
B0B8Z4CJBC,B07F2YVB15,"Arcos Juego Cuchillos Pelar Acero Inoxidable Nitrum 4""",136500_2,811,18,0.17%,0.17%,"1,391",36,0.20%,0.22%,33.73%,14.29%,1,0,0.12%,0.00%,"19,24 €","0,00 €",1,0
B07G5M444L,B07G5M444L,Arcos Cuchillo de Mesa Acero Inoxidable Nitrum 130 mm Caja 12 Uds,370725_fbm,20,0,0.00%,0.00%,29,0,0.00%,0.00%,100.00%,0.00%,1,0,5.00%,0.00%,"42,99 €","0,00 €",1,0
B07G79KCFK,B07G79KCFK,"Arcos Cuchillos de Mesa Caja de 12 uds Cuchillo Chuletero Cuchillo de Mesa, Hoja de Acero Inoxidable NITRUM 105 mm, Mango de Nylon, Color Marrón (12 uds)",815500_2packs,121,3,0.02%,0.03%,164,4,0.02%,0.02%,88.67%,50.00%,1,0,0.83%,0.00%,"39,99 €","0,00 €",1,0
B07G79YS6D,B07G79YS6D,"Arcos Serie Cuchillos de Mesa Caja 12 uds Cuchillo Chuletero, Hoja Filo de Acero Inoxidable NITRUM de 110 mm, Mango Madera comprimida Color marrón (12 UDS)",373200_fbm,59,1,0.01%,0.01%,73,1,0.01%,0.01%,82.61%,100.00%,1,0,1.69%,0.00%,"75,99 €","0,00 €",1,0
B0B3F4QXML,B07JWJ5LDH,Arcos Serie Clasica - Juego de Cuchillos Chuleteros (6 piezas) - Acero Inoxidable Forjado NITRUM - Mango POM - Color Negro,_854500_,116,6,0.02%,0.06%,155,11,0.02%,0.07%,99.22%,100.00%,1,1,0.86%,16.67%,"84,99 €","84,99 €",1,1
B07MDGR8G1,B07MDGR8G1,CUPERINOX® Couture Series - Tijera Costura Profesional 15 cm | Acero Inoxidable Irrompible | Mango Ergonómico Antideslizante | Corte Preciso y Duradero,21950_us,22,0,0.00%,0.00%,35,0,0.00%,0.00%,47.06%,0.00%,1,0,4.55%,0.00%,"7,99 €","0,00 €",1,0
B07N8V3SNH,B07N8V3SNH,"Arcos Cuchillo Tomate Forjado Acero Inoxidable 130 mm - Mango Ergonómico POM Negro, Borde Serrado para Rebanadas Perfectas - Serie Manhattan, Calidad Profesional",162000_,63,2,0.01%,0.02%,76,2,0.01%,0.01%,88.73%,0.00%,1,0,1.59%,0.00%,"24,99 €","0,00 €",1,0
B07N8W33BT,B07N8W33BT,ARCOS Bloque Universal para Cuchillos Caucho Termoplástico 225 mm,794400_,126,3,0.03%,0.03%,177,3,0.02%,0.02%,27.67%,0.00%,1,0,0.79%,0.00%,"24,99 €","0,00 €",1,0
B07T1LRC8M,B07S9RTS38,Arcos Kids Cuchillo de Cocina para Niños - Hoja Segura de Acero Inoxidable NITRUM 100 mm - Mango Ergonómico POM Verde - Seguridad Infantil y Durabilidad,792921,208,2,0.04%,0.02%,292,5,0.04%,0.03%,0.76%,0.00%,1,0,0.48%,0.00%,"17,99 €","0,00 €",1,0
B0843DKXYN,B0843DKXYN,Arcos Opera Cuchillo Jamonero Forjado Acero Inoxidable Nitrum 300 mm,226800_,28,0,0.01%,0.00%,43,0,0.01%,0.00%,90.48%,0.00%,1,0,3.57%,0.00%,"34,95 €","0,00 €",1,0
B0843DNN57,B0843DNN57,Arcos Set Cuchillos Forjados 4 piezas (3 Cuchillos + 1 tijeras) - Acero Inoxidable Forjado NITRUM - Mango Micarta - Bloques Madera Color Azul. Serie Brooklyn. Impresiona yorprencon Cada Corte.,194000_,412,9,0.08%,0.08%,618,12,0.09%,0.07%,85.95%,100.00%,1,0,0.24%,0.00%,"109,99 €","0,00 €",1,0
B0CYTKGNPM,B0843DQCF5,ARCOS Pelador de Verduras en Juliana de Acero Inoxidable Cromado 130 Mm. Pelador Profesional para Cortes en Juliana de Verduras y Hortalizas. Apto Lavavajillas. Color Plata,607200,"1,881",46,0.38%,0.42%,"2,482",65,0.35%,0.40%,0.53%,4.88%,2,0,0.11%,0.00%,"15,22 €","0,00 €",1,0
B0843PT8MC,B0843PT8MC,Arcos Cuchillo pelar Acero Inoxidable. Cuchillo cocina para pelar frutas y verduras. Mango ergonómico polioximetileno y Hoja 100 mm. Serie Opera. Color negro.,_225700_,17,0,0.00%,0.00%,26,0,0.00%,0.00%,68.00%,0.00%,1,0,5.88%,0.00%,"20,99 €","0,00 €",1,0
B0843VGDCV,B0843VGDCV,"Arcos Cuchillo Santoku Acero Inoxidable. Cuchillo japonés afilado para pescado, carne y verduras. Mango ergonómico polioximetileno y Hoja 140 mm. Serie Opera. Color negro.",226900_fbm,27,0,0.01%,0.00%,48,0,0.01%,0.00%,97.78%,0.00%,1,0,3.70%,0.00%,"26,99 €","0,00 €",1,0
B08VS4FCLN,B08CY5ZRD7,"Arcos Serie Maitre - Juego Cuchillo de cocina 4 piezas, (3 cuchillos + 1 tijeras) Hoja de Acero Inoxidable NITRUM 80 mm, Mango Polipropileno Negro",152610,308,8,0.06%,0.07%,462,17,0.06%,0.11%,99.76%,100.00%,1,1,0.32%,12.50%,"31,99 €","31,99 €",1,1
B08GSTDWTC,B08G4D9718,"Arcos | Cuchillos 3 Colores | Cuchillo de pelar | Cuchillos pelar Patatas | Acero Inoxidable Nitrum| Envase Ecológico | Cuchillo Colores (85 mm, Amarillo, Turquesa, Naranja)",816700_francia,377,10,0.08%,0.09%,496,11,0.07%,0.07%,10.53%,14.29%,1,0,0.27%,0.00%,"9,75 €","0,00 €",1,0
B08VRP7CR7,B08G8M6QDS,Arcos Juego de Cuchillos chuleteros - Envase Ecologico 100% - 4 Cuchillos Carne - Cubiertos Mesa Acero Inoxidable,809500,67,2,0.01%,0.02%,84,2,0.01%,0.01%,97.37%,0.00%,1,0,1.49%,0.00%,"19,75 €","0,00 €",1,0
B09KJLG7BT,B08KW4BFZ9,CUPERINOX Jamonero Profesional | Soporte jamonero Tipo Gondola| Base de Corte para Usar con Cuchillo jamonero | Jamon iberico | Fabricado en España,20200_premium,"7,229",93,1.48%,0.86%,"10,657",140,1.50%,0.87%,98.54%,100.00%,1,0,0.01%,0.00%,"15,49 €","0,00 €",1,0
B08LVZCG23,B08LVZCG23,Arcos Juego de Cuchillos de Cocina Rosa | 3 pz | Cuchillo Chef para pelar Verduras | Edición Limitada | Solidaria,814500_fba,777,12,0.16%,0.11%,"1,111",16,0.16%,0.10%,97.34%,100.00%,1,0,0.13%,0.00%,"29,99 €","0,00 €",1,0
B08NW1VQRT,B08NW1VQRT,CUPERINOX Navaja para Setas y Champiñones | Acero Inoxidable | Con Cepillo y Funda Incluida | Micológica,2181,336,9,0.07%,0.08%,463,10,0.06%,0.06%,90.80%,85.71%,1,0,0.30%,0.00%,"10,49 €","0,00 €",1,0
B08QD944ZJ,B08QD944ZJ,Arcos Bolsa Cuchillos Bolsa Cuchillos Cocina Profesional Estuche Profesional Porta Cuchillos 10 pzas | 42 cm Largo | Asa para Transportar| Cuero Color Miel| Hebilla Ajustable,694800,77,6,0.02%,0.06%,102,7,0.01%,0.04%,45.16%,50.00%,1,0,1.30%,0.00%,"209,99 €","0,00 €",1,0
B08T5Z4HFS,B08QYV8C1P,"CUPERINOX Cubiertos para marisco | Pinzas para marisco | Tenazas para marisco | 6 Unidades | Cubiertos marisco (Cangrejo, Langosta, Ostras) | Tenedor de marisco con dos dientes inferiores y cuchara.",20023_6pzas,65,3,0.01%,0.03%,79,3,0.01%,0.02%,100.00%,0.00%,1,0,1.54%,0.00%,"13,21 €","0,00 €",1,0
B09FQ5SZK8,B0968LSP2T,"Arcos Utensilios Barbacoa - Cuchillo 200 mm y Tenedor 215 mm, Acero Inoxidable NITRUM, Mango Madera Ovengkol FSC, Set 2 Piezas, Embalaje Reciclado, Serie Nordika",167000_fbm,298,4,0.06%,0.04%,376,4,0.05%,0.02%,35.67%,25.00%,1,0,0.34%,0.00%,"49,99 €","0,00 €",1,0
B0987KNJLQ,B0987KNJLQ,Arcos | cuchillos de mesa cuchillo mesa FILO LISO | 6 Piezas cuchillo chuletero | mango monoblock | Acero Inoxidable | Envase Eco,814100_fba,54,0,0.01%,0.00%,84,0,0.01%,0.00%,100.00%,0.00%,1,0,1.85%,0.00%,"29,99 €","0,00 €",1,0
B09HQTWWPB,B09HQTN94D,Arcos Cuchillo Pelador Acero Inoxidable. Cuchillo Pelador para Pelar Frutas y Verduras. Mango Ergonómico Polioximetileno y Hoja 100 mm. Serie Clara. Color Negro.,210100_us,28,1,0.01%,0.01%,34,1,0.00%,0.01%,15.63%,0.00%,6,0,21.43%,0.00%,"107,70 €","0,00 €",1,0
B06XB92VRH,B09LYXZKTZ,CUPERINOX Deluxe Cafetera Italiana Induccion Espresso Inoxidable 4 Tazas,25051FBM,202,3,0.04%,0.03%,247,4,0.03%,0.02%,96.92%,100.00%,1,0,0.50%,0.00%,"21,99 €","0,00 €",1,0
B09RP6V156,B09RP6V156,"CUPERINOX® Alicates para pedicura, Profesional, Cortaúñas de Pies, Acero Inoxidable, Mango Ergonómico Antideslizante, Fácil Limpieza, Con Funda, 2 Años de Garantía",21920AM_fba,387,8,0.08%,0.07%,559,13,0.08%,0.08%,96.06%,100.00%,1,0,0.26%,0.00%,"9,49 €","0,00 €",1,0
B09WYYY5MD,B09WYYY5MD,Arcos Nordika Cuchillo para Queso Acero Inoxidable Nitrum 125 mm,166100_us,93,1,0.02%,0.01%,142,1,0.02%,0.01%,90.24%,100.00%,1,0,1.08%,0.00%,"26,49 €","0,00 €",1,0
B09XF4MLJT,B09XF4MLJT,Arcos Serie Clara - Set 4 Cuchillos de Cocina (Mondador + Cocina + Chef + Tijeras) - Acero Inoxidable Forjado NITRUM - Mango Inyectado de Polipropileno - Color Negro,819010_fbm,44,0,0.01%,0.00%,64,0,0.01%,0.00%,93.10%,0.00%,1,0,2.27%,0.00%,"48,49 €","0,00 €",1,0
B09XF6G1Q8,B09XF6G1Q8,Arcos Serie Universal - Juego de Cuchillos de Cocina de 4 piezas (3 Cuchillos Cocineros + Tijeras) - Hoja de Acero Inoxidable NITRUM - Mango de Polioximetileno (POM) - Color Negro,819110_fbm,53,0,0.01%,0.00%,72,0,0.01%,0.00%,98.46%,0.00%,1,0,1.89%,0.00%,"49,99 €","0,00 €",1,0
B0B42QTHTP,B0B42QTHTP,CUPERINOX | Tijeras de pescado 18 cm | Tijeras Cocina | tijeras de cocinero profesional para aves pescado carne caza| Accesorios de cocina,21991,55,4,0.01%,0.04%,89,7,0.01%,0.04%,70.37%,100.00%,6,6,10.91%,150.00%,"37,02 €","37,02 €",1,1
B0B464Q8VS,B0B464Q8VS,CUPERINOX® Kitchen Pro | Tijeras de Cocina Profesional 21 cm Tijeras de Trinchar Carne y Pescado Acero Inoxidable Mango Ergonómico Apto Lavavajillas,21981_,47,2,0.01%,0.02%,62,6,0.01%,0.04%,100.00%,0.00%,1,0,2.13%,0.00%,"9,99 €","0,00 €",1,0
B0B464Q8VS,B0B464Q8VS,CUPERINOX® Kitchen Pro | Tijeras de Cocina Profesional 21 cm Tijeras de Trinchar Carne y Pescado Acero Inoxidable Mango Ergonómico Apto Lavavajillas,21981,47,2,0.01%,0.02%,62,6,0.01%,0.04%,100.00%,0.00%,1,0,2.13%,0.00%,"9,99 €","0,00 €",1,0
B0C5JNCFL4,B0C5JNCFL4,Arcos Serie Milano - Cubertería de 24 piezas en Caja de Regalo (6 Cuchillos + 12 Cucharas + 6 Tenedores) - Monoblock de una pieza en Acero Inoxidable - Color Plata,542000,155,2,0.03%,0.02%,236,3,0.03%,0.02%,88.60%,0.00%,2,0,1.29%,0.00%,"159,98 €","0,00 €",1,0
B0CS6V91GR,B0CS6V91GR,CUPERINOX® Cuchillos de Mesa con Mango de Madera – Set 6 Cuchillos para Carne con Filo Dentado – Estilo Palmadera tradicional – Aptos para Uso Diario,14015_us,83,1,0.02%,0.01%,115,1,0.02%,0.01%,100.00%,100.00%,2,0,2.41%,0.00%,"37,98 €","0,00 €",1,0
B0CT92MB4W,B0CT92MB4W,CUPERINOX Cuchillo patatero clasico nacar,10060,5,0,0.00%,0.00%,6,0,0.00%,0.00%,83.33%,0.00%,1,0,20.00%,0.00%,"2,99 €","0,00 €",1,0
B0DNNL2TZQ,B0DNNF3839,"CUPERINOX Aceitera de Cristal Antigoteo para Aceite de Oliva, Resistente y Fácil de Limpiar Gourmet Oil Collection (1000 Ml)",22024,419,9,0.09%,0.08%,566,10,0.08%,0.06%,99.80%,100.00%,1,0,0.24%,0.00%,"18,49 €","0,00 €",1,0
B0DNNKT1W2,B0DNNJCHQP,"Cuperinox-Tetera de Cristal con Infusor para Té e Infusiones, Resistente al Calor y Compatible con Microondas ** - Infusion Prestige Collection (950 ml)",26113_,130,6,0.03%,0.06%,203,8,0.03%,0.05%,87.43%,100.00%,1,0,0.77%,0.00%,"29,99 €","0,00 €",1,0
B0DNNL6D3J,B0DNNL6D3J,Cuperinox Afilador Cuchillos | Afilador de Cuchillos Profesional | Knife Sharpener | Afilador 3 etapas | Todo tipo de cuchillos de acero y ceramica incluso cuchillo jamonero | Base Antideslizante,20775,78,3,0.02%,0.03%,98,3,0.01%,0.02%,100.00%,100.00%,1,0,1.28%,0.00%,"9,49 €","0,00 €",1,0
B0DPLG5V7Q,B0DPJDWB77,CUPERINOX Tazas de Capuccino de Cristal - Vaso cafe - Vaso Cristal - 200ml (Set de 2) - Apto para Lavavajillas y Microondas - Aroma Series,26121_,43,2,0.01%,0.02%,53,2,0.01%,0.01%,94.12%,100.00%,1,0,2.33%,0.00%,"13,99 €","0,00 €",1,0
B0DT73LYPQ,B0DT73LYPQ,"CUPERINOX Cuchillos Montessori | Set de Cuchillos Infantiles de 16 Piezas | Cuchillos Niños Aprendizaje +2 Años | Incluye Delantal, Guante de Seguridad, Moldes Tabla de Cortar | Kids Collection",27016,53,4,0.01%,0.04%,75,4,0.01%,0.02%,98.59%,100.00%,1,0,1.89%,0.00%,"19,99 €","0,00 €",1,0
B0DT75PQN7,B0DT75PQN7,"CUPERINOX Kit Cocina Montessori | Cuchillos Niños Aprendizaje +2 Años | Set Completo de Cuchillos Infantiles de 17 Piezas | Incluye Tijeras, Moldes, Batidor, Tabla y Cuchillo Seguro",27017_,72,2,0.01%,0.02%,106,2,0.01%,0.01%,100.00%,0.00%,1,0,1.39%,0.00%,"19,99 €","0,00 €",1,0