ASIN (parent),ASIN (child),Título,SKU,Sesiones: total,Sesiones - Total - B2B,Porcentaje de sesiones: total,Porcentaje de sesiones: total - B2B,Visitas: total,Visitas - Total - B2B,Porcentaje de visitas: total,Porcentaje de visitas - Total - B2B,Porcentaje de ofertas destacadas (Buy Box),Porcentaje de ofertas destacadas: B2B,Unidades encargadas,Unidades encargadas - B2B,Porcentaje de unidades por sesión,Porcentaje de sesiones de unidades - B2B,Ventas de productos encargados,Ventas de productos encargados: B2B,Total de artículos de un pedido,Total de artículos de un pedido - B2B
B0FDL4Q2JB,B0FDL4Q2JB,VINFERMATON – Insecticida Avispas y Avisperos Exterior Pack 2×600 ml | Antiavispas | Alcance hasta 4 m | Acción Inmediata Profesional | 100% MADE IN SPAIN,V0020_PACK2,"2,083",105,0.62%,1.16%,"3,103",159,0.65%,1.22%,87.71%,63.16%,509,57,24.44%,54.29%,"8.490,45 €","926,25 €",463,36
B0F1N351DY,B072FGV2YH,Arcos Juego de 6 Cuchillos Mondadores Acero Inoxidable 100 mm,189100,"4,640",167,1.38%,1.84%,"6,700",226,1.40%,1.73%,68.55%,29.87%,363,2,7.82%,1.20%,"5.987,76 €","32,98 €",338,2
B017HKRCGK,B005LR7A1Y,ARCOS Bolsa para Cuchillos 100% Poliéster 460x275 mm,690200_,"3,540",57,1.05%,0.63%,"5,578",75,1.17%,0.58%,67.19%,65.79%,225,9,6.36%,15.79%,"3.444,21 €","132,69 €",214,5
B08J488ZQG,B089QP6MYJ,Arcos Juego Cuchillos Carne | 6 Piezas | Cuchillos carne cuchillo chuleteros | cubiertos acero inoxidable | Hoja 110 mm | mango monobloque | aptos lavavajillas | Caja Envase Ecológico,815600_fba,"2,403",67,0.71%,0.74%,"3,801",109,0.80%,0.84%,99.42%,100.00%,250,6,10.40%,8.96%,"6.752,00 €","161,94 €",214,1
B09KJLG7BT,B08KW4BFZ9,CUPERINOX Jamonero Profesional | Soporte jamonero Tipo Gondola| Base de Corte para Usar con Cuchillo jamonero | Jamon iberico | Fabricado en España,2020CUP,"1,535",17,0.46%,0.19%,"2,301",25,0.48%,0.19%,96.75%,95.24%,188,6,12.25%,35.29%,"2.535,68 €","80,94 €",184,5
B08MT437W9,B08MT437W9,Arcos Juego Cuchillos Cocina Profesionales| Cuchillos Cocina Profesional | 6 pzas | Cuchillos Acero Inoxidable Mango Negro | utensilios de cocina serie Niza | Apto lavavajillas,812900,"7,705",91,2.29%,1.01%,"9,565",115,2.00%,0.88%,99.09%,100.00%,172,0,2.23%,0.00%,"5.583,18 €","0,00 €",171,0
B0BGRT2BVV,B09G9WBKPG,Arcos Juego de 6 Cuchillos de Mesa Chuleteros Hoja 110 mm Negro 705500,705500(805109),"7,918",225,2.35%,2.49%,"11,465",339,2.40%,2.60%,19.71%,3.97%,195,3,2.46%,1.33%,"2.338,45 €","35,97 €",171,1
B09DYJY471,B08MTCRCT4,Arcos Juego Cuchillos Cocina Profesionales| Cuchillos Cocina Profesional | Cuchillos Acero Inoxidable Mango Negro | utensilios de cocina | cuchillo japones Santoku | lavavajillas (5 Piezas),816800,"6,563",99,1.95%,1.09%,"9,127",132,1.91%,1.01%,99.81%,100.00%,168,1,2.56%,1.01%,"5.033,12 €","24,79 €",167,1
B08GSTDWTC,B08LVVQ3ZQ,"Arcos Serie Nova - Cuchillo para pelar, Acero Inoxidable NITRUM, Envase Ecológico, 3 colores Fucsia, Turquesa y Amarillo",703700_,"1,097",20,0.33%,0.22%,"1,704",32,0.36%,0.25%,99.22%,100.00%,159,2,14.49%,10.00%,"1.668,08 €","20,98 €",145,2
B0DPKXM18X,B0DNQT7LV3,"CUPERINOX Soporte Jamonero Balancín | Jamonero Giratorio Profesional | Jamonero Madera | Incluye Cuchillo Profesional, Afilador Funda Cubre Jamón| Jamoneros Elite Collection",20265_fbm,"3,628",144,1.08%,1.59%,"6,450",273,1.35%,2.09%,98.77%,100.00%,140,0,3.86%,0.00%,"12.600,09 €","0,00 €",139,0
B09DYJY471,B08MTCRCT4,Arcos Juego Cuchillos Cocina Profesionales| Cuchillos Cocina Profesional | Cuchillos Acero Inoxidable Mango Negro | utensilios de cocina | cuchillo japones Santoku | lavavajillas (5 Piezas),816800fbm,"6,563",99,1.95%,1.09%,"9,127",132,1.91%,1.01%,99.81%,100.00%,118,8,1.80%,8.08%,"3.537,30 €","237,40 €",116,7
B08NW1VQRT,B08NW1VQRT,CUPERINOX Navaja para Setas y Champiñones | Acero Inoxidable | Con Cepillo y Funda Incluida | Micológica,2181,"1,303",21,0.39%,0.23%,"2,012",37,0.42%,0.28%,99.66%,100.00%,134,6,10.28%,28.57%,"1.405,66 €","62,94 €",113,6
B07YM65C6J,B007TS6HMQ,ARCOS Pinza para Pescado Acero Inoxidable,605000_caja,642,14,0.19%,0.15%,890,19,0.19%,0.15%,97.54%,46.15%,106,6,16.51%,42.86%,"981,17 €","55,57 €",100,5
B095SDL23Y,B095SDL23Y,Arcos | cuchillos de mesa (6 ud) | cuchillos acero inoxidable con sierra cuchillo chuletero cuchillos chuleteros | Fabricado en España,813000,"1,104",28,0.33%,0.31%,"1,584",37,0.33%,0.28%,99.78%,100.00%,103,0,9.33%,0.00%,"1.646,97 €","0,00 €",100,0
B089MW6B1B,B078JNZS9T,Arcos Estuche de 3 Cuchillos Básicos de Cocina. Pack de Cuchillos con Hoja de Acero Inoxidable y Mango de Polieximetileno Aptos para Lavavajillas. Serie Universal. Color Negro,807400_us,"7,371",127,2.19%,1.40%,"9,553",159,2.00%,1.22%,59.52%,52.34%,94,9,1.28%,7.09%,"3.947,06 €","377,91 €",92,8
B09NT4VRN7,B0812BKN39,Arcos Juego de Cuchillos Mondadores de 3 Piezas,859800_barras_arcos,"17,316",375,5.14%,4.14%,"23,907",516,5.01%,3.96%,6.94%,8.89%,104,0,0.60%,0.00%,"1.002,32 €","0,00 €",92,0
B08NW1VQRT,B08NW1VQRT,CUPERINOX Navaja para Setas y Champiñones | Acero Inoxidable | Con Cepillo y Funda Incluida | Micológica,PE2181,"1,303",21,0.39%,0.23%,"2,012",37,0.42%,0.28%,99.66%,100.00%,102,0,7.83%,0.00%,"1.069,98 €","0,00 €",84,0
B0D4WK78XV,B0D4WK78XV,CUPERINOX Aceiteras para Aceite Usado | Grasera Acero Inoxidable 550ML con Filtro Metálico | Recipiente para Aceite Usado de Cocina y Grasa | Grasera Cocina Metálica 550ML 2Uds Metálico,F22105-22106,"1,945",47,0.58%,0.52%,"2,803",63,0.59%,0.48%,45.04%,89.74%,83,2,4.27%,4.26%,"993,89 €","23,98 €",83,2
B09DYJY471,B08MQJCD2V,Arcos Juego Cuchillos Cocina Profesionales| Cuchillos Cocina Profesional | Cuchillos Acero Inoxidable Mango Negro | utensilios de cocina | cuchillo japones Santoku | lavavajillas (4 Piezas),816900,"1,461",33,0.43%,0.36%,"1,912",41,0.40%,0.31%,99.47%,100.00%,81,4,5.54%,12.12%,"2.100,25 €","99,02 €",81,4
B017HKRCGK,B005LR7AWI,ARCOS Bolsa Portacuchillos 8 Piezas Poliéster 500x510mm,690400_,944,17,0.28%,0.19%,"1,321",28,0.28%,0.21%,70.66%,46.15%,71,2,7.52%,11.76%,"1.772,79 €","48,48 €",69,1
B0FJLTDB9J,B09RP6V156,"CUPERINOX® Alicates para pedicura, Profesional, Cortaúñas de Pies, Acero Inoxidable, Mango Ergonómico Antideslizante, Fácil Limpieza, Con Funda, 2 Años de Garantía",21920AM,"1,404",30,0.42%,0.33%,"2,048",45,0.43%,0.35%,50.00%,100.00%,65,5,4.63%,16.67%,"706,85 €","47,45 €",63,5
B08MT437W9,B08MT437W9,Arcos Juego Cuchillos Cocina Profesionales| Cuchillos Cocina Profesional | 6 pzas | Cuchillos Acero Inoxidable Mango Negro | utensilios de cocina serie Niza | Apto lavavajillas,812900fbm,"7,705",91,2.29%,1.01%,"9,565",115,2.00%,0.88%,99.09%,100.00%,61,5,0.79%,5.49%,"1.981,89 €","162,45 €",60,5
B0752NT3TH,B005LR77GC,ARCOS Tijeras de Cocina Profesional 235 mm,185701,"1,536",60,0.46%,0.66%,"2,337",88,0.49%,0.68%,16.15%,6.25%,65,0,4.23%,0.00%,"593,47 €","0,00 €",58,0
B017DLM9SO,B017DLM9SO,ARCOS Tenedores para Tartas Acero Inoxidable 18/10 140 mm,574300_,940,38,0.28%,0.42%,"1,370",53,0.29%,0.41%,29.24%,2.63%,59,0,6.28%,0.00%,"605,43 €","0,00 €",55,0
B08J488ZQG,B089QP6MYJ,Arcos Juego Cuchillos Carne | 6 Piezas | Cuchillos carne cuchillo chuleteros | cubiertos acero inoxidable | Hoja 110 mm | mango monobloque | aptos lavavajillas | Caja Envase Ecológico,815600_,"2,403",67,0.71%,0.74%,"3,801",109,0.80%,0.84%,99.42%,100.00%,67,25,2.79%,37.31%,"1.753,55 €","630,05 €",54,14
B0D4WK78XV,B0D4WK78XV,CUPERINOX Aceiteras para Aceite Usado | Grasera Acero Inoxidable 550ML con Filtro Metálico | Recipiente para Aceite Usado de Cocina y Grasa | Grasera Cocina Metálica 550ML 2Uds Metálico,22105-22106,"1,945",47,0.58%,0.52%,"2,803",63,0.59%,0.48%,45.04%,89.74%,56,7,2.88%,14.89%,"668,94 €","81,43 €",54,6
B06XD39V8J,B06XD39V8J,VINFERMATON – Insecticida Cucarachas y Hormigas Residual 400 ml | Spray Efecto Duradero para Interior y Exterior | Profesional Doméstico | 100 % MADE IN SPAIN,V0012_,807,20,0.24%,0.22%,"1,121",27,0.23%,0.21%,48.02%,72.73%,61,6,7.56%,30.00%,"484,27 €","47,64 €",53,6
B0DPKXM18X,B0DNQT7LV3,"CUPERINOX Soporte Jamonero Balancín | Jamonero Giratorio Profesional | Jamonero Madera | Incluye Cuchillo Profesional, Afilador Funda Cubre Jamón| Jamoneros Elite Collection",20265_,"3,628",144,1.08%,1.59%,"6,450",273,1.35%,2.09%,98.77%,100.00%,52,13,1.43%,9.03%,"4.620,98 €","1.111,37 €",51,12
B0CYTKGNPM,B0CW68KM18,Pelador de Cocina ARCOS - Hoja de Acero Inoxidable | Mango Ergonómico | Herramienta Versátil para Pelar Frutas y Verduras,607300,"1,221",34,0.36%,0.38%,"1,446",35,0.30%,0.27%,89.87%,94.74%,51,0,4.18%,0.00%,"390,27 €","0,00 €",50,0
B08GSTDWTC,B08G4D9718,"Arcos | Cuchillos 3 Colores | Cuchillo de pelar | Cuchillos pelar Patatas | Acero Inoxidable Nitrum| Envase Ecológico | Cuchillo Colores (85 mm, Amarillo, Turquesa, Naranja)",816700_francia,507,14,0.15%,0.15%,672,16,0.14%,0.12%,99.16%,100.00%,49,2,9.66%,14.29%,"478,07 €","19,50 €",47,2
B09381N96H,B07G75XCXM,"Arcos Serie Cuchillos de Mesa Caja 12 uds Cuchillo Mesa, Hoja Serrada de Acero Inoxidable NITRUM de 125 mm, Mango Polipropileno Color crema (12 UDS)",370200_fbm,464,12,0.14%,0.13%,764,19,0.16%,0.15%,96.95%,100.00%,55,11,11.85%,91.67%,"1.099,45 €","219,89 €",45,2
B08G8QCM5H,B08G8QCM5H,ARCOS cuchillo pelador | 6 PIEZAS | cuchillo de pelar | cuchillos pelar patatas | Hoja 100 mm | Negro | cuchillo arcos pelador Acero Inoxidable,816500_,466,19,0.14%,0.21%,634,24,0.13%,0.18%,100.00%,100.00%,50,9,10.73%,47.37%,"949,50 €","170,91 €",43,7
B098BLF7X6,B098BLF7X6,"Tradineur - Grasera metálica para pescado con filtro, aceitera con colador para conservación de aceite de acero inoxidable, recipiente para colar aceites - Ø 9 cm",22106_us,409,13,0.12%,0.14%,552,18,0.12%,0.14%,99.40%,100.00%,44,2,10.76%,15.38%,"329,56 €","14,98 €",43,1
B0F4WTVT1Z,B09GPS4SQN,"HENDI Pasta combustible para Chafing Dish, 12 x 200 g",H194362,719,39,0.21%,0.43%,"1,103",56,0.23%,0.43%,59.92%,7.32%,46,3,6.40%,7.69%,"960,12 €","62,55 €",43,3
B0FH2NLMGN,B0FH2NLMGN,VINFERMATON Insecticida Hormigas y Cucarachas Residual | Antihormigas | Pack 2×400 ml | Efecto hasta 1 año | Interior y Exterior | Profesional Doméstico | 100% MADE IN SPAIN,V0012_PACK2,421,14,0.12%,0.15%,603,21,0.13%,0.16%,97.37%,100.00%,48,6,11.40%,42.86%,"719,52 €","89,94 €",40,3
B093DSL44T,B07F9RV81Z,Arcos Cuchillo Chuletero de 4 Pulgadas con Hoja de 105mm en Acero Inoxidable y Mango de Madera. Cuchillo para Carne Apto para Lavavajillas. Serie Latina. Color Marrón,100400_fba,842,8,0.25%,0.09%,"1,271",11,0.27%,0.08%,74.89%,100.00%,34,0,4.04%,0.00%,"1.223,66 €","0,00 €",34,0
B08M7BMR2S,B08LNRV6N6,"Arcos Afiladores, Afilador de Cuchillos de Mano, Hecho de ABS + TPE, Rodillos Cerámico y Carburo, Color Blanco y Negro",610624,765,21,0.23%,0.23%,963,29,0.20%,0.22%,99.26%,100.00%,34,2,4.44%,9.52%,"463,64 €","25,02 €",34,2
B09N7S17J6,B09D3YRGL9,"CUPERINOX Navaja Plegable Multiusos – Hoja de Acero Inoxidable 80 mm (Filo Liso + Serrado), Punta Rompevidrios, Apertura Rápida, Clip de Cinturón, Herramienta para Camping, Caza, Pesca y Supervivencia",30061_,833,21,0.25%,0.23%,"1,195",27,0.25%,0.21%,98.44%,93.33%,34,1,4.08%,4.76%,"339,66 €","9,99 €",34,1
B0FGDJJ12N,B0FGDJJ12N,VINFERMATON – Insecticida Avispas y Nidos Exterior 600 ml | Válvula Largo Alcance hasta 4 m | Acción Profesional Inmediata | 100% MADE IN SPAIN,V0020,184,5,0.05%,0.06%,241,7,0.05%,0.05%,96.26%,100.00%,39,3,21.20%,60.00%,"467,61 €","35,97 €",34,3
B017HKG9PK,B0044R87YQ,Arcos Cuchillo para Maitre Negro 100 mm,150500_pp,"1,131",35,0.34%,0.39%,"1,519",49,0.32%,0.38%,32.84%,18.92%,41,0,3.63%,0.00%,"408,11 €","0,00 €",33,0
B0DNNL2TZQ,B0DNN4J6Q8,"CUPERINOX Aceitera antigoteo cristal para Aceite de Oliva, Vinagre etc. A prueba de fugas, Aceitera cristal antigoteo tambien aceiteros cocina ideal para Ensaladas, BBQ, cooking oil container (125 ML)",22021_,463,20,0.14%,0.22%,644,27,0.13%,0.21%,99.32%,100.00%,35,5,7.56%,25.00%,"400,17 €","55,47 €",32,4
B07YM65C6J,B007TS6HMQ,ARCOS Pinza para Pescado Acero Inoxidable,605000_605010,642,14,0.19%,0.15%,890,19,0.19%,0.15%,97.54%,46.15%,31,1,4.83%,7.14%,"294,49 €","9,49 €",31,1
B0752X1ZCK,B07G77NN26,Arcos Cuchillos de Mesa - Caja de 12 uds Cuchillo Chuletero Cuchillo de Mesa - Hoja de Acero Inoxidable NITRUM 110 mm - Mango de Nylon - Color Negro (12 uds),803000,"1,113",28,0.33%,0.31%,"1,604",38,0.34%,0.29%,88.44%,100.00%,33,1,2.96%,3.57%,"956,67 €","28,99 €",31,1
B0DNNL2TZQ,B0DNN57WC1,"CUPERINOX Aceitera de Cristal Antigoteo para Aceite de Oliva, Resistente y Fácil de Limpiar Gourmet Oil Collection (250 Ml)",22022_,395,18,0.12%,0.20%,566,28,0.12%,0.21%,98.72%,100.00%,32,3,8.10%,16.67%,"383,68 €","35,97 €",31,3
B08Y8NS7PN,B08MT61GJV,Arcos Juego Cuchillos Cocina | 2 pzas |Profesional (150 mm) | Cuchillo Cortador Verduras (100 mm)| Acero Inoxidable Nitrum | Mango Negro | Envase Eco,819900fbm,294,9,0.09%,0.10%,411,10,0.09%,0.08%,98.34%,100.00%,30,1,10.20%,11.11%,"540,30 €","17,99 €",30,1
B0C4DTYRJW,B071LGMMGV,Arcos Juego Cuchillos Cocina Profesionales| Cuchillos Cocina Profesional Set Cuchillos | Mango Negro (3 Piezas),862600,956,16,0.28%,0.18%,"1,395",21,0.29%,0.16%,98.88%,100.00%,29,0,3.03%,0.00%,"1.159,71 €","0,00 €",29,0
B017DLH9RA,B017DLH9RA,ARCOS Cuchillo Abre Ostras Acero Inoxidable 60 mm,227200_us,343,16,0.10%,0.18%,478,30,0.10%,0.23%,36.38%,60.71%,40,12,11.66%,75.00%,"318,47 €","94,49 €",28,5
B07F9GQZCB,B07F9GQZCB,Arcos Cuchillo para Verduras de 4 Pulgadas con Hoja de 105mm en Acero Inoxidable y Mango de Madera. Cuchillo para Vegetales Apto para Lavavajillas. Serie Latina. Color Marrón,100500,309,6,0.09%,0.07%,482,8,0.10%,0.06%,96.53%,100.00%,28,0,9.06%,0.00%,"1.035,72 €","0,00 €",28,0
B0752X1ZCK,B07G77NN26,Arcos Cuchillos de Mesa - Caja de 12 uds Cuchillo Chuletero Cuchillo de Mesa - Hoja de Acero Inoxidable NITRUM 110 mm - Mango de Nylon - Color Negro (12 uds),803000_fmb,"1,113",28,0.33%,0.31%,"1,604",38,0.34%,0.29%,88.44%,100.00%,28,1,2.52%,3.57%,"811,72 €","28,99 €",28,1
B08M7BMR2S,B08LNRV6N6,"Arcos Afiladores, Afilador de Cuchillos de Mano, Hecho de ABS + TPE, Rodillos Cerámico y Carburo, Color Blanco y Negro",610624_fbm,765,21,0.23%,0.23%,963,29,0.20%,0.22%,99.26%,100.00%,28,0,3.66%,0.00%,"383,82 €","0,00 €",28,0
B0B3CWSDRQ,B00CF20V2I,ARCOS Chaira Afilador Manual Acero Carbono Cromado Negro 230 mm,278100_,277,5,0.08%,0.06%,385,6,0.08%,0.05%,90.83%,83.33%,32,9,11.55%,180.00%,"360,93 €","90,30 €",27,4
B09QDH8MSK,B07N8VWHT9,Arcos Tacos - Bloque Universal para Cuchillos hasta 20 cm - Hecho de Caucho Termoplástico 220 x 160 x 65 mm - Color Negro,794500_,855,19,0.25%,0.21%,"1,226",22,0.26%,0.17%,35.93%,37.50%,27,0,3.16%,0.00%,"701,73 €","0,00 €",27,0
B09DYJY471,B08MQJCD2V,Arcos Juego Cuchillos Cocina Profesionales| Cuchillos Cocina Profesional | Cuchillos Acero Inoxidable Mango Negro | utensilios de cocina | cuchillo japones Santoku | lavavajillas (4 Piezas),816900fba,"1,461",33,0.43%,0.36%,"1,912",41,0.40%,0.31%,99.47%,100.00%,28,2,1.92%,6.06%,"726,68 €","50,94 €",27,1
B0C4DTYRJW,B094QVHPQ8,Arcos Juego Cuchillos Cocina Profesionales| Cuchillos Cocina Profesional Set Cuchillos | Mango Negro (4 Piezas),813500FBM,703,10,0.21%,0.11%,"1,006",12,0.21%,0.09%,99.43%,87.50%,28,1,3.98%,10.00%,"1.119,26 €","39,95 €",27,1
B0F1N351DY,B072FGV2YH,Arcos Juego de 6 Cuchillos Mondadores Acero Inoxidable 100 mm,189100_2,"4,640",167,1.38%,1.84%,"6,700",226,1.40%,1.73%,68.55%,29.87%,28,22,0.60%,13.17%,"474,56 €","371,06 €",26,20
B08M9NWMW8,B08M9NWMW8,Arcos Juego de Cuchillos de Cocina Profesional y Afilador | 7 Piezas | Acero Inoxidable | Taco de Madera | Serie Niza | Uso Cotidiano | Apto para Lavavajillas,835800FBM,610,10,0.18%,0.11%,856,13,0.18%,0.10%,99.74%,100.00%,26,0,4.26%,0.00%,"1.431,56 €","0,00 €",26,0
B0CQ5G2HVQ,B09T9S9NZ4,"Arcos Sarten Antiadherente 24 cm - Aluminio Forjado, Full Induction, Mango Acero Inoxidable Efecto Frío, Apta Lavavajillas, Ahorro Energético, Serie Samoa",716310,538,6,0.16%,0.07%,748,8,0.16%,0.06%,76.64%,50.00%,26,0,4.83%,0.00%,"968,50 €","0,00 €",26,0
B0DNNL2TZQ,B0DNNFGWNJ,"CUPERINOX Aceitera de Cristal Antigoteo para Aceite de Oliva, Resistente y Fácil de Limpiar Gourmet Oil Collection (500 Ml)",22023_,342,21,0.10%,0.23%,501,28,0.10%,0.21%,99.27%,100.00%,27,4,7.89%,19.05%,"396,74 €","51,97 €",26,4
B09GSCQQF9,B07G77FNSF,"Arcos Serie Cuchillos de Mesa Caja 12 uds Cuchillo Postre, Hoja Serrada de Acero Inoxidable NITRUM de 105 mm, Mango Polipropileno Color crema (12 UDS)",370100_us,389,10,0.12%,0.11%,559,14,0.12%,0.11%,99.61%,100.00%,38,11,9.77%,110.00%,"686,20 €","193,45 €",25,3
B08Q7W1Q4K,B08Q7W1Q4K,"Tradineur - Pack de 2 Graseras de metal de Ø 9,3 x 11 cm - Incluye filtro, asa y tapa - Aceitera con colador para conservación de aceite de acero inoxidable - Capacidad de 550 ml",22105+22106,270,8,0.08%,0.09%,354,11,0.07%,0.08%,98.78%,66.67%,25,0,9.26%,0.00%,"274,75 €","0,00 €",25,0
B017HKG9PK,B0044R87RS,Arcos Cuchillo para Maitre Negro 215 mm,151000,"4,213",120,1.25%,1.33%,"6,127",188,1.28%,1.44%,6.61%,10.27%,27,5,0.64%,4.17%,"404,98 €","74,95 €",24,4
B0CQLNJVKL,B0BRNMK276,"Arcos Sartenes Antiadherentes 20/24 cm - Aluminio Fundido, Asas Silicona, Ahorro Energético, Compatible con Inducción y Lavavajillas, Serie Thera, Negro/Azul",7198000,371,13,0.11%,0.14%,511,17,0.11%,0.13%,85.20%,84.62%,24,0,6.47%,0.00%,"1.212,00 €","0,00 €",24,0
B0CN13SJ98,B0CN13SJ98,"HENDI Expositor con cubierta deslizante roll-top, Doble",H871768,695,61,0.21%,0.67%,"1,076",96,0.23%,0.74%,53.79%,20.63%,25,3,3.60%,4.92%,"1.193,75 €","143,25 €",24,3
B017HKRCGK,B00BHZPGHO,ARCOS Bolsa Portacuchillos para 17 Piezas Poliéster Negra,691400_,523,13,0.16%,0.14%,738,14,0.15%,0.11%,94.68%,75.00%,24,0,4.59%,0.00%,"1.079,76 €","0,00 €",23,0
B06XB92VRH,B07T6J5JWM,CUPERINOX Cafetera Italiana Induccion Espresso Acero Inoxidable 12 Tazas,25035,460,13,0.14%,0.14%,694,17,0.15%,0.13%,99.66%,100.00%,23,1,5.00%,7.69%,"641,78 €","26,00 €",23,1
B08G8QHY23,B08G8QHY23,Arcos | cuchillos chuleteros cuchillo madera cuchillo chuletero | 6 Piezas | juego cuchillos carne | cuchillos mango madera | Envase Eco | Fabricado en España,809300,394,7,0.12%,0.08%,545,9,0.11%,0.07%,100.00%,100.00%,31,1,7.87%,14.29%,"744,09 €","23,99 €",23,1
B0CRDY65RY,B09T9QCXL9,Arcos Cacerola Antiadherente Aluminio Forjado 28 cm,717110,982,11,0.29%,0.12%,"1,394",17,0.29%,0.13%,86.22%,77.78%,24,0,2.44%,0.00%,"1.314,00 €","0,00 €",23,0
B0DNNL2TZQ,B0DNNF3839,"CUPERINOX Aceitera de Cristal Antigoteo para Aceite de Oliva, Resistente y Fácil de Limpiar Gourmet Oil Collection (1000 Ml)",22024_,302,12,0.09%,0.13%,463,16,0.10%,0.12%,99.27%,100.00%,25,2,8.28%,16.67%,"447,75 €","33,98 €",23,2
B0F1ZF7H1L,B005LR68DU,Arcos Cuchillo Jamonero con Alveolos 250 mm,231000_,741,37,0.22%,0.41%,"1,058",48,0.22%,0.37%,63.54%,57.14%,23,3,3.10%,8.11%,"770,27 €","100,47 €",22,3
B0937XXT33,B01CQT1B5U,"Arcos Cuchillos de Mesa Juego de Cuchillos Chuleteros Cuchillos de Mesa, Monoblock de una pieza de Acero Inoxidable 110 mm, Color Plata (12 uds)",702000,430,18,0.13%,0.20%,648,24,0.14%,0.18%,80.07%,100.00%,25,0,5.81%,0.00%,"1.199,75 €","0,00 €",22,0
B0714CRSCQ,B0714CRSCQ,Arcos Cuchillo Mondador Negro 100 mm,150300,813,20,0.24%,0.22%,"1,228",27,0.26%,0.21%,19.31%,0.00%,28,0,3.44%,0.00%,"278,60 €","0,00 €",22,0
B0CYTKGNPM,B0CW68KM18,Pelador de Cocina ARCOS - Hoja de Acero Inoxidable | Mango Ergonómico | Herramienta Versátil para Pelar Frutas y Verduras,607300_,"1,221",34,0.36%,0.38%,"1,446",35,0.30%,0.27%,89.87%,94.74%,22,1,1.80%,2.94%,"186,78 €","8,49 €",22,1
B0F1N351DY,B073V5RN1J,Arcos Cuchillo Mondador Acero Inoxidable NITRUM 100 mm - Ideal para Pelar Frutas y Verduras - Mango Ergonómico Polipropileno Negro - Serie Nova,816500_1pieza,525,8,0.16%,0.09%,636,9,0.13%,0.07%,98.94%,100.00%,29,1,5.52%,12.50%,"130,28 €","4,49 €",21,1
B0DVT6KPDV,B0DT6ZPGVQ, ,27008,255,4,0.08%,0.04%,366,5,0.08%,0.04%,100.00%,100.00%,23,2,9.02%,50.00%,"268,19 €","19,82 €",21,1
B06XB92VRH,B00YU2ZWGG,CUPERINOX Cafetera Italiana Induccion Espresso Acero Inoxidable 10 Tazas,25034,308,5,0.09%,0.06%,467,9,0.10%,0.07%,99.25%,100.00%,21,0,6.82%,0.00%,"420,12 €","0,00 €",20,0
B017HKRCGK,B005LR7C44,ARCOS Bolsa Portacuchillos 12 Piezas Poliéster 730x510mm,690500_,"1,417",22,0.42%,0.24%,"2,146",32,0.45%,0.25%,9.54%,0.00%,20,0,1.41%,0.00%,"558,80 €","0,00 €",19,0
B0F54LTCFF,B00J4L7FEU,Arcos Hachuela Macheta de Cocina Acero Inoxidable 160 mm,282404_us,896,31,0.27%,0.34%,"1,386",46,0.29%,0.35%,32.58%,57.14%,19,4,2.12%,12.90%,"467,21 €","95,96 €",19,4
B0F54LTCFF,B07JJGTQK4,Arcos Conjunto Cuchillos 3 piezas - Acero Inoxidable Nitrum y Hoja mm. Cuchillo cocina profesional cocinar. 590 gr. Mango ergonómico polioximetileno POM. Serie Universal. Mayor control. Color negro.,807410_,366,4,0.11%,0.04%,587,4,0.12%,0.03%,80.11%,100.00%,20,0,5.46%,0.00%,"809,80 €","0,00 €",19,0
B09KJLG7BT,B098TFPYLY,CUPERINOX Jamonero profesional Gondola | tabla jamon | Cuchillo Jamonero Alveolos Acero Inox + Cubre Jamón Universal | Set cortar jamón (3 PZAS) | Sujeta jamones | tabla jamonero,20228FBM,206,2,0.06%,0.02%,304,2,0.06%,0.02%,99.62%,100.00%,19,0,9.22%,0.00%,"664,81 €","0,00 €",19,0
B0F9TD2LTH,B09CL776WP,CUPERINOX® Cuchillos de Mesa Acero Inoxidable – Set 12 Cuchillos para Carne con Filo Dentado – Aptos Lavavajillas – Uso Diario y Profesional,15015,598,34,0.18%,0.38%,911,57,0.19%,0.44%,56.69%,68.89%,30,15,5.02%,44.12%,"608,00 €","291,05 €",19,9
B0FJLTDB9J,B09RP6V156,"CUPERINOX® Alicates para pedicura, Profesional, Cortaúñas de Pies, Acero Inoxidable, Mango Ergonómico Antideslizante, Fácil Limpieza, Con Funda, 2 Años de Garantía",21920AM_fba,"1,404",30,0.42%,0.33%,"2,048",45,0.43%,0.35%,50.00%,100.00%,29,15,2.07%,50.00%,"308,96 €","140,70 €",19,6
B0F9X4NXL3,B0F9KW1V3K,"Cuchillos Mesa, cuchillo carne, cuchillo mantequilla, Set 12 piezas, acero inoxidable, hoja con filo y sierra, cuchillo untar. Apto lavavajillas. Mango ergonomico",20043_12,653,12,0.19%,0.13%,905,12,0.19%,0.09%,99.64%,100.00%,19,0,2.91%,0.00%,"220,81 €","0,00 €",19,0
B017HKSTCQ,B00VRWSIUO,Arcos Serie Ecopro - Tijeras de Cocina - Acero Inoxidable 240 mm - Mango de Acero Inoxidable - Color Plata,809800_,614,16,0.18%,0.18%,796,19,0.17%,0.15%,55.70%,36.36%,18,1,2.93%,6.25%,"333,12 €","18,49 €",18,1
B017DLHEGQ,B017DLHEGQ,Arcos Chaira Afilador Manual de Cuchillos 230 mm,279400,567,18,0.17%,0.20%,897,30,0.19%,0.23%,16.25%,4.76%,18,0,3.17%,0.00%,"303,15 €","0,00 €",18,0
B09NT4VRN7,B0812BKN39,Arcos Juego de Cuchillos Mondadores de 3 Piezas,859800_,"17,316",375,5.14%,4.14%,"23,907",516,5.01%,3.96%,6.94%,8.89%,30,29,0.17%,7.73%,"288,34 €","277,35 €",18,17
B08LVZCG23,B08LVZCG23,Arcos Juego de Cuchillos de Cocina Rosa | 3 pz | Cuchillo Chef para pelar Verduras | Edición Limitada | Solidaria,814500,413,4,0.12%,0.04%,596,6,0.12%,0.05%,99.04%,100.00%,18,0,4.36%,0.00%,"539,82 €","0,00 €",18,0
B0DNNL2TZQ,B0DNN57WC1,"CUPERINOX Aceitera de Cristal Antigoteo para Aceite de Oliva, Resistente y Fácil de Limpiar Gourmet Oil Collection (250 Ml)",22022,395,18,0.12%,0.20%,566,28,0.12%,0.21%,98.72%,100.00%,22,6,5.57%,33.33%,"263,68 €","71,94 €",18,2
B0F1ZF7H1L,B005LR6GE6,Arcos Cuchillo Cocinero Negro 250 mm,233700_,"1,128",23,0.33%,0.25%,"1,415",33,0.30%,0.25%,45.09%,60.87%,17,2,1.51%,8.70%,"730,83 €","85,98 €",17,2
B017HKR8WS,B005LR7EP6,ARCOS Afilador de Cuchillos Profesional ABS,610000,"2,337",80,0.69%,0.88%,"3,461",132,0.72%,1.01%,18.61%,25.77%,17,4,0.73%,5.00%,"1.117,83 €","259,96 €",17,4
B093DXB2PK,B00MDJVRG2,Arcos Latina Cuchillo para Verduras Acero Inoxidable 105 mm,100500_1_pieza,139,4,0.04%,0.04%,222,8,0.05%,0.06%,98.44%,100.00%,35,0,25.18%,0.00%,"174,65 €","0,00 €",17,0
B0B8Z4CJBC,B07F2YVB15,"Arcos Juego Cuchillos Pelar Acero Inoxidable Nitrum 4""",136500,"1,351",44,0.40%,0.49%,"2,070",57,0.43%,0.44%,30.36%,24.39%,23,0,1.70%,0.00%,"442,84 €","0,00 €",17,0
B0CYTKGNPM,B0CW66H3TR,Pelador de Tomate ARCOS - Hoja Serrada de Acero Inoxidable | Mango Ergonómico | Ideal para Tomates,607420,"1,334",25,0.40%,0.28%,"1,530",27,0.32%,0.21%,85.36%,87.50%,18,2,1.35%,8.00%,"142,43 €","14,59 €",17,2
B00CRMZA8Q,B00CRMZA8Q,ARCOS Sacacorchos Eléctrico en ABS con Batería Interna Recargable. Abrebotellas Eléctrico Moderno y Elegante con Cortacápsulas y Luz Indicadora. Color Negro,604600_,"1,177",33,0.35%,0.36%,"1,585",41,0.33%,0.31%,21.58%,34.62%,16,0,1.36%,0.00%,"689,26 €","0,00 €",16,0
B0752TTMS8,B00D3LFAEE,Arcos Chairas - Chaira Afilador Manual de Cuchillos - Cuerpo Ovalado de Acero al Carbono Recubierto de Diamante de 280 mm y 17 mm de diámetro - Mango Polipropileno Color Negro,279200,"1,144",36,0.34%,0.40%,"1,627",47,0.34%,0.36%,22.63%,21.43%,16,2,1.40%,5.56%,"639,84 €","79,98 €",16,2
B08M5K93QF,B08M5K93QF,Arcos Juego Cuchillos Mesa | 6 Uds | Cuchillo Postre | Cuchillos Mesa | Cuchillo Carne | Hoja 105 mm | Acero Inoxidable Martensítico | Mango Polipropileno | Apto lavavajillas | Envase Ecológico,703500_etq,126,1,0.04%,0.01%,193,1,0.04%,0.01%,100.00%,100.00%,18,0,14.29%,0.00%,"197,82 €","0,00 €",16,0
B0C65FDB33,B0C65FDB33,Arcos Serie Samoa | Batería de Cocina 5 piezas | Aluminio Forjado | Full Inductino | Asas Acero Inoxidable Efecto Frio | Sistema ahorro energético | Apta lavavajillas | Color Negro,697500,933,12,0.28%,0.13%,"1,449",22,0.30%,0.17%,93.86%,100.00%,16,0,1.71%,0.00%,"3.116,00 €","0,00 €",16,0
B017HKG9PK,B0044R883Q,Arcos Cuchillo Mondador Negro 80 mm,150200-cod_barras_arcos,"1,501",38,0.45%,0.42%,"2,055",57,0.43%,0.44%,9.98%,18.37%,16,0,1.07%,0.00%,"159,20 €","0,00 €",15,0
B0F1ZF7H1L,B005LR6FAG,"Arcos Cuchillo Cocina Forjado en Acero Inoxidable y Hoja de 200mm. Cuchillo Chef Profesional para Cortar Pescado, Carne y Cebolla. Mango Ergonómico Polioximetileno. Serie Riviera. Color Negro.",233600_,"1,228",29,0.36%,0.32%,"1,733",35,0.36%,0.27%,36.54%,25.00%,16,0,1.30%,0.00%,"519,84 €","0,00 €",15,0
B0891RBKPX,B007TS6HCQ,ARCOS Pelador de Patatas y Verduras Profesional Acero Inoxidable 60 mm,612100,133,2,0.04%,0.02%,238,3,0.05%,0.02%,90.70%,100.00%,15,1,11.28%,50.00%,"127,35 €","8,49 €",15,1
B08JCVQ4QL,B08JCVQ4QL,"Arcos Series Niza - Juego de Cuchillos Cocina, 6 Piezas, Cuchillos Verduras 110 mm, + Cuchillo Mesa, Envase 100% Ecológico, Acero Inoxidable NITRUM",809400,402,7,0.12%,0.08%,554,9,0.12%,0.07%,100.00%,100.00%,17,3,4.23%,42.86%,"338,93 €","59,07 €",15,1
B0F9TD2LTH,B09CL776WP,CUPERINOX® Cuchillos de Mesa Acero Inoxidable – Set 12 Cuchillos para Carne con Filo Dentado – Aptos Lavavajillas – Uso Diario y Profesional,15015_,598,34,0.18%,0.38%,911,57,0.19%,0.44%,56.69%,68.89%,24,5,4.01%,14.71%,"527,76 €","109,95 €",15,2
B09N7S17J6,B09D3YRGL9,"CUPERINOX Navaja Plegable Multiusos – Hoja de Acero Inoxidable 80 mm (Filo Liso + Serrado), Punta Rompevidrios, Apertura Rápida, Clip de Cinturón, Herramienta para Camping, Caza, Pesca y Supervivencia",30061_solo_navaja,833,21,0.25%,0.23%,"1,195",27,0.25%,0.21%,98.44%,93.33%,16,0,1.92%,0.00%,"160,69 €","0,00 €",15,0
B0CQ5G2HVQ,B09T6L1F99,"Arcos Sarten Antiadherente 28 cm - Aluminio Forjado, Full Induction, Mango Acero Inoxidable, Apta Lavavajillas, Ahorro Energético, Serie Samoa",716510,326,12,0.10%,0.13%,506,12,0.11%,0.09%,48.36%,28.57%,15,0,4.60%,0.00%,"637,50 €","0,00 €",15,0
B0CQ5G2HVQ,B09T6L1FNG,"Arcos Sarten Antiadherente 20 cm - Aluminio Forjado, Full Induction, Mango Acero Inoxidable Efecto Frío, Apta Lavavajillas, Ahorro Energético, Serie Samoa, Negro",716110,228,6,0.07%,0.07%,327,9,0.07%,0.07%,71.48%,40.00%,15,0,6.58%,0.00%,"449,85 €","0,00 €",15,0
B0DQV6381X,B0DQDQ1DB8,CUPERINOX Jamonero | Jamonero Giratorio | Tabla Cortar Jamon | Jamoneros Profesional | Jamonero Plegable | Tabla Jamon | Cortador de Jamon,SC_20270,300,8,0.09%,0.09%,417,9,0.09%,0.07%,98.66%,100.00%,15,1,5.00%,12.50%,"528,75 €","35,25 €",15,1
B08G8QHY23,B08G8QHY23,Arcos | cuchillos chuleteros cuchillo madera cuchillo chuletero | 6 Piezas | juego cuchillos carne | cuchillos mango madera | Envase Eco | Fabricado en España,809300_,394,7,0.12%,0.08%,545,9,0.11%,0.07%,100.00%,100.00%,16,1,4.06%,14.29%,"383,84 €","23,99 €",14,1
B09T6HFG2F,B09T6HFG2F,Arcos Wok Antiadherente Aluminio Forjado 28 cm,717510,197,2,0.06%,0.02%,297,2,0.06%,0.02%,91.16%,100.00%,14,0,7.11%,0.00%,"598,50 €","0,00 €",14,0
B0CRDY65RY,B09T9QCL8D,"Arcos Cazuela Antiadherente de 24 cm y 4,3 L | Aluminio Forjado | Adecuada para cualquier cocina | Mangos de Acero Inoxidable con Efecto Frío | Color Negro | Inducción completa. Serie Ollas Samoa",717010,369,11,0.11%,0.12%,518,14,0.11%,0.11%,97.57%,100.00%,14,1,3.79%,9.09%,"685,29 €","48,94 €",14,1
B09T9TSXHB,B09T9TSXHB,"Arcos Grill Antiadherente 28x28 cm - Aluminio Forjado, Full Induction, Mango Acero Inoxidable Efecto Frío, Ahorro Energético, Apta Lavavajillas, Serie Samoa",717410,178,5,0.05%,0.06%,275,10,0.06%,0.08%,95.02%,100.00%,15,0,8.43%,0.00%,"689,25 €","0,00 €",14,0
B0CQ5G2HVQ,B0BRNJF5D2,Arcos Serie Samoa | Lote de Sartenes 20 y 24 cm | Aluminio Forjado | Full Induction | Mango Acero Inoxidable Efecto Frio | Sistema ahorro energético | Apta lavavajillas | Color Negro,717810,436,8,0.13%,0.09%,612,10,0.13%,0.08%,95.91%,100.00%,14,0,3.21%,0.00%,"839,30 €","0,00 €",14,0
B0C2QFPLX9,B0C2QFPLX9,FAMILIA VINCARE (MULTIUSOS INDIVIDUAL),MULTIUSOS750ML,97,1,0.03%,0.01%,126,4,0.03%,0.03%,90.99%,100.00%,14,0,14.43%,0.00%,"139,86 €","0,00 €",14,0
B0DQV6381X,B0DQR3T9MM,CUPERINOX Jamonero Profesional | Jamonero Giratorio Inoxidable | Jamonero Plegable | Tabla Cortar Jamon | Jamonera | Soporte Jamon,SC_20250,483,18,0.14%,0.20%,673,20,0.14%,0.15%,99.50%,100.00%,14,0,2.90%,0.00%,"769,86 €","0,00 €",14,0
B0752X4WV1,B005LR73R0,Arcos Juego Chuleteros Mango Madera 110 mm,372000,"3,041",69,0.90%,0.76%,"4,496",87,0.94%,0.67%,14.05%,15.87%,16,0,0.53%,0.00%,"383,52 €","0,00 €",13,0
B093313MH6,B093313MH6,Arcos | Cuchillo de deshuesar| Cuchillo deshuesador | cuchillo deshuesador jamón | cuchillo deshuesador (140 mm) Clásica| Envase Eco | cuchillo puntilla jamonero,256210,251,7,0.07%,0.08%,340,10,0.07%,0.08%,100.00%,100.00%,14,0,5.58%,0.00%,"279,86 €","0,00 €",13,0
B0CQ5G2HVQ,B09T6KY364,"Arcos Sarten Antiadherente 30 cm - Aluminio Forjado, Full Induction, Mango Acero Inoxidable Efecto Frío, Apta Lavavajillas, Ahorro Energético, Serie Samoa",716610,157,4,0.05%,0.04%,233,4,0.05%,0.03%,85.94%,50.00%,13,1,8.28%,25.00%,"591,50 €","45,50 €",13,1
B0CQ5G2HVQ,B09T6KZ499,"Arcos Sarten Antiadherente 32 cm - Aluminio Forjado, Full Induction, Mango Acero Inoxidable Efecto Frío, Apta Lavavajillas, Ahorro Energético, Serie Samoa",716710,230,4,0.07%,0.04%,335,8,0.07%,0.06%,91.38%,100.00%,14,0,6.09%,0.00%,"699,30 €","0,00 €",13,0
B0DNNKT1W2,B0DNNFJ5J7,"Cuperinox-Tetera de Cristal con Infusor para Té e Infusiones, Resistente al Calor y Compatible con Microondas ** - Infusion Prestige Collection (350 ml)",26110_,203,9,0.06%,0.10%,291,14,0.06%,0.11%,100.00%,100.00%,27,12,13.30%,133.33%,"404,73 €","179,88 €",13,1
B0DQV6381X,B0DQRF2HZK,CUPERINOX Jamonera Inoxidable | Jamonero | Soporte Jamonero | Tabla Jamon Inoxidable | Facil Montaje | Tabla Jamon Profesional,SC_20260,320,6,0.10%,0.07%,434,7,0.09%,0.05%,99.48%,100.00%,13,1,4.06%,16.67%,"298,87 €","22,99 €",13,1
B017HKG9PK,B0044R87ZA,Arcos Cuchillo Mondador de Acero Inoxidable. Cuchillo Cocina Profesional para Pelar Frutas y Verduras. Mango Ergonómico Polioximetileno y Hoja 150mm. Serie Maitre. Color Negro.,150700_,"1,118",27,0.33%,0.30%,"1,540",35,0.32%,0.27%,15.94%,13.04%,14,1,1.25%,3.70%,"153,86 €","10,99 €",12,1
B0752XP113,B0044R887W,Arcos Juego Cuchillos carne 4 piezas. Paquete Cuchillos bolsillo con borperla para cortar y filetear carne. Hoja y mango Acero Inoxidable monobloque. Serie Mesa.,378400_2,401,18,0.12%,0.20%,586,27,0.12%,0.21%,49.81%,68.18%,16,2,3.99%,11.11%,"335,42 €","41,56 €",12,1
B00W9SPO5M,B00W9SPO5M,Arcos Tijeras de Modista de Acero Forjado 178 mm - Uso Profesional y Doméstico - Niqueladas en Plata - Serie Style,504200,128,4,0.04%,0.04%,162,6,0.03%,0.05%,95.33%,100.00%,12,1,9.38%,25.00%,"173,38 €","13,99 €",12,1
B093DRZ154,B017DLDM3A,Arcos Cuchillo Mondador Madera 65 mm,100100_us,422,10,0.13%,0.11%,651,15,0.14%,0.12%,21.38%,35.71%,18,3,4.27%,30.00%,"98,91 €","16,47 €",12,3
B0B8Z4CJBC,B07F2YVB15,"Arcos Juego Cuchillos Pelar Acero Inoxidable Nitrum 4""",136500_2,"1,351",44,0.40%,0.49%,"2,070",57,0.43%,0.44%,30.36%,24.39%,16,8,1.18%,18.18%,"308,16 €","153,92 €",12,4
B08M99RZRV,B08M99RZRV,Arcos | Cuchillo Jamonero Cuchillo deshuesador | 2 Uds | Set cuchillos jamoneros 250 mm y cuchillo deshuesador (140 mm) jamonero profesional | cuchillo carnicero profesional | Eco,703800,431,14,0.13%,0.15%,545,31,0.11%,0.24%,99.80%,100.00%,13,1,3.02%,7.14%,"519,87 €","39,99 €",12,1
B09FQ5SZK8,B08MTWC7RD,Arcos Cuchillo Cocinero Acero Inoxidable Nitrum 210 mm,166800_fbm,443,9,0.13%,0.10%,636,20,0.13%,0.15%,72.86%,69.23%,12,1,2.71%,11.11%,"359,88 €","29,99 €",12,1
B095SDL23Y,B095SDL23Y,Arcos | cuchillos de mesa (6 ud) | cuchillos acero inoxidable con sierra cuchillo chuletero cuchillos chuleteros | Fabricado en España,813000_fbm,"1,104",28,0.33%,0.31%,"1,584",37,0.33%,0.28%,99.78%,100.00%,15,8,1.36%,28.57%,"243,23 €","127,80 €",12,6
B08J488ZQG,B0987N2CBR,Arcos Juego Cuchillos Carne | 6 Piezas | Cuchillos carne cuchillo chuleteros | cubiertos acero inoxidable | Hoja 110 mm | mango monobloque | aptos lavavajillas | Caja Envase Ecológico,814000_fba,620,16,0.18%,0.18%,714,18,0.15%,0.14%,100.00%,100.00%,14,0,2.26%,0.00%,"391,86 €","0,00 €",12,0
B0FBRQYHVM,B0FBRNCHGJ,"CUPERINOX® Ventilador Portátil Silencioso y Recargable con Power Bank 20000mAh, +50H de batería – Ventilador de Mesa USB con Mando, Luz LED y 4 Velocidades – Ideal para Dormir, Camping y Hogar.",27000,314,10,0.09%,0.11%,493,18,0.10%,0.14%,99.50%,100.00%,13,1,4.14%,10.00%,"668,32 €","48,44 €",12,1
B007TS6HNK,B007TS6HNK,ARCOS Corta Pizzas Acero Inoxidable 100 mm,614800_,161,9,0.05%,0.10%,231,12,0.05%,0.09%,28.57%,12.50%,13,1,8.07%,11.11%,"155,87 €","11,99 €",11,1
B00IUPKTFS,B00IUPKTFS,"HENDI Sartén eléctrica multiusos, paellera cazuela olla plancha, de fiestas, revestimiento antiadherente, termostato, con tapa, interior: ø55cm profundidad: 6cm, 230V, 1600W, ø620x(H)190mm, aluminio",H239605,362,7,0.11%,0.08%,508,10,0.11%,0.08%,91.18%,66.67%,11,0,3.04%,0.00%,"1.089,71 €","0,00 €",11,0
B00U2QWO1K,B00U2QWO1K,Arcos Latina Cuchillo Chuletero Acero Inoxidable 105 mm,100400_1pieza,183,4,0.05%,0.04%,259,5,0.05%,0.04%,57.38%,25.00%,61,0,33.33%,0.00%,"228,75 €","0,00 €",11,0
B0189HXS8Q,B015QGR3CK,Arcos Serie Navajas Profesionales - Navaja Profesional - Hoja Filo de Acero Inoxidable NITRUM de 85 mm - Navaja de Acero Inoxidable Color amarillo,485900_fba,"1,152",22,0.34%,0.24%,"1,678",28,0.35%,0.21%,32.72%,38.10%,13,0,1.13%,0.00%,"94,25 €","0,00 €",11,0
B07F8Z6XL1,B07F8Z6XL1,VINFERMATÓN - Insecticida Matón Cucas Cucarachas y Hormigas Instantáneo 300ml,V101302,125,7,0.04%,0.08%,171,11,0.04%,0.08%,69.59%,40.00%,19,0,15.20%,0.00%,"149,84 €","0,00 €",11,0
B089M821V5,B089M821V5,Arcos Cuchillos Carne | 6 pzas | Cuchillos chuleteros Set Cuchillo de Mesa Sierra | Mango Madera | Hoja 110 mm | Cuchillos Carne Mesa | Apto lavavajillas | Envase Carton | Ecologico,815500_,536,18,0.16%,0.20%,760,33,0.16%,0.25%,99.12%,90.91%,12,0,2.24%,0.00%,"360,38 €","0,00 €",11,0
B08VS4FCLN,B08BX3WTPP,"Arcos Juego Cuchillos Cocina cuchillo blanco cuchillos | cuchillos cocina Maitre | 4 piezas | Chef 215 mm, Cocina 150 mm, Verduras 100 mm Tijera cocina (Blanco)",152624,292,8,0.09%,0.09%,409,11,0.09%,0.08%,99.72%,100.00%,11,1,3.77%,12.50%,"384,89 €","34,99 €",11,1
B0CQLNJVKL,B08TWZWRLW,"Arcos Thera Sartén Antiadherente de 24 Cm para Inducción, Gas y Vitrocerámica. Sartén de Cocina Mediana de Aluminio Fundido con Mango Ergonómico Extraíble y Apta para Lavavajillas. Color Negro y Azul",718300,152,4,0.05%,0.04%,197,6,0.04%,0.05%,78.57%,83.33%,11,1,7.24%,25.00%,"362,45 €","32,95 €",11,1
B0CQ5G2HVQ,B09T6G47Z6,"Arcos Sarten Antiadherente 26 cm - Aluminio Forjado, Full Induction, Mango Acero Inoxidable Efecto Frío, Apta Lavavajillas, Ahorro Energético, Serie Samoa",716410,196,2,0.06%,0.02%,283,2,0.06%,0.02%,86.23%,0.00%,11,0,5.61%,0.00%,"423,50 €","0,00 €",11,0
B0B2RHJYHB,B0B2RHJYHB,"HENDI Cesta para Freír, 8L, 242x200x(H)140mm",H933664,204,28,0.06%,0.31%,286,45,0.06%,0.35%,76.89%,48.72%,12,0,5.88%,0.00%,"455,88 €","0,00 €",11,0
B0CVH8PC99,B0CQTJ6T66,"CUPERINOX® Cuchillos de Mesa Acero Inoxidable – Set Profesional 12 Piezas con Hoja Serrada de 11 cm y Mango Ergonómico Antideslizante – Para Carne, Verduras y Pescado",99901_12pzs,268,25,0.08%,0.28%,343,28,0.07%,0.21%,100.00%,100.00%,12,9,4.48%,36.00%,"137,97 €","102,00 €",11,8
B0DKP7F29P,B0DJBZPLJF,Arcos Serie Samoa Iconic | Sarten Antiadherente Cerámico 28 cm | Aluminio Forjado | Apta cualquier cocina | Mango Acero Inoxidable | Apta lavavajillas | Color Beige | LIBRE DE (PFOA/PTFE/PFOS),716524,164,5,0.05%,0.06%,252,9,0.05%,0.07%,84.72%,100.00%,11,2,6.71%,40.00%,"483,45 €","87,90 €",11,2
B0DNNL2TZQ,B0DNNF3839,"CUPERINOX Aceitera de Cristal Antigoteo para Aceite de Oliva, Resistente y Fácil de Limpiar Gourmet Oil Collection (1000 Ml)",22024,302,12,0.09%,0.13%,463,16,0.10%,0.12%,99.27%,100.00%,11,0,3.64%,0.00%,"198,19 €","0,00 €",11,0
B0F9X4NXL3,B0F9KW1V3K,"Cuchillos Mesa, cuchillo carne, cuchillo mantequilla, Set 12 piezas, acero inoxidable, hoja con filo y sierra, cuchillo untar. Apto lavavajillas. Mango ergonomico",20043--12,653,12,0.19%,0.13%,905,12,0.19%,0.09%,99.64%,100.00%,13,0,1.99%,0.00%,"155,87 €","0,00 €",11,0
B0FDKY2RXG,B0FDKY2RXG,VINCARE Pack Limpieza Infantil – Detergente Biberones + Multiusos + Quitamanchas – Limpieza Segura para el Entorno del Bebé- 100% MADE IN SPAIN,PACK VINCARE,102,0,0.03%,0.00%,125,0,0.03%,0.00%,100.00%,0.00%,11,0,10.78%,0.00%,"162,54 €","0,00 €",11,0
B00I9XTKI8,B00I9XTKI8,ARCOS Taco Ovalado Protector de Cuchillos hasta 20 cm,794100_,694,16,0.21%,0.18%,946,22,0.20%,0.17%,26.76%,12.50%,10,1,1.44%,6.25%,"259,90 €","25,99 €",10,1
B06XB92VRH,B00YU2YTTM,CUPERINOX Cafetera Italiana Induccion Espresso Acero Inoxidable 4 Tazas,25032,383,8,0.11%,0.09%,553,10,0.12%,0.08%,68.99%,25.00%,10,0,2.61%,0.00%,"169,50 €","0,00 €",10,0
B0937XXT33,B01CQT1B5U,"Arcos Cuchillos de Mesa Juego de Cuchillos Chuleteros Cuchillos de Mesa, Monoblock de una pieza de Acero Inoxidable 110 mm, Color Plata (12 uds)",702000_us,430,18,0.13%,0.20%,648,24,0.14%,0.18%,80.07%,100.00%,12,0,2.79%,0.00%,"575,88 €","0,00 €",10,0
B071VT3MC3,B071VT3MC3,"Arcos Tijeras Manicura Curva de Acero Forjado, Uso Profesional y Doméstico, 102 mm, Niqueladas en Plata, Serie Style",500600_,49,1,0.01%,0.01%,67,2,0.01%,0.02%,91.67%,0.00%,10,0,20.41%,0.00%,"109,90 €","0,00 €",10,0
B07DC711NK,B07DC711NK,"HENDI Batidora de Mano, Carcasa de ABS, Brazo Batidor de Acero Inoxidable, Cuchillas cruzadas con Revestimiento de Titanio, 6 Velocidades, Pantalla LCD, 250W, 230V, Procesa de 1-8 Litros, ø71x(H)444mm",H222157,375,47,0.11%,0.52%,535,75,0.11%,0.58%,51.68%,14.52%,10,0,2.67%,0.00%,"1.100,62 €","0,00 €",10,0
B0F66KBPV1,B07N7Y7LD9,HENDI Cesta de lavavajillas Profesional para Vasos,H871348,252,26,0.07%,0.29%,380,43,0.08%,0.33%,79.65%,3.13%,10,0,3.97%,0.00%,"214,90 €","0,00 €",10,0
B0812P3LZT,B0812P3LZT,"Arcos Nova - Set 3 Cuchillos Mantequilla - Acero Inoxidable 70 mm - Mango en color menta, naranja y limon",859900_,153,4,0.05%,0.04%,231,4,0.05%,0.03%,99.49%,100.00%,11,0,7.19%,0.00%,"120,89 €","0,00 €",10,0
B0FQNZM34T,B0843QFQB7,Arcos Set Cuchillos 5 piezas Acero Inoxidable Nitrum. Cuchillo Cocina Profesional Afilado para Cortar Carne. Mango Ergonómico Polioximetileno POM. Serie Opera. Diseño Clásico. Color Negro.,227000,328,6,0.10%,0.07%,536,9,0.11%,0.07%,96.02%,100.00%,10,1,3.05%,16.67%,"1.388,90 €","138,89 €",10,1
B089M821V5,B089M821V5,Arcos Cuchillos Carne | 6 pzas | Cuchillos chuleteros Set Cuchillo de Mesa Sierra | Mango Madera | Hoja 110 mm | Cuchillos Carne Mesa | Apto lavavajillas | Envase Carton | Ecologico,815500,536,18,0.16%,0.20%,760,33,0.16%,0.25%,99.12%,90.91%,11,3,2.05%,16.67%,"328,09 €","88,17 €",10,2
B09MSDJQJ1,B08M3B43J6,"Arcos | Juego Cuchillo Jamonero 3 Pzas | jamonero Acero Inoxidable (240 mm), afilador Chaira y Cubre jamón | Juego Cuchillos jamonero Profesional | Paleta ibérica | Eco",704300_fbm,303,13,0.09%,0.14%,400,18,0.08%,0.14%,99.46%,100.00%,10,2,3.30%,15.38%,"298,90 €","59,78 €",10,2
B0CQLNJVKL,B08TWZDX2B,"Arcos Thera Sartén Antiadherente de 30 Cm para Inducción, Gas y Vitrocerámica. Sartén de Cocina Grande de Aluminio Fundido con Mango Ergonómico Extraíble y Apta para Lavavajillas. Color Negro y Azul",718600,129,2,0.04%,0.02%,193,2,0.04%,0.02%,80.47%,100.00%,11,1,8.53%,50.00%,"480,50 €","43,50 €",10,1
B0CQ5G2HVQ,B09T9PKHHR,"Arcos Sarten Antiadherente 18 cm - Aluminio Forjado, Mango Acero Inoxidable Efecto Frío, Apta para Inducción y Lavavajillas, Sistema Ahorro Energético, Serie Samoa Basic",716010,127,0,0.04%,0.00%,166,0,0.03%,0.00%,99.26%,0.00%,10,0,7.87%,0.00%,"262,50 €","0,00 €",10,0
B0F9X4NXL3,B0F9KXQKLG,"CUPERINOX Cuchillos Mesa, cuchillo carne, cuchillo mantequilla, Set 24 piezas, acero inoxidable, hoja con filo y sierra, cuchillo untar. Apto lavavajillas. Mango ergonomico",20043_24,207,14,0.06%,0.15%,265,17,0.06%,0.13%,100.00%,100.00%,16,2,7.73%,14.29%,"305,84 €","39,98 €",10,1
B08L8QY8T9,B007TS6GPE,"Arcos Juego de Cuchillos de Cocina cuatro piezas. 3 Cuchillos chef y 1 tijeras Acero Inoxidable y mango ergonómico polioximetileno para cortar carne, pescado y verduras. Serie Maitre. Color negro.",152600_fbm,"1,950",40,0.58%,0.44%,"2,656",57,0.56%,0.44%,22.31%,2.86%,9,0,0.46%,0.00%,"341,91 €","0,00 €",9,0
B008U6TRGO,B008U6TRGO,"Arcos Cuchillos mesa - Cuchillo carne Acero Inoxidable Nitrum, Hoja, mango marrón madera -erie Mesa, duradero y apto para lavavajillas (7'')",809300_1Pieza,164,5,0.05%,0.06%,223,5,0.05%,0.04%,78.11%,33.33%,20,0,12.20%,0.00%,"99,80 €","0,00 €",9,0
B00D3LC70Y,B00D3LC70Y,Arcos Tijeras Costura Castellana - Acero Forjado Niquelado 127 mm - Uso Doméstico y Profesional - Serie Style,502200,77,4,0.02%,0.04%,106,7,0.02%,0.05%,98.92%,100.00%,10,0,12.99%,0.00%,"104,90 €","0,00 €",9,0
B017HKSR4G,B00WUZRKJW,Arcos Cuchillos de Mesa - Hoja de Acero Inoxidable Nitrum 110 mm - Mango Ergonómico de Polipropileno - Ideal para Comedor - Color Crema - Serie Elegance,802900,545,15,0.16%,0.17%,877,30,0.18%,0.23%,54.92%,68.00%,20,0,3.67%,0.00%,"69,80 €","0,00 €",9,0
B07G76NW26,B07G76NW26,"Arcos Serie Cuchillos de Mesa Caja 12 uds Cuchillo Mesa, Hoja Serrada de Acero Inoxidable de 125 mm, Cuchillo Monoblock Acero Inoxidable Color plata (12 UDS)",460400_fbm,119,3,0.04%,0.03%,170,10,0.04%,0.08%,89.68%,100.00%,12,5,10.08%,166.67%,"477,88 €","197,95 €",9,2
B07NDTGSY3,B07NDTGSY3,Arcos Serie Brooklyn - Cuchillo Rocking Santoku Cuchillo Asiático - Hoja de Acero Inoxidable Forjado NITRUM 190 mm - Mango de Micarta Color Azul (Filo Seda),191623_fbm,234,2,0.07%,0.02%,377,2,0.08%,0.02%,97.20%,0.00%,9,0,3.85%,0.00%,"355,41 €","0,00 €",9,0
B08JCVQ4QL,B08JCVQ4QL,"Arcos Series Niza - Juego de Cuchillos Cocina, 6 Piezas, Cuchillos Verduras 110 mm, + Cuchillo Mesa, Envase 100% Ecológico, Acero Inoxidable NITRUM",809400_,402,7,0.12%,0.08%,554,9,0.12%,0.07%,100.00%,100.00%,9,0,2.24%,0.00%,"179,91 €","0,00 €",9,0
B08L27XH2W,B08L27XH2W,"HENDI Mochila isotérmica de Transporte y Reparto de Pizzas y Alimentos, Bolsa aislada e Impermeable para la Entrega de Pedidos de Pizza y Comidas, Interior 39x39x(H) 45cm, Negra, 41x41x(H) 48cm",H709801,166,15,0.05%,0.17%,244,30,0.05%,0.23%,78.40%,15.00%,11,1,6.63%,6.67%,"758,47 €","57,81 €",9,1
B08ZNM265D,B08ZNM265D,Arcos | cuchillos de mesa cuchillo mesa tradicional | 6 Piezas cuchillo chuletero | mango nailon | Envase Eco | Fabricado en España,704400,182,1,0.05%,0.01%,267,1,0.06%,0.01%,100.00%,0.00%,9,0,4.95%,0.00%,"242,91 €","0,00 €",9,0
B09KJLG7BT,B098K898SC,CUPERINOX Soporte Jamonero | Jamonero Profesional | Cuchillo Jamonero madera + Funda Jamon | Tabla Jamonera,20226,254,5,0.08%,0.06%,351,5,0.07%,0.04%,99.37%,100.00%,9,2,3.54%,40.00%,"224,70 €","49,98 €",9,2
B0CRDY65RY,B09T6KZ2K8,"Arcos Cacerola Antiadherente 20 cm Aluminio Forjado, Mango Efecto Frío, Apta Inducción y Lavavajillas, Ahorro Energético, 2.6 L Capacidad, Serie Samoa",716910,228,6,0.07%,0.07%,307,6,0.06%,0.05%,94.53%,50.00%,9,0,3.95%,0.00%,"359,55 €","0,00 €",9,0
B0CVH8PC99,B0CQTKPL63,CUPERINOX Cuchillos Carne | Cuchillos Mesa | Cuchillos Chuleteros | 24 Piezas | Hoja Serrada | Mango Polipropileno | Acero Inoxidable | 11 cm,99901_24pzs,119,10,0.04%,0.11%,163,14,0.03%,0.11%,100.00%,100.00%,14,5,11.76%,50.00%,"271,86 €","91,95 €",9,3
B0D73CM824,B0D73CM824,"Arcos Cuchillo Mesa | Cuchillo Chuletero | Cuchillo Carne| Cuchillo de Mesa | Pack 12 Unidades| Hoja de Acero Inoxidable115 mm, Mango de Polipropileno Color Negro",740000,483,15,0.14%,0.17%,697,37,0.15%,0.28%,99.83%,100.00%,9,1,1.86%,6.67%,"278,91 €","30,99 €",9,1
B0DKP7F29P,B0DJBZ1M2L,Arcos Serie Samoa Iconic | Sarten Antiadherente Cerámico 24 cm | Aluminio Forjado | Apta cualquier cocina | Mango Acero Inoxidable | Apta lavavajillas | Color Beige | LIBRE DE (PFOA/PTFE/PFOS),716324,201,6,0.06%,0.07%,303,10,0.06%,0.08%,97.76%,100.00%,9,0,4.48%,0.00%,"337,50 €","0,00 €",9,0
B0DNNKT1W2,B0DNNJCHQP,"Cuperinox-Tetera de Cristal con Infusor para Té e Infusiones, Resistente al Calor y Compatible con Microondas ** - Infusion Prestige Collection (950 ml)",26113_,91,1,0.03%,0.01%,129,1,0.03%,0.01%,100.00%,100.00%,9,0,9.89%,0.00%,"179,91 €","0,00 €",9,0
B0F9X4NXL3,B0F9KXQKLG,"CUPERINOX Cuchillos Mesa, cuchillo carne, cuchillo mantequilla, Set 24 piezas, acero inoxidable, hoja con filo y sierra, cuchillo untar. Apto lavavajillas. Mango ergonomico",20043-24,207,14,0.06%,0.15%,265,17,0.06%,0.13%,100.00%,100.00%,10,1,4.83%,7.14%,"199,90 €","19,99 €",9,1
B00MDK1EBE,B00MDK1EBE,"Arcos Cuchillo Utilitario Acero Inoxidable Nitrum 5""",100600_fbm,171,4,0.05%,0.04%,274,4,0.06%,0.03%,80.00%,100.00%,17,1,9.94%,25.00%,"100,79 €","4,95 €",8,1
B0B3CPHPXR,B07BQ5CCMD,ARCOS Sacacorchos Manual de ABS Aleación de Zinc,604700_,393,8,0.12%,0.09%,557,15,0.12%,0.12%,38.25%,0.00%,8,0,2.04%,0.00%,"276,28 €","0,00 €",8,0
B07F6C8L9T,B07F6C8L9T,ARCOS Sacacorchos Eléctrico ABS Batería Recargable Plata,604900_,253,3,0.08%,0.03%,359,4,0.08%,0.03%,28.39%,0.00%,8,0,3.16%,0.00%,"351,92 €","0,00 €",8,0
B09GSCQQF9,B07G77FNSF,"Arcos Serie Cuchillos de Mesa Caja 12 uds Cuchillo Postre, Hoja Serrada de Acero Inoxidable NITRUM de 105 mm, Mango Polipropileno Color crema (12 UDS)",370100_,389,10,0.12%,0.11%,559,14,0.12%,0.11%,99.61%,100.00%,8,0,2.06%,0.00%,"146,00 €","0,00 €",8,0
B0843QFQB7,B0843QFQB7,Arcos Set Cuchillos 5 piezas Acero Inoxidable Nitrum. Cuchillo Cocina Profesional Afilado para Cortar Carne. Mango Ergonómico Polioximetileno POM. Serie Opera. Diseño Clásico. Color Negro.,227000,165,6,0.05%,0.07%,244,11,0.05%,0.08%,96.76%,100.00%,8,0,4.85%,0.00%,"1.113,42 €","0,00 €",8,0
B0CQLNJVKL,B08TWYZQ6H,"Arcos Thera Sartén Antiadherente de 16 Cm para Inducción, Gas y Vitrocerámica. Sartén de Cocina Pequeña de Aluminio Fundido con Mango Ergonómico Extraíble y Apta para Lavavajillas. Color Negro y Azul",718000,947,18,0.28%,0.20%,"1,342",24,0.28%,0.18%,14.47%,21.43%,8,0,0.84%,0.00%,"175,80 €","0,00 €",8,0
B0CQLNJVKL,B08TX21PGR,"Arcos Thera Sartén Antiadherente de 28 Cm para Inducción, Gas y Vitrocerámica. Sartén de Cocina Grande de Aluminio Fundido con Mango Ergonómico Extraíble y Apta para Lavavajillas. Color Negro y Azul",718500,123,3,0.04%,0.03%,162,4,0.03%,0.03%,93.71%,100.00%,8,1,6.50%,33.33%,"327,60 €","40,95 €",8,1
B09KJLG7BT,B098K898SC,CUPERINOX Soporte Jamonero | Jamonero Profesional | Cuchillo Jamonero madera + Funda Jamon | Tabla Jamonera,20226FBM,254,5,0.08%,0.06%,351,5,0.07%,0.04%,99.37%,100.00%,9,0,3.54%,0.00%,"225,32 €","0,00 €",8,0
B0DNNL2TZQ,B0DNN4J6Q8,"CUPERINOX Aceitera antigoteo cristal para Aceite de Oliva, Vinagre etc. A prueba de fugas, Aceitera cristal antigoteo tambien aceiteros cocina ideal para Ensaladas, BBQ, cooking oil container (125 ML)",22021,463,20,0.14%,0.22%,644,27,0.13%,0.21%,99.32%,100.00%,8,0,1.73%,0.00%,"91,92 €","0,00 €",8,0
B0DNNL2TZQ,B0DNNFGWNJ,"CUPERINOX Aceitera de Cristal Antigoteo para Aceite de Oliva, Resistente y Fácil de Limpiar Gourmet Oil Collection (500 Ml)",22023,342,21,0.10%,0.23%,501,28,0.10%,0.21%,99.27%,100.00%,8,0,2.34%,0.00%,"119,92 €","0,00 €",8,0
B0DPKXM18X,B0DNQRZ3BN,"CUPERINOX Soporte Jamonero Inoxidable Profesional con Base Antideslizante para Jamones y Paletas, Incluye Cuchillo | Jamoneros Elite Collection",20260_fbm,743,26,0.22%,0.29%,851,27,0.18%,0.21%,100.00%,100.00%,8,0,1.08%,0.00%,"199,92 €","0,00 €",8,0
B0FHQJSLGJ,B0FHQJSLGJ,"VINFERMATON - Insecticida Antipolillas Perfumado | Pack 3 x 300 ml | Protección para Armarios, Ropa y Tejidos | Elimina Polillas y Larvas | Aroma Agradable | Uso en Ambientes y Textiles",V1308_PACK3,51,0,0.02%,0.00%,73,0,0.02%,0.00%,100.00%,0.00%,8,0,15.69%,0.00%,"103,92 €","0,00 €",8,0
B0F54LTCFF,B0044R87QE,Arcos Cuchillo Cocina Acero Inoxidable 200 mm,280604_,"3,324",90,0.99%,0.99%,"4,903",138,1.03%,1.06%,3.59%,19.81%,7,1,0.21%,1.11%,"143,76 €","20,49 €",7,1
B0752X4WV1,B005LR73R0,Arcos Juego Chuleteros Mango Madera 110 mm,809300__,"3,041",69,0.90%,0.76%,"4,496",87,0.94%,0.67%,14.05%,15.87%,7,1,0.23%,1.45%,"167,93 €","23,99 €",7,1
B0F54LTCFF,B006963LSM,Arcos Cuchillo para Pan Acero Inoxidable 250 mm,282204_,314,20,0.09%,0.22%,398,26,0.08%,0.20%,16.71%,0.00%,7,0,2.23%,0.00%,"136,43 €","0,00 €",7,0
B0F54LTCFF,B006LMX2EW,Arcos Universal Cuchillo Jamonero Acero Hoja Hueca Negro 280 mm,281901_,441,14,0.13%,0.15%,525,18,0.11%,0.14%,36.09%,80.00%,8,3,1.81%,21.43%,"183,42 €","65,97 €",7,2
B096ZVZNSY,B008U6TCSW,ARCOS Chaira Afilador Acero Nitrum Cromado Negro 250 mm,278200_,126,3,0.04%,0.03%,182,3,0.04%,0.02%,56.79%,50.00%,7,1,5.56%,33.33%,"115,43 €","16,49 €",7,1
B0822MXSQQ,B00D3LF7EC, ,277000_fbm,311,10,0.09%,0.11%,493,15,0.10%,0.12%,29.06%,100.00%,7,2,2.25%,20.00%,"166,33 €","45,98 €",7,2
B00MDK1DM4,B00MDK1DM4,Arcos Latina Cuchillo de Cocina Acero Inoxidable 130 mm,100600_1pieza,116,0,0.03%,0.00%,177,0,0.04%,0.00%,93.13%,0.00%,13,0,11.21%,0.00%,"77,97 €","0,00 €",7,0
B00VRZ1YJI,B00VRZ1YJI,Arcos Tijeras Modista Acero Forjado 190 mm - Uso Doméstico y Profesional - Niqueladas Plata - Serie Style,504300,46,3,0.01%,0.03%,63,4,0.01%,0.03%,98.33%,100.00%,7,2,15.22%,66.67%,"95,50 €","25,55 €",7,2
B06XB92VRH,B00YU2ZS1A,CUPERINOX Cafetera Italiana Induccion Espresso Acero Inoxidable 6 Tazas,25033,130,4,0.04%,0.04%,182,5,0.04%,0.04%,76.03%,66.67%,7,0,5.38%,0.00%,"125,30 €","0,00 €",7,0
B078GYCH1G,B078GYCH1G,Tenedor de marisco - 6 unid,20023,20,3,0.01%,0.03%,32,5,0.01%,0.04%,100.00%,100.00%,12,6,60.00%,200.00%,"147,30 €","69,36 €",7,1
B07JWM27F4,B07JWM27F4,Arcos Set Cuchillos Cocina Profesionales Forjados en Acero Inoxidable. Juego de 3 Cuchillos (Pelador 100 mm + Cocinero 150 mm + Cocinero 200 mm). Mango Ergonómico Rosa en Polioximetileno. Riviera Rose,855100,225,1,0.07%,0.01%,311,1,0.07%,0.01%,97.86%,0.00%,7,0,3.11%,0.00%,"524,93 €","0,00 €",7,0
B07N8VQSVB,B07N8VQSVB,Arcos Serie Capri - Cubertería de 24 piezas en una Caja de Regalo (6 cuchillos + 12 cucharas + 6 tenedores) - Monoblock de una pieza en Acero Inoxidable Color Plata,587400_,473,13,0.14%,0.14%,727,21,0.15%,0.16%,93.74%,81.82%,8,1,1.69%,7.69%,"607,92 €","75,99 €",7,1
B0812P3LZT,B0812P3LZT,"Arcos Nova - Set 3 Cuchillos Mantequilla - Acero Inoxidable 70 mm - Mango en color menta, naranja y limon",859900,153,4,0.05%,0.04%,231,4,0.05%,0.03%,99.49%,100.00%,8,0,5.23%,0.00%,"87,92 €","0,00 €",7,0
B08G8QCM5H,B08G8QCM5H,ARCOS cuchillo pelador | 6 PIEZAS | cuchillo de pelar | cuchillos pelar patatas | Hoja 100 mm | Negro | cuchillo arcos pelador Acero Inoxidable,816500_fbm,466,19,0.14%,0.21%,634,24,0.13%,0.18%,100.00%,100.00%,9,1,1.93%,5.26%,"170,91 €","18,99 €",7,1
B08GSTDWTC,B08LVVQ3ZQ,"Arcos Serie Nova - Cuchillo para pelar, Acero Inoxidable NITRUM, Envase Ecológico, 3 colores Fucsia, Turquesa y Amarillo",703700fbm,"1,097",20,0.33%,0.22%,"1,704",32,0.36%,0.25%,99.22%,100.00%,10,9,0.91%,45.00%,"103,40 €","91,41 €",7,6
B08VRP7CR7,B08MTXC14T,Arcos Juego Cuchillos Carne | 6 Piezas | Cuchillos Carne Cuchillo chuleteros | Cubiertos Acero Inoxidable | Hoja 110 mm | Mango Redondo y Forma Ovalada | monobock | Caja Envase Ecológico (6 unidades),809900,121,5,0.04%,0.06%,176,6,0.04%,0.05%,99.35%,100.00%,7,0,5.79%,0.00%,"195,93 €","0,00 €",7,0
B08T5Z4HFS,B08QYQYZHS,"CUPERINOX Cubiertos para marisco | Pinzas para marisco | Tenazas para marisco | 12 Unidades | Cubiertos marisco (Cangrejo, Langosta, Ostras) | Tenedor de marisco con dos dientes inferiores y cuchara.",20023_12pzs,115,2,0.03%,0.02%,151,4,0.03%,0.03%,100.00%,100.00%,7,1,6.09%,50.00%,"132,93 €","18,99 €",7,1
B0C4DTYRJW,B094QVHPQ8,Arcos Juego Cuchillos Cocina Profesionales| Cuchillos Cocina Profesional Set Cuchillos | Mango Negro (4 Piezas),813500,703,10,0.21%,0.11%,"1,006",12,0.21%,0.09%,99.43%,87.50%,7,0,1.00%,0.00%,"279,65 €","0,00 €",7,0
B0C5JNCFL4,B0C5JNCFL4,Arcos Serie Milano - Cubertería de 24 piezas en Caja de Regalo (6 Cuchillos + 12 Cucharas + 6 Tenedores) - Monoblock de una pieza en Acero Inoxidable - Color Plata,542000,195,8,0.06%,0.09%,289,11,0.06%,0.08%,95.56%,100.00%,9,0,4.62%,0.00%,"674,91 €","0,00 €",7,0
B0DKP7F29P,B0DJBZRDXV,Arcos Serie Samoa Iconic | Sarten Antiadherente Cerámico 24 cm | Aluminio Forjado | Apta cualquier cocina | Mango Acero Inoxidable | Apta lavavajillas | Color Negro | LIBRE DE (PFOA/PTFE/PFOS),716322,111,7,0.03%,0.08%,143,10,0.03%,0.08%,99.17%,100.00%,7,0,6.31%,0.00%,"279,65 €","0,00 €",7,0
B0DNNKT1W2,B0DNNFJ5J7,"Cuperinox-Tetera de Cristal con Infusor para Té e Infusiones, Resistente al Calor y Compatible con Microondas ** - Infusion Prestige Collection (350 ml)",26110,203,9,0.06%,0.10%,291,14,0.06%,0.11%,100.00%,100.00%,19,17,9.36%,188.89%,"242,85 €","212,87 €",7,5
B0FBRQYHVM,B0FBRLQK47,"CUPERINOX Ventilador Portatil, Camping, Exterior, Playa, Piscina, Festival| 5+ cargas movil| +48H de bateria | 20000mAh| Powerbank, Luz led, Mando a distancia y Temporizador",27001,269,15,0.08%,0.17%,373,21,0.08%,0.16%,99.70%,100.00%,8,0,2.97%,0.00%,"399,92 €","0,00 €",7,0
B0F54LTCFF,B000NOAYMM,Arcos Cuchillo Jamonero Acero Inoxidable 240 mm,281804_fba,497,11,0.15%,0.12%,588,11,0.12%,0.08%,21.72%,60.00%,6,0,1.21%,0.00%,"98,94 €","0,00 €",6,0
B0F1ZF7H1L,B005LR65BK,Arcos Cuchillo Negro 100 mm,230200_,551,19,0.16%,0.21%,830,38,0.17%,0.29%,13.58%,54.17%,6,1,1.09%,5.26%,"119,94 €","19,99 €",6,1
B0F1ZF7H1L,B005LR69ZC,Arcos Cuchillo de Queso Negro 145 mm,232800_,292,15,0.09%,0.17%,445,20,0.09%,0.15%,47.51%,40.00%,6,1,2.05%,6.67%,"227,70 €","37,95 €",6,1
B00J3ZVMCS,B00J3ZVMCS,Arcos Serie Toscana - Juego de Cucharas para Café (6 cucharas) - Monoblock de una pieza en Acero Inoxidable 18/10 y 140 mm - Color Plata,574200_,576,35,0.17%,0.39%,897,44,0.19%,0.34%,5.01%,78.38%,10,9,1.74%,25.71%,"98,74 €","87,75 €",6,5
B0D1CYZT7H,B00JN2S0U8,"HENDI Escurridor de frituras, con asa robusta y recipiente extraíble para los restos, patatas fritas, ø410x(H)170mm, totalmente de acero inoxidable",H630808,178,9,0.05%,0.10%,259,12,0.05%,0.09%,57.64%,33.33%,6,0,3.37%,0.00%,"281,70 €","0,00 €",6,0
B00WHV21BG,B00WHV21BG,CUPERINOX TIJERAS PESCADO | TIJERAS COCINA| TIJERAS ACERO| TIJERAS | 20 CM | UTENSILIOS DE COCINA,21992_,37,1,0.01%,0.01%,48,1,0.01%,0.01%,90.24%,100.00%,8,0,21.62%,0.00%,"58,00 €","0,00 €",6,0
B0189HXS8Q,B015QGR3CK,Arcos Serie Navajas Profesionales - Navaja Profesional - Hoja Filo de Acero Inoxidable NITRUM de 85 mm - Navaja de Acero Inoxidable Color amarillo,485900_fbm,"1,152",22,0.34%,0.24%,"1,678",28,0.35%,0.21%,32.72%,38.10%,7,0,0.61%,0.00%,"55,78 €","0,00 €",6,0
B017DLL2KA,B017DLL2KA,"Arcos Regia Cuchillos Mesa Carne Nitrum POM Negro-Oro 4,5 pulg",375000_1Pieza,148,6,0.04%,0.07%,225,14,0.05%,0.11%,75.61%,50.00%,44,0,29.73%,0.00%,"527,56 €","0,00 €",6,0
B0189HXQKQ,B017DLLFES,"Arcos Navaja Profesional de Acero Inoxidable Nitrum, Hoja 85 mm, Mango de Polipropileno, Serie Navajas Profesionales, Alta Durabilidad y Rendimiento",485700_fbm,398,18,0.12%,0.20%,571,24,0.12%,0.18%,20.41%,100.00%,6,0,1.51%,0.00%,"43,50 €","0,00 €",6,0
B0F1N351DY,B073V3CYRF,Arcos Cuchillo Mondador de 4 Pulgadas con Hoja de 100mm en Acero Inoxidable y Mango de Polipropileno. Cuchillos de Cocina para Pelar Apto para Lavavajillas. Serie Nova. Color Turquesa,188632_,404,9,0.12%,0.10%,500,19,0.10%,0.15%,99.52%,100.00%,10,2,2.48%,22.22%,"59,90 €","11,98 €",6,1
B078KJ1T6G,B078JPWR5J,"Arcos 807600 Juego de Cuchillos, Acero Inoxidable, Blanco, 45x20x5 cm, 3 Unidades",807600_,326,6,0.10%,0.07%,398,11,0.08%,0.08%,96.45%,100.00%,6,0,1.84%,0.00%,"419,94 €","0,00 €",6,0
B0F1ZF7H1L,B07JHPQGPW,Arcos Riviera Blanc Juego 3 Cuchillos Forjados POM Blanco,807610_,553,14,0.16%,0.15%,672,18,0.14%,0.14%,47.93%,21.43%,6,1,1.08%,7.14%,"419,94 €","69,99 €",6,1
B09MSDJQJ1,B08M3B43J6,"Arcos | Juego Cuchillo Jamonero 3 Pzas | jamonero Acero Inoxidable (240 mm), afilador Chaira y Cubre jamón | Juego Cuchillos jamonero Profesional | Paleta ibérica | Eco",704300,303,13,0.09%,0.14%,400,18,0.08%,0.14%,99.46%,100.00%,6,0,1.98%,0.00%,"179,94 €","0,00 €",6,0
B08M9QRSW8,B08M9QRSW8,Arcos | Juego Cuchillos cuchillos mesa | 6 Uds | cuchillo fruta | cuchillo postre | Hoja 110 mm | Acero Inoxidable Martensítico | Mango Nylon | apto lavavajillas | Envase Ecológico,703600fbm,35,2,0.01%,0.02%,49,3,0.01%,0.02%,97.67%,100.00%,25,15,71.43%,750.00%,"261,25 €","141,35 €",6,3
B0CQLNJVKL,B08TWZR9Y6,"Arcos Thera Sartén Antiadherente de 20 Cm para Inducción, Gas y Vitrocerámica. Sartén de Cocina Pequeña de Aluminio Fundido con Mango Ergonómico Extraíble y Apta para Lavavajillas. Color Negro y Azul",718200,205,8,0.06%,0.09%,257,10,0.05%,0.08%,54.59%,57.14%,6,0,2.93%,0.00%,"161,94 €","0,00 €",6,0
B0CQLNJVKL,B08TX24P5L,"Arcos Thera Sartén Antiadherente de 26 Cm para Inducción, Gas y Vitrocerámica. Sartén de Cocina Mediana de Aluminio Fundido con Mango Ergonómico Extraíble y Apta para Lavavajillas. Color Negro y Azul",718400,114,2,0.03%,0.02%,140,2,0.03%,0.02%,85.59%,100.00%,6,1,5.26%,50.00%,"221,70 €","36,95 €",6,1
B09FQ5SZK8,B0968LSP2T,"Arcos Utensilios Barbacoa - Cuchillo 200 mm y Tenedor 215 mm, Acero Inoxidable NITRUM, Mango Madera Ovengkol FSC, Set 2 Piezas, Embalaje Reciclado, Serie Nordika",167000_fbm,171,9,0.05%,0.10%,232,14,0.05%,0.11%,75.24%,50.00%,6,1,3.51%,11.11%,"299,94 €","49,99 €",6,1
B09F9MH34D,B09F9MH34D,"Arcos Serie Cuchillos de Mesa Chuleteros, Mango de Polipropileno, Hoja 110 mm, Apto para Lavavajillas, Negro, 6 Piezas",805109_6piezas,98,3,0.03%,0.03%,130,3,0.03%,0.02%,100.00%,100.00%,6,0,6.12%,0.00%,"83,94 €","0,00 €",6,0
B0BGRT2BVV,B09G9WBKPG,Arcos Juego de 6 Cuchillos de Mesa Chuleteros Hoja 110 mm Negro 705500,805109_uss,"7,918",225,2.35%,2.49%,"11,465",339,2.40%,2.60%,19.71%,3.97%,6,5,0.08%,2.22%,"83,94 €","69,95 €",6,5
B09MRYLZ4M,B09MRYLZ4M,Arcos Juego de Cuchillos de Cocina de 3 Piezas,167100_us,629,13,0.19%,0.14%,842,32,0.18%,0.25%,37.91%,18.18%,6,0,0.95%,0.00%,"413,40 €","0,00 €",6,0
B0CQ5G2HVQ,B09T9ZC38G,"Arcos Sarten Antiadherente 22 cm - Aluminio Forjado, Full Induction, Mango Acero Inoxidable Efecto Frío, Apta Lavavajillas, Ahorro Energético, Serie Samoa",716210,305,8,0.09%,0.09%,417,9,0.09%,0.07%,24.48%,28.57%,6,1,1.97%,12.50%,"189,15 €","32,50 €",6,1
B08VRP7CR7,B09XMVTWLT,Arcos Juego Cuchillos Carne | 6 Piezas | Cuchillos Carne Cuchillo chuleteros | Cubiertos Acero Inoxidable | Hoja 110 mm | Mango Redondo y Forma Ovalada | monobock | Caja Envase Ecológico (Filo Liso),830000_,135,2,0.04%,0.02%,239,8,0.05%,0.06%,100.00%,100.00%,6,0,4.44%,0.00%,"197,94 €","0,00 €",6,0
B0D4WK78XV,B0D4WK78XV,CUPERINOX Aceiteras para Aceite Usado | Grasera Acero Inoxidable 550ML con Filtro Metálico | Recipiente para Aceite Usado de Cocina y Grasa | Grasera Cocina Metálica 550ML 2Uds Metálico,22105y22106,"1,945",47,0.58%,0.52%,"2,803",63,0.59%,0.48%,45.04%,89.74%,6,0,0.31%,0.00%,"71,94 €","0,00 €",6,0
B0DKP7F29P,B0DJBZ7G4Y,Arcos Serie Samoa Iconic | Sarten Antiadherente Cerámico 20 cm | Aluminio Forjado | Apta cualquier cocina | Mango Acero Inoxidable | Apta lavavajillas | Color Beige | LIBRE DE (PFOA/PTFE/PFOS),716124,281,6,0.08%,0.07%,362,6,0.08%,0.05%,96.30%,100.00%,6,0,2.14%,0.00%,"203,70 €","0,00 €",6,0
B0DNNKT1W2,B0DNNJPRXB,"Cuperinox-Tetera de Cristal con Infusor para Té e Infusiones, Resistente al Calor y Compatible con Microondas ** - Infusion Prestige Collection (550 ml)",26111,256,2,0.08%,0.02%,368,2,0.08%,0.02%,99.67%,100.00%,6,0,2.34%,0.00%,"101,94 €","0,00 €",6,0
B0DVT6KPDV,B0DT73LYPQ,"CUPERINOX Cuchillos Montessori | Set de Cuchillos Infantiles de 16 Piezas | Cuchillos Niños Aprendizaje +2 Años | Incluye Delantal, Guante de Seguridad, Moldes Tabla de Cortar | Kids Collection",27016,125,0,0.04%,0.00%,180,0,0.04%,0.00%,100.00%,0.00%,6,0,4.80%,0.00%,"109,14 €","0,00 €",6,0
B0FH9NPJ1K,B0FH9NPJ1K,VINFERMATON – Insecticida Cucarachas y Hormigas Antihormigas Instantáneo 600 ml | Spray Eliminador Insectos Rastreros Interior y Exterior | Acción Rápida Profesional | 100% MADE IN SPAIN (2),V0011_PACK2,80,3,0.02%,0.03%,111,3,0.02%,0.02%,90.10%,100.00%,6,0,7.50%,0.00%,"77,94 €","0,00 €",6,0
B017HKG9PK,B0044R87VO,Arcos Maitre - Cuchillo Jamonero Flexible - Acero Inoxidable NITRUM 275 mm - Mango Polipropileno negro,151200,582,25,0.17%,0.28%,658,29,0.14%,0.22%,94.41%,78.95%,5,1,0.86%,4.00%,"79,71 €","15,49 €",5,1
B017HKG9PK,B0044R87ZU,Arcos Cuchillo Cocina Acero Inoxidable Nitrum y Hoja 180 mm. Cuchillo Utilidad Profesional. Mango ergonómico polioximetileno Pom. Serie Maitre. Color Negro.,150800_fbm,598,15,0.18%,0.17%,755,20,0.16%,0.15%,37.64%,0.00%,5,0,0.84%,0.00%,"66,25 €","0,00 €",5,0
B0752SPHL9,B005LR6W8Q,Arcos Maitre Set 5 Cuchillos Acero Inoxidable Nitrum,152000_,280,7,0.08%,0.08%,387,9,0.08%,0.07%,88.63%,85.71%,5,1,1.79%,14.29%,"306,95 €","58,99 €",5,1
B0752SPHL9,B005LR6WW2,Arcos Juego de Cuchillos de Cocina de 5 Piezas,152100_us,491,9,0.15%,0.10%,755,13,0.16%,0.10%,69.16%,88.89%,5,0,1.02%,0.00%,"309,40 €","0,00 €",5,0
B06XWF2YLW,B005LR71GI,Arcos Cuchillo Cocinero 200 mm,135800,348,14,0.10%,0.15%,469,17,0.10%,0.13%,34.60%,12.50%,5,0,1.44%,0.00%,"51,25 €","0,00 €",5,0
B005LR749W,B005LR749W,"ARCOS Juego de Cubiertos de 24 Piezas para Mesa. Cuberterí­a Completa para 6 Personas. Set de 6 Cucharas, 6 Cuchillos, 6 Tenedores y 6 Cucharas de Postre. Serie Berlí­n. Color Plata",562400_fbm,252,9,0.07%,0.10%,353,14,0.07%,0.11%,95.60%,40.00%,7,0,2.78%,0.00%,"594,58 €","0,00 €",5,0
B08XYZRKC4,B007TS6GWW,"ARCOS Juego de Cubiertos de 24 Piezas para Mesa. Cuberterí­a Completa para 6 Personas. Set de 6 Cucharas, 6 Cuchillos, 6 Tenedores y 6 Cucharas de Postre. Serie Toscana. Color Plata",572400,"2,843",79,0.84%,0.87%,"4,296",125,0.90%,0.96%,6.62%,19.12%,6,1,0.21%,1.27%,"389,94 €","64,99 €",5,1
B0F54LTCFF,B00BHZPO3K,Arcos Cuchillo para Queso Acero Inoxidable NITRUM 145 mm,281604_fbm,643,23,0.19%,0.25%,988,44,0.21%,0.34%,12.11%,31.03%,6,2,0.93%,8.70%,"124,50 €","41,50 €",5,2
B017HKSTCQ,B00CFN1M6Q,ARCOS Tijeras de Cocina Multiusos 200 mm,809700_,"1,833",59,0.54%,0.65%,"2,791",101,0.58%,0.77%,4.11%,4.76%,9,5,0.49%,8.47%,"113,91 €","57,95 €",5,2
B00J3ZVNM2,B00J3ZVNM2,Arcos Serie Toscana - Juego de Cucharas Moka (6 cucharas) - Monoblock de una pieza en Acero Inoxidable 18/10 y 115 mm - Color Plata,574100_,423,26,0.13%,0.29%,687,49,0.14%,0.38%,2.79%,12.50%,6,3,1.42%,11.54%,"53,04 €","26,07 €",5,2
B00VRZ327A,B00VRZ327A,Arcos Tijeras Costura Acero Forjado 152 mm - Uso Doméstico y Profesional - Niqueladas Plata - Serie Style,502400,47,3,0.01%,0.03%,65,4,0.01%,0.03%,98.28%,100.00%,5,0,10.64%,0.00%,"59,95 €","0,00 €",5,0
B00WUZR7H2,B00WUZR7H2,Arcos Serie Cuchillos de Mesa - Cuchillo Mesa - Hoja Serrada de Acero Inoxidable de 125 mm - Cuchillo Monoblock Acero Inoxidable Color Plata,460400_1pieza,73,3,0.02%,0.03%,117,7,0.02%,0.05%,100.00%,100.00%,23,6,31.51%,200.00%,"103,27 €","26,94 €",5,1
B06XB92VRH,B00YU2ZWGG,CUPERINOX Cafetera Italiana Induccion Espresso Acero Inoxidable 10 Tazas,25034_fbm,308,5,0.09%,0.06%,467,9,0.10%,0.07%,99.25%,100.00%,5,0,1.62%,0.00%,"99,95 €","0,00 €",5,0
B017DLM9SY,B017DLM9SY,Arcos Serie Toscana - Juego de Cucharas de Mesa (3 cucharas) - Monoblock de una pieza en Acero Inoxidable 18/10 y 180 mm - Color Plata,574400_,97,2,0.03%,0.02%,158,2,0.03%,0.02%,73.83%,50.00%,9,2,9.28%,100.00%,"71,91 €","15,98 €",5,1
B0C4DTYRJW,B071LGMMGV,Arcos Juego Cuchillos Cocina Profesionales| Cuchillos Cocina Profesional Set Cuchillos | Mango Negro (3 Piezas),862600_,956,16,0.28%,0.18%,"1,395",21,0.29%,0.16%,98.88%,100.00%,6,2,0.63%,12.50%,"239,94 €","79,98 €",5,1
B0DK3CM34K,B07CBLHKLN,"HENDI Cartuchos de recarga de gas GLP para HENDI Cabezales de antorchas de cocina de llama continua 198247 y 198216, recambios para soplete, paquete de 4 unidades",H199039,45,4,0.01%,0.04%,65,5,0.01%,0.04%,94.44%,100.00%,6,0,13.33%,0.00%,"89,94 €","0,00 €",5,0
B0F1ZF7H1L,B07JWG12BV,Arcos Riviera Set 3 Cuchillos Forjados Acero Inoxidable Nitrum,807710_,160,2,0.05%,0.02%,182,2,0.04%,0.02%,99.05%,100.00%,5,0,3.13%,0.00%,"351,10 €","0,00 €",5,0
B0F147RFRT,B07N8S366Z,Arcos Cuchillo Cocina Forjado en Acero Inoxidable. Hoja Plateada 210 mm. Cuchillo Chef con Mango Profesional Micarta y Borde de Seda Especial. Serie Brooklyn. Color Azul.,190623_,192,5,0.06%,0.06%,249,6,0.05%,0.05%,98.65%,100.00%,6,0,3.13%,0.00%,"281,94 €","0,00 €",5,0
B0F147RFRT,B07N8V5DY8,Arcos Cuchillo trinchar forjado | Cuchillo jamonero Acero Inoxidable. Cuchillo cocina profesional cocinar. Mango micarta y borseda especial y Hoja plateada 300 mm. Serie Brooklyn. Color azul.,192323_,93,6,0.03%,0.07%,138,9,0.03%,0.07%,98.25%,100.00%,5,0,5.38%,0.00%,"224,40 €","0,00 €",5,0
B08TLR4Z27,B08M3YG4R1,Arcos jamonero Profesional | Cuchillo jamonero jamonero Inoxidable Nitrum | Mango Negro | Cuchillo Jamon iberico | Serie Maitre| Hoja Flexible y Filo Liso | 275 mm | Acero Inoxidable NITRUM,704200,69,1,0.02%,0.01%,94,1,0.02%,0.01%,100.00%,0.00%,6,0,8.70%,0.00%,"131,94 €","0,00 €",5,0
B08M9QRSW8,B08M9QRSW8,Arcos | Juego Cuchillos cuchillos mesa | 6 Uds | cuchillo fruta | cuchillo postre | Hoja 110 mm | Acero Inoxidable Martensítico | Mango Nylon | apto lavavajillas | Envase Ecológico,703600_barras_arcos,35,2,0.01%,0.02%,49,3,0.01%,0.02%,97.67%,100.00%,8,0,22.86%,0.00%,"79,92 €","0,00 €",5,0
B09FQ5SZK8,B08MTZZQV5,Arcos Cuchillo para Pan Acero Inoxidable Nitrum 200 mm,166400_fbm,137,5,0.04%,0.06%,192,8,0.04%,0.06%,41.14%,60.00%,5,0,3.65%,0.00%,"144,95 €","0,00 €",5,0
B09DPRCMTF,B08MW2GWPC,Arcos Juego Cuchillos Carne | Cuchillo chuleteros | Cuchillos Carne Cuchillos Mesa | 6 Uds | Hoja 110 mm | Acero Inoxidable | Mango Nylon | Apto lavavajillas | Envase Ecológico (Filo Serrado),816400fba,197,8,0.06%,0.09%,253,8,0.05%,0.06%,99.56%,100.00%,6,0,3.05%,0.00%,"119,94 €","0,00 €",5,0
B0DK3CM34K,B08VW7LTT6,"HENDI Cabezal de antorcha de cocina de llama continua con cartucho de recarga de gas GLP 199039, soplete flambeador, quemador de gas GLP, profesional, versátil-seguro 360°, negro con acentos en verde",H198254,25,4,0.01%,0.04%,32,7,0.01%,0.05%,96.43%,100.00%,5,0,20.00%,0.00%,"174,95 €","0,00 €",5,0
B08Y8NS7PN,B08XZ8X815,"Arcos serie Maitre - juego de Cuchillos, 2 Pza, Cuchillo Cocina Profesional 150mm + Cuchillo universal 100mm, Acero Inoxidable, Rosa, Eco",814600_fmb,114,3,0.03%,0.03%,143,4,0.03%,0.03%,98.35%,100.00%,5,0,4.39%,0.00%,"89,95 €","0,00 €",5,0
B093313MH6,B093313MH6,Arcos | Cuchillo de deshuesar| Cuchillo deshuesador | cuchillo deshuesador jamón | cuchillo deshuesador (140 mm) Clásica| Envase Eco | cuchillo puntilla jamonero,256210_fba,251,7,0.07%,0.08%,340,10,0.07%,0.08%,100.00%,100.00%,6,0,2.39%,0.00%,"119,94 €","0,00 €",5,0
B08J488ZQG,B0987N2CBR,Arcos Juego Cuchillos Carne | 6 Piezas | Cuchillos carne cuchillo chuleteros | cubiertos acero inoxidable | Hoja 110 mm | mango monobloque | aptos lavavajillas | Caja Envase Ecológico,814000FBM,620,16,0.18%,0.18%,714,18,0.15%,0.14%,100.00%,100.00%,5,0,0.81%,0.00%,"139,95 €","0,00 €",5,0
B09KJLG7BT,B098TFPYLY,CUPERINOX Jamonero profesional Gondola | tabla jamon | Cuchillo Jamonero Alveolos Acero Inox + Cubre Jamón Universal | Set cortar jamón (3 PZAS) | Sujeta jamones | tabla jamonero,20228_,206,2,0.06%,0.02%,304,2,0.06%,0.02%,99.62%,100.00%,5,0,2.43%,0.00%,"175,53 €","0,00 €",5,0
B09MSDJQJ1,B09MM5CH6C,Arcos jamonero profesional alveolos | incluye pinza para jamón | cuchillo jamonero cuchillo jamonero alveolos cuchillos profesional| Acero Inoxidable Nitrum 240 mm,856200,111,6,0.03%,0.07%,148,11,0.03%,0.08%,100.00%,100.00%,5,0,4.50%,0.00%,"149,95 €","0,00 €",5,0
B0CRDY65RY,B09T6JQQZS,"Arcos Cacerola Antiadherente 16 cm 1.5 L - Full Induction para Todo Tipo de Cocinas, Asas Acero Inoxidable Efecto Frío, Apta Lavavajillas, Ahorro Energético, Serie Samoa",716810,242,6,0.07%,0.07%,314,10,0.07%,0.08%,55.87%,66.67%,11,8,4.55%,133.33%,"368,23 €","270,88 €",5,2
B0F9TD2LTH,B0CS6V91GR,CUPERINOX® Cuchillos de Mesa con Mango de Madera – Set 6 Cuchillos para Carne con Filo Dentado – Estilo Palmadera tradicional – Aptos para Uso Diario,14015,334,14,0.10%,0.15%,436,17,0.09%,0.13%,100.00%,100.00%,5,0,1.50%,0.00%,"94,95 €","0,00 €",5,0
B0DPKXM18X,B0DNQX2BZN,"CUPERINOX Soporte Jamonero Plegable | Jamonero Giratorio | Jamonero de Bambú con Cuchillo Profesional, Afilador y Funda para Jamón | Elite Collection",20270_fbm,619,19,0.18%,0.21%,691,21,0.14%,0.16%,97.34%,100.00%,5,0,0.81%,0.00%,"249,95 €","0,00 €",5,0
B0F54LTCFF,B0044R87I2,Arcos Conjunto Cuchillos 4 piezas (3 Cuchillos + 1 tijeras). Acero Inoxidable y Hoja mm. 1670 gr. Bloque madera pino. Mango ergonómico polioximetileno POM. Serie Universal. Mayor control. Color negro.,285000_us,228,8,0.07%,0.09%,333,13,0.07%,0.10%,80.67%,36.36%,4,1,1.75%,12.50%,"210,42 €","45,45 €",4,1
B017HKG9PK,B0044R87LE,Arcos Cuchillo Panero Negro 210 mm,151400_fbm,710,35,0.21%,0.39%,861,38,0.18%,0.29%,25.29%,9.09%,4,0,0.56%,0.00%,"59,96 €","0,00 €",4,0
B096SHJ82T,B0044R8868,Arcos Juego de 12 Cubiertos para Mesa. Set de 6 Cuchillos Chuleteros y 6 Tenedores en Madera de Haya y Acero Inoxidable. Estuche para Carne. Serie Mesa. Color Marrón,377700_fbm,923,26,0.27%,0.29%,"1,292",41,0.27%,0.31%,23.90%,22.73%,4,0,0.43%,0.00%,"187,96 €","0,00 €",4,0
B00509DM8S,B00509DM8S,HENDI Baño María Eléctrico GN 1/1,H238905,52,11,0.02%,0.12%,85,13,0.02%,0.10%,61.33%,25.00%,4,0,7.69%,0.00%,"551,00 €","0,00 €",4,0
B0F1ZF7H1L,B005LR67V8,Arcos Cuchillo para Pan Acero Inoxidable Nitrum 200 mm,231300_,274,12,0.08%,0.13%,412,14,0.09%,0.11%,32.11%,28.57%,4,1,1.46%,8.33%,"119,96 €","29,99 €",4,1
B0F1ZF7H1L,B005LR6FAG,"Arcos Cuchillo Cocina Forjado en Acero Inoxidable y Hoja de 200mm. Cuchillo Chef Profesional para Cortar Pescado, Carne y Cebolla. Mango Ergonómico Polioximetileno. Serie Riviera. Color Negro.",233600,"1,228",29,0.36%,0.32%,"1,733",35,0.36%,0.27%,36.54%,25.00%,4,0,0.33%,0.00%,"129,96 €","0,00 €",4,0
B0F54LTCFF,B006LMX2GK,Arcos Cuchillo Jamonero Acero Inoxidable Forjado Nitrum 280 mm,281904,301,15,0.09%,0.17%,367,18,0.08%,0.14%,27.71%,85.71%,4,1,1.33%,6.67%,"69,96 €","17,49 €",4,1
B0F54LTCFF,B007TS67Q2,Arcos Cuchillo Chef Acero Inoxidable 120 mm,280304,"2,038",68,0.61%,0.75%,"2,867",86,0.60%,0.66%,2.64%,0.00%,4,0,0.20%,0.00%,"51,96 €","0,00 €",4,0
B017HKKKIC,B007TS68BG,Arcos Universal Cuchillo Carnicero Nitrum POM Negro 160 mm,288200_fbm,204,10,0.06%,0.11%,301,15,0.06%,0.12%,32.85%,0.00%,4,0,1.96%,0.00%,"107,00 €","0,00 €",4,0
B0F1ZF7H1L,B00BHZPIVI,Arcos Cuchillo Chef Forjado Acero Inoxidable 200 mm,233624,119,5,0.04%,0.06%,148,9,0.03%,0.07%,73.81%,80.00%,4,0,3.36%,0.00%,"129,96 €","0,00 €",4,0
B00D3LCFRE,B00D3LCFRE,Arcos Tijeras Multiusos de Acero Inoxidable 210 mm - Costura y Tejidos - Mango ABS Gris - Serie Deluxe,521000_fbm,61,6,0.02%,0.07%,83,10,0.02%,0.08%,93.15%,87.50%,4,1,6.56%,16.67%,"95,96 €","23,99 €",4,1
B00ITVQOOI,B00ITVQOOI,ARCOS Tenedor de Mesa Acero Inoxidable 18/10 200 mm,371600_1pieza,53,1,0.02%,0.01%,76,1,0.02%,0.01%,71.64%,100.00%,12,0,22.64%,0.00%,"59,88 €","0,00 €",4,0
B00J3ZVN54,B00J3ZVN54,ARCOS Cucharas de Mesa Acero Inoxidable 200 mm,574600_,419,13,0.12%,0.14%,691,19,0.14%,0.15%,12.50%,21.43%,8,0,1.91%,0.00%,"71,92 €","0,00 €",4,0
B00PKFXWJQ,B00PKFXWJQ,Arcos Serie Cuchillos de Mesa - Cuchillo Mesa - Hoja Serrada de Acero Inoxidable NITRUM de 125 mm - Mango Polipropileno Color crema,370200_1Pieza,95,2,0.03%,0.02%,176,3,0.04%,0.02%,99.31%,100.00%,7,0,7.37%,0.00%,"24,43 €","0,00 €",4,0
B00U2QWLVS,B00U2QWLVS,Arcos Cuchillo Chuletero de Mesa Acero Inoxidable Nitrum 115 mm,740009_us,59,0,0.02%,0.00%,93,0,0.02%,0.00%,97.59%,0.00%,10,0,16.95%,0.00%,"39,90 €","0,00 €",4,0
B00VRZ3BMG,B00VRZ3BMG,Arcos Tijeras Costura Acero Forjado 140 mm - Uso Doméstico y Profesional - Niqueladas Plata - Serie Style,502300_,28,0,0.01%,0.00%,49,0,0.01%,0.00%,95.45%,0.00%,4,1,14.29%,0.00%,"43,96 €","10,99 €",4,1
B017DLDQXQ,B017DLDQXQ,"Arcos Serie Latina, Cuchillo jamonero, Hoja de 250 mm, Mango Madera",101300_fbm,334,8,0.10%,0.09%,519,8,0.11%,0.06%,12.03%,50.00%,4,1,1.20%,12.50%,"38,26 €","9,49 €",4,1
B0F5L5VJM5,B0719K21HP,Arcos Tenazas de Marisco Acero Inoxidable 185 mm,606400_,128,3,0.04%,0.03%,207,3,0.04%,0.02%,22.41%,33.33%,4,0,3.13%,0.00%,"79,96 €","0,00 €",4,0
B071LGMH89,B071LGMH89,Arcos Mesa Cuchillo Carne Nitrum Pack Madera Marrón 4 pulg,374610_fbm,113,2,0.03%,0.02%,152,2,0.03%,0.02%,31.88%,50.00%,15,0,13.27%,0.00%,"251,10 €","0,00 €",4,0
B079ZCF2G9,B079ZCF2G9,Arcos Nova Juego 6 Cuchillos Carne Serrados Nitrum Negro 110 mm,188900_fbm,64,0,0.02%,0.00%,87,0,0.02%,0.00%,75.68%,0.00%,5,0,7.81%,0.00%,"88,75 €","0,00 €",4,0
B07BZ95N39,B07BZ95N39,"HENDI Pasta combustible para Chafing Dish, 24 x 200 g",H194300,65,5,0.02%,0.06%,82,6,0.02%,0.05%,34.62%,40.00%,7,5,10.77%,100.00%,"281,85 €","194,85 €",4,2
B086X1XQXD,B07DC8C7Y6,"HENDI Expositor con cubierta deslizante roll-top, Doble",H871713,127,15,0.04%,0.17%,163,24,0.03%,0.18%,65.33%,50.00%,4,1,3.15%,6.67%,"315,96 €","78,99 €",4,1
B07F9GQZCB,B07F9GQZCB,Arcos Cuchillo para Verduras de 4 Pulgadas con Hoja de 105mm en Acero Inoxidable y Mango de Madera. Cuchillo para Vegetales Apto para Lavavajillas. Serie Latina. Color Marrón,100500_fba,309,6,0.09%,0.07%,482,8,0.10%,0.06%,96.53%,100.00%,4,0,1.29%,0.00%,"147,96 €","0,00 €",4,0
B07G79KCFK,B07G79KCFK,"Arcos Cuchillos de Mesa Caja de 12 uds Cuchillo Chuletero Cuchillo de Mesa, Hoja de Acero Inoxidable NITRUM 105 mm, Mango de Nylon, Color Marrón (12 uds)",803800_,102,4,0.03%,0.04%,151,4,0.03%,0.03%,53.28%,50.00%,9,1,8.82%,25.00%,"359,91 €","39,99 €",4,1
B0D1CTXJXN,B07MZJTY16,HENDI Jarra medidora apilable - 5 L - ø210x(H)270 mm,H567852,39,3,0.01%,0.03%,53,3,0.01%,0.02%,100.00%,100.00%,4,1,10.26%,33.33%,"55,96 €","13,99 €",4,1
B0F147RFRT,B07N8TV9CC,Arcos Brooklyn Cuchillo Rebanar Jamonero Forjado Micarta Azul 250 mm,191923_,88,1,0.03%,0.01%,121,1,0.03%,0.01%,98.13%,0.00%,4,0,4.55%,0.00%,"163,51 €","0,00 €",4,0
B0F147RFRT,B07YYDR6D8,Arcos Juego de Cuchillos de Cocina. 3 piezas de Acero Inoxidable forjado. Impresiona yorprencon cada corte. Mango Micarta azul. Serie Brooklyn. Color Azul.,858110_,484,7,0.14%,0.08%,694,8,0.15%,0.06%,83.33%,75.00%,4,1,0.83%,14.29%,"387,56 €","96,89 €",4,1
B0FR444FLT,B0843DNN57,Arcos Set Cuchillos Forjados 4 piezas (3 Cuchillos + 1 tijeras) - Acero Inoxidable Forjado NITRUM - Mango Micarta - Bloques Madera Color Azul. Serie Brooklyn. Impresiona yorprencon Cada Corte.,194000_,135,3,0.04%,0.03%,182,4,0.04%,0.03%,97.10%,100.00%,4,0,2.96%,0.00%,"439,96 €","0,00 €",4,0
B09FQ5SZK8,B08MTWTK78,Arcos Cuchillo Santoku Acero Inoxidable Nitrum 190 mm,166600_fbm,511,7,0.15%,0.08%,698,14,0.15%,0.11%,18.51%,9.09%,4,0,0.78%,0.00%,"115,96 €","0,00 €",4,0
B08T5Z4HFS,B08QYV8C1P,"CUPERINOX Cubiertos para marisco | Pinzas para marisco | Tenazas para marisco | 6 Unidades | Cubiertos marisco (Cangrejo, Langosta, Ostras) | Tenedor de marisco con dos dientes inferiores y cuchara.",20023_6Unidades,32,1,0.01%,0.01%,39,1,0.01%,0.01%,100.00%,100.00%,4,1,12.50%,100.00%,"47,96 €","11,99 €",4,1
B09WYWVGCS,B09WYWVGCS,Arcos Clara Juego 3 Cuchillos Forjados Acero Inoxidable Nitrum,212000_819010,139,4,0.04%,0.04%,205,4,0.04%,0.03%,89.67%,100.00%,4,1,2.88%,25.00%,"199,96 €","49,99 €",4,1
B0B42QTHTP,B0B42QTHTP,CUPERINOX | Tijeras de pescado 18 cm | Tijeras Cocina | tijeras de cocinero profesional para aves pescado carne caza| Accesorios de cocina,21991_,59,3,0.02%,0.03%,87,6,0.02%,0.05%,87.01%,100.00%,4,0,6.78%,0.00%,"25,00 €","0,00 €",4,0
B0C5XR2TFF,B0C5XR2TFF,Arcos Serie Thera | Sarten Antiadherente 22 cm | Aluminio Fundido | Apta cualquier cocina | Mango Ergonómico Plástico y Silicona | Sistema ahorro energético | Apta lavavajillas | Color Negro y Azul,719800,45,0,0.01%,0.00%,60,0,0.01%,0.00%,100.00%,0.00%,4,0,8.89%,0.00%,"129,00 €","0,00 €",4,0
B0CZXS1ZHN,B0CZXS1ZHN,"HENDI Olla de hierro fundido con 3 patas, caldero tipo potjie sudafricano, con tapa y asa, para fuego abierto y horno, 6L, ⌀245x(H)280mm",H629291,634,26,0.19%,0.29%,914,48,0.19%,0.37%,61.51%,74.07%,5,0,0.79%,0.00%,"298,75 €","0,00 €",4,0
B0DPKXM18X,B0DNQRZ3BN,"CUPERINOX Soporte Jamonero Inoxidable Profesional con Base Antideslizante para Jamones y Paletas, Incluye Cuchillo | Jamoneros Elite Collection",20260,743,26,0.22%,0.29%,851,27,0.18%,0.21%,100.00%,100.00%,4,0,0.54%,0.00%,"99,96 €","0,00 €",4,0
B0F9X4NXL3,B0F9GJRSSJ,"CUPERINOX Cuchillos Mesa, cuchillo carne, cuchillo mantequilla, Set 6 piezas, acero inoxidable, hoja con filo y sierra, cuchillo untar. Apto lavavajillas. Mango ergonomico",20043-6,217,7,0.06%,0.08%,281,8,0.06%,0.06%,98.37%,100.00%,4,0,1.84%,0.00%,"38,96 €","0,00 €",4,0
B0FHKQHYQ7,B0FHKQHYQ7,VINFERMATON – Insecticida Moscas y Mosquitos Sin Olor Pack 2×600 ml | Spray Eliminador Insectos Voladores Interior y Exterior | Acción Inmediata Profesional | 100% MADE IN SPAIN,9J-4FF5-2Q8R,23,1,0.01%,0.01%,41,1,0.01%,0.01%,94.29%,100.00%,4,1,17.39%,100.00%,"55,96 €","13,99 €",4,1
B017HKG9PK,B0044R87W8,"Arcos Cuchillo Santoku Acero Inoxidable Nitrum. Cuchillo Cocina japonés Pescado, Carne y Verduras. Mango ergonómico polioximetileno Pom y Hoja 170 mm. Multiusos. Serie Maitre. Color Negro.",151600,829,19,0.25%,0.21%,"1,162",27,0.24%,0.21%,6.70%,19.05%,3,0,0.36%,0.00%,"58,47 €","0,00 €",3,0
B0F54LTCFF,B0044R884U,Arcos Universal Cuchillo Santoku Acero POM Negro 170 mm,286004_us,406,7,0.12%,0.08%,509,10,0.11%,0.08%,24.13%,25.00%,3,0,0.74%,0.00%,"71,25 €","0,00 €",3,0
B0F1ZF7H1L,B005LR6E0C,Arcos Cuchillo Cocinero Acero Inoxidable Negro 150 mm,233400_,316,9,0.09%,0.10%,438,11,0.09%,0.08%,20.17%,83.33%,3,1,0.95%,11.11%,"80,97 €","26,99 €",3,1
B0F1ZF7H1L,B005LR6J3Y,Arcos Riviera Juego 6 Cuchillos Forjados Acero Inoxidable Nitrum,234200_,201,3,0.06%,0.03%,276,3,0.06%,0.02%,74.88%,0.00%,3,0,1.49%,0.00%,"524,67 €","0,00 €",3,0
B017HKFNO8,B005LR6ZZ6,Arcos Niza Cuchillo de Cocina Acero Inoxidable 150 mm,135300,33,1,0.01%,0.01%,49,4,0.01%,0.03%,88.89%,100.00%,3,0,9.09%,0.00%,"29,97 €","0,00 €",3,0
B0752NT3TH,B005LR77GC,ARCOS Tijeras de Cocina Profesional 235 mm,185701_barras_arcos,"1,536",60,0.46%,0.66%,"2,337",88,0.49%,0.68%,16.15%,6.25%,4,3,0.26%,5.00%,"33,93 €","24,18 €",3,2
B017HKR8WS,B005LRSIK6,ARCOS Afilador de Bolsillo Profesional,610200_fbm,765,25,0.23%,0.28%,"1,005",28,0.21%,0.21%,10.90%,27.78%,4,0,0.52%,0.00%,"151,00 €","0,00 €",3,0
B007TS6GW2,B007TS6GW2,Arcos Chairas - Chaira Afilador manual de cuchillos - Cuerpo de Acero al Carbono recubierto de Diamante de 280 mm - Mango de Polipropileno color negro,279202_,170,10,0.05%,0.11%,287,11,0.06%,0.08%,60.67%,50.00%,3,0,1.76%,0.00%,"119,97 €","0,00 €",3,0
B007TS6I5C,B007TS6I5C,ARCOS Sacacorchos Manual Cuerpo ABS Serie Toscana,604100,362,12,0.11%,0.13%,519,17,0.11%,0.13%,30.89%,20.00%,3,0,0.83%,0.00%,"146,97 €","0,00 €",3,0
B00BQU0FB2,B00BQU0FB2,"HENDI Filtros de papel para cafetera de goteo, 1000 unidades, desechables, papel de filtro de café, ⌀245x(H)62mm, blanco",H208656,53,8,0.02%,0.09%,72,12,0.02%,0.09%,60.32%,22.22%,3,0,5.66%,0.00%,"125,25 €","0,00 €",3,0
B00CWZOIIQ,B00CWZOIIQ,"Arcos Cuchillos Mesa - Cuchillo Carne Mesa - Monobloque unaola pieza Acero Inoxidable 4"" - Corta chuletas o bistecs con precisión, facilidad y rapidez -erie Monobloque - Color Plateado",375500_1pza_fbm,109,4,0.03%,0.04%,160,5,0.03%,0.04%,97.14%,100.00%,17,8,15.60%,200.00%,"110,33 €","51,92 €",3,1
B00D3LFQ3E,B00D3LFQ3E,ARCOS Cuchillo Corta Bacalao y Pan Acero Polietileno Blanco 440 mm,791600,63,1,0.02%,0.01%,109,1,0.02%,0.01%,73.03%,0.00%,3,0,4.76%,0.00%,"323,53 €","0,00 €",3,0
B00FHTW89A,B00FHTW89A,ARCOS Chaira Afilador Acero al Carbono Cromado 300 mm,278510_,41,3,0.01%,0.03%,59,4,0.01%,0.03%,33.96%,0.00%,3,0,7.32%,0.00%,"68,97 €","0,00 €",3,0
B0F1ZF7H1L,B00J64GECY,Arcos Cuchillo de Cocina Acero Inoxidable 130 mm,231524_,153,5,0.05%,0.06%,183,10,0.04%,0.08%,34.25%,25.00%,3,0,1.96%,0.00%,"70,47 €","0,00 €",3,0
B0F54LTCFF,B00VRWR53K,"Arcos Serie Universal, Macheta Cuchillo Carnicero, Hoja de Acero Inoxidable Nitrum 180 mm, Mango de Polioximetileno, Pom Color Negro",288100_,109,6,0.03%,0.07%,131,8,0.03%,0.06%,95.24%,0.00%,3,1,2.75%,16.67%,"119,97 €","39,99 €",3,1
B0189HXS8Q,B017DLLIUO,Arcos Navaja Profesional Acero Inoxidable 85 mm,485929_,523,8,0.16%,0.09%,720,12,0.15%,0.09%,0.97%,20.00%,3,0,0.57%,0.00%,"22,05 €","0,00 €",3,0
B017DLMYLQ,B017DLMYLQ,Arcos Serie Endura - Cacerola Antiadherente - Cuerpo de Aluminio Forjado 16 cm - Capacidad 1 litro - Mango de Acero Inoxidable - Color Negro (Libre de PFOA),697000_,75,4,0.02%,0.04%,107,4,0.02%,0.03%,96.77%,50.00%,4,0,5.33%,0.00%,"79,96 €","0,00 €",3,0
B086X1XQXD,B06Y2B85HT,"HENDI Expositor con cubierta deslizante roll-top, Simple",H871706,167,13,0.05%,0.14%,246,21,0.05%,0.16%,28.45%,21.05%,3,1,1.80%,7.69%,"134,97 €","44,99 €",3,1
B071LGMGHG,B071LGMGHG,Arcos Tijeras de Manicura Rectas de Acero Forjado 102 mm - Uso Profesional y Doméstico - Niqueladas Plata - Serie Style,501100,68,3,0.02%,0.03%,86,3,0.02%,0.02%,93.75%,100.00%,3,0,4.41%,0.00%,"29,97 €","0,00 €",3,0
B077V7LJJM,B077V7LJJM,"Arcos Serie Riviera, Set Jamonero de 3 piezas, 1 Cuchillo Jamonero + 1 Deshuesador + 1 Chaira, Hoja de Acero Inoxidable Forjado Nitrum, Mango de Polioximetileno, POM, Color Negro",_806911_,64,1,0.02%,0.01%,95,1,0.02%,0.01%,55.29%,0.00%,3,1,4.69%,100.00%,"209,97 €","69,99 €",3,1
B09JPSTVBC,B07B8MQZTW,Arcos Serie Riviera Rose - Cuchillo Mondador - Hoja de Acero Inoxidable Forjado NITRUM 100 mm - Mango de Polioximetileno (POM) Color Rosa,230254_,37,1,0.01%,0.01%,65,1,0.01%,0.01%,100.00%,100.00%,3,0,8.11%,0.00%,"74,97 €","0,00 €",3,0
B0FD46SGNM,B07D8WQ355,Arcos Serie Manhattan - Cuchillo Cocinero - Hoja de Acero Inoxidable Forjado Nitrum 210 mm - Mango de Polioximetileno (POM) Color Negro - Filo Seda,160600_,138,8,0.04%,0.09%,205,8,0.04%,0.06%,50.28%,62.50%,3,1,2.17%,12.50%,"111,47 €","36,49 €",3,1
B0CTHQG9QZ,B07DB3C9JY,"HENDI Recipiente Gastronorm GN 1/1 con asas, Budget Line, resistencia térmica -40 °C a 250 °C, apto para horno y baño maría, 28L, 530x325x(H) 200mm, acero inoxidable",H817155,30,2,0.01%,0.02%,49,2,0.01%,0.02%,76.60%,50.00%,7,1,23.33%,50.00%,"244,93 €","34,99 €",3,1
B0FR444FLT,B07DFK4T6L,"Arcos Cuchillo Deshuesador Profesional - Hoja Silk Edge Acero Inoxidable Nitrum 160 mm, Precisión y Durabilidad, Mango Ergonómico POM Negro, Serie Manhattan",162600_,23,0,0.01%,0.00%,38,0,0.01%,0.00%,97.22%,0.00%,3,0,13.04%,0.00%,"83,97 €","0,00 €",3,0
B0FR444FLT,B07DQRFDMB,Arcos Manhattan Cuchillo Santoku Forjado Acero POM Negro 190 mm,161600_,113,1,0.03%,0.01%,165,2,0.03%,0.02%,90.97%,100.00%,3,0,2.65%,0.00%,"103,47 €","0,00 €",3,0
B09381N96H,B07G75XCXM,"Arcos Serie Cuchillos de Mesa Caja 12 uds Cuchillo Mesa, Hoja Serrada de Acero Inoxidable NITRUM de 125 mm, Mango Polipropileno Color crema (12 UDS)",370200_us,464,12,0.14%,0.13%,764,19,0.16%,0.15%,96.95%,100.00%,4,3,0.86%,25.00%,"79,16 €","59,17 €",3,2
B0B3F4QXML,B07HY6FKNQ,Arcos Serie Clasica - Juego de Cuchillos de 7 piezas en Caja de Regalo (5 Cuchillos + 1 Tijeras + 1 Chaira) - Hoja de Acero Inoxidable Forjado NITRUM - Mango de Polioximetileno (POM) - Color marrón,854400_2,230,5,0.07%,0.06%,312,5,0.07%,0.04%,54.23%,100.00%,3,1,1.30%,20.00%,"440,97 €","144,99 €",3,1
B0FR444FLT,B07JJGXYZD,Arcos Set Cocina Serie Manhattan,858100,585,6,0.17%,0.07%,760,7,0.16%,0.05%,97.75%,100.00%,3,0,0.51%,0.00%,"245,97 €","0,00 €",3,0
B0FD46SGNM,B07JJGXYZD,Arcos Set Cocina Serie Manhattan,858100,122,2,0.04%,0.02%,162,2,0.03%,0.02%,97.87%,100.00%,3,0,2.46%,0.00%,"245,97 €","0,00 €",3,0
B0FR444FLT,B07N8V5DY8,Arcos Cuchillo trinchar forjado | Cuchillo jamonero Acero Inoxidable. Cuchillo cocina profesional cocinar. Mango micarta y borseda especial y Hoja plateada 300 mm. Serie Brooklyn. Color azul.,192323_,98,9,0.03%,0.10%,142,24,0.03%,0.18%,75.83%,100.00%,3,0,3.06%,0.00%,"134,64 €","0,00 €",3,0
B0FR444FLT,B07N8VHP6Y,Arcos Cuchillo deshuesador con Hoja Acero Inoxidable Nitrum 160 mm. Cuchillo profesional para cortar huesos carne. Mango ergonómico polipropileno. Serie Brooklyn. Color azul.,192623_,35,4,0.01%,0.04%,47,9,0.01%,0.07%,57.14%,57.14%,3,0,8.57%,0.00%,"113,97 €","0,00 €",3,0
B0F147RFRT,B07N8VHP6Y,Arcos Cuchillo deshuesador con Hoja Acero Inoxidable Nitrum 160 mm. Cuchillo profesional para cortar huesos carne. Mango ergonómico polipropileno. Serie Brooklyn. Color azul.,192623_,99,4,0.03%,0.04%,143,12,0.03%,0.09%,83.33%,50.00%,3,0,3.03%,0.00%,"109,21 €","0,00 €",3,0
B0F147RFRT,B07N8W7718,Arcos Cuchillo Chef Forjado Acero Inoxidable Tamaño. Mango Profesional Micarta y BorSeda Especial con Hoja Plateada 250 mm. Impresiona yorprencon Cada Corte. Serie Brooklyn. Color Azul.,190823_,78,6,0.02%,0.07%,97,12,0.02%,0.09%,86.75%,75.00%,4,0,5.13%,0.00%,"211,96 €","0,00 €",3,0
B07N8WMVK1,B07N8WMVK1,ARCOS Taco Cajonera Organizador Bambú hasta 25 cm Marrón,794300_fbm,136,2,0.04%,0.02%,212,2,0.04%,0.02%,36.02%,0.00%,3,0,2.21%,0.00%,"95,97 €","0,00 €",3,0
B07YXBGV8C,B07YXBGV8C,Arcos Riviera Blanc Set 3 Cuchillos Forjados Acero Inoxidable Nitrum,807511_,52,5,0.02%,0.06%,98,6,0.02%,0.05%,67.50%,100.00%,4,2,7.69%,40.00%,"239,96 €","119,98 €",3,1
B0FR444FLT,B07YYDR6D8,Arcos Juego de Cuchillos de Cocina. 3 piezas de Acero Inoxidable forjado. Impresiona yorprencon cada corte. Mango Micarta azul. Serie Brooklyn. Color Azul.,858110_,673,10,0.20%,0.11%,935,14,0.20%,0.11%,98.06%,100.00%,3,1,0.45%,10.00%,"290,67 €","96,89 €",3,1
B0CYTKGNPM,B0843Q6L5P,ARCOS Pelador Profesional Acero Inoxidable Cromado 130 mm,607000_,"3,729",106,1.11%,1.17%,"5,722",157,1.20%,1.20%,0.10%,2.54%,7,6,0.19%,5.66%,"36,70 €","29,45 €",3,2
B09FQ5SZK8,B08MTTN436,Arcos Nordika Cuchillo Mondador Nitrum Madera Ovengkol FSC 100 mm,165000_fbm,253,6,0.08%,0.07%,359,9,0.08%,0.07%,21.45%,75.00%,4,1,1.58%,16.67%,"87,96 €","21,99 €",3,1
B0CQLQ57BT,B08TWYJ47S,"Arcos Cazo Antiadherente 18 cm - Aluminio Fundido, Apto para Todas las Cocinas, Mango Ergonómico, Ahorro Energético, Lavavajillas, Negro/Azul - Serie Thera",719100,34,2,0.01%,0.02%,46,3,0.01%,0.02%,97.50%,100.00%,3,1,8.82%,50.00%,"92,85 €","30,95 €",3,1
B0CQM2K3QY,B08TX19NTQ,"Arcos Thera Olla Grande de Cocina de 28 Cm y 6,6 L. Cacerola Alta para Inducción, Gas y Vitro. Olla de Aluminio Fundido con Tapa de Cristal y Mango Extraíble. Apta Lavavajillas. Color Negro Azul",718800,114,1,0.03%,0.01%,155,1,0.03%,0.01%,89.58%,100.00%,3,0,2.63%,0.00%,"209,85 €","0,00 €",3,0
B095YY8KQ9,B095YY8KQ9,VINFERMATÓN - Insecticida Moscas y Mosquitos Efecto Inmediato Perfume Limón 600ml,MATONZAUL,23,2,0.01%,0.02%,31,3,0.01%,0.02%,82.76%,100.00%,5,3,21.74%,150.00%,"49,90 €","29,94 €",3,1
B08VS4FCLN,B09HHGVG2N,"Arcos Juego Cuchillos Cocina cuchillos | Cuchillo profesional | 6 piezas | Chef 215 mm + Cocina 150 mm, Verduras 100 mm + Tijera cocina + Pelador de fruta y verdura + Pinza para pescado",854200fbm,189,3,0.06%,0.03%,263,4,0.06%,0.03%,99.58%,100.00%,3,0,1.59%,0.00%,"131,97 €","0,00 €",3,0
B09NBVF3RB,B09NBVF3RB,"HENDI Cubierta transparente para máquina de algodón de azúcar, compatible con modelos 282731, 282809 y 282816, ⌀520x(H)350mm, acrílico (PMMA)",H282755,4,1,0.00%,0.01%,12,4,0.00%,0.03%,100.00%,0.00%,3,0,75.00%,0.00%,"284,97 €","0,00 €",3,0
B0B42QTHTP,B0B42QTHTP,CUPERINOX | Tijeras de pescado 18 cm | Tijeras Cocina | tijeras de cocinero profesional para aves pescado carne caza| Accesorios de cocina,21991,59,3,0.02%,0.03%,87,6,0.02%,0.05%,87.01%,100.00%,52,50,88.14%,"1,666.67%","291,98 €","276,00 €",3,1
B0BJPYW95J,B0BJPYW95J,Arcos Accesorios - Sacacorchos Manual Abrebotellas Manual - Mango de Aleación de Zinc - Color Negro mate (Incluye cortacápsulas),607500,42,2,0.01%,0.02%,65,6,0.01%,0.05%,98.15%,100.00%,3,1,7.14%,50.00%,"119,97 €","39,99 €",3,1
B0C49YDKL4,B0C49YDKL4,Arcos Serie Nordika - Cuchillo Usuba - Acero Inoxidable NITRUM - Hoja de 175 mm - Mango de Madera Ovengkol 100% natural de bosques certificados FSC® - Embalaje 100% reciclado,168000,68,1,0.02%,0.01%,103,2,0.02%,0.02%,55.17%,0.00%,3,0,4.41%,0.00%,"134,97 €","0,00 €",3,0
B0C4B1CKSR,B0C4B1CKSR,Arcos Serie Nordika - Cuchillo Yanagiba - Acero Inoxidable NITRUM - Hoja de 240 mm - Mango de Madera Ovengkol 100% natural de bosques certificados FSC® - Embalaje 100% reciclado,168200,34,2,0.01%,0.02%,58,2,0.01%,0.02%,79.59%,100.00%,3,0,8.82%,0.00%,"149,97 €","0,00 €",3,0
B0CVH8PC99,B0CQTKPL63,CUPERINOX Cuchillos Carne | Cuchillos Mesa | Cuchillos Chuleteros | 24 Piezas | Hoja Serrada | Mango Polipropileno | Acero Inoxidable | 11 cm,99923,119,10,0.04%,0.11%,163,14,0.03%,0.11%,100.00%,100.00%,3,0,2.52%,0.00%,"59,97 €","0,00 €",3,0
B0CTKV6X91,B0CTKV6X91,"HENDI Juego de 6 tablas de cortar HACCP con soporte, lisas, 6 colores diferentes, 6 piezas, 450x300x(H)10mm, polietileno, polipropileno",H825686,188,26,0.06%,0.29%,274,41,0.06%,0.31%,46.84%,5.88%,4,0,2.13%,0.00%,"258,96 €","0,00 €",3,0
B0DKP7F29P,B0DJBYWWVM,"Arcos Serie Samoa Iconic | Cacerola Antiadherente Cerámico 24 cm y 4,3 L | Aluminio Forjado | Apta cualquier cocina | Mango Acero Inoxidable | Color Negro | LIBRE DE (PFOA/PTFE/PFOS)",717022,79,3,0.02%,0.03%,117,7,0.02%,0.05%,95.05%,100.00%,4,2,5.06%,66.67%,"200,72 €","90,82 €",3,1
B0DNNKT1W2,B0DNNJPGTY,"Cuperinox-Tetera de Cristal con Infusor para Té e Infusiones, Resistente al Calor y Compatible con Microondas ** - Infusion Prestige Collection (750 ml)",26112,88,0,0.03%,0.00%,111,0,0.02%,0.00%,100.00%,0.00%,3,0,3.41%,0.00%,"55,47 €","0,00 €",3,0
B0DNNKT1W2,B0DNNJPRXB,"Cuperinox-Tetera de Cristal con Infusor para Té e Infusiones, Resistente al Calor y Compatible con Microondas ** - Infusion Prestige Collection (550 ml)",26111_,256,2,0.08%,0.02%,368,2,0.08%,0.02%,99.67%,100.00%,3,0,1.17%,0.00%,"50,97 €","0,00 €",3,0
B0DPLG5V7Q,B0DWN7MZ3R,CUPERINOX Vaso cafe - Tazas de Espresso de Cristal - - Vaso Cristal - 80ml (Set de 6) - Apto para Lavavajillas y Microondas - Aroma Series,26120_3packs,22,1,0.01%,0.01%,29,1,0.01%,0.01%,91.67%,0.00%,3,1,13.64%,100.00%,"53,97 €","17,99 €",3,1
B0FJLTDB9J,B0FB98PM7Z,CUPERINOX® Beauty Care – Pack 3 Cortauñas de Precisión | Alicate + Cortaúñas Mediano + Cortaúñas con Llavero | Acero Inoxidable Profesional | Manicura y Pedicura | Hombre y Mujer,A10004,50,1,0.01%,0.01%,59,1,0.01%,0.01%,100.00%,100.00%,3,0,6.00%,0.00%,"37,19 €","0,00 €",3,0
B0FDKX6V41,B0FDKX6V41,VINFERMATON – Insecticida Moscas y Mosquitos Perfume Limón Pack 2×600 ml | Spray Eliminador Insectos Voladores Interior y Exterior | Acción Inmediata Profesional | 100% MADE IN SPAIN,V0009_PACK2,35,0,0.01%,0.00%,41,0,0.01%,0.00%,85.00%,0.00%,5,2,14.29%,0.00%,"59,95 €","23,98 €",3,1
B0FGDF2SHZ,B0FGDF2SHZ,VINFERMATON Antihormigas Efecto Permanente | Insecticida Cucarachas y Hormigas Pack 2×600 ml | Efecto hasta 1 año | Interior y Exterior | Profesional y Doméstico | MADE IN SPAIN,V0013_PACK2,71,3,0.02%,0.03%,92,4,0.02%,0.03%,78.16%,0.00%,3,0,4.23%,0.00%,"46,89 €","0,00 €",3,0
B0F54LTCFF,B0044R87QE,Arcos Cuchillo Cocina Acero Inoxidable 200 mm,280604,"3,324",90,0.99%,0.99%,"4,903",138,1.03%,1.06%,3.59%,19.81%,5,5,0.15%,5.56%,"107,45 €","107,45 €",2,2
B017HKG9PK,B0044R87W8,"Arcos Cuchillo Santoku Acero Inoxidable Nitrum. Cuchillo Cocina japonés Pescado, Carne y Verduras. Mango ergonómico polioximetileno Pom y Hoja 170 mm. Multiusos. Serie Maitre. Color Negro.",151600_fba,829,19,0.25%,0.21%,"1,162",27,0.24%,0.21%,6.70%,19.05%,2,0,0.24%,0.00%,"38,98 €","0,00 €",2,0
B0044R87XM,B0044R87XM,"Arcos Cuchillo cocina laerie Kyoto - Hoja Acero Inoxidable forjado Nitrum 6"" - Mango negro polioximetileno (POM) - Elegante y duradero (7'')",178900_,134,5,0.04%,0.06%,162,7,0.03%,0.05%,99.33%,100.00%,2,0,1.49%,0.00%,"99,98 €","0,00 €",2,0
B017HKG9PK,B0044R87YQ,Arcos Cuchillo para Maitre Negro 100 mm,150500_us,"1,131",35,0.34%,0.39%,"1,519",49,0.32%,0.38%,32.84%,18.92%,5,5,0.44%,14.29%,"45,55 €","45,55 €",2,2
B0752NT3TH,B005LR7726,Arcos Serie Prochef - Tijeras de Cocina - Hoja de Acero Inoxidable - 210 mm - Mango de Polipropileno Color negro y rojo,185601_barras_Arcos,"1,287",42,0.38%,0.46%,"1,963",72,0.41%,0.55%,0.06%,1.82%,3,3,0.23%,7.14%,"26,22 €","26,22 €",2,2
B0F54LTCFF,B007TS6GFO,Arcos Universal Juego 5 Cuchillos Nitrum Bloque Pino POM Negro,285700_,"1,101",37,0.33%,0.41%,"1,285",43,0.27%,0.33%,40.10%,16.13%,2,0,0.18%,0.00%,"209,80 €","0,00 €",2,0
B0F54LTCFF,B007TS6GI6,Arcos Universal Set 2 Cuchillos de Cocina Acero Inoxidable Nitrum,285800_2,204,4,0.06%,0.04%,259,4,0.05%,0.03%,19.42%,0.00%,2,0,0.98%,0.00%,"55,50 €","0,00 €",2,0
B007TS6GP4,B007TS6GP4,Arcos Juego de 6 Cuchillos de Mesa Chuleteros Acero Inoxidable 110 mm,815600--,162,4,0.05%,0.04%,306,6,0.06%,0.05%,39.46%,50.00%,2,0,1.23%,0.00%,"51,98 €","0,00 €",2,0
B0B3F4QXML,B008U6TDTK,Arcos Serie Clasica - Juego de Cuchillos de 5 piezas en Caja de Regalo (5 Cuchillos) - Hoja de Acero Inoxidable Forjado NITRUM - Mando de Polioximetileno (POM) - Bloque de madera color marrón acabado lacado,257000,475,12,0.14%,0.13%,648,21,0.14%,0.16%,79.00%,72.73%,2,0,0.42%,0.00%,"289,98 €","0,00 €",2,0
B0F1ZF7H1L,B00BHZPHOG,Arcos Riviera Blanc Cuchillo Panero Acero Inoxidable Nitrum 200 mm,231324_,104,8,0.03%,0.09%,146,16,0.03%,0.12%,23.58%,15.38%,2,1,1.92%,12.50%,"59,98 €","29,99 €",2,1
B00BQU1EQ2,B00BQU1EQ2,"HENDI Exprimidor de cítricos, eléctrico, protección contra salpicaduras, 1500 rpm, 3 conos exprimidores ABS diferentes, 230V, 180W, 308x218x(463), acero inoxidable, policarbonato, plástico ABS",H221204,23,8,0.01%,0.09%,31,15,0.01%,0.12%,56.67%,64.29%,2,1,8.70%,12.50%,"396,00 €","198,00 €",2,1
B00D3LBPIE,B00D3LBPIE,Arcos Mesa Cuchillo Chuletero Serrado Acero Monoblock Plata 110 mm,809500_1pieza,117,4,0.03%,0.04%,186,4,0.04%,0.03%,28.93%,50.00%,3,0,2.56%,0.00%,"17,97 €","0,00 €",2,0
B00D3LDXPM,B00D3LDXPM,ARCOS Abrelatas Manual Aleación de Zinc Plata-Negro 160 mm,603600,226,10,0.07%,0.11%,301,15,0.06%,0.12%,16.67%,58.33%,2,2,0.88%,20.00%,"33,98 €","33,98 €",2,2
B00E5KWS1A,B00E5KWS1A,"Arcos Accesorios de Cocina - Juego de 5 Piezas (Pelador, Cascanueces, Sacacorchos, Prensa Ajos, Abrelatas) - Aleación de Zinc, Acabado Cromado, Caja Regalo - Plata",604500_,32,2,0.01%,0.02%,43,4,0.01%,0.03%,68.29%,100.00%,2,0,6.25%,0.00%,"139,98 €","0,00 €",2,0
B07TXLKG42,B00GZR3MKM,"HENDI Freidora eléctrica, T ajustable hasta 190°C, termostato de seguridad, zona fría, con tapa y cesta de freír, tanque de aceite extraíble, 8L, 230V, 3500W, 265x430x(H)345mm, acero inoxidable",H205822,72,9,0.02%,0.10%,108,10,0.02%,0.08%,78.02%,0.00%,2,0,2.78%,0.00%,"329,98 €","0,00 €",2,0
B08M7BMR2S,B00I9XTLSC,ARCOS Afilador Profesional Manual Cerámica y Carbono Rojo-Negro,610600_2,"5,599",131,1.66%,1.45%,"8,259",193,1.73%,1.48%,0.04%,0.83%,2,0,0.04%,0.00%,"26,98 €","0,00 €",2,0
B0F1ZF7H1L,B00J64GI4S,Arcos Riviera Blanc Cuchillo Jamonero Forjado POM Blanco 300 mm,231124_,64,3,0.02%,0.03%,80,5,0.02%,0.04%,71.01%,100.00%,2,0,3.13%,0.00%,"73,98 €","0,00 €",2,0
B0F1ZF7H1L,B00J64GI70,Arcos Riviera Blanc Cuchillo Fileteador Forjado Acero Inoxidable 200 mm,233024_,85,7,0.03%,0.08%,97,7,0.02%,0.05%,52.78%,80.00%,2,0,2.35%,0.00%,"52,41 €","0,00 €",2,0
B017HKR8WS,B00OFR535Q,"Arcos Afiladores - Afilador Eléctrico de Cuchillos Afilador de Cuchillos Eléctricos, Hecho de Plástico, Color Negro (Rodillos de Banda Intercambiables)",610500_fbm,926,28,0.27%,0.31%,"1,137",38,0.24%,0.29%,98.15%,100.00%,2,0,0.22%,0.00%,"495,98 €","0,00 €",2,0
B0CJDS7HN7,B00WUZT88I,ARCOS Mesa Tenedor Carne y Mesa Acero 18/10 Plata 200 mm,702100_1pieza,302,19,0.09%,0.21%,398,27,0.08%,0.21%,21.28%,30.43%,3,0,0.99%,0.00%,"11,25 €","0,00 €",2,0
B06XB92VRH,B00YU2YTTM,CUPERINOX Cafetera Italiana Induccion Espresso Acero Inoxidable 4 Tazas,25032_,383,8,0.11%,0.09%,553,10,0.12%,0.08%,68.99%,25.00%,2,1,0.52%,12.50%,"39,98 €","19,99 €",2,1
B0F1ZF7H1L,B017DLFYYK,Arcos Cuchillo Queso Acero Inoxidable Blanco 145 mm,232824_,78,3,0.02%,0.03%,94,4,0.02%,0.03%,54.93%,100.00%,3,0,3.85%,0.00%,"113,97 €","0,00 €",2,0
B0F1ZF7H1L,B017DLG38Q,Arcos Cuchillo Cocina Acero Inoxidable Negro 140 mm,233200_,202,7,0.06%,0.08%,283,9,0.06%,0.07%,23.83%,20.00%,2,0,0.99%,0.00%,"55,98 €","0,00 €",2,0
B0189HXOXK,B017DLLFI4,Arcos Serie Navajas Profesionales - Navaja Profesional - Hoja Filo de Acero Inoxidable NITRUM de 85 mm - Navaja de Acero Inoxidable Color naranja,485329_fbm,184,8,0.05%,0.09%,263,11,0.06%,0.08%,4.62%,88.89%,2,2,1.09%,25.00%,"14,98 €","14,98 €",2,2
B017DLM9V6,B017DLM9V6,"Arcos Tenedores de Postre Acero Inoxidable 18/10, Juego de 3 Piezas, Monoblock 180 mm, Serie Toscana, Ideal para Repostería y Sobremesa, Color Plata",574500_,106,7,0.03%,0.08%,148,7,0.03%,0.05%,52.27%,40.00%,2,0,1.89%,0.00%,"16,50 €","0,00 €",2,0
B06Y66X8SW,B06Y66X8SW,CUPERINOX® Couture Series - Tijera Costura Profesional 10 cm | Acero Inoxidable de Alta Precisión | Corte Fino para Detalles y Acabados | Uso Doméstico y Profesional,21960,10,0,0.00%,0.00%,14,0,0.00%,0.00%,100.00%,0.00%,2,0,20.00%,0.00%,"13,98 €","0,00 €",2,0
B0F5L2FGGS,B071HVWQKP,Arcos Cuchillos Mesa con Hoja Acero Inoxidable. Cuchillos Carne con Mango Madera Palisandro Marrón. Hoja. Corta Carne Asada. Clásicos y Elegantes. Cortein Esfuerzo. Serie Mesa. Color Marrón,373700,498,7,0.15%,0.08%,684,13,0.14%,0.10%,12.62%,20.00%,3,1,0.60%,14.29%,"46,47 €","15,49 €",2,1
B0752NT3TH,B072FGV2YB,Arcos Serie Prochef - Tijeras de Cocina - Hoja de Acero Inoxidable - 220 mm - Mango de Polipropileno Color Negro,185900,112,1,0.03%,0.01%,128,6,0.03%,0.05%,28.57%,0.00%,2,0,1.79%,0.00%,"49,98 €","0,00 €",2,0
B08S87M447,B07BMGMVY4,Arcos Serie Riviera Rose - Cuchillo Cocinero - Hoja de Acero Inoxidable Forjado NITRUM 200 mm - Mango de Polioximetileno (POM) Color Rosa,233654_,53,0,0.02%,0.00%,80,0,0.02%,0.00%,100.00%,0.00%,2,0,3.77%,0.00%,"69,98 €","0,00 €",2,0
B07D5FFJ36,B07D5FFJ36,"HENDI Bandeja de Servicio Ovalada XL, Superficie Antideslizante, 735x600x(H) 31mm, Negro, Fibra de Vidrio y Goma",H508831,46,11,0.01%,0.12%,64,22,0.01%,0.17%,67.74%,8.33%,2,0,4.35%,0.00%,"99,98 €","0,00 €",2,0
B0FR444FLT,B07D8H2FNG,Arcos Manhattan Cuchillo Pelador Forjado Acero Inoxidable 100 mm,160100_,51,5,0.02%,0.06%,69,5,0.01%,0.04%,100.00%,100.00%,2,0,3.92%,0.00%,"46,98 €","0,00 €",2,0
B0CZFB7FJP,B07D8WH8HL,"HENDI Recipiente Gastronorm GN 1/1, Budget Line, resistencia térmica -40 °C a 250 °C, apto para horno y baño maría, 28L, 530x325x(H) 200mm, acero inoxidable",H800157,32,5,0.01%,0.06%,43,5,0.01%,0.04%,79.49%,40.00%,2,0,6.25%,0.00%,"66,40 €","0,00 €",2,0
B0FR444FLT,B07D8WQ355,Arcos Serie Manhattan - Cuchillo Cocinero - Hoja de Acero Inoxidable Forjado Nitrum 210 mm - Mango de Polioximetileno (POM) Color Negro - Filo Seda,160600,255,7,0.08%,0.08%,389,12,0.08%,0.09%,58.13%,66.67%,2,1,0.78%,14.29%,"68,56 €","30,57 €",2,1
B0CTHQG9QZ,B07D9XP5SZ,"HENDI Recipiente Gastronorm GN 1/1 con asas, Budget Line, resistencia térmica -40 °C a 250 °C, apto para horno y baño maría, 21L, 530x325x(H) 150mm, acero inoxidable",H817148,19,0,0.01%,0.00%,22,0,0.00%,0.00%,94.44%,0.00%,2,0,10.53%,0.00%,"61,98 €","0,00 €",2,0
B0D1CV1MT6,B07D9YVLP6,"HENDI Tabla de cortar con certificación HACCP 600x400 - Blanco, 600x400mm",H825600,45,3,0.01%,0.03%,51,3,0.01%,0.02%,74.07%,50.00%,2,1,4.44%,33.33%,"79,48 €","39,74 €",2,1
B0FD46SGNM,B07DQRFDMB,Arcos Manhattan Cuchillo Santoku Forjado Acero POM Negro 190 mm,161600_,64,3,0.02%,0.03%,76,3,0.02%,0.02%,98.46%,100.00%,2,1,3.13%,33.33%,"68,98 €","34,49 €",2,1
B07G77ZS7D,B07G77ZS7D,"Arcos Serie Cuchillos de Mesa Caja 12 uds Cuchillo Chuletero, Hoja Serrada de Acero Inoxidable NITRUM de 110 mm, Mango Madera comprimida Color marrón (12 UDS)",371501_fbm,16,0,0.00%,0.00%,19,0,0.00%,0.00%,57.89%,0.00%,2,0,12.50%,0.00%,"99,98 €","0,00 €",2,0
B07MMFPNLK,B07MMFPNLK,"HENDI Placa eutéctica de Calor Profesional, GN 1/1, para Cajas térmicas, Elemento Calefactor, acumulador de Calor, Bloque térmico, Placa Caliente, 530x325x(H) 30mm, HDPE, Rojo",H707845,22,4,0.01%,0.04%,30,9,0.01%,0.07%,56.67%,0.00%,8,0,36.36%,0.00%,"410,00 €","0,00 €",2,0
B0DN1WHKRN,B07MTQ5695,HENDI Batidora de Mano para Uso Profesional con Velocidad Ajustable,H222140,82,15,0.02%,0.17%,123,25,0.03%,0.19%,34.51%,8.70%,2,0,2.44%,0.00%,"319,50 €","0,00 €",2,0
B0CSXP6TLN,B07MZK9VXP,"HENDI Descalcificador de agua, 12L",H231227,234,18,0.07%,0.20%,320,24,0.07%,0.18%,60.76%,11.11%,2,0,0.85%,0.00%,"252,50 €","0,00 €",2,0
B0F147RFRT,B07N8Q63Z6,Arcos Brooklyn Cuchillo para Tomates Forjado Acero Inoxidable Nitrum 130 mm,192023_,51,0,0.02%,0.00%,62,0,0.01%,0.00%,93.62%,0.00%,2,0,3.92%,0.00%,"63,98 €","0,00 €",2,0
B0FR444FLT,B07N8S366Z,Arcos Cuchillo Cocina Forjado en Acero Inoxidable. Hoja Plateada 210 mm. Cuchillo Chef con Mango Profesional Micarta y Borde de Seda Especial. Serie Brooklyn. Color Azul.,190623_,190,6,0.06%,0.07%,254,13,0.05%,0.10%,99.52%,100.00%,2,1,1.05%,16.67%,"93,98 €","46,99 €",2,1
B0FR444FLT,B07N8V34F1,"Arcos Cuchillo Santoku Acero Inoxidable Forjado con Balanceo, Mango Micarta y BorSeda Especial y Hoja Plateada 190 mm. Impresiona yorprencon Cada Corte. Serie Brooklyn. Color Azul.",191623_,62,2,0.02%,0.02%,79,2,0.02%,0.02%,88.89%,100.00%,2,0,3.23%,0.00%,"89,98 €","0,00 €",2,0
B0FD46SGNM,B07N8V3SNH,"Arcos Cuchillo Tomate Forjado Acero Inoxidable 130 mm - Mango Ergonómico POM Negro, Borde Serrado para Rebanadas Perfectas - Serie Manhattan, Calidad Profesional",162000_,45,3,0.01%,0.03%,64,3,0.01%,0.02%,98.25%,100.00%,2,0,4.44%,0.00%,"48,50 €","0,00 €",2,0
B07N8W33BT,B07N8W33BT,ARCOS Bloque Universal para Cuchillos Caucho Termoplástico 225 mm,794400_,141,1,0.04%,0.01%,207,1,0.04%,0.01%,39.20%,100.00%,2,0,1.42%,0.00%,"49,98 €","0,00 €",2,0
B0FR444FLT,B07N8W7718,Arcos Cuchillo Chef Forjado Acero Inoxidable Tamaño. Mango Profesional Micarta y BorSeda Especial con Hoja Plateada 250 mm. Impresiona yorprencon Cada Corte. Serie Brooklyn. Color Azul.,190823_,73,6,0.02%,0.07%,96,7,0.02%,0.05%,87.01%,100.00%,2,1,2.74%,16.67%,"105,98 €","52,99 €",2,1
B07NDV5T2F,B07NDV5T2F,Arcos Serie Brooklyn - Cuchillo Cocinero - Hoja de Acero Inoxidable Forjado NITRUM 210 mm - Mango de Micarta Color Azul (Filo Seda),190623_fbm,97,2,0.03%,0.02%,135,6,0.03%,0.05%,97.35%,100.00%,2,1,2.06%,50.00%,"91,98 €","45,99 €",2,1
B07Q6FZTR2,B07Q6FZTR2,"HENDI Lavavajillas industrial, para cestas 40x40cm, con control electromecánico, máquina lavaplatos lavavasos lavacopas, 230V, 2800W, 470x510x(H)710mm, acero inoxidable",H230299,28,3,0.01%,0.03%,43,3,0.01%,0.02%,89.74%,100.00%,2,2,7.14%,66.67%,"3.050,00 €","3.050,00 €",2,2
B0FR444FLT,B07YYDR6D8,Arcos Juego de Cuchillos de Cocina. 3 piezas de Acero Inoxidable forjado. Impresiona yorprencon cada corte. Mango Micarta azul. Serie Brooklyn. Color Azul.,858110,673,10,0.20%,0.11%,935,14,0.20%,0.11%,98.06%,100.00%,2,0,0.30%,0.00%,"199,98 €","0,00 €",2,0
B0F147RFRT,B07YYDR6D8,Arcos Juego de Cuchillos de Cocina. 3 piezas de Acero Inoxidable forjado. Impresiona yorprencon cada corte. Mango Micarta azul. Serie Brooklyn. Color Azul.,858110,484,7,0.14%,0.08%,694,8,0.15%,0.06%,83.33%,75.00%,2,0,0.41%,0.00%,"199,98 €","0,00 €",2,0
B082VW3C39,B082VW3C39,HENDI Carro de lavandería - 900x650x(H)850 mm,H691083,15,4,0.00%,0.04%,20,4,0.00%,0.03%,35.00%,50.00%,2,1,13.33%,25.00%,"390,00 €","195,00 €",2,1
B0843SLMDX,B0843SLMDX,Arcos Cuchillo Chef Acero Inoxidable. Cuchillo cocina profesional multipropósito para cortar y limpiar verduras. Mango ergonómico polioximetileno y Hoja 230 mm. Serie Opera. Color negro.,225200_fbm,20,1,0.01%,0.01%,37,1,0.01%,0.01%,72.73%,0.00%,2,0,10.00%,0.00%,"82,00 €","0,00 €",2,0
B0843V9Z1W,B0843V9Z1W,Arcos Cuchillo Santoku Acero Inoxidable Nitrum y Hoja 190 mm. Mango ergonómico polioximetileno POM. Diseño clásico y acabado redondeado gran belleza yolidez. Serie Opera. Color negro.,229900_fba,31,0,0.01%,0.00%,52,0,0.01%,0.00%,97.83%,0.00%,2,0,6.45%,0.00%,"73,98 €","0,00 €",2,0
B08GSTDWTC,B08G4D9718,"Arcos | Cuchillos 3 Colores | Cuchillo de pelar | Cuchillos pelar Patatas | Acero Inoxidable Nitrum| Envase Ecológico | Cuchillo Colores (85 mm, Amarillo, Turquesa, Naranja)",816700,507,14,0.15%,0.15%,672,16,0.14%,0.12%,99.16%,100.00%,2,1,0.39%,7.14%,"21,98 €","10,99 €",2,1
B08M5K93QF,B08M5K93QF,Arcos Juego Cuchillos Mesa | 6 Uds | Cuchillo Postre | Cuchillos Mesa | Cuchillo Carne | Hoja 105 mm | Acero Inoxidable Martensítico | Mango Polipropileno | Apto lavavajillas | Envase Ecológico,703500FBM,126,1,0.04%,0.01%,193,1,0.04%,0.01%,100.00%,100.00%,2,0,1.59%,0.00%,"25,98 €","0,00 €",2,0
B08VRP7CR7,B08MTXC14T,Arcos Juego Cuchillos Carne | 6 Piezas | Cuchillos Carne Cuchillo chuleteros | Cubiertos Acero Inoxidable | Hoja 110 mm | Mango Redondo y Forma Ovalada | monobock | Caja Envase Ecológico (6 unidades),809900FBM,121,5,0.04%,0.06%,176,6,0.04%,0.05%,99.35%,100.00%,2,0,1.65%,0.00%,"55,98 €","0,00 €",2,0
B09FQ5SZK8,B08MV1BJ5Z,Arcos Serie Nordika - Cuchillo Cocinero - Acero Inoxidable NITRUM - Hoja de 140 mm - Mango de Madera Ovengkol 100% natural FSC - Embalaje 100% reciclado,165400_fbm,237,4,0.07%,0.04%,304,9,0.06%,0.07%,21.85%,85.71%,2,1,0.84%,25.00%,"49,98 €","24,99 €",2,1
B0CQLQ57BT,B08TWZGJ69,"Arcos Cazo Antiadherente 20 cm Aluminio Fundido para Todo Tipo de Cocinas, Mango Ergonómico, Ahorro Energético, Apto Lavavajillas, Negro/Azul, Serie Thera",719200,76,3,0.02%,0.03%,97,5,0.02%,0.04%,82.02%,75.00%,2,0,2.63%,0.00%,"69,90 €","0,00 €",2,0
B0CQM2K3QY,B08TWZLD4R,"Arcos Thera Olla Grande de Cocina de 32 Cm y 9,3 L. Cacerola Alta para Inducción, Gas y Vitro. Olla de Aluminio Fundido con Tapa de Cristal y Mango Extraíble. Apta Lavavajillas. Color Negro Azul",718900,103,3,0.03%,0.03%,136,3,0.03%,0.02%,49.19%,100.00%,2,0,1.94%,0.00%,"181,50 €","0,00 €",2,0
B0CQM2K3QY,B08TX1D4LL,"ARCOS Thera Olla Grande de Cocina de 24 Cm y 4 L. Cacerola Alta para Inducción, Gas y Vitrocerámica. Olla de Aluminio Fundido con Tapa de Cristal y Mango Extraíble. Apta Lavavajillas. Color Negro Azul",718700,206,3,0.06%,0.03%,266,3,0.06%,0.02%,43.50%,0.00%,2,0,0.97%,0.00%,"115,00 €","0,00 €",2,0
B08TLR4Z27,B095C22QFS,Arcos jamonero Profesional | Cuchillo jamonero jamonero Inoxidable Nitrum | Mango Negro | Cuchillo Jamon iberico | Serie Maitre| Hoja Flexible y Filo Liso | 275 mm | Acero Inoxidable NITRUM,151811,58,1,0.02%,0.01%,88,1,0.02%,0.01%,98.72%,0.00%,2,0,3.45%,0.00%,"39,98 €","0,00 €",2,0
B09DPRCMTF,B0987MG3JQ,Arcos Juego Cuchillos Carne | Cuchillo chuleteros | Cuchillos Carne Cuchillos Mesa | 6 Uds | Hoja 110 mm | Acero Inoxidable | Mango Nylon | Apto lavavajillas | Envase Ecológico (Filo Liso),814200FBM,78,2,0.02%,0.02%,106,2,0.02%,0.02%,100.00%,0.00%,2,0,2.56%,0.00%,"39,98 €","0,00 €",2,0
B09F9KVBDX,B09F9KVBDX,Arcos Nova Juego 8 Cuchillos Mesa Acero Crema 105 mm,705300,221,11,0.07%,0.12%,311,16,0.07%,0.12%,34.69%,0.00%,2,0,0.90%,0.00%,"33,98 €","0,00 €",2,0
B08VS4FCLN,B09HBWSBN1,"Arcos Juego Cuchillos Cocina cuchillo blanco cuchillos | cuchillos cocina Maitre | 5 piezas | Chef 215 mm, Cocina 150 mm, Verduras 100 mm Tijera cocina (Negro + Jamonero)",854100,103,2,0.03%,0.02%,139,2,0.03%,0.02%,99.19%,100.00%,2,0,1.94%,0.00%,"99,98 €","0,00 €",2,0
B08VS4FCLN,B09HHGVG2N,"Arcos Juego Cuchillos Cocina cuchillos | Cuchillo profesional | 6 piezas | Chef 215 mm + Cocina 150 mm, Verduras 100 mm + Tijera cocina + Pelador de fruta y verdura + Pinza para pescado",854200,189,3,0.06%,0.03%,263,4,0.06%,0.03%,99.58%,100.00%,2,0,1.06%,0.00%,"87,98 €","0,00 €",2,0
B0CRDWK8V7,B09T9QY59F,"Arcos Samoa Cazo Antiadherente Aluminio Forjado 20 cm 2,6 L",717310,99,5,0.03%,0.06%,139,9,0.03%,0.07%,77.87%,83.33%,2,1,2.02%,20.00%,"75,90 €","37,95 €",2,1
B0B464Q8VS,B0B464Q8VS,CUPERINOX® Kitchen Pro | Tijeras de Cocina Profesional 21 cm Tijeras de Trinchar Carne y Pescado Acero Inoxidable Mango Ergonómico Apto Lavavajillas,21981_,29,2,0.01%,0.02%,44,3,0.01%,0.02%,100.00%,0.00%,2,0,6.90%,0.00%,"19,98 €","0,00 €",2,0
B0B46BW9GK,B0B46BW9GK,"CUPERINOX® Kitchen Pro - Tijeras Cocina Profesional | Mango Negro Ambidiestro | Acero Inoxidable de Calidad | Para Pollo, Pescado, Carne y Verduras | Apto Lavavajillas",21985,12,0,0.00%,0.00%,16,0,0.00%,0.00%,100.00%,0.00%,2,0,16.67%,0.00%,"19,98 €","0,00 €",2,0
B0B4B6B16Z,B0B4B6B16Z,CUPERINOX | Tijeras de manicura para uñas | Tijera corta uñas de punta redondeada para las uñas de las manos | Fabricado en Acero Inoxidable 9 cm,21939,30,0,0.01%,0.00%,47,0,0.01%,0.00%,97.44%,0.00%,15,0,50.00%,0.00%,"149,85 €","0,00 €",2,0
B0BRT1JYNQ,B0BRT1JYNQ,Arcos Riviera - Juego de Cuchillos de Cocina (Mondador + 2 Cuchillo Chef) - Acero Inoxidable Forjado NITRUM - Mango POM - Color Negro,838310,94,3,0.03%,0.03%,138,4,0.03%,0.03%,50.43%,100.00%,3,0,3.19%,0.00%,"251,97 €","0,00 €",2,0
B0CVH8PC99,B0CQRMMMR5,CUPERINOX Cuchillos Carne | Cuchillos Mesa | Cuchillos Chuleteros | 6 Piezas | Hoja Serrada | Mango Polipropileno | Acero Inoxidable | 11 cm,99901_6pzs,51,0,0.02%,0.00%,67,0,0.01%,0.00%,100.00%,0.00%,2,1,3.92%,0.00%,"18,98 €","8,99 €",2,1
B0CVH8PC99,B0CQTJ6T66,"CUPERINOX® Cuchillos de Mesa Acero Inoxidable – Set Profesional 12 Piezas con Hoja Serrada de 11 cm y Mango Ergonómico Antideslizante – Para Carne, Verduras y Pescado",99922,268,25,0.08%,0.28%,343,28,0.07%,0.21%,100.00%,100.00%,2,0,0.75%,0.00%,"21,90 €","0,00 €",2,0
B0CYTKGNPM,B0CW66H3TR,Pelador de Tomate ARCOS - Hoja Serrada de Acero Inoxidable | Mango Ergonómico | Ideal para Tomates,607420_,"1,334",25,0.40%,0.28%,"1,530",27,0.32%,0.21%,85.36%,87.50%,2,0,0.15%,0.00%,"15,98 €","0,00 €",2,0
B0DKP7F29P,B0DJBXPR33,Arcos Serie Samoa Iconic | Sarten Antiadherente Cerámico 28 cm | Aluminio Forjado | Apta cualquier cocina | Mango Acero Inoxidable | Apta lavavajillas | Color Negro | LIBRE DE (PFOA/PTFE/PFOS),716522,157,5,0.05%,0.06%,201,9,0.04%,0.07%,64.16%,50.00%,2,0,1.27%,0.00%,"109,90 €","0,00 €",2,0
B0DKP68T32,B0DJBYWJB7,Arcos Serie Eclipse - Cuchillo de Chef - Hoja de Acero Inoxidable Forjado con Filo Seda Plus de 200 mm - Pulido Brillo Especial - Mango Acrílico - Color Negro,213500_,166,4,0.05%,0.04%,258,6,0.05%,0.05%,86.78%,33.33%,2,0,1.20%,0.00%,"147,98 €","0,00 €",2,0
B0DKP7F29P,B0DJBZ5475,Arcos Serie Samoa Iconic | Sarten Antiadherente Cerámico 20 cm | Aluminio Forjado | Apta cualquier cocina | Mango Acero Inoxidable | Apta lavavajillas | Color Negro | LIBRE DE (PFOA/PTFE/PFOS),716122,166,6,0.05%,0.07%,220,13,0.05%,0.10%,92.00%,85.71%,2,0,1.20%,0.00%,"69,90 €","0,00 €",2,0
B0DKP7F29P,B0DJBZ635J,"Arcos Serie Samoa Iconic | Cacerola Antiadherente Cerámico 20 cm y 2,6 L | Aluminio Forjado | Apta cualquier cocina | Mango Acero Inoxidable | Color Beige | LIBRE DE (PFOA/PTFE/PFOS)",716924,436,11,0.13%,0.12%,592,12,0.12%,0.09%,98.72%,100.00%,2,0,0.46%,0.00%,"107,90 €","0,00 €",2,0
B0DKP7F29P,B0DJBZ81XL,"Arcos Serie Samoa Iconic | Cacerola Baja Antiadherente Cerámico 28 cm y 4,3 L | Aluminio Forjado | Apta cualquier cocina | Mango Acero Inoxidable | Color Negro | LIBRE DE (PFOA/PTFE/PFOS)",717122,79,1,0.02%,0.01%,114,2,0.02%,0.02%,93.40%,0.00%,2,0,2.53%,0.00%,"145,90 €","0,00 €",2,0
B0DKP7F29P,B0DJBZK9SX,"Arcos Serie Samoa Iconic | Cazo Antiadherente Cerámico 16 cm y 1,5 L | Aluminio Forjado | Apta cualquier cocina | Mango Acero Inoxidable | Color Negro | LIBRE DE (PFOA/PTFE/PFOS)",717222,36,2,0.01%,0.02%,48,4,0.01%,0.03%,100.00%,100.00%,2,1,5.56%,50.00%,"62,26 €","28,51 €",2,1
B0DKP7F29P,B0DJC114YJ,"Arcos Serie Samoa Iconic | Cacerola Antiadherente Cerámico 24 cm y 4,3 L | Aluminio Forjado | Apta cualquier cocina | Mango Acero Inoxidable | Color Beige | LIBRE DE (PFOA/PTFE/PFOS)",717024,252,3,0.07%,0.03%,348,3,0.07%,0.02%,96.31%,0.00%,2,0,0.79%,0.00%,"125,90 €","0,00 €",2,0
B0DKP7F29P,B0DJC17TXZ,"Arcos Serie Samoa Iconic | Cacerola Baja Antiadherente Cerámico 28 cm y 4,3 L | Aluminio Forjado | Apta cualquier cocina | Mango Acero Inoxidable | Color Beige | LIBRE DE (PFOA/PTFE/PFOS)",717124,250,2,0.07%,0.02%,326,3,0.07%,0.02%,97.87%,0.00%,2,0,0.80%,0.00%,"145,00 €","0,00 €",2,0
B0DPLG5V7Q,B0DPJBBJC4,"CUPERINOX® Tazas de Café Espresso de Cristal – Set 2 80ml- Aptas para lavavajillas- Resistentes al Calor – Tazas Bonitas de Café, Té Originales y Elegantes – Aroma Series",26120_,48,0,0.01%,0.00%,74,0,0.02%,0.00%,98.51%,0.00%,2,0,4.17%,0.00%,"23,98 €","0,00 €",2,0
B0DQV6381X,B0F2Q1K35T,CUPERINOX Soporte Jamonero Balancín | Jamonero Giratorio Profesional | Jamonero Madera | Jamonera Profesional | Tabla Cortar Jamon,20265_SC,508,12,0.15%,0.13%,742,18,0.16%,0.14%,98.25%,100.00%,2,0,0.39%,0.00%,"169,98 €","0,00 €",2,0
B0F9X4NXL3,B0F9GJRSSJ,"CUPERINOX Cuchillos Mesa, cuchillo carne, cuchillo mantequilla, Set 6 piezas, acero inoxidable, hoja con filo y sierra, cuchillo untar. Apto lavavajillas. Mango ergonomico",20043_6,217,7,0.06%,0.08%,281,8,0.06%,0.06%,98.37%,100.00%,2,0,0.92%,0.00%,"19,98 €","0,00 €",2,0
B0FH71NBJL,B0FH71NBJL,"VINFERMATÓN - Pack TRIPLE ACCIÓN Insecticida contra Moscas, Mosquitos, Cucarachas, Hormigas y Avispas - 6 ud",V9090,18,0,0.01%,0.00%,27,0,0.01%,0.00%,96.00%,0.00%,2,0,11.11%,0.00%,"53,98 €","0,00 €",2,0
B0FHKR4Q45,B0FHKR4Q45,VINFERMATON – Insecticida Cucarachas y Hormigas | Antihormigas Instantáneo Pack 3×300 ml | Spray Eliminador Insectos Rastreros Interior y Exterior | Acción Rápida Profesional | MADE IN SPAIN,V101302_PACK3,17,0,0.01%,0.00%,22,0,0.00%,0.00%,100.00%,0.00%,2,0,11.76%,0.00%,"25,98 €","0,00 €",2,0
B0B3F4QXML,B000Q8UYRK,Arcos Cuchillo Jamonero Acero Inoxidable Forjado Nitrum 300 mm,256800_fbm,25,1,0.01%,0.01%,28,1,0.01%,0.01%,77.27%,0.00%,1,0,4.00%,0.00%,"28,49 €","0,00 €",1,0
B0F54LTCFF,B0044R87I2,Arcos Conjunto Cuchillos 4 piezas (3 Cuchillos + 1 tijeras). Acero Inoxidable y Hoja mm. 1670 gr. Bloque madera pino. Mango ergonómico polioximetileno POM. Serie Universal. Mayor control. Color negro.,285000,228,8,0.07%,0.09%,333,13,0.07%,0.10%,80.67%,36.36%,1,0,0.44%,0.00%,"54,85 €","0,00 €",1,0
B0F54LTCFF,B0044R87UA,Arcos Cuchillo Jamonero con Alveolos Acero Inoxidable 240mm,281801_,"2,212",60,0.66%,0.66%,"3,390",95,0.71%,0.73%,1.05%,10.77%,1,1,0.05%,1.67%,"19,49 €","19,49 €",1,1
B00509FC90,B00509FC90,"HENDI Baño María eléctrico, con grifo, sistema de calentamiento al baño María, temperatura regulable 30°C a 85°C, 1x GN 1/1, 2x GN 1/2, 3x GN 1/3, 19L, 230V, 1000W, 605x332x(H)242mm, acero inoxidable",H238912,30,7,0.01%,0.08%,35,9,0.01%,0.07%,68.75%,50.00%,1,1,3.33%,14.29%,"151,25 €","151,25 €",1,1
B0CL3H7NJC,B0050HJJVO,"HENDI Parrilla Eléctrica de Contacto Doble, Grill/Plancha Panini y Sandwichera Profesional, Placas Acanaladas y Lisas de Hierro Fundido Esmaltado, 230V, 3600W, 570x375x(H)216mm, Acero Inoxidable",H263808,36,4,0.01%,0.04%,55,5,0.01%,0.04%,73.47%,50.00%,1,0,2.78%,0.00%,"384,00 €","0,00 €",1,0
B0F1ZF7H1L,B005LR68DU,Arcos Cuchillo Jamonero con Alveolos 250 mm,231000,741,37,0.22%,0.41%,"1,058",48,0.22%,0.37%,63.54%,57.14%,1,0,0.13%,0.00%,"34,99 €","0,00 €",1,0
B0F1ZF7H1L,B005LR6BEQ,Arcos Cuchillo Filetear Acero Inoxidable Nitrum 200 mm,233000_,328,14,0.10%,0.15%,482,19,0.10%,0.15%,2.04%,0.00%,1,0,0.30%,0.00%,"25,99 €","0,00 €",1,0
B0F1ZF7H1L,B005LR6JFW,Arcos Conjunto Cuchillos 5 piezas Acero Inoxidable y Hoja mm. 3750 gr. Cuchillo cocina profesional cortar una variedad alimentos con mango ergonómico polioximetileno POM. Serie Riviera. Color negro.,234300_,137,0,0.04%,0.00%,160,0,0.03%,0.00%,93.13%,0.00%,1,0,0.73%,0.00%,"134,99 €","0,00 €",1,0
B005LR6ZJM,B005LR6ZJM,Arcos Cuchillo Verduras Acero Inoxidable 110 mm,135200,205,5,0.06%,0.06%,280,7,0.06%,0.05%,4.21%,0.00%,3,0,1.46%,0.00%,"23,97 €","0,00 €",1,0
B0BSKCJNDM,B005LR72I0,Arcos Niza Cuchillo Jamonero Flexible Acero Inoxidable 230 mm,135600_fba,58,2,0.02%,0.02%,79,3,0.02%,0.02%,39.44%,66.67%,1,0,1.72%,0.00%,"10,99 €","0,00 €",1,0
B08L8MV8XD,B005LR72SK,Arcos Juego de Cuchillos con Bloque Acero Inoxidable 6 piezas,136100_,"4,430",76,1.32%,0.84%,"6,282",104,1.32%,0.80%,0.19%,4.76%,1,0,0.02%,0.00%,"48,99 €","0,00 €",1,0
B07BDVL8SH,B007TS679O,Arcos Universal Cuchillo Pelar Remaches Acero POM Negro 3 pulg,281004_pp,27,0,0.01%,0.00%,29,0,0.01%,0.00%,65.52%,0.00%,1,0,3.70%,0.00%,"11,99 €","0,00 €",1,0
B0F54LTCFF,B007TS67GW,Arcos Cuchillo Cocina Acero Inoxidable 150 mm,281304_,503,10,0.15%,0.11%,642,15,0.13%,0.12%,13.31%,15.38%,1,0,0.20%,0.00%,"14,99 €","0,00 €",1,0
B0F54LTCFF,B007TS67P8,Arcos Cuchillo Chef Acero Inoxidable 175 mm,280504_,"1,090",23,0.32%,0.25%,"1,523",34,0.32%,0.26%,0.14%,0.00%,1,0,0.09%,0.00%,"17,49 €","0,00 €",1,0
B07BDT9G74,B008U6T624,Arcos Clásica Cuchillo Deshuesador Forjado Acero Inoxidable Nitrum 140 mm,256200_fbm,13,0,0.00%,0.00%,19,0,0.00%,0.00%,100.00%,0.00%,1,0,7.69%,0.00%,"19,99 €","0,00 €",1,0
B0B3F4QXML,B008U6T7Q4,Arcos Clásica Cuchillo Santoku Forjado Acero Inoxidable Nitrum 180 mm,256600_fmb,264,5,0.08%,0.06%,331,7,0.07%,0.05%,21.38%,0.00%,1,0,0.38%,0.00%,"29,99 €","0,00 €",1,0
B0B3F4QXML,B008U6TDTK,Arcos Serie Clasica - Juego de Cuchillos de 5 piezas en Caja de Regalo (5 Cuchillos) - Hoja de Acero Inoxidable Forjado NITRUM - Mando de Polioximetileno (POM) - Bloque de madera color marrón acabado lacado,257000_2,475,12,0.14%,0.13%,648,21,0.14%,0.16%,79.00%,72.73%,1,0,0.21%,0.00%,"144,99 €","0,00 €",1,0
B0752X1ZCK,B009KPKG8M,Arcos Cuchillos de Mesa - Cuchillo Chuletero Cuchillo de Mesa - Hoja de Acero Inoxidable NITRUM 110 mm - Mango de Nylon - Color Negro,803000_1-Pieza,146,2,0.04%,0.02%,152,2,0.03%,0.02%,87.50%,0.00%,2,0,1.37%,0.00%,"7,50 €","0,00 €",1,0
B00BHZPHO6,B00BHZPHO6,"Arcos Juego 6 Cuchillos carne 4,s. Paquete Cuchillos bolsillo con borliso para cortar y filetear carne. Hoja y mango Acero Inoxidable monobloque. Serie Mesa.",378200_,21,1,0.01%,0.01%,32,2,0.01%,0.02%,48.15%,50.00%,1,0,4.76%,0.00%,"38,99 €","0,00 €",1,0
B0F1ZF7H1L,B00BHZPKEI,Arcos Cuchillo Blanco 100 mm,230224_,155,3,0.05%,0.03%,206,5,0.04%,0.04%,15.00%,33.33%,1,0,0.65%,0.00%,"19,99 €","0,00 €",1,0
B00CWZQJZG,B00CWZQJZG,"Arcos Cuchillos Mesa - Cuchillo Carne Mesa - Monobloque unaola pieza Acero Inoxidable 4"" - Color Plateado - Corta todo tipo carne conimplicidad y practicidad -erie Monobloque - Color Gris",702000_1pza_fba,55,1,0.02%,0.01%,81,1,0.02%,0.01%,80.26%,100.00%,1,0,1.82%,0.00%,"4,99 €","0,00 €",1,0
B00D3LG0YI,B00D3LG0YI,Arcos Cuchillos de Mesa - Hoja Inoxidable NITRUM 110 mm - Cuchillo Chuletero para Carne - Mango de Nylon Duradero - Color Marrón - Ideal para Cocina y Comedor,804000_1pieza,74,2,0.02%,0.02%,97,5,0.02%,0.04%,100.00%,100.00%,5,0,6.76%,0.00%,"19,95 €","0,00 €",1,0
B0DK3FSR9B,B00GZR3JD2,"HENDI Sifón de Nata, con 3 boquillas Diferentes, Soporte para el Cargador y Cepillo de Limpieza, para Nata montada, mousses, postres, 0,95L, ø95x(H) 320mm, Aluminio, Blanco",H588376,47,2,0.01%,0.02%,67,2,0.01%,0.02%,45.31%,0.00%,1,1,2.13%,50.00%,"41,95 €","41,95 €",1,1
B0BV32H59Y,B00HYWUNR2,Arcos Saeta - Cuchillo Deshuesador - Hoja de Acero Inoxidable Forjado Nitrum de 145 mm - Mango de Pom - Color Negro,174700,31,6,0.01%,0.07%,52,16,0.01%,0.12%,97.62%,100.00%,1,1,3.23%,16.67%,"29,99 €","29,99 €",1,1
B09GS973CD,B00HYWV402,ARCOS Juego de Cocina de 5 Piezas con Bloque,815000_,861,17,0.26%,0.19%,"1,221",23,0.26%,0.18%,0.63%,46.67%,1,1,0.12%,5.88%,"34,99 €","34,99 €",1,1
B0BQDHLWRL,B00I5N4PPK,Arcos Cuchillo Chuletero Acero Inoxidable Nitrum 110 mm,_809300_1Pieza,155,4,0.05%,0.04%,258,5,0.05%,0.04%,4.85%,0.00%,3,0,1.94%,0.00%,"16,47 €","0,00 €",1,0
B0752V8D5V,B00I9XTGJ6,ARCOS Taco Redondo Protector de Cuchillos Caucho Termoplástico 225 mm,794000,104,2,0.03%,0.02%,148,4,0.03%,0.03%,47.29%,0.00%,1,0,0.96%,0.00%,"25,40 €","0,00 €",1,0
B00J4L7DZ6,B00J4L7DZ6,Arcos Serie Toscana - Juego de Tenedores de Mesa (3 tenedores) - Monoblock de una pieza en Acero Inoxidable 18/10 y 200 mm - Color Plata,574700_,854,21,0.25%,0.23%,"1,294",36,0.27%,0.28%,0.61%,10.71%,2,2,0.23%,9.52%,"17,98 €","17,98 €",1,1
B0F1ZF7H1L,B00J64GEEC,Arcos Riviera Blanc Cuchillo Chef Forjado Acero Inoxidable 250 mm,233724_,71,3,0.02%,0.03%,85,4,0.02%,0.03%,30.99%,33.33%,1,0,1.41%,0.00%,"42,99 €","0,00 €",1,0
B0F1ZF7H1L,B00J64GI84,Arcos Riviera Blanc Cuchillo Sole para Pescado Acero Inoxidable 170 mm,232924_,39,1,0.01%,0.01%,43,1,0.01%,0.01%,38.71%,0.00%,1,0,2.56%,0.00%,"26,99 €","0,00 €",1,0
B00R6JUIUK,B00R6JUIUK,Arcos Cuchillo Chuletero Acero Inoxidable 105 mm,100400_1pza,"2,058",34,0.61%,0.38%,"3,363",51,0.70%,0.39%,0.24%,0.00%,1,0,0.05%,0.00%,"3,99 €","0,00 €",1,0
B09ZLJL6JF,B00YU0JT2G,Arcos Serie Lyon - Cuchillo Mondador | Cuchillo Arcos - Hoja de Acero Inoxidable Forjado NITRUM de 100 mm - Mango de Polioximetileno (POM) - Color Negro,250200_,8,0,0.00%,0.00%,8,0,0.00%,0.00%,75.00%,0.00%,1,0,12.50%,0.00%,"20,99 €","0,00 €",1,0
B06XB92VRH,B00YU2ZS1A,CUPERINOX Cafetera Italiana Induccion Espresso Acero Inoxidable 6 Tazas,25033_,130,4,0.04%,0.04%,182,5,0.04%,0.04%,76.03%,66.67%,8,8,6.15%,200.00%,"143,20 €","143,20 €",1,1
B01418E5ZC,B01418E5ZC,"HENDI Cubitera para botellas, enfriador de bebidas tipo champanera, BarUp, 9,5L, ⌀350x(H)230mm, acero inoxidable",H471524,10,0,0.00%,0.00%,15,0,0.00%,0.00%,84.62%,0.00%,1,0,10.00%,0.00%,"24,49 €","0,00 €",1,0
B0B3F4QXML,B017DLGUJI,Arcos Cuchillo Jamonero Profesional - Hoja Forjada NITRUM 250 mm - Mango POM Resistente - Ideal para Cortes Precisos - Serie Clásica,256700_fbm,157,7,0.05%,0.08%,228,8,0.05%,0.06%,47.31%,100.00%,1,0,0.64%,0.00%,"28,99 €","0,00 €",1,0
B0752VKJ59,B017DLH9NE,Arcos Afilador Acero Nitrum Acero Inoxidable y Hoja 300 mm. Serie Chaira. Cuerpo Acero al Carbono Recubierto Cromo 11 - Mango Polipropileno. Formas ligeras yuaves. Color Negro.,278310_,31,0,0.01%,0.00%,50,0,0.01%,0.00%,100.00%,0.00%,1,0,3.23%,0.00%,"24,99 €","0,00 €",1,0
B0189HXS8Q,B017DLLIUO,Arcos Navaja Profesional Acero Inoxidable 85 mm,485929,523,8,0.16%,0.09%,720,12,0.15%,0.09%,0.97%,20.00%,1,0,0.19%,0.00%,"7,55 €","0,00 €",1,0
B017DLMC5Y,B017DLMC5Y,"Arcos Cuchillos para Postre de Acero Inoxidable 18/10, Monoblock de una Pieza, Hoja 205 mm, Juego de 3 Piezas, Serie Toscana, Ideal para Repostería y Cocina, Color Plata",574900_,52,2,0.02%,0.02%,70,3,0.01%,0.02%,44.62%,0.00%,2,0,3.85%,0.00%,"32,98 €","0,00 €",1,0
B019H2J21O,B019H2J21O,"Cuperinox 22531, Flanero Inoxidable 18cm con tapa",22531_us,71,0,0.02%,0.00%,89,0,0.02%,0.00%,100.00%,0.00%,1,0,1.41%,0.00%,"8,99 €","0,00 €",1,0
B085SNKG71,B01BNQB7Q0,"HENDI Paellera, ⌀800x(H) 75mm",H622605,4,0,0.00%,0.00%,4,0,0.00%,0.00%,75.00%,0.00%,1,0,25.00%,0.00%,"119,75 €","0,00 €",1,0
B01BNQXXIU,B01BNQXXIU,"HENDI Carrito de Servicios, de Cocina, de Restaurante, Multiusos, 2 estantes, 4 Ruedas giratorias, 2 con Freno, Carga máxima por Estante 50kg, encimera 830x510mm, 905x585x(H) 945mm, Acero Inoxidable",H810002,18,3,0.01%,0.03%,23,3,0.00%,0.02%,72.73%,33.33%,1,1,5.56%,33.33%,"129,75 €","129,75 €",1,1
B0DN1W2FX7,B01DY48ILG,"HENDI Bolsas lisas para cocción sous-vide y envasado al vacío, 100 unidades, -20 °C a +110 °C, 400x300mm, 75µm, PA/PE, sin BPA",H970690,13,0,0.00%,0.00%,16,0,0.00%,0.00%,46.67%,0.00%,1,0,7.69%,0.00%,"30,99 €","0,00 €",1,0
B01DY57HXU,B01DY57HXU,"HENDI Combustible líquido, lata, con mecha, 24 unidades, sin hollín y sin olor, tiempo de combustión 6 horas, dietilenglicol puro, para calentadores de alimentos, calientaplatos, chafing dish, 200 gr",H193938,10,0,0.00%,0.00%,10,0,0.00%,0.00%,100.00%,0.00%,1,0,10.00%,0.00%,"54,25 €","0,00 €",1,0
B01MQDCZTB,B01MQDCZTB,"HENDI Carro bandejero con Superficie de Trabajo, 7 x GN 1/1, Capacidad de Carga 70 kg, 445x615x(H) 945mm, Acero Inoxidable",H810668,20,6,0.01%,0.07%,24,7,0.01%,0.05%,39.13%,0.00%,1,0,5.00%,0.00%,"199,00 €","0,00 €",1,0
B01N4WDTRY,B01N4WDTRY,CUPERINOX® Couture Series - Tijera Costura Profesional 15 cm | Acero Inoxidable Resistente | Corte Preciso para Telas y Manualidades | Uso Doméstico y Profesional,21962,18,2,0.01%,0.02%,22,2,0.00%,0.02%,35.00%,100.00%,1,0,5.56%,0.00%,"8,49 €","0,00 €",1,0
B0752VKJ4B,B071LGMH3L,Arcos Set 3 Cuchillos Peladores Acero Inoxidable,189500_2,237,9,0.07%,0.10%,321,13,0.07%,0.10%,0.00%,0.00%,1,0,0.42%,0.00%,"10,99 €","0,00 €",1,0
B071S7PKNN,B071S7PKNN,Arcos Cuchillo Chuletero Acero Inoxidable Nitrum 110 mm,372400,50,1,0.01%,0.01%,77,1,0.02%,0.01%,75.00%,100.00%,1,0,2.00%,0.00%,"4,99 €","0,00 €",1,0
B071Z8BWVS,B071Z8BWVS,Arcos - Set Cuchillos Cocina Arcos y afilador Arcos | Cuchillos arcos Profesional |4 Piezas | Cuchillo Carne |Cuchillo japones | Cuchillo cebollero |843900,843900,13,0,0.00%,0.00%,19,0,0.00%,0.00%,100.00%,0.00%,1,0,7.69%,0.00%,"74,99 €","0,00 €",1,0
B0752NT3TH,B0728B9D8T,ARCOS Prochef Tijeras de Cocina Acero Inoxidable 220 mm,185901,179,5,0.05%,0.06%,198,5,0.04%,0.04%,23.88%,0.00%,1,0,0.56%,0.00%,"27,99 €","0,00 €",1,0
B0728B9JLB,B0728B9JLB,Arcos Cuchillo carne/mesa con Hoja Acero Inoxidable Nitrum 110 mm. Mango ergonómico polioximetileno POM. Los bordeserrados los hacen perfectos para cortar. Serie Mesa. Color azul.,373723,133,2,0.04%,0.02%,198,2,0.04%,0.02%,36.09%,0.00%,1,0,0.75%,0.00%,"16,29 €","0,00 €",1,0
B072BX31NV,B072BX31NV,Arcos Juego 6 Cuchillos de Mesa Nitrum Acero Crema 105 mm,703500__,168,2,0.05%,0.02%,234,2,0.05%,0.02%,16.10%,0.00%,1,0,0.60%,0.00%,"11,99 €","0,00 €",1,0
B072FHSBJR,B072FHSBJR,Arcos Nova Set 3 Cuchillos Peladores Acero Verde,189621,58,3,0.02%,0.03%,75,3,0.02%,0.02%,42.86%,0.00%,1,1,1.72%,33.33%,"10,49 €","10,49 €",1,1
B0799Z54MP,B0799Z54MP,CUPERINOX Tijeras Cocina Profesional |Mango ergonómico para máxima comodidad| Tijeras 21 cm |Tijeras de Trinchar | Tijeras Pollo | Tijera Pescado | Tijera Acero Inoxidable| Apto Lavavajillas,21982_,18,0,0.01%,0.00%,23,0,0.00%,0.00%,100.00%,0.00%,1,0,5.56%,0.00%,"9,99 €","0,00 €",1,0
B0FR444FLT,B07C7YV74X,Arcos Manhattan Cuchillo Trinchar Acero Jamón y Carne 250 mm,161900,34,0,0.01%,0.00%,37,0,0.01%,0.00%,94.59%,0.00%,1,0,2.94%,0.00%,"34,99 €","0,00 €",1,0
B0DN1W6N4N,B07CZFR2CG,"HENDI Batidora profesional digital con cubierta insonorizada, pantalla táctil, 3 velocidades, jarra de policarbonato resistente al calor y frío, 230V, 1680W, 250x300x(H)546mm, ABS, acero inoxidable",H230695,119,19,0.04%,0.21%,156,32,0.03%,0.25%,60.27%,14.29%,1,1,0.84%,5.26%,"371,07 €","371,07 €",1,1
B07CZP72RH,B07CZP72RH,"HENDI Batidora profesional con cubierta insonorizada, control manual, jarra de policarbonato resistente al calor y frío, velocidad variable, 230V, 1680W, 250x300x(H)540mm, ABS, acero inoxidable",H230688,24,1,0.01%,0.01%,31,2,0.01%,0.02%,100.00%,100.00%,1,0,4.17%,0.00%,"385,00 €","0,00 €",1,0
B07TYQJ4YX,B07D2TFS1B,HENDI Máquina eléctrica para pasta,H224847,208,10,0.06%,0.11%,298,14,0.06%,0.11%,51.25%,0.00%,1,0,0.48%,0.00%,"209,00 €","0,00 €",1,0
B07TYQJ4YX,B07D2VL8BP,HENDI Máquina para hacer pasta - 210x(H)340 mm,H224830,79,3,0.02%,0.03%,107,5,0.02%,0.04%,45.26%,75.00%,6,6,7.59%,200.00%,"220,08 €","220,08 €",1,1
B07D2VL8DF,B07D2VL8DF,"HENDI Vitrina expositora refrigerada, mostrador para Buffets, Conjunto exhibidor climatizado con Cubierta Transparente, 2 Bloques refrigerantes y Bandeja, 430x290x(H) 150mm, poliestireno,Acero INOX",H424155,59,8,0.02%,0.09%,88,10,0.02%,0.08%,20.27%,14.29%,2,0,3.39%,0.00%,"95,90 €","0,00 €",1,0
B07TXLLKPD,B07D4TDV32,"HENDI Cortador eléctrico para kebab, shawarma, gyros, corte ajustable 0-8mm, cuchilla: 2600 rpm, cuchillo eléctrico profesional para cortar carne, 80W, 60kg/h, 230V, 202x125x(H)182mm, acero inoxidable",H267240,16,0,0.00%,0.00%,27,0,0.01%,0.00%,41.67%,0.00%,2,2,12.50%,0.00%,"297,50 €","297,50 €",1,1
B086XS4XDX,B07D4V72YP,"HENDI Juego de salero y pimentero, 2 piezas, utensilio de sal y pimienta de cocina mesa, con tapas de acero inoxidable con orificios dispensadores en forma de S y P, ⌀40x(H)70mm, vidrio, transparente",H465387,38,3,0.01%,0.03%,56,5,0.01%,0.04%,100.00%,100.00%,1,1,2.63%,33.33%,"7,49 €","7,49 €",1,1
B0FQPFWD4X,B07D8GYFC7,"Arcos Cuchillo Chef Forjado Acero Inoxidable NITRUM - Profesional Cocina, Mango Ergonómico POM Negro, Hoja Silk Edge 150 mm, Serie Manhattan",160400_,8,0,0.00%,0.00%,14,0,0.00%,0.00%,100.00%,0.00%,1,0,12.50%,0.00%,"32,49 €","0,00 €",1,0
B0FD46SGNM,B07D8GYFC7,"Arcos Cuchillo Chef Forjado Acero Inoxidable NITRUM - Profesional Cocina, Mango Ergonómico POM Negro, Hoja Silk Edge 150 mm, Serie Manhattan",160400_,75,2,0.02%,0.02%,94,2,0.02%,0.02%,96.20%,100.00%,1,0,1.33%,0.00%,"32,49 €","0,00 €",1,0
B0FD46SGNM,B07D8H2FNG,Arcos Manhattan Cuchillo Pelador Forjado Acero Inoxidable 100 mm,160100_,34,2,0.01%,0.02%,37,2,0.01%,0.02%,93.10%,100.00%,1,0,2.94%,0.00%,"23,49 €","0,00 €",1,0
B0FR444FLT,B07D8WQ355,Arcos Serie Manhattan - Cuchillo Cocinero - Hoja de Acero Inoxidable Forjado Nitrum 210 mm - Mango de Polioximetileno (POM) Color Negro - Filo Seda,160600_,255,7,0.08%,0.08%,389,12,0.08%,0.09%,58.13%,66.67%,2,0,0.78%,0.00%,"74,98 €","0,00 €",1,0
B0FQPFWD4X,B07D8XC7NL,"Arcos Cuchillo Chef Forjado Acero Inoxidable NITRUM - Profesional Cocina, Mango Ergonómico POM Negro, Hoja Silk Edge 250 mm, Serie Manhattan",160800_,12,1,0.00%,0.01%,18,1,0.00%,0.01%,100.00%,0.00%,1,0,8.33%,0.00%,"44,99 €","0,00 €",1,0
B0FR444FLT,B07D8XC7NL,"Arcos Cuchillo Chef Forjado Acero Inoxidable NITRUM - Profesional Cocina, Mango Ergonómico POM Negro, Hoja Silk Edge 250 mm, Serie Manhattan",160800_,80,4,0.02%,0.04%,121,6,0.03%,0.05%,89.47%,83.33%,1,0,1.25%,0.00%,"44,99 €","0,00 €",1,0
B0FD46SGNM,B07D8XC7NL,"Arcos Cuchillo Chef Forjado Acero Inoxidable NITRUM - Profesional Cocina, Mango Ergonómico POM Negro, Hoja Silk Edge 250 mm, Serie Manhattan",160800_,40,3,0.01%,0.03%,50,5,0.01%,0.04%,100.00%,100.00%,1,1,2.50%,33.33%,"44,99 €","44,99 €",1,1
B07D9TLDY4,B07D9TLDY4,"HENDI Carro plataforma plegable, AmerBox, carga máxima de 200kg, plataforma rodante portacargas, carretilla de plataforma móvil, plataforma de carga, 742x480x(H)845mm, polipropileno, acero inoxidable",H810514,2,0,0.00%,0.00%,4,0,0.00%,0.00%,100.00%,0.00%,1,1,50.00%,0.00%,"149,75 €","149,75 €",1,1
B085SNLR5G,B07DC83Z46,"HENDI Bandeja de Servicio, Redonda, Recubrimiento Antideslizante, Multiusos, para buffets, Bandeja de Cocina para Servir Comida rápida, Bebidas, Fast Food, ⌀410x(H) 20mm, Polipropileno, Negro",H878149,33,0,0.01%,0.00%,47,0,0.01%,0.00%,95.56%,0.00%,1,0,3.03%,0.00%,"10,99 €","0,00 €",1,0
B0FD46SGNM,B07DC8JHV4,Arcos Cuchillo verduras Acero Inoxidable. Cuchillo profesional para pelar frutas y verduras. Mango ergonómico polioximetileno y Hoja 130 mm. Serie Manhattan. Color negro.,161100_,20,2,0.01%,0.02%,24,3,0.01%,0.02%,100.00%,100.00%,1,0,5.00%,0.00%,"24,49 €","0,00 €",1,0
B088MV3J6W,B07DC8M6PC,"HENDI Carro de Ingredientes, AmerBox, contenedor para almacenar Alimentos Secos, Carro transportador de harina, azúcar, Sal, Granos, arroz, 102L, 600x720x(H) 700mm, Blanco, Polipropileno",H877920,7,2,0.00%,0.02%,9,3,0.00%,0.02%,88.89%,100.00%,2,2,28.57%,100.00%,"461,16 €","461,16 €",1,1
B0FR444FLT,B07DC9LM3W,"Arcos Cuchillo Panadero Profesional - Hoja Silk Edge 200 mm en Acero Inoxidable Nitrum, Corte Preciso y Duradero, Ideal para Pan y Pasteles, Diseño Elegante y Seguro, Serie Manhattan",161300_,36,0,0.01%,0.00%,59,0,0.01%,0.00%,72.34%,0.00%,1,0,2.78%,0.00%,"31,99 €","0,00 €",1,0
B0FR444FLT,B07DFNDYFM,Arcos Cuchillo pescado Forgedole Acero Inoxidable forjado. Mango Micarta y borseda especial con Hoja plateada 190 mm. Serie Manhattan. Color negro. Impresiona yorprencon cada corte.,161400_,32,0,0.01%,0.00%,49,0,0.01%,0.00%,97.62%,0.00%,1,0,3.13%,0.00%,"25,99 €","0,00 €",1,0
B07DFNDYFM,B07DFNDYFM,Arcos Cuchillo pescado Forgedole Acero Inoxidable forjado. Mango Micarta y borseda especial con Hoja plateada 190 mm. Serie Manhattan. Color negro. Impresiona yorprencon cada corte.,161400_,1,0,0.00%,0.00%,1,0,0.00%,0.00%,100.00%,0.00%,1,0,100.00%,0.00%,"25,99 €","0,00 €",1,0
B07DPBX3QM,B07DPBX3QM,"HENDI Lámpara de Calor Colgante, Altura Ajustable, Cobre",H273890,76,13,0.02%,0.14%,116,21,0.02%,0.16%,33.65%,0.00%,3,0,3.95%,0.00%,"243,75 €","0,00 €",1,0
B07DQRFDMB,B07DQRFDMB,Arcos Manhattan Cuchillo Santoku Forjado Acero POM Negro 190 mm,161600_,24,1,0.01%,0.01%,43,1,0.01%,0.01%,100.00%,0.00%,1,0,4.17%,0.00%,"34,49 €","0,00 €",1,0
B093DSL44T,B07F9RV81Z,Arcos Cuchillo Chuletero de 4 Pulgadas con Hoja de 105mm en Acero Inoxidable y Mango de Madera. Cuchillo para Carne Apto para Lavavajillas. Serie Latina. Color Marrón,100400,842,8,0.25%,0.09%,"1,271",11,0.27%,0.08%,74.89%,100.00%,1,0,0.12%,0.00%,"35,99 €","0,00 €",1,0
B07FQ94K1Q,B07FQ94K1Q,Arcos Series Maitre - Juego de Cuchillos 5 Piezas (4 Cuchillos + 1 Tijeras) - Hoja de Acero Inoxidable Nitrum - Mango de Polipropileno - Bloque de Madera de Color marrón,152100__,62,2,0.02%,0.02%,92,3,0.02%,0.02%,66.27%,33.33%,1,1,1.61%,50.00%,"74,99 €","74,99 €",1,1
B0846H7BV1,B07G5M444L,Arcos Cuchillo de Mesa Acero Inoxidable Nitrum 130 mm Caja 12 Uds,370725_fbm,23,0,0.01%,0.00%,30,0,0.01%,0.00%,92.86%,0.00%,1,0,4.35%,0.00%,"42,99 €","0,00 €",1,0
B0752VCNQB,B07G77VNNM,"Arcos Serie Cuchillos de Mesa Caja 12 uds Cuchillo Chuletero, Hoja Filo de Acero Inoxidable de 110 mm, Cuchillo Monoblock Acero Inoxidable Color plata (12 UDS)",376500_fbm,42,1,0.01%,0.01%,58,2,0.01%,0.02%,38.30%,100.00%,1,0,2.38%,0.00%,"79,99 €","0,00 €",1,0
B07G79YS6D,B07G79YS6D,"Arcos Serie Cuchillos de Mesa Caja 12 uds Cuchillo Chuletero, Hoja Filo de Acero Inoxidable NITRUM de 110 mm, Mango Madera comprimida Color marrón (12 UDS)",373200_fbm,34,3,0.01%,0.03%,37,3,0.01%,0.02%,55.88%,100.00%,1,0,2.94%,0.00%,"70,99 €","0,00 €",1,0
B0FR444FLT,B07JJGXYZD,Arcos Set Cocina Serie Manhattan,858100_,585,6,0.17%,0.07%,760,7,0.16%,0.05%,97.75%,100.00%,1,0,0.17%,0.00%,"82,99 €","0,00 €",1,0
B0B3F4QXML,B07JWJ5LDH,Arcos Serie Clasica - Juego de Cuchillos Chuleteros (6 piezas) - Acero Inoxidable Forjado NITRUM - Mango POM - Color Negro,_854500_,77,2,0.02%,0.02%,109,2,0.02%,0.02%,98.61%,0.00%,1,0,1.30%,0.00%,"84,99 €","0,00 €",1,0
B07LD4MBMK,B07LD4MBMK,"HENDI Cubitera para Hielo, hielera, Recipiente para almacenar Cubitos de Hielo, BarUp, de Doble Pared, 10L, ø292x(h) 220mm, poliestireno, Blanco y Negro",H594759,195,22,0.06%,0.24%,303,38,0.06%,0.29%,25.00%,0.00%,1,0,0.51%,0.00%,"39,50 €","0,00 €",1,0
B07MDGR8G1,B07MDGR8G1,CUPERINOX® Couture Series - Tijera Costura Profesional 15 cm | Acero Inoxidable Irrompible | Mango Ergonómico Antideslizante | Corte Preciso y Duradero,21950_us,7,2,0.00%,0.02%,13,4,0.00%,0.03%,84.62%,100.00%,20,20,285.71%,"1,000.00%","159,80 €","159,80 €",1,1
B07MZHDK6L,B07MZHDK6L,"HENDI Descalcificador de agua, 8L",H231210,29,2,0.01%,0.02%,45,4,0.01%,0.03%,55.26%,66.67%,1,0,3.45%,0.00%,"119,75 €","0,00 €",1,0
B0F147RFRT,B07N8TNDRV,Arcos Brooklyn Cuchillo Chef Forjado Acero Inoxidable 150 mm,190423_,147,2,0.04%,0.02%,173,2,0.04%,0.02%,53.29%,100.00%,1,0,0.68%,0.00%,"39,99 €","0,00 €",1,0
B0FR444FLT,B07N8TSTLQ,"Arcos Juego de Cuchillos Forjados (4 Piezas) - Acero Inoxidable NITRUM, Corte Preciso, Mango Ergonómico POM Negro, Incluye Cuchillo Chef, Pan, Pelar y Cocina - Serie Manhattan, Negro",163400,54,0,0.02%,0.00%,72,0,0.02%,0.00%,100.00%,0.00%,1,0,1.85%,0.00%,"199,99 €","0,00 €",1,0
B0F147RFRT,B07N8V34F1,"Arcos Cuchillo Santoku Acero Inoxidable Forjado con Balanceo, Mango Micarta y BorSeda Especial y Hoja Plateada 190 mm. Impresiona yorprencon Cada Corte. Serie Brooklyn. Color Azul.",191623_,94,0,0.03%,0.00%,116,0,0.02%,0.00%,98.92%,0.00%,1,0,1.06%,0.00%,"44,99 €","0,00 €",1,0
B0F147RFRT,B07N8VCFRY,Arcos Brooklyn Cuchillo Panero Acero Inoxidable Nitrum 200 mm,191323_,65,1,0.02%,0.01%,92,1,0.02%,0.01%,91.36%,0.00%,1,0,1.54%,0.00%,"40,88 €","0,00 €",1,0
B0FR444FLT,B07N8VCFRY,Arcos Brooklyn Cuchillo Panero Acero Inoxidable Nitrum 200 mm,191323_,47,2,0.01%,0.02%,60,2,0.01%,0.02%,59.57%,0.00%,1,0,2.13%,0.00%,"40,88 €","0,00 €",1,0
B0FR444FLT,B07N8VLCQS,"Arcos Juego de Cuchillos Profesionales (4 Piezas) - Acero Inoxidable Nitrum, Precisión y Durabilidad, Mango Ergonómico POM Negro, Incluye Tijeras y Bloque de Madera, Serie Manhattan",163300_,47,1,0.01%,0.01%,61,1,0.01%,0.01%,100.00%,100.00%,1,0,2.13%,0.00%,"96,99 €","0,00 €",1,0
B0F147RFRT,B07N8VRS7L,Arcos Brooklyn Cuchillo Pelador Acero Inoxidable 100 mm,190123_,92,3,0.03%,0.03%,126,9,0.03%,0.07%,94.00%,100.00%,1,0,1.09%,0.00%,"28,49 €","0,00 €",1,0
B0FR444FLT,B07N8VRS7L,Arcos Brooklyn Cuchillo Pelador Acero Inoxidable 100 mm,190123_,60,1,0.02%,0.01%,82,3,0.02%,0.02%,96.88%,100.00%,1,0,1.67%,0.00%,"28,49 €","0,00 €",1,0
B0FR444FLT,B07N8W79GH,Arcos Manhattan Cuchillo Tallado Acero Inoxidable Nitrum 300 mm,162300_,28,0,0.01%,0.00%,35,0,0.01%,0.00%,87.88%,0.00%,1,0,3.57%,0.00%,"36,99 €","0,00 €",1,0
B07N8WHPP7,B07N8WHPP7,"Arcos Lira de Queso Profesional - Corte Preciso para Quesos - Estructura y Mango de Acero Inoxidable, 210 mm - Herramienta de Cocina Esencial, Color Gris",795100,24,0,0.01%,0.00%,34,0,0.01%,0.00%,83.87%,0.00%,1,0,4.17%,0.00%,"22,95 €","0,00 €",1,0
B07N8WPHN7,B07N8WPHN7,"Arcos Serie Clasica, Juego de Cuchillos de 4 piezas en Caja de Regalo, 3 Cuchillos + Tijera, Hoja de Acero Inoxidable Forjado Nitrum, Mango de Polioximetileno, POM, Bloque de madera color Marrón",258700_2,31,1,0.01%,0.01%,38,1,0.01%,0.01%,100.00%,100.00%,1,0,3.23%,0.00%,"73,99 €","0,00 €",1,0
B0F147RFRT,B07N8WXGW7,Arcos Brooklyn - Cuchillo de Lenguado Cuchillo para Pescado - Acero Inoxidable Forjado NITRUM 170 mm - Mango Micarta Color Azul (Filo Seda),191423_,35,2,0.01%,0.02%,43,2,0.01%,0.02%,96.55%,0.00%,1,0,2.86%,0.00%,"35,99 €","0,00 €",1,0
B07PNHKPMY,B07PNHKPMY,"HENDI Caja de golpe de café, rectangular, modelo en forma de gaveta, recipiente para residuos del café, vaciado de posos de café, con barra de golpeo extraíble,350x250x(H)90mm, acero al carbono",H208694,14,2,0.00%,0.02%,21,2,0.00%,0.02%,33.33%,0.00%,1,0,7.14%,0.00%,"89,95 €","0,00 €",1,0
B086WX184X,B07PQS4LCH,HENDI Silla de Catering (Gris Claro) - - 540x440x(H) 840 mm,H810965,9,0,0.00%,0.00%,21,0,0.00%,0.00%,45.00%,0.00%,1,0,11.11%,0.00%,"44,95 €","0,00 €",1,0
B0F4X5PQYD,B07PRXR5XR,"HENDI Cesta de lavavajillas Profesional para Vasos, Formato Cuadrado, Estructura Abierta para circulación de Agua, 405x405x(H) 150mm, Polipropileno",H871331,88,8,0.03%,0.09%,142,14,0.03%,0.11%,8.33%,11.11%,1,1,1.14%,12.50%,"20,75 €","20,75 €",1,1
B07S8PHLKH,B07S8PHLKH,Arcos Nova Set 6 Cuchillos Chuleteros Acero Inoxidable 110 mm,806100_fba,56,0,0.02%,0.00%,66,0,0.01%,0.00%,68.85%,0.00%,1,0,1.79%,0.00%,"17,99 €","0,00 €",1,0
B06XB92VRH,B07T6J5JWM,CUPERINOX Cafetera Italiana Induccion Espresso Acero Inoxidable 12 Tazas,25035_2,460,13,0.14%,0.14%,694,17,0.15%,0.13%,99.66%,100.00%,1,0,0.22%,0.00%,"28,00 €","0,00 €",1,0
B0F1ZF7H1L,B07YXBK4HD,Arcos Riviera Set 3 Cuchillos de Corte Acero Inoxidable Nitrum,806911_,146,0,0.04%,0.00%,165,0,0.03%,0.00%,71.88%,0.00%,1,0,0.68%,0.00%,"64,95 €","0,00 €",1,0
B08P41X49K,B082PGSBF6,"HENDI Lámpara de Calor Colgante, Altura Ajustable, Negro",H273852,49,16,0.01%,0.18%,102,55,0.02%,0.42%,22.99%,11.36%,6,6,12.24%,37.50%,"487,50 €","487,50 €",1,1
B082VWVDMX,B082VWVDMX,HENDI Cesta para baguetes - 305x320x(H)350 mm,H426517,6,1,0.00%,0.01%,10,4,0.00%,0.03%,66.67%,100.00%,8,8,133.33%,800.00%,"324,00 €","324,00 €",1,1
B0843DFZH2,B0843DFZH2,Arcos Set 5 Cuchillos Forjados Acero Inoxidable Nitrum,235024,284,7,0.08%,0.08%,416,9,0.09%,0.07%,61.93%,50.00%,1,0,0.35%,0.00%,"127,89 €","0,00 €",1,0
B0843DGXDP,B0843DGXDP,Arcos Opera Cuchillo Jamonero Forjado Acero Inoxidable Nitrum 250 mm,226700_,15,1,0.00%,0.01%,27,1,0.01%,0.01%,95.24%,0.00%,1,0,6.67%,0.00%,"28,99 €","0,00 €",1,0
B0F147RFRT,B0843DNN57,Arcos Set Cuchillos Forjados 4 piezas (3 Cuchillos + 1 tijeras) - Acero Inoxidable Forjado NITRUM - Mango Micarta - Bloques Madera Color Azul. Serie Brooklyn. Impresiona yorprencon Cada Corte.,194000_,108,3,0.03%,0.03%,145,4,0.03%,0.03%,95.28%,100.00%,1,0,0.93%,0.00%,"109,99 €","0,00 €",1,0
B0CYTKGNPM,B0843DQCF5,ARCOS Pelador de Verduras en Juliana de Acero Inoxidable Cromado 130 Mm. Pelador Profesional para Cortes en Juliana de Verduras y Hortalizas. Apto Lavavajillas. Color Plata,607200,"1,413",32,0.42%,0.35%,"1,911",39,0.40%,0.30%,0.00%,0.00%,1,1,0.07%,3.13%,"7,49 €","7,49 €",1,1
B0843PT8MC,B0843PT8MC,Arcos Cuchillo pelar Acero Inoxidable. Cuchillo cocina para pelar frutas y verduras. Mango ergonómico polioximetileno y Hoja 100 mm. Serie Opera. Color negro.,_225700_,18,1,0.01%,0.01%,21,2,0.00%,0.02%,84.21%,0.00%,1,0,5.56%,0.00%,"20,99 €","0,00 €",1,0
B0FQNZM34T,B0843SLMDX,Arcos Cuchillo Chef Acero Inoxidable. Cuchillo cocina profesional multipropósito para cortar y limpiar verduras. Mango ergonómico polioximetileno y Hoja 230 mm. Serie Opera. Color negro.,225200_fbm,33,0,0.01%,0.00%,42,0,0.01%,0.00%,97.37%,0.00%,1,0,3.03%,0.00%,"41,00 €","0,00 €",1,0
B0FQNZM34T,B0843SYT31,Arcos Cuchillo Chef con Hoja Acero Inoxidable Nitrum 160 mm. Cuchillo cocina profesional multiusos. Mango ergonómico polioximetileno POM. Serie Opera. Color negro.,225000_fmb,23,0,0.01%,0.00%,32,0,0.01%,0.00%,82.14%,0.00%,1,0,4.35%,0.00%,"32,88 €","0,00 €",1,0
B0FQNZM34T,B0843T2DL9,Arcos Juego cocina 3 pzas. Serie Ópera + Tijeras + Taco,228700_us,53,0,0.02%,0.00%,65,0,0.01%,0.00%,71.43%,0.00%,1,0,1.89%,0.00%,"91,99 €","0,00 €",1,0
B0FQNZM34T,B0843V9Z1W,Arcos Cuchillo Santoku Acero Inoxidable Nitrum y Hoja 190 mm. Mango ergonómico polioximetileno POM. Diseño clásico y acabado redondeado gran belleza yolidez. Serie Opera. Color negro.,229900_fba,65,0,0.02%,0.00%,89,0,0.02%,0.00%,97.18%,0.00%,1,0,1.54%,0.00%,"36,99 €","0,00 €",1,0
B084TL25TZ,B084TL25TZ,HENDI Estante para rejillas para pizza/sartenes (14 ranuras) - 300x305x(H)680 mm,H810361,11,0,0.00%,0.00%,17,0,0.00%,0.00%,93.75%,0.00%,1,0,9.09%,0.00%,"59,75 €","0,00 €",1,0
B084TL4TFV,B084TL4TFV,"HENDI Crepera eléctrica, con esparcidor de madera,temperatura regulable 50°-250°C, placa de diámetro400mm,de hierro fundido con revestimiento cerámico, 230V, 3000W, 470x509x(H)161mm,acero inoxidable",H212028,29,1,0.01%,0.01%,38,2,0.01%,0.02%,76.47%,0.00%,1,0,3.45%,0.00%,"288,50 €","0,00 €",1,0
B085M1CQ5D,B085M1CQ5D,"HENDI Hervidor de agua eléctrico 9L, dispensador de bebidas calientes, termo de una pared para vino, té, hasta 100°C, 230V, 50/60Hz, 950W, 307x330x(H)450mm, acero inoxidable satinado, PP",H211410,2,2,0.00%,0.02%,3,3,0.00%,0.02%,100.00%,100.00%,2,2,100.00%,100.00%,"209,50 €","209,50 €",1,1
B0D1CW2XD1,B086B3NFTN,HENDI Termómetro infrarrojo con sonda - Gris claro - -60/350˚C - 39x53x(H)158 mm,H271254,8,1,0.00%,0.01%,10,1,0.00%,0.01%,90.00%,100.00%,1,0,12.50%,0.00%,"109,50 €","0,00 €",1,0
B08VS4FCLN,B08BX3WTPP,"Arcos Juego Cuchillos Cocina cuchillo blanco cuchillos | cuchillos cocina Maitre | 4 piezas | Chef 215 mm, Cocina 150 mm, Verduras 100 mm Tijera cocina (Blanco)",152624_,292,8,0.09%,0.09%,409,11,0.09%,0.08%,99.72%,100.00%,1,0,0.34%,0.00%,"34,99 €","0,00 €",1,0
B08VS4FCLN,B08CY5ZRD7,"Arcos Serie Maitre - Juego Cuchillo de cocina 4 piezas, (3 cuchillos + 1 tijeras) Hoja de Acero Inoxidable NITRUM 80 mm, Mango Polipropileno Negro",152610_,96,5,0.03%,0.06%,124,5,0.03%,0.04%,99.06%,100.00%,1,0,1.04%,0.00%,"39,99 €","0,00 €",1,0
B08VS4FCLN,B08CY5ZRD7,"Arcos Serie Maitre - Juego Cuchillo de cocina 4 piezas, (3 cuchillos + 1 tijeras) Hoja de Acero Inoxidable NITRUM 80 mm, Mango Polipropileno Negro",152610,96,5,0.03%,0.06%,124,5,0.03%,0.04%,99.06%,100.00%,1,1,1.04%,20.00%,"31,99 €","31,99 €",1,1
B08TWZYBPZ,B08DD8SPD3,Cuperinox Taco Madera y Jamonero (Juego de Cuchillos y Jamonero),19510_bundle,9,2,0.00%,0.02%,10,2,0.00%,0.02%,88.89%,100.00%,1,0,11.11%,0.00%,"50,00 €","0,00 €",1,0
B08VRP7CR7,B08G8M6QDS,Arcos Juego de Cuchillos chuleteros - Envase Ecologico 100% - 4 Cuchillos Carne - Cubiertos Mesa Acero Inoxidable,809500_,47,0,0.01%,0.00%,55,0,0.01%,0.00%,100.00%,0.00%,1,0,2.13%,0.00%,"19,75 €","0,00 €",1,0
B08G8QCM5H,B08G8QCM5H,ARCOS cuchillo pelador | 6 PIEZAS | cuchillo de pelar | cuchillos pelar patatas | Hoja 100 mm | Negro | cuchillo arcos pelador Acero Inoxidable,816500,466,19,0.14%,0.21%,634,24,0.13%,0.18%,100.00%,100.00%,1,1,0.21%,5.26%,"18,99 €","18,99 €",1,1
B08WR6CHHN,B08JC8DSP6,Arcos Cuchillos Chuleteros cuchillos chuleteros acero inoxidable filo liso juego cuchillos chuleteros | 6 PZAS cuchillo chuletero | Hoja 110 mm |cuchillos carne Envase Eco,815800,42,2,0.01%,0.02%,71,3,0.01%,0.02%,100.00%,100.00%,1,0,2.38%,0.00%,"39,99 €","0,00 €",1,0
B08WR6CHHN,B08JC8DSP6,Arcos Cuchillos Chuleteros cuchillos chuleteros acero inoxidable filo liso juego cuchillos chuleteros | 6 PZAS cuchillo chuletero | Hoja 110 mm |cuchillos carne Envase Eco,815800_,42,2,0.01%,0.02%,71,3,0.01%,0.02%,100.00%,100.00%,1,0,2.38%,0.00%,"39,99 €","0,00 €",1,0
B08TLR4Z27,B08M3DQFHM,Arcos jamonero Profesional | Cuchillo jamonero jamonero Inoxidable Nitrum | Mango Negro | Cuchillo Jamon iberico | Serie Maitre| Hoja Flexible y Filo Liso | 275 mm | Acero Inoxidable NITRUM,151210_fbm,52,3,0.02%,0.03%,66,4,0.01%,0.03%,98.36%,100.00%,1,0,1.92%,0.00%,"15,49 €","0,00 €",1,0
B08TLR4Z27,B08M3YG4R1,Arcos jamonero Profesional | Cuchillo jamonero jamonero Inoxidable Nitrum | Mango Negro | Cuchillo Jamon iberico | Serie Maitre| Hoja Flexible y Filo Liso | 275 mm | Acero Inoxidable NITRUM,704200_fbm,69,1,0.02%,0.01%,94,1,0.02%,0.01%,100.00%,0.00%,1,0,1.45%,0.00%,"21,99 €","0,00 €",1,0
B08M99RZRV,B08M99RZRV,Arcos | Cuchillo Jamonero Cuchillo deshuesador | 2 Uds | Set cuchillos jamoneros 250 mm y cuchillo deshuesador (140 mm) jamonero profesional | cuchillo carnicero profesional | Eco,703800fbm,431,14,0.13%,0.15%,545,31,0.11%,0.24%,99.80%,100.00%,1,0,0.23%,0.00%,"40,99 €","0,00 €",1,0
B08MTWQWZZ,B08MTWQWZZ,Arcos Cuchillo Cocinero Profesional Acero Inoxidable 160mm,165900_fbm,197,7,0.06%,0.08%,273,8,0.06%,0.06%,37.40%,33.33%,1,0,0.51%,0.00%,"25,99 €","0,00 €",1,0
B08WR6CHHN,B08MW17PLN,Arcos Juego Cuchillos Carne | 6 Piezas | Cuchillo chuleteros | Hoja 110 mm | monoblock | Cuchillo en 1 Sola Pieza | Cuchillos Carne Cubiertos Acero Inoxidable | Caja Envase Ecológico (Sierra Laser),815900FBM,46,0,0.01%,0.00%,68,0,0.01%,0.00%,100.00%,0.00%,1,0,2.17%,0.00%,"39,99 €","0,00 €",1,0
B09DPRCMTF,B08MW2GWPC,Arcos Juego Cuchillos Carne | Cuchillo chuleteros | Cuchillos Carne Cuchillos Mesa | 6 Uds | Hoja 110 mm | Acero Inoxidable | Mango Nylon | Apto lavavajillas | Envase Ecológico (Filo Serrado),816400fbm,197,8,0.06%,0.09%,253,8,0.05%,0.06%,99.56%,100.00%,1,0,0.51%,0.00%,"19,99 €","0,00 €",1,0
B08QMBMN1G,B08QMBMN1G,Arcos Bolsa Cuchillos Bolsa Cuchillos Cocina Profesional Estuche Profesional Porta Cuchillos 5 pzas | 42 cm Largo | Asa para Transportar| Cuero Color Miel| Hebilla Ajustable,695100,60,3,0.02%,0.03%,75,3,0.02%,0.02%,75.36%,100.00%,1,0,1.67%,0.00%,"129,99 €","0,00 €",1,0
B0CQLP3WHM,B08TWYW899,"Arcos Thera Sarten Grill Antiadherente de 24x24 Cm para Inducción, Gas y Vitrocerámica. Grill de Aluminio Fundido con Mango Ergonómico Extraíble y Apta para Lavavajillas. Color Negro y Azul",719300,44,0,0.01%,0.00%,52,0,0.01%,0.00%,93.88%,0.00%,1,0,2.27%,0.00%,"39,50 €","0,00 €",1,0
B0CQLP3WHM,B08TWZRRGR,"Arcos Thera Sarten Grill Antiadherente de 28x28 Cm para Inducción, Gas y Vitrocerámica. Grill de Aluminio Fundido con Mango Ergonómico Extraíble y Apta para Lavavajillas. Color Negro y Azul",719400,44,1,0.01%,0.01%,72,1,0.02%,0.01%,96.67%,100.00%,1,0,2.27%,0.00%,"50,75 €","0,00 €",1,0
B0CQLNJVKL,B08TWZX8LY,Arcos Thera Sartén Antiadherente Aluminio Fundido 18 cm,718100,233,10,0.07%,0.11%,294,15,0.06%,0.12%,20.53%,25.00%,1,0,0.43%,0.00%,"24,75 €","0,00 €",1,0
B0CQLQ57BT,B08TX1652W,"Arcos Cazo Antiadherente 16 cm, Aluminio Fundido, Apto para Todas las Cocinas, Mango Ergonómico, Ahorro Energético, Lavavajillas, Negro/Azul, Serie Thera",719000,24,3,0.01%,0.03%,32,3,0.01%,0.02%,67.86%,66.67%,1,0,4.17%,0.00%,"26,75 €","0,00 €",1,0
B0CQLP3WHM,B08TX1S5W4,"Arcos Grill Antiadherente Aluminio Fundido 34x26 cm, Apto para Todas las Cocinas, Asas Silicona, Ahorro Energético, Lavavajillas, Negro/Azul, Serie Thera",719500,96,8,0.03%,0.09%,158,18,0.03%,0.14%,85.07%,100.00%,1,0,1.04%,0.00%,"57,50 €","0,00 €",1,0
B08Y8NS7PN,B08XZ8X815,"Arcos serie Maitre - juego de Cuchillos, 2 Pza, Cuchillo Cocina Profesional 150mm + Cuchillo universal 100mm, Acero Inoxidable, Rosa, Eco",814600,114,3,0.03%,0.03%,143,4,0.03%,0.03%,98.35%,100.00%,1,0,0.88%,0.00%,"18,99 €","0,00 €",1,0
B08ZNM265D,B08ZNM265D,Arcos | cuchillos de mesa cuchillo mesa tradicional | 6 Piezas cuchillo chuletero | mango nailon | Envase Eco | Fabricado en España,704400_fba,182,1,0.05%,0.01%,267,1,0.06%,0.01%,100.00%,0.00%,2,0,1.10%,0.00%,"53,98 €","0,00 €",1,0
B0DN1W9C9M,B0972KV1BD,"HENDI Accesorio batidor de varillas 250mm, recambio para la batidoras de mano de HENDI 221884 y 221891, varilla agitadora, mezclador, Poliamida, Acero inoxidable",H222263,12,5,0.00%,0.06%,24,8,0.01%,0.06%,100.00%,100.00%,1,1,8.33%,20.00%,"118,99 €","118,99 €",1,1
B09BVVKYWV,B09BVVKYWV,"CUPERINOX Navaja 5 en1 multiusos | Incluye Afilador Navaja| Funcion Abrebotella, rompecristales y corta cuerdas| Navaja Filo Liso y Sierra|",30060,77,1,0.02%,0.01%,112,2,0.02%,0.02%,97.87%,100.00%,1,0,1.30%,0.00%,"15,24 €","0,00 €",1,0
B09D1V45YK,B09D1V45YK,"CUPERINOX® Couture Series - Tijera Costura Profesional 16,5 cm | Acero Inoxidable Irrompible | Mango Ergonómico Antideslizante | Corte Preciso y Duradero",21951_,13,0,0.00%,0.00%,17,0,0.00%,0.00%,100.00%,0.00%,1,0,7.69%,0.00%,"7,22 €","0,00 €",1,0
B09GPRC2LN,B09GPRC2LN,"HENDI Extractor centrífugo de zumos, eléctrico, exprimidor de cítricos, exprimidor de naranjas, adecuado para frutas y verduras duras, hasta 3000 rpm, 490x280x510mm, acero inoxidable",H221105,21,4,0.01%,0.04%,29,4,0.01%,0.03%,88.46%,66.67%,1,0,4.76%,0.00%,"785,00 €","0,00 €",1,0
B09HQTWWPB,B09HQT6SZ6,Arcos Clara Cuchillo Jamonero Forjado Acero Inoxidable Nitrum 250 mm,211900_us,57,5,0.02%,0.06%,73,7,0.02%,0.05%,73.13%,80.00%,1,0,1.75%,0.00%,"25,49 €","0,00 €",1,0
B09HQTWWPB,B09HQTN94D,Arcos Cuchillo Pelador Acero Inoxidable. Cuchillo Pelador para Pelar Frutas y Verduras. Mango Ergonómico Polioximetileno y Hoja 100 mm. Serie Clara. Color Negro.,210100_us,48,1,0.01%,0.01%,85,1,0.02%,0.01%,36.11%,0.00%,1,0,2.08%,0.00%,"17,95 €","0,00 €",1,0
B09HRWYKDL,B09HRWYKDL,Arcos Juego de cuchillos Japoneses Profesionales | 4 piezas | Cuchillo Verduras 100 mm + Cocina 150 mm + Santoku con Alveolos 170 mm + Pelador de patatas,853100fbm,59,1,0.02%,0.01%,73,1,0.02%,0.01%,97.06%,100.00%,1,0,1.69%,0.00%,"36,99 €","0,00 €",1,0
B09JCMJWGD,B09JCMJWGD,"HENDI Carrito de servicios, de cocina, de restaurante, multiusos, 4 estantes, 4 ruedas giratorias, 2 con freno, carga máxima por estante 50kg, encimera 794x539mm, 905x585x(H)1245mm, acero inoxidable",H810118,2,1,0.00%,0.01%,2,1,0.00%,0.01%,100.00%,100.00%,1,0,50.00%,0.00%,"220,00 €","0,00 €",1,0
B08TLR4Z27,B09L4YNBZZ,Arcos jamonero Profesional | Cuchillo jamonero jamonero Inoxidable Nitrum | Mango Negro | Cuchillo Jamon iberico | Serie Maitre| Hoja Flexible y Filo Liso | 275 mm | Acero Inoxidable NITRUM,856500,17,0,0.01%,0.00%,24,0,0.01%,0.00%,100.00%,0.00%,1,0,5.88%,0.00%,"24,99 €","0,00 €",1,0
B09S9JLYNK,B09S9JLYNK,"HENDI Máquina para hacer palomitas de maíz, 150g de maíz, ciclo 3,5 min, 230V, 1155W, 560x420x(H)760mm, aluminio, acero inoxidable, cristal templado, negro",H282762,31,3,0.01%,0.03%,43,8,0.01%,0.06%,75.61%,100.00%,1,1,3.23%,33.33%,"411,69 €","411,69 €",1,1
B0CRDWK8V7,B09T9RNFJG,"Arcos Cazo Antiadherente 16 cm, Aluminio Forjado, Full Induction, Mango Acero Inoxidable, Ahorro Energético, Apto Lavavajillas, Cocina Gas/Eléctrica/Inducción, Serie Samoa",717210,129,5,0.04%,0.06%,183,9,0.04%,0.07%,34.88%,85.71%,1,0,0.78%,0.00%,"29,95 €","0,00 €",1,0
B09WYYY5MD,B09WYYY5MD,Arcos Nordika Cuchillo para Queso Acero Inoxidable Nitrum 125 mm,166100_us,36,2,0.01%,0.02%,59,2,0.01%,0.02%,85.42%,50.00%,1,0,2.78%,0.00%,"26,49 €","0,00 €",1,0
B09WYZHGQF,B09WYZHGQF,Arcos Nordika Juego 3 Cuchillos para Queso Acero Inoxidable Nitrum,167200_us,61,5,0.02%,0.06%,84,6,0.02%,0.05%,38.96%,60.00%,1,0,1.64%,0.00%,"69,89 €","0,00 €",1,0
B09ZLJL6JF,B09XF1JKXR,Arcos Serie Lyon - Cuchillo Kudamono | Cuchillo Japones - Hoja de Acero Inoxidable Forjado NITRUM de 80 mm - Mango de Polioximetileno (POM) - Color Negro,250100_,4,1,0.00%,0.01%,4,1,0.00%,0.01%,100.00%,100.00%,1,0,25.00%,0.00%,"20,99 €","0,00 €",1,0
B0B31QM7RW,B0B31QM7RW,CUPERINOX Tijeras de costura | 14 cm | Costura profesional | Tijeras modista | Acero Inoxidable | Mango ergonómico | Tijeras sastre,21950,8,0,0.00%,0.00%,13,0,0.00%,0.00%,72.73%,0.00%,1,0,12.50%,0.00%,"7,99 €","0,00 €",1,0
B0BMG27JWT,B0BMG27JWT,"HENDI Mesa de trabajo central,encimera reforzada con estante, atornillada, patas ajustables,para hoteles, restaurantes, bares, cocinas,centros de elaboración,200x600x(H)850mm,acero inoxidable",H817179,14,5,0.00%,0.06%,23,7,0.00%,0.05%,89.47%,100.00%,1,0,7.14%,0.00%,"389,50 €","0,00 €",1,0
B0BRSYXXRN,B0BRSYXXRN,"HENDI Cesta para Freír, 10L, 280x210x(H)140mm",H961247,30,3,0.01%,0.03%,38,3,0.01%,0.02%,94.12%,100.00%,2,0,6.67%,0.00%,"83,98 €","0,00 €",1,0
B0BRTZ2X8C,B0BRTZ2X8C,Arcos Serie Opera - Set Cuchillos de Cocina 3 piezas - Acero Inoxidable Forjado NITRUM - Mango POM - Color negro,805900_,48,1,0.01%,0.01%,67,2,0.01%,0.02%,92.06%,0.00%,1,0,2.08%,0.00%,"72,90 €","0,00 €",1,0
B0C49W65HD,B0C49W65HD,Arcos Serie Nordika - Cuchillo Tomatero - Acero Inoxidable NITRUM - Hoja de 130 mm - Mango de Madera Ovengkol 100% natural de bosques certificados FSC® - Embalaje 100% reciclado,165100,20,0,0.01%,0.00%,24,0,0.01%,0.00%,100.00%,0.00%,1,0,5.00%,0.00%,"26,95 €","0,00 €",1,0
B0C5XQ76DR,B0C5XQ76DR,Arcos Soporte de Cuchillos Petra - Hecho de piedra caliza y madera - 28x36x7 cm - Capacidad 6 cuchillos (CUCHILLOS NO INCLUIDOS),795500,22,0,0.01%,0.00%,28,0,0.01%,0.00%,95.83%,0.00%,1,0,4.55%,0.00%,"194,50 €","0,00 €",1,0
B0F9TD2LTH,B0CS6V91GR,CUPERINOX® Cuchillos de Mesa con Mango de Madera – Set 6 Cuchillos para Carne con Filo Dentado – Estilo Palmadera tradicional – Aptos para Uso Diario,14015_us,334,14,0.10%,0.15%,436,17,0.09%,0.13%,100.00%,100.00%,5,0,1.50%,0.00%,"94,95 €","0,00 €",1,0
B0D4WK78XV,B0D4WK78XV,CUPERINOX Aceiteras para Aceite Usado | Grasera Acero Inoxidable 550ML con Filtro Metálico | Recipiente para Aceite Usado de Cocina y Grasa | Grasera Cocina Metálica 550ML 2Uds Metálico,22105+22106pack,"1,945",47,0.58%,0.52%,"2,803",63,0.59%,0.48%,45.04%,89.74%,1,0,0.05%,0.00%,"12,49 €","0,00 €",1,0
B0DG2QX9YD,B0DG2QX9YD,"HENDI Dispensador isotérmico de bebidas, 9L",H425336,117,6,0.03%,0.07%,177,8,0.04%,0.06%,53.55%,42.86%,1,1,0.85%,16.67%,"56,25 €","56,25 €",1,1
B0DG2S21B1,B0DG2S21B1,"HENDI Olla de hierro fundido con tapa y asa, apta para fuego abierto, horno, cocina de gas, inducción, eléctrica y vitrocerámica, 7,2L, ⌀310x(H)130mm",H629376,107,9,0.03%,0.10%,148,17,0.03%,0.13%,65.93%,21.43%,1,0,0.93%,0.00%,"67,49 €","0,00 €",1,0
B0DKP68T32,B0DJBZPC79,Arcos Serie Eclipse - Cuchillo Cocinero - Hoja de Acero Inoxidable Forjado con Filo Seda Plus de 150 mm - Pulido Brillo Especial - Mango Acrílico - Color Negro,213400_,65,1,0.02%,0.01%,88,1,0.02%,0.01%,68.83%,100.00%,1,0,1.54%,0.00%,"63,99 €","0,00 €",1,0
B0DKP7F29P,B0DJC1RQ9T,"Arcos Serie Samoa Iconic | Cacerola Antiadherente Cerámico 20 cm y 2,6 L | Aluminio Forjado | Apta cualquier cocina | Mango Acero Inoxidable | Color Negro | LIBRE DE (PFOA/PTFE/PFOS)",716922,124,3,0.04%,0.03%,173,13,0.04%,0.10%,82.80%,10.00%,1,0,0.81%,0.00%,"54,95 €","0,00 €",1,0
B0DNNKT1W2,B0DNNJCHQP,"Cuperinox-Tetera de Cristal con Infusor para Té e Infusiones, Resistente al Calor y Compatible con Microondas ** - Infusion Prestige Collection (950 ml)",26113,91,1,0.03%,0.01%,129,1,0.03%,0.01%,100.00%,100.00%,1,0,1.10%,0.00%,"19,99 €","0,00 €",1,0
B0DNNKT1W2,B0DNNJPGTY,"Cuperinox-Tetera de Cristal con Infusor para Té e Infusiones, Resistente al Calor y Compatible con Microondas ** - Infusion Prestige Collection (750 ml)",26112_,88,0,0.03%,0.00%,111,0,0.02%,0.00%,100.00%,0.00%,1,0,1.14%,0.00%,"18,49 €","0,00 €",1,0
B0DPKXM18X,B0DNQX2BZN,"CUPERINOX Soporte Jamonero Plegable | Jamonero Giratorio | Jamonero de Bambú con Cuchillo Profesional, Afilador y Funda para Jamón | Elite Collection",20270_,619,19,0.18%,0.21%,691,21,0.14%,0.16%,97.34%,100.00%,1,0,0.16%,0.00%,"49,99 €","0,00 €",1,0
B0DVT6KPDV,B0DT6ZPGVQ, ,27008_,255,4,0.08%,0.04%,366,5,0.08%,0.04%,100.00%,100.00%,3,3,1.18%,75.00%,"32,97 €","32,97 €",1,1
B0F4XZSZ2L,B0F3JWN8Y2,Arcos by Chef José Andrés | Cuchillo de Pan de 20 cm para Panes Artesanales y Productos de Panadería | Hoja Forjada de Acero Inoxidable NITRUM con Borde de Seda | Mango Ergonómico de Madera de Encina,171500,23,1,0.01%,0.01%,29,2,0.01%,0.02%,55.56%,0.00%,1,0,4.35%,0.00%,"78,95 €","0,00 €",1,0
B0FR444FLT,B0F3JWN8Y2,Arcos by Chef José Andrés | Cuchillo de Pan de 20 cm para Panes Artesanales y Productos de Panadería | Hoja Forjada de Acero Inoxidable NITRUM con Borde de Seda | Mango Ergonómico de Madera de Encina,171500,30,0,0.01%,0.00%,41,0,0.01%,0.00%,59.46%,0.00%,1,0,3.33%,0.00%,"78,95 €","0,00 €",1,0
B0FJLTDB9J,B0F9L19CF8,Set de Cortauñas Profesional,21931+21932,18,1,0.01%,0.01%,22,1,0.00%,0.01%,95.24%,100.00%,1,0,5.56%,0.00%,"6,99 €","0,00 €",1,0
B0FJLTDB9J,B0F9LGKSXC,CUPERINOX Set 4 Herramientas Manicura y Pedicura|Alicate Pedicuro+Cortauñas Grande+Cortaúñas Mediano con Llavero+Tijera Punta Redonda|Acero Inoxidable Profesional|Uso Doméstico y Viaje,A10003,68,3,0.02%,0.03%,76,3,0.02%,0.02%,96.61%,100.00%,1,0,1.47%,0.00%,"17,99 €","0,00 €",1,0
B0FBRQYHVM,B0FBRNCHGJ,"CUPERINOX® Ventilador Portátil Silencioso y Recargable con Power Bank 20000mAh, +50H de batería – Ventilador de Mesa USB con Mando, Luz LED y 4 Velocidades – Ideal para Dormir, Camping y Hogar.",A27000,314,10,0.09%,0.11%,493,18,0.10%,0.14%,99.50%,100.00%,1,0,0.32%,0.00%,"64,99 €","0,00 €",1,0
B0FDL3VP7W,B0FDL3VP7W,VINFERMATON – Insecticida Moscas y Mosquitos Perfume Limón Pack 3×300 ml | Spray Eliminador Insectos Voladores Interior y Exterior | Acción Inmediata Profesional | 100% MADE IN SPAIN,V000_PACK3,19,1,0.01%,0.01%,24,1,0.01%,0.01%,82.61%,100.00%,1,0,5.26%,0.00%,"11,99 €","0,00 €",1,0
B0FJRVHBWH,B0FHKVSJNR,"CUPERINOX Tijeras peluqueria profesional 16,5cm | Tijeras corte pelo afiladas precisas hombre mujer barbero estilista | Acero inoxidable duradero | Acabado titanio elegante | Ideal uso doméstico y sal",21862,3,1,0.00%,0.01%,9,7,0.00%,0.05%,100.00%,100.00%,1,1,33.33%,100.00%,"9,99 €","9,99 €",1,1