ASIN (parent),ASIN (child),Título,SKU,Sesiones: total,Sesiones - Total - B2B,Porcentaje de sesiones: total,Porcentaje de sesiones: total - B2B,Visitas: total,Visitas - Total - B2B,Porcentaje de visitas: total,Porcentaje de visitas - Total - B2B,Porcentaje de ofertas destacadas (Buy Box),Porcentaje de ofertas destacadas: B2B,Unidades encargadas,Unidades encargadas - B2B,Porcentaje de unidades por sesión,Porcentaje de sesiones de unidades - B2B,Ventas de productos encargados,Ventas de productos encargados: B2B,Total de artículos de un pedido,Total de artículos de un pedido - B2B
B0FDL4Q2JB,B0FDL4Q2JB,VINFERMATON – Insecticida Avispas y Avisperos Exterior Pack 2×600 ml | Antiavispas | Alcance hasta 4 m | Acción Inmediata Profesional | 100% MADE IN SPAIN,AVISPAS_PACK_2,"4,131",197,1.03%,1.89%,"5,907",265,1.05%,1.75%,93.11%,89.05%,768,99,18.59%,50.25%,"13.073,72 €","1.643,66 €",667,62
B09DYJY471,B08MTCRCT4,Arcos Juego Cuchillos Cocina Profesionales| Cuchillos Cocina Profesional | Cuchillos Acero Inoxidable Mango Negro | utensilios de cocina | cuchillo japones Santoku | lavavajillas (5 Piezas),816800,"6,525",139,1.63%,1.33%,"9,468",185,1.68%,1.22%,99.84%,95.12%,371,17,5.69%,12.23%,"11.096,95 €","499,53 €",363,16
B0BGRT2BVV,B09G9WBKPG,Arcos Juego de 6 Cuchillos de Mesa Chuleteros Hoja 110 mm Negro 705500,705500(805109),"7,712",185,1.93%,1.77%,"11,352",284,2.01%,1.87%,37.27%,37.01%,333,1,4.32%,0.54%,"3.995,67 €","13,99 €",306,1
B08J488ZQG,B089QP6MYJ,Arcos Juego Cuchillos Carne | 6 Piezas | Cuchillos carne cuchillo chuleteros | cubiertos acero inoxidable | Hoja 110 mm | mango monobloque | aptos lavavajillas | Caja Envase Ecológico,815600_fba,"2,773",74,0.69%,0.71%,"4,316",118,0.76%,0.78%,99.60%,98.70%,294,2,10.60%,2.70%,"7.867,24 €","60,00 €",244,2
B0H9SL9KYG,B0H8SYBZD4,"CUPERINOX 4 Tuppers de Vidrio Herméticos, Rectangulares, sin BPA, Meal Prep",28001,"1,950",36,0.49%,0.35%,"3,003",51,0.53%,0.34%,98.88%,100.00%,195,6,10.00%,16.67%,"2.921,20 €","87,34 €",188,5
B0G6M1C8V6,B0D4WK78XV,CUPERINOX Aceiteras para Aceite Usado | Grasera Acero Inoxidable 550ML con Filtro Metálico | Recipiente para Aceite Usado de Cocina y Grasa | Grasera Cocina Metálica 550ML 2Uds Metálico,F22105-22106,"1,762",37,0.44%,0.35%,"2,631",55,0.47%,0.36%,99.83%,100.00%,181,10,10.27%,27.03%,"2.170,39 €","119,90 €",179,10
B08MT437W9,B08MT437W9,Arcos Juego Cuchillos Cocina Profesionales| Cuchillos Cocina Profesional | 6 pzas | Cuchillos Acero Inoxidable Mango Negro | utensilios de cocina serie Niza | Apto lavavajillas,812900,"2,394",50,0.60%,0.48%,"3,412",77,0.60%,0.51%,99.93%,100.00%,145,3,6.06%,6.00%,"4.773,14 €","98,94 €",141,3
B0GY2G2Y86,B08JCVQ4QL,"Arcos Series Niza - Juego de Cuchillos Cocina, 6 Piezas, Cuchillos Verduras 110 mm, + Cuchillo Mesa, Envase 100% Ecológico, Acero Inoxidable NITRUM",809400,"2,416",55,0.60%,0.53%,"3,578",75,0.63%,0.49%,99.71%,100.00%,142,3,5.88%,5.45%,"2.838,58 €","59,97 €",129,3
B0BGRT2BVV,B09G9WBKPG,Arcos Juego de 6 Cuchillos de Mesa Chuleteros Hoja 110 mm Negro 705500,805109_uss,"7,712",185,1.93%,1.77%,"11,352",284,2.01%,1.87%,37.27%,37.01%,153,8,1.98%,4.32%,"1.834,47 €","95,92 €",122,8
B09DYJY471,B08MQJCD2V,Arcos Juego Cuchillos Cocina Profesionales| Cuchillos Cocina Profesional | Cuchillos Acero Inoxidable Mango Negro | utensilios de cocina | cuchillo japones Santoku | lavavajillas (4 Piezas),816900,"2,100",36,0.52%,0.35%,"2,798",40,0.50%,0.26%,99.81%,96.55%,122,3,5.81%,8.33%,"3.162,62 €","77,97 €",120,3
B07YM65C6J,B007TS6HMQ,ARCOS Pinza para Pescado Acero Inoxidable,605000_caja,709,19,0.18%,0.18%,998,34,0.18%,0.22%,60.57%,12.50%,123,2,17.35%,10.53%,"1.136,73 €","16,88 €",119,2
B0H4FZYK8Z,B0FH2NLMGN,VINFERMATON Insecticida Hormigas y Cucarachas Residual | Antihormigas | Pack 2×400 ml | Efecto hasta 1 año | Interior y Exterior | Profesional Doméstico | 100% MADE IN SPAIN,V0012_PACK2,"1,198",17,0.30%,0.16%,"1,634",19,0.29%,0.13%,97.75%,100.00%,122,8,10.18%,47.06%,"1.810,34 €","116,98 €",118,7
B0H9YSCFRW,B0GTZB24Q5,"VINFERMATON- Fregasuelos Insecticida Pack 2×1L | Antihormigas y Anticucarachas | Elimina Hormigas, Cucarachas y Arañas |Uso Directo en Zócalos y Suelos| Friegasuelos Aroma Lavanda |100% MADE IN SPAIN",FriegasuelosInsecticida_Pack2,"1,833",45,0.46%,0.43%,"2,472",68,0.44%,0.45%,92.12%,97.56%,119,11,6.49%,24.44%,"1.736,87 €","150,20 €",113,9
B08GSTDWTC,B08LVVQ3ZQ,"Arcos Serie Nova - Cuchillo para pelar, Acero Inoxidable NITRUM, Envase Ecológico, 3 colores Fucsia, Turquesa y Amarillo",703700_,"3,555",53,0.89%,0.51%,"4,788",74,0.85%,0.49%,94.33%,100.00%,109,3,3.07%,5.66%,"1.141,93 €","31,47 €",102,2
B0H9BF64PJ,B0H9BF64PJ,"Cuperinox - Carretilla Plegable + Cuerda, Carga 75 kg, Aluminio Ligero 3,2 kg, Carro de Transporte, Medidas Plegado 62 x 39 x 6 cm, Mango Telescópico, Cajas, Compras, Paquetes y Maletas",28018,"1,249",44,0.31%,0.42%,"2,005",61,0.36%,0.40%,99.25%,100.00%,99,5,7.93%,11.36%,"2.792,99 €","141,00 €",99,5
B017HKRCGK,B005LR7A1Y,ARCOS Bolsa para Cuchillos 100% Poliéster 460x275 mm,690200_,"1,798",44,0.45%,0.42%,"2,881",75,0.51%,0.49%,51.72%,37.21%,102,2,5.67%,4.55%,"1.616,50 €","30,98 €",98,2
B0H6BQ4BG5,B0H3Q5DQZ4,VINFERMATÓN Pack 2 Insecticida Mosquitos y Moscas Concentrado Matón PS 250 ml | Spray para Insectos Voladores |Acción Inmediata|Con Piretrinas Sintéticas|Formato Ligero con Dosificación Controlad,MATONPS_PACK2,557,40,0.14%,0.38%,800,53,0.14%,0.35%,86.69%,97.56%,123,25,22.08%,62.50%,"1.889,35 €","353,45 €",92,14
B06XD39V8J,B06XD39V8J,VINFERMATON – Insecticida Cucarachas y Hormigas Residual 400 ml | Spray Efecto Duradero para Interior y Exterior | Profesional Doméstico | 100 % MADE IN SPAIN,V0012_,677,20,0.17%,0.19%,"1,008",33,0.18%,0.22%,81.50%,90.48%,130,21,19.20%,105.00%,"982,13 €","152,99 €",84,7
B08M9NWMW8,B08M9NWMW8,Arcos Juego de Cuchillos de Cocina Profesional y Afilador | 7 Piezas | Acero Inoxidable | Taco de Madera | Serie Niza | Uso Cotidiano | Apto para Lavavajillas,835800FBM,"2,025",32,0.51%,0.31%,"3,008",39,0.53%,0.26%,99.11%,100.00%,86,6,4.25%,18.75%,"4.691,18 €","322,23 €",84,4
B0FHQJSLGJ,B0FHQJSLGJ,"VINFERMATON - Insecticida Antipolillas Perfumado | Pack 3 x 300 ml | Protección para Armarios, Ropa y Tejidos | Elimina Polillas y Larvas | Aroma Agradable | Uso en Ambientes y Textiles",V1308_PACK3,763,9,0.19%,0.09%,"1,137",14,0.20%,0.09%,98.97%,100.00%,82,3,10.75%,33.33%,"1.039,26 €","38,25 €",81,3
B0CVH8PC99,B0CQTJ6T66,"CUPERINOX® Cuchillos de Mesa Acero Inoxidable – Set Profesional 12 Piezas con Hoja Serrada de 11 cm y Mango Ergonómico Antideslizante – Para Carne, Verduras y Pescado",99922,"1,852",62,0.46%,0.59%,"2,645",90,0.47%,0.59%,100.00%,100.00%,90,4,4.86%,6.45%,"1.077,82 €","45,88 €",79,4
B0FJLTDB9J,B09RP6V156,"CUPERINOX® Alicates para pedicura, Profesional, Cortaúñas de Pies, Acero Inoxidable, Mango Ergonómico Antideslizante, Fácil Limpieza, Con Funda, 2 Años de Garantía",21920AM,639,15,0.16%,0.14%,962,29,0.17%,0.19%,99.54%,100.00%,95,6,14.87%,40.00%,"1.035,10 €","56,45 €",75,5
B0DNNL2TZQ,B0DNN57WC1,"CUPERINOX Aceitera de Cristal Antigoteo para Aceite de Oliva, Resistente y Fácil de Limpiar Gourmet Oil Collection (250 Ml)",22022_,820,34,0.20%,0.33%,"1,126",53,0.20%,0.35%,100.00%,100.00%,83,10,10.12%,29.41%,"986,48 €","111,01 €",75,5
B0H4FZYK8Z,B0H3Q8F8RW,"VINFERMATÓN Antihormigas y Anticucarachas Pack 3 Insecticida Residual 400 ml x 3 | Total 1,2L | Efecto hasta 1 Año | Interior y Exterior | Spray Profesional",RESIDUAL400ML_PACK3,616,31,0.15%,0.30%,819,37,0.15%,0.24%,99.21%,100.00%,81,18,13.15%,58.06%,"1.512,27 €","335,06 €",74,13
B09DYJY471,B08MTCRCT4,Arcos Juego Cuchillos Cocina Profesionales| Cuchillos Cocina Profesional | Cuchillos Acero Inoxidable Mango Negro | utensilios de cocina | cuchillo japones Santoku | lavavajillas (5 Piezas),816800fbm,"6,525",139,1.63%,1.33%,"9,468",185,1.68%,1.22%,99.84%,95.12%,73,5,1.12%,3.60%,"2.189,32 €","149,50 €",73,5
B0G3ZJ89NB,B0G2MTVR24,Set Jamonero Profesional Premium - Soporte Jamonero de Bambú Giratorio + Cuchillo Jamonero 25 cm con Alvéolos + Cuchillo Deshuesador + Afilador 3 Ranuras | Maestros del Corte by Cuperinox,20271,911,30,0.23%,0.29%,"1,450",51,0.26%,0.34%,99.92%,100.00%,69,2,7.57%,6.67%,"3.345,50 €","94,98 €",69,2
B0F9TD2LTH,B09CL776WP,CUPERINOX® Cuchillos de Mesa Acero Inoxidable – Set 12 Cuchillos para Carne con Filo Dentado – Aptos Lavavajillas – Uso Diario y Profesional,15015,956,44,0.24%,0.42%,"1,511",84,0.27%,0.55%,94.04%,90.77%,102,24,10.67%,54.55%,"2.019,51 €","460,29 €",67,10
B09N7S17J6,B09D3YRGL9,"CUPERINOX Navaja Plegable Multiusos – Hoja de Acero Inoxidable 80 mm (Filo Liso + Serrado), Punta Rompevidrios, Apertura Rápida, Clip de Cinturón, Herramienta para Camping, Caza, Pesca y Supervivencia",30061_,"1,747",23,0.44%,0.22%,"2,496",31,0.44%,0.20%,98.45%,100.00%,65,0,3.72%,0.00%,"647,62 €","0,00 €",63,0
B08M7BMR2S,B08LNRV6N6,"Arcos Afiladores, Afilador de Cuchillos de Mano, Hecho de ABS + TPE, Rodillos Cerámico y Carburo, Color Blanco y Negro",610624,755,11,0.19%,0.11%,956,12,0.17%,0.08%,99.78%,100.00%,62,2,8.21%,18.18%,"850,28 €","27,40 €",62,2
B095SDL23Y,B095SDL23Y,Arcos | cuchillos de mesa (6 ud) | cuchillos acero inoxidable con sierra cuchillo chuletero cuchillos chuleteros | Fabricado en España,813000_fbm,734,5,0.18%,0.05%,"1,048",5,0.19%,0.03%,98.36%,100.00%,72,0,9.81%,0.00%,"1.187,28 €","0,00 €",62,0
B0FBRQYHVM,B0FBRLQK47,"CUPERINOX Ventilador Portatil, Camping, Exterior, Playa, Piscina, Festival| 5+ cargas movil| +48H de bateria | 20000mAh| Powerbank, Luz led, Mando a distancia y Temporizador",27001,"1,193",54,0.30%,0.52%,"1,941",94,0.34%,0.62%,98.62%,100.00%,64,8,5.36%,14.81%,"3.677,08 €","420,91 €",61,7
B0G6M1C8V6,B0D4WK78XV,CUPERINOX Aceiteras para Aceite Usado | Grasera Acero Inoxidable 550ML con Filtro Metálico | Recipiente para Aceite Usado de Cocina y Grasa | Grasera Cocina Metálica 550ML 2Uds Metálico,22105-22106,"1,762",37,0.44%,0.35%,"2,631",55,0.47%,0.36%,99.83%,100.00%,59,2,3.35%,5.41%,"635,62 €","21,94 €",59,2
B0H9SL9KYG,B0H8SZPDGG,"4 Tuppers de Vidrio Herméticos, Cuadrados, sin BPA, Meal Prep",28003,960,13,0.24%,0.12%,"1,314",15,0.23%,0.10%,99.43%,100.00%,61,3,6.35%,23.08%,"895,64 €","43,47 €",59,2
B09KJLG7BT,B08KW4BFZ9,CUPERINOX Jamonero Profesional | Soporte jamonero Tipo Gondola| Base de Corte para Usar con Cuchillo jamonero | Jamon iberico | Fabricado en España,2020CUP,579,8,0.14%,0.08%,839,11,0.15%,0.07%,98.94%,100.00%,59,0,10.19%,0.00%,"783,96 €","0,00 €",57,0
B0DNNL2TZQ,B0DNNFGWNJ,"CUPERINOX Aceitera de Cristal Antigoteo para Aceite de Oliva, Resistente y Fácil de Limpiar Gourmet Oil Collection (500 Ml)",22023_,551,25,0.14%,0.24%,787,35,0.14%,0.23%,99.86%,100.00%,62,4,11.25%,16.00%,"921,42 €","52,00 €",57,4
B08DV2WMBQ,B089M821V5,Arcos Cuchillos Carne | 6 pzas | Cuchillos chuleteros Set Cuchillo de Mesa Sierra | Mango Madera | Hoja 110 mm | Cuchillos Carne Mesa | Apto lavavajillas | Envase Carton | Ecologico,815500,"1,523",36,0.38%,0.35%,"2,353",63,0.42%,0.42%,99.62%,100.00%,66,4,4.33%,11.11%,"1.973,31 €","113,93 €",56,1
B0F4WTVT1Z,B09GPS4SQN,"HENDI Pasta combustible para Chafing Dish, 12 x 200 g",H194362,487,27,0.12%,0.26%,720,42,0.13%,0.28%,77.34%,78.79%,65,10,13.35%,37.04%,"1.294,39 €","196,43 €",56,7
B08GSTDWTC,B08LVVQ3ZQ,"Arcos Serie Nova - Cuchillo para pelar, Acero Inoxidable NITRUM, Envase Ecológico, 3 colores Fucsia, Turquesa y Amarillo",703700fbm,"3,555",53,0.89%,0.51%,"4,788",74,0.85%,0.49%,94.33%,100.00%,59,6,1.66%,11.32%,"696,92 €","61,45 €",55,4
B0FHKR4Q45,B0FHKR4Q45,VINFERMATON – Insecticida Cucarachas y Hormigas | Antihormigas Instantáneo Pack 3×300 ml | Spray Eliminador Insectos Rastreros Interior y Exterior | Acción Rápida Profesional | MADE IN SPAIN,V101302_PACK3,601,22,0.15%,0.21%,889,36,0.16%,0.24%,97.40%,100.00%,63,15,10.48%,68.18%,"803,07 €","185,11 €",55,11
B0FGDF2SHZ,B0FGDF2SHZ,VINFERMATON Antihormigas Efecto Permanente | Insecticida Cucarachas y Hormigas Pack 2×600 ml | Efecto hasta 1 año | Interior y Exterior | Profesional y Doméstico | MADE IN SPAIN,V0013_PACK2,520,10,0.13%,0.10%,689,14,0.12%,0.09%,99.04%,100.00%,55,4,10.58%,40.00%,"882,34 €","61,99 €",51,3
B07G75XCXM,B07G75XCXM,"Arcos Serie Cuchillos de Mesa Caja 12 uds Cuchillo Mesa, Hoja Serrada de Acero Inoxidable NITRUM de 125 mm, Mango Polipropileno Color crema (12 UDS)",370200_us,651,15,0.16%,0.14%,"1,077",23,0.19%,0.15%,86.55%,100.00%,58,6,8.91%,40.00%,"1.156,38 €","116,90 €",49,4
B0DNNL2TZQ,B0DNNF3839,"CUPERINOX Aceitera de Cristal Antigoteo para Aceite de Oliva, Resistente y Fácil de Limpiar Gourmet Oil Collection (1000 Ml)",22024_,463,32,0.12%,0.31%,731,41,0.13%,0.27%,99.23%,100.00%,51,3,11.02%,9.38%,"892,67 €","44,00 €",49,2
B08J488ZQG,B089QP6MYJ,Arcos Juego Cuchillos Carne | 6 Piezas | Cuchillos carne cuchillo chuleteros | cubiertos acero inoxidable | Hoja 110 mm | mango monobloque | aptos lavavajillas | Caja Envase Ecológico,815600_,"2,773",74,0.69%,0.71%,"4,316",118,0.76%,0.78%,99.60%,98.70%,82,27,2.96%,36.49%,"2.149,06 €","664,61 €",48,5
B0HF542K6S,B071PB1GX3,WINS 007 - Friegasuelos Perfumado | Garrafa 5 L,WINS007,341,26,0.09%,0.25%,473,36,0.08%,0.24%,65.22%,96.55%,56,21,16.42%,80.77%,"558,14 €","208,70 €",45,19
B0G6M1C8V6,B0G6L13H45,"CUPERINOX Graseras 1 Litro Acero Inoxidable para Carne y Pescado con Filtro de Malla Fina – Recipiente para Aceite Usado, Antigoteo, Tapa Antisalpicaduras – Gourmet Oil Collection",22121,411,12,0.10%,0.12%,551,18,0.10%,0.12%,99.24%,100.00%,46,2,11.19%,16.67%,"671,79 €","28,98 €",45,2
B0CYTKGNPM,B0CW66H3TR,Pelador de Tomate ARCOS - Hoja Serrada de Acero Inoxidable | Mango Ergonómico | Ideal para Tomates,607420,"1,467",24,0.37%,0.23%,"1,748",25,0.31%,0.16%,89.31%,100.00%,46,0,3.14%,0.00%,"367,54 €","0,00 €",43,0
B0H9SL9KYG,B0H9B59PGQ,"CUPERINOX 12 Tuppers de Vidrio Herméticos, 3 Formas, sin BPA, Meal Prep",28007,531,6,0.13%,0.06%,748,10,0.13%,0.07%,98.30%,100.00%,43,1,8.10%,16.67%,"1.479,45 €","33,24 €",43,1
B0CYTKGNPM,B0843DQCF5,ARCOS Pelador de Verduras en Juliana de Acero Inoxidable Cromado 130 Mm. Pelador Profesional para Cortes en Juliana de Verduras y Hortalizas. Apto Lavavajillas. Color Plata,607200,"1,495",21,0.37%,0.20%,"1,705",23,0.30%,0.15%,94.67%,100.00%,43,3,2.88%,14.29%,"319,95 €","19,87 €",40,3
B0CVH8PC99,B0CQTJ6T66,"CUPERINOX® Cuchillos de Mesa Acero Inoxidable – Set Profesional 12 Piezas con Hoja Serrada de 11 cm y Mango Ergonómico Antideslizante – Para Carne, Verduras y Pescado",99901_12pzs,"1,852",62,0.46%,0.59%,"2,645",90,0.47%,0.59%,100.00%,100.00%,51,2,2.75%,3.23%,"591,41 €","21,90 €",40,2
B07F9GQZCB,B07F9GQZCB,Arcos Cuchillo para Verduras de 4 Pulgadas con Hoja de 105mm en Acero Inoxidable y Mango de Madera. Cuchillo para Vegetales Apto para Lavavajillas. Serie Latina. Color Marrón,100500,610,21,0.15%,0.20%,"1,013",39,0.18%,0.26%,86.24%,100.00%,38,2,6.23%,9.52%,"1.405,62 €","73,98 €",38,2
B09N7S17J6,B09D3YRGL9,"CUPERINOX Navaja Plegable Multiusos – Hoja de Acero Inoxidable 80 mm (Filo Liso + Serrado), Punta Rompevidrios, Apertura Rápida, Clip de Cinturón, Herramienta para Camping, Caza, Pesca y Supervivencia",30061_solo_navaja,"1,747",23,0.44%,0.22%,"2,496",31,0.44%,0.20%,98.45%,100.00%,41,2,2.35%,8.70%,"411,09 €","18,25 €",37,2
B071PB1GX3,B071PB1GX3,WINS 007 - Friegasuelos Perfumado | Garrafa 5 L,WINS007,240,14,0.06%,0.13%,315,19,0.06%,0.13%,59.73%,93.75%,47,23,19.58%,164.29%,"466,01 €","225,91 €",36,14
B0CVH8PC99,B0CQTKPL63,CUPERINOX Cuchillos Carne | Cuchillos Mesa | Cuchillos Chuleteros | 24 Piezas | Hoja Serrada | Mango Polipropileno | Acero Inoxidable | 11 cm,99901_24pzs,465,27,0.12%,0.26%,664,42,0.12%,0.28%,98.98%,100.00%,49,13,10.54%,48.15%,"932,70 €","223,06 €",36,10
B06XB92VRH,B07T6J5JWM,CUPERINOX Cafetera Italiana Induccion Espresso Acero Inoxidable 12 Tazas,25035,847,32,0.21%,0.31%,"1,264",45,0.22%,0.30%,99.91%,100.00%,38,6,4.49%,18.75%,"1.047,18 €","151,50 €",35,4
B0D73CM824,B0D73CM824,"Arcos Cuchillo Mesa | Cuchillo Chuletero | Cuchillo Carne| Cuchillo de Mesa | Pack 12 Unidades| Hoja de Acero Inoxidable115 mm, Mango de Polipropileno Color Negro",740000_fbm,"1,366",23,0.34%,0.22%,"2,046",40,0.36%,0.26%,99.65%,89.66%,37,0,2.71%,0.00%,"1.138,63 €","0,00 €",35,0
B0DNNL2TZQ,B0DNN4J6Q8,"CUPERINOX Aceitera antigoteo cristal para Aceite de Oliva, Vinagre etc. A prueba de fugas, Aceitera cristal antigoteo tambien aceiteros cocina ideal para Ensaladas, BBQ, cooking oil container (125 ML)",22021_,813,32,0.20%,0.31%,"1,159",51,0.21%,0.34%,99.91%,100.00%,65,29,8.00%,90.63%,"686,89 €","273,25 €",35,6
B0F9X4NXL3,B0F9KW1V3K,"Cuchillos Mesa, cuchillo carne, cuchillo mantequilla, Set 12 piezas, acero inoxidable, hoja con filo y sierra, cuchillo untar. Apto lavavajillas. Mango ergonomico",20043_12,"1,439",36,0.36%,0.35%,"1,936",45,0.34%,0.30%,99.55%,90.00%,34,6,2.36%,16.67%,"396,25 €","68,53 €",32,4
B0H4FXVLKL,B0786LYQTP,VINFER- Limpiador y Abrillantador Inox 600 ml | Limpieza y Protección Acero Inoxidable | Efecto Brillo Duradero | Desengrasa y Cuida Superficies Inoxidables | Spray Profesional,VP_Inox600Ml,238,7,0.06%,0.07%,322,12,0.06%,0.08%,92.81%,100.00%,34,0,14.29%,0.00%,"267,03 €","0,00 €",31,0
B08MT437W9,B08MT437W9,Arcos Juego Cuchillos Cocina Profesionales| Cuchillos Cocina Profesional | 6 pzas | Cuchillos Acero Inoxidable Mango Negro | utensilios de cocina serie Niza | Apto lavavajillas,812900fbm,"2,394",50,0.60%,0.48%,"3,412",77,0.60%,0.51%,99.93%,100.00%,32,4,1.34%,8.00%,"1.054,22 €","129,96 €",31,4
B0F9TD2LTH,B0CS6V91GR,CUPERINOX® Cuchillos de Mesa con Mango de Madera – Set 6 Cuchillos para Carne con Filo Dentado – Estilo Palmadera tradicional – Aptos para Uso Diario,14015_us,"1,127",40,0.28%,0.38%,"1,724",65,0.31%,0.43%,99.23%,100.00%,40,6,3.55%,15.00%,"739,59 €","105,93 €",31,3
B08LVZCG23,B08LVZCG23,Arcos Juego de Cuchillos de Cocina Rosa | 3 pz | Cuchillo Chef para pelar Verduras | Edición Limitada | Solidaria,814500,"2,754",31,0.69%,0.30%,"3,559",45,0.63%,0.30%,99.24%,100.00%,30,2,1.09%,6.45%,"897,70 €","57,98 €",30,2
B0C4DTYRJW,B094QVHPQ8,Arcos Juego Cuchillos Cocina Profesionales| Cuchillos Cocina Profesional Set Cuchillos | Mango Negro (4 Piezas),813500FBM,"1,516",22,0.38%,0.21%,"2,085",33,0.37%,0.22%,98.82%,100.00%,30,2,1.98%,9.09%,"1.198,50 €","79,90 €",30,2
B0CYTKGNPM,B0CW68KM18,Pelador de Cocina ARCOS - Hoja de Acero Inoxidable | Mango Ergonómico | Herramienta Versátil para Pelar Frutas y Verduras,607300_,"1,846",47,0.46%,0.45%,"2,237",53,0.40%,0.35%,62.06%,96.97%,35,6,1.90%,12.77%,"297,17 €","50,96 €",30,3
B0G6M1C8V6,B0D4WK78XV,CUPERINOX Aceiteras para Aceite Usado | Grasera Acero Inoxidable 550ML con Filtro Metálico | Recipiente para Aceite Usado de Cocina y Grasa | Grasera Cocina Metálica 550ML 2Uds Metálico,22105y22106,"1,762",37,0.44%,0.35%,"2,631",55,0.47%,0.36%,99.83%,100.00%,31,0,1.76%,0.00%,"371,69 €","0,00 €",30,0
B0DKP7F29P,B0DJBZ1M2L,Arcos Serie Samoa Iconic | Sarten Antiadherente Cerámico 24 cm | Aluminio Forjado | Apta cualquier cocina | Mango Acero Inoxidable | Apta lavavajillas | Color Beige | LIBRE DE (PFOA/PTFE/PFOS),716324,"1,063",21,0.27%,0.20%,"1,555",32,0.28%,0.21%,85.63%,94.74%,30,3,2.82%,14.29%,"1.155,00 €","115,50 €",30,3
B0752X1ZCK,B07G77NN26,Arcos Cuchillos de Mesa - Caja de 12 uds Cuchillo Chuletero Cuchillo de Mesa - Hoja de Acero Inoxidable NITRUM 110 mm - Mango de Nylon - Color Negro (12 uds),803000_fmb,"1,206",23,0.30%,0.22%,"1,841",33,0.33%,0.22%,74.31%,95.83%,35,10,2.90%,43.48%,"1.014,66 €","289,91 €",29,4
B0752X1ZCK,B07G77NN26,Arcos Cuchillos de Mesa - Caja de 12 uds Cuchillo Chuletero Cuchillo de Mesa - Hoja de Acero Inoxidable NITRUM 110 mm - Mango de Nylon - Color Negro (12 uds),803000,"1,206",23,0.30%,0.22%,"1,841",33,0.33%,0.22%,74.31%,95.83%,42,15,3.48%,65.22%,"1.217,60 €","434,87 €",29,3
B08GSTDWTC,B08G4D9718,"Arcos | Cuchillos 3 Colores | Cuchillo de pelar | Cuchillos pelar Patatas | Acero Inoxidable Nitrum| Envase Ecológico | Cuchillo Colores (85 mm, Amarillo, Turquesa, Naranja)",816700_francia,724,15,0.18%,0.14%,889,18,0.16%,0.12%,99.88%,100.00%,31,0,4.28%,0.00%,"302,25 €","0,00 €",29,0
B0DNNKT1W2,B0DNNFJ5J7,"Cuperinox-Tetera de Cristal con Infusor para Té e Infusiones, Resistente al Calor y Compatible con Microondas ** - Infusion Prestige Collection (350 ml)",26110_,469,19,0.12%,0.18%,658,29,0.12%,0.19%,98.99%,100.00%,31,3,6.61%,15.79%,"454,70 €","44,98 €",29,1
B0DKP7F29P,B0DJBZPLJF,Arcos Serie Samoa Iconic | Sarten Antiadherente Cerámico 28 cm | Aluminio Forjado | Apta cualquier cocina | Mango Acero Inoxidable | Apta lavavajillas | Color Beige | LIBRE DE (PFOA/PTFE/PFOS),716524,587,10,0.15%,0.10%,842,12,0.15%,0.08%,74.46%,100.00%,29,0,4.94%,0.00%,"1.303,55 €","0,00 €",28,0
B0DPKXM18X,B0DNQT7LV3,"CUPERINOX Soporte Jamonero Balancín | Jamonero Giratorio Profesional | Jamonero Madera | Incluye Cuchillo Profesional, Afilador Funda Cubre Jamón| Jamoneros Elite Collection",20265_fbm,"1,202",28,0.30%,0.27%,"2,039",43,0.36%,0.28%,98.72%,100.00%,28,0,2.33%,0.00%,"2.519,72 €","0,00 €",28,0
B0FHKQHYQ7,B0FHKQHYQ7,VINFERMATON – Insecticida Moscas y Mosquitos Sin Olor Pack 2×600 ml | Spray Eliminador Insectos Voladores Interior y Exterior | Acción Inmediata Profesional | 100% MADE IN SPAIN,9J-4FF5-2Q8R,233,14,0.06%,0.13%,294,17,0.05%,0.11%,94.42%,100.00%,29,7,12.45%,50.00%,"422,81 €","93,03 €",28,7
B089MW6B1B,B078JNZS9T,Arcos Estuche de 3 Cuchillos Básicos de Cocina. Pack de Cuchillos con Hoja de Acero Inoxidable y Mango de Polieximetileno Aptos para Lavavajillas. Serie Universal. Color Negro,807400_us,"3,967",76,0.99%,0.73%,"5,730",107,1.01%,0.71%,17.00%,5.71%,27,0,0.68%,0.00%,"1.187,73 €","0,00 €",27,0
B0DNNL2TZQ,B0DNN4J6Q8,"CUPERINOX Aceitera antigoteo cristal para Aceite de Oliva, Vinagre etc. A prueba de fugas, Aceitera cristal antigoteo tambien aceiteros cocina ideal para Ensaladas, BBQ, cooking oil container (125 ML)",22021,813,32,0.20%,0.31%,"1,159",51,0.21%,0.34%,99.91%,100.00%,30,2,3.69%,6.25%,"341,82 €","21,46 €",27,2
B0FT8NPR4X,B0FT8NPR4X,BIOLEAF® – Gel WC + Desincrustante Baños Pack 2×750 ml | Limpieza Antical Baño | Fórmula Biodegradable con Esencias Marinas | Dermatológicamente Testado|100% MADE IN SPAIN,3429,175,9,0.04%,0.09%,246,14,0.04%,0.09%,98.48%,100.00%,28,6,16.00%,66.67%,"279,71 €","59,93 €",27,5
B017HKR8WS,B005LR7EP6,ARCOS Afilador de Cuchillos Profesional ABS,610000,"2,252",109,0.56%,1.04%,"3,341",163,0.59%,1.07%,19.49%,11.02%,25,3,1.11%,2.75%,"1.646,75 €","194,97 €",25,3
B093DXB2PK,B00MDJVRG2,Arcos Latina Cuchillo para Verduras Acero Inoxidable 105 mm,100500_1_pieza,214,3,0.05%,0.03%,337,3,0.06%,0.02%,98.99%,100.00%,50,0,23.36%,0.00%,"249,50 €","0,00 €",25,0
B093DSL44T,B07F9RV81Z,Arcos Cuchillo Chuletero de 4 Pulgadas con Hoja de 105mm en Acero Inoxidable y Mango de Madera. Cuchillo para Carne Apto para Lavavajillas. Serie Latina. Color Marrón,100400_fba,"1,186",32,0.30%,0.31%,"1,901",53,0.34%,0.35%,51.03%,97.14%,25,1,2.11%,3.13%,"899,75 €","35,99 €",25,1
B09DYJY471,B08MQJCD2V,Arcos Juego Cuchillos Cocina Profesionales| Cuchillos Cocina Profesional | Cuchillos Acero Inoxidable Mango Negro | utensilios de cocina | cuchillo japones Santoku | lavavajillas (4 Piezas),816900fba,"2,100",36,0.52%,0.35%,"2,798",40,0.50%,0.26%,99.81%,96.55%,25,2,1.19%,5.56%,"649,75 €","51,98 €",25,2
B0F1N351DY,B072FGV2YH,Arcos Juego de 6 Cuchillos Mondadores Acero Inoxidable 100 mm,189100_2,"11,174",314,2.79%,3.01%,"15,889",473,2.81%,3.12%,2.98%,1.25%,27,4,0.24%,1.27%,"463,35 €","66,60 €",24,3
B09GSCQQF9,B07G77FNSF,"Arcos Serie Cuchillos de Mesa Caja 12 uds Cuchillo Postre, Hoja Serrada de Acero Inoxidable NITRUM de 105 mm, Mango Polipropileno Color crema (12 UDS)",370100_,416,11,0.10%,0.11%,652,16,0.12%,0.11%,87.33%,100.00%,28,4,6.73%,36.36%,"510,99 €","72,99 €",24,2
B0HC7F5CCG,B0GT53T29T,Alcohol de Limpieza 75% | 2 Litros | Aroma Floral,LAGARRAFITA_ALCOHOLIMP,162,11,0.04%,0.11%,233,16,0.04%,0.11%,97.82%,81.82%,24,1,14.81%,9.09%,"235,58 €","9,99 €",24,1
B093DSL44T,B07F9RV81Z,Arcos Cuchillo Chuletero de 4 Pulgadas con Hoja de 105mm en Acero Inoxidable y Mango de Madera. Cuchillo para Carne Apto para Lavavajillas. Serie Latina. Color Marrón,100400,"1,186",32,0.30%,0.31%,"1,901",53,0.34%,0.35%,51.03%,97.14%,23,0,1.94%,0.00%,"827,77 €","0,00 €",23,0
B08J488ZQG,B0987N2CBR,Arcos Juego Cuchillos Carne | 6 Piezas | Cuchillos carne cuchillo chuleteros | cubiertos acero inoxidable | Hoja 110 mm | mango monobloque | aptos lavavajillas | Caja Envase Ecológico,814000_fba,634,13,0.16%,0.12%,806,17,0.14%,0.11%,99.74%,100.00%,29,0,4.57%,0.00%,"807,31 €","0,00 €",23,0
B0H9SL9KYG,B0H8T2L5L4,"CUPERINOX 4 Tuppers de Vidrio Herméticos, Redondos, sin BPA, Meal Prep",28005,476,4,0.12%,0.04%,639,4,0.11%,0.03%,99.04%,100.00%,23,0,4.83%,0.00%,"336,01 €","0,00 €",23,0
B0189HXS8Q,B017DLLIUO,Arcos Navaja Profesional Acero Inoxidable 85 mm,485929,751,20,0.19%,0.19%,"1,017",28,0.18%,0.18%,64.49%,93.33%,27,2,3.60%,10.00%,"203,55 €","14,67 €",22,1
B0812P3LZT,B0812P3LZT,"Arcos Nova - Set 3 Cuchillos Mantequilla - Acero Inoxidable 70 mm - Mango en color menta, naranja y limon",859900,191,1,0.05%,0.01%,263,1,0.05%,0.01%,92.67%,100.00%,23,1,12.04%,100.00%,"252,77 €","10,99 €",22,1
B0DNNKT1W2,B0DNNJPRXB,"Cuperinox-Tetera de Cristal con Infusor para Té e Infusiones, Resistente al Calor y Compatible con Microondas ** - Infusion Prestige Collection (550 ml)",26111_,307,12,0.08%,0.12%,429,16,0.08%,0.11%,99.21%,100.00%,22,0,7.17%,0.00%,"367,78 €","0,00 €",22,0
B0DPKXM18X,B0DNQT7LV3,"CUPERINOX Soporte Jamonero Balancín | Jamonero Giratorio Profesional | Jamonero Madera | Incluye Cuchillo Profesional, Afilador Funda Cubre Jamón| Jamoneros Elite Collection",20265_,"1,202",28,0.30%,0.27%,"2,039",43,0.36%,0.28%,98.72%,100.00%,22,1,1.83%,3.57%,"1.974,53 €","85,49 €",22,1
B0DKP7F29P,B0DJBZ7G4Y,Arcos Serie Samoa Iconic | Sarten Antiadherente Cerámico 20 cm | Aluminio Forjado | Apta cualquier cocina | Mango Acero Inoxidable | Apta lavavajillas | Color Beige | LIBRE DE (PFOA/PTFE/PFOS),716124,393,5,0.10%,0.05%,516,6,0.09%,0.04%,78.11%,100.00%,20,0,5.09%,0.00%,"679,00 €","0,00 €",20,0
B0937XXT33,B01CQT1B5U,"Arcos Cuchillos de Mesa Juego de Cuchillos Chuleteros Cuchillos de Mesa, Monoblock de una pieza de Acero Inoxidable 110 mm, Color Plata (12 uds)",702000_us,507,19,0.13%,0.18%,782,42,0.14%,0.28%,55.09%,81.48%,28,4,5.52%,21.05%,"1.342,11 €","189,56 €",19,2
B09GSCQQF9,B07G77FNSF,"Arcos Serie Cuchillos de Mesa Caja 12 uds Cuchillo Postre, Hoja Serrada de Acero Inoxidable NITRUM de 105 mm, Mango Polipropileno Color crema (12 UDS)",370100_us,416,11,0.10%,0.11%,652,16,0.12%,0.11%,87.33%,100.00%,19,1,4.57%,9.09%,"346,75 €","18,25 €",19,1
B0DQV6381X,B0DQR3T9MM,CUPERINOX Jamonero Profesional | Jamonero Giratorio Inoxidable | Jamonero Plegable | Tabla Cortar Jamon | Jamonera | Soporte Jamon,SC_20250,557,20,0.14%,0.19%,927,25,0.16%,0.16%,99.76%,100.00%,19,0,3.41%,0.00%,"981,45 €","0,00 €",19,0
B0C5JNCFL4,B0C5JNCFL4,Arcos Serie Milano - Cubertería de 24 piezas en Caja de Regalo (6 Cuchillos + 12 Cucharas + 6 Tenedores) - Monoblock de una pieza en Acero Inoxidable - Color Plata,542000,554,15,0.14%,0.14%,897,23,0.16%,0.15%,70.57%,100.00%,21,3,3.79%,20.00%,"1.528,66 €","224,97 €",18,2
B0F9X4NXL3,B0F9KXQKLG,"CUPERINOX Cuchillos Mesa, cuchillo carne, cuchillo mantequilla, Set 24 piezas, acero inoxidable, hoja con filo y sierra, cuchillo untar. Apto lavavajillas. Mango ergonomico",20043_24,298,13,0.07%,0.12%,394,21,0.07%,0.14%,99.44%,100.00%,20,2,6.71%,15.38%,"392,80 €","38,98 €",18,2
B0FT8N82NY,B0FT8N82NY,BIOLEAF® – Lavavajillas+ Desengrasante Cocina Pack 2×750 ml | Limpieza Potente Antigrasa y Vajilla Reluciente | Fórmula Biodegradable con Esencia Limón | Dermatológicamente Testado| 100% MADE IN SPAIN,3436,92,4,0.02%,0.04%,120,13,0.02%,0.09%,99.14%,91.67%,18,1,19.57%,25.00%,"179,82 €","9,99 €",18,1
B0FWJYP1S9,B0FWJYP1S9,"Arcos Afilador de cuchillos multiángulo, Preciso y duradero",610400_fbm,248,2,0.06%,0.02%,401,2,0.07%,0.01%,55.21%,100.00%,18,1,7.26%,50.00%,"485,10 €","26,95 €",18,1
B08TWZYBPZ,B0FZC9C1BJ,"CUPERINOX- Set de Cuchillos Profesionales de Cocina 3 Piezas + Estuche Regalo | Chef 20 cm, Santoku 18 cm y Universal 13 cm | Acero Inoxidable Alta Precisión | Mango Ergonómico| Apto Lavavajillas",19302_FBA,"1,316",13,0.33%,0.12%,"1,797",21,0.32%,0.14%,99.94%,100.00%,18,0,1.37%,0.00%,"539,82 €","0,00 €",18,0
B0752X4WV1,B005LR73R0,Arcos Juego Chuleteros Mango Madera 110 mm,809300__,"6,671",154,1.67%,1.48%,"9,533",234,1.69%,1.54%,3.33%,6.56%,20,0,0.30%,0.00%,"479,80 €","0,00 €",17,0
B017HKRCGK,B005LR7C44,ARCOS Bolsa Portacuchillos 12 Piezas Poliéster 730x510mm,690500_,730,15,0.18%,0.14%,"1,031",21,0.18%,0.14%,29.87%,11.11%,18,1,2.47%,6.67%,"502,92 €","27,94 €",17,1
B017HKSTCQ,B00CFN1M6Q,ARCOS Tijeras de Cocina Multiusos 200 mm,809700_FBA,"3,071",93,0.77%,0.89%,"4,547",136,0.81%,0.90%,1.45%,1.98%,17,0,0.55%,0.00%,"202,81 €","0,00 €",17,0
B00ID2NEMS,B00ID2NEMS,LIMPIASALPICADEROS PROFESIONAL 750 ML.,VP_SALPICADEROS_750ML,97,8,0.02%,0.08%,131,8,0.02%,0.05%,98.32%,100.00%,49,29,50.52%,362.50%,"387,00 €","213,20 €",17,3
B071VT3QQY,B071VT3QQY,"Arcos Riviera - Juego de Cuchillos de Cocina Profesional (Mondador 100 mm, Santoku 140 mm, Chef 200 mm) - Acero Inoxidable Forjado NITRUM, Mango Ergonómico Negro - 3 Piezas en Estuche",807700_fbm,278,7,0.07%,0.07%,461,8,0.08%,0.05%,70.42%,33.33%,17,0,6.12%,0.00%,"1.171,30 €","0,00 €",17,0
B0F54LTCFF,B07JJGTQK4,Arcos Conjunto Cuchillos 3 piezas - Acero Inoxidable Nitrum y Hoja mm. Cuchillo cocina profesional cocinar. 590 gr. Mango ergonómico polioximetileno POM. Serie Universal. Mayor control. Color negro.,807410_,418,9,0.10%,0.09%,601,10,0.11%,0.07%,67.39%,50.00%,17,0,4.07%,0.00%,"747,83 €","0,00 €",17,0
B08M9QRSW8,B08M9QRSW8,Arcos | Juego Cuchillos cuchillos mesa | 6 Uds | cuchillo fruta | cuchillo postre | Hoja 110 mm | Acero Inoxidable Martensítico | Mango Nylon | apto lavavajillas | Envase Ecológico,703600_barras_arcos,147,1,0.04%,0.01%,251,3,0.04%,0.02%,99.01%,100.00%,22,0,14.97%,0.00%,"219,78 €","0,00 €",17,0
B098BLF7X6,B098BLF7X6,"Tradineur - Grasera metálica para pescado con filtro, aceitera con colador para conservación de aceite de acero inoxidable, recipiente para colar aceites - Ø 9 cm",22106_us,142,2,0.04%,0.02%,195,2,0.03%,0.01%,99.44%,0.00%,18,0,12.68%,0.00%,"134,82 €","0,00 €",17,0
B0CQ5G2HVQ,B0BRNJF5D2,Arcos Serie Samoa | Lote de Sartenes 20 y 24 cm | Aluminio Forjado | Full Induction | Mango Acero Inoxidable Efecto Frio | Sistema ahorro energético | Apta lavavajillas | Color Negro,717810,807,13,0.20%,0.12%,"1,076",19,0.19%,0.13%,80.77%,73.33%,17,2,2.11%,15.38%,"1.019,17 €","119,92 €",17,2
B0FDKX6V41,B0FDKX6V41,VINFERMATON – Insecticida Moscas y Mosquitos Perfume Limón Pack 2×600 ml | Spray Eliminador Insectos Voladores Interior y Exterior | Acción Inmediata Profesional | 100% MADE IN SPAIN,V0009_PACK2,86,3,0.02%,0.03%,112,3,0.02%,0.02%,98.06%,100.00%,24,4,27.91%,133.33%,"286,35 €","45,55 €",17,3
B0F54LTCFF,B0044R87QE,Arcos Cuchillo Cocina Acero Inoxidable 200 mm,280604_,"4,130",139,1.03%,1.33%,"5,814",197,1.03%,1.30%,6.76%,0.00%,16,0,0.39%,0.00%,"327,84 €","0,00 €",16,0
B0F54LTCFF,B00J4L7FEU,Arcos Hachuela Macheta de Cocina Acero Inoxidable 160 mm,282404_us,"1,246",46,0.31%,0.44%,"1,859",60,0.33%,0.40%,20.41%,9.76%,17,0,1.36%,0.00%,"424,15 €","0,00 €",16,0
B0C4DTYRJW,B071LGMMGV,Arcos Juego Cuchillos Cocina Profesionales| Cuchillos Cocina Profesional Set Cuchillos | Mango Negro (3 Piezas),862600_,566,17,0.14%,0.16%,813,32,0.14%,0.21%,99.06%,100.00%,16,3,2.83%,17.65%,"639,84 €","119,97 €",16,3
B078KJ1T6G,B078JQ8XST,"Arcos Serie Riviera, Juego Cuchillos Cocina, Hoja de Acero Inoxidable Forjado Nitrum, Mango de Polioximetileno, POM, Negro",807700_843600etiqueta,"4,027",88,1.01%,0.84%,"5,828",133,1.03%,0.88%,14.98%,1.14%,16,0,0.40%,0.00%,"1.119,84 €","0,00 €",16,0
B0CVH8PC99,B0CQTKPL63,CUPERINOX Cuchillos Carne | Cuchillos Mesa | Cuchillos Chuleteros | 24 Piezas | Hoja Serrada | Mango Polipropileno | Acero Inoxidable | 11 cm,99923,465,27,0.12%,0.26%,664,42,0.12%,0.28%,98.98%,100.00%,26,4,5.59%,14.81%,"520,07 €","79,96 €",16,1
B0CYTKGNPM,B0CW66H3TR,Pelador de Tomate ARCOS - Hoja Serrada de Acero Inoxidable | Mango Ergonómico | Ideal para Tomates,607420_,"1,467",24,0.37%,0.23%,"1,748",25,0.31%,0.16%,89.31%,100.00%,16,0,1.09%,0.00%,"127,84 €","0,00 €",16,0
B0CYTKGNPM,B0CW68KM18,Pelador de Cocina ARCOS - Hoja de Acero Inoxidable | Mango Ergonómico | Herramienta Versátil para Pelar Frutas y Verduras,607300,"1,846",47,0.46%,0.45%,"2,237",53,0.40%,0.35%,62.06%,96.97%,16,1,0.87%,2.13%,"119,84 €","7,49 €",16,1
B00VRZ327A,B00VRZ327A,Arcos Tijeras Costura Acero Forjado 152 mm - Uso Doméstico y Profesional - Niqueladas Plata - Serie Style,502400,127,0,0.03%,0.00%,183,0,0.03%,0.00%,90.57%,0.00%,15,0,11.81%,0.00%,"180,05 €","0,00 €",15,0
B0189HXS8Q,B015QGR3CK,Arcos Serie Navajas Profesionales - Navaja Profesional - Hoja Filo de Acero Inoxidable NITRUM de 85 mm - Navaja de Acero Inoxidable Color amarillo,485900_fbm,751,25,0.19%,0.24%,"1,012",33,0.18%,0.22%,62.93%,82.35%,17,0,2.26%,0.00%,"127,33 €","0,00 €",15,0
B073JC3QG7,B073JC3QG7,"VINFER- Abrillantador Mopas Spray 750 ml | Limpieza, Protege y Abrillanta Parquet, Terrazo, Mármol, Linóleum y Gres | Formato Profesional",VP_MOPAS_NARANJA,226,11,0.06%,0.11%,309,11,0.05%,0.07%,73.41%,40.00%,18,2,7.96%,18.18%,"179,81 €","19,97 €",15,1
B07G75XCXM,B07G75XCXM,"Arcos Serie Cuchillos de Mesa Caja 12 uds Cuchillo Mesa, Hoja Serrada de Acero Inoxidable NITRUM de 125 mm, Mango Polipropileno Color crema (12 UDS)",370200_fbm,651,15,0.16%,0.14%,"1,077",23,0.19%,0.15%,86.55%,100.00%,16,1,2.46%,6.67%,"319,84 €","19,99 €",15,1
B07N7YDTMX,B07N7YDTMX,"HENDI Cesta para cubiertos, 125x84x(H) 135mm",H871324,95,15,0.02%,0.14%,144,20,0.03%,0.13%,100.00%,100.00%,24,9,25.26%,60.00%,"203,79 €","76,44 €",15,4
B08DV2WMBQ,B089M821V5,Arcos Cuchillos Carne | 6 pzas | Cuchillos chuleteros Set Cuchillo de Mesa Sierra | Mango Madera | Hoja 110 mm | Cuchillos Carne Mesa | Apto lavavajillas | Envase Carton | Ecologico,815500_,"1,523",36,0.38%,0.35%,"2,353",63,0.42%,0.42%,99.62%,100.00%,16,0,1.05%,0.00%,"469,44 €","0,00 €",15,0
B08ZNM265D,B08ZNM265D,Arcos | cuchillos de mesa cuchillo mesa tradicional | 6 Piezas cuchillo chuletero | mango nailon | Envase Eco | Fabricado en España,704400,304,7,0.08%,0.07%,437,11,0.08%,0.07%,100.00%,100.00%,19,0,6.25%,0.00%,"512,81 €","0,00 €",15,0
B0FT8QFSK3,B0FT8QFSK3,BIOLEAF® – Multiusos + Desengrasante Pack 2×750 ml | Limpieza Hogar y Cocina | Potente Antigrasa y Multiusos Brillo Duradero | Fórmula Biodegradable con Esencia Limón | 100% MADE IN SPAIN,3443,160,6,0.04%,0.06%,204,16,0.04%,0.11%,99.46%,100.00%,16,1,10.00%,16.67%,"159,84 €","9,99 €",15,1
B08TWZYBPZ,B0FZC8B2NX,"CUPERINOX - Estuche de Cuchillos Profesionales de Cocina 4 Piezas | Chef 20 cm, Santoku 18 cm, Universal 13 cm y Pelador 9 cm | Acero Inoxidable de Alta Precisión | Mango Ergonómico",19301_FBA,646,6,0.16%,0.06%,827,7,0.15%,0.05%,100.00%,100.00%,16,0,2.48%,0.00%,"559,84 €","0,00 €",15,0
B0G65J8F3L,B0G21CXVCW,"BIOLEAF – Limpiador Multiusos Pack 2×750 ml (1,5 L) – Limpiador Hogar Cocina y Baño – Antipolvo y Acabado Sin Marcas – Alta Eficacia – Biodegradable – Sin Disruptores Endocrinos",2668,116,3,0.03%,0.03%,155,4,0.03%,0.03%,99.31%,100.00%,15,0,12.93%,0.00%,"149,85 €","0,00 €",15,0
B09HTPJMH5,B00MDJVVZY,Arcos Latina Cuchillo de Cocina Acero Inoxidable 155 mm,100700_1pza,106,1,0.03%,0.01%,160,1,0.03%,0.01%,100.00%,0.00%,23,0,21.70%,0.00%,"132,25 €","0,00 €",14,0
B0792XNYCY,B0792XNYCY,VINFER Detergente alcalino clorado Wins 022. Botella de 5 litros. Limpieza e higiene para Todo Tipo de Superficies,WINS022,115,9,0.03%,0.09%,152,11,0.03%,0.07%,54.96%,100.00%,15,4,13.04%,44.44%,"177,54 €","47,76 €",14,4
B0FR444FLT,B07N8S366Z,Arcos Cuchillo Cocina Forjado en Acero Inoxidable. Hoja Plateada 210 mm. Cuchillo Chef con Mango Profesional Micarta y Borde de Seda Especial. Serie Brooklyn. Color Azul.,190623_,464,7,0.12%,0.07%,695,8,0.12%,0.05%,89.11%,100.00%,14,0,3.02%,0.00%,"658,63 €","0,00 €",14,0
B093313MH6,B093313MH6,Arcos | Cuchillo de deshuesar| Cuchillo deshuesador | cuchillo deshuesador jamón | cuchillo deshuesador (140 mm) Clásica| Envase Eco | cuchillo puntilla jamonero,256210_fba,336,5,0.08%,0.05%,466,8,0.08%,0.05%,99.51%,100.00%,14,2,4.17%,40.00%,"313,84 €","37,96 €",14,2
B0CTKV6X91,B0CTKV6X91,"HENDI Juego de 6 tablas de cortar HACCP con soporte, lisas, 6 colores diferentes, 6 piezas, 450x300x(H)10mm, polietileno, polipropileno",H825686,207,29,0.05%,0.28%,295,42,0.05%,0.28%,86.72%,72.97%,14,7,6.76%,24.14%,"911,46 €","454,65 €",14,7
B0FGDGV4V4,B0FGDGV4V4,VINFERMATON – Insecticida Mosquitos y Moscas Casa y Terrazas Pack 2×600 ml | Spray Eliminador Insectos Voladores Interior y Exterior | Acción Inmediata Profesional | 100% MADE IN SPAIN,V1612_PACK2,143,6,0.04%,0.06%,185,8,0.03%,0.05%,96.95%,100.00%,15,2,10.49%,33.33%,"223,60 €","28,48 €",14,2
B0H4FXVLKL,B0H276YBLW,"VINFER- Limpiador y Abrillantador Inox Pack X2 600 ml- 1,2L | Limpieza y Protección Acero Inoxidable | Efecto Brillo Duradero | Desengrasa y Cuida Superficies Inoxidables | Spray Profesional",LIMPIADORINOX_PACK2,62,8,0.02%,0.08%,85,11,0.02%,0.07%,98.68%,100.00%,15,3,24.19%,37.50%,"219,09 €","44,22 €",14,3
B0H2DQZ7ZK,B0H2DQZ7ZK,"VINFER-Limpia Salpicaderos Profesional Pack 2x750 ml (1,5L)|Spray para Coche| Limpia, Abrillanta y Protege Plásticos, Vinilos y Cueros,Efecto Antiestático Repelente del Polvo,Cuidado Interior Vehículo",LIMPIASALPICADEROS_PACK2,123,7,0.03%,0.07%,166,11,0.03%,0.07%,97.47%,100.00%,15,1,12.20%,14.29%,"224,85 €","14,99 €",14,1
B0F1N351DY,B073V5RN1J,Arcos Cuchillo Mondador Acero Inoxidable NITRUM 100 mm - Ideal para Pelar Frutas y Verduras - Mango Ergonómico Polipropileno Negro - Serie Nova,816500_1pieza,"1,033",18,0.26%,0.17%,"1,169",18,0.21%,0.12%,97.75%,100.00%,15,0,1.45%,0.00%,"71,25 €","0,00 €",13,0
B0788NSRGR,B0788NSRGR,WINS-Detergente Máquinas Lavavajillas Profesional Aguas Duras 012 | Garrafa 5 L | Limpieza Potente de Vajilla en Lavavajillas Industriales | Uso Profesional | 100% Made in Spain,WINS012_5l,72,11,0.02%,0.11%,105,15,0.02%,0.10%,36.67%,78.57%,19,10,26.39%,90.91%,"317,70 €","166,59 €",13,8
B07H1T4V1B,B07H1T4V1B,WINS – Fregasuelos Neutro Manzana 006 | Friegasuelos Limpiador para Suelos y Superficies con Aroma a Manzana Duradero | Garrafa 5 L | pH Neutro | 100% Made in Spain,WINS006,127,7,0.03%,0.07%,176,11,0.03%,0.07%,88.16%,90.91%,23,12,18.11%,171.43%,"239,30 €","119,55 €",13,5
B0FR444FLT,B07JJGXYZD,Arcos Set Cocina Serie Manhattan,858100,561,8,0.14%,0.08%,892,17,0.16%,0.11%,85.99%,100.00%,13,1,2.32%,12.50%,"1.065,87 €","81,99 €",13,1
B09QDH8MSK,B07N8VWHT9,Arcos Tacos - Bloque Universal para Cuchillos hasta 20 cm - Hecho de Caucho Termoplástico 220 x 160 x 65 mm - Color Negro,794500_,"1,491",34,0.37%,0.33%,"2,189",61,0.39%,0.40%,10.41%,26.67%,13,1,0.87%,2.94%,"350,77 €","25,99 €",13,1
B0G4S268RT,B0G21QLYZ1,"BIOLEAF–Lavavajillas Manual Pack 2×750 ml (1,5 L) – Detergente Concentrado Desengrasante – Vajilla Brillante y Aclarado Fácil – Biodegradable – Sin Disruptores Endocrinos",2699,67,3,0.02%,0.03%,92,3,0.02%,0.02%,96.51%,100.00%,13,1,19.40%,33.33%,"129,87 €","9,99 €",13,1
B08M5K93QF,B08M5K93QF,Arcos Juego Cuchillos Mesa | 6 Uds | Cuchillo Postre | Cuchillos Mesa | Cuchillo Carne | Hoja 105 mm | Acero Inoxidable Martensítico | Mango Polipropileno | Apto lavavajillas | Envase Ecológico,703500_etq,119,6,0.03%,0.06%,179,10,0.03%,0.07%,88.61%,100.00%,13,0,10.92%,0.00%,"142,87 €","0,00 €",12,0
B08NW1VQRT,B08NW1VQRT,CUPERINOX Navaja para Setas y Champiñones | Acero Inoxidable | Con Cepillo y Funda Incluida | Micológica,2181,152,4,0.04%,0.04%,220,6,0.04%,0.04%,100.00%,100.00%,16,0,10.53%,0.00%,"167,84 €","0,00 €",12,0
B08Q7W1Q4K,B08Q7W1Q4K,"Tradineur - Pack de 2 Graseras de metal de Ø 9,3 x 11 cm - Incluye filtro, asa y tapa - Aceitera con colador para conservación de aceite de acero inoxidable - Capacidad de 550 ml",22105+22106,111,4,0.03%,0.04%,151,4,0.03%,0.03%,99.26%,100.00%,12,0,10.81%,0.00%,"131,88 €","0,00 €",12,0
B0DVT6KPDV,B0DT73LYPQ,"CUPERINOX Cuchillos Montessori | Set de Cuchillos Infantiles de 16 Piezas | Cuchillos Niños Aprendizaje +2 Años | Incluye Delantal, Guante de Seguridad, Moldes Tabla de Cortar | Kids Collection",27016,337,8,0.08%,0.08%,515,9,0.09%,0.06%,99.19%,100.00%,12,1,3.56%,12.50%,"215,46 €","14,99 €",12,1
B0G3ZJ89NB,B0G2MT6K5N,"CUPERINOX Jamonero Inoxidable Giratorio | Jamonera base Inoxidable | Incluye Cuchillo Jamonero Alveolos 25 cm, Deshuesador 15 cm, Afilador y Funda para Jamón | Apto Jamones y Paletilla",20251,243,15,0.06%,0.14%,346,21,0.06%,0.14%,99.07%,100.00%,12,1,4.94%,6.67%,"806,88 €","69,99 €",12,1
B017HKRCGK,B005LR7AWI,ARCOS Bolsa Portacuchillos 8 Piezas Poliéster 500x510mm,690400_,621,15,0.16%,0.14%,837,25,0.15%,0.16%,31.66%,18.75%,12,1,1.93%,6.67%,"299,88 €","24,99 €",11,1
B0H6BQ4BG5,B00UCCGND4,Vinfermatón - Insecticida Mosquitos y Moscas Concentrado Matón PS 250ml,V00002,860,37,0.21%,0.35%,"1,284",63,0.23%,0.42%,5.27%,3.92%,26,6,3.02%,16.22%,"213,72 €","44,72 €",11,1
B06XB92VRH,B00YU2ZS1A,CUPERINOX Cafetera Italiana Induccion Espresso Acero Inoxidable 6 Tazas,25033,269,12,0.07%,0.12%,360,17,0.06%,0.11%,91.23%,92.86%,11,1,4.09%,8.33%,"197,19 €","18,19 €",11,1
B071LGMGHG,B071LGMGHG,Arcos Tijeras de Manicura Rectas de Acero Forjado 102 mm - Uso Profesional y Doméstico - Niqueladas Plata - Serie Style,501100,95,3,0.02%,0.03%,141,8,0.02%,0.05%,64.71%,0.00%,11,0,11.58%,0.00%,"114,89 €","0,00 €",11,0
B0FR444FLT,B07YYDR6D8,Arcos Juego de Cuchillos de Cocina. 3 piezas de Acero Inoxidable forjado. Impresiona yorprencon cada corte. Mango Micarta azul. Serie Brooklyn. Color Azul.,858110_,548,17,0.14%,0.16%,855,37,0.15%,0.24%,91.73%,96.55%,11,2,2.01%,11.76%,"1.041,05 €","161,14 €",11,2
B08G8QHY23,B08G8QHY23,Arcos | cuchillos chuleteros cuchillo madera cuchillo chuletero | 6 Piezas | juego cuchillos carne | cuchillos mango madera | Envase Eco | Fabricado en España,809300,326,17,0.08%,0.16%,489,28,0.09%,0.18%,100.00%,100.00%,11,0,3.37%,0.00%,"263,89 €","0,00 €",11,0
B08G8QHY23,B08G8QHY23,Arcos | cuchillos chuleteros cuchillo madera cuchillo chuletero | 6 Piezas | juego cuchillos carne | cuchillos mango madera | Envase Eco | Fabricado en España,809300_,326,17,0.08%,0.16%,489,28,0.09%,0.18%,100.00%,100.00%,12,0,3.68%,0.00%,"287,88 €","0,00 €",11,0
B0GY2G2Y86,B08JCVQ4QL,"Arcos Series Niza - Juego de Cuchillos Cocina, 6 Piezas, Cuchillos Verduras 110 mm, + Cuchillo Mesa, Envase 100% Ecológico, Acero Inoxidable NITRUM",809400_,"2,416",55,0.60%,0.53%,"3,578",75,0.63%,0.49%,99.71%,100.00%,11,0,0.46%,0.00%,"216,75 €","0,00 €",11,0
B0CQ5G2HVQ,B09T6G47Z6,"Arcos Sarten Antiadherente 26 cm - Aluminio Forjado, Full Induction, Mango Acero Inoxidable Efecto Frío, Apta Lavavajillas, Ahorro Energético, Serie Samoa",716410,122,8,0.03%,0.08%,169,10,0.03%,0.07%,87.95%,100.00%,12,2,9.84%,25.00%,"473,89 €","78,99 €",11,1
B0G3ZJ89NB,B0FZCJ46CM,CUPERINOX - Set Cuchillo Jamonero+ Deshuesador Profesional Forjado 2 Piezas | Cuchillo Jamonero Alveolado 25 cm y Deshuesador 15 cm |Corte Fino y Equilibrado | Aptos para lavavajillas,19303,539,21,0.13%,0.20%,753,23,0.13%,0.15%,98.28%,100.00%,11,2,2.04%,9.52%,"273,39 €","49,98 €",11,2
B0H736YBW9,B009KKK16Y,"HENDI Pasta-gel combustible para Fondue, 3 unidades, para el quemador de alcohol para Fondue de HENDI 111420, tiempo de combustión de aproximadamente 2 horas, quemador de Fondue, 80 gr",H190036,164,4,0.04%,0.04%,232,8,0.04%,0.05%,93.90%,100.00%,14,0,8.54%,0.00%,"139,86 €","0,00 €",10,0
B0GDYCSPT1,B00R6JUIUK,Arcos Cuchillo Chuletero Acero Inoxidable 105 mm,100400_1pza,"1,902",53,0.48%,0.51%,"2,883",94,0.51%,0.62%,8.88%,6.56%,38,0,2.00%,0.00%,"151,62 €","0,00 €",10,0
B07JWG12BV,B07JWG12BV,Arcos Riviera Set 3 Cuchillos Forjados Acero Inoxidable Nitrum,807710_,169,3,0.04%,0.03%,260,5,0.05%,0.03%,72.08%,0.00%,10,0,5.92%,0.00%,"699,90 €","0,00 €",10,0
B07M8DDJ9B,B07M8DDJ9B,"WINS– Ambientador Lavanda Concentrado | Perfume Intenso y Duradero para Hogar, Oficinas y Espacios Comunes | Aroma Natural Relajante | Garrafa 5L | 100% Made in Spain",WINS008,330,25,0.08%,0.24%,433,37,0.08%,0.24%,15.68%,9.09%,11,4,3.33%,16.00%,"196,44 €","71,33 €",10,3
B08M99RZRV,B08M99RZRV,Arcos | Cuchillo Jamonero Cuchillo deshuesador | 2 Uds | Set cuchillos jamoneros 250 mm y cuchillo deshuesador (140 mm) jamonero profesional | cuchillo carnicero profesional | Eco,703800,298,9,0.07%,0.09%,401,10,0.07%,0.07%,100.00%,100.00%,10,1,3.36%,11.11%,"400,56 €","39,99 €",10,1
B0CQ5G2HVQ,B09T6KZ499,"Arcos Sarten Antiadherente 32 cm - Aluminio Forjado, Full Induction, Mango Acero Inoxidable Efecto Frío, Apta Lavavajillas, Ahorro Energético, Serie Samoa",716710,328,12,0.08%,0.12%,452,19,0.08%,0.13%,18.25%,50.00%,13,4,3.96%,33.33%,"644,35 €","199,80 €",10,2
B0CQ5G2HVQ,B09T9ZC38G,"Arcos Sarten Antiadherente 22 cm - Aluminio Forjado, Full Induction, Mango Acero Inoxidable Efecto Frío, Apta Lavavajillas, Ahorro Energético, Serie Samoa",716210,146,6,0.04%,0.06%,207,10,0.04%,0.07%,38.22%,12.50%,10,1,6.85%,16.67%,"324,90 €","32,49 €",10,1
B0CN13SJ98,B0CN13SJ98,"HENDI Expositor con cubierta deslizante roll-top, Doble",H871768,274,20,0.07%,0.19%,413,32,0.07%,0.21%,62.54%,44.44%,10,1,3.65%,5.00%,"477,50 €","47,75 €",10,1
B0DPLG5V7Q,B0DWN7MZ3R,CUPERINOX Vaso cafe - Tazas de Espresso de Cristal - - Vaso Cristal - 80ml (Set de 6) - Apto para Lavavajillas y Microondas - Aroma Series,26120_3packs,59,3,0.01%,0.03%,82,3,0.01%,0.02%,98.65%,100.00%,11,3,18.64%,100.00%,"196,90 €","53,98 €",10,2
B0FH9NPJ1K,B0FH9NPJ1K,VINFERMATON – Insecticida Cucarachas y Hormigas Antihormigas Instantáneo 600 ml | Spray Eliminador Insectos Rastreros Interior y Exterior | Acción Rápida Profesional | 100% MADE IN SPAIN (2),V0011_PACK2,202,5,0.05%,0.05%,284,7,0.05%,0.05%,94.74%,100.00%,12,0,5.94%,0.00%,"155,88 €","0,00 €",10,0
B00MDK1DM4,B00MDK1DM4,Arcos Latina Cuchillo de Cocina Acero Inoxidable 130 mm,100600_1pieza,77,1,0.02%,0.01%,129,1,0.02%,0.01%,94.39%,100.00%,19,0,24.68%,0.00%,"113,81 €","0,00 €",9,0
B06XB92VRH,B00YU2YTTM,CUPERINOX Cafetera Italiana Induccion Espresso Acero Inoxidable 4 Tazas,25032,391,15,0.10%,0.14%,532,19,0.09%,0.13%,57.98%,61.54%,9,0,2.30%,0.00%,"152,55 €","0,00 €",9,0
B0189HXS8Q,B015QGR3CK,Arcos Serie Navajas Profesionales - Navaja Profesional - Hoja Filo de Acero Inoxidable NITRUM de 85 mm - Navaja de Acero Inoxidable Color amarillo,485900_fba,751,25,0.19%,0.24%,"1,012",33,0.18%,0.22%,62.93%,82.35%,9,0,1.20%,0.00%,"65,37 €","0,00 €",9,0
B0752VKJ4B,B071LGMH3L,Arcos Set 3 Cuchillos Peladores Acero Inoxidable,189500_2,"1,391",17,0.35%,0.16%,"1,720",18,0.30%,0.12%,44.26%,0.00%,9,0,0.65%,0.00%,"96,75 €","0,00 €",9,0
B0FR444FLT,B07DQRFDMB,Arcos Manhattan Cuchillo Santoku Forjado Acero POM Negro 190 mm,161600_,262,5,0.07%,0.05%,420,8,0.07%,0.05%,75.81%,83.33%,9,0,3.44%,0.00%,"310,98 €","0,00 €",9,0
B0FQNZM34T,B0843QFQB7,Arcos Set Cuchillos 5 piezas Acero Inoxidable Nitrum. Cuchillo Cocina Profesional Afilado para Cortar Carne. Mango Ergonómico Polioximetileno POM. Serie Opera. Diseño Clásico. Color Negro.,227000,294,5,0.07%,0.05%,444,15,0.08%,0.10%,100.00%,100.00%,10,1,3.40%,20.00%,"1.386,62 €","138,90 €",9,1
B08VS4FCLN,B08BX3WTPP,"Arcos Juego Cuchillos Cocina cuchillo blanco cuchillos | cuchillos cocina Maitre | 4 piezas | Chef 215 mm, Cocina 150 mm, Verduras 100 mm Tijera cocina (Blanco)",152624_,193,8,0.05%,0.08%,297,8,0.05%,0.05%,100.00%,100.00%,9,1,4.66%,12.50%,"314,91 €","34,99 €",9,1
B08G8QCM5H,B08G8QCM5H,ARCOS cuchillo pelador | 6 PIEZAS | cuchillo de pelar | cuchillos pelar patatas | Hoja 100 mm | Negro | cuchillo arcos pelador Acero Inoxidable,816500_fbm,133,31,0.03%,0.30%,184,42,0.03%,0.28%,99.39%,100.00%,11,5,8.27%,16.13%,"208,85 €","94,91 €",9,4
B0CVH8PC99,B0CQRMMMR5,CUPERINOX Cuchillos Carne | Cuchillos Mesa | Cuchillos Chuleteros | 6 Piezas | Hoja Serrada | Mango Polipropileno | Acero Inoxidable | 11 cm,99901_6pzs,91,1,0.02%,0.01%,127,1,0.02%,0.01%,98.41%,100.00%,9,0,9.89%,0.00%,"89,91 €","0,00 €",9,0
B0F9TD2LTH,B0CS6V91GR,CUPERINOX® Cuchillos de Mesa con Mango de Madera – Set 6 Cuchillos para Carne con Filo Dentado – Estilo Palmadera tradicional – Aptos para Uso Diario,14015,"1,127",40,0.28%,0.38%,"1,724",65,0.31%,0.43%,99.23%,100.00%,10,2,0.89%,5.00%,"189,89 €","37,97 €",9,1
B0DKP7F29P,B0DJBZ5475,Arcos Serie Samoa Iconic | Sarten Antiadherente Cerámico 20 cm | Aluminio Forjado | Apta cualquier cocina | Mango Acero Inoxidable | Apta lavavajillas | Color Negro | LIBRE DE (PFOA/PTFE/PFOS),716122,176,0,0.04%,0.00%,225,0,0.04%,0.00%,64.22%,0.00%,9,0,5.11%,0.00%,"314,55 €","0,00 €",9,0
B0DKP7F29P,B0DJBZRDXV,Arcos Serie Samoa Iconic | Sarten Antiadherente Cerámico 24 cm | Aluminio Forjado | Apta cualquier cocina | Mango Acero Inoxidable | Apta lavavajillas | Color Negro | LIBRE DE (PFOA/PTFE/PFOS),716322,269,4,0.07%,0.04%,330,4,0.06%,0.03%,73.29%,100.00%,12,0,4.46%,0.00%,"479,40 €","0,00 €",9,0
B0DNNL2TZQ,B0DNNFGWNJ,"CUPERINOX Aceitera de Cristal Antigoteo para Aceite de Oliva, Resistente y Fácil de Limpiar Gourmet Oil Collection (500 Ml)",22023,551,25,0.14%,0.24%,787,35,0.14%,0.23%,99.86%,100.00%,9,0,1.63%,0.00%,"128,16 €","0,00 €",9,0
B0G4RSR32Y,B0G1ZPXPWR,"BIOLEAF – Quitagrasas,Desengrasante Cocina Pack 2×750 ml (1,5 L) – Antigrasa Potente Horno, Campana, Placa y Encimeras – Limpieza Profesional – Biodegradable – Sin Disruptores Endocrinos",2644,46,1,0.01%,0.01%,55,2,0.01%,0.01%,100.00%,100.00%,9,0,19.57%,0.00%,"89,91 €","0,00 €",9,0
B0G67DKSXN,B0G213X3HM,"BIOLEAF – Gel WC Antical Pack 2×750 ml (1,5 L) – Gel Espeso Acción Prolongada – Elimina Sarro y Cal – Limpieza Sanitaria Intensiva – Biodegradable – Sin Disruptores Endocrinos",2682,72,3,0.02%,0.03%,88,6,0.02%,0.04%,97.59%,50.00%,9,0,12.50%,0.00%,"89,91 €","0,00 €",9,0
B0CJDS7HN7,B00WUZT88I,ARCOS Mesa Tenedor Carne y Mesa Acero 18/10 Plata 200 mm,702100_1pieza,268,12,0.07%,0.12%,363,26,0.06%,0.17%,84.01%,100.00%,27,10,10.07%,83.33%,"101,26 €","37,51 €",8,2
B0H5FT852G,B0714CRSCQ,Arcos Cuchillo Mondador Negro 100 mm,150300,"1,276",29,0.32%,0.28%,"1,872",49,0.33%,0.32%,4.94%,0.00%,10,0,0.78%,0.00%,"99,50 €","0,00 €",8,0
B0C4DTYRJW,B071LGMMGV,Arcos Juego Cuchillos Cocina Profesionales| Cuchillos Cocina Profesional Set Cuchillos | Mango Negro (3 Piezas),862600,566,17,0.14%,0.16%,813,32,0.14%,0.21%,99.06%,100.00%,8,1,1.41%,5.88%,"319,92 €","39,99 €",8,1
B0H5FLX5H6,B07CBLHKLN,"HENDI Cartuchos de recarga de gas GLP para HENDI Cabezales de antorchas de cocina de llama continua 198247 y 198216, recambios para soplete, paquete de 4 unidades",H199039,24,2,0.01%,0.02%,36,2,0.01%,0.01%,100.00%,100.00%,11,4,45.83%,200.00%,"163,39 €","56,71 €",8,2
B07F9GQZCB,B07F9GQZCB,Arcos Cuchillo para Verduras de 4 Pulgadas con Hoja de 105mm en Acero Inoxidable y Mango de Madera. Cuchillo para Vegetales Apto para Lavavajillas. Serie Latina. Color Marrón,100500_fba,610,21,0.15%,0.20%,"1,013",39,0.18%,0.26%,86.24%,100.00%,8,0,1.31%,0.00%,"295,92 €","0,00 €",8,0
B07G76NW26,B07G76NW26,"Arcos Serie Cuchillos de Mesa Caja 12 uds Cuchillo Mesa, Hoja Serrada de Acero Inoxidable de 125 mm, Cuchillo Monoblock Acero Inoxidable Color plata (12 UDS)",460400_fbm,153,6,0.04%,0.06%,233,13,0.04%,0.09%,81.28%,100.00%,11,3,7.19%,50.00%,"482,47 €","124,47 €",8,1
B07JWM27F4,B07JWM27F4,Arcos Set Cuchillos Cocina Profesionales Forjados en Acero Inoxidable. Juego de 3 Cuchillos (Pelador 100 mm + Cocinero 150 mm + Cocinero 200 mm). Mango Ergonómico Rosa en Polioximetileno. Riviera Rose,855100,296,8,0.07%,0.08%,462,11,0.08%,0.07%,100.00%,100.00%,8,0,2.70%,0.00%,"599,92 €","0,00 €",8,0
B08PFX1GT8,B08PFX1GT8,WINS – Fregasuelos Magnolia 017 |Friegasuelos Limpiador Neutro para Suelos y Superficies | Garrafa 5L | Aroma Magnolia Suave y Duradero | Uso Diario Profesional | 100% Made in Spain,WINS017,60,8,0.01%,0.08%,78,9,0.01%,0.06%,94.12%,100.00%,9,3,15.00%,37.50%,"94,41 €","31,47 €",8,3
B08T5Z4HFS,B08QYQYZHS,"CUPERINOX Cubiertos para marisco | Pinzas para marisco | Tenazas para marisco | 12 Unidades | Cubiertos marisco (Cangrejo, Langosta, Ostras) | Tenedor de marisco con dos dientes inferiores y cuchara.",20023_12pzs,91,11,0.02%,0.11%,138,17,0.02%,0.11%,99.20%,100.00%,14,3,15.38%,27.27%,"265,83 €","56,94 €",8,3
B0B2RHJYHB,B0B2RHJYHB,"HENDI Cesta para Freír, 8L, 242x200x(H)140mm",H933664,60,8,0.01%,0.08%,94,11,0.02%,0.07%,45.88%,72.73%,12,3,20.00%,37.50%,"456,52 €","113,98 €",8,2
B0H41SWHYG,B0C2QFPLX9,FAMILIA VINCARE (MULTIUSOS INDIVIDUAL),MULTIUSOS750ML,113,4,0.03%,0.04%,137,5,0.02%,0.03%,96.97%,100.00%,9,0,7.96%,0.00%,"89,91 €","0,00 €",8,0
B0DNNL2TZQ,B0DNN57WC1,"CUPERINOX Aceitera de Cristal Antigoteo para Aceite de Oliva, Resistente y Fácil de Limpiar Gourmet Oil Collection (250 Ml)",22022,820,34,0.20%,0.33%,"1,126",53,0.20%,0.35%,100.00%,100.00%,8,0,0.98%,0.00%,"89,14 €","0,00 €",8,0
B0FDL3VP7W,B0FDL3VP7W,VINFERMATON – Insecticida Moscas y Mosquitos Perfume Limón Pack 3×300 ml | Spray Eliminador Insectos Voladores Interior y Exterior | Acción Inmediata Profesional | 100% MADE IN SPAIN,V000_PACK3,71,3,0.02%,0.03%,91,3,0.02%,0.02%,96.70%,100.00%,10,1,14.08%,33.33%,"119,48 €","11,57 €",8,1
B0G4RT6HMS,B0G1ZZYNX6,"BIOLEAF – Limpiacristales Pack 2×750 ml (1,5 L) – Sin Marcas ni Huellas – Brillo en Cristales, Espejos y Ventanas – Secado Rápido – Biodegradable – Sin Disruptores Endocrinos",2651,26,0,0.01%,0.00%,38,0,0.01%,0.00%,97.22%,0.00%,8,0,30.77%,0.00%,"79,92 €","0,00 €",8,0
B0G4SGJSBJ,B0G216DHWY,"BIOLEAF-Desincrustante Baño Antical Pack 2×750 ml (1,5 L) Elimina Cal, Marcas de Agua y Jabón – Ducha, Grifería, Azulejos y Mamparas - Limpieza Intensiva – Formato Ahorro – Sin Disruptores Endocrinos",2675,67,2,0.02%,0.02%,77,2,0.01%,0.01%,100.00%,100.00%,8,0,11.94%,0.00%,"79,92 €","0,00 €",8,0
B0F54LTCFF,B006LMX2EW,Arcos Universal Cuchillo Jamonero Acero Hoja Hueca Negro 280 mm,281901_,498,16,0.12%,0.15%,639,16,0.11%,0.11%,17.15%,20.00%,8,3,1.61%,18.75%,"183,81 €","65,97 €",7,2
B0F54LTCFF,B007TS67WG,Arcos Cuchillo Chef Acero Inoxidable 300 mm,280804,408,7,0.10%,0.07%,492,17,0.09%,0.11%,70.53%,84.62%,7,2,1.72%,28.57%,"203,09 €","54,34 €",7,2
B08XYZRKC4,B007TS6GWW,"ARCOS Juego de Cubiertos de 24 Piezas para Mesa. Cuberterí­a Completa para 6 Personas. Set de 6 Cucharas, 6 Cuchillos, 6 Tenedores y 6 Cucharas de Postre. Serie Toscana. Color Plata",572400,279,11,0.07%,0.11%,418,18,0.07%,0.12%,10.74%,100.00%,8,2,2.87%,18.18%,"547,91 €","127,97 €",7,1
B00I9XTKI8,B00I9XTKI8,ARCOS Taco Ovalado Protector de Cuchillos hasta 20 cm,794100_,754,12,0.19%,0.12%,"1,056",12,0.19%,0.08%,14.63%,0.00%,7,0,0.93%,0.00%,"181,93 €","0,00 €",7,0
B0189HXOXK,B017DLLFIO,Arcos Navaja Acero Inoxidable 85 mm,485300_fmb,129,4,0.03%,0.04%,176,6,0.03%,0.04%,95.24%,100.00%,13,6,10.08%,150.00%,"83,94 €","31,51 €",7,1
B07LD4MBMK,B07LD4MBMK,"HENDI Cubitera para Hielo, hielera, Recipiente para almacenar Cubitos de Hielo, BarUp, de Doble Pared, 10L, ø292x(h) 220mm, poliestireno, Blanco y Negro",H594759,165,25,0.04%,0.24%,218,36,0.04%,0.24%,87.56%,96.67%,12,8,7.27%,32.00%,"473,95 €","315,95 €",7,3
B0FR444FLT,B07N8Q63Z6,Arcos Brooklyn Cuchillo para Tomates Forjado Acero Inoxidable Nitrum 130 mm,192023_,282,6,0.07%,0.06%,345,12,0.06%,0.08%,91.84%,100.00%,7,2,2.48%,33.33%,"226,93 €","61,98 €",7,2
B0FR444FLT,B07N8VRS7L,Arcos Brooklyn Cuchillo Pelador Acero Inoxidable 100 mm,190123_,203,6,0.05%,0.06%,255,11,0.05%,0.07%,96.46%,100.00%,7,1,3.45%,16.67%,"199,44 €","28,50 €",7,1
B06XB92VRH,B07T6J5JWM,CUPERINOX Cafetera Italiana Induccion Espresso Acero Inoxidable 12 Tazas,25035_2,847,32,0.21%,0.31%,"1,264",45,0.22%,0.30%,99.91%,100.00%,7,0,0.83%,0.00%,"196,00 €","0,00 €",7,0
B0FR444FLT,B07YYDR6D8,Arcos Juego de Cuchillos de Cocina. 3 piezas de Acero Inoxidable forjado. Impresiona yorprencon cada corte. Mango Micarta azul. Serie Brooklyn. Color Azul.,858110,548,17,0.14%,0.16%,855,37,0.15%,0.24%,91.73%,96.55%,7,1,1.28%,5.88%,"706,93 €","100,99 €",7,1
B08ZNM265D,B08ZNM265D,Arcos | cuchillos de mesa cuchillo mesa tradicional | 6 Piezas cuchillo chuletero | mango nailon | Envase Eco | Fabricado en España,704400_fba,304,7,0.08%,0.07%,437,11,0.08%,0.07%,100.00%,100.00%,7,0,2.30%,0.00%,"188,93 €","0,00 €",7,0
B0CQ5G2HVQ,B09T9S9NZ4,"Arcos Sarten Antiadherente 24 cm - Aluminio Forjado, Full Induction, Mango Acero Inoxidable Efecto Frío, Apta Lavavajillas, Ahorro Energético, Serie Samoa",716310,211,8,0.05%,0.08%,316,12,0.06%,0.08%,43.36%,50.00%,7,0,3.32%,0.00%,"258,93 €","0,00 €",7,0
B09T9TSXHB,B09T9TSXHB,"Arcos Grill Antiadherente 28x28 cm - Aluminio Forjado, Full Induction, Mango Acero Inoxidable Efecto Frío, Ahorro Energético, Apta Lavavajillas, Serie Samoa",717410,73,4,0.02%,0.04%,107,5,0.02%,0.03%,80.22%,100.00%,7,1,9.59%,25.00%,"321,66 €","45,96 €",7,1
B0DKP7F29P,B0DJBXPR33,Arcos Serie Samoa Iconic | Sarten Antiadherente Cerámico 28 cm | Aluminio Forjado | Apta cualquier cocina | Mango Acero Inoxidable | Apta lavavajillas | Color Negro | LIBRE DE (PFOA/PTFE/PFOS),716522,226,7,0.06%,0.07%,288,7,0.05%,0.05%,61.84%,100.00%,7,0,3.10%,0.00%,"349,65 €","0,00 €",7,0
B0DKP7F29P,B0DJC114YJ,"Arcos Serie Samoa Iconic | Cacerola Antiadherente Cerámico 24 cm y 4,3 L | Aluminio Forjado | Apta cualquier cocina | Mango Acero Inoxidable | Color Beige | LIBRE DE (PFOA/PTFE/PFOS)",717024,406,9,0.10%,0.09%,551,10,0.10%,0.07%,68.15%,55.56%,7,2,1.72%,22.22%,"440,44 €","125,84 €",7,2
B0DNNKT1W2,B0DNNJCHQP,"Cuperinox-Tetera de Cristal con Infusor para Té e Infusiones, Resistente al Calor y Compatible con Microondas ** - Infusion Prestige Collection (950 ml)",26113,150,2,0.04%,0.02%,198,3,0.04%,0.02%,98.94%,100.00%,7,1,4.67%,50.00%,"137,93 €","19,99 €",7,1
B0DQV6381X,B0DQDQ1DB8,CUPERINOX Jamonero | Jamonero Giratorio | Tabla Cortar Jamon | Jamoneros Profesional | Jamonero Plegable | Tabla Jamon | Cortador de Jamon,SC_20270,246,4,0.06%,0.04%,385,4,0.07%,0.03%,100.00%,100.00%,7,0,2.85%,0.00%,"241,23 €","0,00 €",7,0
B0FBRQYHVM,B0FBRNCHGJ,"CUPERINOX® Ventilador Portátil Silencioso y Recargable con Power Bank 20000mAh, +50H de batería – Ventilador de Mesa USB con Mando, Luz LED y 4 Velocidades – Ideal para Dormir, Camping y Hogar.",27000,168,3,0.04%,0.03%,295,10,0.05%,0.07%,97.99%,100.00%,7,1,4.17%,33.33%,"414,38 €","54,44 €",7,1
B0DKP7F29P,B0FS81RDVL,"Arcos Sartén Samoa Inox 24 cm, Acero inoxidable tricapa sin PFAS",726300,811,10,0.20%,0.10%,"1,162",17,0.21%,0.11%,53.08%,100.00%,7,0,0.86%,0.00%,"265,65 €","0,00 €",7,0
B0HC7F5CCG,B0H2DJMJ4G,Vinagre de Limpieza | 2 Litros | Aroma Manzana,LAGARRAFIRA_VINAGRE-LIMPIEZA,32,1,0.01%,0.01%,55,1,0.01%,0.01%,98.11%,0.00%,7,0,21.88%,0.00%,"55,93 €","0,00 €",7,0
B0F54LTCFF,B0044R87UA,Arcos Cuchillo Jamonero con Alveolos Acero Inoxidable 240mm,281801_,"1,093",22,0.27%,0.21%,"1,582",32,0.28%,0.21%,2.15%,5.88%,6,2,0.55%,9.09%,"118,99 €","39,39 €",6,2
B005LR65BK,B005LR65BK,Arcos Cuchillo Negro 100 mm,230200_,790,18,0.20%,0.17%,"1,197",22,0.21%,0.15%,13.15%,5.88%,6,0,0.76%,0.00%,"120,60 €","0,00 €",6,0
B08L8MV8XD,B005LR72SK,Arcos Juego de Cuchillos con Bloque Acero Inoxidable 6 piezas,136100_,"2,874",40,0.72%,0.38%,"4,255",50,0.75%,0.33%,2.96%,5.88%,17,12,0.59%,30.00%,"790,31 €","557,86 €",6,1
B005LR749W,B005LR749W,"ARCOS Juego de Cubiertos de 24 Piezas para Mesa. Cuberterí­a Completa para 6 Personas. Set de 6 Cucharas, 6 Cuchillos, 6 Tenedores y 6 Cucharas de Postre. Serie Berlí­n. Color Plata",562400_fbm,224,11,0.06%,0.11%,326,12,0.06%,0.08%,97.16%,100.00%,10,0,4.46%,0.00%,"859,90 €","0,00 €",6,0
B017HKS3Q8,B005LRSICO,ARCOS Soporte Magnético para Cuchillos PVC Acero y ABS 450x45 mm,692600_us,64,3,0.02%,0.03%,111,7,0.02%,0.05%,68.00%,0.00%,7,0,10.94%,0.00%,"153,93 €","0,00 €",6,0
B08J488ZQG,B007TS6GP4,Arcos Juego de 6 Cuchillos de Mesa Chuleteros Acero Inoxidable 110 mm,815600--,721,20,0.18%,0.19%,988,33,0.17%,0.22%,28.51%,50.00%,9,0,1.25%,0.00%,"242,91 €","0,00 €",6,0
B0B3F4QXML,B008U6TDTK,Arcos Serie Clasica - Juego de Cuchillos de 5 piezas en Caja de Regalo (5 Cuchillos) - Hoja de Acero Inoxidable Forjado NITRUM - Mando de Polioximetileno (POM) - Bloque de madera color marrón acabado lacado,257000_2,925,27,0.23%,0.26%,"1,348",40,0.24%,0.26%,98.57%,100.00%,6,0,0.65%,0.00%,"855,44 €","0,00 €",6,0
B017HKRCGK,B00BHZPGHO,ARCOS Bolsa Portacuchillos para 17 Piezas Poliéster Negra,691400_,290,6,0.07%,0.06%,393,6,0.07%,0.04%,67.04%,40.00%,6,1,2.07%,16.67%,"280,71 €","44,99 €",6,1
B00BHZPHOG,B00BHZPHOG,Arcos Riviera Blanc Cuchillo Panero Acero Inoxidable Nitrum 200 mm,231324_,139,4,0.03%,0.04%,205,6,0.04%,0.04%,29.35%,50.00%,6,0,4.32%,0.00%,"179,40 €","0,00 €",6,0
B08M7BMR2S,B00I9XTLSC,ARCOS Afilador Profesional Manual Cerámica y Carbono Rojo-Negro,610600,"5,236",105,1.31%,1.01%,"7,957",154,1.41%,1.02%,0.22%,0.00%,6,0,0.11%,0.00%,"69,19 €","0,00 €",6,0
B0G39WX9ZQ,B00MDK1EBE,"Arcos Cuchillo Utilitario Acero Inoxidable Nitrum 5""",100600_fbm,605,4,0.15%,0.04%,951,7,0.17%,0.05%,18.59%,0.00%,12,0,1.98%,0.00%,"71,88 €","0,00 €",6,0
B00VRZ3BMG,B00VRZ3BMG,Arcos Tijeras Costura Acero Forjado 140 mm - Uso Doméstico y Profesional - Niqueladas Plata - Serie Style,502300_,42,1,0.01%,0.01%,62,1,0.01%,0.01%,98.11%,0.00%,6,0,14.29%,0.00%,"65,94 €","0,00 €",6,0
B017HKSR4G,B00WUZRKJW,Arcos Cuchillos de Mesa - Hoja de Acero Inoxidable Nitrum 110 mm - Mango Ergonómico de Polipropileno - Ideal para Comedor - Color Crema - Serie Elegance,802900,202,4,0.05%,0.04%,307,5,0.05%,0.03%,95.17%,100.00%,16,0,7.92%,0.00%,"55,84 €","0,00 €",6,0
B0GH9GNJ86,B017DLM9SY,Arcos Serie Toscana - Juego de Cucharas de Mesa (3 cucharas) - Monoblock de una pieza en Acero Inoxidable 18/10 y 180 mm - Color Plata,574400_,89,0,0.02%,0.00%,132,0,0.02%,0.00%,90.40%,0.00%,7,0,7.87%,0.00%,"55,93 €","0,00 €",6,0
B075ZWHQLQ,B075ZWHQLQ,Wins - Desengrasante Limpiador Profesional 001 - Garrafa 5L,WINS001,41,4,0.01%,0.04%,56,6,0.01%,0.04%,53.06%,100.00%,9,2,21.95%,50.00%,"120,50 €","26,77 €",6,1
B07878SB8W,B07878SB8W,WINS – Fregasuelos Limpiador Amoniacal Pino 018 | Garrafa 5 L | Friegasuelos Perfumado para Suelos y Superficies Lavables | Uso General | 100% Made in Spain,WINS018,60,6,0.01%,0.06%,76,6,0.01%,0.04%,65.71%,100.00%,6,1,10.00%,16.67%,"77,55 €","12,89 €",6,1
B0788NF7BS,B0788NF7BS,WINS – Lavavajillas Manual 003 | Garrafa 5 L | Detergente Concentrado para Lavado Manual de Vajilla y Utensilios de Cocina | Uso Profesional y Doméstico | 100% Made in Spain,WINS003,80,6,0.02%,0.06%,103,11,0.02%,0.07%,13.54%,88.89%,12,12,15.00%,200.00%,"156,74 €","156,74 €",6,6
B078KJ1T6G,B078JPWR5J,"Arcos 807600 Juego de Cuchillos, Acero Inoxidable, Blanco, 45x20x5 cm, 3 Unidades",807600_,649,20,0.16%,0.19%,749,21,0.13%,0.14%,97.67%,100.00%,6,2,0.92%,10.00%,"409,94 €","129,98 €",6,2
B07DC711NK,B07DC711NK,"HENDI Batidora de Mano, Carcasa de ABS, Brazo Batidor de Acero Inoxidable, Cuchillas cruzadas con Revestimiento de Titanio, 6 Velocidades, Pantalla LCD, 250W, 230V, Procesa de 1-8 Litros, ø71x(H)444mm",H222157,139,27,0.03%,0.26%,200,39,0.04%,0.26%,93.75%,86.67%,6,4,4.32%,14.81%,"642,88 €","428,60 €",6,4
B0FR444FLT,B07DC9LM3W,"Arcos Cuchillo Panadero Profesional - Hoja Silk Edge 200 mm en Acero Inoxidable Nitrum, Corte Preciso y Duradero, Ideal para Pan y Pasteles, Diseño Elegante y Seguro, Serie Manhattan",161300_,131,6,0.03%,0.06%,177,7,0.03%,0.05%,50.58%,100.00%,6,0,4.58%,0.00%,"191,94 €","0,00 €",6,0
B07NDTGSY3,B07NDTGSY3,Arcos Serie Brooklyn - Cuchillo Rocking Santoku Cuchillo Asiático - Hoja de Acero Inoxidable Forjado NITRUM 190 mm - Mango de Micarta Color Azul (Filo Seda),191623_fbm,174,3,0.04%,0.03%,261,9,0.05%,0.06%,83.19%,100.00%,6,1,3.45%,33.33%,"254,74 €","40,99 €",6,1
B07ZJ8ZJ93,B07ZJ8ZJ93,Arcos Set Jamonero Profesional Acero Inoxidable 3 Piezas,859400_us,219,10,0.05%,0.10%,296,10,0.05%,0.07%,85.16%,50.00%,6,0,2.74%,0.00%,"179,94 €","0,00 €",6,0
B09NT4VRN7,B0812BKN39,Arcos Juego de Cuchillos Mondadores de 3 Piezas,859800_barras_arcos,"29,169",461,7.29%,4.42%,"37,437",664,6.63%,4.38%,0.15%,0.51%,6,0,0.02%,0.00%,"61,50 €","0,00 €",6,0
B08T5Z4HFS,B08QYQYZHS,"CUPERINOX Cubiertos para marisco | Pinzas para marisco | Tenazas para marisco | 12 Unidades | Cubiertos marisco (Cangrejo, Langosta, Ostras) | Tenedor de marisco con dos dientes inferiores y cuchara.",20023_12FBA,91,11,0.02%,0.11%,138,17,0.02%,0.11%,99.20%,100.00%,7,1,7.69%,9.09%,"132,92 €","18,98 €",6,1
B08Y8NS7PN,B08XZ8X815,"Arcos serie Maitre - juego de Cuchillos, 2 Pza, Cuchillo Cocina Profesional 150mm + Cuchillo universal 100mm, Acero Inoxidable, Rosa, Eco",814600_fmb,88,3,0.02%,0.03%,122,3,0.02%,0.02%,94.02%,100.00%,9,3,10.23%,100.00%,"161,92 €","53,98 €",6,1
B09KJLG7BT,B098TFPYLY,CUPERINOX Jamonero profesional Gondola | tabla jamon | Cuchillo Jamonero Alveolos Acero Inox + Cubre Jamón Universal | Set cortar jamón (3 PZAS) | Sujeta jamones | tabla jamonero,20228FBM,147,2,0.04%,0.02%,213,6,0.04%,0.04%,99.50%,100.00%,8,2,5.44%,100.00%,"279,92 €","69,98 €",6,2
B09MRYLZ4M,B09MRYLZ4M,Arcos Juego de Cuchillos de Cocina de 3 Piezas,167100_us,"1,582",20,0.40%,0.19%,"2,212",21,0.39%,0.14%,5.64%,6.25%,6,0,0.38%,0.00%,"413,40 €","0,00 €",6,0
B0CRDY65RY,B09T9QCL8D,"Arcos Cazuela Antiadherente de 24 cm y 4,3 L | Aluminio Forjado | Adecuada para cualquier cocina | Mangos de Acero Inoxidable con Efecto Frío | Color Negro | Inducción completa. Serie Ollas Samoa",717010,258,1,0.06%,0.01%,354,1,0.06%,0.01%,50.15%,0.00%,6,0,2.33%,0.00%,"287,70 €","0,00 €",6,0
B0FWK4CNH3,B0B42QTHTP,CUPERINOX | Tijeras de pescado 18 cm | Tijeras Cocina | tijeras de cocinero profesional para aves pescado carne caza| Accesorios de cocina,21991_,44,5,0.01%,0.05%,66,14,0.01%,0.09%,100.00%,100.00%,7,0,15.91%,0.00%,"43,86 €","0,00 €",6,0
B0C5X757TS,B0C5X757TS,Arcos Serie Lisboa - Cubertería de 24 piezas en Caja de Regalo (6 Cuchillos + 12 Cucharas + 6 Tenedores) - Monoblock de una pieza en Acero Inoxidable - Color Plata,597400,209,3,0.05%,0.03%,314,5,0.06%,0.03%,90.84%,100.00%,6,0,2.87%,0.00%,"539,94 €","0,00 €",6,0
B0CZXS1ZHN,B0CZXS1ZHN,"HENDI Olla de hierro fundido con 3 patas, caldero tipo potjie sudafricano, con tapa y asa, para fuego abierto y horno, 6L, ⌀245x(H)280mm",H629291,520,13,0.13%,0.12%,763,15,0.14%,0.10%,91.22%,70.00%,6,0,1.15%,0.00%,"358,50 €","0,00 €",6,0
B0DB2647JX,B0DB2647JX,Repelente de insectos VINFERMATON | Mosquitos y garrapatas | 0% DEET | Apto para niños 1 año | Protección 8 horas,V501100,55,2,0.01%,0.02%,71,4,0.01%,0.03%,98.51%,100.00%,6,0,10.91%,0.00%,"50,94 €","0,00 €",6,0
B0DKP7F29P,B0DJBYB7XQ,"Arcos Serie Samoa Iconic | Cazo Antiadherente Cerámico 16 cm y 1,5 L | Aluminio Forjado | Apta cualquier cocina | Mango Acero Inoxidable | Color Beige | LIBRE DE (PFOA/PTFE/PFOS)",717224,207,4,0.05%,0.04%,234,4,0.04%,0.03%,79.22%,100.00%,6,0,2.90%,0.00%,"200,70 €","0,00 €",6,0
B0DNNKT1W2,B0DNNJCHQP,"Cuperinox-Tetera de Cristal con Infusor para Té e Infusiones, Resistente al Calor y Compatible con Microondas ** - Infusion Prestige Collection (950 ml)",26113_,150,2,0.04%,0.02%,198,3,0.04%,0.02%,98.94%,100.00%,6,1,4.00%,50.00%,"116,47 €","16,52 €",6,1
B0DPKXM18X,B0DNQX2BZN,"CUPERINOX Soporte Jamonero Plegable | Jamonero Giratorio | Jamonero de Bambú con Cuchillo Profesional, Afilador y Funda para Jamón | Elite Collection",20270_,230,12,0.06%,0.12%,287,17,0.05%,0.11%,97.43%,100.00%,6,0,2.61%,0.00%,"289,94 €","0,00 €",6,0
B0H41SWHYG,B0FDKY2RXG,VINCARE Pack Limpieza Infantil – Detergente Biberones + Multiusos + Quitamanchas – Limpieza Segura para el Entorno del Bebé- 100% MADE IN SPAIN,PACK VINCARE,86,2,0.02%,0.02%,113,2,0.02%,0.01%,99.03%,100.00%,6,0,6.98%,0.00%,"87,34 €","0,00 €",6,0
B0FGDJJ12N,B0FGDJJ12N,VINFERMATON – Insecticida Avispas y Nidos Exterior 600 ml | Válvula Largo Alcance hasta 4 m | Acción Profesional Inmediata | 100% MADE IN SPAIN,V0020,89,2,0.02%,0.02%,106,2,0.02%,0.01%,71.43%,0.00%,8,0,8.99%,0.00%,"96,12 €","0,00 €",6,0
B0G2CMBY2N,B0G2CMBY2N,Ambientador Marino superconcentrado. 5 litros con solo 250 ml. Ahorro Total,WC009,86,4,0.02%,0.04%,103,5,0.02%,0.03%,98.96%,100.00%,6,1,6.98%,25.00%,"77,95 €","13,00 €",6,1
B0GT53T29T,B0GT53T29T,Alcohol de Limpieza 75% | 2 Litros | Aroma Floral,LAGARRAFITA_ALCOHOLIMP,29,1,0.01%,0.01%,42,1,0.01%,0.01%,100.00%,100.00%,7,0,24.14%,0.00%,"69,93 €","0,00 €",6,0
B0H2GDTT31,B005LR6C7C,Arcos Cuchillo Cocina Acero Inoxidable Negro 180 mm,233500_,"1,215",28,0.30%,0.27%,"1,717",33,0.30%,0.22%,2.88%,6.67%,5,0,0.41%,0.00%,"175,53 €","0,00 €",5,0
B0752SPHL9,B005LR6WW2,Arcos Juego de Cuchillos de Cocina de 5 Piezas,152100_us,"1,176",21,0.29%,0.20%,"1,847",30,0.33%,0.20%,4.75%,0.00%,5,1,0.43%,4.76%,"309,40 €","61,88 €",5,1
B00BQU0FB2,B00BQU0FB2,"HENDI Filtros de papel para cafetera de goteo, 1000 unidades, desechables, papel de filtro de café, ⌀245x(H)62mm, blanco",H208656,16,4,0.00%,0.04%,23,6,0.00%,0.04%,90.48%,100.00%,6,6,37.50%,150.00%,"250,49 €","250,49 €",5,5
B0GYL1GW2S,B017DLDM3A,Arcos Cuchillo Mondador Madera 65 mm,100100_us,514,10,0.13%,0.10%,761,21,0.13%,0.14%,15.43%,0.00%,6,0,1.17%,0.00%,"32,94 €","0,00 €",5,0
B017DLH9RA,B017DLH9RA,ARCOS Cuchillo Abre Ostras Acero Inoxidable 60 mm,227200_us,62,2,0.02%,0.02%,89,3,0.02%,0.02%,90.80%,100.00%,5,1,8.06%,50.00%,"39,95 €","7,99 €",5,1
B017DLLFES,B017DLLFES,"Arcos Navaja Profesional de Acero Inoxidable Nitrum, Hoja 85 mm, Mango de Polipropileno, Serie Navajas Profesionales, Alta Durabilidad y Rendimiento",485700_fba,248,9,0.06%,0.09%,388,13,0.07%,0.09%,9.01%,100.00%,5,0,2.02%,0.00%,"37,45 €","0,00 €",5,0
B0937XXT33,B01CQT1B5U,"Arcos Cuchillos de Mesa Juego de Cuchillos Chuleteros Cuchillos de Mesa, Monoblock de una pieza de Acero Inoxidable 110 mm, Color Plata (12 uds)",702000,507,19,0.13%,0.18%,782,42,0.14%,0.28%,55.09%,81.48%,5,0,0.99%,0.00%,"239,95 €","0,00 €",5,0
B071VT3MC3,B071VT3MC3,"Arcos Tijeras Manicura Curva de Acero Forjado, Uso Profesional y Doméstico, 102 mm, Niqueladas en Plata, Serie Style",500600_,36,0,0.01%,0.00%,54,0,0.01%,0.00%,83.33%,0.00%,5,0,13.89%,0.00%,"54,95 €","0,00 €",5,0
B0F1N351DY,B073V3CYRF,Arcos Cuchillo Mondador de 4 Pulgadas con Hoja de 100mm en Acero Inoxidable y Mango de Polipropileno. Cuchillos de Cocina para Pelar Apto para Lavavajillas. Serie Nova. Color Turquesa,188632_,344,4,0.09%,0.04%,390,4,0.07%,0.03%,98.19%,100.00%,7,0,2.03%,0.00%,"36,68 €","0,00 €",5,0
B0788P3W3W,B0788P3W3W,WINS – Abrillantador Máquinas Lavavajillas Profesional 013 | Garrafa 5 L | Secado Rápido y Brillo sin Marcas en Vajilla | Uso Profesional | 100% Made in Spain,WINS013_5L,31,3,0.01%,0.03%,46,4,0.01%,0.03%,59.46%,100.00%,5,3,16.13%,100.00%,"81,97 €","49,02 €",5,3
B07D94F6NS,B07D94F6NS,"HENDI Recipiente Gastronorm GN 1/1, Budget Line, resistencia térmica -40 °C a 250 °C, apto para horno y baño maría, 9L, 530x325x(H) 65mm, acero inoxidable",H800126,30,8,0.01%,0.08%,50,12,0.01%,0.08%,100.00%,100.00%,12,10,40.00%,125.00%,"191,64 €","159,48 €",5,3
B07G79KCFK,B07G79KCFK,"Arcos Cuchillos de Mesa Caja de 12 uds Cuchillo Chuletero Cuchillo de Mesa, Hoja de Acero Inoxidable NITRUM 105 mm, Mango de Nylon, Color Marrón (12 uds)",803800_,245,9,0.06%,0.09%,402,11,0.07%,0.07%,37.75%,100.00%,6,2,2.45%,22.22%,"241,26 €","79,98 €",5,1
B0FR444FLT,B07N8TNDRV,Arcos Brooklyn Cuchillo Chef Forjado Acero Inoxidable 150 mm,190423_,164,5,0.04%,0.05%,199,10,0.04%,0.07%,91.96%,100.00%,5,1,3.05%,20.00%,"199,95 €","39,99 €",5,1
B07N8W7718,B07N8W7718,Arcos Cuchillo Chef Forjado Acero Inoxidable Tamaño. Mango Profesional Micarta y BorSeda Especial con Hoja Plateada 250 mm. Impresiona yorprencon Cada Corte. Serie Brooklyn. Color Azul.,190823_,190,4,0.05%,0.04%,283,7,0.05%,0.05%,92.80%,100.00%,5,1,2.63%,25.00%,"264,95 €","52,99 €",5,1
B0FR444FLT,B07N8W79GH,Arcos Manhattan Cuchillo Tallado Acero Inoxidable Nitrum 300 mm,162300_,60,3,0.01%,0.03%,86,4,0.02%,0.03%,87.80%,100.00%,6,0,10.00%,0.00%,"222,55 €","0,00 €",5,0
B07NDV5T2F,B07NDV5T2F,Arcos Serie Brooklyn - Cuchillo Cocinero - Hoja de Acero Inoxidable Forjado NITRUM 210 mm - Mango de Micarta Color Azul (Filo Seda),190623_fbm,90,1,0.02%,0.01%,163,2,0.03%,0.01%,96.27%,100.00%,5,0,5.56%,0.00%,"229,95 €","0,00 €",5,0
B08G8QCM5H,B08G8QCM5H,ARCOS cuchillo pelador | 6 PIEZAS | cuchillo de pelar | cuchillos pelar patatas | Hoja 100 mm | Negro | cuchillo arcos pelador Acero Inoxidable,816500,133,31,0.03%,0.30%,184,42,0.03%,0.28%,99.39%,100.00%,5,1,3.76%,3.23%,"94,94 €","18,98 €",5,1
B08NW1VQRT,B08NW1VQRT,CUPERINOX Navaja para Setas y Champiñones | Acero Inoxidable | Con Cepillo y Funda Incluida | Micológica,PE2181,152,4,0.04%,0.04%,220,6,0.04%,0.04%,100.00%,100.00%,6,2,3.95%,50.00%,"62,94 €","20,98 €",5,1
B08VS4FCLN,B09HHGVG2N,"Arcos Juego Cuchillos Cocina cuchillos | Cuchillo profesional | 6 piezas | Chef 215 mm + Cocina 150 mm, Verduras 100 mm + Tijera cocina + Pelador de fruta y verdura + Pinza para pescado",854200fbm,125,4,0.03%,0.04%,186,4,0.03%,0.03%,99.44%,100.00%,5,0,4.00%,0.00%,"219,95 €","0,00 €",5,0
B0CQ5G2HVQ,B09T6L1FNG,"Arcos Sarten Antiadherente 20 cm - Aluminio Forjado, Full Induction, Mango Acero Inoxidable Efecto Frío, Apta Lavavajillas, Ahorro Energético, Serie Samoa, Negro",716110,25,1,0.01%,0.01%,35,1,0.01%,0.01%,97.06%,100.00%,5,1,20.00%,100.00%,"152,45 €","30,49 €",5,1
B09TP1PTLN,B09TP1PTLN,"HENDI Bolsa para Carro de Lavandería, 845x600x(H) 625mm",H691090,113,20,0.03%,0.19%,157,33,0.03%,0.22%,70.42%,39.29%,6,1,5.31%,5.00%,"209,69 €","34,94 €",5,1
B08VRP7CR7,B09XMVTWLT,Arcos Juego Cuchillos Carne | 6 Piezas | Cuchillos Carne Cuchillo chuleteros | Cubiertos Acero Inoxidable | Hoja 110 mm | Mango Redondo y Forma Ovalada | monobock | Caja Envase Ecológico (Filo Liso),830000,198,11,0.05%,0.11%,334,18,0.06%,0.12%,100.00%,100.00%,6,2,3.03%,18.18%,"197,93 €","65,97 €",5,1
B0C49W65HD,B0C49W65HD,Arcos Serie Nordika - Cuchillo Tomatero - Acero Inoxidable NITRUM - Hoja de 130 mm - Mango de Madera Ovengkol 100% natural de bosques certificados FSC® - Embalaje 100% reciclado,165100,48,1,0.01%,0.01%,71,3,0.01%,0.02%,78.13%,33.33%,8,5,16.67%,500.00%,"215,58 €","134,73 €",5,2
B0C5XR2TFF,B0C5XR2TFF,Arcos Serie Thera | Sarten Antiadherente 22 cm | Aluminio Fundido | Apta cualquier cocina | Mango Ergonómico Plástico y Silicona | Sistema ahorro energético | Apta lavavajillas | Color Negro y Azul,719800,54,0,0.01%,0.00%,75,0,0.01%,0.00%,100.00%,0.00%,5,0,9.26%,0.00%,"149,95 €","0,00 €",5,0
B0DKP7F29P,B0DJBZ635J,"Arcos Serie Samoa Iconic | Cacerola Antiadherente Cerámico 20 cm y 2,6 L | Aluminio Forjado | Apta cualquier cocina | Mango Acero Inoxidable | Color Beige | LIBRE DE (PFOA/PTFE/PFOS)",716924,583,7,0.15%,0.07%,831,9,0.15%,0.06%,56.20%,100.00%,5,0,0.86%,0.00%,"269,75 €","0,00 €",5,0
B0F9X4NXL3,B0F9GJRSSJ,"CUPERINOX Cuchillos Mesa, cuchillo carne, cuchillo mantequilla, Set 6 piezas, acero inoxidable, hoja con filo y sierra, cuchillo untar. Apto lavavajillas. Mango ergonomico",20043_6,119,1,0.03%,0.01%,139,1,0.02%,0.01%,99.26%,100.00%,5,0,4.20%,0.00%,"49,95 €","0,00 €",5,0
B0DKP7F29P,B0FS7W73G1,"Arcos Sartén Samoa Inox 28 cm, Acero inoxidable tricapa sin antiadherente",726500,281,3,0.07%,0.03%,365,3,0.06%,0.02%,59.48%,100.00%,5,0,1.78%,0.00%,"236,29 €","0,00 €",5,0
B0DKP7F29P,B0FS7XQ88Z,"Arcos Sartén Samoa Inox 30 cm, Acero inoxidable tricapa sin PFAS",726600,106,3,0.03%,0.03%,146,4,0.03%,0.03%,68.79%,50.00%,5,0,4.72%,0.00%,"259,75 €","0,00 €",5,0
B0G4S268RT,B0G25TRTV6,BIOLEAF – Lavavajillas Pack 8×750 ml (6 L) | Potente contra Grasa Difícil | Vajilla Brillante Sin Residuos | Biodegradable y Dermatológicamente Testado,3764,49,0,0.01%,0.00%,62,0,0.01%,0.00%,94.64%,0.00%,5,0,10.20%,0.00%,"134,95 €","0,00 €",5,0
B0H9SL9KYG,B0H9LG4CSJ,"CUPERINOX 24 Tuppers de Vidrio Herméticos, 3 Formas, sin BPA, Meal Prep",28009,181,1,0.05%,0.01%,208,1,0.04%,0.01%,100.00%,100.00%,5,0,2.76%,0.00%,"299,95 €","0,00 €",5,0
B0F54LTCFF,B0044R87I2,Arcos Conjunto Cuchillos 4 piezas (3 Cuchillos + 1 tijeras). Acero Inoxidable y Hoja mm. 1670 gr. Bloque madera pino. Mango ergonómico polioximetileno POM. Serie Universal. Mayor control. Color negro.,285000_us,102,3,0.03%,0.03%,147,3,0.03%,0.02%,98.53%,100.00%,4,0,3.92%,0.00%,"227,96 €","0,00 €",4,0
B0H2GBGWD4,B005LR6GE6,Arcos Cuchillo Cocinero Negro 250 mm,233700_,"1,036",14,0.26%,0.13%,"1,341",17,0.24%,0.11%,20.68%,6.67%,4,1,0.39%,7.14%,"173,34 €","42,99 €",4,1
B0752SPHL9,B005LR6W8Q,Arcos Maitre Set 5 Cuchillos Acero Inoxidable Nitrum,152000_,319,9,0.08%,0.09%,413,10,0.07%,0.07%,37.28%,87.50%,4,0,1.25%,0.00%,"247,96 €","0,00 €",4,0
B007093L9G,B007093L9G,"HENDI Pasta combustible, en botella, sin hollín y sin olor, tiempo de combustión ±3 horas, gel combustible, gel bioetanol, para calentar alimentos, para calientaplatos, chafing dish, 1L, 1 unidad",H195109,766,42,0.19%,0.40%,"1,140",59,0.20%,0.39%,1.97%,6.82%,8,2,1.04%,4.76%,"77,92 €","17,98 €",4,1
B08L8QY8T9,B007TS6GPE,"Arcos Juego de Cuchillos de Cocina cuatro piezas. 3 Cuchillos chef y 1 tijeras Acero Inoxidable y mango ergonómico polioximetileno para cortar carne, pescado y verduras. Serie Maitre. Color negro.",152600_fbm,"2,241",42,0.56%,0.40%,"3,077",58,0.54%,0.38%,3.27%,5.00%,4,0,0.18%,0.00%,"151,56 €","0,00 €",4,0
B07YM65C6J,B007TS6HMQ,ARCOS Pinza para Pescado Acero Inoxidable,605000_605010,709,19,0.18%,0.18%,998,34,0.18%,0.22%,60.57%,12.50%,4,0,0.56%,0.00%,"37,96 €","0,00 €",4,0
B0H2ZKZVS4,B007TS6HNK,ARCOS Corta Pizzas Acero Inoxidable 100 mm,614800_,212,17,0.05%,0.16%,274,23,0.05%,0.15%,10.16%,0.00%,4,1,1.89%,5.88%,"47,96 €","11,99 €",4,1
B0752X1ZCK,B009KPKG8M,Arcos Cuchillos de Mesa - Cuchillo Chuletero Cuchillo de Mesa - Hoja de Acero Inoxidable NITRUM 110 mm - Mango de Nylon - Color Negro,803000_1-Pieza,389,10,0.10%,0.10%,480,11,0.09%,0.07%,75.22%,100.00%,31,0,7.97%,0.00%,"116,25 €","0,00 €",4,0
B017HKSTCQ,B00CFN1M6Q,ARCOS Tijeras de Cocina Multiusos 200 mm,809700_,"3,071",93,0.77%,0.89%,"4,547",136,0.81%,0.90%,1.45%,1.98%,5,1,0.16%,1.08%,"59,73 €","11,89 €",4,1
B00CWZQJZG,B00CWZQJZG,"Arcos Cuchillos Mesa - Cuchillo Carne Mesa - Monobloque unaola pieza Acero Inoxidable 4"" - Color Plateado - Corta todo tipo carne conimplicidad y practicidad -erie Monobloque - Color Gris",702000_1pza_fba,72,1,0.02%,0.01%,112,1,0.02%,0.01%,65.35%,100.00%,14,0,19.44%,0.00%,"69,86 €","0,00 €",4,0
B00D3LC70Y,B00D3LC70Y,Arcos Tijeras Costura Castellana - Acero Forjado Niquelado 127 mm - Uso Doméstico y Profesional - Serie Style,502200,120,0,0.03%,0.00%,188,0,0.03%,0.00%,88.55%,0.00%,4,0,3.33%,0.00%,"41,96 €","0,00 €",4,0
B0752V8D5V,B00I9XTGJ6,ARCOS Taco Redondo Protector de Cuchillos Caucho Termoplástico 225 mm,794000,152,7,0.04%,0.07%,221,12,0.04%,0.08%,69.68%,100.00%,4,0,2.63%,0.00%,"99,96 €","0,00 €",4,0
B0H2G44JDB,B00J64GI70,Arcos Riviera Blanc Cuchillo Fileteador Forjado Acero Inoxidable 200 mm,233024_,90,0,0.02%,0.00%,126,0,0.02%,0.00%,68.38%,0.00%,4,0,4.44%,0.00%,"103,96 €","0,00 €",4,0
B0G39VSVBM,B00U2QWO1K,Arcos Latina Cuchillo Chuletero Acero Inoxidable 105 mm,100400_1pieza,125,3,0.03%,0.03%,173,3,0.03%,0.02%,95.81%,50.00%,12,0,9.60%,0.00%,"45,00 €","0,00 €",4,0
B00VRZ1YJI,B00VRZ1YJI,Arcos Tijeras Modista Acero Forjado 190 mm - Uso Doméstico y Profesional - Niqueladas Plata - Serie Style,504300,25,1,0.01%,0.01%,40,1,0.01%,0.01%,88.57%,100.00%,4,0,16.00%,0.00%,"56,19 €","0,00 €",4,0
B06XB92VRH,B00YU2ZS1A,CUPERINOX Cafetera Italiana Induccion Espresso Acero Inoxidable 6 Tazas,25033_,269,12,0.07%,0.12%,360,17,0.06%,0.11%,91.23%,92.86%,4,0,1.49%,0.00%,"71,60 €","0,00 €",4,0
B0189HXOXK,B017DLLFI4,Arcos Serie Navajas Profesionales - Navaja Profesional - Hoja Filo de Acero Inoxidable NITRUM de 85 mm - Navaja de Acero Inoxidable Color naranja,485329_fbm,196,11,0.05%,0.11%,254,12,0.04%,0.08%,93.78%,100.00%,5,0,2.55%,0.00%,"36,85 €","0,00 €",4,0
B0DN1W2FX7,B01DY48HAS,"HENDI Bolsas lisas para cocción sous-vide y envasado al vacío, 100 unidades, -20 °C a +110 °C, 300x200mm, 75µm, PA/PE, sin BPA",H970683,62,11,0.02%,0.11%,86,13,0.02%,0.09%,25.93%,27.27%,15,12,24.19%,109.09%,"277,34 €","221,87 €",4,2
B0752X1Z92,B01KZWSCSE,ARCOS Mochila para 9 Cuchillos de Cocina en Poliéster y PVC. Bolsa Portacuchillos Profesional para Almacenar y Transportar Utensilios de Cocina. 330 x 480 x 185 Mm. Color Negro,694900,117,5,0.03%,0.05%,177,22,0.03%,0.15%,79.87%,100.00%,4,0,3.42%,0.00%,"259,60 €","0,00 €",4,0
B0F5L5VJM5,B0719K21HP,Arcos Tenazas de Marisco Acero Inoxidable 185 mm,606400_,220,13,0.05%,0.12%,358,34,0.06%,0.22%,15.81%,0.00%,13,0,5.91%,0.00%,"259,87 €","0,00 €",4,0
B0788R5C2F,B0788R5C2F,Wins 019 Desincrustante Máquinas. Envase 5 L. Producto ácido para la eliminación de incrustaciones de cal y óxido en máquinas lavavajillas.,BM-7KH8-TWCU,32,4,0.01%,0.04%,46,5,0.01%,0.03%,80.95%,100.00%,4,0,12.50%,0.00%,"79,00 €","0,00 €",4,0
B079ZCF2G9,B079ZCF2G9,Arcos Nova Juego 6 Cuchillos Carne Serrados Nitrum Negro 110 mm,188900_fbm,201,4,0.05%,0.04%,301,5,0.05%,0.03%,21.17%,50.00%,5,0,2.49%,0.00%,"88,75 €","0,00 €",4,0
B088L4V9XQ,B07D2T8LLY,"HENDI Placa eutéctica de frío profesional, GN 1/1, para cajas térmicas, elemento refrigerante, acumulador de frío, bloque térmico, paquete de enfriamiento, placa de hielo, 530x325x(H)30mm, HDPE, azul",H707821,140,15,0.03%,0.14%,206,31,0.04%,0.20%,58.82%,78.57%,14,7,10.00%,46.67%,"447,87 €","223,94 €",4,2
B08PW517ZC,B07D5FFJ36,"HENDI Bandeja de Servicio Ovalada XL, Superficie Antideslizante, 735x600x(H) 31mm, Negro, Fibra de Vidrio y Goma",H508831,38,2,0.01%,0.02%,55,3,0.01%,0.02%,94.12%,75.00%,6,1,15.79%,50.00%,"301,58 €","49,99 €",4,1
B0D1CVPJXW,B07D75K6SP,"HENDI Colador cónico de malla fina, ⌀245x(H)210mm, longitud del mango 230mm, acero inoxidable",H647561,32,3,0.01%,0.03%,37,3,0.01%,0.02%,100.00%,100.00%,4,2,12.50%,66.67%,"145,00 €","72,50 €",4,2
B0CTCR3BC5,B07D8WH8HL,"HENDI Recipiente Gastronorm GN 1/1, Budget Line, resistencia térmica -40 °C a 250 °C, apto para horno y baño maría, 28L, 530x325x(H) 200mm, acero inoxidable",H800157,84,7,0.02%,0.07%,120,8,0.02%,0.05%,88.60%,71.43%,5,0,5.95%,0.00%,"166,00 €","0,00 €",4,0
B0FR444FLT,B07D8XC7NL,"Arcos Cuchillo Chef Forjado Acero Inoxidable NITRUM - Profesional Cocina, Mango Ergonómico POM Negro, Hoja Silk Edge 250 mm, Serie Manhattan",160800_,147,2,0.04%,0.02%,235,2,0.04%,0.01%,81.45%,100.00%,4,0,2.72%,0.00%,"179,96 €","0,00 €",4,0
B0FR444FLT,B07DFNDYFM,Arcos Cuchillo pescado Forgedole Acero Inoxidable forjado. Mango Micarta y borseda especial con Hoja plateada 190 mm. Serie Manhattan. Color negro. Impresiona yorprencon cada corte.,161400_,73,2,0.02%,0.02%,105,2,0.02%,0.01%,79.21%,100.00%,4,0,5.48%,0.00%,"103,96 €","0,00 €",4,0
B07F8Z6XL1,B07F8Z6XL1,VINFERMATÓN - Insecticida Matón Cucas Cucarachas y Hormigas Instantáneo 300ml,V101302,99,3,0.02%,0.03%,155,5,0.03%,0.03%,51.11%,50.00%,5,0,5.05%,0.00%,"39,45 €","0,00 €",4,0
B07JHPQGPW,B07JHPQGPW,Arcos Riviera Blanc Juego 3 Cuchillos Forjados POM Blanco,807610_,796,16,0.20%,0.15%,"1,100",18,0.19%,0.12%,15.85%,30.00%,4,0,0.50%,0.00%,"279,96 €","0,00 €",4,0
B0DN1WHKRN,B07MTQ5695,HENDI Batidora de Mano para Uso Profesional con Velocidad Ajustable,H222140,345,54,0.09%,0.52%,519,84,0.09%,0.55%,37.42%,42.86%,5,4,1.45%,7.41%,"790,69 €","630,94 €",4,3
B0FR444FLT,B07N8V34F1,"Arcos Cuchillo Santoku Acero Inoxidable Forjado con Balanceo, Mango Micarta y BorSeda Especial y Hoja Plateada 190 mm. Impresiona yorprencon Cada Corte. Serie Brooklyn. Color Azul.",191623_,161,3,0.04%,0.03%,212,4,0.04%,0.03%,86.89%,100.00%,4,0,2.48%,0.00%,"179,96 €","0,00 €",4,0
B0FR444FLT,B07N8VCFRY,Arcos Brooklyn Cuchillo Panero Acero Inoxidable Nitrum 200 mm,191323_,161,4,0.04%,0.04%,203,11,0.04%,0.07%,46.39%,100.00%,4,2,2.48%,50.00%,"161,96 €","79,98 €",4,2
B07N8W33BT,B07N8W33BT,ARCOS Bloque Universal para Cuchillos Caucho Termoplástico 225 mm,794400_,82,2,0.02%,0.02%,120,2,0.02%,0.01%,82.11%,0.00%,4,0,4.88%,0.00%,"100,37 €","0,00 €",4,0
B07PRXR5XR,B07PRXR5XR,"HENDI Cesta de lavavajillas Profesional para Vasos, Formato Cuadrado, Estructura Abierta para circulación de Agua, 405x405x(H) 150mm, Polipropileno",H871331,39,6,0.01%,0.06%,49,6,0.01%,0.04%,85.71%,100.00%,5,0,12.82%,0.00%,"103,75 €","0,00 €",4,0
B0GY24KF8S,B07S8PHLKH,Arcos Nova Set 6 Cuchillos Chuleteros Acero Inoxidable 110 mm,806100_fba,110,1,0.03%,0.01%,154,1,0.03%,0.01%,86.52%,100.00%,6,0,5.45%,0.00%,"107,94 €","0,00 €",4,0
B0F54LTCFF,B07ZJ85R7C,Arcos Set de Corte 3 Piezas Acero Inoxidable Nitrum,859300,321,10,0.08%,0.10%,452,13,0.08%,0.09%,8.11%,45.45%,4,1,1.25%,10.00%,"153,00 €","38,25 €",4,1
B0862VPJ9H,B0862VPJ9H,"HENDI Cabezal de antorcha de cocina de llama continua, soplete flambeador, quemador, recargable con cartuchos de gas GLP 199039, mango ergonómico, versátil-seguro 360°, 185x65x(H)100mm, negro y verde",H198247,32,2,0.01%,0.02%,42,3,0.01%,0.02%,72.97%,100.00%,4,0,12.50%,0.00%,"101,19 €","0,00 €",4,0
B09DPRCMTF,B08MW2GWPC,Arcos Juego Cuchillos Carne | Cuchillo chuleteros | Cuchillos Carne Cuchillos Mesa | 6 Uds | Hoja 110 mm | Acero Inoxidable | Mango Nylon | Apto lavavajillas | Envase Ecológico (Filo Serrado),816400fbm,167,3,0.04%,0.03%,240,3,0.04%,0.02%,97.67%,100.00%,5,0,2.99%,0.00%,"99,95 €","0,00 €",4,0
B0FWM351K4,B09D1V45YK,"CUPERINOX® Couture Series - Tijera Costura Profesional 16,5 cm | Acero Inoxidable Irrompible | Mango Ergonómico Antideslizante | Corte Preciso y Duradero",21951_,43,2,0.01%,0.02%,56,2,0.01%,0.01%,100.00%,100.00%,4,0,9.30%,0.00%,"28,88 €","0,00 €",4,0
B09F9MH34D,B09F9MH34D,"Arcos Serie Cuchillos de Mesa Chuleteros, Mango de Polipropileno, Hoja 110 mm, Apto para Lavavajillas, Negro, 6 Piezas",805109_6piezas,81,1,0.02%,0.01%,109,1,0.02%,0.01%,85.57%,100.00%,5,0,6.17%,0.00%,"64,95 €","0,00 €",4,0
B09S75R1NW,B09GPS236X,"HENDI Portacondimentos de Bar, Bandeja de Guarniciones para Cócteles BarUp, Caja Organizadora con Tapa Transparente, 6 Contenedores de Polipropileno, 480x150x(H) 100mm, HIPS, Negro",H552032,29,2,0.01%,0.02%,48,2,0.01%,0.01%,81.25%,100.00%,4,2,13.79%,100.00%,"120,76 €","60,38 €",4,2
B08VS4FCLN,B09HBWSBN1,"Arcos Juego Cuchillos Cocina cuchillo blanco cuchillos | cuchillos cocina Maitre | 5 piezas | Chef 215 mm, Cocina 150 mm, Verduras 100 mm Tijera cocina (Negro + Jamonero)",854100 fbm,107,8,0.03%,0.08%,151,9,0.03%,0.06%,100.00%,100.00%,4,0,3.74%,0.00%,"199,96 €","0,00 €",4,0
B0CQ5G2HVQ,B09T6KY364,"Arcos Sarten Antiadherente 30 cm - Aluminio Forjado, Full Induction, Mango Acero Inoxidable Efecto Frío, Apta Lavavajillas, Ahorro Energético, Serie Samoa",716610,98,5,0.02%,0.05%,129,7,0.02%,0.05%,80.65%,100.00%,4,2,4.08%,40.00%,"179,72 €","91,00 €",4,2
B08VRP7CR7,B09XMVTWLT,Arcos Juego Cuchillos Carne | 6 Piezas | Cuchillos Carne Cuchillo chuleteros | Cubiertos Acero Inoxidable | Hoja 110 mm | Mango Redondo y Forma Ovalada | monobock | Caja Envase Ecológico (Filo Liso),830000_,198,11,0.05%,0.11%,334,18,0.06%,0.12%,100.00%,100.00%,5,0,2.53%,0.00%,"165,49 €","0,00 €",4,0
B0D73CM824,B0D73CM824,"Arcos Cuchillo Mesa | Cuchillo Chuletero | Cuchillo Carne| Cuchillo de Mesa | Pack 12 Unidades| Hoja de Acero Inoxidable115 mm, Mango de Polipropileno Color Negro",740000,"1,366",23,0.34%,0.22%,"2,046",40,0.36%,0.26%,99.65%,89.66%,4,0,0.29%,0.00%,"123,96 €","0,00 €",4,0
B0DPKXM18X,B0DNQXN97X,CUPERINOX Soporte Jamonero Inoxidable | Jamonero Plegable | Jamonero Giratorio | Jamonero Profesional | Cuchillo Jamonero Profesional y Afilador,20250_fbm,322,11,0.08%,0.11%,377,12,0.07%,0.08%,98.65%,100.00%,4,0,1.24%,0.00%,"269,96 €","0,00 €",4,0
B0DVT6KPDV,B0DT75PQN7,"CUPERINOX Kit Cocina Montessori | Cuchillos Niños Aprendizaje +2 Años | Set Completo de Cuchillos Infantiles de 17 Piezas | Incluye Tijeras, Moldes, Batidor, Tabla y Cuchillo Seguro",27017_,144,2,0.04%,0.02%,191,3,0.03%,0.02%,99.44%,100.00%,4,0,2.78%,0.00%,"69,96 €","0,00 €",4,0
B0FBRQYHVM,B0FBRNCHGJ,"CUPERINOX® Ventilador Portátil Silencioso y Recargable con Power Bank 20000mAh, +50H de batería – Ventilador de Mesa USB con Mando, Luz LED y 4 Velocidades – Ideal para Dormir, Camping y Hogar.",A27000,168,3,0.04%,0.03%,295,10,0.05%,0.07%,97.99%,100.00%,4,0,2.38%,0.00%,"239,96 €","0,00 €",4,0
B0FMRN3BNT,B0FMRN3BNT,"VINFERMATON - Insecticida Multiinsectos | Pack 2 x 600 ml | Moscas, Mosquitos, Cucarachas, Hormigas y otros Insectos Voladores y Rastreros | Acción Instantánea | Aroma Limón",MULTINSECTOS_PACK2,57,1,0.01%,0.01%,77,1,0.01%,0.01%,100.00%,0.00%,4,0,7.02%,0.00%,"59,96 €","0,00 €",4,0
B08TWZYBPZ,B0FZC9C1BJ,"CUPERINOX- Set de Cuchillos Profesionales de Cocina 3 Piezas + Estuche Regalo | Chef 20 cm, Santoku 18 cm y Universal 13 cm | Acero Inoxidable Alta Precisión | Mango Ergonómico| Apto Lavavajillas",19302,"1,316",13,0.33%,0.12%,"1,797",21,0.32%,0.14%,99.94%,100.00%,4,1,0.30%,7.69%,"119,95 €","29,98 €",4,1
B0G449LYZ3,B0G449LYZ3,WINS- AMBIENTADOR MARINO- GARRAFA 5L + CONCENTRADO 250ML (5L)| 10L EN TOTAL| PACK AHORRO| 100% MADE IN SPAIN,WC009+009,47,3,0.01%,0.03%,57,3,0.01%,0.02%,96.23%,100.00%,4,0,8.51%,0.00%,"78,28 €","0,00 €",4,0
B0HF542K6S,B0G44H4PJM,WINS 007 - Friegasuelos Concentrado 250 ml | Rinde 5 L,WC007,17,1,0.00%,0.01%,23,2,0.00%,0.01%,100.00%,100.00%,7,4,41.18%,400.00%,"55,91 €","31,94 €",4,1
B0H41SWHYG,B0GNZWCSKK,VINCARE Detergente Biberones y Tetinas Pack 2x – Limpieza Segura para Bebés – Elimina Restos de Leche y Olores – Apto para Chupetes y Accesorios,PM-9MUA-64P3,105,0,0.03%,0.00%,147,0,0.03%,0.00%,99.25%,0.00%,4,0,3.81%,0.00%,"59,96 €","0,00 €",4,0
B0H1RQ93K4,B0GZ533NMT,"CUPERINOX – Pack de 12 Aros de Emplatar 6 x 4 cm de Acero Inoxidable | Emplatador Redondo Reutilizable para Tártar, Arroces, Postres y Aperitivos | Cocina y Repostería",22570,38,6,0.01%,0.06%,46,8,0.01%,0.05%,100.00%,100.00%,29,28,76.32%,466.67%,"465,01 €","448,02 €",4,3
B00509DM8S,B00509DM8S,HENDI Baño María Eléctrico GN 1/1,H238905,65,13,0.02%,0.12%,91,16,0.02%,0.11%,93.75%,100.00%,3,2,4.62%,15.38%,"413,25 €","275,50 €",3,2
B0H2G7NH42,B00BHZPHSC,Arcos Riviera Blanc Cuchillo Jamonero Forjado Acero POM Blanco 250 mm,231024_,187,7,0.05%,0.07%,288,10,0.05%,0.07%,21.64%,33.33%,3,0,1.60%,0.00%,"101,97 €","0,00 €",3,0
B00D3LDXPM,B00D3LDXPM,ARCOS Abrelatas Manual Aleación de Zinc Plata-Negro 160 mm,603600,138,3,0.03%,0.03%,192,4,0.03%,0.03%,24.26%,33.33%,3,1,2.17%,33.33%,"49,02 €","14,04 €",3,1
B0D1CYZT7H,B00JN2S0U8,"HENDI Escurridor de frituras, con asa robusta y recipiente extraíble para los restos, patatas fritas, ø410x(H)170mm, totalmente de acero inoxidable",H630808,121,13,0.03%,0.12%,180,21,0.03%,0.14%,73.25%,56.25%,3,2,2.48%,15.38%,"143,85 €","95,90 €",3,2
B00L7X7ONU,B00L7X7ONU,HENDI Jarra de zumo - 2 L - ø120x(H)250 mm,H425138,19,3,0.00%,0.03%,22,3,0.00%,0.02%,90.91%,100.00%,15,10,78.95%,333.33%,"299,84 €","199,89 €",3,2
B0CKX4YV2W,B00MFLEA80,"HENDI Expositor buffet frío UNIQ 1 piso, Negro",H871805,56,16,0.01%,0.15%,80,23,0.01%,0.15%,94.94%,100.00%,4,3,7.14%,18.75%,"301,00 €","225,75 €",3,2
B00NM2X21W,B00NM2X21W,Arcos Accesorios - Prensa Ajos Prensador de Ajos - Tamaño 160 mm - Hecho de Aleación de Zinc - Color Plata,603500_,57,1,0.01%,0.01%,67,1,0.01%,0.01%,75.41%,100.00%,3,0,5.26%,0.00%,"47,97 €","0,00 €",3,0
B017HKR8WS,B00OFR535Q,"Arcos Afiladores - Afilador Eléctrico de Cuchillos Afilador de Cuchillos Eléctricos, Hecho de Plástico, Color Negro (Rodillos de Banda Intercambiables)",610500_fbm,390,19,0.10%,0.18%,437,21,0.08%,0.14%,97.62%,100.00%,3,2,0.77%,10.53%,"739,97 €","469,98 €",3,2
B00W9SPO5M,B00W9SPO5M,Arcos Tijeras de Modista de Acero Forjado 178 mm - Uso Profesional y Doméstico - Niqueladas en Plata - Serie Style,504200,40,0,0.01%,0.00%,55,0,0.01%,0.00%,93.75%,0.00%,3,0,7.50%,0.00%,"43,47 €","0,00 €",3,0
B0752X4WZ6,B017DLMFXS,ARCOS Pinzas para Emplatar Acero Inoxidable 200 mm,606300FBM,"3,670",104,0.92%,1.00%,"5,231",144,0.93%,0.95%,0.15%,3.13%,4,0,0.11%,0.00%,"47,00 €","0,00 €",3,0
B0FWM351K4,B01N4WDTRY,CUPERINOX® Couture Series - Tijera Costura Profesional 15 cm | Acero Inoxidable Resistente | Corte Preciso para Telas y Manualidades | Uso Doméstico y Profesional,21962,50,1,0.01%,0.01%,72,2,0.01%,0.01%,98.53%,100.00%,3,0,6.00%,0.00%,"25,47 €","0,00 €",3,0
B086X1XQXD,B06Y2B85HT,"HENDI Expositor con cubierta deslizante roll-top, Simple",H871706,17,3,0.00%,0.03%,19,3,0.00%,0.02%,84.21%,100.00%,3,1,17.65%,33.33%,"134,97 €","44,99 €",3,1
B0FWM351K4,B06Y66X8SW,CUPERINOX® Couture Series - Tijera Costura Profesional 10 cm | Acero Inoxidable de Alta Precisión | Corte Fino para Detalles y Acabados | Uso Doméstico y Profesional,21960,61,4,0.02%,0.04%,90,5,0.02%,0.03%,98.85%,100.00%,3,0,4.92%,0.00%,"20,97 €","0,00 €",3,0
B0B3F4QXML,B071VT3MKC,Arcos Clásica Cuchillo Cocinero Forjado Acero Inoxidable Nitrum 210 mm,255101_,124,7,0.03%,0.07%,145,10,0.03%,0.07%,90.78%,100.00%,3,0,2.42%,0.00%,"101,25 €","0,00 €",3,0
B0761194MW,B0761194MW,VINFER Wins 020 Desengrasante Concentrado Profesional para la Limpieza de planchas de Cocina y hornos. Botella 5 Lt,WINS020,28,3,0.01%,0.03%,33,3,0.01%,0.02%,78.13%,100.00%,6,0,21.43%,0.00%,"107,94 €","0,00 €",3,0
B08S87M447,B07BMGMVY4,Arcos Serie Riviera Rose - Cuchillo Cocinero - Hoja de Acero Inoxidable Forjado NITRUM 200 mm - Mango de Polioximetileno (POM) Color Rosa,233654_,69,1,0.02%,0.01%,103,2,0.02%,0.01%,98.88%,100.00%,3,0,4.35%,0.00%,"104,97 €","0,00 €",3,0
B0FR444FLT,B07DC8JHV4,Arcos Cuchillo verduras Acero Inoxidable. Cuchillo profesional para pelar frutas y verduras. Mango ergonómico polioximetileno y Hoja 130 mm. Serie Manhattan. Color negro.,161100_,99,4,0.02%,0.04%,135,4,0.02%,0.03%,71.43%,100.00%,3,0,3.03%,0.00%,"73,47 €","0,00 €",3,0
B0DN1W6N4N,B07GQ354HR,"HENDI Jarra, para batidoras licuadoras HENDI 230718-230695-230688-230213-230602-230664, 2,5L, juego completo: cuchillas-jarra-tapas, batidos-cócteles-postres, 200x170x(H)360mm, policarbonato",H943489,26,5,0.01%,0.05%,42,8,0.01%,0.05%,63.41%,62.50%,3,1,11.54%,20.00%,"282,62 €","99,99 €",3,1
B0B3F4QXML,B07HY6FKNQ,Arcos Serie Clasica - Juego de Cuchillos de 7 piezas en Caja de Regalo (5 Cuchillos + 1 Tijeras + 1 Chaira) - Hoja de Acero Inoxidable Forjado NITRUM - Mango de Polioximetileno (POM) - Color marrón,854400_2,393,7,0.10%,0.07%,542,8,0.10%,0.05%,99.81%,100.00%,3,1,0.76%,14.29%,"444,97 €","144,99 €",3,1
B07JWM27F4,B07JWM27F4,Arcos Set Cuchillos Cocina Profesionales Forjados en Acero Inoxidable. Juego de 3 Cuchillos (Pelador 100 mm + Cocinero 150 mm + Cocinero 200 mm). Mango Ergonómico Rosa en Polioximetileno. Riviera Rose,855100_,296,8,0.07%,0.08%,462,11,0.08%,0.07%,100.00%,100.00%,3,1,1.01%,12.50%,"214,97 €","69,99 €",3,1
B0H3P9C3GQ,B07MZJTY16,HENDI Jarra medidora apilable - 5 L - ø210x(H)270 mm,H567852,38,5,0.01%,0.05%,43,5,0.01%,0.03%,97.50%,100.00%,3,0,7.89%,0.00%,"41,97 €","0,00 €",3,0
B0DH1DC8QH,B07N8TQDFR,ARCOS Tabla de Cortar de Madera con Colgador 43 x 33 cm,708300,93,2,0.02%,0.02%,123,6,0.02%,0.04%,42.74%,0.00%,3,0,3.23%,0.00%,"107,97 €","0,00 €",3,0
B07QCKLSFC,B07QCKLSFC,Cuperinox – Pack de 6 Cuchillos Chuleteros con Hoja de Acero Inoxidable Microdentada y Mango Imitación Madera – Corte Preciso y Diseño Clásico- Ecowood Series,11012_6,61,2,0.02%,0.02%,80,2,0.01%,0.01%,75.00%,0.00%,5,0,8.20%,0.00%,"44,95 €","0,00 €",3,0
B0CYTKGNPM,B0843Q6L5P,ARCOS Pelador Profesional Acero Inoxidable Cromado 130 mm,607000_,"6,140",186,1.53%,1.78%,"9,464",272,1.68%,1.79%,0.10%,2.65%,8,8,0.13%,4.30%,"38,67 €","38,67 €",3,3
B0857QG39T,B0857QG39T,"HENDI Placa eutéctica de frío profesional, GN 1/1, para cajas térmicas, elemento refrigerante, acumulador de frío, bloque térmico, de enfriamiento, placa de hielo, 530x325x(H) 30mm, HDPE, blanco",H707753,61,6,0.02%,0.06%,94,10,0.02%,0.07%,86.36%,60.00%,9,3,14.75%,50.00%,"303,74 €","101,24 €",3,1
B08VS4FCLN,B08BX3WTPP,"Arcos Juego Cuchillos Cocina cuchillo blanco cuchillos | cuchillos cocina Maitre | 4 piezas | Chef 215 mm, Cocina 150 mm, Verduras 100 mm Tijera cocina (Blanco)",152624,193,8,0.05%,0.08%,297,8,0.05%,0.05%,100.00%,100.00%,3,1,1.55%,12.50%,"104,97 €","34,99 €",3,1
B08M7BMR2S,B08LNRV6N6,"Arcos Afiladores, Afilador de Cuchillos de Mano, Hecho de ABS + TPE, Rodillos Cerámico y Carburo, Color Blanco y Negro",610624_fbm,755,11,0.19%,0.11%,956,12,0.17%,0.08%,99.78%,100.00%,3,0,0.40%,0.00%,"41,10 €","0,00 €",3,0
B08LVZCG23,B08LVZCG23,Arcos Juego de Cuchillos de Cocina Rosa | 3 pz | Cuchillo Chef para pelar Verduras | Edición Limitada | Solidaria,814500_fba,"2,754",31,0.69%,0.30%,"3,559",45,0.63%,0.30%,99.24%,100.00%,3,0,0.11%,0.00%,"84,77 €","0,00 €",3,0
B09MSDJQJ1,B08M3B43J6,"Arcos | Juego Cuchillo Jamonero 3 Pzas | jamonero Acero Inoxidable (240 mm), afilador Chaira y Cubre jamón | Juego Cuchillos jamonero Profesional | Paleta ibérica | Eco",704300_fbm,150,2,0.04%,0.02%,193,3,0.03%,0.02%,100.00%,100.00%,3,0,2.00%,0.00%,"88,17 €","0,00 €",3,0
B08T5Z4HFS,B08QYV8C1P,"CUPERINOX Cubiertos para marisco | Pinzas para marisco | Tenazas para marisco | 6 Unidades | Cubiertos marisco (Cangrejo, Langosta, Ostras) | Tenedor de marisco con dos dientes inferiores y cuchara.",20023_6Unidades,103,6,0.03%,0.06%,157,8,0.03%,0.05%,100.00%,100.00%,3,0,2.91%,0.00%,"35,97 €","0,00 €",3,0
B08VW7LTT6,B08VW7LTT6,"HENDI Cabezal de antorcha de cocina de llama continua con cartucho de recarga de gas GLP 199039, soplete flambeador, quemador de gas GLP, profesional, versátil-seguro 360°, negro con acentos en verde",H198254,16,1,0.00%,0.01%,20,1,0.00%,0.01%,88.89%,0.00%,4,0,25.00%,0.00%,"141,12 €","0,00 €",3,0
B08TLR4Z27,B095C22QFS,Arcos jamonero Profesional | Cuchillo jamonero jamonero Inoxidable Nitrum | Mango Negro | Cuchillo Jamon iberico | Serie Maitre| Hoja Flexible y Filo Liso | 275 mm | Acero Inoxidable NITRUM,151811FBM,51,1,0.01%,0.01%,77,2,0.01%,0.01%,94.37%,100.00%,3,0,5.88%,0.00%,"59,97 €","0,00 €",3,0
B09FQ5SZK8,B0968LSP2T,"Arcos Utensilios Barbacoa - Cuchillo 200 mm y Tenedor 215 mm, Acero Inoxidable NITRUM, Mango Madera Ovengkol FSC, Set 2 Piezas, Embalaje Reciclado, Serie Nordika",167000_fbm,115,6,0.03%,0.06%,162,7,0.03%,0.05%,78.01%,80.00%,3,0,2.61%,0.00%,"149,97 €","0,00 €",3,0
B09KJLG7BT,B098TFPYLY,CUPERINOX Jamonero profesional Gondola | tabla jamon | Cuchillo Jamonero Alveolos Acero Inox + Cubre Jamón Universal | Set cortar jamón (3 PZAS) | Sujeta jamones | tabla jamonero,20228_,147,2,0.04%,0.02%,213,6,0.04%,0.04%,99.50%,100.00%,3,0,2.04%,0.00%,"104,97 €","0,00 €",3,0
B06XB92VRH,B09LYZ5G5S,CUPERINOX Deluxe Cafetera Italiana Induccion Espresso Inoxidable 6 Tazas,25052,257,8,0.06%,0.08%,345,11,0.06%,0.07%,100.00%,100.00%,3,0,1.17%,0.00%,"95,97 €","0,00 €",3,0
B0FWM351K4,B09P8M12S3,"CUPERINOX® Couture Series - Tijera Costura Profesional 12,5 cm | Acero Inoxidable de Alta Precisión | Corte Fino y Duradero | Uso Doméstico y Profesional",21961,67,2,0.02%,0.02%,84,2,0.01%,0.01%,100.00%,100.00%,3,0,4.48%,0.00%,"25,47 €","0,00 €",3,0
B09S5T6MJL,B09S5T6MJL,"HENDI Mezclador Profesional de Bebidas, Aireador/Batidor de Bebidas Ligeras, Frappés, Capuchinos Fríos, Drink Mixer, Incluye 2 Vasos y 4 Agitadores, 230V/400W, 170x196x(H)490mm, Caramelo",H221624,77,8,0.02%,0.08%,128,14,0.02%,0.09%,93.46%,100.00%,3,1,3.90%,12.50%,"451,72 €","149,75 €",3,1
B09T6HFG2F,B09T6HFG2F,Arcos Wok Antiadherente Aluminio Forjado 28 cm,717510,82,2,0.02%,0.02%,112,2,0.02%,0.01%,66.67%,0.00%,3,1,3.66%,50.00%,"128,25 €","42,75 €",3,1
B0B2RGHSMW,B0B2RGHSMW,"HENDI Cesta para Freír, 6L, 238x185x(H)100mm",H930632,63,1,0.02%,0.01%,94,1,0.02%,0.01%,32.10%,0.00%,5,0,7.94%,0.00%,"149,95 €","0,00 €",3,0
B0BJPYW95J,B0BJPYW95J,Arcos Accesorios - Sacacorchos Manual Abrebotellas Manual - Mango de Aleación de Zinc - Color Negro mate (Incluye cortacápsulas),607500,38,1,0.01%,0.01%,62,2,0.01%,0.01%,62.75%,50.00%,4,0,10.53%,0.00%,"158,80 €","0,00 €",3,0
B0D37Q1JGG,B0D37Q1JGG,Maton Insecticida Residual SP 600 ml,V0013,519,13,0.13%,0.12%,740,16,0.13%,0.11%,0.74%,45.45%,3,2,0.58%,15.38%,"30,14 €","19,98 €",3,2
B0DG2QX9YD,B0DG2QX9YD,"HENDI Dispensador isotérmico de bebidas, 9L",H425336,70,13,0.02%,0.12%,93,18,0.02%,0.12%,64.71%,53.85%,4,3,5.71%,23.08%,"225,01 €","168,76 €",3,2
B0DG2RQFHP,B0DG2RQFHP,"HENDI Bandeja de horno GN 1/1 Convectomat – 8 moldes redondos – para huevos fritos, tortillas, panqueques, crepes – Revestimiento antiadherente – 260°C – 530x325x(H) 26mm – Acero inoxidable",H808856,39,6,0.01%,0.06%,67,8,0.01%,0.05%,69.64%,100.00%,7,6,17.95%,100.00%,"317,52 €","271,52 €",3,2
B0DNNL2TZQ,B0DNNF3839,"CUPERINOX Aceitera de Cristal Antigoteo para Aceite de Oliva, Resistente y Fácil de Limpiar Gourmet Oil Collection (1000 Ml)",22024,463,32,0.12%,0.31%,731,41,0.13%,0.27%,99.23%,100.00%,3,0,0.65%,0.00%,"53,97 €","0,00 €",3,0
B0DNNKT1W2,B0DNNFJ5J7,"Cuperinox-Tetera de Cristal con Infusor para Té e Infusiones, Resistente al Calor y Compatible con Microondas ** - Infusion Prestige Collection (350 ml)",26110,469,19,0.12%,0.18%,658,29,0.12%,0.19%,98.99%,100.00%,11,11,2.35%,57.89%,"136,95 €","136,95 €",3,3
B0DPLG5V7Q,B0DWN63DN4,CUPERINOX Tazas de Espresso de Cristal - Vaso cafe - Vaso Cristal - 80ml (Set de 4) - Apto para Lavavajillas y Microondas - Aroma Series,26120_2packs,25,0,0.01%,0.00%,28,0,0.00%,0.00%,100.00%,0.00%,3,0,12.00%,0.00%,"45,97 €","0,00 €",3,0
B0FJLTDB9J,B0F95HH915,"Alicates para pedicura, Profesional, Cortaúñas de Pies, Acero Inoxidable, Mango Ergonómico Antideslizante, Fácil Limpieza, Con Funda, 2 Años de Garantía (Cortauñas Grande)",A10001,43,0,0.01%,0.00%,56,0,0.01%,0.00%,100.00%,0.00%,3,0,6.98%,0.00%,"22,47 €","0,00 €",3,0
B0FJLTDB9J,B0FB98PM7Z,CUPERINOX® Beauty Care – Pack 3 Cortauñas de Precisión | Alicate + Cortaúñas Mediano + Cortaúñas con Llavero | Acero Inoxidable Profesional | Manicura y Pedicura | Hombre y Mujer,21920+21931+21932,27,1,0.01%,0.01%,32,1,0.01%,0.01%,100.00%,100.00%,3,0,11.11%,0.00%,"38,97 €","0,00 €",3,0
B0DKP7F29P,B0FS7VJ21D,"Arcos Sartén Samoa Inox 26 cm, Acero inoxidable tricapa libre de PFAS",726400,213,3,0.05%,0.03%,267,3,0.05%,0.02%,50.20%,100.00%,3,0,1.41%,0.00%,"128,85 €","0,00 €",3,0
B0FWK1CK18,B0FWK1CK18,"Arcos Tabla de Corte Arcos de Teca, Elegancia y Durabilidad Artesanal",706200,178,1,0.04%,0.01%,260,2,0.05%,0.01%,58.99%,0.00%,3,0,1.69%,0.00%,"254,85 €","0,00 €",3,0
B0G4S268RT,B0G21WYQYN,BIOLEAF– Lavavajillas Pack 4×750 ml (3 L) | Alta Eficacia contra Grasa Difícil | Vajilla Brillante y Sin Residuos | Biodegradable y Dermatológicamente Testado,3467,55,0,0.01%,0.00%,66,0,0.01%,0.00%,100.00%,0.00%,3,0,5.45%,0.00%,"59,97 €","0,00 €",3,0
B0H1RQ93K4,B0GZ4V22QJ,"CUPERINOX – 12 Aros de Emplatar 8 x 4 cm de Acero Inoxidable | Moldes Redondos para Tártar, Arroces, Postres y Aperitivos | Reutilizables, Aptos para Lavavajillas",22571,35,5,0.01%,0.05%,43,7,0.01%,0.05%,100.00%,75.00%,3,2,8.57%,40.00%,"56,96 €","37,97 €",3,2
B0H9YSCFRW,B0H5CXDMCY,VINFERMATÓN Pack 2 Fregasuelos Citronela y Albahaca 1L x 2 | Total 2L | Apto Mascotas | Aroma Fresco,Fregasuelosamarillo_PACK2,130,4,0.03%,0.04%,158,4,0.03%,0.03%,97.40%,100.00%,3,0,2.31%,0.00%,"44,97 €","0,00 €",3,0
B0F54LTCFF,B0044R87L4,Arcos Cuchillo Panero con Hoja de Acero Inoxidable Nitrum 200 mm. Cuchillo Pan ideal para uso doméstico diario. Obtenga una gran variedad cortes parau comida. Serie Universal. Color negro.,282104_,"1,837",69,0.46%,0.66%,"2,626",99,0.47%,0.65%,0.04%,0.00%,2,1,0.11%,1.45%,"33,98 €","16,99 €",2,1
B0F54LTCFF,B0044R87TQ,Arcos Cuchillo Salmón y Pescado Acero Inoxidable 290 mm,284004,164,6,0.04%,0.06%,228,10,0.04%,0.07%,17.70%,0.00%,2,0,1.22%,0.00%,"45,50 €","0,00 €",2,0
B017HKG9PK,B0044R87VO,Arcos Maitre - Cuchillo Jamonero Flexible - Acero Inoxidable NITRUM 275 mm - Mango Polipropileno negro,151200,539,12,0.13%,0.12%,597,13,0.11%,0.09%,98.13%,100.00%,2,0,0.37%,0.00%,"31,98 €","0,00 €",2,0
B017HKG9PK,B0044R87W8,"Arcos Cuchillo Santoku Acero Inoxidable Nitrum. Cuchillo Cocina japonés Pescado, Carne y Verduras. Mango ergonómico polioximetileno Pom y Hoja 170 mm. Multiusos. Serie Maitre. Color Negro.",151600_fba,"1,491",35,0.37%,0.34%,"2,407",61,0.43%,0.40%,0.53%,0.00%,2,0,0.13%,0.00%,"37,50 €","0,00 €",2,0
B096SHJ82T,B0044R8868,Arcos Juego de 12 Cubiertos para Mesa. Set de 6 Cuchillos Chuleteros y 6 Tenedores en Madera de Haya y Acero Inoxidable. Estuche para Carne. Serie Mesa. Color Marrón,377700_fbm,"1,512",63,0.38%,0.60%,"1,953",94,0.35%,0.62%,11.75%,1.96%,2,0,0.13%,0.00%,"95,98 €","0,00 €",2,0
B00511UCBK,B00511UCBK,HENDI Fuente Gastronorm 1/2 - Porcelana - GN 1/2-325x265x(H) 65 mm,H783016,11,5,0.00%,0.05%,16,10,0.00%,0.07%,78.57%,66.67%,4,4,36.36%,80.00%,"131,80 €","131,80 €",2,2
B005LR6H5O,B005LR6H5O,Arcos Cuchillo Chef Forjado Acero Inoxidable. Cuchillo Cocina Profesional Multiusos Cortar Carne y Verduras. Mango Ergonómico Polioximetileno y Hoja 300mm. Serie Riviera. Color Negro.,233800_,98,5,0.02%,0.05%,122,6,0.02%,0.04%,63.16%,20.00%,2,0,2.04%,0.00%,"119,98 €","0,00 €",2,0
B005LR6J3Y,B005LR6J3Y,Arcos Riviera Juego 6 Cuchillos Forjados Acero Inoxidable Nitrum,234200_,127,4,0.03%,0.04%,187,9,0.03%,0.06%,61.99%,44.44%,2,0,1.57%,0.00%,"352,67 €","0,00 €",2,0
B0BSKCJNDM,B005LR72I0,Arcos Niza Cuchillo Jamonero Flexible Acero Inoxidable 230 mm,135600_fba,43,0,0.01%,0.00%,52,0,0.01%,0.00%,71.43%,0.00%,2,0,4.65%,0.00%,"21,80 €","0,00 €",2,0
B0F54LTCFF,B006LMX2HO,"Arcos Cuchillo Rebanar/Jamón Acero Inoxidable Nitrum 11""",282004_,220,6,0.05%,0.06%,316,6,0.06%,0.04%,14.48%,16.67%,2,0,0.91%,0.00%,"35,50 €","0,00 €",2,0
B0F54LTCFF,B007TS6GFO,Arcos Universal Juego 5 Cuchillos Nitrum Bloque Pino POM Negro,285700_,"1,408",42,0.35%,0.40%,"1,715",48,0.30%,0.32%,9.91%,0.00%,2,0,0.14%,0.00%,"211,53 €","0,00 €",2,0
B0891RBKPX,B007TS6HCQ,ARCOS Pelador de Patatas y Verduras Profesional Acero Inoxidable 60 mm,612100,54,1,0.01%,0.01%,72,1,0.01%,0.01%,97.10%,100.00%,2,0,3.70%,0.00%,"16,98 €","0,00 €",2,0
B0CQ92BWQ8,B009QXIRPC,"HENDI Bolsa de Transporte y Reparto de Pizzas, Bolsa Portapizzas con Aislamiento, Impermeable, Bolsa para la Entrega de Pedidos de Pizza y Comidas, Interior 35x35x(H) 18cm, Roja, 37x37x(H) 20cm",H709825,101,11,0.03%,0.11%,146,19,0.03%,0.13%,7.35%,5.26%,2,0,1.98%,0.00%,"48,28 €","0,00 €",2,0
B0CQ92BWQ8,B009QXKGKG,"HENDI Bolsa de Transporte y Reparto de Pizzas, Bolsa Portapizzas con Aislamiento, Impermeable, Bolsa para la Entrega de Pedidos de Pizza y Comidas, Interior 45x45x(H) 18cm, Roja, 47x47x(H) 21cm",H709818,29,11,0.01%,0.11%,37,15,0.01%,0.10%,48.57%,64.29%,6,6,20.69%,54.55%,"186,88 €","186,88 €",2,2
B0F54LTCFF,B00BHZPO3K,Arcos Cuchillo para Queso Acero Inoxidable NITRUM 145 mm,281604_fbm,500,11,0.12%,0.11%,692,13,0.12%,0.09%,2.20%,0.00%,2,0,0.40%,0.00%,"41,50 €","0,00 €",2,0
B00CRMZA8Q,B00CRMZA8Q,ARCOS Sacacorchos Eléctrico en ABS con Batería Interna Recargable. Abrebotellas Eléctrico Moderno y Elegante con Cortacápsulas y Luz Indicadora. Color Negro,604600_,"2,813",28,0.70%,0.27%,"4,146",38,0.73%,0.25%,37.30%,13.04%,2,0,0.07%,0.00%,"85,98 €","0,00 €",2,0
B00D3LFQ3E,B00D3LFQ3E,ARCOS Cuchillo Corta Bacalao y Pan Acero Polietileno Blanco 440 mm,791600,64,2,0.02%,0.02%,99,2,0.02%,0.01%,14.94%,0.00%,2,1,3.13%,50.00%,"212,24 €","105,25 €",2,1
B017HKRIGE,B00I9XTOT8,"ARCOS Tabla Cortar Fibra Resina y Celulosa 13""",691610,658,14,0.16%,0.13%,"1,010",25,0.18%,0.16%,3.82%,5.56%,2,1,0.30%,7.14%,"41,98 €","20,99 €",2,1
B00J64GECY,B00J64GECY,Arcos Cuchillo de Cocina Acero Inoxidable 130 mm,231524_,59,1,0.01%,0.01%,92,2,0.02%,0.01%,60.49%,0.00%,2,0,3.39%,0.00%,"46,98 €","0,00 €",2,0
B0H2G7NH42,B00J64GI4S,Arcos Riviera Blanc Cuchillo Jamonero Forjado POM Blanco 300 mm,231124_,72,4,0.02%,0.04%,101,4,0.02%,0.03%,65.31%,33.33%,2,0,2.78%,0.00%,"73,98 €","0,00 €",2,0
B0D1CVQX4L,B00JP7NAGK,"HENDI Tabla de Cortar, Madera, marrón, 530x325mm GN 1/1",H506905,27,0,0.01%,0.00%,37,0,0.01%,0.00%,91.18%,0.00%,2,0,7.41%,0.00%,"83,50 €","0,00 €",2,0
B07TZN23F1,B00KVI6BB8,HENDI Espátula para pizza cuadrada - 1320x305 mm,H617816,28,1,0.01%,0.01%,51,1,0.01%,0.01%,97.78%,0.00%,2,0,7.14%,0.00%,"59,50 €","0,00 €",2,0
B09381N96H,B00PKFXWJQ,Arcos Serie Cuchillos de Mesa - Cuchillo Mesa - Hoja Serrada de Acero Inoxidable NITRUM de 125 mm - Mango Polipropileno Color crema,370200_1Pieza,42,1,0.01%,0.01%,72,1,0.01%,0.01%,93.88%,100.00%,4,0,9.52%,0.00%,"13,96 €","0,00 €",2,0
B0F54LTCFF,B00VRWR53K,"Arcos Serie Universal, Macheta Cuchillo Carnicero, Hoja de Acero Inoxidable Nitrum 180 mm, Mango de Polioximetileno, Pom Color Negro",288100_,268,7,0.07%,0.07%,289,7,0.05%,0.05%,98.62%,100.00%,2,0,0.75%,0.00%,"79,98 €","0,00 €",2,0
B06XB92VRH,B00YU2YTTM,CUPERINOX Cafetera Italiana Induccion Espresso Acero Inoxidable 4 Tazas,25032_,391,15,0.10%,0.14%,532,19,0.09%,0.13%,57.98%,61.54%,2,0,0.51%,0.00%,"39,98 €","0,00 €",2,0
B09F9M72Z9,B017DLNFNC,Arcos Cuchillos de Mesa - Cuchillo Chuletero Cuchillo de Mesa - Hoja de Acero Inoxidable NITRUM 110 mm - Mango de Polipropileno - Color Negro,805109_1pieza,792,12,0.20%,0.12%,"1,097",12,0.19%,0.08%,5.23%,14.29%,2,0,0.25%,0.00%,"7,98 €","0,00 €",2,0
B01DY57HXU,B01DY57HXU,"HENDI Combustible líquido, lata, con mecha, 24 unidades, sin hollín y sin olor, tiempo de combustión 6 horas, dietilenglicol puro, para calentadores de alimentos, calientaplatos, chafing dish, 200 gr",H193938,10,0,0.00%,0.00%,15,0,0.00%,0.00%,57.14%,0.00%,2,0,20.00%,0.00%,"108,50 €","0,00 €",2,0
B0D1CXFSVN,B01FMS8UAQ,HENDI Abrelatas Kitchen Line - Gris claro - L 550 mm,H690000,23,13,0.01%,0.12%,36,22,0.01%,0.15%,35.48%,33.33%,2,2,8.70%,15.38%,"215,00 €","215,00 €",2,2
B07BZ95N39,B07BZ95N39,"HENDI Pasta combustible para Chafing Dish, 24 x 200 g",H194300,78,9,0.02%,0.09%,105,12,0.02%,0.08%,1.03%,0.00%,3,0,3.85%,0.00%,"121,50 €","0,00 €",2,0
B08S87M447,B07CY3885W,"Arcos Serie Riviera Rose, Cuchillo Cocinero, Hoja de Acero Inoxidable Forjado Nitrum 150 mm, Mango de Polioximetileno, POM Color Rosa",233454,47,1,0.01%,0.01%,69,1,0.01%,0.01%,100.00%,100.00%,3,2,6.38%,200.00%,"81,96 €","53,97 €",2,1
B07D3W3Z7H,B07D3W3Z7H,HENDI Soporte para platos - platos máx. Ø 275 mm - 290x200x(H)440 mm,H425473,12,0,0.00%,0.00%,16,0,0.00%,0.00%,100.00%,0.00%,2,0,16.67%,0.00%,"57,98 €","0,00 €",2,0
B0D1CV1MT6,B07D9YVLP6,"HENDI Tabla de cortar con certificación HACCP 600x400 - Blanco, 600x400mm",H825600,82,14,0.02%,0.13%,103,17,0.02%,0.11%,26.47%,33.33%,2,2,2.44%,14.29%,"79,48 €","79,48 €",2,2
B07DC8MD56,B07DC8MD56,"HENDI Rejilla de asador, GN 1/1, de acero inoxidable cromado, 325x530mm, para todas las parrillas, grill, barbacoas Green Fire de HENDI",H939949,26,3,0.01%,0.03%,41,3,0.01%,0.02%,100.00%,100.00%,3,0,11.54%,0.00%,"62,97 €","0,00 €",2,0
B07DFK4T6L,B07DFK4T6L,"Arcos Cuchillo Deshuesador Profesional - Hoja Silk Edge Acero Inoxidable Nitrum 160 mm, Precisión y Durabilidad, Mango Ergonómico POM Negro, Serie Manhattan",162600_,42,1,0.01%,0.01%,67,1,0.01%,0.01%,95.00%,100.00%,2,0,4.76%,0.00%,"55,50 €","0,00 €",2,0
B07G76CQC2,B07G76CQC2,"Arcos Cuchillos de Mesa Caja de 24 uds Chuletero, Hoja de Acero Inoxidable Nitrum 110 mm, Mango de Nylon, Color Marrón (24 uds)",804000_24piezas,19,1,0.00%,0.01%,21,1,0.00%,0.01%,47.37%,100.00%,2,1,10.53%,100.00%,"89,98 €","44,99 €",2,1
B0FR444FLT,B07JJGXYZD,Arcos Set Cocina Serie Manhattan,858100_,561,8,0.14%,0.08%,892,17,0.16%,0.11%,85.99%,100.00%,2,0,0.36%,0.00%,"165,98 €","0,00 €",2,0
B07MMFPNLK,B07MMFPNLK,"HENDI Placa eutéctica de Calor Profesional, GN 1/1, para Cajas térmicas, Elemento Calefactor, acumulador de Calor, Bloque térmico, Placa Caliente, 530x325x(H) 30mm, HDPE, Rojo",H707845,16,2,0.00%,0.02%,21,3,0.00%,0.02%,65.00%,33.33%,2,0,12.50%,0.00%,"102,50 €","0,00 €",2,0
B0DK3FSR9B,B07MZK1DCF,"HENDI Sifón de nata, con 3 boquillas diferentes, soporte para el cargador y cepillo de limpieza, para nata montada, mousses, postres, 0,5L, ø80x(H)260mm, aluminio, negro",H588420,10,0,0.00%,0.00%,15,0,0.00%,0.00%,66.67%,0.00%,2,0,20.00%,0.00%,"76,98 €","0,00 €",2,0
B0FR444FLT,B07N8V3SNH,"Arcos Cuchillo Tomate Forjado Acero Inoxidable 130 mm - Mango Ergonómico POM Negro, Borde Serrado para Rebanadas Perfectas - Serie Manhattan, Calidad Profesional",162000_,277,7,0.07%,0.07%,331,8,0.06%,0.05%,91.95%,100.00%,2,0,0.72%,0.00%,"48,50 €","0,00 €",2,0
B0FR444FLT,B07N8V5DY8,Arcos Cuchillo trinchar forjado | Cuchillo jamonero Acero Inoxidable. Cuchillo cocina profesional cocinar. Mango micarta y borseda especial y Hoja plateada 300 mm. Serie Brooklyn. Color azul.,192323_,28,2,0.01%,0.02%,37,5,0.01%,0.03%,96.97%,100.00%,2,1,7.14%,50.00%,"93,78 €","46,79 €",2,1
B0FY5CB86K,B07N8WHPP7,"Arcos Lira de Queso Profesional - Corte Preciso para Quesos - Estructura y Mango de Acero Inoxidable, 210 mm - Herramienta de Cocina Esencial, Color Gris",795100,34,1,0.01%,0.01%,44,1,0.01%,0.01%,66.67%,100.00%,2,0,5.88%,0.00%,"45,90 €","0,00 €",2,0
B07N8WMVK1,B07N8WMVK1,ARCOS Taco Cajonera Organizador Bambú hasta 25 cm Marrón,794300_fbm,226,2,0.06%,0.02%,344,4,0.06%,0.03%,14.53%,0.00%,2,0,0.88%,0.00%,"63,98 €","0,00 €",2,0
B07PQS3PNH,B07PQS3PNH,"HENDI Caja de golpe de café con marco de madera, vaciado de posos de café, barra de golpeo extraíble con revestimiento de silicona, GN 1/4, 265x162x(H)100mm, madera oscura/acero inoxidable",H208380,34,4,0.01%,0.04%,47,6,0.01%,0.04%,100.00%,100.00%,2,1,5.88%,25.00%,"77,00 €","38,50 €",2,1
B09NT4VRN7,B0812BKN39,Arcos Juego de Cuchillos Mondadores de 3 Piezas,859800_,"29,169",461,7.29%,4.42%,"37,437",664,6.63%,4.38%,0.15%,0.51%,2,2,0.01%,0.43%,"19,90 €","19,90 €",2,2
B0FQNZM34T,B0843V9Z1W,Arcos Cuchillo Santoku Acero Inoxidable Nitrum y Hoja 190 mm. Mango ergonómico polioximetileno POM. Diseño clásico y acabado redondeado gran belleza yolidez. Serie Opera. Color negro.,229900_fba,63,0,0.02%,0.00%,99,0,0.02%,0.00%,100.00%,0.00%,2,0,3.17%,0.00%,"73,98 €","0,00 €",2,0
B08VS4FCLN,B08CY5ZRD7,"Arcos Serie Maitre - Juego Cuchillo de cocina 4 piezas, (3 cuchillos + 1 tijeras) Hoja de Acero Inoxidable NITRUM 80 mm, Mango Polipropileno Negro",152610_,76,2,0.02%,0.02%,100,3,0.02%,0.02%,100.00%,100.00%,2,0,2.63%,0.00%,"80,64 €","0,00 €",2,0
B08VRP7CR7,B08G8M6QDS,Arcos Juego de Cuchillos chuleteros - Envase Ecologico 100% - 4 Cuchillos Carne - Cubiertos Mesa Acero Inoxidable,809500_,73,4,0.02%,0.04%,100,4,0.02%,0.03%,97.83%,100.00%,2,0,2.74%,0.00%,"39,50 €","0,00 €",2,0
B08WR6CHHN,B08JC8DSP6,Arcos Cuchillos Chuleteros cuchillos chuleteros acero inoxidable filo liso juego cuchillos chuleteros | 6 PZAS cuchillo chuletero | Hoja 110 mm |cuchillos carne Envase Eco,815800,52,0,0.01%,0.00%,76,0,0.01%,0.00%,100.00%,0.00%,2,0,3.85%,0.00%,"79,98 €","0,00 €",2,0
B09FQ5SZK8,B08MTXFWC9,Arcos Nordika Cuchillo Jamonero Acero Inoxidable 250 mm,166700_fbm,78,3,0.02%,0.03%,97,3,0.02%,0.02%,25.00%,66.67%,2,0,2.56%,0.00%,"59,98 €","0,00 €",2,0
B0CQLQ57BT,B08TWZGJ69,"Arcos Cazo Antiadherente 20 cm Aluminio Fundido para Todo Tipo de Cocinas, Mango Ergonómico, Ahorro Energético, Apto Lavavajillas, Negro/Azul, Serie Thera",719200,85,0,0.02%,0.00%,116,0,0.02%,0.00%,36.89%,0.00%,2,0,2.35%,0.00%,"61,90 €","0,00 €",2,0
B0CQLP3WHM,B08TX1S5W4,"Arcos Grill Antiadherente Aluminio Fundido 34x26 cm, Apto para Todas las Cocinas, Asas Silicona, Ahorro Energético, Lavavajillas, Negro/Azul, Serie Thera",719500,71,2,0.02%,0.02%,97,2,0.02%,0.01%,59.34%,100.00%,2,0,2.82%,0.00%,"103,30 €","0,00 €",2,0
B09DPRCMTF,B0987MG3JQ,Arcos Juego Cuchillos Carne | Cuchillo chuleteros | Cuchillos Carne Cuchillos Mesa | 6 Uds | Hoja 110 mm | Acero Inoxidable | Mango Nylon | Apto lavavajillas | Envase Ecológico (Filo Liso),814200FBM,65,0,0.02%,0.00%,114,0,0.02%,0.00%,100.00%,0.00%,2,0,3.08%,0.00%,"39,98 €","0,00 €",2,0
B09BVVKYWV,B09BVVKYWV,"CUPERINOX Navaja 5 en1 multiusos | Incluye Afilador Navaja| Funcion Abrebotella, rompecristales y corta cuerdas| Navaja Filo Liso y Sierra|",30060,59,0,0.01%,0.00%,91,0,0.02%,0.00%,96.15%,0.00%,2,0,3.39%,0.00%,"29,98 €","0,00 €",2,0
B09HRWYKDL,B09HRWYKDL,Arcos Juego de cuchillos Japoneses Profesionales | 4 piezas | Cuchillo Verduras 100 mm + Cocina 150 mm + Santoku con Alveolos 170 mm + Pelador de patatas,853100fbm,51,4,0.01%,0.04%,71,5,0.01%,0.03%,100.00%,100.00%,2,0,3.92%,0.00%,"73,98 €","0,00 €",2,0
B06XB92VRH,B09LZ2VHYP,CUPERINOX Deluxe Cafetera Italiana Induccion Espresso Inoxidable 10 Tazas,25053,149,11,0.04%,0.11%,203,17,0.04%,0.11%,100.00%,100.00%,2,1,1.34%,9.09%,"73,98 €","36,99 €",2,1
B06XB92VRH,B09LZ2VHYP,CUPERINOX Deluxe Cafetera Italiana Induccion Espresso Inoxidable 10 Tazas,25053FBM,149,11,0.04%,0.11%,203,17,0.04%,0.11%,100.00%,100.00%,2,1,1.34%,9.09%,"71,98 €","34,99 €",2,1
B09MSDJQJ1,B09MM5CH6C,Arcos jamonero profesional alveolos | incluye pinza para jamón | cuchillo jamonero cuchillo jamonero alveolos cuchillos profesional| Acero Inoxidable Nitrum 240 mm,856200FBM,62,0,0.02%,0.00%,93,0,0.02%,0.00%,96.59%,0.00%,2,0,3.23%,0.00%,"59,98 €","0,00 €",2,0
B0G3ZJ89NB,B09NRLLDC6,CUPERINOX Cuchillo Jamonero + Chaira + Funda Cubre Jamón | Jamonero 240mm acero inoxidable| Afilador Chaira | Funda cubre jamón,20220,140,6,0.03%,0.06%,158,6,0.03%,0.04%,100.00%,66.67%,2,0,1.43%,0.00%,"19,98 €","0,00 €",2,0
B0CRDY65RY,B09T6KZ2K8,"Arcos Cacerola Antiadherente 20 cm Aluminio Forjado, Mango Efecto Frío, Apta Inducción y Lavavajillas, Ahorro Energético, 2.6 L Capacidad, Serie Samoa",716910,145,2,0.04%,0.02%,178,2,0.03%,0.01%,69.36%,100.00%,2,0,1.38%,0.00%,"85,70 €","0,00 €",2,0
B09WYZHGQF,B09WYZHGQF,Arcos Nordika Juego 3 Cuchillos para Queso Acero Inoxidable Nitrum,167200_us,47,0,0.01%,0.00%,60,0,0.01%,0.00%,60.38%,0.00%,3,0,6.38%,0.00%,"206,40 €","0,00 €",2,0
B0D1CTT1HG,B0B2RGVSF6,HENDI Bloque de corte 6 mm con placa de empuje,H932902,22,2,0.01%,0.02%,35,2,0.01%,0.01%,25.71%,100.00%,2,1,9.09%,50.00%,"45,98 €","22,99 €",2,1
B0FWK4CNH3,B0B42QTHTP,CUPERINOX | Tijeras de pescado 18 cm | Tijeras Cocina | tijeras de cocinero profesional para aves pescado carne caza| Accesorios de cocina,21991,44,5,0.01%,0.05%,66,14,0.01%,0.09%,100.00%,100.00%,2,2,4.55%,40.00%,"12,98 €","12,98 €",2,2
B0B464Q8VS,B0B464Q8VS,CUPERINOX® Kitchen Pro | Tijeras de Cocina Profesional 21 cm Tijeras de Trinchar Carne y Pescado Acero Inoxidable Mango Ergonómico Apto Lavavajillas,21981,24,1,0.01%,0.01%,33,1,0.01%,0.01%,96.00%,100.00%,2,0,8.33%,0.00%,"19,98 €","0,00 €",2,0
B0BRT1JYNQ,B0BRT1JYNQ,Arcos Riviera - Juego de Cuchillos de Cocina (Mondador + 2 Cuchillo Chef) - Acero Inoxidable Forjado NITRUM - Mango POM - Color Negro,838310,63,0,0.02%,0.00%,103,0,0.02%,0.00%,32.61%,0.00%,2,0,3.17%,0.00%,"167,98 €","0,00 €",2,0
B0CHJZ3VBQ,B0CHJZ3VBQ,Arcos jamonero Profesional | Cuchillo jamonero jamonero Inoxidable Nitrum | Mango Blanco | Cuchillo Jamon iberico | Serie Artika| Hoja Flexible y Filo Liso | 275 mm | Acero Inoxidable,151244_,20,0,0.00%,0.00%,29,0,0.01%,0.00%,100.00%,0.00%,2,0,10.00%,0.00%,"33,98 €","0,00 €",2,0
B0D7W7VW2W,B0D7W7VW2W,"HENDI Rodillo de amasar, con rodamientos, rodillo de cocina, rodillo de repostería, para hacer pan, pizza, galletas, para grandes cantidades de masa, macizo, ø90x667mm, madera de haya, acero",H515167,21,1,0.01%,0.01%,28,1,0.00%,0.01%,81.48%,0.00%,2,0,9.52%,0.00%,"102,34 €","0,00 €",2,0
B0DFQ7Y1G8,B0DFQ7Y1G8,Arcos Afiladores - Afilador Eléctrico de Cuchillos de Cocina - Hecho de ABS Color Blanco (Rodillos con recubrimiento de diamante),603900,76,6,0.02%,0.06%,111,13,0.02%,0.09%,97.78%,83.33%,2,1,2.63%,16.67%,"579,90 €","289,95 €",2,1
B0DKP7F29P,B0DJBYWWVM,"Arcos Serie Samoa Iconic | Cacerola Antiadherente Cerámico 24 cm y 4,3 L | Aluminio Forjado | Apta cualquier cocina | Mango Acero Inoxidable | Color Negro | LIBRE DE (PFOA/PTFE/PFOS)",717022,76,2,0.02%,0.02%,86,2,0.02%,0.01%,100.00%,0.00%,2,0,2.63%,0.00%,"109,90 €","0,00 €",2,0
B0DKP7F29P,B0DJBZK9SX,"Arcos Serie Samoa Iconic | Cazo Antiadherente Cerámico 16 cm y 1,5 L | Aluminio Forjado | Apta cualquier cocina | Mango Acero Inoxidable | Color Negro | LIBRE DE (PFOA/PTFE/PFOS)",717222,63,1,0.02%,0.01%,69,1,0.01%,0.01%,80.88%,0.00%,2,0,3.17%,0.00%,"66,90 €","0,00 €",2,0
B0DKP7F29P,B0DJC17TXZ,"Arcos Serie Samoa Iconic | Cacerola Baja Antiadherente Cerámico 28 cm y 4,3 L | Aluminio Forjado | Apta cualquier cocina | Mango Acero Inoxidable | Color Beige | LIBRE DE (PFOA/PTFE/PFOS)",717124,463,13,0.12%,0.12%,641,16,0.11%,0.11%,44.50%,11.11%,2,0,0.43%,0.00%,"144,15 €","0,00 €",2,0
B0DNNKT1W2,B0DNNJPGTY,"Cuperinox-Tetera de Cristal con Infusor para Té e Infusiones, Resistente al Calor y Compatible con Microondas ** - Infusion Prestige Collection (750 ml)",26112,95,2,0.02%,0.02%,120,2,0.02%,0.01%,100.00%,100.00%,2,0,2.11%,0.00%,"33,98 €","0,00 €",2,0
B0DTZ1X5QW,B0DTZ1X5QW,"HENDI Chafing Dish Eléctrico UNIQ, 12,5L, Beis",H470442,11,3,0.00%,0.03%,18,6,0.00%,0.04%,88.24%,100.00%,3,3,27.27%,100.00%,"624,00 €","624,00 €",2,2
B0FBRQYHVM,B0FBRLQK47,"CUPERINOX Ventilador Portatil, Camping, Exterior, Playa, Piscina, Festival| 5+ cargas movil| +48H de bateria | 20000mAh| Powerbank, Luz led, Mando a distancia y Temporizador",A270001,"1,193",54,0.30%,0.52%,"1,941",94,0.34%,0.62%,98.62%,100.00%,2,0,0.17%,0.00%,"119,98 €","0,00 €",2,0
B0FDL4Q2JB,B0FDL4Q2JB,VINFERMATON – Insecticida Avispas y Avisperos Exterior Pack 2×600 ml | Antiavispas | Alcance hasta 4 m | Acción Inmediata Profesional | 100% MADE IN SPAIN,V0020_PACK_Fba,"4,131",197,1.03%,1.89%,"5,907",265,1.05%,1.75%,93.11%,89.05%,2,1,0.05%,0.51%,"36,98 €","18,49 €",2,1
B0FH71NBJL,B0FH71NBJL,"VINFERMATÓN - Pack TRIPLE ACCIÓN Insecticida contra Moscas, Mosquitos, Cucarachas, Hormigas y Avispas - 6 ud",V9090,66,1,0.02%,0.01%,82,1,0.01%,0.01%,98.68%,100.00%,2,0,3.03%,0.00%,"53,98 €","0,00 €",2,0
B0FT8NLHQ3,B0FT8NLHQ3,BIOLEAF® – Multiusos + Limpiacristales Pack 2×750 ml | Limpieza Total Hogar | Brillo Duradero en Superficies y Cristales Sin Huellas | Fórmula Biodegradable | Dermatológicamente Testado,3450,55,2,0.01%,0.02%,80,6,0.01%,0.04%,100.00%,100.00%,2,0,3.64%,0.00%,"19,98 €","0,00 €",2,0
B0G67DKSXN,B0G216GBMX,BIOLEAF – Gel WC Esencias Marinas Pack 4×750 ml (3 L) | Limpieza Profunda del Inodoro con Frescor Duradero | Gel Denso Sin Salpicaduras | Biodegradable y Dermatológicamente Testado,3511,36,2,0.01%,0.02%,39,2,0.01%,0.01%,97.37%,50.00%,2,1,5.56%,50.00%,"39,98 €","19,99 €",2,1
B0G2D49KKR,B0G2D49KKR,VINFER-WINS 010|Ambientador Floral| Pack Ahorro: Garrafa 5L + Concentrado 250 ml | Rinde 10 Litros Totales | Fragancia Elegante y Duradera para Todos los Espacios | 100% Made in Spain,WC010+010,35,4,0.01%,0.04%,45,9,0.01%,0.06%,95.45%,88.89%,3,2,8.57%,50.00%,"59,97 €","39,98 €",2,1
B0H29K88R6,B0H29K88R6,"VINFER-Mopas Spray con Insecticida Pack 2x750 ml (1,5L)| Aerosol Doble Acción Limpieza e Insecticida | Para Insectos Rastreros | Limpia Suelos y Ayuda a Combatir Cucarachas, Hormigas y Arañas",MOPASMORADO_PACK2,25,2,0.01%,0.02%,34,5,0.01%,0.03%,100.00%,100.00%,2,0,8.00%,0.00%,"29,98 €","0,00 €",2,0
B0HCZ2WBRT,B0H4NQKX27,"VINFERMATÓN PRO I-79 Laca Insecticida Rastreros 750 ml | Anticucarachas y Antihormigas | Efecto Barrera Permanente | Eficaz contra Cucarachas, Hormigas y Chinches",VINFERMATÓN PRO I-79,21,2,0.01%,0.02%,28,2,0.00%,0.01%,100.00%,100.00%,2,1,9.52%,50.00%,"29,98 €","14,99 €",2,1
B0F54LTCFF,B000NOAYMM,Arcos Cuchillo Jamonero Acero Inoxidable 240 mm,281804_fba,640,17,0.16%,0.16%,941,21,0.17%,0.14%,0.12%,0.00%,1,0,0.16%,0.00%,"16,49 €","0,00 €",1,0
B0DDWPSK8Z,B001681JO6,"HENDI Placa de inducción de sobremesa profesional, control táctil, 60-240°C, 230V, 3500W, 342x431x(H)116mm, acero inoxidable",H239711,72,6,0.02%,0.06%,130,13,0.02%,0.09%,99.06%,100.00%,1,0,1.39%,0.00%,"267,75 €","0,00 €",1,0
B017HKG9PK,B0044R87RS,Arcos Cuchillo para Maitre Negro 215 mm,151000,"2,300",69,0.57%,0.66%,"3,437",95,0.61%,0.63%,0.65%,3.33%,1,1,0.04%,1.45%,"14,99 €","14,99 €",1,1
B0HG4BHRY3,B00509DM8S,HENDI Baño María Eléctrico GN 1/1,H238905,15,1,0.00%,0.01%,25,1,0.00%,0.01%,58.33%,0.00%,1,0,6.67%,0.00%,"137,75 €","0,00 €",1,0
B0050G2IOU,B0050G2IOU,"HENDI Sartén eléctrica multiusos, paellera cazuela olla plancha, de fiestas, revestimiento antiadherente, termostato, con tapa, interior: ø40cm profundidad: 5cm, 230V, 1400W, ø500x(H)190mm, aluminio",H239506,132,3,0.03%,0.03%,160,3,0.03%,0.02%,77.42%,100.00%,1,0,0.76%,0.00%,"54,25 €","0,00 €",1,0
B0H2G7NH42,B005LR68DU,Arcos Cuchillo Jamonero con Alveolos 250 mm,231000_,366,13,0.09%,0.12%,555,18,0.10%,0.12%,12.63%,12.50%,1,0,0.27%,0.00%,"33,49 €","0,00 €",1,0
B005LR698E,B005LR698E,Arcos Cuchillo Negro 130 mm,231500_,635,15,0.16%,0.14%,881,21,0.16%,0.14%,1.81%,0.00%,1,0,0.16%,0.00%,"23,49 €","0,00 €",1,0
B017HKFNO8,B005LR6ZZ6,Arcos Niza Cuchillo de Cocina Acero Inoxidable 150 mm,135300,55,2,0.01%,0.02%,84,4,0.01%,0.03%,12.66%,0.00%,1,0,1.82%,0.00%,"9,99 €","0,00 €",1,0
B0CWLP4H3Z,B005LR76KY,ARCOS Tijeras de Cocina Acero Inoxidable 195 mm,784901_barras_arcos,314,8,0.08%,0.08%,491,13,0.09%,0.09%,0.46%,0.00%,1,0,0.32%,0.00%,"8,49 €","0,00 €",1,0
B0752NT3TH,B005LR77UI,ARCOS Tijeras de Cocina Acero Inoxidable 215 mm,185400,398,11,0.10%,0.11%,452,18,0.08%,0.12%,10.02%,40.00%,1,0,0.25%,0.00%,"17,49 €","0,00 €",1,0
B005LR78LQ,B005LR78LQ,ARCOS Forged Tijeras de Cocina Acero Inoxidable Forjado 225 mm,507100,130,7,0.03%,0.07%,176,8,0.03%,0.05%,18.35%,20.00%,1,0,0.77%,0.00%,"38,50 €","0,00 €",1,0
B0F54LTCFF,B006LMX2GK,Arcos Cuchillo Jamonero Acero Inoxidable Forjado Nitrum 280 mm,281904,194,1,0.05%,0.01%,235,1,0.04%,0.01%,6.90%,0.00%,1,0,0.52%,0.00%,"17,49 €","0,00 €",1,0
B0F54LTCFF,B007TS67AI,Arcos Cuchillo Verduras Acero Inoxidable 100 mm,281104,711,6,0.18%,0.06%,"1,008",6,0.18%,0.04%,0.00%,0.00%,1,1,0.14%,16.67%,"12,75 €","12,75 €",1,1
B08J488ZQG,B007TS6GP4,Arcos Juego de 6 Cuchillos de Mesa Chuleteros Acero Inoxidable 110 mm,702300_2,721,20,0.18%,0.19%,988,33,0.17%,0.22%,28.51%,50.00%,1,0,0.14%,0.00%,"26,99 €","0,00 €",1,0
B007TS6GW2,B007TS6GW2,Arcos Chairas - Chaira Afilador manual de cuchillos - Cuerpo de Acero al Carbono recubierto de Diamante de 280 mm - Mango de Polipropileno color negro,279202_,97,0,0.02%,0.00%,244,0,0.04%,0.00%,97.12%,0.00%,1,0,1.03%,0.00%,"39,99 €","0,00 €",1,0
B007TS6HBM,B007TS6HBM,ARCOS Rallador de Limones Acero Inoxidable 40 mm,612800,80,2,0.02%,0.02%,133,2,0.02%,0.01%,14.29%,0.00%,1,0,1.25%,0.00%,"8,85 €","0,00 €",1,0
B07BDT9G74,B008U6T624,Arcos Clásica Cuchillo Deshuesador Forjado Acero Inoxidable Nitrum 140 mm,256200_fbm,12,0,0.00%,0.00%,17,0,0.00%,0.00%,100.00%,0.00%,1,0,8.33%,0.00%,"24,99 €","0,00 €",1,0
B00BHZPIVI,B00BHZPIVI,Arcos Cuchillo Chef Forjado Acero Inoxidable 200 mm,233624,155,5,0.04%,0.05%,214,7,0.04%,0.05%,35.38%,50.00%,1,0,0.65%,0.00%,"32,49 €","0,00 €",1,0
B0H3P52PVS,B00BHZPKEI,Arcos Cuchillo Blanco 100 mm,230224_,296,5,0.07%,0.05%,432,10,0.08%,0.07%,16.03%,22.22%,1,0,0.34%,0.00%,"19,99 €","0,00 €",1,0
B00BQU1C4Q,B00BQU1C4Q,"HENDI Percolador de café, de doble pared, con filtro incorporado, grifo antigoteo, para café molido grueso, no necesita filtro de papel,16L, 230V, 1500W, 386x393x(H)641mm, acero inoxidable 18/0",H211304,6,0,0.00%,0.00%,6,0,0.00%,0.00%,100.00%,0.00%,1,0,16.67%,0.00%,"205,50 €","0,00 €",1,0
B0B3CWSDRQ,B00CF20V2I,ARCOS Chaira Afilador Manual Acero Carbono Cromado Negro 230 mm,278100_,357,18,0.09%,0.17%,493,21,0.09%,0.14%,3.65%,36.36%,2,2,0.56%,11.11%,"20,21 €","20,21 €",1,1
B00D3LCFRE,B00D3LCFRE,Arcos Tijeras Multiusos de Acero Inoxidable 210 mm - Costura y Tejidos - Mango ABS Gris - Serie Deluxe,521000_fbm,27,3,0.01%,0.03%,33,3,0.01%,0.02%,86.67%,100.00%,1,0,3.70%,0.00%,"23,99 €","0,00 €",1,0
B07TXLKG42,B00GZR3MKM,"HENDI Freidora eléctrica, T ajustable hasta 190°C, termostato de seguridad, zona fría, con tapa y cesta de freír, tanque de aceite extraíble, 8L, 230V, 3500W, 265x430x(H)345mm, acero inoxidable",H205822,54,4,0.01%,0.04%,93,5,0.02%,0.03%,47.73%,33.33%,1,0,1.85%,0.00%,"168,99 €","0,00 €",1,0
B0D1CW5WWV,B00GZR3RSO,"HENDI Centrifugador de ensaladas, secador de ensaladas, cesta de centrifugado interior extraíble, apto para el lavavajillas, 12 L, ø335x(h)430 mm, Poliamida, Polipropileno",H222553,8,1,0.00%,0.01%,10,1,0.00%,0.01%,90.00%,100.00%,1,1,12.50%,100.00%,"119,75 €","119,75 €",1,1
B08QFDPP4H,B00H1XELJU,HENDI Olla arrocera y calentador - 5.4 L - 230V / 1950W - 455x455x(H)380 mm,H240403,13,1,0.00%,0.01%,29,3,0.01%,0.02%,100.00%,100.00%,1,0,7.69%,0.00%,"203,00 €","0,00 €",1,0
B08L7GKSLH,B00H558KK0,HENDI Placa de inducción de sobremesa profesional modelo 2000,H239230,336,10,0.08%,0.10%,461,13,0.08%,0.09%,60.14%,25.00%,1,0,0.30%,0.00%,"105,90 €","0,00 €",1,0
B0BV32H59Y,B00HYWUNR2,Arcos Saeta - Cuchillo Deshuesador - Hoja de Acero Inoxidable Forjado Nitrum de 145 mm - Mango de Pom - Color Negro,174700_us,24,0,0.01%,0.00%,47,0,0.01%,0.00%,100.00%,0.00%,1,0,4.17%,0.00%,"29,99 €","0,00 €",1,0
B017HKRLMK,B00I9XTPTW,"ARCOS Tabla de Cortar Fibra de Celulosa y Resina 37,7x27,7cm",691710,168,5,0.04%,0.05%,278,6,0.05%,0.04%,4.86%,0.00%,1,0,0.60%,0.00%,"25,99 €","0,00 €",1,0
B0G39V4XR3,B00ITVQOOI,ARCOS Tenedor de Mesa Acero Inoxidable 18/10 200 mm,371600_1pieza,62,3,0.02%,0.03%,109,5,0.02%,0.03%,16.84%,0.00%,1,0,1.61%,0.00%,"4,99 €","0,00 €",1,0
B0H2ZKT1ZS,B00J3ZVN54,ARCOS Cucharas de Mesa Acero Inoxidable 200 mm,574600_,482,8,0.12%,0.08%,693,9,0.12%,0.06%,0.16%,14.29%,1,0,0.21%,0.00%,"8,99 €","0,00 €",1,0
B00J64GEEC,B00J64GEEC,Arcos Riviera Blanc Cuchillo Chef Forjado Acero Inoxidable 250 mm,233724_,101,4,0.03%,0.04%,137,7,0.02%,0.05%,43.41%,0.00%,1,0,0.99%,0.00%,"43,45 €","0,00 €",1,0
B0D1CYZT7H,B00JN2S0UI,HENDI Escurridor de patatas fritas de aluminio - Gris claro - diámetro400x(H)170 mm,H630006,49,3,0.01%,0.03%,68,4,0.01%,0.03%,92.06%,100.00%,1,0,2.04%,0.00%,"34,82 €","0,00 €",1,0
B00KISSXY4,B00KISSXY4,"HENDI Bandeja de Servicio AmerBox, Grande, Rectangular, Multiusos, Bandeja para Servir Comida rápida, Bebidas, Fast Food, Bandeja de Cocina, 350x450x(H) 20mm, Gris, Polipropileno",H878804,23,0,0.01%,0.00%,36,0,0.01%,0.00%,100.00%,0.00%,1,0,4.35%,0.00%,"9,99 €","0,00 €",1,0
B00OF7XFW4,B00OF7XFW4,ARCOS Aplastador de Filetes y Carne Acero Inoxidable 220 mm,798000,62,1,0.02%,0.01%,86,2,0.02%,0.01%,20.00%,0.00%,1,0,1.61%,0.00%,"72,95 €","0,00 €",1,0
B00OH5VB0M,B00OH5VB0M,HENDI Sandwichera tostadora - 230V / 1200W - 200x300x(H)223 mm,H261163,9,0,0.00%,0.00%,11,0,0.00%,0.00%,70.00%,0.00%,1,0,11.11%,0.00%,"198,50 €","0,00 €",1,0
B0752X4WZ6,B00TA4O5YO,ARCOS Pinzas para Emplatar Acero Inoxidable 300 mm,606200,"1,414",35,0.35%,0.34%,"1,858",46,0.33%,0.30%,1.13%,0.00%,1,0,0.07%,0.00%,"11,49 €","0,00 €",1,0
B00U2QWLVS,B00U2QWLVS,Arcos Cuchillo Chuletero de Mesa Acero Inoxidable Nitrum 115 mm,740009_us,22,2,0.01%,0.02%,39,2,0.01%,0.01%,100.00%,100.00%,4,0,18.18%,0.00%,"15,96 €","0,00 €",1,0
B00UCCGPWI,B00UCCGPWI,VINFER - Jabon Liquido manos V400 Dosificador Dermo Vinfer 5 L,VP400,5,2,0.00%,0.02%,5,2,0.00%,0.01%,100.00%,100.00%,2,2,40.00%,100.00%,"32,28 €","32,28 €",1,1
B0752TH4FW,B00V3A9XMC,Arcos Serie Riviera Blanc - Juego de Cuchillos de 5 piezas en Caja de Regalo (4 Cuchillos + 1 Tijeras) - Hoja de Acero Inoxidable Forjado NITRUM - Mango de Polioximetileno (POM) - Bloque de madera de color negro lacado,234424_,31,2,0.01%,0.02%,35,3,0.01%,0.02%,97.06%,100.00%,1,0,3.23%,0.00%,"144,99 €","0,00 €",1,0
B017HKSTCQ,B00VRWSIUO,Arcos Serie Ecopro - Tijeras de Cocina - Acero Inoxidable 240 mm - Mango de Acero Inoxidable - Color Plata,809800_,"1,115",48,0.28%,0.46%,"1,501",78,0.27%,0.51%,0.63%,4.08%,1,0,0.09%,0.00%,"18,25 €","0,00 €",1,0
B0F54LTCFF,B00VT5L310,Arcos Espátula de Cocina Profesional - Hoja de Acero Inoxidable NITRUM 160 mm - Resistente a Químicos y Calor - Mango Ergonómico POM Negro - Serie Universal,286600,202,11,0.05%,0.11%,223,13,0.04%,0.09%,32.74%,40.00%,1,1,0.50%,9.09%,"25,49 €","25,49 €",1,1
B0F54LTCFF,B00W1XKQR6,Arcos Universal Cuchillo Usuba o Asiático de 175mm para Cortar Verduras. Cuchillo Japonés de Acero Inoxidable para Cocina. Color Negro,289704,642,16,0.16%,0.15%,834,20,0.15%,0.13%,1.15%,0.00%,1,0,0.16%,0.00%,"26,49 €","0,00 €",1,0
B00WC9DMX4,B00WC9DMX4,ARCOS Chairas Chaira Afilador Acero Carbono Cromado Negro 300 mm,279010,169,2,0.04%,0.02%,272,3,0.05%,0.02%,7.36%,0.00%,1,0,0.59%,0.00%,"29,49 €","0,00 €",1,0
B0DN1Z777C,B00WTEP4C4,"HENDI Bolsas para envasado al vacío gofradas, 100 unidades, aptas para sous-vide, -20 °C a +100 °C, 250x350mm, 75µm, PA/PE, sin BPA",H971055,1,0,0.00%,0.00%,1,0,0.00%,0.00%,100.00%,0.00%,3,0,300.00%,0.00%,"101,97 €","0,00 €",1,0
B0GYLCHCZH,B01418E5ZC,"HENDI Cubitera para botellas, enfriador de bebidas tipo champanera, BarUp, 9,5L, ⌀350x(H)230mm, acero inoxidable",H471524,32,0,0.01%,0.00%,39,0,0.01%,0.00%,97.37%,0.00%,1,0,3.13%,0.00%,"24,49 €","0,00 €",1,0
B0DN1W6N4N,B015WI6B7A,"HENDI Jarra, para batidoras licuadoras HENDI 230718-230695-230688-230213-230602-230664, 2,5L, juego completo: cuchillas-jarra-tapas, de Tritan sin BPA, batidos-cócteles-postres, 200x170x(H)360mm",H933688,6,1,0.00%,0.01%,9,1,0.00%,0.01%,77.78%,100.00%,1,1,16.67%,100.00%,"124,99 €","124,99 €",1,1
B017DEWUDK,B017DEWUDK,Arcos Cuchillo Acero Inoxidable 300 mm,233824_,53,0,0.01%,0.00%,77,0,0.01%,0.00%,95.31%,0.00%,1,0,1.89%,0.00%,"59,99 €","0,00 €",1,0
B017DLFYYK,B017DLFYYK,Arcos Cuchillo Queso Acero Inoxidable Blanco 145 mm,232824_,55,2,0.01%,0.02%,69,4,0.01%,0.03%,31.75%,0.00%,1,0,1.82%,0.00%,"37,99 €","0,00 €",1,0
B017DLLFES,B017DLLFES,"Arcos Navaja Profesional de Acero Inoxidable Nitrum, Hoja 85 mm, Mango de Polipropileno, Serie Navajas Profesionales, Alta Durabilidad y Rendimiento",485700_fbm,248,9,0.06%,0.09%,388,13,0.07%,0.09%,9.01%,100.00%,3,3,1.21%,33.33%,"16,17 €","16,17 €",1,1
B017DLMC7C,B017DLMC7C,Arcos Serie Toscana - Juego de Cuchillos de Lunch (3 cuchillos) - Monoblock de una pieza en Acero Inoxidable 18/10 y 185 mm - Color Plata,574800,43,3,0.01%,0.03%,62,4,0.01%,0.03%,31.58%,25.00%,2,0,4.65%,0.00%,"31,98 €","0,00 €",1,0
B019H2J21O,B019H2J21O,"Cuperinox 22531, Flanero Inoxidable 18cm con tapa",22531_us,90,2,0.02%,0.02%,119,2,0.02%,0.01%,100.00%,100.00%,1,0,1.11%,0.00%,"8,99 €","0,00 €",1,0
B0CKX4YV2W,B01BNH5B5M,"HENDI Expositor buffet frío UNIQ 2 pisos, Negro",H871812,61,14,0.02%,0.13%,82,21,0.01%,0.14%,85.53%,100.00%,1,1,1.64%,7.14%,"144,95 €","144,95 €",1,1
B01BQA0K84,B01BQA0K84,"HENDI Soporte de bandejas Redondas, Soporte para Servir y presentar Alimentos, mariscos, con 2 Platos: Ø 300/400mm, ⌀400x(H) 200mm, Acero Inoxidable, Plata",H480519,5,2,0.00%,0.02%,10,3,0.00%,0.02%,100.00%,100.00%,1,0,20.00%,0.00%,"39,70 €","0,00 €",1,0
B0752NT3TH,B01L7HPNWE,ARCOS Prochef Tijeras de Cocina Acero Azul-Negro 215 mm,185623,109,4,0.03%,0.04%,130,5,0.02%,0.03%,46.09%,0.00%,1,0,0.92%,0.00%,"9,17 €","0,00 €",1,0
B0F1N351DY,B06XJBY6QV,Arcos Serie Nova - Cuchillo Mondador - Hoja de Acero Inoxidable de 85 mm - Mango de Polipropileno Color azul,188523_fbm,264,16,0.07%,0.15%,292,16,0.05%,0.11%,20.82%,100.00%,1,0,0.38%,0.00%,"5,90 €","0,00 €",1,0
B07TXLLGJX,B06XRYBCZQ,HENDI Placa de inducción de sobremesa profesional 3500 D XL,H239698,69,4,0.02%,0.04%,113,10,0.02%,0.07%,67.57%,57.14%,1,0,1.45%,0.00%,"335,46 €","0,00 €",1,0
B0F5L2FGGS,B071HVWQKP,Arcos Cuchillos Mesa con Hoja Acero Inoxidable. Cuchillos Carne con Mango Madera Palisandro Marrón. Hoja. Corta Carne Asada. Clásicos y Elegantes. Cortein Esfuerzo. Serie Mesa. Color Marrón,373700,"1,197",22,0.30%,0.21%,"1,509",33,0.27%,0.22%,0.00%,0.00%,2,0,0.17%,0.00%,"30,98 €","0,00 €",1,0
B072BX31NV,B072BX31NV,Arcos Juego 6 Cuchillos de Mesa Nitrum Acero Crema 105 mm,703500__,218,5,0.05%,0.05%,326,7,0.06%,0.05%,3.47%,0.00%,1,0,0.46%,0.00%,"11,99 €","0,00 €",1,0
B0F1N351DY,B072FGV2YH,Arcos Juego de 6 Cuchillos Mondadores Acero Inoxidable 100 mm,189100,"11,174",314,2.79%,3.01%,"15,889",473,2.81%,3.12%,2.98%,1.25%,1,0,0.01%,0.00%,"16,35 €","0,00 €",1,0
B077V7LJJM,B077V7LJJM,"Arcos Serie Riviera, Set Jamonero de 3 piezas, 1 Cuchillo Jamonero + 1 Deshuesador + 1 Chaira, Hoja de Acero Inoxidable Forjado Nitrum, Mango de Polioximetileno, POM, Color Negro",_806911_,48,1,0.01%,0.01%,62,1,0.01%,0.01%,51.92%,0.00%,1,0,2.08%,0.00%,"69,99 €","0,00 €",1,0
B07882914Y,B07882914Y,Wins - Limpiador Suelos y Superficies Concentrado Amoniacal Pino 021 - Garrafa 5L,WINS021,18,1,0.00%,0.01%,20,2,0.00%,0.01%,94.74%,100.00%,1,0,5.56%,0.00%,"14,49 €","0,00 €",1,0
B0DQV6381X,B079VN4MTH,CUPERINOX Jamonero de Madera Góndola Soporte para Pata y Paleta de jamón Serrano e ibérico con agarres de Metal Jamonera Economica,20200_us,105,2,0.03%,0.02%,122,2,0.02%,0.01%,99.14%,100.00%,1,0,0.95%,0.00%,"13,23 €","0,00 €",1,0
B07BBL6SR7,B07BBL6SR7,Arcos Serie Riviera Rose - Cuchillo Jamonero - Hoja de Acero Inoxidable Forjado NITRUM 250 mm - Mango de Polioximetileno (POM) Color Rosa,231054_,6,0,0.00%,0.00%,7,0,0.00%,0.00%,83.33%,0.00%,1,0,16.67%,0.00%,"34,49 €","0,00 €",1,0
B0B3CPHPXR,B07BQ5CCMD,ARCOS Sacacorchos Manual de ABS Aleación de Zinc,604700_,663,28,0.17%,0.27%,939,36,0.17%,0.24%,1.41%,12.00%,1,0,0.15%,0.00%,"30,98 €","0,00 €",1,0
B07CZP72RH,B07CZP72RH,"HENDI Batidora profesional con cubierta insonorizada, control manual, jarra de policarbonato resistente al calor y frío, velocidad variable, 230V, 1680W, 250x300x(H)540mm, ABS, acero inoxidable",H230688,17,2,0.00%,0.02%,21,2,0.00%,0.01%,94.74%,100.00%,1,1,5.88%,50.00%,"385,00 €","385,00 €",1,1
B0D1CSWF7Y,B07D5CQ2PH,"HENDI Escurridor de cocina, colador, para cocinar, lavar, pasta, fideos, espaguetis, frutas, verduras, ensaladas, redondo, perforado, con base y 2 asas, ø325x(H)175 mm, acero inoxidable",H535509,2,0,0.00%,0.00%,2,0,0.00%,0.00%,100.00%,0.00%,1,0,50.00%,0.00%,"52,60 €","0,00 €",1,0
B0D1CXLR2J,B07D5DJZBL,HENDI Embudo para repostería Kitchen Line - Gris claro - 1.5 L - 270x195x(H)270 mm,H551813,6,0,0.00%,0.00%,9,0,0.00%,0.00%,100.00%,0.00%,2,2,33.33%,0.00%,"113,98 €","113,98 €",1,1
B0D1CX9SGL,B07D73SB2W,HENDI Colador (malla doble) - ø360x(H)860 mm,H639023,2,1,0.00%,0.01%,4,2,0.00%,0.01%,100.00%,100.00%,1,1,50.00%,100.00%,"35,76 €","35,76 €",1,1
B0DK3GZ2DL,B07D75BHXQ,HENDI Sacabolas de helado Stöckel - 1/12 - ø67 mm,H755334,5,1,0.00%,0.01%,9,1,0.00%,0.01%,80.00%,100.00%,1,1,20.00%,100.00%,"55,74 €","55,74 €",1,1
B0D1CVPJXW,B07D77CYPB,"HENDI Colador cónico de malla fina, ⌀205x(H)170mm, longitud del mango 230mm, acero inoxidable",H647554,37,5,0.01%,0.05%,45,5,0.01%,0.03%,53.85%,75.00%,1,0,2.70%,0.00%,"29,64 €","0,00 €",1,0
B086WYMVKJ,B07D7NHQVR,"HENDI Soporte expositor para pan de sobremesa GN 1/2, 2 niveles, con 2 cestas para bufé, 360x280x(H) 290mm, polipropileno",H561201,47,2,0.01%,0.02%,60,4,0.01%,0.03%,94.83%,100.00%,1,0,2.13%,0.00%,"37,40 €","0,00 €",1,0
B0FR444FLT,B07D8GYFC7,"Arcos Cuchillo Chef Forjado Acero Inoxidable NITRUM - Profesional Cocina, Mango Ergonómico POM Negro, Hoja Silk Edge 150 mm, Serie Manhattan",160400_,112,6,0.03%,0.06%,159,11,0.03%,0.07%,94.34%,100.00%,1,0,0.89%,0.00%,"32,49 €","0,00 €",1,0
B07D8ZLM82,B07D8ZLM82,HENDI Rejilla - Bakery size - Rejilla transversal - 600x400 mm,H801925,4,0,0.00%,0.00%,4,0,0.00%,0.00%,75.00%,0.00%,1,0,25.00%,0.00%,"30,15 €","0,00 €",1,0
B07D9YB67Y,B07D9YB67Y,HENDI Cesta para cubiertos - 110x110x(H)140 mm,H871300,46,0,0.01%,0.00%,60,0,0.01%,0.00%,0.00%,0.00%,1,0,2.17%,0.00%,"8,49 €","0,00 €",1,0
B0CTHQG9QZ,B07DB3C9JY,"HENDI Recipiente Gastronorm GN 1/1 con asas, Budget Line, resistencia térmica -40 °C a 250 °C, apto para horno y baño maría, 28L, 530x325x(H) 200mm, acero inoxidable",H817155,19,5,0.00%,0.05%,33,5,0.01%,0.03%,96.55%,100.00%,3,0,15.79%,0.00%,"104,97 €","0,00 €",1,0
B085SP2NWD,B07DC4CBN7,"HENDI Caja para masa de pizza y de pan, 14L, caja de fermentación, apilable, sin tapa, apta para alimentos, recipiente contenedor porta masa alimentos, sin BPA, 600x400x(H) 75mm, HDPE",H880906,14,2,0.00%,0.02%,17,2,0.00%,0.01%,88.24%,100.00%,2,2,14.29%,100.00%,"33,04 €","33,04 €",1,1
B085SNLR5G,B07DC4H82X,"HENDI Bandeja de Servicio, Redonda, Recubrimiento Antideslizante, Multiusos, para buffets, Bandeja de Cocina para Servir Comida rápida, Bebidas, Fast Food, ⌀280x(H) 20mm, Polipropileno, Negro",H878125,52,2,0.01%,0.02%,66,2,0.01%,0.01%,100.00%,100.00%,1,0,1.92%,0.00%,"9,99 €","0,00 €",1,0
B09KJM4B44,B07DC7YK32,HENDI Bandeja para repostería con tapa - ø300x(H)110 mm,H980101,6,1,0.00%,0.01%,6,1,0.00%,0.01%,50.00%,100.00%,1,1,16.67%,100.00%,"18,98 €","18,98 €",1,1
B0CTCW7QFZ,B07DC7ZX3W,HENDI Recipiente Gastronorm 1/1 - PC - Transparente - 28 L - 530x325x(H) 200 mm,H861202,7,5,0.00%,0.05%,9,7,0.00%,0.05%,100.00%,100.00%,1,1,14.29%,20.00%,"34,15 €","34,15 €",1,1
B085SNLR5G,B07DC83Z46,"HENDI Bandeja de Servicio, Redonda, Recubrimiento Antideslizante, Multiusos, para buffets, Bandeja de Cocina para Servir Comida rápida, Bebidas, Fast Food, ⌀410x(H) 20mm, Polipropileno, Negro",H878149,11,0,0.00%,0.00%,13,0,0.00%,0.00%,100.00%,0.00%,3,0,27.27%,0.00%,"32,97 €","0,00 €",1,0
B07F6C8L9T,B07F6C8L9T,ARCOS Sacacorchos Eléctrico ABS Batería Recargable Plata,604900_,210,5,0.05%,0.05%,286,6,0.05%,0.04%,6.61%,66.67%,1,0,0.48%,0.00%,"43,99 €","0,00 €",1,0
B07FQ94K1Q,B07FQ94K1Q,Arcos Series Maitre - Juego de Cuchillos 5 Piezas (4 Cuchillos + 1 Tijeras) - Hoja de Acero Inoxidable Nitrum - Mango de Polipropileno - Bloque de Madera de Color marrón,152100__,59,1,0.01%,0.01%,76,1,0.01%,0.01%,44.12%,0.00%,1,0,1.69%,0.00%,"74,99 €","0,00 €",1,0
B0H6TRFX5J,B07G77ZS7D,"Arcos Serie Cuchillos de Mesa Caja 12 uds Cuchillo Chuletero, Hoja Serrada de Acero Inoxidable NITRUM de 110 mm, Mango Madera comprimida Color marrón (12 UDS)",371501_fbm,44,3,0.01%,0.03%,66,5,0.01%,0.03%,48.28%,100.00%,1,0,2.27%,0.00%,"49,99 €","0,00 €",1,0
B07H1S3VRW,B07H1S3VRW,"Wins 005 Limpiador Fregasuelos Neutro, Aroma Cítrico, 5 L",WINS005,29,2,0.01%,0.02%,38,3,0.01%,0.02%,83.78%,100.00%,1,0,3.45%,0.00%,"10,99 €","0,00 €",1,0
B0B3F4QXML,B07JWJ5LDH,Arcos Serie Clasica - Juego de Cuchillos Chuleteros (6 piezas) - Acero Inoxidable Forjado NITRUM - Mango POM - Color Negro,_854500_,102,3,0.03%,0.03%,137,3,0.02%,0.02%,99.22%,100.00%,1,0,0.98%,0.00%,"79,95 €","0,00 €",1,0
B0FWM351K4,B07MDGR8G1,CUPERINOX® Couture Series - Tijera Costura Profesional 15 cm | Acero Inoxidable Irrompible | Mango Ergonómico Antideslizante | Corte Preciso y Duradero,21950_us,25,1,0.01%,0.01%,29,1,0.01%,0.01%,96.30%,100.00%,1,0,4.00%,0.00%,"7,99 €","0,00 €",1,0
B0DN1WHKRN,B07MTQX6HD,"HENDI Accesorio batidor de varillas 185mm, recambio para la batidora de mano 222140 de HENDI, varilla agitadora, mezclador, Poliamida, Acero inoxidable",H222164,47,7,0.01%,0.07%,55,7,0.01%,0.05%,53.57%,50.00%,1,0,2.13%,0.00%,"110,29 €","0,00 €",1,0
B07MZHDK6L,B07MZHDK6L,"HENDI Descalcificador de agua, 8L",H231210,74,8,0.02%,0.08%,103,10,0.02%,0.07%,11.34%,0.00%,1,0,1.35%,0.00%,"119,75 €","0,00 €",1,0
B0CSXP6TLN,B07MZK9VXP,"HENDI Descalcificador de agua, 12L",H231227,127,16,0.03%,0.15%,179,22,0.03%,0.15%,20.63%,0.00%,1,0,0.79%,0.00%,"123,50 €","0,00 €",1,0
B07N7VN49R,B07N7VN49R,HENDI Cesta de lavavajillas para vasos - 49 compartimentos - 500x500x104 mm Gris,H877012,12,1,0.00%,0.01%,15,1,0.00%,0.01%,92.86%,0.00%,1,0,8.33%,0.00%,"27,77 €","0,00 €",1,0
B0FR444FLT,B07N8TV9CC,Arcos Brooklyn Cuchillo Rebanar Jamonero Forjado Micarta Azul 250 mm,191923_,107,4,0.03%,0.04%,118,5,0.02%,0.03%,93.16%,100.00%,1,1,0.93%,25.00%,"42,99 €","42,99 €",1,1
B0FR444FLT,B07N8VHP6Y,Arcos Cuchillo deshuesador con Hoja Acero Inoxidable Nitrum 160 mm. Cuchillo profesional para cortar huesos carne. Mango ergonómico polipropileno. Serie Brooklyn. Color azul.,192623_,104,3,0.03%,0.03%,118,4,0.02%,0.03%,88.98%,100.00%,1,0,0.96%,0.00%,"38,88 €","0,00 €",1,0
B07N8VQSVB,B07N8VQSVB,Arcos Serie Capri - Cubertería de 24 piezas en una Caja de Regalo (6 cuchillos + 12 cucharas + 6 tenedores) - Monoblock de una pieza en Acero Inoxidable Color Plata,587400_,"2,637",66,0.66%,0.63%,"3,706",87,0.66%,0.57%,2.78%,3.28%,1,0,0.04%,0.00%,"75,99 €","0,00 €",1,0
B07N8WPHN7,B07N8WPHN7,"Arcos Serie Clasica, Juego de Cuchillos de 4 piezas en Caja de Regalo, 3 Cuchillos + Tijera, Hoja de Acero Inoxidable Forjado Nitrum, Mango de Polioximetileno, POM, Bloque de madera color Marrón",258700_2,33,0,0.01%,0.00%,59,0,0.01%,0.00%,100.00%,0.00%,1,0,3.03%,0.00%,"79,99 €","0,00 €",1,0
B092TQ1P72,B07NDSZJQY,"Arcos Serie Cuchillos de Mesa Caja 12 uds Cuchillo Chuletero, Hoja Serrada de Acero Inoxidable NITRUM de 115 mm, Mango Polioximetileno Color negro (12 UDS)",374800_12piezas,16,2,0.00%,0.02%,28,3,0.00%,0.02%,68.00%,100.00%,2,2,12.50%,100.00%,"149,97 €","149,97 €",1,1
B07Q6FZTR2,B07Q6FZTR2,"HENDI Lavavajillas industrial, para cestas 40x40cm, con control electromecánico, máquina lavaplatos lavavasos lavacopas, 230V, 2800W, 470x510x(H)710mm, acero inoxidable",H230299,117,5,0.03%,0.05%,177,6,0.03%,0.04%,98.01%,100.00%,1,0,0.85%,0.00%,"1.525,00 €","0,00 €",1,0
B07YXBGV8C,B07YXBGV8C,Arcos Riviera Blanc Set 3 Cuchillos Forjados Acero Inoxidable Nitrum,807511_,29,0,0.01%,0.00%,51,0,0.01%,0.00%,73.81%,0.00%,1,0,3.45%,0.00%,"59,99 €","0,00 €",1,0
B0DN1ZCCFX,B07YXFSGD7,"HENDI Cuchilla de Corte con Recubrimiento Antiadherente para Queso, Ø300mm, Repuesto para Cortafiambres 210017, Accesorio Profesional, Acero Inoxidable",H975756,8,0,0.00%,0.00%,14,0,0.00%,0.00%,100.00%,0.00%,1,0,12.50%,0.00%,"184,75 €","0,00 €",1,0
B082VWVDMX,B082VWVDMX,HENDI Cesta para baguetes - 305x320x(H)350 mm,H426517,43,7,0.01%,0.07%,62,8,0.01%,0.05%,96.00%,83.33%,1,0,2.33%,0.00%,"40,50 €","0,00 €",1,0
B0FQNZM34T,B0843D965B,Arcos Cuchillo Chef Acero Inoxidable. Cuchillo Cocina Profesional multipropósito para Cortar y Limpiar Verduras. Mango ergonómico polioximetileno y Hoja 210 mm. Serie Opera. Color Negro.,225100_fbm,65,1,0.02%,0.01%,91,1,0.02%,0.01%,68.18%,100.00%,1,1,1.54%,100.00%,"38,80 €","38,80 €",1,1
B0FR444FLT,B0843DNN57,Arcos Set Cuchillos Forjados 4 piezas (3 Cuchillos + 1 tijeras) - Acero Inoxidable Forjado NITRUM - Mango Micarta - Bloques Madera Color Azul. Serie Brooklyn. Impresiona yorprencon Cada Corte.,194000_,152,6,0.04%,0.06%,184,6,0.03%,0.04%,98.29%,100.00%,1,0,0.66%,0.00%,"119,99 €","0,00 €",1,0
B0CYTKGNPM,B0843Q6L5P,ARCOS Pelador Profesional Acero Inoxidable Cromado 130 mm,607000_etq1,"6,140",186,1.53%,1.78%,"9,464",272,1.68%,1.79%,0.10%,2.65%,1,1,0.02%,0.54%,"6,49 €","6,49 €",1,1
B0843SYT31,B0843SYT31,Arcos Cuchillo Chef con Hoja Acero Inoxidable Nitrum 160 mm. Cuchillo cocina profesional multiusos. Mango ergonómico polioximetileno POM. Serie Opera. Color negro.,225000_fmb,34,2,0.01%,0.02%,46,2,0.01%,0.01%,85.71%,100.00%,1,0,2.94%,0.00%,"32,88 €","0,00 €",1,0
B0FQNZM34T,B0843VWTWD,Arcos Cuchillo Chef Acero Inoxidable. Cuchillo cocina profesional multipropósito para cortar y limpiar verduras. Mango ergonómico polioximetileno y Hoja 260 mm. Serie Opera. Color negro.,225300_fbm,24,0,0.01%,0.00%,28,0,0.00%,0.00%,67.86%,0.00%,1,0,4.17%,0.00%,"42,99 €","0,00 €",1,0
B0857QPQZ5,B0857QPQZ5,"HENDI Placa eutéctica de calor profesional, GN 1/2, para cajas térmicas, elemento calefactor, acumulador de calor, bloque térmico, placa caliente, 320x265x(H)30mm, HDPE, rojo",H707784,17,0,0.00%,0.00%,24,0,0.00%,0.00%,10.53%,0.00%,4,0,23.53%,0.00%,"115,92 €","0,00 €",1,0
B08KFQBJWQ,B0857QPRNB,"HENDI Percolador de café 7L, de una pared, con filtro incorporado y grifo antigoteo, para café molido grueso, 230V, 50/60Hz, 1050W, 307x330x(H) 450mm, negro mate, acero inoxidable, PP",H211472,8,3,0.00%,0.03%,10,4,0.00%,0.03%,77.78%,100.00%,1,1,12.50%,33.33%,"138,75 €","138,75 €",1,1
B08L27XH2W,B08L27XH2W,"HENDI Mochila isotérmica de Transporte y Reparto de Pizzas y Alimentos, Bolsa aislada e Impermeable para la Entrega de Pedidos de Pizza y Comidas, Interior 39x39x(H) 45cm, Negra, 41x41x(H) 48cm",H709801,64,1,0.02%,0.01%,94,1,0.02%,0.01%,69.88%,50.00%,1,0,1.56%,0.00%,"69,95 €","0,00 €",1,0
B09MSDJQJ1,B08M3B43J6,"Arcos | Juego Cuchillo Jamonero 3 Pzas | jamonero Acero Inoxidable (240 mm), afilador Chaira y Cubre jamón | Juego Cuchillos jamonero Profesional | Paleta ibérica | Eco",704300,150,2,0.04%,0.02%,193,3,0.03%,0.02%,100.00%,100.00%,1,0,0.67%,0.00%,"29,99 €","0,00 €",1,0
B08TLR4Z27,B08M3DQFHM,Arcos jamonero Profesional | Cuchillo jamonero jamonero Inoxidable Nitrum | Mango Negro | Cuchillo Jamon iberico | Serie Maitre| Hoja Flexible y Filo Liso | 275 mm | Acero Inoxidable NITRUM,151210_fbm,37,1,0.01%,0.01%,53,1,0.01%,0.01%,98.04%,100.00%,1,0,2.70%,0.00%,"15,49 €","0,00 €",1,0
B08TLR4Z27,B08M3YG4R1,Arcos jamonero Profesional | Cuchillo jamonero jamonero Inoxidable Nitrum | Mango Negro | Cuchillo Jamon iberico | Serie Maitre| Hoja Flexible y Filo Liso | 275 mm | Acero Inoxidable NITRUM,704200_fbm,28,1,0.01%,0.01%,35,1,0.01%,0.01%,100.00%,100.00%,1,0,3.57%,0.00%,"21,99 €","0,00 €",1,0
B08M9QRSW8,B08M9QRSW8,Arcos | Juego Cuchillos cuchillos mesa | 6 Uds | cuchillo fruta | cuchillo postre | Hoja 110 mm | Acero Inoxidable Martensítico | Mango Nylon | apto lavavajillas | Envase Ecológico,703600fbm,147,1,0.04%,0.01%,251,3,0.04%,0.02%,99.01%,100.00%,2,2,1.36%,200.00%,"19,77 €","19,77 €",1,1
B08Y8NS7PN,B08MT61GJV,Arcos Juego Cuchillos Cocina | 2 pzas |Profesional (150 mm) | Cuchillo Cortador Verduras (100 mm)| Acero Inoxidable Nitrum | Mango Negro | Envase Eco,819900fbm,35,3,0.01%,0.03%,54,4,0.01%,0.03%,100.00%,100.00%,1,0,2.86%,0.00%,"17,99 €","0,00 €",1,0
B08VRP7CR7,B08MTXC14T,Arcos Juego Cuchillos Carne | 6 Piezas | Cuchillos Carne Cuchillo chuleteros | Cubiertos Acero Inoxidable | Hoja 110 mm | Mango Redondo y Forma Ovalada | monobock | Caja Envase Ecológico (6 unidades),809900FBM,50,3,0.01%,0.03%,61,3,0.01%,0.02%,59.68%,100.00%,1,0,2.00%,0.00%,"27,99 €","0,00 €",1,0
B09FQ5SZK8,B08MTZZQV5,Arcos Cuchillo para Pan Acero Inoxidable Nitrum 200 mm,166400_fbm,364,12,0.09%,0.12%,493,14,0.09%,0.09%,0.86%,9.09%,1,1,0.27%,8.33%,"28,99 €","28,99 €",1,1
B09FQ5SZK8,B08MV1BJ5Z,Arcos Serie Nordika - Cuchillo Cocinero - Acero Inoxidable NITRUM - Hoja de 140 mm - Mango de Madera Ovengkol 100% natural FSC - Embalaje 100% reciclado,165400_fbm,95,1,0.02%,0.01%,125,1,0.02%,0.01%,43.09%,0.00%,1,0,1.05%,0.00%,"24,99 €","0,00 €",1,0
B08WR6CHHN,B08MW17PLN,Arcos Juego Cuchillos Carne | 6 Piezas | Cuchillo chuleteros | Hoja 110 mm | monoblock | Cuchillo en 1 Sola Pieza | Cuchillos Carne Cubiertos Acero Inoxidable | Caja Envase Ecológico (Sierra Laser),815900FBM,37,0,0.01%,0.00%,45,0,0.01%,0.00%,100.00%,0.00%,1,0,2.70%,0.00%,"40,65 €","0,00 €",1,0
B08QMBMN1G,B08QMBMN1G,Arcos Bolsa Cuchillos Bolsa Cuchillos Cocina Profesional Estuche Profesional Porta Cuchillos 5 pzas | 42 cm Largo | Asa para Transportar| Cuero Color Miel| Hebilla Ajustable,695100,43,1,0.01%,0.01%,45,1,0.01%,0.01%,100.00%,100.00%,1,0,2.33%,0.00%,"123,95 €","0,00 €",1,0
B0CQLQ57BT,B08TWYJ47S,"Arcos Cazo Antiadherente 18 cm - Aluminio Fundido, Apto para Todas las Cocinas, Mango Ergonómico, Ahorro Energético, Lavavajillas, Negro/Azul - Serie Thera",719100,60,1,0.01%,0.01%,81,1,0.01%,0.01%,81.25%,100.00%,1,0,1.67%,0.00%,"26,95 €","0,00 €",1,0
B0CQLNJVKL,B08TWZX8LY,Arcos Thera Sartén Antiadherente Aluminio Fundido 18 cm,718100,56,1,0.01%,0.01%,73,1,0.01%,0.01%,1.47%,0.00%,1,0,1.79%,0.00%,"22,95 €","0,00 €",1,0
B0CQM2K3QY,B08TX19NTQ,"Arcos Thera Olla Grande de Cocina de 28 Cm y 6,6 L. Cacerola Alta para Inducción, Gas y Vitro. Olla de Aluminio Fundido con Tapa de Cristal y Mango Extraíble. Apta Lavavajillas. Color Negro Azul",718800,84,0,0.02%,0.00%,127,0,0.02%,0.00%,80.51%,0.00%,1,0,1.19%,0.00%,"54,95 €","0,00 €",1,0
B0CQM2K3QY,B08TX1D4LL,"ARCOS Thera Olla Grande de Cocina de 24 Cm y 4 L. Cacerola Alta para Inducción, Gas y Vitrocerámica. Olla de Aluminio Fundido con Tapa de Cristal y Mango Extraíble. Apta Lavavajillas. Color Negro Azul",718700,71,0,0.02%,0.00%,102,0,0.02%,0.00%,37.23%,0.00%,1,0,1.41%,0.00%,"49,99 €","0,00 €",1,0
B095MKPPLC,B095MKPPLC,Desengrasante Plus Energico 5 L - VINFER - L331G05002..,VP200,13,1,0.00%,0.01%,14,1,0.00%,0.01%,42.86%,0.00%,1,0,7.69%,0.00%,"19,95 €","0,00 €",1,0
B09HQTWWPB,B09HQTCQBG,Arcos Clara Cuchillo Panero Forjado Acero Inoxidable Nitrum 200 mm,210700_us,26,0,0.01%,0.00%,35,0,0.01%,0.00%,56.25%,0.00%,1,0,3.85%,0.00%,"25,99 €","0,00 €",1,0
B09HRWYKDL,B09HRWYKDL,Arcos Juego de cuchillos Japoneses Profesionales | 4 piezas | Cuchillo Verduras 100 mm + Cocina 150 mm + Santoku con Alveolos 170 mm + Pelador de patatas,853100,51,4,0.01%,0.04%,71,5,0.01%,0.03%,100.00%,100.00%,1,0,1.96%,0.00%,"36,99 €","0,00 €",1,0
B06XB92VRH,B09LYXZKTZ,CUPERINOX Deluxe Cafetera Italiana Induccion Espresso Inoxidable 4 Tazas,25051FBM,172,11,0.04%,0.11%,218,12,0.04%,0.08%,100.00%,100.00%,1,0,0.58%,0.00%,"26,99 €","0,00 €",1,0
B06XB92VRH,B09LYXZKTZ,CUPERINOX Deluxe Cafetera Italiana Induccion Espresso Inoxidable 4 Tazas,25051,172,11,0.04%,0.11%,218,12,0.04%,0.08%,100.00%,100.00%,1,0,0.58%,0.00%,"26,99 €","0,00 €",1,0
B09S5TVR4R,B09S5TVR4R,"HENDI Serrín de madera para ahumar en frío, virutas de madera fina, aromático, set, conjunto de 9 aromas, almendro/haya/olivo/cítricos/roble/durazno/vino tinto/whisky/cognac, ahumadores,1.4kg (9x150g)",H199794,4,1,0.00%,0.01%,6,2,0.00%,0.01%,100.00%,100.00%,1,1,25.00%,100.00%,"58,50 €","58,50 €",1,1
B09S5Z848J,B09S5Z848J,"HENDI Lavavajillas industrial, para cestas 50x50cm, con control electrónico, máquina lavaplatos lavavasos lavacopas, 230V, 3600W, 570x600x(H)830mm, acero inoxidable",H237540,6,0,0.00%,0.00%,6,0,0.00%,0.00%,83.33%,0.00%,1,0,16.67%,0.00%,"2.395,00 €","0,00 €",1,0
B09S62XK6F,B09S62XK6F,"HENDI Mezclador Profesional de Bebidas, Aireador/Batidor de Bebidas Ligeras, Frappés, Capuchinos Fríos, Drink Mixer, Incluye 2 Vasos y 4 Agitadores, 230V/400W, 170x196x(H)490mm, Azul",H221655,3,0,0.00%,0.00%,7,0,0.00%,0.00%,25.00%,0.00%,1,0,33.33%,0.00%,"154,75 €","0,00 €",1,0
B09S9RRJLV,B09S9RRJLV,"HENDI Pulverizador alimentario a presión, spray difusor atomizador, apto para el contacto con alimentos, para usar con aceites, agua, clara y yema de huevo, saborizantes, boquilla regulable, 1,5L,HDPE",H270875,11,2,0.00%,0.02%,13,2,0.00%,0.01%,69.23%,50.00%,1,0,9.09%,0.00%,"44,95 €","0,00 €",1,0
B0CQ5G2HVQ,B09T6L1F99,"Arcos Sarten Antiadherente 28 cm - Aluminio Forjado, Full Induction, Mango Acero Inoxidable, Apta Lavavajillas, Ahorro Energético, Serie Samoa",716510,90,4,0.02%,0.04%,121,7,0.02%,0.05%,57.14%,28.57%,1,0,1.11%,0.00%,"41,95 €","0,00 €",1,0
B0CRDY65RY,B09T9QCXL9,Arcos Cacerola Antiadherente Aluminio Forjado 28 cm,717110,"1,172",20,0.29%,0.19%,"1,689",39,0.30%,0.26%,2.88%,0.00%,1,0,0.09%,0.00%,"48,90 €","0,00 €",1,0
B09XF6G1Q8,B09XF6G1Q8,Arcos Serie Universal - Juego de Cuchillos de Cocina de 4 piezas (3 Cuchillos Cocineros + Tijeras) - Hoja de Acero Inoxidable NITRUM - Mango de Polioximetileno (POM) - Color Negro,807410+TIJERA,38,1,0.01%,0.01%,52,1,0.01%,0.01%,100.00%,100.00%,1,0,2.63%,0.00%,"49,99 €","0,00 €",1,0
B0B1JPHSBX,B0B1JPHSBX,"HENDI Limpiador de acero inoxidable, limpiador de acero inoxidable, limpiador de superficies de acero inoxidable y aluminio, botella de spray de 500 ml",H976784,1,0,0.00%,0.00%,1,0,0.00%,0.00%,100.00%,0.00%,3,0,300.00%,0.00%,"51,57 €","0,00 €",1,0
B0B2RGCWLL,B0B2RGCWLL,"HENDI Cesta para Freír, 8L, 238x190x(H)140mm",H930656,79,3,0.02%,0.03%,113,3,0.02%,0.02%,14.71%,0.00%,1,0,1.27%,0.00%,"34,99 €","0,00 €",1,0
B0B46LVDQK,B0B46LVDQK,CUPERINOX® Kitchen Pro Tijeras de Cocina Profesionales 25 cm Tijeras de Trinchar Mango Ergonómico Negro Tijeras para Pollo y Huesos Acero Inoxidable Apto Lavavajillas,21970,5,0,0.00%,0.00%,7,0,0.00%,0.00%,100.00%,0.00%,1,0,20.00%,0.00%,"9,99 €","0,00 €",1,0
B0B4B6B16Z,B0B4B6B16Z,CUPERINOX | Tijeras de manicura para uñas | Tijera corta uñas de punta redondeada para las uñas de las manos | Fabricado en Acero Inoxidable 9 cm,21939,19,0,0.00%,0.00%,23,0,0.00%,0.00%,100.00%,0.00%,1,0,5.26%,0.00%,"9,99 €","0,00 €",1,0
B0H4HJ1QBT,B0BS9ZL3YS,Xpartan Clean | 500 ml | Limpiador de Suelos Multisuperficie para Robots de Limpieza | Concentrado y Perfumado para todo tipo de Robots y Marcas,XPARTAN,23,1,0.01%,0.01%,28,1,0.00%,0.01%,100.00%,0.00%,1,0,4.35%,0.00%,"13,99 €","0,00 €",1,0
B0C49YDKL4,B0C49YDKL4,Arcos Serie Nordika - Cuchillo Usuba - Acero Inoxidable NITRUM - Hoja de 175 mm - Mango de Madera Ovengkol 100% natural de bosques certificados FSC® - Embalaje 100% reciclado,168000,65,1,0.02%,0.01%,97,3,0.02%,0.02%,49.37%,0.00%,1,0,1.54%,0.00%,"44,99 €","0,00 €",1,0
B0C4B1CKSR,B0C4B1CKSR,Arcos Serie Nordika - Cuchillo Yanagiba - Acero Inoxidable NITRUM - Hoja de 240 mm - Mango de Madera Ovengkol 100% natural de bosques certificados FSC® - Embalaje 100% reciclado,168200,49,0,0.01%,0.00%,59,0,0.01%,0.00%,98.28%,0.00%,1,0,2.04%,0.00%,"49,99 €","0,00 €",1,0
B0C69879YM,B0C69879YM,CUCHILLO COCINA 11 cm. FILO NACAR,10070_PACK6,10,0,0.00%,0.00%,13,0,0.00%,0.00%,90.91%,0.00%,1,0,10.00%,0.00%,"9,99 €","0,00 €",1,0
B0CM6RWLQM,B0CM6RWLQM,"HENDI Hervidor de Sopa Eléctrico UNIQ, 8L, Negro",H860526,6,0,0.00%,0.00%,11,0,0.00%,0.00%,81.82%,0.00%,1,0,16.67%,0.00%,"165,99 €","0,00 €",1,0
B0CN13FLZF,B0CN13FLZF,"HENDI Salamandra eléctrica profesional, GN 1/1, 50-300°C, 220V, 2850W, 770x485x(H)305mm, acero inoxidable",H264126,7,2,0.00%,0.02%,11,6,0.00%,0.04%,66.67%,50.00%,1,1,14.29%,50.00%,"375,00 €","375,00 €",1,1
B0CQMGXXSW,B0CQMGXXSW,"HENDI Chafing Dish Eléctrico UNIQ, 12,5L, Verde",H470435,12,3,0.00%,0.03%,26,13,0.00%,0.09%,4.76%,9.09%,1,1,8.33%,33.33%,"161,98 €","161,98 €",1,1
B0CQMTRX9C,B0CQMTRX9C,"HENDI Hacha de carnicero profesional, herramienta para manipular y cortar carne, hoja de acero inoxidable de 125 mm de largo, mango ergonómico de polietileno blanco de 450 mm",H843390,23,0,0.01%,0.00%,27,0,0.00%,0.00%,84.62%,0.00%,1,0,4.35%,0.00%,"122,99 €","0,00 €",1,0
B0D269G58Y,B0D269G58Y,"HENDI Contenedor para huevos OVOBOX 120, con tapa y 8 bandejas, GN 2/3, 18L, 355x325x(H) 200mm, PP y PS",H8711369870785,9,3,0.00%,0.03%,11,4,0.00%,0.03%,100.00%,100.00%,3,3,33.33%,100.00%,"99,75 €","99,75 €",1,1
B0D33KQF9C,B0D33KQF9C,"HENDI Tabla de cortar, con ranura de goteo, orificio de colgar y soportes antideslizantes de silicona, tabla de corte de cocina, 440x325x(H)6mm, compuesto de fibra de madera, marrón",H505748,4,0,0.00%,0.00%,4,0,0.00%,0.00%,100.00%,0.00%,1,0,25.00%,0.00%,"33,25 €","0,00 €",1,0
B0D66VBGCN,B0D66VBGCN,"HENDI Batidora de mano, brazo batidor: 300mm, velocidad variable: 4000 a 16000 RPM, procesa hasta 30L, batidora de brazo, de inmersión, ø100x(H)716mm, 230V/350W, acero inoxidable, poliamida",H221327,1,1,0.00%,0.01%,1,1,0.00%,0.01%,100.00%,100.00%,1,1,100.00%,100.00%,"215,00 €","215,00 €",1,1
B0DKP68T32,B0DJBYWJB7,Arcos Serie Eclipse - Cuchillo de Chef - Hoja de Acero Inoxidable Forjado con Filo Seda Plus de 200 mm - Pulido Brillo Especial - Mango Acrílico - Color Negro,213500_,94,2,0.02%,0.02%,144,2,0.03%,0.01%,57.25%,0.00%,1,0,1.06%,0.00%,"73,99 €","0,00 €",1,0
B0DKP7F29P,B0DJC1RQ9T,"Arcos Serie Samoa Iconic | Cacerola Antiadherente Cerámico 20 cm y 2,6 L | Aluminio Forjado | Apta cualquier cocina | Mango Acero Inoxidable | Color Negro | LIBRE DE (PFOA/PTFE/PFOS)",716922,92,0,0.02%,0.00%,111,0,0.02%,0.00%,53.21%,0.00%,1,0,1.09%,0.00%,"53,95 €","0,00 €",1,0
B0DPKXM18X,B0DNQX2BZN,"CUPERINOX Soporte Jamonero Plegable | Jamonero Giratorio | Jamonero de Bambú con Cuchillo Profesional, Afilador y Funda para Jamón | Elite Collection",20270_fbm,230,12,0.06%,0.12%,287,17,0.05%,0.11%,97.43%,100.00%,1,1,0.43%,8.33%,"46,98 €","46,98 €",1,1
B0DPLG5V7Q,B0DPJBBJC4,"CUPERINOX® Tazas de Café Espresso de Cristal – Set 2 80ml- Aptas para lavavajillas- Resistentes al Calor – Tazas Bonitas de Café, Té Originales y Elegantes – Aroma Series",26120_,149,3,0.04%,0.03%,182,3,0.03%,0.02%,99.44%,100.00%,1,0,0.67%,0.00%,"11,99 €","0,00 €",1,0
B0DPLG5V7Q,B0DPKNBVYD,CUPERINOX Tazas de Cafe con leche de Cristal - Vaso cafe - Vaso Cristal - 270ml (Set de 2) - Apto para Lavavajillas y Microondas - Aroma Series,26122_,16,0,0.00%,0.00%,19,0,0.00%,0.00%,100.00%,0.00%,1,0,6.25%,0.00%,"19,99 €","0,00 €",1,0
B0DVT6KPDV,B0DT73LYPQ,"CUPERINOX Cuchillos Montessori | Set de Cuchillos Infantiles de 16 Piezas | Cuchillos Niños Aprendizaje +2 Años | Incluye Delantal, Guante de Seguridad, Moldes Tabla de Cortar | Kids Collection",27016_,337,8,0.08%,0.08%,515,9,0.09%,0.06%,99.19%,100.00%,1,0,0.30%,0.00%,"19,99 €","0,00 €",1,0
B0DVT6KPDV,B0DT75PQN7,"CUPERINOX Kit Cocina Montessori | Cuchillos Niños Aprendizaje +2 Años | Set Completo de Cuchillos Infantiles de 17 Piezas | Incluye Tijeras, Moldes, Batidor, Tabla y Cuchillo Seguro",27017,144,2,0.04%,0.02%,191,3,0.03%,0.02%,99.44%,100.00%,1,0,0.69%,0.00%,"19,99 €","0,00 €",1,0
B0DVG51R3F,B0DVG51R3F,"HENDI Baño María Eléctrico, 3x GN 1/3 con Tapas",H238967,28,4,0.01%,0.04%,36,5,0.01%,0.03%,96.97%,100.00%,1,0,3.57%,0.00%,"162,50 €","0,00 €",1,0
B0DQV6381X,B0F2Q1K35T,CUPERINOX Soporte Jamonero Balancín | Jamonero Giratorio Profesional | Jamonero Madera | Jamonera Profesional | Tabla Cortar Jamon,20265_SC,243,5,0.06%,0.05%,324,6,0.06%,0.04%,98.02%,100.00%,1,0,0.41%,0.00%,"84,99 €","0,00 €",1,0
B0FJLTDB9J,B0F9L19CF8,Set de Cortauñas Profesional,21931+21932,12,0,0.00%,0.00%,13,0,0.00%,0.00%,100.00%,0.00%,1,0,8.33%,0.00%,"6,99 €","0,00 €",1,0
B0FD3NTQVM,B0FD3NTQVM,VINFERMATÓN Spray Antimosquitos + Post Picaduras | Eficaz contra mosquito tigre | +8 Horas de proteccion | Apto para niños | Facilidad de Uso | MADE IN SPAIN,PACKREPELENTE+ROLLON,11,0,0.00%,0.00%,11,0,0.00%,0.00%,100.00%,0.00%,1,0,9.09%,0.00%,"12,99 €","0,00 €",1,0
B0FJRVHBWH,B0FHKWLB7X,"CUPERINOX Tijeras peluqueria profesional 16,5cm | Tijeras corte pelo afiladas precisas hombre mujer barbero estilista | Acero inoxidable duradero | Acabado mate elegante | Ideal uso doméstico y salón",21863,12,0,0.00%,0.00%,24,0,0.00%,0.00%,30.77%,0.00%,1,0,8.33%,0.00%,"9,99 €","0,00 €",1,0
B0FJRVHBWH,B0FHKWY9F2,CUPERINOX Tijeras peluqueria profesional 15cm | Tijeras entresacar dentadas vaciar pelo texturizar cabello | Barbero estilista hombre mujer | afiladas acero inoxidable | Uso doméstico y salón,21861,8,0,0.00%,0.00%,15,0,0.00%,0.00%,100.00%,0.00%,1,0,12.50%,0.00%,"9,99 €","0,00 €",1,0
B0DKP7F29P,B0FS7XZKVF,"Arcos Sartén Samoa Inox 20 cm, Acero inoxidable tricapa sin PFAS",726100,151,1,0.04%,0.01%,185,1,0.03%,0.01%,55.93%,0.00%,1,0,0.66%,0.00%,"33,95 €","0,00 €",1,0
B08TWZYBPZ,B0FZC8B2NX,"CUPERINOX - Estuche de Cuchillos Profesionales de Cocina 4 Piezas | Chef 20 cm, Santoku 18 cm, Universal 13 cm y Pelador 9 cm | Acero Inoxidable de Alta Precisión | Mango Ergonómico",19301,646,6,0.16%,0.06%,827,7,0.15%,0.05%,100.00%,100.00%,1,0,0.15%,0.00%,"32,95 €","0,00 €",1,0
B0FZCGBRVR,B0FZCGBRVR,CUPERINOX - Cuchillo Pelador Forjado Profesional 9 cm | Hoja de Acero Inoxidable de Alta Precisión | Mango Ergonómico Antideslizante | Cuchillo de Cocina para Frutas y Verduras,19304,42,1,0.01%,0.01%,55,1,0.01%,0.01%,97.87%,100.00%,1,1,2.38%,100.00%,"11,99 €","11,99 €",1,1
B0H4HJ1QBT,B0FZKN2FKC,Xpartan Clean | Pack 2 x 500ml | Limpiador de Suelos Multisuperficie para Robots de Limpieza | Concentrado y Perfumado para todo tipo de Robots y Marcas,XPARTAN_PACK2,9,1,0.00%,0.01%,12,1,0.00%,0.01%,100.00%,100.00%,1,0,11.11%,0.00%,"15,99 €","0,00 €",1,0
B0G4SGJSBJ,B0G21D2KFZ,"BIOLEAF– Desincrustante Baños Antical Pack 4×750 ml (3 L) | Limpieza Profesional de Lavabos, Ducha y Bañera | Brillo Inmediato | Biodegradable y Dermatológicamente Testado",3498,49,0,0.01%,0.00%,54,0,0.01%,0.00%,100.00%,0.00%,1,0,2.04%,0.00%,"19,99 €","0,00 €",1,0
B0G65J8F3L,B0G21RGP5T,BIOLEAF– Multiusos Brillo Duradero Pack 4×750 ml (3 L) | Limpieza de Muebles y Superficies | Anti-polvo Eficaz | Biodegradable y Dermatológicamente Testado,3474,32,0,0.01%,0.00%,40,0,0.01%,0.00%,100.00%,0.00%,1,0,3.13%,0.00%,"19,99 €","0,00 €",1,0
B0G65J8F3L,B0G25V4VFF,BIOLEAF– Multiusos Brillo Duradero Pack 8×750 ml (6 L) | Limpieza Muebles y Superficies | Anti-polvo | Biodegradable y Dermatológicamente Testado,3818,26,0,0.01%,0.00%,31,0,0.01%,0.00%,96.43%,0.00%,1,0,3.85%,0.00%,"27,99 €","0,00 €",1,0
B0G4RSR32Y,B0G25YRZ7Y,"BIOLEAF® – Desengrasante Cocina Profesional Pack 8×750 ml (6 L) | Antigrasa Potente para Hornos, Campanas y Superficies | Sin Disruptores Endocrinos | Fórmula Biodegradable|100% HECHO EN ESPAÑA",3788,33,1,0.01%,0.01%,36,2,0.01%,0.01%,100.00%,100.00%,1,0,3.03%,0.00%,"29,99 €","0,00 €",1,0
B0G2CMWG78,B0G2CMWG78,VINFER| WINS018 Limpiador Amoniacal Pino Concentrado 250 ml | Rinde 5 Litros | Potente Detergente Desengrasante e Higienizante | Limpieza Profunda y Frescor Natural | 100% Made in Spain,WC018,13,2,0.00%,0.02%,16,2,0.00%,0.01%,100.00%,100.00%,1,0,7.69%,0.00%,"9,99 €","0,00 €",1,0
B0G2CSJD3L,B0G2CSJD3L,Ambientador Floral superconcentrado. 5 Litros con solo 250 ml. Ahorro total,WC010,20,1,0.00%,0.01%,26,3,0.00%,0.02%,95.65%,100.00%,1,0,5.00%,0.00%,"12,99 €","0,00 €",1,0
B0G2DTP9QC,B0G2DTP9QC,VINFER-WINS018 –Limpiador Amoniacal Pino| Pack Ahorro: Garrafa 5L + Concentrado 250 ml | Rinde 10 Litros Totales | Desengrasante e Higienizante con Frescor Natural | 100% Made in Spain,WC018+018,7,0,0.00%,0.00%,7,0,0.00%,0.00%,100.00%,0.00%,1,0,14.29%,0.00%,"19,99 €","0,00 €",1,0
B0G2F523YW,B0G2F523YW,VINFER- WINS017 –Limpiador Magnolia| Pack Ahorro: Garrafa 5L + Concentrado 250 ml | Rinde 10 Litros Totales | Limpieza Neutra con Fragancia Floral Elegante | 100% Made in Spain,WC017+017,11,0,0.00%,0.00%,14,0,0.00%,0.00%,100.00%,0.00%,1,0,9.09%,0.00%,"19,99 €","0,00 €",1,0
B0G44H4PJM,B0G44H4PJM,WINS 007 - Friegasuelos Concentrado 250 ml | Rinde 5 L,WC007,12,0,0.00%,0.00%,26,0,0.00%,0.00%,100.00%,0.00%,4,4,33.33%,0.00%,"35,96 €","35,96 €",1,1
B0G4F8D9B5,B0G4F8D9B5,"CUPERINOX Cuchillos Niños | Juego de Cuchillos Infantiles de 8 Piezas | Kit Cocina Método Montessori Aprendizaje +2 Años | Incluye Tabla de Cortar, Pelador y Cuchillo de Madera (8)",27007_,22,0,0.01%,0.00%,27,0,0.00%,0.00%,100.00%,0.00%,5,5,22.73%,0.00%,"54,93 €","54,93 €",1,1
B0G67DKSXN,B0G66TDWL6,BIOLEAF – Gel WC Esencias Marinas Pack 8×750 ml (6 L) | Limpieza Profunda del Inodoro | Gel Denso Sin Salpicaduras | Frescor Duradero | Biodegradable y Dermatológicamente Testado,3801,53,2,0.01%,0.02%,61,2,0.01%,0.01%,98.28%,50.00%,1,0,1.89%,0.00%,"26,99 €","0,00 €",1,0
B0G3ZJ89NB,B0G8KMC5DX,"CUPERINOX Jamonero Giratorio y Plegable | Jamonera base Inoxidable | Incluye Cuchillo Jamonero Alveolos 25 cm, Afilador y Funda para Jamón | Apto Jamones y Paletilla",RI-P28V-UV1Q,191,9,0.05%,0.09%,232,14,0.04%,0.09%,100.00%,100.00%,1,0,0.52%,0.00%,"69,99 €","0,00 €",1,0
B0HC7F5CCG,B0GT4YHKQ4,Amoniaco de Limpieza | 2 Litros,LAGARRAFITA_AMONIACO,37,3,0.01%,0.03%,44,4,0.01%,0.03%,95.24%,66.67%,1,0,2.70%,0.00%,"9,99 €","0,00 €",1,0
B0HC7F5CCG,B0GT539NRJ,Multisuperficies Desinfectante | 2 Litros | Aroma Eucalipto,LAGARRAFITA MULTISUPERFICIES,30,3,0.01%,0.03%,38,3,0.01%,0.02%,92.50%,40.00%,1,0,3.33%,0.00%,"9,99 €","0,00 €",1,0
B0H1RQ93K4,B0H1GXQFSG,"Pack de 12 emplatadores Cuadrados 8x4 cm en Acero Inoxidable presentaciones Gourmet, arroces, tartares y postres. Aptos lavavajillas",22573,27,1,0.01%,0.01%,37,2,0.01%,0.01%,100.00%,100.00%,1,0,3.70%,0.00%,"17,99 €","0,00 €",1,0
B0H1RQ93K4,B0H1HK9X3W,"CUPERINOX- Pack de 12 emplatadores Cuadrados 6x4 cm en Acero Inoxidable. Ideales para tartares, arroces, Mousse y postres. Reutilizables, duraderos y Aptos lavavajillas.",RX-Y34O-5BFX,21,0,0.01%,0.00%,32,0,0.01%,0.00%,100.00%,0.00%,1,0,4.76%,0.00%,"16,99 €","0,00 €",1,0
B0H4NLXP9W,B0H4NLXP9W,"VINFERMATÓN PRO I-96 Insecticida Avispas y Nidos 750 ml | Pulverización hasta 4 Metros | Acción Rápida | Eficaz contra Avispa Común, Avispa Velutina, Nidos, Moscas y Mosquito Tigre",VINFERMATÓN PRO I-96,25,1,0.01%,0.01%,41,3,0.01%,0.02%,94.12%,100.00%,1,0,4.00%,0.00%,"14,99 €","0,00 €",1,0
B0H4NQKX27,B0H4NQKX27,"VINFERMATÓN PRO I-79 Laca Insecticida Rastreros 750 ml | Anticucarachas y Antihormigas | Efecto Barrera Permanente | Eficaz contra Cucarachas, Hormigas y Chinches",VINFERMATÓN PRO I-79,7,0,0.00%,0.00%,9,0,0.00%,0.00%,100.00%,0.00%,1,0,14.29%,0.00%,"14,99 €","0,00 €",1,0
B0H4NQPFV1,B0H4NQPFV1,VINFERMATÓN PRO L-98 Limpiador Insecticida Rastreros 1L | Anticucarachas y Antihormigas | Aplicación sin Diluir | Perfume Lavanda | Eficaz contra Hormigas y Cucarachas,VINFERMATÓN PRO L-98 Limpiador1L,15,0,0.00%,0.00%,17,0,0.00%,0.00%,100.00%,0.00%,1,0,6.67%,0.00%,"14,99 €","0,00 €",1,0