ASIN (parent),ASIN (child),Título,SKU,Sesiones: total,Sesiones - Total - B2B,Porcentaje de sesiones: total,Porcentaje de sesiones: total - B2B,Visitas: total,Visitas - Total - B2B,Porcentaje de visitas: total,Porcentaje de visitas - Total - B2B,Porcentaje de ofertas destacadas (Buy Box),Porcentaje de ofertas destacadas: B2B,Unidades encargadas,Unidades encargadas - B2B,Porcentaje de unidades por sesión,Porcentaje de sesiones de unidades - B2B,Ventas de productos encargados,Ventas de productos encargados: B2B,Total de artículos de un pedido,Total de artículos de un pedido - B2B
B0FDL4Q2JB,B0FDL4Q2JB,VINFERMATON – Insecticida Avispas y Avisperos Exterior Pack 2×600 ml | Antiavispas | Alcance hasta 4 m | Acción Inmediata Profesional | 100% MADE IN SPAIN,AVISPAS_PACK_2,"2,620",145,0.90%,1.73%,"3,786",194,0.92%,1.62%,98.99%,100.00%,598,64,22.82%,44.14%,"10.457,43 €","1.118,64 €",540,46
B09NT4VRN7,B0812BKN39,Arcos Juego de Cuchillos Mondadores de 3 Piezas,859800_barras_arcos,"7,293",156,2.51%,1.86%,"9,543",216,2.33%,1.80%,45.21%,64.20%,329,36,4.51%,23.08%,"3.388,76 €","356,02 €",298,31
B0BGRT2BVV,B09G9WBKPG,Arcos Juego de 6 Cuchillos de Mesa Chuleteros Hoja 110 mm Negro 705500,805109_uss,"4,275",145,1.47%,1.73%,"6,297",195,1.54%,1.63%,69.28%,44.09%,365,24,8.54%,16.55%,"4.471,21 €","293,88 €",290,18
B09DYJY471,B08MTCRCT4,Arcos Juego Cuchillos Cocina Profesionales| Cuchillos Cocina Profesional | Cuchillos Acero Inoxidable Mango Negro | utensilios de cocina | cuchillo japones Santoku | lavavajillas (5 Piezas),816800,"5,087",127,1.75%,1.51%,"7,357",162,1.79%,1.35%,97.67%,97.14%,178,4,3.50%,3.15%,"5.325,12 €","119,96 €",177,4
B09DYJY471,B08MTCRCT4,Arcos Juego Cuchillos Cocina Profesionales| Cuchillos Cocina Profesional | Cuchillos Acero Inoxidable Mango Negro | utensilios de cocina | cuchillo japones Santoku | lavavajillas (5 Piezas),816800fbm,"5,087",127,1.75%,1.51%,"7,357",162,1.79%,1.35%,97.67%,97.14%,163,19,3.20%,14.96%,"4.883,06 €","564,50 €",160,17
B09NT4VRN7,B0812BKN39,Arcos Juego de Cuchillos Mondadores de 3 Piezas,859800_,"7,293",156,2.51%,1.86%,"9,543",216,2.33%,1.80%,45.21%,64.20%,179,36,2.45%,23.08%,"1.831,95 €","331,54 €",149,17
B0BGRT2BVV,B09G9WBKPG,Arcos Juego de 6 Cuchillos de Mesa Chuleteros Hoja 110 mm Negro 705500,705500(805109),"4,275",145,1.47%,1.73%,"6,297",195,1.54%,1.63%,69.28%,44.09%,173,5,4.05%,3.45%,"2.067,38 €","59,95 €",149,2
B08J488ZQG,B089QP6MYJ,Arcos Juego Cuchillos Carne | 6 Piezas | Cuchillos carne cuchillo chuleteros | cubiertos acero inoxidable | Hoja 110 mm | mango monobloque | aptos lavavajillas | Caja Envase Ecológico,815600_fba,"4,206",99,1.45%,1.18%,"5,977",144,1.46%,1.20%,98.97%,98.06%,178,2,4.23%,2.02%,"4.805,41 €","54,00 €",147,1
B0FDL4Q2JB,B0FDL4Q2JB,VINFERMATON – Insecticida Avispas y Avisperos Exterior Pack 2×600 ml | Antiavispas | Alcance hasta 4 m | Acción Inmediata Profesional | 100% MADE IN SPAIN,V0020_PACK_Fba,"2,620",145,0.90%,1.73%,"3,786",194,0.92%,1.62%,98.99%,100.00%,153,6,5.84%,4.14%,"2.814,47 €","110,94 €",142,6
B017HKRCGK,B005LR7A1Y,ARCOS Bolsa para Cuchillos 100% Poliéster 460x275 mm,690200_,"1,751",32,0.60%,0.38%,"2,816",52,0.69%,0.43%,77.62%,76.92%,152,7,8.68%,21.88%,"2.389,70 €","105,95 €",141,6
B08J488ZQG,B089QP6MYJ,Arcos Juego Cuchillos Carne | 6 Piezas | Cuchillos carne cuchillo chuleteros | cubiertos acero inoxidable | Hoja 110 mm | mango monobloque | aptos lavavajillas | Caja Envase Ecológico,815600_,"4,206",99,1.45%,1.18%,"5,977",144,1.46%,1.20%,98.97%,98.06%,179,29,4.26%,29.29%,"4.758,71 €","746,21 €",138,14
B08MT437W9,B08MT437W9,Arcos Juego Cuchillos Cocina Profesionales| Cuchillos Cocina Profesional | 6 pzas | Cuchillos Acero Inoxidable Mango Negro | utensilios de cocina serie Niza | Apto lavavajillas,812900,"2,275",42,0.78%,0.50%,"3,113",54,0.76%,0.45%,99.75%,100.00%,130,6,5.71%,14.29%,"4.289,78 €","197,94 €",126,4
B07YM65C6J,B007TS6HMQ,ARCOS Pinza para Pescado Acero Inoxidable,605000_caja,617,22,0.21%,0.26%,851,27,0.21%,0.23%,99.07%,89.47%,113,12,18.31%,54.55%,"1.041,30 €","109,37 €",111,10
B0G6M1C8V6,B0D4WK78XV,CUPERINOX Aceiteras para Aceite Usado | Grasera Acero Inoxidable 550ML con Filtro Metálico | Recipiente para Aceite Usado de Cocina y Grasa | Grasera Cocina Metálica 550ML 2Uds Metálico,F22105-22106,"1,291",20,0.45%,0.24%,"1,918",33,0.47%,0.28%,99.48%,100.00%,107,1,8.29%,5.00%,"1.282,93 €","11,99 €",107,1
B0F9TD2LTH,B09CL776WP,CUPERINOX® Cuchillos de Mesa Acero Inoxidable – Set 12 Cuchillos para Carne con Filo Dentado – Aptos Lavavajillas – Uso Diario y Profesional,15015,"1,145",62,0.39%,0.74%,"1,801",123,0.44%,1.03%,98.37%,98.89%,221,82,19.30%,132.26%,"4.488,39 €","1.570,78 €",105,26
B0FJLTDB9J,B09RP6V156,"CUPERINOX® Alicates para pedicura, Profesional, Cortaúñas de Pies, Acero Inoxidable, Mango Ergonómico Antideslizante, Fácil Limpieza, Con Funda, 2 Años de Garantía",21920AM,885,13,0.31%,0.15%,"1,361",20,0.33%,0.17%,98.94%,92.86%,120,23,13.56%,176.92%,"1.269,16 €","202,77 €",100,8
B0F1N351DY,B072FGV2YH,Arcos Juego de 6 Cuchillos Mondadores Acero Inoxidable 100 mm,189100,"4,483",180,1.55%,2.14%,"6,575",266,1.60%,2.22%,13.71%,2.13%,94,0,2.10%,0.00%,"1.583,90 €","0,00 €",91,0
B0DPKXM18X,B0DNQT7LV3,"CUPERINOX Soporte Jamonero Balancín | Jamonero Giratorio Profesional | Jamonero Madera | Incluye Cuchillo Profesional, Afilador Funda Cubre Jamón| Jamoneros Elite Collection",20265_fbm,"2,002",59,0.69%,0.70%,"3,592",120,0.88%,1.00%,97.61%,98.80%,92,3,4.60%,5.08%,"8.279,08 €","269,97 €",91,3
B09KJLG7BT,B08KW4BFZ9,CUPERINOX Jamonero Profesional | Soporte jamonero Tipo Gondola| Base de Corte para Usar con Cuchillo jamonero | Jamon iberico | Fabricado en España,2020CUP,586,14,0.20%,0.17%,874,21,0.21%,0.18%,81.47%,78.57%,90,2,15.36%,14.29%,"1.259,10 €","27,98 €",90,2
B0F4WTVT1Z,B09GPS4SQN,"HENDI Pasta combustible para Chafing Dish, 12 x 200 g",H194362,857,64,0.30%,0.76%,"1,321",95,0.32%,0.79%,79.10%,77.61%,104,24,12.14%,37.50%,"2.078,96 €","479,76 €",86,14
B007093L9G,B007093L9G,"HENDI Pasta combustible, en botella, sin hollín y sin olor, tiempo de combustión ±3 horas, gel combustible, gel bioetanol, para calentar alimentos, para calientaplatos, chafing dish, 1L, 1 unidad",H195109,849,46,0.29%,0.55%,"1,263",81,0.31%,0.68%,62.85%,15.22%,94,1,11.07%,2.17%,"940,15 €","9,89 €",81,1
B09DYJY471,B08MQJCD2V,Arcos Juego Cuchillos Cocina Profesionales| Cuchillos Cocina Profesional | Cuchillos Acero Inoxidable Mango Negro | utensilios de cocina | cuchillo japones Santoku | lavavajillas (4 Piezas),816900,"1,338",24,0.46%,0.29%,"1,733",27,0.42%,0.23%,99.75%,100.00%,78,0,5.83%,0.00%,"2.027,22 €","0,00 €",78,0
B0DNNL2TZQ,B0DNN57WC1,"CUPERINOX Aceitera de Cristal Antigoteo para Aceite de Oliva, Resistente y Fácil de Limpiar Gourmet Oil Collection (250 Ml)",22022_,613,18,0.21%,0.21%,864,21,0.21%,0.18%,94.28%,92.86%,72,1,11.75%,5.56%,"863,28 €","11,99 €",70,1
B0752X1ZCK,B07G77NN26,Arcos Cuchillos de Mesa - Caja de 12 uds Cuchillo Chuletero Cuchillo de Mesa - Hoja de Acero Inoxidable NITRUM 110 mm - Mango de Nylon - Color Negro (12 uds),803000_fmb,"1,037",29,0.36%,0.35%,"1,576",39,0.38%,0.33%,94.71%,93.33%,80,8,7.71%,27.59%,"2.317,46 €","230,18 €",69,7
B08GSTDWTC,B08LVVQ3ZQ,"Arcos Serie Nova - Cuchillo para pelar, Acero Inoxidable NITRUM, Envase Ecológico, 3 colores Fucsia, Turquesa y Amarillo",703700fbm,543,18,0.19%,0.21%,791,33,0.19%,0.28%,99.41%,94.12%,77,6,14.18%,33.33%,"914,23 €","62,94 €",69,6
B09N7S17J6,B09D3YRGL9,"CUPERINOX Navaja Plegable Multiusos – Hoja de Acero Inoxidable 80 mm (Filo Liso + Serrado), Punta Rompevidrios, Apertura Rápida, Clip de Cinturón, Herramienta para Camping, Caza, Pesca y Supervivencia",30061_,"1,123",27,0.39%,0.32%,"1,574",38,0.38%,0.32%,99.12%,100.00%,86,9,7.66%,33.33%,"859,14 €","89,91 €",67,5
B095SDL23Y,B095SDL23Y,Arcos | cuchillos de mesa (6 ud) | cuchillos acero inoxidable con sierra cuchillo chuletero cuchillos chuleteros | Fabricado en España,813000_fbm,721,19,0.25%,0.23%,"1,079",23,0.26%,0.19%,99.46%,92.86%,73,2,10.12%,10.53%,"1.203,77 €","32,98 €",66,2
B0752X4WZ6,B017DLMFXS,ARCOS Pinzas para Emplatar Acero Inoxidable 200 mm,606300FBM,"2,009",45,0.69%,0.54%,"2,647",56,0.65%,0.47%,42.47%,26.19%,72,3,3.58%,6.67%,"846,00 €","35,25 €",65,2
B0FH2NLMGN,B0FH2NLMGN,VINFERMATON Insecticida Hormigas y Cucarachas Residual | Antihormigas | Pack 2×400 ml | Efecto hasta 1 año | Interior y Exterior | Profesional Doméstico | 100% MADE IN SPAIN,V0012_PACK2,579,30,0.20%,0.36%,859,46,0.21%,0.38%,87.19%,50.00%,79,8,13.64%,26.67%,"1.179,26 €","114,72 €",64,4
B0FT8NPR4X,B0FT8NPR4X,BIOLEAF® – Gel WC + Desincrustante Baños Pack 2×750 ml | Limpieza Antical Baño | Fórmula Biodegradable con Esencias Marinas | Dermatológicamente Testado|100% MADE IN SPAIN,3429,780,7,0.27%,0.08%,963,10,0.23%,0.08%,97.78%,100.00%,63,3,8.08%,42.86%,"629,37 €","29,97 €",62,3
B0189HXS8Q,B017DLLIUO,Arcos Navaja Profesional Acero Inoxidable 85 mm,485929,895,17,0.31%,0.20%,"1,246",22,0.30%,0.18%,91.67%,100.00%,72,8,8.04%,47.06%,"541,32 €","58,12 €",58,2
B0CYTKGNPM,B0CW68KM18,Pelador de Cocina ARCOS - Hoja de Acero Inoxidable | Mango Ergonómico | Herramienta Versátil para Pelar Frutas y Verduras,607300_,"1,019",33,0.35%,0.39%,"1,244",39,0.30%,0.33%,67.18%,62.07%,66,14,6.48%,42.42%,"552,69 €","110,93 €",57,8
B08M7BMR2S,B00I9XTLSC,ARCOS Afilador Profesional Manual Cerámica y Carbono Rojo-Negro,610600,"4,088",93,1.41%,1.11%,"5,677",133,1.38%,1.11%,12.75%,4.94%,55,0,1.35%,0.00%,"710,47 €","0,00 €",54,0
B071PB1GX3,B071PB1GX3,WINS 007 - Friegasuelos Perfumado | Garrafa 5 L,WINS007,352,26,0.12%,0.31%,453,33,0.11%,0.28%,51.48%,96.43%,68,29,19.32%,111.54%,"679,49 €","289,71 €",54,21
B07YM65C6J,B007TS6HMQ,ARCOS Pinza para Pescado Acero Inoxidable,605000_605010,617,22,0.21%,0.26%,851,27,0.21%,0.23%,99.07%,89.47%,52,2,8.43%,9.09%,"493,48 €","18,98 €",51,2
B0DNNL2TZQ,B0DNN4J6Q8,"CUPERINOX Aceitera antigoteo cristal para Aceite de Oliva, Vinagre etc. A prueba de fugas, Aceitera cristal antigoteo tambien aceiteros cocina ideal para Ensaladas, BBQ, cooking oil container (125 ML)",22021_,715,18,0.25%,0.21%,972,26,0.24%,0.22%,100.00%,100.00%,70,4,9.79%,22.22%,"797,34 €","39,00 €",51,1
B08M7BMR2S,B08LNRV6N6,"Arcos Afiladores, Afilador de Cuchillos de Mano, Hecho de ABS + TPE, Rodillos Cerámico y Carburo, Color Blanco y Negro",610624,680,25,0.23%,0.30%,868,26,0.21%,0.22%,99.47%,100.00%,50,0,7.35%,0.00%,"683,06 €","0,00 €",50,0
B0DKP7F29P,B0DJBZ1M2L,Arcos Serie Samoa Iconic | Sarten Antiadherente Cerámico 24 cm | Aluminio Forjado | Apta cualquier cocina | Mango Acero Inoxidable | Apta lavavajillas | Color Beige | LIBRE DE (PFOA/PTFE/PFOS),716324,738,14,0.25%,0.17%,"1,066",18,0.26%,0.15%,98.13%,100.00%,49,0,6.64%,0.00%,"1.886,50 €","0,00 €",48,0
B0189HXS8Q,B015QGR3CK,Arcos Serie Navajas Profesionales - Navaja Profesional - Hoja Filo de Acero Inoxidable NITRUM de 85 mm - Navaja de Acero Inoxidable Color amarillo,485900_fbm,"1,011",17,0.35%,0.20%,"1,369",28,0.33%,0.23%,92.92%,100.00%,57,0,5.64%,0.00%,"413,25 €","0,00 €",46,0
B08M9NWMW8,B08M9NWMW8,Arcos Juego de Cuchillos de Cocina Profesional y Afilador | 7 Piezas | Acero Inoxidable | Taco de Madera | Serie Niza | Uso Cotidiano | Apto para Lavavajillas,835800FBM,"1,081",19,0.37%,0.23%,"1,623",30,0.40%,0.25%,99.42%,96.30%,46,2,4.26%,10.53%,"2.529,54 €","109,98 €",45,2
B0DNNKT1W2,B0DNNJPRXB,"Cuperinox-Tetera de Cristal con Infusor para Té e Infusiones, Resistente al Calor y Compatible con Microondas ** - Infusion Prestige Collection (550 ml)",26111_,911,20,0.31%,0.24%,"1,292",31,0.31%,0.26%,99.74%,100.00%,46,2,5.05%,10.00%,"778,87 €","31,03 €",45,2
B06XD39V8J,B06XD39V8J,VINFERMATON – Insecticida Cucarachas y Hormigas Residual 400 ml | Spray Efecto Duradero para Interior y Exterior | Profesional Doméstico | 100 % MADE IN SPAIN,V0012_,635,16,0.22%,0.19%,950,23,0.23%,0.19%,17.17%,0.00%,54,1,8.50%,6.25%,"427,08 €","7,82 €",42,1
B0DNNKT1W2,B0DNNFJ5J7,"Cuperinox-Tetera de Cristal con Infusor para Té e Infusiones, Resistente al Calor y Compatible con Microondas ** - Infusion Prestige Collection (350 ml)",26110,"1,552",28,0.54%,0.33%,"2,148",40,0.52%,0.33%,99.95%,100.00%,53,10,3.41%,35.71%,"766,47 €","121,90 €",39,2
B0DNNL2TZQ,B0DNNFGWNJ,"CUPERINOX Aceitera de Cristal Antigoteo para Aceite de Oliva, Resistente y Fácil de Limpiar Gourmet Oil Collection (500 Ml)",22023_,435,13,0.15%,0.15%,588,17,0.14%,0.14%,96.33%,100.00%,47,6,10.80%,46.15%,"686,58 €","71,99 €",38,3
B0DKP7F29P,B0DJBZPLJF,Arcos Serie Samoa Iconic | Sarten Antiadherente Cerámico 28 cm | Aluminio Forjado | Apta cualquier cocina | Mango Acero Inoxidable | Apta lavavajillas | Color Beige | LIBRE DE (PFOA/PTFE/PFOS),716524,496,10,0.17%,0.12%,686,11,0.17%,0.09%,94.42%,100.00%,38,2,7.66%,20.00%,"1.708,10 €","89,90 €",37,2
B0DKP7F29P,B0DJBZ7G4Y,Arcos Serie Samoa Iconic | Sarten Antiadherente Cerámico 20 cm | Aluminio Forjado | Apta cualquier cocina | Mango Acero Inoxidable | Apta lavavajillas | Color Beige | LIBRE DE (PFOA/PTFE/PFOS),716124,698,10,0.24%,0.12%,932,12,0.23%,0.10%,98.69%,100.00%,37,0,5.30%,0.00%,"1.256,15 €","0,00 €",36,0
B0FT8QFSK3,B0FT8QFSK3,BIOLEAF® – Multiusos + Desengrasante Pack 2×750 ml | Limpieza Hogar y Cocina | Potente Antigrasa y Multiusos Brillo Duradero | Fórmula Biodegradable con Esencia Limón | 100% MADE IN SPAIN,3443,642,5,0.22%,0.06%,815,7,0.20%,0.06%,97.48%,100.00%,38,0,5.92%,0.00%,"379,62 €","0,00 €",36,0
B0786LYQTP,B0786LYQTP,VINFER- Limpiador y Abrillantador Inox 600 ml | Limpieza y Protección Acero Inoxidable | Efecto Brillo Duradero | Desengrasa y Cuida Superficies Inoxidables | Spray Profesional,VP_Inox600Ml,304,16,0.10%,0.19%,442,24,0.11%,0.20%,74.88%,100.00%,71,40,23.36%,250.00%,"516,57 €","265,89 €",35,6
B07G75XCXM,B07G75XCXM,"Arcos Serie Cuchillos de Mesa Caja 12 uds Cuchillo Mesa, Hoja Serrada de Acero Inoxidable NITRUM de 125 mm, Mango Polipropileno Color crema (12 UDS)",370200_us,492,16,0.17%,0.19%,770,26,0.19%,0.22%,90.75%,100.00%,39,5,7.93%,31.25%,"778,01 €","98,35 €",35,4
B09GSCQQF9,B07G77FNSF,"Arcos Serie Cuchillos de Mesa Caja 12 uds Cuchillo Postre, Hoja Serrada de Acero Inoxidable NITRUM de 105 mm, Mango Polipropileno Color crema (12 UDS)",370100_us,302,10,0.10%,0.12%,472,16,0.12%,0.13%,97.16%,100.00%,45,14,14.90%,140.00%,"815,00 €","249,25 €",35,6
B0714CRSCQ,B0714CRSCQ,Arcos Cuchillo Mondador Negro 100 mm,150300,416,9,0.14%,0.11%,619,14,0.15%,0.12%,57.98%,0.00%,37,0,8.89%,0.00%,"368,15 €","0,00 €",31,0
B0788NSRGR,B0788NSRGR,WINS-Detergente Máquinas Lavavajillas Profesional Aguas Duras 012 | Garrafa 5 L | Limpieza Potente de Vajilla en Lavavajillas Industriales | Uso Profesional | 100% Made in Spain,WINS012_5l,133,25,0.05%,0.30%,208,43,0.05%,0.36%,57.14%,100.00%,49,33,36.84%,132.00%,"797,42 €","527,78 €",31,17
B08JCVQ4QL,B08JCVQ4QL,"Arcos Series Niza - Juego de Cuchillos Cocina, 6 Piezas, Cuchillos Verduras 110 mm, + Cuchillo Mesa, Envase 100% Ecológico, Acero Inoxidable NITRUM",809400,588,10,0.20%,0.12%,899,17,0.22%,0.14%,98.26%,100.00%,31,2,5.27%,20.00%,"619,69 €","39,98 €",31,2
B0FT8N82NY,B0FT8N82NY,BIOLEAF® – Lavavajillas+ Desengrasante Cocina Pack 2×750 ml | Limpieza Potente Antigrasa y Vajilla Reluciente | Fórmula Biodegradable con Esencia Limón | Dermatológicamente Testado| 100% MADE IN SPAIN,3436,"9,045",2,3.12%,0.02%,"15,018",2,3.66%,0.02%,95.61%,100.00%,32,0,0.35%,0.00%,"319,68 €","0,00 €",31,0
B0F54LTCFF,B00J4L7FEU,Arcos Hachuela Macheta de Cocina Acero Inoxidable 160 mm,282404_us,945,25,0.33%,0.30%,"1,387",35,0.34%,0.29%,45.98%,48.00%,31,4,3.28%,16.00%,"765,37 €","96,72 €",30,3
B017HKRCGK,B005LR7C44,ARCOS Bolsa Portacuchillos 12 Piezas Poliéster 730x510mm,690500_,498,12,0.17%,0.14%,697,16,0.17%,0.13%,82.79%,100.00%,30,1,6.02%,8.33%,"839,12 €","27,94 €",29,1
B08LVZCG23,B08LVZCG23,Arcos Juego de Cuchillos de Cocina Rosa | 3 pz | Cuchillo Chef para pelar Verduras | Edición Limitada | Solidaria,814500_fba,"3,414",19,1.18%,0.23%,"4,202",24,1.02%,0.20%,99.26%,100.00%,29,0,0.85%,0.00%,"864,51 €","0,00 €",29,0
B0G6M1C8V6,B0D4WK78XV,CUPERINOX Aceiteras para Aceite Usado | Grasera Acero Inoxidable 550ML con Filtro Metálico | Recipiente para Aceite Usado de Cocina y Grasa | Grasera Cocina Metálica 550ML 2Uds Metálico,22105-22106,"1,291",20,0.45%,0.24%,"1,918",33,0.47%,0.28%,99.48%,100.00%,29,1,2.25%,5.00%,"347,22 €","11,50 €",29,1
B0DNNL2TZQ,B0DNNF3839,"CUPERINOX Aceitera de Cristal Antigoteo para Aceite de Oliva, Resistente y Fácil de Limpiar Gourmet Oil Collection (1000 Ml)",22024,333,9,0.11%,0.11%,507,9,0.12%,0.08%,95.46%,100.00%,32,2,9.61%,22.22%,"575,98 €","35,98 €",29,1
B0DNNKT1W2,B0DNNFJ5J7,"Cuperinox-Tetera de Cristal con Infusor para Té e Infusiones, Resistente al Calor y Compatible con Microondas ** - Infusion Prestige Collection (350 ml)",26110_,"1,552",28,0.54%,0.33%,"2,148",40,0.52%,0.33%,99.95%,100.00%,29,0,1.87%,0.00%,"435,71 €","0,00 €",28,0
B08L8MV8XD,B005LR72SK,Arcos Juego de Cuchillos con Bloque Acero Inoxidable 6 piezas,136100_,"1,661",34,0.57%,0.40%,"2,233",41,0.54%,0.34%,55.55%,44.44%,28,4,1.69%,11.76%,"1.293,72 €","184,46 €",27,3
B0F1N351DY,B073V5RN1J,Arcos Cuchillo Mondador Acero Inoxidable NITRUM 100 mm - Ideal para Pelar Frutas y Verduras - Mango Ergonómico Polipropileno Negro - Serie Nova,816500_1pieza,517,8,0.18%,0.10%,653,12,0.16%,0.10%,98.29%,100.00%,33,3,6.38%,37.50%,"156,78 €","14,28 €",27,1
B07M8DDJ9B,B07M8DDJ9B,"WINS– Ambientador Lavanda Concentrado | Perfume Intenso y Duradero para Hogar, Oficinas y Espacios Comunes | Aroma Natural Relajante | Garrafa 5L | 100% Made in Spain",WINS008,272,14,0.09%,0.17%,371,26,0.09%,0.22%,53.85%,71.43%,34,14,12.50%,100.00%,"597,77 €","240,80 €",27,8
B0FHQJSLGJ,B0FHQJSLGJ,"VINFERMATON - Insecticida Antipolillas Perfumado | Pack 3 x 300 ml | Protección para Armarios, Ropa y Tejidos | Elimina Polillas y Larvas | Aroma Agradable | Uso en Ambientes y Textiles",V1308_PACK3,357,5,0.12%,0.06%,476,9,0.12%,0.08%,98.80%,42.86%,29,1,8.12%,20.00%,"376,93 €","12,99 €",27,1
B0G6M1C8V6,B0G6L13H45,"CUPERINOX Graseras 1 Litro Acero Inoxidable para Carne y Pescado con Filtro de Malla Fina – Recipiente para Aceite Usado, Antigoteo, Tapa Antisalpicaduras – Gourmet Oil Collection",22121,238,7,0.08%,0.08%,329,8,0.08%,0.07%,97.92%,100.00%,27,1,11.34%,14.29%,"404,73 €","14,99 €",27,1
B09QDH8MSK,B07N8VWHT9,Arcos Tacos - Bloque Universal para Cuchillos hasta 20 cm - Hecho de Caucho Termoplástico 220 x 160 x 65 mm - Color Negro,794500_,781,17,0.27%,0.20%,"1,213",23,0.30%,0.19%,52.36%,46.15%,26,1,3.33%,5.88%,"675,74 €","25,99 €",26,1
B0F1N351DY,B097RDB5T3,Arcos Juego de 3 Cuchillos Mondadores Acero Inoxidable 100 mm,816500_3piezas,566,24,0.20%,0.29%,719,29,0.18%,0.24%,54.58%,10.00%,28,3,4.95%,12.50%,"349,72 €","37,47 €",26,2
B0937XXT33,B01CQT1B5U,"Arcos Cuchillos de Mesa Juego de Cuchillos Chuleteros Cuchillos de Mesa, Monoblock de una pieza de Acero Inoxidable 110 mm, Color Plata (12 uds)",702000_us,431,14,0.15%,0.17%,684,19,0.17%,0.16%,73.31%,90.91%,28,2,6.50%,14.29%,"1.341,32 €","93,58 €",25,1
B08J488ZQG,B0987N2CBR,Arcos Juego Cuchillos Carne | 6 Piezas | Cuchillos carne cuchillo chuleteros | cubiertos acero inoxidable | Hoja 110 mm | mango monobloque | aptos lavavajillas | Caja Envase Ecológico,814000FBM,"1,061",28,0.37%,0.33%,"1,237",29,0.30%,0.24%,99.83%,100.00%,28,1,2.64%,3.57%,"785,10 €","27,99 €",25,1
B0FWJYP1S9,B0FWJYP1S9,"Arcos Afilador de cuchillos multiángulo, Preciso y duradero",610400_fbm,239,8,0.08%,0.10%,364,9,0.09%,0.08%,64.29%,44.44%,25,1,10.46%,12.50%,"673,75 €","26,95 €",25,1
B017HKSTCQ,B00VRWSIUO,Arcos Serie Ecopro - Tijeras de Cocina - Acero Inoxidable 240 mm - Mango de Acero Inoxidable - Color Plata,809800_,678,23,0.23%,0.27%,916,33,0.22%,0.28%,45.37%,22.22%,27,6,3.98%,26.09%,"492,75 €","109,50 €",24,4
B073JC3QG7,B073JC3QG7,"VINFER- Abrillantador Mopas Spray 750 ml | Limpieza, Protege y Abrillanta Parquet, Terrazo, Mármol, Linóleum y Gres | Formato Profesional",VP_MOPAS_NARANJA,239,3,0.08%,0.04%,354,4,0.09%,0.03%,97.45%,100.00%,28,2,11.72%,66.67%,"279,72 €","19,98 €",24,2
B0CN13SJ98,B0CN13SJ98,"HENDI Expositor con cubierta deslizante roll-top, Doble",H871768,498,35,0.17%,0.42%,765,61,0.19%,0.51%,91.92%,86.84%,26,1,5.22%,2.86%,"1.242,29 €","47,75 €",24,1
B0DNNKT1W2,B0DNNJPGTY,"Cuperinox-Tetera de Cristal con Infusor para Té e Infusiones, Resistente al Calor y Compatible con Microondas ** - Infusion Prestige Collection (750 ml)",26112_,373,8,0.13%,0.10%,513,10,0.13%,0.08%,93.22%,100.00%,24,1,6.43%,12.50%,"442,05 €","15,28 €",24,1
B0FGDF2SHZ,B0FGDF2SHZ,VINFERMATON Antihormigas Efecto Permanente | Insecticida Cucarachas y Hormigas Pack 2×600 ml | Efecto hasta 1 año | Interior y Exterior | Profesional y Doméstico | MADE IN SPAIN,V0013_PACK2,157,5,0.05%,0.06%,241,5,0.06%,0.04%,76.53%,100.00%,26,1,16.56%,20.00%,"401,96 €","15,46 €",24,1
B07F9GQZCB,B07F9GQZCB,Arcos Cuchillo para Verduras de 4 Pulgadas con Hoja de 105mm en Acero Inoxidable y Mango de Madera. Cuchillo para Vegetales Apto para Lavavajillas. Serie Latina. Color Marrón,100500_fba,364,15,0.13%,0.18%,563,19,0.14%,0.16%,91.08%,100.00%,22,3,6.04%,20.00%,"813,66 €","110,85 €",22,3
B093DSL44T,B07F9RV81Z,Arcos Cuchillo Chuletero de 4 Pulgadas con Hoja de 105mm en Acero Inoxidable y Mango de Madera. Cuchillo para Carne Apto para Lavavajillas. Serie Latina. Color Marrón,100400_fba,805,16,0.28%,0.19%,"1,204",21,0.29%,0.18%,68.64%,100.00%,26,0,3.23%,0.00%,"935,74 €","0,00 €",22,0
B0CQ5G2HVQ,B0BRNJF5D2,Arcos Serie Samoa | Lote de Sartenes 20 y 24 cm | Aluminio Forjado | Full Induction | Mango Acero Inoxidable Efecto Frio | Sistema ahorro energético | Apta lavavajillas | Color Negro,717810,601,14,0.21%,0.17%,841,17,0.21%,0.14%,96.35%,100.00%,22,0,3.66%,0.00%,"1.318,90 €","0,00 €",22,0
B0DNNKT1W2,B0DNNJPRXB,"Cuperinox-Tetera de Cristal con Infusor para Té e Infusiones, Resistente al Calor y Compatible con Microondas ** - Infusion Prestige Collection (550 ml)",26111,911,20,0.31%,0.24%,"1,292",31,0.31%,0.26%,99.74%,100.00%,24,1,2.63%,5.00%,"406,76 €","15,99 €",22,1
B017HKRCGK,B005LR7AWI,ARCOS Bolsa Portacuchillos 8 Piezas Poliéster 500x510mm,690400_,580,9,0.20%,0.11%,817,17,0.20%,0.14%,54.77%,50.00%,21,0,3.62%,0.00%,"524,79 €","0,00 €",21,0
B00ID2NEMS,B00ID2NEMS,LIMPIASALPICADEROS PROFESIONAL 750 ML.,VP_SALPICADEROS_750ML,200,16,0.07%,0.19%,305,20,0.07%,0.17%,64.42%,73.33%,42,15,21.00%,93.75%,"346,38 €","111,75 €",21,2
B08M7BMR2S,B08LNRV6N6,"Arcos Afiladores, Afilador de Cuchillos de Mano, Hecho de ABS + TPE, Rodillos Cerámico y Carburo, Color Blanco y Negro",610624_fbm,680,25,0.23%,0.30%,868,26,0.21%,0.22%,99.47%,100.00%,21,2,3.09%,8.00%,"287,70 €","27,40 €",21,2
B09DYJY471,B08MQJCD2V,Arcos Juego Cuchillos Cocina Profesionales| Cuchillos Cocina Profesional | Cuchillos Acero Inoxidable Mango Negro | utensilios de cocina | cuchillo japones Santoku | lavavajillas (4 Piezas),816900fba,"1,338",24,0.46%,0.29%,"1,733",27,0.42%,0.23%,99.75%,100.00%,21,1,1.57%,4.17%,"545,79 €","25,99 €",21,1
B0CYTKGNPM,B0CW66H3TR,Pelador de Tomate ARCOS - Hoja Serrada de Acero Inoxidable | Mango Ergonómico | Ideal para Tomates,607420,999,21,0.34%,0.25%,"1,089",23,0.27%,0.19%,99.80%,100.00%,22,1,2.20%,4.76%,"175,78 €","7,99 €",21,1
B0FWM351K4,B06Y66X8SW,CUPERINOX® Couture Series - Tijera Costura Profesional 10 cm | Acero Inoxidable de Alta Precisión | Corte Fino para Detalles y Acabados | Uso Doméstico y Profesional,21960,145,4,0.05%,0.05%,202,6,0.05%,0.05%,99.45%,100.00%,22,2,15.17%,50.00%,"153,78 €","13,98 €",20,2
B0G6M1C8V6,B0D4WK78XV,CUPERINOX Aceiteras para Aceite Usado | Grasera Acero Inoxidable 550ML con Filtro Metálico | Recipiente para Aceite Usado de Cocina y Grasa | Grasera Cocina Metálica 550ML 2Uds Metálico,22105y22106,"1,291",20,0.45%,0.24%,"1,918",33,0.47%,0.28%,99.48%,100.00%,20,0,1.55%,0.00%,"239,80 €","0,00 €",20,0
B07H1T4V1B,B07H1T4V1B,WINS – Fregasuelos Neutro Manzana 006 | Friegasuelos Limpiador para Suelos y Superficies con Aroma a Manzana Duradero | Garrafa 5 L | pH Neutro | 100% Made in Spain,WINS006,74,4,0.03%,0.05%,87,4,0.02%,0.03%,89.02%,75.00%,37,22,50.00%,550.00%,"381,57 €","216,72 €",19,7
B0FR444FLT,B07JJGXYZD,Arcos Set Cocina Serie Manhattan,858100,"2,637",48,0.91%,0.57%,"3,321",83,0.81%,0.69%,98.42%,98.08%,20,4,0.76%,8.33%,"1.639,80 €","327,96 €",19,3
B093313MH6,B093313MH6,Arcos | Cuchillo de deshuesar| Cuchillo deshuesador | cuchillo deshuesador jamón | cuchillo deshuesador (140 mm) Clásica| Envase Eco | cuchillo puntilla jamonero,256210_fba,347,6,0.12%,0.07%,480,7,0.12%,0.06%,99.07%,100.00%,23,3,6.63%,50.00%,"456,77 €","56,97 €",19,1
B0CVH8PC99,B0CQTJ6T66,"CUPERINOX® Cuchillos de Mesa Acero Inoxidable – Set Profesional 12 Piezas con Hoja Serrada de 11 cm y Mango Ergonómico Antideslizante – Para Carne, Verduras y Pescado",99901_12pzs,551,28,0.19%,0.33%,742,36,0.18%,0.30%,100.00%,100.00%,21,1,3.81%,3.57%,"251,79 €","11,99 €",19,1
B0DNNL2TZQ,B0DNNFGWNJ,"CUPERINOX Aceitera de Cristal Antigoteo para Aceite de Oliva, Resistente y Fácil de Limpiar Gourmet Oil Collection (500 Ml)",22023,435,13,0.15%,0.15%,588,17,0.14%,0.14%,96.33%,100.00%,19,0,4.37%,0.00%,"284,81 €","0,00 €",19,0
B017DLH9RA,B017DLH9RA,ARCOS Cuchillo Abre Ostras Acero Inoxidable 60 mm,227200_us,111,3,0.04%,0.04%,134,4,0.03%,0.03%,93.28%,50.00%,23,0,20.72%,0.00%,"183,77 €","0,00 €",18,0
B0B8Z4CJBC,B07F2YVB15,"Arcos Juego Cuchillos Pelar Acero Inoxidable Nitrum 4""",136500,401,16,0.14%,0.19%,672,26,0.16%,0.22%,62.52%,8.70%,21,0,5.24%,0.00%,"404,04 €","0,00 €",18,0
B07ZJ8ZJ93,B07ZJ8ZJ93,Arcos Set Jamonero Profesional Acero Inoxidable 3 Piezas,859400_us,301,6,0.10%,0.07%,444,23,0.11%,0.19%,91.42%,100.00%,20,4,6.64%,66.67%,"599,80 €","119,96 €",18,2
B0CYTKGNPM,B0843DQCF5,ARCOS Pelador de Verduras en Juliana de Acero Inoxidable Cromado 130 Mm. Pelador Profesional para Cortes en Juliana de Verduras y Hortalizas. Apto Lavavajillas. Color Plata,607200,873,20,0.30%,0.24%,991,22,0.24%,0.18%,95.20%,100.00%,20,3,2.29%,15.00%,"149,92 €","22,47 €",18,1
B08G8QCM5H,B08G8QCM5H,ARCOS cuchillo pelador | 6 PIEZAS | cuchillo de pelar | cuchillos pelar patatas | Hoja 100 mm | Negro | cuchillo arcos pelador Acero Inoxidable,816500_fbm,237,24,0.08%,0.29%,331,37,0.08%,0.31%,100.00%,100.00%,21,9,8.86%,37.50%,"398,76 €","170,88 €",18,6
B08MT437W9,B08MT437W9,Arcos Juego Cuchillos Cocina Profesionales| Cuchillos Cocina Profesional | 6 pzas | Cuchillos Acero Inoxidable Mango Negro | utensilios de cocina serie Niza | Apto lavavajillas,812900fbm,"2,275",42,0.78%,0.50%,"3,113",54,0.76%,0.45%,99.75%,100.00%,18,2,0.79%,4.76%,"592,82 €","64,98 €",18,2
B0FJLTDB9J,B09RP6V156,"CUPERINOX® Alicates para pedicura, Profesional, Cortaúñas de Pies, Acero Inoxidable, Mango Ergonómico Antideslizante, Fácil Limpieza, Con Funda, 2 Años de Garantía",21920AM_fba,885,13,0.31%,0.15%,"1,361",20,0.33%,0.17%,98.94%,92.86%,22,8,2.49%,61.54%,"243,98 €","75,92 €",18,4
B0DNNKT1W2,B0DNNJCHQP,"Cuperinox-Tetera de Cristal con Infusor para Té e Infusiones, Resistente al Calor y Compatible con Microondas ** - Infusion Prestige Collection (950 ml)",26113,468,9,0.16%,0.11%,646,14,0.16%,0.12%,98.76%,100.00%,19,2,4.06%,22.22%,"379,81 €","39,98 €",18,2
B009KKK16Y,B009KKK16Y,"HENDI Pasta-gel combustible para Fondue, 3 unidades, para el quemador de alcohol para Fondue de HENDI 111420, tiempo de combustión de aproximadamente 2 horas, quemador de Fondue, 80 gr",H190036,233,6,0.08%,0.07%,306,7,0.07%,0.06%,97.45%,100.00%,27,5,11.59%,83.33%,"270,07 €","49,95 €",17,1
B093DXB2PK,B00MDJVRG2,Arcos Latina Cuchillo para Verduras Acero Inoxidable 105 mm,100500_1_pieza,174,4,0.06%,0.05%,238,4,0.06%,0.03%,99.04%,100.00%,53,5,30.46%,125.00%,"264,47 €","24,95 €",17,1
B0FR444FLT,B07YYDR6D8,Arcos Juego de Cuchillos de Cocina. 3 piezas de Acero Inoxidable forjado. Impresiona yorprencon cada corte. Mango Micarta azul. Serie Brooklyn. Color Azul.,858110_,"1,255",23,0.43%,0.27%,"1,771",30,0.43%,0.25%,97.61%,94.74%,18,0,1.43%,0.00%,"1.799,82 €","0,00 €",17,0
B0812P3LZT,B0812P3LZT,"Arcos Nova - Set 3 Cuchillos Mantequilla - Acero Inoxidable 70 mm - Mango en color menta, naranja y limon",859900,157,4,0.05%,0.05%,215,6,0.05%,0.05%,98.95%,0.00%,21,0,13.38%,0.00%,"230,97 €","0,00 €",17,0
B0GY2G2Y86,B08JCVQ4QL,"Arcos Series Niza - Juego de Cuchillos Cocina, 6 Piezas, Cuchillos Verduras 110 mm, + Cuchillo Mesa, Envase 100% Ecológico, Acero Inoxidable NITRUM",809400,204,8,0.07%,0.10%,311,16,0.08%,0.13%,100.00%,100.00%,19,2,9.31%,25.00%,"379,81 €","39,98 €",17,2
B0CVH8PC99,B0CQTJ6T66,"CUPERINOX® Cuchillos de Mesa Acero Inoxidable – Set Profesional 12 Piezas con Hoja Serrada de 11 cm y Mango Ergonómico Antideslizante – Para Carne, Verduras y Pescado",99922,551,28,0.19%,0.33%,742,36,0.18%,0.30%,100.00%,100.00%,17,0,3.09%,0.00%,"203,83 €","0,00 €",17,0
B0DKP7F29P,B0DJC114YJ,"Arcos Serie Samoa Iconic | Cacerola Antiadherente Cerámico 24 cm y 4,3 L | Aluminio Forjado | Apta cualquier cocina | Mango Acero Inoxidable | Color Beige | LIBRE DE (PFOA/PTFE/PFOS)",717024,460,5,0.16%,0.06%,664,5,0.16%,0.04%,86.07%,100.00%,17,0,3.70%,0.00%,"1.070,15 €","0,00 €",17,0
B0G65J8F3L,B0G21CXVCW,"BIOLEAF – Limpiador Multiusos Pack 2×750 ml (1,5 L) – Limpiador Hogar Cocina y Baño – Antipolvo y Acabado Sin Marcas – Alta Eficacia – Biodegradable – Sin Disruptores Endocrinos",2668,367,3,0.13%,0.04%,463,3,0.11%,0.03%,98.65%,100.00%,17,1,4.63%,33.33%,"169,83 €","9,99 €",17,1
B08G8QHY23,B08G8QHY23,Arcos | cuchillos chuleteros cuchillo madera cuchillo chuletero | 6 Piezas | juego cuchillos carne | cuchillos mango madera | Envase Eco | Fabricado en España,809300,314,8,0.11%,0.10%,452,10,0.11%,0.08%,99.49%,77.78%,16,0,5.10%,0.00%,"383,84 €","0,00 €",16,0
B08M99RZRV,B08M99RZRV,Arcos | Cuchillo Jamonero Cuchillo deshuesador | 2 Uds | Set cuchillos jamoneros 250 mm y cuchillo deshuesador (140 mm) jamonero profesional | cuchillo carnicero profesional | Eco,703800,653,13,0.23%,0.15%,785,21,0.19%,0.18%,99.86%,100.00%,17,2,2.60%,15.38%,"679,83 €","79,98 €",16,2
B09N7S17J6,B09D3YRGL9,"CUPERINOX Navaja Plegable Multiusos – Hoja de Acero Inoxidable 80 mm (Filo Liso + Serrado), Punta Rompevidrios, Apertura Rápida, Clip de Cinturón, Herramienta para Camping, Caza, Pesca y Supervivencia",30061_solo_navaja,"1,123",27,0.39%,0.32%,"1,574",38,0.38%,0.32%,99.12%,100.00%,33,1,2.94%,3.70%,"327,74 €","9,99 €",16,1
B0DNNL2TZQ,B0DNNF3839,"CUPERINOX Aceitera de Cristal Antigoteo para Aceite de Oliva, Resistente y Fácil de Limpiar Gourmet Oil Collection (1000 Ml)",22024_,333,9,0.11%,0.11%,507,9,0.12%,0.08%,95.46%,100.00%,16,0,4.80%,0.00%,"287,84 €","0,00 €",16,0
B0DNNKT1W2,B0DNNJCHQP,"Cuperinox-Tetera de Cristal con Infusor para Té e Infusiones, Resistente al Calor y Compatible con Microondas ** - Infusion Prestige Collection (950 ml)",26113_,468,9,0.16%,0.11%,646,14,0.16%,0.12%,98.76%,100.00%,17,1,3.63%,11.11%,"339,83 €","19,99 €",16,1
B0F1ZF7H1L,B005LR65BK,Arcos Cuchillo Negro 100 mm,230200_,418,8,0.14%,0.10%,589,11,0.14%,0.09%,54.63%,100.00%,16,0,3.83%,0.00%,"320,17 €","0,00 €",15,0
B0D1CYZT7H,B00JN2S0U8,"HENDI Escurridor de frituras, con asa robusta y recipiente extraíble para los restos, patatas fritas, ø410x(H)170mm, totalmente de acero inoxidable",H630808,154,19,0.05%,0.23%,253,34,0.06%,0.28%,94.12%,100.00%,15,6,9.74%,31.58%,"704,25 €","281,70 €",15,6
B0C4DTYRJW,B071LGMMGV,Arcos Juego Cuchillos Cocina Profesionales| Cuchillos Cocina Profesional Set Cuchillos | Mango Negro (3 Piezas),862600_,515,12,0.18%,0.14%,764,19,0.19%,0.16%,99.12%,100.00%,15,3,2.91%,25.00%,"599,85 €","119,97 €",15,3
B07G76NW26,B07G76NW26,"Arcos Serie Cuchillos de Mesa Caja 12 uds Cuchillo Mesa, Hoja Serrada de Acero Inoxidable de 125 mm, Cuchillo Monoblock Acero Inoxidable Color plata (12 UDS)",460400_fbm,159,10,0.05%,0.12%,231,20,0.06%,0.17%,98.54%,100.00%,25,14,15.72%,140.00%,"1.040,11 €","547,86 €",15,4
B07N7YDTMX,B07N7YDTMX,"HENDI Cesta para cubiertos, 125x84x(H) 135mm",H871324,76,5,0.03%,0.06%,104,5,0.03%,0.04%,97.80%,100.00%,30,6,39.47%,120.00%,"252,04 €","48,00 €",15,4
B0CQ5G2HVQ,B09T6G47Z6,"Arcos Sarten Antiadherente 26 cm - Aluminio Forjado, Full Induction, Mango Acero Inoxidable Efecto Frío, Apta Lavavajillas, Ahorro Energético, Serie Samoa",716410,119,8,0.04%,0.10%,147,11,0.04%,0.09%,80.88%,25.00%,15,0,12.61%,0.00%,"589,85 €","0,00 €",15,0
B0F9X4NXL3,B0F9KW1V3K,"Cuchillos Mesa, cuchillo carne, cuchillo mantequilla, Set 12 piezas, acero inoxidable, hoja con filo y sierra, cuchillo untar. Apto lavavajillas. Mango ergonomico",20043_12,468,25,0.16%,0.30%,644,32,0.16%,0.27%,99.64%,100.00%,15,4,3.21%,16.00%,"179,05 €","47,16 €",15,4
B0FT8NLHQ3,B0FT8NLHQ3,BIOLEAF® – Multiusos + Limpiacristales Pack 2×750 ml | Limpieza Total Hogar | Brillo Duradero en Superficies y Cristales Sin Huellas | Fórmula Biodegradable | Dermatológicamente Testado,3450,321,4,0.11%,0.05%,383,4,0.09%,0.03%,97.24%,100.00%,17,0,5.30%,0.00%,"169,83 €","0,00 €",15,0
B0G4SGJSBJ,B0G216DHWY,"BIOLEAF-Desincrustante Baño Antical Pack 2×750 ml (1,5 L) Elimina Cal, Marcas de Agua y Jabón – Ducha, Grifería, Azulejos y Mamparas - Limpieza Intensiva – Formato Ahorro – Sin Disruptores Endocrinos",2675,132,1,0.05%,0.01%,169,1,0.04%,0.01%,99.37%,100.00%,15,0,11.36%,0.00%,"149,85 €","0,00 €",15,0
B0G4S268RT,B0G21QLYZ1,"BIOLEAF–Lavavajillas Manual Pack 2×750 ml (1,5 L) – Detergente Concentrado Desengrasante – Vajilla Brillante y Aclarado Fácil – Biodegradable – Sin Disruptores Endocrinos",2699,140,2,0.05%,0.02%,181,2,0.04%,0.02%,100.00%,100.00%,15,0,10.71%,0.00%,"149,85 €","0,00 €",15,0
B088L4V9XQ,B07D2T8LLY,"HENDI Placa eutéctica de frío profesional, GN 1/1, para cajas térmicas, elemento refrigerante, acumulador de frío, bloque térmico, paquete de enfriamiento, placa de hielo, 530x325x(H)30mm, HDPE, azul",H707821,97,16,0.03%,0.19%,167,27,0.04%,0.23%,96.71%,100.00%,26,12,26.80%,75.00%,"789,86 €","364,08 €",14,5
B0F66KBPV1,B07N7Y7LD9,HENDI Cesta de lavavajillas Profesional para Vasos,H871348,226,24,0.08%,0.29%,347,34,0.08%,0.28%,82.12%,80.00%,17,1,7.52%,4.17%,"365,33 €","21,49 €",14,1
B0CVH8PC99,B0CQTKPL63,CUPERINOX Cuchillos Carne | Cuchillos Mesa | Cuchillos Chuleteros | 24 Piezas | Hoja Serrada | Mango Polipropileno | Acero Inoxidable | 11 cm,99901_24pzs,129,10,0.04%,0.12%,172,20,0.04%,0.17%,100.00%,100.00%,15,4,11.63%,40.00%,"295,85 €","75,96 €",14,4
B0DKP7F29P,B0DJC17TXZ,"Arcos Serie Samoa Iconic | Cacerola Baja Antiadherente Cerámico 28 cm y 4,3 L | Aluminio Forjado | Apta cualquier cocina | Mango Acero Inoxidable | Color Beige | LIBRE DE (PFOA/PTFE/PFOS)",717124,586,3,0.20%,0.04%,817,5,0.20%,0.04%,91.01%,100.00%,14,0,2.39%,0.00%,"1.011,50 €","0,00 €",14,0
B0DQV6381X,B0DQDQ1DB8,CUPERINOX Jamonero | Jamonero Giratorio | Tabla Cortar Jamon | Jamoneros Profesional | Jamonero Plegable | Tabla Jamon | Cortador de Jamon,SC_20270,415,13,0.14%,0.15%,620,22,0.15%,0.18%,98.76%,100.00%,14,1,3.37%,7.69%,"493,50 €","35,25 €",14,1
B0FBRQYHVM,B0FBRNCHGJ,"CUPERINOX® Ventilador Portátil Silencioso y Recargable con Power Bank 20000mAh, +50H de batería – Ventilador de Mesa USB con Mando, Luz LED y 4 Velocidades – Ideal para Dormir, Camping y Hogar.",A27000,226,3,0.08%,0.04%,351,7,0.09%,0.06%,99.35%,100.00%,14,0,6.19%,0.00%,"839,86 €","0,00 €",14,0
B017HKG9PK,B0044R87RS,Arcos Cuchillo para Maitre Negro 215 mm,151000,"2,108",65,0.73%,0.77%,"3,264",92,0.80%,0.77%,10.11%,6.85%,14,3,0.66%,4.62%,"209,86 €","44,97 €",13,2
B0F1ZF7H1L,B005LR6C7C,Arcos Cuchillo Cocina Acero Inoxidable Negro 180 mm,233500_,612,10,0.21%,0.12%,899,11,0.22%,0.09%,50.00%,22.22%,13,0,2.12%,0.00%,"454,87 €","0,00 €",13,0
B0F54LTCFF,B006963LSM,Arcos Cuchillo para Pan Acero Inoxidable 250 mm,282204_,340,18,0.12%,0.21%,456,24,0.11%,0.20%,30.86%,21.43%,14,0,4.12%,0.00%,"273,19 €","0,00 €",13,0
B00I9XTKI8,B00I9XTKI8,ARCOS Taco Ovalado Protector de Cuchillos hasta 20 cm,794100_,517,11,0.18%,0.13%,737,15,0.18%,0.13%,36.39%,46.15%,14,2,2.71%,18.18%,"363,86 €","51,98 €",13,2
B0792XNYCY,B0792XNYCY,VINFER Detergente alcalino clorado Wins 022. Botella de 5 litros. Limpieza e higiene para Todo Tipo de Superficies,WINS022,109,9,0.04%,0.11%,159,11,0.04%,0.09%,67.38%,100.00%,17,7,15.60%,77.78%,"200,60 €","80,94 €",13,4
B093DSL44T,B07F9RV81Z,Arcos Cuchillo Chuletero de 4 Pulgadas con Hoja de 105mm en Acero Inoxidable y Mango de Madera. Cuchillo para Carne Apto para Lavavajillas. Serie Latina. Color Marrón,100400,805,16,0.28%,0.19%,"1,204",21,0.29%,0.18%,68.64%,100.00%,19,1,2.36%,6.25%,"683,81 €","35,99 €",13,1
B089M821V5,B089M821V5,Arcos Cuchillos Carne | 6 pzas | Cuchillos chuleteros Set Cuchillo de Mesa Sierra | Mango Madera | Hoja 110 mm | Cuchillos Carne Mesa | Apto lavavajillas | Envase Carton | Ecologico,815500,334,15,0.12%,0.18%,491,23,0.12%,0.19%,91.76%,100.00%,23,10,6.89%,66.67%,"668,77 €","278,90 €",13,1
B09MRYLZ4M,B09MRYLZ4M,Arcos Juego de Cuchillos de Cocina de 3 Piezas,167100_us,627,17,0.22%,0.20%,894,25,0.22%,0.21%,47.05%,45.00%,13,1,2.07%,5.88%,"895,70 €","68,90 €",13,1
B0BRSYXXRN,B0BRSYXXRN,"HENDI Cesta para Freír, 10L, 280x210x(H)140mm",H961247,220,24,0.08%,0.29%,338,35,0.08%,0.29%,97.64%,100.00%,14,3,6.36%,12.50%,"587,86 €","125,97 €",13,3
B0DPKXM18X,B0DNQT7LV3,"CUPERINOX Soporte Jamonero Balancín | Jamonero Giratorio Profesional | Jamonero Madera | Incluye Cuchillo Profesional, Afilador Funda Cubre Jamón| Jamoneros Elite Collection",20265_,"2,002",59,0.69%,0.70%,"3,592",120,0.88%,1.00%,97.61%,98.80%,13,2,0.65%,3.39%,"1.160,87 €","170,98 €",13,2
B08TWZYBPZ,B0FZC8B2NX,"CUPERINOX - Estuche de Cuchillos Profesionales de Cocina 4 Piezas | Chef 20 cm, Santoku 18 cm, Universal 13 cm y Pelador 9 cm | Acero Inoxidable de Alta Precisión | Mango Ergonómico",19301_FBA,854,30,0.29%,0.36%,"1,214",47,0.30%,0.39%,100.00%,100.00%,14,3,1.64%,10.00%,"489,86 €","104,97 €",13,2
B00509DM8S,B00509DM8S,HENDI Baño María Eléctrico GN 1/1,H238905,109,19,0.04%,0.23%,166,28,0.04%,0.23%,84.56%,85.71%,12,5,11.01%,26.32%,"1.653,00 €","688,75 €",12,5
B0752X4WV1,B005LR73R0,Arcos Juego Chuleteros Mango Madera 110 mm,809300__,"2,231",63,0.77%,0.75%,"3,450",106,0.84%,0.88%,7.73%,10.53%,12,1,0.54%,1.59%,"287,74 €","23,85 €",12,1
B08L8QY8T9,B007TS6GPE,"Arcos Juego de Cuchillos de Cocina cuatro piezas. 3 Cuchillos chef y 1 tijeras Acero Inoxidable y mango ergonómico polioximetileno para cortar carne, pescado y verduras. Serie Maitre. Color negro.",152600_fbm,"1,380",25,0.48%,0.30%,"1,898",37,0.46%,0.31%,40.42%,20.69%,12,2,0.87%,8.00%,"454,80 €","75,80 €",12,2
B0F4X5PQYD,B07PRXR5XR,"HENDI Cesta de lavavajillas Profesional para Vasos, Formato Cuadrado, Estructura Abierta para circulación de Agua, 405x405x(H) 150mm, Polipropileno",H871331,87,8,0.03%,0.10%,139,12,0.03%,0.10%,91.06%,100.00%,15,4,17.24%,50.00%,"311,25 €","83,00 €",12,3
B08G8QCM5H,B08G8QCM5H,ARCOS cuchillo pelador | 6 PIEZAS | cuchillo de pelar | cuchillos pelar patatas | Hoja 100 mm | Negro | cuchillo arcos pelador Acero Inoxidable,816500_,237,24,0.08%,0.29%,331,37,0.08%,0.31%,100.00%,100.00%,14,8,5.91%,33.33%,"258,46 €","144,52 €",12,6
B08NW1VQRT,B08NW1VQRT,CUPERINOX Navaja para Setas y Champiñones | Acero Inoxidable | Con Cepillo y Funda Incluida | Micológica,2181,159,3,0.05%,0.04%,219,6,0.05%,0.05%,100.00%,100.00%,12,1,7.55%,33.33%,"125,88 €","10,49 €",12,1
B0DKP7F29P,B0DJBZRDXV,Arcos Serie Samoa Iconic | Sarten Antiadherente Cerámico 24 cm | Aluminio Forjado | Apta cualquier cocina | Mango Acero Inoxidable | Apta lavavajillas | Color Negro | LIBRE DE (PFOA/PTFE/PFOS),716322,266,6,0.09%,0.07%,342,8,0.08%,0.07%,95.24%,100.00%,12,0,4.51%,0.00%,"479,40 €","0,00 €",12,0
B0FHKQHYQ7,B0FHKQHYQ7,VINFERMATON – Insecticida Moscas y Mosquitos Sin Olor Pack 2×600 ml | Spray Eliminador Insectos Voladores Interior y Exterior | Acción Inmediata Profesional | 100% MADE IN SPAIN,9J-4FF5-2Q8R,46,3,0.02%,0.04%,62,4,0.02%,0.03%,94.55%,100.00%,13,0,28.26%,0.00%,"181,87 €","0,00 €",12,0
B08TWZYBPZ,B0FZC9C1BJ,"CUPERINOX- Set de Cuchillos Profesionales de Cocina 3 Piezas + Estuche Regalo | Chef 20 cm, Santoku 18 cm y Universal 13 cm | Acero Inoxidable Alta Precisión | Mango Ergonómico| Apto Lavavajillas",19302_FBA,854,24,0.29%,0.29%,"1,088",30,0.27%,0.25%,99.60%,100.00%,12,0,1.41%,0.00%,"359,88 €","0,00 €",12,0
B06XB92VRH,B00YU2ZWGG,CUPERINOX Cafetera Italiana Induccion Espresso Acero Inoxidable 10 Tazas,25034,119,2,0.04%,0.02%,198,2,0.05%,0.02%,77.59%,0.00%,11,0,9.24%,0.00%,"219,89 €","0,00 €",11,0
B0C4DTYRJW,B071LGMMGV,Arcos Juego Cuchillos Cocina Profesionales| Cuchillos Cocina Profesional Set Cuchillos | Mango Negro (3 Piezas),862600,515,12,0.18%,0.14%,764,19,0.19%,0.16%,99.12%,100.00%,11,0,2.14%,0.00%,"439,89 €","0,00 €",11,0
B07F9GQZCB,B07F9GQZCB,Arcos Cuchillo para Verduras de 4 Pulgadas con Hoja de 105mm en Acero Inoxidable y Mango de Madera. Cuchillo para Vegetales Apto para Lavavajillas. Serie Latina. Color Marrón,100500,364,15,0.13%,0.18%,563,19,0.14%,0.16%,91.08%,100.00%,11,1,3.02%,6.67%,"400,47 €","30,57 €",11,1
B08Q7W1Q4K,B08Q7W1Q4K,"Tradineur - Pack de 2 Graseras de metal de Ø 9,3 x 11 cm - Incluye filtro, asa y tapa - Aceitera con colador para conservación de aceite de acero inoxidable - Capacidad de 550 ml",22105+22106,112,0,0.04%,0.00%,170,0,0.04%,0.00%,98.69%,0.00%,11,0,9.82%,0.00%,"120,89 €","0,00 €",11,0
B09KJLG7BT,B098TFPYLY,CUPERINOX Jamonero profesional Gondola | tabla jamon | Cuchillo Jamonero Alveolos Acero Inox + Cubre Jamón Universal | Set cortar jamón (3 PZAS) | Sujeta jamones | tabla jamonero,20228FBM,185,6,0.06%,0.07%,275,6,0.07%,0.05%,96.41%,100.00%,13,4,7.03%,66.67%,"454,87 €","139,96 €",11,2
B0CQ5G2HVQ,B09T6L1F99,"Arcos Sarten Antiadherente 28 cm - Aluminio Forjado, Full Induction, Mango Acero Inoxidable, Apta Lavavajillas, Ahorro Energético, Serie Samoa",716510,238,6,0.08%,0.07%,357,7,0.09%,0.06%,29.22%,0.00%,11,0,4.62%,0.00%,"461,45 €","0,00 €",11,0
B08TWZYBPZ,B0FZC8B2NX,"CUPERINOX - Estuche de Cuchillos Profesionales de Cocina 4 Piezas | Chef 20 cm, Santoku 18 cm, Universal 13 cm y Pelador 9 cm | Acero Inoxidable de Alta Precisión | Mango Ergonómico",19301,854,30,0.29%,0.36%,"1,214",47,0.30%,0.39%,100.00%,100.00%,11,2,1.29%,6.67%,"384,89 €","69,98 €",11,2
B08TWZYBPZ,B0FZC9C1BJ,"CUPERINOX- Set de Cuchillos Profesionales de Cocina 3 Piezas + Estuche Regalo | Chef 20 cm, Santoku 18 cm y Universal 13 cm | Acero Inoxidable Alta Precisión | Mango Ergonómico| Apto Lavavajillas",19302,854,24,0.29%,0.29%,"1,088",30,0.27%,0.25%,99.60%,100.00%,11,2,1.29%,8.33%,"324,69 €","54,78 €",11,2
B0G4RSR32Y,B0G1ZPXPWR,"BIOLEAF – Quitagrasas,Desengrasante Cocina Pack 2×750 ml (1,5 L) – Antigrasa Potente Horno, Campana, Placa y Encimeras – Limpieza Profesional – Biodegradable – Sin Disruptores Endocrinos",2644,65,0,0.02%,0.00%,85,0,0.02%,0.00%,100.00%,0.00%,11,0,16.92%,0.00%,"109,89 €","0,00 €",11,0
B017HKG9PK,B0044R87W8,"Arcos Cuchillo Santoku Acero Inoxidable Nitrum. Cuchillo Cocina japonés Pescado, Carne y Verduras. Mango ergonómico polioximetileno Pom y Hoja 170 mm. Multiusos. Serie Maitre. Color Negro.",151600_fba,472,10,0.16%,0.12%,637,10,0.16%,0.08%,28.08%,11.11%,10,1,2.12%,10.00%,"187,50 €","18,75 €",10,1
B0F1ZF7H1L,B005LR68DU,Arcos Cuchillo Jamonero con Alveolos 250 mm,231000_,473,16,0.16%,0.19%,662,24,0.16%,0.20%,28.64%,12.50%,10,0,2.11%,0.00%,"334,90 €","0,00 €",10,0
B017HKRCGK,B00BHZPGHO,ARCOS Bolsa Portacuchillos para 17 Piezas Poliéster Negra,691400_,279,5,0.10%,0.06%,381,7,0.09%,0.06%,73.79%,100.00%,10,1,3.58%,20.00%,"468,67 €","44,99 €",10,1
B0B3CWSDRQ,B00CF20V2I,ARCOS Chaira Afilador Manual Acero Carbono Cromado Negro 230 mm,278100_,327,16,0.11%,0.19%,472,25,0.12%,0.21%,27.01%,72.22%,13,4,3.98%,25.00%,"150,95 €","43,20 €",10,3
B00MDK1DM4,B00MDK1DM4,Arcos Latina Cuchillo de Cocina Acero Inoxidable 130 mm,100600_1pieza,63,3,0.02%,0.04%,98,3,0.02%,0.03%,97.59%,100.00%,18,0,28.57%,0.00%,"107,82 €","0,00 €",10,0
B0FR444FLT,B07DQRFDMB,Arcos Manhattan Cuchillo Santoku Forjado Acero POM Negro 190 mm,161600_,243,5,0.08%,0.06%,344,5,0.08%,0.04%,90.82%,100.00%,10,0,4.12%,0.00%,"344,90 €","0,00 €",10,0
B0DSLN2CX9,B07N8W1J6B,Arcos Tabla cortar 15 x fibra resina y celulosa. Tabla picar. Serie Tablas. Color marrón.,708200,365,9,0.13%,0.11%,594,24,0.14%,0.20%,32.39%,15.00%,11,1,3.01%,11.11%,"297,34 €","26,99 €",10,1
B08M5K93QF,B08M5K93QF,Arcos Juego Cuchillos Mesa | 6 Uds | Cuchillo Postre | Cuchillos Mesa | Cuchillo Carne | Hoja 105 mm | Acero Inoxidable Martensítico | Mango Polipropileno | Apto lavavajillas | Envase Ecológico,703500FBM,108,1,0.04%,0.01%,158,1,0.04%,0.01%,100.00%,100.00%,12,1,11.11%,100.00%,"155,88 €","12,99 €",10,1
B0DK3CM34K,B08VW7LTT6,"HENDI Cabezal de antorcha de cocina de llama continua con cartucho de recarga de gas GLP 199039, soplete flambeador, quemador de gas GLP, profesional, versátil-seguro 360°, negro con acentos en verde",H198254,90,8,0.03%,0.10%,128,10,0.03%,0.08%,80.51%,77.78%,11,2,12.22%,25.00%,"384,89 €","69,98 €",10,1
B09FQ5SZK8,B0968LSP2T,"Arcos Utensilios Barbacoa - Cuchillo 200 mm y Tenedor 215 mm, Acero Inoxidable NITRUM, Mango Madera Ovengkol FSC, Set 2 Piezas, Embalaje Reciclado, Serie Nordika",167000_fbm,148,6,0.05%,0.07%,216,7,0.05%,0.06%,85.33%,83.33%,10,0,6.76%,0.00%,"499,90 €","0,00 €",10,0
B098BLF7X6,B098BLF7X6,"Tradineur - Grasera metálica para pescado con filtro, aceitera con colador para conservación de aceite de acero inoxidable, recipiente para colar aceites - Ø 9 cm",22106_us,107,1,0.04%,0.01%,150,2,0.04%,0.02%,96.92%,100.00%,10,0,9.35%,0.00%,"74,90 €","0,00 €",10,0
B0CQ5G2HVQ,B09T6KY364,"Arcos Sarten Antiadherente 30 cm - Aluminio Forjado, Full Induction, Mango Acero Inoxidable Efecto Frío, Apta Lavavajillas, Ahorro Energético, Serie Samoa",716610,112,1,0.04%,0.01%,151,2,0.04%,0.02%,80.88%,100.00%,10,0,8.93%,0.00%,"455,00 €","0,00 €",10,0
B08VRP7CR7,B09XMVTWLT,Arcos Juego Cuchillos Carne | 6 Piezas | Cuchillos Carne Cuchillo chuleteros | Cubiertos Acero Inoxidable | Hoja 110 mm | Mango Redondo y Forma Ovalada | monobock | Caja Envase Ecológico (Filo Liso),830000,148,2,0.05%,0.02%,241,2,0.06%,0.02%,99.03%,100.00%,11,0,7.43%,0.00%,"362,89 €","0,00 €",10,0
B0D73CM824,B0D73CM824,"Arcos Cuchillo Mesa | Cuchillo Chuletero | Cuchillo Carne| Cuchillo de Mesa | Pack 12 Unidades| Hoja de Acero Inoxidable115 mm, Mango de Polipropileno Color Negro",740000_fbm,733,19,0.25%,0.23%,"1,045",20,0.25%,0.17%,99.44%,100.00%,11,0,1.50%,0.00%,"340,89 €","0,00 €",10,0
B0DNNL2TZQ,B0DNN4J6Q8,"CUPERINOX Aceitera antigoteo cristal para Aceite de Oliva, Vinagre etc. A prueba de fugas, Aceitera cristal antigoteo tambien aceiteros cocina ideal para Ensaladas, BBQ, cooking oil container (125 ML)",22021,715,18,0.25%,0.21%,972,26,0.24%,0.22%,100.00%,100.00%,12,0,1.68%,0.00%,"137,88 €","0,00 €",10,0
B0F54LTCFF,B0044R87UA,Arcos Cuchillo Jamonero con Alveolos Acero Inoxidable 240mm,281801_,"1,095",37,0.38%,0.44%,"1,693",57,0.41%,0.48%,11.41%,30.30%,9,3,0.82%,8.11%,"178,05 €","58,47 €",9,3
B0891RBKPX,B007TS6HCQ,ARCOS Pelador de Patatas y Verduras Profesional Acero Inoxidable 60 mm,612100,71,4,0.02%,0.05%,107,4,0.03%,0.03%,98.98%,100.00%,10,1,14.08%,25.00%,"84,90 €","8,49 €",9,1
B0F1ZF7H1L,B00BHZPKEI,Arcos Cuchillo Blanco 100 mm,230224_,160,5,0.06%,0.06%,228,10,0.06%,0.08%,43.35%,57.14%,9,1,5.63%,20.00%,"180,24 €","19,99 €",9,1
B00CRMZA8Q,B00CRMZA8Q,ARCOS Sacacorchos Eléctrico en ABS con Batería Interna Recargable. Abrebotellas Eléctrico Moderno y Elegante con Cortacápsulas y Luz Indicadora. Color Negro,604600_,482,13,0.17%,0.15%,768,18,0.19%,0.15%,22.29%,30.00%,9,1,1.87%,7.69%,"386,91 €","42,99 €",9,1
B00J3ZVMCS,B00J3ZVMCS,Arcos Serie Toscana - Juego de Cucharas para Café (6 cucharas) - Monoblock de una pieza en Acero Inoxidable 18/10 y 140 mm - Color Plata,574200,724,43,0.25%,0.51%,"1,090",66,0.27%,0.55%,5.94%,11.54%,11,3,1.52%,6.98%,"109,17 €","29,25 €",9,2
B0189HXOXK,B017DLLFI4,Arcos Serie Navajas Profesionales - Navaja Profesional - Hoja Filo de Acero Inoxidable NITRUM de 85 mm - Navaja de Acero Inoxidable Color naranja,485329_fbm,217,5,0.07%,0.06%,296,8,0.07%,0.07%,94.72%,100.00%,14,1,6.45%,20.00%,"103,18 €","7,37 €",9,1
B071VT3MC3,B071VT3MC3,"Arcos Tijeras Manicura Curva de Acero Forjado, Uso Profesional y Doméstico, 102 mm, Niqueladas en Plata, Serie Style",500600_,59,2,0.02%,0.02%,94,2,0.02%,0.02%,100.00%,100.00%,10,0,16.95%,0.00%,"109,90 €","0,00 €",9,0
B07G75XCXM,B07G75XCXM,"Arcos Serie Cuchillos de Mesa Caja 12 uds Cuchillo Mesa, Hoja Serrada de Acero Inoxidable NITRUM de 125 mm, Mango Polipropileno Color crema (12 UDS)",370200_fbm,492,16,0.17%,0.19%,770,26,0.19%,0.22%,90.75%,100.00%,9,1,1.83%,6.25%,"179,91 €","19,99 €",9,1
B0F54LTCFF,B07JJGTQK4,Arcos Conjunto Cuchillos 3 piezas - Acero Inoxidable Nitrum y Hoja mm. Cuchillo cocina profesional cocinar. 590 gr. Mango ergonómico polioximetileno POM. Serie Universal. Mayor control. Color negro.,807410_,287,14,0.10%,0.17%,400,15,0.10%,0.13%,84.21%,75.00%,9,1,3.14%,7.14%,"394,91 €","42,99 €",9,1
B07JWM27F4,B07JWM27F4,Arcos Set Cuchillos Cocina Profesionales Forjados en Acero Inoxidable. Juego de 3 Cuchillos (Pelador 100 mm + Cocinero 150 mm + Cocinero 200 mm). Mango Ergonómico Rosa en Polioximetileno. Riviera Rose,855100,345,8,0.12%,0.10%,480,14,0.12%,0.12%,98.81%,85.71%,9,0,2.61%,0.00%,"674,91 €","0,00 €",9,0
B08M9QRSW8,B08M9QRSW8,Arcos | Juego Cuchillos cuchillos mesa | 6 Uds | cuchillo fruta | cuchillo postre | Hoja 110 mm | Acero Inoxidable Martensítico | Mango Nylon | apto lavavajillas | Envase Ecológico,703600_barras_arcos,67,4,0.02%,0.05%,100,4,0.02%,0.03%,100.00%,100.00%,10,0,14.93%,0.00%,"99,90 €","0,00 €",9,0
B08VRP7CR7,B08MTXC14T,Arcos Juego Cuchillos Carne | 6 Piezas | Cuchillos Carne Cuchillo chuleteros | Cubiertos Acero Inoxidable | Hoja 110 mm | Mango Redondo y Forma Ovalada | monobock | Caja Envase Ecológico (6 unidades),809900,181,1,0.06%,0.01%,301,1,0.07%,0.01%,99.63%,100.00%,11,0,6.08%,0.00%,"307,89 €","0,00 €",9,0
B08T5Z4HFS,B08QYQYZHS,"CUPERINOX Cubiertos para marisco | Pinzas para marisco | Tenazas para marisco | 12 Unidades | Cubiertos marisco (Cangrejo, Langosta, Ostras) | Tenedor de marisco con dos dientes inferiores y cuchara.",20023_12pzs,44,2,0.02%,0.02%,63,2,0.02%,0.02%,96.36%,100.00%,10,2,22.73%,100.00%,"189,90 €","37,98 €",9,2
B0B2RHJYHB,B0B2RHJYHB,"HENDI Cesta para Freír, 8L, 242x200x(H)140mm",H933664,113,14,0.04%,0.17%,159,21,0.04%,0.18%,95.17%,94.44%,13,1,11.50%,7.14%,"493,87 €","37,99 €",9,1
B0D73CM824,B0D73CM824,"Arcos Cuchillo Mesa | Cuchillo Chuletero | Cuchillo Carne| Cuchillo de Mesa | Pack 12 Unidades| Hoja de Acero Inoxidable115 mm, Mango de Polipropileno Color Negro",740000,733,19,0.25%,0.23%,"1,045",20,0.25%,0.17%,99.44%,100.00%,9,0,1.23%,0.00%,"278,91 €","0,00 €",9,0
B0DNNKT1W2,B0DNNJPGTY,"Cuperinox-Tetera de Cristal con Infusor para Té e Infusiones, Resistente al Calor y Compatible con Microondas ** - Infusion Prestige Collection (750 ml)",26112,373,8,0.13%,0.10%,513,10,0.13%,0.08%,93.22%,100.00%,9,0,2.41%,0.00%,"166,41 €","0,00 €",9,0
B0DPKXM18X,B0DNQXN97X,CUPERINOX Soporte Jamonero Inoxidable | Jamonero Plegable | Jamonero Giratorio | Jamonero Profesional | Cuchillo Jamonero Profesional y Afilador,20250_fbm,491,22,0.17%,0.26%,568,25,0.14%,0.21%,96.64%,100.00%,9,0,1.83%,0.00%,"629,91 €","0,00 €",9,0
B0DKP7F29P,B0FS81RDVL,"Arcos Sartén Samoa Inox 24 cm, Acero inoxidable tricapa sin PFAS",726300,625,6,0.22%,0.07%,922,7,0.22%,0.06%,88.52%,100.00%,9,0,1.44%,0.00%,"342,17 €","0,00 €",9,0
B0F54LTCFF,B0044R87QO,Arcos Cuchillo Chef Acero Inoxidable. Cuchillo cocina profesional para cortar una variedad alimentos. Mango ergonómico polioximetileno y Hoja 250 mm. Serie Universal. Color negro.,280704_fbm,523,17,0.18%,0.20%,676,18,0.16%,0.15%,24.28%,6.67%,8,0,1.53%,0.00%,"198,00 €","0,00 €",8,0
B0F1ZF7H1L,B005LR6E0C,Arcos Cuchillo Cocinero Acero Inoxidable Negro 150 mm,233400_,382,6,0.13%,0.07%,490,9,0.12%,0.08%,54.50%,40.00%,8,0,2.09%,0.00%,"215,92 €","0,00 €",8,0
B0G39WX9ZQ,B00MDK1EBE,"Arcos Cuchillo Utilitario Acero Inoxidable Nitrum 5""",100600_fbm,166,5,0.06%,0.06%,248,6,0.06%,0.05%,88.73%,60.00%,20,0,12.05%,0.00%,"119,80 €","0,00 €",8,0
B093DRZ154,B017DLDM3A,Arcos Cuchillo Mondador Madera 65 mm,100100_us,86,4,0.03%,0.05%,131,5,0.03%,0.04%,4.27%,0.00%,14,0,16.28%,0.00%,"76,86 €","0,00 €",8,0
B017DLM9SY,B017DLM9SY,Arcos Serie Toscana - Juego de Cucharas de Mesa (3 cucharas) - Monoblock de una pieza en Acero Inoxidable 18/10 y 180 mm - Color Plata,574400_,108,2,0.04%,0.02%,159,3,0.04%,0.03%,97.90%,100.00%,15,0,13.89%,0.00%,"119,85 €","0,00 €",8,0
B0DK3CM34K,B07CBLHKLN,"HENDI Cartuchos de recarga de gas GLP para HENDI Cabezales de antorchas de cocina de llama continua 198247 y 198216, recambios para soplete, paquete de 4 unidades",H199039,32,1,0.01%,0.01%,43,1,0.01%,0.01%,97.37%,0.00%,12,0,37.50%,0.00%,"179,88 €","0,00 €",8,0
B0CTCR3BC5,B07D8WH8HL,"HENDI Recipiente Gastronorm GN 1/1, Budget Line, resistencia térmica -40 °C a 250 °C, apto para horno y baño maría, 28L, 530x325x(H) 200mm, acero inoxidable",H800157,118,19,0.04%,0.23%,171,29,0.04%,0.24%,71.15%,78.26%,15,8,12.71%,42.11%,"498,00 €","265,60 €",8,4
B0DSLN2CX9,B07N8RNG1R,ARCOS Tabla Cocina Fibra Celulosa y Resina 24x14 cm,708000,520,10,0.18%,0.12%,725,15,0.18%,0.13%,17.84%,11.11%,9,0,1.73%,0.00%,"134,91 €","0,00 €",8,0
B06XB92VRH,B07T6J5JWM,CUPERINOX Cafetera Italiana Induccion Espresso Acero Inoxidable 12 Tazas,25035,381,8,0.13%,0.10%,555,9,0.14%,0.08%,79.44%,80.00%,8,0,2.10%,0.00%,"223,92 €","0,00 €",8,0
B0DK3CM34K,B0862VPJ9H,"HENDI Cabezal de antorcha de cocina de llama continua, soplete flambeador, quemador, recargable con cartuchos de gas GLP 199039, mango ergonómico, versátil-seguro 360°, 185x65x(H)100mm, negro y verde",H198247,90,10,0.03%,0.12%,127,13,0.03%,0.11%,57.50%,54.55%,10,6,11.11%,60.00%,"249,90 €","149,94 €",8,4
B08LVZCG23,B08LVZCG23,Arcos Juego de Cuchillos de Cocina Rosa | 3 pz | Cuchillo Chef para pelar Verduras | Edición Limitada | Solidaria,814500,"3,414",19,1.18%,0.23%,"4,202",24,1.02%,0.20%,99.26%,100.00%,8,0,0.23%,0.00%,"239,92 €","0,00 €",8,0
B08VRP7CR7,B08MTXC14T,Arcos Juego Cuchillos Carne | 6 Piezas | Cuchillos Carne Cuchillo chuleteros | Cubiertos Acero Inoxidable | Hoja 110 mm | Mango Redondo y Forma Ovalada | monobock | Caja Envase Ecológico (6 unidades),809900FBM,181,1,0.06%,0.01%,301,1,0.07%,0.01%,99.63%,100.00%,10,0,5.52%,0.00%,"279,90 €","0,00 €",8,0
B0C2QFPLX9,B0C2QFPLX9,FAMILIA VINCARE (MULTIUSOS INDIVIDUAL),MULTIUSOS750ML,62,2,0.02%,0.02%,84,8,0.02%,0.07%,92.00%,50.00%,8,1,12.90%,50.00%,"79,92 €","9,99 €",8,1
B0F1ZF7H1L,B005LR6GE6,Arcos Cuchillo Cocinero Negro 250 mm,233700_,553,10,0.19%,0.12%,713,13,0.17%,0.11%,58.37%,45.45%,7,0,1.27%,0.00%,"304,15 €","0,00 €",7,0
B0F54LTCFF,B007TS67WG,Arcos Cuchillo Chef Acero Inoxidable 300 mm,280804,408,16,0.14%,0.19%,478,18,0.12%,0.15%,53.27%,43.75%,10,4,2.45%,25.00%,"297,50 €","119,00 €",7,2
B0CQ92BWQ8,B009QXKGKG,"HENDI Bolsa de Transporte y Reparto de Pizzas, Bolsa Portapizzas con Aislamiento, Impermeable, Bolsa para la Entrega de Pedidos de Pizza y Comidas, Interior 45x45x(H) 18cm, Roja, 47x47x(H) 21cm",H709818,40,6,0.01%,0.07%,59,7,0.01%,0.06%,100.00%,100.00%,12,2,30.00%,33.33%,"362,98 €","51,48 €",7,1
B0F1ZF7H1L,B00BHZPO12,Arcos Cuchillo Cocina Acero Inoxidable Blanco 180 mm,233524_,189,4,0.07%,0.05%,271,4,0.07%,0.03%,55.84%,100.00%,7,0,3.70%,0.00%,"244,93 €","0,00 €",7,0
B08M7BMR2S,B00I9XTLSC,ARCOS Afilador Profesional Manual Cerámica y Carbono Rojo-Negro,610600_2,"4,088",93,1.41%,1.11%,"5,677",133,1.38%,1.11%,12.75%,4.94%,7,0,0.17%,0.00%,"94,43 €","0,00 €",7,0
B0G39VSVBM,B00U2QWO1K,Arcos Latina Cuchillo Chuletero Acero Inoxidable 105 mm,100400_1pieza,107,1,0.04%,0.01%,132,1,0.03%,0.01%,98.32%,0.00%,20,0,18.69%,0.00%,"75,00 €","0,00 €",7,0
B07BZ95N39,B07BZ95N39,"HENDI Pasta combustible para Chafing Dish, 24 x 200 g",H194300,161,21,0.06%,0.25%,220,30,0.05%,0.25%,26.18%,0.00%,9,4,5.59%,19.05%,"365,17 €","162,00 €",7,2
B09GSCQQF9,B07G77FNSF,"Arcos Serie Cuchillos de Mesa Caja 12 uds Cuchillo Postre, Hoja Serrada de Acero Inoxidable NITRUM de 105 mm, Mango Polipropileno Color crema (12 UDS)",370100_,302,10,0.10%,0.12%,472,16,0.12%,0.13%,97.16%,100.00%,8,0,2.65%,0.00%,"146,00 €","0,00 €",7,0
B0DN1WHKRN,B07MTQ5695,HENDI Batidora de Mano para Uso Profesional con Velocidad Ajustable,H222140,310,51,0.11%,0.61%,467,76,0.11%,0.63%,52.83%,44.44%,7,3,2.26%,5.88%,"1.117,47 €","478,47 €",7,3
B08DV2WMBQ,B089M821V5,Arcos Cuchillos Carne | 6 pzas | Cuchillos chuleteros Set Cuchillo de Mesa Sierra | Mango Madera | Hoja 110 mm | Cuchillos Carne Mesa | Apto lavavajillas | Envase Carton | Ecologico,815500,158,6,0.05%,0.07%,242,6,0.06%,0.05%,98.21%,100.00%,12,5,7.59%,83.33%,"352,38 €","142,45 €",7,1
B08VS4FCLN,B08BX3WTPP,"Arcos Juego Cuchillos Cocina cuchillo blanco cuchillos | cuchillos cocina Maitre | 4 piezas | Chef 215 mm, Cocina 150 mm, Verduras 100 mm Tijera cocina (Blanco)",152624_,191,6,0.07%,0.07%,269,10,0.07%,0.08%,99.60%,100.00%,7,0,3.66%,0.00%,"244,93 €","0,00 €",7,0
B08L27XH2W,B08L27XH2W,"HENDI Mochila isotérmica de Transporte y Reparto de Pizzas y Alimentos, Bolsa aislada e Impermeable para la Entrega de Pedidos de Pizza y Comidas, Interior 39x39x(H) 45cm, Negra, 41x41x(H) 48cm",H709801,97,14,0.03%,0.17%,139,19,0.03%,0.16%,70.94%,64.29%,10,5,10.31%,35.71%,"664,24 €","313,33 €",7,2
B09FQ5SZK8,B08MTWTK78,Arcos Cuchillo Santoku Acero Inoxidable Nitrum 190 mm,166600_fbm,374,7,0.13%,0.08%,502,10,0.12%,0.08%,60.76%,33.33%,7,0,1.87%,0.00%,"202,93 €","0,00 €",7,0
B0C49W65HD,B0C49W65HD,Arcos Serie Nordika - Cuchillo Tomatero - Acero Inoxidable NITRUM - Hoja de 130 mm - Mango de Madera Ovengkol 100% natural de bosques certificados FSC® - Embalaje 100% reciclado,165100,40,0,0.01%,0.00%,64,0,0.02%,0.00%,96.00%,0.00%,7,0,17.50%,0.00%,"189,09 €","0,00 €",7,0
B0C5X757TS,B0C5X757TS,Arcos Serie Lisboa - Cubertería de 24 piezas en Caja de Regalo (6 Cuchillos + 12 Cucharas + 6 Tenedores) - Monoblock de una pieza en Acero Inoxidable - Color Plata,597400,132,8,0.05%,0.10%,219,13,0.05%,0.11%,98.32%,100.00%,10,2,7.58%,25.00%,"899,90 €","179,98 €",7,1
B0DKP7F29P,B0DJBXPR33,Arcos Serie Samoa Iconic | Sarten Antiadherente Cerámico 28 cm | Aluminio Forjado | Apta cualquier cocina | Mango Acero Inoxidable | Apta lavavajillas | Color Negro | LIBRE DE (PFOA/PTFE/PFOS),716522,164,4,0.06%,0.05%,211,5,0.05%,0.04%,70.37%,100.00%,7,0,4.27%,0.00%,"349,65 €","0,00 €",7,0
B0DPKXM18X,B0DNQX2BZN,"CUPERINOX Soporte Jamonero Plegable | Jamonero Giratorio | Jamonero de Bambú con Cuchillo Profesional, Afilador y Funda para Jamón | Elite Collection",20270_fbm,334,8,0.12%,0.10%,397,9,0.10%,0.08%,97.55%,100.00%,7,0,2.10%,0.00%,"349,93 €","0,00 €",7,0
B0F9X4NXL3,B0F9KXQKLG,"CUPERINOX Cuchillos Mesa, cuchillo carne, cuchillo mantequilla, Set 24 piezas, acero inoxidable, hoja con filo y sierra, cuchillo untar. Apto lavavajillas. Mango ergonomico",20043_24,114,4,0.04%,0.05%,136,4,0.03%,0.03%,100.00%,100.00%,9,1,7.89%,25.00%,"179,41 €","19,49 €",7,1
B0F1ZF7H1L,B005LR6FAG,"Arcos Cuchillo Cocina Forjado en Acero Inoxidable y Hoja de 200mm. Cuchillo Chef Profesional para Cortar Pescado, Carne y Cebolla. Mango Ergonómico Polioximetileno. Serie Riviera. Color Negro.",233600_,"1,188",28,0.41%,0.33%,"1,742",37,0.42%,0.31%,21.70%,12.50%,6,0,0.51%,0.00%,"194,94 €","0,00 €",6,0
B0752SPHL9,B005LR6WW2,Arcos Juego de Cuchillos de Cocina de 5 Piezas,152100_us,506,12,0.17%,0.14%,869,19,0.21%,0.16%,44.67%,18.18%,6,0,1.19%,0.00%,"371,28 €","0,00 €",6,0
B005LR749W,B005LR749W,"ARCOS Juego de Cubiertos de 24 Piezas para Mesa. Cuberterí­a Completa para 6 Personas. Set de 6 Cucharas, 6 Cuchillos, 6 Tenedores y 6 Cucharas de Postre. Serie Berlí­n. Color Plata",562400_fbm,396,12,0.14%,0.14%,537,15,0.13%,0.13%,66.23%,90.91%,8,0,2.02%,0.00%,"719,92 €","0,00 €",6,0
B0F54LTCFF,B006LMX2HO,"Arcos Cuchillo Rebanar/Jamón Acero Inoxidable Nitrum 11""",282004_,204,6,0.07%,0.07%,269,6,0.07%,0.05%,43.82%,60.00%,6,0,2.94%,0.00%,"106,50 €","0,00 €",6,0
B017HKSTCQ,B00CFN1M6Q,ARCOS Tijeras de Cocina Multiusos 200 mm,809700_,"1,989",67,0.69%,0.80%,"3,000",108,0.73%,0.90%,0.70%,14.10%,74,72,3.72%,107.46%,"730,32 €","706,40 €",6,4
B00D3LG0YI,B00D3LG0YI,Arcos Cuchillos de Mesa - Hoja Inoxidable NITRUM 110 mm - Cuchillo Chuletero para Carne - Mango de Nylon Duradero - Color Marrón - Ideal para Cocina y Comedor,804000_1pieza,57,2,0.02%,0.02%,77,2,0.02%,0.02%,100.00%,100.00%,16,0,28.07%,0.00%,"63,84 €","0,00 €",6,0
B086X1XQXD,B06Y2B85HT,"HENDI Expositor con cubierta deslizante roll-top, Simple",H871706,120,12,0.04%,0.14%,196,22,0.05%,0.18%,89.44%,87.50%,6,3,5.00%,25.00%,"269,94 €","134,97 €",6,3
B0F5L5VJM5,B0719K21HP,Arcos Tenazas de Marisco Acero Inoxidable 185 mm,606400_,89,2,0.03%,0.02%,130,3,0.03%,0.03%,51.35%,0.00%,6,0,6.74%,0.00%,"119,94 €","0,00 €",6,0
B0F1N351DY,B072FGV2YH,Arcos Juego de 6 Cuchillos Mondadores Acero Inoxidable 100 mm,189100_2,"4,483",180,1.55%,2.14%,"6,575",266,1.60%,2.22%,13.71%,2.13%,7,4,0.16%,2.22%,"118,35 €","66,60 €",6,3
B0788NF7BS,B0788NF7BS,WINS – Lavavajillas Manual 003 | Garrafa 5 L | Detergente Concentrado para Lavado Manual de Vajilla y Utensilios de Cocina | Uso Profesional y Doméstico | 100% Made in Spain,WINS003,72,8,0.02%,0.10%,87,11,0.02%,0.09%,20.48%,90.00%,20,19,27.78%,237.50%,"263,36 €","248,47 €",6,5
B078KJ1T6G,B078JPWR5J,"Arcos 807600 Juego de Cuchillos, Acero Inoxidable, Blanco, 45x20x5 cm, 3 Unidades",807600_,454,14,0.16%,0.17%,566,16,0.14%,0.13%,94.12%,100.00%,6,0,1.32%,0.00%,"419,94 €","0,00 €",6,0
B07D5FFJ36,B07D5FFJ36,"HENDI Bandeja de Servicio Ovalada XL, Superficie Antideslizante, 735x600x(H) 31mm, Negro, Fibra de Vidrio y Goma",H508831,68,14,0.02%,0.17%,99,24,0.02%,0.20%,96.55%,100.00%,7,1,10.29%,7.14%,"349,93 €","49,99 €",6,1
B0FR444FLT,B07N8VHP6Y,Arcos Cuchillo deshuesador con Hoja Acero Inoxidable Nitrum 160 mm. Cuchillo profesional para cortar huesos carne. Mango ergonómico polipropileno. Serie Brooklyn. Color azul.,192623_,106,4,0.04%,0.05%,129,5,0.03%,0.04%,86.32%,100.00%,6,0,5.66%,0.00%,"233,28 €","0,00 €",6,0
B0FR444FLT,B07YYDR6D8,Arcos Juego de Cuchillos de Cocina. 3 piezas de Acero Inoxidable forjado. Impresiona yorprencon cada corte. Mango Micarta azul. Serie Brooklyn. Color Azul.,858110,"1,255",23,0.43%,0.27%,"1,771",30,0.43%,0.25%,97.61%,94.74%,6,0,0.48%,0.00%,"601,60 €","0,00 €",6,0
B09DPRCMTF,B08MW2GWPC,Arcos Juego Cuchillos Carne | Cuchillo chuleteros | Cuchillos Carne Cuchillos Mesa | 6 Uds | Hoja 110 mm | Acero Inoxidable | Mango Nylon | Apto lavavajillas | Envase Ecológico (Filo Serrado),816400fbm,163,2,0.06%,0.02%,227,2,0.06%,0.02%,99.49%,100.00%,6,0,3.68%,0.00%,"119,94 €","0,00 €",6,0
B08PFX1GT8,B08PFX1GT8,WINS – Fregasuelos Magnolia 017 |Friegasuelos Limpiador Neutro para Suelos y Superficies | Garrafa 5L | Aroma Magnolia Suave y Duradero | Uso Diario Profesional | 100% Made in Spain,WINS017,42,3,0.01%,0.04%,50,3,0.01%,0.03%,100.00%,100.00%,8,2,19.05%,66.67%,"80,28 €","17,34 €",6,2
B0FWM351K4,B09P8M12S3,"CUPERINOX® Couture Series - Tijera Costura Profesional 12,5 cm | Acero Inoxidable de Alta Precisión | Corte Fino y Duradero | Uso Doméstico y Profesional",21961,76,2,0.03%,0.02%,107,2,0.03%,0.02%,98.00%,100.00%,7,3,9.21%,150.00%,"53,72 €","19,76 €",6,2
B0CQ5G2HVQ,B09T9PKHHR,"Arcos Sarten Antiadherente 18 cm - Aluminio Forjado, Mango Acero Inoxidable Efecto Frío, Apta para Inducción y Lavavajillas, Sistema Ahorro Energético, Serie Samoa Basic",716010,104,4,0.04%,0.05%,142,4,0.03%,0.03%,48.87%,100.00%,7,2,6.73%,50.00%,"183,73 €","52,48 €",6,1
B09T9TSXHB,B09T9TSXHB,"Arcos Grill Antiadherente 28x28 cm - Aluminio Forjado, Full Induction, Mango Acero Inoxidable Efecto Frío, Ahorro Energético, Apta Lavavajillas, Serie Samoa",717410,117,1,0.04%,0.01%,168,1,0.04%,0.01%,93.79%,100.00%,6,0,5.13%,0.00%,"275,70 €","0,00 €",6,0
B09WYWVGCS,B09WYWVGCS,Arcos Clara Juego 3 Cuchillos Forjados Acero Inoxidable Nitrum,212000_819010,88,3,0.03%,0.04%,136,3,0.03%,0.03%,78.45%,100.00%,6,0,6.82%,0.00%,"323,94 €","0,00 €",6,0
B0DVT6KPDV,B0DT73LYPQ,"CUPERINOX Cuchillos Montessori | Set de Cuchillos Infantiles de 16 Piezas | Cuchillos Niños Aprendizaje +2 Años | Incluye Delantal, Guante de Seguridad, Moldes Tabla de Cortar | Kids Collection",27016,188,4,0.06%,0.05%,250,5,0.06%,0.04%,99.13%,100.00%,6,0,3.19%,0.00%,"119,94 €","0,00 €",6,0
B0DVT6KPDV,B0DT75PQN7,"CUPERINOX Kit Cocina Montessori | Cuchillos Niños Aprendizaje +2 Años | Set Completo de Cuchillos Infantiles de 17 Piezas | Incluye Tijeras, Moldes, Batidor, Tabla y Cuchillo Seguro",27017_,165,4,0.06%,0.05%,196,4,0.05%,0.03%,100.00%,100.00%,6,0,3.64%,0.00%,"119,94 €","0,00 €",6,0
B0FHKR4Q45,B0FHKR4Q45,VINFERMATON – Insecticida Cucarachas y Hormigas | Antihormigas Instantáneo Pack 3×300 ml | Spray Eliminador Insectos Rastreros Interior y Exterior | Acción Rápida Profesional | MADE IN SPAIN,V101302_PACK3,88,2,0.03%,0.02%,117,3,0.03%,0.03%,95.41%,100.00%,6,2,6.82%,100.00%,"77,94 €","25,98 €",6,2
B0DKP7F29P,B0FS7W73G1,"Arcos Sartén Samoa Inox 28 cm, Acero inoxidable tricapa sin antiadherente",726500,223,5,0.08%,0.06%,333,5,0.08%,0.04%,86.21%,100.00%,6,0,2.69%,0.00%,"281,70 €","0,00 €",6,0
B0G4S268RT,B0G25TRTV6,BIOLEAF – Lavavajillas Pack 8×750 ml (6 L) | Potente contra Grasa Difícil | Vajilla Brillante Sin Residuos | Biodegradable y Dermatológicamente Testado,3764,51,1,0.02%,0.01%,63,1,0.02%,0.01%,100.00%,100.00%,6,0,11.76%,0.00%,"161,94 €","0,00 €",6,0
B096SHJ82T,B0044R8868,Arcos Juego de 12 Cubiertos para Mesa. Set de 6 Cuchillos Chuleteros y 6 Tenedores en Madera de Haya y Acero Inoxidable. Estuche para Carne. Serie Mesa. Color Marrón,377700_fbm,490,20,0.17%,0.24%,662,32,0.16%,0.27%,45.77%,20.00%,5,0,1.02%,0.00%,"236,95 €","0,00 €",5,0
B0F1ZF7H1L,B005LR69ZC,Arcos Cuchillo de Queso Negro 145 mm,232800_,308,8,0.11%,0.10%,424,9,0.10%,0.08%,62.36%,60.00%,5,0,1.62%,0.00%,"189,75 €","0,00 €",5,0
B0BSKCJNDM,B005LR72I0,Arcos Niza Cuchillo Jamonero Flexible Acero Inoxidable 230 mm,135600_fba,76,0,0.03%,0.00%,94,0,0.02%,0.00%,95.60%,0.00%,5,0,6.58%,0.00%,"54,50 €","0,00 €",5,0
B0F54LTCFF,B007TS6GFO,Arcos Universal Juego 5 Cuchillos Nitrum Bloque Pino POM Negro,285700_,775,28,0.27%,0.33%,888,38,0.22%,0.32%,49.41%,40.91%,5,1,0.65%,3.57%,"524,50 €","104,90 €",5,1
B007TS6I5C,B007TS6I5C,ARCOS Sacacorchos Manual Cuerpo ABS Serie Toscana,604100,230,11,0.08%,0.13%,324,19,0.08%,0.16%,35.19%,33.33%,5,1,2.17%,9.09%,"244,95 €","48,99 €",5,1
B0752V8D5V,B00I9XTGJ6,ARCOS Taco Redondo Protector de Cuchillos Caucho Termoplástico 225 mm,794000,135,1,0.05%,0.01%,194,1,0.05%,0.01%,39.88%,0.00%,5,0,3.70%,0.00%,"125,36 €","0,00 €",5,0
B09HTPJMH5,B00MDJVVZY,Arcos Latina Cuchillo de Cocina Acero Inoxidable 155 mm,100700_1pza,32,0,0.01%,0.00%,48,0,0.01%,0.00%,100.00%,0.00%,8,0,25.00%,0.00%,"46,00 €","0,00 €",5,0
B00VRZ327A,B00VRZ327A,Arcos Tijeras Costura Acero Forjado 152 mm - Uso Doméstico y Profesional - Niqueladas Plata - Serie Style,502400,46,1,0.02%,0.01%,64,1,0.02%,0.01%,94.83%,0.00%,5,0,10.87%,0.00%,"59,95 €","0,00 €",5,0
B015HG9B3I,B015HG9B3I,"HENDI Sopera con tapa y cucharón, recipiente para servir sopas y salsas, 2,7L, ⌀270x(H) 175mm, acero inoxidable",H434208,120,8,0.04%,0.10%,194,15,0.05%,0.13%,79.87%,85.71%,11,6,9.17%,75.00%,"340,79 €","180,84 €",5,2
B0F1ZF7H1L,B017DLFYYK,Arcos Cuchillo Queso Acero Inoxidable Blanco 145 mm,232824_,374,11,0.13%,0.13%,440,14,0.11%,0.12%,37.38%,54.55%,5,0,1.34%,0.00%,"189,95 €","0,00 €",5,0
B0189HXOXK,B017DLLFIO,Arcos Navaja Acero Inoxidable 85 mm,485300_fmb,126,3,0.04%,0.04%,156,4,0.04%,0.03%,82.52%,100.00%,23,20,18.25%,666.67%,"127,47 €","105,00 €",5,2
B078GYCH1G,B078GYCH1G,Tenedor de marisco - 6 unid,20023,16,2,0.01%,0.02%,23,4,0.01%,0.03%,100.00%,100.00%,6,2,37.50%,100.00%,"75,86 €","23,90 €",5,1
B0B3CPHPXR,B07BQ5CCMD,ARCOS Sacacorchos Manual de ABS Aleación de Zinc,604700_,"1,171",21,0.40%,0.25%,"1,507",29,0.37%,0.24%,22.65%,0.00%,6,0,0.51%,0.00%,"209,94 €","0,00 €",5,0
B07G79KCFK,B07G79KCFK,"Arcos Cuchillos de Mesa Caja de 12 uds Cuchillo Chuletero Cuchillo de Mesa, Hoja de Acero Inoxidable NITRUM 105 mm, Mango de Nylon, Color Marrón (12 uds)",803800_,155,8,0.05%,0.10%,228,11,0.06%,0.09%,64.50%,90.91%,5,0,3.23%,0.00%,"199,95 €","0,00 €",5,0
B0F1ZF7H1L,B07JHPQGPW,Arcos Riviera Blanc Juego 3 Cuchillos Forjados POM Blanco,807610_,488,6,0.17%,0.07%,667,9,0.16%,0.08%,55.89%,57.14%,5,0,1.02%,0.00%,"349,95 €","0,00 €",5,0
B0FR444FLT,B07N8VRS7L,Arcos Brooklyn Cuchillo Pelador Acero Inoxidable 100 mm,190123_,191,2,0.07%,0.02%,230,2,0.06%,0.02%,96.31%,100.00%,5,0,2.62%,0.00%,"142,45 €","0,00 €",5,0
B07NDV5T2F,B07NDV5T2F,Arcos Serie Brooklyn - Cuchillo Cocinero - Hoja de Acero Inoxidable Forjado NITRUM 210 mm - Mango de Micarta Color Azul (Filo Seda),190623_fbm,81,2,0.03%,0.02%,110,2,0.03%,0.02%,83.81%,100.00%,6,2,7.41%,100.00%,"275,94 €","91,98 €",5,1
B0FQNZM34T,B0843QFQB7,Arcos Set Cuchillos 5 piezas Acero Inoxidable Nitrum. Cuchillo Cocina Profesional Afilado para Cortar Carne. Mango Ergonómico Polioximetileno POM. Serie Opera. Diseño Clásico. Color Negro.,227000,442,9,0.15%,0.11%,668,10,0.16%,0.08%,56.01%,70.00%,5,0,1.13%,0.00%,"694,45 €","0,00 €",5,0
B08GSTDWTC,B08G4D9718,"Arcos | Cuchillos 3 Colores | Cuchillo de pelar | Cuchillos pelar Patatas | Acero Inoxidable Nitrum| Envase Ecológico | Cuchillo Colores (85 mm, Amarillo, Turquesa, Naranja)",816700,135,8,0.05%,0.10%,170,8,0.04%,0.07%,3.87%,100.00%,5,1,3.70%,12.50%,"54,95 €","10,99 €",5,1
B09MSDJQJ1,B08M3B43J6,"Arcos | Juego Cuchillo Jamonero 3 Pzas | jamonero Acero Inoxidable (240 mm), afilador Chaira y Cubre jamón | Juego Cuchillos jamonero Profesional | Paleta ibérica | Eco",704300_fbm,219,1,0.08%,0.01%,297,1,0.07%,0.01%,99.63%,100.00%,5,0,2.28%,0.00%,"150,43 €","0,00 €",5,0
B08TLR4Z27,B08M3YG4R1,Arcos jamonero Profesional | Cuchillo jamonero jamonero Inoxidable Nitrum | Mango Negro | Cuchillo Jamon iberico | Serie Maitre| Hoja Flexible y Filo Liso | 275 mm | Acero Inoxidable NITRUM,704200,72,0,0.02%,0.00%,112,0,0.03%,0.00%,100.00%,0.00%,5,0,6.94%,0.00%,"109,95 €","0,00 €",5,0
B08ZNM265D,B08ZNM265D,Arcos | cuchillos de mesa cuchillo mesa tradicional | 6 Piezas cuchillo chuletero | mango nailon | Envase Eco | Fabricado en España,704400_fba,111,9,0.04%,0.11%,159,11,0.04%,0.09%,58.91%,100.00%,8,1,7.21%,11.11%,"212,92 €","23,99 €",5,1
B08VS4FCLN,B09HHGVG2N,"Arcos Juego Cuchillos Cocina cuchillos | Cuchillo profesional | 6 piezas | Chef 215 mm + Cocina 150 mm, Verduras 100 mm + Tijera cocina + Pelador de fruta y verdura + Pinza para pescado",854200,169,5,0.06%,0.06%,234,9,0.06%,0.08%,100.00%,100.00%,5,0,2.96%,0.00%,"219,95 €","0,00 €",5,0
B09TP1PTLN,B09TP1PTLN,"HENDI Bolsa para Carro de Lavandería, 845x600x(H) 625mm",H691090,201,30,0.07%,0.36%,313,42,0.08%,0.35%,79.70%,53.33%,7,0,3.48%,0.00%,"244,65 €","0,00 €",5,0
B09WYZHGQF,B09WYZHGQF,Arcos Nordika Juego 3 Cuchillos para Queso Acero Inoxidable Nitrum,167200_us,111,4,0.04%,0.05%,151,8,0.04%,0.07%,89.92%,80.00%,5,1,4.50%,25.00%,"344,00 €","68,80 €",5,1
B0C5JNCFL4,B0C5JNCFL4,Arcos Serie Milano - Cubertería de 24 piezas en Caja de Regalo (6 Cuchillos + 12 Cucharas + 6 Tenedores) - Monoblock de una pieza en Acero Inoxidable - Color Plata,542000,257,4,0.09%,0.05%,380,4,0.09%,0.03%,90.68%,100.00%,7,0,2.72%,0.00%,"524,93 €","0,00 €",5,0
B0DKP7F29P,B0DJBZ5475,Arcos Serie Samoa Iconic | Sarten Antiadherente Cerámico 20 cm | Aluminio Forjado | Apta cualquier cocina | Mango Acero Inoxidable | Apta lavavajillas | Color Negro | LIBRE DE (PFOA/PTFE/PFOS),716122,208,4,0.07%,0.05%,260,6,0.06%,0.05%,91.34%,100.00%,5,0,2.40%,0.00%,"174,75 €","0,00 €",5,0
B0DQV6381X,B0F2Q1K35T,CUPERINOX Soporte Jamonero Balancín | Jamonero Giratorio Profesional | Jamonero Madera | Jamonera Profesional | Tabla Cortar Jamon,20265_SC,329,13,0.11%,0.15%,485,22,0.12%,0.18%,96.58%,92.31%,5,1,1.52%,7.69%,"424,95 €","84,99 €",5,1
B0F9X4NXL3,B0F9GJRSSJ,"CUPERINOX Cuchillos Mesa, cuchillo carne, cuchillo mantequilla, Set 6 piezas, acero inoxidable, hoja con filo y sierra, cuchillo untar. Apto lavavajillas. Mango ergonomico",20043_6,113,7,0.04%,0.08%,135,8,0.03%,0.07%,100.00%,100.00%,5,1,4.42%,14.29%,"49,45 €","9,49 €",5,1
B0FBRQYHVM,B0FBRNCHGJ,"CUPERINOX® Ventilador Portátil Silencioso y Recargable con Power Bank 20000mAh, +50H de batería – Ventilador de Mesa USB con Mando, Luz LED y 4 Velocidades – Ideal para Dormir, Camping y Hogar.",27000,226,3,0.08%,0.04%,351,7,0.09%,0.06%,99.35%,100.00%,5,0,2.21%,0.00%,"299,95 €","0,00 €",5,0
B0DKP7F29P,B0FS7XQ88Z,"Arcos Sartén Samoa Inox 30 cm, Acero inoxidable tricapa sin PFAS",726600,126,2,0.04%,0.02%,162,2,0.04%,0.02%,85.82%,100.00%,5,0,3.97%,0.00%,"259,75 €","0,00 €",5,0
B0DKP7F29P,B0FS7XZKVF,"Arcos Sartén Samoa Inox 20 cm, Acero inoxidable tricapa sin PFAS",726100,203,5,0.07%,0.06%,264,9,0.06%,0.08%,92.95%,100.00%,5,0,2.46%,0.00%,"169,75 €","0,00 €",5,0
B0G67DKSXN,B0G213X3HM,"BIOLEAF – Gel WC Antical Pack 2×750 ml (1,5 L) – Gel Espeso Acción Prolongada – Elimina Sarro y Cal – Limpieza Sanitaria Intensiva – Biodegradable – Sin Disruptores Endocrinos",2682,63,0,0.02%,0.00%,76,0,0.02%,0.00%,100.00%,0.00%,5,0,7.94%,0.00%,"49,95 €","0,00 €",5,0
B0G3ZJ89NB,B0G2MT6K5N,"CUPERINOX Jamonero Inoxidable Giratorio | Jamonera base Inoxidable | Incluye Cuchillo Jamonero Alveolos 25 cm, Deshuesador 15 cm, Afilador y Funda para Jamón | Apto Jamones y Paletilla",20251,73,1,0.03%,0.01%,100,1,0.02%,0.01%,98.91%,100.00%,5,0,6.85%,0.00%,"349,95 €","0,00 €",5,0
B0F54LTCFF,B0044R87I2,Arcos Conjunto Cuchillos 4 piezas (3 Cuchillos + 1 tijeras). Acero Inoxidable y Hoja mm. 1670 gr. Bloque madera pino. Mango ergonómico polioximetileno POM. Serie Universal. Mayor control. Color negro.,285000_us,253,6,0.09%,0.07%,298,6,0.07%,0.05%,80.95%,100.00%,4,0,1.58%,0.00%,"227,96 €","0,00 €",4,0
B017HKG9PK,B0044R87VO,Arcos Maitre - Cuchillo Jamonero Flexible - Acero Inoxidable NITRUM 275 mm - Mango Polipropileno negro,151200,351,7,0.12%,0.08%,390,8,0.10%,0.07%,74.03%,14.29%,4,0,1.14%,0.00%,"63,96 €","0,00 €",4,0
B0F1ZF7H1L,B005LR69PW,"Arcos Cuchillo Tomates Acero Inoxidable 5""",232000_,349,7,0.12%,0.08%,505,7,0.12%,0.06%,13.62%,0.00%,4,0,1.15%,0.00%,"95,96 €","0,00 €",4,0
B0752SPHL9,B005LR6W8Q,Arcos Maitre Set 5 Cuchillos Acero Inoxidable Nitrum,152000_,189,4,0.07%,0.05%,265,5,0.06%,0.04%,67.66%,75.00%,4,0,2.12%,0.00%,"247,96 €","0,00 €",4,0
B007TS6GP4,B007TS6GP4,Arcos Juego de 6 Cuchillos de Mesa Chuleteros Acero Inoxidable 110 mm,815600--,98,5,0.03%,0.06%,127,5,0.03%,0.04%,61.74%,50.00%,4,0,4.08%,0.00%,"107,96 €","0,00 €",4,0
B0F1ZF7H1L,B00BHZPHSC,Arcos Riviera Blanc Cuchillo Jamonero Forjado Acero POM Blanco 250 mm,231024_,135,8,0.05%,0.10%,163,10,0.04%,0.08%,38.03%,50.00%,5,3,3.70%,37.50%,"169,95 €","101,97 €",4,2
B00D3LCJI4,B00D3LCJI4,Arcos Saeta - Cuchillo Panero - Hoja de Acero Inoxidable Forjado Nitrum de 210 mm - Mango de Pom - Color Negro,175700,16,0,0.01%,0.00%,22,0,0.01%,0.00%,100.00%,0.00%,4,0,25.00%,0.00%,"119,96 €","0,00 €",4,0
B017HKR8WS,B00OFR535Q,"Arcos Afiladores - Afilador Eléctrico de Cuchillos Afilador de Cuchillos Eléctricos, Hecho de Plástico, Color Negro (Rodillos de Banda Intercambiables)",610500_fbm,402,24,0.14%,0.29%,453,29,0.11%,0.24%,98.48%,94.12%,4,4,1.00%,16.67%,"939,96 €","939,96 €",4,4
B0GDYCSPT1,B00R6JUIUK,Arcos Cuchillo Chuletero Acero Inoxidable 105 mm,100400_1pza,"1,980",56,0.68%,0.67%,"2,982",80,0.73%,0.67%,0.60%,1.64%,19,10,0.96%,17.86%,"75,81 €","39,90 €",4,1
B00VRZ3BMG,B00VRZ3BMG,Arcos Tijeras Costura Acero Forjado 140 mm - Uso Doméstico y Profesional - Niqueladas Plata - Serie Style,502300_,33,1,0.01%,0.01%,49,1,0.01%,0.01%,100.00%,0.00%,4,0,12.12%,0.00%,"43,96 €","0,00 €",4,0
B017HKSR4G,B00WUZRKJW,Arcos Cuchillos de Mesa - Hoja de Acero Inoxidable Nitrum 110 mm - Mango Ergonómico de Polipropileno - Ideal para Comedor - Color Crema - Serie Elegance,802900,174,8,0.06%,0.10%,248,11,0.06%,0.09%,98.64%,100.00%,18,1,10.34%,12.50%,"62,82 €","3,49 €",4,1
B017DLDM3A,B017DLDM3A,Arcos Cuchillo Mondador Madera 65 mm,100100_us,97,6,0.03%,0.07%,197,14,0.05%,0.12%,3.33%,0.00%,4,0,4.12%,0.00%,"21,96 €","0,00 €",4,0
B0189HXQKQ,B017DLLFES,"Arcos Navaja Profesional de Acero Inoxidable Nitrum, Hoja 85 mm, Mango de Polipropileno, Serie Navajas Profesionales, Alta Durabilidad y Rendimiento",485700_fbm,268,4,0.09%,0.05%,409,5,0.10%,0.04%,15.36%,100.00%,6,2,2.24%,50.00%,"45,00 €","13,04 €",4,1
B017DLM9V6,B017DLM9V6,"Arcos Tenedores de Postre Acero Inoxidable 18/10, Juego de 3 Piezas, Monoblock 180 mm, Serie Toscana, Ideal para Repostería y Sobremesa, Color Plata",574500_,97,1,0.03%,0.01%,131,1,0.03%,0.01%,94.87%,100.00%,8,0,8.25%,0.00%,"66,00 €","0,00 €",4,0
B017DMTEIG,B017DMTEIG,Arcos Utensilios Profesionales - Sierra de Carnicero - Hoja de Acero Inoxidable 430 mm - Mango de Polipropileno Color Negro,791800,49,8,0.02%,0.10%,77,18,0.02%,0.15%,61.67%,53.85%,4,1,8.16%,12.50%,"251,60 €","62,90 €",4,1
B088L3R1VP,B01DDMW0TK,HENDI Caja isotérmica para catering - GN 1/1-100 L - 635x465x(H)660 mm,H707999,20,3,0.01%,0.04%,40,4,0.01%,0.03%,100.00%,100.00%,8,5,40.00%,166.67%,"2.468,00 €","1.542,50 €",4,1
B071LGMGHG,B071LGMGHG,Arcos Tijeras de Manicura Rectas de Acero Forjado 102 mm - Uso Profesional y Doméstico - Niqueladas Plata - Serie Style,501100,66,0,0.02%,0.00%,94,0,0.02%,0.00%,68.97%,0.00%,4,0,6.06%,0.00%,"39,96 €","0,00 €",4,0
B0788R5C2F,B0788R5C2F,Wins 019 Desincrustante Máquinas. Envase 5 L. Producto ácido para la eliminación de incrustaciones de cal y óxido en máquinas lavavajillas.,BM-7KH8-TWCU,69,11,0.02%,0.13%,107,24,0.03%,0.20%,100.00%,100.00%,5,1,7.25%,9.09%,"98,75 €","19,75 €",4,1
B089MW6B1B,B078JNZS9T,Arcos Estuche de 3 Cuchillos Básicos de Cocina. Pack de Cuchillos con Hoja de Acero Inoxidable y Mango de Polieximetileno Aptos para Lavavajillas. Serie Universal. Color Negro,807400_us,"2,155",52,0.74%,0.62%,"3,161",78,0.77%,0.65%,4.48%,7.02%,4,1,0.19%,1.92%,"175,96 €","43,99 €",4,1
B07DPCM8YW,B07DPCM8YW,"HENDI Lámpara de Calor Colgante, Altura Ajustable, Plata",H273883,27,6,0.01%,0.07%,37,10,0.01%,0.08%,85.29%,88.89%,7,2,25.93%,33.33%,"496,65 €","141,90 €",4,2
B07F8Z6XL1,B07F8Z6XL1,VINFERMATÓN - Insecticida Matón Cucas Cucarachas y Hormigas Instantáneo 300ml,V101302,84,3,0.03%,0.04%,115,7,0.03%,0.06%,43.30%,0.00%,5,0,5.95%,0.00%,"39,45 €","0,00 €",4,0
B0B3F4QXML,B07HY6FKNQ,Arcos Serie Clasica - Juego de Cuchillos de 7 piezas en Caja de Regalo (5 Cuchillos + 1 Tijeras + 1 Chaira) - Hoja de Acero Inoxidable Forjado NITRUM - Mango de Polioximetileno (POM) - Color marrón,854400_2,199,6,0.07%,0.07%,280,6,0.07%,0.05%,99.60%,100.00%,4,1,2.01%,16.67%,"594,96 €","144,99 €",4,1
B0FR444FLT,B07N8S366Z,Arcos Cuchillo Cocina Forjado en Acero Inoxidable. Hoja Plateada 210 mm. Cuchillo Chef con Mango Profesional Micarta y Borde de Seda Especial. Serie Brooklyn. Color Azul.,190623_,287,4,0.10%,0.05%,396,7,0.10%,0.06%,93.45%,66.67%,4,0,1.39%,0.00%,"187,96 €","0,00 €",4,0
B0FR444FLT,B07N8VCFRY,Arcos Brooklyn Cuchillo Panero Acero Inoxidable Nitrum 200 mm,191323_,132,3,0.05%,0.04%,173,3,0.04%,0.03%,88.89%,100.00%,4,0,3.03%,0.00%,"159,96 €","0,00 €",4,0
B06XB92VRH,B07T6J5JWM,CUPERINOX Cafetera Italiana Induccion Espresso Acero Inoxidable 12 Tazas,25035_2,381,8,0.13%,0.10%,555,9,0.14%,0.08%,79.44%,80.00%,4,0,1.05%,0.00%,"112,00 €","0,00 €",4,0
B0CYTKGNPM,B0843Q6L5P,ARCOS Pelador Profesional Acero Inoxidable Cromado 130 mm,607000_,"5,857",152,2.02%,1.81%,"8,539",218,2.08%,1.82%,0.17%,1.28%,13,12,0.22%,7.89%,"63,32 €","56,07 €",4,3
B08G8QHY23,B08G8QHY23,Arcos | cuchillos chuleteros cuchillo madera cuchillo chuletero | 6 Piezas | juego cuchillos carne | cuchillos mango madera | Envase Eco | Fabricado en España,809300_,314,8,0.11%,0.10%,452,10,0.11%,0.08%,99.49%,77.78%,5,0,1.59%,0.00%,"119,95 €","0,00 €",4,0
B09FQ5SZK8,B08MTTN436,Arcos Nordika Cuchillo Mondador Nitrum Madera Ovengkol FSC 100 mm,165000_fbm,156,5,0.05%,0.06%,214,5,0.05%,0.04%,52.97%,100.00%,4,0,2.56%,0.00%,"88,32 €","0,00 €",4,0
B09FQ5SZK8,B08MTZZQV5,Arcos Cuchillo para Pan Acero Inoxidable Nitrum 200 mm,166400_fbm,172,7,0.06%,0.08%,235,10,0.06%,0.08%,75.60%,40.00%,4,0,2.33%,0.00%,"115,96 €","0,00 €",4,0
B08ZNM265D,B08ZNM265D,Arcos | cuchillos de mesa cuchillo mesa tradicional | 6 Piezas cuchillo chuletero | mango nailon | Envase Eco | Fabricado en España,704400,111,9,0.04%,0.11%,159,11,0.04%,0.09%,58.91%,100.00%,7,0,6.31%,0.00%,"188,93 €","0,00 €",4,0
B0C4DTYRJW,B094QVHPQ8,Arcos Juego Cuchillos Cocina Profesionales| Cuchillos Cocina Profesional Set Cuchillos | Mango Negro (4 Piezas),813500,300,11,0.10%,0.13%,374,14,0.09%,0.12%,91.43%,100.00%,4,0,1.33%,0.00%,"159,80 €","0,00 €",4,0
B08J488ZQG,B0987N2CBR,Arcos Juego Cuchillos Carne | 6 Piezas | Cuchillos carne cuchillo chuleteros | cubiertos acero inoxidable | Hoja 110 mm | mango monobloque | aptos lavavajillas | Caja Envase Ecológico,814000_fba,"1,061",28,0.37%,0.33%,"1,237",29,0.30%,0.24%,99.83%,100.00%,6,0,0.57%,0.00%,"167,94 €","0,00 €",4,0
B09GPS236X,B09GPS236X,"HENDI Portacondimentos de Bar, Bandeja de Guarniciones para Cócteles BarUp, Caja Organizadora con Tapa Transparente, 6 Contenedores de Polipropileno, 480x150x(H) 100mm, HIPS, Negro",H552032,29,3,0.01%,0.04%,41,3,0.01%,0.03%,96.88%,100.00%,8,5,27.59%,166.67%,"241,52 €","150,95 €",4,1
B0CQ5G2HVQ,B09T9S9NZ4,"Arcos Sarten Antiadherente 24 cm - Aluminio Forjado, Full Induction, Mango Acero Inoxidable Efecto Frío, Apta Lavavajillas, Ahorro Energético, Serie Samoa",716310,62,1,0.02%,0.01%,88,1,0.02%,0.01%,55.42%,100.00%,4,0,6.45%,0.00%,"147,96 €","0,00 €",4,0
B09XF6G1Q8,B09XF6G1Q8,Arcos Serie Universal - Juego de Cuchillos de Cocina de 4 piezas (3 Cuchillos Cocineros + Tijeras) - Hoja de Acero Inoxidable NITRUM - Mango de Polioximetileno (POM) - Color Negro,807410+TIJERA,56,3,0.02%,0.04%,68,5,0.02%,0.04%,100.00%,100.00%,4,1,7.14%,33.33%,"199,96 €","49,99 €",4,1
B0DK3G72TM,B0B1JNX37K,"HENDI Lavador de cucharas para helados, línea de suministro de agua de 3/8"", línea de drenaje de 3/4"", 270x111x(H)115mm, acero inoxidable AISI 304",H802007,100,6,0.03%,0.07%,126,9,0.03%,0.08%,54.70%,85.71%,5,1,5.00%,16.67%,"352,49 €","70,49 €",4,1
B0C4B1CKSR,B0C4B1CKSR,Arcos Serie Nordika - Cuchillo Yanagiba - Acero Inoxidable NITRUM - Hoja de 240 mm - Mango de Madera Ovengkol 100% natural de bosques certificados FSC® - Embalaje 100% reciclado,168200,43,3,0.01%,0.04%,55,3,0.01%,0.03%,96.00%,100.00%,4,0,9.30%,0.00%,"199,96 €","0,00 €",4,0
B0CYTKGNPM,B0CW66H3TR,Pelador de Tomate ARCOS - Hoja Serrada de Acero Inoxidable | Mango Ergonómico | Ideal para Tomates,607420_,999,21,0.34%,0.25%,"1,089",23,0.27%,0.19%,99.80%,100.00%,4,0,0.40%,0.00%,"31,96 €","0,00 €",4,0
B0DKP7F29P,B0DJBZ81XL,"Arcos Serie Samoa Iconic | Cacerola Baja Antiadherente Cerámico 28 cm y 4,3 L | Aluminio Forjado | Apta cualquier cocina | Mango Acero Inoxidable | Color Negro | LIBRE DE (PFOA/PTFE/PFOS)",717122,138,3,0.05%,0.04%,165,5,0.04%,0.04%,70.32%,100.00%,4,1,2.90%,33.33%,"291,80 €","72,95 €",4,1
B0DPLG5V7Q,B0DPJBBJC4,"CUPERINOX® Tazas de Café Espresso de Cristal – Set 2 80ml- Aptas para lavavajillas- Resistentes al Calor – Tazas Bonitas de Café, Té Originales y Elegantes – Aroma Series",26120_,167,0,0.06%,0.00%,237,0,0.06%,0.00%,99.08%,0.00%,5,0,2.99%,0.00%,"59,95 €","0,00 €",4,0
B0FJLTDB9J,B0F9LGKSXC,CUPERINOX Set 4 Herramientas Manicura y Pedicura|Alicate Pedicuro+Cortauñas Grande+Cortaúñas Mediano con Llavero+Tijera Punta Redonda|Acero Inoxidable Profesional|Uso Doméstico y Viaje,A10003,59,2,0.02%,0.02%,68,3,0.02%,0.03%,96.61%,100.00%,5,2,8.47%,100.00%,"99,95 €","39,98 €",4,1
B0FBRQYHVM,B0FBRLQK47,"CUPERINOX Ventilador Portatil, Camping, Exterior, Playa, Piscina, Festival| 5+ cargas movil| +48H de bateria | 20000mAh| Powerbank, Luz led, Mando a distancia y Temporizador",27001,64,1,0.02%,0.01%,77,3,0.02%,0.03%,100.00%,100.00%,4,1,6.25%,100.00%,"227,46 €","47,49 €",4,1
B0FDKY2RXG,B0FDKY2RXG,VINCARE Pack Limpieza Infantil – Detergente Biberones + Multiusos + Quitamanchas – Limpieza Segura para el Entorno del Bebé- 100% MADE IN SPAIN,PACK VINCARE,34,1,0.01%,0.01%,43,1,0.01%,0.01%,90.00%,0.00%,4,0,11.76%,0.00%,"59,96 €","0,00 €",4,0
B0FDL3VP7W,B0FDL3VP7W,VINFERMATON – Insecticida Moscas y Mosquitos Perfume Limón Pack 3×300 ml | Spray Eliminador Insectos Voladores Interior y Exterior | Acción Inmediata Profesional | 100% MADE IN SPAIN,V000_PACK3,77,3,0.03%,0.04%,101,3,0.02%,0.03%,98.86%,66.67%,4,0,5.19%,0.00%,"47,96 €","0,00 €",4,0
B0FZCGBRVR,B0FZCGBRVR,CUPERINOX - Cuchillo Pelador Forjado Profesional 9 cm | Hoja de Acero Inoxidable de Alta Precisión | Mango Ergonómico Antideslizante | Cuchillo de Cocina para Frutas y Verduras,19304,29,1,0.01%,0.01%,45,1,0.01%,0.01%,100.00%,0.00%,4,0,13.79%,0.00%,"47,96 €","0,00 €",4,0
B0GTZB24Q5,B0GTZB24Q5,"VINFERMATON- Fregasuelos Insecticida Pack 2×1L | Antihormigas y Anticucarachas | Elimina Hormigas, Cucarachas y Arañas |Uso Directo en Zócalos y Suelos| Friegasuelos Aroma Lavanda |100% MADE IN SPAIN",FriegasuelosInsecticida_Pack2,74,1,0.03%,0.01%,105,1,0.03%,0.01%,96.88%,100.00%,4,0,5.41%,0.00%,"56,96 €","0,00 €",4,0
B0DDWPSK8Z,B001681JO6,"HENDI Placa de inducción de sobremesa profesional, control táctil, 60-240°C, 230V, 3500W, 342x431x(H)116mm, acero inoxidable",H239711,70,3,0.02%,0.04%,103,4,0.03%,0.03%,83.72%,100.00%,4,1,5.71%,33.33%,"1.071,00 €","267,75 €",3,1
B017HKG9PK,B0044R87YQ,Arcos Cuchillo para Maitre Negro 100 mm,150500_pp,652,20,0.22%,0.24%,880,26,0.21%,0.22%,8.85%,29.41%,5,3,0.77%,15.00%,"49,57 €","29,67 €",3,1
B0F54LTCFF,B0044R884U,Arcos Universal Cuchillo Santoku Acero POM Negro 170 mm,286004_us,344,8,0.12%,0.10%,477,8,0.12%,0.07%,11.32%,0.00%,3,0,0.87%,0.00%,"71,25 €","0,00 €",3,0
B00509FC90,B00509FC90,"HENDI Baño María eléctrico, con grifo, sistema de calentamiento al baño María, temperatura regulable 30°C a 85°C, 1x GN 1/1, 2x GN 1/2, 3x GN 1/3, 19L, 230V, 1000W, 605x332x(H)242mm, acero inoxidable",H238912,30,9,0.01%,0.11%,41,11,0.01%,0.09%,78.38%,100.00%,3,2,10.00%,22.22%,"453,75 €","302,50 €",3,2
B0F1ZF7H1L,B005LR6H5O,Arcos Cuchillo Chef Forjado Acero Inoxidable. Cuchillo Cocina Profesional Multiusos Cortar Carne y Verduras. Mango Ergonómico Polioximetileno y Hoja 300mm. Serie Riviera. Color Negro.,233800_,134,6,0.05%,0.07%,160,7,0.04%,0.06%,85.38%,100.00%,3,1,2.24%,16.67%,"179,97 €","59,99 €",3,1
B0F1ZF7H1L,B00BHZPJFI,Arcos Riviera Blanc Cuchillo Chef Forjado Acero Inoxidable 150 mm,233424_,190,4,0.07%,0.05%,245,10,0.06%,0.08%,28.85%,75.00%,3,0,1.58%,0.00%,"80,97 €","0,00 €",3,0
B0F54LTCFF,B00BHZPO3K,Arcos Cuchillo para Queso Acero Inoxidable NITRUM 145 mm,281604_fbm,663,28,0.23%,0.33%,"1,011",51,0.25%,0.43%,6.05%,21.21%,4,2,0.60%,7.14%,"83,00 €","41,50 €",3,1
B00BQU0FB2,B00BQU0FB2,"HENDI Filtros de papel para cafetera de goteo, 1000 unidades, desechables, papel de filtro de café, ⌀245x(H)62mm, blanco",H208656,14,7,0.00%,0.08%,16,7,0.00%,0.06%,93.75%,100.00%,4,3,28.57%,42.86%,"167,00 €","125,25 €",3,2
B00D3LC70Y,B00D3LC70Y,Arcos Tijeras Costura Castellana - Acero Forjado Niquelado 127 mm - Uso Doméstico y Profesional - Serie Style,502200,56,2,0.02%,0.02%,89,2,0.02%,0.02%,97.26%,100.00%,3,0,5.36%,0.00%,"31,47 €","0,00 €",3,0
B00D3LFQ3E,B00D3LFQ3E,ARCOS Cuchillo Corta Bacalao y Pan Acero Polietileno Blanco 440 mm,791600,57,2,0.02%,0.02%,84,2,0.02%,0.02%,55.41%,50.00%,3,0,5.26%,0.00%,"315,75 €","0,00 €",3,0
B0DK3FSR9B,B00GZR3JD2,"HENDI Sifón de Nata, con 3 boquillas Diferentes, Soporte para el Cargador y Cepillo de Limpieza, para Nata montada, mousses, postres, 0,95L, ø95x(H) 320mm, Aluminio, Blanco",H588376,48,3,0.02%,0.04%,62,5,0.02%,0.04%,86.27%,100.00%,4,2,8.33%,66.67%,"167,80 €","83,90 €",3,1
B07TXLKG42,B00GZR3MKM,"HENDI Freidora eléctrica, T ajustable hasta 190°C, termostato de seguridad, zona fría, con tapa y cesta de freír, tanque de aceite extraíble, 8L, 230V, 3500W, 265x430x(H)345mm, acero inoxidable",H205822,40,6,0.01%,0.07%,67,16,0.02%,0.13%,91.67%,75.00%,3,2,7.50%,33.33%,"498,98 €","333,99 €",3,2
B00IUPKTFS,B00IUPKTFS,"HENDI Sartén eléctrica multiusos, paellera cazuela olla plancha, de fiestas, revestimiento antiadherente, termostato, con tapa, interior: ø55cm profundidad: 6cm, 230V, 1600W, ø620x(H)190mm, aluminio",H239605,196,6,0.07%,0.07%,295,6,0.07%,0.05%,82.33%,100.00%,3,0,1.53%,0.00%,"296,97 €","0,00 €",3,0
B0F1ZF7H1L,B00J64GI70,Arcos Riviera Blanc Cuchillo Fileteador Forjado Acero Inoxidable 200 mm,233024_,130,3,0.04%,0.04%,163,3,0.04%,0.03%,29.71%,66.67%,3,0,2.31%,0.00%,"77,97 €","0,00 €",3,0
B0D1CYZT7H,B00JN2S0UI,HENDI Escurridor de patatas fritas de aluminio - Gris claro - diámetro400x(H)170 mm,H630006,65,11,0.02%,0.13%,105,14,0.03%,0.12%,96.70%,100.00%,3,1,4.62%,9.09%,"88,23 €","29,25 €",3,1
B09381N96H,B00PKFXWJQ,Arcos Serie Cuchillos de Mesa - Cuchillo Mesa - Hoja Serrada de Acero Inoxidable NITRUM de 125 mm - Mango Polipropileno Color crema,370200_1Pieza,46,1,0.02%,0.01%,76,1,0.02%,0.01%,100.00%,100.00%,5,0,10.87%,0.00%,"17,45 €","0,00 €",3,0
B00U2QWLVS,B00U2QWLVS,Arcos Cuchillo Chuletero de Mesa Acero Inoxidable Nitrum 115 mm,740009_us,33,0,0.01%,0.00%,46,0,0.01%,0.00%,94.74%,0.00%,6,0,18.18%,0.00%,"23,94 €","0,00 €",3,0
B0F54LTCFF,B00VRWR53K,"Arcos Serie Universal, Macheta Cuchillo Carnicero, Hoja de Acero Inoxidable Nitrum 180 mm, Mango de Polioximetileno, Pom Color Negro",288100_,251,9,0.09%,0.11%,278,9,0.07%,0.08%,99.63%,100.00%,3,0,1.20%,0.00%,"119,97 €","0,00 €",3,0
B00W9SPO5M,B00W9SPO5M,Arcos Tijeras de Modista de Acero Forjado 178 mm - Uso Profesional y Doméstico - Niqueladas en Plata - Serie Style,504200,34,0,0.01%,0.00%,44,0,0.01%,0.00%,100.00%,0.00%,3,0,8.82%,0.00%,"43,72 €","0,00 €",3,0
B0CJDS7HN7,B00WUZT88I,ARCOS Mesa Tenedor Carne y Mesa Acero 18/10 Plata 200 mm,702100_1pieza,307,9,0.11%,0.11%,386,12,0.09%,0.10%,68.72%,25.00%,15,0,4.89%,0.00%,"56,25 €","0,00 €",3,0
B06XB92VRH,B00YU2ZS1A,CUPERINOX Cafetera Italiana Induccion Espresso Acero Inoxidable 6 Tazas,25033,49,1,0.02%,0.01%,65,1,0.02%,0.01%,98.36%,100.00%,3,0,6.12%,0.00%,"50,59 €","0,00 €",3,0
B0GXGBZXPT,B017DLL2KA,"Arcos Regia Cuchillos Mesa Carne Nitrum POM Negro-Oro 4,5 pulg",375000_1Pieza,41,1,0.01%,0.01%,74,1,0.02%,0.01%,86.57%,100.00%,4,0,9.76%,0.00%,"47,96 €","0,00 €",3,0
B0189HXTQ2,B017DLMQOG,"Arcos Tablas - Tabla de Cocina Antibacteriana para Cortar, Resistente al Lavavajillas, Fibra de Celulosa y Resina, 33x23 cm, Alta Resistencia al Calor, Negro",692110,125,4,0.04%,0.05%,181,5,0.04%,0.04%,60.25%,40.00%,3,0,2.40%,0.00%,"68,97 €","0,00 €",3,0
B01DY57HXU,B01DY57HXU,"HENDI Combustible líquido, lata, con mecha, 24 unidades, sin hollín y sin olor, tiempo de combustión 6 horas, dietilenglicol puro, para calentadores de alimentos, calientaplatos, chafing dish, 200 gr",H193938,27,3,0.01%,0.04%,36,5,0.01%,0.04%,100.00%,100.00%,3,1,11.11%,33.33%,"163,64 €","54,25 €",3,1
B01MQDCZTB,B01MQDCZTB,"HENDI Carro bandejero con Superficie de Trabajo, 7 x GN 1/1, Capacidad de Carga 70 kg, 445x615x(H) 945mm, Acero Inoxidable",H810668,19,7,0.01%,0.08%,27,9,0.01%,0.08%,50.00%,66.67%,3,3,15.79%,42.86%,"597,00 €","597,00 €",3,3
B0FWM351K4,B01N4WDTRY,CUPERINOX® Couture Series - Tijera Costura Profesional 15 cm | Acero Inoxidable Resistente | Corte Preciso para Telas y Manualidades | Uso Doméstico y Profesional,21962,60,1,0.02%,0.01%,82,1,0.02%,0.01%,92.31%,100.00%,6,0,10.00%,0.00%,"50,94 €","0,00 €",3,0
B075ZWHQLQ,B075ZWHQLQ,Wins - Desengrasante Limpiador Profesional 001 - Garrafa 5L,WINS001,71,1,0.02%,0.01%,103,1,0.03%,0.01%,55.79%,100.00%,4,1,5.63%,100.00%,"53,56 €","13,39 €",3,1
B0FR444FLT,B07C7YV74X,Arcos Manhattan Cuchillo Trinchar Acero Jamón y Carne 250 mm,161900_,109,5,0.04%,0.06%,135,9,0.03%,0.08%,97.52%,100.00%,4,1,3.67%,20.00%,"139,96 €","34,99 €",3,1
B0FR444FLT,B07D8XC7NL,"Arcos Cuchillo Chef Forjado Acero Inoxidable NITRUM - Profesional Cocina, Mango Ergonómico POM Negro, Hoja Silk Edge 250 mm, Serie Manhattan",160800_,143,4,0.05%,0.05%,195,5,0.05%,0.04%,90.50%,100.00%,3,0,2.10%,0.00%,"134,97 €","0,00 €",3,0
B085SNLR5G,B07DC83Z46,"HENDI Bandeja de Servicio, Redonda, Recubrimiento Antideslizante, Multiusos, para buffets, Bandeja de Cocina para Servir Comida rápida, Bebidas, Fast Food, ⌀410x(H) 20mm, Polipropileno, Negro",H878149,54,4,0.02%,0.05%,86,5,0.02%,0.04%,96.30%,100.00%,7,1,12.96%,25.00%,"76,93 €","10,99 €",3,1
B0FR444FLT,B07DC9LM3W,"Arcos Cuchillo Panadero Profesional - Hoja Silk Edge 200 mm en Acero Inoxidable Nitrum, Corte Preciso y Duradero, Ideal para Pan y Pasteles, Diseño Elegante y Seguro, Serie Manhattan",161300_,187,7,0.06%,0.08%,223,8,0.05%,0.07%,94.63%,100.00%,3,2,1.60%,28.57%,"95,97 €","63,98 €",3,2
B07DFK4T6L,B07DFK4T6L,"Arcos Cuchillo Deshuesador Profesional - Hoja Silk Edge Acero Inoxidable Nitrum 160 mm, Precisión y Durabilidad, Mango Ergonómico POM Negro, Serie Manhattan",162600_,25,1,0.01%,0.01%,38,1,0.01%,0.01%,85.29%,0.00%,3,0,12.00%,0.00%,"83,25 €","0,00 €",3,0
B0B8Z4CJBC,B07F2YVB15,"Arcos Juego Cuchillos Pelar Acero Inoxidable Nitrum 4""",136500_2,401,16,0.14%,0.19%,672,26,0.16%,0.22%,62.52%,8.70%,3,0,0.75%,0.00%,"57,72 €","0,00 €",3,0
B07G75VRY2,B07G75VRY2,"Arcos Serie Cuchillos de Mesa Caja 12 uds Cuchillo Chuletero, Hoja Serrada de Acero Inoxidable de 110 mm, Cuchillo Monoblock Acero Inoxidable Color plata (12 UDS)",375800_(809900x2),41,1,0.01%,0.01%,66,1,0.02%,0.01%,67.86%,0.00%,4,0,9.76%,0.00%,"231,96 €","0,00 €",3,0
B07LD4MBMK,B07LD4MBMK,"HENDI Cubitera para Hielo, hielera, Recipiente para almacenar Cubitos de Hielo, BarUp, de Doble Pared, 10L, ø292x(h) 220mm, poliestireno, Blanco y Negro",H594759,87,17,0.03%,0.20%,124,24,0.03%,0.20%,90.09%,89.47%,3,2,3.45%,11.76%,"118,49 €","78,99 €",3,2
B07MZJTY16,B07MZJTY16,HENDI Jarra medidora apilable - 5 L - ø210x(H)270 mm,H567852,10,2,0.00%,0.02%,16,4,0.00%,0.03%,100.00%,100.00%,6,5,60.00%,250.00%,"83,94 €","69,95 €",3,2
B0D1CTXJXN,B07MZJTY16,HENDI Jarra medidora apilable - 5 L - ø210x(H)270 mm,H567852,55,6,0.02%,0.07%,64,6,0.02%,0.05%,98.31%,100.00%,4,3,7.27%,50.00%,"53,53 €","39,54 €",3,2
B0DH1DC8QH,B07N8TQDFR,ARCOS Tabla de Cortar de Madera con Colgador 43 x 33 cm,708300,105,7,0.04%,0.08%,169,22,0.04%,0.18%,42.45%,53.85%,3,0,2.86%,0.00%,"107,97 €","0,00 €",3,0
B0FR444FLT,B07N8W7718,Arcos Cuchillo Chef Forjado Acero Inoxidable Tamaño. Mango Profesional Micarta y BorSeda Especial con Hoja Plateada 250 mm. Impresiona yorprencon Cada Corte. Serie Brooklyn. Color Azul.,190823_,97,2,0.03%,0.02%,121,2,0.03%,0.02%,91.82%,100.00%,3,0,3.09%,0.00%,"158,97 €","0,00 €",3,0
B07N8WMVK1,B07N8WMVK1,ARCOS Taco Cajonera Organizador Bambú hasta 25 cm Marrón,794300_fbm,105,3,0.04%,0.04%,149,4,0.04%,0.03%,36.03%,66.67%,3,0,2.86%,0.00%,"95,97 €","0,00 €",3,0
B0F1ZF7H1L,B07YXBK4HD,Arcos Riviera Set 3 Cuchillos de Corte Acero Inoxidable Nitrum,806911_,414,10,0.14%,0.12%,468,11,0.11%,0.09%,84.67%,100.00%,3,0,0.72%,0.00%,"194,85 €","0,00 €",3,0
B0FR444FLT,B0843DNN57,Arcos Set Cuchillos Forjados 4 piezas (3 Cuchillos + 1 tijeras) - Acero Inoxidable Forjado NITRUM - Mango Micarta - Bloques Madera Color Azul. Serie Brooklyn. Impresiona yorprencon Cada Corte.,194000_,178,9,0.06%,0.11%,209,11,0.05%,0.09%,92.97%,100.00%,3,0,1.69%,0.00%,"359,97 €","0,00 €",3,0
B0FQNZM34T,B0843V9Z1W,Arcos Cuchillo Santoku Acero Inoxidable Nitrum y Hoja 190 mm. Mango ergonómico polioximetileno POM. Diseño clásico y acabado redondeado gran belleza yolidez. Serie Opera. Color negro.,229900_fba,66,0,0.02%,0.00%,87,0,0.02%,0.00%,98.68%,0.00%,3,0,4.55%,0.00%,"110,97 €","0,00 €",3,0
B08VS4FCLN,B08BX3WTPP,"Arcos Juego Cuchillos Cocina cuchillo blanco cuchillos | cuchillos cocina Maitre | 4 piezas | Chef 215 mm, Cocina 150 mm, Verduras 100 mm Tijera cocina (Blanco)",152624,191,6,0.07%,0.07%,269,10,0.07%,0.08%,99.60%,100.00%,3,0,1.57%,0.00%,"104,97 €","0,00 €",3,0
B08M5K93QF,B08M5K93QF,Arcos Juego Cuchillos Mesa | 6 Uds | Cuchillo Postre | Cuchillos Mesa | Cuchillo Carne | Hoja 105 mm | Acero Inoxidable Martensítico | Mango Polipropileno | Apto lavavajillas | Envase Ecológico,703500_etq,108,1,0.04%,0.01%,158,1,0.04%,0.01%,100.00%,100.00%,3,0,2.78%,0.00%,"32,97 €","0,00 €",3,0
B09FQ5SZK8,B08MTWC7RD,Arcos Cuchillo Cocinero Acero Inoxidable Nitrum 210 mm,166800_fbm,463,12,0.16%,0.14%,641,15,0.16%,0.13%,18.00%,33.33%,3,0,0.65%,0.00%,"89,97 €","0,00 €",3,0
B09FQ5SZK8,B08MV1BJ5Z,Arcos Serie Nordika - Cuchillo Cocinero - Acero Inoxidable NITRUM - Hoja de 140 mm - Mango de Madera Ovengkol 100% natural FSC - Embalaje 100% reciclado,165400_fbm,127,5,0.04%,0.06%,182,6,0.04%,0.05%,56.55%,100.00%,3,1,2.36%,20.00%,"70,63 €","20,65 €",3,1
B08T5Z4HFS,B08QYV8C1P,"CUPERINOX Cubiertos para marisco | Pinzas para marisco | Tenazas para marisco | 6 Unidades | Cubiertos marisco (Cangrejo, Langosta, Ostras) | Tenedor de marisco con dos dientes inferiores y cuchara.",20023_6pzas,70,2,0.02%,0.02%,88,2,0.02%,0.02%,95.35%,100.00%,4,0,5.71%,0.00%,"51,96 €","0,00 €",3,0
B0CQ5G2HVQ,B09T6L1FNG,"Arcos Sarten Antiadherente 20 cm - Aluminio Forjado, Full Induction, Mango Acero Inoxidable Efecto Frío, Apta Lavavajillas, Ahorro Energético, Serie Samoa, Negro",716110,72,4,0.02%,0.05%,104,4,0.03%,0.03%,1.15%,50.00%,3,1,4.17%,25.00%,"89,82 €","29,94 €",3,1
B09WYYY5MD,B09WYYY5MD,Arcos Nordika Cuchillo para Queso Acero Inoxidable Nitrum 125 mm,166100_us,26,2,0.01%,0.02%,33,4,0.01%,0.03%,79.31%,75.00%,3,0,11.54%,0.00%,"79,47 €","0,00 €",3,0
B0FWK4CNH3,B0B42QTHTP,CUPERINOX | Tijeras de pescado 18 cm | Tijeras Cocina | tijeras de cocinero profesional para aves pescado carne caza| Accesorios de cocina,21991_,40,2,0.01%,0.02%,46,2,0.01%,0.02%,100.00%,100.00%,3,0,7.50%,0.00%,"18,97 €","0,00 €",3,0
B0F9TD2LTH,B0CS6V91GR,CUPERINOX® Cuchillos de Mesa con Mango de Madera – Set 6 Cuchillos para Carne con Filo Dentado – Estilo Palmadera tradicional – Aptos para Uso Diario,14015_us,555,19,0.19%,0.23%,743,25,0.18%,0.21%,99.55%,100.00%,4,0,0.72%,0.00%,"75,96 €","0,00 €",3,0
B0F9TD2LTH,B0CS6V91GR,CUPERINOX® Cuchillos de Mesa con Mango de Madera – Set 6 Cuchillos para Carne con Filo Dentado – Estilo Palmadera tradicional – Aptos para Uso Diario,14015,555,19,0.19%,0.23%,743,25,0.18%,0.21%,99.55%,100.00%,3,0,0.54%,0.00%,"56,97 €","0,00 €",3,0
B0CYTKGNPM,B0CW68KM18,Pelador de Cocina ARCOS - Hoja de Acero Inoxidable | Mango Ergonómico | Herramienta Versátil para Pelar Frutas y Verduras,607300,"1,019",33,0.35%,0.39%,"1,244",39,0.30%,0.33%,67.18%,62.07%,3,0,0.29%,0.00%,"23,97 €","0,00 €",3,0
B0CZXS1ZHN,B0CZXS1ZHN,"HENDI Olla de hierro fundido con 3 patas, caldero tipo potjie sudafricano, con tapa y asa, para fuego abierto y horno, 6L, ⌀245x(H)280mm",H629291,457,14,0.16%,0.17%,623,15,0.15%,0.13%,88.60%,58.33%,3,0,0.66%,0.00%,"179,25 €","0,00 €",3,0
B0DFQ7Y1G8,B0DFQ7Y1G8,Arcos Afiladores - Afilador Eléctrico de Cuchillos de Cocina - Hecho de ABS Color Blanco (Rodillos con recubrimiento de diamante),603900,94,10,0.03%,0.12%,129,21,0.03%,0.18%,97.35%,100.00%,3,0,3.19%,0.00%,"869,85 €","0,00 €",3,0
B0DKP7F29P,B0DJBZ635J,"Arcos Serie Samoa Iconic | Cacerola Antiadherente Cerámico 20 cm y 2,6 L | Aluminio Forjado | Apta cualquier cocina | Mango Acero Inoxidable | Color Beige | LIBRE DE (PFOA/PTFE/PFOS)",716924,217,2,0.07%,0.02%,290,3,0.07%,0.03%,85.38%,66.67%,3,0,1.38%,0.00%,"161,85 €","0,00 €",3,0
B0DKP7F29P,B0DJC1RQ9T,"Arcos Serie Samoa Iconic | Cacerola Antiadherente Cerámico 20 cm y 2,6 L | Aluminio Forjado | Apta cualquier cocina | Mango Acero Inoxidable | Color Negro | LIBRE DE (PFOA/PTFE/PFOS)",716922,122,5,0.04%,0.06%,134,5,0.03%,0.04%,81.30%,100.00%,3,0,2.46%,0.00%,"164,85 €","0,00 €",3,0
B0G3ZJ89NB,B0FZCJ46CM,CUPERINOX - Set Cuchillo Jamonero+ Deshuesador Profesional Forjado 2 Piezas | Cuchillo Jamonero Alveolado 25 cm y Deshuesador 15 cm |Corte Fino y Equilibrado | Aptos para lavavajillas,19303,112,3,0.04%,0.04%,164,4,0.04%,0.03%,100.00%,100.00%,3,0,2.68%,0.00%,"74,97 €","0,00 €",3,0
B0G4RT6HMS,B0G1ZZYNX6,"BIOLEAF – Limpiacristales Pack 2×750 ml (1,5 L) – Sin Marcas ni Huellas – Brillo en Cristales, Espejos y Ventanas – Secado Rápido – Biodegradable – Sin Disruptores Endocrinos",2651,45,0,0.02%,0.00%,52,0,0.01%,0.00%,100.00%,0.00%,3,0,6.67%,0.00%,"29,97 €","0,00 €",3,0
B0G4S268RT,B0G21WYQYN,BIOLEAF– Lavavajillas Pack 4×750 ml (3 L) | Alta Eficacia contra Grasa Difícil | Vajilla Brillante y Sin Residuos | Biodegradable y Dermatológicamente Testado,3467,158,1,0.05%,0.01%,193,3,0.05%,0.03%,99.45%,100.00%,3,0,1.90%,0.00%,"59,97 €","0,00 €",3,0
B0044R87XM,B0044R87XM,"Arcos Cuchillo cocina laerie Kyoto - Hoja Acero Inoxidable forjado Nitrum 6"" - Mango negro polioximetileno (POM) - Elegante y duradero (7'')",178900_,67,2,0.02%,0.02%,95,2,0.02%,0.02%,98.77%,100.00%,2,1,2.99%,50.00%,"99,98 €","49,99 €",2,1
B017HKG9PK,B0044R87YQ,Arcos Cuchillo para Maitre Negro 100 mm,150500_us,652,20,0.22%,0.24%,880,26,0.21%,0.22%,8.85%,29.41%,7,7,1.07%,35.00%,"62,57 €","62,57 €",2,2
B0F54LTCFF,B0044R881I,Arcos Serie Universal - Cuchillo Cocinero - Hoja de Acero Inoxidable NITRUM 100 mm - Mango de Polioximetileno (POM) Color Negro,280204_,"1,096",44,0.38%,0.52%,"1,583",63,0.39%,0.53%,1.12%,0.00%,2,0,0.18%,0.00%,"25,98 €","0,00 €",2,0
B0752XP113,B0044R887W,Arcos Juego Cuchillos carne 4 piezas. Paquete Cuchillos bolsillo con borperla para cortar y filetear carne. Hoja y mango Acero Inoxidable monobloque. Serie Mesa.,378400_2,187,6,0.06%,0.07%,252,12,0.06%,0.10%,47.01%,12.50%,8,0,4.28%,0.00%,"167,92 €","0,00 €",2,0
B0873P7266,B0050BAQ62,HENDI Calentador de alimentos con 2 quemadores - 330x180x(H)65 mm,H463000,10,0,0.00%,0.00%,10,0,0.00%,0.00%,88.89%,0.00%,2,0,20.00%,0.00%,"92,98 €","0,00 €",2,0
B0050G2IOU,B0050G2IOU,"HENDI Sartén eléctrica multiusos, paellera cazuela olla plancha, de fiestas, revestimiento antiadherente, termostato, con tapa, interior: ø40cm profundidad: 5cm, 230V, 1400W, ø500x(H)190mm, aluminio",H239506,154,6,0.05%,0.07%,198,8,0.05%,0.07%,79.67%,42.86%,2,0,1.30%,0.00%,"108,50 €","0,00 €",2,0
B0F1ZF7H1L,B005LR67V8,Arcos Cuchillo para Pan Acero Inoxidable Nitrum 200 mm,231300_,277,11,0.10%,0.13%,378,14,0.09%,0.12%,16.92%,25.00%,2,0,0.72%,0.00%,"59,98 €","0,00 €",2,0
B0F1ZF7H1L,B005LR6AEW,Arcos Riviera Forjada Cuchillo para Pescado Acero Inoxidable Nitrum 170 mm,232900,73,0,0.03%,0.00%,92,0,0.02%,0.00%,44.64%,0.00%,2,0,2.74%,0.00%,"53,98 €","0,00 €",2,0
B005LR78LQ,B005LR78LQ,ARCOS Forged Tijeras de Cocina Acero Inoxidable Forjado 225 mm,507100,50,1,0.02%,0.01%,69,1,0.02%,0.01%,87.10%,0.00%,2,0,4.00%,0.00%,"77,00 €","0,00 €",2,0
B00XJBJO4K,B005LRSIPQ,Arcos Guantes de Protección de Malla - Acero Inoxidable Anticorte para Cocina - Certificación EN 420/EN 10827/1 - Tamaño XXS 210 mm - Seguridad y Durabilidad,615000,13,1,0.00%,0.01%,25,2,0.01%,0.02%,85.00%,100.00%,2,1,15.38%,100.00%,"241,80 €","120,90 €",2,1
B0F54LTCFF,B006LMX2EW,Arcos Universal Cuchillo Jamonero Acero Hoja Hueca Negro 280 mm,281901_,425,14,0.15%,0.17%,577,25,0.14%,0.21%,25.09%,6.25%,2,0,0.47%,0.00%,"46,98 €","0,00 €",2,0
B0F54LTCFF,B006LMX2GK,Arcos Cuchillo Jamonero Acero Inoxidable Forjado Nitrum 280 mm,281904,202,7,0.07%,0.08%,263,9,0.06%,0.08%,48.57%,14.29%,2,0,0.99%,0.00%,"34,98 €","0,00 €",2,0
B07BDVL8SH,B007TS679O,Arcos Universal Cuchillo Pelar Remaches Acero POM Negro 3 pulg,281004_pp,19,0,0.01%,0.00%,26,0,0.01%,0.00%,54.55%,0.00%,2,0,10.53%,0.00%,"23,98 €","0,00 €",2,0
B0F54LTCFF,B007TS67OY,Arcos Cuchillo Chef Acero Inoxidable 155 mm,280404_fbm,978,10,0.34%,0.12%,"1,215",12,0.30%,0.10%,12.15%,12.50%,2,0,0.20%,0.00%,"32,98 €","0,00 €",2,0
B08J488ZQG,B007TS6GP4,Arcos Juego de 6 Cuchillos de Mesa Chuleteros Acero Inoxidable 110 mm,815600--,175,8,0.06%,0.10%,220,8,0.05%,0.07%,70.59%,25.00%,3,0,1.71%,0.00%,"80,97 €","0,00 €",2,0
B08XYZRKC4,B007TS6GWW,"ARCOS Juego de Cubiertos de 24 Piezas para Mesa. Cuberterí­a Completa para 6 Personas. Set de 6 Cucharas, 6 Cuchillos, 6 Tenedores y 6 Cucharas de Postre. Serie Toscana. Color Plata",572400,"1,883",38,0.65%,0.45%,"2,767",49,0.67%,0.41%,1.15%,55.56%,3,3,0.16%,7.89%,"192,47 €","192,47 €",2,2
B07BDT9G74,B008U6T624,Arcos Clásica Cuchillo Deshuesador Forjado Acero Inoxidable Nitrum 140 mm,256200_fbm,21,1,0.01%,0.01%,26,1,0.01%,0.01%,96.15%,0.00%,2,0,9.52%,0.00%,"39,98 €","0,00 €",2,0
B0752X1ZCK,B009KPKG8M,Arcos Cuchillos de Mesa - Cuchillo Chuletero Cuchillo de Mesa - Hoja de Acero Inoxidable NITRUM 110 mm - Mango de Nylon - Color Negro,803000_1-Pieza,181,2,0.06%,0.02%,191,2,0.05%,0.02%,73.10%,100.00%,8,0,4.42%,0.00%,"30,00 €","0,00 €",2,0
B0F1ZF7H1L,B00BHZPIVI,Arcos Cuchillo Chef Forjado Acero Inoxidable 200 mm,233624,247,7,0.09%,0.08%,306,7,0.07%,0.06%,44.57%,71.43%,2,0,0.81%,0.00%,"64,98 €","0,00 €",2,0
B00BQU1IAY,B00BQU1IAY,"HENDI Calentador eléctrico de Alimentos para Buffet Tellano, Chafing Dish eléctrico al baño María, GN 1/1, Capacidad 9L, 30–85°C, 230V, 900W, 575x349x(H) 278mm, Polipropileno y Acero Inoxidable",H204825,21,7,0.01%,0.08%,30,12,0.01%,0.10%,88.00%,83.33%,2,2,9.52%,28.57%,"254,98 €","254,98 €",2,2
B017HKSTCQ,B00CFN1M6Q,ARCOS Tijeras de Cocina Multiusos 200 mm,809700_FBA,"1,989",67,0.69%,0.80%,"3,000",108,0.73%,0.90%,0.70%,14.10%,2,1,0.10%,1.49%,"23,98 €","11,99 €",2,1
B00CWZQJZG,B00CWZQJZG,"Arcos Cuchillos Mesa - Cuchillo Carne Mesa - Monobloque unaola pieza Acero Inoxidable 4"" - Color Plateado - Corta todo tipo carne conimplicidad y practicidad -erie Monobloque - Color Gris",702000_1pza_fba,66,0,0.02%,0.00%,108,0,0.03%,0.00%,61.22%,0.00%,9,0,13.64%,0.00%,"44,91 €","0,00 €",2,0
B00D3LCFRE,B00D3LCFRE,Arcos Tijeras Multiusos de Acero Inoxidable 210 mm - Costura y Tejidos - Mango ABS Gris - Serie Deluxe,521000_fbm,33,1,0.01%,0.01%,48,3,0.01%,0.03%,97.67%,100.00%,3,0,9.09%,0.00%,"71,97 €","0,00 €",2,0
B00FHTW89A,B00FHTW89A,ARCOS Chaira Afilador Acero al Carbono Cromado 300 mm,278510_,33,3,0.01%,0.04%,41,3,0.01%,0.03%,44.44%,50.00%,2,1,6.06%,33.33%,"45,98 €","22,99 €",2,1
B08L7GKSLH,B00H558KK0,HENDI Placa de inducción de sobremesa profesional modelo 2000,H239230,191,7,0.07%,0.08%,264,10,0.06%,0.08%,90.68%,100.00%,2,1,1.05%,14.29%,"211,80 €","105,90 €",2,1
B017HKRLMK,B00I9XTPTW,"ARCOS Tabla de Cortar Fibra de Celulosa y Resina 37,7x27,7cm",691710,83,3,0.03%,0.04%,120,3,0.03%,0.03%,62.00%,66.67%,3,1,3.61%,33.33%,"77,97 €","25,99 €",2,1
B00J3ZVN54,B00J3ZVN54,ARCOS Cucharas de Mesa Acero Inoxidable 200 mm,574600_,345,11,0.12%,0.13%,518,20,0.13%,0.17%,3.40%,0.00%,3,0,0.87%,0.00%,"26,97 €","0,00 €",2,0
B00J3ZVNM2,B00J3ZVNM2,Arcos Serie Toscana - Juego de Cucharas Moka (6 cucharas) - Monoblock de una pieza en Acero Inoxidable 18/10 y 115 mm - Color Plata,574100_,521,20,0.18%,0.24%,763,26,0.19%,0.22%,0.00%,0.00%,4,4,0.77%,20.00%,"34,16 €","34,16 €",2,2
B0F1ZF7H1L,B00J64GECY,Arcos Cuchillo de Cocina Acero Inoxidable 130 mm,231524_,153,3,0.05%,0.04%,188,5,0.05%,0.04%,28.29%,100.00%,2,0,1.31%,0.00%,"46,98 €","0,00 €",2,0
B017HKGEFK,B00J64L30C,Arcos Natura Cuchillo Santoku Forjado Acero Inoxidable 180 mm,155810_,25,0,0.01%,0.00%,38,0,0.01%,0.00%,100.00%,0.00%,2,0,8.00%,0.00%,"79,98 €","0,00 €",2,0
B00L7X7ONU,B00L7X7ONU,HENDI Jarra de zumo - 2 L - ø120x(H)250 mm,H425138,15,2,0.01%,0.02%,20,4,0.00%,0.03%,100.00%,100.00%,4,0,26.67%,0.00%,"79,96 €","0,00 €",2,0
B00MDJVVZY,B00MDJVVZY,Arcos Latina Cuchillo de Cocina Acero Inoxidable 155 mm,100700_1pza,10,0,0.00%,0.00%,16,0,0.00%,0.00%,100.00%,0.00%,3,0,30.00%,0.00%,"17,25 €","0,00 €",2,0
B0CKX4YV2W,B00MFLEA80,"HENDI Expositor buffet frío UNIQ 1 piso, Negro",H871805,65,13,0.02%,0.15%,86,19,0.02%,0.16%,97.37%,100.00%,2,1,3.08%,7.69%,"150,50 €","75,25 €",2,1
B00NM2X21W,B00NM2X21W,Arcos Accesorios - Prensa Ajos Prensador de Ajos - Tamaño 160 mm - Hecho de Aleación de Zinc - Color Plata,603500_,68,3,0.02%,0.04%,85,3,0.02%,0.03%,32.89%,0.00%,2,0,2.94%,0.00%,"31,98 €","0,00 €",2,0
B00WC9DMX4,B00WC9DMX4,ARCOS Chairas Chaira Afilador Acero Carbono Cromado Negro 300 mm,279010,56,3,0.02%,0.04%,80,3,0.02%,0.03%,82.09%,0.00%,2,0,3.57%,0.00%,"58,98 €","0,00 €",2,0
B00WUZR7H2,B00WUZR7H2,Arcos Serie Cuchillos de Mesa - Cuchillo Mesa - Hoja Serrada de Acero Inoxidable de 125 mm - Cuchillo Monoblock Acero Inoxidable Color Plata,460400_1pieza,67,1,0.02%,0.01%,97,1,0.02%,0.01%,98.75%,0.00%,11,0,16.42%,0.00%,"54,89 €","0,00 €",2,0
B01418E5ZC,B01418E5ZC,"HENDI Cubitera para botellas, enfriador de bebidas tipo champanera, BarUp, 9,5L, ⌀350x(H)230mm, acero inoxidable",H471524,13,0,0.00%,0.00%,20,0,0.00%,0.00%,94.12%,0.00%,2,0,15.38%,0.00%,"48,98 €","0,00 €",2,0
B0189HXS8Q,B015QGR3CK,Arcos Serie Navajas Profesionales - Navaja Profesional - Hoja Filo de Acero Inoxidable NITRUM de 85 mm - Navaja de Acero Inoxidable Color amarillo,485900_fba,"1,011",17,0.35%,0.20%,"1,369",28,0.33%,0.23%,92.92%,100.00%,2,0,0.20%,0.00%,"14,50 €","0,00 €",2,0
B0F1ZF7H1L,B017DLG38Q,Arcos Cuchillo Cocina Acero Inoxidable Negro 140 mm,233200_,262,6,0.09%,0.07%,356,8,0.09%,0.07%,19.03%,0.00%,2,0,0.76%,0.00%,"55,98 €","0,00 €",2,0
B017DLHEGQ,B017DLHEGQ,Arcos Chaira Afilador Manual de Cuchillos 230 mm,279400,624,19,0.22%,0.23%,962,25,0.23%,0.21%,0.12%,6.25%,2,2,0.32%,10.53%,"37,80 €","37,80 €",2,2
B017DLM9SO,B017DLM9SO,ARCOS Tenedores para Tartas Acero Inoxidable 18/10 140 mm,574300_fba,722,35,0.25%,0.42%,"1,129",49,0.28%,0.41%,1.62%,12.20%,3,2,0.42%,5.71%,"29,97 €","19,98 €",2,1
B019H2J21O,B019H2J21O,"Cuperinox 22531, Flanero Inoxidable 18cm con tapa",22531_us,71,2,0.02%,0.02%,89,2,0.02%,0.02%,97.53%,100.00%,2,0,2.82%,0.00%,"17,98 €","0,00 €",2,0
B0CKX4YV2W,B01BNH5B5M,"HENDI Expositor buffet frío UNIQ 2 pisos, Negro",H871812,133,9,0.05%,0.11%,177,9,0.04%,0.08%,98.17%,100.00%,2,1,1.50%,11.11%,"289,90 €","144,95 €",2,1
B0DN1W2FX7,B01DY48HAS,"HENDI Bolsas lisas para cocción sous-vide y envasado al vacío, 100 unidades, -20 °C a +110 °C, 300x200mm, 75µm, PA/PE, sin BPA",H970683,27,3,0.01%,0.04%,30,4,0.01%,0.03%,48.00%,100.00%,5,4,18.52%,133.33%,"92,45 €","73,96 €",2,1
B0752X1Z92,B01KZWSCSE,ARCOS Mochila para 9 Cuchillos de Cocina en Poliéster y PVC. Bolsa Portacuchillos Profesional para Almacenar y Transportar Utensilios de Cocina. 330 x 480 x 185 Mm. Color Negro,694900,136,3,0.05%,0.04%,210,7,0.05%,0.06%,89.02%,100.00%,2,0,1.47%,0.00%,"129,80 €","0,00 €",2,0
B07TXLLGJX,B06XRYBCZQ,HENDI Placa de inducción de sobremesa profesional 3500 D XL,H239698,78,4,0.03%,0.05%,125,12,0.03%,0.10%,86.49%,44.44%,2,0,2.56%,0.00%,"665,46 €","0,00 €",2,0
B0752VKJ4B,B071LGMH3L,Arcos Set 3 Cuchillos Peladores Acero Inoxidable,189500_2,276,6,0.10%,0.07%,409,7,0.10%,0.06%,7.49%,14.29%,2,0,0.72%,0.00%,"21,98 €","0,00 €",2,0
B0GRNWHJPV,B071LGMH89,Arcos Mesa Cuchillo Carne Nitrum Pack Madera Marrón 4 pulg,374610_fbm,104,5,0.04%,0.06%,135,7,0.03%,0.06%,73.95%,100.00%,8,4,7.69%,80.00%,"133,88 €","66,92 €",2,1
B071VT3QQY,B071VT3QQY,"Arcos Riviera - Juego de Cuchillos de Cocina Profesional (Mondador 100 mm, Santoku 140 mm, Chef 200 mm) - Acero Inoxidable Forjado NITRUM, Mango Ergonómico Negro - 3 Piezas en Estuche",807700_fbm,112,2,0.04%,0.02%,143,5,0.03%,0.04%,90.63%,100.00%,2,1,1.79%,50.00%,"137,80 €","68,90 €",2,1
B072BX31NV,B072BX31NV,Arcos Juego 6 Cuchillos de Mesa Nitrum Acero Crema 105 mm,703500__,168,8,0.06%,0.10%,238,13,0.06%,0.11%,19.29%,20.00%,3,0,1.79%,0.00%,"35,97 €","0,00 €",2,0
B0F1N351DY,B073V3CYRF,Arcos Cuchillo Mondador de 4 Pulgadas con Hoja de 100mm en Acero Inoxidable y Mango de Polipropileno. Cuchillos de Cocina para Pelar Apto para Lavavajillas. Serie Nova. Color Turquesa,188632_,110,4,0.04%,0.05%,125,4,0.03%,0.03%,34.75%,100.00%,2,0,1.82%,0.00%,"11,98 €","0,00 €",2,0
B0761194MW,B0761194MW,VINFER Wins 020 Desengrasante Concentrado Profesional para la Limpieza de planchas de Cocina y hornos. Botella 5 Lt,WINS020,36,0,0.01%,0.00%,52,0,0.01%,0.00%,100.00%,0.00%,4,0,11.11%,0.00%,"71,96 €","0,00 €",2,0
B07878SB8W,B07878SB8W,WINS – Fregasuelos Limpiador Amoniacal Pino 018 | Garrafa 5 L | Friegasuelos Perfumado para Suelos y Superficies Lavables | Uso General | 100% Made in Spain,WINS018,36,2,0.01%,0.02%,49,2,0.01%,0.02%,56.82%,100.00%,2,1,5.56%,50.00%,"23,54 €","10,65 €",2,1
B0DQV6381X,B079VN4MTH,CUPERINOX Jamonero de Madera Góndola Soporte para Pata y Paleta de jamón Serrano e ibérico con agarres de Metal Jamonera Economica,20200_us,119,8,0.04%,0.10%,134,8,0.03%,0.07%,96.88%,100.00%,3,0,2.52%,0.00%,"39,69 €","0,00 €",2,0
B079ZBKL1L,B079ZBKL1L,Ambientador Concentrado de larga duración Azores,LIMPIADORAZORES,55,2,0.02%,0.02%,74,2,0.02%,0.02%,96.97%,100.00%,2,0,3.64%,0.00%,"33,98 €","0,00 €",2,0
B079ZCF2G9,B079ZCF2G9,Arcos Nova Juego 6 Cuchillos Carne Serrados Nitrum Negro 110 mm,188900_fbm,130,4,0.04%,0.05%,196,5,0.05%,0.04%,33.33%,0.00%,2,0,1.54%,0.00%,"35,50 €","0,00 €",2,0
B07TYQJ4YX,B07D2TFS1B,HENDI Máquina eléctrica para pasta,H224847,210,11,0.07%,0.13%,314,17,0.08%,0.14%,62.20%,54.55%,3,1,1.43%,9.09%,"627,00 €","209,00 €",2,1
B0D1CVPJXW,B07D75K6SP,"HENDI Colador cónico de malla fina, ⌀245x(H)210mm, longitud del mango 230mm, acero inoxidable",H647561,14,3,0.00%,0.04%,16,4,0.00%,0.03%,66.67%,0.00%,2,1,14.29%,33.33%,"73,10 €","36,25 €",2,1
B0CTCT53R8,B07D9X56Q3,"HENDI Recipiente GN 1/3, con laterales y fondo perforados, contenedor GN, apilable, bordes lisos, resistente a temperaturas de -40° a 300°C, 5,7L, altura: 150mm, acero inoxidable 18/10",H802519,7,4,0.00%,0.05%,9,5,0.00%,0.04%,100.00%,100.00%,3,3,42.86%,75.00%,"107,97 €","107,97 €",2,2
B08PSQ4FPT,B07D9Y6MXK,"HENDI Carro bandejero para bandejas 600x400 mm, 15 Niveles, Capacidad de Carga máxima 150 kg, 515x680x(H) 1710mm, Acero Inoxidable",H810651,6,3,0.00%,0.04%,11,5,0.00%,0.04%,90.00%,80.00%,2,2,33.33%,66.67%,"589,98 €","589,98 €",2,2
B0D1CV1MT6,B07D9YVLP6,"HENDI Tabla de cortar con certificación HACCP 600x400 - Blanco, 600x400mm",H825600,66,12,0.02%,0.14%,77,13,0.02%,0.11%,86.44%,71.43%,2,1,3.03%,8.33%,"80,13 €","39,74 €",2,1
B0FR444FLT,B07DC8JHV4,Arcos Cuchillo verduras Acero Inoxidable. Cuchillo profesional para pelar frutas y verduras. Mango ergonómico polioximetileno y Hoja 130 mm. Serie Manhattan. Color negro.,161100_,112,2,0.04%,0.02%,157,2,0.04%,0.02%,61.31%,100.00%,2,0,1.79%,0.00%,"48,98 €","0,00 €",2,0
B07DPBX3QM,B07DPBX3QM,"HENDI Lámpara de Calor Colgante, Altura Ajustable, Cobre",H273890,68,19,0.02%,0.23%,113,33,0.03%,0.28%,22.45%,27.59%,7,6,10.29%,31.58%,"568,75 €","487,50 €",2,1
B07FQ94K1Q,B07FQ94K1Q,Arcos Series Maitre - Juego de Cuchillos 5 Piezas (4 Cuchillos + 1 Tijeras) - Hoja de Acero Inoxidable Nitrum - Mango de Polipropileno - Bloque de Madera de Color marrón,152100__,45,1,0.02%,0.01%,63,1,0.02%,0.01%,70.69%,100.00%,2,0,4.44%,0.00%,"149,98 €","0,00 €",2,0
B0FR444FLT,B07JJGXYZD,Arcos Set Cocina Serie Manhattan,858100_,"2,637",48,0.91%,0.57%,"3,321",83,0.81%,0.69%,98.42%,98.08%,2,0,0.08%,0.00%,"165,98 €","0,00 €",2,0
B0F1ZF7H1L,B07JWG12BV,Arcos Riviera Set 3 Cuchillos Forjados Acero Inoxidable Nitrum,807710_,205,8,0.07%,0.10%,272,10,0.07%,0.08%,61.06%,77.78%,2,0,0.98%,0.00%,"139,98 €","0,00 €",2,0
B07N8VGRZR,B07N8VGRZR,ARCOS Capri Juego Cubertería 113 Piezas Acero Plata,587200,458,13,0.16%,0.15%,609,17,0.15%,0.14%,73.10%,70.00%,2,0,0.44%,0.00%,"758,00 €","0,00 €",2,0
B07N8W33BT,B07N8W33BT,ARCOS Bloque Universal para Cuchillos Caucho Termoplástico 225 mm,794400_,52,2,0.02%,0.02%,80,2,0.02%,0.02%,35.29%,100.00%,2,1,3.85%,50.00%,"49,98 €","24,99 €",2,1
B07NDTGSY3,B07NDTGSY3,Arcos Serie Brooklyn - Cuchillo Rocking Santoku Cuchillo Asiático - Hoja de Acero Inoxidable Forjado NITRUM 190 mm - Mango de Micarta Color Azul (Filo Seda),191623_fbm,172,2,0.06%,0.02%,225,2,0.05%,0.02%,93.30%,100.00%,2,0,1.16%,0.00%,"83,50 €","0,00 €",2,0
B07PQS3PNH,B07PQS3PNH,"HENDI Caja de golpe de café con marco de madera, vaciado de posos de café, barra de golpeo extraíble con revestimiento de silicona, GN 1/4, 265x162x(H)100mm, madera oscura/acero inoxidable",H208380,45,3,0.02%,0.04%,64,6,0.02%,0.05%,100.00%,100.00%,2,0,4.44%,0.00%,"77,00 €","0,00 €",2,0
B0F54LTCFF,B07ZJ85R7C,Arcos Set de Corte 3 Piezas Acero Inoxidable Nitrum,859300,139,9,0.05%,0.11%,173,12,0.04%,0.10%,59.35%,66.67%,2,0,1.44%,0.00%,"76,50 €","0,00 €",2,0
B08P41X49K,B082PGSBF6,"HENDI Lámpara de Calor Colgante, Altura Ajustable, Negro",H273852,30,6,0.01%,0.07%,40,11,0.01%,0.09%,57.14%,55.56%,4,4,13.33%,66.67%,"325,00 €","325,00 €",2,2
B0843DFZH2,B0843DFZH2,Arcos Set 5 Cuchillos Forjados Acero Inoxidable Nitrum,235024,310,5,0.11%,0.06%,511,10,0.12%,0.08%,9.51%,83.33%,2,0,0.65%,0.00%,"255,78 €","0,00 €",2,0
B0CYTKGNPM,B0843Q6L5P,ARCOS Pelador Profesional Acero Inoxidable Cromado 130 mm,607000_etq1,"5,857",152,2.02%,1.81%,"8,539",218,2.08%,1.82%,0.17%,1.28%,2,0,0.03%,0.00%,"12,98 €","0,00 €",2,0
B08G8QCM5H,B08G8QCM5H,ARCOS cuchillo pelador | 6 PIEZAS | cuchillo de pelar | cuchillos pelar patatas | Hoja 100 mm | Negro | cuchillo arcos pelador Acero Inoxidable,816500,237,24,0.08%,0.29%,331,37,0.08%,0.31%,100.00%,100.00%,2,1,0.84%,4.17%,"37,98 €","18,99 €",2,1
B08WR6CHHN,B08JC8DSP6,Arcos Cuchillos Chuleteros cuchillos chuleteros acero inoxidable filo liso juego cuchillos chuleteros | 6 PZAS cuchillo chuletero | Hoja 110 mm |cuchillos carne Envase Eco,815800,58,2,0.02%,0.02%,92,2,0.02%,0.02%,100.00%,0.00%,2,0,3.45%,0.00%,"79,98 €","0,00 €",2,0
B09MSDJQJ1,B08M3B43J6,"Arcos | Juego Cuchillo Jamonero 3 Pzas | jamonero Acero Inoxidable (240 mm), afilador Chaira y Cubre jamón | Juego Cuchillos jamonero Profesional | Paleta ibérica | Eco",704300,219,1,0.08%,0.01%,297,1,0.07%,0.01%,99.63%,100.00%,2,0,0.91%,0.00%,"59,98 €","0,00 €",2,0
B08TLR4Z27,B08M3DQFHM,Arcos jamonero Profesional | Cuchillo jamonero jamonero Inoxidable Nitrum | Mango Negro | Cuchillo Jamon iberico | Serie Maitre| Hoja Flexible y Filo Liso | 275 mm | Acero Inoxidable NITRUM,151210_fbm,49,0,0.02%,0.00%,66,0,0.02%,0.00%,95.24%,0.00%,2,0,4.08%,0.00%,"30,98 €","0,00 €",2,0
B08TLR4Z27,B08M3YG4R1,Arcos jamonero Profesional | Cuchillo jamonero jamonero Inoxidable Nitrum | Mango Negro | Cuchillo Jamon iberico | Serie Maitre| Hoja Flexible y Filo Liso | 275 mm | Acero Inoxidable NITRUM,704200_fbm,72,0,0.02%,0.00%,112,0,0.03%,0.00%,100.00%,0.00%,2,0,2.78%,0.00%,"43,98 €","0,00 €",2,0
B08M9QRSW8,B08M9QRSW8,Arcos | Juego Cuchillos cuchillos mesa | 6 Uds | cuchillo fruta | cuchillo postre | Hoja 110 mm | Acero Inoxidable Martensítico | Mango Nylon | apto lavavajillas | Envase Ecológico,703600fbm,67,4,0.02%,0.05%,100,4,0.02%,0.03%,100.00%,100.00%,2,1,2.99%,25.00%,"21,98 €","9,99 €",2,1
B08Y8NS7PN,B08XZ8X815,"Arcos serie Maitre - juego de Cuchillos, 2 Pza, Cuchillo Cocina Profesional 150mm + Cuchillo universal 100mm, Acero Inoxidable, Rosa, Eco",814600_fmb,112,4,0.04%,0.05%,150,4,0.04%,0.03%,98.50%,100.00%,2,0,1.79%,0.00%,"35,98 €","0,00 €",2,0
B09KJLG7BT,B098K898SC,CUPERINOX Soporte Jamonero | Jamonero Profesional | Cuchillo Jamonero madera + Funda Jamon | Tabla Jamonera,20226FBM,110,1,0.04%,0.01%,133,1,0.03%,0.01%,84.68%,0.00%,2,0,1.82%,0.00%,"49,98 €","0,00 €",2,0
B0F9TD2LTH,B09CL776WP,CUPERINOX® Cuchillos de Mesa Acero Inoxidable – Set 12 Cuchillos para Carne con Filo Dentado – Aptos Lavavajillas – Uso Diario y Profesional,15015_,"1,145",62,0.39%,0.74%,"1,801",123,0.44%,1.03%,98.37%,98.89%,2,0,0.17%,0.00%,"43,98 €","0,00 €",2,0
B0FWM351K4,B09D1V45YK,"CUPERINOX® Couture Series - Tijera Costura Profesional 16,5 cm | Acero Inoxidable Irrompible | Mango Ergonómico Antideslizante | Corte Preciso y Duradero",21951_,44,3,0.02%,0.04%,54,5,0.01%,0.04%,100.00%,100.00%,2,0,4.55%,0.00%,"14,68 €","0,00 €",2,0
B06XB92VRH,B09LYZ5G5S,CUPERINOX Deluxe Cafetera Italiana Induccion Espresso Inoxidable 6 Tazas,25052,55,1,0.02%,0.01%,69,1,0.02%,0.01%,100.00%,0.00%,2,0,3.64%,0.00%,"63,98 €","0,00 €",2,0
B06XB92VRH,B09LZ2VHYP,CUPERINOX Deluxe Cafetera Italiana Induccion Espresso Inoxidable 10 Tazas,25053,60,1,0.02%,0.01%,78,1,0.02%,0.01%,100.00%,0.00%,2,0,3.33%,0.00%,"73,98 €","0,00 €",2,0
B09NBVF3RB,B09NBVF3RB,"HENDI Cubierta transparente para máquina de algodón de azúcar, compatible con modelos 282731, 282809 y 282816, ⌀520x(H)350mm, acrílico (PMMA)",H282755,7,1,0.00%,0.01%,14,1,0.00%,0.01%,100.00%,100.00%,2,2,28.57%,200.00%,"189,98 €","189,98 €",2,2
B0G3ZJ89NB,B09NRLLDC6,CUPERINOX Cuchillo Jamonero + Chaira + Funda Cubre Jamón | Jamonero 240mm acero inoxidable| Afilador Chaira | Funda cubre jamón,20220f,108,5,0.04%,0.06%,151,8,0.04%,0.07%,97.32%,85.71%,2,0,1.85%,0.00%,"19,98 €","0,00 €",2,0
B0G3ZJ89NB,B09NRLLDC6,CUPERINOX Cuchillo Jamonero + Chaira + Funda Cubre Jamón | Jamonero 240mm acero inoxidable| Afilador Chaira | Funda cubre jamón,20220,108,5,0.04%,0.06%,151,8,0.04%,0.07%,97.32%,85.71%,2,0,1.85%,0.00%,"19,98 €","0,00 €",2,0
B0CRDWK8V7,B09T9QY59F,"Arcos Samoa Cazo Antiadherente Aluminio Forjado 20 cm 2,6 L",717310,54,1,0.02%,0.01%,74,1,0.02%,0.01%,4.29%,100.00%,2,1,3.70%,100.00%,"75,90 €","37,95 €",2,1
B0DNBTJMLJ,B09ZHZDJRJ,FAMILIA VINCARE (DETERGENTE BIBERONES),DETERGENTE BIBERONES 500ML,31,2,0.01%,0.02%,35,2,0.01%,0.02%,0.00%,0.00%,2,0,6.45%,0.00%,"15,98 €","0,00 €",2,0
B0B2RGCWLL,B0B2RGCWLL,"HENDI Cesta para Freír, 8L, 238x190x(H)140mm",H930656,65,9,0.02%,0.11%,107,17,0.03%,0.14%,21.74%,25.00%,5,2,7.69%,22.22%,"174,95 €","69,98 €",2,1
B0B2RGHSMW,B0B2RGHSMW,"HENDI Cesta para Freír, 6L, 238x185x(H)100mm",H930632,69,5,0.02%,0.06%,118,6,0.03%,0.05%,47.42%,66.67%,4,0,5.80%,0.00%,"119,96 €","0,00 €",2,0
B0BJPYW95J,B0BJPYW95J,Arcos Accesorios - Sacacorchos Manual Abrebotellas Manual - Mango de Aleación de Zinc - Color Negro mate (Incluye cortacápsulas),607500_,62,5,0.02%,0.06%,79,6,0.02%,0.05%,98.53%,100.00%,3,1,4.84%,20.00%,"125,97 €","41,99 €",2,1
B0CTKV6X91,B0CTKV6X91,"HENDI Juego de 6 tablas de cortar HACCP con soporte, lisas, 6 colores diferentes, 6 piezas, 450x300x(H)10mm, polietileno, polipropileno",H825686,35,10,0.01%,0.12%,47,16,0.01%,0.13%,72.09%,84.62%,2,1,5.71%,10.00%,"129,48 €","64,74 €",2,1
B0DG2QX9YD,B0DG2QX9YD,"HENDI Dispensador isotérmico de bebidas, 9L",H425336,73,7,0.03%,0.08%,112,17,0.03%,0.14%,69.32%,50.00%,5,3,6.85%,42.86%,"281,25 €","168,75 €",2,1
B0DKP7F29P,B0DJBYB7XQ,"Arcos Serie Samoa Iconic | Cazo Antiadherente Cerámico 16 cm y 1,5 L | Aluminio Forjado | Apta cualquier cocina | Mango Acero Inoxidable | Color Beige | LIBRE DE (PFOA/PTFE/PFOS)",717224,80,2,0.03%,0.02%,94,2,0.02%,0.02%,92.05%,50.00%,2,0,2.50%,0.00%,"66,90 €","0,00 €",2,0
B0DKP68T32,B0DJBYWJB7,Arcos Serie Eclipse - Cuchillo de Chef - Hoja de Acero Inoxidable Forjado con Filo Seda Plus de 200 mm - Pulido Brillo Especial - Mango Acrílico - Color Negro,213500_,110,1,0.04%,0.01%,148,1,0.04%,0.01%,63.85%,100.00%,2,0,1.82%,0.00%,"147,98 €","0,00 €",2,0
B0DKP7F29P,B0DJBYWWVM,"Arcos Serie Samoa Iconic | Cacerola Antiadherente Cerámico 24 cm y 4,3 L | Aluminio Forjado | Apta cualquier cocina | Mango Acero Inoxidable | Color Negro | LIBRE DE (PFOA/PTFE/PFOS)",717022,96,1,0.03%,0.01%,126,1,0.03%,0.01%,100.00%,0.00%,2,0,2.08%,0.00%,"109,90 €","0,00 €",2,0
B0DNNL2TZQ,B0DNN57WC1,"CUPERINOX Aceitera de Cristal Antigoteo para Aceite de Oliva, Resistente y Fácil de Limpiar Gourmet Oil Collection (250 Ml)",22022,613,18,0.21%,0.21%,864,21,0.21%,0.18%,94.28%,92.86%,2,0,0.33%,0.00%,"23,98 €","0,00 €",2,0
B0DPKXM18X,B0DNQX2BZN,"CUPERINOX Soporte Jamonero Plegable | Jamonero Giratorio | Jamonero de Bambú con Cuchillo Profesional, Afilador y Funda para Jamón | Elite Collection",20270_,334,8,0.12%,0.10%,397,9,0.10%,0.08%,97.55%,100.00%,2,0,0.60%,0.00%,"99,98 €","0,00 €",2,0
B0DQV6381X,B0DQR3T9MM,CUPERINOX Jamonero Profesional | Jamonero Giratorio Inoxidable | Jamonero Plegable | Tabla Cortar Jamon | Jamonera | Soporte Jamon,SC_20250,56,1,0.02%,0.01%,87,1,0.02%,0.01%,100.00%,0.00%,2,0,3.57%,0.00%,"109,98 €","0,00 €",2,0
B0DVT6KPDV,B0DT75PQN7,"CUPERINOX Kit Cocina Montessori | Cuchillos Niños Aprendizaje +2 Años | Set Completo de Cuchillos Infantiles de 17 Piezas | Incluye Tijeras, Moldes, Batidor, Tabla y Cuchillo Seguro",27017,165,4,0.06%,0.05%,196,4,0.05%,0.03%,100.00%,100.00%,2,0,1.21%,0.00%,"39,98 €","0,00 €",2,0
B0DTK92FQV,B0DTK92FQV,"HENDI Baño María Eléctrico con Grifo, 3x GN 1/3 con Tapas",H238868,30,6,0.01%,0.07%,41,9,0.01%,0.08%,92.11%,100.00%,2,2,6.67%,33.33%,"357,00 €","357,00 €",2,2
B0DVG51R3F,B0DVG51R3F,"HENDI Baño María Eléctrico, 3x GN 1/3 con Tapas",H238967,54,9,0.02%,0.11%,100,13,0.02%,0.11%,100.00%,100.00%,2,0,3.70%,0.00%,"325,00 €","0,00 €",2,0
B0FJLTDB9J,B0FB98PM7Z,CUPERINOX® Beauty Care – Pack 3 Cortauñas de Precisión | Alicate + Cortaúñas Mediano + Cortaúñas con Llavero | Acero Inoxidable Profesional | Manicura y Pedicura | Hombre y Mujer,21920+21931+21932,38,1,0.01%,0.01%,52,1,0.01%,0.01%,100.00%,100.00%,2,0,5.26%,0.00%,"25,98 €","0,00 €",2,0
B0FJLTDB9J,B0FB98PM7Z,CUPERINOX® Beauty Care – Pack 3 Cortauñas de Precisión | Alicate + Cortaúñas Mediano + Cortaúñas con Llavero | Acero Inoxidable Profesional | Manicura y Pedicura | Hombre y Mujer,A10004,38,1,0.01%,0.01%,52,1,0.01%,0.01%,100.00%,100.00%,2,0,5.26%,0.00%,"23,73 €","0,00 €",2,0
B0FDKX6V41,B0FDKX6V41,VINFERMATON – Insecticida Moscas y Mosquitos Perfume Limón Pack 2×600 ml | Spray Eliminador Insectos Voladores Interior y Exterior | Acción Inmediata Profesional | 100% MADE IN SPAIN,V0009_PACK2,59,0,0.02%,0.00%,74,0,0.02%,0.00%,95.71%,0.00%,2,0,3.39%,0.00%,"23,98 €","0,00 €",2,0
B0FH71NBJL,B0FH71NBJL,"VINFERMATÓN - Pack TRIPLE ACCIÓN Insecticida contra Moscas, Mosquitos, Cucarachas, Hormigas y Avispas - 6 ud",V9090,53,1,0.02%,0.01%,70,1,0.02%,0.01%,100.00%,100.00%,2,0,3.77%,0.00%,"53,98 €","0,00 €",2,0
B0FH9NPJ1K,B0FH9NPJ1K,VINFERMATON – Insecticida Cucarachas y Hormigas Antihormigas Instantáneo 600 ml | Spray Eliminador Insectos Rastreros Interior y Exterior | Acción Rápida Profesional | 100% MADE IN SPAIN (2),V0011_PACK2,70,3,0.02%,0.04%,95,3,0.02%,0.03%,65.52%,33.33%,2,0,2.86%,0.00%,"25,98 €","0,00 €",2,0
B0DKP7F29P,B0FS7VJ21D,"Arcos Sartén Samoa Inox 26 cm, Acero inoxidable tricapa libre de PFAS",726400,132,1,0.05%,0.01%,173,1,0.04%,0.01%,85.61%,100.00%,2,0,1.52%,0.00%,"85,90 €","0,00 €",2,0
B0G3ZJ89NB,B0FZD7ZY1W,CUPERINOX Cuchillo Jamonero Profesional 25 cm – Hoja Alveolada de Acero Inoxidable Antideslizante con Mango Ergonómico – Corte Preciso y Fino para Jamón y Paletilla| Maestros del Corte,19303f,70,5,0.02%,0.06%,95,8,0.02%,0.07%,100.00%,100.00%,2,0,2.86%,0.00%,"39,98 €","0,00 €",2,0
B0G4SGJSBJ,B0G21D2KFZ,"BIOLEAF– Desincrustante Baños Antical Pack 4×750 ml (3 L) | Limpieza Profesional de Lavabos, Ducha y Bañera | Brillo Inmediato | Biodegradable y Dermatológicamente Testado",3498,185,3,0.06%,0.04%,222,3,0.05%,0.03%,99.53%,100.00%,2,0,1.08%,0.00%,"39,98 €","0,00 €",2,0
B0G65J8F3L,B0G21RGP5T,BIOLEAF– Multiusos Brillo Duradero Pack 4×750 ml (3 L) | Limpieza de Muebles y Superficies | Anti-polvo Eficaz | Biodegradable y Dermatológicamente Testado,3474,197,2,0.07%,0.02%,234,3,0.06%,0.03%,100.00%,100.00%,2,0,1.02%,0.00%,"39,98 €","0,00 €",2,0
B0G4RT6HMS,B0G25TJ8X5,BIOLEAF – Limpiacristales Profesional Sin Huellas Pack 8×750 ml (6 L) | Cristales y Espejos Brillantes Sin Marcas | Secado Rápido | Fórmula Biodegradable |100% HECHO EN ESPAÑA,3771,24,0,0.01%,0.00%,26,0,0.01%,0.00%,100.00%,0.00%,2,0,8.33%,0.00%,"55,98 €","0,00 €",2,0
B0G65J8F3L,B0G25V4VFF,BIOLEAF– Multiusos Brillo Duradero Pack 8×750 ml (6 L) | Limpieza Muebles y Superficies | Anti-polvo | Biodegradable y Dermatológicamente Testado,3818,65,0,0.02%,0.00%,82,0,0.02%,0.00%,100.00%,0.00%,2,0,3.08%,0.00%,"55,98 €","0,00 €",2,0
B0G2CSJD3L,B0G2CSJD3L,Ambientador Floral superconcentrado. 5 Litros con solo 250 ml. Ahorro total,WC010,25,1,0.01%,0.01%,39,1,0.01%,0.01%,93.33%,100.00%,2,0,8.00%,0.00%,"25,98 €","0,00 €",2,0
B0GNZWCSKK,B0GNZWCSKK,VINCARE Detergente Biberones y Tetinas Pack 2x – Limpieza Segura para Bebés – Elimina Restos de Leche y Olores – Apto para Chupetes y Accesorios,PM-9MUA-64P3,22,1,0.01%,0.01%,24,1,0.01%,0.01%,100.00%,100.00%,2,0,9.09%,0.00%,"29,98 €","0,00 €",2,0
B017HKG9PK,B0044R87K0,Arcos Cuchillo Cocina Acero Inoxidable Negro 160 mm,151500_fbm,841,16,0.29%,0.19%,"1,205",17,0.29%,0.14%,2.34%,16.67%,1,1,0.12%,6.25%,"12,19 €","12,19 €",1,1
B0F54LTCFF,B0044R87L4,Arcos Cuchillo Panero con Hoja de Acero Inoxidable Nitrum 200 mm. Cuchillo Pan ideal para uso doméstico diario. Obtenga una gran variedad cortes parau comida. Serie Universal. Color negro.,282104_,"1,417",55,0.49%,0.66%,"1,990",75,0.49%,0.63%,0.16%,6.25%,1,1,0.07%,1.82%,"16,99 €","16,99 €",1,1
B0F54LTCFF,B0044R87QE,Arcos Cuchillo Cocina Acero Inoxidable 200 mm,280604_,"2,927",93,1.01%,1.11%,"4,181",117,1.02%,0.98%,0.21%,6.59%,1,1,0.03%,1.08%,"20,49 €","20,49 €",1,1
B0752XP113,B0044R886S,Arcos Conjunto carne con Hoja Acero Inoxidable Nitrum y mm. Mango ergonómico polioximetileno POM. Serie Mesa. Los bordeserrados los hacen perfectos cortar y picar carnes. Color plateado.,378000_,86,7,0.03%,0.08%,117,11,0.03%,0.09%,22.32%,30.00%,1,0,1.16%,0.00%,"41,99 €","0,00 €",1,0
B005LR5ZYS,B005LR5ZYS,Arcos Serie Terranova - Cuchillo para Pan Panero - Hoja de Acero Inoxidable Forjado NITRUM 200 mm - Mango de Polioximetileno (POM) color negro,155700,5,0,0.00%,0.00%,6,0,0.00%,0.00%,100.00%,0.00%,1,0,20.00%,0.00%,"24,99 €","0,00 €",1,0
B0F1ZF7H1L,B005LR690M,Arcos Cuchillo Rebanar y Jamón Acero Inoxidable 300 mm,231100_,132,2,0.05%,0.02%,177,2,0.04%,0.02%,4.97%,0.00%,1,0,0.76%,0.00%,"36,99 €","0,00 €",1,0
B0F1ZF7H1L,B005LR6J3Y,Arcos Riviera Juego 6 Cuchillos Forjados Acero Inoxidable Nitrum,234200_,223,6,0.08%,0.07%,303,6,0.07%,0.05%,39.24%,25.00%,1,0,0.45%,0.00%,"174,89 €","0,00 €",1,0
B0G39YHQ3Y,B005LR6ZJM,Arcos Cuchillo Verduras Acero Inoxidable 110 mm,135200,419,17,0.14%,0.20%,604,26,0.15%,0.22%,2.75%,0.00%,1,0,0.24%,0.00%,"7,99 €","0,00 €",1,0
B017HKFNO8,B005LR6ZZ6,Arcos Niza Cuchillo de Cocina Acero Inoxidable 150 mm,135300,19,1,0.01%,0.01%,24,1,0.01%,0.01%,100.00%,100.00%,1,0,5.26%,0.00%,"9,99 €","0,00 €",1,0
B0BMQ3CMJD,B005LR73D4,Arcos Serie Niza - Set Jamoneri - Cuchillo Jamonero + Chaira - Hoja de Acero Inoxidable NITRUM de 240 mm - Mangos fabricados en Polipropileno (PP) Color Negro,_136700_,136,2,0.05%,0.02%,195,4,0.05%,0.03%,6.63%,0.00%,1,0,0.74%,0.00%,"15,50 €","0,00 €",1,0
B0752X4WV1,B005LR73R0,Arcos Juego Chuleteros Mango Madera 110 mm,372000,"2,231",63,0.77%,0.75%,"3,450",106,0.84%,0.88%,7.73%,10.53%,1,0,0.04%,0.00%,"23,86 €","0,00 €",1,0
B0CWLP4H3Z,B005LR76KY,ARCOS Tijeras de Cocina Acero Inoxidable 195 mm,784901_barras_arcos,349,8,0.12%,0.10%,493,10,0.12%,0.08%,0.67%,0.00%,1,1,0.29%,12.50%,"8,49 €","8,49 €",1,1
B0F54LTCFF,B006LMX1WK,Arcos Cuchillo Salmón/Cuchillo Pescado 300 mm - Acero Inoxidable y Hoja 300 mm. 250 gr. Mango ergonómico Polioximetileno POM. Serie Universal. Hoja flexible. Mayor control. Color negro.,5Q-MVXW-N3X5,159,2,0.05%,0.02%,180,2,0.04%,0.02%,8.94%,0.00%,1,0,0.63%,0.00%,"28,49 €","0,00 €",1,0
B0F54LTCFF,B007TS67O4,Arcos Cuchillo Chef Acero Inoxidable 175 mm,284704,303,5,0.10%,0.06%,402,6,0.10%,0.05%,1.38%,0.00%,1,0,0.33%,0.00%,"16,99 €","0,00 €",1,0
B0F54LTCFF,B007TS67OO,Arcos Cuchillo Chef Acero Inoxidable 200 mm,284804,648,11,0.22%,0.13%,795,12,0.19%,0.10%,3.24%,14.29%,1,0,0.15%,0.00%,"19,75 €","0,00 €",1,0
B017HKKKIC,B007TS68BG,Arcos Universal Cuchillo Carnicero Nitrum POM Negro 160 mm,288200_fbm,167,3,0.06%,0.04%,214,4,0.05%,0.03%,24.38%,33.33%,1,0,0.60%,0.00%,"28,90 €","0,00 €",1,0
B0B3F4QXML,B008U6T7Q4,Arcos Clásica Cuchillo Santoku Forjado Acero Inoxidable Nitrum 180 mm,256600_fmb,107,3,0.04%,0.04%,151,3,0.04%,0.03%,43.70%,33.33%,1,0,0.93%,0.00%,"31,99 €","0,00 €",1,0
B008W7L5HK,B008W7L5HK,ARCOS Chaira Afilador Manual de Cuchillos 250 mm,278400,"1,234",33,0.43%,0.39%,"1,723",45,0.42%,0.38%,0.00%,0.00%,1,0,0.08%,0.00%,"11,99 €","0,00 €",1,0
B0CQ92BWQ8,B009QXIRPC,"HENDI Bolsa de Transporte y Reparto de Pizzas, Bolsa Portapizzas con Aislamiento, Impermeable, Bolsa para la Entrega de Pedidos de Pizza y Comidas, Interior 35x35x(H) 18cm, Roja, 37x37x(H) 20cm",H709825,90,7,0.03%,0.08%,143,11,0.03%,0.09%,17.60%,20.00%,2,0,2.22%,0.00%,"48,28 €","0,00 €",1,0
B00BQU1RO6,B00BQU1RO6,"HENDI Termómetro digital con sonda, rango de temperatura -50 a 300°C, función mín./máx., alarma y bloqueo de lectura, 195x85x(H)45mm, multicolor, acero inoxidable 18/8 y PVC",H271407,15,2,0.01%,0.02%,20,2,0.00%,0.02%,100.00%,100.00%,1,1,6.67%,50.00%,"87,25 €","87,25 €",1,1
B0GXGBZXPT,B00CWZOIIQ,"Arcos Cuchillos Mesa - Cuchillo Carne Mesa - Monobloque unaola pieza Acero Inoxidable 4"" - Corta chuletas o bistecs con precisión, facilidad y rapidez -erie Monobloque - Color Plateado",375500_1pza_fbm,32,0,0.01%,0.00%,42,0,0.01%,0.00%,77.78%,0.00%,2,0,6.25%,0.00%,"12,98 €","0,00 €",1,0
B0752TTMS8,B00D3LFAEE,Arcos Chairas - Chaira Afilador Manual de Cuchillos - Cuerpo Ovalado de Acero al Carbono Recubierto de Diamante de 280 mm y 17 mm de diámetro - Mango Polipropileno Color Negro,279200,724,23,0.25%,0.27%,"1,067",32,0.26%,0.27%,0.32%,15.00%,3,3,0.41%,13.04%,"119,97 €","119,97 €",1,1
B07TXLKG42,B00GZR3LR6,"HENDI Freidora eléctrica, T ajustable hasta 190°C, termostato de seguridad, zona fría, con tapa y cesta de freír, tanque de aceite extraíble, 6L, 230V, 3300W, 265x430x(H)290mm, acero inoxidable",H205815,26,1,0.01%,0.01%,34,1,0.01%,0.01%,100.00%,100.00%,1,0,3.85%,0.00%,"155,75 €","0,00 €",1,0
B07TWJ3TPK,B00GZR3QJO,HENDI Sistema de sous-vide GN 1/1. - 20 L - 230V / 600W - 335x540(H)310 mm,H225448,27,4,0.01%,0.05%,35,4,0.01%,0.03%,90.32%,100.00%,1,1,3.70%,25.00%,"371,07 €","371,07 €",1,1
B0D1CW5WWV,B00GZR3SJW,"HENDI Centrifugador de ensaladas, secador de ensaladas, cesta de centrifugado interior extraíble, apto para el lavavajillas, 25 L, ø430x(h)530 mm, Poliamida, Polipropileno",H952992,24,7,0.01%,0.08%,42,9,0.01%,0.08%,78.13%,83.33%,1,1,4.17%,14.29%,"138,50 €","138,50 €",1,1
B0CQP6ZTD4,B00H3KGKJU,"HENDI Olla de cocina, alta, con tapa con orificios de salida de vapor, con fondo de inducción continuo, apta para todas las fuentes de calor y el lavavajillas, 50L, ø400x(H)400mm, acero inoxidable",H832806,2,0,0.00%,0.00%,3,0,0.00%,0.00%,100.00%,0.00%,1,0,50.00%,0.00%,"274,75 €","0,00 €",1,0
B0BV32H59Y,B00HYWUNR2,Arcos Saeta - Cuchillo Deshuesador - Hoja de Acero Inoxidable Forjado Nitrum de 145 mm - Mango de Pom - Color Negro,174700,22,2,0.01%,0.02%,36,2,0.01%,0.02%,96.43%,100.00%,1,0,4.55%,0.00%,"29,99 €","0,00 €",1,0
B017HKRIGE,B00I9XTOT8,"ARCOS Tabla Cortar Fibra Resina y Celulosa 13""",691610,121,1,0.04%,0.01%,166,1,0.04%,0.01%,30.41%,0.00%,1,0,0.83%,0.00%,"20,99 €","0,00 €",1,0
B0G39V4XR3,B00ITVQOOI,ARCOS Tenedor de Mesa Acero Inoxidable 18/10 200 mm,371600_1pieza,27,0,0.01%,0.00%,34,0,0.01%,0.00%,81.25%,0.00%,1,0,3.70%,0.00%,"4,99 €","0,00 €",1,0
B00ITVQQ8C,B00ITVQQ8C,Arcos Chaira Afilador Manual de Cuchillos - Acero al Carbono Cromado 230 mm - Mango Resistente de Polipropileno - Mantenimiento del Filo - Serie Chairas,278138,25,1,0.01%,0.01%,31,1,0.01%,0.01%,14.81%,0.00%,1,0,4.00%,0.00%,"13,60 €","0,00 €",1,0
B00J3ZTXAG,B00J3ZTXAG,Arcos Cuchillo Jamonero 250 mm Acero Inoxidable Serie Latina,101301_fbm,486,18,0.17%,0.21%,653,26,0.16%,0.22%,0.34%,0.00%,1,0,0.21%,0.00%,"9,99 €","0,00 €",1,0
B00J3ZTYAK,B00J3ZTYAK,"Arcos Cuchillos de Mesa de Acero Inoxidable 18/10, Monoblock de una Pieza, Hoja 220 mm, Juego de 3 Piezas para Cocina, Serie Toscana",575000,37,0,0.01%,0.00%,58,0,0.01%,0.00%,30.61%,0.00%,1,0,2.70%,0.00%,"18,49 €","0,00 €",1,0
B00J3ZVMCS,B00J3ZVMCS,Arcos Serie Toscana - Juego de Cucharas para Café (6 cucharas) - Monoblock de una pieza en Acero Inoxidable 18/10 y 140 mm - Color Plata,574200_,724,43,0.25%,0.51%,"1,090",66,0.27%,0.55%,5.94%,11.54%,12,12,1.66%,27.91%,"87,00 €","87,00 €",1,1
B00J4L7DZ6,B00J4L7DZ6,Arcos Serie Toscana - Juego de Tenedores de Mesa (3 tenedores) - Monoblock de una pieza en Acero Inoxidable 18/10 y 200 mm - Color Plata,574700_,487,10,0.17%,0.12%,729,19,0.18%,0.16%,1.25%,0.00%,1,0,0.21%,0.00%,"8,99 €","0,00 €",1,0
B0F1ZF7H1L,B00J64GEEC,Arcos Riviera Blanc Cuchillo Chef Forjado Acero Inoxidable 250 mm,233724_,106,3,0.04%,0.04%,119,6,0.03%,0.05%,55.56%,33.33%,1,0,0.94%,0.00%,"43,45 €","0,00 €",1,0
B0D1CVQX4L,B00JP7NAGK,"HENDI Tabla de Cortar, Madera, marrón, 530x325mm GN 1/1",H506905,49,4,0.02%,0.05%,83,5,0.02%,0.04%,73.68%,0.00%,1,0,2.04%,0.00%,"41,75 €","0,00 €",1,0
B00KISSXY4,B00KISSXY4,"HENDI Bandeja de Servicio AmerBox, Grande, Rectangular, Multiusos, Bandeja para Servir Comida rápida, Bebidas, Fast Food, Bandeja de Cocina, 350x450x(H) 20mm, Gris, Polipropileno",H878804,23,0,0.01%,0.00%,33,0,0.01%,0.00%,96.43%,0.00%,1,0,4.35%,0.00%,"9,99 €","0,00 €",1,0
B07Z8TJHZR,B00LGX10MW,ARCOS Sacacorchos Manual Aleación de Zinc 195 mm,603400_,117,6,0.04%,0.07%,196,9,0.05%,0.08%,0.00%,0.00%,1,1,0.85%,16.67%,"17,99 €","17,99 €",1,1
B00U2R00QK,B00U2R00QK,VINFER - Limpiacristales Vinfer 5 L,VP300,6,0,0.00%,0.00%,8,0,0.00%,0.00%,100.00%,0.00%,1,0,16.67%,0.00%,"14,49 €","0,00 €",1,0
B0F1ZF7H1L,B00V3AODM2,Arcos Set Cuchillos Forjados 5 piezas - Acero Inoxidable y Hoja mm. 3500 gr. Mango ergonómico Polioximetileno POM. Serie Riviera Blanc. Hoja delgada con un Borde Suave característico. Color Blanco.,234524_,114,2,0.04%,0.02%,148,3,0.04%,0.03%,56.59%,100.00%,1,0,0.88%,0.00%,"144,92 €","0,00 €",1,0
B0F54LTCFF,B00VT5L310,Arcos Espátula de Cocina Profesional - Hoja de Acero Inoxidable NITRUM 160 mm - Resistente a Químicos y Calor - Mango Ergonómico POM Negro - Serie Universal,286600,168,8,0.06%,0.10%,179,9,0.04%,0.08%,46.15%,14.29%,2,0,1.19%,0.00%,"51,00 €","0,00 €",1,0
B06XB92VRH,B00YU2YTTM,CUPERINOX Cafetera Italiana Induccion Espresso Acero Inoxidable 4 Tazas,25032_,137,5,0.05%,0.06%,200,5,0.05%,0.04%,19.02%,66.67%,1,1,0.73%,20.00%,"19,99 €","19,99 €",1,1
B06XB92VRH,B00YU2YTTM,CUPERINOX Cafetera Italiana Induccion Espresso Acero Inoxidable 4 Tazas,25032,137,5,0.05%,0.06%,200,5,0.05%,0.04%,19.02%,66.67%,1,0,0.73%,0.00%,"16,95 €","0,00 €",1,0
B06XB92VRH,B00YU2ZWGG,CUPERINOX Cafetera Italiana Induccion Espresso Acero Inoxidable 10 Tazas,25034_fbm,119,2,0.04%,0.02%,198,2,0.05%,0.02%,77.59%,0.00%,1,0,0.84%,0.00%,"19,99 €","0,00 €",1,0
B0DN1W6N4N,B015WI6B7A,"HENDI Jarra, para batidoras licuadoras HENDI 230718-230695-230688-230213-230602-230664, 2,5L, juego completo: cuchillas-jarra-tapas, de Tritan sin BPA, batidos-cócteles-postres, 200x170x(H)360mm",H933688,11,3,0.00%,0.04%,14,3,0.00%,0.03%,71.43%,33.33%,1,1,9.09%,33.33%,"124,99 €","124,99 €",1,1
B017DLDQXQ,B017DLDQXQ,"Arcos Serie Latina, Cuchillo jamonero, Hoja de 250 mm, Mango Madera",101300_fbm,43,0,0.01%,0.00%,52,0,0.01%,0.00%,91.49%,0.00%,1,0,2.33%,0.00%,"9,49 €","0,00 €",1,0
B0B3F4QXML,B017DLGUJI,Arcos Cuchillo Jamonero Profesional - Hoja Forjada NITRUM 250 mm - Mango POM Resistente - Ideal para Cortes Precisos - Serie Clásica,256700_fbm,106,2,0.04%,0.02%,140,2,0.03%,0.02%,5.69%,0.00%,1,0,0.94%,0.00%,"28,99 €","0,00 €",1,0
B017DLL2KA,B017DLL2KA,"Arcos Regia Cuchillos Mesa Carne Nitrum POM Negro-Oro 4,5 pulg",375000_1Pieza,52,3,0.02%,0.04%,99,3,0.02%,0.03%,63.74%,50.00%,1,0,1.92%,0.00%,"11,99 €","0,00 €",1,0
B017DLM9SO,B017DLM9SO,ARCOS Tenedores para Tartas Acero Inoxidable 18/10 140 mm,574300_,722,35,0.25%,0.42%,"1,129",49,0.28%,0.41%,1.62%,12.20%,1,1,0.14%,2.86%,"9,75 €","9,75 €",1,1
B017DLMC5Y,B017DLMC5Y,"Arcos Cuchillos para Postre de Acero Inoxidable 18/10, Monoblock de una Pieza, Hoja 205 mm, Juego de 3 Piezas, Serie Toscana, Ideal para Repostería y Cocina, Color Plata",574900_,36,2,0.01%,0.02%,43,3,0.01%,0.03%,21.43%,0.00%,2,0,5.56%,0.00%,"32,98 €","0,00 €",1,0
B09F9M72Z9,B017DLNFNC,Arcos Cuchillos de Mesa - Cuchillo Chuletero Cuchillo de Mesa - Hoja de Acero Inoxidable NITRUM 110 mm - Mango de Polipropileno - Color Negro,805109_1pieza,701,12,0.24%,0.14%,998,16,0.24%,0.13%,1.40%,0.00%,4,4,0.57%,33.33%,"13,96 €","13,96 €",1,1
B0C6QCQY2G,B01ANXDVCM,HENDI Vitrina expositora refrigerada con bandeja GN 1/1,H424186,336,34,0.12%,0.40%,501,54,0.12%,0.45%,91.38%,83.33%,2,2,0.60%,5.88%,"279,50 €","279,50 €",1,1
B01BQA0K84,B01BQA0K84,"HENDI Soporte de bandejas Redondas, Soporte para Servir y presentar Alimentos, mariscos, con 2 Platos: Ø 300/400mm, ⌀400x(H) 200mm, Acero Inoxidable, Plata",H480519,8,0,0.00%,0.00%,9,0,0.00%,0.00%,100.00%,0.00%,1,0,12.50%,0.00%,"39,70 €","0,00 €",1,0
B088L1YKB9,B01DY481VS,HENDI Thermobox Kitchen Line - GN 1/1-80 L - 685x485x(H)360 mm,H707944,63,6,0.02%,0.07%,86,9,0.02%,0.08%,100.00%,100.00%,1,0,1.59%,0.00%,"87,75 €","0,00 €",1,0
B088L1YKB9,B01DY485KU,HENDI Thermobox Kitchen Line - GN 1/1-46 L - 600x400x(H)320 mm,H707968,57,3,0.02%,0.04%,75,5,0.02%,0.04%,76.12%,66.67%,2,0,3.51%,0.00%,"114,50 €","0,00 €",1,0
B0F1N351DY,B06XJBY6QV,Arcos Serie Nova - Cuchillo Mondador - Hoja de Acero Inoxidable de 85 mm - Mango de Polipropileno Color azul,188523_fbm,80,10,0.03%,0.12%,89,11,0.02%,0.09%,12.50%,77.78%,5,0,6.25%,0.00%,"29,50 €","0,00 €",1,0
B0B3F4QXML,B071VT3MKC,Arcos Clásica Cuchillo Cocinero Forjado Acero Inoxidable Nitrum 210 mm,255101_,55,0,0.02%,0.00%,60,0,0.01%,0.00%,92.31%,0.00%,1,0,1.82%,0.00%,"33,75 €","0,00 €",1,0
B071Z8BWVS,B071Z8BWVS,Arcos - Set Cuchillos Cocina Arcos y afilador Arcos | Cuchillos arcos Profesional |4 Piezas | Cuchillo Carne |Cuchillo japones | Cuchillo cebollero |843900,843900,11,0,0.00%,0.00%,23,0,0.01%,0.00%,100.00%,0.00%,1,0,9.09%,0.00%,"74,99 €","0,00 €",1,0
B0F1N351DY,B072FHSBJR,Arcos Nova Set 3 Cuchillos Peladores Acero Verde,189621,123,1,0.04%,0.01%,153,1,0.04%,0.01%,34.33%,0.00%,1,0,0.81%,0.00%,"10,49 €","0,00 €",1,0
B0B3D6SCY5,B076PYQ6YH,ARCOS Jamonero Madera de Pino Lacada Herrajes Metálicos Caoba,683200,51,0,0.02%,0.00%,71,0,0.02%,0.00%,69.12%,0.00%,1,0,1.96%,0.00%,"87,94 €","0,00 €",1,0
B07882914Y,B07882914Y,Wins - Limpiador Suelos y Superficies Concentrado Amoniacal Pino 021 - Garrafa 5L,WINS021,27,3,0.01%,0.04%,36,4,0.01%,0.03%,91.18%,100.00%,1,1,3.70%,33.33%,"14,48 €","14,48 €",1,1
B0788P3W3W,B0788P3W3W,WINS – Abrillantador Máquinas Lavavajillas Profesional 013 | Garrafa 5 L | Secado Rápido y Brillo sin Marcas en Vajilla | Uso Profesional | 100% Made in Spain,WINS013_5L,30,6,0.01%,0.07%,45,10,0.01%,0.08%,41.03%,100.00%,1,1,3.33%,16.67%,"16,35 €","16,35 €",1,1
B0FWK4CNH3,B0799Z54MP,CUPERINOX Tijeras Cocina Profesional |Mango ergonómico para máxima comodidad| Tijeras 21 cm |Tijeras de Trinchar | Tijeras Pollo | Tijera Pescado | Tijera Acero Inoxidable| Apto Lavavajillas,21982,7,0,0.00%,0.00%,9,0,0.00%,0.00%,100.00%,0.00%,1,0,14.29%,0.00%,"9,99 €","0,00 €",1,0
B09JPSTVBC,B07B8MQZTW,Arcos Serie Riviera Rose - Cuchillo Mondador - Hoja de Acero Inoxidable Forjado NITRUM 100 mm - Mango de Polioximetileno (POM) Color Rosa,230254_,64,0,0.02%,0.00%,87,0,0.02%,0.00%,94.67%,0.00%,1,0,1.56%,0.00%,"24,99 €","0,00 €",1,0
B07TXLLGJX,B07BZ99SLN,HENDI Cocina de inducción modelo 5000 D - Profi Line - 400V / 5000W - 398x515x(H)168 mm,H239322,18,2,0.01%,0.02%,20,4,0.00%,0.03%,68.75%,66.67%,1,0,5.56%,0.00%,"465,47 €","0,00 €",1,0
B08S87M447,B07CY3885W,"Arcos Serie Riviera Rose, Cuchillo Cocinero, Hoja de Acero Inoxidable Forjado Nitrum 150 mm, Mango de Polioximetileno, POM Color Rosa",233454,19,1,0.01%,0.01%,22,1,0.01%,0.01%,100.00%,0.00%,1,0,5.26%,0.00%,"27,99 €","0,00 €",1,0
B0D1CX8NJN,B07CYYMR49,"HENDI Hervidor de agua eléctrico, tetera, indicador del nivel de agua, desconexión automática, 4,2L, 230V, 2000W, 340x234x(H)290mm, acero inoxidable/Polipropileno",H209998,11,3,0.00%,0.04%,22,10,0.01%,0.08%,17.65%,33.33%,1,1,9.09%,33.33%,"42,36 €","42,36 €",1,1
B0DN1W6N4N,B07CZFR2CG,"HENDI Batidora profesional digital con cubierta insonorizada, pantalla táctil, 3 velocidades, jarra de policarbonato resistente al calor y frío, 230V, 1680W, 250x300x(H)546mm, ABS, acero inoxidable",H230695,77,12,0.03%,0.14%,111,16,0.03%,0.13%,37.37%,13.33%,1,0,1.30%,0.00%,"449,00 €","0,00 €",1,0
B07CZPBVZB,B07CZPBVZB,HENDI Matamoscas de alto voltaje - Cobertura: 150 m² - 230V / 45W - 640x90x(H)360 mm,H270172,4,0,0.00%,0.00%,8,0,0.00%,0.00%,83.33%,0.00%,1,0,25.00%,0.00%,"80,45 €","0,00 €",1,0
B07D2T6D6C,B07D2T6D6C,"HENDI Combustible líquido, lata, con mecha, 24 unidades, sin hollín y sin olor, tiempo de combustión 4 horas, dietilenglicol puro, para calentadores de alimentos, calientaplatos, chafing dish, 145 gr",H193952,6,1,0.00%,0.01%,7,1,0.00%,0.01%,100.00%,0.00%,1,0,16.67%,0.00%,"53,25 €","0,00 €",1,0
B07D3W3Z7H,B07D3W3Z7H,HENDI Soporte para platos - platos máx. Ø 275 mm - 290x200x(H)440 mm,H425473,21,0,0.01%,0.00%,39,0,0.01%,0.00%,68.75%,0.00%,12,0,57.14%,0.00%,"347,88 €","0,00 €",1,0
B08PP2X5WL,B07D4TGPKB,"HENDI Cortador cuchillo inalámbrico para kebab, shawarma, gyros, espesor de corte ajustable 0-8mm, cuchilla: 2600 rpm, 2 baterías de 2000mAh, 80W, 60kg/h, 240V, 199x125x(H) 184mm, acero inoxidable",H267257,10,2,0.00%,0.02%,13,3,0.00%,0.03%,50.00%,66.67%,1,1,10.00%,50.00%,"247,00 €","247,00 €",1,1
B0DK3GFZ8K,B07D5D24V2,HENDI Rodillo de madera - ø75x(H)590 mm,H515020,7,0,0.00%,0.00%,15,0,0.00%,0.00%,100.00%,0.00%,1,0,14.29%,0.00%,"45,49 €","0,00 €",1,0
B0DK3HY5X9,B07D6Z2DHS,HENDI Sacabolas de helado Stöckel - 1/8 - ø80 mm,H755013,7,4,0.00%,0.05%,10,7,0.00%,0.06%,88.89%,100.00%,1,1,14.29%,25.00%,"59,25 €","59,25 €",1,1
B0DK3C2HKQ,B07D73FZXG,HENDI Sacabolas de helado Profi Line - 1/36 - ø46 mm,H759257,9,0,0.00%,0.00%,14,0,0.00%,0.00%,90.91%,0.00%,1,0,11.11%,0.00%,"37,85 €","0,00 €",1,0
B0D1CVPJXW,B07D77CYPB,"HENDI Colador cónico de malla fina, ⌀205x(H)170mm, longitud del mango 230mm, acero inoxidable",H647554,39,3,0.01%,0.04%,49,3,0.01%,0.03%,68.42%,66.67%,1,0,2.56%,0.00%,"29,64 €","0,00 €",1,0
B086WYMVKJ,B07D7NHQVR,"HENDI Soporte expositor para pan de sobremesa GN 1/2, 2 niveles, con 2 cestas para bufé, 360x280x(H) 290mm, polipropileno",H561201,69,9,0.02%,0.11%,102,20,0.02%,0.17%,45.45%,11.11%,1,0,1.45%,0.00%,"37,40 €","0,00 €",1,0
B0FR444FLT,B07D8GYFC7,"Arcos Cuchillo Chef Forjado Acero Inoxidable NITRUM - Profesional Cocina, Mango Ergonómico POM Negro, Hoja Silk Edge 150 mm, Serie Manhattan",160400_,121,4,0.04%,0.05%,183,8,0.04%,0.07%,90.06%,100.00%,1,1,0.83%,25.00%,"31,49 €","31,49 €",1,1
B07D8VR39L,B07D8VR39L,"HENDI Recipiente Gastronorm GN 1/6, Budget Line, resistencia térmica -40 °C a 250 °C, apto para horno y baño maría, 1,6L, 176x162x(H) 100mm, acero inoxidable",H800638,16,1,0.01%,0.01%,25,3,0.01%,0.03%,47.62%,100.00%,4,0,25.00%,0.00%,"39,96 €","0,00 €",1,0
B07D94F6NS,B07D94F6NS,"HENDI Recipiente Gastronorm GN 1/1, Budget Line, resistencia térmica -40 °C a 250 °C, apto para horno y baño maría, 9L, 530x325x(H) 65mm, acero inoxidable",H800126,8,1,0.00%,0.01%,17,1,0.00%,0.01%,100.00%,100.00%,4,0,50.00%,0.00%,"63,80 €","0,00 €",1,0
B0CTHQG9QZ,B07D9S67L4,"HENDI Recipiente Gastronorm GN 1/2 con asas, Budget Line, resistencia térmica -40 °C a 250 °C, apto para horno y baño maría, 9,5L, 325x265x(H) 150mm, acero inoxidable",H817346,8,2,0.00%,0.02%,15,2,0.00%,0.02%,100.00%,100.00%,1,0,12.50%,0.00%,"19,99 €","0,00 €",1,0
B07D9TLFR6,B07D9TLFR6,"HENDI Contenedor isotérmico para hielo 110L, AmerBox, con tapa corredera y desagüe con grifo, 585x800x(H)745mm, HDPE",H877883,4,1,0.00%,0.01%,4,1,0.00%,0.01%,100.00%,100.00%,2,2,50.00%,200.00%,"1.650,00 €","1.650,00 €",1,1
B085SP2NWD,B07DC4CBN7,"HENDI Caja para masa de pizza y de pan, 14L, caja de fermentación, apilable, sin tapa, apta para alimentos, recipiente contenedor porta masa alimentos, sin BPA, 600x400x(H) 75mm, HDPE",H880906,12,3,0.00%,0.04%,13,4,0.00%,0.03%,84.62%,100.00%,3,3,25.00%,100.00%,"59,97 €","59,97 €",1,1
B085SNLR5G,B07DC4H82X,"HENDI Bandeja de Servicio, Redonda, Recubrimiento Antideslizante, Multiusos, para buffets, Bandeja de Cocina para Servir Comida rápida, Bebidas, Fast Food, ⌀280x(H) 20mm, Polipropileno, Negro",H878125,99,5,0.03%,0.06%,125,7,0.03%,0.06%,98.31%,100.00%,1,0,1.01%,0.00%,"9,99 €","0,00 €",1,0
B07DC711NK,B07DC711NK,"HENDI Batidora de Mano, Carcasa de ABS, Brazo Batidor de Acero Inoxidable, Cuchillas cruzadas con Revestimiento de Titanio, 6 Velocidades, Pantalla LCD, 250W, 230V, Procesa de 1-8 Litros, ø71x(H)444mm",H222157,257,24,0.09%,0.29%,415,45,0.10%,0.38%,10.76%,2.70%,1,0,0.39%,0.00%,"107,14 €","0,00 €",1,0
B088MVGCDK,B07DC7H3Y3,"HENDI Caja isotérmica frontal para recipientes GN 1/1, AmerBox, para mantener alimentos fríos o calientes, 477x680x(H)620mm, LDPE",H877814,5,2,0.00%,0.02%,6,2,0.00%,0.02%,80.00%,100.00%,3,3,60.00%,150.00%,"1.125,00 €","1.125,00 €",1,1
B086X1XQXD,B07DC8C7Y6,"HENDI Expositor con cubierta deslizante roll-top, Doble",H871713,63,10,0.02%,0.12%,79,18,0.02%,0.15%,96.00%,91.67%,1,0,1.59%,0.00%,"78,99 €","0,00 €",1,0
B07DC8MD56,B07DC8MD56,"HENDI Rejilla de asador, GN 1/1, de acero inoxidable cromado, 325x530mm, para todas las parrillas, grill, barbacoas Green Fire de HENDI",H939949,95,4,0.03%,0.05%,131,7,0.03%,0.06%,97.25%,100.00%,4,4,4.21%,100.00%,"83,96 €","83,96 €",1,1
B07G76CQC2,B07G76CQC2,"Arcos Cuchillos de Mesa Caja de 24 uds Chuletero, Hoja de Acero Inoxidable Nitrum 110 mm, Mango de Nylon, Color Marrón (24 uds)",804000_24piezas,19,1,0.01%,0.01%,27,1,0.01%,0.01%,73.91%,100.00%,1,0,5.26%,0.00%,"44,99 €","0,00 €",1,0
B0DN1W6N4N,B07GQ354HR,"HENDI Jarra, para batidoras licuadoras HENDI 230718-230695-230688-230213-230602-230664, 2,5L, juego completo: cuchillas-jarra-tapas, batidos-cócteles-postres, 200x170x(H)360mm, policarbonato",H943489,9,5,0.00%,0.06%,16,9,0.00%,0.08%,93.33%,87.50%,1,1,11.11%,20.00%,"99,99 €","99,99 €",1,1
B07H1S3VRW,B07H1S3VRW,"Wins 005 Limpiador Fregasuelos Neutro, Aroma Cítrico, 5 L",WINS005,17,0,0.01%,0.00%,25,0,0.01%,0.00%,95.65%,0.00%,4,4,23.53%,0.00%,"39,00 €","39,00 €",1,1
B07HS1Y521,B07HS1Y521,HENDI Cenicero de pared - ø75x(H)460 mm,H440216,4,1,0.00%,0.01%,5,1,0.00%,0.01%,100.00%,100.00%,1,1,25.00%,100.00%,"98,75 €","98,75 €",1,1
B07JHPTKC9,B07JHPTKC9,"Arcos Set Jamonero 3 Piezas - Cuchillo Jamonero, Deshuesador y Chaira - Hoja Silk Edge Inoxidable Forjada NITRUM - Mango Resistente POM Negro - Corte Preciso y Duradero - Serie Manhattan",858500_,13,0,0.00%,0.00%,21,0,0.01%,0.00%,64.29%,0.00%,1,0,7.69%,0.00%,"74,99 €","0,00 €",1,0
B07JWM27F4,B07JWM27F4,Arcos Set Cuchillos Cocina Profesionales Forjados en Acero Inoxidable. Juego de 3 Cuchillos (Pelador 100 mm + Cocinero 150 mm + Cocinero 200 mm). Mango Ergonómico Rosa en Polioximetileno. Riviera Rose,855100_,345,8,0.12%,0.10%,480,14,0.12%,0.12%,98.81%,85.71%,1,0,0.29%,0.00%,"74,99 €","0,00 €",1,0
B07L2ZCRPK,B07L2ZCRPK,HENDI Dispensador de zumo - 16 L - 580x350x(H)560 mm,H425411,2,2,0.00%,0.02%,5,5,0.00%,0.04%,100.00%,100.00%,1,1,50.00%,50.00%,"245,00 €","245,00 €",1,1
B0FWM351K4,B07MDGR8G1,CUPERINOX® Couture Series - Tijera Costura Profesional 15 cm | Acero Inoxidable Irrompible | Mango Ergonómico Antideslizante | Corte Preciso y Duradero,21950_us,24,2,0.01%,0.02%,31,2,0.01%,0.02%,96.43%,50.00%,1,0,4.17%,0.00%,"7,99 €","0,00 €",1,0
B0D1GH3QKG,B07MTPQ9KF,"HENDI Báscula pesa balanza digital de cocina, cuerpo de plástico HIPS con pantalla digital LED integrada, alta precisión, máximo 15 kg, 3 pilas AAA no incluidas, 266x269x(h)34 mm, acero inoxidable",H580233,93,11,0.03%,0.13%,144,16,0.04%,0.13%,5.56%,6.25%,1,0,1.08%,0.00%,"42,73 €","0,00 €",1,0
B0DK3FSR9B,B07MZK1DCF,"HENDI Sifón de nata, con 3 boquillas diferentes, soporte para el cargador y cepillo de limpieza, para nata montada, mousses, postres, 0,5L, ø80x(H)260mm, aluminio, negro",H588420,4,2,0.00%,0.02%,4,2,0.00%,0.02%,50.00%,50.00%,1,0,25.00%,0.00%,"39,13 €","0,00 €",1,0
B0CSXP6TLN,B07MZK9VXP,"HENDI Descalcificador de agua, 12L",H231227,122,17,0.04%,0.20%,173,19,0.04%,0.16%,26.95%,0.00%,1,0,0.82%,0.00%,"124,50 €","0,00 €",1,0
B0FR444FLT,B07N8Q63Z6,Arcos Brooklyn Cuchillo para Tomates Forjado Acero Inoxidable Nitrum 130 mm,192023_,207,10,0.07%,0.12%,236,10,0.06%,0.08%,86.76%,100.00%,1,0,0.48%,0.00%,"32,99 €","0,00 €",1,0
B0FR444FLT,B07N8TSTLQ,"Arcos Juego de Cuchillos Forjados (4 Piezas) - Acero Inoxidable NITRUM, Corte Preciso, Mango Ergonómico POM Negro, Incluye Cuchillo Chef, Pan, Pelar y Cocina - Serie Manhattan, Negro",163400,138,11,0.05%,0.13%,152,15,0.04%,0.13%,100.00%,100.00%,1,0,0.72%,0.00%,"199,99 €","0,00 €",1,0
B07N8VHFLF,B07N8VHFLF,Arcos - Cubertería Burdeos Arcos 24 piezas,592400_,51,2,0.02%,0.02%,64,2,0.02%,0.02%,100.00%,100.00%,1,0,1.96%,0.00%,"74,99 €","0,00 €",1,0
B0FR444FLT,B07N8VLCQS,"Arcos Juego de Cuchillos Profesionales (4 Piezas) - Acero Inoxidable Nitrum, Precisión y Durabilidad, Mango Ergonómico POM Negro, Incluye Tijeras y Bloque de Madera, Serie Manhattan",163300_,145,3,0.05%,0.04%,177,3,0.04%,0.03%,88.67%,100.00%,1,0,0.69%,0.00%,"99,99 €","0,00 €",1,0
B0G547B3RM,B07N8VMWGG,Arcos Mesa Cuchillo Chuletero Serrado Nitrum POM Negro 115 mm,374800_1pieza,33,1,0.01%,0.01%,48,1,0.01%,0.01%,93.48%,100.00%,2,0,6.06%,0.00%,"16,98 €","0,00 €",1,0
B0FY5CB86K,B07N8WHPP7,"Arcos Lira de Queso Profesional - Corte Preciso para Quesos - Estructura y Mango de Acero Inoxidable, 210 mm - Herramienta de Cocina Esencial, Color Gris",795100,46,2,0.02%,0.02%,62,2,0.02%,0.02%,92.86%,0.00%,1,0,2.17%,0.00%,"22,95 €","0,00 €",1,0
B07NDSZJQY,B07NDSZJQY,"Arcos Serie Cuchillos de Mesa Caja 12 uds Cuchillo Chuletero, Hoja Serrada de Acero Inoxidable NITRUM de 115 mm, Mango Polioximetileno Color negro (12 UDS)",374800_12piezas,12,0,0.00%,0.00%,17,0,0.00%,0.00%,92.86%,0.00%,1,0,8.33%,0.00%,"74,99 €","0,00 €",1,0
B07PNHKPMY,B07PNHKPMY,"HENDI Caja de golpe de café, rectangular, modelo en forma de gaveta, recipiente para residuos del café, vaciado de posos de café, con barra de golpeo extraíble,350x250x(H)90mm, acero al carbono",H208694,20,2,0.01%,0.02%,23,3,0.01%,0.03%,85.00%,100.00%,1,1,5.00%,50.00%,"89,95 €","89,95 €",1,1
B0GY24KF8S,B07S8PHLKH,Arcos Nova Set 6 Cuchillos Chuleteros Acero Inoxidable 110 mm,806100_fba,11,0,0.00%,0.00%,14,0,0.00%,0.00%,90.91%,0.00%,2,0,18.18%,0.00%,"35,98 €","0,00 €",1,0
B07S8PHLKH,B07S8PHLKH,Arcos Nova Set 6 Cuchillos Chuleteros Acero Inoxidable 110 mm,806100_fba,32,0,0.01%,0.00%,43,0,0.01%,0.00%,91.67%,0.00%,1,0,3.13%,0.00%,"17,99 €","0,00 €",1,0
B07YXBGV8C,B07YXBGV8C,Arcos Riviera Blanc Set 3 Cuchillos Forjados Acero Inoxidable Nitrum,807511_,36,0,0.01%,0.00%,57,0,0.01%,0.00%,88.37%,0.00%,1,0,2.78%,0.00%,"59,99 €","0,00 €",1,0
B0DN1ZCCFX,B07YXFSGD7,"HENDI Cuchilla de Corte con Recubrimiento Antiadherente para Queso, Ø300mm, Repuesto para Cortafiambres 210017, Accesorio Profesional, Acero Inoxidable",H975756,4,0,0.00%,0.00%,10,0,0.00%,0.00%,90.00%,0.00%,1,0,25.00%,0.00%,"184,75 €","0,00 €",1,0
B0F1N351DY,B07ZJ9PGQM,Arcos Cuchillo Mondador de Acero Inoxidable NITRUM - Hoja 85 mm para Pelar Frutas y Verduras - Mango de Polipropileno Coral - Serie Nova,188578_fbm,121,0,0.04%,0.00%,130,0,0.03%,0.00%,98.33%,0.00%,1,0,0.83%,0.00%,"5,90 €","0,00 €",1,0
B082VW3C39,B082VW3C39,HENDI Carro de lavandería - 900x650x(H)850 mm,H691083,18,4,0.01%,0.05%,22,5,0.01%,0.04%,94.44%,100.00%,1,1,5.56%,25.00%,"195,00 €","195,00 €",1,1
B082VWVDMX,B082VWVDMX,HENDI Cesta para baguetes - 305x320x(H)350 mm,H426517,18,1,0.01%,0.01%,37,1,0.01%,0.01%,90.32%,0.00%,1,0,5.56%,0.00%,"40,50 €","0,00 €",1,0
B0FQNZM34T,B0843DGXDP,Arcos Opera Cuchillo Jamonero Forjado Acero Inoxidable Nitrum 250 mm,226700_,36,0,0.01%,0.00%,59,0,0.01%,0.00%,95.83%,0.00%,1,0,2.78%,0.00%,"29,49 €","0,00 €",1,0
B0FQNZM34T,B0843PT8MC,Arcos Cuchillo pelar Acero Inoxidable. Cuchillo cocina para pelar frutas y verduras. Mango ergonómico polioximetileno y Hoja 100 mm. Serie Opera. Color negro.,_225700_,5,2,0.00%,0.02%,5,2,0.00%,0.02%,0.00%,0.00%,2,2,40.00%,100.00%,"41,98 €","41,98 €",1,1
B0843SYT31,B0843SYT31,Arcos Cuchillo Chef con Hoja Acero Inoxidable Nitrum 160 mm. Cuchillo cocina profesional multiusos. Mango ergonómico polioximetileno POM. Serie Opera. Color negro.,225000_fmb,25,1,0.01%,0.01%,49,1,0.01%,0.01%,95.24%,100.00%,1,0,4.00%,0.00%,"32,88 €","0,00 €",1,0
B084TL25TZ,B084TL25TZ,HENDI Estante para rejillas para pizza/sartenes (14 ranuras) - 300x305x(H)680 mm,H810361,25,3,0.01%,0.04%,35,4,0.01%,0.03%,100.00%,100.00%,1,0,4.00%,0.00%,"59,75 €","0,00 €",1,0
B084TL4TFV,B084TL4TFV,"HENDI Crepera eléctrica, con esparcidor de madera,temperatura regulable 50°-250°C, placa de diámetro400mm,de hierro fundido con revestimiento cerámico, 230V, 3000W, 470x509x(H)161mm,acero inoxidable",H212028,19,3,0.01%,0.04%,35,10,0.01%,0.08%,50.00%,42.86%,1,1,5.26%,33.33%,"288,50 €","288,50 €",1,1
B0857QPQZ5,B0857QPQZ5,"HENDI Placa eutéctica de calor profesional, GN 1/2, para cajas térmicas, elemento calefactor, acumulador de calor, bloque térmico, placa caliente, 320x265x(H)30mm, HDPE, rojo",H707784,19,5,0.01%,0.06%,28,10,0.01%,0.08%,62.50%,50.00%,4,0,21.05%,0.00%,"115,92 €","0,00 €",1,0
B08KGNLTBJ,B0857QX9VN,"HENDI Hervidor de agua eléctrico 16L, dispensador de bebidas calientes, termo de una pared para vino, té, hasta 100°C, 230V, 50/60Hz, 1650W, 357x380x(H)502mm, acero inoxidable satinado, PP",H211427,27,3,0.01%,0.04%,41,7,0.01%,0.06%,100.00%,100.00%,1,1,3.70%,33.33%,"119,75 €","119,75 €",1,1
B089M821V5,B089M821V5,Arcos Cuchillos Carne | 6 pzas | Cuchillos chuleteros Set Cuchillo de Mesa Sierra | Mango Madera | Hoja 110 mm | Cuchillos Carne Mesa | Apto lavavajillas | Envase Carton | Ecologico,815500_,334,15,0.12%,0.18%,491,23,0.12%,0.19%,91.76%,100.00%,2,0,0.60%,0.00%,"59,98 €","0,00 €",1,0
B08VRP7CR7,B08G8M6QDS,Arcos Juego de Cuchillos chuleteros - Envase Ecologico 100% - 4 Cuchillos Carne - Cubiertos Mesa Acero Inoxidable,809500_,64,1,0.02%,0.01%,87,2,0.02%,0.02%,98.70%,100.00%,1,0,1.56%,0.00%,"19,75 €","0,00 €",1,0
B08JCVQ4QL,B08JCVQ4QL,"Arcos Series Niza - Juego de Cuchillos Cocina, 6 Piezas, Cuchillos Verduras 110 mm, + Cuchillo Mesa, Envase 100% Ecológico, Acero Inoxidable NITRUM",809400_,588,10,0.20%,0.12%,899,17,0.22%,0.14%,98.26%,100.00%,1,0,0.17%,0.00%,"19,99 €","0,00 €",1,0
B08JZF56TG,B08JZF56TG,"HENDI Papelera estrecha, 60 L, 455 x 315 x 580 mm, color gris",H691137,19,1,0.01%,0.01%,27,1,0.01%,0.01%,70.00%,100.00%,1,0,5.26%,0.00%,"48,25 €","0,00 €",1,0
B08GSTDWTC,B08LVVQ3ZQ,"Arcos Serie Nova - Cuchillo para pelar, Acero Inoxidable NITRUM, Envase Ecológico, 3 colores Fucsia, Turquesa y Amarillo",703700_,543,18,0.19%,0.21%,791,33,0.19%,0.28%,99.41%,94.12%,1,0,0.18%,0.00%,"10,49 €","0,00 €",1,0
B09FQ5SZK8,B08MTXFWC9,Arcos Nordika Cuchillo Jamonero Acero Inoxidable 250 mm,166700_fbm,55,0,0.02%,0.00%,64,0,0.02%,0.00%,42.31%,0.00%,1,0,1.82%,0.00%,"29,99 €","0,00 €",1,0
B08WR6CHHN,B08MW17PLN,Arcos Juego Cuchillos Carne | 6 Piezas | Cuchillo chuleteros | Hoja 110 mm | monoblock | Cuchillo en 1 Sola Pieza | Cuchillos Carne Cubiertos Acero Inoxidable | Caja Envase Ecológico (Sierra Laser),815900fba,41,2,0.01%,0.02%,67,2,0.02%,0.02%,95.00%,0.00%,1,0,2.44%,0.00%,"39,99 €","0,00 €",1,0
B08NW1VQRT,B08NW1VQRT,CUPERINOX Navaja para Setas y Champiñones | Acero Inoxidable | Con Cepillo y Funda Incluida | Micológica,PE2181,159,3,0.05%,0.04%,219,6,0.05%,0.05%,100.00%,100.00%,1,1,0.63%,33.33%,"10,49 €","10,49 €",1,1
B0CQLQ57BT,B08TWZGJ69,"Arcos Cazo Antiadherente 20 cm Aluminio Fundido para Todo Tipo de Cocinas, Mango Ergonómico, Ahorro Energético, Apto Lavavajillas, Negro/Azul, Serie Thera",719200,96,2,0.03%,0.02%,118,2,0.03%,0.02%,12.04%,0.00%,1,0,1.04%,0.00%,"34,95 €","0,00 €",1,0
B0CQLNJVKL,B08TWZX8LY,Arcos Thera Sartén Antiadherente Aluminio Fundido 18 cm,718100,259,5,0.09%,0.06%,345,6,0.08%,0.05%,2.26%,50.00%,1,0,0.39%,0.00%,"22,95 €","0,00 €",1,0
B0CQM2K3QY,B08TX1D4LL,"ARCOS Thera Olla Grande de Cocina de 24 Cm y 4 L. Cacerola Alta para Inducción, Gas y Vitrocerámica. Olla de Aluminio Fundido con Tapa de Cristal y Mango Extraíble. Apta Lavavajillas. Color Negro Azul",718700,41,1,0.01%,0.01%,58,1,0.01%,0.01%,50.94%,0.00%,1,0,2.44%,0.00%,"53,99 €","0,00 €",1,0
B0CQLP3WHM,B08TX1S5W4,"Arcos Grill Antiadherente Aluminio Fundido 34x26 cm, Apto para Todas las Cocinas, Asas Silicona, Ahorro Energético, Lavavajillas, Negro/Azul, Serie Thera",719500,42,1,0.01%,0.01%,53,2,0.01%,0.02%,22.22%,0.00%,1,0,2.38%,0.00%,"51,65 €","0,00 €",1,0
B08TLR4Z27,B095C22QFS,Arcos jamonero Profesional | Cuchillo jamonero jamonero Inoxidable Nitrum | Mango Negro | Cuchillo Jamon iberico | Serie Maitre| Hoja Flexible y Filo Liso | 275 mm | Acero Inoxidable NITRUM,151811,64,0,0.02%,0.00%,87,0,0.02%,0.00%,97.47%,0.00%,1,0,1.56%,0.00%,"19,99 €","0,00 €",1,0
B095MKPPLC,B095MKPPLC,Desengrasante Plus Energico 5 L - VINFER - L331G05002..,VP200,7,0,0.00%,0.00%,7,0,0.00%,0.00%,83.33%,0.00%,3,0,42.86%,0.00%,"59,85 €","0,00 €",1,0
B09DPRCMTF,B0987MG3JQ,Arcos Juego Cuchillos Carne | Cuchillo chuleteros | Cuchillos Carne Cuchillos Mesa | 6 Uds | Hoja 110 mm | Acero Inoxidable | Mango Nylon | Apto lavavajillas | Envase Ecológico (Filo Liso),814200FBM,74,3,0.03%,0.04%,91,4,0.02%,0.03%,100.00%,100.00%,1,0,1.35%,0.00%,"19,99 €","0,00 €",1,0
B09KJLG7BT,B098XWCFXT,CUPERINOX Jamonero Profesional | soporte de jamon | 5 Piezas | tabla jamonera | soporte jamonero | Kit Jamonero (tabla + cuchillo + afilador + pinza + cubre jamon,20229FBM,57,0,0.02%,0.00%,74,0,0.02%,0.00%,56.06%,0.00%,1,0,1.75%,0.00%,"54,99 €","0,00 €",1,0
B09F9MH34D,B09F9MH34D,"Arcos Serie Cuchillos de Mesa Chuleteros, Mango de Polipropileno, Hoja 110 mm, Apto para Lavavajillas, Negro, 6 Piezas",805109_6piezas,62,2,0.02%,0.02%,70,2,0.02%,0.02%,100.00%,100.00%,1,1,1.61%,50.00%,"13,00 €","13,00 €",1,1
B08VS4FCLN,B09HBWSBN1,"Arcos Juego Cuchillos Cocina cuchillo blanco cuchillos | cuchillos cocina Maitre | 5 piezas | Chef 215 mm, Cocina 150 mm, Verduras 100 mm Tijera cocina (Negro + Jamonero)",854100,71,0,0.02%,0.00%,94,0,0.02%,0.00%,100.00%,0.00%,1,0,1.41%,0.00%,"49,99 €","0,00 €",1,0
B08VS4FCLN,B09HHGVG2N,"Arcos Juego Cuchillos Cocina cuchillos | Cuchillo profesional | 6 piezas | Chef 215 mm + Cocina 150 mm, Verduras 100 mm + Tijera cocina + Pelador de fruta y verdura + Pinza para pescado",854200fbm,169,5,0.06%,0.06%,234,9,0.06%,0.08%,100.00%,100.00%,1,0,0.59%,0.00%,"43,99 €","0,00 €",1,0
B09HQTWWPB,B09HQT6SZ6,Arcos Clara Cuchillo Jamonero Forjado Acero Inoxidable Nitrum 250 mm,211900_us,60,3,0.02%,0.04%,79,3,0.02%,0.03%,16.67%,0.00%,1,0,1.67%,0.00%,"25,49 €","0,00 €",1,0
B09JCL3T22,B09JCL3T22,"HENDI Carro bandejero doble móvil, 30 x GN 1/1, capacidad de carga 150 kg, 798x610x(H)1710mm, acero inoxidable",H810576,3,0,0.00%,0.00%,3,0,0.00%,0.00%,100.00%,0.00%,1,0,33.33%,0.00%,"399,00 €","0,00 €",1,0
B09JCLGP5D,B09JCLGP5D,"HENDI Carro bandejero Doble móvil, 12 x GN 1/1, Capacidad de Carga 150 kg, 810x610x(H) 960mm, Acero Inoxidable",H810569,10,2,0.00%,0.02%,12,2,0.00%,0.02%,100.00%,100.00%,1,0,10.00%,0.00%,"249,50 €","0,00 €",1,0
B06XB92VRH,B09LYXZKTZ,CUPERINOX Deluxe Cafetera Italiana Induccion Espresso Inoxidable 4 Tazas,25051,73,0,0.03%,0.00%,91,0,0.02%,0.00%,100.00%,0.00%,1,0,1.37%,0.00%,"26,99 €","0,00 €",1,0
B09NC818YZ,B09NC818YZ,"HENDI Arrocera, Función de Mantenimiento del Calor, 50 Tazas de Arroz Seco, Vaso Medidor y Cuchara Arrocera, 230V, 2900W, ø495x(H)365mm, Aluminium, 10L",H240458,27,5,0.01%,0.06%,36,5,0.01%,0.04%,96.77%,83.33%,1,1,3.70%,20.00%,"198,00 €","198,00 €",1,1
B0D1CVHXVY,B09NC9BXHD,"HENDI Portanotas, Barra Porta Comandas, Barra para Sujetar Notas, con Fijación por Tornillo o Adhesivo, Aluminio, (L)1220mm",H513750,5,2,0.00%,0.02%,5,2,0.00%,0.02%,80.00%,100.00%,1,1,20.00%,50.00%,"30,19 €","30,19 €",1,1
B0DK3JR7C3,B09S5DTFSC,"HENDI Mezclador Profesional de Bebidas, Aireador/Batidor de Bebidas Ligeras, Frappés, Capuchinos Fríos, Drink Mixer, Incluye 2 Vasos y 4 Agitadores, 230V/400W, 170x196x(H)490mm, Amarillo",H221631,15,1,0.01%,0.01%,19,1,0.00%,0.01%,81.25%,0.00%,1,1,6.67%,100.00%,"158,25 €","158,25 €",1,1
B09S5PMZW9,B09S5PMZW9,"HENDI Lavavajillas industrial, para cestas 50x50cm, con control electrónico, máquina lavaplatos lavavasos lavacopas, 400V, 6600W, 570x600x(H)830mm, acero inoxidable",H231753,12,4,0.00%,0.05%,24,16,0.01%,0.13%,100.00%,0.00%,1,0,8.33%,0.00%,"2.350,00 €","0,00 €",1,0
B0DK3JR7C3,B09S62XK6F,"HENDI Mezclador Profesional de Bebidas, Aireador/Batidor de Bebidas Ligeras, Frappés, Capuchinos Fríos, Drink Mixer, Incluye 2 Vasos y 4 Agitadores, 230V/400W, 170x196x(H)490mm, Azul",H221655,14,0,0.00%,0.00%,22,0,0.01%,0.00%,38.10%,0.00%,1,0,7.14%,0.00%,"154,75 €","0,00 €",1,0
B09S9RRJLV,B09S9RRJLV,"HENDI Pulverizador alimentario a presión, spray difusor atomizador, apto para el contacto con alimentos, para usar con aceites, agua, clara y yema de huevo, saborizantes, boquilla regulable, 1,5L,HDPE",H270875,26,0,0.01%,0.00%,34,0,0.01%,0.00%,89.66%,0.00%,1,0,3.85%,0.00%,"44,95 €","0,00 €",1,0
B0BJPYW95J,B0BJPYW95J,Arcos Accesorios - Sacacorchos Manual Abrebotellas Manual - Mango de Aleación de Zinc - Color Negro mate (Incluye cortacápsulas),607500,62,5,0.02%,0.06%,79,6,0.02%,0.05%,98.53%,100.00%,1,0,1.61%,0.00%,"39,70 €","0,00 €",1,0
B0FQNZM34T,B0BRTZ2X8C,Arcos Serie Opera - Set Cuchillos de Cocina 3 piezas - Acero Inoxidable Forjado NITRUM - Mango POM - Color negro,805900_,95,2,0.03%,0.02%,119,2,0.03%,0.02%,85.71%,100.00%,1,0,1.05%,0.00%,"72,90 €","0,00 €",1,0
B0C49YDKL4,B0C49YDKL4,Arcos Serie Nordika - Cuchillo Usuba - Acero Inoxidable NITRUM - Hoja de 175 mm - Mango de Madera Ovengkol 100% natural de bosques certificados FSC® - Embalaje 100% reciclado,168000,70,0,0.02%,0.00%,94,0,0.02%,0.00%,71.08%,0.00%,1,0,1.43%,0.00%,"44,99 €","0,00 €",1,0
B0C5XR2TFF,B0C5XR2TFF,Arcos Serie Thera | Sarten Antiadherente 22 cm | Aluminio Fundido | Apta cualquier cocina | Mango Ergonómico Plástico y Silicona | Sistema ahorro energético | Apta lavavajillas | Color Negro y Azul,719800,42,0,0.01%,0.00%,54,0,0.01%,0.00%,89.80%,0.00%,1,0,2.38%,0.00%,"29,99 €","0,00 €",1,0
B0CN14GJ6L,B0CN14GJ6L,"HENDI Vitrina expositora con cubierta deslizante, mostrador Buffet, conjunto exhibidor con doble función: calentar o enfriar, kit incl. 2 bloques de gel, bandeja de acero inox, 465x315x(H)195mm, PP",H871775,50,7,0.02%,0.08%,69,9,0.02%,0.08%,90.63%,100.00%,2,2,4.00%,28.57%,"169,98 €","169,98 €",1,1
B0D1CZJMQ3,B0CQMRLLBB,"HENDI Emplatar Chef Kit, Juego de Herramientas de emplatado y Decorado culinario, 6 Piezas: Pinzas-cucharas-espátula, Incl. Estuche, Acero Inoxidable Satinado, Plata, poliéster, PP",H400081,37,1,0.01%,0.01%,50,1,0.01%,0.01%,40.43%,100.00%,1,0,2.70%,0.00%,"39,30 €","0,00 €",1,0
B0D1CZJMQ3,B0CQNWQD1V,"HENDI Emplatar Chef Kit, Juego de Herramientas de emplatado y Decorado culinario, 6 Piezas: Pinzas-cucharas-espátula, Incl. Estuche, Acero Inoxidable con Recubrimiento PVD Negro, PP",H400074,19,0,0.01%,0.00%,31,0,0.01%,0.00%,77.27%,0.00%,1,0,5.26%,0.00%,"41,75 €","0,00 €",1,0
B0CT92MB4W,B0CT92MB4W,CUPERINOX Cuchillo patatero clasico nacar,10060,4,0,0.00%,0.00%,7,0,0.00%,0.00%,100.00%,0.00%,1,0,25.00%,0.00%,"2,99 €","0,00 €",1,0
B0D6Z2GDS4,B0D6Z2GDS4,"HENDI Lámpara de Calor Flexible, Negro",H273838,9,4,0.00%,0.05%,9,4,0.00%,0.03%,100.00%,100.00%,4,4,44.44%,100.00%,"639,00 €","639,00 €",1,1
B0D7W7VW2W,B0D7W7VW2W,"HENDI Rodillo de amasar, con rodamientos, rodillo de cocina, rodillo de repostería, para hacer pan, pizza, galletas, para grandes cantidades de masa, macizo, ø90x667mm, madera de haya, acero",H515167,11,0,0.00%,0.00%,26,0,0.01%,0.00%,60.87%,0.00%,1,0,9.09%,0.00%,"50,75 €","0,00 €",1,0
B0DB2647JX,B0DB2647JX,Repelente de insectos VINFERMATON | Mosquitos y garrapatas | 0% DEET | Apto para niños 1 año | Protección 8 horas,V501100,6,0,0.00%,0.00%,7,0,0.00%,0.00%,100.00%,0.00%,2,0,33.33%,0.00%,"16,98 €","0,00 €",1,0
B0DG2MS2G9,B0DG2MS2G9,"HENDI Cesta de asar para patatas fritas, GN1/1, CONVECTOMAT, para hornos, fondo ondulado, resiste hasta 200°C, bandeja para horno, cesta para freír, 530x325x(H)40mm, acero inoxidable",H808818,11,2,0.00%,0.02%,14,2,0.00%,0.02%,75.00%,100.00%,2,0,18.18%,0.00%,"95,50 €","0,00 €",1,0
B0DKP7F29P,B0DJBZK9SX,"Arcos Serie Samoa Iconic | Cazo Antiadherente Cerámico 16 cm y 1,5 L | Aluminio Forjado | Apta cualquier cocina | Mango Acero Inoxidable | Color Negro | LIBRE DE (PFOA/PTFE/PFOS)",717222,54,4,0.02%,0.05%,57,4,0.01%,0.03%,98.08%,100.00%,1,0,1.85%,0.00%,"33,45 €","0,00 €",1,0
B0DVT6KPDV,B0DT73LYPQ,"CUPERINOX Cuchillos Montessori | Set de Cuchillos Infantiles de 16 Piezas | Cuchillos Niños Aprendizaje +2 Años | Incluye Delantal, Guante de Seguridad, Moldes Tabla de Cortar | Kids Collection",27016_,188,4,0.06%,0.05%,250,5,0.06%,0.04%,99.13%,100.00%,1,0,0.53%,0.00%,"19,99 €","0,00 €",1,0
B0DTKB63SV,B0DTKB63SV,"HENDI Batidora de mano, con cable en espiral, brazo batidor: 225mm, velocidad variable: 8500 a 16500 RPM, procesa hasta 3L, batidora de inmersión, ø65x(H)425mm, 220V/1000W, acero inoxidable, ABS",H221181,97,8,0.03%,0.10%,135,13,0.03%,0.11%,92.80%,90.91%,1,1,1.03%,12.50%,"99,50 €","99,50 €",1,1
B0DPLG5V7Q,B0DWN63DN4,CUPERINOX Tazas de Espresso de Cristal - Vaso cafe - Vaso Cristal - 80ml (Set de 4) - Apto para Lavavajillas y Microondas - Aroma Series,26120_2packs,27,0,0.01%,0.00%,35,0,0.01%,0.00%,100.00%,0.00%,1,0,3.70%,0.00%,"15,99 €","0,00 €",1,0
B0DPLG5V7Q,B0DWN7MZ3R,CUPERINOX Vaso cafe - Tazas de Espresso de Cristal - - Vaso Cristal - 80ml (Set de 6) - Apto para Lavavajillas y Microondas - Aroma Series,26120_3packs,16,0,0.01%,0.00%,20,0,0.00%,0.00%,100.00%,0.00%,1,0,6.25%,0.00%,"17,99 €","0,00 €",1,0
B0F3NNXWYZ,B0F3NNXWYZ,"HENDI Conjunto de bar en un tubo, BarUp, utensilios para el barman: coctelera Boston Tin-on-Tin, colador Hawthorne, jigger, machacador y cuchara de barra, ø120x(H)320mm, acero inoxidable cobreado",H596623,2,1,0.00%,0.01%,3,1,0.00%,0.01%,33.33%,100.00%,1,1,50.00%,100.00%,"36,77 €","36,77 €",1,1
B0F9X4NXL3,B0F9KXQKLG,"CUPERINOX Cuchillos Mesa, cuchillo carne, cuchillo mantequilla, Set 24 piezas, acero inoxidable, hoja con filo y sierra, cuchillo untar. Apto lavavajillas. Mango ergonomico",20043-24,114,4,0.04%,0.05%,136,4,0.03%,0.03%,100.00%,100.00%,1,0,0.88%,0.00%,"19,99 €","0,00 €",1,0
B0FJLTDB9J,B0F9L19CF8,Set de Cortauñas Profesional,A10002,18,1,0.01%,0.01%,19,1,0.00%,0.01%,100.00%,100.00%,1,0,5.56%,0.00%,"6,99 €","0,00 €",1,0
B0FGDJJ12N,B0FGDJJ12N,VINFERMATON – Insecticida Avispas y Nidos Exterior 600 ml | Válvula Largo Alcance hasta 4 m | Acción Profesional Inmediata | 100% MADE IN SPAIN,V0020,28,1,0.01%,0.01%,36,2,0.01%,0.02%,87.88%,100.00%,1,0,3.57%,0.00%,"11,99 €","0,00 €",1,0
B0FJRVHBWH,B0FHKVSJNR,"CUPERINOX Tijeras peluqueria profesional 16,5cm | Tijeras corte pelo afiladas precisas hombre mujer barbero estilista | Acero inoxidable duradero | Acabado titanio elegante | Ideal uso doméstico y sal",21862,7,0,0.00%,0.00%,9,0,0.00%,0.00%,100.00%,0.00%,1,0,14.29%,0.00%,"9,99 €","0,00 €",1,0
B0FJRVHBWH,B0FHKWLB7X,"CUPERINOX Tijeras peluqueria profesional 16,5cm | Tijeras corte pelo afiladas precisas hombre mujer barbero estilista | Acero inoxidable duradero | Acabado mate elegante | Ideal uso doméstico y salón",21863,20,0,0.01%,0.00%,39,0,0.01%,0.00%,52.63%,0.00%,1,0,5.00%,0.00%,"9,99 €","0,00 €",1,0
B0FWK1CK18,B0FWK1CK18,"Arcos Tabla de Corte Arcos de Teca, Elegancia y Durabilidad Artesanal",706200,214,6,0.07%,0.07%,295,10,0.07%,0.08%,64.92%,42.86%,1,0,0.47%,0.00%,"87,95 €","0,00 €",1,0
B0G4RSR32Y,B0G21WF1RQ,"BIOLEAF – Desengrasante Cocina Antigrasa Pack 4×750 ml (3 L) | Elimina Grasa Difícil en Encimeras, Hornos y Campanas | Sin Disruptores Endocrinos | Fórmula Biodegradable| 100% HECHO EN ESPAÑA",3481,43,0,0.01%,0.00%,52,0,0.01%,0.00%,100.00%,0.00%,1,0,2.33%,0.00%,"19,99 €","0,00 €",1,0
B0G4SGJSBJ,B0G25S6KJ7,BIOLEAF – Desincrustante Baños Antical Pack 8×750 ml (6 L) | Limpieza Profesional Lavabos Ducha y Bañera | Brillo Inmediato | Biodegradable y Dermatológicamente Testado,3795,87,2,0.03%,0.02%,96,2,0.02%,0.02%,96.81%,100.00%,1,0,1.15%,0.00%,"29,99 €","0,00 €",1,0
B0G2CMWG78,B0G2CMWG78,VINFER| WINS018 Limpiador Amoniacal Pino Concentrado 250 ml | Rinde 5 Litros | Potente Detergente Desengrasante e Higienizante | Limpieza Profunda y Frescor Natural | 100% Made in Spain,WC018,16,0,0.01%,0.00%,19,0,0.00%,0.00%,100.00%,0.00%,2,0,12.50%,0.00%,"19,98 €","0,00 €",1,0
B0G2D49KKR,B0G2D49KKR,VINFER-WINS 010|Ambientador Floral| Pack Ahorro: Garrafa 5L + Concentrado 250 ml | Rinde 10 Litros Totales | Fragancia Elegante y Duradera para Todos los Espacios | 100% Made in Spain,WC010+010,16,0,0.01%,0.00%,19,0,0.00%,0.00%,100.00%,0.00%,1,1,6.25%,0.00%,"16,52 €","16,52 €",1,1
B0G3ZJ89NB,B0G2MTVR24,Set Jamonero Profesional Premium - Soporte Jamonero de Bambú Giratorio + Cuchillo Jamonero 25 cm con Alvéolos + Cuchillo Deshuesador + Afilador 3 Ranuras | Maestros del Corte by Cuperinox,20271,35,0,0.01%,0.00%,46,0,0.01%,0.00%,97.67%,0.00%,1,0,2.86%,0.00%,"49,99 €","0,00 €",1,0
B0G449LYZ3,B0G449LYZ3,WINS- AMBIENTADOR MARINO- GARRAFA 5L + CONCENTRADO 250ML (5L)| 10L EN TOTAL| PACK AHORRO| 100% MADE IN SPAIN,WC009+009,29,3,0.01%,0.04%,32,3,0.01%,0.03%,100.00%,100.00%,1,0,3.45%,0.00%,"19,49 €","0,00 €",1,0
B0G67DKSXN,B0G66TDWL6,BIOLEAF – Gel WC Esencias Marinas Pack 8×750 ml (6 L) | Limpieza Profunda del Inodoro | Gel Denso Sin Salpicaduras | Frescor Duradero | Biodegradable y Dermatológicamente Testado,3801,36,0,0.01%,0.00%,39,0,0.01%,0.00%,100.00%,0.00%,1,0,2.78%,0.00%,"26,99 €","0,00 €",1,0