ASIN (parent),ASIN (child),Título,SKU,Sesiones: total,Sesiones - Total - B2B,Porcentaje de sesiones: total,Porcentaje de sesiones: total - B2B,Visitas: total,Visitas - Total - B2B,Porcentaje de visitas: total,Porcentaje de visitas - Total - B2B,Porcentaje de ofertas destacadas (Buy Box),Porcentaje de ofertas destacadas: B2B,Unidades encargadas,Unidades encargadas - B2B,Porcentaje de unidades por sesión,Porcentaje de sesiones de unidades - B2B,Ventas de productos encargados,Ventas de productos encargados: B2B,Total de artículos de un pedido,Total de artículos de un pedido - B2B
B0FDL4Q2JB,B0FDL4Q2JB,VINFERMATON – Insecticida Avispas y Avisperos Exterior Pack 2×600 ml | Antiavispas | Alcance hasta 4 m | Acción Inmediata Profesional | 100% MADE IN SPAIN,AVISPAS_PACK_2,"2,061",133,0.64%,1.49%,"2,886",189,0.63%,1.51%,99.23%,100.00%,399,79,19.36%,59.40%,"6.930,93 €","1.332,75 €",344,50
B08J488ZQG,B089QP6MYJ,Arcos Juego Cuchillos Carne | 6 Piezas | Cuchillos carne cuchillo chuleteros | cubiertos acero inoxidable | Hoja 110 mm | mango monobloque | aptos lavavajillas | Caja Envase Ecológico,815600_fba,"2,658",63,0.83%,0.71%,"4,011",87,0.88%,0.69%,99.57%,100.00%,254,7,9.56%,11.11%,"6.874,43 €","207,00 €",212,4
B017HKSTCQ,B00CFN1M6Q,ARCOS Tijeras de Cocina Multiusos 200 mm,809700_FBA,"2,075",78,0.64%,0.87%,"3,224",102,0.71%,0.81%,56.49%,46.67%,203,22,9.78%,28.21%,"2.415,48 €","261,58 €",189,12
B09DYJY471,B08MTCRCT4,Arcos Juego Cuchillos Cocina Profesionales| Cuchillos Cocina Profesional | Cuchillos Acero Inoxidable Mango Negro | utensilios de cocina | cuchillo japones Santoku | lavavajillas (5 Piezas),816800fbm,"6,129",115,1.90%,1.29%,"8,675",166,1.91%,1.32%,99.48%,99.08%,196,15,3.20%,13.04%,"5.871,19 €","442,50 €",189,12
B0BGRT2BVV,B09G9WBKPG,Arcos Juego de 6 Cuchillos de Mesa Chuleteros Hoja 110 mm Negro 705500,805109_uss,"7,186",179,2.23%,2.01%,"10,128",228,2.22%,1.82%,25.18%,20.41%,200,15,2.78%,8.38%,"2.398,40 €","179,85 €",167,10
B08MT437W9,B08MT437W9,Arcos Juego Cuchillos Cocina Profesionales| Cuchillos Cocina Profesional | 6 pzas | Cuchillos Acero Inoxidable Mango Negro | utensilios de cocina serie Niza | Apto lavavajillas,812900,"2,188",46,0.68%,0.52%,"3,186",60,0.70%,0.48%,99.89%,100.00%,162,6,7.40%,13.04%,"5.339,67 €","197,88 €",161,6
B09DYJY471,B08MTCRCT4,Arcos Juego Cuchillos Cocina Profesionales| Cuchillos Cocina Profesional | Cuchillos Acero Inoxidable Mango Negro | utensilios de cocina | cuchillo japones Santoku | lavavajillas (5 Piezas),816800,"6,129",115,1.90%,1.29%,"8,675",166,1.91%,1.32%,99.48%,99.08%,156,10,2.55%,8.70%,"4.673,83 €","294,79 €",155,9
B0G6M1C8V6,B0D4WK78XV,CUPERINOX Aceiteras para Aceite Usado | Grasera Acero Inoxidable 550ML con Filtro Metálico | Recipiente para Aceite Usado de Cocina y Grasa | Grasera Cocina Metálica 550ML 2Uds Metálico,F22105-22106,"1,133",11,0.35%,0.12%,"1,658",15,0.36%,0.12%,99.67%,100.00%,155,2,13.68%,18.18%,"1.856,77 €","23,98 €",153,2
B09DYJY471,B08MQJCD2V,Arcos Juego Cuchillos Cocina Profesionales| Cuchillos Cocina Profesional | Cuchillos Acero Inoxidable Mango Negro | utensilios de cocina | cuchillo japones Santoku | lavavajillas (4 Piezas),816900,"1,663",29,0.52%,0.32%,"2,222",37,0.49%,0.30%,99.86%,100.00%,128,3,7.70%,10.34%,"3.322,43 €","77,97 €",126,3
B06XD39V8J,B06XD39V8J,VINFERMATON – Insecticida Cucarachas y Hormigas Residual 400 ml | Spray Efecto Duradero para Interior y Exterior | Profesional Doméstico | 100 % MADE IN SPAIN,V0012_,960,29,0.30%,0.32%,"1,402",39,0.31%,0.31%,42.48%,29.17%,143,6,14.90%,20.69%,"1.101,32 €","46,70 €",117,5
B0BGRT2BVV,B09G9WBKPG,Arcos Juego de 6 Cuchillos de Mesa Chuleteros Hoja 110 mm Negro 705500,705500(805109),"7,186",179,2.23%,2.01%,"10,128",228,2.22%,1.82%,25.18%,20.41%,131,0,1.82%,0.00%,"1.570,69 €","0,00 €",116,0
B0F4WTVT1Z,B09GPS4SQN,"HENDI Pasta combustible para Chafing Dish, 12 x 200 g",H194362,868,80,0.27%,0.90%,"1,305",107,0.29%,0.85%,88.74%,81.01%,136,28,15.67%,35.00%,"2.715,33 €","556,25 €",110,22
B0FH2NLMGN,B0FH2NLMGN,VINFERMATON Insecticida Hormigas y Cucarachas Residual | Antihormigas | Pack 2×400 ml | Efecto hasta 1 año | Interior y Exterior | Profesional Doméstico | 100% MADE IN SPAIN,V0012_PACK2,807,28,0.25%,0.31%,"1,163",37,0.26%,0.30%,90.62%,78.95%,114,7,14.13%,25.00%,"1.661,24 €","104,93 €",107,7
B0FJLTDB9J,B09RP6V156,"CUPERINOX® Alicates para pedicura, Profesional, Cortaúñas de Pies, Acero Inoxidable, Mango Ergonómico Antideslizante, Fácil Limpieza, Con Funda, 2 Años de Garantía",21920AM,"1,126",13,0.35%,0.15%,"1,581",19,0.35%,0.15%,99.73%,100.00%,101,3,8.97%,23.08%,"1.105,49 €","28,47 €",98,3
B017HKSTCQ,B00CFN1M6Q,ARCOS Tijeras de Cocina Multiusos 200 mm,809700_,"2,075",78,0.64%,0.87%,"3,224",102,0.71%,0.81%,56.49%,46.67%,135,48,6.51%,61.54%,"1.498,93 €","458,22 €",92,10
B017HKRCGK,B005LR7A1Y,ARCOS Bolsa para Cuchillos 100% Poliéster 460x275 mm,690200_,"1,757",43,0.55%,0.48%,"2,749",56,0.60%,0.45%,53.13%,59.38%,92,6,5.24%,13.95%,"1.451,46 €","90,46 €",89,5
B0F1N351DY,B072FGV2YH,Arcos Juego de 6 Cuchillos Mondadores Acero Inoxidable 100 mm,189100,"4,201",156,1.30%,1.75%,"6,252",231,1.37%,1.84%,14.82%,0.63%,89,0,2.12%,0.00%,"1.467,73 €","0,00 €",87,0
B071PB1GX3,B071PB1GX3,WINS 007 - Friegasuelos Perfumado | Garrafa 5 L,WINS007,485,39,0.15%,0.44%,651,58,0.14%,0.46%,81.57%,90.70%,139,55,28.66%,141.03%,"1.367,78 €","528,45 €",86,22
B0F9TD2LTH,B09CL776WP,CUPERINOX® Cuchillos de Mesa Acero Inoxidable – Set 12 Cuchillos para Carne con Filo Dentado – Aptos Lavavajillas – Uso Diario y Profesional,15015,"1,144",93,0.36%,1.04%,"1,712",167,0.38%,1.33%,99.17%,98.60%,133,57,11.63%,61.29%,"2.696,18 €","1.104,23 €",83,28
B0CYTKGNPM,B0CW68KM18,Pelador de Cocina ARCOS - Hoja de Acero Inoxidable | Mango Ergonómico | Herramienta Versátil para Pelar Frutas y Verduras,607300,"1,253",34,0.39%,0.38%,"1,479",38,0.32%,0.30%,88.88%,81.25%,80,7,6.38%,20.59%,"598,26 €","51,13 €",71,5
B0DNNL2TZQ,B0DNN57WC1,"CUPERINOX Aceitera de Cristal Antigoteo para Aceite de Oliva, Resistente y Fácil de Limpiar Gourmet Oil Collection (250 Ml)",22022_,501,18,0.16%,0.20%,686,24,0.15%,0.19%,99.69%,100.00%,71,5,14.17%,27.78%,"851,29 €","59,95 €",67,5
B07YM65C6J,B007TS6HMQ,ARCOS Pinza para Pescado Acero Inoxidable,605000_605010,504,24,0.16%,0.27%,727,33,0.16%,0.26%,93.69%,88.89%,65,5,12.90%,20.83%,"615,73 €","46,33 €",63,3
B08J488ZQG,B089QP6MYJ,Arcos Juego Cuchillos Carne | 6 Piezas | Cuchillos carne cuchillo chuleteros | cubiertos acero inoxidable | Hoja 110 mm | mango monobloque | aptos lavavajillas | Caja Envase Ecológico,815600_,"2,658",63,0.83%,0.71%,"4,011",87,0.88%,0.69%,99.57%,100.00%,78,23,2.93%,36.51%,"2.063,29 €","589,79 €",55,10
B0786LYQTP,B0786LYQTP,VINFER- Limpiador y Abrillantador Inox 600 ml | Limpieza y Protección Acero Inoxidable | Efecto Brillo Duradero | Desengrasa y Cuida Superficies Inoxidables | Spray Profesional,VP_Inox600Ml,332,29,0.10%,0.32%,454,38,0.10%,0.30%,97.61%,100.00%,65,11,19.58%,37.93%,"510,25 €","86,35 €",53,8
B09KJLG7BT,B08KW4BFZ9,CUPERINOX Jamonero Profesional | Soporte jamonero Tipo Gondola| Base de Corte para Usar con Cuchillo jamonero | Jamon iberico | Fabricado en España,2020CUP,651,9,0.20%,0.10%,929,18,0.20%,0.14%,88.93%,100.00%,51,1,7.83%,11.11%,"698,70 €","13,99 €",51,1
B0DPKXM18X,B0DNQT7LV3,"CUPERINOX Soporte Jamonero Balancín | Jamonero Giratorio Profesional | Jamonero Madera | Incluye Cuchillo Profesional, Afilador Funda Cubre Jamón| Jamoneros Elite Collection",20265_fbm,"1,203",30,0.37%,0.34%,"2,137",60,0.47%,0.48%,98.26%,91.43%,51,0,4.24%,0.00%,"4.589,49 €","0,00 €",51,0
B095SDL23Y,B095SDL23Y,Arcos | cuchillos de mesa (6 ud) | cuchillos acero inoxidable con sierra cuchillo chuletero cuchillos chuleteros | Fabricado en España,813000_fbm,594,18,0.18%,0.20%,865,24,0.19%,0.19%,98.66%,100.00%,67,4,11.28%,22.22%,"1.102,77 €","63,90 €",50,3
B0FT8NPR4X,B0FT8NPR4X,BIOLEAF® – Gel WC + Desincrustante Baños Pack 2×750 ml | Limpieza Antical Baño | Fórmula Biodegradable con Esencias Marinas | Dermatológicamente Testado|100% MADE IN SPAIN,3429,508,9,0.16%,0.10%,652,10,0.14%,0.08%,98.19%,85.71%,52,2,10.24%,22.22%,"519,48 €","19,98 €",50,2
B0DNNL2TZQ,B0DNNFGWNJ,"CUPERINOX Aceitera de Cristal Antigoteo para Aceite de Oliva, Resistente y Fácil de Limpiar Gourmet Oil Collection (500 Ml)",22023_,464,21,0.14%,0.24%,649,27,0.14%,0.22%,99.67%,96.15%,53,7,11.42%,33.33%,"777,12 €","87,58 €",49,5
B0FGDF2SHZ,B0FGDF2SHZ,VINFERMATON Antihormigas Efecto Permanente | Insecticida Cucarachas y Hormigas Pack 2×600 ml | Efecto hasta 1 año | Interior y Exterior | Profesional y Doméstico | MADE IN SPAIN,V0013_PACK2,305,14,0.09%,0.16%,416,23,0.09%,0.18%,81.43%,50.00%,52,2,17.05%,14.29%,"809,52 €","31,24 €",49,2
B017HKG9PK,B0044R87RS,Arcos Cuchillo para Maitre Negro 215 mm,151000,"2,226",63,0.69%,0.71%,"3,313",101,0.73%,0.81%,30.29%,14.86%,47,3,2.11%,4.76%,"704,53 €","44,97 €",46,2
B0189HXS8Q,B017DLLIUO,Arcos Navaja Profesional Acero Inoxidable 85 mm,485929,757,12,0.24%,0.13%,"1,115",13,0.24%,0.10%,93.35%,81.82%,55,1,7.27%,8.33%,"415,38 €","7,55 €",45,1
B0DKP7F29P,B0DJBZ1M2L,Arcos Serie Samoa Iconic | Sarten Antiadherente Cerámico 24 cm | Aluminio Forjado | Apta cualquier cocina | Mango Acero Inoxidable | Apta lavavajillas | Color Beige | LIBRE DE (PFOA/PTFE/PFOS),716324,796,16,0.25%,0.18%,"1,220",24,0.27%,0.19%,94.81%,100.00%,47,0,5.90%,0.00%,"1.809,50 €","0,00 €",45,0
B0DNNKT1W2,B0DNNFJ5J7,"Cuperinox-Tetera de Cristal con Infusor para Té e Infusiones, Resistente al Calor y Compatible con Microondas ** - Infusion Prestige Collection (350 ml)",26110_,982,30,0.30%,0.34%,"1,325",38,0.29%,0.30%,99.75%,100.00%,52,5,5.30%,16.67%,"779,98 €","74,95 €",45,2
B08M9NWMW8,B08M9NWMW8,Arcos Juego de Cuchillos de Cocina Profesional y Afilador | 7 Piezas | Acero Inoxidable | Taco de Madera | Serie Niza | Uso Cotidiano | Apto para Lavavajillas,835800FBM,"1,036",19,0.32%,0.21%,"1,528",27,0.34%,0.22%,99.77%,100.00%,45,1,4.34%,5.26%,"2.474,55 €","54,99 €",44,1
B08M7BMR2S,B08LNRV6N6,"Arcos Afiladores, Afilador de Cuchillos de Mano, Hecho de ABS + TPE, Rodillos Cerámico y Carburo, Color Blanco y Negro",610624_fbm,659,19,0.20%,0.21%,829,20,0.18%,0.16%,99.36%,100.00%,42,1,6.37%,5.26%,"575,40 €","13,70 €",42,1
B0FJLTDB9J,B09RP6V156,"CUPERINOX® Alicates para pedicura, Profesional, Cortaúñas de Pies, Acero Inoxidable, Mango Ergonómico Antideslizante, Fácil Limpieza, Con Funda, 2 Años de Garantía",21920AM_fba,"1,126",13,0.35%,0.15%,"1,581",19,0.35%,0.15%,99.73%,100.00%,44,5,3.91%,38.46%,"513,61 €","45,80 €",42,4
B0DNNKT1W2,B0DNNJPRXB,"Cuperinox-Tetera de Cristal con Infusor para Té e Infusiones, Resistente al Calor y Compatible con Microondas ** - Infusion Prestige Collection (550 ml)",26111_,632,21,0.20%,0.24%,885,25,0.19%,0.20%,99.88%,100.00%,43,0,6.80%,0.00%,"731,13 €","0,00 €",41,0
B09N7S17J6,B09D3YRGL9,"CUPERINOX Navaja Plegable Multiusos – Hoja de Acero Inoxidable 80 mm (Filo Liso + Serrado), Punta Rompevidrios, Apertura Rápida, Clip de Cinturón, Herramienta para Camping, Caza, Pesca y Supervivencia",30061_solo_navaja,"1,049",16,0.33%,0.18%,"1,475",27,0.32%,0.22%,98.51%,100.00%,45,4,4.29%,25.00%,"448,98 €","38,23 €",40,2
B0CVH8PC99,B0CQTJ6T66,"CUPERINOX® Cuchillos de Mesa Acero Inoxidable – Set Profesional 12 Piezas con Hoja Serrada de 11 cm y Mango Ergonómico Antideslizante – Para Carne, Verduras y Pescado",99922,701,51,0.22%,0.57%,988,65,0.22%,0.52%,99.89%,100.00%,53,4,7.56%,7.84%,"635,47 €","47,96 €",40,4
B0F54LTCFF,B0044R87UA,Arcos Cuchillo Jamonero con Alveolos Acero Inoxidable 240mm,281801_,"1,160",36,0.36%,0.40%,"1,666",45,0.37%,0.36%,32.79%,32.14%,40,0,3.45%,0.00%,"796,33 €","0,00 €",39,0
B0GY2G2Y86,B08JCVQ4QL,"Arcos Series Niza - Juego de Cuchillos Cocina, 6 Piezas, Cuchillos Verduras 110 mm, + Cuchillo Mesa, Envase 100% Ecológico, Acero Inoxidable NITRUM",809400,769,27,0.24%,0.30%,"1,135",49,0.25%,0.39%,99.38%,100.00%,39,2,5.07%,7.41%,"779,61 €","39,98 €",38,2
B0DNNL2TZQ,B0DNNF3839,"CUPERINOX Aceitera de Cristal Antigoteo para Aceite de Oliva, Resistente y Fácil de Limpiar Gourmet Oil Collection (1000 Ml)",22024_,274,9,0.09%,0.10%,408,10,0.09%,0.08%,100.00%,100.00%,43,1,15.69%,11.11%,"772,57 €","16,99 €",38,1
B0G4S268RT,B0G21QLYZ1,"BIOLEAF–Lavavajillas Manual Pack 2×750 ml (1,5 L) – Detergente Concentrado Desengrasante – Vajilla Brillante y Aclarado Fácil – Biodegradable – Sin Disruptores Endocrinos",2699,183,3,0.06%,0.03%,246,4,0.05%,0.03%,99.13%,100.00%,39,1,21.31%,33.33%,"389,61 €","9,99 €",38,1
B07YM65C6J,B007TS6HMQ,ARCOS Pinza para Pescado Acero Inoxidable,605000_caja,504,24,0.16%,0.27%,727,33,0.16%,0.26%,93.69%,88.89%,38,1,7.54%,4.17%,"351,87 €","9,17 €",37,1
B08M7BMR2S,B00I9XTLSC,ARCOS Afilador Profesional Manual Cerámica y Carbono Rojo-Negro,610600,"3,246",77,1.01%,0.86%,"4,704",109,1.03%,0.87%,12.33%,15.85%,38,0,1.17%,0.00%,"466,96 €","0,00 €",37,0
B0788NSRGR,B0788NSRGR,WINS-Detergente Máquinas Lavavajillas Profesional Aguas Duras 012 | Garrafa 5 L | Limpieza Potente de Vajilla en Lavavajillas Industriales | Uso Profesional | 100% Made in Spain,WINS012_5l,126,21,0.04%,0.24%,168,29,0.04%,0.23%,78.15%,100.00%,43,16,34.13%,76.19%,"709,55 €","255,94 €",36,12
B09NT4VRN7,B0812BKN39,Arcos Juego de Cuchillos Mondadores de 3 Piezas,859800_barras_arcos,"10,491",218,3.26%,2.44%,"13,864",293,3.05%,2.34%,1.36%,7.22%,34,1,0.32%,0.46%,"350,32 €","10,25 €",34,1
B0DNNL2TZQ,B0DNN4J6Q8,"CUPERINOX Aceitera antigoteo cristal para Aceite de Oliva, Vinagre etc. A prueba de fugas, Aceitera cristal antigoteo tambien aceiteros cocina ideal para Ensaladas, BBQ, cooking oil container (125 ML)",22021_,510,22,0.16%,0.25%,710,29,0.16%,0.23%,97.98%,94.74%,46,1,9.02%,4.55%,"528,75 €","11,50 €",34,1
B07G75XCXM,B07G75XCXM,"Arcos Serie Cuchillos de Mesa Caja 12 uds Cuchillo Mesa, Hoja Serrada de Acero Inoxidable NITRUM de 125 mm, Mango Polipropileno Color crema (12 UDS)",370200_us,498,15,0.15%,0.17%,751,22,0.16%,0.18%,99.84%,100.00%,39,2,7.83%,13.33%,"779,53 €","39,90 €",33,2
B0752X1ZCK,B07G77NN26,Arcos Cuchillos de Mesa - Caja de 12 uds Cuchillo Chuletero Cuchillo de Mesa - Hoja de Acero Inoxidable NITRUM 110 mm - Mango de Nylon - Color Negro (12 uds),803000_fmb,"1,036",35,0.32%,0.39%,"1,613",53,0.35%,0.42%,95.70%,95.24%,35,4,3.38%,11.43%,"1.012,04 €","113,35 €",33,2
B0DKP7F29P,B0DJBZ7G4Y,Arcos Serie Samoa Iconic | Sarten Antiadherente Cerámico 20 cm | Aluminio Forjado | Apta cualquier cocina | Mango Acero Inoxidable | Apta lavavajillas | Color Beige | LIBRE DE (PFOA/PTFE/PFOS),716124,731,10,0.23%,0.11%,"1,014",13,0.22%,0.10%,97.58%,100.00%,33,0,4.51%,0.00%,"1.120,35 €","0,00 €",33,0
B0F9X4NXL3,B0F9KW1V3K,"Cuchillos Mesa, cuchillo carne, cuchillo mantequilla, Set 12 piezas, acero inoxidable, hoja con filo y sierra, cuchillo untar. Apto lavavajillas. Mango ergonomico",20043_12,556,21,0.17%,0.24%,772,28,0.17%,0.22%,99.57%,100.00%,47,11,8.45%,52.38%,"557,01 €","125,37 €",33,6
B0FHQJSLGJ,B0FHQJSLGJ,"VINFERMATON - Insecticida Antipolillas Perfumado | Pack 3 x 300 ml | Protección para Armarios, Ropa y Tejidos | Elimina Polillas y Larvas | Aroma Agradable | Uso en Ambientes y Textiles",V1308_PACK3,496,13,0.15%,0.15%,664,20,0.15%,0.16%,99.15%,100.00%,35,1,7.06%,7.69%,"455,10 €","13,00 €",33,1
B0CYTKGNPM,B0843DQCF5,ARCOS Pelador de Verduras en Juliana de Acero Inoxidable Cromado 130 Mm. Pelador Profesional para Cortes en Juliana de Verduras y Hortalizas. Apto Lavavajillas. Color Plata,607200,987,12,0.31%,0.13%,"1,151",14,0.25%,0.11%,98.45%,91.67%,32,2,3.24%,16.67%,"238,50 €","13,68 €",32,2
B0GTZB24Q5,B0GTZB24Q5,"VINFERMATON- Fregasuelos Insecticida Pack 2×1L | Antihormigas y Anticucarachas | Elimina Hormigas, Cucarachas y Arañas |Uso Directo en Zócalos y Suelos| Friegasuelos Aroma Lavanda |100% MADE IN SPAIN",FriegasuelosInsecticida_Pack2,496,16,0.15%,0.18%,646,18,0.14%,0.14%,98.97%,100.00%,32,2,6.45%,12.50%,"479,68 €","29,98 €",32,2
B0752X1ZCK,B07G77NN26,Arcos Cuchillos de Mesa - Caja de 12 uds Cuchillo Chuletero Cuchillo de Mesa - Hoja de Acero Inoxidable NITRUM 110 mm - Mango de Nylon - Color Negro (12 uds),803000,"1,036",35,0.32%,0.39%,"1,613",53,0.35%,0.42%,95.70%,95.24%,31,3,2.99%,8.57%,"898,69 €","86,97 €",31,3
B0CYTKGNPM,B0CW66H3TR,Pelador de Tomate ARCOS - Hoja Serrada de Acero Inoxidable | Mango Ergonómico | Ideal para Tomates,607420,937,11,0.29%,0.12%,"1,044",11,0.23%,0.09%,98.53%,90.00%,36,2,3.84%,18.18%,"287,64 €","15,98 €",31,1
B0DKP7F29P,B0DJBZPLJF,Arcos Serie Samoa Iconic | Sarten Antiadherente Cerámico 28 cm | Aluminio Forjado | Apta cualquier cocina | Mango Acero Inoxidable | Apta lavavajillas | Color Beige | LIBRE DE (PFOA/PTFE/PFOS),716524,518,11,0.16%,0.12%,777,12,0.17%,0.10%,94.53%,91.67%,31,0,5.98%,0.00%,"1.393,45 €","0,00 €",31,0
B0FT8N82NY,B0FT8N82NY,BIOLEAF® – Lavavajillas+ Desengrasante Cocina Pack 2×750 ml | Limpieza Potente Antigrasa y Vajilla Reluciente | Fórmula Biodegradable con Esencia Limón | Dermatológicamente Testado| 100% MADE IN SPAIN,3436,"14,981",2,4.65%,0.02%,"24,999",2,5.49%,0.02%,93.95%,100.00%,31,1,0.21%,50.00%,"309,69 €","9,99 €",31,1
B0FT8QFSK3,B0FT8QFSK3,BIOLEAF® – Multiusos + Desengrasante Pack 2×750 ml | Limpieza Hogar y Cocina | Potente Antigrasa y Multiusos Brillo Duradero | Fórmula Biodegradable con Esencia Limón | 100% MADE IN SPAIN,3443,435,5,0.14%,0.06%,559,6,0.12%,0.05%,98.44%,100.00%,31,0,7.13%,0.00%,"309,69 €","0,00 €",31,0
B09N7S17J6,B09D3YRGL9,"CUPERINOX Navaja Plegable Multiusos – Hoja de Acero Inoxidable 80 mm (Filo Liso + Serrado), Punta Rompevidrios, Apertura Rápida, Clip de Cinturón, Herramienta para Camping, Caza, Pesca y Supervivencia",30061_,"1,049",16,0.33%,0.18%,"1,475",27,0.32%,0.22%,98.51%,100.00%,36,0,3.43%,0.00%,"359,64 €","0,00 €",30,0
B017HKSTCQ,B00VRWSIUO,Arcos Serie Ecopro - Tijeras de Cocina - Acero Inoxidable 240 mm - Mango de Acero Inoxidable - Color Plata,809800_,897,30,0.28%,0.34%,"1,209",44,0.27%,0.35%,31.80%,54.84%,30,1,3.34%,3.33%,"547,50 €","18,25 €",29,1
B08GSTDWTC,B08LVVQ3ZQ,"Arcos Serie Nova - Cuchillo para pelar, Acero Inoxidable NITRUM, Envase Ecológico, 3 colores Fucsia, Turquesa y Amarillo",703700fbm,554,17,0.17%,0.19%,810,21,0.18%,0.17%,98.17%,100.00%,33,2,5.96%,11.76%,"392,67 €","20,98 €",29,2
B0CYTKGNPM,B0CW68KM18,Pelador de Cocina ARCOS - Hoja de Acero Inoxidable | Mango Ergonómico | Herramienta Versátil para Pelar Frutas y Verduras,607300_,"1,253",34,0.39%,0.38%,"1,479",38,0.32%,0.30%,88.88%,81.25%,31,2,2.47%,5.88%,"263,19 €","16,98 €",29,2
B0189HXS8Q,B015QGR3CK,Arcos Serie Navajas Profesionales - Navaja Profesional - Hoja Filo de Acero Inoxidable NITRUM de 85 mm - Navaja de Acero Inoxidable Color amarillo,485900_fbm,750,11,0.23%,0.12%,992,13,0.22%,0.10%,81.13%,88.89%,39,1,5.20%,9.09%,"282,75 €","7,25 €",28,1
B09GSCQQF9,B07G77FNSF,"Arcos Serie Cuchillos de Mesa Caja 12 uds Cuchillo Postre, Hoja Serrada de Acero Inoxidable NITRUM de 105 mm, Mango Polipropileno Color crema (12 UDS)",370100_,299,10,0.09%,0.11%,446,17,0.10%,0.14%,99.50%,100.00%,39,11,13.04%,110.00%,"706,25 €","195,25 €",28,2
B017HKRCGK,B005LR7C44,ARCOS Bolsa Portacuchillos 12 Piezas Poliéster 730x510mm,690500_,521,11,0.16%,0.12%,728,18,0.16%,0.14%,82.29%,50.00%,27,1,5.18%,9.09%,"754,84 €","27,94 €",27,1
B017HKRCGK,B005LR7AWI,ARCOS Bolsa Portacuchillos 8 Piezas Poliéster 500x510mm,690400_,703,19,0.22%,0.21%,946,22,0.21%,0.18%,46.97%,54.55%,27,2,3.84%,10.53%,"674,73 €","49,98 €",26,2
B0FDL4Q2JB,B0FDL4Q2JB,VINFERMATON – Insecticida Avispas y Avisperos Exterior Pack 2×600 ml | Antiavispas | Alcance hasta 4 m | Acción Inmediata Profesional | 100% MADE IN SPAIN,V0020_PACK_Fba,"2,061",133,0.64%,1.49%,"2,886",189,0.63%,1.51%,99.23%,100.00%,26,1,1.26%,0.75%,"480,74 €","18,49 €",26,1
B08DV2WMBQ,B089M821V5,Arcos Cuchillos Carne | 6 pzas | Cuchillos chuleteros Set Cuchillo de Mesa Sierra | Mango Madera | Hoja 110 mm | Cuchillos Carne Mesa | Apto lavavajillas | Envase Carton | Ecologico,815500,583,24,0.18%,0.27%,837,40,0.18%,0.32%,99.35%,100.00%,37,13,6.35%,54.17%,"1.092,55 €","372,79 €",25,5
B009KKK16Y,B009KKK16Y,"HENDI Pasta-gel combustible para Fondue, 3 unidades, para el quemador de alcohol para Fondue de HENDI 111420, tiempo de combustión de aproximadamente 2 horas, quemador de Fondue, 80 gr",H190036,251,6,0.08%,0.07%,334,6,0.07%,0.05%,96.01%,100.00%,29,6,11.55%,100.00%,"289,88 €","59,94 €",24,2
B0F9TD2LTH,B0CS6V91GR,CUPERINOX® Cuchillos de Mesa con Mango de Madera – Set 6 Cuchillos para Carne con Filo Dentado – Estilo Palmadera tradicional – Aptos para Uso Diario,14015,692,28,0.21%,0.31%,980,34,0.22%,0.27%,99.89%,100.00%,27,3,3.90%,10.71%,"510,65 €","53,65 €",24,2
B0G6M1C8V6,B0D4WK78XV,CUPERINOX Aceiteras para Aceite Usado | Grasera Acero Inoxidable 550ML con Filtro Metálico | Recipiente para Aceite Usado de Cocina y Grasa | Grasera Cocina Metálica 550ML 2Uds Metálico,22105-22106,"1,133",11,0.35%,0.12%,"1,658",15,0.36%,0.12%,99.67%,100.00%,24,0,2.12%,0.00%,"287,76 €","0,00 €",24,0
B00ID2NEMS,B00ID2NEMS,LIMPIASALPICADEROS PROFESIONAL 750 ML.,VP_SALPICADEROS_750ML,186,12,0.06%,0.13%,256,18,0.06%,0.14%,57.52%,80.00%,60,42,32.26%,350.00%,"471,52 €","315,10 €",23,6
B0714CRSCQ,B0714CRSCQ,Arcos Cuchillo Mondador Negro 100 mm,150300,602,11,0.19%,0.12%,896,17,0.20%,0.14%,35.24%,0.00%,26,0,4.32%,0.00%,"258,70 €","0,00 €",23,0
B08G8QCM5H,B08G8QCM5H,ARCOS cuchillo pelador | 6 PIEZAS | cuchillo de pelar | cuchillos pelar patatas | Hoja 100 mm | Negro | cuchillo arcos pelador Acero Inoxidable,816500_fbm,601,29,0.19%,0.32%,825,43,0.18%,0.34%,100.00%,100.00%,24,4,3.99%,13.79%,"455,72 €","75,92 €",23,4
B08GSTDWTC,B08LVVQ3ZQ,"Arcos Serie Nova - Cuchillo para pelar, Acero Inoxidable NITRUM, Envase Ecológico, 3 colores Fucsia, Turquesa y Amarillo",703700_,554,17,0.17%,0.19%,810,21,0.18%,0.17%,98.17%,100.00%,25,0,4.51%,0.00%,"262,42 €","0,00 €",23,0
B08LVZCG23,B08LVZCG23,Arcos Juego de Cuchillos de Cocina Rosa | 3 pz | Cuchillo Chef para pelar Verduras | Edición Limitada | Solidaria,814500,"3,203",33,0.99%,0.37%,"4,041",44,0.89%,0.35%,99.94%,100.00%,26,0,0.81%,0.00%,"779,74 €","0,00 €",23,0
B0752X4WV1,B005LR73R0,Arcos Juego Chuleteros Mango Madera 110 mm,372000,"2,302",58,0.71%,0.65%,"3,282",84,0.72%,0.67%,22.53%,10.71%,24,0,1.04%,0.00%,"572,64 €","0,00 €",22,0
B07M8DDJ9B,B07M8DDJ9B,"WINS– Ambientador Lavanda Concentrado | Perfume Intenso y Duradero para Hogar, Oficinas y Espacios Comunes | Aroma Natural Relajante | Garrafa 5L | 100% Made in Spain",WINS008,271,19,0.08%,0.21%,353,24,0.08%,0.19%,48.54%,52.63%,24,3,8.86%,15.79%,"428,16 €","53,52 €",22,3
B0F9TD2LTH,B09CL776WP,CUPERINOX® Cuchillos de Mesa Acero Inoxidable – Set 12 Cuchillos para Carne con Filo Dentado – Aptos Lavavajillas – Uso Diario y Profesional,15015_,"1,144",93,0.36%,1.04%,"1,712",167,0.38%,1.33%,99.17%,98.60%,30,3,2.62%,3.23%,"659,70 €","65,97 €",22,1
B0CVH8PC99,B0CQTKPL63,CUPERINOX Cuchillos Carne | Cuchillos Mesa | Cuchillos Chuleteros | 24 Piezas | Hoja Serrada | Mango Polipropileno | Acero Inoxidable | 11 cm,99901_24pzs,166,22,0.05%,0.25%,233,32,0.05%,0.26%,97.69%,100.00%,38,17,22.89%,77.27%,"716,11 €","296,32 €",22,7
B0DNNKT1W2,B0DNNJPGTY,"Cuperinox-Tetera de Cristal con Infusor para Té e Infusiones, Resistente al Calor y Compatible con Microondas ** - Infusion Prestige Collection (750 ml)",26112_,265,6,0.08%,0.07%,362,7,0.08%,0.06%,100.00%,100.00%,22,1,8.30%,16.67%,"407,08 €","18,49 €",22,1
B093DSL44T,B07F9RV81Z,Arcos Cuchillo Chuletero de 4 Pulgadas con Hoja de 105mm en Acero Inoxidable y Mango de Madera. Cuchillo para Carne Apto para Lavavajillas. Serie Latina. Color Marrón,100400,"1,072",22,0.33%,0.25%,"1,618",35,0.36%,0.28%,55.84%,100.00%,27,1,2.52%,4.55%,"971,73 €","35,99 €",21,1
B08TWZYBPZ,B0FZC9C1BJ,"CUPERINOX- Set de Cuchillos Profesionales de Cocina 3 Piezas + Estuche Regalo | Chef 20 cm, Santoku 18 cm y Universal 13 cm | Acero Inoxidable Alta Precisión | Mango Ergonómico| Apto Lavavajillas",19302_FBA,"1,013",31,0.31%,0.35%,"1,389",40,0.31%,0.32%,99.61%,96.67%,21,3,2.07%,9.68%,"630,57 €","90,49 €",21,3
B0F54LTCFF,B006963LSM,Arcos Cuchillo para Pan Acero Inoxidable 250 mm,282204_,398,25,0.12%,0.28%,505,34,0.11%,0.27%,39.92%,36.00%,21,5,5.28%,20.00%,"409,29 €","97,45 €",20,4
B093DXB2PK,B00MDJVRG2,Arcos Latina Cuchillo para Verduras Acero Inoxidable 105 mm,100500_1_pieza,178,7,0.06%,0.08%,259,14,0.06%,0.11%,98.27%,100.00%,48,5,26.97%,71.43%,"239,52 €","24,95 €",20,1
B073JC3QG7,B073JC3QG7,"VINFER- Abrillantador Mopas Spray 750 ml | Limpieza, Protege y Abrillanta Parquet, Terrazo, Mármol, Linóleum y Gres | Formato Profesional",VP_MOPAS_NARANJA,240,6,0.07%,0.07%,347,6,0.08%,0.05%,95.91%,100.00%,31,3,12.92%,50.00%,"309,69 €","29,97 €",20,1
B07G75XCXM,B07G75XCXM,"Arcos Serie Cuchillos de Mesa Caja 12 uds Cuchillo Mesa, Hoja Serrada de Acero Inoxidable NITRUM de 125 mm, Mango Polipropileno Color crema (12 UDS)",370200_fbm,498,15,0.15%,0.17%,751,22,0.16%,0.18%,99.84%,100.00%,22,1,4.42%,6.67%,"439,78 €","19,99 €",20,1
B0CQ5G2HVQ,B09T6L1F99,"Arcos Sarten Antiadherente 28 cm - Aluminio Forjado, Full Induction, Mango Acero Inoxidable, Apta Lavavajillas, Ahorro Energético, Serie Samoa",716510,209,7,0.06%,0.08%,313,10,0.07%,0.08%,70.03%,88.89%,22,2,10.53%,28.57%,"922,90 €","83,90 €",20,2
B0DNNKT1W2,B0DNNJCHQP,"Cuperinox-Tetera de Cristal con Infusor para Té e Infusiones, Resistente al Calor y Compatible con Microondas ** - Infusion Prestige Collection (950 ml)",26113_,262,9,0.08%,0.10%,343,12,0.08%,0.10%,100.00%,100.00%,20,1,7.63%,11.11%,"399,47 €","19,99 €",20,1
B0G6M1C8V6,B0G6L13H45,"CUPERINOX Graseras 1 Litro Acero Inoxidable para Carne y Pescado con Filtro de Malla Fina – Recipiente para Aceite Usado, Antigoteo, Tapa Antisalpicaduras – Gourmet Oil Collection",22121,223,0,0.07%,0.00%,276,0,0.06%,0.00%,98.50%,0.00%,20,0,8.97%,0.00%,"299,80 €","0,00 €",20,0
B08M7BMR2S,B08LNRV6N6,"Arcos Afiladores, Afilador de Cuchillos de Mano, Hecho de ABS + TPE, Rodillos Cerámico y Carburo, Color Blanco y Negro",610624,659,19,0.20%,0.21%,829,20,0.18%,0.16%,99.36%,100.00%,21,0,3.19%,0.00%,"287,90 €","0,00 €",19,0
B0CQ5G2HVQ,B0BRNJF5D2,Arcos Serie Samoa | Lote de Sartenes 20 y 24 cm | Aluminio Forjado | Full Induction | Mango Acero Inoxidable Efecto Frio | Sistema ahorro energético | Apta lavavajillas | Color Negro,717810,647,13,0.20%,0.15%,864,19,0.19%,0.15%,93.38%,90.91%,19,0,2.94%,0.00%,"1.139,05 €","0,00 €",19,0
B0FHKQHYQ7,B0FHKQHYQ7,VINFERMATON – Insecticida Moscas y Mosquitos Sin Olor Pack 2×600 ml | Spray Eliminador Insectos Voladores Interior y Exterior | Acción Inmediata Profesional | 100% MADE IN SPAIN,9J-4FF5-2Q8R,107,3,0.03%,0.03%,145,4,0.03%,0.03%,94.44%,100.00%,22,4,20.56%,133.33%,"307,78 €","55,96 €",19,2
B0F1ZF7H1L,B005LR6FAG,"Arcos Cuchillo Cocina Forjado en Acero Inoxidable y Hoja de 200mm. Cuchillo Chef Profesional para Cortar Pescado, Carne y Cebolla. Mango Ergonómico Polioximetileno. Serie Riviera. Color Negro.",233600_,822,18,0.26%,0.20%,"1,243",23,0.27%,0.18%,34.67%,27.78%,18,0,2.19%,0.00%,"584,82 €","0,00 €",18,0
B00I9XTKI8,B00I9XTKI8,ARCOS Taco Ovalado Protector de Cuchillos hasta 20 cm,794100_,540,11,0.17%,0.12%,757,15,0.17%,0.12%,43.99%,11.11%,18,0,3.33%,0.00%,"468,25 €","0,00 €",18,0
B0GYL1GW2S,B017DLDM3A,Arcos Cuchillo Mondador Madera 65 mm,100100_us,196,8,0.06%,0.09%,308,16,0.07%,0.13%,24.03%,7.14%,27,0,13.78%,0.00%,"148,23 €","0,00 €",18,0
B0FWM351K4,B06Y66X8SW,CUPERINOX® Couture Series - Tijera Costura Profesional 10 cm | Acero Inoxidable de Alta Precisión | Corte Fino para Detalles y Acabados | Uso Doméstico y Profesional,21960,175,5,0.05%,0.06%,230,5,0.05%,0.04%,95.89%,100.00%,18,0,10.29%,0.00%,"125,82 €","0,00 €",18,0
B0C4DTYRJW,B071LGMMGV,Arcos Juego Cuchillos Cocina Profesionales| Cuchillos Cocina Profesional Set Cuchillos | Mango Negro (3 Piezas),862600,630,10,0.20%,0.11%,964,11,0.21%,0.09%,99.31%,83.33%,18,0,2.86%,0.00%,"720,48 €","0,00 €",18,0
B093DSL44T,B07F9RV81Z,Arcos Cuchillo Chuletero de 4 Pulgadas con Hoja de 105mm en Acero Inoxidable y Mango de Madera. Cuchillo para Carne Apto para Lavavajillas. Serie Latina. Color Marrón,100400_fba,"1,072",22,0.33%,0.25%,"1,618",35,0.36%,0.28%,55.84%,100.00%,19,0,1.77%,0.00%,"683,81 €","0,00 €",18,0
B0C4DTYRJW,B071LGMMGV,Arcos Juego Cuchillos Cocina Profesionales| Cuchillos Cocina Profesional Set Cuchillos | Mango Negro (3 Piezas),862600_,630,10,0.20%,0.11%,964,11,0.21%,0.09%,99.31%,83.33%,17,0,2.70%,0.00%,"679,83 €","0,00 €",17,0
B07F9GQZCB,B07F9GQZCB,Arcos Cuchillo para Verduras de 4 Pulgadas con Hoja de 105mm en Acero Inoxidable y Mango de Madera. Cuchillo para Vegetales Apto para Lavavajillas. Serie Latina. Color Marrón,100500_fba,401,5,0.12%,0.06%,645,8,0.14%,0.06%,94.95%,100.00%,17,1,4.24%,20.00%,"628,79 €","36,95 €",17,1
B09QDH8MSK,B07N8VWHT9,Arcos Tacos - Bloque Universal para Cuchillos hasta 20 cm - Hecho de Caucho Termoplástico 220 x 160 x 65 mm - Color Negro,794500_,"1,511",32,0.47%,0.36%,"2,061",44,0.45%,0.35%,16.60%,27.59%,17,1,1.13%,3.13%,"449,83 €","25,99 €",17,1
B06XB92VRH,B07T6J5JWM,CUPERINOX Cafetera Italiana Induccion Espresso Acero Inoxidable 12 Tazas,25035,415,6,0.13%,0.07%,609,7,0.13%,0.06%,74.59%,100.00%,17,0,4.10%,0.00%,"475,83 €","0,00 €",17,0
B0FR444FLT,B07YYDR6D8,Arcos Juego de Cuchillos de Cocina. 3 piezas de Acero Inoxidable forjado. Impresiona yorprencon cada corte. Mango Micarta azul. Serie Brooklyn. Color Azul.,858110_,"1,020",20,0.32%,0.22%,"1,438",28,0.32%,0.22%,95.32%,81.25%,17,1,1.67%,5.00%,"1.699,83 €","99,99 €",17,1
B07ZJ8ZJ93,B07ZJ8ZJ93,Arcos Set Jamonero Profesional Acero Inoxidable 3 Piezas,859400_us,354,7,0.11%,0.08%,508,8,0.11%,0.06%,93.89%,100.00%,17,3,4.80%,42.86%,"510,36 €","90,00 €",17,3
B08G8QHY23,B08G8QHY23,Arcos | cuchillos chuleteros cuchillo madera cuchillo chuletero | 6 Piezas | juego cuchillos carne | cuchillos mango madera | Envase Eco | Fabricado en España,809300_,341,14,0.11%,0.16%,512,19,0.11%,0.15%,99.77%,100.00%,19,3,5.57%,21.43%,"455,81 €","71,97 €",17,2
B0DKP7F29P,B0DJBZRDXV,Arcos Serie Samoa Iconic | Sarten Antiadherente Cerámico 24 cm | Aluminio Forjado | Apta cualquier cocina | Mango Acero Inoxidable | Apta lavavajillas | Color Negro | LIBRE DE (PFOA/PTFE/PFOS),716322,329,10,0.10%,0.11%,467,10,0.10%,0.08%,92.00%,100.00%,17,0,5.17%,0.00%,"679,81 €","0,00 €",17,0
B0752X4WV1,B005LR73R0,Arcos Juego Chuleteros Mango Madera 110 mm,809300__,"2,302",58,0.71%,0.65%,"3,282",84,0.72%,0.67%,22.53%,10.71%,19,0,0.83%,0.00%,"456,21 €","0,00 €",16,0
B0F54LTCFF,B00J4L7FEU,Arcos Hachuela Macheta de Cocina Acero Inoxidable 160 mm,282404_us,"1,000",29,0.31%,0.32%,"1,485",45,0.33%,0.36%,41.39%,22.22%,16,3,1.60%,10.34%,"396,48 €","72,93 €",16,3
B07F9GQZCB,B07F9GQZCB,Arcos Cuchillo para Verduras de 4 Pulgadas con Hoja de 105mm en Acero Inoxidable y Mango de Madera. Cuchillo para Vegetales Apto para Lavavajillas. Serie Latina. Color Marrón,100500,401,5,0.12%,0.06%,645,8,0.14%,0.06%,94.95%,100.00%,16,1,3.99%,20.00%,"591,84 €","36,99 €",16,1
B08GSTDWTC,B08G4D9718,"Arcos | Cuchillos 3 Colores | Cuchillo de pelar | Cuchillos pelar Patatas | Acero Inoxidable Nitrum| Envase Ecológico | Cuchillo Colores (85 mm, Amarillo, Turquesa, Naranja)",816700_francia,232,10,0.07%,0.11%,294,10,0.06%,0.08%,88.97%,100.00%,16,0,6.90%,0.00%,"156,00 €","0,00 €",16,0
B08M99RZRV,B08M99RZRV,Arcos | Cuchillo Jamonero Cuchillo deshuesador | 2 Uds | Set cuchillos jamoneros 250 mm y cuchillo deshuesador (140 mm) jamonero profesional | cuchillo carnicero profesional | Eco,703800,595,7,0.18%,0.08%,738,9,0.16%,0.07%,100.00%,100.00%,16,0,2.69%,0.00%,"639,84 €","0,00 €",16,0
B093313MH6,B093313MH6,Arcos | Cuchillo de deshuesar| Cuchillo deshuesador | cuchillo deshuesador jamón | cuchillo deshuesador (140 mm) Clásica| Envase Eco | cuchillo puntilla jamonero,256210_fba,307,12,0.10%,0.13%,424,15,0.09%,0.12%,97.57%,100.00%,17,4,5.54%,33.33%,"344,79 €","75,92 €",16,3
B0CVH8PC99,B0CQTJ6T66,"CUPERINOX® Cuchillos de Mesa Acero Inoxidable – Set Profesional 12 Piezas con Hoja Serrada de 11 cm y Mango Ergonómico Antideslizante – Para Carne, Verduras y Pescado",99901_12pzs,701,51,0.22%,0.57%,988,65,0.22%,0.52%,99.89%,100.00%,18,3,2.57%,5.88%,"215,82 €","35,97 €",16,3
B0FBRQYHVM,B0FBRNCHGJ,"CUPERINOX® Ventilador Portátil Silencioso y Recargable con Power Bank 20000mAh, +50H de batería – Ventilador de Mesa USB con Mando, Luz LED y 4 Velocidades – Ideal para Dormir, Camping y Hogar.",A27000,397,21,0.12%,0.24%,604,36,0.13%,0.29%,100.00%,100.00%,17,0,4.28%,0.00%,"1.010,41 €","0,00 €",16,0
B0G65J8F3L,B0G21CXVCW,"BIOLEAF – Limpiador Multiusos Pack 2×750 ml (1,5 L) – Limpiador Hogar Cocina y Baño – Antipolvo y Acabado Sin Marcas – Alta Eficacia – Biodegradable – Sin Disruptores Endocrinos",2668,165,2,0.05%,0.02%,210,2,0.05%,0.02%,98.46%,100.00%,16,1,9.70%,50.00%,"159,84 €","9,99 €",16,1
B0937XXT33,B01CQT1B5U,"Arcos Cuchillos de Mesa Juego de Cuchillos Chuleteros Cuchillos de Mesa, Monoblock de una pieza de Acero Inoxidable 110 mm, Color Plata (12 uds)",702000,395,10,0.12%,0.11%,654,21,0.14%,0.17%,71.27%,100.00%,19,3,4.81%,30.00%,"911,81 €","143,97 €",15,1
B0792XNYCY,B0792XNYCY,VINFER Detergente alcalino clorado Wins 022. Botella de 5 litros. Limpieza e higiene para Todo Tipo de Superficies,WINS022,135,14,0.04%,0.16%,195,17,0.04%,0.14%,76.05%,100.00%,22,13,16.30%,92.86%,"250,42 €","142,67 €",15,6
B09GSCQQF9,B07G77FNSF,"Arcos Serie Cuchillos de Mesa Caja 12 uds Cuchillo Postre, Hoja Serrada de Acero Inoxidable NITRUM de 105 mm, Mango Polipropileno Color crema (12 UDS)",370100_us,299,10,0.09%,0.11%,446,17,0.10%,0.14%,99.50%,100.00%,22,12,7.36%,120.00%,"396,73 €","214,23 €",15,6
B0812P3LZT,B0812P3LZT,"Arcos Nova - Set 3 Cuchillos Mantequilla - Acero Inoxidable 70 mm - Mango en color menta, naranja y limon",859900,97,0,0.03%,0.00%,125,0,0.03%,0.00%,98.21%,0.00%,16,0,16.49%,0.00%,"175,84 €","0,00 €",15,0
B08J488ZQG,B0987N2CBR,Arcos Juego Cuchillos Carne | 6 Piezas | Cuchillos carne cuchillo chuleteros | cubiertos acero inoxidable | Hoja 110 mm | mango monobloque | aptos lavavajillas | Caja Envase Ecológico,814000_fba,587,12,0.18%,0.13%,724,14,0.16%,0.11%,99.71%,100.00%,21,0,3.58%,0.00%,"588,71 €","0,00 €",15,0
B08J488ZQG,B0987N2CBR,Arcos Juego Cuchillos Carne | 6 Piezas | Cuchillos carne cuchillo chuleteros | cubiertos acero inoxidable | Hoja 110 mm | mango monobloque | aptos lavavajillas | Caja Envase Ecológico,814000FBM,587,12,0.18%,0.13%,724,14,0.16%,0.11%,99.71%,100.00%,18,0,3.07%,0.00%,"504,28 €","0,00 €",15,0
B0FT8NLHQ3,B0FT8NLHQ3,BIOLEAF® – Multiusos + Limpiacristales Pack 2×750 ml | Limpieza Total Hogar | Brillo Duradero en Superficies y Cristales Sin Huellas | Fórmula Biodegradable | Dermatológicamente Testado,3450,218,4,0.07%,0.04%,281,4,0.06%,0.03%,98.81%,100.00%,16,1,7.34%,25.00%,"159,84 €","9,99 €",15,1
B08TWZYBPZ,B0FZC8B2NX,"CUPERINOX - Estuche de Cuchillos Profesionales de Cocina 4 Piezas | Chef 20 cm, Santoku 18 cm, Universal 13 cm y Pelador 9 cm | Acero Inoxidable de Alta Precisión | Mango Ergonómico",19301,605,14,0.19%,0.16%,839,27,0.18%,0.22%,99.61%,100.00%,15,2,2.48%,14.29%,"524,85 €","69,98 €",15,2
B0937XXT33,B01CQT1B5U,"Arcos Cuchillos de Mesa Juego de Cuchillos Chuleteros Cuchillos de Mesa, Monoblock de una pieza de Acero Inoxidable 110 mm, Color Plata (12 uds)",702000_us,395,10,0.12%,0.11%,654,21,0.14%,0.17%,71.27%,100.00%,24,12,6.08%,120.00%,"1.101,26 €","525,38 €",14,2
B0B8Z4CJBC,B07F2YVB15,"Arcos Juego Cuchillos Pelar Acero Inoxidable Nitrum 4""",136500_2,628,19,0.20%,0.21%,950,26,0.21%,0.21%,32.36%,30.77%,17,2,2.71%,10.53%,"327,08 €","38,48 €",14,1
B0D73CM824,B0D73CM824,"Arcos Cuchillo Mesa | Cuchillo Chuletero | Cuchillo Carne| Cuchillo de Mesa | Pack 12 Unidades| Hoja de Acero Inoxidable115 mm, Mango de Polipropileno Color Negro",740000,796,21,0.25%,0.24%,"1,135",31,0.25%,0.25%,99.79%,100.00%,14,1,1.76%,4.76%,"433,86 €","30,99 €",14,1
B0FDKX6V41,B0FDKX6V41,VINFERMATON – Insecticida Moscas y Mosquitos Perfume Limón Pack 2×600 ml | Spray Eliminador Insectos Voladores Interior y Exterior | Acción Inmediata Profesional | 100% MADE IN SPAIN,V0009_PACK2,83,3,0.03%,0.03%,108,3,0.02%,0.02%,98.02%,100.00%,17,2,20.48%,66.67%,"203,83 €","23,98 €",14,2
B08M7BMR2S,B00I9XTLSC,ARCOS Afilador Profesional Manual Cerámica y Carbono Rojo-Negro,610600_2,"3,246",77,1.01%,0.86%,"4,704",109,1.03%,0.87%,12.33%,15.85%,13,1,0.40%,1.30%,"175,37 €","13,49 €",13,1
B00VRZ327A,B00VRZ327A,Arcos Tijeras Costura Acero Forjado 152 mm - Uso Doméstico y Profesional - Niqueladas Plata - Serie Style,502400,39,1,0.01%,0.01%,58,1,0.01%,0.01%,100.00%,100.00%,13,1,33.33%,100.00%,"153,79 €","9,91 €",13,1
B0189HXOXK,B017DLLFI4,Arcos Serie Navajas Profesionales - Navaja Profesional - Hoja Filo de Acero Inoxidable NITRUM de 85 mm - Navaja de Acero Inoxidable Color naranja,485329_fbm,224,2,0.07%,0.02%,311,2,0.07%,0.02%,98.23%,100.00%,16,0,7.14%,0.00%,"117,92 €","0,00 €",13,0
B07MZJTY16,B07MZJTY16,HENDI Jarra medidora apilable - 5 L - ø210x(H)270 mm,H567852,46,11,0.01%,0.12%,67,15,0.01%,0.12%,94.64%,100.00%,19,14,41.30%,127.27%,"265,81 €","195,86 €",13,8
B07N7YDTMX,B07N7YDTMX,"HENDI Cesta para cubiertos, 125x84x(H) 135mm",H871324,70,10,0.02%,0.11%,104,17,0.02%,0.14%,96.88%,100.00%,20,5,28.57%,50.00%,"168,33 €","40,98 €",13,4
B08G8QHY23,B08G8QHY23,Arcos | cuchillos chuleteros cuchillo madera cuchillo chuletero | 6 Piezas | juego cuchillos carne | cuchillos mango madera | Envase Eco | Fabricado en España,809300,341,14,0.11%,0.16%,512,19,0.11%,0.15%,99.77%,100.00%,13,0,3.81%,0.00%,"312,67 €","0,00 €",13,0
B09FQ5SZK8,B08MTWC7RD,Arcos Cuchillo Cocinero Acero Inoxidable Nitrum 210 mm,166800_fbm,378,13,0.12%,0.15%,528,17,0.12%,0.14%,73.05%,64.29%,15,0,3.97%,0.00%,"449,85 €","0,00 €",13,0
B0B2RHJYHB,B0B2RHJYHB,"HENDI Cesta para Freír, 8L, 242x200x(H)140mm",H933664,165,17,0.05%,0.19%,244,25,0.05%,0.20%,58.74%,95.65%,17,9,10.30%,52.94%,"645,83 €","341,91 €",13,7
B0DKP7F29P,B0DJC17TXZ,"Arcos Serie Samoa Iconic | Cacerola Baja Antiadherente Cerámico 28 cm y 4,3 L | Aluminio Forjado | Apta cualquier cocina | Mango Acero Inoxidable | Color Beige | LIBRE DE (PFOA/PTFE/PFOS)",717124,463,7,0.14%,0.08%,665,10,0.15%,0.08%,89.48%,90.00%,13,0,2.81%,0.00%,"939,25 €","0,00 €",13,0
B0DNNL2TZQ,B0DNNF3839,"CUPERINOX Aceitera de Cristal Antigoteo para Aceite de Oliva, Resistente y Fácil de Limpiar Gourmet Oil Collection (1000 Ml)",22024,274,9,0.09%,0.10%,408,10,0.09%,0.08%,100.00%,100.00%,13,0,4.74%,0.00%,"221,39 €","0,00 €",13,0
B0FWJYP1S9,B0FWJYP1S9,"Arcos Afilador de cuchillos multiángulo, Preciso y duradero",610400_fbm,178,5,0.06%,0.06%,240,6,0.05%,0.05%,63.84%,0.00%,13,0,7.30%,0.00%,"350,35 €","0,00 €",13,0
B007093L9G,B007093L9G,"HENDI Pasta combustible, en botella, sin hollín y sin olor, tiempo de combustión ±3 horas, gel combustible, gel bioetanol, para calentar alimentos, para calientaplatos, chafing dish, 1L, 1 unidad",H195109,933,45,0.29%,0.50%,"1,413",62,0.31%,0.49%,2.21%,15.22%,19,6,2.04%,13.33%,"173,37 €","43,50 €",12,1
B07H1T4V1B,B07H1T4V1B,WINS – Fregasuelos Neutro Manzana 006 | Friegasuelos Limpiador para Suelos y Superficies con Aroma a Manzana Duradero | Garrafa 5 L | pH Neutro | 100% Made in Spain,WINS006,87,4,0.03%,0.04%,121,4,0.03%,0.03%,69.37%,66.67%,15,5,17.24%,125.00%,"159,72 €","49,64 €",12,3
B0F54LTCFF,B07JJGTQK4,Arcos Conjunto Cuchillos 3 piezas - Acero Inoxidable Nitrum y Hoja mm. Cuchillo cocina profesional cocinar. 590 gr. Mango ergonómico polioximetileno POM. Serie Universal. Mayor control. Color negro.,807410_,395,14,0.12%,0.16%,587,15,0.13%,0.12%,48.39%,76.92%,13,4,3.29%,28.57%,"567,87 €","171,96 €",12,3
B0FR444FLT,B07JJGXYZD,Arcos Set Cocina Serie Manhattan,858100,"1,870",27,0.58%,0.30%,"2,420",43,0.53%,0.34%,98.37%,100.00%,12,0,0.64%,0.00%,"983,88 €","0,00 €",12,0
B08LVZCG23,B08LVZCG23,Arcos Juego de Cuchillos de Cocina Rosa | 3 pz | Cuchillo Chef para pelar Verduras | Edición Limitada | Solidaria,814500_fba,"3,203",33,0.99%,0.37%,"4,041",44,0.89%,0.35%,99.94%,100.00%,13,0,0.41%,0.00%,"389,87 €","0,00 €",12,0
B0C4DTYRJW,B094QVHPQ8,Arcos Juego Cuchillos Cocina Profesionales| Cuchillos Cocina Profesional Set Cuchillos | Mango Negro (4 Piezas),813500,897,9,0.28%,0.10%,"1,120",11,0.25%,0.09%,99.52%,100.00%,13,0,1.45%,0.00%,"515,09 €","0,00 €",12,0
B0G4RSR32Y,B0G1ZPXPWR,"BIOLEAF – Quitagrasas,Desengrasante Cocina Pack 2×750 ml (1,5 L) – Antigrasa Potente Horno, Campana, Placa y Encimeras – Limpieza Profesional – Biodegradable – Sin Disruptores Endocrinos",2644,58,1,0.02%,0.01%,67,1,0.01%,0.01%,100.00%,100.00%,12,0,20.69%,0.00%,"119,88 €","0,00 €",12,0
B0G39VSVBM,B00U2QWO1K,Arcos Latina Cuchillo Chuletero Acero Inoxidable 105 mm,100400_1pieza,137,2,0.04%,0.02%,175,2,0.04%,0.02%,96.45%,100.00%,37,2,27.01%,100.00%,"138,21 €","6,96 €",11,1
B0F1N351DY,B073V5RN1J,Arcos Cuchillo Mondador Acero Inoxidable NITRUM 100 mm - Ideal para Pelar Frutas y Verduras - Mango Ergonómico Polipropileno Negro - Serie Nova,816500_1pieza,517,10,0.16%,0.11%,618,14,0.14%,0.11%,98.18%,100.00%,12,0,2.32%,0.00%,"57,00 €","0,00 €",11,0
B088L4V9XQ,B07D2T8LLY,"HENDI Placa eutéctica de frío profesional, GN 1/1, para cajas térmicas, elemento refrigerante, acumulador de frío, bloque térmico, paquete de enfriamiento, placa de hielo, 530x325x(H)30mm, HDPE, azul",H707821,148,26,0.05%,0.29%,212,39,0.05%,0.31%,96.37%,100.00%,21,14,14.19%,53.85%,"640,80 €","426,86 €",11,7
B0FR444FLT,B07N8S366Z,Arcos Cuchillo Cocina Forjado en Acero Inoxidable. Hoja Plateada 210 mm. Cuchillo Chef con Mango Profesional Micarta y Borde de Seda Especial. Serie Brooklyn. Color Azul.,190623_,388,4,0.12%,0.04%,545,5,0.12%,0.04%,93.71%,66.67%,12,2,3.09%,50.00%,"563,86 €","93,96 €",11,1
B09NT4VRN7,B0812BKN39,Arcos Juego de Cuchillos Mondadores de 3 Piezas,859800_,"10,491",218,3.26%,2.44%,"13,864",293,3.05%,2.34%,1.36%,7.22%,13,8,0.12%,3.67%,"127,48 €","75,03 €",11,6
B08G8QCM5H,B08G8QCM5H,ARCOS cuchillo pelador | 6 PIEZAS | cuchillo de pelar | cuchillos pelar patatas | Hoja 100 mm | Negro | cuchillo arcos pelador Acero Inoxidable,816500,601,29,0.19%,0.32%,825,43,0.18%,0.34%,100.00%,100.00%,11,1,1.83%,3.45%,"208,88 €","18,98 €",11,1
B0DKP7F29P,B0DJBZ5475,Arcos Serie Samoa Iconic | Sarten Antiadherente Cerámico 20 cm | Aluminio Forjado | Apta cualquier cocina | Mango Acero Inoxidable | Apta lavavajillas | Color Negro | LIBRE DE (PFOA/PTFE/PFOS),716122,237,3,0.07%,0.03%,304,3,0.07%,0.02%,90.85%,100.00%,11,0,4.64%,0.00%,"384,45 €","0,00 €",11,0
B0DPKXM18X,B0DNQX2BZN,"CUPERINOX Soporte Jamonero Plegable | Jamonero Giratorio | Jamonero de Bambú con Cuchillo Profesional, Afilador y Funda para Jamón | Elite Collection",20270_fbm,307,9,0.10%,0.10%,440,9,0.10%,0.07%,98.15%,100.00%,11,1,3.58%,11.11%,"546,88 €","46,98 €",11,1
B0DVT6KPDV,B0DT73LYPQ,"CUPERINOX Cuchillos Montessori | Set de Cuchillos Infantiles de 16 Piezas | Cuchillos Niños Aprendizaje +2 Años | Incluye Delantal, Guante de Seguridad, Moldes Tabla de Cortar | Kids Collection",27016,225,4,0.07%,0.04%,330,8,0.07%,0.06%,97.57%,100.00%,11,0,4.89%,0.00%,"220,88 €","0,00 €",11,0
B08J488ZQG,B007TS6GP4,Arcos Juego de 6 Cuchillos de Mesa Chuleteros Acero Inoxidable 110 mm,815600--,655,13,0.20%,0.15%,862,15,0.19%,0.12%,31.73%,50.00%,14,0,2.14%,0.00%,"377,86 €","0,00 €",10,0
B0752V8D5V,B00I9XTGJ6,ARCOS Taco Redondo Protector de Cuchillos Caucho Termoplástico 225 mm,794000,131,4,0.04%,0.04%,221,7,0.05%,0.06%,84.36%,100.00%,10,1,7.63%,25.00%,"245,56 €","20,65 €",10,1
B0CJDS7HN7,B00WUZT88I,ARCOS Mesa Tenedor Carne y Mesa Acero 18/10 Plata 200 mm,702100_1pieza,414,23,0.13%,0.26%,542,24,0.12%,0.19%,65.88%,72.73%,47,0,11.35%,0.00%,"176,25 €","0,00 €",10,0
B089MW6B1B,B078JNZS9T,Arcos Estuche de 3 Cuchillos Básicos de Cocina. Pack de Cuchillos con Hoja de Acero Inoxidable y Mango de Polieximetileno Aptos para Lavavajillas. Serie Universal. Color Negro,807400_us,"4,348",68,1.35%,0.76%,"5,979",112,1.31%,0.89%,7.97%,9.38%,10,2,0.23%,2.94%,"437,90 €","85,98 €",10,2
B0FR444FLT,B07DQRFDMB,Arcos Manhattan Cuchillo Santoku Forjado Acero POM Negro 190 mm,161600_,285,7,0.09%,0.08%,436,9,0.10%,0.07%,88.86%,100.00%,11,2,3.86%,28.57%,"379,39 €","68,98 €",10,1
B07NDTGSY3,B07NDTGSY3,Arcos Serie Brooklyn - Cuchillo Rocking Santoku Cuchillo Asiático - Hoja de Acero Inoxidable Forjado NITRUM 190 mm - Mango de Micarta Color Azul (Filo Seda),191623_fbm,185,5,0.06%,0.06%,315,7,0.07%,0.06%,93.28%,100.00%,10,2,5.41%,40.00%,"417,98 €","81,98 €",10,2
B0F4X5PQYD,B07PRXR5XR,"HENDI Cesta de lavavajillas Profesional para Vasos, Formato Cuadrado, Estructura Abierta para circulación de Agua, 405x405x(H) 150mm, Polipropileno",H871331,57,5,0.02%,0.06%,104,10,0.02%,0.08%,89.25%,71.43%,12,4,21.05%,80.00%,"249,00 €","83,00 €",10,3
B08G8QCM5H,B08G8QCM5H,ARCOS cuchillo pelador | 6 PIEZAS | cuchillo de pelar | cuchillos pelar patatas | Hoja 100 mm | Negro | cuchillo arcos pelador Acero Inoxidable,816500_,601,29,0.19%,0.32%,825,43,0.18%,0.34%,100.00%,100.00%,10,0,1.66%,0.00%,"189,90 €","0,00 €",10,0
B09FQ5SZK8,B08MTWTK78,Arcos Cuchillo Santoku Acero Inoxidable Nitrum 190 mm,166600_fbm,413,8,0.13%,0.09%,577,11,0.13%,0.09%,45.69%,40.00%,10,1,2.42%,12.50%,"289,90 €","28,99 €",10,1
B09FQ5SZK8,B0968LSP2T,"Arcos Utensilios Barbacoa - Cuchillo 200 mm y Tenedor 215 mm, Acero Inoxidable NITRUM, Mango Madera Ovengkol FSC, Set 2 Piezas, Embalaje Reciclado, Serie Nordika",167000_fbm,145,4,0.05%,0.04%,207,4,0.05%,0.03%,89.39%,100.00%,10,0,6.90%,0.00%,"499,90 €","0,00 €",10,0
B09KJLG7BT,B098TFPYLY,CUPERINOX Jamonero profesional Gondola | tabla jamon | Cuchillo Jamonero Alveolos Acero Inox + Cubre Jamón Universal | Set cortar jamón (3 PZAS) | Sujeta jamones | tabla jamonero,20228FBM,160,5,0.05%,0.06%,234,12,0.05%,0.10%,91.19%,100.00%,11,0,6.88%,0.00%,"378,82 €","0,00 €",10,0
B0DKP7F29P,B0DJBZ635J,"Arcos Serie Samoa Iconic | Cacerola Antiadherente Cerámico 20 cm y 2,6 L | Aluminio Forjado | Apta cualquier cocina | Mango Acero Inoxidable | Color Beige | LIBRE DE (PFOA/PTFE/PFOS)",716924,582,7,0.18%,0.08%,788,11,0.17%,0.09%,87.60%,100.00%,10,0,1.72%,0.00%,"539,50 €","0,00 €",10,0
B0DNNL2TZQ,B0DNN57WC1,"CUPERINOX Aceitera de Cristal Antigoteo para Aceite de Oliva, Resistente y Fácil de Limpiar Gourmet Oil Collection (250 Ml)",22022,501,18,0.16%,0.20%,686,24,0.15%,0.19%,99.69%,100.00%,13,4,2.59%,22.22%,"155,87 €","47,96 €",10,1
B0F9X4NXL3,B0F9KXQKLG,"CUPERINOX Cuchillos Mesa, cuchillo carne, cuchillo mantequilla, Set 24 piezas, acero inoxidable, hoja con filo y sierra, cuchillo untar. Apto lavavajillas. Mango ergonomico",20043_24,129,1,0.04%,0.01%,157,1,0.03%,0.01%,100.00%,0.00%,11,0,8.53%,0.00%,"219,89 €","0,00 €",10,0
B0DKP7F29P,B0FS81RDVL,"Arcos Sartén Samoa Inox 24 cm, Acero inoxidable tricapa sin PFAS",726300,440,11,0.14%,0.12%,609,18,0.13%,0.14%,81.49%,92.86%,10,2,2.27%,18.18%,"379,50 €","75,90 €",10,2
B0G4SGJSBJ,B0G216DHWY,"BIOLEAF-Desincrustante Baño Antical Pack 2×750 ml (1,5 L) Elimina Cal, Marcas de Agua y Jabón – Ducha, Grifería, Azulejos y Mamparas - Limpieza Intensiva – Formato Ahorro – Sin Disruptores Endocrinos",2675,141,1,0.04%,0.01%,190,1,0.04%,0.01%,96.65%,100.00%,10,0,7.09%,0.00%,"99,90 €","0,00 €",10,0
B0F1ZF7H1L,B005LR65BK,Arcos Cuchillo Negro 100 mm,230200_,302,8,0.09%,0.09%,470,11,0.10%,0.09%,32.03%,33.33%,9,0,2.98%,0.00%,"179,91 €","0,00 €",9,0
B08L8QY8T9,B007TS6GPE,"Arcos Juego de Cuchillos de Cocina cuatro piezas. 3 Cuchillos chef y 1 tijeras Acero Inoxidable y mango ergonómico polioximetileno para cortar carne, pescado y verduras. Serie Maitre. Color negro.",152600_fbm,899,30,0.28%,0.34%,"1,180",42,0.26%,0.34%,23.46%,25.00%,9,1,1.00%,3.33%,"341,10 €","37,90 €",9,1
B0891RBKPX,B007TS6HCQ,ARCOS Pelador de Patatas y Verduras Profesional Acero Inoxidable 60 mm,612100,75,4,0.02%,0.04%,104,5,0.02%,0.04%,97.00%,100.00%,9,0,12.00%,0.00%,"76,41 €","0,00 €",9,0
B00MDK1DM4,B00MDK1DM4,Arcos Latina Cuchillo de Cocina Acero Inoxidable 130 mm,100600_1pieza,68,2,0.02%,0.02%,107,3,0.02%,0.02%,95.70%,100.00%,30,0,44.12%,0.00%,"179,70 €","0,00 €",9,0
B017HKSR4G,B00WUZRKJW,Arcos Cuchillos de Mesa - Hoja de Acero Inoxidable Nitrum 110 mm - Mango Ergonómico de Polipropileno - Ideal para Comedor - Color Crema - Serie Elegance,802900,177,3,0.05%,0.03%,269,4,0.06%,0.03%,93.25%,100.00%,18,2,10.17%,66.67%,"62,80 €","6,96 €",9,1
B017DLH9RA,B017DLH9RA,ARCOS Cuchillo Abre Ostras Acero Inoxidable 60 mm,227200_us,119,6,0.04%,0.07%,171,6,0.04%,0.05%,56.58%,50.00%,9,1,7.56%,16.67%,"71,91 €","7,99 €",9,1
B0DK3CM34K,B07CBLHKLN,"HENDI Cartuchos de recarga de gas GLP para HENDI Cabezales de antorchas de cocina de llama continua 198247 y 198216, recambios para soplete, paquete de 4 unidades",H199039,63,11,0.02%,0.12%,87,22,0.02%,0.18%,93.42%,87.50%,14,10,22.22%,90.91%,"199,80 €","139,84 €",9,5
B0DSLN2CX9,B07N8W1J6B,Arcos Tabla cortar 15 x fibra resina y celulosa. Tabla picar. Serie Tablas. Color marrón.,708200,402,5,0.12%,0.06%,641,8,0.14%,0.06%,16.86%,0.00%,9,0,2.24%,0.00%,"242,91 €","0,00 €",9,0
B08NW1VQRT,B08NW1VQRT,CUPERINOX Navaja para Setas y Champiñones | Acero Inoxidable | Con Cepillo y Funda Incluida | Micológica,PE2181,137,3,0.04%,0.03%,193,3,0.04%,0.02%,98.84%,0.00%,9,0,6.57%,0.00%,"94,41 €","0,00 €",9,0
B08Y8NS7PN,B08XZ8X815,"Arcos serie Maitre - juego de Cuchillos, 2 Pza, Cuchillo Cocina Profesional 150mm + Cuchillo universal 100mm, Acero Inoxidable, Rosa, Eco",814600_fmb,125,2,0.04%,0.02%,191,3,0.04%,0.02%,98.80%,100.00%,10,1,8.00%,50.00%,"179,90 €","17,99 €",9,1
B08VRP7CR7,B09XMVTWLT,Arcos Juego Cuchillos Carne | 6 Piezas | Cuchillos Carne Cuchillo chuleteros | Cubiertos Acero Inoxidable | Hoja 110 mm | Mango Redondo y Forma Ovalada | monobock | Caja Envase Ecológico (Filo Liso),830000,158,8,0.05%,0.09%,263,14,0.06%,0.11%,99.54%,100.00%,14,0,8.86%,0.00%,"461,86 €","0,00 €",9,0
B0BRSYXXRN,B0BRSYXXRN,"HENDI Cesta para Freír, 10L, 280x210x(H)140mm",H961247,165,27,0.05%,0.30%,238,40,0.05%,0.32%,91.24%,91.89%,12,5,7.27%,18.52%,"504,57 €","209,95 €",9,3
B0CN13SJ98,B0CN13SJ98,"HENDI Expositor con cubierta deslizante roll-top, Doble",H871768,246,26,0.08%,0.29%,361,41,0.08%,0.33%,79.74%,82.35%,9,3,3.66%,11.54%,"429,75 €","143,25 €",9,3
B0DNNKT1W2,B0DNNFJ5J7,"Cuperinox-Tetera de Cristal con Infusor para Té e Infusiones, Resistente al Calor y Compatible con Microondas ** - Infusion Prestige Collection (350 ml)",26110,982,30,0.30%,0.34%,"1,325",38,0.29%,0.30%,99.75%,100.00%,14,4,1.43%,13.33%,"203,64 €","53,74 €",9,2
B0DVT6KPDV,B0DT75PQN7,"CUPERINOX Kit Cocina Montessori | Cuchillos Niños Aprendizaje +2 Años | Set Completo de Cuchillos Infantiles de 17 Piezas | Incluye Tijeras, Moldes, Batidor, Tabla y Cuchillo Seguro",27017_,138,2,0.04%,0.02%,187,2,0.04%,0.02%,98.27%,100.00%,9,0,6.52%,0.00%,"179,91 €","0,00 €",9,0
B0G67DKSXN,B0G213X3HM,"BIOLEAF – Gel WC Antical Pack 2×750 ml (1,5 L) – Gel Espeso Acción Prolongada – Elimina Sarro y Cal – Limpieza Sanitaria Intensiva – Biodegradable – Sin Disruptores Endocrinos",2682,89,2,0.03%,0.02%,110,4,0.02%,0.03%,98.08%,100.00%,9,0,10.11%,0.00%,"89,91 €","0,00 €",9,0
B0G3ZJ89NB,B0G2MTVR24,Set Jamonero Profesional Premium - Soporte Jamonero de Bambú Giratorio + Cuchillo Jamonero 25 cm con Alvéolos + Cuchillo Deshuesador + Afilador 3 Ranuras | Maestros del Corte by Cuperinox,20271,274,7,0.09%,0.08%,429,17,0.09%,0.14%,100.00%,100.00%,10,1,3.65%,14.29%,"499,90 €","49,99 €",9,1
B007TS6I5C,B007TS6I5C,ARCOS Sacacorchos Manual Cuerpo ABS Serie Toscana,604100,185,6,0.06%,0.07%,233,10,0.05%,0.08%,69.52%,77.78%,8,0,4.32%,0.00%,"391,92 €","0,00 €",8,0
B017HKRCGK,B00BHZPGHO,ARCOS Bolsa Portacuchillos para 17 Piezas Poliéster Negra,691400_,317,9,0.10%,0.10%,462,13,0.10%,0.10%,82.88%,80.00%,8,0,2.52%,0.00%,"375,92 €","0,00 €",8,0
B00CRMZA8Q,B00CRMZA8Q,ARCOS Sacacorchos Eléctrico en ABS con Batería Interna Recargable. Abrebotellas Eléctrico Moderno y Elegante con Cortacápsulas y Luz Indicadora. Color Negro,604600_,642,19,0.20%,0.21%,985,26,0.22%,0.21%,11.49%,11.76%,8,1,1.25%,5.26%,"343,92 €","42,99 €",8,1
B0752X4WZ6,B00TA4O5YO,ARCOS Pinzas para Emplatar Acero Inoxidable 300 mm,606200,994,29,0.31%,0.32%,"1,276",38,0.28%,0.30%,10.69%,3.45%,9,0,0.91%,0.00%,"103,61 €","0,00 €",8,0
B0788NF7BS,B0788NF7BS,WINS – Lavavajillas Manual 003 | Garrafa 5 L | Detergente Concentrado para Lavado Manual de Vajilla y Utensilios de Cocina | Uso Profesional y Doméstico | 100% Made in Spain,WINS003,104,8,0.03%,0.09%,131,12,0.03%,0.10%,25.62%,91.67%,16,14,15.38%,175.00%,"216,53 €","186,75 €",8,6
B0B3CPHPXR,B07BQ5CCMD,ARCOS Sacacorchos Manual de ABS Aleación de Zinc,604700_,"1,589",29,0.49%,0.32%,"2,032",45,0.45%,0.36%,17.19%,10.71%,8,0,0.50%,0.00%,"271,90 €","0,00 €",8,0
B07LD4MBMK,B07LD4MBMK,"HENDI Cubitera para Hielo, hielera, Recipiente para almacenar Cubitos de Hielo, BarUp, de Doble Pared, 10L, ø292x(h) 220mm, poliestireno, Blanco y Negro",H594759,116,16,0.04%,0.18%,167,19,0.04%,0.15%,82.07%,87.50%,11,6,9.48%,37.50%,"434,44 €","236,94 €",8,3
B0DN1WHKRN,B07MTQ5695,HENDI Batidora de Mano para Uso Profesional con Velocidad Ajustable,H222140,423,81,0.13%,0.91%,636,119,0.14%,0.95%,34.26%,23.00%,8,2,1.89%,2.47%,"1.277,48 €","318,98 €",8,2
B08M5K93QF,B08M5K93QF,Arcos Juego Cuchillos Mesa | 6 Uds | Cuchillo Postre | Cuchillos Mesa | Cuchillo Carne | Hoja 105 mm | Acero Inoxidable Martensítico | Mango Polipropileno | Apto lavavajillas | Envase Ecológico,703500FBM,83,3,0.03%,0.03%,111,3,0.02%,0.02%,98.13%,100.00%,8,0,9.64%,0.00%,"103,92 €","0,00 €",8,0
B09FQ5SZK8,B08MTZZQV5,Arcos Cuchillo para Pan Acero Inoxidable Nitrum 200 mm,166400_fbm,189,7,0.06%,0.08%,233,11,0.05%,0.09%,56.02%,55.56%,8,1,4.23%,14.29%,"231,92 €","28,99 €",8,1
B0F1N351DY,B097RDB5T3,Arcos Juego de 3 Cuchillos Mondadores Acero Inoxidable 100 mm,816500_3piezas,784,25,0.24%,0.28%,"1,012",27,0.22%,0.22%,13.22%,10.53%,8,0,1.02%,0.00%,"99,92 €","0,00 €",8,0
B0G6M1C8V6,B0D4WK78XV,CUPERINOX Aceiteras para Aceite Usado | Grasera Acero Inoxidable 550ML con Filtro Metálico | Recipiente para Aceite Usado de Cocina y Grasa | Grasera Cocina Metálica 550ML 2Uds Metálico,22105y22106,"1,133",11,0.35%,0.12%,"1,658",15,0.36%,0.12%,99.67%,100.00%,8,0,0.71%,0.00%,"95,92 €","0,00 €",8,0
B0DKP7F29P,B0DJBXPR33,Arcos Serie Samoa Iconic | Sarten Antiadherente Cerámico 28 cm | Aluminio Forjado | Apta cualquier cocina | Mango Acero Inoxidable | Apta lavavajillas | Color Negro | LIBRE DE (PFOA/PTFE/PFOS),716522,186,3,0.06%,0.03%,241,3,0.05%,0.02%,62.93%,100.00%,8,0,4.30%,0.00%,"399,60 €","0,00 €",8,0
B0FHKR4Q45,B0FHKR4Q45,VINFERMATON – Insecticida Cucarachas y Hormigas | Antihormigas Instantáneo Pack 3×300 ml | Spray Eliminador Insectos Rastreros Interior y Exterior | Acción Rápida Profesional | MADE IN SPAIN,V101302_PACK3,201,5,0.06%,0.06%,275,5,0.06%,0.04%,96.76%,100.00%,10,1,4.98%,20.00%,"129,91 €","13,00 €",8,1
B0G3ZJ89NB,B0FZCJ46CM,CUPERINOX - Set Cuchillo Jamonero+ Deshuesador Profesional Forjado 2 Piezas | Cuchillo Jamonero Alveolado 25 cm y Deshuesador 15 cm |Corte Fino y Equilibrado | Aptos para lavavajillas,19303,458,11,0.14%,0.12%,697,24,0.15%,0.19%,99.21%,100.00%,8,0,1.75%,0.00%,"199,92 €","0,00 €",8,0
B0F54LTCFF,B0044R87QO,Arcos Cuchillo Chef Acero Inoxidable. Cuchillo cocina profesional para cortar una variedad alimentos. Mango ergonómico polioximetileno y Hoja 250 mm. Serie Universal. Color negro.,280704_fbm,449,10,0.14%,0.11%,573,11,0.13%,0.09%,43.60%,0.00%,9,0,2.00%,0.00%,"222,75 €","0,00 €",7,0
B0H2GDTT31,B005LR6C7C,Arcos Cuchillo Cocina Acero Inoxidable Negro 180 mm,233500_,208,4,0.06%,0.04%,316,4,0.07%,0.03%,36.52%,0.00%,7,0,3.37%,0.00%,"244,93 €","0,00 €",7,0
B0F1ZF7H1L,B005LR6C7C,Arcos Cuchillo Cocina Acero Inoxidable Negro 180 mm,233500_,921,11,0.29%,0.12%,"1,303",18,0.29%,0.14%,10.35%,0.00%,7,0,0.76%,0.00%,"244,93 €","0,00 €",7,0
B0F1ZF7H1L,B00BHZPIVI,Arcos Cuchillo Chef Forjado Acero Inoxidable 200 mm,233624,193,4,0.06%,0.04%,255,4,0.06%,0.03%,79.84%,66.67%,7,0,3.63%,0.00%,"227,43 €","0,00 €",7,0
B0D1CYZT7H,B00JN2S0U8,"HENDI Escurridor de frituras, con asa robusta y recipiente extraíble para los restos, patatas fritas, ø410x(H)170mm, totalmente de acero inoxidable",H630808,145,22,0.05%,0.25%,229,41,0.05%,0.33%,82.01%,50.00%,7,2,4.83%,9.09%,"328,65 €","93,90 €",7,2
B0G39WX9ZQ,B00MDK1EBE,"Arcos Cuchillo Utilitario Acero Inoxidable Nitrum 5""",100600_fbm,121,3,0.04%,0.03%,175,5,0.04%,0.04%,98.13%,100.00%,20,0,16.53%,0.00%,"119,80 €","0,00 €",7,0
B0189HXQKQ,B017DLLFES,"Arcos Navaja Profesional de Acero Inoxidable Nitrum, Hoja 85 mm, Mango de Polipropileno, Serie Navajas Profesionales, Alta Durabilidad y Rendimiento",485700_fbm,296,6,0.09%,0.07%,404,11,0.09%,0.09%,27.18%,100.00%,10,4,3.38%,66.67%,"68,30 €","20,36 €",7,1
B079ZCF2G9,B079ZCF2G9,Arcos Nova Juego 6 Cuchillos Carne Serrados Nitrum Negro 110 mm,188900_fbm,171,8,0.05%,0.09%,293,15,0.06%,0.12%,60.00%,66.67%,8,0,4.68%,0.00%,"142,00 €","0,00 €",7,0
B07BZ95N39,B07BZ95N39,"HENDI Pasta combustible para Chafing Dish, 24 x 200 g",H194300,160,27,0.05%,0.30%,239,33,0.05%,0.26%,16.83%,21.43%,7,1,4.38%,3.70%,"283,50 €","40,50 €",7,1
B0CTCR3BC5,B07D8WH8HL,"HENDI Recipiente Gastronorm GN 1/1, Budget Line, resistencia térmica -40 °C a 250 °C, apto para horno y baño maría, 28L, 530x325x(H) 200mm, acero inoxidable",H800157,185,24,0.06%,0.27%,253,35,0.06%,0.28%,87.34%,90.00%,7,2,3.78%,8.33%,"232,40 €","66,40 €",7,2
B0DN1W6N4N,B07GQ354HR,"HENDI Jarra, para batidoras licuadoras HENDI 230718-230695-230688-230213-230602-230664, 2,5L, juego completo: cuchillas-jarra-tapas, batidos-cócteles-postres, 200x170x(H)360mm, policarbonato",H943489,31,9,0.01%,0.10%,44,15,0.01%,0.12%,81.40%,76.92%,8,7,25.81%,77.78%,"799,92 €","699,93 €",7,6
B084TL25TZ,B084TL25TZ,HENDI Estante para rejillas para pizza/sartenes (14 ranuras) - 300x305x(H)680 mm,H810361,28,5,0.01%,0.06%,43,8,0.01%,0.06%,97.22%,100.00%,8,5,28.57%,100.00%,"478,00 €","298,75 €",7,4
B08DV2WMBQ,B089M821V5,Arcos Cuchillos Carne | 6 pzas | Cuchillos chuleteros Set Cuchillo de Mesa Sierra | Mango Madera | Hoja 110 mm | Cuchillos Carne Mesa | Apto lavavajillas | Envase Carton | Ecologico,815500_,583,24,0.18%,0.27%,837,40,0.18%,0.32%,99.35%,100.00%,10,2,1.72%,8.33%,"299,92 €","60,00 €",7,2
B0GY2G2Y86,B08JCVQ4QL,"Arcos Series Niza - Juego de Cuchillos Cocina, 6 Piezas, Cuchillos Verduras 110 mm, + Cuchillo Mesa, Envase 100% Ecológico, Acero Inoxidable NITRUM",809400_,769,27,0.24%,0.30%,"1,135",49,0.25%,0.39%,99.38%,100.00%,8,0,1.04%,0.00%,"159,92 €","0,00 €",7,0
B09MSDJQJ1,B08M3B43J6,"Arcos | Juego Cuchillo Jamonero 3 Pzas | jamonero Acero Inoxidable (240 mm), afilador Chaira y Cubre jamón | Juego Cuchillos jamonero Profesional | Paleta ibérica | Eco",704300_fbm,282,8,0.09%,0.09%,354,11,0.08%,0.09%,100.00%,100.00%,7,1,2.48%,12.50%,"204,04 €","24,70 €",7,1
B09DYJY471,B08MQJCD2V,Arcos Juego Cuchillos Cocina Profesionales| Cuchillos Cocina Profesional | Cuchillos Acero Inoxidable Mango Negro | utensilios de cocina | cuchillo japones Santoku | lavavajillas (4 Piezas),816900fba,"1,663",29,0.52%,0.32%,"2,222",37,0.49%,0.30%,99.86%,100.00%,7,3,0.42%,10.34%,"181,93 €","77,97 €",7,3
B09T9TSXHB,B09T9TSXHB,"Arcos Grill Antiadherente 28x28 cm - Aluminio Forjado, Full Induction, Mango Acero Inoxidable Efecto Frío, Ahorro Energético, Apta Lavavajillas, Serie Samoa",717410,122,4,0.04%,0.04%,153,5,0.03%,0.04%,92.75%,80.00%,7,1,5.74%,25.00%,"321,66 €","45,96 €",7,1
B0FWK4CNH3,B0B42QTHTP,CUPERINOX | Tijeras de pescado 18 cm | Tijeras Cocina | tijeras de cocinero profesional para aves pescado carne caza| Accesorios de cocina,21991_,42,1,0.01%,0.01%,52,1,0.01%,0.01%,100.00%,100.00%,7,0,16.67%,0.00%,"43,75 €","0,00 €",7,0
B0DKP7F29P,B0DJC114YJ,"Arcos Serie Samoa Iconic | Cacerola Antiadherente Cerámico 24 cm y 4,3 L | Aluminio Forjado | Apta cualquier cocina | Mango Acero Inoxidable | Color Beige | LIBRE DE (PFOA/PTFE/PFOS)",717024,318,4,0.10%,0.04%,435,8,0.10%,0.06%,92.25%,100.00%,7,0,2.20%,0.00%,"440,65 €","0,00 €",7,0
B0DPKXM18X,B0DNQT7LV3,"CUPERINOX Soporte Jamonero Balancín | Jamonero Giratorio Profesional | Jamonero Madera | Incluye Cuchillo Profesional, Afilador Funda Cubre Jamón| Jamoneros Elite Collection",20265_,"1,203",30,0.37%,0.34%,"2,137",60,0.47%,0.48%,98.26%,91.43%,7,3,0.58%,10.00%,"601,59 €","241,63 €",7,3
B0DQV6381X,B0F2Q1K35T,CUPERINOX Soporte Jamonero Balancín | Jamonero Giratorio Profesional | Jamonero Madera | Jamonera Profesional | Tabla Cortar Jamon,20265_SC,229,6,0.07%,0.07%,374,7,0.08%,0.06%,96.68%,100.00%,7,0,3.06%,0.00%,"594,93 €","0,00 €",7,0
B0G2CMBY2N,B0G2CMBY2N,Ambientador Marino superconcentrado. 5 litros con solo 250 ml. Ahorro Total,WC009,66,6,0.02%,0.07%,87,8,0.02%,0.06%,100.00%,100.00%,7,0,10.61%,0.00%,"90,93 €","0,00 €",7,0
B017HKG9PK,B0044R87W8,"Arcos Cuchillo Santoku Acero Inoxidable Nitrum. Cuchillo Cocina japonés Pescado, Carne y Verduras. Mango ergonómico polioximetileno Pom y Hoja 170 mm. Multiusos. Serie Maitre. Color Negro.",151600_fba,569,16,0.18%,0.18%,847,22,0.19%,0.18%,16.67%,6.25%,6,0,1.05%,0.00%,"112,50 €","0,00 €",6,0
B017HKG9PK,B0044R87YQ,Arcos Cuchillo para Maitre Negro 100 mm,150500_pp,583,19,0.18%,0.21%,834,25,0.18%,0.20%,17.83%,47.62%,8,0,1.37%,0.00%,"79,60 €","0,00 €",6,0
B096SHJ82T,B0044R8868,Arcos Juego de 12 Cubiertos para Mesa. Set de 6 Cuchillos Chuleteros y 6 Tenedores en Madera de Haya y Acero Inoxidable. Estuche para Carne. Serie Mesa. Color Marrón,377700_fbm,"1,278",32,0.40%,0.36%,"1,684",52,0.37%,0.41%,14.86%,17.24%,6,0,0.47%,0.00%,"289,52 €","0,00 €",6,0
B0F1ZF7H1L,B005LR6E0C,Arcos Cuchillo Cocinero Acero Inoxidable Negro 150 mm,233400_,441,6,0.14%,0.07%,577,6,0.13%,0.05%,20.65%,16.67%,7,0,1.59%,0.00%,"188,93 €","0,00 €",6,0
B08L8MV8XD,B005LR72SK,Arcos Juego de Cuchillos con Bloque Acero Inoxidable 6 piezas,136100_,"1,695",21,0.53%,0.24%,"2,335",34,0.51%,0.27%,18.47%,0.00%,6,0,0.35%,0.00%,"278,94 €","0,00 €",6,0
B007TS6HNK,B007TS6HNK,ARCOS Corta Pizzas Acero Inoxidable 100 mm,614800_,164,7,0.05%,0.08%,238,11,0.05%,0.09%,19.61%,25.00%,7,0,4.27%,0.00%,"83,93 €","0,00 €",6,0
B0DK3FSR9B,B00GZR3JD2,"HENDI Sifón de Nata, con 3 boquillas Diferentes, Soporte para el Cargador y Cepillo de Limpieza, para Nata montada, mousses, postres, 0,95L, ø95x(H) 320mm, Aluminio, Blanco",H588376,37,9,0.01%,0.10%,62,29,0.01%,0.23%,89.66%,89.29%,8,7,21.62%,77.78%,"335,60 €","293,65 €",6,5
B00IUPKTFS,B00IUPKTFS,"HENDI Sartén eléctrica multiusos, paellera cazuela olla plancha, de fiestas, revestimiento antiadherente, termostato, con tapa, interior: ø55cm profundidad: 6cm, 230V, 1600W, ø620x(H)190mm, aluminio",H239605,212,2,0.07%,0.02%,340,4,0.07%,0.03%,84.56%,100.00%,6,0,2.83%,0.00%,"576,76 €","0,00 €",6,0
B017DLM9SY,B017DLM9SY,Arcos Serie Toscana - Juego de Cucharas de Mesa (3 cucharas) - Monoblock de una pieza en Acero Inoxidable 18/10 y 180 mm - Color Plata,574400_,93,4,0.03%,0.04%,150,5,0.03%,0.04%,91.11%,100.00%,12,0,12.90%,0.00%,"96,01 €","0,00 €",6,0
B017DLM9V6,B017DLM9V6,"Arcos Tenedores de Postre Acero Inoxidable 18/10, Juego de 3 Piezas, Monoblock 180 mm, Serie Toscana, Ideal para Repostería y Sobremesa, Color Plata",574500_,103,2,0.03%,0.02%,123,3,0.03%,0.02%,87.16%,66.67%,8,0,7.77%,0.00%,"66,00 €","0,00 €",6,0
B0752X4WZ6,B017DLMFXS,ARCOS Pinzas para Emplatar Acero Inoxidable 200 mm,606300FBM,"2,347",78,0.73%,0.87%,"3,285",106,0.72%,0.85%,0.66%,2.44%,6,0,0.26%,0.00%,"70,50 €","0,00 €",6,0
B086X1XQXD,B06Y2B85HT,"HENDI Expositor con cubierta deslizante roll-top, Simple",H871706,171,15,0.05%,0.17%,233,19,0.05%,0.15%,96.80%,94.44%,6,2,3.51%,13.33%,"269,94 €","89,98 €",6,2
B071LGMGHG,B071LGMGHG,Arcos Tijeras de Manicura Rectas de Acero Forjado 102 mm - Uso Profesional y Doméstico - Niqueladas Plata - Serie Style,501100,51,2,0.02%,0.02%,81,5,0.02%,0.04%,50.75%,100.00%,6,1,11.76%,50.00%,"59,94 €","9,99 €",6,1
B0788P3W3W,B0788P3W3W,WINS – Abrillantador Máquinas Lavavajillas Profesional 013 | Garrafa 5 L | Secado Rápido y Brillo sin Marcas en Vajilla | Uso Profesional | 100% Made in Spain,WINS013_5L,37,5,0.01%,0.06%,45,9,0.01%,0.07%,73.81%,100.00%,6,3,16.22%,60.00%,"95,20 €","46,18 €",6,3
B07D5FFJ36,B07D5FFJ36,"HENDI Bandeja de Servicio Ovalada XL, Superficie Antideslizante, 735x600x(H) 31mm, Negro, Fibra de Vidrio y Goma",H508831,79,11,0.02%,0.12%,111,18,0.02%,0.14%,95.00%,100.00%,9,4,11.39%,36.36%,"449,91 €","199,96 €",6,2
B07F8Z6XL1,B07F8Z6XL1,VINFERMATÓN - Insecticida Matón Cucas Cucarachas y Hormigas Instantáneo 300ml,V101302,155,1,0.05%,0.01%,191,1,0.04%,0.01%,34.44%,0.00%,6,0,3.87%,0.00%,"47,34 €","0,00 €",6,0
B07JWM27F4,B07JWM27F4,Arcos Set Cuchillos Cocina Profesionales Forjados en Acero Inoxidable. Juego de 3 Cuchillos (Pelador 100 mm + Cocinero 150 mm + Cocinero 200 mm). Mango Ergonómico Rosa en Polioximetileno. Riviera Rose,855100_,312,3,0.10%,0.03%,520,4,0.11%,0.03%,98.50%,100.00%,6,0,1.92%,0.00%,"449,94 €","0,00 €",6,0
B0FR444FLT,B07N8VRS7L,Arcos Brooklyn Cuchillo Pelador Acero Inoxidable 100 mm,190123_,182,3,0.06%,0.03%,264,4,0.06%,0.03%,95.90%,100.00%,7,0,3.85%,0.00%,"199,43 €","0,00 €",6,0
B0F54LTCFF,B07ZJ85R7C,Arcos Set de Corte 3 Piezas Acero Inoxidable Nitrum,859300,159,7,0.05%,0.08%,229,8,0.05%,0.06%,60.10%,71.43%,6,0,3.77%,0.00%,"229,50 €","0,00 €",6,0
B08VS4FCLN,B08BX3WTPP,"Arcos Juego Cuchillos Cocina cuchillo blanco cuchillos | cuchillos cocina Maitre | 4 piezas | Chef 215 mm, Cocina 150 mm, Verduras 100 mm Tijera cocina (Blanco)",152624_,199,2,0.06%,0.02%,289,3,0.06%,0.02%,98.08%,100.00%,6,0,3.02%,0.00%,"210,52 €","0,00 €",6,0
B08GSTDWTC,B08G4D9718,"Arcos | Cuchillos 3 Colores | Cuchillo de pelar | Cuchillos pelar Patatas | Acero Inoxidable Nitrum| Envase Ecológico | Cuchillo Colores (85 mm, Amarillo, Turquesa, Naranja)",816700_pp,232,10,0.07%,0.11%,294,10,0.06%,0.08%,88.97%,100.00%,6,0,2.59%,0.00%,"53,94 €","0,00 €",6,0
B08L27XH2W,B08L27XH2W,"HENDI Mochila isotérmica de Transporte y Reparto de Pizzas y Alimentos, Bolsa aislada e Impermeable para la Entrega de Pedidos de Pizza y Comidas, Interior 39x39x(H) 45cm, Negra, 41x41x(H) 48cm",H709801,101,12,0.03%,0.13%,142,15,0.03%,0.12%,87.40%,71.43%,10,6,9.90%,50.00%,"627,82 €","346,86 €",6,2
B08T5Z4HFS,B08QYQYZHS,"CUPERINOX Cubiertos para marisco | Pinzas para marisco | Tenazas para marisco | 12 Unidades | Cubiertos marisco (Cangrejo, Langosta, Ostras) | Tenedor de marisco con dos dientes inferiores y cuchara.",20023_12pzs,44,2,0.01%,0.02%,53,3,0.01%,0.02%,95.74%,100.00%,6,1,13.64%,50.00%,"113,93 €","18,98 €",6,1
B0FWM351K4,B09D1V45YK,"CUPERINOX® Couture Series - Tijera Costura Profesional 16,5 cm | Acero Inoxidable Irrompible | Mango Ergonómico Antideslizante | Corte Preciso y Duradero",21951_,50,3,0.02%,0.03%,72,5,0.02%,0.04%,100.00%,0.00%,6,0,12.00%,0.00%,"42,07 €","0,00 €",6,0
B09MRYLZ4M,B09MRYLZ4M,Arcos Juego de Cuchillos de Cocina de 3 Piezas,167100_us,"1,553",20,0.48%,0.22%,"2,001",28,0.44%,0.22%,7.17%,17.65%,6,0,0.39%,0.00%,"413,40 €","0,00 €",6,0
B0FWM351K4,B09P8M12S3,"CUPERINOX® Couture Series - Tijera Costura Profesional 12,5 cm | Acero Inoxidable de Alta Precisión | Corte Fino y Duradero | Uso Doméstico y Profesional",21961,89,1,0.03%,0.01%,123,1,0.03%,0.01%,96.52%,100.00%,6,0,6.74%,0.00%,"50,94 €","0,00 €",6,0
B0C2QFPLX9,B0C2QFPLX9,FAMILIA VINCARE (MULTIUSOS INDIVIDUAL),MULTIUSOS750ML,50,0,0.02%,0.00%,63,0,0.01%,0.00%,89.29%,0.00%,6,0,12.00%,0.00%,"59,94 €","0,00 €",6,0
B0DNNL2TZQ,B0DNN4J6Q8,"CUPERINOX Aceitera antigoteo cristal para Aceite de Oliva, Vinagre etc. A prueba de fugas, Aceitera cristal antigoteo tambien aceiteros cocina ideal para Ensaladas, BBQ, cooking oil container (125 ML)",22021,510,22,0.16%,0.25%,710,29,0.16%,0.23%,97.98%,94.74%,9,0,1.76%,0.00%,"103,41 €","0,00 €",6,0
B0DNNL2TZQ,B0DNNFGWNJ,"CUPERINOX Aceitera de Cristal Antigoteo para Aceite de Oliva, Resistente y Fácil de Limpiar Gourmet Oil Collection (500 Ml)",22023,464,21,0.14%,0.24%,649,27,0.14%,0.22%,99.67%,96.15%,6,0,1.29%,0.00%,"89,94 €","0,00 €",6,0
B0DNNKT1W2,B0DNNJPRXB,"Cuperinox-Tetera de Cristal con Infusor para Té e Infusiones, Resistente al Calor y Compatible con Microondas ** - Infusion Prestige Collection (550 ml)",26111,632,21,0.20%,0.24%,885,25,0.19%,0.20%,99.88%,100.00%,6,1,0.95%,4.76%,"100,93 €","15,98 €",6,1
B0DPKXM18X,B0DNQXN97X,CUPERINOX Soporte Jamonero Inoxidable | Jamonero Plegable | Jamonero Giratorio | Jamonero Profesional | Cuchillo Jamonero Profesional y Afilador,20250_fbm,285,6,0.09%,0.07%,387,7,0.09%,0.06%,98.66%,100.00%,6,0,2.11%,0.00%,"419,94 €","0,00 €",6,0
B0DTKB63SV,B0DTKB63SV,"HENDI Batidora de mano, con cable en espiral, brazo batidor: 225mm, velocidad variable: 8500 a 16500 RPM, procesa hasta 3L, batidora de inmersión, ø65x(H)425mm, 220V/1000W, acero inoxidable, ABS",H221181,111,11,0.03%,0.12%,166,14,0.04%,0.11%,95.36%,84.62%,6,3,5.41%,27.27%,"599,00 €","299,30 €",6,3
B0FJLTDB9J,B0FB98PM7Z,CUPERINOX® Beauty Care – Pack 3 Cortauñas de Precisión | Alicate + Cortaúñas Mediano + Cortaúñas con Llavero | Acero Inoxidable Profesional | Manicura y Pedicura | Hombre y Mujer,21920+21931+21932,50,2,0.02%,0.02%,66,2,0.01%,0.02%,96.83%,100.00%,6,2,12.00%,100.00%,"77,96 €","26,00 €",6,2
B0FDKY2RXG,B0FDKY2RXG,VINCARE Pack Limpieza Infantil – Detergente Biberones + Multiusos + Quitamanchas – Limpieza Segura para el Entorno del Bebé- 100% MADE IN SPAIN,PACK VINCARE,71,0,0.02%,0.00%,89,0,0.02%,0.00%,97.56%,0.00%,6,0,8.45%,0.00%,"90,19 €","0,00 €",6,0
B0G4RT6HMS,B0G1ZZYNX6,"BIOLEAF – Limpiacristales Pack 2×750 ml (1,5 L) – Sin Marcas ni Huellas – Brillo en Cristales, Espejos y Ventanas – Secado Rápido – Biodegradable – Sin Disruptores Endocrinos",2651,51,1,0.02%,0.01%,59,1,0.01%,0.01%,100.00%,100.00%,6,0,11.76%,0.00%,"59,94 €","0,00 €",6,0
B017HKG9PK,B0044R87K0,Arcos Cuchillo Cocina Acero Inoxidable Negro 160 mm,151500_fbm,681,22,0.21%,0.25%,958,27,0.21%,0.22%,16.52%,22.22%,5,1,0.73%,4.55%,"74,95 €","14,99 €",5,1
B0F54LTCFF,B0044R87QE,Arcos Cuchillo Cocina Acero Inoxidable 200 mm,280604_,"2,812",68,0.87%,0.76%,"3,983",94,0.87%,0.75%,0.33%,17.39%,7,7,0.25%,10.29%,"143,43 €","143,43 €",5,5
B0H2GBGWD4,B005LR6FAG,"Arcos Cuchillo Cocina Forjado en Acero Inoxidable y Hoja de 200mm. Cuchillo Chef Profesional para Cortar Pescado, Carne y Cebolla. Mango Ergonómico Polioximetileno. Serie Riviera. Color Negro.",233600_,274,3,0.09%,0.03%,432,4,0.09%,0.03%,36.91%,0.00%,6,2,2.19%,66.67%,"194,94 €","64,98 €",5,1
B0F1ZF7H1L,B005LR6GE6,Arcos Cuchillo Cocinero Negro 250 mm,233700_,519,7,0.16%,0.08%,667,8,0.15%,0.06%,53.35%,57.14%,5,0,0.96%,0.00%,"217,25 €","0,00 €",5,0
B0H2GBGWD4,B005LR6GE6,Arcos Cuchillo Cocinero Negro 250 mm,233700_,209,5,0.06%,0.06%,274,5,0.06%,0.04%,78.08%,100.00%,5,1,2.39%,20.00%,"216,79 €","42,99 €",5,1
B0F54LTCFF,B007TS67OY,Arcos Cuchillo Chef Acero Inoxidable 155 mm,280404_fbm,918,19,0.29%,0.21%,"1,104",27,0.24%,0.22%,9.14%,0.00%,5,0,0.54%,0.00%,"82,45 €","0,00 €",5,0
B017HKKKIC,B007TS68BG,Arcos Universal Cuchillo Carnicero Nitrum POM Negro 160 mm,288200_fbm,152,1,0.05%,0.01%,218,1,0.05%,0.01%,23.20%,0.00%,5,1,3.29%,100.00%,"144,71 €","28,96 €",5,1
B00J3ZVMCS,B00J3ZVMCS,Arcos Serie Toscana - Juego de Cucharas para Café (6 cucharas) - Monoblock de una pieza en Acero Inoxidable 18/10 y 140 mm - Color Plata,574200,578,20,0.18%,0.22%,898,34,0.20%,0.27%,11.62%,36.84%,6,0,1.04%,0.00%,"59,94 €","0,00 €",5,0
B0D1CYZT7H,B00JN2S0UI,HENDI Escurridor de patatas fritas de aluminio - Gris claro - diámetro400x(H)170 mm,H630006,62,11,0.02%,0.12%,93,14,0.02%,0.11%,89.66%,78.57%,8,5,12.90%,45.45%,"239,00 €","146,25 €",5,2
B06XB92VRH,B00YU2YTTM,CUPERINOX Cafetera Italiana Induccion Espresso Acero Inoxidable 4 Tazas,25032,181,3,0.06%,0.03%,259,3,0.06%,0.02%,65.25%,0.00%,5,0,2.76%,0.00%,"84,75 €","0,00 €",5,0
B0F1ZF7H1L,B017DLG3AE,Arcos Cuchillo de Cocina Acero Inoxidable 140 mm,233224_,114,2,0.04%,0.02%,143,2,0.03%,0.02%,72.99%,0.00%,5,0,4.39%,0.00%,"139,95 €","0,00 €",5,0
B0189HXOXK,B017DLLFIO,Arcos Navaja Acero Inoxidable 85 mm,485300_fmb,118,0,0.04%,0.00%,142,0,0.03%,0.00%,95.52%,0.00%,5,0,4.24%,0.00%,"37,45 €","0,00 €",5,0
B0F1N351DY,B072FHSBJR,Arcos Nova Set 3 Cuchillos Peladores Acero Verde,189621,204,5,0.06%,0.06%,245,5,0.05%,0.04%,34.05%,25.00%,5,0,2.45%,0.00%,"52,62 €","0,00 €",5,0
B0F54LTCFF,B072FHSBJT,Arcos Serie Universal - Cuchillo Tomatero Cuchillo para Verduras - Hoja de Acero Inoxidable NITRUM 130 mm - Mango de Polioximetileno (POM) Color Negro,289104,511,15,0.16%,0.17%,724,20,0.16%,0.16%,7.48%,0.00%,5,0,0.98%,0.00%,"74,95 €","0,00 €",5,0
B07DC711NK,B07DC711NK,"HENDI Batidora de Mano, Carcasa de ABS, Brazo Batidor de Acero Inoxidable, Cuchillas cruzadas con Revestimiento de Titanio, 6 Velocidades, Pantalla LCD, 250W, 230V, Procesa de 1-8 Litros, ø71x(H)444mm",H222157,192,32,0.06%,0.36%,284,53,0.06%,0.42%,63.78%,42.22%,5,3,2.60%,9.38%,"535,73 €","321,45 €",5,3
B07DFK4T6L,B07DFK4T6L,"Arcos Cuchillo Deshuesador Profesional - Hoja Silk Edge Acero Inoxidable Nitrum 160 mm, Precisión y Durabilidad, Mango Ergonómico POM Negro, Serie Manhattan",162600_,59,2,0.02%,0.02%,88,2,0.02%,0.02%,97.33%,100.00%,5,1,8.47%,50.00%,"138,75 €","27,75 €",5,1
B0F1ZF7H1L,B07JWG12BV,Arcos Riviera Set 3 Cuchillos Forjados Acero Inoxidable Nitrum,807710_,173,5,0.05%,0.06%,223,7,0.05%,0.06%,72.64%,0.00%,5,0,2.89%,0.00%,"349,95 €","0,00 €",5,0
B07JWM27F4,B07JWM27F4,Arcos Set Cuchillos Cocina Profesionales Forjados en Acero Inoxidable. Juego de 3 Cuchillos (Pelador 100 mm + Cocinero 150 mm + Cocinero 200 mm). Mango Ergonómico Rosa en Polioximetileno. Riviera Rose,855100,312,3,0.10%,0.03%,520,4,0.11%,0.03%,98.50%,100.00%,5,0,1.60%,0.00%,"373,72 €","0,00 €",5,0
B07QCKLSFC,B07QCKLSFC,Cuperinox – Pack de 6 Cuchillos Chuleteros con Hoja de Acero Inoxidable Microdentada y Mango Imitación Madera – Corte Preciso y Diseño Clásico- Ecowood Series,11012_6,83,0,0.03%,0.00%,131,0,0.03%,0.00%,92.11%,0.00%,11,0,13.25%,0.00%,"98,89 €","0,00 €",5,0
B06XB92VRH,B07T6J5JWM,CUPERINOX Cafetera Italiana Induccion Espresso Acero Inoxidable 12 Tazas,25035_2,415,6,0.13%,0.07%,609,7,0.13%,0.06%,74.59%,100.00%,5,0,1.20%,0.00%,"140,00 €","0,00 €",5,0
B08WR6CHHN,B08JC8DSP6,Arcos Cuchillos Chuleteros cuchillos chuleteros acero inoxidable filo liso juego cuchillos chuleteros | 6 PZAS cuchillo chuletero | Hoja 110 mm |cuchillos carne Envase Eco,815800,44,0,0.01%,0.00%,71,0,0.02%,0.00%,100.00%,0.00%,5,0,11.36%,0.00%,"199,95 €","0,00 €",5,0
B08M9QRSW8,B08M9QRSW8,Arcos | Juego Cuchillos cuchillos mesa | 6 Uds | cuchillo fruta | cuchillo postre | Hoja 110 mm | Acero Inoxidable Martensítico | Mango Nylon | apto lavavajillas | Envase Ecológico,703600fbm,50,3,0.02%,0.03%,86,3,0.02%,0.02%,95.65%,100.00%,5,1,10.00%,33.33%,"57,95 €","9,99 €",5,1
B08MT437W9,B08MT437W9,Arcos Juego Cuchillos Cocina Profesionales| Cuchillos Cocina Profesional | 6 pzas | Cuchillos Acero Inoxidable Mango Negro | utensilios de cocina serie Niza | Apto lavavajillas,812900fbm,"2,188",46,0.68%,0.52%,"3,186",60,0.70%,0.48%,99.89%,100.00%,5,2,0.23%,4.35%,"163,95 €","64,98 €",5,2
B08VRP7CR7,B08MTXC14T,Arcos Juego Cuchillos Carne | 6 Piezas | Cuchillos Carne Cuchillo chuleteros | Cubiertos Acero Inoxidable | Hoja 110 mm | Mango Redondo y Forma Ovalada | monobock | Caja Envase Ecológico (6 unidades),809900FBM,127,3,0.04%,0.03%,188,3,0.04%,0.02%,100.00%,100.00%,7,0,5.51%,0.00%,"195,93 €","0,00 €",5,0
B08PFX1GT8,B08PFX1GT8,WINS – Fregasuelos Magnolia 017 |Friegasuelos Limpiador Neutro para Suelos y Superficies | Garrafa 5L | Aroma Magnolia Suave y Duradero | Uso Diario Profesional | 100% Made in Spain,WINS017,45,4,0.01%,0.04%,63,4,0.01%,0.03%,96.15%,100.00%,5,1,11.11%,25.00%,"52,45 €","10,49 €",5,1
B0DK3CM34K,B08VW7LTT6,"HENDI Cabezal de antorcha de cocina de llama continua con cartucho de recarga de gas GLP 199039, soplete flambeador, quemador de gas GLP, profesional, versátil-seguro 360°, negro con acentos en verde",H198254,52,8,0.02%,0.09%,72,10,0.02%,0.08%,81.69%,88.89%,6,3,11.54%,37.50%,"210,52 €","104,97 €",5,2
B08ZNM265D,B08ZNM265D,Arcos | cuchillos de mesa cuchillo mesa tradicional | 6 Piezas cuchillo chuletero | mango nailon | Envase Eco | Fabricado en España,704400_fba,163,5,0.05%,0.06%,223,8,0.05%,0.06%,99.49%,100.00%,7,0,4.29%,0.00%,"188,93 €","0,00 €",5,0
B08ZNM265D,B08ZNM265D,Arcos | cuchillos de mesa cuchillo mesa tradicional | 6 Piezas cuchillo chuletero | mango nailon | Envase Eco | Fabricado en España,704400,163,5,0.05%,0.06%,223,8,0.05%,0.06%,99.49%,100.00%,5,0,3.07%,0.00%,"134,95 €","0,00 €",5,0
B09HRWYKDL,B09HRWYKDL,Arcos Juego de cuchillos Japoneses Profesionales | 4 piezas | Cuchillo Verduras 100 mm + Cocina 150 mm + Santoku con Alveolos 170 mm + Pelador de patatas,853100,54,0,0.02%,0.00%,71,0,0.02%,0.00%,100.00%,0.00%,5,0,9.26%,0.00%,"184,95 €","0,00 €",5,0
B0CTKV6X91,B0CTKV6X91,"HENDI Juego de 6 tablas de cortar HACCP con soporte, lisas, 6 colores diferentes, 6 piezas, 450x300x(H)10mm, polietileno, polipropileno",H825686,139,22,0.04%,0.25%,222,36,0.05%,0.29%,70.05%,64.52%,6,0,4.32%,0.00%,"388,44 €","0,00 €",5,0
B0CZXS1ZHN,B0CZXS1ZHN,"HENDI Olla de hierro fundido con 3 patas, caldero tipo potjie sudafricano, con tapa y asa, para fuego abierto y horno, 6L, ⌀245x(H)280mm",H629291,537,15,0.17%,0.17%,782,23,0.17%,0.18%,86.80%,50.00%,5,2,0.93%,13.33%,"299,74 €","119,50 €",5,2
B0DKP7F29P,B0DJBYB7XQ,"Arcos Serie Samoa Iconic | Cazo Antiadherente Cerámico 16 cm y 1,5 L | Aluminio Forjado | Apta cualquier cocina | Mango Acero Inoxidable | Color Beige | LIBRE DE (PFOA/PTFE/PFOS)",717224,181,5,0.06%,0.06%,220,7,0.05%,0.06%,89.72%,100.00%,5,0,2.76%,0.00%,"167,25 €","0,00 €",5,0
B0FBRQYHVM,B0FBRLQK47,"CUPERINOX Ventilador Portatil, Camping, Exterior, Playa, Piscina, Festival| 5+ cargas movil| +48H de bateria | 20000mAh| Powerbank, Luz led, Mando a distancia y Temporizador",27001,64,5,0.02%,0.06%,93,7,0.02%,0.06%,98.81%,100.00%,7,4,10.94%,80.00%,"368,40 €","188,43 €",5,2
B0DKP7F29P,B0FS7W73G1,"Arcos Sartén Samoa Inox 28 cm, Acero inoxidable tricapa sin antiadherente",726500,220,6,0.07%,0.07%,296,18,0.07%,0.14%,80.07%,94.12%,5,0,2.27%,0.00%,"234,75 €","0,00 €",5,0
B08TWZYBPZ,B0FZC9C1BJ,"CUPERINOX- Set de Cuchillos Profesionales de Cocina 3 Piezas + Estuche Regalo | Chef 20 cm, Santoku 18 cm y Universal 13 cm | Acero Inoxidable Alta Precisión | Mango Ergonómico| Apto Lavavajillas",19302,"1,013",31,0.31%,0.35%,"1,389",40,0.31%,0.32%,99.61%,96.67%,5,1,0.49%,3.23%,"149,96 €","30,00 €",5,1
B0G4S268RT,B0G25TRTV6,BIOLEAF – Lavavajillas Pack 8×750 ml (6 L) | Potente contra Grasa Difícil | Vajilla Brillante Sin Residuos | Biodegradable y Dermatológicamente Testado,3764,76,1,0.02%,0.01%,94,1,0.02%,0.01%,100.00%,100.00%,5,0,6.58%,0.00%,"134,95 €","0,00 €",5,0
B0G449LYZ3,B0G449LYZ3,WINS- AMBIENTADOR MARINO- GARRAFA 5L + CONCENTRADO 250ML (5L)| 10L EN TOTAL| PACK AHORRO| 100% MADE IN SPAIN,WC009+009,33,2,0.01%,0.02%,60,3,0.01%,0.02%,100.00%,100.00%,6,0,18.18%,0.00%,"116,94 €","0,00 €",5,0
B0F54LTCFF,B0044R87I2,Arcos Conjunto Cuchillos 4 piezas (3 Cuchillos + 1 tijeras). Acero Inoxidable y Hoja mm. 1670 gr. Bloque madera pino. Mango ergonómico polioximetileno POM. Serie Universal. Mayor control. Color negro.,285000_us,172,8,0.05%,0.09%,203,10,0.04%,0.08%,77.89%,85.71%,4,1,2.33%,12.50%,"225,96 €","54,99 €",4,1
B0F1ZF7H1L,B005LR67V8,Arcos Cuchillo para Pan Acero Inoxidable Nitrum 200 mm,231300_,172,2,0.05%,0.02%,231,2,0.05%,0.02%,32.56%,50.00%,4,0,2.33%,0.00%,"120,46 €","0,00 €",4,0
B0BSKCJNDM,B005LR72I0,Arcos Niza Cuchillo Jamonero Flexible Acero Inoxidable 230 mm,135600_fba,58,1,0.02%,0.01%,89,1,0.02%,0.01%,34.62%,100.00%,4,1,6.90%,100.00%,"43,60 €","10,90 €",4,1
B0F54LTCFF,B007TS67Q2,Arcos Cuchillo Chef Acero Inoxidable 120 mm,280304,"5,895",146,1.83%,1.64%,"8,424",194,1.85%,1.55%,1.04%,0.00%,6,0,0.10%,0.00%,"77,94 €","0,00 €",4,0
B0F54LTCFF,B007TS67WG,Arcos Cuchillo Chef Acero Inoxidable 300 mm,280804,544,8,0.17%,0.09%,667,12,0.15%,0.10%,15.09%,18.18%,4,1,0.74%,12.50%,"119,00 €","29,75 €",4,1
B00BHZPIVI,B00BHZPIVI,Arcos Cuchillo Chef Forjado Acero Inoxidable 200 mm,233624,73,2,0.02%,0.02%,109,4,0.02%,0.03%,64.95%,33.33%,4,0,5.48%,0.00%,"129,96 €","0,00 €",4,0
B00D3LC70Y,B00D3LC70Y,Arcos Tijeras Costura Castellana - Acero Forjado Niquelado 127 mm - Uso Doméstico y Profesional - Serie Style,502200,84,1,0.03%,0.01%,121,1,0.03%,0.01%,99.12%,100.00%,4,0,4.76%,0.00%,"41,96 €","0,00 €",4,0
B00D3LDXPM,B00D3LDXPM,ARCOS Abrelatas Manual Aleación de Zinc Plata-Negro 160 mm,603600,216,8,0.07%,0.09%,287,14,0.06%,0.11%,12.50%,9.09%,4,1,1.85%,12.50%,"69,46 €","16,99 €",4,1
B017HKRIGE,B00I9XTOT8,"ARCOS Tabla Cortar Fibra Resina y Celulosa 13""",691610,327,2,0.10%,0.02%,463,5,0.10%,0.04%,11.68%,0.00%,4,0,1.22%,0.00%,"83,96 €","0,00 €",4,0
B07TZN23F1,B00KVI6BB8,HENDI Espátula para pizza cuadrada - 1320x305 mm,H617816,37,0,0.01%,0.00%,62,0,0.01%,0.00%,96.23%,0.00%,4,0,10.81%,0.00%,"119,00 €","0,00 €",4,0
B00MDJVVZY,B00MDJVVZY,Arcos Latina Cuchillo de Cocina Acero Inoxidable 155 mm,100700_1pza,27,0,0.01%,0.00%,38,0,0.01%,0.00%,100.00%,0.00%,7,0,25.93%,0.00%,"40,25 €","0,00 €",4,0
B015HG9B3I,B015HG9B3I,"HENDI Sopera con tapa y cucharón, recipiente para servir sopas y salsas, 2,7L, ⌀270x(H) 175mm, acero inoxidable",H434208,117,9,0.04%,0.10%,161,12,0.04%,0.10%,64.66%,37.50%,9,6,7.69%,66.67%,"287,91 €","191,94 €",4,1
B0F1ZF7H1L,B017DLFYYK,Arcos Cuchillo Queso Acero Inoxidable Blanco 145 mm,232824_,316,10,0.10%,0.11%,359,11,0.08%,0.09%,55.17%,87.50%,4,0,1.27%,0.00%,"151,96 €","0,00 €",4,0
B019H2J21O,B019H2J21O,"Cuperinox 22531, Flanero Inoxidable 18cm con tapa",22531_us,108,0,0.03%,0.00%,149,0,0.03%,0.00%,99.18%,0.00%,5,0,4.63%,0.00%,"44,95 €","0,00 €",4,0
B071VT3MC3,B071VT3MC3,"Arcos Tijeras Manicura Curva de Acero Forjado, Uso Profesional y Doméstico, 102 mm, Niqueladas en Plata, Serie Style",500600_,55,0,0.02%,0.00%,74,0,0.02%,0.00%,96.92%,0.00%,4,0,7.27%,0.00%,"43,96 €","0,00 €",4,0
B075ZWHQLQ,B075ZWHQLQ,Wins - Desengrasante Limpiador Profesional 001 - Garrafa 5L,WINS001,81,4,0.03%,0.04%,107,4,0.02%,0.03%,69.70%,100.00%,4,0,4.94%,0.00%,"53,56 €","0,00 €",4,0
B0788R5C2F,B0788R5C2F,Wins 019 Desincrustante Máquinas. Envase 5 L. Producto ácido para la eliminación de incrustaciones de cal y óxido en máquinas lavavajillas.,BM-7KH8-TWCU,67,2,0.02%,0.02%,83,2,0.02%,0.02%,100.00%,100.00%,5,0,7.46%,0.00%,"98,75 €","0,00 €",4,0
B0DQV6381X,B079VN4MTH,CUPERINOX Jamonero de Madera Góndola Soporte para Pata y Paleta de jamón Serrano e ibérico con agarres de Metal Jamonera Economica,20200_us,102,2,0.03%,0.02%,121,2,0.03%,0.02%,95.04%,100.00%,4,0,3.92%,0.00%,"52,92 €","0,00 €",4,0
B07G75VRY2,B07G75VRY2,"Arcos Serie Cuchillos de Mesa Caja 12 uds Cuchillo Chuletero, Hoja Serrada de Acero Inoxidable de 110 mm, Cuchillo Monoblock Acero Inoxidable Color plata (12 UDS)",375800_(809900x2),40,2,0.01%,0.02%,70,2,0.02%,0.02%,63.79%,0.00%,5,0,12.50%,0.00%,"289,95 €","0,00 €",4,0
B07G76NW26,B07G76NW26,"Arcos Serie Cuchillos de Mesa Caja 12 uds Cuchillo Mesa, Hoja Serrada de Acero Inoxidable de 125 mm, Cuchillo Monoblock Acero Inoxidable Color plata (12 UDS)",460400_fbm,130,4,0.04%,0.04%,202,4,0.04%,0.03%,100.00%,100.00%,6,0,4.62%,0.00%,"268,50 €","0,00 €",4,0
B07G79KCFK,B07G79KCFK,"Arcos Cuchillos de Mesa Caja de 12 uds Cuchillo Chuletero Cuchillo de Mesa, Hoja de Acero Inoxidable NITRUM 105 mm, Mango de Nylon, Color Marrón (12 uds)",803800_,168,3,0.05%,0.03%,224,5,0.05%,0.04%,59.41%,33.33%,4,0,2.38%,0.00%,"159,96 €","0,00 €",4,0
B0B3F4QXML,B07HY6FKNQ,Arcos Serie Clasica - Juego de Cuchillos de 7 piezas en Caja de Regalo (5 Cuchillos + 1 Tijeras + 1 Chaira) - Hoja de Acero Inoxidable Forjado NITRUM - Mango de Polioximetileno (POM) - Color marrón,854400_2,286,6,0.09%,0.07%,394,7,0.09%,0.06%,99.19%,100.00%,4,0,1.40%,0.00%,"599,96 €","0,00 €",4,0
B0CWLP4H3Z,B0843DKLKY,ARCOS Tijeras de Cocina Desmontables Acero Inox. Nitrum,784911_etq,148,6,0.05%,0.07%,183,8,0.04%,0.06%,14.45%,0.00%,4,0,2.70%,0.00%,"39,96 €","0,00 €",4,0
B0FR444FLT,B0843DNN57,Arcos Set Cuchillos Forjados 4 piezas (3 Cuchillos + 1 tijeras) - Acero Inoxidable Forjado NITRUM - Mango Micarta - Bloques Madera Color Azul. Serie Brooklyn. Impresiona yorprencon Cada Corte.,194000_,185,4,0.06%,0.04%,238,4,0.05%,0.03%,92.89%,100.00%,4,0,2.16%,0.00%,"479,96 €","0,00 €",4,0
B08VS4FCLN,B08CY5ZRD7,"Arcos Serie Maitre - Juego Cuchillo de cocina 4 piezas, (3 cuchillos + 1 tijeras) Hoja de Acero Inoxidable NITRUM 80 mm, Mango Polipropileno Negro",152610_,62,0,0.02%,0.00%,75,0,0.02%,0.00%,100.00%,0.00%,4,0,6.45%,0.00%,"159,96 €","0,00 €",4,0
B08NW1VQRT,B08NW1VQRT,CUPERINOX Navaja para Setas y Champiñones | Acero Inoxidable | Con Cepillo y Funda Incluida | Micológica,2181,137,3,0.04%,0.03%,193,3,0.04%,0.02%,98.84%,0.00%,4,0,2.92%,0.00%,"41,96 €","0,00 €",4,0
B08Q7W1Q4K,B08Q7W1Q4K,"Tradineur - Pack de 2 Graseras de metal de Ø 9,3 x 11 cm - Incluye filtro, asa y tapa - Aceitera con colador para conservación de aceite de acero inoxidable - Capacidad de 550 ml",22105+22106,92,3,0.03%,0.03%,132,3,0.03%,0.02%,98.17%,100.00%,4,0,4.35%,0.00%,"43,96 €","0,00 €",4,0
B0C4DTYRJW,B094QVHPQ8,Arcos Juego Cuchillos Cocina Profesionales| Cuchillos Cocina Profesional Set Cuchillos | Mango Negro (4 Piezas),813500FBM,897,9,0.28%,0.10%,"1,120",11,0.25%,0.09%,99.52%,100.00%,4,1,0.45%,11.11%,"159,80 €","39,95 €",4,1
B0CQ5G2HVQ,B09T9PKHHR,"Arcos Sarten Antiadherente 18 cm - Aluminio Forjado, Mango Acero Inoxidable Efecto Frío, Apta para Inducción y Lavavajillas, Sistema Ahorro Energético, Serie Samoa Basic",716010,58,3,0.02%,0.03%,71,5,0.02%,0.04%,94.29%,100.00%,4,1,6.90%,33.33%,"104,99 €","26,24 €",4,1
B0CVH8PC99,B0CQRMMMR5,CUPERINOX Cuchillos Carne | Cuchillos Mesa | Cuchillos Chuleteros | 6 Piezas | Hoja Serrada | Mango Polipropileno | Acero Inoxidable | 11 cm,99901_6pzs,34,5,0.01%,0.06%,39,5,0.01%,0.04%,100.00%,100.00%,4,2,11.76%,40.00%,"39,96 €","19,98 €",4,2
B0DPLG5V7Q,B0DPJBBJC4,"CUPERINOX® Tazas de Café Espresso de Cristal – Set 2 80ml- Aptas para lavavajillas- Resistentes al Calor – Tazas Bonitas de Café, Té Originales y Elegantes – Aroma Series",26120_,209,4,0.06%,0.04%,280,4,0.06%,0.03%,99.24%,100.00%,4,0,1.91%,0.00%,"47,96 €","0,00 €",4,0
B0DQV6381X,B0DQDQ1DB8,CUPERINOX Jamonero | Jamonero Giratorio | Tabla Cortar Jamon | Jamoneros Profesional | Jamonero Plegable | Tabla Jamon | Cortador de Jamon,SC_20270,304,7,0.09%,0.08%,438,12,0.10%,0.10%,99.75%,100.00%,4,0,1.32%,0.00%,"141,00 €","0,00 €",4,0
B0DTZ1X5QW,B0DTZ1X5QW,"HENDI Chafing Dish Eléctrico UNIQ, 12,5L, Beis",H470442,17,4,0.01%,0.04%,19,4,0.00%,0.03%,100.00%,100.00%,5,4,29.41%,100.00%,"1.043,44 €","832,00 €",4,3
B0F9X4NXL3,B0F9GJRSSJ,"CUPERINOX Cuchillos Mesa, cuchillo carne, cuchillo mantequilla, Set 6 piezas, acero inoxidable, hoja con filo y sierra, cuchillo untar. Apto lavavajillas. Mango ergonomico",20043_6,115,4,0.04%,0.04%,139,5,0.03%,0.04%,99.22%,100.00%,4,1,3.48%,25.00%,"39,96 €","9,99 €",4,1
B0FH9NPJ1K,B0FH9NPJ1K,VINFERMATON – Insecticida Cucarachas y Hormigas Antihormigas Instantáneo 600 ml | Spray Eliminador Insectos Rastreros Interior y Exterior | Acción Rápida Profesional | 100% MADE IN SPAIN (2),V0011_PACK2,109,4,0.03%,0.04%,135,4,0.03%,0.03%,85.25%,75.00%,5,1,4.59%,25.00%,"64,96 €","13,00 €",4,1
B0DKP7F29P,B0FS7XZKVF,"Arcos Sartén Samoa Inox 20 cm, Acero inoxidable tricapa sin PFAS",726100,280,5,0.09%,0.06%,353,7,0.08%,0.06%,81.74%,100.00%,4,0,1.43%,0.00%,"135,80 €","0,00 €",4,0
B0FWK1CK18,B0FWK1CK18,"Arcos Tabla de Corte Arcos de Teca, Elegancia y Durabilidad Artesanal",706200,272,8,0.08%,0.09%,401,9,0.09%,0.07%,44.73%,44.44%,4,1,1.47%,12.50%,"351,80 €","87,95 €",4,1
B0G67DKSXN,B0G66TDWL6,BIOLEAF – Gel WC Esencias Marinas Pack 8×750 ml (6 L) | Limpieza Profunda del Inodoro | Gel Denso Sin Salpicaduras | Frescor Duradero | Biodegradable y Dermatológicamente Testado,3801,53,0,0.02%,0.00%,66,0,0.01%,0.00%,100.00%,0.00%,4,0,7.55%,0.00%,"107,96 €","0,00 €",4,0
B0F54LTCFF,B0044R884U,Arcos Universal Cuchillo Santoku Acero POM Negro 170 mm,286004_us,394,9,0.12%,0.10%,546,10,0.12%,0.08%,37.71%,0.00%,3,0,0.76%,0.00%,"71,25 €","0,00 €",3,0
B005LR65BK,B005LR65BK,Arcos Cuchillo Negro 100 mm,230200_,115,3,0.04%,0.03%,193,6,0.04%,0.05%,39.53%,100.00%,3,0,2.61%,0.00%,"60,30 €","0,00 €",3,0
B0F1ZF7H1L,B005LR68DU,Arcos Cuchillo Jamonero con Alveolos 250 mm,231000_,294,10,0.09%,0.11%,437,15,0.10%,0.12%,28.71%,0.00%,3,0,1.02%,0.00%,"100,47 €","0,00 €",3,0
B0F1ZF7H1L,B005LR69ZC,Arcos Cuchillo de Queso Negro 145 mm,232800_,240,7,0.07%,0.08%,333,10,0.07%,0.08%,26.54%,50.00%,3,0,1.25%,0.00%,"113,85 €","0,00 €",3,0
B0752SPHL9,B005LR6WW2,Arcos Juego de Cuchillos de Cocina de 5 Piezas,152100_us,"3,428",35,1.06%,0.39%,"4,441",57,0.98%,0.45%,5.39%,0.00%,3,0,0.09%,0.00%,"185,64 €","0,00 €",3,0
B007TS6HNA,B007TS6HNA,ARCOS Rallador de Queso Profesional Acero Inoxidable 130 mm,613800,52,0,0.02%,0.00%,79,0,0.02%,0.00%,92.96%,0.00%,3,0,5.77%,0.00%,"27,87 €","0,00 €",3,0
B0CQ92BWQ8,B009QXIRPC,"HENDI Bolsa de Transporte y Reparto de Pizzas, Bolsa Portapizzas con Aislamiento, Impermeable, Bolsa para la Entrega de Pedidos de Pizza y Comidas, Interior 35x35x(H) 18cm, Roja, 37x37x(H) 20cm",H709825,77,4,0.02%,0.04%,124,11,0.03%,0.09%,53.27%,90.91%,8,5,10.39%,125.00%,"193,12 €","120,70 €",3,1
B0873P7271,B009T19KXO,"HENDI Calentador Eléctrico para Chafing Dish GN 1/1, Sustituto del Combustible de Gel/Pasta, Mantiene la Temperatura de Servicio, 230V/380W, 300x200x(H) 40mm",H809709,7,3,0.00%,0.03%,8,4,0.00%,0.03%,87.50%,75.00%,5,4,71.43%,133.33%,"389,75 €","311,80 €",3,2
B00BHZPKEI,B00BHZPKEI,Arcos Cuchillo Blanco 100 mm,230224_,45,2,0.01%,0.02%,80,2,0.02%,0.02%,33.33%,50.00%,3,1,6.67%,50.00%,"59,97 €","19,99 €",3,1
B0F1ZF7H1L,B00BHZPO12,Arcos Cuchillo Cocina Acero Inoxidable Blanco 180 mm,233524_,308,0,0.10%,0.00%,431,0,0.09%,0.00%,18.02%,0.00%,3,0,0.97%,0.00%,"105,55 €","0,00 €",3,0
B0F54LTCFF,B00BHZPO3K,Arcos Cuchillo para Queso Acero Inoxidable NITRUM 145 mm,281604_fbm,603,25,0.19%,0.28%,854,37,0.19%,0.30%,4.20%,3.13%,3,0,0.50%,0.00%,"62,25 €","0,00 €",3,0
B00BQU0FB2,B00BQU0FB2,"HENDI Filtros de papel para cafetera de goteo, 1000 unidades, desechables, papel de filtro de café, ⌀245x(H)62mm, blanco",H208656,13,4,0.00%,0.04%,22,6,0.00%,0.05%,85.00%,100.00%,5,5,38.46%,125.00%,"208,75 €","208,75 €",3,3
B0GDXY2XBY,B00D3LBPIE,Arcos Mesa Cuchillo Chuletero Serrado Acero Monoblock Plata 110 mm,809500_1pieza,60,7,0.02%,0.08%,82,13,0.02%,0.10%,80.88%,0.00%,18,0,30.00%,0.00%,"107,82 €","0,00 €",3,0
B00D3LCFRE,B00D3LCFRE,Arcos Tijeras Multiusos de Acero Inoxidable 210 mm - Costura y Tejidos - Mango ABS Gris - Serie Deluxe,521000_fbm,34,0,0.01%,0.00%,40,0,0.01%,0.00%,86.84%,0.00%,4,0,11.76%,0.00%,"95,96 €","0,00 €",3,0
B00J3ZVN54,B00J3ZVN54,ARCOS Cucharas de Mesa Acero Inoxidable 200 mm,574600_,510,11,0.16%,0.12%,689,15,0.15%,0.12%,4.60%,27.27%,8,0,1.57%,0.00%,"71,92 €","0,00 €",3,0
B0CKX4YV2W,B00MFLEA80,"HENDI Expositor buffet frío UNIQ 1 piso, Negro",H871805,83,16,0.03%,0.18%,110,26,0.02%,0.21%,99.05%,100.00%,3,0,3.61%,0.00%,"226,99 €","0,00 €",3,0
B00WUZR7H2,B00WUZR7H2,Arcos Serie Cuchillos de Mesa - Cuchillo Mesa - Hoja Serrada de Acero Inoxidable de 125 mm - Cuchillo Monoblock Acero Inoxidable Color Plata,460400_1pieza,56,0,0.02%,0.00%,78,0,0.02%,0.00%,100.00%,0.00%,22,0,39.29%,0.00%,"109,78 €","0,00 €",3,0
B0FWM351K4,B01N4WDTRY,CUPERINOX® Couture Series - Tijera Costura Profesional 15 cm | Acero Inoxidable Resistente | Corte Preciso para Telas y Manualidades | Uso Doméstico y Profesional,21962,51,0,0.02%,0.00%,80,0,0.02%,0.00%,96.00%,0.00%,3,0,5.88%,0.00%,"25,47 €","0,00 €",3,0
B071VT3QQY,B071VT3QQY,"Arcos Riviera - Juego de Cuchillos de Cocina Profesional (Mondador 100 mm, Santoku 140 mm, Chef 200 mm) - Acero Inoxidable Forjado NITRUM, Mango Ergonómico Negro - 3 Piezas en Estuche",807700_fbm,124,0,0.04%,0.00%,185,0,0.04%,0.00%,90.00%,0.00%,3,0,2.42%,0.00%,"206,70 €","0,00 €",3,0
B072BX31NV,B072BX31NV,Arcos Juego 6 Cuchillos de Mesa Nitrum Acero Crema 105 mm,703500__,136,2,0.04%,0.02%,201,2,0.04%,0.02%,19.19%,50.00%,3,1,2.21%,50.00%,"35,97 €","11,99 €",3,1
B0761194MW,B0761194MW,VINFER Wins 020 Desengrasante Concentrado Profesional para la Limpieza de planchas de Cocina y hornos. Botella 5 Lt,WINS020,35,2,0.01%,0.02%,47,2,0.01%,0.02%,91.11%,100.00%,3,0,8.57%,0.00%,"53,97 €","0,00 €",3,0
B07878SB8W,B07878SB8W,WINS – Fregasuelos Limpiador Amoniacal Pino 018 | Garrafa 5 L | Friegasuelos Perfumado para Suelos y Superficies Lavables | Uso General | 100% Made in Spain,WINS018,42,5,0.01%,0.06%,52,5,0.01%,0.04%,78.26%,100.00%,6,1,14.29%,20.00%,"77,34 €","12,89 €",3,1
B085SNLR5G,B07DC83Z46,"HENDI Bandeja de Servicio, Redonda, Recubrimiento Antideslizante, Multiusos, para buffets, Bandeja de Cocina para Servir Comida rápida, Bebidas, Fast Food, ⌀410x(H) 20mm, Polipropileno, Negro",H878149,49,3,0.02%,0.03%,57,3,0.01%,0.02%,100.00%,100.00%,5,2,10.20%,66.67%,"54,95 €","21,98 €",3,1
B0FR444FLT,B07DC9LM3W,"Arcos Cuchillo Panadero Profesional - Hoja Silk Edge 200 mm en Acero Inoxidable Nitrum, Corte Preciso y Duradero, Ideal para Pan y Pasteles, Diseño Elegante y Seguro, Serie Manhattan",161300_,261,2,0.08%,0.02%,304,2,0.07%,0.02%,90.30%,100.00%,3,0,1.15%,0.00%,"95,97 €","0,00 €",3,0
B07G76CQC2,B07G76CQC2,"Arcos Cuchillos de Mesa Caja de 24 uds Chuletero, Hoja de Acero Inoxidable Nitrum 110 mm, Mango de Nylon, Color Marrón (24 uds)",804000_24piezas,34,5,0.01%,0.06%,47,8,0.01%,0.06%,76.32%,100.00%,3,2,8.82%,40.00%,"134,97 €","89,98 €",3,2
B0B3F4QXML,B07JWJ5LDH,Arcos Serie Clasica - Juego de Cuchillos Chuleteros (6 piezas) - Acero Inoxidable Forjado NITRUM - Mango POM - Color Negro,_854500_,96,4,0.03%,0.04%,154,9,0.03%,0.07%,100.00%,100.00%,3,0,3.13%,0.00%,"254,97 €","0,00 €",3,0
B0FR444FLT,B07N8TNDRV,Arcos Brooklyn Cuchillo Chef Forjado Acero Inoxidable 150 mm,190423_,141,5,0.04%,0.06%,177,7,0.04%,0.06%,85.71%,75.00%,3,0,2.13%,0.00%,"119,97 €","0,00 €",3,0
B0H2W8M8TX,B07N8W1J6B,Arcos Tabla cortar 15 x fibra resina y celulosa. Tabla picar. Serie Tablas. Color marrón.,708200,65,0,0.02%,0.00%,88,0,0.02%,0.00%,59.52%,0.00%,3,0,4.62%,0.00%,"80,97 €","0,00 €",3,0
B07N8W7718,B07N8W7718,Arcos Cuchillo Chef Forjado Acero Inoxidable Tamaño. Mango Profesional Micarta y BorSeda Especial con Hoja Plateada 250 mm. Impresiona yorprencon Cada Corte. Serie Brooklyn. Color Azul.,190823_,149,2,0.05%,0.02%,196,3,0.04%,0.02%,97.06%,100.00%,4,0,2.68%,0.00%,"211,96 €","0,00 €",3,0
B07NDV5T2F,B07NDV5T2F,Arcos Serie Brooklyn - Cuchillo Cocinero - Hoja de Acero Inoxidable Forjado NITRUM 210 mm - Mango de Micarta Color Azul (Filo Seda),190623_fbm,85,1,0.03%,0.01%,132,1,0.03%,0.01%,99.12%,100.00%,4,0,4.71%,0.00%,"183,96 €","0,00 €",3,0
B07PQS3PNH,B07PQS3PNH,"HENDI Caja de golpe de café con marco de madera, vaciado de posos de café, barra de golpeo extraíble con revestimiento de silicona, GN 1/4, 265x162x(H)100mm, madera oscura/acero inoxidable",H208380,78,6,0.02%,0.07%,108,7,0.02%,0.06%,100.00%,100.00%,3,0,3.85%,0.00%,"115,50 €","0,00 €",3,0
B0F1ZF7H1L,B07YXBK4HD,Arcos Riviera Set 3 Cuchillos de Corte Acero Inoxidable Nitrum,806911_,316,2,0.10%,0.02%,408,3,0.09%,0.02%,91.41%,33.33%,3,0,0.95%,0.00%,"194,85 €","0,00 €",3,0
B0FQNZM34T,B0843QFQB7,Arcos Set Cuchillos 5 piezas Acero Inoxidable Nitrum. Cuchillo Cocina Profesional Afilado para Cortar Carne. Mango Ergonómico Polioximetileno POM. Serie Opera. Diseño Clásico. Color Negro.,227000,594,13,0.18%,0.15%,896,16,0.20%,0.13%,35.50%,18.18%,3,0,0.51%,0.00%,"416,67 €","0,00 €",3,0
B08M5K93QF,B08M5K93QF,Arcos Juego Cuchillos Mesa | 6 Uds | Cuchillo Postre | Cuchillos Mesa | Cuchillo Carne | Hoja 105 mm | Acero Inoxidable Martensítico | Mango Polipropileno | Apto lavavajillas | Envase Ecológico,703500_etq,83,3,0.03%,0.03%,111,3,0.02%,0.02%,98.13%,100.00%,3,0,3.61%,0.00%,"32,97 €","0,00 €",3,0
B09FQ5SZK8,B08MTTN436,Arcos Nordika Cuchillo Mondador Nitrum Madera Ovengkol FSC 100 mm,165000_fbm,178,7,0.06%,0.08%,238,14,0.05%,0.11%,65.53%,50.00%,3,2,1.69%,28.57%,"65,97 €","43,98 €",3,2
B08MTWQWZZ,B08MTWQWZZ,Arcos Cuchillo Cocinero Profesional Acero Inoxidable 160mm,165900_fbm,141,4,0.04%,0.04%,199,6,0.04%,0.05%,60.11%,50.00%,3,0,2.13%,0.00%,"77,97 €","0,00 €",3,0
B09FQ5SZK8,B08MV1BJ5Z,Arcos Serie Nordika - Cuchillo Cocinero - Acero Inoxidable NITRUM - Hoja de 140 mm - Mango de Madera Ovengkol 100% natural FSC - Embalaje 100% reciclado,165400_fbm,94,2,0.03%,0.02%,113,5,0.02%,0.04%,58.18%,100.00%,3,1,3.19%,50.00%,"74,97 €","24,99 €",3,1
B0CQM2K3QY,B08TX19NTQ,"Arcos Thera Olla Grande de Cocina de 28 Cm y 6,6 L. Cacerola Alta para Inducción, Gas y Vitro. Olla de Aluminio Fundido con Tapa de Cristal y Mango Extraíble. Apta Lavavajillas. Color Negro Azul",718800,75,2,0.02%,0.02%,102,2,0.02%,0.02%,75.53%,100.00%,3,0,4.00%,0.00%,"179,85 €","0,00 €",3,0
B08VS4FCLN,B09HBWSBN1,"Arcos Juego Cuchillos Cocina cuchillo blanco cuchillos | cuchillos cocina Maitre | 5 piezas | Chef 215 mm, Cocina 150 mm, Verduras 100 mm Tijera cocina (Negro + Jamonero)",854100 fbm,113,0,0.04%,0.00%,151,0,0.03%,0.00%,100.00%,0.00%,3,0,2.65%,0.00%,"149,97 €","0,00 €",3,0
B08VS4FCLN,B09HHGVG2N,"Arcos Juego Cuchillos Cocina cuchillos | Cuchillo profesional | 6 piezas | Chef 215 mm + Cocina 150 mm, Verduras 100 mm + Tijera cocina + Pelador de fruta y verdura + Pinza para pescado",854200,159,2,0.05%,0.02%,236,2,0.05%,0.02%,99.08%,100.00%,3,0,1.89%,0.00%,"131,97 €","0,00 €",3,0
B0DK3JR7C3,B09S5T6MJL,"HENDI Mezclador Profesional de Bebidas, Aireador/Batidor de Bebidas Ligeras, Frappés, Capuchinos Fríos, Drink Mixer, Incluye 2 Vasos y 4 Agitadores, 230V/400W, 170x196x(H)490mm, Caramelo",H221624,63,6,0.02%,0.07%,90,8,0.02%,0.06%,90.00%,100.00%,3,1,4.76%,16.67%,"449,25 €","149,75 €",3,1
B09S9JLYNK,B09S9JLYNK,"HENDI Máquina para hacer palomitas de maíz, 150g de maíz, ciclo 3,5 min, 230V, 1155W, 560x420x(H)760mm, aluminio, acero inoxidable, cristal templado, negro",H282762,41,8,0.01%,0.09%,62,16,0.01%,0.13%,80.00%,91.67%,3,2,7.32%,25.00%,"1.202,98 €","801,98 €",3,2
B0CQ5G2HVQ,B09T6KZ499,"Arcos Sarten Antiadherente 32 cm - Aluminio Forjado, Full Induction, Mango Acero Inoxidable Efecto Frío, Apta Lavavajillas, Ahorro Energético, Serie Samoa",716710,272,9,0.08%,0.10%,384,15,0.08%,0.12%,13.76%,20.00%,3,0,1.10%,0.00%,"149,85 €","0,00 €",3,0
B0CQ5G2HVQ,B09T9S9NZ4,"Arcos Sarten Antiadherente 24 cm - Aluminio Forjado, Full Induction, Mango Acero Inoxidable Efecto Frío, Apta Lavavajillas, Ahorro Energético, Serie Samoa",716310,344,15,0.11%,0.17%,440,20,0.10%,0.16%,26.01%,26.67%,4,1,1.16%,6.67%,"147,96 €","36,99 €",3,1
B0B2RGHSMW,B0B2RGHSMW,"HENDI Cesta para Freír, 6L, 238x185x(H)100mm",H930632,80,10,0.02%,0.11%,135,16,0.03%,0.13%,48.31%,57.14%,3,0,3.75%,0.00%,"90,47 €","0,00 €",3,0
B0B4B6B16Z,B0B4B6B16Z,CUPERINOX | Tijeras de manicura para uñas | Tijera corta uñas de punta redondeada para las uñas de las manos | Fabricado en Acero Inoxidable 9 cm,21939,35,2,0.01%,0.02%,56,2,0.01%,0.02%,97.92%,100.00%,3,0,8.57%,0.00%,"29,97 €","0,00 €",3,0
B0BJPYW95J,B0BJPYW95J,Arcos Accesorios - Sacacorchos Manual Abrebotellas Manual - Mango de Aleación de Zinc - Color Negro mate (Incluye cortacápsulas),607500,50,2,0.02%,0.02%,73,2,0.02%,0.02%,95.24%,100.00%,3,0,6.00%,0.00%,"119,10 €","0,00 €",3,0
B0CHJZ3VBQ,B0CHJZ3VBQ,Arcos jamonero Profesional | Cuchillo jamonero jamonero Inoxidable Nitrum | Mango Blanco | Cuchillo Jamon iberico | Serie Artika| Hoja Flexible y Filo Liso | 275 mm | Acero Inoxidable,151244_,35,0,0.01%,0.00%,69,0,0.02%,0.00%,97.78%,0.00%,3,0,8.57%,0.00%,"50,97 €","0,00 €",3,0
B0DKP7F29P,B0DJBYWWVM,"Arcos Serie Samoa Iconic | Cacerola Antiadherente Cerámico 24 cm y 4,3 L | Aluminio Forjado | Apta cualquier cocina | Mango Acero Inoxidable | Color Negro | LIBRE DE (PFOA/PTFE/PFOS)",717022,103,4,0.03%,0.04%,128,4,0.03%,0.03%,100.00%,100.00%,3,0,2.91%,0.00%,"164,85 €","0,00 €",3,0
B0DNNKT1W2,B0DNNJCHQP,"Cuperinox-Tetera de Cristal con Infusor para Té e Infusiones, Resistente al Calor y Compatible con Microondas ** - Infusion Prestige Collection (950 ml)",26113,262,9,0.08%,0.10%,343,12,0.08%,0.10%,100.00%,100.00%,3,0,1.15%,0.00%,"59,97 €","0,00 €",3,0
B0DNNKT1W2,B0DNNJPGTY,"Cuperinox-Tetera de Cristal con Infusor para Té e Infusiones, Resistente al Calor y Compatible con Microondas ** - Infusion Prestige Collection (750 ml)",26112,265,6,0.08%,0.07%,362,7,0.08%,0.06%,100.00%,100.00%,3,0,1.13%,0.00%,"55,47 €","0,00 €",3,0
B0F9X4NXL3,B0F9KXQKLG,"CUPERINOX Cuchillos Mesa, cuchillo carne, cuchillo mantequilla, Set 24 piezas, acero inoxidable, hoja con filo y sierra, cuchillo untar. Apto lavavajillas. Mango ergonomico",20043-24,129,1,0.04%,0.01%,157,1,0.03%,0.01%,100.00%,0.00%,3,0,2.33%,0.00%,"59,97 €","0,00 €",3,0
B0FGDJJ12N,B0FGDJJ12N,VINFERMATON – Insecticida Avispas y Nidos Exterior 600 ml | Válvula Largo Alcance hasta 4 m | Acción Profesional Inmediata | 100% MADE IN SPAIN,V0020,33,4,0.01%,0.04%,40,4,0.01%,0.03%,97.22%,100.00%,4,0,12.12%,0.00%,"47,96 €","0,00 €",3,0
B08TWZYBPZ,B0FZC8B2NX,"CUPERINOX - Estuche de Cuchillos Profesionales de Cocina 4 Piezas | Chef 20 cm, Santoku 18 cm, Universal 13 cm y Pelador 9 cm | Acero Inoxidable de Alta Precisión | Mango Ergonómico",19301_FBA,605,14,0.19%,0.16%,839,27,0.18%,0.22%,99.61%,100.00%,3,0,0.50%,0.00%,"104,97 €","0,00 €",3,0
B0DDWPSK8Z,B001681JO6,"HENDI Placa de inducción de sobremesa profesional, control táctil, 60-240°C, 230V, 3500W, 342x431x(H)116mm, acero inoxidable",H239711,66,13,0.02%,0.15%,95,17,0.02%,0.14%,62.65%,75.00%,5,1,7.58%,7.69%,"1.338,75 €","267,75 €",2,1
B017HKG9PK,B0044R87VO,Arcos Maitre - Cuchillo Jamonero Flexible - Acero Inoxidable NITRUM 275 mm - Mango Polipropileno negro,151200,288,9,0.09%,0.10%,322,11,0.07%,0.09%,56.33%,12.50%,2,0,0.69%,0.00%,"31,98 €","0,00 €",2,0
B00509DM8S,B00509DM8S,HENDI Baño María Eléctrico GN 1/1,H238905,18,3,0.01%,0.03%,22,3,0.00%,0.02%,85.00%,100.00%,2,1,11.11%,33.33%,"275,50 €","137,75 €",2,1
B00509S0BW,B00509S0BW,"HENDI Baño María eléctrico profesional con 1 recipiente de acero inoxidable con tapa (1x4 L), Termosistema, Calentador de alimentos y sopas a 30–85 °C, 4 L, 220V/200W, 256x312x(H)298mm",H201107,10,4,0.00%,0.04%,11,5,0.00%,0.04%,90.91%,100.00%,2,2,20.00%,50.00%,"446,57 €","446,57 €",2,2
B005LR67V8,B005LR67V8,Arcos Cuchillo para Pan Acero Inoxidable Nitrum 200 mm,231300_,60,0,0.02%,0.00%,87,0,0.02%,0.00%,45.45%,0.00%,2,0,3.33%,0.00%,"59,98 €","0,00 €",2,0
B0F1ZF7H1L,B005LR69PW,"Arcos Cuchillo Tomates Acero Inoxidable 5""",232000_,442,12,0.14%,0.13%,603,26,0.13%,0.21%,6.22%,0.00%,2,0,0.45%,0.00%,"47,98 €","0,00 €",2,0
B005LR69ZC,B005LR69ZC,Arcos Cuchillo de Queso Negro 145 mm,232800_,60,4,0.02%,0.04%,88,5,0.02%,0.04%,37.66%,25.00%,2,1,3.33%,25.00%,"69,31 €","31,36 €",2,1
B0H2GBGWD4,B005LR6E0C,Arcos Cuchillo Cocinero Acero Inoxidable Negro 150 mm,233400_,102,1,0.03%,0.01%,141,1,0.03%,0.01%,34.53%,0.00%,2,0,1.96%,0.00%,"53,98 €","0,00 €",2,0
B005LR749W,B005LR749W,"ARCOS Juego de Cubiertos de 24 Piezas para Mesa. Cuberterí­a Completa para 6 Personas. Set de 6 Cucharas, 6 Cuchillos, 6 Tenedores y 6 Cucharas de Postre. Serie Berlí­n. Color Plata",562400_fbm,485,15,0.15%,0.17%,701,21,0.15%,0.17%,24.13%,6.25%,2,0,0.41%,0.00%,"179,98 €","0,00 €",2,0
B005LR78LQ,B005LR78LQ,ARCOS Forged Tijeras de Cocina Acero Inoxidable Forjado 225 mm,507100,49,3,0.02%,0.03%,60,3,0.01%,0.02%,96.36%,100.00%,2,0,4.08%,0.00%,"77,00 €","0,00 €",2,0
B0F54LTCFF,B006LMX2EW,Arcos Universal Cuchillo Jamonero Acero Hoja Hueca Negro 280 mm,281901_,475,21,0.15%,0.24%,626,29,0.14%,0.23%,15.53%,19.05%,2,0,0.42%,0.00%,"46,98 €","0,00 €",2,0
B0F54LTCFF,B007TS6GFO,Arcos Universal Juego 5 Cuchillos Nitrum Bloque Pino POM Negro,285700_,"1,963",39,0.61%,0.44%,"2,382",45,0.52%,0.36%,6.86%,3.13%,2,0,0.10%,0.00%,"209,80 €","0,00 €",2,0
B007TS6GW2,B007TS6GW2,Arcos Chairas - Chaira Afilador manual de cuchillos - Cuerpo de Acero al Carbono recubierto de Diamante de 280 mm - Mango de Polipropileno color negro,279202_,111,5,0.03%,0.06%,268,5,0.06%,0.04%,41.87%,66.67%,2,1,1.80%,20.00%,"79,98 €","39,99 €",2,1
B08XYZRKC4,B007TS6GWW,"ARCOS Juego de Cubiertos de 24 Piezas para Mesa. Cuberterí­a Completa para 6 Personas. Set de 6 Cucharas, 6 Cuchillos, 6 Tenedores y 6 Cucharas de Postre. Serie Toscana. Color Plata",572400,"3,376",65,1.05%,0.73%,"4,663",84,1.02%,0.67%,0.25%,20.00%,3,3,0.09%,4.62%,"192,45 €","192,45 €",2,2
B007TS6HBM,B007TS6HBM,ARCOS Rallador de Limones Acero Inoxidable 40 mm,612800,92,7,0.03%,0.08%,129,11,0.03%,0.09%,8.33%,12.50%,2,0,2.17%,0.00%,"17,70 €","0,00 €",2,0
B0752X1ZCK,B009KPKG8M,Arcos Cuchillos de Mesa - Cuchillo Chuletero Cuchillo de Mesa - Hoja de Acero Inoxidable NITRUM 110 mm - Mango de Nylon - Color Negro,803000_1-Pieza,165,5,0.05%,0.06%,183,6,0.04%,0.05%,76.84%,100.00%,12,0,7.27%,0.00%,"45,00 €","0,00 €",2,0
B0F1ZF7H1L,B00BHZPHOG,Arcos Riviera Blanc Cuchillo Panero Acero Inoxidable Nitrum 200 mm,231324_,101,1,0.03%,0.01%,138,1,0.03%,0.01%,25.00%,100.00%,2,0,1.98%,0.00%,"59,88 €","0,00 €",2,0
B00BHZPHOG,B00BHZPHOG,Arcos Riviera Blanc Cuchillo Panero Acero Inoxidable Nitrum 200 mm,231324_,30,0,0.01%,0.00%,53,0,0.01%,0.00%,16.67%,0.00%,2,0,6.67%,0.00%,"59,88 €","0,00 €",2,0
B0F1ZF7H1L,B00BHZPKEI,Arcos Cuchillo Blanco 100 mm,230224_,160,2,0.05%,0.02%,243,3,0.05%,0.02%,15.22%,0.00%,2,0,1.25%,0.00%,"39,98 €","0,00 €",2,0
B00CWZQJZG,B00CWZQJZG,"Arcos Cuchillos Mesa - Cuchillo Carne Mesa - Monobloque unaola pieza Acero Inoxidable 4"" - Color Plateado - Corta todo tipo carne conimplicidad y practicidad -erie Monobloque - Color Gris",702000_1pza_fba,74,1,0.02%,0.01%,105,1,0.02%,0.01%,61.70%,0.00%,7,0,9.46%,0.00%,"34,93 €","0,00 €",2,0
B00D3LFQ3E,B00D3LFQ3E,ARCOS Cuchillo Corta Bacalao y Pan Acero Polietileno Blanco 440 mm,791600,49,3,0.02%,0.03%,74,4,0.02%,0.03%,49.21%,0.00%,2,1,4.08%,33.33%,"210,50 €","105,25 €",2,1
B08L7GKSLH,B00H558KK0,HENDI Placa de inducción de sobremesa profesional modelo 2000,H239230,354,7,0.11%,0.08%,511,8,0.11%,0.06%,78.59%,60.00%,2,0,0.56%,0.00%,"213,55 €","0,00 €",2,0
B017HKRLMK,B00I9XTPTW,"ARCOS Tabla de Cortar Fibra de Celulosa y Resina 37,7x27,7cm",691710,176,7,0.05%,0.08%,233,8,0.05%,0.06%,8.37%,0.00%,2,0,1.14%,0.00%,"51,98 €","0,00 €",2,0
B00KISSXY4,B00KISSXY4,"HENDI Bandeja de Servicio AmerBox, Grande, Rectangular, Multiusos, Bandeja para Servir Comida rápida, Bebidas, Fast Food, Bandeja de Cocina, 350x450x(H) 20mm, Gris, Polipropileno",H878804,27,2,0.01%,0.02%,42,5,0.01%,0.04%,100.00%,100.00%,2,0,7.41%,0.00%,"19,98 €","0,00 €",2,0
B00U2QWLVS,B00U2QWLVS,Arcos Cuchillo Chuletero de Mesa Acero Inoxidable Nitrum 115 mm,740009_us,41,1,0.01%,0.01%,45,1,0.01%,0.01%,95.00%,0.00%,11,0,26.83%,0.00%,"43,89 €","0,00 €",2,0
B0F54LTCFF,B00VRWR53K,"Arcos Serie Universal, Macheta Cuchillo Carnicero, Hoja de Acero Inoxidable Nitrum 180 mm, Mango de Polioximetileno, Pom Color Negro",288100_,322,6,0.10%,0.07%,362,7,0.08%,0.06%,98.60%,100.00%,2,1,0.62%,16.67%,"79,98 €","39,99 €",2,1
B00W9SPO5M,B00W9SPO5M,Arcos Tijeras de Modista de Acero Forjado 178 mm - Uso Profesional y Doméstico - Niqueladas en Plata - Serie Style,504200,20,1,0.01%,0.01%,31,1,0.01%,0.01%,96.67%,100.00%,2,0,10.00%,0.00%,"29,23 €","0,00 €",2,0
B0GYLCHCZH,B01418E5ZC,"HENDI Cubitera para botellas, enfriador de bebidas tipo champanera, BarUp, 9,5L, ⌀350x(H)230mm, acero inoxidable",H471524,36,2,0.01%,0.02%,51,4,0.01%,0.03%,95.83%,100.00%,2,0,5.56%,0.00%,"48,98 €","0,00 €",2,0
B08F5XMJZF,B017DLMQNW,"Arcos Tablas - Tabla de Cocina Antibacterial para Cortar - Resistente al Calor y Lavavajillas, No Daña Cuchillos, Fibra de Celulosa y Resina, 38x28 cm, Negro",692210,70,1,0.02%,0.01%,97,3,0.02%,0.02%,43.02%,100.00%,2,1,2.86%,100.00%,"56,99 €","28,50 €",2,1
B0CKX4YV2W,B01BNH5B5M,"HENDI Expositor buffet frío UNIQ 2 pisos, Negro",H871812,196,30,0.06%,0.34%,273,62,0.06%,0.49%,98.33%,100.00%,2,1,1.02%,3.33%,"289,90 €","144,95 €",2,1
B088L1YKB9,B01DY481VS,HENDI Thermobox Kitchen Line - GN 1/1-80 L - 685x485x(H)360 mm,H707944,87,7,0.03%,0.08%,112,9,0.02%,0.07%,100.00%,100.00%,3,0,3.45%,0.00%,"263,25 €","0,00 €",2,0
B088L1YKB9,B01DY485KU,HENDI Thermobox Kitchen Line - GN 1/1-46 L - 600x400x(H)320 mm,H707968,95,17,0.03%,0.19%,141,25,0.03%,0.20%,82.03%,77.78%,6,2,6.32%,11.76%,"343,50 €","114,50 €",2,1
B01DY57HXU,B01DY57HXU,"HENDI Combustible líquido, lata, con mecha, 24 unidades, sin hollín y sin olor, tiempo de combustión 6 horas, dietilenglicol puro, para calentadores de alimentos, calientaplatos, chafing dish, 200 gr",H193938,11,1,0.00%,0.01%,18,3,0.00%,0.02%,100.00%,100.00%,3,0,27.27%,0.00%,"162,75 €","0,00 €",2,0
B0752X1Z92,B01KZWSCSE,ARCOS Mochila para 9 Cuchillos de Cocina en Poliéster y PVC. Bolsa Portacuchillos Profesional para Almacenar y Transportar Utensilios de Cocina. 330 x 480 x 185 Mm. Color Negro,694900,159,1,0.05%,0.01%,229,1,0.05%,0.01%,83.94%,100.00%,2,0,1.26%,0.00%,"129,80 €","0,00 €",2,0
B07TXLLGJX,B06XRYBCZQ,HENDI Placa de inducción de sobremesa profesional 3500 D XL,H239698,72,8,0.02%,0.09%,91,11,0.02%,0.09%,77.27%,91.67%,2,1,2.78%,12.50%,"660,00 €","330,00 €",2,1
B0F5L5VJM5,B0719K21HP,Arcos Tenazas de Marisco Acero Inoxidable 185 mm,606400_,287,10,0.09%,0.11%,404,15,0.09%,0.12%,12.24%,10.00%,3,0,1.05%,0.00%,"59,97 €","0,00 €",2,0
B072BX31NY,B072BX31NY,Arcos Cuchillo de Mesa Forjado Acero Inoxidable Nitrum 100 mm,373728_1pieza,123,1,0.04%,0.01%,178,1,0.04%,0.01%,16.67%,0.00%,14,0,11.38%,0.00%,"237,86 €","0,00 €",2,0
B0F1N351DY,B072FGV2YH,Arcos Juego de 6 Cuchillos Mondadores Acero Inoxidable 100 mm,189100_2,"4,201",156,1.30%,1.75%,"6,252",231,1.37%,1.84%,14.82%,0.63%,2,2,0.05%,1.28%,"33,98 €","33,98 €",2,2
B0F1N351DY,B073V3CYRF,Arcos Cuchillo Mondador de 4 Pulgadas con Hoja de 100mm en Acero Inoxidable y Mango de Polipropileno. Cuchillos de Cocina para Pelar Apto para Lavavajillas. Serie Nova. Color Turquesa,188632_,158,3,0.05%,0.03%,185,3,0.04%,0.02%,65.00%,66.67%,2,1,1.27%,33.33%,"11,23 €","5,99 €",2,1
B078KJ1T6G,B078JPWR5J,"Arcos 807600 Juego de Cuchillos, Acero Inoxidable, Blanco, 45x20x5 cm, 3 Unidades",807600_,578,8,0.18%,0.09%,711,10,0.16%,0.08%,96.08%,80.00%,2,0,0.35%,0.00%,"139,98 €","0,00 €",2,0
B09JPSTVBC,B07B8MQZTW,Arcos Serie Riviera Rose - Cuchillo Mondador - Hoja de Acero Inoxidable Forjado NITRUM 100 mm - Mango de Polioximetileno (POM) Color Rosa,230254_,52,2,0.02%,0.02%,65,3,0.01%,0.02%,98.25%,100.00%,2,0,3.85%,0.00%,"49,98 €","0,00 €",2,0
B08S87M447,B07BMGMVY4,Arcos Serie Riviera Rose - Cuchillo Cocinero - Hoja de Acero Inoxidable Forjado NITRUM 200 mm - Mango de Polioximetileno (POM) Color Rosa,233654_,61,0,0.02%,0.00%,95,0,0.02%,0.00%,95.18%,0.00%,2,0,3.28%,0.00%,"69,98 €","0,00 €",2,0
B0FR444FLT,B07C7YV74X,Arcos Manhattan Cuchillo Trinchar Acero Jamón y Carne 250 mm,161900_,123,3,0.04%,0.03%,138,5,0.03%,0.04%,99.23%,100.00%,2,1,1.63%,33.33%,"69,98 €","34,99 €",2,1
B0DN1W6N4N,B07CZFR2CG,"HENDI Batidora profesional digital con cubierta insonorizada, pantalla táctil, 3 velocidades, jarra de policarbonato resistente al calor y frío, 230V, 1680W, 250x300x(H)546mm, ABS, acero inoxidable",H230695,102,22,0.03%,0.25%,146,36,0.03%,0.29%,58.65%,92.31%,2,0,1.96%,0.00%,"898,00 €","0,00 €",2,0
B07CZPBVZB,B07CZPBVZB,HENDI Matamoscas de alto voltaje - Cobertura: 150 m² - 230V / 45W - 640x90x(H)360 mm,H270172,16,1,0.00%,0.01%,25,1,0.01%,0.01%,100.00%,100.00%,2,0,12.50%,0.00%,"160,90 €","0,00 €",2,0
B0D1CX9SGL,B07D73SB2W,HENDI Colador (malla doble) - ø360x(H)860 mm,H639023,11,1,0.00%,0.01%,20,2,0.00%,0.02%,100.00%,100.00%,2,1,18.18%,100.00%,"71,51 €","35,76 €",2,1
B0D1CVPJXW,B07D75K6SP,"HENDI Colador cónico de malla fina, ⌀245x(H)210mm, longitud del mango 230mm, acero inoxidable",H647561,14,3,0.00%,0.03%,16,3,0.00%,0.02%,86.67%,66.67%,2,2,14.29%,66.67%,"72,50 €","72,50 €",2,2
B0H1YTB1F3,B07D9XLGXZ,"HENDI Recipiente Gastronorm GN 1/1, Kitchen Line, resistencia térmica -40 °C a 250 °C, apto para horno y baño maría, 21L, 530x325x(H) 150mm, acero inoxidable",H806142,5,0,0.00%,0.00%,7,0,0.00%,0.00%,100.00%,0.00%,3,2,60.00%,0.00%,"88,50 €","59,00 €",2,1
B07D9XLGXZ,B07D9XLGXZ,"HENDI Recipiente Gastronorm GN 1/1, Kitchen Line, resistencia térmica -40 °C a 250 °C, apto para horno y baño maría, 21L, 530x325x(H) 150mm, acero inoxidable",H806142,11,4,0.00%,0.04%,14,4,0.00%,0.03%,100.00%,100.00%,3,3,27.27%,75.00%,"88,50 €","88,50 €",2,2
B0D1CV1MT6,B07D9YVLP6,"HENDI Tabla de cortar con certificación HACCP 600x400 - Blanco, 600x400mm",H825600,80,7,0.02%,0.08%,98,7,0.02%,0.06%,82.11%,83.33%,2,0,2.50%,0.00%,"79,48 €","0,00 €",2,0
B085SNLR5G,B07DC4H82X,"HENDI Bandeja de Servicio, Redonda, Recubrimiento Antideslizante, Multiusos, para buffets, Bandeja de Cocina para Servir Comida rápida, Bebidas, Fast Food, ⌀280x(H) 20mm, Polipropileno, Negro",H878125,84,2,0.03%,0.02%,118,2,0.03%,0.02%,100.00%,100.00%,2,0,2.38%,0.00%,"19,98 €","0,00 €",2,0
B086X1XQXD,B07DC8C7Y6,"HENDI Expositor con cubierta deslizante roll-top, Doble",H871713,61,7,0.02%,0.08%,84,8,0.02%,0.06%,100.00%,100.00%,3,2,4.92%,28.57%,"236,97 €","157,98 €",2,1
B07DPCM8YW,B07DPCM8YW,"HENDI Lámpara de Calor Colgante, Altura Ajustable, Plata",H273883,103,14,0.03%,0.16%,128,21,0.03%,0.17%,84.75%,57.89%,2,0,1.94%,0.00%,"141,90 €","0,00 €",2,0
B07HS96L46,B07HS96L46,HENDI Cenicero de pie - ø170x(H)920 mm,H440223,10,4,0.00%,0.04%,12,5,0.00%,0.04%,90.00%,80.00%,2,2,20.00%,50.00%,"299,78 €","299,78 €",2,2
B07JHPQGPW,B07JHPQGPW,Arcos Riviera Blanc Juego 3 Cuchillos Forjados POM Blanco,807610_,101,2,0.03%,0.02%,159,2,0.03%,0.02%,88.80%,100.00%,2,0,1.98%,0.00%,"139,98 €","0,00 €",2,0
B0FWM351K4,B07MDGR8G1,CUPERINOX® Couture Series - Tijera Costura Profesional 15 cm | Acero Inoxidable Irrompible | Mango Ergonómico Antideslizante | Corte Preciso y Duradero,21950_us,34,1,0.01%,0.01%,47,1,0.01%,0.01%,100.00%,100.00%,2,0,5.88%,0.00%,"15,98 €","0,00 €",2,0
B07MZHDK6L,B07MZHDK6L,"HENDI Descalcificador de agua, 8L",H231210,63,3,0.02%,0.03%,82,3,0.02%,0.02%,62.67%,0.00%,2,0,3.17%,0.00%,"239,50 €","0,00 €",2,0
B0F66KBPV1,B07N7Y7LD9,HENDI Cesta de lavavajillas Profesional para Vasos,H871348,9,2,0.00%,0.02%,17,4,0.00%,0.03%,50.00%,66.67%,3,1,33.33%,50.00%,"64,47 €","21,49 €",2,1
B0FR444FLT,B07N8VHP6Y,Arcos Cuchillo deshuesador con Hoja Acero Inoxidable Nitrum 160 mm. Cuchillo profesional para cortar huesos carne. Mango ergonómico polipropileno. Serie Brooklyn. Color azul.,192623_,87,3,0.03%,0.03%,104,4,0.02%,0.03%,96.00%,66.67%,2,0,2.30%,0.00%,"77,76 €","0,00 €",2,0
B0FR444FLT,B07N8VLCQS,"Arcos Juego de Cuchillos Profesionales (4 Piezas) - Acero Inoxidable Nitrum, Precisión y Durabilidad, Mango Ergonómico POM Negro, Incluye Tijeras y Bloque de Madera, Serie Manhattan",163300_,125,2,0.04%,0.02%,161,2,0.04%,0.02%,87.66%,100.00%,2,0,1.60%,0.00%,"199,98 €","0,00 €",2,0
B0FY5CB86K,B07N8WHPP7,"Arcos Lira de Queso Profesional - Corte Preciso para Quesos - Estructura y Mango de Acero Inoxidable, 210 mm - Herramienta de Cocina Esencial, Color Gris",795100,43,2,0.01%,0.02%,46,2,0.01%,0.02%,84.09%,100.00%,2,0,4.65%,0.00%,"45,90 €","0,00 €",2,0
B07NDSZJQY,B07NDSZJQY,"Arcos Serie Cuchillos de Mesa Caja 12 uds Cuchillo Chuletero, Hoja Serrada de Acero Inoxidable NITRUM de 115 mm, Mango Polioximetileno Color negro (12 UDS)",374800_12piezas,24,1,0.01%,0.01%,30,1,0.01%,0.01%,93.10%,0.00%,2,0,8.33%,0.00%,"149,98 €","0,00 €",2,0
B07YXBGV8C,B07YXBGV8C,Arcos Riviera Blanc Set 3 Cuchillos Forjados Acero Inoxidable Nitrum,807511_,33,1,0.01%,0.01%,71,5,0.02%,0.04%,79.63%,0.00%,2,0,6.06%,0.00%,"119,98 €","0,00 €",2,0
B082VWVDMX,B082VWVDMX,HENDI Cesta para baguetes - 305x320x(H)350 mm,H426517,39,4,0.01%,0.04%,65,7,0.01%,0.06%,100.00%,100.00%,2,1,5.13%,25.00%,"81,00 €","40,50 €",2,1
B0FQNZM34T,B0843D965B,Arcos Cuchillo Chef Acero Inoxidable. Cuchillo Cocina Profesional multipropósito para Cortar y Limpiar Verduras. Mango ergonómico polioximetileno y Hoja 210 mm. Serie Opera. Color Negro.,225100_fbm,68,0,0.02%,0.00%,84,0,0.02%,0.00%,95.06%,0.00%,2,0,2.94%,0.00%,"77,76 €","0,00 €",2,0
B0843DFZH2,B0843DFZH2,Arcos Set 5 Cuchillos Forjados Acero Inoxidable Nitrum,235024,680,14,0.21%,0.16%,959,16,0.21%,0.13%,8.02%,75.00%,2,0,0.29%,0.00%,"255,78 €","0,00 €",2,0
B0CYTKGNPM,B0843Q6L5P,ARCOS Pelador Profesional Acero Inoxidable Cromado 130 mm,607000_,"6,188",162,1.92%,1.81%,"9,276",213,2.04%,1.70%,0.07%,1.18%,4,4,0.06%,2.47%,"18,44 €","18,44 €",2,2
B08KFQBJWQ,B0857QCPPW,"HENDI Percolador de café 14L, de una pared, con filtro incorporado y grifo antigoteo, para café molido grueso,230V, 50/60Hz, 1750W, 357x380x(H) 502mm, negro mate, acero inoxidable, PP",H211489,6,1,0.00%,0.01%,9,1,0.00%,0.01%,100.00%,100.00%,2,2,33.33%,200.00%,"319,48 €","319,48 €",2,2
B0857QG39T,B0857QG39T,"HENDI Placa eutéctica de frío profesional, GN 1/1, para cajas térmicas, elemento refrigerante, acumulador de frío, bloque térmico, de enfriamiento, placa de hielo, 530x325x(H) 30mm, HDPE, blanco",H707753,33,5,0.01%,0.06%,50,10,0.01%,0.08%,93.18%,85.71%,8,8,24.24%,160.00%,"270,00 €","270,00 €",2,2
B0DK3CM34K,B0862VPJ9H,"HENDI Cabezal de antorcha de cocina de llama continua, soplete flambeador, quemador, recargable con cartuchos de gas GLP 199039, mango ergonómico, versátil-seguro 360°, 185x65x(H)100mm, negro y verde",H198247,59,6,0.02%,0.07%,71,7,0.02%,0.06%,59.70%,50.00%,3,2,5.08%,33.33%,"74,97 €","49,98 €",2,1
B09MSDJQJ1,B08M3B43J6,"Arcos | Juego Cuchillo Jamonero 3 Pzas | jamonero Acero Inoxidable (240 mm), afilador Chaira y Cubre jamón | Juego Cuchillos jamonero Profesional | Paleta ibérica | Eco",704300,282,8,0.09%,0.09%,354,11,0.08%,0.09%,100.00%,100.00%,2,0,0.71%,0.00%,"59,98 €","0,00 €",2,0
B08Y8NS7PN,B08MT61GJV,Arcos Juego Cuchillos Cocina | 2 pzas |Profesional (150 mm) | Cuchillo Cortador Verduras (100 mm)| Acero Inoxidable Nitrum | Mango Negro | Envase Eco,819900fbm,37,0,0.01%,0.00%,48,0,0.01%,0.00%,100.00%,0.00%,2,0,5.41%,0.00%,"35,98 €","0,00 €",2,0
B09DPRCMTF,B08MW2GWPC,Arcos Juego Cuchillos Carne | Cuchillo chuleteros | Cuchillos Carne Cuchillos Mesa | 6 Uds | Hoja 110 mm | Acero Inoxidable | Mango Nylon | Apto lavavajillas | Envase Ecológico (Filo Serrado),816400fbm,168,7,0.05%,0.08%,235,11,0.05%,0.09%,100.00%,100.00%,2,0,1.19%,0.00%,"39,98 €","0,00 €",2,0
B095MKPPLC,B095MKPPLC,Desengrasante Plus Energico 5 L - VINFER - L331G05002..,VP200,20,4,0.01%,0.04%,24,6,0.01%,0.05%,82.61%,100.00%,3,0,15.00%,0.00%,"59,85 €","0,00 €",2,0
B09DPRCMTF,B0987MG3JQ,Arcos Juego Cuchillos Carne | Cuchillo chuleteros | Cuchillos Carne Cuchillos Mesa | 6 Uds | Hoja 110 mm | Acero Inoxidable | Mango Nylon | Apto lavavajillas | Envase Ecológico (Filo Liso),814200FBM,63,2,0.02%,0.02%,83,2,0.02%,0.02%,98.65%,100.00%,3,0,4.76%,0.00%,"59,97 €","0,00 €",2,0
B09KJLG7BT,B098K898SC,CUPERINOX Soporte Jamonero | Jamonero Profesional | Cuchillo Jamonero madera + Funda Jamon | Tabla Jamonera,20226FBM,109,2,0.03%,0.02%,144,2,0.03%,0.02%,86.11%,0.00%,2,0,1.83%,0.00%,"49,98 €","0,00 €",2,0
B09GPRH991,B09GPRH991,"HENDI Horno profesional compacto para pizzas, horno eléctrico, para pizzas hasta diámetro 39cm, 50˚C~350˚C, 230V, 2000W, 580x560x(H)275mm, plateado, cuerpo de acero inoxidable AISI 430",H220290,46,5,0.01%,0.06%,66,5,0.01%,0.04%,72.13%,60.00%,2,0,4.35%,0.00%,"774,00 €","0,00 €",2,0
B09GPS236X,B09GPS236X,"HENDI Portacondimentos de Bar, Bandeja de Guarniciones para Cócteles BarUp, Caja Organizadora con Tapa Transparente, 6 Contenedores de Polipropileno, 480x150x(H) 100mm, HIPS, Negro",H552032,53,8,0.02%,0.09%,67,10,0.01%,0.08%,96.49%,100.00%,2,0,3.77%,0.00%,"60,38 €","0,00 €",2,0
B09HQTWWPB,B09HQTW6TF,Arcos Clara Cuchillo Chef Forjado Acero Inoxidable 200 mm,210600_us,91,2,0.03%,0.02%,121,3,0.03%,0.02%,33.04%,100.00%,2,1,2.20%,50.00%,"59,99 €","30,00 €",2,1
B06XB92VRH,B09LYZ5G5S,CUPERINOX Deluxe Cafetera Italiana Induccion Espresso Inoxidable 6 Tazas,25052,62,1,0.02%,0.01%,86,1,0.02%,0.01%,100.00%,100.00%,2,0,3.23%,0.00%,"63,98 €","0,00 €",2,0
B09MSDJQJ1,B09MM5CH6C,Arcos jamonero profesional alveolos | incluye pinza para jamón | cuchillo jamonero cuchillo jamonero alveolos cuchillos profesional| Acero Inoxidable Nitrum 240 mm,856200FBM,73,2,0.02%,0.02%,99,3,0.02%,0.02%,97.78%,0.00%,2,0,2.74%,0.00%,"60,48 €","0,00 €",2,0
B0CQ5G2HVQ,B09T6G47Z6,"Arcos Sarten Antiadherente 26 cm - Aluminio Forjado, Full Induction, Mango Acero Inoxidable Efecto Frío, Apta Lavavajillas, Ahorro Energético, Serie Samoa",716410,203,7,0.06%,0.08%,292,9,0.06%,0.07%,21.79%,12.50%,2,0,0.99%,0.00%,"78,98 €","0,00 €",2,0
B09WYYY5MD,B09WYYY5MD,Arcos Nordika Cuchillo para Queso Acero Inoxidable Nitrum 125 mm,166100_us,13,0,0.00%,0.00%,14,0,0.00%,0.00%,92.86%,0.00%,2,0,15.38%,0.00%,"52,98 €","0,00 €",2,0
B09XF6G1Q8,B09XF6G1Q8,Arcos Serie Universal - Juego de Cuchillos de Cocina de 4 piezas (3 Cuchillos Cocineros + Tijeras) - Hoja de Acero Inoxidable NITRUM - Mango de Polioximetileno (POM) - Color Negro,807410+TIJERA,54,1,0.02%,0.01%,67,1,0.01%,0.01%,100.00%,100.00%,2,0,3.70%,0.00%,"99,98 €","0,00 €",2,0
B0DK3G72TM,B0B1JNX37K,"HENDI Lavador de cucharas para helados, línea de suministro de agua de 3/8"", línea de drenaje de 3/4"", 270x111x(H)115mm, acero inoxidable AISI 304",H802007,28,3,0.01%,0.03%,41,4,0.01%,0.03%,82.05%,100.00%,4,0,14.29%,0.00%,"282,00 €","0,00 €",2,0
B0B2RGCWLL,B0B2RGCWLL,"HENDI Cesta para Freír, 8L, 238x190x(H)140mm",H930656,46,6,0.01%,0.07%,58,11,0.01%,0.09%,39.62%,40.00%,3,2,6.52%,33.33%,"92,83 €","57,84 €",2,1
B0C49W65HD,B0C49W65HD,Arcos Serie Nordika - Cuchillo Tomatero - Acero Inoxidable NITRUM - Hoja de 130 mm - Mango de Madera Ovengkol 100% natural de bosques certificados FSC® - Embalaje 100% reciclado,165100,56,1,0.02%,0.01%,77,1,0.02%,0.01%,97.18%,100.00%,2,0,3.57%,0.00%,"53,90 €","0,00 €",2,0
B0C5JNCFL4,B0C5JNCFL4,Arcos Serie Milano - Cubertería de 24 piezas en Caja de Regalo (6 Cuchillos + 12 Cucharas + 6 Tenedores) - Monoblock de una pieza en Acero Inoxidable - Color Plata,542000,308,3,0.10%,0.03%,458,3,0.10%,0.02%,80.00%,100.00%,4,0,1.30%,0.00%,"299,96 €","0,00 €",2,0
B0C5X757TS,B0C5X757TS,Arcos Serie Lisboa - Cubertería de 24 piezas en Caja de Regalo (6 Cuchillos + 12 Cucharas + 6 Tenedores) - Monoblock de una pieza en Acero Inoxidable - Color Plata,597400,99,6,0.03%,0.07%,133,8,0.03%,0.06%,94.69%,100.00%,2,0,2.02%,0.00%,"179,98 €","0,00 €",2,0
B0C5X7VHZK,B0C5X7VHZK,Arcos Serie Lisboa - Cubertería de 113 piezas en Maletín de Regalo (Juego Completo) - Monoblock de una sola pieza de Acero Inoxidable - Color Plata,597500,41,3,0.01%,0.03%,52,6,0.01%,0.05%,93.48%,100.00%,2,0,4.88%,0.00%,"830,00 €","0,00 €",2,0
B0CN14GJ6L,B0CN14GJ6L,"HENDI Vitrina expositora con cubierta deslizante, mostrador Buffet, conjunto exhibidor con doble función: calentar o enfriar, kit incl. 2 bloques de gel, bandeja de acero inox, 465x315x(H)195mm, PP",H871775,76,12,0.02%,0.13%,110,19,0.02%,0.15%,94.44%,100.00%,2,2,2.63%,16.67%,"169,98 €","169,98 €",2,2
B0CQMTRX9C,B0CQMTRX9C,"HENDI Hacha de carnicero profesional, herramienta para manipular y cortar carne, hoja de acero inoxidable de 125 mm de largo, mango ergonómico de polietileno blanco de 450 mm",H843390,32,0,0.01%,0.00%,42,0,0.01%,0.00%,97.30%,0.00%,2,0,6.25%,0.00%,"245,98 €","0,00 €",2,0
B0CVH8PC99,B0CQTKPL63,CUPERINOX Cuchillos Carne | Cuchillos Mesa | Cuchillos Chuleteros | 24 Piezas | Hoja Serrada | Mango Polipropileno | Acero Inoxidable | 11 cm,99923,166,22,0.05%,0.25%,233,32,0.05%,0.26%,97.69%,100.00%,4,0,2.41%,0.00%,"79,96 €","0,00 €",2,0
B0F9TD2LTH,B0CS6V91GR,CUPERINOX® Cuchillos de Mesa con Mango de Madera – Set 6 Cuchillos para Carne con Filo Dentado – Estilo Palmadera tradicional – Aptos para Uso Diario,14015_us,692,28,0.21%,0.31%,980,34,0.22%,0.27%,99.89%,100.00%,3,0,0.43%,0.00%,"56,97 €","0,00 €",2,0
B0CYTKGNPM,B0CW66H3TR,Pelador de Tomate ARCOS - Hoja Serrada de Acero Inoxidable | Mango Ergonómico | Ideal para Tomates,607420_,937,11,0.29%,0.12%,"1,044",11,0.23%,0.09%,98.53%,90.00%,2,0,0.21%,0.00%,"15,98 €","0,00 €",2,0
B0DFQ7Y1G8,B0DFQ7Y1G8,Arcos Afiladores - Afilador Eléctrico de Cuchillos de Cocina - Hecho de ABS Color Blanco (Rodillos con recubrimiento de diamante),603900,114,6,0.04%,0.07%,159,7,0.03%,0.06%,99.28%,83.33%,2,0,1.75%,0.00%,"579,90 €","0,00 €",2,0
B0DG2QX9YD,B0DG2QX9YD,"HENDI Dispensador isotérmico de bebidas, 9L",H425336,138,6,0.04%,0.07%,247,9,0.05%,0.07%,35.64%,0.00%,2,0,1.45%,0.00%,"113,43 €","0,00 €",2,0
B0DG2RQFHP,B0DG2RQFHP,"HENDI Bandeja de horno GN 1/1 Convectomat – 8 moldes redondos – para huevos fritos, tortillas, panqueques, crepes – Revestimiento antiadherente – 260°C – 530x325x(H) 26mm – Acero inoxidable",H808856,38,6,0.01%,0.07%,59,12,0.01%,0.10%,61.22%,83.33%,7,7,18.42%,116.67%,"316,75 €","316,75 €",2,2
B0DKP7F29P,B0DJBZ81XL,"Arcos Serie Samoa Iconic | Cacerola Baja Antiadherente Cerámico 28 cm y 4,3 L | Aluminio Forjado | Apta cualquier cocina | Mango Acero Inoxidable | Color Negro | LIBRE DE (PFOA/PTFE/PFOS)",717122,123,2,0.04%,0.02%,156,2,0.03%,0.02%,57.24%,100.00%,2,0,1.63%,0.00%,"145,90 €","0,00 €",2,0
B0DKP7F29P,B0DJBZK9SX,"Arcos Serie Samoa Iconic | Cazo Antiadherente Cerámico 16 cm y 1,5 L | Aluminio Forjado | Apta cualquier cocina | Mango Acero Inoxidable | Color Negro | LIBRE DE (PFOA/PTFE/PFOS)",717222,79,3,0.02%,0.03%,83,3,0.02%,0.02%,100.00%,100.00%,2,0,2.53%,0.00%,"66,90 €","0,00 €",2,0
B0DKP7F29P,B0DJC1RQ9T,"Arcos Serie Samoa Iconic | Cacerola Antiadherente Cerámico 20 cm y 2,6 L | Aluminio Forjado | Apta cualquier cocina | Mango Acero Inoxidable | Color Negro | LIBRE DE (PFOA/PTFE/PFOS)",716922,81,3,0.03%,0.03%,86,4,0.02%,0.03%,50.00%,100.00%,2,0,2.47%,0.00%,"109,90 €","0,00 €",2,0
B0DVT6KPDV,B0DT75PQN7,"CUPERINOX Kit Cocina Montessori | Cuchillos Niños Aprendizaje +2 Años | Set Completo de Cuchillos Infantiles de 17 Piezas | Incluye Tijeras, Moldes, Batidor, Tabla y Cuchillo Seguro",27017,138,2,0.04%,0.02%,187,2,0.04%,0.02%,98.27%,100.00%,2,0,1.45%,0.00%,"39,98 €","0,00 €",2,0
B0DVG51R3F,B0DVG51R3F,"HENDI Baño María Eléctrico, 3x GN 1/3 con Tapas",H238967,42,8,0.01%,0.09%,60,12,0.01%,0.10%,95.92%,100.00%,2,1,4.76%,12.50%,"325,00 €","162,50 €",2,1
B0FJLTDB9J,B0FB98PM7Z,CUPERINOX® Beauty Care – Pack 3 Cortauñas de Precisión | Alicate + Cortaúñas Mediano + Cortaúñas con Llavero | Acero Inoxidable Profesional | Manicura y Pedicura | Hombre y Mujer,A10004,50,2,0.02%,0.02%,66,2,0.01%,0.02%,96.83%,100.00%,2,0,4.00%,0.00%,"25,98 €","0,00 €",2,0
B0FDL3VP7W,B0FDL3VP7W,VINFERMATON – Insecticida Moscas y Mosquitos Perfume Limón Pack 3×300 ml | Spray Eliminador Insectos Voladores Interior y Exterior | Acción Inmediata Profesional | 100% MADE IN SPAIN,V000_PACK3,111,4,0.03%,0.04%,153,4,0.03%,0.03%,97.26%,100.00%,2,1,1.80%,25.00%,"23,98 €","11,99 €",2,1
B0DKP7F29P,B0FS7VJ21D,"Arcos Sartén Samoa Inox 26 cm, Acero inoxidable tricapa libre de PFAS",726400,154,5,0.05%,0.06%,210,6,0.05%,0.05%,81.82%,100.00%,2,0,1.30%,0.00%,"85,90 €","0,00 €",2,0
B0G67DKSXN,B0G216GBMX,BIOLEAF – Gel WC Esencias Marinas Pack 4×750 ml (3 L) | Limpieza Profunda del Inodoro con Frescor Duradero | Gel Denso Sin Salpicaduras | Biodegradable y Dermatológicamente Testado,3511,81,1,0.03%,0.01%,88,1,0.02%,0.01%,97.73%,100.00%,2,0,2.47%,0.00%,"39,98 €","0,00 €",2,0
B0G4RT6HMS,B0G219Z94M,"BIOLEAF – Limpiacristales Sin Huellas Pack 4×750 ml (3 L) | Brillo Perfecto en Cristales, Espejos y Ventanas | Secado Rápido Sin Marcas | Fórmula Biodegradable| 100% HECHO EN ESPAÑA",3504,66,0,0.02%,0.00%,75,0,0.02%,0.00%,100.00%,0.00%,2,0,3.03%,0.00%,"39,98 €","0,00 €",2,0
B0G4S268RT,B0G21WYQYN,BIOLEAF– Lavavajillas Pack 4×750 ml (3 L) | Alta Eficacia contra Grasa Difícil | Vajilla Brillante y Sin Residuos | Biodegradable y Dermatológicamente Testado,3467,155,3,0.05%,0.03%,181,3,0.04%,0.02%,100.00%,100.00%,2,1,1.29%,33.33%,"39,98 €","19,99 €",2,1
B0G65J8F3L,B0G25V4VFF,BIOLEAF– Multiusos Brillo Duradero Pack 8×750 ml (6 L) | Limpieza Muebles y Superficies | Anti-polvo | Biodegradable y Dermatológicamente Testado,3818,39,1,0.01%,0.01%,51,1,0.01%,0.01%,100.00%,100.00%,2,1,5.13%,100.00%,"55,98 €","27,99 €",2,1
B0GNZWCSKK,B0GNZWCSKK,VINCARE Detergente Biberones y Tetinas Pack 2x – Limpieza Segura para Bebés – Elimina Restos de Leche y Olores – Apto para Chupetes y Accesorios,PM-9MUA-64P3,35,1,0.01%,0.01%,41,2,0.01%,0.02%,100.00%,100.00%,2,0,5.71%,0.00%,"29,98 €","0,00 €",2,0
B0F54LTCFF,B000NOAYMM,Arcos Cuchillo Jamonero Acero Inoxidable 240 mm,281804_fba,692,21,0.21%,0.24%,960,22,0.21%,0.18%,0.00%,0.00%,1,1,0.14%,4.76%,"16,49 €","16,49 €",1,1
B0F54LTCFF,B000NOAYN6,Arcos Universal Set 2 Piezas Jamonero + Afilador Acero Inoxidable Nitrum,285500,75,15,0.02%,0.17%,82,18,0.02%,0.14%,77.50%,76.47%,1,1,1.33%,6.67%,"23,79 €","23,79 €",1,1
B0044R87XM,B0044R87XM,"Arcos Cuchillo cocina laerie Kyoto - Hoja Acero Inoxidable forjado Nitrum 6"" - Mango negro polioximetileno (POM) - Elegante y duradero (7'')",178900_,84,3,0.03%,0.03%,128,4,0.03%,0.03%,100.00%,100.00%,1,1,1.19%,33.33%,"49,99 €","49,99 €",1,1
B0752XP113,B0044R887W,Arcos Juego Cuchillos carne 4 piezas. Paquete Cuchillos bolsillo con borperla para cortar y filetear carne. Hoja y mango Acero Inoxidable monobloque. Serie Mesa.,378400_2,548,17,0.17%,0.19%,748,18,0.16%,0.14%,12.04%,10.00%,2,0,0.36%,0.00%,"41,98 €","0,00 €",1,0
B00509FC90,B00509FC90,"HENDI Baño María eléctrico, con grifo, sistema de calentamiento al baño María, temperatura regulable 30°C a 85°C, 1x GN 1/1, 2x GN 1/2, 3x GN 1/3, 19L, 230V, 1000W, 605x332x(H)242mm, acero inoxidable",H238912,29,3,0.01%,0.03%,40,3,0.01%,0.02%,97.44%,100.00%,1,0,3.45%,0.00%,"151,25 €","0,00 €",1,0
B0873P7266,B0050BDUYW,HENDI Calentador de alimentos con 3 quemadores - 450x180x(H)65 mm,H463109,13,0,0.00%,0.00%,27,0,0.01%,0.00%,65.22%,0.00%,1,0,7.69%,0.00%,"52,99 €","0,00 €",1,0
B0050ML7WS,B0050ML7WS,"HENDI Cortadora eléctrica de carne, cortafiambres multiusos, Profi Line 300, Ø cuchilla: 300mm, espesor de corte (0-14mm), 220-240V, 420W, 602x573x(H)456mm, plateado, aluminio, acero inoxidable",EU-ESTD-NGXC,17,2,0.01%,0.02%,28,5,0.01%,0.04%,86.96%,100.00%,1,1,5.88%,50.00%,"849,00 €","849,00 €",1,1
B086WXGKHG,B005122S98,HENDI Fuente rectangular - Melamina - 495x270x(H) 56 mm,H561515,2,1,0.00%,0.01%,2,1,0.00%,0.01%,100.00%,100.00%,5,0,250.00%,0.00%,"181,25 €","0,00 €",1,0
B0H2G7NH42,B005LR68DU,Arcos Cuchillo Jamonero con Alveolos 250 mm,231000_,104,2,0.03%,0.02%,164,2,0.04%,0.02%,48.67%,50.00%,1,0,0.96%,0.00%,"33,49 €","0,00 €",1,0
B005LR6J3Y,B005LR6J3Y,Arcos Riviera Juego 6 Cuchillos Forjados Acero Inoxidable Nitrum,234200_,47,0,0.01%,0.00%,62,0,0.01%,0.00%,56.90%,0.00%,1,0,2.13%,0.00%,"174,89 €","0,00 €",1,0
B0F1ZF7H1L,B005LR6J3Y,Arcos Riviera Juego 6 Cuchillos Forjados Acero Inoxidable Nitrum,234200_,177,5,0.05%,0.06%,213,6,0.05%,0.05%,72.68%,80.00%,1,0,0.56%,0.00%,"174,89 €","0,00 €",1,0
B005LR6YFC,B005LR6YFC,Arcos Maitre Set Jamonero 2 Piezas Acero Inoxidable Nitrum 275 mm,151900,17,0,0.01%,0.00%,22,0,0.00%,0.00%,36.84%,0.00%,2,0,11.76%,0.00%,"46,98 €","0,00 €",1,0
B017HKRCGK,B005LR7A1Y,ARCOS Bolsa para Cuchillos 100% Poliéster 460x275 mm,690200,"1,757",43,0.55%,0.48%,"2,749",56,0.60%,0.45%,53.13%,59.38%,1,0,0.06%,0.00%,"17,49 €","0,00 €",1,0
B017HKR8WS,B005LR7EP6,ARCOS Afilador de Cuchillos Profesional ABS,610000,"1,859",77,0.58%,0.86%,"2,874",124,0.63%,0.99%,0.20%,1.00%,2,2,0.11%,2.60%,"129,98 €","129,98 €",1,1
B017HKS3Q8,B005LRSICO,ARCOS Soporte Magnético para Cuchillos PVC Acero y ABS 450x45 mm,692600_us,6,0,0.00%,0.00%,13,0,0.00%,0.00%,83.33%,0.00%,1,0,16.67%,0.00%,"21,99 €","0,00 €",1,0
B017HKR8WS,B005LRSIK6,ARCOS Afilador de Bolsillo Profesional,610200_fbm,581,20,0.18%,0.22%,772,37,0.17%,0.30%,1.14%,0.00%,1,0,0.17%,0.00%,"37,75 €","0,00 €",1,0
B0F54LTCFF,B006LMX2GK,Arcos Cuchillo Jamonero Acero Inoxidable Forjado Nitrum 280 mm,281904,194,8,0.06%,0.09%,232,9,0.05%,0.07%,17.26%,0.00%,1,0,0.52%,0.00%,"17,49 €","0,00 €",1,0
B0F54LTCFF,B006LMX2HO,"Arcos Cuchillo Rebanar/Jamón Acero Inoxidable Nitrum 11""",282004_,294,16,0.09%,0.18%,401,20,0.09%,0.16%,8.97%,28.57%,3,3,1.02%,18.75%,"52,44 €","52,44 €",1,1
B0F54LTCFF,B007TS67OO,Arcos Cuchillo Chef Acero Inoxidable 200 mm,284804,609,12,0.19%,0.13%,767,12,0.17%,0.10%,2.54%,16.67%,1,1,0.16%,8.33%,"19,75 €","19,75 €",1,1
B07BDT9G74,B008U6T624,Arcos Clásica Cuchillo Deshuesador Forjado Acero Inoxidable Nitrum 140 mm,256200_fbm,14,0,0.00%,0.00%,30,0,0.01%,0.00%,100.00%,0.00%,1,0,7.14%,0.00%,"19,99 €","0,00 €",1,0
B0B3F4QXML,B008U6T7Q4,Arcos Clásica Cuchillo Santoku Forjado Acero Inoxidable Nitrum 180 mm,256600_fmb,131,1,0.04%,0.01%,165,1,0.04%,0.01%,70.44%,0.00%,1,0,0.76%,0.00%,"31,99 €","0,00 €",1,0
B096ZVZNSY,B008U6TCSW,ARCOS Chaira Afilador Acero Nitrum Cromado Negro 250 mm,278200_,139,2,0.04%,0.02%,191,4,0.04%,0.03%,0.58%,0.00%,1,1,0.72%,50.00%,"16,49 €","16,49 €",1,1
B0CQ92BWQ8,B009QXKGKG,"HENDI Bolsa de Transporte y Reparto de Pizzas, Bolsa Portapizzas con Aislamiento, Impermeable, Bolsa para la Entrega de Pedidos de Pizza y Comidas, Interior 45x45x(H) 18cm, Roja, 47x47x(H) 21cm",H709818,25,2,0.01%,0.02%,42,2,0.01%,0.02%,78.95%,50.00%,1,0,4.00%,0.00%,"31,15 €","0,00 €",1,0
B0H2G7NH42,B00BHZPHSC,Arcos Riviera Blanc Cuchillo Jamonero Forjado Acero POM Blanco 250 mm,231024_,32,2,0.01%,0.02%,56,2,0.01%,0.02%,18.00%,50.00%,1,1,3.13%,50.00%,"33,99 €","33,99 €",1,1
B0H2GDTT31,B00BHZPO12,Arcos Cuchillo Cocina Acero Inoxidable Blanco 180 mm,233524_,70,0,0.02%,0.00%,100,0,0.02%,0.00%,55.06%,0.00%,1,0,1.43%,0.00%,"34,99 €","0,00 €",1,0
B0F54LTCFF,B00CEKDBRS,Espátula Serie Universal 125 x 120 mm,286500,84,5,0.03%,0.06%,123,8,0.03%,0.06%,0.00%,0.00%,1,1,1.19%,20.00%,"20,49 €","20,49 €",1,1
B0CQP7T8M6,B00CJKQKB2,"HENDI Sartén de freír, fondo de inducción, apto para todas las fuentes de calor y hornos hasta 260 °C, recubrimiento antiadherente, mango largo remachado, base 220 mm, diámetro 280x(h)50 mm, aluminio",h627624,4,0,0.00%,0.00%,13,0,0.00%,0.00%,100.00%,0.00%,1,0,25.00%,0.00%,"30,19 €","0,00 €",1,0
B00CWZOIIQ,B00CWZOIIQ,"Arcos Cuchillos Mesa - Cuchillo Carne Mesa - Monobloque unaola pieza Acero Inoxidable 4"" - Corta chuletas o bistecs con precisión, facilidad y rapidez -erie Monobloque - Color Plateado",375500_1pza_fbm,42,1,0.01%,0.01%,54,1,0.01%,0.01%,68.63%,100.00%,4,0,9.52%,0.00%,"25,96 €","0,00 €",1,0
B00FHTW89A,B00FHTW89A,ARCOS Chaira Afilador Acero al Carbono Cromado 300 mm,278510_,22,0,0.01%,0.00%,30,0,0.01%,0.00%,56.52%,0.00%,1,0,4.55%,0.00%,"22,99 €","0,00 €",1,0
B08SHCJFNN,B00GZR3KKE,"HENDI Freidora eléctrica, T ajustable hasta 190°C, termostato de seguridad, zona fría, con tapa y cesta de freír, tanque de aceite extraíble, 4L, 230V, 3000W, 217x380x(H)300mm, acero inoxidable",H205808,4,0,0.00%,0.00%,12,0,0.00%,0.00%,81.82%,0.00%,4,4,100.00%,0.00%,"582,96 €","582,96 €",1,1
B07TXLKG42,B00GZR3LR6,"HENDI Freidora eléctrica, T ajustable hasta 190°C, termostato de seguridad, zona fría, con tapa y cesta de freír, tanque de aceite extraíble, 6L, 230V, 3300W, 265x430x(H)290mm, acero inoxidable",H205815,21,1,0.01%,0.01%,32,2,0.01%,0.02%,100.00%,100.00%,1,0,4.76%,0.00%,"155,75 €","0,00 €",1,0
B07TXLKG42,B00GZR3MKM,"HENDI Freidora eléctrica, T ajustable hasta 190°C, termostato de seguridad, zona fría, con tapa y cesta de freír, tanque de aceite extraíble, 8L, 230V, 3500W, 265x430x(H)345mm, acero inoxidable",H205822,36,5,0.01%,0.06%,52,8,0.01%,0.06%,65.91%,40.00%,1,0,2.78%,0.00%,"168,99 €","0,00 €",1,0
B07TWJ3TPK,B00GZR3QJO,HENDI Sistema de sous-vide GN 1/1. - 20 L - 230V / 600W - 335x540(H)310 mm,H225448,36,5,0.01%,0.06%,44,9,0.01%,0.07%,78.57%,75.00%,1,1,2.78%,20.00%,"448,99 €","448,99 €",1,1
B0D1CW5WWV,B00GZR3RSO,"HENDI Centrifugador de ensaladas, secador de ensaladas, cesta de centrifugado interior extraíble, apto para el lavavajillas, 12 L, ø335x(h)430 mm, Poliamida, Polipropileno",H222553,15,2,0.00%,0.02%,23,2,0.01%,0.02%,70.00%,100.00%,1,0,6.67%,0.00%,"119,75 €","0,00 €",1,0
B08QFDPP4H,B00H1XELJU,HENDI Olla arrocera y calentador - 5.4 L - 230V / 1950W - 455x455x(H)380 mm,H240403,8,2,0.00%,0.02%,14,8,0.00%,0.06%,100.00%,100.00%,1,1,12.50%,50.00%,"203,00 €","203,00 €",1,1
B00H7X3TY2,B00H7X3TY2,"HENDI Bandeja de presentación para repostería, 600x400x(H) 20mm, Aluminio Ligero, Dorado",H808573,3,0,0.00%,0.00%,4,0,0.00%,0.00%,100.00%,0.00%,1,0,33.33%,0.00%,"34,45 €","0,00 €",1,0
B0G39V4XR3,B00ITVQOOI,ARCOS Tenedor de Mesa Acero Inoxidable 18/10 200 mm,371600_1pieza,30,0,0.01%,0.00%,48,0,0.01%,0.00%,66.67%,0.00%,1,0,3.33%,0.00%,"4,99 €","0,00 €",1,0
B0F1ZF7H1L,B00J64GEEC,Arcos Riviera Blanc Cuchillo Chef Forjado Acero Inoxidable 250 mm,233724_,86,2,0.03%,0.02%,113,2,0.02%,0.02%,58.88%,0.00%,1,0,1.16%,0.00%,"43,45 €","0,00 €",1,0
B0H2G7NH42,B00J64GI4S,Arcos Riviera Blanc Cuchillo Jamonero Forjado POM Blanco 300 mm,231124_,19,0,0.01%,0.00%,41,0,0.01%,0.00%,21.95%,0.00%,1,0,5.26%,0.00%,"36,99 €","0,00 €",1,0
B0D1CVQX4L,B00JP7NAGK,"HENDI Tabla de Cortar, Madera, marrón, 530x325mm GN 1/1",H506905,34,0,0.01%,0.00%,44,0,0.01%,0.00%,92.86%,0.00%,1,0,2.94%,0.00%,"41,75 €","0,00 €",1,0
B00L7X7ONU,B00L7X7ONU,HENDI Jarra de zumo - 2 L - ø120x(H)250 mm,H425138,16,2,0.00%,0.02%,22,3,0.00%,0.02%,90.48%,100.00%,3,3,18.75%,150.00%,"49,56 €","49,56 €",1,1
B017HKR8WS,B00OFR535Q,"Arcos Afiladores - Afilador Eléctrico de Cuchillos Afilador de Cuchillos Eléctricos, Hecho de Plástico, Color Negro (Rodillos de Banda Intercambiables)",610500_fbm,419,19,0.13%,0.21%,494,22,0.11%,0.18%,99.57%,94.12%,1,1,0.24%,5.26%,"234,99 €","234,99 €",1,1
B09381N96H,B00PKFXWJQ,Arcos Serie Cuchillos de Mesa - Cuchillo Mesa - Hoja Serrada de Acero Inoxidable NITRUM de 125 mm - Mango Polipropileno Color crema,370200_1Pieza,41,1,0.01%,0.01%,61,1,0.01%,0.01%,100.00%,100.00%,1,0,2.44%,0.00%,"3,49 €","0,00 €",1,0
B0GDYCSPT1,B00R6JUIUK,Arcos Cuchillo Chuletero Acero Inoxidable 105 mm,100400_1pza,"1,856",41,0.58%,0.46%,"2,846",55,0.63%,0.44%,0.08%,0.00%,8,0,0.43%,0.00%,"31,92 €","0,00 €",1,0
B00U2R00QK,B00U2R00QK,VINFER - Limpiacristales Vinfer 5 L,VP300,8,2,0.00%,0.02%,8,2,0.00%,0.02%,87.50%,50.00%,1,1,12.50%,50.00%,"14,50 €","14,50 €",1,1
B00VRZ3BMG,B00VRZ3BMG,Arcos Tijeras Costura Acero Forjado 140 mm - Uso Doméstico y Profesional - Niqueladas Plata - Serie Style,502300_,43,0,0.01%,0.00%,64,0,0.01%,0.00%,91.38%,0.00%,1,0,2.33%,0.00%,"10,99 €","0,00 €",1,0
B0F54LTCFF,B00VT5L310,Arcos Espátula de Cocina Profesional - Hoja de Acero Inoxidable NITRUM 160 mm - Resistente a Químicos y Calor - Mango Ergonómico POM Negro - Serie Universal,286600,144,5,0.04%,0.06%,149,6,0.03%,0.05%,68.49%,75.00%,1,0,0.69%,0.00%,"25,50 €","0,00 €",1,0
B0FWK4CNH3,B00WHV21BG,CUPERINOX TIJERAS PESCADO | TIJERAS COCINA| TIJERAS ACERO| TIJERAS | 20 CM | UTENSILIOS DE COCINA,21992,67,1,0.02%,0.01%,80,1,0.02%,0.01%,31.17%,100.00%,1,0,1.49%,0.00%,"9,99 €","0,00 €",1,0
B06XB92VRH,B00YU2ZS1A,CUPERINOX Cafetera Italiana Induccion Espresso Acero Inoxidable 6 Tazas,25033,48,1,0.01%,0.01%,51,2,0.01%,0.02%,96.08%,100.00%,1,0,2.08%,0.00%,"17,90 €","0,00 €",1,0
B06XB92VRH,B00YU2ZWGG,CUPERINOX Cafetera Italiana Induccion Espresso Acero Inoxidable 10 Tazas,25034,24,1,0.01%,0.01%,42,2,0.01%,0.02%,13.33%,0.00%,1,0,4.17%,0.00%,"19,99 €","0,00 €",1,0
B0F1ZF7H1L,B017DEWUDK,Arcos Cuchillo Acero Inoxidable 300 mm,233824_,48,1,0.01%,0.01%,58,1,0.01%,0.01%,68.52%,100.00%,1,0,2.08%,0.00%,"59,99 €","0,00 €",1,0
B0F1ZF7H1L,B017DLG38Q,Arcos Cuchillo Cocina Acero Inoxidable Negro 140 mm,233200_,281,6,0.09%,0.07%,403,6,0.09%,0.05%,13.92%,0.00%,1,0,0.36%,0.00%,"27,99 €","0,00 €",1,0
B0H2FSM87X,B017DLG3AE,Arcos Cuchillo de Cocina Acero Inoxidable 140 mm,233224_,40,0,0.01%,0.00%,53,0,0.01%,0.00%,42.86%,0.00%,1,0,2.50%,0.00%,"27,99 €","0,00 €",1,0
B017DLL2KA,B017DLL2KA,"Arcos Regia Cuchillos Mesa Carne Nitrum POM Negro-Oro 4,5 pulg",375000_1Pieza,74,4,0.02%,0.04%,114,4,0.03%,0.03%,64.71%,50.00%,1,0,1.35%,0.00%,"11,99 €","0,00 €",1,0
B0GXGBZXPT,B017DLL2KA,"Arcos Regia Cuchillos Mesa Carne Nitrum POM Negro-Oro 4,5 pulg",375000_1Pieza,14,0,0.00%,0.00%,27,0,0.01%,0.00%,92.00%,0.00%,3,0,21.43%,0.00%,"35,97 €","0,00 €",1,0
B017DLM9SO,B017DLM9SO,ARCOS Tenedores para Tartas Acero Inoxidable 18/10 140 mm,574300_fba,653,29,0.20%,0.32%,993,37,0.22%,0.30%,0.93%,3.13%,1,0,0.15%,0.00%,"9,99 €","0,00 €",1,0
B0189HXTQ2,B017DLMQOG,"Arcos Tablas - Tabla de Cocina Antibacteriana para Cortar, Resistente al Lavavajillas, Fibra de Celulosa y Resina, 33x23 cm, Alta Resistencia al Calor, Negro",692110,111,1,0.03%,0.01%,140,1,0.03%,0.01%,53.49%,0.00%,1,0,0.90%,0.00%,"22,99 €","0,00 €",1,0
B017DLMYLQ,B017DLMYLQ,Arcos Serie Endura - Cacerola Antiadherente - Cuerpo de Aluminio Forjado 16 cm - Capacidad 1 litro - Mango de Acero Inoxidable - Color Negro (Libre de PFOA),697000_,24,2,0.01%,0.02%,33,2,0.01%,0.02%,100.00%,100.00%,1,1,4.17%,50.00%,"19,99 €","19,99 €",1,1
B017DMTEIG,B017DMTEIG,Arcos Utensilios Profesionales - Sierra de Carnicero - Hoja de Acero Inoxidable 430 mm - Mango de Polipropileno Color Negro,791800,116,3,0.04%,0.03%,176,3,0.04%,0.02%,14.77%,0.00%,1,0,0.86%,0.00%,"62,90 €","0,00 €",1,0
B0C6QCQY2G,B01ANXDVCM,HENDI Vitrina expositora refrigerada con bandeja GN 1/1,H424186,389,37,0.12%,0.41%,514,68,0.11%,0.54%,62.11%,68.57%,1,0,0.26%,0.00%,"139,75 €","0,00 €",1,0
B089MGF35Y,B01BLN78EU,"HENDI Fuente de Chocolate de 3 Niveles, Capacidad: hasta 1,5 kg, 230 V / 46 W, Ø215x(H)375 mm, Acero Inoxidable",H274101,35,3,0.01%,0.03%,54,4,0.01%,0.03%,58.00%,25.00%,1,0,2.86%,0.00%,"69,95 €","0,00 €",1,0
B01BNUIBDI,B01BNUIBDI,HENDI Calentador de bebidas calientes - 28 L - 230V / 2500W - 447x441x(H)485 mm,H240601,3,1,0.00%,0.01%,5,3,0.00%,0.02%,100.00%,100.00%,2,2,66.67%,200.00%,"259,50 €","259,50 €",1,1
B01BQ94JSM,B01BQ94JSM,HENDI Bandeja con niveles - ø268x(H)320 mm,H429914,5,1,0.00%,0.01%,15,2,0.00%,0.02%,60.00%,100.00%,1,1,20.00%,100.00%,"44,75 €","44,75 €",1,1
B0DDVJXBTX,B01CBPP6T6,"HENDI Calentador de Salchichas con Termostato Ajustable hasta 85°C, Indicador Luminoso y Asas Frías al Tacto, 230V/1000W, Capacidad 9,3L, 386x287xH258mm, Acero Inoxidable",H240502,4,1,0.00%,0.01%,6,1,0.00%,0.01%,80.00%,100.00%,1,0,25.00%,0.00%,"159,50 €","0,00 €",1,0
B07TWJ3TPK,B01D4TUC10,HENDI Sistema de sous-vide GN 2/3. - 13 L - 230V/400W - 363x335x(H)290 mm (225264),H781672,38,7,0.01%,0.08%,49,9,0.01%,0.07%,95.45%,100.00%,1,1,2.63%,14.29%,"319,98 €","319,98 €",1,1
B085SN3MM8,B01DDMXCME,"HENDI Bandeja de horno perforada antiadherente, 4 bordes, GN 1/1",H808405,1,1,0.00%,0.01%,3,3,0.00%,0.02%,66.67%,66.67%,6,6,600.00%,600.00%,"322,50 €","322,50 €",1,1
B01DDMY3OU,B01DDMY3OU,HENDI Chafing Dish Heizung - 230 V - diámetro130x(H)100 marca Esmeyer,H809600,8,3,0.00%,0.03%,9,3,0.00%,0.02%,33.33%,100.00%,1,1,12.50%,33.33%,"62,25 €","62,25 €",1,1
B01DY47ACO,B01DY47ACO,HENDI Picador de hielo - 230V / 70W - 170x260x(H)460 mm,H271520,11,3,0.00%,0.03%,12,3,0.00%,0.02%,91.67%,100.00%,1,1,9.09%,33.33%,"77,48 €","77,48 €",1,1
B088L1YKB9,B01DY4846U,HENDI Thermobox Kitchen Line - 53 L - 685x485x(H)260 mm,H707951,26,9,0.01%,0.10%,29,9,0.01%,0.07%,100.00%,100.00%,1,0,3.85%,0.00%,"71,95 €","0,00 €",1,0
B088L1YKB9,B01DY486WM,HENDI Thermobox Kitchen Line - Pizza - 21 L - 410x410x(H)240 mm,H707975,15,2,0.00%,0.02%,18,4,0.00%,0.03%,100.00%,100.00%,1,1,6.67%,50.00%,"48,25 €","48,25 €",1,1
B01MQDCZTB,B01MQDCZTB,"HENDI Carro bandejero con Superficie de Trabajo, 7 x GN 1/1, Capacidad de Carga 70 kg, 445x615x(H) 945mm, Acero Inoxidable",H810668,23,6,0.01%,0.07%,35,7,0.01%,0.06%,90.00%,71.43%,1,0,4.35%,0.00%,"199,00 €","0,00 €",1,0
B0F1N351DY,B06XJBY6QV,Arcos Serie Nova - Cuchillo Mondador - Hoja de Acero Inoxidable de 85 mm - Mango de Polipropileno Color azul,188523_fbm,71,9,0.02%,0.10%,81,9,0.02%,0.07%,12.00%,75.00%,1,0,1.41%,0.00%,"5,90 €","0,00 €",1,0
B0714CRTF4,B0714CRTF4,"Arcos Cortadora de Pan Profesional - Tabla de Corte de Acero Inoxidable para Cocina - 520 x 270 mm, Polietileno Blanco - Ideal para Panadería y Hogar",689900,15,2,0.00%,0.02%,20,5,0.00%,0.04%,35.29%,0.00%,1,0,6.67%,0.00%,"112,90 €","0,00 €",1,0
B0GRNWHJPV,B071LGMH89,Arcos Mesa Cuchillo Carne Nitrum Pack Madera Marrón 4 pulg,374610_fbm,238,4,0.07%,0.04%,305,5,0.07%,0.04%,17.47%,0.00%,5,0,2.10%,0.00%,"83,70 €","0,00 €",1,0
B0FWK4CNH3,B0799Z54MP,CUPERINOX Tijeras Cocina Profesional |Mango ergonómico para máxima comodidad| Tijeras 21 cm |Tijeras de Trinchar | Tijeras Pollo | Tijera Pescado | Tijera Acero Inoxidable| Apto Lavavajillas,21982_,11,0,0.00%,0.00%,19,0,0.00%,0.00%,100.00%,0.00%,1,0,9.09%,0.00%,"9,99 €","0,00 €",1,0
B079ZBKL1L,B079ZBKL1L,Ambientador Concentrado de larga duración Azores,LIMPIADORAZORES,57,0,0.02%,0.00%,81,0,0.02%,0.00%,100.00%,0.00%,1,0,1.75%,0.00%,"16,99 €","0,00 €",1,0
B07TXLKG42,B07CYRD4H8,"HENDI Freidora eléctrica, T ajustable hasta 190°C, termostato de seguridad, zona fría, con tapa y cesta de freír, tanque de aceite extraíble, 2x6L, 230V, 6600W, 550x430x(H)290mm, acero inoxidable",H205853,10,4,0.00%,0.04%,17,11,0.00%,0.09%,100.00%,100.00%,1,1,10.00%,25.00%,"319,75 €","319,75 €",1,1
B07CZP72RH,B07CZP72RH,"HENDI Batidora profesional con cubierta insonorizada, control manual, jarra de policarbonato resistente al calor y frío, velocidad variable, 230V, 1680W, 250x300x(H)540mm, ABS, acero inoxidable",H230688,21,7,0.01%,0.08%,27,11,0.01%,0.09%,95.65%,100.00%,1,0,4.76%,0.00%,"385,00 €","0,00 €",1,0
B086WXFTDQ,B07D2SZRHP,HENDI Tapa de presentación abatible - GN 1/1-540x330x(H)180 mm,H427507,15,3,0.00%,0.03%,21,4,0.00%,0.03%,52.63%,33.33%,1,1,6.67%,33.33%,"39,95 €","39,95 €",1,1
B07D2T6D6C,B07D2T6D6C,"HENDI Combustible líquido, lata, con mecha, 24 unidades, sin hollín y sin olor, tiempo de combustión 4 horas, dietilenglicol puro, para calentadores de alimentos, calientaplatos, chafing dish, 145 gr",H193952,7,0,0.00%,0.00%,18,0,0.00%,0.00%,100.00%,0.00%,1,0,14.29%,0.00%,"53,25 €","0,00 €",1,0
B07TYQJ4YX,B07D2TFS1B,HENDI Máquina eléctrica para pasta,H224847,211,7,0.07%,0.08%,290,10,0.06%,0.08%,51.42%,22.22%,1,0,0.47%,0.00%,"209,00 €","0,00 €",1,0
B07D2VL8DF,B07D2VL8DF,"HENDI Vitrina expositora refrigerada, mostrador para Buffets, Conjunto exhibidor climatizado con Cubierta Transparente, 2 Bloques refrigerantes y Bandeja, 430x290x(H) 150mm, poliestireno,Acero INOX",H424155,55,8,0.02%,0.09%,84,16,0.02%,0.13%,74.63%,63.64%,1,0,1.82%,0.00%,"47,95 €","0,00 €",1,0
B08PP2X5WL,B07D4TGPKB,"HENDI Cortador cuchillo inalámbrico para kebab, shawarma, gyros, espesor de corte ajustable 0-8mm, cuchilla: 2600 rpm, 2 baterías de 2000mAh, 80W, 60kg/h, 240V, 199x125x(H) 184mm, acero inoxidable",H267257,12,0,0.00%,0.00%,20,0,0.00%,0.00%,58.82%,0.00%,1,0,8.33%,0.00%,"247,00 €","0,00 €",1,0
B0D1CSWF7Y,B07D5DFVN3,"HENDI Escurridor de cocina, colador, para cocinar, lavar, pasta, fideos, espaguetis, frutas, verduras, ensaladas, redondo, perforado, con base y 2 asas, ø415x(H)210 mm, acero inoxidable",H535523,4,0,0.00%,0.00%,7,0,0.00%,0.00%,100.00%,0.00%,1,0,25.00%,0.00%,"73,40 €","0,00 €",1,0
B0D1CXLR2J,B07D5DJZBL,HENDI Embudo para repostería Kitchen Line - Gris claro - 1.5 L - 270x195x(H)270 mm,H551813,6,1,0.00%,0.01%,6,1,0.00%,0.01%,100.00%,100.00%,2,2,33.33%,200.00%,"113,98 €","113,98 €",1,1
B0D1CSWF7Y,B07D5F1B48,"HENDI Escurridor de cocina, colador, para cocinar, lavar, pasta, fideos, espaguetis, frutas, verduras, ensaladas, redondo, perforado, con base y 2 asas, ø365x(H)185 mm, acero inoxidable",H535516,16,2,0.00%,0.02%,24,2,0.01%,0.02%,100.00%,100.00%,1,1,6.25%,50.00%,"59,75 €","59,75 €",1,1
B07D5FD27P,B07D5FD27P,"HENDI Portacondimentos de Bar, Bandeja de Guarniciones para Cócteles BarUp, Caja Organizadora con Tapa Transparente, 5 Contenedores de Polipropileno, 480x150x(H) 100mm, HIPS, Negro",H552131,7,3,0.00%,0.03%,10,6,0.00%,0.05%,100.00%,100.00%,1,1,14.29%,33.33%,"28,98 €","28,98 €",1,1
B0DK3GZ2DL,B07D73SKDJ,HENDI Sacabolas de helado Stöckel - 1/36 - ø47 mm,H755389,2,0,0.00%,0.00%,6,0,0.00%,0.00%,100.00%,0.00%,1,0,50.00%,0.00%,"55,75 €","0,00 €",1,0
B088L3R1VP,B07D73ZNG7,HENDI Caja isotérmica para catering - 66 L - 600x400x(H)490 mm,H707661,40,4,0.01%,0.04%,50,7,0.01%,0.06%,17.02%,33.33%,1,1,2.50%,25.00%,"154,50 €","154,50 €",1,1
B0CQP7T8M6,B07D75SJ1J,"HENDI Sartén Wok, fondo de inducción, apto para todas las fuentes de calor y hornos hasta 260 °C, recubrimiento antiadherente, mango largo remachado, base 210 mm, diámetro 280x(h) 75 mm, aluminio",H627730,3,0,0.00%,0.00%,3,0,0.00%,0.00%,66.67%,0.00%,1,0,33.33%,0.00%,"36,50 €","0,00 €",1,0
B086WYMVKJ,B07D7NHQVR,"HENDI Soporte expositor para pan de sobremesa GN 1/2, 2 niveles, con 2 cestas para bufé, 360x280x(H) 290mm, polipropileno",H561201,69,7,0.02%,0.08%,88,12,0.02%,0.10%,44.19%,58.33%,1,1,1.45%,14.29%,"37,40 €","37,40 €",1,1
B0GYLKW8QZ,B07D8VR39L,"HENDI Recipiente Gastronorm GN 1/6, Budget Line, resistencia térmica -40 °C a 250 °C, apto para horno y baño maría, 1,6L, 176x162x(H) 100mm, acero inoxidable",H800638,17,1,0.01%,0.01%,24,1,0.01%,0.01%,45.00%,100.00%,1,0,5.88%,0.00%,"9,99 €","0,00 €",1,0
B0FR444FLT,B07D8XC7NL,"Arcos Cuchillo Chef Forjado Acero Inoxidable NITRUM - Profesional Cocina, Mango Ergonómico POM Negro, Hoja Silk Edge 250 mm, Serie Manhattan",160800_,150,4,0.05%,0.04%,201,6,0.04%,0.05%,80.75%,100.00%,1,0,0.67%,0.00%,"44,99 €","0,00 €",1,0
B07D94F6NS,B07D94F6NS,"HENDI Recipiente Gastronorm GN 1/1, Budget Line, resistencia térmica -40 °C a 250 °C, apto para horno y baño maría, 9L, 530x325x(H) 65mm, acero inoxidable",H800126,15,6,0.00%,0.07%,20,9,0.00%,0.07%,64.71%,55.56%,6,6,40.00%,100.00%,"95,70 €","95,70 €",1,1
B0CTHQG9QZ,B07D9S67L4,"HENDI Recipiente Gastronorm GN 1/2 con asas, Budget Line, resistencia térmica -40 °C a 250 °C, apto para horno y baño maría, 9,5L, 325x265x(H) 150mm, acero inoxidable",H817346,13,1,0.00%,0.01%,19,1,0.00%,0.01%,100.00%,100.00%,1,0,7.69%,0.00%,"19,99 €","0,00 €",1,0
B07NBXZXMT,B07D9TL37B,"HENDI Recipiente Gastronorm GN 2/3, Kitchen Line, resistencia térmica -40 °C a 250 °C, apto para horno y baño maría, 15,5L, 354x325x(H) 200mm, acero inoxidable",H806258,10,0,0.00%,0.00%,14,0,0.00%,0.00%,100.00%,0.00%,1,0,10.00%,0.00%,"29,45 €","0,00 €",1,0
B07D9TLFMV,B07D9TLFMV,"HENDI Recipiente Gastronorm GN 1/1, Kitchen Line, resistencia térmica -40 °C a 250 °C, apto para horno y baño maría, 28L, 530x325x(H) 200mm, acero inoxidable",H806159,10,0,0.00%,0.00%,16,0,0.00%,0.00%,12.50%,0.00%,2,0,20.00%,0.00%,"77,00 €","0,00 €",1,0
B0CTHQG9QZ,B07DB3C9JY,"HENDI Recipiente Gastronorm GN 1/1 con asas, Budget Line, resistencia térmica -40 °C a 250 °C, apto para horno y baño maría, 28L, 530x325x(H) 200mm, acero inoxidable",H817155,18,1,0.01%,0.01%,23,2,0.01%,0.02%,95.24%,100.00%,1,0,5.56%,0.00%,"28,92 €","0,00 €",1,0
B0CTCW7QFZ,B07DC7ZX3W,HENDI Recipiente Gastronorm 1/1 - PC - Transparente - 28 L - 530x325x(H) 200 mm,H861202,6,0,0.00%,0.00%,9,0,0.00%,0.00%,100.00%,0.00%,1,1,16.67%,0.00%,"34,15 €","34,15 €",1,1
B0FR444FLT,B07DC8JHV4,Arcos Cuchillo verduras Acero Inoxidable. Cuchillo profesional para pelar frutas y verduras. Mango ergonómico polioximetileno y Hoja 130 mm. Serie Manhattan. Color negro.,161100_,72,2,0.02%,0.02%,83,2,0.02%,0.02%,51.25%,100.00%,1,0,1.39%,0.00%,"24,49 €","0,00 €",1,0
B07DC8MD56,B07DC8MD56,"HENDI Rejilla de asador, GN 1/1, de acero inoxidable cromado, 325x530mm, para todas las parrillas, grill, barbacoas Green Fire de HENDI",H939949,40,6,0.01%,0.07%,52,9,0.01%,0.07%,81.25%,85.71%,1,1,2.50%,16.67%,"20,99 €","20,99 €",1,1
B0FR444FLT,B07DFNDYFM,Arcos Cuchillo pescado Forgedole Acero Inoxidable forjado. Mango Micarta y borseda especial con Hoja plateada 190 mm. Serie Manhattan. Color negro. Impresiona yorprencon cada corte.,161400_,106,2,0.03%,0.02%,120,2,0.03%,0.02%,94.12%,100.00%,1,1,0.94%,50.00%,"25,99 €","25,99 €",1,1
B07DPBX3QM,B07DPBX3QM,"HENDI Lámpara de Calor Colgante, Altura Ajustable, Cobre",H273890,86,28,0.03%,0.31%,118,38,0.03%,0.30%,37.04%,16.22%,2,0,2.33%,0.00%,"162,50 €","0,00 €",1,0
B07DPCKVL1,B07DPCKVL1,"HENDI Lámpara de calor colgante de altura ajustable, cónica, lámpara térmica de infrarrojos para cocina y mantenimiento de alimentos calientes, 230V, 250W, Ø275x(H)250mm, aluminio color cobre",H273876,6,1,0.00%,0.01%,9,1,0.00%,0.01%,28.57%,0.00%,1,0,16.67%,0.00%,"89,75 €","0,00 €",1,0
B07F6C8L9T,B07F6C8L9T,ARCOS Sacacorchos Eléctrico ABS Batería Recargable Plata,604900_,456,9,0.14%,0.10%,602,9,0.13%,0.07%,0.74%,14.29%,1,1,0.22%,11.11%,"42,99 €","42,99 €",1,1
B0GR25T577,B07G79YS6D,"Arcos Serie Cuchillos de Mesa Caja 12 uds Cuchillo Chuletero, Hoja Filo de Acero Inoxidable NITRUM de 110 mm, Mango Madera comprimida Color marrón (12 UDS)",373200_fbm,35,3,0.01%,0.03%,45,7,0.01%,0.06%,82.05%,100.00%,3,3,8.57%,100.00%,"209,97 €","209,97 €",1,1
B07H1S3VRW,B07H1S3VRW,"Wins 005 Limpiador Fregasuelos Neutro, Aroma Cítrico, 5 L",WINS005,18,2,0.01%,0.02%,22,3,0.00%,0.02%,57.89%,0.00%,1,0,5.56%,0.00%,"10,99 €","0,00 €",1,0
B0F1ZF7H1L,B07JHPQGPW,Arcos Riviera Blanc Juego 3 Cuchillos Forjados POM Blanco,807610_,481,8,0.15%,0.09%,655,10,0.14%,0.08%,18.78%,50.00%,1,0,0.21%,0.00%,"69,99 €","0,00 €",1,0
B0FR444FLT,B07JJGXYZD,Arcos Set Cocina Serie Manhattan,858100_,"1,870",27,0.58%,0.30%,"2,420",43,0.53%,0.34%,98.37%,100.00%,1,0,0.05%,0.00%,"82,99 €","0,00 €",1,0
B0D1GH3QKG,B07MTPQ9KF,"HENDI Báscula pesa balanza digital de cocina, cuerpo de plástico HIPS con pantalla digital LED integrada, alta precisión, máximo 15 kg, 3 pilas AAA no incluidas, 266x269x(h)34 mm, acero inoxidable",H580233,82,13,0.03%,0.15%,115,17,0.03%,0.14%,16.67%,20.00%,1,1,1.22%,7.69%,"35,31 €","35,31 €",1,1
B07MZHHXMS,B07MZHHXMS,"HENDI Descalcificador de agua, 16L",H231234,8,1,0.00%,0.01%,12,1,0.00%,0.01%,91.67%,100.00%,1,0,12.50%,0.00%,"178,00 €","0,00 €",1,0
B0CSXP6TLN,B07MZK9VXP,"HENDI Descalcificador de agua, 12L",H231227,151,23,0.05%,0.26%,219,30,0.05%,0.24%,4.06%,0.00%,1,0,0.66%,0.00%,"124,50 €","0,00 €",1,0
B07N7VN49R,B07N7VN49R,HENDI Cesta de lavavajillas para vasos - 49 compartimentos - 500x500x104 mm Gris,H877012,14,1,0.00%,0.01%,16,1,0.00%,0.01%,86.67%,100.00%,1,1,7.14%,100.00%,"27,77 €","27,77 €",1,1
B0FR444FLT,B07N8Q63Z6,Arcos Brooklyn Cuchillo para Tomates Forjado Acero Inoxidable Nitrum 130 mm,192023_,243,5,0.08%,0.06%,271,5,0.06%,0.04%,89.81%,100.00%,1,0,0.41%,0.00%,"32,99 €","0,00 €",1,0
B0FR444FLT,B07N8TSTLQ,"Arcos Juego de Cuchillos Forjados (4 Piezas) - Acero Inoxidable NITRUM, Corte Preciso, Mango Ergonómico POM Negro, Incluye Cuchillo Chef, Pan, Pelar y Cocina - Serie Manhattan, Negro",163400,167,2,0.05%,0.02%,201,3,0.04%,0.02%,97.92%,100.00%,1,0,0.60%,0.00%,"199,99 €","0,00 €",1,0
B0FR444FLT,B07N8TV9CC,Arcos Brooklyn Cuchillo Rebanar Jamonero Forjado Micarta Azul 250 mm,191923_,137,4,0.04%,0.04%,148,4,0.03%,0.03%,89.58%,50.00%,1,1,0.73%,25.00%,"42,99 €","42,99 €",1,1
B0FR444FLT,B07N8V34F1,"Arcos Cuchillo Santoku Acero Inoxidable Forjado con Balanceo, Mango Micarta y BorSeda Especial y Hoja Plateada 190 mm. Impresiona yorprencon Cada Corte. Serie Brooklyn. Color Azul.",191623_,174,3,0.05%,0.03%,224,3,0.05%,0.02%,89.25%,100.00%,1,0,0.57%,0.00%,"44,99 €","0,00 €",1,0
B0FR444FLT,B07N8V3SNH,"Arcos Cuchillo Tomate Forjado Acero Inoxidable 130 mm - Mango Ergonómico POM Negro, Borde Serrado para Rebanadas Perfectas - Serie Manhattan, Calidad Profesional",162000_,214,3,0.07%,0.03%,242,3,0.05%,0.02%,93.67%,100.00%,1,0,0.47%,0.00%,"24,25 €","0,00 €",1,0
B0FR444FLT,B07N8VCFRY,Arcos Brooklyn Cuchillo Panero Acero Inoxidable Nitrum 200 mm,191323_,223,3,0.07%,0.03%,259,3,0.06%,0.02%,96.14%,100.00%,1,0,0.45%,0.00%,"41,67 €","0,00 €",1,0
B07N8VGRZR,B07N8VGRZR,ARCOS Capri Juego Cubertería 113 Piezas Acero Plata,587200,842,18,0.26%,0.20%,"1,143",25,0.25%,0.20%,14.78%,37.50%,1,0,0.12%,0.00%,"379,00 €","0,00 €",1,0
B0G547B3RM,B07N8VMWGG,Arcos Mesa Cuchillo Chuletero Serrado Nitrum POM Negro 115 mm,374800_1pieza,39,2,0.01%,0.02%,52,4,0.01%,0.03%,91.84%,100.00%,6,6,15.38%,300.00%,"47,40 €","47,40 €",1,1
B07N8WMVK1,B07N8WMVK1,ARCOS Taco Cajonera Organizador Bambú hasta 25 cm Marrón,794300_fbm,286,4,0.09%,0.04%,368,4,0.08%,0.03%,18.48%,50.00%,1,0,0.35%,0.00%,"31,99 €","0,00 €",1,0
B07Q37YYYV,B07Q37YYYV,"HENDI Carro de ingredientes, AmerBox, contenedor para almacenar alimentos secos, carro transportador de harina, azúcar, sal, granos, arroz, 82L, 355x720x(H)600mm, blanco, polipropileno",H877913,11,2,0.00%,0.02%,17,3,0.00%,0.02%,12.50%,66.67%,2,2,18.18%,100.00%,"421,48 €","421,48 €",1,1
B0GY24KF8S,B07S8PHLKH,Arcos Nova Set 6 Cuchillos Chuleteros Acero Inoxidable 110 mm,806100_fba,41,2,0.01%,0.02%,53,2,0.01%,0.02%,97.87%,0.00%,1,0,2.44%,0.00%,"17,99 €","0,00 €",1,0
B08P41X49K,B081QHJP5M,HENDI Lámpara doble de calentamiento por infrarrojos - Negro - 230V / 500W - 453x360x(H)790 mm,H273913,4,0,0.00%,0.00%,4,0,0.00%,0.00%,75.00%,0.00%,1,0,25.00%,0.00%,"159,75 €","0,00 €",1,0
B08P41X49K,B082PGSBF6,"HENDI Lámpara de Calor Colgante, Altura Ajustable, Negro",H273852,27,5,0.01%,0.06%,29,7,0.01%,0.06%,21.43%,16.67%,10,10,37.04%,200.00%,"812,50 €","812,50 €",1,1
B0CYTKGNPM,B0843Q6L5P,ARCOS Pelador Profesional Acero Inoxidable Cromado 130 mm,607000_etq1,"6,188",162,1.92%,1.81%,"9,276",213,2.04%,1.70%,0.07%,1.18%,1,0,0.02%,0.00%,"6,49 €","0,00 €",1,0
B0843SYT31,B0843SYT31,Arcos Cuchillo Chef con Hoja Acero Inoxidable Nitrum 160 mm. Cuchillo cocina profesional multiusos. Mango ergonómico polioximetileno POM. Serie Opera. Color negro.,225000_fmb,26,1,0.01%,0.01%,32,1,0.01%,0.01%,82.76%,100.00%,1,0,3.85%,0.00%,"32,88 €","0,00 €",1,0
B0FQNZM34T,B0843T2DL9,Arcos Juego cocina 3 pzas. Serie Ópera + Tijeras + Taco,228700_us,70,1,0.02%,0.01%,76,1,0.02%,0.01%,86.11%,100.00%,1,0,1.43%,0.00%,"91,00 €","0,00 €",1,0
B0FQNZM34T,B0843V9Z1W,Arcos Cuchillo Santoku Acero Inoxidable Nitrum y Hoja 190 mm. Mango ergonómico polioximetileno POM. Diseño clásico y acabado redondeado gran belleza yolidez. Serie Opera. Color negro.,229900_fba,96,0,0.03%,0.00%,138,0,0.03%,0.00%,91.27%,0.00%,1,0,1.04%,0.00%,"36,99 €","0,00 €",1,0
B0D1CWK1B4,B084TKV1MX,"HENDI Campana domo cúpula cubierta para ahumar bebidas cócteles con válvula de ventilación y orificio de goma para pistola o infusor de humo, ahumado, ø150x(H)280mm, de vidrio borosilicato",H199657,20,1,0.01%,0.01%,31,1,0.01%,0.01%,33.33%,0.00%,3,0,15.00%,0.00%,"136,50 €","0,00 €",1,0
B084TL4TFV,B084TL4TFV,"HENDI Crepera eléctrica, con esparcidor de madera,temperatura regulable 50°-250°C, placa de diámetro400mm,de hierro fundido con revestimiento cerámico, 230V, 3000W, 470x509x(H)161mm,acero inoxidable",H212028,19,3,0.01%,0.03%,31,3,0.01%,0.02%,43.48%,33.33%,1,0,5.26%,0.00%,"288,50 €","0,00 €",1,0
B08KGNLTBJ,B0857QX9VN,"HENDI Hervidor de agua eléctrico 16L, dispensador de bebidas calientes, termo de una pared para vino, té, hasta 100°C, 230V, 50/60Hz, 1650W, 357x380x(H)502mm, acero inoxidable satinado, PP",H211427,28,6,0.01%,0.07%,50,16,0.01%,0.13%,83.72%,61.54%,1,1,3.57%,16.67%,"119,75 €","119,75 €",1,1
B0D1CW2XD1,B086B3NFTN,HENDI Termómetro infrarrojo con sonda - Gris claro - -60/350˚C - 39x53x(H)158 mm,H271254,5,0,0.00%,0.00%,6,0,0.00%,0.00%,100.00%,0.00%,1,0,20.00%,0.00%,"109,50 €","0,00 €",1,0
B08VRP7CR7,B08G8M6QDS,Arcos Juego de Cuchillos chuleteros - Envase Ecologico 100% - 4 Cuchillos Carne - Cubiertos Mesa Acero Inoxidable,809500_,41,3,0.01%,0.03%,53,4,0.01%,0.03%,100.00%,100.00%,3,0,7.32%,0.00%,"59,25 €","0,00 €",1,0
B08JZF56TG,B08JZF56TG,"HENDI Papelera estrecha, 60 L, 455 x 315 x 580 mm, color gris",H691137,4,1,0.00%,0.01%,6,1,0.00%,0.01%,80.00%,100.00%,1,1,25.00%,100.00%,"48,25 €","48,25 €",1,1
B08TLR4Z27,B08M3YG4R1,Arcos jamonero Profesional | Cuchillo jamonero jamonero Inoxidable Nitrum | Mango Negro | Cuchillo Jamon iberico | Serie Maitre| Hoja Flexible y Filo Liso | 275 mm | Acero Inoxidable NITRUM,704200_fbm,32,2,0.01%,0.02%,53,2,0.01%,0.02%,97.73%,100.00%,1,0,3.13%,0.00%,"21,99 €","0,00 €",1,0
B08M9QRSW8,B08M9QRSW8,Arcos | Juego Cuchillos cuchillos mesa | 6 Uds | cuchillo fruta | cuchillo postre | Hoja 110 mm | Acero Inoxidable Martensítico | Mango Nylon | apto lavavajillas | Envase Ecológico,703600_barras_arcos,50,3,0.02%,0.03%,86,3,0.02%,0.02%,95.65%,100.00%,1,0,2.00%,0.00%,"9,99 €","0,00 €",1,0
B09DPRCMTF,B08MW2GWPC,Arcos Juego Cuchillos Carne | Cuchillo chuleteros | Cuchillos Carne Cuchillos Mesa | 6 Uds | Hoja 110 mm | Acero Inoxidable | Mango Nylon | Apto lavavajillas | Envase Ecológico (Filo Serrado),816400fba,168,7,0.05%,0.08%,235,11,0.05%,0.09%,100.00%,100.00%,1,0,0.60%,0.00%,"19,99 €","0,00 €",1,0
B08T5Z4HFS,B08QYV8C1P,"CUPERINOX Cubiertos para marisco | Pinzas para marisco | Tenazas para marisco | 6 Unidades | Cubiertos marisco (Cangrejo, Langosta, Ostras) | Tenedor de marisco con dos dientes inferiores y cuchara.",20023_6Unidades,60,3,0.02%,0.03%,85,3,0.02%,0.02%,96.15%,100.00%,1,0,1.67%,0.00%,"11,99 €","0,00 €",1,0
B08T5Z4HFS,B08QYV8C1P,"CUPERINOX Cubiertos para marisco | Pinzas para marisco | Tenazas para marisco | 6 Unidades | Cubiertos marisco (Cangrejo, Langosta, Ostras) | Tenedor de marisco con dos dientes inferiores y cuchara.",20023_6pzas,60,3,0.02%,0.03%,85,3,0.02%,0.02%,96.15%,100.00%,1,0,1.67%,0.00%,"12,99 €","0,00 €",1,0
B08SM74SYV,B08SM74SYV,HENDI Picador de hielo 3L - eléctrica,H271599,12,6,0.00%,0.07%,13,6,0.00%,0.05%,92.31%,80.00%,1,1,8.33%,16.67%,"379,00 €","379,00 €",1,1
B08YDRLRCD,B08TWSZF3Q,Arcos Serie Thera | Asas Repuesto para Cacerolas 24 y 28 cm (718700 y 718800) y Grill 34x26 cm (719500) | Color Negro y Azul,719600,3,0,0.00%,0.00%,3,0,0.00%,0.00%,100.00%,0.00%,1,0,33.33%,0.00%,"10,99 €","0,00 €",1,0
B0CQM2K3QY,B08TX1D4LL,"ARCOS Thera Olla Grande de Cocina de 24 Cm y 4 L. Cacerola Alta para Inducción, Gas y Vitrocerámica. Olla de Aluminio Fundido con Tapa de Cristal y Mango Extraíble. Apta Lavavajillas. Color Negro Azul",718700,62,1,0.02%,0.01%,81,1,0.02%,0.01%,47.37%,100.00%,1,0,1.61%,0.00%,"53,99 €","0,00 €",1,0
B0D1CWK1B4,B08YK93YRX,"HENDI Infusor de humo, pistola de ahumado, también para té y especias, cámara de humo extraíble, uso con una mano, alimentos, queso, bebidas, cócteles, 90 x 54 x 122 cm,aluminio",H199992,12,0,0.00%,0.00%,15,0,0.00%,0.00%,71.43%,0.00%,2,0,16.67%,0.00%,"60,50 €","0,00 €",1,0
B08TLR4Z27,B095C22QFS,Arcos jamonero Profesional | Cuchillo jamonero jamonero Inoxidable Nitrum | Mango Negro | Cuchillo Jamon iberico | Serie Maitre| Hoja Flexible y Filo Liso | 275 mm | Acero Inoxidable NITRUM,151811,111,2,0.03%,0.02%,143,2,0.03%,0.02%,100.00%,100.00%,1,0,0.90%,0.00%,"19,99 €","0,00 €",1,0
B09DPRCMTF,B0987MG3JQ,Arcos Juego Cuchillos Carne | Cuchillo chuleteros | Cuchillos Carne Cuchillos Mesa | 6 Uds | Hoja 110 mm | Acero Inoxidable | Mango Nylon | Apto lavavajillas | Envase Ecológico (Filo Liso),814200_fba,63,2,0.02%,0.02%,83,2,0.02%,0.02%,98.65%,100.00%,1,0,1.59%,0.00%,"19,99 €","0,00 €",1,0
B098BLF7X6,B098BLF7X6,"Tradineur - Grasera metálica para pescado con filtro, aceitera con colador para conservación de aceite de acero inoxidable, recipiente para colar aceites - Ø 9 cm",22106_us,57,1,0.02%,0.01%,76,1,0.02%,0.01%,100.00%,0.00%,1,0,1.75%,0.00%,"7,49 €","0,00 €",1,0
B09BVVKYWV,B09BVVKYWV,"CUPERINOX Navaja 5 en1 multiusos | Incluye Afilador Navaja| Funcion Abrebotella, rompecristales y corta cuerdas| Navaja Filo Liso y Sierra|",30060,25,0,0.01%,0.00%,33,0,0.01%,0.00%,96.77%,0.00%,1,0,4.00%,0.00%,"14,99 €","0,00 €",1,0
B09F9MH34D,B09F9MH34D,"Arcos Serie Cuchillos de Mesa Chuleteros, Mango de Polipropileno, Hoja 110 mm, Apto para Lavavajillas, Negro, 6 Piezas",805109_6piezas,76,1,0.02%,0.01%,94,1,0.02%,0.01%,98.81%,0.00%,1,0,1.32%,0.00%,"12,99 €","0,00 €",1,0
B08VS4FCLN,B09HBWSBN1,"Arcos Juego Cuchillos Cocina cuchillo blanco cuchillos | cuchillos cocina Maitre | 5 piezas | Chef 215 mm, Cocina 150 mm, Verduras 100 mm Tijera cocina (Negro + Jamonero)",854100,113,0,0.04%,0.00%,151,0,0.03%,0.00%,100.00%,0.00%,1,0,0.88%,0.00%,"49,99 €","0,00 €",1,0
B08VS4FCLN,B09HHGVG2N,"Arcos Juego Cuchillos Cocina cuchillos | Cuchillo profesional | 6 piezas | Chef 215 mm + Cocina 150 mm, Verduras 100 mm + Tijera cocina + Pelador de fruta y verdura + Pinza para pescado",854200fbm,159,2,0.05%,0.02%,236,2,0.05%,0.02%,99.08%,100.00%,1,0,0.63%,0.00%,"43,99 €","0,00 €",1,0
B09HQTWWPB,B09HQT6SZ6,Arcos Clara Cuchillo Jamonero Forjado Acero Inoxidable Nitrum 250 mm,211900_us,97,6,0.03%,0.07%,147,8,0.03%,0.06%,7.20%,16.67%,1,1,1.03%,16.67%,"25,49 €","25,49 €",1,1
B09JCLGP5D,B09JCLGP5D,"HENDI Carro bandejero Doble móvil, 12 x GN 1/1, Capacidad de Carga 150 kg, 810x610x(H) 960mm, Acero Inoxidable",H810569,6,2,0.00%,0.02%,7,3,0.00%,0.02%,85.71%,100.00%,1,1,16.67%,50.00%,"249,50 €","249,50 €",1,1
B06XB92VRH,B09LYXZKTZ,CUPERINOX Deluxe Cafetera Italiana Induccion Espresso Inoxidable 4 Tazas,25051,60,2,0.02%,0.02%,71,2,0.02%,0.02%,100.00%,100.00%,1,0,1.67%,0.00%,"26,99 €","0,00 €",1,0
B06XB92VRH,B09LZ2VHYP,CUPERINOX Deluxe Cafetera Italiana Induccion Espresso Inoxidable 10 Tazas,25053FBM,59,0,0.02%,0.00%,73,0,0.02%,0.00%,100.00%,0.00%,1,0,1.69%,0.00%,"37,60 €","0,00 €",1,0
B0D1CVHXVY,B09NC9BXHD,"HENDI Portanotas, Barra Porta Comandas, Barra para Sujetar Notas, con Fijación por Tornillo o Adhesivo, Aluminio, (L)1220mm",H513750,5,3,0.00%,0.03%,7,5,0.00%,0.04%,85.71%,80.00%,2,2,40.00%,66.67%,"60,38 €","60,38 €",1,1
B0D1CWK1B4,B09NC9MBHK,"HENDI Pistola para ahumar, infusor de humo, ahumadores, 3 velocidades, incluye filtros de malla de repuesto, pinza, cable de carga USB, para comidas, quesos, cócteles, 215x70x(H)160mm",H199640,16,1,0.00%,0.01%,23,1,0.01%,0.01%,45.00%,0.00%,2,0,12.50%,0.00%,"181,50 €","0,00 €",1,0
B0G3ZJ89NB,B09NRLLDC6,CUPERINOX Cuchillo Jamonero + Chaira + Funda Cubre Jamón | Jamonero 240mm acero inoxidable| Afilador Chaira | Funda cubre jamón,20220,130,6,0.04%,0.07%,163,6,0.04%,0.05%,98.18%,100.00%,1,0,0.77%,0.00%,"9,99 €","0,00 €",1,0
B0FJRVHBWH,B09P8KYJFW,"CUPERINOX Tijeras peluqueria profesional 16,5cm | Tijeras entresacar dentadas vaciar pelo texturizar cabello | Barbero estilista hombre mujer | afiladas acero inoxidable | Uso doméstico y salón",21864,19,2,0.01%,0.02%,22,2,0.00%,0.02%,76.19%,100.00%,1,0,5.26%,0.00%,"9,99 €","0,00 €",1,0
B0DK3JR7C3,B09S62XK6F,"HENDI Mezclador Profesional de Bebidas, Aireador/Batidor de Bebidas Ligeras, Frappés, Capuchinos Fríos, Drink Mixer, Incluye 2 Vasos y 4 Agitadores, 230V/400W, 170x196x(H)490mm, Azul",H221655,26,2,0.01%,0.02%,39,2,0.01%,0.02%,86.49%,100.00%,1,0,3.85%,0.00%,"154,75 €","0,00 €",1,0
B09SB59NMS,B09SB59NMS,"HENDI Máquina calienta nachos,Vitrina expositora calienta nachos, tortillas, palomitas de maíz, 230V, 500W, 400x344x(H)525mm, acero inoxidable 18/0, vidrio templado ahumado, negro",H282779,23,1,0.01%,0.01%,33,1,0.01%,0.01%,77.78%,0.00%,1,0,4.35%,0.00%,"294,50 €","0,00 €",1,0
B0CQ5G2HVQ,B09T6KY364,"Arcos Sarten Antiadherente 30 cm - Aluminio Forjado, Full Induction, Mango Acero Inoxidable Efecto Frío, Apta Lavavajillas, Ahorro Energético, Serie Samoa",716610,111,1,0.03%,0.01%,143,1,0.03%,0.01%,42.45%,100.00%,1,0,0.90%,0.00%,"45,50 €","0,00 €",1,0
B0CQ5G2HVQ,B09T6L1FNG,"Arcos Sarten Antiadherente 20 cm - Aluminio Forjado, Full Induction, Mango Acero Inoxidable Efecto Frío, Apta Lavavajillas, Ahorro Energético, Serie Samoa, Negro",716110,225,6,0.07%,0.07%,316,9,0.07%,0.07%,1.74%,66.67%,1,1,0.44%,16.67%,"29,94 €","29,94 €",1,1
B0CQ5G2HVQ,B09T9ZC38G,"Arcos Sarten Antiadherente 22 cm - Aluminio Forjado, Full Induction, Mango Acero Inoxidable Efecto Frío, Apta Lavavajillas, Ahorro Energético, Serie Samoa",716210,314,9,0.10%,0.10%,411,10,0.09%,0.08%,11.20%,0.00%,1,0,0.32%,0.00%,"32,49 €","0,00 €",1,0
B09TP1PTLN,B09TP1PTLN,"HENDI Bolsa para Carro de Lavandería, 845x600x(H) 625mm",H691090,175,27,0.05%,0.30%,253,44,0.06%,0.35%,34.72%,12.12%,2,0,1.14%,0.00%,"69,90 €","0,00 €",1,0
B09WYWVGCS,B09WYWVGCS,Arcos Clara Juego 3 Cuchillos Forjados Acero Inoxidable Nitrum,212000_819010,111,4,0.03%,0.04%,143,4,0.03%,0.03%,89.06%,50.00%,1,0,0.90%,0.00%,"53,99 €","0,00 €",1,0
B09WYZHGQF,B09WYZHGQF,Arcos Nordika Juego 3 Cuchillos para Queso Acero Inoxidable Nitrum,167200_us,51,2,0.02%,0.02%,61,2,0.01%,0.02%,76.79%,100.00%,1,0,1.96%,0.00%,"68,80 €","0,00 €",1,0
B0DNBTJMLJ,B09ZHZDJRJ,FAMILIA VINCARE (DETERGENTE BIBERONES),DETERGENTE BIBERONES 500ML,30,0,0.01%,0.00%,34,0,0.01%,0.00%,0.00%,0.00%,1,0,3.33%,0.00%,"7,99 €","0,00 €",1,0
B0FWK4CNH3,B0B42QTHTP,CUPERINOX | Tijeras de pescado 18 cm | Tijeras Cocina | tijeras de cocinero profesional para aves pescado carne caza| Accesorios de cocina,21991,42,1,0.01%,0.01%,52,1,0.01%,0.01%,100.00%,100.00%,2,2,4.76%,200.00%,"12,98 €","12,98 €",1,1
B0B46BW9GK,B0B46BW9GK,"CUPERINOX® Kitchen Pro - Tijeras Cocina Profesional | Mango Negro Ambidiestro | Acero Inoxidable de Calidad | Para Pollo, Pescado, Carne y Verduras | Apto Lavavajillas",21985,4,0,0.00%,0.00%,10,0,0.00%,0.00%,100.00%,0.00%,1,0,25.00%,0.00%,"9,99 €","0,00 €",1,0
B0CZF9QPYH,B0B74XKWQ6,"HENDI Olla de cocina, baja, sin tapa, caldero, cacerola, apta para fogones de gas, de inducción, eléctricos y de cerámica, apta para el lavavajillas, 7,3L, ø280x(H)120mm, acero inoxidable",H837672,2,1,0.00%,0.01%,3,2,0.00%,0.02%,66.67%,100.00%,1,1,50.00%,100.00%,"49,95 €","49,95 €",1,1
B0C49YDKL4,B0C49YDKL4,Arcos Serie Nordika - Cuchillo Usuba - Acero Inoxidable NITRUM - Hoja de 175 mm - Mango de Madera Ovengkol 100% natural de bosques certificados FSC® - Embalaje 100% reciclado,168000,79,3,0.02%,0.03%,109,4,0.02%,0.03%,62.77%,33.33%,1,0,1.27%,0.00%,"44,99 €","0,00 €",1,0
B0C4B1CKSR,B0C4B1CKSR,Arcos Serie Nordika - Cuchillo Yanagiba - Acero Inoxidable NITRUM - Hoja de 240 mm - Mango de Madera Ovengkol 100% natural de bosques certificados FSC® - Embalaje 100% reciclado,168200,48,0,0.01%,0.00%,66,0,0.01%,0.00%,98.11%,0.00%,1,0,2.08%,0.00%,"49,99 €","0,00 €",1,0
B0C5XR2TFF,B0C5XR2TFF,Arcos Serie Thera | Sarten Antiadherente 22 cm | Aluminio Fundido | Apta cualquier cocina | Mango Ergonómico Plástico y Silicona | Sistema ahorro energético | Apta lavavajillas | Color Negro y Azul,719800,29,2,0.01%,0.02%,32,2,0.01%,0.02%,96.77%,100.00%,1,0,3.45%,0.00%,"29,99 €","0,00 €",1,0
B0D1CZJMQ3,B0CQNWQD1V,"HENDI Emplatar Chef Kit, Juego de Herramientas de emplatado y Decorado culinario, 6 Piezas: Pinzas-cucharas-espátula, Incl. Estuche, Acero Inoxidable con Recubrimiento PVD Negro, PP",H400074,19,1,0.01%,0.01%,27,1,0.01%,0.01%,60.00%,100.00%,1,0,5.26%,0.00%,"41,75 €","0,00 €",1,0
B0CVQ9VC42,B0CVQ9VC42,"HENDI BarUp Coctelera Boston Tin-on-Tin, 0,8L",H596401,148,16,0.05%,0.18%,207,26,0.05%,0.21%,1.10%,0.00%,1,0,0.68%,0.00%,"14,99 €","0,00 €",1,0
B0CVQKBDSJ,B0CVQKBDSJ,"HENDI Tostadora de pan, 4 ranuras extra anchas, 2 zonas de calentamiento, tostador, 7 niveles de tostado, 3 funciones: tostar, decongelar y recalentar, 240V, 1500W, 295x335x(H)180mm, acero inoxidable",H261187,3,1,0.00%,0.01%,5,2,0.00%,0.02%,100.00%,100.00%,1,1,33.33%,100.00%,"80,76 €","80,76 €",1,1
B0D73CM824,B0D73CM824,"Arcos Cuchillo Mesa | Cuchillo Chuletero | Cuchillo Carne| Cuchillo de Mesa | Pack 12 Unidades| Hoja de Acero Inoxidable115 mm, Mango de Polipropileno Color Negro",740000_fbm,796,21,0.25%,0.24%,"1,135",31,0.25%,0.25%,99.79%,100.00%,1,0,0.13%,0.00%,"30,99 €","0,00 €",1,0
B0DB5X7S4H,B0DB5X7S4H,Arcos Serie Riviera - Juego Cuchillos Cocina 3 piezas (1 Cuchillo Mondador + 1 Santoku + 1 Cuchillo de Chef) - Hoja de Acero Inoxidable Forjado NITRUM - Mango de Polioximetileno (POM) - Color Negro,2340100,30,0,0.01%,0.00%,40,0,0.01%,0.00%,36.84%,0.00%,1,0,3.33%,0.00%,"99,99 €","0,00 €",1,0
B0DG2MS2G9,B0DG2MS2G9,"HENDI Cesta de asar para patatas fritas, GN1/1, CONVECTOMAT, para hornos, fondo ondulado, resiste hasta 200°C, bandeja para horno, cesta para freír, 530x325x(H)40mm, acero inoxidable",H808818,12,1,0.00%,0.01%,17,4,0.00%,0.03%,52.94%,100.00%,13,13,108.33%,"1,300.00%","620,75 €","620,75 €",1,1
B0DKP68T32,B0DJBYWJB7,Arcos Serie Eclipse - Cuchillo de Chef - Hoja de Acero Inoxidable Forjado con Filo Seda Plus de 200 mm - Pulido Brillo Especial - Mango Acrílico - Color Negro,213500_,155,1,0.05%,0.01%,229,1,0.05%,0.01%,48.77%,0.00%,1,0,0.65%,0.00%,"73,99 €","0,00 €",1,0
B0DVT6KPDV,B0DT73LYPQ,"CUPERINOX Cuchillos Montessori | Set de Cuchillos Infantiles de 16 Piezas | Cuchillos Niños Aprendizaje +2 Años | Incluye Delantal, Guante de Seguridad, Moldes Tabla de Cortar | Kids Collection",27016_,225,4,0.07%,0.04%,330,8,0.07%,0.06%,97.57%,100.00%,1,0,0.44%,0.00%,"19,99 €","0,00 €",1,0
B0DTKCGSW9,B0DTKCGSW9,"HENDI Cuchillo Yanagiba, cuchillo japonés para Sashimi y Sushi, cuchillo de cocina para filetear pescados pequeños y medianos, largo de la hoja: 270mm, largo total: 405mm, acero inoxidable",H845127,20,0,0.01%,0.00%,27,0,0.01%,0.00%,35.00%,0.00%,1,0,5.00%,0.00%,"59,85 €","0,00 €",1,0
B0DQV6381X,B0F2Q1K35T,CUPERINOX Soporte Jamonero Balancín | Jamonero Giratorio Profesional | Jamonero Madera | Jamonera Profesional | Tabla Cortar Jamon,20290,229,6,0.07%,0.07%,374,7,0.08%,0.06%,96.68%,100.00%,1,0,0.44%,0.00%,"87,42 €","0,00 €",1,0
B0FR444FLT,B0F3JW5W24,Arcos by Chef José Andrés | Cuchillo Rocking Santoku de 19 cm Forjado para Precisión Culinaria Profesional | Hoja de Acero Inoxidable NITRUM con Borde de Seda | Mango Ergonómico de Madera de Encina,171600,329,8,0.10%,0.09%,359,9,0.08%,0.07%,75.35%,100.00%,1,0,0.30%,0.00%,"78,85 €","0,00 €",1,0
B0FJLTDB9J,B0F95HH915,"Alicates para pedicura, Profesional, Cortaúñas de Pies, Acero Inoxidable, Mango Ergonómico Antideslizante, Fácil Limpieza, Con Funda, 2 Años de Garantía (Cortauñas Grande)",21931X2,33,0,0.01%,0.00%,47,0,0.01%,0.00%,100.00%,0.00%,1,0,3.03%,0.00%,"7,49 €","0,00 €",1,0
B0F9X4NXL3,B0F9GJRSSJ,"CUPERINOX Cuchillos Mesa, cuchillo carne, cuchillo mantequilla, Set 6 piezas, acero inoxidable, hoja con filo y sierra, cuchillo untar. Apto lavavajillas. Mango ergonomico",20043-6,115,4,0.04%,0.04%,139,5,0.03%,0.04%,99.22%,100.00%,1,0,0.87%,0.00%,"9,99 €","0,00 €",1,0
B0FBRQYHVM,B0FBRNCHGJ,"CUPERINOX® Ventilador Portátil Silencioso y Recargable con Power Bank 20000mAh, +50H de batería – Ventilador de Mesa USB con Mando, Luz LED y 4 Velocidades – Ideal para Dormir, Camping y Hogar.",27000,397,21,0.12%,0.24%,604,36,0.13%,0.29%,100.00%,100.00%,1,1,0.25%,4.76%,"48,44 €","48,44 €",1,1
B0FH71NBJL,B0FH71NBJL,"VINFERMATÓN - Pack TRIPLE ACCIÓN Insecticida contra Moscas, Mosquitos, Cucarachas, Hormigas y Avispas - 6 ud",V9090,55,5,0.02%,0.06%,65,5,0.01%,0.04%,98.36%,0.00%,1,0,1.82%,0.00%,"26,99 €","0,00 €",1,0
B0DKP7F29P,B0FS7XQ88Z,"Arcos Sartén Samoa Inox 30 cm, Acero inoxidable tricapa sin PFAS",726600,97,4,0.03%,0.04%,122,6,0.03%,0.05%,83.19%,100.00%,1,0,1.03%,0.00%,"51,95 €","0,00 €",1,0
B0FZCGBRVR,B0FZCGBRVR,CUPERINOX - Cuchillo Pelador Forjado Profesional 9 cm | Hoja de Acero Inoxidable de Alta Precisión | Mango Ergonómico Antideslizante | Cuchillo de Cocina para Frutas y Verduras,19304,42,0,0.01%,0.00%,69,0,0.02%,0.00%,100.00%,0.00%,1,0,2.38%,0.00%,"11,99 €","0,00 €",1,0
B0G3ZJ89NB,B0FZD7ZY1W,CUPERINOX Cuchillo Jamonero Profesional 25 cm – Hoja Alveolada de Acero Inoxidable Antideslizante con Mango Ergonómico – Corte Preciso y Fino para Jamón y Paletilla| Maestros del Corte,19303f,88,2,0.03%,0.02%,102,2,0.02%,0.02%,99.00%,100.00%,1,0,1.14%,0.00%,"19,99 €","0,00 €",1,0
B0FZKN2FKC,B0FZKN2FKC,Xpartan Clean | Pack 2 x 500ml | Limpiador de Suelos Multisuperficie para Robots de Limpieza | Concentrado y Perfumado para todo tipo de Robots y Marcas,XPARTAN_PACK2,7,1,0.00%,0.01%,7,1,0.00%,0.01%,100.00%,100.00%,1,0,14.29%,0.00%,"15,99 €","0,00 €",1,0
B0G216DHWY,B0G216DHWY,"BIOLEAF-Desincrustante Baño Antical Pack 2×750 ml (1,5 L) Elimina Cal, Marcas de Agua y Jabón – Ducha, Grifería, Azulejos y Mamparas - Limpieza Intensiva – Formato Ahorro – Sin Disruptores Endocrinos",2675,9,0,0.00%,0.00%,11,0,0.00%,0.00%,100.00%,0.00%,1,0,11.11%,0.00%,"9,99 €","0,00 €",1,0
B0G4SGJSBJ,B0G21D2KFZ,"BIOLEAF– Desincrustante Baños Antical Pack 4×750 ml (3 L) | Limpieza Profesional de Lavabos, Ducha y Bañera | Brillo Inmediato | Biodegradable y Dermatológicamente Testado",3498,103,0,0.03%,0.00%,121,0,0.03%,0.00%,98.25%,0.00%,1,0,0.97%,0.00%,"19,99 €","0,00 €",1,0
B0G4SGJSBJ,B0G25S6KJ7,BIOLEAF – Desincrustante Baños Antical Pack 8×750 ml (6 L) | Limpieza Profesional Lavabos Ducha y Bañera | Brillo Inmediato | Biodegradable y Dermatológicamente Testado,3795,32,0,0.01%,0.00%,44,0,0.01%,0.00%,95.24%,0.00%,1,0,3.13%,0.00%,"29,99 €","0,00 €",1,0
B0G4RT6HMS,B0G25TJ8X5,BIOLEAF – Limpiacristales Profesional Sin Huellas Pack 8×750 ml (6 L) | Cristales y Espejos Brillantes Sin Marcas | Secado Rápido | Fórmula Biodegradable |100% HECHO EN ESPAÑA,3771,36,5,0.01%,0.06%,42,6,0.01%,0.05%,100.00%,100.00%,1,1,2.78%,20.00%,"27,99 €","27,99 €",1,1
B0G4RSR32Y,B0G25YRZ7Y,"BIOLEAF® – Desengrasante Cocina Profesional Pack 8×750 ml (6 L) | Antigrasa Potente para Hornos, Campanas y Superficies | Sin Disruptores Endocrinos | Fórmula Biodegradable|100% HECHO EN ESPAÑA",3788,21,0,0.01%,0.00%,32,0,0.01%,0.00%,100.00%,0.00%,1,0,4.76%,0.00%,"29,99 €","0,00 €",1,0
B0G2CMWG78,B0G2CMWG78,VINFER| WINS018 Limpiador Amoniacal Pino Concentrado 250 ml | Rinde 5 Litros | Potente Detergente Desengrasante e Higienizante | Limpieza Profunda y Frescor Natural | 100% Made in Spain,WC018,18,1,0.01%,0.01%,19,1,0.00%,0.01%,100.00%,100.00%,1,1,5.56%,100.00%,"9,99 €","9,99 €",1,1
B0G2CSJD3L,B0G2CSJD3L,Ambientador Floral superconcentrado. 5 Litros con solo 250 ml. Ahorro total,WC010,19,2,0.01%,0.02%,25,4,0.01%,0.03%,100.00%,100.00%,1,1,5.26%,50.00%,"13,00 €","13,00 €",1,1
B0G2D49KKR,B0G2D49KKR,VINFER-WINS 010|Ambientador Floral| Pack Ahorro: Garrafa 5L + Concentrado 250 ml | Rinde 10 Litros Totales | Fragancia Elegante y Duradera para Todos los Espacios | 100% Made in Spain,WC010+010,17,1,0.01%,0.01%,21,1,0.00%,0.01%,100.00%,100.00%,1,0,5.88%,0.00%,"19,99 €","0,00 €",1,0
B0G2DTP9QC,B0G2DTP9QC,VINFER-WINS018 –Limpiador Amoniacal Pino| Pack Ahorro: Garrafa 5L + Concentrado 250 ml | Rinde 10 Litros Totales | Desengrasante e Higienizante con Frescor Natural | 100% Made in Spain,WC018+018,5,0,0.00%,0.00%,7,0,0.00%,0.00%,100.00%,0.00%,1,0,20.00%,0.00%,"19,99 €","0,00 €",1,0
B0G3ZJ89NB,B0G2MT6K5N,"CUPERINOX Jamonero Inoxidable Giratorio | Jamonera base Inoxidable | Incluye Cuchillo Jamonero Alveolos 25 cm, Deshuesador 15 cm, Afilador y Funda para Jamón | Apto Jamones y Paletilla",20251,39,2,0.01%,0.02%,54,2,0.01%,0.02%,100.00%,100.00%,1,0,2.56%,0.00%,"69,99 €","0,00 €",1,0
B0G4RDL3R8,B0G4RDL3R8,Arcos Sacacorchos eléctrico,607600,16,0,0.00%,0.00%,23,0,0.01%,0.00%,50.00%,0.00%,1,0,6.25%,0.00%,"49,90 €","0,00 €",1,0
B0GT539NRJ,B0GT539NRJ,Multisuperficies Desinfectante | 2 Litros | Aroma Eucalipto,LAGARRAFITA MULTISUPERFICIES,15,3,0.00%,0.03%,17,3,0.00%,0.02%,82.35%,0.00%,1,0,6.67%,0.00%,"9,99 €","0,00 €",1,0