ASIN (parent),ASIN (child),Título,SKU,Sesiones: total,Sesiones - Total - B2B,Porcentaje de sesiones: total,Porcentaje de sesiones: total - B2B,Visitas: total,Visitas - Total - B2B,Porcentaje de visitas: total,Porcentaje de visitas - Total - B2B,Porcentaje de ofertas destacadas (Buy Box),Porcentaje de ofertas destacadas: B2B,Unidades encargadas,Unidades encargadas - B2B,Porcentaje de unidades por sesión,Porcentaje de sesiones de unidades - B2B,Ventas de productos encargados,Ventas de productos encargados: B2B,Total de artículos de un pedido,Total de artículos de un pedido - B2B
B0FDL4Q2JB,B0FDL4Q2JB,VINFERMATON – Insecticida Avispas y Avisperos Exterior Pack 2×600 ml | Antiavispas | Alcance hasta 4 m | Acción Inmediata Profesional | 100% MADE IN SPAIN,AVISPAS_PACK_2,"8,982",609,2.71%,5.86%,"13,121",876,2.78%,5.87%,97.54%,95.22%,"2,345",390,26.11%,64.04%,"40.370,18 €","6.449,69 €","2,011",229
B09DYJY471,B08MTCRCT4,Arcos Juego Cuchillos Cocina Profesionales| Cuchillos Cocina Profesional | Cuchillos Acero Inoxidable Mango Negro | utensilios de cocina | cuchillo japones Santoku | lavavajillas (5 Piezas),816800fbm,"5,550",108,1.67%,1.04%,"7,990",141,1.69%,0.94%,98.16%,100.00%,279,19,5.03%,17.59%,"8.366,18 €","566,28 €",274,18
B0BGRT2BVV,B09G9WBKPG,Arcos Juego de 6 Cuchillos de Mesa Chuleteros Hoja 110 mm Negro 705500,705500(805109),"5,435",142,1.64%,1.37%,"7,973",202,1.69%,1.35%,44.33%,29.46%,279,5,5.13%,3.52%,"3.301,62 €","69,94 €",236,1
B0GTZB24Q5,B0GTZB24Q5,"VINFERMATON- Fregasuelos Insecticida Pack 2×1L | Antihormigas y Anticucarachas | Elimina Hormigas, Cucarachas y Arañas |Uso Directo en Zócalos y Suelos| Friegasuelos Aroma Lavanda |100% MADE IN SPAIN",FriegasuelosInsecticida_Pack2,"3,036",73,0.92%,0.70%,"4,132",108,0.87%,0.72%,98.40%,100.00%,225,15,7.41%,20.55%,"3.341,05 €","194,15 €",203,7
B08J488ZQG,B089QP6MYJ,Arcos Juego Cuchillos Carne | 6 Piezas | Cuchillos carne cuchillo chuleteros | cubiertos acero inoxidable | Hoja 110 mm | mango monobloque | aptos lavavajillas | Caja Envase Ecológico,815600_fba,"2,390",76,0.72%,0.73%,"3,802",116,0.80%,0.78%,99.42%,98.94%,234,9,9.79%,11.84%,"6.289,70 €","269,87 €",190,3
B0FBRQYHVM,B0FBRNCHGJ,"CUPERINOX® Ventilador Portátil Silencioso y Recargable con Power Bank 20000mAh, +50H de batería – Ventilador de Mesa USB con Mando, Luz LED y 4 Velocidades – Ideal para Dormir, Camping y Hogar.",27000,"4,009",150,1.21%,1.44%,"6,463",247,1.37%,1.65%,99.19%,100.00%,201,18,5.01%,12.00%,"11.863,22 €","881,09 €",190,17
B06XD39V8J,B06XD39V8J,VINFERMATON – Insecticida Cucarachas y Hormigas Residual 400 ml | Spray Efecto Duradero para Interior y Exterior | Profesional Doméstico | 100 % MADE IN SPAIN,V0012_,"1,168",29,0.35%,0.28%,"1,700",37,0.36%,0.25%,72.44%,100.00%,255,29,21.83%,100.00%,"1.937,03 €","217,73 €",186,9
B0H4FZYK8Z,B0FH2NLMGN,VINFERMATON Insecticida Hormigas y Cucarachas Residual | Antihormigas | Pack 2×400 ml | Efecto hasta 1 año | Interior y Exterior | Profesional Doméstico | 100% MADE IN SPAIN,V0012_PACK2,"1,633",50,0.49%,0.48%,"2,225",66,0.47%,0.44%,95.27%,90.24%,199,23,12.19%,46.00%,"2.959,90 €","323,16 €",179,13
B0FDL4Q2JB,B0FDL4Q2JB,VINFERMATON – Insecticida Avispas y Avisperos Exterior Pack 2×600 ml | Antiavispas | Alcance hasta 4 m | Acción Inmediata Profesional | 100% MADE IN SPAIN,V0020_PACK_Fba,"8,982",609,2.71%,5.86%,"13,121",876,2.78%,5.87%,97.54%,95.22%,190,5,2.12%,0.82%,"3.513,10 €","92,45 €",177,5
B0H6BQ4BG5,B0H3Q5DQZ4,VINFERMATÓN Pack 2 Insecticida Mosquitos y Moscas Concentrado Matón PS 250 ml | Spray para Insectos Voladores |Acción Inmediata|Con Piretrinas Sintéticas|Formato Ligero con Dosificación Controlad,MATONPS_PACK2,879,40,0.27%,0.38%,"1,294",73,0.27%,0.49%,96.73%,100.00%,273,46,31.06%,115.00%,"4.283,81 €","649,68 €",173,18
B0FBRQYHVM,B0FBRLQK47,"CUPERINOX Ventilador Portatil, Camping, Exterior, Playa, Piscina, Festival| 5+ cargas movil| +48H de bateria | 20000mAh| Powerbank, Luz led, Mando a distancia y Temporizador",27001,"2,645",100,0.80%,0.96%,"4,536",162,0.96%,1.08%,99.25%,100.00%,177,25,6.69%,25.00%,"10.134,83 €","1.175,44 €",162,12
B08MT437W9,B08MT437W9,Arcos Juego Cuchillos Cocina Profesionales| Cuchillos Cocina Profesional | 6 pzas | Cuchillos Acero Inoxidable Mango Negro | utensilios de cocina serie Niza | Apto lavavajillas,812900,"2,202",54,0.66%,0.52%,"3,091",74,0.65%,0.50%,99.74%,95.83%,152,3,6.90%,5.56%,"5.012,50 €","98,94 €",150,3
B08GSTDWTC,B08LVVQ3ZQ,"Arcos Serie Nova - Cuchillo para pelar, Acero Inoxidable NITRUM, Envase Ecológico, 3 colores Fucsia, Turquesa y Amarillo",703700_,"3,425",38,1.03%,0.37%,"4,522",50,0.96%,0.33%,80.61%,100.00%,155,8,4.53%,21.05%,"1.626,12 €","83,92 €",148,7
B017HKSTCQ,B00CFN1M6Q,ARCOS Tijeras de Cocina Multiusos 200 mm,809700_FBA,"2,137",62,0.64%,0.60%,"3,215",88,0.68%,0.59%,25.77%,17.11%,152,11,7.11%,17.74%,"1.813,76 €","131,23 €",140,5
B071PB1GX3,B071PB1GX3,WINS 007 - Friegasuelos Perfumado | Garrafa 5 L,WINS007,544,47,0.16%,0.45%,696,62,0.15%,0.42%,92.49%,100.00%,188,87,34.56%,185.11%,"1.860,77 €","851,78 €",140,66
B0H4FZYK8Z,B0H3Q8F8RW,"VINFERMATÓN Antihormigas y Anticucarachas Pack 3 Insecticida Residual 400 ml x 3 | Total 1,2L | Efecto hasta 1 Año | Interior y Exterior | Spray Profesional",RESIDUAL400ML_PACK3,906,41,0.27%,0.39%,"1,275",59,0.27%,0.40%,98.79%,100.00%,143,22,15.78%,53.66%,"2.685,52 €","411,65 €",135,19
B0G6M1C8V6,B0D4WK78XV,CUPERINOX Aceiteras para Aceite Usado | Grasera Acero Inoxidable 550ML con Filtro Metálico | Recipiente para Aceite Usado de Cocina y Grasa | Grasera Cocina Metálica 550ML 2Uds Metálico,F22105-22106,"1,146",26,0.35%,0.25%,"1,726",40,0.37%,0.27%,99.74%,100.00%,132,2,11.52%,7.69%,"1.581,30 €","23,98 €",132,2
B0FJLTDB9J,B09RP6V156,"CUPERINOX® Alicates para pedicura, Profesional, Cortaúñas de Pies, Acero Inoxidable, Mango Ergonómico Antideslizante, Fácil Limpieza, Con Funda, 2 Años de Garantía",21920AM,"1,058",32,0.32%,0.31%,"1,593",52,0.34%,0.35%,99.11%,100.00%,139,9,13.14%,28.13%,"1.512,82 €","83,94 €",128,6
B0GY2G2Y86,B08JCVQ4QL,"Arcos Series Niza - Juego de Cuchillos Cocina, 6 Piezas, Cuchillos Verduras 110 mm, + Cuchillo Mesa, Envase 100% Ecológico, Acero Inoxidable NITRUM",809400,"2,021",48,0.61%,0.46%,"3,027",86,0.64%,0.58%,99.04%,100.00%,123,8,6.09%,16.67%,"2.457,45 €","158,60 €",114,5
B07YM65C6J,B007TS6HMQ,ARCOS Pinza para Pescado Acero Inoxidable,605000_caja,515,27,0.16%,0.26%,734,34,0.16%,0.23%,97.41%,50.00%,117,3,22.72%,11.11%,"1.081,52 €","27,73 €",113,2
B0BGRT2BVV,B09G9WBKPG,Arcos Juego de 6 Cuchillos de Mesa Chuleteros Hoja 110 mm Negro 705500,805109_uss,"5,435",142,1.64%,1.37%,"7,973",202,1.69%,1.35%,44.33%,29.46%,157,23,2.89%,16.20%,"1.882,43 €","275,77 €",113,13
B09DYJY471,B08MQJCD2V,Arcos Juego Cuchillos Cocina Profesionales| Cuchillos Cocina Profesional | Cuchillos Acero Inoxidable Mango Negro | utensilios de cocina | cuchillo japones Santoku | lavavajillas (4 Piezas),816900,"1,829",29,0.55%,0.28%,"2,491",36,0.53%,0.24%,99.87%,100.00%,107,4,5.85%,13.79%,"2.768,69 €","103,96 €",105,4
B09N7S17J6,B09D3YRGL9,"CUPERINOX Navaja Plegable Multiusos – Hoja de Acero Inoxidable 80 mm (Filo Liso + Serrado), Punta Rompevidrios, Apertura Rápida, Clip de Cinturón, Herramienta para Camping, Caza, Pesca y Supervivencia",30061_,"1,587",29,0.48%,0.28%,"2,178",34,0.46%,0.23%,99.01%,100.00%,111,1,6.99%,3.45%,"1.108,89 €","9,99 €",100,1
B0CYTKGNPM,B0CW68KM18,Pelador de Cocina ARCOS - Hoja de Acero Inoxidable | Mango Ergonómico | Herramienta Versátil para Pelar Frutas y Verduras,607300,"1,685",49,0.51%,0.47%,"2,131",67,0.45%,0.45%,86.61%,81.58%,92,14,5.46%,28.57%,"689,44 €","104,86 €",85,10
B017HKRCGK,B005LR7A1Y,ARCOS Bolsa para Cuchillos 100% Poliéster 460x275 mm,690200_,"1,773",43,0.53%,0.41%,"2,829",76,0.60%,0.51%,47.34%,58.33%,90,8,5.08%,18.60%,"1.417,74 €","117,52 €",84,6
B0FBRQYHVM,B0FBRNCHGJ,"CUPERINOX® Ventilador Portátil Silencioso y Recargable con Power Bank 20000mAh, +50H de batería – Ventilador de Mesa USB con Mando, Luz LED y 4 Velocidades – Ideal para Dormir, Camping y Hogar.",A27000,"4,009",150,1.21%,1.44%,"6,463",247,1.37%,1.65%,99.19%,100.00%,83,1,2.07%,0.67%,"4.980,16 €","59,99 €",81,1
B09DYJY471,B08MQJCD2V,Arcos Juego Cuchillos Cocina Profesionales| Cuchillos Cocina Profesional | Cuchillos Acero Inoxidable Mango Negro | utensilios de cocina | cuchillo japones Santoku | lavavajillas (4 Piezas),816900fba,"1,829",29,0.55%,0.28%,"2,491",36,0.53%,0.24%,99.87%,100.00%,100,17,5.47%,58.62%,"2.571,95 €","414,78 €",80,5
B0FHQJSLGJ,B0FHQJSLGJ,"VINFERMATON - Insecticida Antipolillas Perfumado | Pack 3 x 300 ml | Protección para Armarios, Ropa y Tejidos | Elimina Polillas y Larvas | Aroma Agradable | Uso en Ambientes y Textiles",V1308_PACK3,579,15,0.17%,0.14%,829,20,0.18%,0.13%,99.59%,100.00%,85,4,14.68%,26.67%,"1.088,11 €","50,50 €",79,4
B08M9NWMW8,B08M9NWMW8,Arcos Juego de Cuchillos de Cocina Profesional y Afilador | 7 Piezas | Acero Inoxidable | Taco de Madera | Serie Niza | Uso Cotidiano | Apto para Lavavajillas,835800FBM,"1,983",50,0.60%,0.48%,"2,935",80,0.62%,0.54%,98.48%,100.00%,79,4,3.98%,8.00%,"4.344,21 €","219,96 €",78,4
B09DYJY471,B08MTCRCT4,Arcos Juego Cuchillos Cocina Profesionales| Cuchillos Cocina Profesional | Cuchillos Acero Inoxidable Mango Negro | utensilios de cocina | cuchillo japones Santoku | lavavajillas (5 Piezas),816800,"5,550",108,1.67%,1.04%,"7,990",141,1.69%,0.94%,98.16%,100.00%,79,2,1.42%,1.85%,"2.370,23 €","60,00 €",78,2
B0FHKR4Q45,B0FHKR4Q45,VINFERMATON – Insecticida Cucarachas y Hormigas | Antihormigas Instantáneo Pack 3×300 ml | Spray Eliminador Insectos Rastreros Interior y Exterior | Acción Rápida Profesional | MADE IN SPAIN,V101302_PACK3,637,47,0.19%,0.45%,868,60,0.18%,0.40%,98.07%,100.00%,78,24,12.24%,51.06%,"999,59 €","298,13 €",77,23
B095SDL23Y,B095SDL23Y,Arcos | cuchillos de mesa (6 ud) | cuchillos acero inoxidable con sierra cuchillo chuletero cuchillos chuleteros | Fabricado en España,813000_fbm,648,19,0.20%,0.18%,949,25,0.20%,0.17%,99.14%,100.00%,88,6,13.58%,31.58%,"1.452,48 €","98,95 €",72,6
B08J488ZQG,B089QP6MYJ,Arcos Juego Cuchillos Carne | 6 Piezas | Cuchillos carne cuchillo chuleteros | cubiertos acero inoxidable | Hoja 110 mm | mango monobloque | aptos lavavajillas | Caja Envase Ecológico,815600_,"2,390",76,0.72%,0.73%,"3,802",116,0.80%,0.78%,99.42%,98.94%,91,22,3.81%,28.95%,"2.424,50 €","564,11 €",71,12
B0DNNL2TZQ,B0DNNFGWNJ,"CUPERINOX Aceitera de Cristal Antigoteo para Aceite de Oliva, Resistente y Fácil de Limpiar Gourmet Oil Collection (500 Ml)",22023_,682,40,0.21%,0.38%,990,66,0.21%,0.44%,99.45%,100.00%,78,11,11.44%,27.50%,"1.138,30 €","133,97 €",70,6
B0F4WTVT1Z,B09GPS4SQN,"HENDI Pasta combustible para Chafing Dish, 12 x 200 g",H194362,468,35,0.14%,0.34%,700,47,0.15%,0.31%,85.51%,62.50%,89,15,19.02%,42.86%,"1.773,84 €","295,41 €",67,9
B0CYTKGNPM,B0CW68KM18,Pelador de Cocina ARCOS - Hoja de Acero Inoxidable | Mango Ergonómico | Herramienta Versátil para Pelar Frutas y Verduras,607300_,"1,685",49,0.51%,0.47%,"2,131",67,0.45%,0.45%,86.61%,81.58%,76,18,4.51%,36.73%,"634,54 €","142,12 €",64,8
B09KJLG7BT,B08KW4BFZ9,CUPERINOX Jamonero Profesional | Soporte jamonero Tipo Gondola| Base de Corte para Usar con Cuchillo jamonero | Jamon iberico | Fabricado en España,2020CUP,560,10,0.17%,0.10%,788,15,0.17%,0.10%,97.25%,100.00%,62,2,11.07%,20.00%,"834,30 €","24,62 €",61,2
B0FHKQHYQ7,B0FHKQHYQ7,VINFERMATON – Insecticida Moscas y Mosquitos Sin Olor Pack 2×600 ml | Spray Eliminador Insectos Voladores Interior y Exterior | Acción Inmediata Profesional | 100% MADE IN SPAIN,9J-4FF5-2Q8R,293,21,0.09%,0.20%,399,28,0.08%,0.19%,94.23%,100.00%,66,20,22.53%,95.24%,"954,83 €","265,77 €",60,16
B09GSCQQF9,B07G77FNSF,"Arcos Serie Cuchillos de Mesa Caja 12 uds Cuchillo Postre, Hoja Serrada de Acero Inoxidable NITRUM de 105 mm, Mango Polipropileno Color crema (12 UDS)",370100_,324,8,0.10%,0.08%,517,8,0.11%,0.05%,98.91%,100.00%,62,2,19.14%,25.00%,"1.131,50 €","36,50 €",55,2
B07G75XCXM,B07G75XCXM,"Arcos Serie Cuchillos de Mesa Caja 12 uds Cuchillo Mesa, Hoja Serrada de Acero Inoxidable NITRUM de 125 mm, Mango Polipropileno Color crema (12 UDS)",370200_fbm,477,14,0.14%,0.13%,802,19,0.17%,0.13%,99.10%,100.00%,63,6,13.21%,42.86%,"1.259,37 €","119,94 €",54,3
B0CYTKGNPM,B0CW66H3TR,Pelador de Tomate ARCOS - Hoja Serrada de Acero Inoxidable | Mango Ergonómico | Ideal para Tomates,607420,"1,250",21,0.38%,0.20%,"1,432",23,0.30%,0.15%,99.15%,100.00%,57,2,4.56%,9.52%,"455,43 €","15,98 €",54,2
B0H6BQ4BG5,B00UCCGND4,Vinfermatón - Insecticida Mosquitos y Moscas Concentrado Matón PS 250ml,V00002,"1,682",77,0.51%,0.74%,"2,666",120,0.56%,0.80%,13.33%,21.33%,109,29,6.48%,37.66%,"884,74 €","208,88 €",53,6
B0FGDF2SHZ,B0FGDF2SHZ,VINFERMATON Antihormigas Efecto Permanente | Insecticida Cucarachas y Hormigas Pack 2×600 ml | Efecto hasta 1 año | Interior y Exterior | Profesional y Doméstico | MADE IN SPAIN,V0013_PACK2,451,19,0.14%,0.18%,643,30,0.14%,0.20%,97.71%,100.00%,59,4,13.08%,21.05%,"951,42 €","62,74 €",52,4
B0DNNL2TZQ,B0DNN57WC1,"CUPERINOX Aceitera de Cristal Antigoteo para Aceite de Oliva, Resistente y Fácil de Limpiar Gourmet Oil Collection (250 Ml)",22022,679,33,0.20%,0.32%,973,50,0.21%,0.33%,99.89%,100.00%,53,5,7.81%,15.15%,"635,47 €","59,95 €",50,5
B0CVH8PC99,B0CQTJ6T66,"CUPERINOX® Cuchillos de Mesa Acero Inoxidable – Set Profesional 12 Piezas con Hoja Serrada de 11 cm y Mango Ergonómico Antideslizante – Para Carne, Verduras y Pescado",99901_12pzs,"1,020",46,0.31%,0.44%,"1,386",61,0.29%,0.41%,99.37%,100.00%,50,13,4.90%,28.26%,"593,40 €","149,77 €",48,11
B0H9YSCFRW,B0GTZB24Q5,"VINFERMATON- Fregasuelos Insecticida Pack 2×1L | Antihormigas y Anticucarachas | Elimina Hormigas, Cucarachas y Arañas |Uso Directo en Zócalos y Suelos| Friegasuelos Aroma Lavanda |100% MADE IN SPAIN",FriegasuelosInsecticida_Pack2,553,9,0.17%,0.09%,757,11,0.16%,0.07%,98.99%,100.00%,47,2,8.50%,22.22%,"669,52 €","28,48 €",46,2
B0DNNL2TZQ,B0DNN57WC1,"CUPERINOX Aceitera de Cristal Antigoteo para Aceite de Oliva, Resistente y Fácil de Limpiar Gourmet Oil Collection (250 Ml)",22022_,679,33,0.20%,0.32%,973,50,0.21%,0.33%,99.89%,100.00%,56,4,8.25%,12.12%,"669,23 €","45,75 €",45,2
B0F9X4NXL3,B0F9KW1V3K,"Cuchillos Mesa, cuchillo carne, cuchillo mantequilla, Set 12 piezas, acero inoxidable, hoja con filo y sierra, cuchillo untar. Apto lavavajillas. Mango ergonomico",20043_12,"1,225",43,0.37%,0.41%,"1,669",59,0.35%,0.40%,99.33%,100.00%,47,6,3.84%,13.95%,"561,27 €","69,68 €",45,5
B0752X1ZCK,B07G77NN26,Arcos Cuchillos de Mesa - Caja de 12 uds Cuchillo Chuletero Cuchillo de Mesa - Hoja de Acero Inoxidable NITRUM 110 mm - Mango de Nylon - Color Negro (12 uds),803000,870,27,0.26%,0.26%,"1,294",37,0.27%,0.25%,97.48%,100.00%,46,2,5.29%,7.41%,"1.323,48 €","47,92 €",44,1
B0CVH8PC99,B0CQTJ6T66,"CUPERINOX® Cuchillos de Mesa Acero Inoxidable – Set Profesional 12 Piezas con Hoja Serrada de 11 cm y Mango Ergonómico Antideslizante – Para Carne, Verduras y Pescado",99922,"1,020",46,0.31%,0.44%,"1,386",61,0.29%,0.41%,99.37%,100.00%,54,7,5.29%,15.22%,"645,88 €","81,95 €",43,6
B0DNNL2TZQ,B0DNN4J6Q8,"CUPERINOX Aceitera antigoteo cristal para Aceite de Oliva, Vinagre etc. A prueba de fugas, Aceitera cristal antigoteo tambien aceiteros cocina ideal para Ensaladas, BBQ, cooking oil container (125 ML)",22021,685,26,0.21%,0.25%,938,35,0.20%,0.23%,100.00%,100.00%,41,3,5.99%,11.54%,"471,97 €","35,25 €",40,3
B0189HXS8Q,B017DLLIUO,Arcos Navaja Profesional Acero Inoxidable 85 mm,485929_,793,23,0.24%,0.22%,"1,115",38,0.24%,0.25%,90.49%,100.00%,46,2,5.80%,8.70%,"338,38 €","14,98 €",39,2
B0CYTKGNPM,B0843DQCF5,ARCOS Pelador de Verduras en Juliana de Acero Inoxidable Cromado 130 Mm. Pelador Profesional para Cortes en Juliana de Verduras y Hortalizas. Apto Lavavajillas. Color Plata,607200,"1,110",21,0.33%,0.20%,"1,274",26,0.27%,0.17%,96.66%,91.67%,43,4,3.87%,19.05%,"322,45 €","29,96 €",39,2
B0F9TD2LTH,B0CS6V91GR,CUPERINOX® Cuchillos de Mesa con Mango de Madera – Set 6 Cuchillos para Carne con Filo Dentado – Estilo Palmadera tradicional – Aptos para Uso Diario,14015,731,30,0.22%,0.29%,"1,112",50,0.24%,0.33%,100.00%,100.00%,43,6,5.88%,20.00%,"817,14 €","113,89 €",38,4
B0189HXS8Q,B015QGR3CK,Arcos Serie Navajas Profesionales - Navaja Profesional - Hoja Filo de Acero Inoxidable NITRUM de 85 mm - Navaja de Acero Inoxidable Color amarillo,485900_fba,725,25,0.22%,0.24%,988,40,0.21%,0.27%,95.61%,90.91%,60,22,8.28%,88.00%,"427,52 €","153,16 €",37,3
B07F9GQZCB,B07F9GQZCB,Arcos Cuchillo para Verduras de 4 Pulgadas con Hoja de 105mm en Acero Inoxidable y Mango de Madera. Cuchillo para Vegetales Apto para Lavavajillas. Serie Latina. Color Marrón,100500,445,8,0.13%,0.08%,726,11,0.15%,0.07%,75.84%,100.00%,39,1,8.76%,12.50%,"1.442,61 €","36,99 €",37,1
B09N7S17J6,B09D3YRGL9,"CUPERINOX Navaja Plegable Multiusos – Hoja de Acero Inoxidable 80 mm (Filo Liso + Serrado), Punta Rompevidrios, Apertura Rápida, Clip de Cinturón, Herramienta para Camping, Caza, Pesca y Supervivencia",30061_solo_navaja,"1,587",29,0.48%,0.28%,"2,178",34,0.46%,0.23%,99.01%,100.00%,37,2,2.33%,6.90%,"369,74 €","16,52 €",36,2
B0DPKXM18X,B0DNQT7LV3,"CUPERINOX Soporte Jamonero Balancín | Jamonero Giratorio Profesional | Jamonero Madera | Incluye Cuchillo Profesional, Afilador Funda Cubre Jamón| Jamoneros Elite Collection",20265_fbm,"1,072",33,0.32%,0.32%,"1,885",65,0.40%,0.44%,98.19%,100.00%,36,0,3.36%,0.00%,"3.238,89 €","0,00 €",36,0
B0D73CM824,B0D73CM824,"Arcos Cuchillo Mesa | Cuchillo Chuletero | Cuchillo Carne| Cuchillo de Mesa | Pack 12 Unidades| Hoja de Acero Inoxidable115 mm, Mango de Polipropileno Color Negro",740000_fbm,"1,222",48,0.37%,0.46%,"1,867",75,0.39%,0.50%,99.23%,100.00%,35,2,2.86%,4.17%,"1.084,65 €","61,98 €",35,2
B0DKP7F29P,B0DJBZ1M2L,Arcos Serie Samoa Iconic | Sarten Antiadherente Cerámico 24 cm | Aluminio Forjado | Apta cualquier cocina | Mango Acero Inoxidable | Apta lavavajillas | Color Beige | LIBRE DE (PFOA/PTFE/PFOS),716324,646,14,0.19%,0.13%,947,22,0.20%,0.15%,82.94%,100.00%,35,0,5.42%,0.00%,"1.347,50 €","0,00 €",35,0
B0FBRQYHVM,B0FBRLQK47,"CUPERINOX Ventilador Portatil, Camping, Exterior, Playa, Piscina, Festival| 5+ cargas movil| +48H de bateria | 20000mAh| Powerbank, Luz led, Mando a distancia y Temporizador",A270001,"2,645",100,0.80%,0.96%,"4,536",162,0.96%,1.08%,99.25%,100.00%,36,0,1.36%,0.00%,"2.150,22 €","0,00 €",34,0
B0F1N351DY,B072FGV2YH,Arcos Juego de 6 Cuchillos Mondadores Acero Inoxidable 100 mm,189100_2,"7,359",231,2.22%,2.22%,"10,945",342,2.31%,2.29%,4.33%,2.65%,33,2,0.45%,0.87%,"565,78 €","31,03 €",33,2
B0H4FXVLKL,B0786LYQTP,VINFER- Limpiador y Abrillantador Inox 600 ml | Limpieza y Protección Acero Inoxidable | Efecto Brillo Duradero | Desengrasa y Cuida Superficies Inoxidables | Spray Profesional,VP_Inox600Ml,244,14,0.07%,0.13%,335,19,0.07%,0.13%,96.08%,93.75%,39,8,15.98%,57.14%,"306,30 €","62,82 €",33,6
B0788NSRGR,B0788NSRGR,WINS-Detergente Máquinas Lavavajillas Profesional Aguas Duras 012 | Garrafa 5 L | Limpieza Potente de Vajilla en Lavavajillas Industriales | Uso Profesional | 100% Made in Spain,WINS012_5l,107,19,0.03%,0.18%,152,28,0.03%,0.19%,85.50%,92.00%,50,10,46.73%,52.63%,"833,38 €","161,78 €",33,7
B08DV2WMBQ,B089M821V5,Arcos Cuchillos Carne | 6 pzas | Cuchillos chuleteros Set Cuchillo de Mesa Sierra | Mango Madera | Hoja 110 mm | Cuchillos Carne Mesa | Apto lavavajillas | Envase Carton | Ecologico,815500,"1,246",27,0.38%,0.26%,"1,883",45,0.40%,0.30%,99.41%,100.00%,38,3,3.05%,11.11%,"1.139,65 €","90,00 €",33,3
B08DV2WMBQ,B089M821V5,Arcos Cuchillos Carne | 6 pzas | Cuchillos chuleteros Set Cuchillo de Mesa Sierra | Mango Madera | Hoja 110 mm | Cuchillos Carne Mesa | Apto lavavajillas | Envase Carton | Ecologico,815500_,"1,246",27,0.38%,0.26%,"1,883",45,0.40%,0.30%,99.41%,100.00%,35,2,2.81%,7.41%,"1.050,67 €","60,00 €",33,2
B0CVH8PC99,B0CQTKPL63,CUPERINOX Cuchillos Carne | Cuchillos Mesa | Cuchillos Chuleteros | 24 Piezas | Hoja Serrada | Mango Polipropileno | Acero Inoxidable | 11 cm,99901_24pzs,508,53,0.15%,0.51%,723,76,0.15%,0.51%,100.00%,100.00%,47,10,9.25%,18.87%,"924,84 €","184,88 €",32,7
B07M8DDJ9B,B07M8DDJ9B,"WINS– Ambientador Lavanda Concentrado | Perfume Intenso y Duradero para Hogar, Oficinas y Espacios Comunes | Aroma Natural Relajante | Garrafa 5L | 100% Made in Spain",WINS008,264,16,0.08%,0.15%,344,21,0.07%,0.14%,60.95%,47.37%,37,11,14.02%,68.75%,"660,16 €","195,68 €",31,7
B0DKP7F29P,B0DJBZ7G4Y,Arcos Serie Samoa Iconic | Sarten Antiadherente Cerámico 20 cm | Aluminio Forjado | Apta cualquier cocina | Mango Acero Inoxidable | Apta lavavajillas | Color Beige | LIBRE DE (PFOA/PTFE/PFOS),716124,340,2,0.10%,0.02%,529,2,0.11%,0.01%,78.16%,100.00%,31,0,9.12%,0.00%,"1.052,45 €","0,00 €",31,0
B0G3ZJ89NB,B0G2MTVR24,Set Jamonero Profesional Premium - Soporte Jamonero de Bambú Giratorio + Cuchillo Jamonero 25 cm con Alvéolos + Cuchillo Deshuesador + Afilador 3 Ranuras | Maestros del Corte by Cuperinox,20271,417,9,0.13%,0.09%,725,11,0.15%,0.07%,99.52%,100.00%,31,1,7.43%,11.11%,"1.549,27 €","49,99 €",31,1
B073JC3QG7,B073JC3QG7,"VINFER- Abrillantador Mopas Spray 750 ml | Limpieza, Protege y Abrillanta Parquet, Terrazo, Mármol, Linóleum y Gres | Formato Profesional",VP_MOPAS_NARANJA,238,11,0.07%,0.11%,358,14,0.08%,0.09%,73.87%,90.91%,39,2,16.39%,18.18%,"389,60 €","19,97 €",30,1
B093DSL44T,B07F9RV81Z,Arcos Cuchillo Chuletero de 4 Pulgadas con Hoja de 105mm en Acero Inoxidable y Mango de Madera. Cuchillo para Carne Apto para Lavavajillas. Serie Latina. Color Marrón,100400_fba,"1,129",20,0.34%,0.19%,"1,736",28,0.37%,0.19%,53.61%,100.00%,38,1,3.37%,5.00%,"1.367,62 €","35,99 €",30,1
B08M7BMR2S,B08LNRV6N6,"Arcos Afiladores, Afilador de Cuchillos de Mano, Hecho de ABS + TPE, Rodillos Cerámico y Carburo, Color Blanco y Negro",610624,663,21,0.20%,0.20%,810,25,0.17%,0.17%,99.49%,100.00%,31,0,4.68%,0.00%,"424,70 €","0,00 €",30,0
B0G6M1C8V6,B0D4WK78XV,CUPERINOX Aceiteras para Aceite Usado | Grasera Acero Inoxidable 550ML con Filtro Metálico | Recipiente para Aceite Usado de Cocina y Grasa | Grasera Cocina Metálica 550ML 2Uds Metálico,22105y22106,"1,146",26,0.35%,0.25%,"1,726",40,0.37%,0.27%,99.74%,100.00%,30,1,2.62%,3.85%,"359,70 €","11,99 €",30,1
B0DNNL2TZQ,B0DNNF3839,"CUPERINOX Aceitera de Cristal Antigoteo para Aceite de Oliva, Resistente y Fácil de Limpiar Gourmet Oil Collection (1000 Ml)",22024_,316,15,0.10%,0.14%,464,20,0.10%,0.13%,99.31%,100.00%,30,6,9.49%,40.00%,"533,70 €","101,94 €",30,6
B0FH9NPJ1K,B0FH9NPJ1K,VINFERMATON – Insecticida Cucarachas y Hormigas Antihormigas Instantáneo 600 ml | Spray Eliminador Insectos Rastreros Interior y Exterior | Acción Rápida Profesional | 100% MADE IN SPAIN (2),V0011_PACK2,339,18,0.10%,0.17%,458,23,0.10%,0.15%,97.26%,88.24%,32,7,9.44%,38.89%,"415,72 €","90,97 €",29,5
B0FDKX6V41,B0FDKX6V41,VINFERMATON – Insecticida Moscas y Mosquitos Perfume Limón Pack 2×600 ml | Spray Eliminador Insectos Voladores Interior y Exterior | Acción Inmediata Profesional | 100% MADE IN SPAIN,V0009_PACK2,96,3,0.03%,0.03%,130,4,0.03%,0.03%,94.02%,100.00%,32,3,33.33%,100.00%,"382,08 €","34,17 €",28,3
B0DKP7F29P,B0DJBZPLJF,Arcos Serie Samoa Iconic | Sarten Antiadherente Cerámico 28 cm | Aluminio Forjado | Apta cualquier cocina | Mango Acero Inoxidable | Apta lavavajillas | Color Beige | LIBRE DE (PFOA/PTFE/PFOS),716524,438,8,0.13%,0.08%,638,16,0.13%,0.11%,95.84%,100.00%,29,4,6.62%,50.00%,"1.303,55 €","179,80 €",27,4
B0DNNL2TZQ,B0DNN4J6Q8,"CUPERINOX Aceitera antigoteo cristal para Aceite de Oliva, Vinagre etc. A prueba de fugas, Aceitera cristal antigoteo tambien aceiteros cocina ideal para Ensaladas, BBQ, cooking oil container (125 ML)",22021_,685,26,0.21%,0.25%,938,35,0.20%,0.23%,100.00%,100.00%,33,5,4.82%,19.23%,"377,22 €","55,50 €",27,2
B0F9X4NXL3,B0F9KXQKLG,"CUPERINOX Cuchillos Mesa, cuchillo carne, cuchillo mantequilla, Set 24 piezas, acero inoxidable, hoja con filo y sierra, cuchillo untar. Apto lavavajillas. Mango ergonomico",20043_24,265,12,0.08%,0.12%,349,21,0.07%,0.14%,99.68%,100.00%,36,3,13.58%,25.00%,"718,14 €","58,47 €",27,3
B0FT8NPR4X,B0FT8NPR4X,BIOLEAF® – Gel WC + Desincrustante Baños Pack 2×750 ml | Limpieza Antical Baño | Fórmula Biodegradable con Esencias Marinas | Dermatológicamente Testado|100% MADE IN SPAIN,3429,331,3,0.10%,0.03%,406,3,0.09%,0.02%,97.12%,66.67%,28,0,8.46%,0.00%,"279,72 €","0,00 €",27,0
B0FWJYP1S9,B0FWJYP1S9,"Arcos Afilador de cuchillos multiángulo, Preciso y duradero",610400_fbm,383,8,0.12%,0.08%,582,12,0.12%,0.08%,48.78%,100.00%,27,1,7.05%,12.50%,"727,65 €","26,95 €",27,1
B0G6M1C8V6,B0G6L13H45,"CUPERINOX Graseras 1 Litro Acero Inoxidable para Carne y Pescado con Filtro de Malla Fina – Recipiente para Aceite Usado, Antigoteo, Tapa Antisalpicaduras – Gourmet Oil Collection",22121,262,4,0.08%,0.04%,347,7,0.07%,0.05%,97.51%,100.00%,26,1,9.92%,25.00%,"389,74 €","14,99 €",26,1
B0H2DQZ7ZK,B0H2DQZ7ZK,"VINFER-Limpia Salpicaderos Profesional Pack 2x750 ml (1,5L)|Spray para Coche| Limpia, Abrillanta y Protege Plásticos, Vinilos y Cueros,Efecto Antiestático Repelente del Polvo,Cuidado Interior Vehículo",LIMPIASALPICADEROS_PACK2,144,4,0.04%,0.04%,189,4,0.04%,0.03%,99.43%,100.00%,29,7,20.14%,175.00%,"434,72 €","104,94 €",26,4
B0752X4WV1,B005LR73R0,Arcos Juego Chuleteros Mango Madera 110 mm,809300__,"3,083",75,0.93%,0.72%,"4,608",96,0.97%,0.64%,9.59%,12.31%,28,1,0.91%,1.33%,"671,58 €","23,85 €",25,1
B093DXB2PK,B00MDJVRG2,Arcos Latina Cuchillo para Verduras Acero Inoxidable 105 mm,100500_1_pieza,173,1,0.05%,0.01%,267,1,0.06%,0.01%,99.13%,100.00%,83,1,47.98%,100.00%,"414,17 €","4,99 €",25,1
B0G65J8F3L,B0G21CXVCW,"BIOLEAF – Limpiador Multiusos Pack 2×750 ml (1,5 L) – Limpiador Hogar Cocina y Baño – Antipolvo y Acabado Sin Marcas – Alta Eficacia – Biodegradable – Sin Disruptores Endocrinos",2668,155,1,0.05%,0.01%,231,1,0.05%,0.01%,99.52%,100.00%,26,0,16.77%,0.00%,"259,74 €","0,00 €",25,0
B08LVZCG23,B08LVZCG23,Arcos Juego de Cuchillos de Cocina Rosa | 3 pz | Cuchillo Chef para pelar Verduras | Edición Limitada | Solidaria,814500,"2,052",23,0.62%,0.22%,"2,682",31,0.57%,0.21%,99.66%,100.00%,24,0,1.17%,0.00%,"720,26 €","0,00 €",24,0
B08MT437W9,B08MT437W9,Arcos Juego Cuchillos Cocina Profesionales| Cuchillos Cocina Profesional | 6 pzas | Cuchillos Acero Inoxidable Mango Negro | utensilios de cocina serie Niza | Apto lavavajillas,812900fbm,"2,202",54,0.66%,0.52%,"3,091",74,0.65%,0.50%,99.74%,95.83%,24,5,1.09%,9.26%,"784,16 €","156,81 €",24,5
B08J488ZQG,B0987N2CBR,Arcos Juego Cuchillos Carne | 6 Piezas | Cuchillos carne cuchillo chuleteros | cubiertos acero inoxidable | Hoja 110 mm | mango monobloque | aptos lavavajillas | Caja Envase Ecológico,814000_fba,579,23,0.17%,0.22%,698,29,0.15%,0.19%,99.85%,100.00%,26,2,4.49%,8.70%,"727,74 €","55,98 €",24,2
B08LVZCG23,B08LVZCG23,Arcos Juego de Cuchillos de Cocina Rosa | 3 pz | Cuchillo Chef para pelar Verduras | Edición Limitada | Solidaria,814500_fba,"2,052",23,0.62%,0.22%,"2,682",31,0.57%,0.21%,99.66%,100.00%,24,0,1.17%,0.00%,"719,76 €","0,00 €",23,0
B017HKR8WS,B005LR7EP6,ARCOS Afilador de Cuchillos Profesional ABS,610000,"1,440",72,0.43%,0.69%,"2,201",108,0.47%,0.72%,26.78%,16.88%,22,1,1.53%,1.39%,"1.450,78 €","64,99 €",22,1
B0937XXT33,B01CQT1B5U,"Arcos Cuchillos de Mesa Juego de Cuchillos Chuleteros Cuchillos de Mesa, Monoblock de una pieza de Acero Inoxidable 110 mm, Color Plata (12 uds)",702000,394,14,0.12%,0.13%,670,25,0.14%,0.17%,77.41%,86.36%,25,4,6.35%,28.57%,"1.199,75 €","191,96 €",22,2
B07LD4MBMK,B07LD4MBMK,"HENDI Cubitera para Hielo, hielera, Recipiente para almacenar Cubitos de Hielo, BarUp, de Doble Pared, 10L, ø292x(h) 220mm, poliestireno, Blanco y Negro",H594759,214,21,0.06%,0.20%,289,39,0.06%,0.26%,89.96%,92.86%,25,8,11.68%,38.10%,"990,03 €","315,93 €",22,7
B07N7YDTMX,B07N7YDTMX,"HENDI Cesta para cubiertos, 125x84x(H) 135mm",H871324,117,20,0.04%,0.19%,194,24,0.04%,0.16%,98.04%,85.00%,32,19,27.35%,95.00%,"268,75 €","158,38 €",22,12
B08G8QCM5H,B08G8QCM5H,ARCOS cuchillo pelador | 6 PIEZAS | cuchillo de pelar | cuchillos pelar patatas | Hoja 100 mm | Negro | cuchillo arcos pelador Acero Inoxidable,816500_fbm,170,31,0.05%,0.30%,228,36,0.05%,0.24%,98.51%,100.00%,22,8,12.94%,25.81%,"417,70 €","151,84 €",21,8
B08ZNM265D,B08ZNM265D,Arcos | cuchillos de mesa cuchillo mesa tradicional | 6 Piezas cuchillo chuletero | mango nailon | Envase Eco | Fabricado en España,704400,207,3,0.06%,0.03%,320,4,0.07%,0.03%,99.24%,100.00%,28,0,13.53%,0.00%,"755,72 €","0,00 €",21,0
B0CQ5G2HVQ,B0BRNJF5D2,Arcos Serie Samoa | Lote de Sartenes 20 y 24 cm | Aluminio Forjado | Full Induction | Mango Acero Inoxidable Efecto Frio | Sistema ahorro energético | Apta lavavajillas | Color Negro,717810,576,9,0.17%,0.09%,785,12,0.17%,0.08%,69.34%,100.00%,21,0,3.65%,0.00%,"1.259,95 €","0,00 €",21,0
B0CN13SJ98,B0CN13SJ98,"HENDI Expositor con cubierta deslizante roll-top, Doble",H871768,388,34,0.12%,0.33%,573,48,0.12%,0.32%,77.82%,62.86%,22,1,5.67%,2.94%,"1.051,29 €","47,75 €",21,1
B0FGDGV4V4,B0FGDGV4V4,VINFERMATON – Insecticida Mosquitos y Moscas Casa y Terrazas Pack 2×600 ml | Spray Eliminador Insectos Voladores Interior y Exterior | Acción Inmediata Profesional | 100% MADE IN SPAIN,V1612_PACK2,205,14,0.06%,0.13%,270,17,0.06%,0.11%,95.85%,93.33%,23,9,11.22%,64.29%,"333,08 €","123,22 €",21,8
B0FT8N82NY,B0FT8N82NY,BIOLEAF® – Lavavajillas+ Desengrasante Cocina Pack 2×750 ml | Limpieza Potente Antigrasa y Vajilla Reluciente | Fórmula Biodegradable con Esencia Limón | Dermatológicamente Testado| 100% MADE IN SPAIN,3436,206,1,0.06%,0.01%,249,2,0.05%,0.01%,97.84%,0.00%,21,0,10.19%,0.00%,"209,79 €","0,00 €",21,0
B0F54LTCFF,B00J4L7FEU,Arcos Hachuela Macheta de Cocina Acero Inoxidable 160 mm,282404_us,765,24,0.23%,0.23%,"1,163",40,0.25%,0.27%,44.24%,13.16%,20,0,2.61%,0.00%,"500,23 €","0,00 €",20,0
B0GYL1GW2S,B017DLDM3A,Arcos Cuchillo Mondador Madera 65 mm,100100_us,245,8,0.07%,0.08%,368,16,0.08%,0.11%,65.59%,42.86%,41,4,16.73%,50.00%,"225,07 €","21,94 €",20,3
B07H1T4V1B,B07H1T4V1B,WINS – Fregasuelos Neutro Manzana 006 | Friegasuelos Limpiador para Suelos y Superficies con Aroma a Manzana Duradero | Garrafa 5 L | pH Neutro | 100% Made in Spain,WINS006,125,16,0.04%,0.15%,150,23,0.03%,0.15%,88.73%,58.82%,20,3,16.00%,18.75%,"217,84 €","31,01 €",20,3
B07ZJ8ZJ93,B07ZJ8ZJ93,Arcos Set Jamonero Profesional Acero Inoxidable 3 Piezas,859400_us,303,6,0.09%,0.06%,423,7,0.09%,0.05%,73.67%,100.00%,20,0,6.60%,0.00%,"599,80 €","0,00 €",20,0
B0C4DTYRJW,B094QVHPQ8,Arcos Juego Cuchillos Cocina Profesionales| Cuchillos Cocina Profesional Set Cuchillos | Mango Negro (4 Piezas),813500FBM,"1,316",13,0.40%,0.13%,"1,737",15,0.37%,0.10%,98.28%,100.00%,20,0,1.52%,0.00%,"799,00 €","0,00 €",20,0
B0GT53T29T,B0GT53T29T,Alcohol de Limpieza 75% | 2 Litros | Aroma Floral,LAGARRAFITA_ALCOHOLIMP,63,4,0.02%,0.04%,78,7,0.02%,0.05%,100.00%,100.00%,22,3,34.92%,75.00%,"219,95 €","29,97 €",20,3
B0812P3LZT,B0812P3LZT,"Arcos Nova - Set 3 Cuchillos Mantequilla - Acero Inoxidable 70 mm - Mango en color menta, naranja y limon",859900,173,3,0.05%,0.03%,225,4,0.05%,0.03%,80.30%,100.00%,20,1,11.56%,33.33%,"219,80 €","10,99 €",19,1
B0DQV6381X,B0DQDQ1DB8,CUPERINOX Jamonero | Jamonero Giratorio | Tabla Cortar Jamon | Jamoneros Profesional | Jamonero Plegable | Tabla Jamon | Cortador de Jamon,SC_20270,368,6,0.11%,0.06%,521,7,0.11%,0.05%,99.38%,100.00%,19,0,5.16%,0.00%,"669,75 €","0,00 €",19,0
B0FGDJJ12N,B0FGDJJ12N,VINFERMATON – Insecticida Avispas y Nidos Exterior 600 ml | Válvula Largo Alcance hasta 4 m | Acción Profesional Inmediata | 100% MADE IN SPAIN,V0020,164,7,0.05%,0.07%,212,8,0.04%,0.05%,90.26%,100.00%,22,1,13.41%,14.29%,"263,78 €","11,99 €",19,1
B088L4V9XQ,B07D2T8LLY,"HENDI Placa eutéctica de frío profesional, GN 1/1, para cajas térmicas, elemento refrigerante, acumulador de frío, bloque térmico, paquete de enfriamiento, placa de hielo, 530x325x(H)30mm, HDPE, azul",H707821,193,32,0.06%,0.31%,302,57,0.06%,0.38%,72.16%,50.91%,55,32,28.50%,100.00%,"1.742,41 €","1.007,11 €",18,9
B08M5K93QF,B08M5K93QF,Arcos Juego Cuchillos Mesa | 6 Uds | Cuchillo Postre | Cuchillos Mesa | Cuchillo Carne | Hoja 105 mm | Acero Inoxidable Martensítico | Mango Polipropileno | Apto lavavajillas | Envase Ecológico,703500_etq,142,4,0.04%,0.04%,212,6,0.04%,0.04%,99.46%,100.00%,18,0,12.68%,0.00%,"197,82 €","0,00 €",18,0
B0F9TD2LTH,B09CL776WP,CUPERINOX® Cuchillos de Mesa Acero Inoxidable – Set 12 Cuchillos para Carne con Filo Dentado – Aptos Lavavajillas – Uso Diario y Profesional,15015,168,34,0.05%,0.33%,266,51,0.06%,0.34%,57.80%,100.00%,19,10,11.31%,29.41%,"387,56 €","198,30 €",18,9
B0G6M1C8V6,B0D4WK78XV,CUPERINOX Aceiteras para Aceite Usado | Grasera Acero Inoxidable 550ML con Filtro Metálico | Recipiente para Aceite Usado de Cocina y Grasa | Grasera Cocina Metálica 550ML 2Uds Metálico,22105-22106,"1,146",26,0.35%,0.25%,"1,726",40,0.37%,0.27%,99.74%,100.00%,18,4,1.57%,15.38%,"213,86 €","46,00 €",18,4
B0DQV6381X,B0DQR3T9MM,CUPERINOX Jamonero Profesional | Jamonero Giratorio Inoxidable | Jamonero Plegable | Tabla Cortar Jamon | Jamonera | Soporte Jamon,SC_20250,433,7,0.13%,0.07%,642,12,0.14%,0.08%,99.49%,100.00%,18,0,4.16%,0.00%,"989,82 €","0,00 €",18,0
B08TWZYBPZ,B0FZC9C1BJ,"CUPERINOX- Set de Cuchillos Profesionales de Cocina 3 Piezas + Estuche Regalo | Chef 20 cm, Santoku 18 cm y Universal 13 cm | Acero Inoxidable Alta Precisión | Mango Ergonómico| Apto Lavavajillas",19302,"1,477",37,0.45%,0.36%,"1,963",50,0.42%,0.33%,99.94%,100.00%,18,1,1.22%,2.70%,"539,83 €","30,00 €",18,1
B08TWZYBPZ,B0FZC9C1BJ,"CUPERINOX- Set de Cuchillos Profesionales de Cocina 3 Piezas + Estuche Regalo | Chef 20 cm, Santoku 18 cm y Universal 13 cm | Acero Inoxidable Alta Precisión | Mango Ergonómico| Apto Lavavajillas",19302_FBA,"1,477",37,0.45%,0.36%,"1,963",50,0.42%,0.33%,99.94%,100.00%,18,4,1.22%,10.81%,"539,86 €","120,00 €",18,4
B017HKRCGK,B005LR7C44,ARCOS Bolsa Portacuchillos 12 Piezas Poliéster 730x510mm,690500_,603,10,0.18%,0.10%,923,12,0.20%,0.08%,58.48%,10.00%,17,0,2.82%,0.00%,"474,98 €","0,00 €",17,0
B0F54LTCFF,B07JJGTQK4,Arcos Conjunto Cuchillos 3 piezas - Acero Inoxidable Nitrum y Hoja mm. Cuchillo cocina profesional cocinar. 590 gr. Mango ergonómico polioximetileno POM. Serie Universal. Mayor control. Color negro.,807410_,372,10,0.11%,0.10%,552,11,0.12%,0.07%,58.20%,100.00%,19,1,5.11%,10.00%,"835,54 €","42,99 €",17,1
B0FR444FLT,B07JJGXYZD,Arcos Set Cocina Serie Manhattan,858100,810,25,0.24%,0.24%,"1,140",34,0.24%,0.23%,96.88%,100.00%,17,1,2.10%,4.00%,"1.395,18 €","81,99 €",17,1
B09QDH8MSK,B07N8VWHT9,Arcos Tacos - Bloque Universal para Cuchillos hasta 20 cm - Hecho de Caucho Termoplástico 220 x 160 x 65 mm - Color Negro,794500_,952,21,0.29%,0.20%,"1,431",43,0.30%,0.29%,20.35%,37.04%,18,0,1.89%,0.00%,"486,27 €","0,00 €",17,0
B08GSTDWTC,B08LVVQ3ZQ,"Arcos Serie Nova - Cuchillo para pelar, Acero Inoxidable NITRUM, Envase Ecológico, 3 colores Fucsia, Turquesa y Amarillo",703700fbm,"3,425",38,1.03%,0.37%,"4,522",50,0.96%,0.33%,80.61%,100.00%,17,0,0.50%,0.00%,"203,83 €","0,00 €",17,0
B0CYTKGNPM,B0CW66H3TR,Pelador de Tomate ARCOS - Hoja Serrada de Acero Inoxidable | Mango Ergonómico | Ideal para Tomates,607420_,"1,250",21,0.38%,0.20%,"1,432",23,0.30%,0.15%,99.15%,100.00%,19,0,1.52%,0.00%,"151,94 €","0,00 €",17,0
B0FT8QFSK3,B0FT8QFSK3,BIOLEAF® – Multiusos + Desengrasante Pack 2×750 ml | Limpieza Hogar y Cocina | Potente Antigrasa y Multiusos Brillo Duradero | Fórmula Biodegradable con Esencia Limón | 100% MADE IN SPAIN,3443,241,1,0.07%,0.01%,318,3,0.07%,0.02%,99.66%,0.00%,18,0,7.47%,0.00%,"179,82 €","0,00 €",17,0
B0G4S268RT,B0G21QLYZ1,"BIOLEAF–Lavavajillas Manual Pack 2×750 ml (1,5 L) – Detergente Concentrado Desengrasante – Vajilla Brillante y Aclarado Fácil – Biodegradable – Sin Disruptores Endocrinos",2699,97,0,0.03%,0.00%,132,0,0.03%,0.00%,97.54%,0.00%,17,0,17.53%,0.00%,"169,83 €","0,00 €",17,0
B07G75XCXM,B07G75XCXM,"Arcos Serie Cuchillos de Mesa Caja 12 uds Cuchillo Mesa, Hoja Serrada de Acero Inoxidable NITRUM de 125 mm, Mango Polipropileno Color crema (12 UDS)",370200_us,477,14,0.14%,0.13%,802,19,0.17%,0.13%,99.10%,100.00%,19,5,3.98%,35.71%,"376,11 €","96,25 €",16,2
B08GSTDWTC,B08G4D9718,"Arcos | Cuchillos 3 Colores | Cuchillo de pelar | Cuchillos pelar Patatas | Acero Inoxidable Nitrum| Envase Ecológico | Cuchillo Colores (85 mm, Amarillo, Turquesa, Naranja)",816700_francia,470,13,0.14%,0.13%,533,15,0.11%,0.10%,85.80%,100.00%,17,2,3.62%,15.38%,"165,75 €","19,50 €",16,2
B0DNNKT1W2,B0DNNJPRXB,"Cuperinox-Tetera de Cristal con Infusor para Té e Infusiones, Resistente al Calor y Compatible con Microondas ** - Infusion Prestige Collection (550 ml)",26111_,175,11,0.05%,0.11%,248,23,0.05%,0.15%,99.54%,100.00%,17,2,9.71%,18.18%,"288,83 €","33,98 €",16,1
B017HKRCGK,B005LR7AWI,ARCOS Bolsa Portacuchillos 8 Piezas Poliéster 500x510mm,690400_,607,19,0.18%,0.18%,825,26,0.17%,0.17%,49.05%,36.84%,15,2,2.47%,10.53%,"375,26 €","49,98 €",15,2
B07YM65C6J,B007TS6HMQ,ARCOS Pinza para Pescado Acero Inoxidable,605000_605010,515,27,0.16%,0.26%,734,34,0.16%,0.23%,97.41%,50.00%,15,1,2.91%,3.70%,"142,35 €","9,49 €",15,1
B0792XNYCY,B0792XNYCY,VINFER Detergente alcalino clorado Wins 022. Botella de 5 litros. Limpieza e higiene para Todo Tipo de Superficies,WINS022,105,11,0.03%,0.11%,135,13,0.03%,0.09%,91.20%,100.00%,20,6,19.05%,54.55%,"236,72 €","69,42 €",15,3
B07F8Z6XL1,B07F8Z6XL1,VINFERMATÓN - Insecticida Matón Cucas Cucarachas y Hormigas Instantáneo 300ml,V101302,175,3,0.05%,0.03%,244,3,0.05%,0.02%,68.78%,100.00%,20,0,11.43%,0.00%,"157,80 €","0,00 €",15,0
B07G76NW26,B07G76NW26,"Arcos Serie Cuchillos de Mesa Caja 12 uds Cuchillo Mesa, Hoja Serrada de Acero Inoxidable de 125 mm, Cuchillo Monoblock Acero Inoxidable Color plata (12 UDS)",460400_fbm,146,8,0.04%,0.08%,249,12,0.05%,0.08%,77.42%,100.00%,16,2,10.96%,25.00%,"709,48 €","82,98 €",15,1
B08G8QHY23,B08G8QHY23,Arcos | cuchillos chuleteros cuchillo madera cuchillo chuletero | 6 Piezas | juego cuchillos carne | cuchillos mango madera | Envase Eco | Fabricado en España,809300_,287,8,0.09%,0.08%,396,15,0.08%,0.10%,100.00%,81.82%,20,1,6.97%,12.50%,"479,80 €","23,99 €",15,1
B0DNNL2TZQ,B0DNNF3839,"CUPERINOX Aceitera de Cristal Antigoteo para Aceite de Oliva, Resistente y Fácil de Limpiar Gourmet Oil Collection (1000 Ml)",22024,316,15,0.10%,0.14%,464,20,0.10%,0.13%,99.31%,100.00%,15,0,4.75%,0.00%,"269,85 €","0,00 €",15,0
B0DNNKT1W2,B0DNNFJ5J7,"Cuperinox-Tetera de Cristal con Infusor para Té e Infusiones, Resistente al Calor y Compatible con Microondas ** - Infusion Prestige Collection (350 ml)",26110_,335,13,0.10%,0.13%,418,15,0.09%,0.10%,99.74%,100.00%,18,2,5.37%,15.38%,"269,82 €","29,98 €",15,2
B0G3ZJ89NB,B0FZCJ46CM,CUPERINOX - Set Cuchillo Jamonero+ Deshuesador Profesional Forjado 2 Piezas | Cuchillo Jamonero Alveolado 25 cm y Deshuesador 15 cm |Corte Fino y Equilibrado | Aptos para lavavajillas,19303,382,12,0.12%,0.12%,517,17,0.11%,0.11%,97.03%,100.00%,15,1,3.93%,8.33%,"374,85 €","24,99 €",15,1
B0752X1ZCK,B009KPKG8M,Arcos Cuchillos de Mesa - Cuchillo Chuletero Cuchillo de Mesa - Hoja de Acero Inoxidable NITRUM 110 mm - Mango de Nylon - Color Negro,803000_1-Pieza,303,11,0.09%,0.11%,387,13,0.08%,0.09%,91.73%,100.00%,34,5,11.22%,45.45%,"127,50 €","18,75 €",14,2
B00D3LC70Y,B00D3LC70Y,Arcos Tijeras Costura Castellana - Acero Forjado Niquelado 127 mm - Uso Doméstico y Profesional - Serie Style,502200,149,3,0.04%,0.03%,206,3,0.04%,0.02%,100.00%,100.00%,14,0,9.40%,0.00%,"146,86 €","0,00 €",14,0
B017HKSR4G,B00WUZRKJW,Arcos Cuchillos de Mesa - Hoja de Acero Inoxidable Nitrum 110 mm - Mango Ergonómico de Polipropileno - Ideal para Comedor - Color Crema - Serie Elegance,802900,198,7,0.06%,0.07%,288,8,0.06%,0.05%,99.25%,100.00%,33,0,16.67%,0.00%,"115,17 €","0,00 €",14,0
B0H5FLX5H6,B07CBLHKLN,"HENDI Cartuchos de recarga de gas GLP para HENDI Cabezales de antorchas de cocina de llama continua 198247 y 198216, recambios para soplete, paquete de 4 unidades",H199039,35,7,0.01%,0.07%,47,15,0.01%,0.10%,100.00%,100.00%,25,14,71.43%,200.00%,"352,89 €","187,75 €",14,8
B0H736YBW9,B009KKK16Y,"HENDI Pasta-gel combustible para Fondue, 3 unidades, para el quemador de alcohol para Fondue de HENDI 111420, tiempo de combustión de aproximadamente 2 horas, quemador de Fondue, 80 gr",H190036,169,7,0.05%,0.07%,228,8,0.05%,0.05%,98.48%,100.00%,20,7,11.83%,100.00%,"199,83 €","69,96 €",13,2
B08VS4FCLN,B08BX3WTPP,"Arcos Juego Cuchillos Cocina cuchillo blanco cuchillos | cuchillos cocina Maitre | 4 piezas | Chef 215 mm, Cocina 150 mm, Verduras 100 mm Tijera cocina (Blanco)",152624,162,2,0.05%,0.02%,239,2,0.05%,0.01%,100.00%,100.00%,13,1,8.02%,50.00%,"455,45 €","34,99 €",13,1
B0CQ5G2HVQ,B09T6G47Z6,"Arcos Sarten Antiadherente 26 cm - Aluminio Forjado, Full Induction, Mango Acero Inoxidable Efecto Frío, Apta Lavavajillas, Ahorro Energético, Serie Samoa",716410,139,5,0.04%,0.05%,183,5,0.04%,0.03%,80.00%,100.00%,13,0,9.35%,0.00%,"513,37 €","0,00 €",13,0
B0CTKV6X91,B0CTKV6X91,"HENDI Juego de 6 tablas de cortar HACCP con soporte, lisas, 6 colores diferentes, 6 piezas, 450x300x(H)10mm, polietileno, polipropileno",H825686,152,21,0.05%,0.20%,213,25,0.05%,0.17%,91.67%,95.65%,13,7,8.55%,33.33%,"826,13 €","433,19 €",13,7
B0DVT6KPDV,B0DT73LYPQ,"CUPERINOX Cuchillos Montessori | Set de Cuchillos Infantiles de 16 Piezas | Cuchillos Niños Aprendizaje +2 Años | Incluye Delantal, Guante de Seguridad, Moldes Tabla de Cortar | Kids Collection",27016,211,8,0.06%,0.08%,287,8,0.06%,0.05%,99.63%,100.00%,13,0,6.16%,0.00%,"260,53 €","0,00 €",13,0
B0F54LTCFF,B0044R87QE,Arcos Cuchillo Cocina Acero Inoxidable 200 mm,280604_,"2,711",104,0.82%,1.00%,"3,970",151,0.84%,1.01%,6.06%,0.00%,13,2,0.48%,1.92%,"266,36 €","40,97 €",12,1
B07DC711NK,B07DC711NK,"HENDI Batidora de Mano, Carcasa de ABS, Brazo Batidor de Acero Inoxidable, Cuchillas cruzadas con Revestimiento de Titanio, 6 Velocidades, Pantalla LCD, 250W, 230V, Procesa de 1-8 Litros, ø71x(H)444mm",H222157,186,20,0.06%,0.19%,281,31,0.06%,0.21%,93.19%,95.24%,12,3,6.45%,15.00%,"1.285,71 €","321,45 €",12,3
B093DSL44T,B07F9RV81Z,Arcos Cuchillo Chuletero de 4 Pulgadas con Hoja de 105mm en Acero Inoxidable y Mango de Madera. Cuchillo para Carne Apto para Lavavajillas. Serie Latina. Color Marrón,100400,"1,129",20,0.34%,0.19%,"1,736",28,0.37%,0.19%,53.61%,100.00%,13,0,1.15%,0.00%,"467,87 €","0,00 €",12,0
B08M7BMR2S,B08LNRV6N6,"Arcos Afiladores, Afilador de Cuchillos de Mano, Hecho de ABS + TPE, Rodillos Cerámico y Carburo, Color Blanco y Negro",610624_fbm,663,21,0.20%,0.20%,810,25,0.17%,0.17%,99.49%,100.00%,12,1,1.81%,4.76%,"164,62 €","13,70 €",12,1
B0CVH8PC99,B0CQTKPL63,CUPERINOX Cuchillos Carne | Cuchillos Mesa | Cuchillos Chuleteros | 24 Piezas | Hoja Serrada | Mango Polipropileno | Acero Inoxidable | 11 cm,99923,508,53,0.15%,0.51%,723,76,0.15%,0.51%,100.00%,100.00%,15,3,2.95%,5.66%,"301,17 €","60,30 €",12,2
B0FT8NLHQ3,B0FT8NLHQ3,BIOLEAF® – Multiusos + Limpiacristales Pack 2×750 ml | Limpieza Total Hogar | Brillo Duradero en Superficies y Cristales Sin Huellas | Fórmula Biodegradable | Dermatológicamente Testado,3450,150,0,0.05%,0.00%,172,0,0.04%,0.00%,98.80%,0.00%,12,0,8.00%,0.00%,"119,88 €","0,00 €",12,0
B0H9SL9KYG,B0H8SYBZD4,"CUPERINOX 4 Tuppers de Vidrio Herméticos, Rectangulares, sin BPA, Meal Prep",28001,134,1,0.04%,0.01%,212,1,0.04%,0.01%,100.00%,0.00%,13,0,9.70%,0.00%,"194,87 €","0,00 €",12,0
B00MDK1DM4,B00MDK1DM4,Arcos Latina Cuchillo de Cocina Acero Inoxidable 130 mm,100600_1pieza,86,1,0.03%,0.01%,141,1,0.03%,0.01%,91.94%,100.00%,25,0,29.07%,0.00%,"149,75 €","0,00 €",11,0
B0937XXT33,B01CQT1B5U,"Arcos Cuchillos de Mesa Juego de Cuchillos Chuleteros Cuchillos de Mesa, Monoblock de una pieza de Acero Inoxidable 110 mm, Color Plata (12 uds)",702000_us,394,14,0.12%,0.13%,670,25,0.14%,0.17%,77.41%,86.36%,14,1,3.55%,7.14%,"671,86 €","47,99 €",11,1
B0FWM351K4,B01N4WDTRY,CUPERINOX® Couture Series - Tijera Costura Profesional 15 cm | Acero Inoxidable Resistente | Corte Preciso para Telas y Manualidades | Uso Doméstico y Profesional,21962,90,4,0.03%,0.04%,127,5,0.03%,0.03%,95.54%,100.00%,11,1,12.22%,25.00%,"92,39 €","7,49 €",11,1
B0C4DTYRJW,B071LGMMGV,Arcos Juego Cuchillos Cocina Profesionales| Cuchillos Cocina Profesional Set Cuchillos | Mango Negro (3 Piezas),862600_,388,12,0.12%,0.12%,573,13,0.12%,0.09%,96.79%,100.00%,11,1,2.84%,8.33%,"439,89 €","39,99 €",11,1
B08M99RZRV,B08M99RZRV,Arcos | Cuchillo Jamonero Cuchillo deshuesador | 2 Uds | Set cuchillos jamoneros 250 mm y cuchillo deshuesador (140 mm) jamonero profesional | cuchillo carnicero profesional | Eco,703800,407,10,0.12%,0.10%,526,12,0.11%,0.08%,100.00%,100.00%,11,0,2.70%,0.00%,"439,89 €","0,00 €",11,0
B0CQ5G2HVQ,B09T6L1F99,"Arcos Sarten Antiadherente 28 cm - Aluminio Forjado, Full Induction, Mango Acero Inoxidable, Apta Lavavajillas, Ahorro Energético, Serie Samoa",716510,113,6,0.03%,0.06%,162,6,0.03%,0.04%,56.86%,100.00%,12,3,10.62%,50.00%,"503,40 €","125,85 €",11,2
B0CQ5G2HVQ,B09T9S9NZ4,"Arcos Sarten Antiadherente 24 cm - Aluminio Forjado, Full Induction, Mango Acero Inoxidable Efecto Frío, Apta Lavavajillas, Ahorro Energético, Serie Samoa",716310,175,2,0.05%,0.02%,251,2,0.05%,0.01%,62.70%,0.00%,11,0,6.29%,0.00%,"406,89 €","0,00 €",11,0
B0B2RHJYHB,B0B2RHJYHB,"HENDI Cesta para Freír, 8L, 242x200x(H)140mm",H933664,113,16,0.03%,0.15%,199,22,0.04%,0.15%,55.29%,66.67%,15,2,13.27%,12.50%,"569,83 €","75,96 €",11,1
B0F54LTCFF,B0044R87UA,Arcos Cuchillo Jamonero con Alveolos Acero Inoxidable 240mm,281801_,908,26,0.27%,0.25%,"1,347",44,0.28%,0.29%,9.89%,0.00%,10,0,1.10%,0.00%,"199,00 €","0,00 €",10,0
B096SHJ82T,B0044R8868,Arcos Juego de 12 Cubiertos para Mesa. Set de 6 Cuchillos Chuleteros y 6 Tenedores en Madera de Haya y Acero Inoxidable. Estuche para Carne. Serie Mesa. Color Marrón,377700_fbm,579,19,0.17%,0.18%,799,23,0.17%,0.15%,46.75%,18.75%,10,0,1.73%,0.00%,"479,90 €","0,00 €",10,0
B0F54LTCFF,B006LMX2EW,Arcos Universal Cuchillo Jamonero Acero Hoja Hueca Negro 280 mm,281901_,523,17,0.16%,0.16%,734,24,0.16%,0.16%,16.62%,40.00%,10,2,1.91%,11.76%,"233,42 €","45,50 €",10,2
B08J488ZQG,B007TS6GP4,Arcos Juego de 6 Cuchillos de Mesa Chuleteros Acero Inoxidable 110 mm,815600--,614,21,0.19%,0.20%,816,23,0.17%,0.15%,39.75%,30.43%,12,0,1.95%,0.00%,"324,33 €","0,00 €",10,0
B0752V8D5V,B00I9XTGJ6,ARCOS Taco Redondo Protector de Cuchillos Caucho Termoplástico 225 mm,794000,178,4,0.05%,0.04%,263,5,0.06%,0.03%,67.70%,25.00%,10,0,5.62%,0.00%,"250,31 €","0,00 €",10,0
B08M7BMR2S,B00I9XTLSC,ARCOS Afilador Profesional Manual Cerámica y Carbono Rojo-Negro,610600,"3,960",101,1.19%,0.97%,"5,949",148,1.26%,0.99%,0.97%,1.98%,10,0,0.25%,0.00%,"115,57 €","0,00 €",10,0
B00ID2NEMS,B00ID2NEMS,LIMPIASALPICADEROS PROFESIONAL 750 ML.,VP_SALPICADEROS_750ML,127,4,0.04%,0.04%,173,7,0.04%,0.05%,69.62%,33.33%,14,4,11.02%,100.00%,"118,31 €","31,41 €",10,1
B09HTPJMH5,B00MDJVVZY,Arcos Latina Cuchillo de Cocina Acero Inoxidable 155 mm,100700_1pza,103,2,0.03%,0.02%,154,2,0.03%,0.01%,99.35%,100.00%,15,2,14.56%,100.00%,"86,25 €","11,50 €",10,1
B0G39WX9ZQ,B00MDK1EBE,"Arcos Cuchillo Utilitario Acero Inoxidable Nitrum 5""",100600_fbm,247,6,0.07%,0.06%,416,13,0.09%,0.09%,57.64%,22.22%,25,0,10.12%,0.00%,"149,75 €","0,00 €",10,0
B0F1N351DY,B073V5RN1J,Arcos Cuchillo Mondador Acero Inoxidable NITRUM 100 mm - Ideal para Pelar Frutas y Verduras - Mango Ergonómico Polipropileno Negro - Serie Nova,816500_1pieza,715,20,0.22%,0.19%,854,24,0.18%,0.16%,95.49%,100.00%,15,2,2.10%,10.00%,"71,24 €","9,49 €",10,1
B0752X1ZCK,B07G77NN26,Arcos Cuchillos de Mesa - Caja de 12 uds Cuchillo Chuletero Cuchillo de Mesa - Hoja de Acero Inoxidable NITRUM 110 mm - Mango de Nylon - Color Negro (12 uds),803000_fmb,870,27,0.26%,0.26%,"1,294",37,0.27%,0.25%,97.48%,100.00%,11,0,1.26%,0.00%,"318,89 €","0,00 €",10,0
B0F66KBPV1,B07N7Y7LD9,HENDI Cesta de lavavajillas Profesional para Vasos,H871348,108,12,0.03%,0.12%,187,26,0.04%,0.17%,79.88%,69.57%,15,5,13.89%,41.67%,"304,05 €","88,80 €",10,1
B08M9QRSW8,B08M9QRSW8,Arcos | Juego Cuchillos cuchillos mesa | 6 Uds | cuchillo fruta | cuchillo postre | Hoja 110 mm | Acero Inoxidable Martensítico | Mango Nylon | apto lavavajillas | Envase Ecológico,703600_barras_arcos,86,0,0.03%,0.00%,122,0,0.03%,0.00%,100.00%,0.00%,14,0,16.28%,0.00%,"138,13 €","0,00 €",10,0
B08NW1VQRT,B08NW1VQRT,CUPERINOX Navaja para Setas y Champiñones | Acero Inoxidable | Con Cepillo y Funda Incluida | Micológica,2181,98,1,0.03%,0.01%,128,5,0.03%,0.03%,98.29%,100.00%,10,0,10.20%,0.00%,"104,90 €","0,00 €",10,0
B093313MH6,B093313MH6,Arcos | Cuchillo de deshuesar| Cuchillo deshuesador | cuchillo deshuesador jamón | cuchillo deshuesador (140 mm) Clásica| Envase Eco | cuchillo puntilla jamonero,256210_fba,197,9,0.06%,0.09%,276,12,0.06%,0.08%,98.33%,100.00%,10,2,5.08%,22.22%,"221,88 €","37,96 €",10,2
B09FQ5SZK8,B0968LSP2T,"Arcos Utensilios Barbacoa - Cuchillo 200 mm y Tenedor 215 mm, Acero Inoxidable NITRUM, Mango Madera Ovengkol FSC, Set 2 Piezas, Embalaje Reciclado, Serie Nordika",167000_fbm,159,5,0.05%,0.05%,230,9,0.05%,0.06%,82.35%,33.33%,10,0,6.29%,0.00%,"499,90 €","0,00 €",10,0
B09KJLG7BT,B098TFPYLY,CUPERINOX Jamonero profesional Gondola | tabla jamon | Cuchillo Jamonero Alveolos Acero Inox + Cubre Jamón Universal | Set cortar jamón (3 PZAS) | Sujeta jamones | tabla jamonero,20228FBM,160,7,0.05%,0.07%,223,12,0.05%,0.08%,96.68%,100.00%,10,0,6.25%,0.00%,"349,90 €","0,00 €",10,0
B0DKP7F29P,B0DJBZRDXV,Arcos Serie Samoa Iconic | Sarten Antiadherente Cerámico 24 cm | Aluminio Forjado | Apta cualquier cocina | Mango Acero Inoxidable | Apta lavavajillas | Color Negro | LIBRE DE (PFOA/PTFE/PFOS),716322,197,2,0.06%,0.02%,263,3,0.06%,0.02%,80.47%,100.00%,11,2,5.58%,100.00%,"439,43 €","79,88 €",10,1
B0DNNKT1W2,B0DNNJCHQP,"Cuperinox-Tetera de Cristal con Infusor para Té e Infusiones, Resistente al Calor y Compatible con Microondas ** - Infusion Prestige Collection (950 ml)",26113_,97,6,0.03%,0.06%,126,7,0.03%,0.05%,99.18%,100.00%,10,1,10.31%,16.67%,"200,23 €","19,99 €",10,1
B0G67DKSXN,B0G213X3HM,"BIOLEAF – Gel WC Antical Pack 2×750 ml (1,5 L) – Gel Espeso Acción Prolongada – Elimina Sarro y Cal – Limpieza Sanitaria Intensiva – Biodegradable – Sin Disruptores Endocrinos",2682,75,1,0.02%,0.01%,93,1,0.02%,0.01%,98.88%,0.00%,10,0,13.33%,0.00%,"100,07 €","0,00 €",10,0
B0G4SGJSBJ,B0G216DHWY,"BIOLEAF-Desincrustante Baño Antical Pack 2×750 ml (1,5 L) Elimina Cal, Marcas de Agua y Jabón – Ducha, Grifería, Azulejos y Mamparas - Limpieza Intensiva – Formato Ahorro – Sin Disruptores Endocrinos",2675,85,0,0.03%,0.00%,124,0,0.03%,0.00%,97.41%,0.00%,10,0,11.76%,0.00%,"100,07 €","0,00 €",10,0
B0H41SWHYG,B0GNZWCSKK,VINCARE Detergente Biberones y Tetinas Pack 2x – Limpieza Segura para Bebés – Elimina Restos de Leche y Olores – Apto para Chupetes y Accesorios,PM-9MUA-64P3,148,1,0.04%,0.01%,227,1,0.05%,0.01%,100.00%,0.00%,10,0,6.76%,0.00%,"149,90 €","0,00 €",10,0
B0CJDS7HN7,B00WUZT88I,ARCOS Mesa Tenedor Carne y Mesa Acero 18/10 Plata 200 mm,702100_1pieza,401,20,0.12%,0.19%,530,27,0.11%,0.18%,77.55%,64.29%,55,0,13.72%,0.00%,"206,25 €","0,00 €",9,0
B017DLH9RA,B017DLH9RA,ARCOS Cuchillo Abre Ostras Acero Inoxidable 60 mm,227200_us,83,5,0.03%,0.05%,129,7,0.03%,0.05%,88.07%,60.00%,15,8,18.07%,160.00%,"119,81 €","63,88 €",9,3
B0189HXS8Q,B017DLLIUO,Arcos Navaja Profesional Acero Inoxidable 85 mm,485929,793,23,0.24%,0.22%,"1,115",38,0.24%,0.25%,90.49%,100.00%,10,1,1.26%,4.35%,"75,29 €","7,34 €",9,1
B071LGMGHG,B071LGMGHG,Arcos Tijeras de Manicura Rectas de Acero Forjado 102 mm - Uso Profesional y Doméstico - Niqueladas Plata - Serie Style,501100,99,4,0.03%,0.04%,133,4,0.03%,0.03%,51.67%,0.00%,10,0,10.10%,0.00%,"99,90 €","0,00 €",9,0
B0788P3W3W,B0788P3W3W,WINS – Abrillantador Máquinas Lavavajillas Profesional 013 | Garrafa 5 L | Secado Rápido y Brillo sin Marcas en Vajilla | Uso Profesional | 100% Made in Spain,WINS013_5L,37,2,0.01%,0.02%,45,2,0.01%,0.01%,57.50%,100.00%,11,0,29.73%,0.00%,"180,01 €","0,00 €",9,0
B089MW6B1B,B078JNZS9T,Arcos Estuche de 3 Cuchillos Básicos de Cocina. Pack de Cuchillos con Hoja de Acero Inoxidable y Mango de Polieximetileno Aptos para Lavavajillas. Serie Universal. Color Negro,807400_us,"2,428",63,0.73%,0.61%,"3,649",89,0.77%,0.60%,10.97%,7.14%,9,1,0.37%,1.59%,"394,91 €","42,99 €",9,1
B085SNLR5G,B07DC4H82X,"HENDI Bandeja de Servicio, Redonda, Recubrimiento Antideslizante, Multiusos, para buffets, Bandeja de Cocina para Servir Comida rápida, Bebidas, Fast Food, ⌀280x(H) 20mm, Polipropileno, Negro",H878125,143,0,0.04%,0.00%,192,0,0.04%,0.00%,97.18%,0.00%,13,0,9.09%,0.00%,"129,87 €","0,00 €",9,0
B07F9GQZCB,B07F9GQZCB,Arcos Cuchillo para Verduras de 4 Pulgadas con Hoja de 105mm en Acero Inoxidable y Mango de Madera. Cuchillo para Vegetales Apto para Lavavajillas. Serie Latina. Color Marrón,100500_fba,445,8,0.13%,0.08%,726,11,0.15%,0.07%,75.84%,100.00%,10,0,2.25%,0.00%,"369,90 €","0,00 €",9,0
B07PRXR5XR,B07PRXR5XR,"HENDI Cesta de lavavajillas Profesional para Vasos, Formato Cuadrado, Estructura Abierta para circulación de Agua, 405x405x(H) 150mm, Polipropileno",H871331,87,6,0.03%,0.06%,123,10,0.03%,0.07%,91.15%,88.89%,9,1,10.34%,16.67%,"187,09 €","20,75 €",9,1
B0C5JNCFL4,B0C5JNCFL4,Arcos Serie Milano - Cubertería de 24 piezas en Caja de Regalo (6 Cuchillos + 12 Cucharas + 6 Tenedores) - Monoblock de una pieza en Acero Inoxidable - Color Plata,542000,320,10,0.10%,0.10%,502,14,0.11%,0.09%,68.43%,88.89%,11,1,3.44%,10.00%,"824,90 €","75,00 €",9,1
B0C5X757TS,B0C5X757TS,Arcos Serie Lisboa - Cubertería de 24 piezas en Caja de Regalo (6 Cuchillos + 12 Cucharas + 6 Tenedores) - Monoblock de una pieza en Acero Inoxidable - Color Plata,597400,179,11,0.05%,0.11%,286,12,0.06%,0.08%,80.24%,100.00%,10,0,5.59%,0.00%,"899,90 €","0,00 €",9,0
B0B3CWSDRQ,B00CF20V2I,ARCOS Chaira Afilador Manual Acero Carbono Cromado Negro 230 mm,278100_,296,12,0.09%,0.12%,410,17,0.09%,0.11%,28.34%,66.67%,9,2,3.04%,16.67%,"106,93 €","23,00 €",8,2
B0752NT3TH,B01L7HPNWE,ARCOS Prochef Tijeras de Cocina Acero Azul-Negro 215 mm,185623,"1,184",14,0.36%,0.13%,"1,576",17,0.33%,0.11%,16.22%,7.14%,8,0,0.68%,0.00%,"73,36 €","0,00 €",8,0
B086X1XQXD,B06Y2B85HT,"HENDI Expositor con cubierta deslizante roll-top, Simple",H871706,81,14,0.02%,0.13%,109,21,0.02%,0.14%,75.00%,66.67%,10,4,12.35%,28.57%,"442,09 €","172,15 €",8,3
B071VT3MC3,B071VT3MC3,"Arcos Tijeras Manicura Curva de Acero Forjado, Uso Profesional y Doméstico, 102 mm, Niqueladas en Plata, Serie Style",500600_,60,0,0.02%,0.00%,81,0,0.02%,0.00%,94.81%,0.00%,8,0,13.33%,0.00%,"87,92 €","0,00 €",8,0
B075ZWHQLQ,B075ZWHQLQ,Wins - Desengrasante Limpiador Profesional 001 - Garrafa 5L,WINS001,60,4,0.02%,0.04%,80,6,0.02%,0.04%,72.00%,75.00%,13,5,21.67%,125.00%,"174,04 €","66,92 €",8,2
B0788NF7BS,B0788NF7BS,WINS – Lavavajillas Manual 003 | Garrafa 5 L | Detergente Concentrado para Lavado Manual de Vajilla y Utensilios de Cocina | Uso Profesional y Doméstico | 100% Made in Spain,WINS003,63,13,0.02%,0.13%,77,19,0.02%,0.13%,39.13%,89.47%,21,21,33.33%,161.54%,"279,56 €","279,56 €",8,8
B0FR444FLT,B07JJGXYZD,Arcos Set Cocina Serie Manhattan,858100_,810,25,0.24%,0.24%,"1,140",34,0.24%,0.23%,96.88%,100.00%,8,0,0.99%,0.00%,"663,92 €","0,00 €",8,0
B09NT4VRN7,B0812BKN39,Arcos Juego de Cuchillos Mondadores de 3 Piezas,859800_barras_arcos,"14,457",286,4.36%,2.75%,"18,774",394,3.97%,2.64%,0.26%,2.33%,12,6,0.08%,2.10%,"123,00 €","61,50 €",8,2
B09MSDJQJ1,B08M3B43J6,"Arcos | Juego Cuchillo Jamonero 3 Pzas | jamonero Acero Inoxidable (240 mm), afilador Chaira y Cubre jamón | Juego Cuchillos jamonero Profesional | Paleta ibérica | Eco",704300_fbm,169,2,0.05%,0.02%,227,3,0.05%,0.02%,100.00%,100.00%,8,1,4.73%,50.00%,"239,12 €","29,89 €",8,1
B0FDL3VP7W,B0FDL3VP7W,VINFERMATON – Insecticida Moscas y Mosquitos Perfume Limón Pack 3×300 ml | Spray Eliminador Insectos Voladores Interior y Exterior | Acción Inmediata Profesional | 100% MADE IN SPAIN,V000_PACK3,121,6,0.04%,0.06%,165,9,0.03%,0.06%,94.70%,100.00%,9,2,7.44%,33.33%,"106,71 €","22,78 €",8,2
B0DKP7F29P,B0FS81RDVL,"Arcos Sartén Samoa Inox 24 cm, Acero inoxidable tricapa sin PFAS",726300,345,5,0.10%,0.05%,468,7,0.10%,0.05%,64.29%,100.00%,8,0,2.32%,0.00%,"304,22 €","0,00 €",8,0
B08TWZYBPZ,B0FZC8B2NX,"CUPERINOX - Estuche de Cuchillos Profesionales de Cocina 4 Piezas | Chef 20 cm, Santoku 18 cm, Universal 13 cm y Pelador 9 cm | Acero Inoxidable de Alta Precisión | Mango Ergonómico",19301_FBA,580,18,0.17%,0.17%,739,23,0.16%,0.15%,100.00%,100.00%,8,1,1.38%,5.56%,"279,92 €","34,99 €",8,1
B017HKG9PK,B0044R87K0,Arcos Cuchillo Cocina Acero Inoxidable Negro 160 mm,151500_fbm,871,26,0.26%,0.25%,"1,069",37,0.23%,0.25%,16.85%,0.00%,7,0,0.80%,0.00%,"105,18 €","0,00 €",7,0
B005LR65BK,B005LR65BK,Arcos Cuchillo Negro 100 mm,230200_,495,16,0.15%,0.15%,759,23,0.16%,0.15%,23.29%,12.50%,7,0,1.41%,0.00%,"139,93 €","0,00 €",7,0
B017HKS3Q8,B005LRSICO,ARCOS Soporte Magnético para Cuchillos PVC Acero y ABS 450x45 mm,692600_us,52,4,0.02%,0.04%,72,6,0.02%,0.04%,88.24%,50.00%,7,1,13.46%,25.00%,"150,11 €","18,17 €",7,1
B08XYZRKC4,B007TS6GWW,"ARCOS Juego de Cubiertos de 24 Piezas para Mesa. Cuberterí­a Completa para 6 Personas. Set de 6 Cucharas, 6 Cuchillos, 6 Tenedores y 6 Cucharas de Postre. Serie Toscana. Color Plata",572400,543,15,0.16%,0.14%,755,20,0.16%,0.13%,93.51%,100.00%,8,0,1.47%,0.00%,"559,92 €","0,00 €",7,0
B017HKRCGK,B00BHZPGHO,ARCOS Bolsa Portacuchillos para 17 Piezas Poliéster Negra,691400_,328,5,0.10%,0.05%,473,5,0.10%,0.03%,75.36%,75.00%,7,0,2.13%,0.00%,"328,93 €","0,00 €",7,0
B017DLLFES,B017DLLFES,"Arcos Navaja Profesional de Acero Inoxidable Nitrum, Hoja 85 mm, Mango de Polipropileno, Serie Navajas Profesionales, Alta Durabilidad y Rendimiento",485700_fba,285,9,0.09%,0.09%,434,18,0.09%,0.12%,59.09%,85.71%,8,0,2.81%,0.00%,"59,92 €","0,00 €",7,0
B0GH9GNJ86,B017DLM9SY,Arcos Serie Toscana - Juego de Cucharas de Mesa (3 cucharas) - Monoblock de una pieza en Acero Inoxidable 18/10 y 180 mm - Color Plata,574400_,71,3,0.02%,0.03%,90,3,0.02%,0.02%,96.47%,100.00%,13,1,18.31%,33.33%,"104,00 €","7,99 €",7,1
B079ZCF2G9,B079ZCF2G9,Arcos Nova Juego 6 Cuchillos Carne Serrados Nitrum Negro 110 mm,188900_fbm,205,7,0.06%,0.07%,366,7,0.08%,0.05%,28.06%,14.29%,7,0,3.41%,0.00%,"124,25 €","0,00 €",7,0
B0DN1WHKRN,B07MTQ5695,HENDI Batidora de Mano para Uso Profesional con Velocidad Ajustable,H222140,288,51,0.09%,0.49%,457,91,0.10%,0.61%,23.81%,24.29%,7,2,2.43%,3.92%,"1.117,73 €","318,98 €",7,2
B07N8W33BT,B07N8W33BT,ARCOS Bloque Universal para Cuchillos Caucho Termoplástico 225 mm,794400_,78,4,0.02%,0.04%,112,5,0.02%,0.03%,80.41%,40.00%,7,0,8.97%,0.00%,"174,93 €","0,00 €",7,0
B0CYTKGNPM,B0843Q6L5P,ARCOS Pelador Profesional Acero Inoxidable Cromado 130 mm,607000_,"5,197",166,1.57%,1.60%,"7,954",241,1.68%,1.61%,0.26%,8.75%,49,49,0.94%,29.52%,"212,56 €","212,56 €",7,7
B08M99RZRV,B08M99RZRV,Arcos | Cuchillo Jamonero Cuchillo deshuesador | 2 Uds | Set cuchillos jamoneros 250 mm y cuchillo deshuesador (140 mm) jamonero profesional | cuchillo carnicero profesional | Eco,703800fbm,407,10,0.12%,0.10%,526,12,0.11%,0.08%,100.00%,100.00%,7,0,1.72%,0.00%,"286,93 €","0,00 €",7,0
B08VRP7CR7,B08MTXC14T,Arcos Juego Cuchillos Carne | 6 Piezas | Cuchillos Carne Cuchillo chuleteros | Cubiertos Acero Inoxidable | Hoja 110 mm | Mango Redondo y Forma Ovalada | monobock | Caja Envase Ecológico (6 unidades),809900FBM,81,1,0.02%,0.01%,116,1,0.02%,0.01%,69.90%,100.00%,11,0,13.58%,0.00%,"307,89 €","0,00 €",7,0
B0CQLQ57BT,B08TWZGJ69,"Arcos Cazo Antiadherente 20 cm Aluminio Fundido para Todo Tipo de Cocinas, Mango Ergonómico, Ahorro Energético, Apto Lavavajillas, Negro/Azul, Serie Thera",719200,80,0,0.02%,0.00%,119,0,0.03%,0.00%,65.09%,0.00%,7,0,8.75%,0.00%,"211,75 €","0,00 €",7,0
B09T6HFG2F,B09T6HFG2F,Arcos Wok Antiadherente Aluminio Forjado 28 cm,717510,109,0,0.03%,0.00%,160,0,0.03%,0.00%,74.81%,0.00%,7,0,6.42%,0.00%,"299,25 €","0,00 €",7,0
B0CQ5G2HVQ,B09T6L1FNG,"Arcos Sarten Antiadherente 20 cm - Aluminio Forjado, Full Induction, Mango Acero Inoxidable Efecto Frío, Apta Lavavajillas, Ahorro Energético, Serie Samoa, Negro",716110,57,3,0.02%,0.03%,77,4,0.02%,0.03%,73.97%,100.00%,8,2,14.04%,66.67%,"240,61 €","59,87 €",7,1
B0DB2647JX,B0DB2647JX,Repelente de insectos VINFERMATON | Mosquitos y garrapatas | 0% DEET | Apto para niños 1 año | Protección 8 horas,V501100,171,2,0.05%,0.02%,208,5,0.04%,0.03%,98.44%,100.00%,7,0,4.09%,0.00%,"59,43 €","0,00 €",7,0
B0DPKXM18X,B0DNQT7LV3,"CUPERINOX Soporte Jamonero Balancín | Jamonero Giratorio Profesional | Jamonero Madera | Incluye Cuchillo Profesional, Afilador Funda Cubre Jamón| Jamoneros Elite Collection",20265_,"1,072",33,0.32%,0.32%,"1,885",65,0.40%,0.44%,98.19%,100.00%,7,0,0.65%,0.00%,"629,93 €","0,00 €",7,0
B0H41SWHYG,B0FDKY2RXG,VINCARE Pack Limpieza Infantil – Detergente Biberones + Multiusos + Quitamanchas – Limpieza Segura para el Entorno del Bebé- 100% MADE IN SPAIN,PACK VINCARE,68,2,0.02%,0.02%,83,2,0.02%,0.01%,100.00%,100.00%,7,0,10.29%,0.00%,"105,43 €","0,00 €",7,0
B0FH71NBJL,B0FH71NBJL,"VINFERMATÓN - Pack TRIPLE ACCIÓN Insecticida contra Moscas, Mosquitos, Cucarachas, Hormigas y Avispas - 6 ud",V9090,139,6,0.04%,0.06%,193,9,0.04%,0.06%,94.77%,100.00%,7,2,5.04%,33.33%,"187,13 €","51,28 €",7,2
B0DKP7F29P,B0FS7W73G1,"Arcos Sartén Samoa Inox 28 cm, Acero inoxidable tricapa sin antiadherente",726500,237,4,0.07%,0.04%,324,5,0.07%,0.03%,86.18%,100.00%,7,1,2.95%,25.00%,"328,65 €","46,95 €",7,1
B0DKP7F29P,B0FS7XZKVF,"Arcos Sartén Samoa Inox 20 cm, Acero inoxidable tricapa sin PFAS",726100,174,1,0.05%,0.01%,219,1,0.05%,0.01%,81.31%,100.00%,7,0,4.02%,0.00%,"237,65 €","0,00 €",7,0
B0G4RSR32Y,B0G1ZPXPWR,"BIOLEAF – Quitagrasas,Desengrasante Cocina Pack 2×750 ml (1,5 L) – Antigrasa Potente Horno, Campana, Placa y Encimeras – Limpieza Profesional – Biodegradable – Sin Disruptores Endocrinos",2644,75,3,0.02%,0.03%,99,3,0.02%,0.02%,98.92%,100.00%,7,0,9.33%,0.00%,"69,93 €","0,00 €",7,0
B0H4FXVLKL,B0H276YBLW,"VINFER- Limpiador y Abrillantador Inox Pack X2 600 ml- 1,2L | Limpieza y Protección Acero Inoxidable | Efecto Brillo Duradero | Desengrasa y Cuida Superficies Inoxidables | Spray Profesional",LIMPIADORINOX_PACK2,29,4,0.01%,0.04%,33,6,0.01%,0.04%,100.00%,100.00%,9,7,31.03%,175.00%,"134,91 €","104,93 €",7,5
B0H9SL9KYG,B0H8SZPDGG,"4 Tuppers de Vidrio Herméticos, Cuadrados, sin BPA, Meal Prep",28003,102,1,0.03%,0.01%,134,1,0.03%,0.01%,100.00%,0.00%,7,0,6.86%,0.00%,"104,93 €","0,00 €",7,0
B007093L9G,B007093L9G,"HENDI Pasta combustible, en botella, sin hollín y sin olor, tiempo de combustión ±3 horas, gel combustible, gel bioetanol, para calentar alimentos, para calientaplatos, chafing dish, 1L, 1 unidad",H195109,690,28,0.21%,0.27%,"1,024",36,0.22%,0.24%,3.24%,3.70%,18,14,2.61%,50.00%,"144,91 €","104,95 €",6,2
B0F54LTCFF,B007TS67Q2,Arcos Cuchillo Chef Acero Inoxidable 120 mm,280304,"3,146",108,0.95%,1.04%,"4,591",150,0.97%,1.00%,1.45%,2.08%,9,3,0.29%,2.78%,"116,93 €","38,99 €",6,1
B0H2ZKZVS4,B007TS6HNK,ARCOS Corta Pizzas Acero Inoxidable 100 mm,614800_,185,13,0.06%,0.13%,243,16,0.05%,0.11%,7.14%,7.69%,6,1,3.24%,7.69%,"71,94 €","11,99 €",6,1
B00I9XTKI8,B00I9XTKI8,ARCOS Taco Ovalado Protector de Cuchillos hasta 20 cm,794100_,475,18,0.14%,0.17%,651,22,0.14%,0.15%,30.43%,30.77%,6,0,1.26%,0.00%,"155,94 €","0,00 €",6,0
B0D1CYZT7H,B00JN2S0U8,"HENDI Escurridor de frituras, con asa robusta y recipiente extraíble para los restos, patatas fritas, ø410x(H)170mm, totalmente de acero inoxidable",H630808,72,12,0.02%,0.12%,94,19,0.02%,0.13%,79.07%,75.00%,6,2,8.33%,16.67%,"279,38 €","87,58 €",6,2
B00VRZ327A,B00VRZ327A,Arcos Tijeras Costura Acero Forjado 152 mm - Uso Doméstico y Profesional - Niqueladas Plata - Serie Style,502400,52,2,0.02%,0.02%,85,2,0.02%,0.01%,100.00%,100.00%,6,0,11.54%,0.00%,"71,94 €","0,00 €",6,0
B0DN1W2FX7,B01DY48HAS,"HENDI Bolsas lisas para cocción sous-vide y envasado al vacío, 100 unidades, -20 °C a +110 °C, 300x200mm, 75µm, PA/PE, sin BPA",H970683,47,8,0.01%,0.08%,82,15,0.02%,0.10%,31.94%,45.45%,14,11,29.79%,137.50%,"258,85 €","203,38 €",6,3
B071VT3QQY,B071VT3QQY,"Arcos Riviera - Juego de Cuchillos de Cocina Profesional (Mondador 100 mm, Santoku 140 mm, Chef 200 mm) - Acero Inoxidable Forjado NITRUM, Mango Ergonómico Negro - 3 Piezas en Estuche",807700_fbm,141,2,0.04%,0.02%,201,6,0.04%,0.04%,94.15%,100.00%,6,0,4.26%,0.00%,"413,40 €","0,00 €",6,0
B0F1N351DY,B072FGV2YH,Arcos Juego de 6 Cuchillos Mondadores Acero Inoxidable 100 mm,189100,"7,359",231,2.22%,2.22%,"10,945",342,2.31%,2.29%,4.33%,2.65%,6,0,0.08%,0.00%,"98,10 €","0,00 €",6,0
B07H1S3VRW,B07H1S3VRW,"Wins 005 Limpiador Fregasuelos Neutro, Aroma Cítrico, 5 L",WINS005,29,3,0.01%,0.03%,36,4,0.01%,0.03%,96.97%,100.00%,15,1,51.72%,33.33%,"164,81 €","10,95 €",6,1
B0B3F4QXML,B07HY6FKNQ,Arcos Serie Clasica - Juego de Cuchillos de 7 piezas en Caja de Regalo (5 Cuchillos + 1 Tijeras + 1 Chaira) - Hoja de Acero Inoxidable Forjado NITRUM - Mango de Polioximetileno (POM) - Color marrón,854400_2,348,10,0.10%,0.10%,469,14,0.10%,0.09%,99.56%,100.00%,6,0,1.72%,0.00%,"899,94 €","0,00 €",6,0
B09FQ5SZK8,B08MTWC7RD,Arcos Cuchillo Cocinero Acero Inoxidable Nitrum 210 mm,166800_fbm,208,3,0.06%,0.03%,294,5,0.06%,0.03%,99.64%,100.00%,6,0,2.88%,0.00%,"180,44 €","0,00 €",6,0
B08PFX1GT8,B08PFX1GT8,WINS – Fregasuelos Magnolia 017 |Friegasuelos Limpiador Neutro para Suelos y Superficies | Garrafa 5L | Aroma Magnolia Suave y Duradero | Uso Diario Profesional | 100% Made in Spain,WINS017,33,5,0.01%,0.05%,48,6,0.01%,0.04%,97.37%,100.00%,7,3,21.21%,60.00%,"73,43 €","31,47 €",6,3
B08Q7W1Q4K,B08Q7W1Q4K,"Tradineur - Pack de 2 Graseras de metal de Ø 9,3 x 11 cm - Incluye filtro, asa y tapa - Aceitera con colador para conservación de aceite de acero inoxidable - Capacidad de 550 ml",22105+22106,102,4,0.03%,0.04%,151,5,0.03%,0.03%,100.00%,100.00%,7,2,6.86%,50.00%,"76,92 €","21,97 €",6,1
B08T5Z4HFS,B08QYQYZHS,"CUPERINOX Cubiertos para marisco | Pinzas para marisco | Tenazas para marisco | 12 Unidades | Cubiertos marisco (Cangrejo, Langosta, Ostras) | Tenedor de marisco con dos dientes inferiores y cuchara.",20023_12FBA,68,6,0.02%,0.06%,85,10,0.02%,0.07%,98.84%,100.00%,16,11,23.53%,183.33%,"282,96 €","188,01 €",6,2
B08J488ZQG,B0987N2CBR,Arcos Juego Cuchillos Carne | 6 Piezas | Cuchillos carne cuchillo chuleteros | cubiertos acero inoxidable | Hoja 110 mm | mango monobloque | aptos lavavajillas | Caja Envase Ecológico,814000FBM,579,23,0.17%,0.22%,698,29,0.15%,0.19%,99.85%,100.00%,7,1,1.21%,4.35%,"195,93 €","27,99 €",6,1
B098BLF7X6,B098BLF7X6,"Tradineur - Grasera metálica para pescado con filtro, aceitera con colador para conservación de aceite de acero inoxidable, recipiente para colar aceites - Ø 9 cm",22106_us,110,0,0.03%,0.00%,142,0,0.03%,0.00%,97.69%,0.00%,6,0,5.45%,0.00%,"44,94 €","0,00 €",6,0
B09F9MH34D,B09F9MH34D,"Arcos Serie Cuchillos de Mesa Chuleteros, Mango de Polipropileno, Hoja 110 mm, Apto para Lavavajillas, Negro, 6 Piezas",805109_6piezas,94,6,0.03%,0.06%,144,10,0.03%,0.07%,78.13%,100.00%,8,2,8.51%,33.33%,"103,94 €","26,00 €",6,2
B09S5T6MJL,B09S5T6MJL,"HENDI Mezclador Profesional de Bebidas, Aireador/Batidor de Bebidas Ligeras, Frappés, Capuchinos Fríos, Drink Mixer, Incluye 2 Vasos y 4 Agitadores, 230V/400W, 170x196x(H)490mm, Caramelo",H221624,73,8,0.02%,0.08%,116,15,0.02%,0.10%,92.63%,91.67%,6,2,8.22%,25.00%,"846,52 €","247,52 €",6,2
B0CQ5G2HVQ,B09T9PKHHR,"Arcos Sarten Antiadherente 18 cm - Aluminio Forjado, Mango Acero Inoxidable Efecto Frío, Apta para Inducción y Lavavajillas, Sistema Ahorro Energético, Serie Samoa Basic",716010,106,2,0.03%,0.02%,151,3,0.03%,0.02%,65.00%,0.00%,6,0,5.66%,0.00%,"157,50 €","0,00 €",6,0
B0CRDY65RY,B09T9QCL8D,"Arcos Cazuela Antiadherente de 24 cm y 4,3 L | Aluminio Forjado | Adecuada para cualquier cocina | Mangos de Acero Inoxidable con Efecto Frío | Color Negro | Inducción completa. Serie Ollas Samoa",717010,166,3,0.05%,0.03%,244,3,0.05%,0.02%,63.09%,100.00%,6,0,3.61%,0.00%,"287,70 €","0,00 €",6,0
B09T9TSXHB,B09T9TSXHB,"Arcos Grill Antiadherente 28x28 cm - Aluminio Forjado, Full Induction, Mango Acero Inoxidable Efecto Frío, Ahorro Energético, Apta Lavavajillas, Serie Samoa",717410,75,1,0.02%,0.01%,116,1,0.02%,0.01%,81.00%,0.00%,6,0,8.00%,0.00%,"275,70 €","0,00 €",6,0
B0CQ5G2HVQ,B09T9ZC38G,"Arcos Sarten Antiadherente 22 cm - Aluminio Forjado, Full Induction, Mango Acero Inoxidable Efecto Frío, Apta Lavavajillas, Ahorro Energético, Serie Samoa",716210,106,4,0.03%,0.04%,131,4,0.03%,0.03%,70.97%,0.00%,6,0,5.66%,0.00%,"194,94 €","0,00 €",6,0
B08VRP7CR7,B09XMVTWLT,Arcos Juego Cuchillos Carne | 6 Piezas | Cuchillos Carne Cuchillo chuleteros | Cubiertos Acero Inoxidable | Hoja 110 mm | Mango Redondo y Forma Ovalada | monobock | Caja Envase Ecológico (Filo Liso),830000_,154,2,0.05%,0.02%,279,4,0.06%,0.03%,100.00%,100.00%,6,0,3.90%,0.00%,"197,94 €","0,00 €",6,0
B0CVH8PC99,B0CQRMMMR5,CUPERINOX Cuchillos Carne | Cuchillos Mesa | Cuchillos Chuleteros | 6 Piezas | Hoja Serrada | Mango Polipropileno | Acero Inoxidable | 11 cm,99901_6pzs,49,2,0.01%,0.02%,61,2,0.01%,0.01%,98.25%,100.00%,6,1,12.24%,50.00%,"59,94 €","9,99 €",6,1
B0CZXS1ZHN,B0CZXS1ZHN,"HENDI Olla de hierro fundido con 3 patas, caldero tipo potjie sudafricano, con tapa y asa, para fuego abierto y horno, 6L, ⌀245x(H)280mm",H629291,302,8,0.09%,0.08%,431,19,0.09%,0.13%,93.11%,100.00%,6,0,1.99%,0.00%,"358,50 €","0,00 €",6,0
B0DG2QX9YD,B0DG2QX9YD,"HENDI Dispensador isotérmico de bebidas, 9L",H425336,142,11,0.04%,0.11%,230,13,0.05%,0.09%,76.38%,70.00%,6,2,4.23%,18.18%,"337,50 €","112,50 €",6,2
B0DKP7F29P,B0DJBXPR33,Arcos Serie Samoa Iconic | Sarten Antiadherente Cerámico 28 cm | Aluminio Forjado | Apta cualquier cocina | Mango Acero Inoxidable | Apta lavavajillas | Color Negro | LIBRE DE (PFOA/PTFE/PFOS),716522,188,1,0.06%,0.01%,231,1,0.05%,0.01%,64.00%,100.00%,6,0,3.19%,0.00%,"299,70 €","0,00 €",6,0
B0DKP7F29P,B0DJBYB7XQ,"Arcos Serie Samoa Iconic | Cazo Antiadherente Cerámico 16 cm y 1,5 L | Aluminio Forjado | Apta cualquier cocina | Mango Acero Inoxidable | Color Beige | LIBRE DE (PFOA/PTFE/PFOS)",717224,190,3,0.06%,0.03%,239,3,0.05%,0.02%,84.85%,100.00%,6,0,3.16%,0.00%,"200,70 €","0,00 €",6,0
B0DKP7F29P,B0DJBZ635J,"Arcos Serie Samoa Iconic | Cacerola Antiadherente Cerámico 20 cm y 2,6 L | Aluminio Forjado | Apta cualquier cocina | Mango Acero Inoxidable | Color Beige | LIBRE DE (PFOA/PTFE/PFOS)",716924,533,2,0.16%,0.02%,709,2,0.15%,0.01%,54.81%,100.00%,6,0,1.13%,0.00%,"323,70 €","0,00 €",6,0
B0DKP7F29P,B0DJC17TXZ,"Arcos Serie Samoa Iconic | Cacerola Baja Antiadherente Cerámico 28 cm y 4,3 L | Aluminio Forjado | Apta cualquier cocina | Mango Acero Inoxidable | Color Beige | LIBRE DE (PFOA/PTFE/PFOS)",717124,383,6,0.12%,0.06%,532,6,0.11%,0.04%,50.51%,60.00%,6,1,1.57%,16.67%,"433,50 €","72,25 €",6,1
B0DPLG5V7Q,B0DWN7MZ3R,CUPERINOX Vaso cafe - Tazas de Espresso de Cristal - - Vaso Cristal - 80ml (Set de 6) - Apto para Lavavajillas y Microondas - Aroma Series,26120_3packs,50,3,0.02%,0.03%,75,4,0.02%,0.03%,100.00%,100.00%,8,1,16.00%,33.33%,"143,92 €","17,99 €",6,1
B0G4RT6HMS,B0G1ZZYNX6,"BIOLEAF – Limpiacristales Pack 2×750 ml (1,5 L) – Sin Marcas ni Huellas – Brillo en Cristales, Espejos y Ventanas – Secado Rápido – Biodegradable – Sin Disruptores Endocrinos",2651,29,0,0.01%,0.00%,46,0,0.01%,0.00%,100.00%,0.00%,6,0,20.69%,0.00%,"59,94 €","0,00 €",6,0
B08L8MV8XD,B005LR72SK,Arcos Juego de Cuchillos con Bloque Acero Inoxidable 6 piezas,136100_,"1,649",36,0.50%,0.35%,"2,416",48,0.51%,0.32%,10.88%,11.54%,5,1,0.30%,2.78%,"232,45 €","46,49 €",5,1
B08L8QY8T9,B007TS6GPE,"Arcos Juego de Cuchillos de Cocina cuatro piezas. 3 Cuchillos chef y 1 tijeras Acero Inoxidable y mango ergonómico polioximetileno para cortar carne, pescado y verduras. Serie Maitre. Color negro.",152600_fbm,"2,121",55,0.64%,0.53%,"3,063",82,0.65%,0.55%,5.20%,2.17%,6,0,0.28%,0.00%,"227,34 €","0,00 €",5,0
B0891RBKPX,B007TS6HCQ,ARCOS Pelador de Patatas y Verduras Profesional Acero Inoxidable 60 mm,612100,69,2,0.02%,0.02%,97,4,0.02%,0.03%,98.91%,100.00%,5,0,7.25%,0.00%,"42,45 €","0,00 €",5,0
B00D3LDXPM,B00D3LDXPM,ARCOS Abrelatas Manual Aleación de Zinc Plata-Negro 160 mm,603600,112,6,0.03%,0.06%,159,6,0.03%,0.04%,27.46%,50.00%,6,4,5.36%,66.67%,"103,93 €","68,95 €",5,3
B017DLM9V6,B017DLM9V6,"Arcos Tenedores de Postre Acero Inoxidable 18/10, Juego de 3 Piezas, Monoblock 180 mm, Serie Toscana, Ideal para Repostería y Sobremesa, Color Plata",574500_,88,1,0.03%,0.01%,108,2,0.02%,0.01%,93.94%,100.00%,8,4,9.09%,400.00%,"66,15 €","33,01 €",5,1
B08PW517ZC,B07D5FFJ36,"HENDI Bandeja de Servicio Ovalada XL, Superficie Antideslizante, 735x600x(H) 31mm, Negro, Fibra de Vidrio y Goma",H508831,55,5,0.02%,0.05%,74,8,0.02%,0.05%,100.00%,100.00%,9,5,16.36%,100.00%,"449,89 €","249,93 €",5,2
B0CTCR3BC5,B07D8WH8HL,"HENDI Recipiente Gastronorm GN 1/1, Budget Line, resistencia térmica -40 °C a 250 °C, apto para horno y baño maría, 28L, 530x325x(H) 200mm, acero inoxidable",H800157,159,13,0.05%,0.13%,210,19,0.04%,0.13%,87.75%,82.35%,9,5,5.66%,38.46%,"300,46 €","166,01 €",5,2
B0FR444FLT,B07DQRFDMB,Arcos Manhattan Cuchillo Santoku Forjado Acero POM Negro 190 mm,161600_,191,2,0.06%,0.02%,315,4,0.07%,0.03%,93.49%,100.00%,5,0,2.62%,0.00%,"172,45 €","0,00 €",5,0
B07JWG12BV,B07JWG12BV,Arcos Riviera Set 3 Cuchillos Forjados Acero Inoxidable Nitrum,807710_,116,8,0.03%,0.08%,196,13,0.04%,0.09%,71.35%,16.67%,5,0,4.31%,0.00%,"349,95 €","0,00 €",5,0
B0FR444FLT,B07N8S366Z,Arcos Cuchillo Cocina Forjado en Acero Inoxidable. Hoja Plateada 210 mm. Cuchillo Chef con Mango Profesional Micarta y Borde de Seda Especial. Serie Brooklyn. Color Azul.,190623_,328,5,0.10%,0.05%,445,6,0.09%,0.04%,91.80%,100.00%,5,0,1.52%,0.00%,"234,95 €","0,00 €",5,0
B07NDV5T2F,B07NDV5T2F,Arcos Serie Brooklyn - Cuchillo Cocinero - Hoja de Acero Inoxidable Forjado NITRUM 210 mm - Mango de Micarta Color Azul (Filo Seda),190623_fbm,69,0,0.02%,0.00%,98,0,0.02%,0.00%,97.70%,0.00%,5,0,7.25%,0.00%,"229,95 €","0,00 €",5,0
B06XB92VRH,B07T6J5JWM,CUPERINOX Cafetera Italiana Induccion Espresso Acero Inoxidable 12 Tazas,25035,225,4,0.07%,0.04%,329,12,0.07%,0.08%,98.66%,100.00%,5,0,2.22%,0.00%,"139,95 €","0,00 €",5,0
B09NT4VRN7,B0812BKN39,Arcos Juego de Cuchillos Mondadores de 3 Piezas,859800_,"14,457",286,4.36%,2.75%,"18,774",394,3.97%,2.64%,0.26%,2.33%,5,1,0.03%,0.35%,"53,75 €","9,95 €",5,1
B084TL25TZ,B084TL25TZ,HENDI Estante para rejillas para pizza/sartenes (14 ranuras) - 300x305x(H)680 mm,H810361,37,7,0.01%,0.07%,61,9,0.01%,0.06%,71.70%,100.00%,5,2,13.51%,28.57%,"298,75 €","119,50 €",5,2
B0857QG39T,B0857QG39T,"HENDI Placa eutéctica de frío profesional, GN 1/1, para cajas térmicas, elemento refrigerante, acumulador de frío, bloque térmico, de enfriamiento, placa de hielo, 530x325x(H) 30mm, HDPE, blanco",H707753,82,11,0.02%,0.11%,114,15,0.02%,0.10%,87.96%,64.71%,14,2,17.07%,18.18%,"473,05 €","67,49 €",5,1
B0862VPJ9H,B0862VPJ9H,"HENDI Cabezal de antorcha de cocina de llama continua, soplete flambeador, quemador, recargable con cartuchos de gas GLP 199039, mango ergonómico, versátil-seguro 360°, 185x65x(H)100mm, negro y verde",H198247,36,6,0.01%,0.06%,52,12,0.01%,0.08%,79.59%,88.89%,7,4,19.44%,66.67%,"174,91 €","99,94 €",5,2
B08VRP7CR7,B08G8M6QDS,Arcos Juego de Cuchillos chuleteros - Envase Ecologico 100% - 4 Cuchillos Carne - Cubiertos Mesa Acero Inoxidable,809500_,75,0,0.02%,0.00%,93,0,0.02%,0.00%,100.00%,0.00%,6,0,8.00%,0.00%,"118,50 €","0,00 €",5,0
B08G8QHY23,B08G8QHY23,Arcos | cuchillos chuleteros cuchillo madera cuchillo chuletero | 6 Piezas | juego cuchillos carne | cuchillos mango madera | Envase Eco | Fabricado en España,809300,287,8,0.09%,0.08%,396,15,0.08%,0.10%,100.00%,81.82%,5,0,1.74%,0.00%,"119,95 €","0,00 €",5,0
B0FWM351K4,B09D1V45YK,"CUPERINOX® Couture Series - Tijera Costura Profesional 16,5 cm | Acero Inoxidable Irrompible | Mango Ergonómico Antideslizante | Corte Preciso y Duradero",21951_,46,6,0.01%,0.06%,71,11,0.02%,0.07%,100.00%,100.00%,5,0,10.87%,0.00%,"36,10 €","0,00 €",5,0
B0G3ZJ89NB,B09NRLLDC6,CUPERINOX Cuchillo Jamonero + Chaira + Funda Cubre Jamón | Jamonero 240mm acero inoxidable| Afilador Chaira | Funda cubre jamón,20220,115,1,0.03%,0.01%,134,1,0.03%,0.01%,98.45%,100.00%,5,0,4.35%,0.00%,"49,95 €","0,00 €",5,0
B0CQ5G2HVQ,B09T6KY364,"Arcos Sarten Antiadherente 30 cm - Aluminio Forjado, Full Induction, Mango Acero Inoxidable Efecto Frío, Apta Lavavajillas, Ahorro Energético, Serie Samoa",716610,85,3,0.03%,0.03%,117,3,0.02%,0.02%,76.58%,100.00%,5,1,5.88%,33.33%,"227,50 €","45,50 €",5,1
B0CRDY65RY,B09T6KZ2K8,"Arcos Cacerola Antiadherente 20 cm Aluminio Forjado, Mango Efecto Frío, Apta Inducción y Lavavajillas, Ahorro Energético, 2.6 L Capacidad, Serie Samoa",716910,126,1,0.04%,0.01%,174,1,0.04%,0.01%,78.70%,0.00%,5,0,3.97%,0.00%,"214,25 €","0,00 €",5,0
B0CQ5G2HVQ,B09T6KZ499,"Arcos Sarten Antiadherente 32 cm - Aluminio Forjado, Full Induction, Mango Acero Inoxidable Efecto Frío, Apta Lavavajillas, Ahorro Energético, Serie Samoa",716710,298,3,0.09%,0.03%,394,4,0.08%,0.03%,29.23%,100.00%,5,0,1.68%,0.00%,"249,75 €","0,00 €",5,0
B0G6M1C8V6,B0D4WK78XV,CUPERINOX Aceiteras para Aceite Usado | Grasera Acero Inoxidable 550ML con Filtro Metálico | Recipiente para Aceite Usado de Cocina y Grasa | Grasera Cocina Metálica 550ML 2Uds Metálico,22105+22106pack,"1,146",26,0.35%,0.25%,"1,726",40,0.37%,0.27%,99.74%,100.00%,5,0,0.44%,0.00%,"62,45 €","0,00 €",5,0
B0D73CM824,B0D73CM824,"Arcos Cuchillo Mesa | Cuchillo Chuletero | Cuchillo Carne| Cuchillo de Mesa | Pack 12 Unidades| Hoja de Acero Inoxidable115 mm, Mango de Polipropileno Color Negro",740000,"1,222",48,0.37%,0.46%,"1,867",75,0.39%,0.50%,99.23%,100.00%,5,2,0.41%,4.17%,"149,31 €","56,34 €",5,2
B0DKP7F29P,B0DJBYWWVM,"Arcos Serie Samoa Iconic | Cacerola Antiadherente Cerámico 24 cm y 4,3 L | Aluminio Forjado | Apta cualquier cocina | Mango Acero Inoxidable | Color Negro | LIBRE DE (PFOA/PTFE/PFOS)",717022,115,1,0.03%,0.01%,147,1,0.03%,0.01%,97.86%,0.00%,5,0,4.35%,0.00%,"274,75 €","0,00 €",5,0
B0DKP7F29P,B0DJBZ5475,Arcos Serie Samoa Iconic | Sarten Antiadherente Cerámico 20 cm | Aluminio Forjado | Apta cualquier cocina | Mango Acero Inoxidable | Apta lavavajillas | Color Negro | LIBRE DE (PFOA/PTFE/PFOS),716122,155,1,0.05%,0.01%,218,1,0.05%,0.01%,87.98%,100.00%,5,0,3.23%,0.00%,"174,75 €","0,00 €",5,0
B0DKP7F29P,B0DJC114YJ,"Arcos Serie Samoa Iconic | Cacerola Antiadherente Cerámico 24 cm y 4,3 L | Aluminio Forjado | Apta cualquier cocina | Mango Acero Inoxidable | Color Beige | LIBRE DE (PFOA/PTFE/PFOS)",717024,335,3,0.10%,0.03%,456,3,0.10%,0.02%,83.02%,100.00%,5,0,1.49%,0.00%,"314,75 €","0,00 €",5,0
B0DNNKT1W2,B0DNNJPGTY,"Cuperinox-Tetera de Cristal con Infusor para Té e Infusiones, Resistente al Calor y Compatible con Microondas ** - Infusion Prestige Collection (750 ml)",26112_,87,4,0.03%,0.04%,105,4,0.02%,0.03%,98.02%,100.00%,5,0,5.75%,0.00%,"92,45 €","0,00 €",5,0
B0F9X4NXL3,B0F9GJRSSJ,"CUPERINOX Cuchillos Mesa, cuchillo carne, cuchillo mantequilla, Set 6 piezas, acero inoxidable, hoja con filo y sierra, cuchillo untar. Apto lavavajillas. Mango ergonomico",20043_6,149,5,0.04%,0.05%,173,6,0.04%,0.04%,98.83%,100.00%,5,0,3.36%,0.00%,"49,95 €","0,00 €",5,0
B0FMRN3BNT,B0FMRN3BNT,"VINFERMATON - Insecticida Multiinsectos | Pack 2 x 600 ml | Moscas, Mosquitos, Cucarachas, Hormigas y otros Insectos Voladores y Rastreros | Acción Instantánea | Aroma Limón",MULTINSECTOS_PACK2,70,2,0.02%,0.02%,95,6,0.02%,0.04%,96.43%,100.00%,5,0,7.14%,0.00%,"74,95 €","0,00 €",5,0
B0H1RQ93K4,B0GZ4V22QJ,"CUPERINOX – 12 Aros de Emplatar 8 x 4 cm de Acero Inoxidable | Moldes Redondos para Tártar, Arroces, Postres y Aperitivos | Reutilizables, Aptos para Lavavajillas",22571,41,3,0.01%,0.03%,57,3,0.01%,0.02%,98.21%,100.00%,6,4,14.63%,133.33%,"113,91 €","75,93 €",5,3
B0DDWPSK8Z,B001681JO6,"HENDI Placa de inducción de sobremesa profesional, control táctil, 60-240°C, 230V, 3500W, 342x431x(H)116mm, acero inoxidable",H239711,68,4,0.02%,0.04%,132,6,0.03%,0.04%,85.95%,100.00%,4,2,5.88%,50.00%,"1.071,00 €","535,50 €",4,2
B017HKG9PK,B0044R87VO,Arcos Maitre - Cuchillo Jamonero Flexible - Acero Inoxidable NITRUM 275 mm - Mango Polipropileno negro,151200,672,17,0.20%,0.16%,729,18,0.15%,0.12%,95.59%,92.86%,4,0,0.60%,0.00%,"63,96 €","0,00 €",4,0
B0H2G7NH42,B005LR68DU,Arcos Cuchillo Jamonero con Alveolos 250 mm,231000_,283,10,0.09%,0.10%,461,14,0.10%,0.09%,21.45%,11.11%,4,0,1.41%,0.00%,"133,96 €","0,00 €",4,0
B0H2GBGWD4,B005LR6E0C,Arcos Cuchillo Cocinero Acero Inoxidable Negro 150 mm,233400_,413,7,0.12%,0.07%,553,13,0.12%,0.09%,21.89%,0.00%,4,0,0.97%,0.00%,"107,96 €","0,00 €",4,0
B0752SPHL9,B005LR6WW2,Arcos Juego de Cuchillos de Cocina de 5 Piezas,152100_us,769,16,0.23%,0.15%,"1,252",24,0.26%,0.16%,10.03%,6.25%,4,0,0.52%,0.00%,"247,52 €","0,00 €",4,0
B0752NT3TH,B005LR77UI,ARCOS Tijeras de Cocina Acero Inoxidable 215 mm,185400,355,5,0.11%,0.05%,427,5,0.09%,0.03%,24.34%,20.00%,4,0,1.13%,0.00%,"69,96 €","0,00 €",4,0
B0B3F4QXML,B008U6TDTK,Arcos Serie Clasica - Juego de Cuchillos de 5 piezas en Caja de Regalo (5 Cuchillos) - Hoja de Acero Inoxidable Forjado NITRUM - Mando de Polioximetileno (POM) - Bloque de madera color marrón acabado lacado,257000_2,903,32,0.27%,0.31%,"1,319",42,0.28%,0.28%,98.13%,100.00%,4,0,0.44%,0.00%,"579,96 €","0,00 €",4,0
B0H2GDTT31,B00BHZPO12,Arcos Cuchillo Cocina Acero Inoxidable Blanco 180 mm,233524_,205,7,0.06%,0.07%,267,12,0.06%,0.08%,53.99%,12.50%,4,0,1.95%,0.00%,"139,96 €","0,00 €",4,0
B00BQU0FB2,B00BQU0FB2,"HENDI Filtros de papel para cafetera de goteo, 1000 unidades, desechables, papel de filtro de café, ⌀245x(H)62mm, blanco",H208656,15,6,0.00%,0.06%,20,9,0.00%,0.06%,88.24%,100.00%,5,4,33.33%,66.67%,"208,74 €","166,99 €",4,3
B00CRMZA8Q,B00CRMZA8Q,ARCOS Sacacorchos Eléctrico en ABS con Batería Interna Recargable. Abrebotellas Eléctrico Moderno y Elegante con Cortacápsulas y Luz Indicadora. Color Negro,604600_,"2,913",22,0.88%,0.21%,"4,058",37,0.86%,0.25%,18.93%,10.53%,4,0,0.14%,0.00%,"171,96 €","0,00 €",4,0
B07TXLKG42,B00GZR3MKM,"HENDI Freidora eléctrica, T ajustable hasta 190°C, termostato de seguridad, zona fría, con tapa y cesta de freír, tanque de aceite extraíble, 8L, 230V, 3500W, 265x430x(H)345mm, acero inoxidable",H205822,51,1,0.02%,0.01%,65,1,0.01%,0.01%,46.03%,0.00%,4,0,7.84%,0.00%,"675,96 €","0,00 €",4,0
B0H2G44JDB,B00J64GI70,Arcos Riviera Blanc Cuchillo Fileteador Forjado Acero Inoxidable 200 mm,233024_,88,4,0.03%,0.04%,115,4,0.02%,0.03%,43.80%,0.00%,4,0,4.55%,0.00%,"103,96 €","0,00 €",4,0
B00VRZ3BMG,B00VRZ3BMG,Arcos Tijeras Costura Acero Forjado 140 mm - Uso Doméstico y Profesional - Niqueladas Plata - Serie Style,502300_,38,0,0.01%,0.00%,64,0,0.01%,0.00%,92.73%,0.00%,4,0,10.53%,0.00%,"43,96 €","0,00 €",4,0
B00W9SPO5M,B00W9SPO5M,Arcos Tijeras de Modista de Acero Forjado 178 mm - Uso Profesional y Doméstico - Niqueladas en Plata - Serie Style,504200,46,2,0.01%,0.02%,66,3,0.01%,0.02%,100.00%,100.00%,5,2,10.87%,100.00%,"70,60 €","27,13 €",4,1
B0189HXS8Q,B015QGR3CK,Arcos Serie Navajas Profesionales - Navaja Profesional - Hoja Filo de Acero Inoxidable NITRUM de 85 mm - Navaja de Acero Inoxidable Color amarillo,485900_fbm,725,25,0.22%,0.24%,988,40,0.21%,0.27%,95.61%,90.91%,4,1,0.55%,4.00%,"29,96 €","7,49 €",4,1
B01DY57HXU,B01DY57HXU,"HENDI Combustible líquido, lata, con mecha, 24 unidades, sin hollín y sin olor, tiempo de combustión 6 horas, dietilenglicol puro, para calentadores de alimentos, calientaplatos, chafing dish, 200 gr",H193938,15,1,0.00%,0.01%,27,1,0.01%,0.01%,92.00%,0.00%,4,1,26.67%,100.00%,"217,88 €","54,24 €",4,1
B0761194MW,B0761194MW,VINFER Wins 020 Desengrasante Concentrado Profesional para la Limpieza de planchas de Cocina y hornos. Botella 5 Lt,WINS020,37,1,0.01%,0.01%,47,1,0.01%,0.01%,81.40%,100.00%,4,0,10.81%,0.00%,"71,96 €","0,00 €",4,0
B07878SB8W,B07878SB8W,WINS – Fregasuelos Limpiador Amoniacal Pino 018 | Garrafa 5 L | Friegasuelos Perfumado para Suelos y Superficies Lavables | Uso General | 100% Made in Spain,WINS018,62,3,0.02%,0.03%,77,3,0.02%,0.02%,82.86%,100.00%,9,1,14.52%,33.33%,"116,01 €","12,89 €",4,1
B07DFK4T6L,B07DFK4T6L,"Arcos Cuchillo Deshuesador Profesional - Hoja Silk Edge Acero Inoxidable Nitrum 160 mm, Precisión y Durabilidad, Mango Ergonómico POM Negro, Serie Manhattan",162600_,50,1,0.02%,0.01%,59,1,0.01%,0.01%,96.36%,100.00%,6,3,12.00%,300.00%,"166,49 €","83,24 €",4,1
B07DPBX3QM,B07DPBX3QM,"HENDI Lámpara de Calor Colgante, Altura Ajustable, Cobre",H273890,41,6,0.01%,0.06%,70,8,0.01%,0.05%,33.33%,14.29%,9,0,21.95%,0.00%,"731,25 €","0,00 €",4,0
B07G79KCFK,B07G79KCFK,"Arcos Cuchillos de Mesa Caja de 12 uds Cuchillo Chuletero Cuchillo de Mesa, Hoja de Acero Inoxidable NITRUM 105 mm, Mango de Nylon, Color Marrón (12 uds)",803800_,148,3,0.04%,0.03%,198,6,0.04%,0.04%,49.17%,100.00%,5,0,3.38%,0.00%,"199,95 €","0,00 €",4,0
B0DN1W6N4N,B07GQ354HR,"HENDI Jarra, para batidoras licuadoras HENDI 230718-230695-230688-230213-230602-230664, 2,5L, juego completo: cuchillas-jarra-tapas, batidos-cócteles-postres, 200x170x(H)360mm, policarbonato",H943489,28,5,0.01%,0.05%,47,10,0.01%,0.07%,68.89%,100.00%,4,1,14.29%,20.00%,"399,96 €","99,99 €",4,1
B07JWM27F4,B07JWM27F4,Arcos Set Cuchillos Cocina Profesionales Forjados en Acero Inoxidable. Juego de 3 Cuchillos (Pelador 100 mm + Cocinero 150 mm + Cocinero 200 mm). Mango Ergonómico Rosa en Polioximetileno. Riviera Rose,855100,247,3,0.07%,0.03%,390,5,0.08%,0.03%,98.79%,100.00%,4,0,1.62%,0.00%,"299,96 €","0,00 €",4,0
B0FR444FLT,B07N8W79GH,Arcos Manhattan Cuchillo Tallado Acero Inoxidable Nitrum 300 mm,162300_,72,1,0.02%,0.01%,121,1,0.03%,0.01%,84.40%,0.00%,5,0,6.94%,0.00%,"185,56 €","0,00 €",4,0
B07NDTGSY3,B07NDTGSY3,Arcos Serie Brooklyn - Cuchillo Rocking Santoku Cuchillo Asiático - Hoja de Acero Inoxidable Forjado NITRUM 190 mm - Mango de Micarta Color Azul (Filo Seda),191623_fbm,161,2,0.05%,0.02%,234,2,0.05%,0.01%,70.20%,100.00%,4,1,2.48%,50.00%,"169,24 €","40,99 €",4,1
B0FR444FLT,B07YYDR6D8,Arcos Juego de Cuchillos de Cocina. 3 piezas de Acero Inoxidable forjado. Impresiona yorprencon cada corte. Mango Micarta azul. Serie Brooklyn. Color Azul.,858110_,596,20,0.18%,0.19%,857,26,0.18%,0.17%,81.21%,100.00%,4,0,0.67%,0.00%,"399,96 €","0,00 €",4,0
B08M9QRSW8,B08M9QRSW8,Arcos | Juego Cuchillos cuchillos mesa | 6 Uds | cuchillo fruta | cuchillo postre | Hoja 110 mm | Acero Inoxidable Martensítico | Mango Nylon | apto lavavajillas | Envase Ecológico,703600fbm,86,0,0.03%,0.00%,122,0,0.03%,0.00%,100.00%,0.00%,4,0,4.65%,0.00%,"47,96 €","0,00 €",4,0
B08Y8NS7PN,B08MT61GJV,Arcos Juego Cuchillos Cocina | 2 pzas |Profesional (150 mm) | Cuchillo Cortador Verduras (100 mm)| Acero Inoxidable Nitrum | Mango Negro | Envase Eco,819900fbm,25,1,0.01%,0.01%,35,1,0.01%,0.01%,96.97%,100.00%,4,0,16.00%,0.00%,"71,96 €","0,00 €",4,0
B08VS4FCLN,B09HHGVG2N,"Arcos Juego Cuchillos Cocina cuchillos | Cuchillo profesional | 6 piezas | Chef 215 mm + Cocina 150 mm, Verduras 100 mm + Tijera cocina + Pelador de fruta y verdura + Pinza para pescado",854200fbm,103,1,0.03%,0.01%,140,1,0.03%,0.01%,100.00%,100.00%,4,0,3.88%,0.00%,"175,96 €","0,00 €",4,0
B0FWM351K4,B09P8M12S3,"CUPERINOX® Couture Series - Tijera Costura Profesional 12,5 cm | Acero Inoxidable de Alta Precisión | Corte Fino y Duradero | Uso Doméstico y Profesional",21961,84,4,0.03%,0.04%,112,5,0.02%,0.03%,91.07%,50.00%,5,1,5.95%,25.00%,"40,95 €","6,99 €",4,1
B0FWK4CNH3,B0B42QTHTP,CUPERINOX | Tijeras de pescado 18 cm | Tijeras Cocina | tijeras de cocinero profesional para aves pescado carne caza| Accesorios de cocina,21991_,59,1,0.02%,0.01%,83,2,0.02%,0.01%,97.44%,100.00%,4,0,6.78%,0.00%,"25,00 €","0,00 €",4,0
B0DVG51R3F,B0DVG51R3F,"HENDI Baño María Eléctrico, 3x GN 1/3 con Tapas",H238967,39,1,0.01%,0.01%,53,1,0.01%,0.01%,94.12%,0.00%,4,0,10.26%,0.00%,"650,00 €","0,00 €",4,0
B0FWK1CK18,B0FWK1CK18,"Arcos Tabla de Corte Arcos de Teca, Elegancia y Durabilidad Artesanal",706200,243,4,0.07%,0.04%,332,4,0.07%,0.03%,75.17%,100.00%,4,0,1.65%,0.00%,"339,80 €","0,00 €",4,0
B0G4F8D9B5,B0G4F8D9B5,"CUPERINOX Cuchillos Niños | Juego de Cuchillos Infantiles de 8 Piezas | Kit Cocina Método Montessori Aprendizaje +2 Años | Incluye Tabla de Cortar, Pelador y Cuchillo de Madera (8)",27007_,36,4,0.01%,0.04%,44,5,0.01%,0.03%,100.00%,100.00%,4,0,11.11%,0.00%,"47,96 €","0,00 €",4,0
B0H29K88R6,B0H29K88R6,"VINFER-Mopas Spray con Insecticida Pack 2x750 ml (1,5L)| Aerosol Doble Acción Limpieza e Insecticida | Para Insectos Rastreros | Limpia Suelos y Ayuda a Combatir Cucarachas, Hormigas y Arañas",MOPASMORADO_PACK2,56,0,0.02%,0.00%,72,0,0.02%,0.00%,100.00%,0.00%,4,0,7.14%,0.00%,"59,96 €","0,00 €",4,0
B0H2DJMJ4G,B0H2DJMJ4G,Vinagre de Limpieza | 2 Litros | Aroma Manzana,LAGARRAFIRA_VINAGRE-LIMPIEZA,37,3,0.01%,0.03%,46,3,0.01%,0.02%,100.00%,100.00%,4,1,10.81%,33.33%,"31,96 €","7,99 €",4,1
B0H9YSCFRW,B0H5CXDMCY,VINFERMATÓN Pack 2 Fregasuelos Citronela y Albahaca 1L x 2 | Total 2L | Apto Mascotas | Aroma Fresco,Fregasuelosamarillo_PACK2,34,1,0.01%,0.01%,46,1,0.01%,0.01%,100.00%,100.00%,4,0,11.76%,0.00%,"59,96 €","0,00 €",4,0
B0H9BF64PJ,B0H9BF64PJ,"Cuperinox - Carretilla Plegable + Cuerda, Carga 75 kg, Aluminio Ligero 3,2 kg, Carro de Transporte, Medidas Plegado 62 x 39 x 6 cm, Mango Telescópico, Cajas, Compras, Paquetes y Maletas",28018,61,0,0.02%,0.00%,100,0,0.02%,0.00%,100.00%,0.00%,4,0,6.56%,0.00%,"113,96 €","0,00 €",4,0
B017HKG9PK,B0044R87RS,Arcos Cuchillo para Maitre Negro 215 mm,151000,"3,175",92,0.96%,0.88%,"5,011",130,1.06%,0.87%,0.19%,0.00%,3,0,0.09%,0.00%,"44,97 €","0,00 €",3,0
B00509DM8S,B00509DM8S,HENDI Baño María Eléctrico GN 1/1,H238905,104,17,0.03%,0.16%,178,24,0.04%,0.16%,84.29%,65.00%,4,0,3.85%,0.00%,"551,00 €","0,00 €",3,0
B0H2GDTT31,B005LR6C7C,Arcos Cuchillo Cocina Acero Inoxidable Negro 180 mm,233500_,743,26,0.22%,0.25%,"1,076",34,0.23%,0.23%,6.96%,5.00%,3,0,0.40%,0.00%,"104,97 €","0,00 €",3,0
B0BSKCJNDM,B005LR72I0,Arcos Niza Cuchillo Jamonero Flexible Acero Inoxidable 230 mm,135600_fba,43,0,0.01%,0.00%,50,0,0.01%,0.00%,82.14%,0.00%,3,0,6.98%,0.00%,"32,88 €","0,00 €",3,0
B0F54LTCFF,B007TS67WG,Arcos Cuchillo Chef Acero Inoxidable 300 mm,280804,425,17,0.13%,0.16%,520,22,0.11%,0.15%,25.79%,14.29%,3,0,0.71%,0.00%,"89,25 €","0,00 €",3,0
B0H3P52PVS,B00BHZPKEI,Arcos Cuchillo Blanco 100 mm,230224_,146,6,0.04%,0.06%,230,12,0.05%,0.08%,32.74%,8.33%,3,0,2.05%,0.00%,"59,97 €","0,00 €",3,0
B017HKSTCQ,B00CFN1M6Q,ARCOS Tijeras de Cocina Multiusos 200 mm,809700_,"2,137",62,0.64%,0.60%,"3,215",88,0.68%,0.59%,25.77%,17.11%,3,1,0.14%,1.61%,"35,81 €","11,89 €",3,1
B00D3LCFRE,B00D3LCFRE,Arcos Tijeras Multiusos de Acero Inoxidable 210 mm - Costura y Tejidos - Mango ABS Gris - Serie Deluxe,521000_fbm,44,2,0.01%,0.02%,56,3,0.01%,0.02%,85.45%,100.00%,17,15,38.64%,750.00%,"407,89 €","359,91 €",3,1
B00FHTW89A,B00FHTW89A,ARCOS Chaira Afilador Acero al Carbono Cromado 300 mm,278510_,40,2,0.01%,0.02%,52,2,0.01%,0.01%,29.17%,100.00%,3,1,7.50%,50.00%,"68,97 €","22,99 €",3,1
B0DK3FSR9B,B00GZR3JD2,"HENDI Sifón de Nata, con 3 boquillas Diferentes, Soporte para el Cargador y Cepillo de Limpieza, para Nata montada, mousses, postres, 0,95L, ø95x(H) 320mm, Aluminio, Blanco",H588376,30,10,0.01%,0.10%,38,14,0.01%,0.09%,94.44%,100.00%,5,4,16.67%,40.00%,"209,75 €","167,80 €",3,2
B09381N96H,B00PKFXWJQ,Arcos Serie Cuchillos de Mesa - Cuchillo Mesa - Hoja Serrada de Acero Inoxidable NITRUM de 125 mm - Mango Polipropileno Color crema,370200_1Pieza,69,0,0.02%,0.00%,113,0,0.02%,0.00%,83.78%,0.00%,9,0,13.04%,0.00%,"31,41 €","0,00 €",3,0
B0G39VSVBM,B00U2QWO1K,Arcos Latina Cuchillo Chuletero Acero Inoxidable 105 mm,100400_1pieza,108,3,0.03%,0.03%,136,6,0.03%,0.04%,83.21%,100.00%,20,12,18.52%,400.00%,"70,22 €","40,22 €",3,1
B017HKSTCQ,B00VRWSIUO,Arcos Serie Ecopro - Tijeras de Cocina - Acero Inoxidable 240 mm - Mango de Acero Inoxidable - Color Plata,809800_,942,26,0.28%,0.25%,"1,295",34,0.27%,0.23%,0.99%,16.13%,3,2,0.32%,7.69%,"54,75 €","36,50 €",3,2
B00VRZ1YJI,B00VRZ1YJI,Arcos Tijeras Modista Acero Forjado 190 mm - Uso Doméstico y Profesional - Niqueladas Plata - Serie Style,504300,48,1,0.01%,0.01%,63,1,0.01%,0.01%,98.18%,100.00%,3,2,6.25%,200.00%,"41,97 €","27,98 €",3,2
B0H2FSM87X,B017DLG3AE,Arcos Cuchillo de Cocina Acero Inoxidable 140 mm,233224_,67,1,0.02%,0.01%,99,1,0.02%,0.01%,49.49%,0.00%,3,0,4.48%,0.00%,"83,97 €","0,00 €",3,0
B019H2J21O,B019H2J21O,"Cuperinox 22531, Flanero Inoxidable 18cm con tapa",22531_us,67,1,0.02%,0.01%,101,3,0.02%,0.02%,100.00%,100.00%,3,0,4.48%,0.00%,"26,97 €","0,00 €",3,0
B0752VKJ4B,B071LGMH3L,Arcos Set 3 Cuchillos Peladores Acero Inoxidable,189500_2,"4,064",57,1.23%,0.55%,"4,988",73,1.06%,0.49%,21.34%,0.00%,4,0,0.10%,0.00%,"43,00 €","0,00 €",3,0
B07882914Y,B07882914Y,Wins - Limpiador Suelos y Superficies Concentrado Amoniacal Pino 021 - Garrafa 5L,WINS021,32,5,0.01%,0.05%,52,7,0.01%,0.05%,87.18%,100.00%,3,2,9.38%,40.00%,"40,94 €","26,45 €",3,2
B0788R5C2F,B0788R5C2F,Wins 019 Desincrustante Máquinas. Envase 5 L. Producto ácido para la eliminación de incrustaciones de cal y óxido en máquinas lavavajillas.,BM-7KH8-TWCU,48,3,0.01%,0.03%,59,7,0.01%,0.05%,73.08%,100.00%,5,3,10.42%,100.00%,"98,74 €","59,24 €",3,1
B0DQV6381X,B079VN4MTH,CUPERINOX Jamonero de Madera Góndola Soporte para Pata y Paleta de jamón Serrano e ibérico con agarres de Metal Jamonera Economica,20200_us,104,1,0.03%,0.01%,119,1,0.03%,0.01%,98.26%,0.00%,3,0,2.88%,0.00%,"39,69 €","0,00 €",3,0
B0FWM351K4,B07MDGR8G1,CUPERINOX® Couture Series - Tijera Costura Profesional 15 cm | Acero Inoxidable Irrompible | Mango Ergonómico Antideslizante | Corte Preciso y Duradero,21950_us,31,4,0.01%,0.04%,37,7,0.01%,0.05%,100.00%,100.00%,7,2,22.58%,50.00%,"55,92 €","15,97 €",3,1
B0DH1DC8QH,B07N8TQDFR,ARCOS Tabla de Cortar de Madera con Colgador 43 x 33 cm,708300,88,6,0.03%,0.06%,140,13,0.03%,0.09%,61.24%,63.64%,3,2,3.41%,33.33%,"107,97 €","71,98 €",3,2
B0FR444FLT,B07N8VRS7L,Arcos Brooklyn Cuchillo Pelador Acero Inoxidable 100 mm,190123_,143,3,0.04%,0.03%,175,3,0.04%,0.02%,91.95%,100.00%,3,1,2.10%,33.33%,"85,46 €","28,48 €",3,1
B08L27XH2W,B08L27XH2W,"HENDI Mochila isotérmica de Transporte y Reparto de Pizzas y Alimentos, Bolsa aislada e Impermeable para la Entrega de Pedidos de Pizza y Comidas, Interior 39x39x(H) 45cm, Negra, 41x41x(H) 48cm",H709801,136,15,0.04%,0.14%,221,31,0.05%,0.21%,65.26%,33.33%,3,0,2.21%,0.00%,"209,85 €","0,00 €",3,0
B08M5K93QF,B08M5K93QF,Arcos Juego Cuchillos Mesa | 6 Uds | Cuchillo Postre | Cuchillos Mesa | Cuchillo Carne | Hoja 105 mm | Acero Inoxidable Martensítico | Mango Polipropileno | Apto lavavajillas | Envase Ecológico,703500FBM,142,4,0.04%,0.04%,212,6,0.04%,0.04%,99.46%,100.00%,3,0,2.11%,0.00%,"38,97 €","0,00 €",3,0
B09DPRCMTF,B08MW2GWPC,Arcos Juego Cuchillos Carne | Cuchillo chuleteros | Cuchillos Carne Cuchillos Mesa | 6 Uds | Hoja 110 mm | Acero Inoxidable | Mango Nylon | Apto lavavajillas | Envase Ecológico (Filo Serrado),816400fbm,148,3,0.04%,0.03%,207,4,0.04%,0.03%,100.00%,100.00%,3,0,2.03%,0.00%,"59,97 €","0,00 €",3,0
B08NW1VQRT,B08NW1VQRT,CUPERINOX Navaja para Setas y Champiñones | Acero Inoxidable | Con Cepillo y Funda Incluida | Micológica,PE2181,98,1,0.03%,0.01%,128,5,0.03%,0.03%,98.29%,100.00%,3,0,3.06%,0.00%,"31,47 €","0,00 €",3,0
B08T5Z4HFS,B08QYQYZHS,"CUPERINOX Cubiertos para marisco | Pinzas para marisco | Tenazas para marisco | 12 Unidades | Cubiertos marisco (Cangrejo, Langosta, Ostras) | Tenedor de marisco con dos dientes inferiores y cuchara.",20023_12pzs,68,6,0.02%,0.06%,85,10,0.02%,0.07%,98.84%,100.00%,3,0,4.41%,0.00%,"56,97 €","0,00 €",3,0
B0CQLP3WHM,B08TX1S5W4,"Arcos Grill Antiadherente Aluminio Fundido 34x26 cm, Apto para Todas las Cocinas, Asas Silicona, Ahorro Energético, Lavavajillas, Negro/Azul, Serie Thera",719500,69,1,0.02%,0.01%,98,1,0.02%,0.01%,27.91%,100.00%,3,0,4.35%,0.00%,"154,95 €","0,00 €",3,0
B08VW7LTT6,B08VW7LTT6,"HENDI Cabezal de antorcha de cocina de llama continua con cartucho de recarga de gas GLP 199039, soplete flambeador, quemador de gas GLP, profesional, versátil-seguro 360°, negro con acentos en verde",H198254,34,5,0.01%,0.05%,42,8,0.01%,0.05%,94.87%,100.00%,3,1,8.82%,20.00%,"106,13 €","35,57 €",3,1
B08Y8NS7PN,B08XZ8X815,"Arcos serie Maitre - juego de Cuchillos, 2 Pza, Cuchillo Cocina Profesional 150mm + Cuchillo universal 100mm, Acero Inoxidable, Rosa, Eco",814600_fmb,74,1,0.02%,0.01%,95,1,0.02%,0.01%,98.84%,0.00%,3,0,4.05%,0.00%,"53,97 €","0,00 €",3,0
B09KJLG7BT,B098K898SC,CUPERINOX Soporte Jamonero | Jamonero Profesional | Cuchillo Jamonero madera + Funda Jamon | Tabla Jamonera,20226FBM,113,1,0.03%,0.01%,130,2,0.03%,0.01%,89.92%,100.00%,3,0,2.65%,0.00%,"74,97 €","0,00 €",3,0
B09KJLG7BT,B098XWCFXT,CUPERINOX Jamonero Profesional | soporte de jamon | 5 Piezas | tabla jamonera | soporte jamonero | Kit Jamonero (tabla + cuchillo + afilador + pinza + cubre jamon,20229FBM,56,2,0.02%,0.02%,76,2,0.02%,0.01%,95.71%,100.00%,3,1,5.36%,50.00%,"155,97 €","51,99 €",3,1
B09S75R1NW,B09GPS236X,"HENDI Portacondimentos de Bar, Bandeja de Guarniciones para Cócteles BarUp, Caja Organizadora con Tapa Transparente, 6 Contenedores de Polipropileno, 480x150x(H) 100mm, HIPS, Negro",H552032,21,3,0.01%,0.03%,31,3,0.01%,0.02%,96.30%,100.00%,3,2,14.29%,66.67%,"91,07 €","60,38 €",3,2
B09MRYLZ4M,B09MRYLZ4M,Arcos Juego de Cuchillos de Cocina de 3 Piezas,167100_us,814,20,0.25%,0.19%,"1,245",27,0.26%,0.18%,15.26%,6.25%,3,0,0.37%,0.00%,"206,70 €","0,00 €",3,0
B09WYZHGQF,B09WYZHGQF,Arcos Nordika Juego 3 Cuchillos para Queso Acero Inoxidable Nitrum,167200_us,63,4,0.02%,0.04%,84,4,0.02%,0.03%,52.05%,75.00%,3,1,4.76%,25.00%,"206,40 €","68,80 €",3,1
B0C49W65HD,B0C49W65HD,Arcos Serie Nordika - Cuchillo Tomatero - Acero Inoxidable NITRUM - Hoja de 130 mm - Mango de Madera Ovengkol 100% natural de bosques certificados FSC® - Embalaje 100% reciclado,165100,55,1,0.02%,0.01%,76,1,0.02%,0.01%,94.12%,0.00%,3,0,5.45%,0.00%,"80,85 €","0,00 €",3,0
B0DNNKT1W2,B0DNNFJ5J7,"Cuperinox-Tetera de Cristal con Infusor para Té e Infusiones, Resistente al Calor y Compatible con Microondas ** - Infusion Prestige Collection (350 ml)",26110,335,13,0.10%,0.13%,418,15,0.09%,0.10%,99.74%,100.00%,8,6,2.39%,46.15%,"101,93 €","71,95 €",3,1
B0DPKXM18X,B0DNQXN97X,CUPERINOX Soporte Jamonero Inoxidable | Jamonero Plegable | Jamonero Giratorio | Jamonero Profesional | Cuchillo Jamonero Profesional y Afilador,20250_fbm,254,11,0.08%,0.11%,298,13,0.06%,0.09%,97.92%,100.00%,3,1,1.18%,9.09%,"209,97 €","69,99 €",3,1
B0DPLG5V7Q,B0DPJDWB77,CUPERINOX Tazas de Capuccino de Cristal - Vaso cafe - Vaso Cristal - 200ml (Set de 2) - Apto para Lavavajillas y Microondas - Aroma Series,26121_,28,1,0.01%,0.01%,34,2,0.01%,0.01%,100.00%,100.00%,3,1,10.71%,100.00%,"42,20 €","13,99 €",3,1
B0DVT6KPDV,B0DT75PQN7,"CUPERINOX Kit Cocina Montessori | Cuchillos Niños Aprendizaje +2 Años | Set Completo de Cuchillos Infantiles de 17 Piezas | Incluye Tijeras, Moldes, Batidor, Tabla y Cuchillo Seguro",27017_,92,1,0.03%,0.01%,118,2,0.02%,0.01%,100.00%,100.00%,3,0,3.26%,0.00%,"59,97 €","0,00 €",3,0
B0G4S268RT,B0G25TRTV6,BIOLEAF – Lavavajillas Pack 8×750 ml (6 L) | Potente contra Grasa Difícil | Vajilla Brillante Sin Residuos | Biodegradable y Dermatológicamente Testado,3764,37,1,0.01%,0.01%,40,2,0.01%,0.01%,100.00%,100.00%,3,1,8.11%,100.00%,"80,98 €","27,00 €",3,1
B0G2D49KKR,B0G2D49KKR,VINFER-WINS 010|Ambientador Floral| Pack Ahorro: Garrafa 5L + Concentrado 250 ml | Rinde 10 Litros Totales | Fragancia Elegante y Duradera para Todos los Espacios | 100% Made in Spain,WC010+010,38,5,0.01%,0.05%,44,6,0.01%,0.04%,100.00%,100.00%,3,1,7.89%,20.00%,"59,97 €","19,99 €",3,1
B0G3ZJ89NB,B0G2MT6K5N,"CUPERINOX Jamonero Inoxidable Giratorio | Jamonera base Inoxidable | Incluye Cuchillo Jamonero Alveolos 25 cm, Deshuesador 15 cm, Afilador y Funda para Jamón | Apto Jamones y Paletilla",20251,120,5,0.04%,0.05%,151,8,0.03%,0.05%,98.59%,100.00%,3,0,2.50%,0.00%,"209,97 €","0,00 €",3,0
B0H1RQ93K4,B0H1HK9X3W,"CUPERINOX- Pack de 12 emplatadores Cuadrados 6x4 cm en Acero Inoxidable. Ideales para tartares, arroces, Mousse y postres. Reutilizables, duraderos y Aptos lavavajillas.",RX-Y34O-5BFX,20,3,0.01%,0.03%,26,4,0.01%,0.03%,100.00%,100.00%,7,2,35.00%,66.67%,"118,93 €","33,98 €",3,1
B0H9SL9KYG,B0H9B59PGQ,"CUPERINOX 12 Tuppers de Vidrio Herméticos, 3 Formas, sin BPA, Meal Prep",28007,75,1,0.02%,0.01%,110,1,0.02%,0.01%,98.00%,0.00%,3,0,4.00%,0.00%,"104,97 €","0,00 €",3,0
B0B3F4QXML,B000Q8UYRK,Arcos Cuchillo Jamonero Acero Inoxidable Forjado Nitrum 300 mm,256800_fbm,130,2,0.04%,0.02%,158,4,0.03%,0.03%,64.29%,50.00%,2,0,1.54%,0.00%,"59,98 €","0,00 €",2,0
B0044R87XM,B0044R87XM,"Arcos Cuchillo cocina laerie Kyoto - Hoja Acero Inoxidable forjado Nitrum 6"" - Mango negro polioximetileno (POM) - Elegante y duradero (7'')",178900_,100,0,0.03%,0.00%,133,0,0.03%,0.00%,100.00%,0.00%,2,0,2.00%,0.00%,"99,98 €","0,00 €",2,0
B017HKG9PK,B0044R87ZU,Arcos Cuchillo Cocina Acero Inoxidable Nitrum y Hoja 180 mm. Cuchillo Utilidad Profesional. Mango ergonómico polioximetileno Pom. Serie Maitre. Color Negro.,150800_fbm,389,22,0.12%,0.21%,561,25,0.12%,0.17%,1.46%,57.14%,2,2,0.51%,9.09%,"26,50 €","26,50 €",2,2
B0050G2IOU,B0050G2IOU,"HENDI Sartén eléctrica multiusos, paellera cazuela olla plancha, de fiestas, revestimiento antiadherente, termostato, con tapa, interior: ø40cm profundidad: 5cm, 230V, 1400W, ø500x(H)190mm, aluminio",H239506,170,1,0.05%,0.01%,231,1,0.05%,0.01%,75.94%,100.00%,2,0,1.18%,0.00%,"108,50 €","0,00 €",2,0
B0752SPHL9,B005LR6W8Q,Arcos Maitre Set 5 Cuchillos Acero Inoxidable Nitrum,152000_,274,7,0.08%,0.07%,353,11,0.07%,0.07%,35.40%,83.33%,2,0,0.73%,0.00%,"123,98 €","0,00 €",2,0
B0F54LTCFF,B007TS6GFO,Arcos Universal Juego 5 Cuchillos Nitrum Bloque Pino POM Negro,285700_,954,34,0.29%,0.33%,"1,147",38,0.24%,0.25%,19.06%,10.71%,2,0,0.21%,0.00%,"209,80 €","0,00 €",2,0
B00BHZPIVI,B00BHZPIVI,Arcos Cuchillo Chef Forjado Acero Inoxidable 200 mm,233624,146,2,0.04%,0.02%,205,3,0.04%,0.02%,62.90%,0.00%,2,0,1.37%,0.00%,"64,98 €","0,00 €",2,0
B00CWZQJZG,B00CWZQJZG,"Arcos Cuchillos Mesa - Cuchillo Carne Mesa - Monobloque unaola pieza Acero Inoxidable 4"" - Color Plateado - Corta todo tipo carne conimplicidad y practicidad -erie Monobloque - Color Gris",702000_1pza_fba,62,0,0.02%,0.00%,78,0,0.02%,0.00%,75.00%,0.00%,10,0,16.13%,0.00%,"49,90 €","0,00 €",2,0
B0GDXY2XBY,B00D3LBPIE,Arcos Mesa Cuchillo Chuletero Serrado Acero Monoblock Plata 110 mm,809500_1pieza,57,3,0.02%,0.03%,71,9,0.02%,0.06%,86.25%,0.00%,2,0,3.51%,0.00%,"11,98 €","0,00 €",2,0
B0DK3FSR9B,B00GZR39CI,"HENDI Dispensador de crema, incluye juego de 3 boquillas de polipropileno y cepillo de limpieza, espumas frías, 0,5 L, 80 x 260 mm, aluminio, color blanco",H588369,13,2,0.00%,0.02%,14,2,0.00%,0.01%,100.00%,100.00%,3,2,23.08%,100.00%,"119,25 €","79,50 €",2,1
B0BV32H59Y,B00HYWUNR2,Arcos Saeta - Cuchillo Deshuesador - Hoja de Acero Inoxidable Forjado Nitrum de 145 mm - Mango de Pom - Color Negro,174700_us,13,2,0.00%,0.02%,24,5,0.01%,0.03%,100.00%,100.00%,2,0,15.38%,0.00%,"59,98 €","0,00 €",2,0
B017HKRIGE,B00I9XTOT8,"ARCOS Tabla Cortar Fibra Resina y Celulosa 13""",691610,304,9,0.09%,0.09%,462,14,0.10%,0.09%,3.85%,12.50%,2,0,0.66%,0.00%,"41,98 €","0,00 €",2,0
B0H2ZKT1ZS,B00J3ZVN54,ARCOS Cucharas de Mesa Acero Inoxidable 200 mm,574600_,300,9,0.09%,0.09%,462,15,0.10%,0.10%,0.47%,8.33%,3,1,1.00%,11.11%,"26,97 €","8,99 €",2,1
B00L7X7ONU,B00L7X7ONU,HENDI Jarra de zumo - 2 L - ø120x(H)250 mm,H425138,35,6,0.01%,0.06%,46,8,0.01%,0.05%,97.50%,100.00%,3,3,8.57%,50.00%,"59,97 €","59,97 €",2,2
B00NM2X21W,B00NM2X21W,Arcos Accesorios - Prensa Ajos Prensador de Ajos - Tamaño 160 mm - Hecho de Aleación de Zinc - Color Plata,603500_,70,1,0.02%,0.01%,95,1,0.02%,0.01%,20.69%,0.00%,2,0,2.86%,0.00%,"31,98 €","0,00 €",2,0
B0F54LTCFF,B00W1XKMSY,Arcos Universal Cuchillo Deba Asiático Acero Inoxidable Nitrum 180 mm,289804,308,6,0.09%,0.06%,350,6,0.07%,0.04%,29.88%,40.00%,2,0,0.65%,0.00%,"66,52 €","0,00 €",2,0
B017DEWUDK,B017DEWUDK,Arcos Cuchillo Acero Inoxidable 300 mm,233824_,73,3,0.02%,0.03%,95,4,0.02%,0.03%,64.29%,100.00%,2,0,2.74%,0.00%,"119,98 €","0,00 €",2,0
B0189HXOXK,B017DLLFI4,Arcos Serie Navajas Profesionales - Navaja Profesional - Hoja Filo de Acero Inoxidable NITRUM de 85 mm - Navaja de Acero Inoxidable Color naranja,485329_fbm,162,2,0.05%,0.02%,213,3,0.05%,0.02%,99.01%,0.00%,2,0,1.23%,0.00%,"14,74 €","0,00 €",2,0
B0189HXOXK,B017DLLFIO,Arcos Navaja Acero Inoxidable 85 mm,485300_fmb,145,4,0.04%,0.04%,198,6,0.04%,0.04%,97.98%,100.00%,2,0,1.38%,0.00%,"14,98 €","0,00 €",2,0
B017DLM9SO,B017DLM9SO,ARCOS Tenedores para Tartas Acero Inoxidable 18/10 140 mm,574300_,554,17,0.17%,0.16%,868,20,0.18%,0.13%,0.79%,7.14%,3,1,0.54%,5.88%,"30,25 €","9,75 €",2,1
B0752X4WZ6,B017DLMFXS,ARCOS Pinzas para Emplatar Acero Inoxidable 200 mm,606300FBM,"3,166",91,0.96%,0.88%,"4,482",136,0.95%,0.91%,0.07%,1.08%,2,0,0.06%,0.00%,"23,50 €","0,00 €",2,0
B0CKX4YV2W,B01BNH5B5M,"HENDI Expositor buffet frío UNIQ 2 pisos, Negro",H871812,124,8,0.04%,0.08%,167,12,0.04%,0.08%,96.13%,76.92%,2,2,1.61%,25.00%,"264,74 €","264,74 €",2,2
B088L1YKB9,B01DY4846U,HENDI Thermobox Kitchen Line - 53 L - 685x485x(H)260 mm,H707951,41,5,0.01%,0.05%,55,8,0.01%,0.05%,71.43%,85.71%,6,4,14.63%,80.00%,"431,69 €","287,79 €",2,1
B0DN1W2FX7,B01DY48ILG,"HENDI Bolsas lisas para cocción sous-vide y envasado al vacío, 100 unidades, -20 °C a +110 °C, 400x300mm, 75µm, PA/PE, sin BPA",H970690,17,3,0.01%,0.03%,20,4,0.00%,0.03%,65.00%,0.00%,2,0,11.76%,0.00%,"61,98 €","0,00 €",2,0
B0D1CXFSVN,B01FMS8UAQ,HENDI Abrelatas Kitchen Line - Gris claro - L 550 mm,H690000,12,2,0.00%,0.02%,17,3,0.00%,0.02%,33.33%,66.67%,2,1,16.67%,50.00%,"215,00 €","107,50 €",2,1
B0GQQDJ345,B0728B9JLB,Arcos Cuchillo carne/mesa con Hoja Acero Inoxidable Nitrum 110 mm. Mango ergonómico polioximetileno POM. Los bordeserrados los hacen perfectos para cortar. Serie Mesa. Color azul.,373723,88,4,0.03%,0.04%,110,6,0.02%,0.04%,25.47%,50.00%,14,12,15.91%,300.00%,"228,02 €","195,44 €",2,1
B0752NT3TH,B072FGV2YB,Arcos Serie Prochef - Tijeras de Cocina - Hoja de Acero Inoxidable - 220 mm - Mango de Polipropileno Color Negro,185900,212,7,0.06%,0.07%,245,7,0.05%,0.05%,2.09%,75.00%,2,0,0.94%,0.00%,"49,98 €","0,00 €",2,0
B078KJ1T6G,B078JPWR5J,"Arcos 807600 Juego de Cuchillos, Acero Inoxidable, Blanco, 45x20x5 cm, 3 Unidades",807600_,507,13,0.15%,0.13%,574,14,0.12%,0.09%,97.50%,100.00%,2,0,0.39%,0.00%,"139,98 €","0,00 €",2,0
B07CZP72RF,B07CZP72RF,"HENDI Horno de Convección Profesional H90S con Humidificación manual, 2670W, incl. 4 Bandejas de Aluminio, 2 Ventiladores, 50-300°C, Puerta Doble Cristal, 230V, 595x595x(H)570mm, Acero Inoxidable",H227077,45,2,0.01%,0.02%,82,2,0.02%,0.01%,36.92%,0.00%,2,0,4.44%,0.00%,"1.298,00 €","0,00 €",2,0
B07CZPBVZB,B07CZPBVZB,HENDI Matamoscas de alto voltaje - Cobertura: 150 m² - 230V / 45W - 640x90x(H)360 mm,H270172,23,1,0.01%,0.01%,47,1,0.01%,0.01%,95.35%,100.00%,2,0,8.70%,0.00%,"160,90 €","0,00 €",2,0
B07CZS5H54,B07CZS5H54,"HENDI Horno de Convección Profesional H90, 2670W, incl. 4 Bandejas de Aluminio, 2 Ventiladores, 50-300°C, Interior Esmaltado, Puerta Doble Cristal, 230V, 595x595x(H)570mm, Acero Inoxidable",H227060,46,3,0.01%,0.03%,60,3,0.01%,0.02%,94.64%,100.00%,2,0,4.35%,0.00%,"1.039,00 €","0,00 €",2,0
B0D1CSWF7Y,B07D5DFVN3,"HENDI Escurridor de cocina, colador, para cocinar, lavar, pasta, fideos, espaguetis, frutas, verduras, ensaladas, redondo, perforado, con base y 2 asas, ø415x(H)210 mm, acero inoxidable",H535523,6,3,0.00%,0.03%,6,3,0.00%,0.02%,66.67%,100.00%,3,3,50.00%,100.00%,"220,20 €","220,20 €",2,2
B08QF77324,B07D7FZZVY,HENDI Bandejas Gastronorm de borde fino - Melamina - GN 1/1-530x325x(H)20 mm,H566008,8,2,0.00%,0.02%,13,7,0.00%,0.05%,84.62%,100.00%,6,6,75.00%,300.00%,"152,97 €","152,97 €",2,2
B0FR444FLT,B07D8XC7NL,"Arcos Cuchillo Chef Forjado Acero Inoxidable NITRUM - Profesional Cocina, Mango Ergonómico POM Negro, Hoja Silk Edge 250 mm, Serie Manhattan",160800_,132,4,0.04%,0.04%,168,4,0.04%,0.03%,87.50%,100.00%,2,0,1.52%,0.00%,"89,98 €","0,00 €",2,0
B0H1YTB1F3,B07D9XLGXZ,"HENDI Recipiente Gastronorm GN 1/1, Kitchen Line, resistencia térmica -40 °C a 250 °C, apto para horno y baño maría, 21L, 530x325x(H) 150mm, acero inoxidable",H806142,17,1,0.01%,0.01%,22,1,0.00%,0.01%,77.27%,100.00%,2,0,11.76%,0.00%,"59,00 €","0,00 €",2,0
B0D1CV1MT6,B07D9YVLP6,"HENDI Tabla de cortar con certificación HACCP 600x400 - Blanco, 600x400mm",H825600,99,16,0.03%,0.15%,121,21,0.03%,0.14%,66.39%,47.37%,7,6,7.07%,37.50%,"278,81 €","238,42 €",2,1
B0CTHQG9QZ,B07DB3C9JY,"HENDI Recipiente Gastronorm GN 1/1 con asas, Budget Line, resistencia térmica -40 °C a 250 °C, apto para horno y baño maría, 28L, 530x325x(H) 200mm, acero inoxidable",H817155,24,6,0.01%,0.06%,30,8,0.01%,0.05%,100.00%,100.00%,2,1,8.33%,16.67%,"69,98 €","34,99 €",2,1
B0CTCW7QFZ,B07DC7ZX3W,HENDI Recipiente Gastronorm 1/1 - PC - Transparente - 28 L - 530x325x(H) 200 mm,H861202,21,3,0.01%,0.03%,34,4,0.01%,0.03%,96.88%,100.00%,2,2,9.52%,66.67%,"68,30 €","68,30 €",2,2
B0FR444FLT,B07DC8JHV4,Arcos Cuchillo verduras Acero Inoxidable. Cuchillo profesional para pelar frutas y verduras. Mango ergonómico polioximetileno y Hoja 130 mm. Serie Manhattan. Color negro.,161100_,106,2,0.03%,0.02%,126,5,0.03%,0.03%,91.06%,100.00%,2,0,1.89%,0.00%,"48,98 €","0,00 €",2,0
B0FR444FLT,B07DC9LM3W,"Arcos Cuchillo Panadero Profesional - Hoja Silk Edge 200 mm en Acero Inoxidable Nitrum, Corte Preciso y Duradero, Ideal para Pan y Pasteles, Diseño Elegante y Seguro, Serie Manhattan",161300_,137,4,0.04%,0.04%,179,4,0.04%,0.03%,89.35%,100.00%,2,0,1.46%,0.00%,"63,98 €","0,00 €",2,0
B07F22H2MV,B07F22H2MV,HENDI Juego de 9 cuchillos - Negro - 445x260x(H)65 mm,H975770,4,1,0.00%,0.01%,4,1,0.00%,0.01%,50.00%,0.00%,2,1,50.00%,100.00%,"174,16 €","78,10 €",2,1
B07G75VRY2,B07G75VRY2,"Arcos Serie Cuchillos de Mesa Caja 12 uds Cuchillo Chuletero, Hoja Serrada de Acero Inoxidable de 110 mm, Cuchillo Monoblock Acero Inoxidable Color plata (12 UDS)",375800_(809900x2),63,2,0.02%,0.02%,118,6,0.02%,0.04%,53.92%,100.00%,2,0,3.17%,0.00%,"115,98 €","0,00 €",2,0
B0GR25T577,B07G78WG8K,"Arcos Serie Cuchillos de Mesa Caja 12 uds Cuchillo Chuletero, Hoja Serrada de Acero Inoxidable de 110 mm, Cuchillo Monoblock Acero Inoxidable Color plata (12 UDS)",815900_2packs,27,2,0.01%,0.02%,35,2,0.01%,0.01%,84.85%,50.00%,3,2,11.11%,100.00%,"225,94 €","149,80 €",2,1
B0B3F4QXML,B07JWJ5LDH,Arcos Serie Clasica - Juego de Cuchillos Chuleteros (6 piezas) - Acero Inoxidable Forjado NITRUM - Mango POM - Color Negro,_854500_,86,3,0.03%,0.03%,115,3,0.02%,0.02%,100.00%,100.00%,2,0,2.33%,0.00%,"155,23 €","0,00 €",2,0
B0H3P9C3GQ,B07MZJTY16,HENDI Jarra medidora apilable - 5 L - ø210x(H)270 mm,H567852,25,2,0.01%,0.02%,43,2,0.01%,0.01%,100.00%,100.00%,2,0,8.00%,0.00%,"27,98 €","0,00 €",2,0
B0FR444FLT,B07N8TV9CC,Arcos Brooklyn Cuchillo Rebanar Jamonero Forjado Micarta Azul 250 mm,191923_,109,2,0.03%,0.02%,135,2,0.03%,0.01%,96.24%,100.00%,2,0,1.83%,0.00%,"87,98 €","0,00 €",2,0
B0FR444FLT,B07N8V34F1,"Arcos Cuchillo Santoku Acero Inoxidable Forjado con Balanceo, Mango Micarta y BorSeda Especial y Hoja Plateada 190 mm. Impresiona yorprencon Cada Corte. Serie Brooklyn. Color Azul.",191623_,138,4,0.04%,0.04%,183,4,0.04%,0.03%,90.29%,100.00%,2,0,1.45%,0.00%,"89,98 €","0,00 €",2,0
B0FR444FLT,B07N8VCFRY,Arcos Brooklyn Cuchillo Panero Acero Inoxidable Nitrum 200 mm,191323_,145,2,0.04%,0.02%,174,2,0.04%,0.01%,92.86%,100.00%,2,0,1.38%,0.00%,"81,98 €","0,00 €",2,0
B07N8W7718,B07N8W7718,Arcos Cuchillo Chef Forjado Acero Inoxidable Tamaño. Mango Profesional Micarta y BorSeda Especial con Hoja Plateada 250 mm. Impresiona yorprencon Cada Corte. Serie Brooklyn. Color Azul.,190823_,153,3,0.05%,0.03%,194,3,0.04%,0.02%,92.70%,100.00%,2,1,1.31%,33.33%,"105,98 €","52,99 €",2,1
B07N8WMVK1,B07N8WMVK1,ARCOS Taco Cajonera Organizador Bambú hasta 25 cm Marrón,794300_fbm,132,5,0.04%,0.05%,194,12,0.04%,0.08%,28.09%,60.00%,2,1,1.52%,20.00%,"63,98 €","31,99 €",2,1
B07PQS3PNH,B07PQS3PNH,"HENDI Caja de golpe de café con marco de madera, vaciado de posos de café, barra de golpeo extraíble con revestimiento de silicona, GN 1/4, 265x162x(H)100mm, madera oscura/acero inoxidable",H208380,53,3,0.02%,0.03%,75,12,0.02%,0.08%,90.16%,100.00%,2,1,3.77%,33.33%,"77,00 €","38,50 €",2,1
B07QCKLSFC,B07QCKLSFC,Cuperinox – Pack de 6 Cuchillos Chuleteros con Hoja de Acero Inoxidable Microdentada y Mango Imitación Madera – Corte Preciso y Diseño Clásico- Ecowood Series,11012_6,73,2,0.02%,0.02%,97,2,0.02%,0.01%,92.05%,0.00%,12,0,16.44%,0.00%,"107,88 €","0,00 €",2,0
B06XB92VRH,B07T6J5JWM,CUPERINOX Cafetera Italiana Induccion Espresso Acero Inoxidable 12 Tazas,25035_2,225,4,0.07%,0.04%,329,12,0.07%,0.08%,98.66%,100.00%,2,0,0.89%,0.00%,"56,00 €","0,00 €",2,0
B0FR444FLT,B07YYDR6D8,Arcos Juego de Cuchillos de Cocina. 3 piezas de Acero Inoxidable forjado. Impresiona yorprencon cada corte. Mango Micarta azul. Serie Brooklyn. Color Azul.,858110,596,20,0.18%,0.19%,857,26,0.18%,0.17%,81.21%,100.00%,2,0,0.34%,0.00%,"184,45 €","0,00 €",2,0
B0816Y7X5X,B0816Y7X5X,"HENDI Deshidratador de alimentos, con 7 bandejas, secador eléctrico de frutas y verduras, temporizador de 24 hrs, temperatura regulable 35°-70°C, 230V, 500W, 345x450x(H)315mm, acero inoxidable, PP",H229064,20,3,0.01%,0.03%,30,7,0.01%,0.05%,71.43%,85.71%,2,2,10.00%,66.67%,"379,98 €","379,98 €",2,2
B0FQNZM34T,B0843QFQB7,Arcos Set Cuchillos 5 piezas Acero Inoxidable Nitrum. Cuchillo Cocina Profesional Afilado para Cortar Carne. Mango Ergonómico Polioximetileno POM. Serie Opera. Diseño Clásico. Color Negro.,227000,289,4,0.09%,0.04%,405,4,0.09%,0.03%,99.48%,100.00%,2,0,0.69%,0.00%,"277,78 €","0,00 €",2,0
B0FQNZM34T,B0843SLMDX,Arcos Cuchillo Chef Acero Inoxidable. Cuchillo cocina profesional multipropósito para cortar y limpiar verduras. Mango ergonómico polioximetileno y Hoja 230 mm. Serie Opera. Color negro.,225200_fbm,18,0,0.01%,0.00%,21,0,0.00%,0.00%,89.47%,0.00%,2,0,11.11%,0.00%,"81,94 €","0,00 €",2,0
B08VS4FCLN,B08CY5ZRD7,"Arcos Serie Maitre - Juego Cuchillo de cocina 4 piezas, (3 cuchillos + 1 tijeras) Hoja de Acero Inoxidable NITRUM 80 mm, Mango Polipropileno Negro",152610,68,1,0.02%,0.01%,109,1,0.02%,0.01%,100.00%,100.00%,2,0,2.94%,0.00%,"79,98 €","0,00 €",2,0
B08VS4FCLN,B08CY5ZRD7,"Arcos Serie Maitre - Juego Cuchillo de cocina 4 piezas, (3 cuchillos + 1 tijeras) Hoja de Acero Inoxidable NITRUM 80 mm, Mango Polipropileno Negro",152610_,68,1,0.02%,0.01%,109,1,0.02%,0.01%,100.00%,100.00%,2,0,2.94%,0.00%,"79,98 €","0,00 €",2,0
B08T5Z4HFS,B08QYV8C1P,"CUPERINOX Cubiertos para marisco | Pinzas para marisco | Tenazas para marisco | 6 Unidades | Cubiertos marisco (Cangrejo, Langosta, Ostras) | Tenedor de marisco con dos dientes inferiores y cuchara.",20023_6Unidades,67,3,0.02%,0.03%,95,5,0.02%,0.03%,98.85%,100.00%,2,1,2.99%,33.33%,"23,98 €","11,99 €",2,1
B099G3S6KB,B099G3S6KB,Roll On Post-Picaduras VINFERMATON | Adultos y niños* | Alivio del picor y el dolor | Todo tipo de picaduras,V581100,17,0,0.01%,0.00%,22,0,0.00%,0.00%,0.00%,0.00%,2,0,11.76%,0.00%,"17,98 €","0,00 €",2,0
B09BVVKYWV,B09BVVKYWV,"CUPERINOX Navaja 5 en1 multiusos | Incluye Afilador Navaja| Funcion Abrebotella, rompecristales y corta cuerdas| Navaja Filo Liso y Sierra|",30060,47,0,0.01%,0.00%,68,0,0.01%,0.00%,100.00%,0.00%,2,0,4.26%,0.00%,"29,98 €","0,00 €",2,0
B09HRWYKDL,B09HRWYKDL,Arcos Juego de cuchillos Japoneses Profesionales | 4 piezas | Cuchillo Verduras 100 mm + Cocina 150 mm + Santoku con Alveolos 170 mm + Pelador de patatas,853100,51,0,0.02%,0.00%,57,0,0.01%,0.00%,100.00%,0.00%,2,0,3.92%,0.00%,"73,98 €","0,00 €",2,0
B0CRDY65RY,B09T9QCXL9,Arcos Cacerola Antiadherente Aluminio Forjado 28 cm,717110,866,9,0.26%,0.09%,"1,241",17,0.26%,0.11%,12.34%,14.29%,2,0,0.23%,0.00%,"97,80 €","0,00 €",2,0
B0DNBTJMLJ,B09ZHZDJRJ,FAMILIA VINCARE (DETERGENTE BIBERONES),DETERGENTE BIBERONES 500ML,35,0,0.01%,0.00%,46,0,0.01%,0.00%,0.00%,0.00%,2,0,5.71%,0.00%,"15,98 €","0,00 €",2,0
B0DK3G72TM,B0B1JNX37K,"HENDI Lavador de cucharas para helados, línea de suministro de agua de 3/8"", línea de drenaje de 3/4"", 270x111x(H)115mm, acero inoxidable AISI 304",H802007,19,3,0.01%,0.03%,27,3,0.01%,0.02%,81.48%,66.67%,2,0,10.53%,0.00%,"141,00 €","0,00 €",2,0
B0H41SWHYG,B0C2QFPLX9,FAMILIA VINCARE (MULTIUSOS INDIVIDUAL),MULTIUSOS750ML,90,3,0.03%,0.03%,112,3,0.02%,0.02%,97.03%,100.00%,2,1,2.22%,33.33%,"19,98 €","9,99 €",2,1
B0C5XR2TFF,B0C5XR2TFF,Arcos Serie Thera | Sarten Antiadherente 22 cm | Aluminio Fundido | Apta cualquier cocina | Mango Ergonómico Plástico y Silicona | Sistema ahorro energético | Apta lavavajillas | Color Negro y Azul,719800,58,0,0.02%,0.00%,77,0,0.02%,0.00%,97.06%,0.00%,2,0,3.45%,0.00%,"59,98 €","0,00 €",2,0
B0CN14GJ6L,B0CN14GJ6L,"HENDI Vitrina expositora con cubierta deslizante, mostrador Buffet, conjunto exhibidor con doble función: calentar o enfriar, kit incl. 2 bloques de gel, bandeja de acero inox, 465x315x(H)195mm, PP",H871775,23,3,0.01%,0.03%,27,3,0.01%,0.02%,78.26%,66.67%,2,0,8.70%,0.00%,"169,98 €","0,00 €",2,0
B0DG2RQFHP,B0DG2RQFHP,"HENDI Bandeja de horno GN 1/1 Convectomat – 8 moldes redondos – para huevos fritos, tortillas, panqueques, crepes – Revestimiento antiadherente – 260°C – 530x325x(H) 26mm – Acero inoxidable",H808856,10,0,0.00%,0.00%,12,0,0.00%,0.00%,54.55%,0.00%,2,1,20.00%,0.00%,"90,50 €","45,25 €",2,1
B0DKP68T32,B0DJBYWJB7,Arcos Serie Eclipse - Cuchillo de Chef - Hoja de Acero Inoxidable Forjado con Filo Seda Plus de 200 mm - Pulido Brillo Especial - Mango Acrílico - Color Negro,213500_,98,1,0.03%,0.01%,132,1,0.03%,0.01%,53.04%,100.00%,2,0,2.04%,0.00%,"149,20 €","0,00 €",2,0
B0DKP7F29P,B0DJBZ81XL,"Arcos Serie Samoa Iconic | Cacerola Baja Antiadherente Cerámico 28 cm y 4,3 L | Aluminio Forjado | Apta cualquier cocina | Mango Acero Inoxidable | Color Negro | LIBRE DE (PFOA/PTFE/PFOS)",717122,122,2,0.04%,0.02%,159,3,0.03%,0.02%,41.06%,0.00%,2,0,1.64%,0.00%,"145,90 €","0,00 €",2,0
B0DKP7F29P,B0DJC1RQ9T,"Arcos Serie Samoa Iconic | Cacerola Antiadherente Cerámico 20 cm y 2,6 L | Aluminio Forjado | Apta cualquier cocina | Mango Acero Inoxidable | Color Negro | LIBRE DE (PFOA/PTFE/PFOS)",716922,86,0,0.03%,0.00%,111,0,0.02%,0.00%,70.00%,0.00%,2,0,2.33%,0.00%,"107,90 €","0,00 €",2,0
B0DNNL2TZQ,B0DNNFGWNJ,"CUPERINOX Aceitera de Cristal Antigoteo para Aceite de Oliva, Resistente y Fácil de Limpiar Gourmet Oil Collection (500 Ml)",22023,682,40,0.21%,0.38%,990,66,0.21%,0.44%,99.45%,100.00%,2,0,0.29%,0.00%,"29,98 €","0,00 €",2,0
B0DNNKT1W2,B0DNNJPGTY,"Cuperinox-Tetera de Cristal con Infusor para Té e Infusiones, Resistente al Calor y Compatible con Microondas ** - Infusion Prestige Collection (750 ml)",26112,87,4,0.03%,0.04%,105,4,0.02%,0.03%,98.02%,100.00%,2,1,2.30%,25.00%,"35,97 €","17,48 €",2,1
B0DPLG5V7Q,B0DWN63DN4,CUPERINOX Tazas de Espresso de Cristal - Vaso cafe - Vaso Cristal - 80ml (Set de 4) - Apto para Lavavajillas y Microondas - Aroma Series,26120_2packs,19,0,0.01%,0.00%,27,0,0.01%,0.00%,100.00%,0.00%,2,0,10.53%,0.00%,"31,98 €","0,00 €",2,0
B0FJRVHBWH,B0FHKVSJNR,"CUPERINOX Tijeras peluqueria profesional 16,5cm | Tijeras corte pelo afiladas precisas hombre mujer barbero estilista | Acero inoxidable duradero | Acabado titanio elegante | Ideal uso doméstico y sal",21862,20,0,0.01%,0.00%,39,0,0.01%,0.00%,100.00%,0.00%,2,0,10.00%,0.00%,"19,98 €","0,00 €",2,0
B0DKP7F29P,B0FS7XQ88Z,"Arcos Sartén Samoa Inox 30 cm, Acero inoxidable tricapa sin PFAS",726600,107,2,0.03%,0.02%,121,2,0.03%,0.01%,51.26%,100.00%,3,0,2.80%,0.00%,"155,85 €","0,00 €",2,0
B0H4HJ1QBT,B0FZKN2FKC,Xpartan Clean | Pack 2 x 500ml | Limpiador de Suelos Multisuperficie para Robots de Limpieza | Concentrado y Perfumado para todo tipo de Robots y Marcas,XPARTAN_PACK2,20,0,0.01%,0.00%,22,0,0.00%,0.00%,90.91%,0.00%,2,0,10.00%,0.00%,"31,98 €","0,00 €",2,0
B0G4RSR32Y,B0G25YRZ7Y,"BIOLEAF® – Desengrasante Cocina Profesional Pack 8×750 ml (6 L) | Antigrasa Potente para Hornos, Campanas y Superficies | Sin Disruptores Endocrinos | Fórmula Biodegradable|100% HECHO EN ESPAÑA",3788,90,2,0.03%,0.02%,105,2,0.02%,0.01%,100.00%,100.00%,2,0,2.22%,0.00%,"59,98 €","0,00 €",2,0
B0H1RQ93K4,B0H1GXQFSG,"Pack de 12 emplatadores Cuadrados 8x4 cm en Acero Inoxidable presentaciones Gourmet, arroces, tartares y postres. Aptos lavavajillas",22573,13,4,0.00%,0.04%,15,5,0.00%,0.03%,100.00%,100.00%,4,4,30.77%,100.00%,"75,95 €","75,95 €",2,2
B0H9SL9KYG,B0H8T2L5L4,"CUPERINOX 4 Tuppers de Vidrio Herméticos, Redondos, sin BPA, Meal Prep",28005,36,0,0.01%,0.00%,50,0,0.01%,0.00%,100.00%,0.00%,2,0,5.56%,0.00%,"29,98 €","0,00 €",2,0
B0F54LTCFF,B000NOAYN6,Arcos Universal Set 2 Piezas Jamonero + Afilador Acero Inoxidable Nitrum,285500,72,5,0.02%,0.05%,86,7,0.02%,0.05%,90.12%,85.71%,1,0,1.39%,0.00%,"23,79 €","0,00 €",1,0
B0F54LTCFF,B0044R87I2,Arcos Conjunto Cuchillos 4 piezas (3 Cuchillos + 1 tijeras). Acero Inoxidable y Hoja mm. 1670 gr. Bloque madera pino. Mango ergonómico polioximetileno POM. Serie Universal. Mayor control. Color negro.,285000_us,89,7,0.03%,0.07%,152,8,0.03%,0.05%,96.45%,100.00%,1,0,1.12%,0.00%,"56,99 €","0,00 €",1,0
B0F54LTCFF,B0044R87L4,Arcos Cuchillo Panero con Hoja de Acero Inoxidable Nitrum 200 mm. Cuchillo Pan ideal para uso doméstico diario. Obtenga una gran variedad cortes parau comida. Serie Universal. Color negro.,282104_,"1,359",62,0.41%,0.60%,"1,852",97,0.39%,0.65%,0.12%,3.08%,1,1,0.07%,1.61%,"16,99 €","16,99 €",1,1
B017HKG9PK,B0044R87W8,"Arcos Cuchillo Santoku Acero Inoxidable Nitrum. Cuchillo Cocina japonés Pescado, Carne y Verduras. Mango ergonómico polioximetileno Pom y Hoja 170 mm. Multiusos. Serie Maitre. Color Negro.",151600_fba,"2,344",51,0.71%,0.49%,"3,504",61,0.74%,0.41%,0.03%,0.00%,1,0,0.04%,0.00%,"18,75 €","0,00 €",1,0
B00YTW5C8U,B0044R87YG,Arcos Cuchillo Carnicero Acero Inoxidable Nitrum 160 mm,241600,16,0,0.00%,0.00%,22,0,0.00%,0.00%,57.14%,0.00%,1,0,6.25%,0.00%,"16,99 €","0,00 €",1,0
B017HKG9PK,B0044R87YQ,Arcos Cuchillo para Maitre Negro 100 mm,150500_pp,"1,042",26,0.31%,0.25%,"1,421",28,0.30%,0.19%,0.22%,13.33%,1,0,0.10%,0.00%,"9,95 €","0,00 €",1,0
B00509FC90,B00509FC90,"HENDI Baño María eléctrico, con grifo, sistema de calentamiento al baño María, temperatura regulable 30°C a 85°C, 1x GN 1/1, 2x GN 1/2, 3x GN 1/3, 19L, 230V, 1000W, 605x332x(H)242mm, acero inoxidable",H238912,25,6,0.01%,0.06%,33,10,0.01%,0.07%,51.61%,22.22%,1,0,4.00%,0.00%,"151,25 €","0,00 €",1,0
B00511UCBK,B00511UCBK,HENDI Fuente Gastronorm 1/2 - Porcelana - GN 1/2-325x265x(H) 65 mm,H783016,8,3,0.00%,0.03%,8,3,0.00%,0.02%,71.43%,50.00%,7,7,87.50%,233.33%,"230,64 €","230,64 €",1,1
B005LR6JFW,B005LR6JFW,Arcos Conjunto Cuchillos 5 piezas Acero Inoxidable y Hoja mm. 3750 gr. Cuchillo cocina profesional cortar una variedad alimentos con mango ergonómico polioximetileno POM. Serie Riviera. Color negro.,234300_,67,1,0.02%,0.01%,93,2,0.02%,0.01%,65.52%,0.00%,1,0,1.49%,0.00%,"134,99 €","0,00 €",1,0
B0G39YHQ3Y,B005LR6ZJM,Arcos Cuchillo Verduras Acero Inoxidable 110 mm,135200,790,19,0.24%,0.18%,"1,152",26,0.24%,0.17%,0.29%,18.75%,2,2,0.25%,10.53%,"15,97 €","15,97 €",1,1
B0752NT3TH,B005LR7726,Arcos Serie Prochef - Tijeras de Cocina - Hoja de Acero Inoxidable - 210 mm - Mango de Polipropileno Color negro y rojo,185601_barras_Arcos,27,2,0.01%,0.02%,38,3,0.01%,0.02%,2.63%,33.33%,1,1,3.70%,50.00%,"7,22 €","7,22 €",1,1
B017HKRCGK,B005LR7A1Y,ARCOS Bolsa para Cuchillos 100% Poliéster 460x275 mm,690200,"1,773",43,0.53%,0.41%,"2,829",76,0.60%,0.51%,47.34%,58.33%,1,0,0.06%,0.00%,"17,49 €","0,00 €",1,0
B017HKR8WS,B005LRSIK6,ARCOS Afilador de Bolsillo Profesional,610200_fbm,540,17,0.16%,0.16%,761,22,0.16%,0.15%,0.00%,0.00%,1,1,0.19%,5.88%,"37,75 €","37,75 €",1,1
B00XJBJO4K,B005LRSJ5A,Arcos Guantes de Protección - Guante de Malla Guante de Protección - Acero Inoxidable Size S 240 mm - Color Gris,615200,25,2,0.01%,0.02%,31,3,0.01%,0.02%,48.28%,0.00%,1,0,4.00%,0.00%,"120,95 €","0,00 €",1,0
B0F54LTCFF,B007TS67OY,Arcos Cuchillo Chef Acero Inoxidable 155 mm,280404_fbm,"1,001",25,0.30%,0.24%,"1,323",29,0.28%,0.19%,7.30%,8.00%,1,0,0.10%,0.00%,"16,49 €","0,00 €",1,0
B08J488ZQG,B007TS6GP4,Arcos Juego de 6 Cuchillos de Mesa Chuleteros Acero Inoxidable 110 mm,702300_2,614,21,0.19%,0.20%,816,23,0.17%,0.15%,39.75%,30.43%,3,0,0.49%,0.00%,"80,97 €","0,00 €",1,0
B07BDT9G74,B008U6T624,Arcos Clásica Cuchillo Deshuesador Forjado Acero Inoxidable Nitrum 140 mm,256200_fbm,13,0,0.00%,0.00%,16,0,0.00%,0.00%,94.44%,0.00%,1,0,7.69%,0.00%,"24,99 €","0,00 €",1,0
B0873P7271,B009T19KXO,"HENDI Calentador Eléctrico para Chafing Dish GN 1/1, Sustituto del Combustible de Gel/Pasta, Mantiene la Temperatura de Servicio, 230V/380W, 300x200x(H) 40mm",H809709,7,1,0.00%,0.01%,10,1,0.00%,0.01%,100.00%,100.00%,1,1,14.29%,100.00%,"77,95 €","77,95 €",1,1
B00BHZPHOG,B00BHZPHOG,Arcos Riviera Blanc Cuchillo Panero Acero Inoxidable Nitrum 200 mm,231324_,105,3,0.03%,0.03%,153,3,0.03%,0.02%,5.84%,33.33%,1,0,0.95%,0.00%,"29,94 €","0,00 €",1,0
B0F54LTCFF,B00BHZPO3K,Arcos Cuchillo para Queso Acero Inoxidable NITRUM 145 mm,281604_fbm,491,12,0.15%,0.12%,686,15,0.15%,0.10%,6.52%,0.00%,1,0,0.20%,0.00%,"20,75 €","0,00 €",1,0
B00BQU1IAY,B00BQU1IAY,"HENDI Calentador eléctrico de Alimentos para Buffet Tellano, Chafing Dish eléctrico al baño María, GN 1/1, Capacidad 9L, 30–85°C, 230V, 900W, 575x349x(H) 278mm, Polipropileno y Acero Inoxidable",H204825,38,3,0.01%,0.03%,65,5,0.01%,0.03%,16.00%,40.00%,1,0,2.63%,0.00%,"129,59 €","0,00 €",1,0
B0D1CXDT2G,B00BQU1S1I,HENDI Termómetro con sonda plegable - -50/300˚C - 160x40x(H)25 mm,H271308,10,2,0.00%,0.02%,11,2,0.00%,0.01%,54.55%,100.00%,1,1,10.00%,50.00%,"30,25 €","30,25 €",1,1
B00D3LCJI4,B00D3LCJI4,Arcos Saeta - Cuchillo Panero - Hoja de Acero Inoxidable Forjado Nitrum de 210 mm - Mango de Pom - Color Negro,175700,20,0,0.01%,0.00%,27,0,0.01%,0.00%,100.00%,0.00%,1,0,5.00%,0.00%,"29,99 €","0,00 €",1,0
B0DK3FSR9B,B00GZR3A54,"HENDI Sifón de nata, con 3 boquillas diferentes, soporte para el cargador y cepillo de limpieza, para nata montada, mousses, postres, 0,25L, ø80x(H)200mm, aluminio, blanco",H588031,9,0,0.00%,0.00%,14,0,0.00%,0.00%,63.64%,0.00%,2,0,22.22%,0.00%,"73,60 €","0,00 €",1,0
B07TXLKG42,B00GZR3LR6,"HENDI Freidora eléctrica, T ajustable hasta 190°C, termostato de seguridad, zona fría, con tapa y cesta de freír, tanque de aceite extraíble, 6L, 230V, 3300W, 265x430x(H)290mm, acero inoxidable",H205815,18,1,0.01%,0.01%,23,1,0.00%,0.01%,77.27%,100.00%,1,0,5.56%,0.00%,"155,75 €","0,00 €",1,0
B07TXLKG42,B00GZR3NBK,"HENDI Freidora eléctrica, T ajustable hasta 190°C, termostato de seguridad, zona fría, con tapa y cesta de freír, tanque de aceite extraíble, 2x8L, 230V, 7000W, 550x430x(H)345mm, acero inoxidable",H205839,10,0,0.00%,0.00%,23,0,0.00%,0.00%,85.00%,0.00%,1,0,10.00%,0.00%,"317,99 €","0,00 €",1,0
B0D1CW5WWV,B00GZR3RSO,"HENDI Centrifugador de ensaladas, secador de ensaladas, cesta de centrifugado interior extraíble, apto para el lavavajillas, 12 L, ø335x(h)430 mm, Poliamida, Polipropileno",H222553,20,3,0.01%,0.03%,29,3,0.01%,0.02%,96.00%,100.00%,1,1,5.00%,33.33%,"119,75 €","119,75 €",1,1
B0D1CW5WWV,B00GZR3SJW,"HENDI Centrifugador de ensaladas, secador de ensaladas, cesta de centrifugado interior extraíble, apto para el lavavajillas, 25 L, ø430x(h)530 mm, Poliamida, Polipropileno",H952992,20,5,0.01%,0.05%,27,7,0.01%,0.05%,100.00%,100.00%,1,0,5.00%,0.00%,"138,50 €","0,00 €",1,0
B08L7GKSLH,B00H558KK0,HENDI Placa de inducción de sobremesa profesional modelo 2000,H239230,354,7,0.11%,0.07%,488,11,0.10%,0.07%,70.02%,80.00%,1,0,0.28%,0.00%,"105,90 €","0,00 €",1,0
B0BQDHLWRL,B00I5N4PPK,Arcos Cuchillo Chuletero Acero Inoxidable Nitrum 110 mm,_809300_1Pieza,109,5,0.03%,0.05%,181,6,0.04%,0.04%,1.88%,0.00%,5,0,4.59%,0.00%,"27,45 €","0,00 €",1,0
B017HKRLMK,B00I9XTPTW,"ARCOS Tabla de Cortar Fibra de Celulosa y Resina 37,7x27,7cm",691710,116,2,0.03%,0.02%,162,3,0.03%,0.02%,5.26%,0.00%,1,0,0.86%,0.00%,"25,99 €","0,00 €",1,0
B00IUPKTFS,B00IUPKTFS,"HENDI Sartén eléctrica multiusos, paellera cazuela olla plancha, de fiestas, revestimiento antiadherente, termostato, con tapa, interior: ø55cm profundidad: 6cm, 230V, 1600W, ø620x(H)190mm, aluminio",H239605,382,6,0.12%,0.06%,551,6,0.12%,0.04%,26.31%,0.00%,1,0,0.26%,0.00%,"98,99 €","0,00 €",1,0
B0GDY91XR2,B00J3ZTYAK,"Arcos Cuchillos de Mesa de Acero Inoxidable 18/10, Monoblock de una Pieza, Hoja 220 mm, Juego de 3 Piezas para Cocina, Serie Toscana",575000,21,0,0.01%,0.00%,32,0,0.01%,0.00%,72.00%,0.00%,1,0,4.76%,0.00%,"18,49 €","0,00 €",1,0
B0H2ZBHXNH,B00J3ZVMCS,Arcos Serie Toscana - Juego de Cucharas para Café (6 cucharas) - Monoblock de una pieza en Acero Inoxidable 18/10 y 140 mm - Color Plata,574200,778,32,0.23%,0.31%,"1,116",50,0.24%,0.33%,0.30%,0.00%,1,0,0.13%,0.00%,"9,99 €","0,00 €",1,0
B00J64GECY,B00J64GECY,Arcos Cuchillo de Cocina Acero Inoxidable 130 mm,231524_,56,1,0.02%,0.01%,81,1,0.02%,0.01%,35.14%,100.00%,1,0,1.79%,0.00%,"23,49 €","0,00 €",1,0
B0H2G7NH42,B00J64GI4S,Arcos Riviera Blanc Cuchillo Jamonero Forjado POM Blanco 300 mm,231124_,70,4,0.02%,0.04%,96,6,0.02%,0.04%,18.48%,0.00%,1,0,1.43%,0.00%,"36,99 €","0,00 €",1,0
B0D1CYZT7H,B00JN2S0UI,HENDI Escurridor de patatas fritas de aluminio - Gris claro - diámetro400x(H)170 mm,H630006,60,7,0.02%,0.07%,67,7,0.01%,0.05%,76.92%,80.00%,1,1,1.67%,14.29%,"34,26 €","34,26 €",1,1
B00KISSXY4,B00KISSXY4,"HENDI Bandeja de Servicio AmerBox, Grande, Rectangular, Multiusos, Bandeja para Servir Comida rápida, Bebidas, Fast Food, Bandeja de Cocina, 350x450x(H) 20mm, Gris, Polipropileno",H878804,37,0,0.01%,0.00%,50,0,0.01%,0.00%,51.11%,0.00%,3,0,8.11%,0.00%,"29,97 €","0,00 €",1,0
B07TZN23F1,B00KVI6BB8,HENDI Espátula para pizza cuadrada - 1320x305 mm,H617816,26,1,0.01%,0.01%,29,1,0.01%,0.01%,100.00%,100.00%,1,1,3.85%,100.00%,"29,75 €","29,75 €",1,1
B00OF83Z9Q,B00OF83Z9Q,ARCOS Aplastador de Filetes y Carne Acero Inoxidable 140 mm,790600,55,2,0.02%,0.02%,73,2,0.02%,0.01%,2.99%,0.00%,1,0,1.82%,0.00%,"40,90 €","0,00 €",1,0
B017HKR8WS,B00OFR535Q,"Arcos Afiladores - Afilador Eléctrico de Cuchillos Afilador de Cuchillos Eléctricos, Hecho de Plástico, Color Negro (Rodillos de Banda Intercambiables)",610500_fbm,260,17,0.08%,0.16%,289,19,0.06%,0.13%,97.49%,100.00%,1,1,0.38%,5.88%,"234,99 €","234,99 €",1,1
B0GDYCSPT1,B00R6JUIUK,Arcos Cuchillo Chuletero Acero Inoxidable 105 mm,100400_1pza,"2,351",58,0.71%,0.56%,"3,665",88,0.78%,0.59%,0.09%,0.00%,1,0,0.04%,0.00%,"3,99 €","0,00 €",1,0
B0752X4WZ6,B00TA4O5YO,ARCOS Pinzas para Emplatar Acero Inoxidable 300 mm,606200,"1,337",40,0.40%,0.38%,"1,716",51,0.36%,0.34%,0.68%,0.00%,1,0,0.07%,0.00%,"11,49 €","0,00 €",1,0
B00U2QWLVS,B00U2QWLVS,Arcos Cuchillo Chuletero de Mesa Acero Inoxidable Nitrum 115 mm,740009_us,34,0,0.01%,0.00%,45,0,0.01%,0.00%,78.57%,0.00%,4,0,11.76%,0.00%,"15,96 €","0,00 €",1,0
B0F54LTCFF,B00W1XKQR6,Arcos Universal Cuchillo Usuba o Asiático de 175mm para Cortar Verduras. Cuchillo Japonés de Acero Inoxidable para Cocina. Color Negro,289704,523,17,0.16%,0.16%,713,22,0.15%,0.15%,4.55%,7.69%,1,1,0.19%,5.88%,"26,49 €","26,49 €",1,1
B00WC9DMX4,B00WC9DMX4,ARCOS Chairas Chaira Afilador Acero Carbono Cromado Negro 300 mm,279010,84,3,0.03%,0.03%,163,7,0.03%,0.05%,7.80%,0.00%,1,0,1.19%,0.00%,"29,49 €","0,00 €",1,0
B00WUZR7H2,B00WUZR7H2,Arcos Serie Cuchillos de Mesa - Cuchillo Mesa - Hoja Serrada de Acero Inoxidable de 125 mm - Cuchillo Monoblock Acero Inoxidable Color Plata,460400_1pieza,74,0,0.02%,0.00%,106,0,0.02%,0.00%,100.00%,0.00%,8,0,10.81%,0.00%,"39,92 €","0,00 €",1,0
B09ZLJL6JF,B00YU0JT2G,Arcos Serie Lyon - Cuchillo Mondador | Cuchillo Arcos - Hoja de Acero Inoxidable Forjado NITRUM de 100 mm - Mango de Polioximetileno (POM) - Color Negro,250200_,15,1,0.00%,0.01%,20,1,0.00%,0.01%,94.44%,100.00%,1,0,6.67%,0.00%,"20,99 €","0,00 €",1,0
B0GYLCHCZH,B01418E5ZC,"HENDI Cubitera para botellas, enfriador de bebidas tipo champanera, BarUp, 9,5L, ⌀350x(H)230mm, acero inoxidable",H471524,25,3,0.01%,0.03%,32,4,0.01%,0.03%,100.00%,100.00%,2,0,8.00%,0.00%,"48,98 €","0,00 €",1,0
B0DN1W6N4N,B015WI6B7A,"HENDI Jarra, para batidoras licuadoras HENDI 230718-230695-230688-230213-230602-230664, 2,5L, juego completo: cuchillas-jarra-tapas, de Tritan sin BPA, batidos-cócteles-postres, 200x170x(H)360mm",H933688,16,1,0.00%,0.01%,22,1,0.00%,0.01%,65.00%,0.00%,2,2,12.50%,200.00%,"249,99 €","249,99 €",1,1
B017DLDQXQ,B017DLDQXQ,"Arcos Serie Latina, Cuchillo jamonero, Hoja de 250 mm, Mango Madera",101300_fbm,28,0,0.01%,0.00%,37,0,0.01%,0.00%,90.91%,0.00%,1,0,3.57%,0.00%,"9,64 €","0,00 €",1,0
B017DLL2KA,B017DLL2KA,"Arcos Regia Cuchillos Mesa Carne Nitrum POM Negro-Oro 4,5 pulg",375000_1Pieza,79,2,0.02%,0.02%,103,3,0.02%,0.02%,55.06%,0.00%,2,0,2.53%,0.00%,"23,98 €","0,00 €",1,0
B017DLMC7C,B017DLMC7C,Arcos Serie Toscana - Juego de Cuchillos de Lunch (3 cuchillos) - Monoblock de una pieza en Acero Inoxidable 18/10 y 185 mm - Color Plata,574800,19,1,0.01%,0.01%,21,1,0.00%,0.01%,14.29%,100.00%,2,0,10.53%,0.00%,"31,98 €","0,00 €",1,0
B0189HXVQ0,B017DLMSQW,"Arcos Tablas - Tabla de Cocina Antibacteriana para Cortar - Resistente al Lavavajillas, No Daña Cuchillos, Fibra de Celulosa y Resina, 42.7x32.7 cm, Negro, Ecológica y Duradera",692310,49,3,0.01%,0.03%,71,3,0.02%,0.02%,1.69%,0.00%,1,0,2.04%,0.00%,"36,99 €","0,00 €",1,0
B09F9M72Z9,B017DLNFNC,Arcos Cuchillos de Mesa - Cuchillo Chuletero Cuchillo de Mesa - Hoja de Acero Inoxidable NITRUM 110 mm - Mango de Polipropileno - Color Negro,805109_1pieza,644,14,0.19%,0.13%,930,20,0.20%,0.13%,0.24%,6.67%,2,2,0.31%,14.29%,"6,97 €","6,97 €",1,1
B017DMTEIG,B017DMTEIG,Arcos Utensilios Profesionales - Sierra de Carnicero - Hoja de Acero Inoxidable 430 mm - Mango de Polipropileno Color Negro,791800,51,5,0.02%,0.05%,73,9,0.02%,0.06%,30.16%,12.50%,1,0,1.96%,0.00%,"62,90 €","0,00 €",1,0
B01BLORE9S,B01BLORE9S,"HENDI Máquina para Hacer Cubitos de Hielo, Arktic, Producción: 35kg/24h, Depósito: 15kg, Fabricador de Hielo, 230V/280W, 448x400x(H)798mm, Acero Inoxidable",H271575,9,2,0.00%,0.02%,13,4,0.00%,0.03%,100.00%,100.00%,1,0,11.11%,0.00%,"729,00 €","0,00 €",1,0
B01BQA0K84,B01BQA0K84,"HENDI Soporte de bandejas Redondas, Soporte para Servir y presentar Alimentos, mariscos, con 2 Platos: Ø 300/400mm, ⌀400x(H) 200mm, Acero Inoxidable, Plata",H480519,3,0,0.00%,0.00%,3,0,0.00%,0.00%,100.00%,0.00%,1,0,33.33%,0.00%,"39,70 €","0,00 €",1,0
B0DDVJXBTX,B01CBPP6T6,"HENDI Calentador de Salchichas con Termostato Ajustable hasta 85°C, Indicador Luminoso y Asas Frías al Tacto, 230V/1000W, Capacidad 9,3L, 386x287xH258mm, Acero Inoxidable",H240502,13,0,0.00%,0.00%,21,0,0.00%,0.00%,66.67%,0.00%,1,0,7.69%,0.00%,"159,50 €","0,00 €",1,0
B0BL68V6NM,B01CU00HKA,HENDI Dispensador de zumo - 8 L - 260x360x(H)560 mm,H425299,7,1,0.00%,0.01%,8,2,0.00%,0.01%,75.00%,100.00%,1,1,14.29%,100.00%,"118,99 €","118,99 €",1,1
B01DY47ACO,B01DY47ACO,HENDI Picador de hielo - 230V / 70W - 170x260x(H)460 mm,H271520,22,3,0.01%,0.03%,34,6,0.01%,0.04%,17.24%,0.00%,1,0,4.55%,0.00%,"95,30 €","0,00 €",1,0
B088L1YKB9,B01DY481VS,HENDI Thermobox Kitchen Line - GN 1/1-80 L - 685x485x(H)360 mm,H707944,73,9,0.02%,0.09%,103,22,0.02%,0.15%,25.00%,47.37%,2,0,2.74%,0.00%,"175,50 €","0,00 €",1,0
B088L1YKB9,B01DY485KU,HENDI Thermobox Kitchen Line - GN 1/1-46 L - 600x400x(H)320 mm,H707968,65,5,0.02%,0.05%,91,6,0.02%,0.04%,75.00%,62.50%,2,0,3.08%,0.00%,"114,50 €","0,00 €",1,0
B0DN1Z81XJ,B01DY55A4I,"HENDI Soporte de montaje y almacenamiento a la pared, para colgar y almacenar bloques motores de batidoras de mano y sus accesorios, práctico y fácil de montar, 365x130x(H) 70mm, acero inoxidable",H934029,6,1,0.00%,0.01%,7,2,0.00%,0.01%,66.67%,100.00%,1,1,16.67%,100.00%,"55,99 €","55,99 €",1,1
B0752X1Z92,B01KZWSCSE,ARCOS Mochila para 9 Cuchillos de Cocina en Poliéster y PVC. Bolsa Portacuchillos Profesional para Almacenar y Transportar Utensilios de Cocina. 330 x 480 x 185 Mm. Color Negro,694900,104,4,0.03%,0.04%,155,4,0.03%,0.03%,57.24%,50.00%,1,0,0.96%,0.00%,"64,90 €","0,00 €",1,0
B06XD39V8J,B06XD39V8J,VINFERMATON – Insecticida Cucarachas y Hormigas Residual 400 ml | Spray Efecto Duradero para Interior y Exterior | Profesional Doméstico | 100 % MADE IN SPAIN,V0012,"1,168",29,0.35%,0.28%,"1,700",37,0.36%,0.25%,72.44%,100.00%,1,1,0.09%,3.45%,"8,85 €","8,85 €",1,1
B0F1N351DY,B06XJBY6QV,Arcos Serie Nova - Cuchillo Mondador - Hoja de Acero Inoxidable de 85 mm - Mango de Polipropileno Color azul,188523_fbm,136,5,0.04%,0.05%,148,5,0.03%,0.03%,47.26%,100.00%,1,0,0.74%,0.00%,"5,90 €","0,00 €",1,0
B0D1CV6YJ2,B06Y2DP83Y,HENDI Tenedor trinchador - Profi Line - Negro - 285x20x(H) 25 mm,H844229,6,1,0.00%,0.01%,6,1,0.00%,0.01%,100.00%,100.00%,1,1,16.67%,100.00%,"34,50 €","34,50 €",1,1
B0F5L5VJM5,B0719K21HP,Arcos Tenazas de Marisco Acero Inoxidable 185 mm,606400_,181,8,0.05%,0.08%,270,11,0.06%,0.07%,12.94%,0.00%,1,0,0.55%,0.00%,"19,99 €","0,00 €",1,0
B0F1N351DY,B071P2B7X5,Arcos Set 3 Cuchillos Peladores Acero Inoxidable,189622_,"1,653",30,0.50%,0.29%,"2,484",43,0.53%,0.29%,0.00%,0.00%,1,0,0.06%,0.00%,"10,99 €","0,00 €",1,0
B0GHBKFL4W,B071S7PKNN,Arcos Cuchillo Chuletero Acero Inoxidable Nitrum 110 mm,372400,70,3,0.02%,0.03%,96,6,0.02%,0.04%,1.03%,0.00%,1,0,1.43%,0.00%,"4,99 €","0,00 €",1,0
B0B3F4QXML,B071VT3MKC,Arcos Clásica Cuchillo Cocinero Forjado Acero Inoxidable Nitrum 210 mm,255101_,91,1,0.03%,0.01%,99,1,0.02%,0.01%,82.65%,100.00%,1,0,1.10%,0.00%,"33,75 €","0,00 €",1,0
B0752NT3TH,B072BX2PJG,ARCOS Chaira Afilador Manual Acero al Carbono Cromado 230 mm,185924,207,3,0.06%,0.03%,229,3,0.05%,0.02%,0.00%,0.00%,1,0,0.48%,0.00%,"27,99 €","0,00 €",1,0
B072BX31NV,B072BX31NV,Arcos Juego 6 Cuchillos de Mesa Nitrum Acero Crema 105 mm,703500__,222,3,0.07%,0.03%,332,3,0.07%,0.02%,2.08%,0.00%,2,0,0.90%,0.00%,"23,98 €","0,00 €",1,0
B0F54LTCFF,B072FHSBJT,Arcos Serie Universal - Cuchillo Tomatero Cuchillo para Verduras - Hoja de Acero Inoxidable NITRUM 130 mm - Mango de Polioximetileno (POM) Color Negro,289104,369,16,0.11%,0.15%,561,23,0.12%,0.15%,0.20%,0.00%,1,0,0.27%,0.00%,"14,99 €","0,00 €",1,0
B0F1N351DY,B073V3CYRF,Arcos Cuchillo Mondador de 4 Pulgadas con Hoja de 100mm en Acero Inoxidable y Mango de Polipropileno. Cuchillos de Cocina para Pelar Apto para Lavavajillas. Serie Nova. Color Turquesa,188632_,311,11,0.09%,0.11%,367,14,0.08%,0.09%,93.65%,83.33%,1,0,0.32%,0.00%,"5,24 €","0,00 €",1,0
B079ZBKL1L,B079ZBKL1L,Ambientador Concentrado de larga duración Azores,LIMPIADORAZORES,56,0,0.02%,0.00%,79,0,0.02%,0.00%,100.00%,0.00%,1,0,1.79%,0.00%,"16,99 €","0,00 €",1,0
B09JPSTVBC,B07B8MQZTW,Arcos Serie Riviera Rose - Cuchillo Mondador - Hoja de Acero Inoxidable Forjado NITRUM 100 mm - Mango de Polioximetileno (POM) Color Rosa,230254_,23,0,0.01%,0.00%,31,0,0.01%,0.00%,100.00%,0.00%,1,0,4.35%,0.00%,"24,99 €","0,00 €",1,0
B08S87M447,B07BMGMVY4,Arcos Serie Riviera Rose - Cuchillo Cocinero - Hoja de Acero Inoxidable Forjado NITRUM 200 mm - Mango de Polioximetileno (POM) Color Rosa,233654_,67,0,0.02%,0.00%,89,0,0.02%,0.00%,98.73%,0.00%,1,0,1.49%,0.00%,"34,99 €","0,00 €",1,0
B07D3W3Z7H,B07D3W3Z7H,HENDI Soporte para platos - platos máx. Ø 275 mm - 290x200x(H)440 mm,H425473,8,1,0.00%,0.01%,11,2,0.00%,0.01%,100.00%,100.00%,1,0,12.50%,0.00%,"28,99 €","0,00 €",1,0
B0D1CXLR2J,B07D5DJZBL,HENDI Embudo para repostería Kitchen Line - Gris claro - 1.5 L - 270x195x(H)270 mm,H551813,5,1,0.00%,0.01%,5,1,0.00%,0.01%,100.00%,100.00%,2,2,40.00%,200.00%,"113,98 €","113,98 €",1,1
B07D5FD27P,B07D5FD27P,"HENDI Portacondimentos de Bar, Bandeja de Guarniciones para Cócteles BarUp, Caja Organizadora con Tapa Transparente, 5 Contenedores de Polipropileno, 480x150x(H) 100mm, HIPS, Negro",H552131,10,3,0.00%,0.03%,11,3,0.00%,0.02%,90.00%,66.67%,1,1,10.00%,33.33%,"28,98 €","28,98 €",1,1
B0DK3GZ2DL,B07D6ZWHCP,HENDI Sacabolas de helado Stöckel - 1/30 - ø49 mm,H755372,7,6,0.00%,0.06%,14,7,0.00%,0.05%,72.73%,66.67%,1,1,14.29%,16.67%,"55,74 €","55,74 €",1,1
B0DK3GZ2DL,B07D73Z21Q,HENDI Sacabolas de helado Stöckel - 1/24 - ø51 mm,H755365,7,4,0.00%,0.04%,8,5,0.00%,0.03%,50.00%,40.00%,1,1,14.29%,25.00%,"55,74 €","55,74 €",1,1
B088L3R1VP,B07D73ZNG7,HENDI Caja isotérmica para catering - 66 L - 600x400x(H)490 mm,H707661,61,10,0.02%,0.10%,78,15,0.02%,0.10%,13.16%,7.69%,1,1,1.64%,10.00%,"154,50 €","154,50 €",1,1
B086WYMVKJ,B07D7NHQVR,"HENDI Soporte expositor para pan de sobremesa GN 1/2, 2 niveles, con 2 cestas para bufé, 360x280x(H) 290mm, polipropileno",H561201,67,4,0.02%,0.04%,94,11,0.02%,0.07%,59.76%,83.33%,1,0,1.49%,0.00%,"37,40 €","0,00 €",1,0
B07D8VQSF1,B07D8VQSF1,HENDI Parrilla Gastronorm 2/3 - GN 2/3-354x325 mm,H801932,5,2,0.00%,0.02%,7,2,0.00%,0.01%,66.67%,0.00%,1,0,20.00%,0.00%,"25,99 €","0,00 €",1,0
B07D8ZLM82,B07D8ZLM82,HENDI Rejilla - Bakery size - Rejilla transversal - 600x400 mm,H801925,1,0,0.00%,0.00%,1,0,0.00%,0.00%,100.00%,0.00%,3,3,300.00%,0.00%,"90,46 €","90,46 €",1,1
B0CTCT53R8,B07D9X56Q3,"HENDI Recipiente GN 1/3, con laterales y fondo perforados, contenedor GN, apilable, bordes lisos, resistente a temperaturas de -40° a 300°C, 5,7L, altura: 150mm, acero inoxidable 18/10",H802519,7,0,0.00%,0.00%,7,0,0.00%,0.00%,100.00%,0.00%,1,0,14.29%,0.00%,"36,58 €","0,00 €",1,0
B0CTHQG9QZ,B07D9XLK3D,"HENDI Recipiente Gastronorm GN 1/2 con asas, Budget Line, resistencia térmica -40 °C a 250 °C, apto para horno y baño maría, 12,5L, 325x265x(H) 200mm, acero inoxidable",H817353,17,1,0.01%,0.01%,19,1,0.00%,0.01%,78.95%,100.00%,1,0,5.88%,0.00%,"24,99 €","0,00 €",1,0
B0CTHQG9QZ,B07D9XP5SZ,"HENDI Recipiente Gastronorm GN 1/1 con asas, Budget Line, resistencia térmica -40 °C a 250 °C, apto para horno y baño maría, 21L, 530x325x(H) 150mm, acero inoxidable",H817148,10,2,0.00%,0.02%,14,2,0.00%,0.01%,100.00%,100.00%,1,0,10.00%,0.00%,"30,99 €","0,00 €",1,0
B085SP2NWD,B07DC4CBN7,"HENDI Caja para masa de pizza y de pan, 14L, caja de fermentación, apilable, sin tapa, apta para alimentos, recipiente contenedor porta masa alimentos, sin BPA, 600x400x(H) 75mm, HDPE",H880906,10,2,0.00%,0.02%,10,2,0.00%,0.01%,90.00%,100.00%,4,0,40.00%,0.00%,"79,96 €","0,00 €",1,0
B086X1XQXD,B07DC8C7Y6,"HENDI Expositor con cubierta deslizante roll-top, Doble",H871713,52,10,0.02%,0.10%,70,11,0.01%,0.07%,89.23%,100.00%,1,0,1.92%,0.00%,"78,99 €","0,00 €",1,0
B07F9VW9NR,B07F9VW9NR,"Arcos Serie Latina Caja 12 uds Cuchillo universal de cocina, Hoja serrada de Acero Inoxidable NITRUM de 130 mm, Mango de Madera comprimida Color marrón (12 UDS)",100800_us,10,0,0.00%,0.00%,18,0,0.00%,0.00%,100.00%,0.00%,1,0,10.00%,0.00%,"39,99 €","0,00 €",1,0
B07FQ94K1Q,B07FQ94K1Q,Arcos Series Maitre - Juego de Cuchillos 5 Piezas (4 Cuchillos + 1 Tijeras) - Hoja de Acero Inoxidable Nitrum - Mango de Polipropileno - Bloque de Madera de Color marrón,152100__,22,1,0.01%,0.01%,32,1,0.01%,0.01%,80.00%,100.00%,1,0,4.55%,0.00%,"74,99 €","0,00 €",1,0
B09GSCQQF9,B07G77FNSF,"Arcos Serie Cuchillos de Mesa Caja 12 uds Cuchillo Postre, Hoja Serrada de Acero Inoxidable NITRUM de 105 mm, Mango Polipropileno Color crema (12 UDS)",370100_us,324,8,0.10%,0.08%,517,8,0.11%,0.05%,98.91%,100.00%,1,0,0.31%,0.00%,"18,25 €","0,00 €",1,0
B0H6TRFX5J,B07G77ZS7D,"Arcos Serie Cuchillos de Mesa Caja 12 uds Cuchillo Chuletero, Hoja Serrada de Acero Inoxidable NITRUM de 110 mm, Mango Madera comprimida Color marrón (12 UDS)",371501_fbm,16,0,0.00%,0.00%,29,0,0.01%,0.00%,32.00%,0.00%,1,0,6.25%,0.00%,"49,99 €","0,00 €",1,0
B07JHPQGPW,B07JHPQGPW,Arcos Riviera Blanc Juego 3 Cuchillos Forjados POM Blanco,807610_,377,12,0.11%,0.12%,554,14,0.12%,0.09%,43.15%,14.29%,1,0,0.27%,0.00%,"69,99 €","0,00 €",1,0
B07JWM27F4,B07JWM27F4,Arcos Set Cuchillos Cocina Profesionales Forjados en Acero Inoxidable. Juego de 3 Cuchillos (Pelador 100 mm + Cocinero 150 mm + Cocinero 200 mm). Mango Ergonómico Rosa en Polioximetileno. Riviera Rose,855100_,247,3,0.07%,0.03%,390,5,0.08%,0.03%,98.79%,100.00%,1,0,0.40%,0.00%,"74,99 €","0,00 €",1,0
B07MTPRBVM,B07MTPRBVM,"HENDI Plancha acanalada de asar y freír, bandeja parilla asador grill, con fondo de inducción, sartén parilla con asas y recubrimiento antiadherente, 390x260x(H) 35mm, aluminio fundido",H629130,16,0,0.00%,0.00%,18,0,0.00%,0.00%,47.06%,0.00%,1,0,6.25%,0.00%,"30,19 €","0,00 €",1,0
B0FR444FLT,B07N8V3SNH,"Arcos Cuchillo Tomate Forjado Acero Inoxidable 130 mm - Mango Ergonómico POM Negro, Borde Serrado para Rebanadas Perfectas - Serie Manhattan, Calidad Profesional",162000_,199,7,0.06%,0.07%,244,8,0.05%,0.05%,92.37%,66.67%,1,0,0.50%,0.00%,"24,25 €","0,00 €",1,0
B07N8VHFLF,B07N8VHFLF,Arcos - Cubertería Burdeos Arcos 24 piezas,592400_,51,2,0.02%,0.02%,65,2,0.01%,0.01%,63.79%,100.00%,1,0,1.96%,0.00%,"74,99 €","0,00 €",1,0
B0FR444FLT,B07N8VHP6Y,Arcos Cuchillo deshuesador con Hoja Acero Inoxidable Nitrum 160 mm. Cuchillo profesional para cortar huesos carne. Mango ergonómico polipropileno. Serie Brooklyn. Color azul.,192623_,66,1,0.02%,0.01%,83,1,0.02%,0.01%,96.20%,100.00%,1,0,1.52%,0.00%,"38,88 €","0,00 €",1,0
B0H2W8M8TX,B07N8W1J6B,Arcos Tabla cortar 15 x fibra resina y celulosa. Tabla picar. Serie Tablas. Color marrón.,708200,182,6,0.05%,0.06%,287,6,0.06%,0.04%,38.26%,0.00%,1,0,0.55%,0.00%,"26,99 €","0,00 €",1,0
B0FY5CB86K,B07N8WHPP7,"Arcos Lira de Queso Profesional - Corte Preciso para Quesos - Estructura y Mango de Acero Inoxidable, 210 mm - Herramienta de Cocina Esencial, Color Gris",795100,33,0,0.01%,0.00%,36,0,0.01%,0.00%,66.67%,0.00%,1,0,3.03%,0.00%,"22,95 €","0,00 €",1,0
B07N8WPHN7,B07N8WPHN7,"Arcos Serie Clasica, Juego de Cuchillos de 4 piezas en Caja de Regalo, 3 Cuchillos + Tijera, Hoja de Acero Inoxidable Forjado Nitrum, Mango de Polioximetileno, POM, Bloque de madera color Marrón",258700_2,18,0,0.01%,0.00%,75,0,0.02%,0.00%,100.00%,0.00%,1,0,5.56%,0.00%,"79,99 €","0,00 €",1,0
B085SP2NWD,B07N9C9NG4,"HENDI Caja para masa de pizza y de pan, 24L, caja de fermentación, apilable, sin tapa, apta para alimentos, recipiente contenedor porta masa alimentos, sin BPA, 600x400x(H) 130mm, HDPE",H880920,39,2,0.01%,0.02%,57,3,0.01%,0.02%,43.14%,0.00%,1,0,2.56%,0.00%,"21,99 €","0,00 €",1,0
B07PMSJNHB,B07PMSJNHB,HENDI Calientaplatos GN 1/2 con acabado satinado - Profi Line - 4 L - 365x370x(H)280 mm,H470268,1,1,0.00%,0.01%,1,1,0.00%,0.01%,100.00%,100.00%,2,2,200.00%,200.00%,"256,50 €","256,50 €",1,1
B07Q7KSTHF,B07Q7KSTHF,"HENDI Lavavajillas industrial, para cestas 50x50cm, con control electromecánico, máquina lavaplatos lavavasos lavacopas, 400V, 6600W, 570x600x(H)830mm, acero inoxidable",H233054,7,2,0.00%,0.02%,10,3,0.00%,0.02%,100.00%,100.00%,1,0,14.29%,0.00%,"2.185,00 €","0,00 €",1,0
B07YXBGV8C,B07YXBGV8C,Arcos Riviera Blanc Set 3 Cuchillos Forjados Acero Inoxidable Nitrum,807511_,35,1,0.01%,0.01%,48,3,0.01%,0.02%,90.91%,100.00%,1,0,2.86%,0.00%,"59,99 €","0,00 €",1,0
B07YXBK4HD,B07YXBK4HD,Arcos Riviera Set 3 Cuchillos de Corte Acero Inoxidable Nitrum,806911_,52,1,0.02%,0.01%,64,1,0.01%,0.01%,68.97%,100.00%,1,0,1.92%,0.00%,"64,95 €","0,00 €",1,0
B082PFVPWM,B082PFVPWM,HENDI Espátula para pizza cuadrada - 1320x305 mm,H617175,4,0,0.00%,0.00%,7,0,0.00%,0.00%,100.00%,0.00%,1,0,25.00%,0.00%,"50,95 €","0,00 €",1,0
B082VWVDMX,B082VWVDMX,HENDI Cesta para baguetes - 305x320x(H)350 mm,H426517,27,2,0.01%,0.02%,56,2,0.01%,0.01%,95.83%,100.00%,2,0,7.41%,0.00%,"81,00 €","0,00 €",1,0
B0FQNZM34T,B0843DFWRQ,"Arcos Cuchillo Chef Acero Inoxidable. Cuchillo cocina profesional cortar carne, pescado, aves, frutas y verduras. Mango ergonómico polioximetileno y Hoja 140 mm. Serie Opera. Color negro.",224900_fbm,14,0,0.00%,0.00%,19,0,0.00%,0.00%,94.12%,0.00%,1,0,7.14%,0.00%,"24,58 €","0,00 €",1,0
B0FR444FLT,B0843DNN57,Arcos Set Cuchillos Forjados 4 piezas (3 Cuchillos + 1 tijeras) - Acero Inoxidable Forjado NITRUM - Mango Micarta - Bloques Madera Color Azul. Serie Brooklyn. Impresiona yorprencon Cada Corte.,194000_,156,5,0.05%,0.05%,190,5,0.04%,0.03%,96.61%,100.00%,1,0,0.64%,0.00%,"119,99 €","0,00 €",1,0
B0FQNZM34T,B0843V9Z1W,Arcos Cuchillo Santoku Acero Inoxidable Nitrum y Hoja 190 mm. Mango ergonómico polioximetileno POM. Diseño clásico y acabado redondeado gran belleza yolidez. Serie Opera. Color negro.,229900_fba,61,2,0.02%,0.02%,74,2,0.02%,0.01%,63.38%,100.00%,1,0,1.64%,0.00%,"36,99 €","0,00 €",1,0
B0843VGDCV,B0843VGDCV,"Arcos Cuchillo Santoku Acero Inoxidable. Cuchillo japonés afilado para pescado, carne y verduras. Mango ergonómico polioximetileno y Hoja 140 mm. Serie Opera. Color negro.",226900_fbm,7,0,0.00%,0.00%,7,0,0.00%,0.00%,28.57%,0.00%,1,0,14.29%,0.00%,"26,99 €","0,00 €",1,0
B0857QPQZ5,B0857QPQZ5,"HENDI Placa eutéctica de calor profesional, GN 1/2, para cajas térmicas, elemento calefactor, acumulador de calor, bloque térmico, placa caliente, 320x265x(H)30mm, HDPE, rojo",H707784,29,2,0.01%,0.02%,35,2,0.01%,0.01%,20.59%,50.00%,4,0,13.79%,0.00%,"115,92 €","0,00 €",1,0
B085M1CQ5D,B085M1CQ5D,"HENDI Hervidor de agua eléctrico 9L, dispensador de bebidas calientes, termo de una pared para vino, té, hasta 100°C, 230V, 50/60Hz, 950W, 307x330x(H)450mm, acero inoxidable satinado, PP",H211410,18,1,0.01%,0.01%,28,2,0.01%,0.01%,72.00%,40.00%,1,0,5.56%,0.00%,"106,48 €","0,00 €",1,0
B08VS4FCLN,B08BX3WTPP,"Arcos Juego Cuchillos Cocina cuchillo blanco cuchillos | cuchillos cocina Maitre | 4 piezas | Chef 215 mm, Cocina 150 mm, Verduras 100 mm Tijera cocina (Blanco)",152624_,162,2,0.05%,0.02%,239,2,0.05%,0.01%,100.00%,100.00%,1,0,0.62%,0.00%,"34,99 €","0,00 €",1,0
B08VRP7CR7,B08G8M6QDS,Arcos Juego de Cuchillos chuleteros - Envase Ecologico 100% - 4 Cuchillos Carne - Cubiertos Mesa Acero Inoxidable,809500,75,0,0.02%,0.00%,93,0,0.02%,0.00%,100.00%,0.00%,1,0,1.33%,0.00%,"19,75 €","0,00 €",1,0
B08JZF56TG,B08JZF56TG,"HENDI Papelera estrecha, 60 L, 455 x 315 x 580 mm, color gris",H691137,20,6,0.01%,0.06%,32,8,0.01%,0.05%,59.09%,33.33%,1,1,5.00%,16.67%,"48,25 €","48,25 €",1,1
B09FQ5SZK8,B08MTXFWC9,Arcos Nordika Cuchillo Jamonero Acero Inoxidable 250 mm,166700_fbm,73,4,0.02%,0.04%,97,4,0.02%,0.03%,31.87%,66.67%,1,1,1.37%,25.00%,"30,00 €","30,00 €",1,1
B0CQLQ57BT,B08TWYJ47S,"Arcos Cazo Antiadherente 18 cm - Aluminio Fundido, Apto para Todas las Cocinas, Mango Ergonómico, Ahorro Energético, Lavavajillas, Negro/Azul - Serie Thera",719100,50,0,0.02%,0.00%,75,0,0.02%,0.00%,58.33%,0.00%,1,0,2.00%,0.00%,"26,95 €","0,00 €",1,0
B0CQM2K3QY,B08TWZLD4R,"Arcos Thera Olla Grande de Cocina de 32 Cm y 9,3 L. Cacerola Alta para Inducción, Gas y Vitro. Olla de Aluminio Fundido con Tapa de Cristal y Mango Extraíble. Apta Lavavajillas. Color Negro Azul",718900,38,0,0.01%,0.00%,55,0,0.01%,0.00%,66.04%,0.00%,1,0,2.63%,0.00%,"58,75 €","0,00 €",1,0
B0CQLNJVKL,B08TWZX8LY,Arcos Thera Sartén Antiadherente Aluminio Fundido 18 cm,718100,144,5,0.04%,0.05%,211,10,0.04%,0.07%,0.00%,0.00%,1,0,0.69%,0.00%,"22,95 €","0,00 €",1,0
B0CQLQ57BT,B08TX1652W,"Arcos Cazo Antiadherente 16 cm, Aluminio Fundido, Apto para Todas las Cocinas, Mango Ergonómico, Ahorro Energético, Lavavajillas, Negro/Azul, Serie Thera",719000,101,1,0.03%,0.01%,172,1,0.04%,0.01%,3.66%,0.00%,1,0,0.99%,0.00%,"19,99 €","0,00 €",1,0
B0CQM2K3QY,B08TX19NTQ,"Arcos Thera Olla Grande de Cocina de 28 Cm y 6,6 L. Cacerola Alta para Inducción, Gas y Vitro. Olla de Aluminio Fundido con Tapa de Cristal y Mango Extraíble. Apta Lavavajillas. Color Negro Azul",718800,50,2,0.02%,0.02%,65,2,0.01%,0.01%,73.33%,100.00%,1,0,2.00%,0.00%,"59,95 €","0,00 €",1,0
B0CQM2K3QY,B08TX1D4LL,"ARCOS Thera Olla Grande de Cocina de 24 Cm y 4 L. Cacerola Alta para Inducción, Gas y Vitrocerámica. Olla de Aluminio Fundido con Tapa de Cristal y Mango Extraíble. Apta Lavavajillas. Color Negro Azul",718700,62,0,0.02%,0.00%,84,0,0.02%,0.00%,37.50%,0.00%,1,0,1.61%,0.00%,"42,95 €","0,00 €",1,0
B08TLR4Z27,B095C22QFS,Arcos jamonero Profesional | Cuchillo jamonero jamonero Inoxidable Nitrum | Mango Negro | Cuchillo Jamon iberico | Serie Maitre| Hoja Flexible y Filo Liso | 275 mm | Acero Inoxidable NITRUM,151811,50,0,0.02%,0.00%,67,0,0.01%,0.00%,100.00%,0.00%,1,0,2.00%,0.00%,"19,99 €","0,00 €",1,0
B09TX34H64,B095YCTYNZ,"HENDI Sifón de cocina, con 3 boquillas de polipropileno y cepillo de limpieza, sifón para montar nata, espumas, mousses, postres, espumado en frío, 0,5L, ø80x(H)260mm, aluminio, verde pastel",H975879,18,1,0.01%,0.01%,22,1,0.00%,0.01%,28.57%,0.00%,1,0,5.56%,0.00%,"39,99 €","0,00 €",1,0
B097BNL3XT,B097BNL3XT,"HENDI Cortador eléctrico para kebab, shawarma, gyros, corte ajustable 0,5-6mm, cuchilla: 8000 rpm, cuchillo eléctrico profesional para cortar carne, 80W, 230V, 232x120x(H)115mm, acero inoxidable",H267264,21,3,0.01%,0.03%,29,3,0.01%,0.02%,25.93%,0.00%,1,0,4.76%,0.00%,"324,75 €","0,00 €",1,0
B0987KNJLQ,B0987KNJLQ,Arcos | cuchillos de mesa cuchillo mesa FILO LISO | 6 Piezas cuchillo chuletero | mango monoblock | Acero Inoxidable | Envase Eco,814100FBM,30,0,0.01%,0.00%,37,0,0.01%,0.00%,100.00%,0.00%,1,0,3.33%,0.00%,"29,99 €","0,00 €",1,0
B09DPRCMTF,B0987MG3JQ,Arcos Juego Cuchillos Carne | Cuchillo chuleteros | Cuchillos Carne Cuchillos Mesa | 6 Uds | Hoja 110 mm | Acero Inoxidable | Mango Nylon | Apto lavavajillas | Envase Ecológico (Filo Liso),814200FBM,54,2,0.02%,0.02%,67,2,0.01%,0.01%,100.00%,100.00%,1,0,1.85%,0.00%,"19,99 €","0,00 €",1,0
B09DPRCMTF,B0987MG3JQ,Arcos Juego Cuchillos Carne | Cuchillo chuleteros | Cuchillos Carne Cuchillos Mesa | 6 Uds | Hoja 110 mm | Acero Inoxidable | Mango Nylon | Apto lavavajillas | Envase Ecológico (Filo Liso),814200_fba,54,2,0.02%,0.02%,67,2,0.01%,0.01%,100.00%,100.00%,1,0,1.85%,0.00%,"19,99 €","0,00 €",1,0
B08VS4FCLN,B09HBWSBN1,"Arcos Juego Cuchillos Cocina cuchillo blanco cuchillos | cuchillos cocina Maitre | 5 piezas | Chef 215 mm, Cocina 150 mm, Verduras 100 mm Tijera cocina (Negro + Jamonero)",854100 fbm,89,1,0.03%,0.01%,114,1,0.02%,0.01%,100.00%,100.00%,1,0,1.12%,0.00%,"49,99 €","0,00 €",1,0
B09HQTWWPB,B09HQTCQBG,Arcos Clara Cuchillo Panero Forjado Acero Inoxidable Nitrum 200 mm,210700_us,24,0,0.01%,0.00%,27,0,0.01%,0.00%,70.37%,0.00%,1,0,4.17%,0.00%,"25,99 €","0,00 €",1,0
B09HQTWWPB,B09HQTN94D,Arcos Cuchillo Pelador Acero Inoxidable. Cuchillo Pelador para Pelar Frutas y Verduras. Mango Ergonómico Polioximetileno y Hoja 100 mm. Serie Clara. Color Negro.,210100_us,46,4,0.01%,0.04%,64,5,0.01%,0.03%,16.95%,0.00%,1,0,2.17%,0.00%,"17,95 €","0,00 €",1,0
B08TLR4Z27,B09L4YNBZZ,Arcos jamonero Profesional | Cuchillo jamonero jamonero Inoxidable Nitrum | Mango Negro | Cuchillo Jamon iberico | Serie Maitre| Hoja Flexible y Filo Liso | 275 mm | Acero Inoxidable NITRUM,856500FBM,19,0,0.01%,0.00%,22,0,0.00%,0.00%,100.00%,0.00%,2,0,10.53%,0.00%,"49,98 €","0,00 €",1,0
B06XB92VRH,B09LYXZKTZ,CUPERINOX Deluxe Cafetera Italiana Induccion Espresso Inoxidable 4 Tazas,25051FBM,40,1,0.01%,0.01%,50,1,0.01%,0.01%,100.00%,0.00%,1,0,2.50%,0.00%,"26,99 €","0,00 €",1,0
B06XB92VRH,B09LYZ5G5S,CUPERINOX Deluxe Cafetera Italiana Induccion Espresso Inoxidable 6 Tazas,25052FBM,37,1,0.01%,0.01%,51,1,0.01%,0.01%,91.67%,100.00%,1,0,2.70%,0.00%,"31,99 €","0,00 €",1,0
B06XB92VRH,B09LZ2VHYP,CUPERINOX Deluxe Cafetera Italiana Induccion Espresso Inoxidable 10 Tazas,25053,40,0,0.01%,0.00%,57,0,0.01%,0.00%,100.00%,0.00%,1,0,2.50%,0.00%,"36,99 €","0,00 €",1,0
B09MSDJQJ1,B09MM5CH6C,Arcos jamonero profesional alveolos | incluye pinza para jamón | cuchillo jamonero cuchillo jamonero alveolos cuchillos profesional| Acero Inoxidable Nitrum 240 mm,856200FBM,49,1,0.01%,0.01%,52,1,0.01%,0.01%,98.00%,100.00%,1,0,2.04%,0.00%,"29,99 €","0,00 €",1,0
B09NC6H644,B09NC6H644,"HENDI Arrocera, Función de Mantenimiento del Calor, 23 Tazas de Arroz Seco, Vaso Medidor y Cuchara Arrocera, 230V, 1550W, ø380x(H)240mm, aluminio, 4,2L",H240441,2,0,0.00%,0.00%,3,0,0.00%,0.00%,100.00%,0.00%,1,0,50.00%,0.00%,"123,99 €","0,00 €",1,0
B0D1CWK1B4,B09NC9MBHK,"HENDI Pistola para ahumar, infusor de humo, ahumadores, 3 velocidades, incluye filtros de malla de repuesto, pinza, cable de carga USB, para comidas, quesos, cócteles, 215x70x(H)160mm",H199640,15,2,0.00%,0.02%,19,4,0.00%,0.03%,52.63%,75.00%,1,0,6.67%,0.00%,"90,75 €","0,00 €",1,0
B09S5KSQTH,B09S5KSQTH,"HENDI Mezclador Profesional de Bebidas, Aireador/Batidor de Bebidas Ligeras, Frappés, Capuchinos Fríos, Drink Mixer, Incluye 2 Vasos y 4 Agitadores, 230V/400W, 170x196x(H)490mm, Blanco",H221617,13,1,0.00%,0.01%,20,1,0.00%,0.01%,75.00%,100.00%,1,0,7.69%,0.00%,"154,75 €","0,00 €",1,0
B09WYWVGCS,B09WYWVGCS,Arcos Clara Juego 3 Cuchillos Forjados Acero Inoxidable Nitrum,212000_819010,92,1,0.03%,0.01%,119,1,0.03%,0.01%,44.64%,0.00%,1,0,1.09%,0.00%,"53,99 €","0,00 €",1,0
B0B2RGCWLL,B0B2RGCWLL,"HENDI Cesta para Freír, 8L, 238x190x(H)140mm",H930656,59,9,0.02%,0.09%,90,14,0.02%,0.09%,36.25%,11.11%,1,0,1.69%,0.00%,"34,99 €","0,00 €",1,0
B0B2RGHSMW,B0B2RGHSMW,"HENDI Cesta para Freír, 6L, 238x185x(H)100mm",H930632,75,4,0.02%,0.04%,120,6,0.03%,0.04%,25.00%,50.00%,1,0,1.33%,0.00%,"29,99 €","0,00 €",1,0
B0D1CTT1HG,B0B2RGVSF6,HENDI Bloque de corte 6 mm con placa de empuje,H932902,21,5,0.01%,0.05%,26,5,0.01%,0.03%,56.00%,80.00%,1,0,4.76%,0.00%,"22,99 €","0,00 €",1,0
B0FWK4CNH3,B0B42QTHTP,CUPERINOX | Tijeras de pescado 18 cm | Tijeras Cocina | tijeras de cocinero profesional para aves pescado carne caza| Accesorios de cocina,21991,59,1,0.02%,0.01%,83,2,0.02%,0.01%,97.44%,100.00%,12,12,20.34%,"1,200.00%","70,13 €","70,13 €",1,1
B0B46BW9GK,B0B46BW9GK,"CUPERINOX® Kitchen Pro - Tijeras Cocina Profesional | Mango Negro Ambidiestro | Acero Inoxidable de Calidad | Para Pollo, Pescado, Carne y Verduras | Apto Lavavajillas",21985,10,0,0.00%,0.00%,18,0,0.00%,0.00%,100.00%,0.00%,1,0,10.00%,0.00%,"9,99 €","0,00 €",1,0
B0B46LVDQK,B0B46LVDQK,CUPERINOX® Kitchen Pro Tijeras de Cocina Profesionales 25 cm Tijeras de Trinchar Mango Ergonómico Negro Tijeras para Pollo y Huesos Acero Inoxidable Apto Lavavajillas,21970,8,1,0.00%,0.01%,10,1,0.00%,0.01%,100.00%,100.00%,1,0,12.50%,0.00%,"9,99 €","0,00 €",1,0
B0BJPYW95J,B0BJPYW95J,Arcos Accesorios - Sacacorchos Manual Abrebotellas Manual - Mango de Aleación de Zinc - Color Negro mate (Incluye cortacápsulas),607500_,48,3,0.01%,0.03%,75,4,0.02%,0.03%,87.69%,100.00%,1,0,2.08%,0.00%,"41,99 €","0,00 €",1,0
B0BJPYW95J,B0BJPYW95J,Arcos Accesorios - Sacacorchos Manual Abrebotellas Manual - Mango de Aleación de Zinc - Color Negro mate (Incluye cortacápsulas),607500,48,3,0.01%,0.03%,75,4,0.02%,0.03%,87.69%,100.00%,1,0,2.08%,0.00%,"39,70 €","0,00 €",1,0
B0CQC8TDDY,B0CQC8TDDY,"HENDI Chafing Dish Eléctrico UNIQ, 12,5L, Negro",H470411,41,11,0.01%,0.11%,66,16,0.01%,0.11%,18.64%,66.67%,2,2,4.88%,18.18%,"418,01 €","418,01 €",1,1
B0CVQ8P4HF,B0CVQ8P4HF,"HENDI Máquina para hacer empanadillas, manual, molde para preparar 5 dumplings a la vez, revestimiento antiadherente, presión uniforme, prensa para pastas rellenas, 470x140x(H)95mm, acero inoxidable",H230107,110,9,0.03%,0.09%,135,12,0.03%,0.08%,44.35%,27.27%,1,1,0.91%,11.11%,"375,00 €","375,00 €",1,1
B0D269G58Y,B0D269G58Y,"HENDI Contenedor para huevos OVOBOX 120, con tapa y 8 bandejas, GN 2/3, 18L, 355x325x(H) 200mm, PP y PS",H8711369870785,5,1,0.00%,0.01%,7,2,0.00%,0.01%,100.00%,100.00%,1,1,20.00%,100.00%,"33,25 €","33,25 €",1,1
B0D3748MFS,B0D3748MFS,VINFERMATON – Insecticida Cucarachas y Hormigas Antihormigas Instantáneo 600 ml | Spray Eliminador Insectos Rastreros Interior y Exterior | Acción Rápida Profesional | 100% MADE IN SPAIN,V0011,159,12,0.05%,0.12%,208,15,0.04%,0.10%,0.51%,16.67%,2,2,1.26%,16.67%,"17,98 €","17,98 €",1,1
B0D37Q1JGG,B0D37Q1JGG,Maton Insecticida Residual SP 600 ml,V0013,775,20,0.23%,0.19%,"1,114",36,0.24%,0.24%,0.90%,22.73%,1,1,0.13%,5.00%,"9,99 €","9,99 €",1,1
B0D66VZ93P,B0D66VZ93P,"HENDI Máquina para hacer cubitos de hielo, Arktic, cubitos bala huecos, 12kg/24h, fabricador de cubitos de hielo, hielera, 230V/100W, 242x358x(H)328mm, acero inoxidable, ABS",H271292,16,0,0.00%,0.00%,17,0,0.00%,0.00%,93.75%,0.00%,1,0,6.25%,0.00%,"189,95 €","0,00 €",1,0
B0D6Z2GDS4,B0D6Z2GDS4,"HENDI Lámpara de Calor Flexible, Negro",H273838,4,0,0.00%,0.00%,5,0,0.00%,0.00%,100.00%,0.00%,1,0,25.00%,0.00%,"159,75 €","0,00 €",1,0
B0DFQ7Y1G8,B0DFQ7Y1G8,Arcos Afiladores - Afilador Eléctrico de Cuchillos de Cocina - Hecho de ABS Color Blanco (Rodillos con recubrimiento de diamante),603900,82,7,0.02%,0.07%,117,13,0.02%,0.09%,98.08%,100.00%,1,1,1.22%,14.29%,"289,95 €","289,95 €",1,1
B0DG2MS2G9,B0DG2MS2G9,"HENDI Cesta de asar para patatas fritas, GN1/1, CONVECTOMAT, para hornos, fondo ondulado, resiste hasta 200°C, bandeja para horno, cesta para freír, 530x325x(H)40mm, acero inoxidable",H808818,9,0,0.00%,0.00%,18,0,0.00%,0.00%,43.75%,0.00%,1,0,11.11%,0.00%,"47,75 €","0,00 €",1,0
B0DG2MV27X,B0DG2MV27X,"HENDI Rejilla grill parilla GN 1/1, CONVECTOMAT, para horno, asador, acanalada, para hornear, asar, barbacoa, recubrimiento antiadherente de PTFE, resiste hasta 200°C, 530x325x(H)15mm, aluminio",H808832,9,1,0.00%,0.01%,12,1,0.00%,0.01%,45.45%,100.00%,1,1,11.11%,100.00%,"96,75 €","96,75 €",1,1
B0DKP7F29P,B0DJBZK9SX,"Arcos Serie Samoa Iconic | Cazo Antiadherente Cerámico 16 cm y 1,5 L | Aluminio Forjado | Apta cualquier cocina | Mango Acero Inoxidable | Color Negro | LIBRE DE (PFOA/PTFE/PFOS)",717222,67,0,0.02%,0.00%,77,0,0.02%,0.00%,98.70%,0.00%,1,0,1.49%,0.00%,"33,45 €","0,00 €",1,0
B0DNNKT1W2,B0DNNJCHQP,"Cuperinox-Tetera de Cristal con Infusor para Té e Infusiones, Resistente al Calor y Compatible con Microondas ** - Infusion Prestige Collection (950 ml)",26113,97,6,0.03%,0.06%,126,7,0.03%,0.05%,99.18%,100.00%,1,0,1.03%,0.00%,"19,99 €","0,00 €",1,0
B0DNNKT1W2,B0DNNJPRXB,"Cuperinox-Tetera de Cristal con Infusor para Té e Infusiones, Resistente al Calor y Compatible con Microondas ** - Infusion Prestige Collection (550 ml)",26111,175,11,0.05%,0.11%,248,23,0.05%,0.15%,99.54%,100.00%,3,3,1.71%,27.27%,"46,46 €","46,46 €",1,1
B0DPKXM18X,B0DNQX2BZN,"CUPERINOX Soporte Jamonero Plegable | Jamonero Giratorio | Jamonero de Bambú con Cuchillo Profesional, Afilador y Funda para Jamón | Elite Collection",20270_fbm,183,7,0.06%,0.07%,222,8,0.05%,0.05%,96.68%,100.00%,1,0,0.55%,0.00%,"49,99 €","0,00 €",1,0
B0DPKXM18X,B0DNQX2BZN,"CUPERINOX Soporte Jamonero Plegable | Jamonero Giratorio | Jamonero de Bambú con Cuchillo Profesional, Afilador y Funda para Jamón | Elite Collection",20270_,183,7,0.06%,0.07%,222,8,0.05%,0.05%,96.68%,100.00%,1,0,0.55%,0.00%,"49,99 €","0,00 €",1,0
B0DVT6KPDV,B0DT73LYPQ,"CUPERINOX Cuchillos Montessori | Set de Cuchillos Infantiles de 16 Piezas | Cuchillos Niños Aprendizaje +2 Años | Incluye Delantal, Guante de Seguridad, Moldes Tabla de Cortar | Kids Collection",27016_,211,8,0.06%,0.08%,287,8,0.06%,0.05%,99.63%,100.00%,1,0,0.47%,0.00%,"19,99 €","0,00 €",1,0
B0DVT6KPDV,B0DT75PQN7,"CUPERINOX Kit Cocina Montessori | Cuchillos Niños Aprendizaje +2 Años | Set Completo de Cuchillos Infantiles de 17 Piezas | Incluye Tijeras, Moldes, Batidor, Tabla y Cuchillo Seguro",27017,92,1,0.03%,0.01%,118,2,0.02%,0.01%,100.00%,100.00%,1,0,1.09%,0.00%,"19,99 €","0,00 €",1,0
B0DTK8VD9V,B0DTK8VD9V,"HENDI Freidora eléctrica XL GOLIATH, con grifo de vaciado, 50 °C-190 °C, zona fría, con tapa y cesta de freír, 10L, muy potente: 10200W, 400V, 300x585x(H)392mm, acero inoxidable",H209431,7,1,0.00%,0.01%,9,1,0.00%,0.01%,77.78%,100.00%,1,0,14.29%,0.00%,"449,00 €","0,00 €",1,0
B0DTK9YYPL,B0DTK9YYPL,"HENDI Horno mixto de convección a vapor con pantalla táctil, 5xGN 2/3, ventilador autoreversible, 99 programas, vapor ajustable 10–100%, 30–270°C, 230V, 3200W, 550x754x(H)662mm, acero inoxidable",H219942,12,7,0.00%,0.07%,23,17,0.00%,0.11%,100.00%,100.00%,1,1,8.33%,14.29%,"2.695,00 €","2.695,00 €",1,1
B0DTKCGSW9,B0DTKCGSW9,"HENDI Cuchillo Yanagiba, cuchillo japonés para Sashimi y Sushi, cuchillo de cocina para filetear pescados pequeños y medianos, largo de la hoja: 270mm, largo total: 405mm, acero inoxidable",H845127,30,0,0.01%,0.00%,60,0,0.01%,0.00%,21.43%,0.00%,1,0,3.33%,0.00%,"59,85 €","0,00 €",1,0
B0DTZ1X5QW,B0DTZ1X5QW,"HENDI Chafing Dish Eléctrico UNIQ, 12,5L, Beis",H470442,19,6,0.01%,0.06%,27,7,0.01%,0.05%,92.00%,100.00%,2,2,10.53%,33.33%,"416,00 €","416,00 €",1,1
B0DX26HV93,B0DX26HV93,"HENDI Hervidor de Sopa Eléctrico UNIQ, 8L, Beis",H860557,10,1,0.00%,0.01%,11,1,0.00%,0.01%,72.73%,0.00%,1,1,10.00%,100.00%,"173,99 €","173,99 €",1,1
B0DQV6381X,B0F2Q1K35T,CUPERINOX Soporte Jamonero Balancín | Jamonero Giratorio Profesional | Jamonero Madera | Jamonera Profesional | Tabla Cortar Jamon,20290,213,10,0.06%,0.10%,285,12,0.06%,0.08%,98.86%,100.00%,1,0,0.47%,0.00%,"85,99 €","0,00 €",1,0
B0FJLTDB9J,B0F95HH915,"Alicates para pedicura, Profesional, Cortaúñas de Pies, Acero Inoxidable, Mango Ergonómico Antideslizante, Fácil Limpieza, Con Funda, 2 Años de Garantía (Cortauñas Grande)",A10001,26,0,0.01%,0.00%,39,0,0.01%,0.00%,100.00%,0.00%,1,0,3.85%,0.00%,"7,49 €","0,00 €",1,0
B0FJLTDB9J,B0FB98PM7Z,CUPERINOX® Beauty Care – Pack 3 Cortauñas de Precisión | Alicate + Cortaúñas Mediano + Cortaúñas con Llavero | Acero Inoxidable Profesional | Manicura y Pedicura | Hombre y Mujer,A10004,45,0,0.01%,0.00%,49,0,0.01%,0.00%,100.00%,0.00%,1,0,2.22%,0.00%,"12,99 €","0,00 €",1,0
B0FJLTDB9J,B0FB98PM7Z,CUPERINOX® Beauty Care – Pack 3 Cortauñas de Precisión | Alicate + Cortaúñas Mediano + Cortaúñas con Llavero | Acero Inoxidable Profesional | Manicura y Pedicura | Hombre y Mujer,21920+21931+21932,45,0,0.01%,0.00%,49,0,0.01%,0.00%,100.00%,0.00%,1,0,2.22%,0.00%,"12,99 €","0,00 €",1,0
B0FD3NTQVM,B0FD3NTQVM,VINFERMATÓN Spray Antimosquitos + Post Picaduras | Eficaz contra mosquito tigre | +8 Horas de proteccion | Apto para niños | Facilidad de Uso | MADE IN SPAIN,PACKREPELENTE+ROLLON,17,0,0.01%,0.00%,30,0,0.01%,0.00%,85.71%,0.00%,1,0,5.88%,0.00%,"12,99 €","0,00 €",1,0
B0DKP7F29P,B0FS7VJ21D,"Arcos Sartén Samoa Inox 26 cm, Acero inoxidable tricapa libre de PFAS",726400,485,4,0.15%,0.04%,653,5,0.14%,0.03%,43.50%,0.00%,1,0,0.21%,0.00%,"42,95 €","0,00 €",1,0
B08TWZYBPZ,B0FZC8B2NX,"CUPERINOX - Estuche de Cuchillos Profesionales de Cocina 4 Piezas | Chef 20 cm, Santoku 18 cm, Universal 13 cm y Pelador 9 cm | Acero Inoxidable de Alta Precisión | Mango Ergonómico",19301,580,18,0.17%,0.17%,739,23,0.16%,0.15%,100.00%,100.00%,1,0,0.17%,0.00%,"34,99 €","0,00 €",1,0
B0G67DKSXN,B0G216GBMX,BIOLEAF – Gel WC Esencias Marinas Pack 4×750 ml (3 L) | Limpieza Profunda del Inodoro con Frescor Duradero | Gel Denso Sin Salpicaduras | Biodegradable y Dermatológicamente Testado,3511,73,1,0.02%,0.01%,86,1,0.02%,0.01%,98.75%,0.00%,1,0,1.37%,0.00%,"19,99 €","0,00 €",1,0
B0G4RSR32Y,B0G21WF1RQ,"BIOLEAF – Desengrasante Cocina Antigrasa Pack 4×750 ml (3 L) | Elimina Grasa Difícil en Encimeras, Hornos y Campanas | Sin Disruptores Endocrinos | Fórmula Biodegradable| 100% HECHO EN ESPAÑA",3481,73,1,0.02%,0.01%,93,7,0.02%,0.05%,100.00%,100.00%,1,0,1.37%,0.00%,"19,99 €","0,00 €",1,0
B0G4SGJSBJ,B0G25S6KJ7,BIOLEAF – Desincrustante Baños Antical Pack 8×750 ml (6 L) | Limpieza Profesional Lavabos Ducha y Bañera | Brillo Inmediato | Biodegradable y Dermatológicamente Testado,3795,36,1,0.01%,0.01%,42,1,0.01%,0.01%,100.00%,100.00%,1,0,2.78%,0.00%,"29,99 €","0,00 €",1,0
B0G2CMBY2N,B0G2CMBY2N,Ambientador Marino superconcentrado. 5 litros con solo 250 ml. Ahorro Total,WC009,39,7,0.01%,0.07%,50,8,0.01%,0.05%,97.73%,100.00%,1,0,2.56%,0.00%,"12,99 €","0,00 €",1,0
B0G2CMWG78,B0G2CMWG78,VINFER| WINS018 Limpiador Amoniacal Pino Concentrado 250 ml | Rinde 5 Litros | Potente Detergente Desengrasante e Higienizante | Limpieza Profunda y Frescor Natural | 100% Made in Spain,WC018,13,0,0.00%,0.00%,20,0,0.00%,0.00%,100.00%,0.00%,1,0,7.69%,0.00%,"9,99 €","0,00 €",1,0
B0G2D1VPYX,B0G2D1VPYX,"VINFER-WINS 004 – Limpiador Multiusos| Pack Ahorro: Garrafa 5L + Concentrado 250 ml | Rinde 10 Litros Totales | Limpieza de Muebles, Cristales y Superficies | 100% Made in Spain",WC004+004,16,1,0.00%,0.01%,18,2,0.00%,0.01%,83.33%,100.00%,1,0,6.25%,0.00%,"18,99 €","0,00 €",1,0
B0G2DTP9QC,B0G2DTP9QC,VINFER-WINS018 –Limpiador Amoniacal Pino| Pack Ahorro: Garrafa 5L + Concentrado 250 ml | Rinde 10 Litros Totales | Desengrasante e Higienizante con Frescor Natural | 100% Made in Spain,WC018+018,8,0,0.00%,0.00%,10,0,0.00%,0.00%,100.00%,0.00%,1,0,12.50%,0.00%,"19,99 €","0,00 €",1,0
B0G67DKSXN,B0G66TDWL6,BIOLEAF – Gel WC Esencias Marinas Pack 8×750 ml (6 L) | Limpieza Profunda del Inodoro | Gel Denso Sin Salpicaduras | Frescor Duradero | Biodegradable y Dermatológicamente Testado,3801,77,1,0.02%,0.01%,95,1,0.02%,0.01%,100.00%,100.00%,1,0,1.30%,0.00%,"27,44 €","0,00 €",1,0
B0G3ZJ89NB,B0G8KMC5DX,"CUPERINOX Jamonero Giratorio y Plegable | Jamonera base Inoxidable | Incluye Cuchillo Jamonero Alveolos 25 cm, Afilador y Funda para Jamón | Apto Jamones y Paletilla",20253,74,3,0.02%,0.03%,91,5,0.02%,0.03%,98.84%,100.00%,1,0,1.35%,0.00%,"69,99 €","0,00 €",1,0
B0GT4ZF8HZ,B0GT4ZF8HZ,Limpiador Alto Brillo | 2 Litros,GARRAFITA-ALTO BRILLO,7,0,0.00%,0.00%,8,0,0.00%,0.00%,100.00%,0.00%,1,0,14.29%,0.00%,"9,99 €","0,00 €",1,0
B0H8SYBZD4,B0H8SYBZD4,"CUPERINOX 4 Tuppers de Vidrio Herméticos, Rectangulares, sin BPA, Meal Prep",28001,7,0,0.00%,0.00%,15,0,0.00%,0.00%,100.00%,0.00%,1,0,14.29%,0.00%,"14,99 €","0,00 €",1,0