ASIN (parent),ASIN (child),Título,SKU,Sesiones: total,Sesiones - Total - B2B,Porcentaje de sesiones: total,Porcentaje de sesiones: total - B2B,Visitas: total,Visitas - Total - B2B,Porcentaje de visitas: total,Porcentaje de visitas - Total - B2B,Porcentaje de ofertas destacadas (Buy Box),Porcentaje de ofertas destacadas: B2B,Unidades encargadas,Unidades encargadas - B2B,Porcentaje de unidades por sesión,Porcentaje de sesiones de unidades - B2B,Ventas de productos encargados,Ventas de productos encargados: B2B,Total de artículos de un pedido,Total de artículos de un pedido - B2B
B0FDL4Q2JB,B0FDL4Q2JB,VINFERMATON – Insecticida Avispas y Avisperos Exterior Pack 2×600 ml | Antiavispas | Alcance hasta 4 m | Acción Inmediata Profesional | 100% MADE IN SPAIN,AVISPAS_PACK_2,"1,209",55,0.26%,0.48%,"1,785",70,0.27%,0.44%,98.43%,100.00%,414,46,34.24%,83.64%,"7.019,36 €","775,42 €",353,29
B08J488ZQG,B089QP6MYJ,Arcos Juego Cuchillos Carne | 6 Piezas | Cuchillos carne cuchillo chuleteros | cubiertos acero inoxidable | Hoja 110 mm | mango monobloque | aptos lavavajillas | Caja Envase Ecológico,815600_fba,"7,562",166,1.61%,1.46%,"10,529",224,1.61%,1.40%,99.87%,100.00%,322,2,4.26%,1.20%,"8.427,49 €","49,98 €",277,1
B0CYTKGNPM,B0CW68KM18,Pelador de Cocina ARCOS - Hoja de Acero Inoxidable | Mango Ergonómico | Herramienta Versátil para Pelar Frutas y Verduras,607300,"1,804",47,0.38%,0.41%,"2,332",58,0.36%,0.36%,96.95%,100.00%,260,12,14.41%,25.53%,"1.915,88 €","85,39 €",249,11
B0DPKXM18X,B0DNQT7LV3,"CUPERINOX Soporte Jamonero Balancín | Jamonero Giratorio Profesional | Jamonero Madera | Incluye Cuchillo Profesional, Afilador Funda Cubre Jamón| Jamoneros Elite Collection",20265_fbm,"4,120",123,0.88%,1.08%,"7,546",237,1.15%,1.48%,99.13%,100.00%,249,11,6.04%,8.94%,"22.409,74 €","989,89 €",245,9
B09NT4VRN7,B0812BKN39,Arcos Juego de Cuchillos Mondadores de 3 Piezas,859800_barras_arcos,"24,177",383,5.16%,3.37%,"33,353",532,5.10%,3.32%,13.45%,20.50%,237,20,0.98%,5.22%,"2.444,39 €","198,00 €",218,10
B09DYJY471,B08MTCRCT4,Arcos Juego Cuchillos Cocina Profesionales| Cuchillos Cocina Profesional | Cuchillos Acero Inoxidable Mango Negro | utensilios de cocina | cuchillo japones Santoku | lavavajillas (5 Piezas),816800fbm,"5,560",106,1.19%,0.93%,"7,824",150,1.20%,0.93%,99.37%,98.96%,200,15,3.60%,14.15%,"5.965,21 €","441,06 €",192,11
B017HKRCGK,B005LR7A1Y,ARCOS Bolsa para Cuchillos 100% Poliéster 460x275 mm,690200_,"2,020",41,0.43%,0.36%,"3,238",69,0.49%,0.43%,76.89%,45.00%,169,3,8.37%,7.32%,"2.661,49 €","46,47 €",166,3
B09KJLG7BT,B08KW4BFZ9,CUPERINOX Jamonero Profesional | Soporte jamonero Tipo Gondola| Base de Corte para Usar con Cuchillo jamonero | Jamon iberico | Fabricado en España,2020CUP,835,11,0.18%,0.10%,"1,210",17,0.18%,0.11%,93.06%,88.89%,138,5,16.53%,45.45%,"1.931,08 €","69,95 €",137,5
B0DNNKT1W2,B0DNNFJ5J7,"Cuperinox-Tetera de Cristal con Infusor para Té e Infusiones, Resistente al Calor y Compatible con Microondas ** - Infusion Prestige Collection (350 ml)",26110_,"2,410",59,0.51%,0.52%,"3,400",84,0.52%,0.52%,99.67%,100.00%,150,12,6.22%,20.34%,"2.049,16 €","158,28 €",127,2
B08MT437W9,B08MT437W9,Arcos Juego Cuchillos Cocina Profesionales| Cuchillos Cocina Profesional | 6 pzas | Cuchillos Acero Inoxidable Mango Negro | utensilios de cocina serie Niza | Apto lavavajillas,812900fbm,"3,884",55,0.83%,0.48%,"5,408",72,0.83%,0.45%,99.94%,100.00%,123,10,3.17%,18.18%,"3.662,73 €","302,82 €",123,10
B08J488ZQG,B089QP6MYJ,Arcos Juego Cuchillos Carne | 6 Piezas | Cuchillos carne cuchillo chuleteros | cubiertos acero inoxidable | Hoja 110 mm | mango monobloque | aptos lavavajillas | Caja Envase Ecológico,815600_,"7,562",166,1.61%,1.46%,"10,529",224,1.61%,1.40%,99.87%,100.00%,145,17,1.92%,10.24%,"3.865,33 €","441,33 €",118,12
B08MT437W9,B08MT437W9,Arcos Juego Cuchillos Cocina Profesionales| Cuchillos Cocina Profesional | 6 pzas | Cuchillos Acero Inoxidable Mango Negro | utensilios de cocina serie Niza | Apto lavavajillas,812900,"3,884",55,0.83%,0.48%,"5,408",72,0.83%,0.45%,99.94%,100.00%,118,3,3.04%,5.45%,"3.863,61 €","93,24 €",117,3
B0F9TD2LTH,B09CL776WP,CUPERINOX® Cuchillos de Mesa Acero Inoxidable – Set 12 Cuchillos para Carne con Filo Dentado – Aptos Lavavajillas – Uso Diario y Profesional,15015,"1,396",85,0.30%,0.75%,"2,196",150,0.34%,0.93%,99.59%,98.28%,190,92,13.61%,108.24%,"3.822,06 €","1.768,68 €",103,37
B09NT4VRN7,B0812BKN39,Arcos Juego de Cuchillos Mondadores de 3 Piezas,859800_,"24,177",383,5.16%,3.37%,"33,353",532,5.10%,3.32%,13.45%,20.50%,104,8,0.43%,2.09%,"1.088,12 €","75,07 €",99,6
B0F4WTVT1Z,B09GPS4SQN,"HENDI Pasta combustible para Chafing Dish, 12 x 200 g",H194362,"1,407",61,0.30%,0.54%,"1,995",80,0.30%,0.50%,92.96%,81.36%,112,6,7.96%,9.84%,"2.201,39 €","118,94 €",98,6
B09DYJY471,B08MTCRCT4,Arcos Juego Cuchillos Cocina Profesionales| Cuchillos Cocina Profesional | Cuchillos Acero Inoxidable Mango Negro | utensilios de cocina | cuchillo japones Santoku | lavavajillas (5 Piezas),816800,"5,560",106,1.19%,0.93%,"7,824",150,1.20%,0.93%,99.37%,98.96%,96,5,1.73%,4.72%,"2.847,09 €","141,55 €",95,5
B0BGRT2BVV,B09G9WBKPG,Arcos Juego de 6 Cuchillos de Mesa Chuleteros Hoja 110 mm Negro 705500,805109_uss,"8,564",178,1.83%,1.56%,"12,190",228,1.86%,1.42%,15.44%,7.79%,109,11,1.27%,6.18%,"1.362,50 €","137,50 €",95,6
B0F1N351DY,B072FGV2YH,Arcos Juego de 6 Cuchillos Mondadores Acero Inoxidable 100 mm,189100,"7,299",201,1.56%,1.77%,"10,534",281,1.61%,1.75%,12.87%,14.53%,97,1,1.33%,0.50%,"1.648,87 €","16,99 €",94,1
B09DYJY471,B08MQJCD2V,Arcos Juego Cuchillos Cocina Profesionales| Cuchillos Cocina Profesional | Cuchillos Acero Inoxidable Mango Negro | utensilios de cocina | cuchillo japones Santoku | lavavajillas (4 Piezas),816900,"1,651",40,0.35%,0.35%,"2,156",49,0.33%,0.31%,96.49%,100.00%,89,1,5.39%,2.50%,"2.227,56 €","25,99 €",87,1
B0DNNKT1W2,B0DNNJPRXB,"Cuperinox-Tetera de Cristal con Infusor para Té e Infusiones, Resistente al Calor y Compatible con Microondas ** - Infusion Prestige Collection (550 ml)",26111_,"1,413",40,0.30%,0.35%,"2,022",63,0.31%,0.39%,99.89%,100.00%,103,2,7.29%,5.00%,"1.630,61 €","30,28 €",83,2
B07YM65C6J,B007TS6HMQ,ARCOS Pinza para Pescado Acero Inoxidable,605000_caja,880,19,0.19%,0.17%,"1,130",24,0.17%,0.15%,97.27%,92.31%,78,3,8.86%,15.79%,"697,24 €","24,15 €",77,3
B08GSTDWTC,B08LVVQ3ZQ,"Arcos Serie Nova - Cuchillo para pelar, Acero Inoxidable NITRUM, Envase Ecológico, 3 colores Fucsia, Turquesa y Amarillo",703700_,"1,385",25,0.30%,0.22%,"2,097",32,0.32%,0.20%,98.98%,100.00%,81,2,5.85%,8.00%,"831,92 €","20,98 €",77,1
B0DNNL2TZQ,B0DNNFGWNJ,"CUPERINOX Aceitera de Cristal Antigoteo para Aceite de Oliva, Resistente y Fácil de Limpiar Gourmet Oil Collection (500 Ml)",22023_,737,21,0.16%,0.18%,"1,037",26,0.16%,0.16%,100.00%,100.00%,76,5,10.31%,23.81%,"1.087,28 €","58,99 €",71,2
B0FJLTDB9J,B09RP6V156,"CUPERINOX® Alicates para pedicura, Profesional, Cortaúñas de Pies, Acero Inoxidable, Mango Ergonómico Antideslizante, Fácil Limpieza, Con Funda, 2 Años de Garantía",21920AM,836,21,0.18%,0.18%,"1,255",34,0.19%,0.21%,98.52%,100.00%,74,3,8.85%,14.29%,"808,82 €","27,99 €",69,2
B0DKP7F29P,B0DJBZ1M2L,Arcos Serie Samoa Iconic | Sarten Antiadherente Cerámico 24 cm | Aluminio Forjado | Apta cualquier cocina | Mango Acero Inoxidable | Apta lavavajillas | Color Beige | LIBRE DE (PFOA/PTFE/PFOS),716324,"1,303",25,0.28%,0.22%,"1,994",50,0.30%,0.31%,98.61%,100.00%,70,3,5.37%,12.00%,"2.643,16 €","109,74 €",68,3
B095SDL23Y,B095SDL23Y,Arcos | cuchillos de mesa (6 ud) | cuchillos acero inoxidable con sierra cuchillo chuletero cuchillos chuleteros | Fabricado en España,813000_fbm,"1,210",21,0.26%,0.18%,"1,742",35,0.27%,0.22%,100.00%,100.00%,68,1,5.62%,4.76%,"1.083,87 €","16,49 €",66,1
B0FT8NPR4X,B0FT8NPR4X,BIOLEAF® – Gel WC + Desincrustante Baños Pack 2×750 ml | Limpieza Antical Baño | Fórmula Biodegradable con Esencias Marinas | Dermatológicamente Testado|100% MADE IN SPAIN,3429,"1,094",8,0.23%,0.07%,"1,365",8,0.21%,0.05%,98.75%,100.00%,67,1,6.12%,12.50%,"658,83 €","9,99 €",64,1
B0189HXS8Q,B015QGR3CK,Arcos Serie Navajas Profesionales - Navaja Profesional - Hoja Filo de Acero Inoxidable NITRUM de 85 mm - Navaja de Acero Inoxidable Color amarillo,485900_fbm,"1,076",20,0.23%,0.18%,"1,558",40,0.24%,0.25%,95.40%,92.00%,101,21,9.39%,105.00%,"731,35 €","151,35 €",62,3
B09N7S17J6,B09D3YRGL9,"CUPERINOX Navaja Plegable Multiusos – Hoja de Acero Inoxidable 80 mm (Filo Liso + Serrado), Punta Rompevidrios, Apertura Rápida, Clip de Cinturón, Herramienta para Camping, Caza, Pesca y Supervivencia",30061_,"1,371",26,0.29%,0.23%,"1,912",32,0.29%,0.20%,99.39%,100.00%,66,1,4.81%,3.85%,"651,84 €","9,99 €",62,1
B0752X1ZCK,B07G77NN26,Arcos Cuchillos de Mesa - Caja de 12 uds Cuchillo Chuletero Cuchillo de Mesa - Hoja de Acero Inoxidable NITRUM 110 mm - Mango de Nylon - Color Negro (12 uds),803000_fmb,"1,009",22,0.22%,0.19%,"1,569",28,0.24%,0.17%,91.21%,88.89%,67,2,6.64%,9.09%,"1.923,85 €","57,98 €",61,2
B08JCVQ4QL,B08JCVQ4QL,"Arcos Series Niza - Juego de Cuchillos Cocina, 6 Piezas, Cuchillos Verduras 110 mm, + Cuchillo Mesa, Envase 100% Ecológico, Acero Inoxidable NITRUM",809400_,"1,163",27,0.25%,0.24%,"1,695",44,0.26%,0.27%,99.86%,100.00%,63,4,5.42%,14.81%,"1.235,43 €","72,02 €",60,4
B0DNNL2TZQ,B0DNN57WC1,"CUPERINOX Aceitera de Cristal Antigoteo para Aceite de Oliva, Resistente y Fácil de Limpiar Gourmet Oil Collection (250 Ml)",22022,900,21,0.19%,0.18%,"1,276",31,0.20%,0.19%,99.82%,100.00%,61,0,6.78%,0.00%,"712,21 €","0,00 €",59,0
B0752X4WZ6,B017DLMFXS,ARCOS Pinzas para Emplatar Acero Inoxidable 200 mm,606300FBM,"7,145",126,1.52%,1.11%,"8,951",158,1.37%,0.98%,28.85%,36.46%,60,5,0.84%,3.97%,"700,92 €","54,67 €",57,3
B08M9NWMW8,B08M9NWMW8,Arcos Juego de Cuchillos de Cocina Profesional y Afilador | 7 Piezas | Acero Inoxidable | Taco de Madera | Serie Niza | Uso Cotidiano | Apto para Lavavajillas,835800FBM,"1,351",23,0.29%,0.20%,"1,933",27,0.30%,0.17%,99.88%,100.00%,55,3,4.07%,13.04%,"2.996,95 €","164,97 €",55,3
B0BGRT2BVV,B09G9WBKPG,Arcos Juego de 6 Cuchillos de Mesa Chuleteros Hoja 110 mm Negro 705500,705500(805109),"8,564",178,1.83%,1.56%,"12,190",228,1.86%,1.42%,15.44%,7.79%,59,0,0.69%,0.00%,"695,53 €","0,00 €",55,0
B0DNNL2TZQ,B0DNN4J6Q8,"CUPERINOX Aceitera antigoteo cristal para Aceite de Oliva, Vinagre etc. A prueba de fugas, Aceitera cristal antigoteo tambien aceiteros cocina ideal para Ensaladas, BBQ, cooking oil container (125 ML)",22021,970,22,0.21%,0.19%,"1,301",27,0.20%,0.17%,99.67%,100.00%,59,0,6.08%,0.00%,"606,62 €","0,00 €",55,0
B071PB1GX3,B071PB1GX3,WINS 007 - Friegasuelos Perfumado | Garrafa 5 L,WINS007,409,37,0.09%,0.33%,577,45,0.09%,0.28%,20.19%,92.68%,73,37,17.85%,100.00%,"737,92 €","370,91 €",54,24
B0DKP7F29P,B0DJBZPLJF,Arcos Serie Samoa Iconic | Sarten Antiadherente Cerámico 28 cm | Aluminio Forjado | Apta cualquier cocina | Mango Acero Inoxidable | Apta lavavajillas | Color Beige | LIBRE DE (PFOA/PTFE/PFOS),716524,718,17,0.15%,0.15%,"1,029",28,0.16%,0.17%,93.51%,100.00%,56,2,7.80%,11.76%,"2.472,40 €","86,70 €",54,2
B0DNNL2TZQ,B0DNN57WC1,"CUPERINOX Aceitera de Cristal Antigoteo para Aceite de Oliva, Resistente y Fácil de Limpiar Gourmet Oil Collection (250 Ml)",22022_,900,21,0.19%,0.18%,"1,276",31,0.20%,0.19%,99.82%,100.00%,59,10,6.56%,47.62%,"707,41 €","119,90 €",54,6
B0G6M1C8V6,B0D4WK78XV,CUPERINOX Aceiteras para Aceite Usado | Grasera Acero Inoxidable 550ML con Filtro Metálico | Recipiente para Aceite Usado de Cocina y Grasa | Grasera Cocina Metálica 550ML 2Uds Metálico,22105-22106,"1,226",18,0.26%,0.16%,"1,857",23,0.28%,0.14%,99.02%,100.00%,53,2,4.32%,11.11%,"634,48 €","22,99 €",53,2
B0DVT6KPDV,B0DT75PQN7,"CUPERINOX Kit Cocina Montessori | Cuchillos Niños Aprendizaje +2 Años | Set Completo de Cuchillos Infantiles de 17 Piezas | Incluye Tijeras, Moldes, Batidor, Tabla y Cuchillo Seguro",27017_,744,6,0.16%,0.05%,"1,086",8,0.17%,0.05%,99.90%,100.00%,54,0,7.26%,0.00%,"743,66 €","0,00 €",53,0
B0FT8QFSK3,B0FT8QFSK3,BIOLEAF® – Multiusos + Desengrasante Pack 2×750 ml | Limpieza Hogar y Cocina | Potente Antigrasa y Multiusos Brillo Duradero | Fórmula Biodegradable con Esencia Limón | 100% MADE IN SPAIN,3443,917,12,0.20%,0.11%,"1,196",12,0.18%,0.07%,98.81%,100.00%,54,0,5.89%,0.00%,"534,46 €","0,00 €",53,0
B08M7BMR2S,B08LNRV6N6,"Arcos Afiladores, Afilador de Cuchillos de Mano, Hecho de ABS + TPE, Rodillos Cerámico y Carburo, Color Blanco y Negro",610624,580,17,0.12%,0.15%,741,19,0.11%,0.12%,91.01%,94.12%,54,1,9.31%,5.88%,"723,47 €","13,70 €",52,1
B0DNNL2TZQ,B0DNNF3839,"CUPERINOX Aceitera de Cristal Antigoteo para Aceite de Oliva, Resistente y Fácil de Limpiar Gourmet Oil Collection (1000 Ml)",22024_,452,16,0.10%,0.14%,652,24,0.10%,0.15%,98.97%,100.00%,53,3,11.73%,18.75%,"932,47 €","50,97 €",52,3
B0786LYQTP,B0786LYQTP,VINFER- Limpiador y Abrillantador Inox 600 ml | Limpieza y Protección Acero Inoxidable | Efecto Brillo Duradero | Desengrasa y Cuida Superficies Inoxidables | Spray Profesional,VP_Inox600Ml,467,26,0.10%,0.23%,695,42,0.11%,0.26%,77.46%,96.55%,79,16,16.92%,61.54%,"632,96 €","124,16 €",50,8
B0G6M1C8V6,B0D4WK78XV,CUPERINOX Aceiteras para Aceite Usado | Grasera Acero Inoxidable 550ML con Filtro Metálico | Recipiente para Aceite Usado de Cocina y Grasa | Grasera Cocina Metálica 550ML 2Uds Metálico,22105y22106,"1,226",18,0.26%,0.16%,"1,857",23,0.28%,0.14%,99.02%,100.00%,50,1,4.08%,5.56%,"523,18 €","11,99 €",50,1
B017HKRCGK,B005LR7AWI,ARCOS Bolsa Portacuchillos 8 Piezas Poliéster 500x510mm,690400_,788,18,0.17%,0.16%,"1,061",22,0.16%,0.14%,81.54%,87.50%,50,2,6.35%,11.11%,"1.214,98 €","43,73 €",49,2
B07YM65C6J,B007TS6HMQ,ARCOS Pinza para Pescado Acero Inoxidable,605000_605010,880,19,0.19%,0.17%,"1,130",24,0.17%,0.15%,97.27%,92.31%,51,6,5.80%,31.58%,"482,31 €","55,26 €",46,2
B095SDL23Y,B095SDL23Y,Arcos | cuchillos de mesa (6 ud) | cuchillos acero inoxidable con sierra cuchillo chuletero cuchillos chuleteros | Fabricado en España,813000,"1,210",21,0.26%,0.18%,"1,742",35,0.27%,0.22%,100.00%,100.00%,51,2,4.21%,9.52%,"840,99 €","32,98 €",46,2
B0DNNKT1W2,B0DNNJCHQP,"Cuperinox-Tetera de Cristal con Infusor para Té e Infusiones, Resistente al Calor y Compatible con Microondas ** - Infusion Prestige Collection (950 ml)",26113_,557,15,0.12%,0.13%,781,27,0.12%,0.17%,98.95%,100.00%,46,1,8.26%,6.67%,"829,42 €","16,14 €",46,1
B0189HXS8Q,B017DLLIUO,Arcos Navaja Profesional Acero Inoxidable 85 mm,485929,956,14,0.20%,0.12%,"1,356",25,0.21%,0.16%,78.03%,61.11%,59,1,6.17%,7.14%,"445,97 €","7,55 €",45,1
B0DKP7F29P,B0DJBZ7G4Y,Arcos Serie Samoa Iconic | Sarten Antiadherente Cerámico 20 cm | Aluminio Forjado | Apta cualquier cocina | Mango Acero Inoxidable | Apta lavavajillas | Color Beige | LIBRE DE (PFOA/PTFE/PFOS),716124,"1,071",21,0.23%,0.18%,"1,486",40,0.23%,0.25%,99.06%,100.00%,47,3,4.39%,14.29%,"1.558,25 €","98,45 €",45,3
B0DQV6381X,B0DQDQ1DB8,CUPERINOX Jamonero | Jamonero Giratorio | Tabla Cortar Jamon | Jamoneros Profesional | Jamonero Plegable | Tabla Jamon | Cortador de Jamon,SC_20270,"1,056",14,0.23%,0.12%,"1,666",21,0.25%,0.13%,99.53%,100.00%,44,0,4.17%,0.00%,"1.519,36 €","0,00 €",44,0
B09GSCQQF9,B07G77FNSF,"Arcos Serie Cuchillos de Mesa Caja 12 uds Cuchillo Postre, Hoja Serrada de Acero Inoxidable NITRUM de 105 mm, Mango Polipropileno Color crema (12 UDS)",370100_,353,9,0.08%,0.08%,486,10,0.07%,0.06%,99.77%,100.00%,45,1,12.75%,11.11%,"821,25 €","18,25 €",42,1
B0DNNKT1W2,B0DNNJPGTY,"Cuperinox-Tetera de Cristal con Infusor para Té e Infusiones, Resistente al Calor y Compatible con Microondas ** - Infusion Prestige Collection (750 ml)",26112_,581,19,0.12%,0.17%,803,28,0.12%,0.17%,99.71%,100.00%,42,2,7.23%,10.53%,"692,42 €","32,73 €",42,2
B093DXB2PK,B00MDJVRG2,Arcos Latina Cuchillo para Verduras Acero Inoxidable 105 mm,100500_1_pieza,261,6,0.06%,0.05%,373,9,0.06%,0.06%,98.19%,100.00%,107,0,41.00%,0.00%,"510,54 €","0,00 €",41,0
B017HKSTCQ,B00VRWSIUO,Arcos Serie Ecopro - Tijeras de Cocina - Acero Inoxidable 240 mm - Mango de Acero Inoxidable - Color Plata,809800_,927,33,0.20%,0.29%,"1,284",45,0.20%,0.28%,63.08%,38.71%,44,6,4.75%,18.18%,"802,48 €","108,98 €",41,3
B0FT8N82NY,B0FT8N82NY,BIOLEAF® – Lavavajillas+ Desengrasante Cocina Pack 2×750 ml | Limpieza Potente Antigrasa y Vajilla Reluciente | Fórmula Biodegradable con Esencia Limón | Dermatológicamente Testado| 100% MADE IN SPAIN,3436,622,4,0.13%,0.04%,765,4,0.12%,0.02%,98.76%,100.00%,42,1,6.75%,25.00%,"415,08 €","9,99 €",41,1
B0C4DTYRJW,B071LGMMGV,Arcos Juego Cuchillos Cocina Profesionales| Cuchillos Cocina Profesional Set Cuchillos | Mango Negro (3 Piezas),862600,"1,335",26,0.28%,0.23%,"1,957",45,0.30%,0.28%,99.83%,96.43%,42,3,3.15%,11.54%,"1.658,10 €","106,09 €",40,2
B07G75XCXM,B07G75XCXM,"Arcos Serie Cuchillos de Mesa Caja 12 uds Cuchillo Mesa, Hoja Serrada de Acero Inoxidable NITRUM de 125 mm, Mango Polipropileno Color crema (12 UDS)",370200_fbm,546,13,0.12%,0.11%,889,15,0.14%,0.09%,95.90%,92.31%,45,5,8.24%,38.46%,"899,55 €","99,95 €",40,5
B08G8QCM5H,B08G8QCM5H,ARCOS cuchillo pelador | 6 PIEZAS | cuchillo de pelar | cuchillos pelar patatas | Hoja 100 mm | Negro | cuchillo arcos pelador Acero Inoxidable,816500_,851,40,0.18%,0.35%,"1,138",54,0.17%,0.34%,100.00%,100.00%,42,7,4.94%,17.50%,"788,90 €","133,08 €",40,7
B08J488ZQG,B0987N2CBR,Arcos Juego Cuchillos Carne | 6 Piezas | Cuchillos carne cuchillo chuleteros | cubiertos acero inoxidable | Hoja 110 mm | mango monobloque | aptos lavavajillas | Caja Envase Ecológico,814000_fba,"1,899",34,0.40%,0.30%,"2,143",35,0.33%,0.22%,99.95%,100.00%,43,1,2.26%,2.94%,"1.161,13 €","27,99 €",40,1
B0937XXT33,B01CQT1B5U,"Arcos Cuchillos de Mesa Juego de Cuchillos Chuleteros Cuchillos de Mesa, Monoblock de una pieza de Acero Inoxidable 110 mm, Color Plata (12 uds)",702000_us,485,18,0.10%,0.16%,772,26,0.12%,0.16%,91.42%,94.74%,45,1,9.28%,5.56%,"2.098,42 €","47,99 €",39,1
B0FJLTDB9J,B09RP6V156,"CUPERINOX® Alicates para pedicura, Profesional, Cortaúñas de Pies, Acero Inoxidable, Mango Ergonómico Antideslizante, Fácil Limpieza, Con Funda, 2 Años de Garantía",21920AM_fba,836,21,0.18%,0.18%,"1,255",34,0.19%,0.21%,98.52%,100.00%,39,5,4.67%,23.81%,"455,51 €","47,45 €",39,5
B089MW6B1B,B078JNZS9T,Arcos Estuche de 3 Cuchillos Básicos de Cocina. Pack de Cuchillos con Hoja de Acero Inoxidable y Mango de Polieximetileno Aptos para Lavavajillas. Serie Universal. Color Negro,807400_us,"6,583",134,1.40%,1.18%,"9,302",185,1.42%,1.15%,16.48%,22.58%,40,2,0.61%,1.49%,"1.757,60 €","85,98 €",38,2
B08LVZCG23,B08LVZCG23,Arcos Juego de Cuchillos de Cocina Rosa | 3 pz | Cuchillo Chef para pelar Verduras | Edición Limitada | Solidaria,814500_fba,"3,202",38,0.68%,0.33%,"4,030",46,0.62%,0.29%,95.57%,100.00%,38,1,1.19%,2.63%,"1.100,62 €","28,99 €",38,1
B09KJLG7BT,B098TFPYLY,CUPERINOX Jamonero profesional Gondola | tabla jamon | Cuchillo Jamonero Alveolos Acero Inox + Cubre Jamón Universal | Set cortar jamón (3 PZAS) | Sujeta jamones | tabla jamonero,20228FBM,404,13,0.09%,0.11%,601,24,0.09%,0.15%,98.53%,100.00%,39,4,9.65%,30.77%,"1.364,61 €","139,96 €",38,4
B0F9TD2LTH,B09CL776WP,CUPERINOX® Cuchillos de Mesa Acero Inoxidable – Set 12 Cuchillos para Carne con Filo Dentado – Aptos Lavavajillas – Uso Diario y Profesional,15015_,"1,396",85,0.30%,0.75%,"2,196",150,0.34%,0.93%,99.59%,98.28%,57,4,4.08%,4.71%,"1.254,87 €","87,96 €",38,1
B0CVH8PC99,B0CQTJ6T66,"CUPERINOX® Cuchillos de Mesa Acero Inoxidable – Set Profesional 12 Piezas con Hoja Serrada de 11 cm y Mango Ergonómico Antideslizante – Para Carne, Verduras y Pescado",99922,535,29,0.11%,0.25%,742,41,0.11%,0.26%,100.00%,100.00%,48,10,8.97%,34.48%,"562,88 €","119,90 €",37,4
B0G6M1C8V6,B0D4WK78XV,CUPERINOX Aceiteras para Aceite Usado | Grasera Acero Inoxidable 550ML con Filtro Metálico | Recipiente para Aceite Usado de Cocina y Grasa | Grasera Cocina Metálica 550ML 2Uds Metálico,F22105-22106,"1,226",18,0.26%,0.16%,"1,857",23,0.28%,0.14%,99.02%,100.00%,36,2,2.94%,11.11%,"431,64 €","23,98 €",36,2
B0G6M1C8V6,B0G6L13H45,"CUPERINOX Graseras 1 Litro Acero Inoxidable para Carne y Pescado con Filtro de Malla Fina – Recipiente para Aceite Usado, Antigoteo, Tapa Antisalpicaduras – Gourmet Oil Collection",22121,305,9,0.07%,0.08%,416,11,0.06%,0.07%,99.16%,100.00%,36,2,11.80%,22.22%,"534,44 €","29,98 €",36,2
B093DSL44T,B07F9RV81Z,Arcos Cuchillo Chuletero de 4 Pulgadas con Hoja de 105mm en Acero Inoxidable y Mango de Madera. Cuchillo para Carne Apto para Lavavajillas. Serie Latina. Color Marrón,100400_fba,832,16,0.18%,0.14%,"1,299",24,0.20%,0.15%,87.42%,100.00%,41,1,4.93%,6.25%,"1.475,59 €","35,99 €",35,1
B0812P3LZT,B0812P3LZT,"Arcos Nova - Set 3 Cuchillos Mantequilla - Acero Inoxidable 70 mm - Mango en color menta, naranja y limon",859900_,384,8,0.08%,0.07%,531,13,0.08%,0.08%,99.78%,100.00%,35,0,9.11%,0.00%,"373,36 €","0,00 €",35,0
B08GSTDWTC,B08LVVQ3ZQ,"Arcos Serie Nova - Cuchillo para pelar, Acero Inoxidable NITRUM, Envase Ecológico, 3 colores Fucsia, Turquesa y Amarillo",703700fbm,"1,385",25,0.30%,0.22%,"2,097",32,0.32%,0.20%,98.98%,100.00%,41,5,2.96%,20.00%,"483,09 €","51,45 €",35,4
B07M8DDJ9B,B07M8DDJ9B,"WINS– Ambientador Lavanda Concentrado | Perfume Intenso y Duradero para Hogar, Oficinas y Espacios Comunes | Aroma Natural Relajante | Garrafa 5L | 100% Made in Spain",WINS008,241,19,0.05%,0.17%,332,21,0.05%,0.13%,60.07%,72.22%,38,12,15.77%,63.16%,"678,79 €","213,74 €",34,9
B0CN13SJ98,B0CN13SJ98,"HENDI Expositor con cubierta deslizante roll-top, Doble",H871768,648,57,0.14%,0.50%,"1,011",82,0.15%,0.51%,85.49%,91.04%,36,6,5.56%,10.53%,"1.719,79 €","286,50 €",34,5
B08GSTDWTC,B08G4D9718,"Arcos | Cuchillos 3 Colores | Cuchillo de pelar | Cuchillos pelar Patatas | Acero Inoxidable Nitrum| Envase Ecológico | Cuchillo Colores (85 mm, Amarillo, Turquesa, Naranja)",816700_francia,580,3,0.12%,0.03%,733,3,0.11%,0.02%,92.51%,100.00%,36,2,6.21%,66.67%,"351,00 €","19,50 €",33,1
B0B8Z4CJBC,B07F2YVB15,"Arcos Juego Cuchillos Pelar Acero Inoxidable Nitrum 4""",136500,614,15,0.13%,0.13%,894,18,0.14%,0.11%,71.03%,27.27%,33,1,5.37%,6.67%,"634,92 €","19,24 €",32,1
B0FH2NLMGN,B0FH2NLMGN,VINFERMATON Insecticida Hormigas y Cucarachas Residual | Antihormigas | Pack 2×400 ml | Efecto hasta 1 año | Interior y Exterior | Profesional Doméstico | 100% MADE IN SPAIN,V0012_PACK2,376,13,0.08%,0.11%,545,17,0.08%,0.11%,90.30%,0.00%,33,0,8.78%,0.00%,"487,17 €","0,00 €",32,0
B0CYTKGNPM,B0CW66H3TR,Pelador de Tomate ARCOS - Hoja Serrada de Acero Inoxidable | Mango Ergonómico | Ideal para Tomates,607420_,"1,051",22,0.22%,0.19%,"1,160",24,0.18%,0.15%,99.81%,100.00%,35,1,3.33%,4.55%,"274,19 €","7,99 €",31,1
B00ID2NEMS,B00ID2NEMS,LIMPIASALPICADEROS PROFESIONAL 750 ML.,VP_SALPICADEROS_750ML,236,13,0.05%,0.11%,336,19,0.05%,0.12%,89.49%,94.12%,49,7,20.76%,53.85%,"414,43 €","54,89 €",30,3
B07ZJ8ZJ93,B07ZJ8ZJ93,Arcos Set Jamonero Profesional Acero Inoxidable 3 Piezas,859400_us,428,13,0.09%,0.11%,687,18,0.11%,0.11%,86.01%,88.89%,30,2,7.01%,15.38%,"899,70 €","59,98 €",30,2
B093313MH6,B093313MH6,Arcos | Cuchillo de deshuesar| Cuchillo deshuesador | cuchillo deshuesador jamón | cuchillo deshuesador (140 mm) Clásica| Envase Eco | cuchillo puntilla jamonero,256210_fba,484,10,0.10%,0.09%,656,10,0.10%,0.06%,100.00%,100.00%,30,3,6.20%,30.00%,"587,13 €","56,46 €",30,3
B0788NSRGR,B0788NSRGR,WINS-Detergente Máquinas Lavavajillas Profesional Aguas Duras 012 | Garrafa 5 L | Limpieza Potente de Vajilla en Lavavajillas Industriales | Uso Profesional | 100% Made in Spain,WINS012_5l,139,20,0.03%,0.18%,211,36,0.03%,0.22%,63.28%,87.50%,36,15,25.90%,75.00%,"573,18 €","230,19 €",28,8
B08M5K93QF,B08M5K93QF,Arcos Juego Cuchillos Mesa | 6 Uds | Cuchillo Postre | Cuchillos Mesa | Cuchillo Carne | Hoja 105 mm | Acero Inoxidable Martensítico | Mango Polipropileno | Apto lavavajillas | Envase Ecológico,703500_etq,269,3,0.06%,0.03%,402,5,0.06%,0.03%,99.07%,100.00%,29,1,10.78%,33.33%,"312,22 €","10,40 €",28,1
B0FT8NLHQ3,B0FT8NLHQ3,BIOLEAF® – Multiusos + Limpiacristales Pack 2×750 ml | Limpieza Total Hogar | Brillo Duradero en Superficies y Cristales Sin Huellas | Fórmula Biodegradable | Dermatológicamente Testado,3450,606,6,0.13%,0.05%,769,7,0.12%,0.04%,99.00%,100.00%,30,1,4.95%,16.67%,"295,70 €","9,99 €",28,1
B0752X4WZ6,B00TA4O5YO,ARCOS Pinzas para Emplatar Acero Inoxidable 300 mm,606200,"2,061",38,0.44%,0.33%,"2,505",42,0.38%,0.26%,20.03%,0.00%,29,0,1.41%,0.00%,"333,21 €","0,00 €",27,0
B0714CRSCQ,B0714CRSCQ,Arcos Cuchillo Mondador Negro 100 mm,150300,446,11,0.10%,0.10%,669,16,0.10%,0.10%,46.55%,0.00%,28,0,6.28%,0.00%,"276,87 €","0,00 €",26,0
B09DYJY471,B08MQJCD2V,Arcos Juego Cuchillos Cocina Profesionales| Cuchillos Cocina Profesional | Cuchillos Acero Inoxidable Mango Negro | utensilios de cocina | cuchillo japones Santoku | lavavajillas (4 Piezas),816900fba,"1,651",40,0.35%,0.35%,"2,156",49,0.33%,0.31%,96.49%,100.00%,29,2,1.76%,5.00%,"753,71 €","51,98 €",26,2
B0F9TD2LTH,B0CS6V91GR,CUPERINOX® Cuchillos de Mesa con Mango de Madera – Set 6 Cuchillos para Carne con Filo Dentado – Estilo Palmadera tradicional – Aptos para Uso Diario,14015,818,26,0.17%,0.23%,"1,116",30,0.17%,0.19%,99.31%,100.00%,40,2,4.89%,7.69%,"600,38 €","26,01 €",26,2
B0DKP7F29P,B0DJC17TXZ,"Arcos Serie Samoa Iconic | Cacerola Baja Antiadherente Cerámico 28 cm y 4,3 L | Aluminio Forjado | Apta cualquier cocina | Mango Acero Inoxidable | Color Beige | LIBRE DE (PFOA/PTFE/PFOS)",717124,793,10,0.17%,0.09%,"1,143",17,0.17%,0.11%,87.60%,92.31%,29,2,3.66%,20.00%,"2.044,57 €","140,88 €",26,2
B06XB92VRH,B07T6J5JWM,CUPERINOX Cafetera Italiana Induccion Espresso Acero Inoxidable 12 Tazas,25035_2,757,16,0.16%,0.14%,"1,125",27,0.17%,0.17%,98.22%,100.00%,25,0,3.30%,0.00%,"610,54 €","0,00 €",25,0
B0CYTKGNPM,B0843DQCF5,ARCOS Pelador de Verduras en Juliana de Acero Inoxidable Cromado 130 Mm. Pelador Profesional para Cortes en Juliana de Verduras y Hortalizas. Apto Lavavajillas. Color Plata,607200,943,22,0.20%,0.19%,"1,088",26,0.17%,0.16%,95.55%,100.00%,26,1,2.76%,4.55%,"195,10 €","7,49 €",25,1
B07H1T4V1B,B07H1T4V1B,WINS – Fregasuelos Neutro Manzana 006 | Friegasuelos Limpiador para Suelos y Superficies con Aroma a Manzana Duradero | Garrafa 5 L | pH Neutro | 100% Made in Spain,WINS006,111,10,0.02%,0.09%,145,11,0.02%,0.07%,97.67%,100.00%,32,13,28.83%,130.00%,"338,50 €","134,64 €",24,9
B017HKR8WS,B005LR7EP6,ARCOS Afilador de Cuchillos Profesional ABS,610000,"7,287",176,1.55%,1.55%,"9,930",280,1.52%,1.75%,16.42%,20.00%,23,4,0.32%,2.27%,"1.513,77 €","259,96 €",23,4
B0FWM351K4,B06Y66X8SW,CUPERINOX® Couture Series - Tijera Costura Profesional 10 cm | Acero Inoxidable de Alta Precisión | Corte Fino para Detalles y Acabados | Uso Doméstico y Profesional,21960,184,4,0.04%,0.04%,269,4,0.04%,0.02%,97.31%,100.00%,23,2,12.50%,50.00%,"160,77 €","13,98 €",23,2
B0CQ5G2HVQ,B0BRNJF5D2,Arcos Serie Samoa | Lote de Sartenes 20 y 24 cm | Aluminio Forjado | Full Induction | Mango Acero Inoxidable Efecto Frio | Sistema ahorro energético | Apta lavavajillas | Color Negro,717810,855,18,0.18%,0.16%,"1,177",35,0.18%,0.22%,94.85%,100.00%,23,5,2.69%,27.78%,"1.363,86 €","296,76 €",23,5
B0DNNL2TZQ,B0DNNFGWNJ,"CUPERINOX Aceitera de Cristal Antigoteo para Aceite de Oliva, Resistente y Fácil de Limpiar Gourmet Oil Collection (500 Ml)",22023,737,21,0.16%,0.18%,"1,037",26,0.16%,0.16%,100.00%,100.00%,24,0,3.26%,0.00%,"360,26 €","0,00 €",23,0
B0FHQJSLGJ,B0FHQJSLGJ,"VINFERMATON - Insecticida Antipolillas Perfumado | Pack 3 x 300 ml | Protección para Armarios, Ropa y Tejidos | Elimina Polillas y Larvas | Aroma Agradable | Uso en Ambientes y Textiles",V1308_PACK3,232,6,0.05%,0.05%,361,6,0.06%,0.04%,99.36%,100.00%,24,1,10.34%,16.67%,"311,76 €","12,99 €",23,1
B0CYTKGNPM,B0CW68KM18,Pelador de Cocina ARCOS - Hoja de Acero Inoxidable | Mango Ergonómico | Herramienta Versátil para Pelar Frutas y Verduras,607300_,"1,804",47,0.38%,0.41%,"2,332",58,0.36%,0.36%,96.95%,100.00%,25,4,1.39%,8.51%,"210,18 €","31,89 €",22,2
B009KKK16Y,B009KKK16Y,"HENDI Pasta-gel combustible para Fondue, 3 unidades, para el quemador de alcohol para Fondue de HENDI 111420, tiempo de combustión de aproximadamente 2 horas, quemador de Fondue, 80 gr",H190036,270,11,0.06%,0.10%,370,11,0.06%,0.07%,98.47%,100.00%,26,5,9.63%,45.45%,"259,74 €","49,95 €",21,2
B0FR444FLT,B07JJGXYZD,Arcos Set Cocina Serie Manhattan,858100,"2,042",37,0.44%,0.33%,"2,749",56,0.42%,0.35%,98.80%,97.44%,22,2,1.08%,5.41%,"1.762,78 €","155,78 €",21,2
B073JC3QG7,B073JC3QG7,"VINFER- Abrillantador Mopas Spray 750 ml | Limpieza, Protege y Abrillanta Parquet, Terrazo, Mármol, Linóleum y Gres | Formato Profesional",VP_MOPAS_NARANJA,246,8,0.05%,0.07%,353,10,0.05%,0.06%,98.41%,100.00%,27,3,10.98%,37.50%,"269,73 €","29,97 €",20,3
B0DK3CM34K,B07CBLHKLN,"HENDI Cartuchos de recarga de gas GLP para HENDI Cabezales de antorchas de cocina de llama continua 198247 y 198216, recambios para soplete, paquete de 4 unidades",H199039,218,15,0.05%,0.13%,298,27,0.05%,0.17%,99.25%,100.00%,21,8,9.63%,53.33%,"300,26 €","107,67 €",20,7
B08M99RZRV,B08M99RZRV,Arcos | Cuchillo Jamonero Cuchillo deshuesador | 2 Uds | Set cuchillos jamoneros 250 mm y cuchillo deshuesador (140 mm) jamonero profesional | cuchillo carnicero profesional | Eco,703800,818,14,0.17%,0.12%,"1,044",19,0.16%,0.12%,99.79%,100.00%,20,1,2.44%,7.14%,"785,80 €","39,99 €",20,1
B0FWJYP1S9,B0FWJYP1S9,"Arcos Afilador de cuchillos multiángulo, Preciso y duradero",610400_fbm,232,3,0.05%,0.03%,342,5,0.05%,0.03%,95.64%,100.00%,20,1,8.62%,33.33%,"536,08 €","26,95 €",20,1
B08M7BMR2S,B00I9XTLSC,ARCOS Afilador Profesional Manual Cerámica y Carbono Rojo-Negro,610600,"3,530",78,0.75%,0.69%,"5,057",117,0.77%,0.73%,7.07%,2.08%,19,0,0.54%,0.00%,"245,29 €","0,00 €",19,0
B0189HXQKQ,B017DLLFES,"Arcos Navaja Profesional de Acero Inoxidable Nitrum, Hoja 85 mm, Mango de Polipropileno, Serie Navajas Profesionales, Alta Durabilidad y Rendimiento",485700_fba,455,11,0.10%,0.10%,635,17,0.10%,0.11%,72.36%,66.67%,32,0,7.03%,0.00%,"240,40 €","0,00 €",19,0
B08G8QHY23,B08G8QHY23,Arcos | cuchillos chuleteros cuchillo madera cuchillo chuletero | 6 Piezas | juego cuchillos carne | cuchillos mango madera | Envase Eco | Fabricado en España,809300_,592,14,0.13%,0.12%,806,22,0.12%,0.14%,99.57%,100.00%,24,0,4.05%,0.00%,"568,01 €","0,00 €",19,0
B0F66KBPV1,B07N7Y7LD9,HENDI Cesta de lavavajillas Profesional para Vasos,H871348,241,22,0.05%,0.19%,386,39,0.06%,0.24%,93.15%,90.63%,22,3,9.13%,13.64%,"461,88 €","63,38 €",18,3
B08M7BMR2S,B08LNRV6N6,"Arcos Afiladores, Afilador de Cuchillos de Mano, Hecho de ABS + TPE, Rodillos Cerámico y Carburo, Color Blanco y Negro",610624_fbm,580,17,0.12%,0.15%,741,19,0.11%,0.12%,91.01%,94.12%,18,3,3.10%,17.65%,"246,60 €","41,10 €",18,3
B0D73CM824,B0D73CM824,"Arcos Cuchillo Mesa | Cuchillo Chuletero | Cuchillo Carne| Cuchillo de Mesa | Pack 12 Unidades| Hoja de Acero Inoxidable115 mm, Mango de Polipropileno Color Negro",740000,"1,028",17,0.22%,0.15%,"1,457",23,0.22%,0.14%,99.84%,100.00%,19,0,1.85%,0.00%,"583,43 €","0,00 €",18,0
B0DNNL2TZQ,B0DNN4J6Q8,"CUPERINOX Aceitera antigoteo cristal para Aceite de Oliva, Vinagre etc. A prueba de fugas, Aceitera cristal antigoteo tambien aceiteros cocina ideal para Ensaladas, BBQ, cooking oil container (125 ML)",22021_,970,22,0.21%,0.19%,"1,301",27,0.20%,0.17%,99.67%,100.00%,45,4,4.64%,18.18%,"517,08 €","45,99 €",18,4
B0DNNKT1W2,B0DNNJCHQP,"Cuperinox-Tetera de Cristal con Infusor para Té e Infusiones, Resistente al Calor y Compatible con Microondas ** - Infusion Prestige Collection (950 ml)",26113,557,15,0.12%,0.13%,781,27,0.12%,0.17%,98.95%,100.00%,19,0,3.41%,0.00%,"379,81 €","0,00 €",18,0
B0DQV6381X,B0DQR3T9MM,CUPERINOX Jamonero Profesional | Jamonero Giratorio Inoxidable | Jamonero Plegable | Tabla Cortar Jamon | Jamonera | Soporte Jamon,SC_20250,601,10,0.13%,0.09%,823,13,0.13%,0.08%,99.33%,100.00%,18,2,3.00%,20.00%,"965,32 €","97,73 €",18,2
B0G65J8F3L,B0G21CXVCW,"BIOLEAF – Limpiador Multiusos Pack 2×750 ml (1,5 L) – Limpiador Hogar Cocina y Baño – Antipolvo y Acabado Sin Marcas – Alta Eficacia – Biodegradable – Sin Disruptores Endocrinos",2668,305,0,0.07%,0.00%,381,0,0.06%,0.00%,98.87%,0.00%,18,0,5.90%,0.00%,"168,82 €","0,00 €",18,0
B0F1N351DY,B073V5RN1J,Arcos Cuchillo Mondador Acero Inoxidable NITRUM 100 mm - Ideal para Pelar Frutas y Verduras - Mango Ergonómico Polipropileno Negro - Serie Nova,816500_1unidad,682,14,0.15%,0.12%,830,18,0.13%,0.11%,94.46%,60.00%,32,5,4.69%,35.71%,"97,60 €","15,25 €",17,1
B06XB92VRH,B07T6J5JWM,CUPERINOX Cafetera Italiana Induccion Espresso Acero Inoxidable 12 Tazas,25035,757,16,0.16%,0.14%,"1,125",27,0.17%,0.17%,98.22%,100.00%,17,0,2.25%,0.00%,"475,83 €","0,00 €",17,0
B0CQ5G2HVQ,B09T9PKHHR,"Arcos Sarten Antiadherente 18 cm - Aluminio Forjado, Mango Acero Inoxidable Efecto Frío, Apta para Inducción y Lavavajillas, Sistema Ahorro Energético, Serie Samoa Basic",716010,214,3,0.05%,0.03%,291,4,0.04%,0.02%,73.15%,50.00%,17,0,7.94%,0.00%,"430,41 €","0,00 €",17,0
B0DKP7F29P,B0FS81RDVL,"Arcos Sartén Samoa Inox 24 cm, Acero inoxidable tricapa sin PFAS",726300,"1,079",21,0.23%,0.18%,"1,566",25,0.24%,0.16%,92.62%,84.21%,17,2,1.58%,9.52%,"645,15 €","75,90 €",17,2
B0F54LTCFF,B07JJGTQK4,Arcos Conjunto Cuchillos 3 piezas - Acero Inoxidable Nitrum y Hoja mm. Cuchillo cocina profesional cocinar. 590 gr. Mango ergonómico polioximetileno POM. Serie Universal. Mayor control. Color negro.,807410_,444,15,0.09%,0.13%,638,16,0.10%,0.10%,63.59%,78.57%,16,1,3.60%,6.67%,"702,84 €","42,99 €",16,1
B089M821V5,B089M821V5,Arcos Cuchillos Carne | 6 pzas | Cuchillos chuleteros Set Cuchillo de Mesa Sierra | Mango Madera | Hoja 110 mm | Cuchillos Carne Mesa | Apto lavavajillas | Envase Carton | Ecologico,815500_,605,17,0.13%,0.15%,832,20,0.13%,0.12%,93.41%,100.00%,19,0,3.14%,0.00%,"534,14 €","0,00 €",16,0
B08NW1VQRT,B08NW1VQRT,CUPERINOX Navaja para Setas y Champiñones | Acero Inoxidable | Con Cepillo y Funda Incluida | Micológica,2181,254,1,0.05%,0.01%,321,1,0.05%,0.01%,99.32%,100.00%,17,0,6.69%,0.00%,"176,13 €","0,00 €",16,0
B08ZNM265D,B08ZNM265D,Arcos | cuchillos de mesa cuchillo mesa tradicional | 6 Piezas cuchillo chuletero | mango nailon | Envase Eco | Fabricado en España,704400_fba,311,11,0.07%,0.10%,458,21,0.07%,0.13%,92.66%,100.00%,17,3,5.47%,27.27%,"444,43 €","71,97 €",16,3
B0CVH8PC99,B0CQTKPL63,CUPERINOX Cuchillos Carne | Cuchillos Mesa | Cuchillos Chuleteros | 24 Piezas | Hoja Serrada | Mango Polipropileno | Acero Inoxidable | 11 cm,99901_24pzs,271,38,0.06%,0.33%,346,44,0.05%,0.27%,100.00%,100.00%,20,9,7.38%,23.68%,"387,80 €","168,91 €",16,7
B0DKP7F29P,B0DJBZRDXV,Arcos Serie Samoa Iconic | Sarten Antiadherente Cerámico 24 cm | Aluminio Forjado | Apta cualquier cocina | Mango Acero Inoxidable | Apta lavavajillas | Color Negro | LIBRE DE (PFOA/PTFE/PFOS),716322,469,9,0.10%,0.08%,607,15,0.09%,0.09%,97.64%,100.00%,16,0,3.41%,0.00%,"627,20 €","0,00 €",16,0
B0DNNKT1W2,B0DNNJPRXB,"Cuperinox-Tetera de Cristal con Infusor para Té e Infusiones, Resistente al Calor y Compatible con Microondas ** - Infusion Prestige Collection (550 ml)",26111,"1,413",40,0.30%,0.35%,"2,022",63,0.31%,0.39%,99.89%,100.00%,19,6,1.34%,15.00%,"312,81 €","91,94 €",16,3
B0DQV6381X,B0F2Q1K35T,CUPERINOX Soporte Jamonero Balancín | Jamonero Giratorio Profesional | Jamonero Madera | Jamonera Profesional | Tabla Cortar Jamon,20290,972,24,0.21%,0.21%,"1,573",33,0.24%,0.21%,98.92%,100.00%,16,0,1.65%,0.00%,"1.243,84 €","0,00 €",16,0
B0F9X4NXL3,B0F9KW1V3K,"Cuchillos Mesa, cuchillo carne, cuchillo mantequilla, Set 12 piezas, acero inoxidable, hoja con filo y sierra, cuchillo untar. Apto lavavajillas. Mango ergonomico",20043_12,540,15,0.12%,0.13%,763,19,0.12%,0.12%,98.67%,100.00%,20,5,3.70%,33.33%,"233,60 €","53,75 €",16,2
B017HKRCGK,B00BHZPGHO,ARCOS Bolsa Portacuchillos para 17 Piezas Poliéster Negra,691400_,379,11,0.08%,0.10%,521,12,0.08%,0.07%,83.81%,100.00%,15,0,3.96%,0.00%,"683,60 €","0,00 €",15,0
B00I9XTKI8,B00I9XTKI8,ARCOS Taco Ovalado Protector de Cuchillos hasta 20 cm,794100_,827,7,0.18%,0.06%,"1,209",10,0.18%,0.06%,32.45%,50.00%,15,0,1.81%,0.00%,"389,85 €","0,00 €",15,0
B08TLR4Z27,B08M3YG4R1,Arcos jamonero Profesional | Cuchillo jamonero jamonero Inoxidable Nitrum | Mango Negro | Cuchillo Jamon iberico | Serie Maitre| Hoja Flexible y Filo Liso | 275 mm | Acero Inoxidable NITRUM,704200,160,1,0.03%,0.01%,246,1,0.04%,0.01%,99.56%,0.00%,15,0,9.38%,0.00%,"324,35 €","0,00 €",15,0
B09N7S17J6,B09D3YRGL9,"CUPERINOX Navaja Plegable Multiusos – Hoja de Acero Inoxidable 80 mm (Filo Liso + Serrado), Punta Rompevidrios, Apertura Rápida, Clip de Cinturón, Herramienta para Camping, Caza, Pesca y Supervivencia",30061_solo_navaja,"1,371",26,0.29%,0.23%,"1,912",32,0.29%,0.20%,99.39%,100.00%,16,4,1.17%,15.38%,"158,25 €","36,50 €",15,3
B0D73CM824,B0D73CM824,"Arcos Cuchillo Mesa | Cuchillo Chuletero | Cuchillo Carne| Cuchillo de Mesa | Pack 12 Unidades| Hoja de Acero Inoxidable115 mm, Mango de Polipropileno Color Negro",740000_fbm,"1,028",17,0.22%,0.15%,"1,457",23,0.22%,0.14%,99.84%,100.00%,15,2,1.46%,11.76%,"437,25 €","55,08 €",15,2
B0DNNL2TZQ,B0DNNF3839,"CUPERINOX Aceitera de Cristal Antigoteo para Aceite de Oliva, Resistente y Fácil de Limpiar Gourmet Oil Collection (1000 Ml)",22024,452,16,0.10%,0.14%,652,24,0.10%,0.15%,98.97%,100.00%,15,0,3.32%,0.00%,"269,56 €","0,00 €",15,0
B08TWZYBPZ,B0FZC9C1BJ,"CUPERINOX- Set de Cuchillos Profesionales de Cocina 3 Piezas + Estuche Regalo | Chef 20 cm, Santoku 18 cm y Universal 13 cm | Acero Inoxidable Alta Precisión | Mango Ergonómico| Apto Lavavajillas",19302_FBA,825,29,0.18%,0.25%,"1,058",32,0.16%,0.20%,100.00%,100.00%,15,2,1.82%,6.90%,"437,85 €","59,98 €",15,2
B00MDK1DM4,B00MDK1DM4,Arcos Latina Cuchillo de Cocina Acero Inoxidable 130 mm,100600_1pieza,149,3,0.03%,0.03%,247,4,0.04%,0.02%,97.16%,100.00%,25,0,16.78%,0.00%,"142,46 €","0,00 €",14,0
B07F9GQZCB,B07F9GQZCB,Arcos Cuchillo para Verduras de 4 Pulgadas con Hoja de 105mm en Acero Inoxidable y Mango de Madera. Cuchillo para Vegetales Apto para Lavavajillas. Serie Latina. Color Marrón,100500,561,8,0.12%,0.07%,814,8,0.12%,0.05%,97.64%,100.00%,14,0,2.50%,0.00%,"512,65 €","0,00 €",14,0
B07NDTGSY3,B07NDTGSY3,Arcos Serie Brooklyn - Cuchillo Rocking Santoku Cuchillo Asiático - Hoja de Acero Inoxidable Forjado NITRUM 190 mm - Mango de Micarta Color Azul (Filo Seda),191623_fbm,229,6,0.05%,0.05%,322,7,0.05%,0.04%,92.54%,100.00%,14,3,6.11%,50.00%,"575,11 €","115,86 €",14,3
B0FR444FLT,B07YYDR6D8,Arcos Juego de Cuchillos de Cocina. 3 piezas de Acero Inoxidable forjado. Impresiona yorprencon cada corte. Mango Micarta azul. Serie Brooklyn. Color Azul.,858110_,"8,018",152,1.71%,1.34%,"9,673",183,1.48%,1.14%,99.27%,85.58%,14,0,0.17%,0.00%,"1.401,52 €","0,00 €",14,0
B08JCVQ4QL,B08JCVQ4QL,"Arcos Series Niza - Juego de Cuchillos Cocina, 6 Piezas, Cuchillos Verduras 110 mm, + Cuchillo Mesa, Envase 100% Ecológico, Acero Inoxidable NITRUM",809400,"1,163",27,0.25%,0.24%,"1,695",44,0.26%,0.27%,99.86%,100.00%,15,0,1.29%,0.00%,"299,85 €","0,00 €",14,0
B08VRP7CR7,B08MTXC14T,Arcos Juego Cuchillos Carne | 6 Piezas | Cuchillos Carne Cuchillo chuleteros | Cubiertos Acero Inoxidable | Hoja 110 mm | Mango Redondo y Forma Ovalada | monobock | Caja Envase Ecológico (6 unidades),809900,186,5,0.04%,0.04%,302,5,0.05%,0.03%,100.00%,100.00%,16,0,8.60%,0.00%,"436,56 €","0,00 €",14,0
B0CVH8PC99,B0CQTJ6T66,"CUPERINOX® Cuchillos de Mesa Acero Inoxidable – Set Profesional 12 Piezas con Hoja Serrada de 11 cm y Mango Ergonómico Antideslizante – Para Carne, Verduras y Pescado",99901_12pzs,535,29,0.11%,0.25%,742,41,0.11%,0.26%,100.00%,100.00%,18,4,3.36%,13.79%,"215,82 €","47,96 €",14,4
B08L8MV8XD,B005LR72SK,Arcos Juego de Cuchillos con Bloque Acero Inoxidable 6 piezas,136100_,"4,911",66,1.05%,0.58%,"6,575",89,1.01%,0.55%,15.23%,20.69%,13,0,0.26%,0.00%,"597,87 €","0,00 €",13,0
B017HKRCGK,B005LR7C44,ARCOS Bolsa Portacuchillos 12 Piezas Poliéster 730x510mm,690500_,799,15,0.17%,0.13%,"1,215",27,0.19%,0.17%,28.99%,9.09%,13,0,1.63%,0.00%,"363,22 €","0,00 €",13,0
B0F1N351DY,B073V5RN1J,Arcos Cuchillo Mondador Acero Inoxidable NITRUM 100 mm - Ideal para Pelar Frutas y Verduras - Mango Ergonómico Polipropileno Negro - Serie Nova,816500_1pieza,682,14,0.15%,0.12%,830,18,0.13%,0.11%,94.46%,60.00%,17,0,2.49%,0.00%,"80,75 €","0,00 €",13,0
B0792XNYCY,B0792XNYCY,VINFER Detergente alcalino clorado Wins 022. Botella de 5 litros. Limpieza e higiene para Todo Tipo de Superficies,WINS022,111,15,0.02%,0.13%,174,37,0.03%,0.23%,54.72%,100.00%,16,10,14.41%,66.67%,"188,90 €","116,76 €",13,7
B0DSLN2CX9,B07N8W1J6B,Arcos Tabla cortar 15 x fibra resina y celulosa. Tabla picar. Serie Tablas. Color marrón.,708200,"1,447",14,0.31%,0.12%,"2,178",17,0.33%,0.11%,17.56%,54.55%,13,0,0.90%,0.00%,"351,32 €","0,00 €",13,0
B09MSDJQJ1,B08M3B43J6,"Arcos | Juego Cuchillo Jamonero 3 Pzas | jamonero Acero Inoxidable (240 mm), afilador Chaira y Cubre jamón | Juego Cuchillos jamonero Profesional | Paleta ibérica | Eco",704300_fbm,561,11,0.12%,0.10%,740,11,0.11%,0.07%,100.00%,100.00%,13,0,2.32%,0.00%,"388,57 €","0,00 €",13,0
B0CQ5G2HVQ,B09T6G47Z6,"Arcos Sarten Antiadherente 26 cm - Aluminio Forjado, Full Induction, Mango Acero Inoxidable Efecto Frío, Apta Lavavajillas, Ahorro Energético, Serie Samoa",716410,243,5,0.05%,0.04%,355,6,0.05%,0.04%,61.09%,66.67%,14,1,5.76%,20.00%,"545,86 €","38,99 €",13,1
B0BRSYXXRN,B0BRSYXXRN,"HENDI Cesta para Freír, 10L, 280x210x(H)140mm",H961247,188,34,0.04%,0.30%,277,60,0.04%,0.37%,83.73%,90.24%,14,3,7.45%,8.82%,"588,55 €","125,97 €",13,3
B0DKP7F29P,B0DJBZ5475,Arcos Serie Samoa Iconic | Sarten Antiadherente Cerámico 20 cm | Aluminio Forjado | Apta cualquier cocina | Mango Acero Inoxidable | Apta lavavajillas | Color Negro | LIBRE DE (PFOA/PTFE/PFOS),716122,315,10,0.07%,0.09%,392,13,0.06%,0.08%,94.29%,100.00%,13,0,4.13%,0.00%,"443,85 €","0,00 €",13,0
B0C4DTYRJW,B071LGMMGV,Arcos Juego Cuchillos Cocina Profesionales| Cuchillos Cocina Profesional Set Cuchillos | Mango Negro (3 Piezas),862600_,"1,335",26,0.28%,0.23%,"1,957",45,0.30%,0.28%,99.83%,96.43%,12,1,0.90%,3.85%,"464,28 €","39,99 €",12,1
B09GSCQQF9,B07G77FNSF,"Arcos Serie Cuchillos de Mesa Caja 12 uds Cuchillo Postre, Hoja Serrada de Acero Inoxidable NITRUM de 105 mm, Mango Polipropileno Color crema (12 UDS)",370100_us,353,9,0.08%,0.08%,486,10,0.07%,0.06%,99.77%,100.00%,38,27,10.76%,300.00%,"649,48 €","453,33 €",12,1
B07N7YDTMX,B07N7YDTMX,"HENDI Cesta para cubiertos, 125x84x(H) 135mm",H871324,82,6,0.02%,0.05%,118,8,0.02%,0.05%,94.06%,62.50%,17,5,20.73%,83.33%,"144,33 €","42,45 €",12,3
B0DK3CM34K,B0862VPJ9H,"HENDI Cabezal de antorcha de cocina de llama continua, soplete flambeador, quemador, recargable con cartuchos de gas GLP 199039, mango ergonómico, versátil-seguro 360°, 185x65x(H)100mm, negro y verde",H198247,270,14,0.06%,0.12%,342,19,0.05%,0.12%,79.55%,100.00%,14,7,5.19%,50.00%,"329,64 €","164,63 €",12,5
B08VS4FCLN,B08BX3WTPP,"Arcos Juego Cuchillos Cocina cuchillo blanco cuchillos | cuchillos cocina Maitre | 4 piezas | Chef 215 mm, Cocina 150 mm, Verduras 100 mm Tijera cocina (Blanco)",152624,372,6,0.08%,0.05%,499,12,0.08%,0.07%,100.00%,100.00%,12,0,3.23%,0.00%,"411,84 €","0,00 €",12,0
B08G8QCM5H,B08G8QCM5H,ARCOS cuchillo pelador | 6 PIEZAS | cuchillo de pelar | cuchillos pelar patatas | Hoja 100 mm | Negro | cuchillo arcos pelador Acero Inoxidable,816500_fbm,851,40,0.18%,0.35%,"1,138",54,0.17%,0.34%,100.00%,100.00%,14,3,1.65%,7.50%,"265,86 €","56,97 €",12,3
B0C2QFPLX9,B0C2QFPLX9,FAMILIA VINCARE (MULTIUSOS INDIVIDUAL),MULTIUSOS750ML,126,6,0.03%,0.05%,172,8,0.03%,0.05%,93.21%,12.50%,13,0,10.32%,0.00%,"128,87 €","0,00 €",12,0
B0DKP7F29P,B0DJBYB7XQ,"Arcos Serie Samoa Iconic | Cazo Antiadherente Cerámico 16 cm y 1,5 L | Aluminio Forjado | Apta cualquier cocina | Mango Acero Inoxidable | Color Beige | LIBRE DE (PFOA/PTFE/PFOS)",717224,328,8,0.07%,0.07%,439,11,0.07%,0.07%,91.79%,77.78%,12,0,3.66%,0.00%,"391,44 €","0,00 €",12,0
B0DKP7F29P,B0DJC114YJ,"Arcos Serie Samoa Iconic | Cacerola Antiadherente Cerámico 24 cm y 4,3 L | Aluminio Forjado | Apta cualquier cocina | Mango Acero Inoxidable | Color Beige | LIBRE DE (PFOA/PTFE/PFOS)",717024,566,10,0.12%,0.09%,762,22,0.12%,0.14%,98.83%,100.00%,12,2,2.12%,20.00%,"739,65 €","122,75 €",12,2
B00CRMZA8Q,B00CRMZA8Q,ARCOS Sacacorchos Eléctrico en ABS con Batería Interna Recargable. Abrebotellas Eléctrico Moderno y Elegante con Cortacápsulas y Luz Indicadora. Color Negro,604600_,"1,629",26,0.35%,0.23%,"2,215",36,0.34%,0.22%,6.24%,11.54%,13,0,0.80%,0.00%,"558,87 €","0,00 €",11,0
B0F54LTCFF,B00J4L7FEU,Arcos Hachuela Macheta de Cocina Acero Inoxidable 160 mm,282404_us,"1,314",38,0.28%,0.33%,"2,167",76,0.33%,0.47%,10.10%,1.79%,11,0,0.84%,0.00%,"272,65 €","0,00 €",11,0
B017HKSR4G,B00WUZRKJW,Arcos Cuchillos de Mesa - Hoja de Acero Inoxidable Nitrum 110 mm - Mango Ergonómico de Polipropileno - Ideal para Comedor - Color Crema - Serie Elegance,802900,265,6,0.06%,0.05%,374,8,0.06%,0.05%,88.54%,57.14%,34,4,12.83%,66.67%,"118,66 €","13,96 €",11,1
B0189HXS8Q,B015QGR3CK,Arcos Serie Navajas Profesionales - Navaja Profesional - Hoja Filo de Acero Inoxidable NITRUM de 85 mm - Navaja de Acero Inoxidable Color amarillo,485900_fba,"1,076",20,0.23%,0.18%,"1,558",40,0.24%,0.25%,95.40%,92.00%,15,0,1.39%,0.00%,"108,75 €","0,00 €",11,0
B017DLM9SY,B017DLM9SY,Arcos Serie Toscana - Juego de Cucharas de Mesa (3 cucharas) - Monoblock de una pieza en Acero Inoxidable 18/10 y 180 mm - Color Plata,574400_,139,2,0.03%,0.02%,230,2,0.04%,0.01%,98.98%,100.00%,19,4,13.67%,200.00%,"151,81 €","31,96 €",11,1
B07G76NW26,B07G76NW26,"Arcos Serie Cuchillos de Mesa Caja 12 uds Cuchillo Mesa, Hoja Serrada de Acero Inoxidable de 125 mm, Cuchillo Monoblock Acero Inoxidable Color plata (12 UDS)",460400_fbm,180,5,0.04%,0.04%,300,8,0.05%,0.05%,98.84%,100.00%,15,3,8.33%,60.00%,"655,47 €","118,47 €",11,1
B0DSLN2CX9,B07N8RNG1R,ARCOS Tabla Cocina Fibra Celulosa y Resina 24x14 cm,708000,702,13,0.15%,0.11%,998,25,0.15%,0.16%,25.11%,41.67%,11,2,1.57%,15.38%,"164,89 €","29,98 €",11,2
B0F4X5PQYD,B07PRXR5XR,"HENDI Cesta de lavavajillas Profesional para Vasos, Formato Cuadrado, Estructura Abierta para circulación de Agua, 405x405x(H) 150mm, Polipropileno",H871331,96,9,0.02%,0.08%,165,16,0.03%,0.10%,95.83%,100.00%,12,1,12.50%,11.11%,"247,95 €","20,75 €",11,1
B0FQNZM34T,B0843QFQB7,Arcos Set Cuchillos 5 piezas Acero Inoxidable Nitrum. Cuchillo Cocina Profesional Afilado para Cortar Carne. Mango Ergonómico Polioximetileno POM. Serie Opera. Diseño Clásico. Color Negro.,227000,"1,364",23,0.29%,0.20%,"2,028",35,0.31%,0.22%,38.36%,72.73%,11,0,0.81%,0.00%,"1.527,79 €","0,00 €",11,0
B08M9QRSW8,B08M9QRSW8,Arcos | Juego Cuchillos cuchillos mesa | 6 Uds | cuchillo fruta | cuchillo postre | Hoja 110 mm | Acero Inoxidable Martensítico | Mango Nylon | apto lavavajillas | Envase Ecológico,703600_barras_arcos,89,1,0.02%,0.01%,121,1,0.02%,0.01%,100.00%,100.00%,13,0,14.61%,0.00%,"126,37 €","0,00 €",11,0
B08Y8NS7PN,B08XZ8X815,"Arcos serie Maitre - juego de Cuchillos, 2 Pza, Cuchillo Cocina Profesional 150mm + Cuchillo universal 100mm, Acero Inoxidable, Rosa, Eco",814600_fmb,206,5,0.04%,0.04%,270,6,0.04%,0.04%,96.96%,100.00%,13,5,6.31%,100.00%,"229,32 €","89,04 €",11,3
B0F1N351DY,B097RDB5T3,Arcos Juego de 3 Cuchillos Mondadores Acero Inoxidable 100 mm,816500_3piezas,"1,019",44,0.22%,0.39%,"1,384",59,0.21%,0.37%,22.47%,30.30%,17,10,1.67%,22.73%,"212,53 €","124,90 €",11,4
B09MRYLZ4M,B09MRYLZ4M,Arcos Juego de Cuchillos de Cocina de 3 Piezas,167100_us,"1,791",30,0.38%,0.26%,"2,485",37,0.38%,0.23%,23.22%,21.43%,11,0,0.61%,0.00%,"757,90 €","0,00 €",11,0
B0DKP7F29P,B0DJBXPR33,Arcos Serie Samoa Iconic | Sarten Antiadherente Cerámico 28 cm | Aluminio Forjado | Apta cualquier cocina | Mango Acero Inoxidable | Apta lavavajillas | Color Negro | LIBRE DE (PFOA/PTFE/PFOS),716522,284,6,0.06%,0.05%,345,11,0.05%,0.07%,96.44%,100.00%,11,1,3.87%,16.67%,"541,80 €","47,40 €",11,1
B0DNNKT1W2,B0DNNJPGTY,"Cuperinox-Tetera de Cristal con Infusor para Té e Infusiones, Resistente al Calor y Compatible con Microondas ** - Infusion Prestige Collection (750 ml)",26112,581,19,0.12%,0.17%,803,28,0.12%,0.17%,99.71%,100.00%,11,2,1.89%,10.53%,"202,39 €","35,98 €",11,2
B08TWZYBPZ,B0FZC8B2NX,"CUPERINOX - Estuche de Cuchillos Profesionales de Cocina 4 Piezas | Chef 20 cm, Santoku 18 cm, Universal 13 cm y Pelador 9 cm | Acero Inoxidable de Alta Precisión | Mango Ergonómico",19301_FBA,908,32,0.19%,0.28%,"1,220",44,0.19%,0.27%,100.00%,100.00%,12,4,1.32%,12.50%,"407,81 €","133,89 €",11,3
B0F54LTCFF,B006963LSM,Arcos Cuchillo para Pan Acero Inoxidable 250 mm,282204_,354,23,0.08%,0.20%,512,30,0.08%,0.19%,24.15%,27.27%,11,4,3.11%,17.39%,"211,34 €","74,58 €",10,3
B0891RBKPX,B007TS6HCQ,ARCOS Pelador de Patatas y Verduras Profesional Acero Inoxidable 60 mm,612100,99,0,0.02%,0.00%,140,0,0.02%,0.00%,98.41%,0.00%,10,0,10.10%,0.00%,"84,90 €","0,00 €",10,0
B07G75XCXM,B07G75XCXM,"Arcos Serie Cuchillos de Mesa Caja 12 uds Cuchillo Mesa, Hoja Serrada de Acero Inoxidable NITRUM de 125 mm, Mango Polipropileno Color crema (12 UDS)",370200_us,546,13,0.12%,0.11%,889,15,0.14%,0.09%,95.90%,92.31%,19,11,3.48%,84.62%,"350,81 €","198,89 €",10,2
B0C4DTYRJW,B094QVHPQ8,Arcos Juego Cuchillos Cocina Profesionales| Cuchillos Cocina Profesional Set Cuchillos | Mango Negro (4 Piezas),813500FBM,934,19,0.20%,0.17%,"1,211",27,0.19%,0.17%,95.59%,100.00%,10,1,1.07%,5.26%,"399,50 €","39,95 €",10,1
B09T9TSXHB,B09T9TSXHB,"Arcos Grill Antiadherente 28x28 cm - Aluminio Forjado, Full Induction, Mango Acero Inoxidable Efecto Frío, Ahorro Energético, Apta Lavavajillas, Serie Samoa",717410,187,11,0.04%,0.10%,270,13,0.04%,0.08%,91.70%,88.89%,10,2,5.35%,18.18%,"451,02 €","91,90 €",10,2
B0FGDF2SHZ,B0FGDF2SHZ,VINFERMATON Antihormigas Efecto Permanente | Insecticida Cucarachas y Hormigas Pack 2×600 ml | Efecto hasta 1 año | Interior y Exterior | Profesional y Doméstico | MADE IN SPAIN,V0013_PACK2,53,6,0.01%,0.05%,71,10,0.01%,0.06%,56.25%,22.22%,19,7,35.85%,116.67%,"288,70 €","102,52 €",10,2
B0DKP7F29P,B0FS7W73G1,"Arcos Sartén Samoa Inox 28 cm, Acero inoxidable tricapa sin antiadherente",726500,407,9,0.09%,0.08%,544,13,0.08%,0.08%,88.20%,100.00%,10,1,2.46%,11.11%,"470,27 €","46,95 €",10,1
B0G4S268RT,B0G21WYQYN,BIOLEAF– Lavavajillas Pack 4×750 ml (3 L) | Alta Eficacia contra Grasa Difícil | Vajilla Brillante y Sin Residuos | Biodegradable y Dermatológicamente Testado,3467,239,0,0.05%,0.00%,284,0,0.04%,0.00%,99.63%,0.00%,10,0,4.18%,0.00%,"193,90 €","0,00 €",10,0
B0F1ZF7H1L,B005LR6C7C,Arcos Cuchillo Cocina Acero Inoxidable Negro 180 mm,233500_,"1,362",35,0.29%,0.31%,"1,870",41,0.29%,0.26%,21.81%,20.00%,9,0,0.66%,0.00%,"314,91 €","0,00 €",9,0
B0752SPHL9,B005LR6WW2,Arcos Juego de Cuchillos de Cocina de 5 Piezas,152100_us,917,11,0.20%,0.10%,"1,451",14,0.22%,0.09%,26.39%,84.62%,9,0,0.98%,0.00%,"556,92 €","0,00 €",9,0
B0BSKCJNDM,B005LR72I0,Arcos Niza Cuchillo Jamonero Flexible Acero Inoxidable 230 mm,135600_fba,100,3,0.02%,0.03%,142,3,0.02%,0.02%,86.61%,50.00%,9,1,9.00%,33.33%,"96,21 €","9,01 €",9,1
B0752X4WV1,B005LR73R0,Arcos Juego Chuleteros Mango Madera 110 mm,809300__,"4,313",92,0.92%,0.81%,"6,387",134,0.98%,0.84%,2.81%,11.11%,25,16,0.58%,17.39%,"575,91 €","360,00 €",9,1
B007093L9G,B007093L9G,"HENDI Pasta combustible, en botella, sin hollín y sin olor, tiempo de combustión ±3 horas, gel combustible, gel bioetanol, para calentar alimentos, para calientaplatos, chafing dish, 1L, 1 unidad",H195109,"1,097",40,0.23%,0.35%,"1,717",73,0.26%,0.45%,0.48%,2.08%,10,0,0.91%,0.00%,"99,90 €","0,00 €",9,0
B007TS6GP4,B007TS6GP4,Arcos Juego de 6 Cuchillos de Mesa Chuleteros Acero Inoxidable 110 mm,702300_2,361,9,0.08%,0.08%,526,10,0.08%,0.06%,80.89%,50.00%,13,4,3.60%,44.44%,"328,47 €","103,96 €",9,1
B00J3ZVN54,B00J3ZVN54,ARCOS Cucharas de Mesa Acero Inoxidable 200 mm,574600_,510,6,0.11%,0.05%,781,8,0.12%,0.05%,10.70%,33.33%,17,0,3.33%,0.00%,"152,83 €","0,00 €",9,0
B0CJDS7HN7,B00WUZT88I,ARCOS Mesa Tenedor Carne y Mesa Acero 18/10 Plata 200 mm,702100_1pieza,351,9,0.07%,0.08%,499,11,0.08%,0.07%,61.07%,20.00%,29,0,8.26%,0.00%,"107,04 €","0,00 €",9,0
B0F1N351DY,B072FGV2YH,Arcos Juego de 6 Cuchillos Mondadores Acero Inoxidable 100 mm,189100_2,"7,299",201,1.56%,1.77%,"10,534",281,1.61%,1.75%,12.87%,14.53%,10,9,0.14%,4.48%,"168,80 €","151,55 €",9,8
B0FR444FLT,B07DC9LM3W,"Arcos Cuchillo Panadero Profesional - Hoja Silk Edge 200 mm en Acero Inoxidable Nitrum, Corte Preciso y Duradero, Ideal para Pan y Pasteles, Diseño Elegante y Seguro, Serie Manhattan",161300_,204,6,0.04%,0.05%,273,9,0.04%,0.06%,84.10%,100.00%,10,1,4.90%,16.67%,"313,50 €","30,39 €",9,1
B0FR444FLT,B07DQRFDMB,Arcos Manhattan Cuchillo Santoku Forjado Acero POM Negro 190 mm,161600_,261,8,0.06%,0.07%,393,12,0.06%,0.07%,91.55%,100.00%,9,0,3.45%,0.00%,"310,41 €","0,00 €",9,0
B0F54LTCFF,B07ZJ85R7C,Arcos Set de Corte 3 Piezas Acero Inoxidable Nitrum,859300,227,14,0.05%,0.12%,309,17,0.05%,0.11%,66.29%,72.73%,9,1,3.96%,7.14%,"344,25 €","38,25 €",9,1
B08G8QHY23,B08G8QHY23,Arcos | cuchillos chuleteros cuchillo madera cuchillo chuletero | 6 Piezas | juego cuchillos carne | cuchillos mango madera | Envase Eco | Fabricado en España,809300,592,14,0.13%,0.12%,806,22,0.12%,0.14%,99.57%,100.00%,12,3,2.03%,21.43%,"287,40 €","71,49 €",9,2
B0C4DTYRJW,B094QVHPQ8,Arcos Juego Cuchillos Cocina Profesionales| Cuchillos Cocina Profesional Set Cuchillos | Mango Negro (4 Piezas),813500,934,19,0.20%,0.17%,"1,211",27,0.19%,0.17%,95.59%,100.00%,9,0,0.96%,0.00%,"355,55 €","0,00 €",9,0
B0CQ5G2HVQ,B09T6KZ499,"Arcos Sarten Antiadherente 32 cm - Aluminio Forjado, Full Induction, Mango Acero Inoxidable Efecto Frío, Apta Lavavajillas, Ahorro Energético, Serie Samoa",716710,289,10,0.06%,0.09%,398,14,0.06%,0.09%,24.64%,50.00%,9,1,3.11%,10.00%,"449,55 €","49,95 €",9,1
B0C5JNCFL4,B0C5JNCFL4,Arcos Serie Milano - Cubertería de 24 piezas en Caja de Regalo (6 Cuchillos + 12 Cucharas + 6 Tenedores) - Monoblock de una pieza en Acero Inoxidable - Color Plata,542000,347,12,0.07%,0.11%,559,15,0.09%,0.09%,93.49%,100.00%,17,4,4.90%,33.33%,"1.274,83 €","299,96 €",9,1
B0F9TD2LTH,B0CS6V91GR,CUPERINOX® Cuchillos de Mesa con Mango de Madera – Set 6 Cuchillos para Carne con Filo Dentado – Estilo Palmadera tradicional – Aptos para Uso Diario,14015_us,818,26,0.17%,0.23%,"1,116",30,0.17%,0.19%,99.31%,100.00%,12,1,1.47%,3.85%,"224,89 €","15,69 €",9,1
B0DPKXM18X,B0DNQT7LV3,"CUPERINOX Soporte Jamonero Balancín | Jamonero Giratorio Profesional | Jamonero Madera | Incluye Cuchillo Profesional, Afilador Funda Cubre Jamón| Jamoneros Elite Collection",20265_,"4,120",123,0.88%,1.08%,"7,546",237,1.15%,1.48%,99.13%,100.00%,9,0,0.22%,0.00%,"719,91 €","0,00 €",9,0
B0DKP7F29P,B0FS7XZKVF,"Arcos Sartén Samoa Inox 20 cm, Acero inoxidable tricapa sin PFAS",726100,395,9,0.08%,0.08%,505,12,0.08%,0.07%,93.06%,100.00%,9,1,2.28%,11.11%,"305,55 €","33,95 €",9,1
B0G4SGJSBJ,B0G216DHWY,"BIOLEAF-Desincrustante Baño Antical Pack 2×750 ml (1,5 L) Elimina Cal, Marcas de Agua y Jabón – Ducha, Grifería, Azulejos y Mamparas - Limpieza Intensiva – Formato Ahorro – Sin Disruptores Endocrinos",2675,84,1,0.02%,0.01%,103,1,0.02%,0.01%,98.92%,100.00%,9,0,10.71%,0.00%,"83,91 €","0,00 €",9,0
B0752V8D5V,B00I9XTGJ6,ARCOS Taco Redondo Protector de Cuchillos Caucho Termoplástico 225 mm,794000,214,8,0.05%,0.07%,314,9,0.05%,0.06%,39.85%,66.67%,8,0,3.74%,0.00%,"199,92 €","0,00 €",8,0
B0G39WX9ZQ,B00MDK1EBE,"Arcos Cuchillo Utilitario Acero Inoxidable Nitrum 5""",100600_fbm,484,14,0.10%,0.12%,764,21,0.12%,0.13%,64.75%,66.67%,14,1,2.89%,7.14%,"80,72 €","4,95 €",8,1
B00U2QWLVS,B00U2QWLVS,Arcos Cuchillo Chuletero de Mesa Acero Inoxidable Nitrum 115 mm,740009_us,58,0,0.01%,0.00%,88,0,0.01%,0.00%,94.37%,0.00%,20,0,34.48%,0.00%,"74,80 €","0,00 €",8,0
B0G39VSVBM,B00U2QWO1K,Arcos Latina Cuchillo Chuletero Acero Inoxidable 105 mm,100400_1pieza,189,5,0.04%,0.04%,252,8,0.04%,0.05%,86.64%,33.33%,26,0,13.76%,0.00%,"96,36 €","0,00 €",8,0
B00VRZ3BMG,B00VRZ3BMG,Arcos Tijeras Costura Acero Forjado 140 mm - Uso Doméstico y Profesional - Niqueladas Plata - Serie Style,502300_,77,0,0.02%,0.00%,116,0,0.02%,0.00%,100.00%,0.00%,9,0,11.69%,0.00%,"98,91 €","0,00 €",8,0
B015HG9B3I,B015HG9B3I,"HENDI Sopera con tapa y cucharón, recipiente para servir sopas y salsas, 2,7L, ⌀270x(H) 175mm, acero inoxidable",H434208,183,10,0.04%,0.09%,266,14,0.04%,0.09%,67.39%,30.00%,10,4,5.46%,40.00%,"315,11 €","124,77 €",8,3
B0189HXS8Q,B017DLLIUO,Arcos Navaja Profesional Acero Inoxidable 85 mm,485929_,956,14,0.20%,0.12%,"1,356",25,0.21%,0.16%,78.03%,61.11%,12,0,1.26%,0.00%,"88,20 €","0,00 €",8,0
B017DLM9V6,B017DLM9V6,"Arcos Tenedores de Postre Acero Inoxidable 18/10, Juego de 3 Piezas, Monoblock 180 mm, Serie Toscana, Ideal para Repostería y Sobremesa, Color Plata",574500_,144,3,0.03%,0.03%,188,3,0.03%,0.02%,81.40%,50.00%,15,0,10.42%,0.00%,"123,75 €","0,00 €",8,0
B071VT3MC3,B071VT3MC3,"Arcos Tijeras Manicura Curva de Acero Forjado, Uso Profesional y Doméstico, 102 mm, Niqueladas en Plata, Serie Style",500600_,50,1,0.01%,0.01%,64,2,0.01%,0.01%,98.28%,100.00%,8,1,16.00%,100.00%,"86,92 €","9,99 €",8,1
B0788P3W3W,B0788P3W3W,WINS – Abrillantador Máquinas Lavavajillas Profesional 013 | Garrafa 5 L | Secado Rápido y Brillo sin Marcas en Vajilla | Uso Profesional | 100% Made in Spain,WINS013_5L,28,4,0.01%,0.04%,32,7,0.00%,0.04%,48.15%,100.00%,8,1,28.57%,25.00%,"130,92 €","16,35 €",8,1
B0FR444FLT,B07D8WQ355,Arcos Serie Manhattan - Cuchillo Cocinero - Hoja de Acero Inoxidable Forjado Nitrum 210 mm - Mango de Polioximetileno (POM) Color Negro - Filo Seda,160600_fbat,179,0,0.04%,0.00%,263,0,0.04%,0.00%,81.20%,0.00%,8,0,4.47%,0.00%,"304,68 €","0,00 €",8,0
B07F6C8L9T,B07F6C8L9T,ARCOS Sacacorchos Eléctrico ABS Batería Recargable Plata,604900_,417,5,0.09%,0.04%,538,6,0.08%,0.04%,16.77%,0.00%,8,0,1.92%,0.00%,"351,92 €","0,00 €",8,0
B0FR444FLT,B07N8S366Z,Arcos Cuchillo Cocina Forjado en Acero Inoxidable. Hoja Plateada 210 mm. Cuchillo Chef con Mango Profesional Micarta y Borde de Seda Especial. Serie Brooklyn. Color Azul.,190623_,641,12,0.14%,0.11%,870,18,0.13%,0.11%,95.18%,100.00%,8,0,1.25%,0.00%,"364,17 €","0,00 €",8,0
B0F1ZF7H1L,B07YXBK4HD,Arcos Riviera Set 3 Cuchillos de Corte Acero Inoxidable Nitrum,806911_,615,13,0.13%,0.11%,736,18,0.11%,0.11%,78.26%,77.78%,8,0,1.30%,0.00%,"520,68 €","0,00 €",8,0
B0812P3LZT,B0812P3LZT,"Arcos Nova - Set 3 Cuchillos Mantequilla - Acero Inoxidable 70 mm - Mango en color menta, naranja y limon",859900,384,8,0.08%,0.07%,531,13,0.08%,0.08%,99.78%,100.00%,8,1,2.08%,12.50%,"86,37 €","9,08 €",8,1
B09KJLG7BT,B098K898SC,CUPERINOX Soporte Jamonero | Jamonero Profesional | Cuchillo Jamonero madera + Funda Jamon | Tabla Jamonera,20226FBM,207,3,0.04%,0.03%,254,3,0.04%,0.02%,97.89%,100.00%,8,0,3.86%,0.00%,"193,89 €","0,00 €",8,0
B09F9MH34D,B09F9MH34D,"Arcos Serie Cuchillos de Mesa Chuleteros, Mango de Polipropileno, Hoja 110 mm, Apto para Lavavajillas, Negro, 6 Piezas",805109_6piezas,185,1,0.04%,0.01%,237,1,0.04%,0.01%,98.54%,100.00%,8,0,4.32%,0.00%,"102,92 €","0,00 €",8,0
B0G3ZJ89NB,B09NRLLDC6,CUPERINOX Cuchillo Jamonero + Chaira + Funda Cubre Jamón | Jamonero 240mm acero inoxidable| Afilador Chaira | Funda cubre jamón,20220f,187,2,0.04%,0.02%,260,3,0.04%,0.02%,98.85%,100.00%,8,1,4.28%,50.00%,"76,42 €","9,49 €",8,1
B0CQ5G2HVQ,B09T9S9NZ4,"Arcos Sarten Antiadherente 24 cm - Aluminio Forjado, Full Induction, Mango Acero Inoxidable Efecto Frío, Apta Lavavajillas, Ahorro Energético, Serie Samoa",716310,346,11,0.07%,0.10%,502,13,0.08%,0.08%,28.47%,66.67%,8,1,2.31%,9.09%,"295,84 €","36,99 €",8,1
B0B2RHJYHB,B0B2RHJYHB,"HENDI Cesta para Freír, 8L, 242x200x(H)140mm",H933664,131,16,0.03%,0.14%,225,39,0.03%,0.24%,98.31%,100.00%,9,3,6.87%,18.75%,"337,91 €","111,97 €",8,3
B0CVH8PC99,B0CQTKPL63,CUPERINOX Cuchillos Carne | Cuchillos Mesa | Cuchillos Chuleteros | 24 Piezas | Hoja Serrada | Mango Polipropileno | Acero Inoxidable | 11 cm,99923,271,38,0.06%,0.33%,346,44,0.05%,0.27%,100.00%,100.00%,9,0,3.32%,0.00%,"179,91 €","0,00 €",8,0
B0DPKXM18X,B0DNQX2BZN,"CUPERINOX Soporte Jamonero Plegable | Jamonero Giratorio | Jamonero de Bambú con Cuchillo Profesional, Afilador y Funda para Jamón | Elite Collection",20270_fbm,887,26,0.19%,0.23%,"1,042",33,0.16%,0.21%,99.29%,100.00%,8,0,0.90%,0.00%,"389,88 €","0,00 €",8,0
B0F9X4NXL3,B0F9KXQKLG,"CUPERINOX Cuchillos Mesa, cuchillo carne, cuchillo mantequilla, Set 24 piezas, acero inoxidable, hoja con filo y sierra, cuchillo untar. Apto lavavajillas. Mango ergonomico",20043_24,105,7,0.02%,0.06%,127,13,0.02%,0.08%,94.74%,45.45%,11,3,10.48%,42.86%,"216,91 €","56,99 €",8,2
B017HKG9PK,B0044R87W8,"Arcos Cuchillo Santoku Acero Inoxidable Nitrum. Cuchillo Cocina japonés Pescado, Carne y Verduras. Mango ergonómico polioximetileno Pom y Hoja 170 mm. Multiusos. Serie Maitre. Color Negro.",151600_fba,543,7,0.12%,0.06%,786,8,0.12%,0.05%,26.70%,16.67%,9,0,1.66%,0.00%,"168,75 €","0,00 €",7,0
B0F1ZF7H1L,B005LR69PW,"Arcos Cuchillo Tomates Acero Inoxidable 5""",232000_,471,12,0.10%,0.11%,643,13,0.10%,0.08%,16.82%,0.00%,7,0,1.49%,0.00%,"167,93 €","0,00 €",7,0
B0F54LTCFF,B006LMX2HO,"Arcos Cuchillo Rebanar/Jamón Acero Inoxidable Nitrum 11""",282004_,325,8,0.07%,0.07%,416,11,0.06%,0.07%,29.12%,33.33%,7,0,2.15%,0.00%,"124,25 €","0,00 €",7,0
B08L8QY8T9,B007TS6GPE,"Arcos Juego de Cuchillos de Cocina cuatro piezas. 3 Cuchillos chef y 1 tijeras Acero Inoxidable y mango ergonómico polioximetileno para cortar carne, pescado y verduras. Serie Maitre. Color negro.",152600_fbm,"3,330",59,0.71%,0.52%,"4,739",85,0.72%,0.53%,5.21%,0.00%,7,0,0.21%,0.00%,"265,30 €","0,00 €",7,0
B06XB92VRH,B00YU2ZWGG,CUPERINOX Cafetera Italiana Induccion Espresso Acero Inoxidable 10 Tazas,25034,168,4,0.04%,0.04%,239,4,0.04%,0.02%,91.71%,100.00%,7,0,4.17%,0.00%,"128,66 €","0,00 €",7,0
B0F1N351DY,B072FHSBJR,Arcos Nova Set 3 Cuchillos Peladores Acero Verde,189621,185,5,0.04%,0.04%,222,5,0.03%,0.03%,58.29%,0.00%,7,0,3.78%,0.00%,"68,33 €","0,00 €",7,0
B075ZWHQLQ,B075ZWHQLQ,Wins - Desengrasante Limpiador Profesional 001 - Garrafa 5L,WINS001,98,1,0.02%,0.01%,134,1,0.02%,0.01%,61.02%,0.00%,7,0,7.14%,0.00%,"93,73 €","0,00 €",7,0
B0788NF7BS,B0788NF7BS,WINS – Lavavajillas Manual 003 | Garrafa 5 L | Detergente Concentrado para Lavado Manual de Vajilla y Utensilios de Cocina | Uso Profesional y Doméstico | 100% Made in Spain,WINS003,84,15,0.02%,0.13%,107,23,0.02%,0.14%,46.67%,91.30%,10,9,11.90%,60.00%,"137,13 €","124,01 €",7,6
B078KJ1T6G,B078JPWR5J,"Arcos 807600 Juego de Cuchillos, Acero Inoxidable, Blanco, 45x20x5 cm, 3 Unidades",807600_,572,11,0.12%,0.10%,711,21,0.11%,0.13%,96.35%,100.00%,8,2,1.40%,18.18%,"539,64 €","129,98 €",7,1
B079ZCF2G9,B079ZCF2G9,Arcos Nova Juego 6 Cuchillos Carne Serrados Nitrum Negro 110 mm,188900_fbm,204,7,0.04%,0.06%,310,10,0.05%,0.06%,56.47%,40.00%,7,1,3.43%,14.29%,"120,69 €","17,75 €",7,1
B0F1ZF7H1L,B07JWG12BV,Arcos Riviera Set 3 Cuchillos Forjados Acero Inoxidable Nitrum,807710_,548,7,0.12%,0.06%,740,8,0.11%,0.05%,97.44%,50.00%,7,0,1.28%,0.00%,"465,43 €","0,00 €",7,0
B0D1CTXJXN,B07MZJTY16,HENDI Jarra medidora apilable - 5 L - ø210x(H)270 mm,H567852,35,7,0.01%,0.06%,46,7,0.01%,0.04%,94.74%,100.00%,14,3,40.00%,42.86%,"195,86 €","41,97 €",7,3
B0FR444FLT,B0843DNN57,Arcos Set Cuchillos Forjados 4 piezas (3 Cuchillos + 1 tijeras) - Acero Inoxidable Forjado NITRUM - Mango Micarta - Bloques Madera Color Azul. Serie Brooklyn. Impresiona yorprencon Cada Corte.,194000_,512,12,0.11%,0.11%,601,14,0.09%,0.09%,94.83%,100.00%,7,1,1.37%,8.33%,"819,93 €","109,99 €",7,1
B09FQ5SZK8,B08MTWC7RD,Arcos Cuchillo Cocinero Acero Inoxidable Nitrum 210 mm,166800_fbm,841,16,0.18%,0.14%,"1,121",17,0.17%,0.11%,26.29%,30.00%,7,0,0.83%,0.00%,"209,93 €","0,00 €",7,0
B0C5X757TS,B0C5X757TS,Arcos Serie Lisboa - Cubertería de 24 piezas en Caja de Regalo (6 Cuchillos + 12 Cucharas + 6 Tenedores) - Monoblock de una pieza en Acero Inoxidable - Color Plata,597400,150,6,0.03%,0.05%,256,12,0.04%,0.07%,96.23%,100.00%,9,1,6.00%,16.67%,"809,91 €","89,99 €",7,1
B0CZXS1ZHN,B0CZXS1ZHN,"HENDI Olla de hierro fundido con 3 patas, caldero tipo potjie sudafricano, con tapa y asa, para fuego abierto y horno, 6L, ⌀245x(H)280mm",H629291,764,22,0.16%,0.19%,"1,193",40,0.18%,0.25%,75.20%,31.58%,7,1,0.92%,4.55%,"413,21 €","59,75 €",7,1
B0DKP7F29P,B0DJBZ635J,"Arcos Serie Samoa Iconic | Cacerola Antiadherente Cerámico 20 cm y 2,6 L | Aluminio Forjado | Apta cualquier cocina | Mango Acero Inoxidable | Color Beige | LIBRE DE (PFOA/PTFE/PFOS)",716924,312,3,0.07%,0.03%,468,3,0.07%,0.02%,97.59%,100.00%,7,0,2.24%,0.00%,"377,65 €","0,00 €",7,0
B0DNNKT1W2,B0DNNFJ5J7,"Cuperinox-Tetera de Cristal con Infusor para Té e Infusiones, Resistente al Calor y Compatible con Microondas ** - Infusion Prestige Collection (350 ml)",26110,"2,410",59,0.51%,0.52%,"3,400",84,0.52%,0.52%,99.67%,100.00%,12,6,0.50%,10.17%,"161,88 €","71,94 €",7,1
B0DVT6KPDV,B0DT75PQN7,"CUPERINOX Kit Cocina Montessori | Cuchillos Niños Aprendizaje +2 Años | Set Completo de Cuchillos Infantiles de 17 Piezas | Incluye Tijeras, Moldes, Batidor, Tabla y Cuchillo Seguro",27017,744,6,0.16%,0.05%,"1,086",8,0.17%,0.05%,99.90%,100.00%,7,1,0.94%,16.67%,"136,93 €","16,99 €",7,1
B0FDKX6V41,B0FDKX6V41,VINFERMATON – Insecticida Moscas y Mosquitos Perfume Limón Pack 2×600 ml | Spray Eliminador Insectos Voladores Interior y Exterior | Acción Inmediata Profesional | 100% MADE IN SPAIN,V0009_PACK2,41,0,0.01%,0.00%,69,0,0.01%,0.00%,92.73%,0.00%,9,0,21.95%,0.00%,"107,91 €","0,00 €",7,0
B0FDKY2RXG,B0FDKY2RXG,VINCARE Pack Limpieza Infantil – Detergente Biberones + Multiusos + Quitamanchas – Limpieza Segura para el Entorno del Bebé- 100% MADE IN SPAIN,PACK VINCARE,83,1,0.02%,0.01%,118,3,0.02%,0.02%,96.30%,100.00%,7,0,8.43%,0.00%,"102,92 €","0,00 €",7,0
B0G67DKSXN,B0G213X3HM,"BIOLEAF – Gel WC Antical Pack 2×750 ml (1,5 L) – Gel Espeso Acción Prolongada – Elimina Sarro y Cal – Limpieza Sanitaria Intensiva – Biodegradable – Sin Disruptores Endocrinos",2682,44,1,0.01%,0.01%,51,1,0.01%,0.01%,97.92%,100.00%,7,0,15.91%,0.00%,"62,93 €","0,00 €",7,0
B0G4S268RT,B0G25TRTV6,BIOLEAF – Lavavajillas Pack 8×750 ml (6 L) | Potente contra Grasa Difícil | Vajilla Brillante Sin Residuos | Biodegradable y Dermatológicamente Testado,3764,70,0,0.01%,0.00%,82,0,0.01%,0.00%,98.70%,0.00%,7,0,10.00%,0.00%,"188,93 €","0,00 €",7,0
B0G3ZJ89NB,B0G8KMC5DX,"CUPERINOX Jamonero Giratorio y Plegable | Jamonera base Inoxidable | Incluye Cuchillo Jamonero Alveolos 25 cm, Afilador y Funda para Jamón | Apto Jamones y Paletilla",20253,64,0,0.01%,0.00%,105,0,0.02%,0.00%,100.00%,0.00%,7,0,10.94%,0.00%,"489,93 €","0,00 €",7,0
B017HKG9PK,B0044R87RS,Arcos Cuchillo para Maitre Negro 215 mm,151000,"1,818",55,0.39%,0.48%,"2,729",79,0.42%,0.49%,5.17%,3.70%,9,5,0.50%,9.09%,"134,91 €","74,95 €",6,2
B0F54LTCFF,B0044R87UA,Arcos Cuchillo Jamonero con Alveolos Acero Inoxidable 240mm,281801_,"1,526",35,0.33%,0.31%,"2,436",59,0.37%,0.37%,9.55%,16.22%,6,2,0.39%,5.71%,"119,44 €","39,48 €",6,2
B00509DM8S,B00509DM8S,HENDI Baño María Eléctrico GN 1/1,H238905,59,13,0.01%,0.11%,94,22,0.01%,0.14%,45.33%,77.78%,6,2,10.17%,15.38%,"826,50 €","275,50 €",6,2
B0F1ZF7H1L,B005LR69ZC,Arcos Cuchillo de Queso Negro 145 mm,232800_,474,10,0.10%,0.09%,652,18,0.10%,0.11%,33.57%,25.00%,6,1,1.27%,10.00%,"227,70 €","37,95 €",6,1
B0F1ZF7H1L,B005LR6J3Y,Arcos Riviera Juego 6 Cuchillos Forjados Acero Inoxidable Nitrum,234200_,492,9,0.10%,0.08%,621,11,0.09%,0.07%,60.35%,100.00%,6,0,1.22%,0.00%,"1.023,09 €","0,00 €",6,0
B0F54LTCFF,B007TS67WG,Arcos Cuchillo Chef Acero Inoxidable 300 mm,280804,437,15,0.09%,0.13%,517,18,0.08%,0.11%,80.89%,70.00%,6,2,1.37%,13.33%,"178,50 €","59,50 €",6,2
B017HKKKIC,B007TS68BG,Arcos Universal Cuchillo Carnicero Nitrum POM Negro 160 mm,288200_fbm,218,11,0.05%,0.10%,316,17,0.05%,0.11%,41.05%,54.55%,6,1,2.75%,9.09%,"171,25 €","26,75 €",6,1
B0CQ92BWQ8,B009QXIRPC,"HENDI Bolsa de Transporte y Reparto de Pizzas, Bolsa Portapizzas con Aislamiento, Impermeable, Bolsa para la Entrega de Pedidos de Pizza y Comidas, Interior 35x35x(H) 18cm, Roja, 37x37x(H) 20cm",H709825,102,10,0.02%,0.09%,162,13,0.02%,0.08%,62.33%,25.00%,12,0,11.76%,0.00%,"282,42 €","0,00 €",6,0
B0CQ92BWQ8,B009QXKGKG,"HENDI Bolsa de Transporte y Reparto de Pizzas, Bolsa Portapizzas con Aislamiento, Impermeable, Bolsa para la Entrega de Pedidos de Pizza y Comidas, Interior 45x45x(H) 18cm, Roja, 47x47x(H) 21cm",H709818,59,7,0.01%,0.06%,101,10,0.02%,0.06%,96.63%,100.00%,7,0,11.86%,0.00%,"218,05 €","0,00 €",6,0
B0F54LTCFF,B00BHZPO3K,Arcos Cuchillo para Queso Acero Inoxidable NITRUM 145 mm,281604_fbm,809,31,0.17%,0.27%,"1,122",36,0.17%,0.22%,7.24%,4.35%,6,0,0.74%,0.00%,"124,50 €","0,00 €",6,0
B00VRZ327A,B00VRZ327A,Arcos Tijeras Costura Acero Forjado 152 mm - Uso Doméstico y Profesional - Niqueladas Plata - Serie Style,502400,48,1,0.01%,0.01%,63,1,0.01%,0.01%,98.21%,100.00%,6,0,12.50%,0.00%,"71,94 €","0,00 €",6,0
B00W9SPO5M,B00W9SPO5M,Arcos Tijeras de Modista de Acero Forjado 178 mm - Uso Profesional y Doméstico - Niqueladas en Plata - Serie Style,504200,160,2,0.03%,0.02%,212,2,0.03%,0.01%,98.92%,100.00%,6,0,3.75%,0.00%,"84,75 €","0,00 €",6,0
B017DLH9RA,B017DLH9RA,ARCOS Cuchillo Abre Ostras Acero Inoxidable 60 mm,227200_us,101,5,0.02%,0.04%,118,6,0.02%,0.04%,91.07%,75.00%,7,3,6.93%,60.00%,"55,93 €","23,97 €",6,2
B0FWM351K4,B01N4WDTRY,CUPERINOX® Couture Series - Tijera Costura Profesional 15 cm | Acero Inoxidable Resistente | Corte Preciso para Telas y Manualidades | Uso Doméstico y Profesional,21962,66,2,0.01%,0.02%,88,2,0.01%,0.01%,90.36%,0.00%,8,0,12.12%,0.00%,"67,92 €","0,00 €",6,0
B0788R5C2F,B0788R5C2F,Wins 019 Desincrustante Máquinas. Envase 5 L. Producto ácido para la eliminación de incrustaciones de cal y óxido en máquinas lavavajillas.,BM-7KH8-TWCU,68,7,0.01%,0.06%,86,10,0.01%,0.06%,98.78%,100.00%,10,7,14.71%,100.00%,"197,50 €","138,25 €",6,3
B0B3F4QXML,B07HY6FKNQ,Arcos Serie Clasica - Juego de Cuchillos de 7 piezas en Caja de Regalo (5 Cuchillos + 1 Tijeras + 1 Chaira) - Hoja de Acero Inoxidable Forjado NITRUM - Mango de Polioximetileno (POM) - Color marrón,854400_2,367,8,0.08%,0.07%,490,8,0.07%,0.05%,99.77%,100.00%,6,1,1.63%,12.50%,"884,94 €","144,99 €",6,1
B0F1ZF7H1L,B07JHPQGPW,Arcos Riviera Blanc Juego 3 Cuchillos Forjados POM Blanco,807610_,"1,099",27,0.23%,0.24%,"1,536",38,0.23%,0.24%,34.28%,35.29%,6,0,0.55%,0.00%,"419,94 €","0,00 €",6,0
B07JWM27F4,B07JWM27F4,Arcos Set Cuchillos Cocina Profesionales Forjados en Acero Inoxidable. Juego de 3 Cuchillos (Pelador 100 mm + Cocinero 150 mm + Cocinero 200 mm). Mango Ergonómico Rosa en Polioximetileno. Riviera Rose,855100,509,12,0.11%,0.11%,722,16,0.11%,0.10%,99.18%,75.00%,6,0,1.18%,0.00%,"439,92 €","0,00 €",6,0
B0FR444FLT,B07N8VHP6Y,Arcos Cuchillo deshuesador con Hoja Acero Inoxidable Nitrum 160 mm. Cuchillo profesional para cortar huesos carne. Mango ergonómico polipropileno. Serie Brooklyn. Color azul.,192623_,207,2,0.04%,0.02%,259,3,0.04%,0.02%,87.14%,0.00%,6,0,2.90%,0.00%,"219,33 €","0,00 €",6,0
B0FR444FLT,B07N8VRS7L,Arcos Brooklyn Cuchillo Pelador Acero Inoxidable 100 mm,190123_,671,12,0.14%,0.11%,774,13,0.12%,0.08%,96.07%,100.00%,6,0,0.89%,0.00%,"168,08 €","0,00 €",6,0
B09QDH8MSK,B07N8VWHT9,Arcos Tacos - Bloque Universal para Cuchillos hasta 20 cm - Hecho de Caucho Termoplástico 220 x 160 x 65 mm - Color Negro,794500_,"1,476",23,0.31%,0.20%,"2,033",29,0.31%,0.18%,10.42%,21.43%,6,0,0.41%,0.00%,"155,94 €","0,00 €",6,0
B07N8W33BT,B07N8W33BT,ARCOS Bloque Universal para Cuchillos Caucho Termoplástico 225 mm,794400_,64,0,0.01%,0.00%,115,0,0.02%,0.00%,62.50%,0.00%,6,0,9.38%,0.00%,"149,94 €","0,00 €",6,0
B0CYTKGNPM,B0843Q6L5P,ARCOS Pelador Profesional Acero Inoxidable Cromado 130 mm,607000_etq1,"5,906",156,1.26%,1.37%,"8,818",217,1.35%,1.35%,0.14%,0.00%,6,0,0.10%,0.00%,"38,94 €","0,00 €",6,0
B09MSDJQJ1,B08M3B43J6,"Arcos | Juego Cuchillo Jamonero 3 Pzas | jamonero Acero Inoxidable (240 mm), afilador Chaira y Cubre jamón | Juego Cuchillos jamonero Profesional | Paleta ibérica | Eco",704300,561,11,0.12%,0.10%,740,11,0.11%,0.07%,100.00%,100.00%,6,0,1.07%,0.00%,"173,50 €","0,00 €",6,0
B09FQ5SZK8,B08MTTN436,Arcos Nordika Cuchillo Mondador Nitrum Madera Ovengkol FSC 100 mm,165000_fbm,288,4,0.06%,0.04%,392,5,0.06%,0.03%,53.94%,50.00%,6,0,2.08%,0.00%,"131,94 €","0,00 €",6,0
B09FQ5SZK8,B08MTWTK78,Arcos Cuchillo Santoku Acero Inoxidable Nitrum 190 mm,166600_fbm,514,10,0.11%,0.09%,727,15,0.11%,0.09%,47.76%,33.33%,6,0,1.17%,0.00%,"173,94 €","0,00 €",6,0
B09DPRCMTF,B08MW2GWPC,Arcos Juego Cuchillos Carne | Cuchillo chuleteros | Cuchillos Carne Cuchillos Mesa | 6 Uds | Hoja 110 mm | Acero Inoxidable | Mango Nylon | Apto lavavajillas | Envase Ecológico (Filo Serrado),816400fbm,236,6,0.05%,0.05%,307,7,0.05%,0.04%,100.00%,100.00%,6,0,2.54%,0.00%,"119,94 €","0,00 €",6,0
B08T5Z4HFS,B08QYV8C1P,"CUPERINOX Cubiertos para marisco | Pinzas para marisco | Tenazas para marisco | 6 Unidades | Cubiertos marisco (Cangrejo, Langosta, Ostras) | Tenedor de marisco con dos dientes inferiores y cuchara.",20023_6pzas,95,4,0.02%,0.04%,146,4,0.02%,0.02%,100.00%,100.00%,6,1,6.32%,25.00%,"77,94 €","12,99 €",6,1
B0CQ5G2HVQ,B09T6L1F99,"Arcos Sarten Antiadherente 28 cm - Aluminio Forjado, Full Induction, Mango Acero Inoxidable, Apta Lavavajillas, Ahorro Energético, Serie Samoa",716510,553,14,0.12%,0.12%,835,17,0.13%,0.11%,14.65%,8.33%,6,0,1.08%,0.00%,"251,70 €","0,00 €",6,0
B0DPKXM18X,B0DNQXN97X,CUPERINOX Soporte Jamonero Inoxidable | Jamonero Plegable | Jamonero Giratorio | Jamonero Profesional | Cuchillo Jamonero Profesional y Afilador,20250_fbm,693,28,0.15%,0.25%,821,32,0.13%,0.20%,98.87%,100.00%,6,0,0.87%,0.00%,"419,94 €","0,00 €",6,0
B0DVT6KPDV,B0DT73LYPQ,"CUPERINOX Cuchillos Montessori | Set de Cuchillos Infantiles de 16 Piezas | Cuchillos Niños Aprendizaje +2 Años | Incluye Delantal, Guante de Seguridad, Moldes Tabla de Cortar | Kids Collection",27016,278,9,0.06%,0.08%,359,15,0.05%,0.09%,98.80%,100.00%,6,0,2.16%,0.00%,"120,60 €","0,00 €",6,0
B0DQV6381X,B0F2Q1K35T,CUPERINOX Soporte Jamonero Balancín | Jamonero Giratorio Profesional | Jamonero Madera | Jamonera Profesional | Tabla Cortar Jamon,20265_SC,972,24,0.21%,0.21%,"1,573",33,0.24%,0.21%,98.92%,100.00%,6,0,0.62%,0.00%,"509,94 €","0,00 €",6,0
B0DKP7F29P,B0FS7XQ88Z,"Arcos Sartén Samoa Inox 30 cm, Acero inoxidable tricapa sin PFAS",726600,244,4,0.05%,0.04%,300,4,0.05%,0.02%,86.72%,100.00%,6,0,2.46%,0.00%,"311,70 €","0,00 €",6,0
B0FWK1CK18,B0FWK1CK18,"Arcos Tabla de Corte Arcos de Teca, Elegancia y Durabilidad Artesanal",706200,254,5,0.05%,0.04%,376,5,0.06%,0.03%,89.57%,100.00%,6,0,2.36%,0.00%,"527,70 €","0,00 €",6,0
B0G67DKSXN,B0G216GBMX,BIOLEAF – Gel WC Esencias Marinas Pack 4×750 ml (3 L) | Limpieza Profunda del Inodoro con Frescor Duradero | Gel Denso Sin Salpicaduras | Biodegradable y Dermatológicamente Testado,3511,128,4,0.03%,0.04%,153,4,0.02%,0.02%,100.00%,100.00%,6,1,4.69%,25.00%,"118,94 €","19,99 €",6,1
B0G4SGJSBJ,B0G21D2KFZ,"BIOLEAF– Desincrustante Baños Antical Pack 4×750 ml (3 L) | Limpieza Profesional de Lavabos, Ducha y Bañera | Brillo Inmediato | Biodegradable y Dermatológicamente Testado",3498,337,6,0.07%,0.05%,397,7,0.06%,0.04%,99.17%,100.00%,6,0,1.78%,0.00%,"117,94 €","0,00 €",6,0
B0F54LTCFF,B0044R87I2,Arcos Conjunto Cuchillos 4 piezas (3 Cuchillos + 1 tijeras). Acero Inoxidable y Hoja mm. 1670 gr. Bloque madera pino. Mango ergonómico polioximetileno POM. Serie Universal. Mayor control. Color negro.,285000_us,279,5,0.06%,0.04%,387,5,0.06%,0.03%,75.53%,50.00%,5,0,1.79%,0.00%,"284,95 €","0,00 €",5,0
B0F1ZF7H1L,B005LR67V8,Arcos Cuchillo para Pan Acero Inoxidable Nitrum 200 mm,231300_,415,12,0.09%,0.11%,592,17,0.09%,0.11%,14.85%,45.45%,5,1,1.20%,8.33%,"149,95 €","29,99 €",5,1
B005LR749W,B005LR749W,"ARCOS Juego de Cubiertos de 24 Piezas para Mesa. Cuberterí­a Completa para 6 Personas. Set de 6 Cucharas, 6 Cuchillos, 6 Tenedores y 6 Cucharas de Postre. Serie Berlí­n. Color Plata",562400_fbm,970,14,0.21%,0.12%,"1,376",17,0.21%,0.11%,30.91%,12.50%,8,0,0.82%,0.00%,"719,92 €","0,00 €",5,0
B0752X1ZCK,B009KPKG8M,Arcos Cuchillos de Mesa - Cuchillo Chuletero Cuchillo de Mesa - Hoja de Acero Inoxidable NITRUM 110 mm - Mango de Nylon - Color Negro,803000_1-Pieza,202,3,0.04%,0.03%,238,5,0.04%,0.03%,87.10%,75.00%,17,0,8.42%,0.00%,"62,25 €","0,00 €",5,0
B0F1ZF7H1L,B00BHZPKEI,Arcos Cuchillo Blanco 100 mm,230224_,219,11,0.05%,0.10%,318,18,0.05%,0.11%,38.02%,11.11%,5,1,2.28%,9.09%,"96,81 €","16,52 €",5,1
B0BQDHLWRL,B00I5N4PPK,Arcos Cuchillo Chuletero Acero Inoxidable Nitrum 110 mm,_809300_1Pieza,233,4,0.05%,0.04%,395,6,0.06%,0.04%,26.36%,16.67%,21,0,9.01%,0.00%,"80,43 €","0,00 €",5,0
B08M7BMR2S,B00I9XTLSC,ARCOS Afilador Profesional Manual Cerámica y Carbono Rojo-Negro,610600_2,"3,530",78,0.75%,0.69%,"5,057",117,0.77%,0.73%,7.07%,2.08%,5,1,0.14%,1.28%,"67,45 €","13,49 €",5,1
B017DLL2KA,B017DLL2KA,"Arcos Regia Cuchillos Mesa Carne Nitrum POM Negro-Oro 4,5 pulg",375000_1Pieza,164,5,0.03%,0.04%,255,12,0.04%,0.07%,72.33%,100.00%,24,0,14.63%,0.00%,"284,16 €","0,00 €",5,0
B0DN1W2FX7,B01DY48HAS,"HENDI Bolsas lisas para cocción sous-vide y envasado al vacío, 100 unidades, -20 °C a +110 °C, 300x200mm, 75µm, PA/PE, sin BPA",H970683,33,3,0.01%,0.03%,44,7,0.01%,0.04%,61.90%,100.00%,8,2,24.24%,66.67%,"147,92 €","36,98 €",5,2
B0B3CPHPXR,B07BQ5CCMD,ARCOS Sacacorchos Manual de ABS Aleación de Zinc,604700_,"2,535",35,0.54%,0.31%,"3,245",53,0.50%,0.33%,15.36%,9.09%,5,0,0.20%,0.00%,"161,55 €","0,00 €",5,0
B085SNLR5G,B07DC83Z46,"HENDI Bandeja de Servicio, Redonda, Recubrimiento Antideslizante, Multiusos, para buffets, Bandeja de Cocina para Servir Comida rápida, Bebidas, Fast Food, ⌀410x(H) 20mm, Polipropileno, Negro",H878149,30,1,0.01%,0.01%,41,2,0.01%,0.01%,100.00%,100.00%,7,0,23.33%,0.00%,"76,93 €","0,00 €",5,0
B086X1XQXD,B07DC8C7Y6,"HENDI Expositor con cubierta deslizante roll-top, Doble",H871713,127,18,0.03%,0.16%,173,25,0.03%,0.16%,94.97%,95.24%,5,1,3.94%,5.56%,"391,00 €","78,99 €",5,1
B0FR444FLT,B07DC8JHV4,Arcos Cuchillo verduras Acero Inoxidable. Cuchillo profesional para pelar frutas y verduras. Mango ergonómico polioximetileno y Hoja 130 mm. Serie Manhattan. Color negro.,161100_,98,1,0.02%,0.01%,161,1,0.02%,0.01%,63.64%,0.00%,7,0,7.14%,0.00%,"166,51 €","0,00 €",5,0
B07F9GQZCB,B07F9GQZCB,Arcos Cuchillo para Verduras de 4 Pulgadas con Hoja de 105mm en Acero Inoxidable y Mango de Madera. Cuchillo para Vegetales Apto para Lavavajillas. Serie Latina. Color Marrón,100500_fba,561,8,0.12%,0.07%,814,8,0.12%,0.05%,97.64%,100.00%,5,0,0.89%,0.00%,"184,95 €","0,00 €",5,0
B0DN1WHKRN,B07MTQ5695,HENDI Batidora de Mano para Uso Profesional con Velocidad Ajustable,H222140,432,70,0.09%,0.62%,640,110,0.10%,0.69%,13.44%,14.77%,6,4,1.39%,5.71%,"950,46 €","630,96 €",5,3
B0FR444FLT,B07N8TV9CC,Arcos Brooklyn Cuchillo Rebanar Jamonero Forjado Micarta Azul 250 mm,191923_,247,2,0.05%,0.02%,301,2,0.05%,0.01%,92.31%,100.00%,5,0,2.02%,0.00%,"199,91 €","0,00 €",5,0
B0FR444FLT,B07N8VCFRY,Arcos Brooklyn Cuchillo Panero Acero Inoxidable Nitrum 200 mm,191323_,241,3,0.05%,0.03%,292,3,0.04%,0.02%,95.06%,100.00%,5,0,2.07%,0.00%,"199,95 €","0,00 €",5,0
B0FR444FLT,B07N8W7718,Arcos Cuchillo Chef Forjado Acero Inoxidable Tamaño. Mango Profesional Micarta y BorSeda Especial con Hoja Plateada 250 mm. Impresiona yorprencon Cada Corte. Serie Brooklyn. Color Azul.,190823_,204,3,0.04%,0.03%,252,3,0.04%,0.02%,99.07%,100.00%,5,0,2.45%,0.00%,"260,52 €","0,00 €",5,0
B0FR444FLT,B07N8W79GH,Arcos Manhattan Cuchillo Tallado Acero Inoxidable Nitrum 300 mm,162300_,159,6,0.03%,0.05%,187,10,0.03%,0.06%,98.80%,100.00%,6,1,3.77%,16.67%,"218,24 €","35,14 €",5,1
B07N8WMVK1,B07N8WMVK1,ARCOS Taco Cajonera Organizador Bambú hasta 25 cm Marrón,794300_fbm,327,6,0.07%,0.05%,448,7,0.07%,0.04%,32.25%,66.67%,5,2,1.53%,33.33%,"159,95 €","63,98 €",5,2
B0FR444FLT,B07YYDR6D8,Arcos Juego de Cuchillos de Cocina. 3 piezas de Acero Inoxidable forjado. Impresiona yorprencon cada corte. Mango Micarta azul. Serie Brooklyn. Color Azul.,858110,"8,018",152,1.71%,1.34%,"9,673",183,1.48%,1.14%,99.27%,85.58%,5,0,0.06%,0.00%,"503,27 €","0,00 €",5,0
B08Y8NS7PN,B08MT61GJV,Arcos Juego Cuchillos Cocina | 2 pzas |Profesional (150 mm) | Cuchillo Cortador Verduras (100 mm)| Acero Inoxidable Nitrum | Mango Negro | Envase Eco,819900fbm,124,3,0.03%,0.03%,155,4,0.02%,0.02%,86.90%,100.00%,6,0,4.84%,0.00%,"107,94 €","0,00 €",5,0
B09FQ5SZK8,B08MTZZQV5,Arcos Cuchillo para Pan Acero Inoxidable Nitrum 200 mm,166400_fbm,266,4,0.06%,0.04%,365,6,0.06%,0.04%,73.42%,100.00%,5,0,1.88%,0.00%,"144,95 €","0,00 €",5,0
B08Q7W1Q4K,B08Q7W1Q4K,"Tradineur - Pack de 2 Graseras de metal de Ø 9,3 x 11 cm - Incluye filtro, asa y tapa - Aceitera con colador para conservación de aceite de acero inoxidable - Capacidad de 550 ml",22105+22106,99,3,0.02%,0.03%,140,3,0.02%,0.02%,97.69%,100.00%,5,0,5.05%,0.00%,"54,95 €","0,00 €",5,0
B0DK3CM34K,B08VW7LTT6,"HENDI Cabezal de antorcha de cocina de llama continua con cartucho de recarga de gas GLP 199039, soplete flambeador, quemador de gas GLP, profesional, versátil-seguro 360°, negro con acentos en verde",H198254,98,8,0.02%,0.07%,130,11,0.02%,0.07%,96.15%,100.00%,6,2,6.12%,25.00%,"209,94 €","69,98 €",5,1
B09FQ5SZK8,B0968LSP2T,"Arcos Utensilios Barbacoa - Cuchillo 200 mm y Tenedor 215 mm, Acero Inoxidable NITRUM, Mango Madera Ovengkol FSC, Set 2 Piezas, Embalaje Reciclado, Serie Nordika",167000_fbm,468,5,0.10%,0.04%,574,6,0.09%,0.04%,77.09%,50.00%,5,0,1.07%,0.00%,"242,45 €","0,00 €",5,0
B09KJLG7BT,B098XWCFXT,CUPERINOX Jamonero Profesional | soporte de jamon | 5 Piezas | tabla jamonera | soporte jamonero | Kit Jamonero (tabla + cuchillo + afilador + pinza + cubre jamon,20229FBM,173,1,0.04%,0.01%,209,1,0.03%,0.01%,100.00%,0.00%,5,0,2.89%,0.00%,"274,95 €","0,00 €",5,0
B0G3ZJ89NB,B09NRLLDC6,CUPERINOX Cuchillo Jamonero + Chaira + Funda Cubre Jamón | Jamonero 240mm acero inoxidable| Afilador Chaira | Funda cubre jamón,20220,187,2,0.04%,0.02%,260,3,0.04%,0.02%,98.85%,100.00%,5,0,2.67%,0.00%,"49,95 €","0,00 €",5,0
B0CQ5G2HVQ,B09T6KY364,"Arcos Sarten Antiadherente 30 cm - Aluminio Forjado, Full Induction, Mango Acero Inoxidable Efecto Frío, Apta Lavavajillas, Ahorro Energético, Serie Samoa",716610,181,2,0.04%,0.02%,224,2,0.03%,0.01%,69.52%,0.00%,5,0,2.76%,0.00%,"227,50 €","0,00 €",5,0
B09WYZHGQF,B09WYZHGQF,Arcos Nordika Juego 3 Cuchillos para Queso Acero Inoxidable Nitrum,167200_us,92,2,0.02%,0.02%,116,2,0.02%,0.01%,90.57%,100.00%,5,2,5.43%,100.00%,"344,00 €","137,60 €",5,2
B0BJPYW95J,B0BJPYW95J,Arcos Accesorios - Sacacorchos Manual Abrebotellas Manual - Mango de Aleación de Zinc - Color Negro mate (Incluye cortacápsulas),607500,85,2,0.02%,0.02%,121,2,0.02%,0.01%,98.04%,100.00%,6,0,7.06%,0.00%,"238,20 €","0,00 €",5,0
B0CVH8PC99,B0CQRMMMR5,CUPERINOX Cuchillos Carne | Cuchillos Mesa | Cuchillos Chuleteros | 6 Piezas | Hoja Serrada | Mango Polipropileno | Acero Inoxidable | 11 cm,99901_6pzs,44,2,0.01%,0.02%,56,2,0.01%,0.01%,100.00%,100.00%,5,1,11.36%,50.00%,"47,95 €","9,99 €",5,1
B0G4S268RT,B0G21QLYZ1,"BIOLEAF–Lavavajillas Manual Pack 2×750 ml (1,5 L) – Detergente Concentrado Desengrasante – Vajilla Brillante y Aclarado Fácil – Biodegradable – Sin Disruptores Endocrinos",2699,87,0,0.02%,0.00%,113,0,0.02%,0.00%,98.00%,0.00%,6,0,6.90%,0.00%,"54,94 €","0,00 €",5,0
B0F54LTCFF,B0044R87L4,Arcos Cuchillo Panero con Hoja de Acero Inoxidable Nitrum 200 mm. Cuchillo Pan ideal para uso doméstico diario. Obtenga una gran variedad cortes parau comida. Serie Universal. Color negro.,282104_,"1,598",72,0.34%,0.63%,"2,315",94,0.35%,0.59%,0.05%,1.54%,4,4,0.25%,5.56%,"67,96 €","67,96 €",4,4
B0752XP113,B0044R887W,Arcos Juego Cuchillos carne 4 piezas. Paquete Cuchillos bolsillo con borperla para cortar y filetear carne. Hoja y mango Acero Inoxidable monobloque. Serie Mesa.,378400_2,686,20,0.15%,0.18%,"1,029",25,0.16%,0.16%,23.92%,23.53%,4,0,0.58%,0.00%,"83,96 €","0,00 €",4,0
B0F1ZF7H1L,B005LR6FAG,"Arcos Cuchillo Cocina Forjado en Acero Inoxidable y Hoja de 200mm. Cuchillo Chef Profesional para Cortar Pescado, Carne y Cebolla. Mango Ergonómico Polioximetileno. Serie Riviera. Color Negro.",233600,"2,774",41,0.59%,0.36%,"3,791",49,0.58%,0.31%,13.87%,0.00%,4,0,0.14%,0.00%,"130,50 €","0,00 €",4,0
B0752NT3TH,B005LR77GC,ARCOS Tijeras de Cocina Profesional 235 mm,185701,"3,958",118,0.84%,1.04%,"6,189",178,0.95%,1.11%,0.26%,0.00%,4,0,0.10%,0.00%,"39,60 €","0,00 €",4,0
B0F54LTCFF,B007TS67OY,Arcos Cuchillo Chef Acero Inoxidable 155 mm,280404_fbm,772,31,0.16%,0.27%,977,39,0.15%,0.24%,13.83%,0.00%,4,0,0.52%,0.00%,"66,23 €","0,00 €",4,0
B007TS6GP4,B007TS6GP4,Arcos Juego de 6 Cuchillos de Mesa Chuleteros Acero Inoxidable 110 mm,815600--,361,9,0.08%,0.08%,526,10,0.08%,0.06%,80.89%,50.00%,5,0,1.39%,0.00%,"134,51 €","0,00 €",4,0
B007TS6GW2,B007TS6GW2,Arcos Chairas - Chaira Afilador manual de cuchillos - Cuerpo de Acero al Carbono recubierto de Diamante de 280 mm - Mango de Polipropileno color negro,279202_,122,1,0.03%,0.01%,217,1,0.03%,0.01%,91.58%,100.00%,4,0,3.28%,0.00%,"159,96 €","0,00 €",4,0
B0F1ZF7H1L,B00BHZPHSC,Arcos Riviera Blanc Cuchillo Jamonero Forjado Acero POM Blanco 250 mm,231024_,247,7,0.05%,0.06%,319,7,0.05%,0.04%,8.77%,50.00%,4,2,1.62%,28.57%,"135,96 €","67,98 €",4,2
B0F1ZF7H1L,B00BHZPIVI,Arcos Cuchillo Chef Forjado Acero Inoxidable 200 mm,233624,357,6,0.08%,0.05%,437,10,0.07%,0.06%,35.77%,25.00%,4,1,1.12%,16.67%,"129,96 €","32,49 €",4,1
B00D3LC70Y,B00D3LC70Y,Arcos Tijeras Costura Castellana - Acero Forjado Niquelado 127 mm - Uso Doméstico y Profesional - Serie Style,502200,76,3,0.02%,0.03%,115,3,0.02%,0.02%,97.00%,66.67%,4,0,5.26%,0.00%,"39,84 €","0,00 €",4,0
B00D3LCFRE,B00D3LCFRE,Arcos Tijeras Multiusos de Acero Inoxidable 210 mm - Costura y Tejidos - Mango ABS Gris - Serie Deluxe,521000_fbm,48,1,0.01%,0.01%,65,1,0.01%,0.01%,96.61%,100.00%,5,0,10.42%,0.00%,"119,95 €","0,00 €",4,0
B0DK3FSR9B,B00GZR3JD2,"HENDI Sifón de Nata, con 3 boquillas Diferentes, Soporte para el Cargador y Cepillo de Limpieza, para Nata montada, mousses, postres, 0,95L, ø95x(H) 320mm, Aluminio, Blanco",H588376,40,5,0.01%,0.04%,46,5,0.01%,0.03%,76.19%,80.00%,6,2,15.00%,40.00%,"251,70 €","83,90 €",4,2
B017HKRIGE,B00I9XTOT8,"ARCOS Tabla Cortar Fibra Resina y Celulosa 13""",691610,335,14,0.07%,0.12%,460,24,0.07%,0.15%,16.06%,31.25%,6,0,1.79%,0.00%,"125,94 €","0,00 €",4,0
B00IUPKTFS,B00IUPKTFS,"HENDI Sartén eléctrica multiusos, paellera cazuela olla plancha, de fiestas, revestimiento antiadherente, termostato, con tapa, interior: ø55cm profundidad: 6cm, 230V, 1600W, ø620x(H)190mm, aluminio",H239605,105,1,0.02%,0.01%,146,1,0.02%,0.01%,78.79%,100.00%,4,0,3.81%,0.00%,"395,96 €","0,00 €",4,0
B00KISSXY4,B00KISSXY4,"HENDI Bandeja de Servicio AmerBox, Grande, Rectangular, Multiusos, Bandeja para Servir Comida rápida, Bebidas, Fast Food, Bandeja de Cocina, 350x450x(H) 20mm, Gris, Polipropileno",H878804,38,0,0.01%,0.00%,58,0,0.01%,0.00%,100.00%,0.00%,16,0,42.11%,0.00%,"159,84 €","0,00 €",4,0
B00OF83Z9Q,B00OF83Z9Q,ARCOS Aplastador de Filetes y Carne Acero Inoxidable 140 mm,790600,71,2,0.02%,0.02%,90,5,0.01%,0.03%,74.36%,100.00%,5,0,7.04%,0.00%,"204,50 €","0,00 €",4,0
B06XB92VRH,B00YU2ZS1A,CUPERINOX Cafetera Italiana Induccion Espresso Acero Inoxidable 6 Tazas,25033,75,2,0.02%,0.02%,104,2,0.02%,0.01%,95.74%,0.00%,4,0,5.33%,0.00%,"64,78 €","0,00 €",4,0
B017DLDQXQ,B017DLDQXQ,"Arcos Serie Latina, Cuchillo jamonero, Hoja de 250 mm, Mango Madera",101300_fbm,46,0,0.01%,0.00%,54,0,0.01%,0.00%,93.75%,0.00%,4,0,8.70%,0.00%,"37,96 €","0,00 €",4,0
B0F1ZF7H1L,B017DLFYYK,Arcos Cuchillo Queso Acero Inoxidable Blanco 145 mm,232824_,649,21,0.14%,0.18%,740,22,0.11%,0.14%,41.34%,35.71%,4,1,0.62%,4.76%,"148,16 €","36,09 €",4,1
B0F1ZF7H1L,B017DLG38Q,Arcos Cuchillo Cocina Acero Inoxidable Negro 140 mm,233200_,413,10,0.09%,0.09%,559,12,0.09%,0.07%,22.72%,25.00%,4,0,0.97%,0.00%,"111,96 €","0,00 €",4,0
B0189HXOXK,B017DLLFI4,Arcos Serie Navajas Profesionales - Navaja Profesional - Hoja Filo de Acero Inoxidable NITRUM de 85 mm - Navaja de Acero Inoxidable Color naranja,485329_fbm,240,2,0.05%,0.02%,358,2,0.05%,0.01%,89.27%,100.00%,4,0,1.67%,0.00%,"29,60 €","0,00 €",4,0
B01MQDCZTB,B01MQDCZTB,"HENDI Carro bandejero con Superficie de Trabajo, 7 x GN 1/1, Capacidad de Carga 70 kg, 445x615x(H) 945mm, Acero Inoxidable",H810668,44,7,0.01%,0.06%,70,9,0.01%,0.06%,95.31%,62.50%,4,1,9.09%,14.29%,"796,00 €","199,00 €",4,1
B0752VKJ4B,B071LGMH3L,Arcos Set 3 Cuchillos Peladores Acero Inoxidable,189500_2,515,13,0.11%,0.11%,672,24,0.10%,0.15%,4.88%,13.33%,4,0,0.78%,0.00%,"43,96 €","0,00 €",4,0
B0GRNWHJPV,B071LGMH89,Arcos Mesa Cuchillo Carne Nitrum Pack Madera Marrón 4 pulg,374610_fbm,93,5,0.02%,0.04%,134,10,0.02%,0.06%,61.98%,57.14%,26,24,27.96%,480.00%,"435,24 €","401,76 €",4,2
B0CTCR3BC5,B07D8WH8HL,"HENDI Recipiente Gastronorm GN 1/1, Budget Line, resistencia térmica -40 °C a 250 °C, apto para horno y baño maría, 28L, 530x325x(H) 200mm, acero inoxidable",H800157,107,16,0.02%,0.14%,143,24,0.02%,0.15%,78.57%,84.21%,5,5,4.67%,31.25%,"160,24 €","160,24 €",4,4
B07DC8MD56,B07DC8MD56,"HENDI Rejilla de asador, GN 1/1, de acero inoxidable cromado, 325x530mm, para todas las parrillas, grill, barbacoas Green Fire de HENDI",H939949,40,6,0.01%,0.05%,57,8,0.01%,0.05%,90.00%,100.00%,7,3,17.50%,50.00%,"141,68 €","61,92 €",4,2
B093DSL44T,B07F9RV81Z,Arcos Cuchillo Chuletero de 4 Pulgadas con Hoja de 105mm en Acero Inoxidable y Mango de Madera. Cuchillo para Carne Apto para Lavavajillas. Serie Latina. Color Marrón,100400,832,16,0.18%,0.14%,"1,299",24,0.20%,0.15%,87.42%,100.00%,4,0,0.48%,0.00%,"143,96 €","0,00 €",4,0
B07G79KCFK,B07G79KCFK,"Arcos Cuchillos de Mesa Caja de 12 uds Cuchillo Chuletero Cuchillo de Mesa, Hoja de Acero Inoxidable NITRUM 105 mm, Mango de Nylon, Color Marrón (12 uds)",803800_,162,3,0.03%,0.03%,213,3,0.03%,0.02%,81.25%,66.67%,4,0,2.47%,0.00%,"155,96 €","0,00 €",4,0
B07LD4MBMK,B07LD4MBMK,"HENDI Cubitera para Hielo, hielera, Recipiente para almacenar Cubitos de Hielo, BarUp, de Doble Pared, 10L, ø292x(h) 220mm, poliestireno, Blanco y Negro",H594759,115,13,0.02%,0.11%,157,24,0.02%,0.15%,52.14%,54.55%,9,8,7.83%,61.54%,"355,45 €","315,95 €",4,3
B07MZHDK6L,B07MZHDK6L,"HENDI Descalcificador de agua, 8L",H231210,98,3,0.02%,0.03%,133,6,0.02%,0.04%,59.17%,0.00%,4,0,4.08%,0.00%,"479,00 €","0,00 €",4,0
B0FR444FLT,B07N8Q63Z6,Arcos Brooklyn Cuchillo para Tomates Forjado Acero Inoxidable Nitrum 130 mm,192023_,583,13,0.12%,0.11%,634,14,0.10%,0.09%,78.84%,100.00%,4,0,0.69%,0.00%,"131,96 €","0,00 €",4,0
B0FR444FLT,B07N8VLCQS,"Arcos Juego de Cuchillos Profesionales (4 Piezas) - Acero Inoxidable Nitrum, Precisión y Durabilidad, Mango Ergonómico POM Negro, Incluye Tijeras y Bloque de Madera, Serie Manhattan",163300_,239,4,0.05%,0.04%,308,5,0.05%,0.03%,97.74%,100.00%,4,0,1.67%,0.00%,"392,11 €","0,00 €",4,0
B082PGJQXZ,B082PGJQXZ,"HENDI Lámpara de calor colgante de altura ajustable, cónica, lámpara térmica de infrarrojos para cocina y mantenimiento de alimentos calientes, 230V, 250W, Ø275x(H)250mm, aluminio color negro",H273845,15,6,0.00%,0.05%,22,8,0.00%,0.05%,95.45%,87.50%,8,4,53.33%,66.67%,"734,00 €","367,00 €",4,2
B084TL25TZ,B084TL25TZ,HENDI Estante para rejillas para pizza/sartenes (14 ranuras) - 300x305x(H)680 mm,H810361,29,6,0.01%,0.05%,48,14,0.01%,0.09%,96.88%,100.00%,4,2,13.79%,33.33%,"239,00 €","119,50 €",4,2
B089M821V5,B089M821V5,Arcos Cuchillos Carne | 6 pzas | Cuchillos chuleteros Set Cuchillo de Mesa Sierra | Mango Madera | Hoja 110 mm | Cuchillos Carne Mesa | Apto lavavajillas | Envase Carton | Ecologico,815500,605,17,0.13%,0.15%,832,20,0.13%,0.12%,93.41%,100.00%,6,1,0.99%,5.88%,"179,94 €","29,99 €",4,1
B09KJLG7BT,B08KW4BFZ9,CUPERINOX Jamonero Profesional | Soporte jamonero Tipo Gondola| Base de Corte para Usar con Cuchillo jamonero | Jamon iberico | Fabricado en España,20200_premium,835,11,0.18%,0.10%,"1,210",17,0.18%,0.11%,93.06%,88.89%,4,0,0.48%,0.00%,"57,60 €","0,00 €",4,0
B08L27XH2W,B08L27XH2W,"HENDI Mochila isotérmica de Transporte y Reparto de Pizzas y Alimentos, Bolsa aislada e Impermeable para la Entrega de Pedidos de Pizza y Comidas, Interior 39x39x(H) 45cm, Negra, 41x41x(H) 48cm",H709801,142,14,0.03%,0.12%,230,24,0.04%,0.15%,68.89%,46.15%,4,2,2.82%,14.29%,"272,80 €","132,90 €",4,2
B09DPRCMTF,B08MW2GWPC,Arcos Juego Cuchillos Carne | Cuchillo chuleteros | Cuchillos Carne Cuchillos Mesa | 6 Uds | Hoja 110 mm | Acero Inoxidable | Mango Nylon | Apto lavavajillas | Envase Ecológico (Filo Serrado),816400fba,236,6,0.05%,0.05%,307,7,0.05%,0.04%,100.00%,100.00%,9,0,3.81%,0.00%,"178,21 €","0,00 €",4,0
B0FWM351K4,B09P8M12S3,"CUPERINOX® Couture Series - Tijera Costura Profesional 12,5 cm | Acero Inoxidable de Alta Precisión | Corte Fino y Duradero | Uso Doméstico y Profesional",21961,81,4,0.02%,0.04%,106,6,0.02%,0.04%,92.93%,100.00%,4,0,4.94%,0.00%,"33,96 €","0,00 €",4,0
B08VRP7CR7,B09XMVTWLT,Arcos Juego Cuchillos Carne | 6 Piezas | Cuchillos Carne Cuchillo chuleteros | Cubiertos Acero Inoxidable | Hoja 110 mm | Mango Redondo y Forma Ovalada | monobock | Caja Envase Ecológico (Filo Liso),830000_,248,6,0.05%,0.05%,366,10,0.06%,0.06%,100.00%,100.00%,4,0,1.61%,0.00%,"131,96 €","0,00 €",4,0
B0B2RGHSMW,B0B2RGHSMW,"HENDI Cesta para Freír, 6L, 238x185x(H)100mm",H930632,74,5,0.02%,0.04%,114,9,0.02%,0.06%,41.84%,14.29%,5,0,6.76%,0.00%,"149,95 €","0,00 €",4,0
B0CQC8TDDY,B0CQC8TDDY,"HENDI Chafing Dish Eléctrico UNIQ, 12,5L, Negro",H470411,40,8,0.01%,0.07%,54,12,0.01%,0.07%,57.45%,75.00%,11,11,27.50%,137.50%,"2.299,00 €","2.299,00 €",4,4
B0CYTKGNPM,B0CW66H3TR,Pelador de Tomate ARCOS - Hoja Serrada de Acero Inoxidable | Mango Ergonómico | Ideal para Tomates,607420,"1,051",22,0.22%,0.19%,"1,160",24,0.18%,0.15%,99.81%,100.00%,4,0,0.38%,0.00%,"31,96 €","0,00 €",4,0
B0DG2RQFHP,B0DG2RQFHP,"HENDI Bandeja de horno GN 1/1 Convectomat – 8 moldes redondos – para huevos fritos, tortillas, panqueques, crepes – Revestimiento antiadherente – 260°C – 530x325x(H) 26mm – Acero inoxidable",H808856,30,5,0.01%,0.04%,46,10,0.01%,0.06%,71.43%,40.00%,7,5,23.33%,100.00%,"316,75 €","226,25 €",4,2
B0DVT6KPDV,B0DT73LYPQ,"CUPERINOX Cuchillos Montessori | Set de Cuchillos Infantiles de 16 Piezas | Cuchillos Niños Aprendizaje +2 Años | Incluye Delantal, Guante de Seguridad, Moldes Tabla de Cortar | Kids Collection",27016_,278,9,0.06%,0.08%,359,15,0.05%,0.09%,98.80%,100.00%,4,0,1.44%,0.00%,"79,96 €","0,00 €",4,0
B0F9X4NXL3,B0F9GJRSSJ,"CUPERINOX Cuchillos Mesa, cuchillo carne, cuchillo mantequilla, Set 6 piezas, acero inoxidable, hoja con filo y sierra, cuchillo untar. Apto lavavajillas. Mango ergonomico",20043_6,131,2,0.03%,0.02%,171,6,0.03%,0.04%,99.34%,83.33%,4,0,3.05%,0.00%,"39,96 €","0,00 €",4,0
B0FHKR4Q45,B0FHKR4Q45,VINFERMATON – Insecticida Cucarachas y Hormigas | Antihormigas Instantáneo Pack 3×300 ml | Spray Eliminador Insectos Rastreros Interior y Exterior | Acción Rápida Profesional | MADE IN SPAIN,V101302_PACK3,38,2,0.01%,0.02%,58,2,0.01%,0.01%,96.08%,100.00%,4,0,10.53%,0.00%,"51,96 €","0,00 €",4,0
B08TWZYBPZ,B0FZC8B2NX,"CUPERINOX - Estuche de Cuchillos Profesionales de Cocina 4 Piezas | Chef 20 cm, Santoku 18 cm, Universal 13 cm y Pelador 9 cm | Acero Inoxidable de Alta Precisión | Mango Ergonómico",19301,908,32,0.19%,0.28%,"1,220",44,0.19%,0.27%,100.00%,100.00%,5,3,0.55%,9.38%,"174,95 €","104,97 €",4,2
B0G3ZJ89NB,B0FZD7ZY1W,CUPERINOX Cuchillo Jamonero Profesional 25 cm – Hoja Alveolada de Acero Inoxidable Antideslizante con Mango Ergonómico – Corte Preciso y Fino para Jamón y Paletilla| Maestros del Corte,19303f,153,1,0.03%,0.01%,210,2,0.03%,0.01%,100.00%,100.00%,4,1,2.61%,100.00%,"79,96 €","19,99 €",4,1
B0G4RT6HMS,B0G1ZZYNX6,"BIOLEAF – Limpiacristales Pack 2×750 ml (1,5 L) – Sin Marcas ni Huellas – Brillo en Cristales, Espejos y Ventanas – Secado Rápido – Biodegradable – Sin Disruptores Endocrinos",2651,45,0,0.01%,0.00%,60,0,0.01%,0.00%,100.00%,0.00%,4,0,8.89%,0.00%,"36,96 €","0,00 €",4,0
B0G449LYZ3,B0G449LYZ3,WINS- AMBIENTADOR MARINO- GARRAFA 5L + CONCENTRADO 250ML (5L)| 10L EN TOTAL| PACK AHORRO| 100% MADE IN SPAIN,WC009+009,36,2,0.01%,0.02%,47,2,0.01%,0.01%,97.67%,100.00%,4,0,11.11%,0.00%,"78,29 €","0,00 €",4,0
B017HKG9PK,B0044R87VO,Arcos Maitre - Cuchillo Jamonero Flexible - Acero Inoxidable NITRUM 275 mm - Mango Polipropileno negro,151200,331,6,0.07%,0.05%,360,7,0.06%,0.04%,68.42%,100.00%,3,0,0.91%,0.00%,"47,97 €","0,00 €",3,0
B0F1ZF7H1L,B005LR68DU,Arcos Cuchillo Jamonero con Alveolos 250 mm,231000_,"1,091",23,0.23%,0.20%,"1,554",35,0.24%,0.22%,20.37%,30.00%,3,0,0.27%,0.00%,"100,47 €","0,00 €",3,0
B0F1ZF7H1L,B005LR6FAG,"Arcos Cuchillo Cocina Forjado en Acero Inoxidable y Hoja de 200mm. Cuchillo Chef Profesional para Cortar Pescado, Carne y Cebolla. Mango Ergonómico Polioximetileno. Serie Riviera. Color Negro.",233600_,"2,774",41,0.59%,0.36%,"3,791",49,0.58%,0.31%,13.87%,0.00%,3,0,0.11%,0.00%,"97,47 €","0,00 €",3,0
B0F1ZF7H1L,B005LR6JFW,Arcos Conjunto Cuchillos 5 piezas Acero Inoxidable y Hoja mm. 3750 gr. Cuchillo cocina profesional cortar una variedad alimentos con mango ergonómico polioximetileno POM. Serie Riviera. Color negro.,234300_,236,0,0.05%,0.00%,299,0,0.05%,0.00%,98.82%,0.00%,3,0,1.27%,0.00%,"391,47 €","0,00 €",3,0
B0752SPHL9,B005LR6W8Q,Arcos Maitre Set 5 Cuchillos Acero Inoxidable Nitrum,152000_,449,5,0.10%,0.04%,603,6,0.09%,0.04%,39.93%,75.00%,3,0,0.67%,0.00%,"185,97 €","0,00 €",3,0
B005LR78LQ,B005LR78LQ,ARCOS Forged Tijeras de Cocina Acero Inoxidable Forjado 225 mm,507100,58,1,0.01%,0.01%,79,1,0.01%,0.01%,92.06%,0.00%,3,0,5.17%,0.00%,"115,50 €","0,00 €",3,0
B0F54LTCFF,B007TS6GFO,Arcos Universal Juego 5 Cuchillos Nitrum Bloque Pino POM Negro,285700_,"1,521",37,0.32%,0.33%,"1,952",48,0.30%,0.30%,17.62%,13.33%,3,0,0.20%,0.00%,"314,70 €","0,00 €",3,0
B007TS6HBM,B007TS6HBM,ARCOS Rallador de Limones Acero Inoxidable 40 mm,612800,92,1,0.02%,0.01%,130,1,0.02%,0.01%,43.86%,0.00%,3,0,3.26%,0.00%,"26,55 €","0,00 €",3,0
B007TS6HNK,B007TS6HNK,ARCOS Corta Pizzas Acero Inoxidable 100 mm,614800_,236,17,0.05%,0.15%,321,22,0.05%,0.14%,2.11%,11.76%,4,2,1.69%,11.76%,"46,38 €","23,98 €",3,1
B0F1ZF7H1L,B00BHZPO12,Arcos Cuchillo Cocina Acero Inoxidable Blanco 180 mm,233524_,294,4,0.06%,0.04%,384,6,0.06%,0.04%,21.18%,100.00%,3,1,1.02%,25.00%,"98,90 €","28,92 €",3,1
B00BQU0FB2,B00BQU0FB2,"HENDI Filtros de papel para cafetera de goteo, 1000 unidades, desechables, papel de filtro de café, ⌀245x(H)62mm, blanco",H208656,21,2,0.00%,0.02%,28,4,0.00%,0.02%,59.26%,100.00%,4,2,19.05%,100.00%,"160,73 €","79,32 €",3,1
B017HKSTCQ,B00CFN1M6Q,ARCOS Tijeras de Cocina Multiusos 200 mm,809700_FBA,"2,827",82,0.60%,0.72%,"4,110",115,0.63%,0.72%,0.66%,1.12%,3,0,0.11%,0.00%,"33,89 €","0,00 €",3,0
B017HKSTCQ,B00CFN1M6Q,ARCOS Tijeras de Cocina Multiusos 200 mm,809700_,"2,827",82,0.60%,0.72%,"4,110",115,0.63%,0.72%,0.66%,1.12%,5,4,0.18%,4.88%,"57,66 €","45,70 €",3,2
B00CWZQJZG,B00CWZQJZG,"Arcos Cuchillos Mesa - Cuchillo Carne Mesa - Monobloque unaola pieza Acero Inoxidable 4"" - Color Plateado - Corta todo tipo carne conimplicidad y practicidad -erie Monobloque - Color Gris",702000_1pza_fba,75,2,0.02%,0.02%,116,6,0.02%,0.04%,79.81%,66.67%,10,0,13.33%,0.00%,"49,90 €","0,00 €",3,0
B00FHTW89A,B00FHTW89A,ARCOS Chaira Afilador Acero al Carbono Cromado 300 mm,278510_,52,1,0.01%,0.01%,70,1,0.01%,0.01%,46.15%,0.00%,3,0,5.77%,0.00%,"68,97 €","0,00 €",3,0
B07TXLKG42,B00GZR3MKM,"HENDI Freidora eléctrica, T ajustable hasta 190°C, termostato de seguridad, zona fría, con tapa y cesta de freír, tanque de aceite extraíble, 8L, 230V, 3500W, 265x430x(H)345mm, acero inoxidable",H205822,82,10,0.02%,0.09%,115,11,0.02%,0.07%,90.65%,88.89%,3,0,3.66%,0.00%,"486,72 €","0,00 €",3,0
B0D1CW5WWV,B00GZR3SJW,"HENDI Centrifugador de ensaladas, secador de ensaladas, cesta de centrifugado interior extraíble, apto para el lavavajillas, 25 L, ø430x(h)530 mm, Poliamida, Polipropileno",H952992,17,5,0.00%,0.04%,23,8,0.00%,0.05%,100.00%,100.00%,3,2,17.65%,40.00%,"391,46 €","252,96 €",3,2
B0G39V4XR3,B00ITVQOOI,ARCOS Tenedor de Mesa Acero Inoxidable 18/10 200 mm,371600_1pieza,39,3,0.01%,0.03%,56,5,0.01%,0.03%,89.80%,100.00%,7,6,17.95%,200.00%,"34,93 €","29,94 €",3,2
B09HTPJMH5,B00MDJVVZY,Arcos Latina Cuchillo de Cocina Acero Inoxidable 155 mm,100700_1pza,42,2,0.01%,0.02%,53,5,0.01%,0.03%,97.96%,100.00%,3,0,7.14%,0.00%,"17,25 €","0,00 €",3,0
B0GDYCSPT1,B00R6JUIUK,Arcos Cuchillo Chuletero Acero Inoxidable 105 mm,100400_1pza,"2,116",46,0.45%,0.40%,"3,276",65,0.50%,0.41%,0.34%,7.14%,6,6,0.28%,13.04%,"23,94 €","23,94 €",3,3
B06XB92VRH,B00YU2ZWGG,CUPERINOX Cafetera Italiana Induccion Espresso Acero Inoxidable 10 Tazas,25034_fbm,168,4,0.04%,0.04%,239,4,0.04%,0.02%,91.71%,100.00%,3,0,1.79%,0.00%,"59,97 €","0,00 €",3,0
B093DRZ154,B017DLDM3A,Arcos Cuchillo Mondador Madera 65 mm,100100_us,"1,295",26,0.28%,0.23%,"1,936",34,0.30%,0.21%,0.42%,0.00%,9,0,0.69%,0.00%,"49,41 €","0,00 €",3,0
B088L1YKB9,B01DY481VS,HENDI Thermobox Kitchen Line - GN 1/1-80 L - 685x485x(H)360 mm,H707944,86,13,0.02%,0.11%,129,20,0.02%,0.12%,94.64%,100.00%,6,2,6.98%,15.38%,"526,50 €","175,50 €",3,1
B086X1XQXD,B06Y2B85HT,"HENDI Expositor con cubierta deslizante roll-top, Simple",H871706,157,22,0.03%,0.19%,221,31,0.03%,0.19%,83.67%,85.00%,5,2,3.18%,9.09%,"217,39 €","84,94 €",3,1
B0F5L5VJM5,B0719K21HP,Arcos Tenazas de Marisco Acero Inoxidable 185 mm,606400_,229,8,0.05%,0.07%,360,10,0.06%,0.06%,7.89%,14.29%,4,0,1.75%,0.00%,"79,96 €","0,00 €",3,0
B071LGMGHG,B071LGMGHG,Arcos Tijeras de Manicura Rectas de Acero Forjado 102 mm - Uso Profesional y Doméstico - Niqueladas Plata - Serie Style,501100,41,0,0.01%,0.00%,63,0,0.01%,0.00%,96.72%,0.00%,3,0,7.32%,0.00%,"29,97 €","0,00 €",3,0
B071VT3QQY,B071VT3QQY,"Arcos Riviera - Juego de Cuchillos de Cocina Profesional (Mondador 100 mm, Santoku 140 mm, Chef 200 mm) - Acero Inoxidable Forjado NITRUM, Mango Ergonómico Negro - 3 Piezas en Estuche",807700_fbm,133,3,0.03%,0.03%,191,7,0.03%,0.04%,89.83%,42.86%,3,0,2.26%,0.00%,"206,70 €","0,00 €",3,0
B0F1N351DY,B073V3CYRF,Arcos Cuchillo Mondador de 4 Pulgadas con Hoja de 100mm en Acero Inoxidable y Mango de Polipropileno. Cuchillos de Cocina para Pelar Apto para Lavavajillas. Serie Nova. Color Turquesa,188632_,221,2,0.05%,0.02%,257,2,0.04%,0.01%,97.01%,100.00%,3,0,1.36%,0.00%,"17,47 €","0,00 €",3,0
B07878SB8W,B07878SB8W,WINS – Fregasuelos Limpiador Amoniacal Pino 018 | Garrafa 5 L | Friegasuelos Perfumado para Suelos y Superficies Lavables | Uso General | 100% Made in Spain,WINS018,59,2,0.01%,0.02%,82,2,0.01%,0.01%,75.68%,100.00%,8,5,13.56%,250.00%,"103,12 €","64,45 €",3,1
B0DQV6381X,B079VN4MTH,CUPERINOX Jamonero de Madera Góndola Soporte para Pata y Paleta de jamón Serrano e ibérico con agarres de Metal Jamonera Economica,20200_us,333,7,0.07%,0.06%,353,7,0.05%,0.04%,99.41%,100.00%,3,0,0.90%,0.00%,"37,68 €","0,00 €",3,0
B08S87M447,B07BMGMVY4,Arcos Serie Riviera Rose - Cuchillo Cocinero - Hoja de Acero Inoxidable Forjado NITRUM 200 mm - Mango de Polioximetileno (POM) Color Rosa,233654_,64,0,0.01%,0.00%,106,0,0.02%,0.00%,100.00%,0.00%,3,1,4.69%,0.00%,"104,47 €","34,49 €",3,1
B0FR444FLT,B07C7YV74X,Arcos Manhattan Cuchillo Trinchar Acero Jamón y Carne 250 mm,161900_,143,3,0.03%,0.03%,180,5,0.03%,0.03%,99.35%,100.00%,3,0,2.10%,0.00%,"101,47 €","0,00 €",3,0
B0FR444FLT,B07D8GYFC7,"Arcos Cuchillo Chef Forjado Acero Inoxidable NITRUM - Profesional Cocina, Mango Ergonómico POM Negro, Hoja Silk Edge 150 mm, Serie Manhattan",160400_,139,5,0.03%,0.04%,210,8,0.03%,0.05%,91.05%,100.00%,3,1,2.16%,20.00%,"92,58 €","30,86 €",3,1
B085SP2NWD,B07DC4CBN7,"HENDI Caja para masa de pizza y de pan, 14L, caja de fermentación, apilable, sin tapa, apta para alimentos, recipiente contenedor porta masa alimentos, sin BPA, 600x400x(H) 75mm, HDPE",H880906,14,3,0.00%,0.03%,21,3,0.00%,0.02%,100.00%,100.00%,16,0,114.29%,0.00%,"319,84 €","0,00 €",3,0
B085SNLR5G,B07DC4H82X,"HENDI Bandeja de Servicio, Redonda, Recubrimiento Antideslizante, Multiusos, para buffets, Bandeja de Cocina para Servir Comida rápida, Bebidas, Fast Food, ⌀280x(H) 20mm, Polipropileno, Negro",H878125,152,6,0.03%,0.05%,190,9,0.03%,0.06%,99.45%,100.00%,4,1,2.63%,16.67%,"39,96 €","9,99 €",3,1
B07DC711NK,B07DC711NK,"HENDI Batidora de Mano, Carcasa de ABS, Brazo Batidor de Acero Inoxidable, Cuchillas cruzadas con Revestimiento de Titanio, 6 Velocidades, Pantalla LCD, 250W, 230V, Procesa de 1-8 Litros, ø71x(H)444mm",H222157,381,36,0.08%,0.32%,606,81,0.09%,0.50%,12.62%,23.19%,3,2,0.79%,5.56%,"321,43 €","214,29 €",3,2
B0FR444FLT,B07DFNDYFM,Arcos Cuchillo pescado Forgedole Acero Inoxidable forjado. Mango Micarta y borseda especial con Hoja plateada 190 mm. Serie Manhattan. Color negro. Impresiona yorprencon cada corte.,161400_,132,5,0.03%,0.04%,154,11,0.02%,0.07%,98.51%,100.00%,3,1,2.27%,20.00%,"75,37 €","24,69 €",3,1
B0FR444FLT,B07JJGXYZD,Arcos Set Cocina Serie Manhattan,858100_,"2,042",37,0.44%,0.33%,"2,749",56,0.42%,0.35%,98.80%,97.44%,3,0,0.15%,0.00%,"248,97 €","0,00 €",3,0
B07N8VGRZR,B07N8VGRZR,ARCOS Capri Juego Cubertería 113 Piezas Acero Plata,587200,935,22,0.20%,0.19%,"1,269",29,0.19%,0.18%,30.20%,31.25%,3,0,0.32%,0.00%,"1.137,00 €","0,00 €",3,0
B07NDV5T2F,B07NDV5T2F,Arcos Serie Brooklyn - Cuchillo Cocinero - Hoja de Acero Inoxidable Forjado NITRUM 210 mm - Mango de Micarta Color Azul (Filo Seda),190623_fbm,83,3,0.02%,0.03%,119,4,0.02%,0.02%,95.33%,100.00%,3,1,3.61%,33.33%,"137,97 €","45,99 €",3,1
B07PQS3PNH,B07PQS3PNH,"HENDI Caja de golpe de café con marco de madera, vaciado de posos de café, barra de golpeo extraíble con revestimiento de silicona, GN 1/4, 265x162x(H)100mm, madera oscura/acero inoxidable",H208380,57,7,0.01%,0.06%,76,7,0.01%,0.04%,67.69%,83.33%,4,0,7.02%,0.00%,"154,00 €","0,00 €",3,0
B0FQNZM34T,B0843SLMDX,Arcos Cuchillo Chef Acero Inoxidable. Cuchillo cocina profesional multipropósito para cortar y limpiar verduras. Mango ergonómico polioximetileno y Hoja 230 mm. Serie Opera. Color negro.,225200_fbm,104,0,0.02%,0.00%,135,0,0.02%,0.00%,74.78%,0.00%,3,0,2.88%,0.00%,"122,91 €","0,00 €",3,0
B08VS4FCLN,B08BX3WTPP,"Arcos Juego Cuchillos Cocina cuchillo blanco cuchillos | cuchillos cocina Maitre | 4 piezas | Chef 215 mm, Cocina 150 mm, Verduras 100 mm Tijera cocina (Blanco)",152624_,372,6,0.08%,0.05%,499,12,0.08%,0.07%,100.00%,100.00%,3,0,0.81%,0.00%,"104,97 €","0,00 €",3,0
B08LVZCG23,B08LVZCG23,Arcos Juego de Cuchillos de Cocina Rosa | 3 pz | Cuchillo Chef para pelar Verduras | Edición Limitada | Solidaria,814500,"3,202",38,0.68%,0.33%,"4,030",46,0.62%,0.29%,95.57%,100.00%,3,0,0.09%,0.00%,"89,97 €","0,00 €",3,0
B0CQM2K3QY,B08TWZLD4R,"Arcos Thera Olla Grande de Cocina de 32 Cm y 9,3 L. Cacerola Alta para Inducción, Gas y Vitro. Olla de Aluminio Fundido con Tapa de Cristal y Mango Extraíble. Apta Lavavajillas. Color Negro Azul",718900,422,9,0.09%,0.08%,545,10,0.08%,0.06%,68.13%,40.00%,3,0,0.71%,0.00%,"195,12 €","0,00 €",3,0
B0CQLNJVKL,B08TX24P5L,"Arcos Thera Sartén Antiadherente de 26 Cm para Inducción, Gas y Vitrocerámica. Sartén de Cocina Mediana de Aluminio Fundido con Mango Ergonómico Extraíble y Apta para Lavavajillas. Color Negro y Azul",718400,47,2,0.01%,0.02%,56,2,0.01%,0.01%,48.08%,0.00%,3,0,6.38%,0.00%,"110,85 €","0,00 €",3,0
B08ZNM265D,B08ZNM265D,Arcos | cuchillos de mesa cuchillo mesa tradicional | 6 Piezas cuchillo chuletero | mango nailon | Envase Eco | Fabricado en España,704400,311,11,0.07%,0.10%,458,21,0.07%,0.13%,92.66%,100.00%,4,0,1.29%,0.00%,"107,96 €","0,00 €",3,0
B095MKPPLC,B095MKPPLC,Desengrasante Plus Energico 5 L - VINFER - L331G05002..,VP200,18,2,0.00%,0.02%,36,2,0.01%,0.01%,66.67%,100.00%,7,0,38.89%,0.00%,"139,65 €","0,00 €",3,0
B08J488ZQG,B0987N2CBR,Arcos Juego Cuchillos Carne | 6 Piezas | Cuchillos carne cuchillo chuleteros | cubiertos acero inoxidable | Hoja 110 mm | mango monobloque | aptos lavavajillas | Caja Envase Ecológico,814000FBM,"1,899",34,0.40%,0.30%,"2,143",35,0.33%,0.22%,99.95%,100.00%,3,0,0.16%,0.00%,"83,97 €","0,00 €",3,0
B098BLF7X6,B098BLF7X6,"Tradineur - Grasera metálica para pescado con filtro, aceitera con colador para conservación de aceite de acero inoxidable, recipiente para colar aceites - Ø 9 cm",22106_us,109,1,0.02%,0.01%,129,1,0.02%,0.01%,97.54%,100.00%,3,0,2.75%,0.00%,"22,47 €","0,00 €",3,0
B0FWM351K4,B09D1V45YK,"CUPERINOX® Couture Series - Tijera Costura Profesional 16,5 cm | Acero Inoxidable Irrompible | Mango Ergonómico Antideslizante | Corte Preciso y Duradero",21951_,41,2,0.01%,0.02%,61,3,0.01%,0.02%,100.00%,100.00%,3,1,7.32%,50.00%,"21,66 €","7,22 €",3,1
B08VS4FCLN,B09HHGVG2N,"Arcos Juego Cuchillos Cocina cuchillos | Cuchillo profesional | 6 piezas | Chef 215 mm + Cocina 150 mm, Verduras 100 mm + Tijera cocina + Pelador de fruta y verdura + Pinza para pescado",854200fbm,375,8,0.08%,0.07%,474,16,0.07%,0.10%,100.00%,100.00%,4,0,1.07%,0.00%,"168,06 €","0,00 €",3,0
B08VS4FCLN,B09HHGVG2N,"Arcos Juego Cuchillos Cocina cuchillos | Cuchillo profesional | 6 piezas | Chef 215 mm + Cocina 150 mm, Verduras 100 mm + Tijera cocina + Pelador de fruta y verdura + Pinza para pescado",854200,375,8,0.08%,0.07%,474,16,0.07%,0.10%,100.00%,100.00%,5,3,1.33%,37.50%,"219,95 €","131,97 €",3,1
B09MSDJQJ1,B09MM5CH6C,Arcos jamonero profesional alveolos | incluye pinza para jamón | cuchillo jamonero cuchillo jamonero alveolos cuchillos profesional| Acero Inoxidable Nitrum 240 mm,856200FBM,154,4,0.03%,0.04%,198,4,0.03%,0.02%,97.11%,100.00%,3,0,1.95%,0.00%,"89,97 €","0,00 €",3,0
B0CRDY65RY,B09T9QCL8D,"Arcos Cazuela Antiadherente de 24 cm y 4,3 L | Aluminio Forjado | Adecuada para cualquier cocina | Mangos de Acero Inoxidable con Efecto Frío | Color Negro | Inducción completa. Serie Ollas Samoa",717010,104,2,0.02%,0.02%,141,2,0.02%,0.01%,82.95%,100.00%,3,0,2.88%,0.00%,"146,85 €","0,00 €",3,0
B0BRT1JYNQ,B0BRT1JYNQ,Arcos Riviera - Juego de Cuchillos de Cocina (Mondador + 2 Cuchillo Chef) - Acero Inoxidable Forjado NITRUM - Mango POM - Color Negro,838310,151,2,0.03%,0.02%,235,4,0.04%,0.02%,74.06%,100.00%,3,0,1.99%,0.00%,"251,97 €","0,00 €",3,0
B0C49W65HD,B0C49W65HD,Arcos Serie Nordika - Cuchillo Tomatero - Acero Inoxidable NITRUM - Hoja de 130 mm - Mango de Madera Ovengkol 100% natural de bosques certificados FSC® - Embalaje 100% reciclado,165100,46,0,0.01%,0.00%,61,0,0.01%,0.00%,92.73%,0.00%,3,0,6.52%,0.00%,"76,80 €","0,00 €",3,0
B0C49YDKL4,B0C49YDKL4,Arcos Serie Nordika - Cuchillo Usuba - Acero Inoxidable NITRUM - Hoja de 175 mm - Mango de Madera Ovengkol 100% natural de bosques certificados FSC® - Embalaje 100% reciclado,168000,74,5,0.02%,0.04%,105,7,0.02%,0.04%,93.48%,100.00%,3,0,4.05%,0.00%,"134,97 €","0,00 €",3,0
B0CTKV6X91,B0CTKV6X91,"HENDI Juego de 6 tablas de cortar HACCP con soporte, lisas, 6 colores diferentes, 6 piezas, 450x300x(H)10mm, polietileno, polipropileno",H825686,93,19,0.02%,0.17%,149,28,0.02%,0.17%,54.96%,52.00%,3,2,3.23%,10.53%,"190,97 €","129,48 €",3,2
B0DKP7F29P,B0DJC1RQ9T,"Arcos Serie Samoa Iconic | Cacerola Antiadherente Cerámico 20 cm y 2,6 L | Aluminio Forjado | Apta cualquier cocina | Mango Acero Inoxidable | Color Negro | LIBRE DE (PFOA/PTFE/PFOS)",716922,166,4,0.04%,0.04%,199,6,0.03%,0.04%,97.66%,100.00%,3,0,1.81%,0.00%,"164,85 €","0,00 €",3,0
B0DPLG5V7Q,B0DPJBBJC4,"CUPERINOX® Tazas de Café Espresso de Cristal – Set 2 80ml- Aptas para lavavajillas- Resistentes al Calor – Tazas Bonitas de Café, Té Originales y Elegantes – Aroma Series",26120_,210,5,0.04%,0.04%,269,6,0.04%,0.04%,98.05%,100.00%,3,0,1.43%,0.00%,"35,97 €","0,00 €",3,0
B0F9X4NXL3,B0F9KXQKLG,"CUPERINOX Cuchillos Mesa, cuchillo carne, cuchillo mantequilla, Set 24 piezas, acero inoxidable, hoja con filo y sierra, cuchillo untar. Apto lavavajillas. Mango ergonomico",20043-24,105,7,0.02%,0.06%,127,13,0.02%,0.08%,94.74%,45.45%,3,0,2.86%,0.00%,"56,50 €","0,00 €",3,0
B0FH9NPJ1K,B0FH9NPJ1K,VINFERMATON – Insecticida Cucarachas y Hormigas Antihormigas Instantáneo 600 ml | Spray Eliminador Insectos Rastreros Interior y Exterior | Acción Rápida Profesional | 100% MADE IN SPAIN (2),V0011_PACK2,39,2,0.01%,0.02%,68,3,0.01%,0.02%,72.41%,100.00%,3,1,7.69%,50.00%,"38,97 €","12,99 €",3,1
B0G4RSR32Y,B0G1ZPXPWR,"BIOLEAF – Quitagrasas,Desengrasante Cocina Pack 2×750 ml (1,5 L) – Antigrasa Potente Horno, Campana, Placa y Encimeras – Limpieza Profesional – Biodegradable – Sin Disruptores Endocrinos",2644,30,0,0.01%,0.00%,36,0,0.01%,0.00%,100.00%,0.00%,3,0,10.00%,0.00%,"26,97 €","0,00 €",3,0
B0044R87XM,B0044R87XM,"Arcos Cuchillo cocina laerie Kyoto - Hoja Acero Inoxidable forjado Nitrum 6"" - Mango negro polioximetileno (POM) - Elegante y duradero (7'')",178900_,83,2,0.02%,0.02%,124,3,0.02%,0.02%,99.07%,100.00%,2,0,2.41%,0.00%,"99,98 €","0,00 €",2,0
B0050G2IOU,B0050G2IOU,"HENDI Sartén eléctrica multiusos, paellera cazuela olla plancha, de fiestas, revestimiento antiadherente, termostato, con tapa, interior: ø40cm profundidad: 5cm, 230V, 1400W, ø500x(H)190mm, aluminio",H239506,118,2,0.03%,0.02%,160,3,0.02%,0.02%,71.03%,0.00%,2,0,1.69%,0.00%,"108,50 €","0,00 €",2,0
B0F1ZF7H1L,B005LR65BK,Arcos Cuchillo Negro 100 mm,230200_,701,12,0.15%,0.11%,"1,050",18,0.16%,0.11%,4.95%,8.33%,2,0,0.29%,0.00%,"39,98 €","0,00 €",2,0
B0CWLP4H3Z,B005LR76KY,ARCOS Tijeras de Cocina Acero Inoxidable 195 mm,784901_barras_arcos,635,15,0.14%,0.13%,866,20,0.13%,0.12%,0.26%,0.00%,3,0,0.47%,0.00%,"25,47 €","0,00 €",2,0
B0F54LTCFF,B006LMX2EW,Arcos Universal Cuchillo Jamonero Acero Hoja Hueca Negro 280 mm,281901_,477,8,0.10%,0.07%,648,9,0.10%,0.06%,4.99%,20.00%,3,2,0.63%,25.00%,"66,71 €","43,22 €",2,1
B0895RNY35,B007TS6HDA,ARCOS Descorazonador de Manzanas Acero Inoxidable Nitrum 75 mm,612300,20,2,0.00%,0.02%,34,4,0.01%,0.02%,24.00%,100.00%,3,1,15.00%,50.00%,"25,47 €","8,49 €",2,1
B0B3F4QXML,B008U6T7Q4,Arcos Clásica Cuchillo Santoku Forjado Acero Inoxidable Nitrum 180 mm,256600_fmb,361,7,0.08%,0.06%,463,7,0.07%,0.04%,9.50%,0.00%,2,0,0.55%,0.00%,"63,98 €","0,00 €",2,0
B008U6TRGO,B008U6TRGO,"Arcos Cuchillos mesa - Cuchillo carne Acero Inoxidable Nitrum, Hoja, mango marrón madera -erie Mesa, duradero y apto para lavavajillas (7'')",809300_1Pieza,122,4,0.03%,0.04%,164,5,0.03%,0.03%,64.03%,25.00%,5,0,4.10%,0.00%,"24,95 €","0,00 €",2,0
B0F1ZF7H1L,B00BHZPJFI,Arcos Riviera Blanc Cuchillo Chef Forjado Acero Inoxidable 150 mm,233424_,307,7,0.07%,0.06%,350,8,0.05%,0.05%,20.19%,33.33%,2,1,0.65%,14.29%,"49,30 €","22,31 €",2,1
B0F54LTCFF,B00CEKDBRS,Espátula Serie Universal 125 x 120 mm,286500,524,53,0.11%,0.47%,722,90,0.11%,0.56%,0.94%,12.00%,2,2,0.38%,3.77%,"40,98 €","40,98 €",2,2
B0B3CWSDRQ,B00CF20V2I,ARCOS Chaira Afilador Manual Acero Carbono Cromado Negro 230 mm,278100_,791,18,0.17%,0.16%,"1,131",19,0.17%,0.12%,0.50%,0.00%,3,0,0.38%,0.00%,"35,85 €","0,00 €",2,0
B0GDXY2XBY,B00D3LBPIE,Arcos Mesa Cuchillo Chuletero Serrado Acero Monoblock Plata 110 mm,809500_1pieza,221,4,0.05%,0.04%,307,5,0.05%,0.03%,24.63%,0.00%,9,0,4.07%,0.00%,"53,03 €","0,00 €",2,0
B08L7GKSLH,B00H558KK0,HENDI Placa de inducción de sobremesa profesional modelo 2000,H239230,515,12,0.11%,0.11%,759,16,0.12%,0.10%,92.07%,91.67%,2,1,0.39%,8.33%,"211,80 €","105,90 €",2,1
B0DK3GWNY4,B00IIT2A94,"HENDI Sifón de nata, con 3 boquillas diferentes, soporte para el cargador y cepillo de limpieza, para nata montada, mousses, postres, 0,5L, ø85x(H)235mm, acero inoxidable",H588017,30,4,0.01%,0.04%,43,5,0.01%,0.03%,55.81%,60.00%,3,1,10.00%,25.00%,"241,50 €","80,50 €",2,1
B0F1ZF7H1L,B00J64GEEC,Arcos Riviera Blanc Cuchillo Chef Forjado Acero Inoxidable 250 mm,233724_,168,7,0.04%,0.06%,189,9,0.03%,0.06%,64.07%,42.86%,2,1,1.19%,14.29%,"86,44 €","42,99 €",2,1
B0D1CYZT7H,B00JN2S0U8,"HENDI Escurridor de frituras, con asa robusta y recipiente extraíble para los restos, patatas fritas, ø410x(H)170mm, totalmente de acero inoxidable",H630808,190,27,0.04%,0.24%,252,42,0.04%,0.26%,54.02%,71.88%,2,1,1.05%,3.70%,"85,75 €","38,80 €",2,1
B0D1CYZT7H,B00JN2S0UI,HENDI Escurridor de patatas fritas de aluminio - Gris claro - diámetro400x(H)170 mm,H630006,53,7,0.01%,0.06%,69,9,0.01%,0.06%,90.77%,57.14%,2,0,3.77%,0.00%,"56,66 €","0,00 €",2,0
B0CKX4YV2W,B00MFLEA80,"HENDI Expositor buffet frío UNIQ 1 piso, Negro",H871805,72,7,0.02%,0.06%,104,9,0.02%,0.06%,95.56%,100.00%,2,0,2.78%,0.00%,"137,44 €","0,00 €",2,0
B00NM2X21W,B00NM2X21W,Arcos Accesorios - Prensa Ajos Prensador de Ajos - Tamaño 160 mm - Hecho de Aleación de Zinc - Color Plata,603500_,121,0,0.03%,0.00%,166,0,0.03%,0.00%,21.85%,0.00%,2,0,1.65%,0.00%,"31,98 €","0,00 €",2,0
B0F54LTCFF,B00VRWR53K,"Arcos Serie Universal, Macheta Cuchillo Carnicero, Hoja de Acero Inoxidable Nitrum 180 mm, Mango de Polioximetileno, Pom Color Negro",288100_,182,4,0.04%,0.04%,210,4,0.03%,0.02%,98.94%,0.00%,2,0,1.10%,0.00%,"79,98 €","0,00 €",2,0
B00WC9DMX4,B00WC9DMX4,ARCOS Chairas Chaira Afilador Acero Carbono Cromado Negro 300 mm,279010,88,4,0.02%,0.04%,162,5,0.02%,0.03%,19.86%,0.00%,2,0,2.27%,0.00%,"58,98 €","0,00 €",2,0
B00WUZR7H2,B00WUZR7H2,Arcos Serie Cuchillos de Mesa - Cuchillo Mesa - Hoja Serrada de Acero Inoxidable de 125 mm - Cuchillo Monoblock Acero Inoxidable Color Plata,460400_1pieza,107,6,0.02%,0.05%,142,6,0.02%,0.04%,100.00%,100.00%,10,0,9.35%,0.00%,"45,52 €","0,00 €",2,0
B0F1ZF7H1L,B017DEWUDK,Arcos Cuchillo Acero Inoxidable 300 mm,233824_,126,6,0.03%,0.05%,157,7,0.02%,0.04%,85.21%,60.00%,2,1,1.59%,16.67%,"119,98 €","59,99 €",2,1
B0F1ZF7H1L,B017DLG3AE,Arcos Cuchillo de Cocina Acero Inoxidable 140 mm,233224_,134,3,0.03%,0.03%,172,5,0.03%,0.03%,45.39%,50.00%,3,0,2.24%,0.00%,"83,97 €","0,00 €",2,0
B017DLM9SO,B017DLM9SO,ARCOS Tenedores para Tartas Acero Inoxidable 18/10 140 mm,574300_fba,840,34,0.18%,0.30%,"1,326",43,0.20%,0.27%,1.49%,13.79%,2,1,0.24%,2.94%,"19,98 €","9,99 €",2,1
B019H2J21O,B019H2J21O,"Cuperinox 22531, Flanero Inoxidable 18cm con tapa",22531_us,75,1,0.02%,0.01%,101,1,0.02%,0.01%,98.94%,100.00%,2,0,2.67%,0.00%,"17,98 €","0,00 €",2,0
B0CKX4YV2W,B01BNH5B5M,"HENDI Expositor buffet frío UNIQ 2 pisos, Negro",H871812,79,14,0.02%,0.12%,106,15,0.02%,0.09%,85.42%,100.00%,2,1,2.53%,7.14%,"289,90 €","144,95 €",2,1
B01DY57HXU,B01DY57HXU,"HENDI Combustible líquido, lata, con mecha, 24 unidades, sin hollín y sin olor, tiempo de combustión 6 horas, dietilenglicol puro, para calentadores de alimentos, calientaplatos, chafing dish, 200 gr",H193938,19,2,0.00%,0.02%,25,4,0.00%,0.02%,100.00%,100.00%,2,0,10.53%,0.00%,"108,50 €","0,00 €",2,0
B0752X1Z92,B01KZWSCSE,ARCOS Mochila para 9 Cuchillos de Cocina en Poliéster y PVC. Bolsa Portacuchillos Profesional para Almacenar y Transportar Utensilios de Cocina. 330 x 480 x 185 Mm. Color Negro,694900,156,2,0.03%,0.02%,238,3,0.04%,0.02%,88.06%,100.00%,2,0,1.28%,0.00%,"129,80 €","0,00 €",2,0
B07TXLLGJX,B06XRYBCZQ,HENDI Placa de inducción de sobremesa profesional 3500 D XL,H239698,154,10,0.03%,0.09%,225,10,0.03%,0.06%,30.85%,12.50%,2,0,1.30%,0.00%,"660,00 €","0,00 €",2,0
B0CQP7T8M6,B06XYJMT4R,"HENDI Sartén de freír pescado, oval, fondo de inducción, apto para todas las fuentes de calor y hornos hasta 260 °C, recubrimiento antiadherente, base 185 mm, 280x400x(h) 55 mm, aluminio",H627716,29,0,0.01%,0.00%,41,0,0.01%,0.00%,74.36%,0.00%,2,0,6.90%,0.00%,"109,00 €","0,00 €",2,0
B0B3F4QXML,B071VT3MKC,Arcos Clásica Cuchillo Cocinero Forjado Acero Inoxidable Nitrum 210 mm,255101_,91,1,0.02%,0.01%,103,1,0.02%,0.01%,97.47%,0.00%,2,0,2.20%,0.00%,"67,50 €","0,00 €",2,0
B077V7LJJM,B077V7LJJM,"Arcos Serie Riviera, Set Jamonero de 3 piezas, 1 Cuchillo Jamonero + 1 Deshuesador + 1 Chaira, Hoja de Acero Inoxidable Forjado Nitrum, Mango de Polioximetileno, POM, Color Negro",_806911_,72,3,0.02%,0.03%,90,4,0.01%,0.02%,83.13%,100.00%,2,0,2.78%,0.00%,"139,98 €","0,00 €",2,0
B07882914Y,B07882914Y,Wins - Limpiador Suelos y Superficies Concentrado Amoniacal Pino 021 - Garrafa 5L,WINS021,31,2,0.01%,0.02%,38,3,0.01%,0.02%,91.67%,100.00%,3,1,9.68%,50.00%,"43,46 €","14,48 €",2,1
B09JPSTVBC,B07B8MQZTW,Arcos Serie Riviera Rose - Cuchillo Mondador - Hoja de Acero Inoxidable Forjado NITRUM 100 mm - Mango de Polioximetileno (POM) Color Rosa,230254_,109,1,0.02%,0.01%,144,1,0.02%,0.01%,98.43%,100.00%,2,1,1.83%,100.00%,"49,98 €","24,99 €",2,1
B07CZP72RF,B07CZP72RF,"HENDI Horno de Convección Profesional H90S con Humidificación manual, 2670W, incl. 4 Bandejas de Aluminio, 2 Ventiladores, 50-300°C, Puerta Doble Cristal, 230V, 595x595x(H)570mm, Acero Inoxidable",H227077,112,11,0.02%,0.10%,148,21,0.02%,0.13%,93.89%,75.00%,2,2,1.79%,18.18%,"1.263,93 €","1.263,93 €",2,2
B07D5FFJ36,B07D5FFJ36,"HENDI Bandeja de Servicio Ovalada XL, Superficie Antideslizante, 735x600x(H) 31mm, Negro, Fibra de Vidrio y Goma",H508831,40,3,0.01%,0.03%,58,3,0.01%,0.02%,81.25%,100.00%,2,0,5.00%,0.00%,"99,98 €","0,00 €",2,0
B086WYMVKJ,B07D7NHQVR,"HENDI Soporte expositor para pan de sobremesa GN 1/2, 2 niveles, con 2 cestas para bufé, 360x280x(H) 290mm, polipropileno",H561201,118,15,0.03%,0.13%,175,18,0.03%,0.11%,44.59%,68.75%,5,5,4.24%,33.33%,"177,65 €","177,65 €",2,2
B0FR444FLT,B07D8XC7NL,"Arcos Cuchillo Chef Forjado Acero Inoxidable NITRUM - Profesional Cocina, Mango Ergonómico POM Negro, Hoja Silk Edge 250 mm, Serie Manhattan",160800_,145,1,0.03%,0.01%,177,2,0.03%,0.01%,96.82%,0.00%,2,0,1.38%,0.00%,"87,73 €","0,00 €",2,0
B0CTHQG9QZ,B07DB3C9JY,"HENDI Recipiente Gastronorm GN 1/1 con asas, Budget Line, resistencia térmica -40 °C a 250 °C, apto para horno y baño maría, 28L, 530x325x(H) 200mm, acero inoxidable",H817155,14,3,0.00%,0.03%,15,3,0.00%,0.02%,78.57%,50.00%,2,1,14.29%,33.33%,"69,98 €","34,99 €",2,1
B07DC7J5XN,B07DC7J5XN,"HENDI Bandeja GN 1/1, recubrimiento antiadherente de mármol, recipiente CONVECTOMAT CLASSIC, contenedor GN, resistente hasta 300°C, apta para hornos, 530x325x(H) 60mm, acero esmaltado",H890233,16,3,0.00%,0.03%,18,5,0.00%,0.03%,100.00%,100.00%,4,1,25.00%,33.33%,"219,98 €","47,51 €",2,1
B07DFK4T6L,B07DFK4T6L,"Arcos Cuchillo Deshuesador Profesional - Hoja Silk Edge Acero Inoxidable Nitrum 160 mm, Precisión y Durabilidad, Mango Ergonómico POM Negro, Serie Manhattan",162600_,65,2,0.01%,0.02%,110,3,0.02%,0.02%,95.88%,0.00%,2,0,3.08%,0.00%,"55,50 €","0,00 €",2,0
B0B8Z4CJBC,B07F2YVB15,"Arcos Juego Cuchillos Pelar Acero Inoxidable Nitrum 4""",136500_2,614,15,0.13%,0.13%,894,18,0.14%,0.11%,71.03%,27.27%,2,0,0.33%,0.00%,"38,48 €","0,00 €",2,0
B07F8Z6XL1,B07F8Z6XL1,VINFERMATÓN - Insecticida Matón Cucas Cucarachas y Hormigas Instantáneo 300ml,V101302,46,4,0.01%,0.04%,62,4,0.01%,0.02%,28.81%,0.00%,5,0,10.87%,0.00%,"39,45 €","0,00 €",2,0
B0DN1W6N4N,B07GQ354HR,"HENDI Jarra, para batidoras licuadoras HENDI 230718-230695-230688-230213-230602-230664, 2,5L, juego completo: cuchillas-jarra-tapas, batidos-cócteles-postres, 200x170x(H)360mm, policarbonato",H943489,15,4,0.00%,0.04%,25,8,0.00%,0.05%,42.11%,50.00%,2,2,13.33%,50.00%,"199,98 €","199,98 €",2,2
B07H1S3VRW,B07H1S3VRW,"Wins 005 Limpiador Fregasuelos Neutro, Aroma Cítrico, 5 L",WINS005,17,2,0.00%,0.02%,20,3,0.00%,0.02%,94.74%,100.00%,3,2,17.65%,100.00%,"31,99 €","21,00 €",2,1
B07MMFPNLK,B07MMFPNLK,"HENDI Placa eutéctica de Calor Profesional, GN 1/1, para Cajas térmicas, Elemento Calefactor, acumulador de Calor, Bloque térmico, Placa Caliente, 530x325x(H) 30mm, HDPE, Rojo",H707845,9,1,0.00%,0.01%,12,3,0.00%,0.02%,66.67%,100.00%,4,3,44.44%,300.00%,"205,00 €","153,75 €",2,1
B0FR444FLT,B07N8V34F1,"Arcos Cuchillo Santoku Acero Inoxidable Forjado con Balanceo, Mango Micarta y BorSeda Especial y Hoja Plateada 190 mm. Impresiona yorprencon Cada Corte. Serie Brooklyn. Color Azul.",191623_,347,5,0.07%,0.04%,382,5,0.06%,0.03%,93.54%,50.00%,2,0,0.58%,0.00%,"89,98 €","0,00 €",2,0
B0FR444FLT,B07N8V3SNH,"Arcos Cuchillo Tomate Forjado Acero Inoxidable 130 mm - Mango Ergonómico POM Negro, Borde Serrado para Rebanadas Perfectas - Serie Manhattan, Calidad Profesional",162000_,569,12,0.12%,0.11%,629,15,0.10%,0.09%,96.06%,100.00%,2,0,0.35%,0.00%,"47,28 €","0,00 €",2,0
B0FR444FLT,B07N8V5DY8,Arcos Cuchillo trinchar forjado | Cuchillo jamonero Acero Inoxidable. Cuchillo cocina profesional cocinar. Mango micarta y borseda especial y Hoja plateada 300 mm. Serie Brooklyn. Color azul.,192323_,290,11,0.06%,0.10%,345,12,0.05%,0.07%,99.35%,100.00%,2,0,0.69%,0.00%,"94,75 €","0,00 €",2,0
B0FY5CB86K,B07N8WHPP7,"Arcos Lira de Queso Profesional - Corte Preciso para Quesos - Estructura y Mango de Acero Inoxidable, 210 mm - Herramienta de Cocina Esencial, Color Gris",795100,32,2,0.01%,0.02%,36,2,0.01%,0.01%,94.12%,100.00%,2,1,6.25%,50.00%,"46,28 €","22,95 €",2,1
B07S8PHLKH,B07S8PHLKH,Arcos Nova Set 6 Cuchillos Chuleteros Acero Inoxidable 110 mm,806100_fba,65,3,0.01%,0.03%,89,3,0.01%,0.02%,75.00%,0.00%,2,0,3.08%,0.00%,"34,45 €","0,00 €",2,0
B0FQNZM34T,B0843DFWRQ,"Arcos Cuchillo Chef Acero Inoxidable. Cuchillo cocina profesional cortar carne, pescado, aves, frutas y verduras. Mango ergonómico polioximetileno y Hoja 140 mm. Serie Opera. Color negro.",224900_fbm,108,1,0.02%,0.01%,160,1,0.02%,0.01%,70.54%,100.00%,2,0,1.85%,0.00%,"49,16 €","0,00 €",2,0
B0857QG39T,B0857QG39T,"HENDI Placa eutéctica de frío profesional, GN 1/1, para cajas térmicas, elemento refrigerante, acumulador de frío, bloque térmico, de enfriamiento, placa de hielo, 530x325x(H) 30mm, HDPE, blanco",H707753,46,6,0.01%,0.05%,59,10,0.01%,0.06%,87.72%,88.89%,11,10,23.91%,166.67%,"371,25 €","337,50 €",2,1
B08KGNLTBJ,B0857QX9VN,"HENDI Hervidor de agua eléctrico 16L, dispensador de bebidas calientes, termo de una pared para vino, té, hasta 100°C, 230V, 50/60Hz, 1650W, 357x380x(H)502mm, acero inoxidable satinado, PP",H211427,14,4,0.00%,0.04%,17,4,0.00%,0.02%,87.50%,100.00%,2,1,14.29%,25.00%,"239,50 €","119,75 €",2,1
B08VS4FCLN,B08CY5ZRD7,"Arcos Serie Maitre - Juego Cuchillo de cocina 4 piezas, (3 cuchillos + 1 tijeras) Hoja de Acero Inoxidable NITRUM 80 mm, Mango Polipropileno Negro",152610,132,0,0.03%,0.00%,151,0,0.02%,0.00%,97.12%,0.00%,2,0,1.52%,0.00%,"79,98 €","0,00 €",2,0
B08WR6CHHN,B08JC8DSP6,Arcos Cuchillos Chuleteros cuchillos chuleteros acero inoxidable filo liso juego cuchillos chuleteros | 6 PZAS cuchillo chuletero | Hoja 110 mm |cuchillos carne Envase Eco,815800,47,2,0.01%,0.02%,70,5,0.01%,0.03%,100.00%,100.00%,2,0,4.26%,0.00%,"79,98 €","0,00 €",2,0
B08TLR4Z27,B08M3DQFHM,Arcos jamonero Profesional | Cuchillo jamonero jamonero Inoxidable Nitrum | Mango Negro | Cuchillo Jamon iberico | Serie Maitre| Hoja Flexible y Filo Liso | 275 mm | Acero Inoxidable NITRUM,151210_fbm,154,1,0.03%,0.01%,213,1,0.03%,0.01%,98.95%,0.00%,2,0,1.30%,0.00%,"30,20 €","0,00 €",2,0
B08PFX1GT8,B08PFX1GT8,WINS – Fregasuelos Magnolia 017 |Friegasuelos Limpiador Neutro para Suelos y Superficies | Garrafa 5L | Aroma Magnolia Suave y Duradero | Uso Diario Profesional | 100% Made in Spain,WINS017,37,0,0.01%,0.00%,52,0,0.01%,0.00%,97.87%,0.00%,2,0,5.41%,0.00%,"20,98 €","0,00 €",2,0
B08T5Z4HFS,B08QYQYZHS,"CUPERINOX Cubiertos para marisco | Pinzas para marisco | Tenazas para marisco | 12 Unidades | Cubiertos marisco (Cangrejo, Langosta, Ostras) | Tenedor de marisco con dos dientes inferiores y cuchara.",20023_12pzs,52,4,0.01%,0.04%,80,11,0.01%,0.07%,100.00%,100.00%,4,2,7.69%,50.00%,"74,82 €","36,84 €",2,1
B0CQLQ57BT,B08TWZGJ69,"Arcos Cazo Antiadherente 20 cm Aluminio Fundido para Todo Tipo de Cocinas, Mango Ergonómico, Ahorro Energético, Apto Lavavajillas, Negro/Azul, Serie Thera",719200,149,3,0.03%,0.03%,212,3,0.03%,0.02%,41.53%,0.00%,2,0,1.34%,0.00%,"59,98 €","0,00 €",2,0
B0CQLNJVKL,B08TWZWRLW,"Arcos Thera Sartén Antiadherente de 24 Cm para Inducción, Gas y Vitrocerámica. Sartén de Cocina Mediana de Aluminio Fundido con Mango Ergonómico Extraíble y Apta para Lavavajillas. Color Negro y Azul",718300,34,1,0.01%,0.01%,39,1,0.01%,0.01%,54.29%,100.00%,2,0,5.88%,0.00%,"67,90 €","0,00 €",2,0
B08TLR4Z27,B095C22QFS,Arcos jamonero Profesional | Cuchillo jamonero jamonero Inoxidable Nitrum | Mango Negro | Cuchillo Jamon iberico | Serie Maitre| Hoja Flexible y Filo Liso | 275 mm | Acero Inoxidable NITRUM,151811,125,1,0.03%,0.01%,167,1,0.03%,0.01%,98.74%,0.00%,2,0,1.60%,0.00%,"39,98 €","0,00 €",2,0
B08TLR4Z27,B095C22QFS,Arcos jamonero Profesional | Cuchillo jamonero jamonero Inoxidable Nitrum | Mango Negro | Cuchillo Jamon iberico | Serie Maitre| Hoja Flexible y Filo Liso | 275 mm | Acero Inoxidable NITRUM,151811FBM,125,1,0.03%,0.01%,167,1,0.03%,0.01%,98.74%,0.00%,2,0,1.60%,0.00%,"39,98 €","0,00 €",2,0
B09DPRCMTF,B0987MG3JQ,Arcos Juego Cuchillos Carne | Cuchillo chuleteros | Cuchillos Carne Cuchillos Mesa | 6 Uds | Hoja 110 mm | Acero Inoxidable | Mango Nylon | Apto lavavajillas | Envase Ecológico (Filo Liso),814200_fba,118,3,0.03%,0.03%,175,4,0.03%,0.02%,100.00%,100.00%,2,0,1.69%,0.00%,"38,98 €","0,00 €",2,0
B09F9KVBDX,B09F9KVBDX,Arcos Nova Juego 8 Cuchillos Mesa Acero Crema 105 mm,705300,20,2,0.00%,0.02%,22,2,0.00%,0.01%,50.00%,100.00%,2,2,10.00%,100.00%,"33,98 €","33,98 €",2,2
B06XB92VRH,B09LYXZKTZ,CUPERINOX Deluxe Cafetera Italiana Induccion Espresso Inoxidable 4 Tazas,25051FBM,154,4,0.03%,0.04%,202,4,0.03%,0.02%,66.30%,100.00%,2,0,1.30%,0.00%,"36,10 €","0,00 €",2,0
B06XB92VRH,B09LYZ5G5S,CUPERINOX Deluxe Cafetera Italiana Induccion Espresso Inoxidable 6 Tazas,25052,60,1,0.01%,0.01%,88,1,0.01%,0.01%,100.00%,0.00%,2,0,3.33%,0.00%,"63,98 €","0,00 €",2,0
B06XB92VRH,B09LZ2VHYP,CUPERINOX Deluxe Cafetera Italiana Induccion Espresso Inoxidable 10 Tazas,25053FBM,104,5,0.02%,0.04%,117,6,0.02%,0.04%,100.00%,0.00%,2,0,1.92%,0.00%,"69,98 €","0,00 €",2,0
B0DK3JR7C3,B09S5T6MJL,"HENDI Mezclador Profesional de Bebidas, Aireador/Batidor de Bebidas Ligeras, Frappés, Capuchinos Fríos, Drink Mixer, Incluye 2 Vasos y 4 Agitadores, 230V/400W, 170x196x(H)490mm, Caramelo",H221624,47,4,0.01%,0.04%,70,6,0.01%,0.04%,88.14%,60.00%,3,0,6.38%,0.00%,"449,25 €","0,00 €",2,0
B0CRDWK8V7,B09T9QY59F,"Arcos Samoa Cazo Antiadherente Aluminio Forjado 20 cm 2,6 L",717310,78,3,0.02%,0.03%,133,4,0.02%,0.02%,33.90%,100.00%,3,0,3.85%,0.00%,"113,85 €","0,00 €",2,0
B09WYYY5MD,B09WYYY5MD,Arcos Nordika Cuchillo para Queso Acero Inoxidable Nitrum 125 mm,166100_us,41,1,0.01%,0.01%,55,1,0.01%,0.01%,94.00%,0.00%,2,0,4.88%,0.00%,"52,98 €","0,00 €",2,0
B0DNBTJMLJ,B09ZHZDJRJ,FAMILIA VINCARE (DETERGENTE BIBERONES),DETERGENTE BIBERONES 500ML,54,6,0.01%,0.05%,71,7,0.01%,0.04%,45.31%,66.67%,2,0,3.70%,0.00%,"15,98 €","0,00 €",2,0
B0FWK4CNH3,B0B42QTHTP,CUPERINOX | Tijeras de pescado 18 cm | Tijeras Cocina | tijeras de cocinero profesional para aves pescado carne caza| Accesorios de cocina,21991_,39,1,0.01%,0.01%,65,1,0.01%,0.01%,100.00%,0.00%,2,0,5.13%,0.00%,"12,50 €","0,00 €",2,0
B0BS9ZL3YS,B0BS9ZL3YS,Xpartan Clean | 500 ml | Limpiador de Suelos Multisuperficie para Robots de Limpieza | Concentrado y Perfumado para todo tipo de Robots y Marcas,XPARTAN,47,0,0.01%,0.00%,60,0,0.01%,0.00%,89.83%,0.00%,2,0,4.26%,0.00%,"31,98 €","0,00 €",2,0
B0DFQ7Y1G8,B0DFQ7Y1G8,Arcos Afiladores - Afilador Eléctrico de Cuchillos de Cocina - Hecho de ABS Color Blanco (Rodillos con recubrimiento de diamante),603900,123,9,0.03%,0.08%,192,16,0.03%,0.10%,99.40%,100.00%,2,1,1.63%,11.11%,"579,90 €","289,95 €",2,1
B0DG2MS2G9,B0DG2MS2G9,"HENDI Cesta de asar para patatas fritas, GN1/1, CONVECTOMAT, para hornos, fondo ondulado, resiste hasta 200°C, bandeja para horno, cesta para freír, 530x325x(H)40mm, acero inoxidable",H808818,19,5,0.00%,0.04%,22,6,0.00%,0.04%,72.73%,80.00%,5,1,26.32%,20.00%,"230,46 €","39,46 €",2,1
B0DKP68T32,B0DJBYWJB7,Arcos Serie Eclipse - Cuchillo de Chef - Hoja de Acero Inoxidable Forjado con Filo Seda Plus de 200 mm - Pulido Brillo Especial - Mango Acrílico - Color Negro,213500_,153,4,0.03%,0.04%,227,6,0.03%,0.04%,82.61%,25.00%,2,0,1.31%,0.00%,"147,98 €","0,00 €",2,0
B0DKP7F29P,B0DJBYWWVM,"Arcos Serie Samoa Iconic | Cacerola Antiadherente Cerámico 24 cm y 4,3 L | Aluminio Forjado | Apta cualquier cocina | Mango Acero Inoxidable | Color Negro | LIBRE DE (PFOA/PTFE/PFOS)",717022,176,4,0.04%,0.04%,209,6,0.03%,0.04%,89.50%,100.00%,2,1,1.14%,25.00%,"107,15 €","52,20 €",2,1
B0DKP7F29P,B0DJBZ81XL,"Arcos Serie Samoa Iconic | Cacerola Baja Antiadherente Cerámico 28 cm y 4,3 L | Aluminio Forjado | Apta cualquier cocina | Mango Acero Inoxidable | Color Negro | LIBRE DE (PFOA/PTFE/PFOS)",717122,167,8,0.04%,0.07%,205,12,0.03%,0.07%,89.01%,100.00%,2,0,1.20%,0.00%,"142,25 €","0,00 €",2,0
B0DKP7F29P,B0DJBZK9SX,"Arcos Serie Samoa Iconic | Cazo Antiadherente Cerámico 16 cm y 1,5 L | Aluminio Forjado | Apta cualquier cocina | Mango Acero Inoxidable | Color Negro | LIBRE DE (PFOA/PTFE/PFOS)",717222,136,6,0.03%,0.05%,164,6,0.03%,0.04%,99.25%,100.00%,2,0,1.47%,0.00%,"65,22 €","0,00 €",2,0
B0DTKB63SV,B0DTKB63SV,"HENDI Batidora de mano, con cable en espiral, brazo batidor: 225mm, velocidad variable: 8500 a 16500 RPM, procesa hasta 3L, batidora de inmersión, ø65x(H)425mm, 220V/1000W, acero inoxidable, ABS",H221181,98,11,0.02%,0.10%,144,13,0.02%,0.08%,95.35%,90.91%,2,1,2.04%,9.09%,"199,00 €","99,50 €",2,1
B0FGDGV4V4,B0FGDGV4V4,VINFERMATON – Insecticida Mosquitos y Moscas Casa y Terrazas Pack 2×600 ml | Spray Eliminador Insectos Voladores Interior y Exterior | Acción Inmediata Profesional | 100% MADE IN SPAIN,V1612_PACK2,22,2,0.00%,0.02%,27,4,0.00%,0.02%,95.65%,100.00%,2,2,9.09%,100.00%,"29,98 €","29,98 €",2,2
B0DKP7F29P,B0FS7VJ21D,"Arcos Sartén Samoa Inox 26 cm, Acero inoxidable tricapa libre de PFAS",726400,192,6,0.04%,0.05%,262,6,0.04%,0.04%,78.71%,100.00%,2,0,1.04%,0.00%,"85,90 €","0,00 €",2,0
B0G3ZJ89NB,B0FZD7ZY1W,CUPERINOX Cuchillo Jamonero Profesional 25 cm – Hoja Alveolada de Acero Inoxidable Antideslizante con Mango Ergonómico – Corte Preciso y Fino para Jamón y Paletilla| Maestros del Corte,19305,153,1,0.03%,0.01%,210,2,0.03%,0.01%,100.00%,100.00%,2,0,1.31%,0.00%,"39,98 €","0,00 €",2,0
B0G4RSR32Y,B0G21WF1RQ,"BIOLEAF – Desengrasante Cocina Antigrasa Pack 4×750 ml (3 L) | Elimina Grasa Difícil en Encimeras, Hornos y Campanas | Sin Disruptores Endocrinos | Fórmula Biodegradable| 100% HECHO EN ESPAÑA",3481,91,1,0.02%,0.01%,101,1,0.02%,0.01%,100.00%,100.00%,2,2,2.20%,200.00%,"37,98 €","37,98 €",2,2
B0G4SGJSBJ,B0G25S6KJ7,BIOLEAF – Desincrustante Baños Antical Pack 8×750 ml (6 L) | Limpieza Profesional Lavabos Ducha y Bañera | Brillo Inmediato | Biodegradable y Dermatológicamente Testado,3795,100,2,0.02%,0.02%,110,2,0.02%,0.01%,98.13%,100.00%,2,0,2.00%,0.00%,"59,98 €","0,00 €",2,0
B0G65J8F3L,B0G25V4VFF,BIOLEAF– Multiusos Brillo Duradero Pack 8×750 ml (6 L) | Limpieza Muebles y Superficies | Anti-polvo | Biodegradable y Dermatológicamente Testado,3818,62,2,0.01%,0.02%,69,2,0.01%,0.01%,100.00%,100.00%,3,0,4.84%,0.00%,"83,97 €","0,00 €",2,0
B0G2D49KKR,B0G2D49KKR,VINFER-WINS 010|Ambientador Floral| Pack Ahorro: Garrafa 5L + Concentrado 250 ml | Rinde 10 Litros Totales | Fragancia Elegante y Duradera para Todos los Espacios | 100% Made in Spain,WC010+010,35,1,0.01%,0.01%,42,1,0.01%,0.01%,100.00%,100.00%,2,0,5.71%,0.00%,"39,98 €","0,00 €",2,0
B0B3F4QXML,B000Q8UYRK,Arcos Cuchillo Jamonero Acero Inoxidable Forjado Nitrum 300 mm,256800_fbm,117,5,0.02%,0.04%,138,5,0.02%,0.03%,40.83%,60.00%,1,0,0.85%,0.00%,"29,99 €","0,00 €",1,0
B017HKG9PK,B0044R87YQ,Arcos Cuchillo para Maitre Negro 100 mm,150500_pp,801,16,0.17%,0.14%,"1,135",21,0.17%,0.13%,0.39%,0.00%,1,0,0.12%,0.00%,"9,95 €","0,00 €",1,0
B017HKG9PK,B0044R87ZU,Arcos Cuchillo Cocina Acero Inoxidable Nitrum y Hoja 180 mm. Cuchillo Utilidad Profesional. Mango ergonómico polioximetileno Pom. Serie Maitre. Color Negro.,150800_fbm,409,4,0.09%,0.04%,528,4,0.08%,0.02%,0.22%,100.00%,1,0,0.24%,0.00%,"13,25 €","0,00 €",1,0
B0F54LTCFF,B0044R884U,Arcos Universal Cuchillo Santoku Acero POM Negro 170 mm,286004_us,542,19,0.12%,0.17%,793,19,0.12%,0.12%,5.34%,10.00%,1,0,0.18%,0.00%,"23,75 €","0,00 €",1,0
B0752XP113,B0044R886S,Arcos Conjunto carne con Hoja Acero Inoxidable Nitrum y mm. Mango ergonómico polioximetileno POM. Serie Mesa. Los bordeserrados los hacen perfectos cortar y picar carnes. Color plateado.,378000_,153,3,0.03%,0.03%,175,4,0.03%,0.02%,52.29%,100.00%,1,0,0.65%,0.00%,"41,99 €","0,00 €",1,0
B00509FC90,B00509FC90,"HENDI Baño María eléctrico, con grifo, sistema de calentamiento al baño María, temperatura regulable 30°C a 85°C, 1x GN 1/1, 2x GN 1/2, 3x GN 1/3, 19L, 230V, 1000W, 605x332x(H)242mm, acero inoxidable",H238912,45,9,0.01%,0.08%,63,10,0.01%,0.06%,46.55%,75.00%,2,2,4.44%,22.22%,"302,50 €","302,50 €",1,1
B0BLGK8VPQ,B0050GD02Y,HENDI Cocina de inducción modelo 3500 M - Kitchen Line - 230V / 3500W - 327x425x(H)100 mm,H239780,22,5,0.00%,0.04%,32,6,0.00%,0.04%,68.97%,100.00%,2,2,9.09%,40.00%,"479,50 €","479,50 €",1,1
B0CL3H7NJC,B0050HJJVO,"HENDI Parrilla Eléctrica de Contacto Doble, Grill/Plancha Panini y Sandwichera Profesional, Placas Acanaladas y Lisas de Hierro Fundido Esmaltado, 230V, 3600W, 570x375x(H)216mm, Acero Inoxidable",H263808,17,0,0.00%,0.00%,25,0,0.00%,0.00%,95.65%,0.00%,1,0,5.88%,0.00%,"384,00 €","0,00 €",1,0
B0050I562Y,B0050I562Y,"HENDI Cafetera de goteo, eléctrica, para café molido de filtro, incluye 100 filtros de papel y 2 jarras de vidrio de 1,8L, cafetera de filtro, 230V, 1400W, 383x220x(H) 465mm, acero inoxidable",H208304,7,2,0.00%,0.02%,14,6,0.00%,0.04%,90.00%,100.00%,1,1,14.29%,50.00%,"269,95 €","269,95 €",1,1
B0F1ZF7H1L,B005LR6E0C,Arcos Cuchillo Cocinero Acero Inoxidable Negro 150 mm,233400_,646,7,0.14%,0.06%,875,7,0.13%,0.04%,17.25%,0.00%,1,0,0.15%,0.00%,"26,99 €","0,00 €",1,0
B0F1ZF7H1L,B005LR6GE6,Arcos Cuchillo Cocinero Negro 250 mm,233700_,"1,133",30,0.24%,0.26%,"1,486",33,0.23%,0.21%,25.31%,4.55%,1,0,0.09%,0.00%,"43,45 €","0,00 €",1,0
B0G39YHQ3Y,B005LR6ZJM,Arcos Cuchillo Verduras Acero Inoxidable 110 mm,135200,386,21,0.08%,0.18%,612,35,0.09%,0.22%,3.38%,0.00%,1,0,0.26%,0.00%,"7,99 €","0,00 €",1,0
B017HKFNO8,B005LR6ZZ6,Arcos Niza Cuchillo de Cocina Acero Inoxidable 150 mm,135300,35,2,0.01%,0.02%,49,2,0.01%,0.01%,38.30%,0.00%,1,0,2.86%,0.00%,"9,99 €","0,00 €",1,0
B06XWF2YLW,B005LR71GI,Arcos Cuchillo Cocinero 200 mm,135800,269,5,0.06%,0.04%,392,6,0.06%,0.04%,0.88%,50.00%,2,2,0.74%,40.00%,"20,50 €","20,50 €",1,1
B0752NT3TH,B005LR77UI,ARCOS Tijeras de Cocina Acero Inoxidable 215 mm,185400,510,20,0.11%,0.18%,641,37,0.10%,0.23%,2.74%,0.00%,1,0,0.20%,0.00%,"17,49 €","0,00 €",1,0
B017HKR8WS,B005LR7EP6,ARCOS Afilador de Cuchillos Profesional ABS,610000_,"7,287",176,1.55%,1.55%,"9,930",280,1.52%,1.75%,16.42%,20.00%,1,0,0.01%,0.00%,"67,75 €","0,00 €",1,0
B07BDVL8SH,B007TS679O,Arcos Universal Cuchillo Pelar Remaches Acero POM Negro 3 pulg,281004_pp,30,3,0.01%,0.03%,48,3,0.01%,0.02%,66.67%,66.67%,1,0,3.33%,0.00%,"11,99 €","0,00 €",1,0
B0F54LTCFF,B007TS67OO,Arcos Cuchillo Chef Acero Inoxidable 200 mm,284804,781,19,0.17%,0.17%,949,20,0.15%,0.12%,5.24%,0.00%,1,0,0.13%,0.00%,"19,75 €","0,00 €",1,0
B00YTW5C8U,B007TS696U,Arcos Colour Prof Cuchillo Carnicero Acero Inoxidable Nitrum 160 mm,241500,36,1,0.01%,0.01%,51,1,0.01%,0.01%,6.12%,0.00%,1,0,2.78%,0.00%,"15,49 €","0,00 €",1,0
B007TS6HNA,B007TS6HNA,ARCOS Rallador de Queso Profesional Acero Inoxidable 130 mm,613800,109,1,0.02%,0.01%,160,7,0.02%,0.04%,0.00%,0.00%,1,0,0.92%,0.00%,"9,29 €","0,00 €",1,0
B0B3F4QXML,B008U6TDTK,Arcos Serie Clasica - Juego de Cuchillos de 5 piezas en Caja de Regalo (5 Cuchillos) - Hoja de Acero Inoxidable Forjado NITRUM - Mando de Polioximetileno (POM) - Bloque de madera color marrón acabado lacado,257000,593,8,0.13%,0.07%,807,14,0.12%,0.09%,46.52%,0.00%,1,0,0.17%,0.00%,"119,99 €","0,00 €",1,0
B0F1ZF7H1L,B00BHZPHOG,Arcos Riviera Blanc Cuchillo Panero Acero Inoxidable Nitrum 200 mm,231324_,181,5,0.04%,0.04%,223,7,0.03%,0.04%,13.27%,50.00%,1,1,0.55%,20.00%,"24,74 €","24,74 €",1,1
B00BQU1CN2,B00BQU1CN2,"HENDI Dispensador de Bebidas Calientes Eléctrico, Doble Pared, Termostato Regulable hasta 110°C, 9L, 230V, 2200W, 322x390x(H)522mm, Acero Inoxidable",H211403,9,0,0.00%,0.00%,12,0,0.00%,0.00%,100.00%,0.00%,1,0,11.11%,0.00%,"144,50 €","0,00 €",1,0
B00BQU1IAY,B00BQU1IAY,"HENDI Calentador eléctrico de Alimentos para Buffet Tellano, Chafing Dish eléctrico al baño María, GN 1/1, Capacidad 9L, 30–85°C, 230V, 900W, 575x349x(H) 278mm, Polipropileno y Acero Inoxidable",H204825,29,15,0.01%,0.13%,49,26,0.01%,0.16%,54.35%,50.00%,2,2,6.90%,13.33%,"254,98 €","254,98 €",1,1
B00BQU1ILS,B00BQU1ILS,"HENDI Calentador eléctrico de Alimentos para Buffet Tesino, Chafing Dish eléctrico al baño María, Capacidad 6,8L, hasta 85°C, 230V, 500W, ⌀405x(H) 248mm, Polipropileno y Acero Inoxidable",H,12,3,0.00%,0.03%,15,3,0.00%,0.02%,81.82%,100.00%,1,0,8.33%,0.00%,"118,99 €","0,00 €",1,0
B00D3LCJI4,B00D3LCJI4,Arcos Saeta - Cuchillo Panero - Hoja de Acero Inoxidable Forjado Nitrum de 210 mm - Mango de Pom - Color Negro,175700,25,0,0.01%,0.00%,29,0,0.00%,0.00%,100.00%,0.00%,1,0,4.00%,0.00%,"29,99 €","0,00 €",1,0
B0752TTMS8,B00D3LFAEE,Arcos Chairas - Chaira Afilador Manual de Cuchillos - Cuerpo Ovalado de Acero al Carbono Recubierto de Diamante de 280 mm y 17 mm de diámetro - Mango Polipropileno Color Negro,279200,851,19,0.18%,0.17%,"1,266",29,0.19%,0.18%,0.82%,25.00%,1,1,0.12%,5.26%,"39,99 €","39,99 €",1,1
B00D3LG0YI,B00D3LG0YI,Arcos Cuchillos de Mesa - Hoja Inoxidable NITRUM 110 mm - Cuchillo Chuletero para Carne - Mango de Nylon Duradero - Color Marrón - Ideal para Cocina y Comedor,804000_1pieza,82,3,0.02%,0.03%,99,9,0.02%,0.06%,68.09%,11.11%,6,0,7.32%,0.00%,"22,50 €","0,00 €",1,0
B00GJU09XI,B00GJU09XI,Arcos - Tacoma 6pz (5 cuchillos+tijera)serie niza 136100 arcos,136100_us,25,1,0.01%,0.01%,42,1,0.01%,0.01%,100.00%,100.00%,2,2,8.00%,200.00%,"99,80 €","99,80 €",1,1
B0DK3FSR9B,B00GZR3A54,"HENDI Sifón de nata, con 3 boquillas diferentes, soporte para el cargador y cepillo de limpieza, para nata montada, mousses, postres, 0,25L, ø80x(H)200mm, aluminio, blanco",H588031,18,0,0.00%,0.00%,18,0,0.00%,0.00%,50.00%,0.00%,1,0,5.56%,0.00%,"36,80 €","0,00 €",1,0
B08SHCJFNN,B00GZR3KKE,"HENDI Freidora eléctrica, T ajustable hasta 190°C, termostato de seguridad, zona fría, con tapa y cesta de freír, tanque de aceite extraíble, 4L, 230V, 3000W, 217x380x(H)300mm, acero inoxidable",H205808,12,1,0.00%,0.01%,15,1,0.00%,0.01%,93.33%,100.00%,1,0,8.33%,0.00%,"145,75 €","0,00 €",1,0
B07TXLKG42,B00GZR3LR6,"HENDI Freidora eléctrica, T ajustable hasta 190°C, termostato de seguridad, zona fría, con tapa y cesta de freír, tanque de aceite extraíble, 6L, 230V, 3300W, 265x430x(H)290mm, acero inoxidable",H205815,18,4,0.00%,0.04%,25,5,0.00%,0.03%,95.83%,100.00%,1,0,5.56%,0.00%,"155,75 €","0,00 €",1,0
B0CKTTWD6S,B00H2OD9KK,"HENDI Plancha de asar eléctrica mixta 2/3 lisa y 1/3 acanalada, grill parrilla con bandeja de goteo extraíble, temperatura regulable hasta 300°C, 230V, 3500W, 720x530x(H)250mm, acero inoxidable",H203163,4,1,0.00%,0.01%,6,2,0.00%,0.01%,100.00%,100.00%,1,1,25.00%,100.00%,"579,00 €","579,00 €",1,1
B0BV32H59Y,B00HYWUNR2,Arcos Saeta - Cuchillo Deshuesador - Hoja de Acero Inoxidable Forjado Nitrum de 145 mm - Mango de Pom - Color Negro,174700_us,24,1,0.01%,0.01%,34,1,0.01%,0.01%,100.00%,100.00%,1,0,4.17%,0.00%,"29,99 €","0,00 €",1,0
B017HKRLMK,B00I9XTPTW,"ARCOS Tabla de Cortar Fibra de Celulosa y Resina 37,7x27,7cm",691710,112,10,0.02%,0.09%,174,19,0.03%,0.12%,3.95%,8.33%,2,2,1.79%,20.00%,"51,98 €","51,98 €",1,1
B00J3ZTXAG,B00J3ZTXAG,Arcos Cuchillo Jamonero 250 mm Acero Inoxidable Serie Latina,101301_fbm,689,25,0.15%,0.22%,994,33,0.15%,0.21%,0.11%,5.56%,1,1,0.15%,4.00%,"9,99 €","9,99 €",1,1
B00J3ZTYAK,B00J3ZTYAK,"Arcos Cuchillos de Mesa de Acero Inoxidable 18/10, Monoblock de una Pieza, Hoja 220 mm, Juego de 3 Piezas para Cocina, Serie Toscana",575000,81,1,0.02%,0.01%,127,2,0.02%,0.01%,37.74%,0.00%,2,0,2.47%,0.00%,"36,98 €","0,00 €",1,0
B00J3ZVMCS,B00J3ZVMCS,Arcos Serie Toscana - Juego de Cucharas para Café (6 cucharas) - Monoblock de una pieza en Acero Inoxidable 18/10 y 140 mm - Color Plata,574200,"1,041",39,0.22%,0.34%,"1,728",70,0.26%,0.44%,0.83%,1.89%,1,0,0.10%,0.00%,"9,99 €","0,00 €",1,0
B00J3ZVNM2,B00J3ZVNM2,Arcos Serie Toscana - Juego de Cucharas Moka (6 cucharas) - Monoblock de una pieza en Acero Inoxidable 18/10 y 115 mm - Color Plata,574100_,705,24,0.15%,0.21%,"1,083",37,0.17%,0.23%,0.42%,12.50%,3,3,0.43%,12.50%,"25,62 €","25,62 €",1,1
B017HKGEFK,B00J64L30C,Arcos Natura Cuchillo Santoku Forjado Acero Inoxidable 180 mm,155810_,57,0,0.01%,0.00%,83,0,0.01%,0.00%,97.44%,0.00%,1,0,1.75%,0.00%,"39,99 €","0,00 €",1,0
B0D1CVQX4L,B00JP7NAGK,"HENDI Tabla de Cortar, Madera, marrón, 530x325mm GN 1/1",H506905,55,0,0.01%,0.00%,87,0,0.01%,0.00%,72.00%,0.00%,1,0,1.82%,0.00%,"42,44 €","0,00 €",1,0
B07TZN23F1,B00KVI6BB8,HENDI Espátula para pizza cuadrada - 1320x305 mm,H617816,2,1,0.00%,0.01%,2,1,0.00%,0.01%,100.00%,100.00%,1,1,50.00%,100.00%,"29,75 €","29,75 €",1,1
B00L7X7ONU,B00L7X7ONU,HENDI Jarra de zumo - 2 L - ø120x(H)250 mm,H425138,12,1,0.00%,0.01%,13,1,0.00%,0.01%,100.00%,100.00%,1,1,8.33%,100.00%,"19,99 €","19,99 €",1,1
B00OF83Z9Q,B00OF83Z9Q,ARCOS Aplastador de Filetes y Carne Acero Inoxidable 140 mm,796000,71,2,0.02%,0.02%,90,5,0.01%,0.03%,74.36%,100.00%,1,0,1.41%,0.00%,"40,90 €","0,00 €",1,0
B017HKR8WS,B00OFR535Q,"Arcos Afiladores - Afilador Eléctrico de Cuchillos Afilador de Cuchillos Eléctricos, Hecho de Plástico, Color Negro (Rodillos de Banda Intercambiables)",610500_fbm,"1,110",39,0.24%,0.34%,"1,230",47,0.19%,0.29%,99.56%,100.00%,2,2,0.18%,5.13%,"469,98 €","469,98 €",1,1
B00U2R00QK,B00U2R00QK,VINFER - Limpiacristales Vinfer 5 L,VP300,11,1,0.00%,0.01%,13,1,0.00%,0.01%,91.67%,100.00%,1,0,9.09%,0.00%,"14,49 €","0,00 €",1,0
B0F1ZF7H1L,B00V3AODM2,Arcos Set Cuchillos Forjados 5 piezas - Acero Inoxidable y Hoja mm. 3500 gr. Mango ergonómico Polioximetileno POM. Serie Riviera Blanc. Hoja delgada con un Borde Suave característico. Color Blanco.,234524_,202,5,0.04%,0.04%,225,5,0.03%,0.03%,63.28%,100.00%,1,0,0.50%,0.00%,"144,92 €","0,00 €",1,0
B0752NT3TH,B00VRWSQIS,Arcos Serie Prochef - Tijeras de Cocina - Hoja de Acero Inoxidable - 200 mm - Mango de Polipropileno Color Negro,185300,426,12,0.09%,0.11%,632,18,0.10%,0.11%,0.51%,33.33%,1,0,0.23%,0.00%,"20,37 €","0,00 €",1,0
B09ZLJL6JF,B00YU0JT2G,Arcos Serie Lyon - Cuchillo Mondador | Cuchillo Arcos - Hoja de Acero Inoxidable Forjado NITRUM de 100 mm - Mango de Polioximetileno (POM) - Color Negro,250200_,11,2,0.00%,0.02%,13,3,0.00%,0.02%,70.00%,0.00%,1,0,9.09%,0.00%,"20,99 €","0,00 €",1,0
B06XB92VRH,B00YU2YTTM,CUPERINOX Cafetera Italiana Induccion Espresso Acero Inoxidable 4 Tazas,25032_,99,3,0.02%,0.03%,126,3,0.02%,0.02%,16.07%,0.00%,1,0,1.01%,0.00%,"19,99 €","0,00 €",1,0
B06XB92VRH,B00YU2ZS1A,CUPERINOX Cafetera Italiana Induccion Espresso Acero Inoxidable 6 Tazas,25033_,75,2,0.02%,0.02%,104,2,0.02%,0.01%,95.74%,0.00%,1,0,1.33%,0.00%,"17,90 €","0,00 €",1,0
B0F4WXMWRT,B01418E5ZC,"HENDI Cubitera para botellas, enfriador de bebidas tipo champanera, BarUp, 9,5L, ⌀350x(H)230mm, acero inoxidable",H471524,27,3,0.01%,0.03%,37,3,0.01%,0.02%,100.00%,100.00%,1,0,3.70%,0.00%,"24,49 €","0,00 €",1,0
B0DN1W6N4N,B015WI6B7A,"HENDI Jarra, para batidoras licuadoras HENDI 230718-230695-230688-230213-230602-230664, 2,5L, juego completo: cuchillas-jarra-tapas, de Tritan sin BPA, batidos-cócteles-postres, 200x170x(H)360mm",H933688,7,1,0.00%,0.01%,7,1,0.00%,0.01%,83.33%,100.00%,1,0,14.29%,0.00%,"124,99 €","0,00 €",1,0
B0189HXQKQ,B017DLLFES,"Arcos Navaja Profesional de Acero Inoxidable Nitrum, Hoja 85 mm, Mango de Polipropileno, Serie Navajas Profesionales, Alta Durabilidad y Rendimiento",485700_fbm,455,11,0.10%,0.10%,635,17,0.10%,0.11%,72.36%,66.67%,1,0,0.22%,0.00%,"7,99 €","0,00 €",1,0
B017DLM9SO,B017DLM9SO,ARCOS Tenedores para Tartas Acero Inoxidable 18/10 140 mm,574300_,840,34,0.18%,0.30%,"1,326",43,0.20%,0.27%,1.49%,13.79%,1,0,0.12%,0.00%,"10,25 €","0,00 €",1,0
B0189HXTQ2,B017DLMQOG,"Arcos Tablas - Tabla de Cocina Antibacteriana para Cortar, Resistente al Lavavajillas, Fibra de Celulosa y Resina, 33x23 cm, Alta Resistencia al Calor, Negro",692110,334,9,0.07%,0.08%,456,9,0.07%,0.06%,11.69%,25.00%,1,0,0.30%,0.00%,"22,99 €","0,00 €",1,0
B017DMTEIG,B017DMTEIG,Arcos Utensilios Profesionales - Sierra de Carnicero - Hoja de Acero Inoxidable 430 mm - Mango de Polipropileno Color Negro,791800,64,2,0.01%,0.02%,72,3,0.01%,0.02%,55.22%,33.33%,1,0,1.56%,0.00%,"62,90 €","0,00 €",1,0
B01BNQXXIU,B01BNQXXIU,"HENDI Carrito de Servicios, de Cocina, de Restaurante, Multiusos, 2 estantes, 4 Ruedas giratorias, 2 con Freno, Carga máxima por Estante 50kg, encimera 830x510mm, 905x585x(H) 945mm, Acero Inoxidable",H810002,19,6,0.00%,0.05%,24,7,0.00%,0.04%,33.33%,16.67%,1,0,5.26%,0.00%,"129,75 €","0,00 €",1,0
B01BQA0K84,B01BQA0K84,"HENDI Soporte de bandejas Redondas, Soporte para Servir y presentar Alimentos, mariscos, con 2 Platos: Ø 300/400mm, ⌀400x(H) 200mm, Acero Inoxidable, Plata",H480519,9,3,0.00%,0.03%,22,16,0.00%,0.10%,91.67%,100.00%,1,0,11.11%,0.00%,"39,70 €","0,00 €",1,0
B088L1YKB9,B01DY486WM,HENDI Thermobox Kitchen Line - Pizza - 21 L - 410x410x(H)240 mm,H707975,10,1,0.00%,0.01%,10,1,0.00%,0.01%,100.00%,0.00%,1,0,10.00%,0.00%,"48,25 €","0,00 €",1,0
B0DN1W2FX7,B01DY48ILG,"HENDI Bolsas lisas para cocción sous-vide y envasado al vacío, 100 unidades, -20 °C a +110 °C, 400x300mm, 75µm, PA/PE, sin BPA",H970690,14,3,0.00%,0.03%,17,4,0.00%,0.02%,16.67%,100.00%,2,2,14.29%,66.67%,"61,98 €","61,98 €",1,1
B06XD39V8J,B06XD39V8J,VINFERMATON – Insecticida Cucarachas y Hormigas Residual 400 ml | Spray Efecto Duradero para Interior y Exterior | Profesional Doméstico | 100 % MADE IN SPAIN,V0012_,274,7,0.06%,0.06%,399,9,0.06%,0.06%,6.21%,0.00%,1,0,0.36%,0.00%,"7,94 €","0,00 €",1,0
B0714CRTF4,B0714CRTF4,"Arcos Cortadora de Pan Profesional - Tabla de Corte de Acero Inoxidable para Cocina - 520 x 270 mm, Polietileno Blanco - Ideal para Panadería y Hogar",689900,14,1,0.00%,0.01%,14,1,0.00%,0.01%,78.57%,100.00%,2,2,14.29%,200.00%,"225,82 €","225,82 €",1,1
B0GHBKFL4W,B071S7PKNN,Arcos Cuchillo Chuletero Acero Inoxidable Nitrum 110 mm,372400,52,0,0.01%,0.00%,70,0,0.01%,0.00%,37.29%,0.00%,1,0,1.92%,0.00%,"4,99 €","0,00 €",1,0
B0F54LTCFF,B072FHSBJT,Arcos Serie Universal - Cuchillo Tomatero Cuchillo para Verduras - Hoja de Acero Inoxidable NITRUM 130 mm - Mango de Polioximetileno (POM) Color Negro,289104,757,20,0.16%,0.18%,"1,052",29,0.16%,0.18%,0.53%,5.56%,1,1,0.13%,5.00%,"14,99 €","14,99 €",1,1
B0761194MW,B0761194MW,VINFER Wins 020 Desengrasante Concentrado Profesional para la Limpieza de planchas de Cocina y hornos. Botella 5 Lt,WINS020,19,2,0.00%,0.02%,29,2,0.00%,0.01%,100.00%,100.00%,2,2,10.53%,100.00%,"34,50 €","34,50 €",1,1
B078GYCH1G,B078GYCH1G,Tenedor de marisco - 6 unid,20023,13,0,0.00%,0.00%,19,0,0.00%,0.00%,100.00%,0.00%,1,0,7.69%,0.00%,"12,99 €","0,00 €",1,0
B08S87M447,B07CY3885W,"Arcos Serie Riviera Rose, Cuchillo Cocinero, Hoja de Acero Inoxidable Forjado Nitrum 150 mm, Mango de Polioximetileno, POM Color Rosa",233454,20,0,0.00%,0.00%,25,0,0.00%,0.00%,90.91%,0.00%,1,0,5.00%,0.00%,"27,99 €","0,00 €",1,0
B086WXFTDQ,B07D2SZRHP,HENDI Tapa de presentación abatible - GN 1/1-540x330x(H)180 mm,H427507,13,1,0.00%,0.01%,18,1,0.00%,0.01%,82.35%,100.00%,1,0,7.69%,0.00%,"39,95 €","0,00 €",1,0
B088L4V9XQ,B07D2T8LLY,"HENDI Placa eutéctica de frío profesional, GN 1/1, para cajas térmicas, elemento refrigerante, acumulador de frío, bloque térmico, paquete de enfriamiento, placa de hielo, 530x325x(H)30mm, HDPE, azul",H707821,60,11,0.01%,0.10%,95,15,0.01%,0.09%,93.02%,93.33%,4,4,6.67%,36.36%,"120,76 €","120,76 €",1,1
B07TYQJ4YX,B07D2TFS1B,HENDI Máquina eléctrica para pasta,H224847,295,10,0.06%,0.09%,471,13,0.07%,0.08%,36.08%,53.85%,1,1,0.34%,10.00%,"209,00 €","209,00 €",1,1
B07TYQJ4YX,B07D2VL8BP,HENDI Máquina para hacer pasta - 210x(H)340 mm,H224830,56,2,0.01%,0.02%,74,3,0.01%,0.02%,89.23%,100.00%,1,0,1.79%,0.00%,"33,25 €","0,00 €",1,0
B07D2VL8DF,B07D2VL8DF,"HENDI Vitrina expositora refrigerada, mostrador para Buffets, Conjunto exhibidor climatizado con Cubierta Transparente, 2 Bloques refrigerantes y Bandeja, 430x290x(H) 150mm, poliestireno,Acero INOX",H424155,67,16,0.01%,0.14%,80,25,0.01%,0.16%,1.41%,5.56%,2,2,2.99%,12.50%,"95,90 €","95,90 €",1,1
B0DK3GFZ8K,B07D5D24V2,HENDI Rodillo de madera - ø75x(H)590 mm,H515020,2,1,0.00%,0.01%,3,1,0.00%,0.01%,100.00%,100.00%,1,1,50.00%,100.00%,"45,49 €","45,49 €",1,1
B0D1CSWF7Y,B07D5DFVN3,"HENDI Escurridor de cocina, colador, para cocinar, lavar, pasta, fideos, espaguetis, frutas, verduras, ensaladas, redondo, perforado, con base y 2 asas, ø415x(H)210 mm, acero inoxidable",H535523,6,1,0.00%,0.01%,6,1,0.00%,0.01%,75.00%,0.00%,1,0,16.67%,0.00%,"73,40 €","0,00 €",1,0
B0D1CSWF7Y,B07D5F1B48,"HENDI Escurridor de cocina, colador, para cocinar, lavar, pasta, fideos, espaguetis, frutas, verduras, ensaladas, redondo, perforado, con base y 2 asas, ø365x(H)185 mm, acero inoxidable",H535516,11,2,0.00%,0.02%,13,3,0.00%,0.02%,81.82%,50.00%,1,1,9.09%,50.00%,"59,75 €","59,75 €",1,1
B0B11WGKPR,B07D6Z23SD,HENDI Wok - ø700x(H)235 mm,H626504,5,0,0.00%,0.00%,10,0,0.00%,0.00%,100.00%,0.00%,1,0,20.00%,0.00%,"132,50 €","0,00 €",1,0
B0DK3HY5X9,B07D73SB7Z,HENDI Sacabolas de helado Stöckel - 1/10 - ø70 mm,H755020,5,0,0.00%,0.00%,15,0,0.00%,0.00%,85.71%,0.00%,1,0,20.00%,0.00%,"59,50 €","0,00 €",1,0
B0D1CVPJXW,B07D75K6SP,"HENDI Colador cónico de malla fina, ⌀245x(H)210mm, longitud del mango 230mm, acero inoxidable",H647561,13,2,0.00%,0.02%,18,2,0.00%,0.01%,93.75%,100.00%,1,1,7.69%,50.00%,"36,25 €","36,25 €",1,1
B0DK3HY5X9,B07D771B4F,HENDI Sacabolas de helado Stöckel - 1/20 - ø56 mm,H755051,10,0,0.00%,0.00%,12,0,0.00%,0.00%,100.00%,0.00%,1,0,10.00%,0.00%,"55,75 €","0,00 €",1,0
B0D1CVPJXW,B07D77CYPB,"HENDI Colador cónico de malla fina, ⌀205x(H)170mm, longitud del mango 230mm, acero inoxidable",H647554,43,6,0.01%,0.05%,57,6,0.01%,0.04%,67.39%,60.00%,1,0,2.33%,0.00%,"29,64 €","0,00 €",1,0
B07D7FLP1D,B07D7FLP1D,HENDI Organizador múltiple - 190x240x(H)410 mm,H428245,2,1,0.00%,0.01%,3,1,0.00%,0.01%,100.00%,100.00%,2,2,100.00%,200.00%,"155,00 €","155,00 €",1,1
B07D9TLDY4,B07D9TLDY4,"HENDI Carro plataforma plegable, AmerBox, carga máxima de 200kg, plataforma rodante portacargas, carretilla de plataforma móvil, plataforma de carga, 742x480x(H)845mm, polipropileno, acero inoxidable",H810514,3,1,0.00%,0.01%,3,1,0.00%,0.01%,66.67%,100.00%,1,1,33.33%,100.00%,"149,75 €","149,75 €",1,1
B07D9TLFR6,B07D9TLFR6,"HENDI Contenedor isotérmico para hielo 110L, AmerBox, con tapa corredera y desagüe con grifo, 585x800x(H)745mm, HDPE",H877883,4,3,0.00%,0.03%,11,10,0.00%,0.06%,85.71%,100.00%,2,2,50.00%,66.67%,"1.650,00 €","1.650,00 €",1,1
B0CTCT53R8,B07D9X56Q3,"HENDI Recipiente GN 1/3, con laterales y fondo perforados, contenedor GN, apilable, bordes lisos, resistente a temperaturas de -40° a 300°C, 5,7L, altura: 150mm, acero inoxidable 18/10",H802519,7,1,0.00%,0.01%,7,1,0.00%,0.01%,100.00%,0.00%,1,0,14.29%,0.00%,"35,99 €","0,00 €",1,0
B07D9XLGXZ,B07D9XLGXZ,"HENDI Recipiente Gastronorm GN 1/1, Kitchen Line, resistencia térmica -40 °C a 250 °C, apto para horno y baño maría, 21L, 530x325x(H) 150mm, acero inoxidable",H806142,6,3,0.00%,0.03%,11,4,0.00%,0.02%,81.82%,50.00%,2,0,33.33%,0.00%,"59,00 €","0,00 €",1,0
B0CTHQG9QZ,B07D9XLK3D,"HENDI Recipiente Gastronorm GN 1/2 con asas, Budget Line, resistencia térmica -40 °C a 250 °C, apto para horno y baño maría, 12,5L, 325x265x(H) 200mm, acero inoxidable",H817353,22,2,0.00%,0.02%,34,2,0.01%,0.01%,81.48%,100.00%,1,1,4.55%,50.00%,"24,99 €","24,99 €",1,1
B0CTCW7QFZ,B07DC7ZX3W,HENDI Recipiente Gastronorm 1/1 - PC - Transparente - 28 L - 530x325x(H) 200 mm,H861202,6,0,0.00%,0.00%,8,0,0.00%,0.00%,85.71%,0.00%,1,0,16.67%,0.00%,"34,15 €","0,00 €",1,0
B08P41X49K,B07DP53G8V,"HENDI Lámpara de calor colgante de altura ajustable, cónica, lámpara térmica de infrarrojos para cocina y mantenimiento de alimentos calientes, 230V, 250W, Ø275x(H)250mm, aluminio color plata",H273869,19,9,0.00%,0.08%,20,9,0.00%,0.06%,66.67%,83.33%,2,2,10.53%,22.22%,"183,50 €","183,50 €",1,1
B07DPCM8YW,B07DPCM8YW,"HENDI Lámpara de Calor Colgante, Altura Ajustable, Plata",H273883,19,6,0.00%,0.05%,26,8,0.00%,0.05%,65.22%,71.43%,2,2,10.53%,33.33%,"141,90 €","141,90 €",1,1
B07F9VW9NR,B07F9VW9NR,"Arcos Serie Latina Caja 12 uds Cuchillo universal de cocina, Hoja serrada de Acero Inoxidable NITRUM de 130 mm, Mango de Madera comprimida Color marrón (12 UDS)",100800_us,23,1,0.00%,0.01%,36,1,0.01%,0.01%,100.00%,0.00%,1,0,4.35%,0.00%,"39,99 €","0,00 €",1,0
B0GR25T577,B07G79YS6D,"Arcos Serie Cuchillos de Mesa Caja 12 uds Cuchillo Chuletero, Hoja Filo de Acero Inoxidable NITRUM de 110 mm, Mango Madera comprimida Color marrón (12 UDS)",373200_fbm,40,0,0.01%,0.00%,43,0,0.01%,0.00%,77.50%,0.00%,1,0,2.50%,0.00%,"70,99 €","0,00 €",1,0
B07JHPTKC9,B07JHPTKC9,"Arcos Set Jamonero 3 Piezas - Cuchillo Jamonero, Deshuesador y Chaira - Hoja Silk Edge Inoxidable Forjada NITRUM - Mango Resistente POM Negro - Corte Preciso y Duradero - Serie Manhattan",858500_,20,3,0.00%,0.03%,29,3,0.00%,0.02%,76.00%,0.00%,1,0,5.00%,0.00%,"74,99 €","0,00 €",1,0
B07L3BFJ9R,B07L3BFJ9R,HENDI Dispensador de zumo - 6 L - 415x315x(H)490 mm,H425435,5,3,0.00%,0.03%,5,3,0.00%,0.02%,100.00%,100.00%,1,1,20.00%,33.33%,"192,50 €","192,50 €",1,1
B0FWM351K4,B07MDGR8G1,CUPERINOX® Couture Series - Tijera Costura Profesional 15 cm | Acero Inoxidable Irrompible | Mango Ergonómico Antideslizante | Corte Preciso y Duradero,21950_us,37,1,0.01%,0.01%,48,1,0.01%,0.01%,95.74%,0.00%,1,0,2.70%,0.00%,"7,99 €","0,00 €",1,0
B07MTPC7M6,B07MTPC7M6,"HENDI Freidora eléctrica de rosquillas, donuts, T ajustable de 50°C a 190°C, zona fría, tapa sirve como bandeja de goteo, con grifo de drenaje, 12L, 230V, 3000W, 630x860x(H)360, acero inoxidable",H205914,9,4,0.00%,0.04%,11,5,0.00%,0.03%,90.00%,100.00%,1,1,11.11%,25.00%,"519,50 €","519,50 €",1,1
B0DK3FSR9B,B07MZK1DCF,"HENDI Sifón de nata, con 3 boquillas diferentes, soporte para el cargador y cepillo de limpieza, para nata montada, mousses, postres, 0,5L, ø80x(H)260mm, aluminio, negro",H588420,12,1,0.00%,0.01%,13,1,0.00%,0.01%,84.62%,100.00%,1,1,8.33%,100.00%,"38,49 €","38,49 €",1,1
B0CSXP6TLN,B07MZK9VXP,"HENDI Descalcificador de agua, 12L",H231227,263,24,0.06%,0.21%,373,33,0.06%,0.21%,17.85%,8.70%,1,0,0.38%,0.00%,"124,50 €","0,00 €",1,0
B07N8VHFLF,B07N8VHFLF,Arcos - Cubertería Burdeos Arcos 24 piezas,592400_,76,0,0.02%,0.00%,116,0,0.02%,0.00%,100.00%,0.00%,1,0,1.32%,0.00%,"74,99 €","0,00 €",1,0
B0G547B3RM,B07N8VMWGG,Arcos Mesa Cuchillo Chuletero Serrado Nitrum POM Negro 115 mm,374800_1pieza,52,1,0.01%,0.01%,62,1,0.01%,0.01%,94.83%,100.00%,1,0,1.92%,0.00%,"8,49 €","0,00 €",1,0
B0DN1Y1ZZQ,B07PPWT5QF,HENDI Máquina embutidora de salchichas Profi Line - 3 L - 300x340x(H)570 mm,H282571,3,0,0.00%,0.00%,9,0,0.00%,0.00%,100.00%,0.00%,1,0,33.33%,0.00%,"222,62 €","0,00 €",1,0
B07PRXM4WF,B07PRXM4WF,"HENDI Caja de golpe de café, redonda, recipiente para residuos del café, vaciado de posos de café, con barra de golpeo extraíble,153x185x(H)165mm, acero inoxidable",H208618,1,0,0.00%,0.00%,1,0,0.00%,0.00%,100.00%,0.00%,1,0,100.00%,0.00%,"38,50 €","0,00 €",1,0
B07T7HKST6,B07T7HKST6,CUPERINOX Juego de Cuchillos de cocina | 6 Piezas | Cuchillos Cocina Profesional | Set cuchillos cocina | Incluye tijeras cocina | Acero Inoxidable,19511FBM,11,1,0.00%,0.01%,12,1,0.00%,0.01%,100.00%,100.00%,1,0,9.09%,0.00%,"44,95 €","0,00 €",1,0
B0DN1ZCCFX,B07YXFSGD7,"HENDI Cuchilla de Corte con Recubrimiento Antiadherente para Queso, Ø300mm, Repuesto para Cortafiambres 210017, Accesorio Profesional, Acero Inoxidable",H975756,19,4,0.00%,0.04%,22,6,0.00%,0.04%,100.00%,100.00%,1,1,5.26%,25.00%,"184,75 €","184,75 €",1,1
B0FR444FLT,B07ZJ9HVTL,"Arcos Set Jamonero 3 Piezas - Cuchillo Jamonero, Deshuesador y Afilador - Acero Inoxidable Forjado - Mango POM Negro Resistente - Funda Jamonero Incluida - Serie Manhattan",858500+Funda_Jamon,151,2,0.03%,0.02%,168,3,0.03%,0.02%,97.96%,100.00%,1,0,0.66%,0.00%,"85,49 €","0,00 €",1,0
B08P41X49K,B082PGSBF6,"HENDI Lámpara de Calor Colgante, Altura Ajustable, Negro",H273852,44,20,0.01%,0.18%,61,28,0.01%,0.17%,58.82%,65.22%,1,1,2.27%,5.00%,"81,25 €","81,25 €",1,1
B082VW3C39,B082VW3C39,HENDI Carro de lavandería - 900x650x(H)850 mm,H691083,19,5,0.00%,0.04%,25,8,0.00%,0.05%,89.47%,100.00%,1,1,5.26%,20.00%,"195,00 €","195,00 €",1,1
B082VWVDMX,B082VWVDMX,HENDI Cesta para baguetes - 305x320x(H)350 mm,H426517,33,4,0.01%,0.04%,51,8,0.01%,0.05%,93.48%,100.00%,1,1,3.03%,25.00%,"40,50 €","40,50 €",1,1
B0843DFZH2,B0843DFZH2,Arcos Set 5 Cuchillos Forjados Acero Inoxidable Nitrum,235024,700,10,0.15%,0.09%,"1,030",21,0.16%,0.13%,1.81%,15.00%,1,1,0.14%,10.00%,"124,99 €","124,99 €",1,1
B0FQNZM34T,B0843DGXDP,Arcos Opera Cuchillo Jamonero Forjado Acero Inoxidable Nitrum 250 mm,226700_,21,0,0.00%,0.00%,28,0,0.00%,0.00%,87.50%,0.00%,1,0,4.76%,0.00%,"29,98 €","0,00 €",1,0
B0FQNZM34T,B0843PT8MC,Arcos Cuchillo pelar Acero Inoxidable. Cuchillo cocina para pelar frutas y verduras. Mango ergonómico polioximetileno y Hoja 100 mm. Serie Opera. Color negro.,_225700_,55,2,0.01%,0.02%,63,2,0.01%,0.01%,87.50%,0.00%,3,0,5.45%,0.00%,"62,97 €","0,00 €",1,0
B0CYTKGNPM,B0843Q6L5P,ARCOS Pelador Profesional Acero Inoxidable Cromado 130 mm,607000_,"5,906",156,1.26%,1.37%,"8,818",217,1.35%,1.35%,0.14%,0.00%,1,0,0.02%,0.00%,"7,25 €","0,00 €",1,0
B0FQNZM34T,B0843V9Z1W,Arcos Cuchillo Santoku Acero Inoxidable Nitrum y Hoja 190 mm. Mango ergonómico polioximetileno POM. Diseño clásico y acabado redondeado gran belleza yolidez. Serie Opera. Color negro.,229900_fba,152,2,0.03%,0.02%,190,2,0.03%,0.01%,98.27%,100.00%,1,0,0.66%,0.00%,"35,14 €","0,00 €",1,0
B0D1CWK1B4,B084TKV1MX,"HENDI Campana domo cúpula cubierta para ahumar bebidas cócteles con válvula de ventilación y orificio de goma para pistola o infusor de humo, ahumado, ø150x(H)280mm, de vidrio borosilicato",H199657,12,1,0.00%,0.01%,17,1,0.00%,0.01%,69.23%,0.00%,3,0,25.00%,0.00%,"136,50 €","0,00 €",1,0
B084TL4TFV,B084TL4TFV,"HENDI Crepera eléctrica, con esparcidor de madera,temperatura regulable 50°-250°C, placa de diámetro400mm,de hierro fundido con revestimiento cerámico, 230V, 3000W, 470x509x(H)161mm,acero inoxidable",H212028,15,4,0.00%,0.04%,22,6,0.00%,0.04%,90.48%,100.00%,1,0,6.67%,0.00%,"288,50 €","0,00 €",1,0
B08VRP7CR7,B08G8M6QDS,Arcos Juego de Cuchillos chuleteros - Envase Ecologico 100% - 4 Cuchillos Carne - Cubiertos Mesa Acero Inoxidable,809500_,80,2,0.02%,0.02%,103,2,0.02%,0.01%,100.00%,100.00%,1,0,1.25%,0.00%,"19,75 €","0,00 €",1,0
B08TLR4Z27,B08M3YG4R1,Arcos jamonero Profesional | Cuchillo jamonero jamonero Inoxidable Nitrum | Mango Negro | Cuchillo Jamon iberico | Serie Maitre| Hoja Flexible y Filo Liso | 275 mm | Acero Inoxidable NITRUM,704200_fbm,160,1,0.03%,0.01%,246,1,0.04%,0.01%,99.56%,0.00%,1,0,0.63%,0.00%,"21,99 €","0,00 €",1,0
B08M5K93QF,B08M5K93QF,Arcos Juego Cuchillos Mesa | 6 Uds | Cuchillo Postre | Cuchillos Mesa | Cuchillo Carne | Hoja 105 mm | Acero Inoxidable Martensítico | Mango Polipropileno | Apto lavavajillas | Envase Ecológico,703500FBM,269,3,0.06%,0.03%,402,5,0.06%,0.03%,99.07%,100.00%,2,2,0.74%,66.67%,"21,58 €","21,58 €",1,1
B08M99RZRV,B08M99RZRV,Arcos | Cuchillo Jamonero Cuchillo deshuesador | 2 Uds | Set cuchillos jamoneros 250 mm y cuchillo deshuesador (140 mm) jamonero profesional | cuchillo carnicero profesional | Eco,703800fbm,818,14,0.17%,0.12%,"1,044",19,0.16%,0.12%,99.79%,100.00%,1,0,0.12%,0.00%,"40,99 €","0,00 €",1,0
B08M9QRSW8,B08M9QRSW8,Arcos | Juego Cuchillos cuchillos mesa | 6 Uds | cuchillo fruta | cuchillo postre | Hoja 110 mm | Acero Inoxidable Martensítico | Mango Nylon | apto lavavajillas | Envase Ecológico,703600fbm,89,1,0.02%,0.01%,121,1,0.02%,0.01%,100.00%,100.00%,4,4,4.49%,400.00%,"38,76 €","38,76 €",1,1
B08MTWQWZZ,B08MTWQWZZ,Arcos Cuchillo Cocinero Profesional Acero Inoxidable 160mm,165900_fbm,167,4,0.04%,0.04%,235,5,0.04%,0.03%,37.13%,80.00%,1,0,0.60%,0.00%,"25,99 €","0,00 €",1,0
B08VRP7CR7,B08MTXC14T,Arcos Juego Cuchillos Carne | 6 Piezas | Cuchillos Carne Cuchillo chuleteros | Cubiertos Acero Inoxidable | Hoja 110 mm | Mango Redondo y Forma Ovalada | monobock | Caja Envase Ecológico (6 unidades),809900FBM,186,5,0.04%,0.04%,302,5,0.05%,0.03%,100.00%,100.00%,1,1,0.54%,20.00%,"27,99 €","27,99 €",1,1
B09FQ5SZK8,B08MTXFWC9,Arcos Nordika Cuchillo Jamonero Acero Inoxidable 250 mm,166700_fbm,203,5,0.04%,0.04%,233,5,0.04%,0.03%,37.50%,0.00%,1,0,0.49%,0.00%,"28,49 €","0,00 €",1,0
B09FQ5SZK8,B08MV1BJ5Z,Arcos Serie Nordika - Cuchillo Cocinero - Acero Inoxidable NITRUM - Hoja de 140 mm - Mango de Madera Ovengkol 100% natural FSC - Embalaje 100% reciclado,165400_fbm,"1,499",28,0.32%,0.25%,"1,844",38,0.28%,0.24%,36.98%,30.00%,1,0,0.07%,0.00%,"23,74 €","0,00 €",1,0
B08WR6CHHN,B08MW17PLN,Arcos Juego Cuchillos Carne | 6 Piezas | Cuchillo chuleteros | Hoja 110 mm | monoblock | Cuchillo en 1 Sola Pieza | Cuchillos Carne Cubiertos Acero Inoxidable | Caja Envase Ecológico (Sierra Laser),815900FBM,26,1,0.01%,0.01%,34,1,0.01%,0.01%,100.00%,0.00%,1,0,3.85%,0.00%,"39,99 €","0,00 €",1,0
B08NW1VQRT,B08NW1VQRT,CUPERINOX Navaja para Setas y Champiñones | Acero Inoxidable | Con Cepillo y Funda Incluida | Micológica,PE2181,254,1,0.05%,0.01%,321,1,0.05%,0.01%,99.32%,100.00%,1,0,0.39%,0.00%,"10,49 €","0,00 €",1,0
B0CQLP3WHM,B08TWZRRGR,"Arcos Thera Sarten Grill Antiadherente de 28x28 Cm para Inducción, Gas y Vitrocerámica. Grill de Aluminio Fundido con Mango Ergonómico Extraíble y Apta para Lavavajillas. Color Negro y Azul",719400,69,3,0.01%,0.03%,102,5,0.02%,0.03%,40.45%,0.00%,1,0,1.45%,0.00%,"42,74 €","0,00 €",1,0
B0CQM2K3QY,B08TX19NTQ,"Arcos Thera Olla Grande de Cocina de 28 Cm y 6,6 L. Cacerola Alta para Inducción, Gas y Vitro. Olla de Aluminio Fundido con Tapa de Cristal y Mango Extraíble. Apta Lavavajillas. Color Negro Azul",718800,163,3,0.03%,0.03%,201,3,0.03%,0.02%,53.44%,100.00%,1,0,0.61%,0.00%,"61,75 €","0,00 €",1,0
B0CQM2K3QY,B08TX1D4LL,"ARCOS Thera Olla Grande de Cocina de 24 Cm y 4 L. Cacerola Alta para Inducción, Gas y Vitrocerámica. Olla de Aluminio Fundido con Tapa de Cristal y Mango Extraíble. Apta Lavavajillas. Color Negro Azul",718700,70,3,0.01%,0.03%,95,5,0.01%,0.03%,68.24%,0.00%,1,0,1.43%,0.00%,"53,99 €","0,00 €",1,0
B097BNL3XT,B097BNL3XT,"HENDI Cortador eléctrico para kebab, shawarma, gyros, corte ajustable 0,5-6mm, cuchilla: 8000 rpm, cuchillo eléctrico profesional para cortar carne, 80W, 230V, 232x120x(H)115mm, acero inoxidable",H267264,30,3,0.01%,0.03%,58,4,0.01%,0.02%,66.67%,50.00%,1,1,3.33%,33.33%,"324,75 €","324,75 €",1,1
B09GPS236X,B09GPS236X,"HENDI Portacondimentos de Bar, Bandeja de Guarniciones para Cócteles BarUp, Caja Organizadora con Tapa Transparente, 6 Contenedores de Polipropileno, 480x150x(H) 100mm, HIPS, Negro",H552032,28,1,0.01%,0.01%,40,3,0.01%,0.02%,100.00%,100.00%,1,0,3.57%,0.00%,"30,19 €","0,00 €",1,0
B08VS4FCLN,B09HBWSBN1,"Arcos Juego Cuchillos Cocina cuchillo blanco cuchillos | cuchillos cocina Maitre | 5 piezas | Chef 215 mm, Cocina 150 mm, Verduras 100 mm Tijera cocina (Negro + Jamonero)",854100 fbm,491,3,0.10%,0.03%,592,3,0.09%,0.02%,100.00%,100.00%,1,0,0.20%,0.00%,"49,99 €","0,00 €",1,0
B08VS4FCLN,B09HBWSBN1,"Arcos Juego Cuchillos Cocina cuchillo blanco cuchillos | cuchillos cocina Maitre | 5 piezas | Chef 215 mm, Cocina 150 mm, Verduras 100 mm Tijera cocina (Negro + Jamonero)",854100,491,3,0.10%,0.03%,592,3,0.09%,0.02%,100.00%,100.00%,1,0,0.20%,0.00%,"49,99 €","0,00 €",1,0
B09HQTWWPB,B09HQT6SZ6,Arcos Clara Cuchillo Jamonero Forjado Acero Inoxidable Nitrum 250 mm,211900_us,65,2,0.01%,0.02%,97,2,0.01%,0.01%,24.05%,0.00%,1,0,1.54%,0.00%,"25,49 €","0,00 €",1,0
B09HQTWWPB,B09HQTCQBG,Arcos Clara Cuchillo Panero Forjado Acero Inoxidable Nitrum 200 mm,210700_us,19,1,0.00%,0.01%,23,1,0.00%,0.01%,85.00%,0.00%,1,0,5.26%,0.00%,"25,99 €","0,00 €",1,0
B08TLR4Z27,B09L4YNBZZ,Arcos jamonero Profesional | Cuchillo jamonero jamonero Inoxidable Nitrum | Mango Negro | Cuchillo Jamon iberico | Serie Maitre| Hoja Flexible y Filo Liso | 275 mm | Acero Inoxidable NITRUM,856500FBM,63,1,0.01%,0.01%,75,1,0.01%,0.01%,100.00%,0.00%,3,0,4.76%,0.00%,"71,22 €","0,00 €",1,0
B06XB92VRH,B09LZ2VHYP,CUPERINOX Deluxe Cafetera Italiana Induccion Espresso Inoxidable 10 Tazas,25053,104,5,0.02%,0.04%,117,6,0.02%,0.04%,100.00%,0.00%,1,0,0.96%,0.00%,"36,99 €","0,00 €",1,0
B09NC6H644,B09NC6H644,"HENDI Arrocera, Función de Mantenimiento del Calor, 23 Tazas de Arroz Seco, Vaso Medidor y Cuchara Arrocera, 230V, 1550W, ø380x(H)240mm, aluminio, 4,2L",H240441,13,4,0.00%,0.04%,18,4,0.00%,0.02%,86.67%,100.00%,1,1,7.69%,25.00%,"123,99 €","123,99 €",1,1
B09S5PMZY7,B09S5PMZY7,"HENDI Mandolina japonesa Shōgun, rebanador y cortador manual con hoja plana ajustable (1-5mm), 380x180x(H)45mm, acero inoxidable, ABS, PP, beige",H221297,7,0,0.00%,0.00%,9,0,0.00%,0.00%,55.56%,0.00%,1,0,14.29%,0.00%,"62,50 €","0,00 €",1,0
B09S9JLYNK,B09S9JLYNK,"HENDI Máquina para hacer palomitas de maíz, 150g de maíz, ciclo 3,5 min, 230V, 1155W, 560x420x(H)760mm, aluminio, acero inoxidable, cristal templado, negro",H282762,21,3,0.00%,0.03%,31,4,0.00%,0.02%,85.71%,100.00%,1,0,4.76%,0.00%,"401,00 €","0,00 €",1,0
B09S9RRJLV,B09S9RRJLV,"HENDI Pulverizador alimentario a presión, spray difusor atomizador, apto para el contacto con alimentos, para usar con aceites, agua, clara y yema de huevo, saborizantes, boquilla regulable, 1,5L,HDPE",H270875,30,6,0.01%,0.05%,38,8,0.01%,0.05%,57.58%,80.00%,1,0,3.33%,0.00%,"44,95 €","0,00 €",1,0
B0CQ5G2HVQ,B09T9ZC38G,"Arcos Sarten Antiadherente 22 cm - Aluminio Forjado, Full Induction, Mango Acero Inoxidable Efecto Frío, Apta Lavavajillas, Ahorro Energético, Serie Samoa",716210,269,8,0.06%,0.07%,372,10,0.06%,0.06%,10.13%,0.00%,1,0,0.37%,0.00%,"32,49 €","0,00 €",1,0
B09TP1PTLN,B09TP1PTLN,"HENDI Bolsa para Carro de Lavandería, 845x600x(H) 625mm",H691090,271,37,0.06%,0.33%,423,47,0.06%,0.29%,51.99%,34.09%,2,0,0.74%,0.00%,"69,90 €","0,00 €",1,0
B08VRP7CR7,B09XMVTWLT,Arcos Juego Cuchillos Carne | 6 Piezas | Cuchillos Carne Cuchillo chuleteros | Cubiertos Acero Inoxidable | Hoja 110 mm | Mango Redondo y Forma Ovalada | monobock | Caja Envase Ecológico (Filo Liso),830000,248,6,0.05%,0.05%,366,10,0.06%,0.06%,100.00%,100.00%,1,0,0.40%,0.00%,"32,99 €","0,00 €",1,0
B0D1CTT1HG,B0B2RGVSF6,HENDI Bloque de corte 6 mm con placa de empuje,H932902,21,1,0.00%,0.01%,28,1,0.00%,0.01%,64.00%,0.00%,1,0,4.76%,0.00%,"22,99 €","0,00 €",1,0
B0B42TM6J7,B0B42TM6J7,CUPERINOX | Tijeras de manicura para uñas | Tijera corta uñas con hojas curvas para las uñas de las manos | Fabricado en Acero Inoxidable 9 cm,21940,4,2,0.00%,0.02%,4,2,0.00%,0.01%,100.00%,0.00%,1,0,25.00%,0.00%,"9,99 €","0,00 €",1,0
B0B464Q8VS,B0B464Q8VS,CUPERINOX® Kitchen Pro | Tijeras de Cocina Profesional 21 cm Tijeras de Trinchar Carne y Pescado Acero Inoxidable Mango Ergonómico Apto Lavavajillas,21981,16,3,0.00%,0.03%,21,5,0.00%,0.03%,94.74%,100.00%,1,1,6.25%,33.33%,"9,99 €","9,99 €",1,1
B0B4B6B16Z,B0B4B6B16Z,CUPERINOX | Tijeras de manicura para uñas | Tijera corta uñas de punta redondeada para las uñas de las manos | Fabricado en Acero Inoxidable 9 cm,21939,11,0,0.00%,0.00%,15,0,0.00%,0.00%,85.71%,0.00%,1,0,9.09%,0.00%,"9,99 €","0,00 €",1,0
B0FQNZM34T,B0BRTZ2X8C,Arcos Serie Opera - Set Cuchillos de Cocina 3 piezas - Acero Inoxidable Forjado NITRUM - Mango POM - Color negro,805900_,223,5,0.05%,0.04%,274,5,0.04%,0.03%,91.85%,100.00%,1,0,0.45%,0.00%,"72,90 €","0,00 €",1,0
B0C49YM5CJ,B0C49YM5CJ,Arcos Serie Nordika - Cuchillo Deba - Acero Inoxidable NITRUM - Hoja de 170 mm - Mango de Madera Ovengkol 100% natural de bosques certificados FSC® - Embalaje 100% reciclado,168100,33,3,0.01%,0.03%,53,6,0.01%,0.04%,100.00%,100.00%,1,1,3.03%,33.33%,"47,99 €","47,99 €",1,1
B0C4B1CKSR,B0C4B1CKSR,Arcos Serie Nordika - Cuchillo Yanagiba - Acero Inoxidable NITRUM - Hoja de 240 mm - Mango de Madera Ovengkol 100% natural de bosques certificados FSC® - Embalaje 100% reciclado,168200,44,1,0.01%,0.01%,66,1,0.01%,0.01%,98.36%,0.00%,1,0,2.27%,0.00%,"49,99 €","0,00 €",1,0
B0C5X7VHZK,B0C5X7VHZK,Arcos Serie Lisboa - Cubertería de 113 piezas en Maletín de Regalo (Juego Completo) - Monoblock de una sola pieza de Acero Inoxidable - Color Plata,597500,61,1,0.01%,0.01%,81,1,0.01%,0.01%,95.83%,100.00%,1,0,1.64%,0.00%,"415,00 €","0,00 €",1,0
B0D1CXHNFM,B0CFLWSQJX,"HENDI Piedra de afilar japonesa Naniwa, profesional, 2 caras, grano 1000/3000, afilador de cuchillos, piedra de amolar y pulir, incluye caja de almacenamiento de plástico, 185x65x(H)30mm",H820674,18,1,0.00%,0.01%,22,1,0.00%,0.01%,73.68%,100.00%,1,0,5.56%,0.00%,"39,85 €","0,00 €",1,0
B0CN14GJ6L,B0CN14GJ6L,"HENDI Vitrina expositora con cubierta deslizante, mostrador Buffet, conjunto exhibidor con doble función: calentar o enfriar, kit incl. 2 bloques de gel, bandeja de acero inox, 465x315x(H)195mm, PP",H871775,28,7,0.01%,0.06%,36,8,0.01%,0.05%,81.25%,100.00%,1,1,3.57%,14.29%,"84,99 €","84,99 €",1,1
B0D1CVYQWN,B0CQMFQ2B7,"HENDI Mandolina japonesa, cortador, rebanador, manual, regulable, para vegetales, alimentos, frutas, diferentes cuchillas y grosor de corte: 0,5-9mm, acero inoxidable, PP, negro",H237922,25,0,0.01%,0.00%,28,0,0.00%,0.00%,92.59%,0.00%,1,0,4.00%,0.00%,"30,19 €","0,00 €",1,0
B0D1CZJMQ3,B0CQMRLLBB,"HENDI Emplatar Chef Kit, Juego de Herramientas de emplatado y Decorado culinario, 6 Piezas: Pinzas-cucharas-espátula, Incl. Estuche, Acero Inoxidable Satinado, Plata, poliéster, PP",H400081,63,0,0.01%,0.00%,82,0,0.01%,0.00%,64.47%,0.00%,1,0,1.59%,0.00%,"39,30 €","0,00 €",1,0
B0D1VZR8D3,B0D1VZR8D3,"HENDI Armario calentador de platos, doble, 108 platos de ⌀24 cm, 3 estantes extraíbles, de 30°C a 85°C, con 4 ruedas, calentador eléctrico de platos, 230V/800W, 592x782x(H)765mm, acero inoxidable",H250174,5,2,0.00%,0.02%,7,4,0.00%,0.02%,100.00%,100.00%,1,1,20.00%,50.00%,"599,00 €","599,00 €",1,1
B0D37Q1JGG,B0D37Q1JGG,Maton Insecticida Residual SP 600 ml,V0013,34,1,0.01%,0.01%,48,1,0.01%,0.01%,0.00%,0.00%,1,0,2.94%,0.00%,"9,99 €","0,00 €",1,0
B0G6M1C8V6,B0D4WK78XV,CUPERINOX Aceiteras para Aceite Usado | Grasera Acero Inoxidable 550ML con Filtro Metálico | Recipiente para Aceite Usado de Cocina y Grasa | Grasera Cocina Metálica 550ML 2Uds Metálico,22105+22106pack,"1,226",18,0.26%,0.16%,"1,857",23,0.28%,0.14%,99.02%,100.00%,1,0,0.08%,0.00%,"12,49 €","0,00 €",1,0
B0DB5X7S4H,B0DB5X7S4H,Arcos Serie Riviera - Juego Cuchillos Cocina 3 piezas (1 Cuchillo Mondador + 1 Santoku + 1 Cuchillo de Chef) - Hoja de Acero Inoxidable Forjado NITRUM - Mango de Polioximetileno (POM) - Color Negro,2340100,46,0,0.01%,0.00%,63,0,0.01%,0.00%,78.57%,0.00%,1,0,2.17%,0.00%,"99,99 €","0,00 €",1,0
B0DNNL6D3J,B0DNNL6D3J,Cuperinox Afilador Cuchillos | Afilador de Cuchillos Profesional | Knife Sharpener | Afilador 3 etapas | Todo tipo de cuchillos de acero y ceramica incluso cuchillo jamonero | Base Antideslizante,20775_,75,2,0.02%,0.02%,110,2,0.02%,0.01%,25.74%,0.00%,1,0,1.33%,0.00%,"11,99 €","0,00 €",1,0
B0DPLG5V7Q,B0DPJDWB77,CUPERINOX Tazas de Capuccino de Cristal - Vaso cafe - Vaso Cristal - 200ml (Set de 2) - Apto para Lavavajillas y Microondas - Aroma Series,26121_,45,0,0.01%,0.00%,59,0,0.01%,0.00%,98.25%,0.00%,1,0,2.22%,0.00%,"13,99 €","0,00 €",1,0
B0DTK92FQV,B0DTK92FQV,"HENDI Baño María Eléctrico con Grifo, 3x GN 1/3 con Tapas",H238868,29,8,0.01%,0.07%,35,10,0.01%,0.06%,96.88%,100.00%,1,0,3.45%,0.00%,"178,50 €","0,00 €",1,0
B0DVG51R3F,B0DVG51R3F,"HENDI Baño María Eléctrico, 3x GN 1/3 con Tapas",H238967,36,4,0.01%,0.04%,58,6,0.01%,0.04%,97.87%,100.00%,1,0,2.78%,0.00%,"162,50 €","0,00 €",1,0
B0DPLG5V7Q,B0DWN63DN4,CUPERINOX Tazas de Espresso de Cristal - Vaso cafe - Vaso Cristal - 80ml (Set de 4) - Apto para Lavavajillas y Microondas - Aroma Series,26120_2packs,17,2,0.00%,0.02%,20,2,0.00%,0.01%,93.33%,100.00%,1,1,5.88%,50.00%,"15,99 €","15,99 €",1,1
B0DPLG5V7Q,B0DWN7MZ3R,CUPERINOX Vaso cafe - Tazas de Espresso de Cristal - - Vaso Cristal - 80ml (Set de 6) - Apto para Lavavajillas y Microondas - Aroma Series,26120_3packs,19,0,0.00%,0.00%,20,0,0.00%,0.00%,100.00%,0.00%,1,0,5.26%,0.00%,"17,99 €","0,00 €",1,0
B0FR444FLT,B0F3JWZF69,Arcos by Chef José Andrés | Cuchillo de Chef Forjado de 15 cm para Precisión Culinaria Profesional | Hoja de Acero Inoxidable NITRUM con Borde de Seda | Mango Ergonómico de Madera de Encina,171200,247,9,0.05%,0.08%,273,9,0.04%,0.06%,75.70%,80.00%,1,0,0.40%,0.00%,"63,95 €","0,00 €",1,0
B0F9X4NXL3,B0F9GJRSSJ,"CUPERINOX Cuchillos Mesa, cuchillo carne, cuchillo mantequilla, Set 6 piezas, acero inoxidable, hoja con filo y sierra, cuchillo untar. Apto lavavajillas. Mango ergonomico",20043-6,131,2,0.03%,0.02%,171,6,0.03%,0.04%,99.34%,83.33%,1,0,0.76%,0.00%,"9,99 €","0,00 €",1,0
B0F9X4NXL3,B0F9KW1V3K,"Cuchillos Mesa, cuchillo carne, cuchillo mantequilla, Set 12 piezas, acero inoxidable, hoja con filo y sierra, cuchillo untar. Apto lavavajillas. Mango ergonomico",20043--12,540,15,0.12%,0.13%,763,19,0.12%,0.12%,98.67%,100.00%,1,0,0.19%,0.00%,"11,99 €","0,00 €",1,0
B0FJLTDB9J,B0F9LGKSXC,CUPERINOX Set 4 Herramientas Manicura y Pedicura|Alicate Pedicuro+Cortauñas Grande+Cortaúñas Mediano con Llavero+Tijera Punta Redonda|Acero Inoxidable Profesional|Uso Doméstico y Viaje,A10003,30,1,0.01%,0.01%,33,1,0.01%,0.01%,100.00%,100.00%,1,0,3.33%,0.00%,"19,99 €","0,00 €",1,0
B0FJLTDB9J,B0FB98PM7Z,CUPERINOX® Beauty Care – Pack 3 Cortauñas de Precisión | Alicate + Cortaúñas Mediano + Cortaúñas con Llavero | Acero Inoxidable Profesional | Manicura y Pedicura | Hombre y Mujer,21920+21931+21932,38,0,0.01%,0.00%,52,0,0.01%,0.00%,100.00%,0.00%,2,0,5.26%,0.00%,"25,98 €","0,00 €",1,0
B0FBRQYHVM,B0FBRLQK47,"CUPERINOX Ventilador Portatil, Camping, Exterior, Playa, Piscina, Festival| 5+ cargas movil| +48H de bateria | 20000mAh| Powerbank, Luz led, Mando a distancia y Temporizador",27001,22,1,0.00%,0.01%,30,1,0.00%,0.01%,100.00%,100.00%,1,0,4.55%,0.00%,"59,99 €","0,00 €",1,0
B0FGDJJ12N,B0FGDJJ12N,VINFERMATON – Insecticida Avispas y Nidos Exterior 600 ml | Válvula Largo Alcance hasta 4 m | Acción Profesional Inmediata | 100% MADE IN SPAIN,V0020,13,0,0.00%,0.00%,17,0,0.00%,0.00%,100.00%,0.00%,1,0,7.69%,0.00%,"11,99 €","0,00 €",1,0
B0FH71NBJL,B0FH71NBJL,"VINFERMATÓN - Pack TRIPLE ACCIÓN Insecticida contra Moscas, Mosquitos, Cucarachas, Hormigas y Avispas - 6 ud",V9090,11,0,0.00%,0.00%,13,0,0.00%,0.00%,100.00%,0.00%,1,0,9.09%,0.00%,"26,99 €","0,00 €",1,0
B0FHKQHYQ7,B0FHKQHYQ7,VINFERMATON – Insecticida Moscas y Mosquitos Sin Olor Pack 2×600 ml | Spray Eliminador Insectos Voladores Interior y Exterior | Acción Inmediata Profesional | 100% MADE IN SPAIN,9J-4FF5-2Q8R,7,0,0.00%,0.00%,7,0,0.00%,0.00%,85.71%,0.00%,1,0,14.29%,0.00%,"13,99 €","0,00 €",1,0
B08TWZYBPZ,B0FZC9C1BJ,"CUPERINOX- Set de Cuchillos Profesionales de Cocina 3 Piezas + Estuche Regalo | Chef 20 cm, Santoku 18 cm y Universal 13 cm | Acero Inoxidable Alta Precisión | Mango Ergonómico| Apto Lavavajillas",19302,825,29,0.18%,0.25%,"1,058",32,0.16%,0.20%,100.00%,100.00%,1,0,0.12%,0.00%,"29,99 €","0,00 €",1,0
B0FZCGBRVR,B0FZCGBRVR,CUPERINOX - Cuchillo Pelador Forjado Profesional 9 cm | Hoja de Acero Inoxidable de Alta Precisión | Mango Ergonómico Antideslizante | Cuchillo de Cocina para Frutas y Verduras,19304,43,2,0.01%,0.02%,54,3,0.01%,0.02%,100.00%,100.00%,1,0,2.33%,0.00%,"11,99 €","0,00 €",1,0
B0G4RT6HMS,B0G219Z94M,"BIOLEAF – Limpiacristales Sin Huellas Pack 4×750 ml (3 L) | Brillo Perfecto en Cristales, Espejos y Ventanas | Secado Rápido Sin Marcas | Fórmula Biodegradable| 100% HECHO EN ESPAÑA",3504,125,2,0.03%,0.02%,149,2,0.02%,0.01%,98.54%,100.00%,1,0,0.80%,0.00%,"18,99 €","0,00 €",1,0
B0G2CMBY2N,B0G2CMBY2N,Ambientador Marino superconcentrado. 5 litros con solo 250 ml. Ahorro Total,WC009,12,0,0.00%,0.00%,20,0,0.00%,0.00%,100.00%,0.00%,1,0,8.33%,0.00%,"12,99 €","0,00 €",1,0
B0G2DTP9QC,B0G2DTP9QC,VINFER-WINS018 –Limpiador Amoniacal Pino| Pack Ahorro: Garrafa 5L + Concentrado 250 ml | Rinde 10 Litros Totales | Desengrasante e Higienizante con Frescor Natural | 100% Made in Spain,WC018+018,6,1,0.00%,0.01%,7,1,0.00%,0.01%,100.00%,100.00%,1,1,16.67%,100.00%,"19,99 €","19,99 €",1,1
B0G4RDL3R8,B0G4RDL3R8,Arcos Sacacorchos eléctrico,607600,7,1,0.00%,0.01%,7,1,0.00%,0.01%,100.00%,100.00%,1,0,14.29%,0.00%,"49,90 €","0,00 €",1,0