ASIN (parent),ASIN (child),Título,SKU,Sesiones: total,Sesiones - Total - B2B,Porcentaje de sesiones: total,Porcentaje de sesiones: total - B2B,Visitas: total,Visitas - Total - B2B,Porcentaje de visitas: total,Porcentaje de visitas - Total - B2B,Porcentaje de ofertas destacadas (Buy Box),Porcentaje de ofertas destacadas: B2B,Unidades encargadas,Unidades encargadas - B2B,Porcentaje de unidades por sesión,Porcentaje de sesiones de unidades - B2B,Ventas de productos encargados,Ventas de productos encargados: B2B,Total de artículos de un pedido,Total de artículos de un pedido - B2B
B0FDL4Q2JB,B0FDL4Q2JB,VINFERMATON – Insecticida Avispas y Avisperos Exterior Pack 2×600 ml | Antiavispas | Alcance hasta 4 m | Acción Inmediata Profesional | 100% MADE IN SPAIN,AVISPAS_PACK_2,"8,677",478,2.09%,4.16%,"12,697",677,2.19%,4.18%,99.38%,98.39%,"2,285",299,26.33%,62.55%,"38.645,25 €","4.930,64 €","2,007",193
B0BGRT2BVV,B09G9WBKPG,Arcos Juego de 6 Cuchillos de Mesa Chuleteros Hoja 110 mm Negro 705500,705500(805109),"9,461",222,2.28%,1.93%,"13,295",318,2.29%,1.96%,42.94%,7.02%,603,0,6.37%,0.00%,"7.111,71 €","0,00 €",516,0
B09DYJY471,B08MTCRCT4,Arcos Juego Cuchillos Cocina Profesionales| Cuchillos Cocina Profesional | Cuchillos Acero Inoxidable Mango Negro | utensilios de cocina | cuchillo japones Santoku | lavavajillas (5 Piezas),816800,"6,050",104,1.46%,0.91%,"8,724",146,1.50%,0.90%,99.89%,100.00%,308,11,5.09%,10.58%,"9.130,16 €","329,97 €",305,10
B08J488ZQG,B089QP6MYJ,Arcos Juego Cuchillos Carne | 6 Piezas | Cuchillos carne cuchillo chuleteros | cubiertos acero inoxidable | Hoja 110 mm | mango monobloque | aptos lavavajillas | Caja Envase Ecológico,815600_fba,"2,894",75,0.70%,0.65%,"4,379",127,0.76%,0.78%,100.00%,100.00%,305,13,10.54%,17.33%,"8.109,57 €","379,34 €",241,4
B0CYTKGNPM,B0CW68KM18,Pelador de Cocina ARCOS - Hoja de Acero Inoxidable | Mango Ergonómico | Herramienta Versátil para Pelar Frutas y Verduras,607300,"2,046",66,0.49%,0.58%,"2,485",75,0.43%,0.46%,99.88%,100.00%,223,20,10.90%,30.30%,"1.668,27 €","148,50 €",206,7
B0H4FZYK8Z,B0FH2NLMGN,VINFERMATON Insecticida Hormigas y Cucarachas Residual | Antihormigas | Pack 2×400 ml | Efecto hasta 1 año | Interior y Exterior | Profesional Doméstico | 100% MADE IN SPAIN,V0012_PACK2,"1,412",46,0.34%,0.40%,"1,984",71,0.34%,0.44%,97.92%,93.33%,204,18,14.45%,39.13%,"3.017,34 €","262,95 €",191,17
B0G6M1C8V6,B0D4WK78XV,CUPERINOX Aceiteras para Aceite Usado | Grasera Acero Inoxidable 550ML con Filtro Metálico | Recipiente para Aceite Usado de Cocina y Grasa | Grasera Cocina Metálica 550ML 2Uds Metálico,F22105-22106,"1,066",16,0.26%,0.14%,"1,624",25,0.28%,0.15%,99.79%,100.00%,186,5,17.45%,31.25%,"2.184,26 €","59,95 €",180,4
B0GTZB24Q5,B0GTZB24Q5,"VINFERMATON- Fregasuelos Insecticida Pack 2×1L | Antihormigas y Anticucarachas | Elimina Hormigas, Cucarachas y Arañas |Uso Directo en Zócalos y Suelos| Friegasuelos Aroma Lavanda |100% MADE IN SPAIN",FriegasuelosInsecticida_Pack2,"2,236",61,0.54%,0.53%,"3,216",87,0.55%,0.54%,98.98%,100.00%,194,16,8.68%,26.23%,"2.873,21 €","235,44 €",180,14
B06XD39V8J,B06XD39V8J,VINFERMATON – Insecticida Cucarachas y Hormigas Residual 400 ml | Spray Efecto Duradero para Interior y Exterior | Profesional Doméstico | 100 % MADE IN SPAIN,V0012_,"1,620",57,0.39%,0.50%,"2,296",78,0.40%,0.48%,43.89%,19.23%,209,13,12.90%,22.81%,"1.587,91 €","97,47 €",169,5
B08MT437W9,B08MT437W9,Arcos Juego Cuchillos Cocina Profesionales| Cuchillos Cocina Profesional | 6 pzas | Cuchillos Acero Inoxidable Mango Negro | utensilios de cocina serie Niza | Apto lavavajillas,812900,"2,335",41,0.56%,0.36%,"3,311",56,0.57%,0.35%,99.90%,100.00%,163,5,6.98%,12.20%,"5.283,30 €","164,90 €",162,5
B09DYJY471,B08MQJCD2V,Arcos Juego Cuchillos Cocina Profesionales| Cuchillos Cocina Profesional | Cuchillos Acero Inoxidable Mango Negro | utensilios de cocina | cuchillo japones Santoku | lavavajillas (4 Piezas),816900,"1,991",38,0.48%,0.33%,"2,666",57,0.46%,0.35%,99.76%,100.00%,154,4,7.73%,10.53%,"3.951,84 €","99,45 €",154,4
B0F1N351DY,B072FGV2YH,Arcos Juego de 6 Cuchillos Mondadores Acero Inoxidable 100 mm,189100,"13,745",368,3.32%,3.21%,"18,761",491,3.24%,3.03%,8.95%,2.37%,160,0,1.16%,0.00%,"2.611,26 €","0,00 €",145,0
B07YM65C6J,B007TS6HMQ,ARCOS Pinza para Pescado Acero Inoxidable,605000_caja,630,24,0.15%,0.21%,906,30,0.16%,0.19%,96.90%,22.73%,147,5,23.33%,20.83%,"1.339,54 €","44,61 €",139,4
B0FJLTDB9J,B09RP6V156,"CUPERINOX® Alicates para pedicura, Profesional, Cortaúñas de Pies, Acero Inoxidable, Mango Ergonómico Antideslizante, Fácil Limpieza, Con Funda, 2 Años de Garantía",21920AM,"1,160",30,0.28%,0.26%,"1,708",38,0.29%,0.23%,99.35%,100.00%,150,17,12.93%,56.67%,"1.585,51 €","159,84 €",139,12
B0FH2NLMGN,B0FH2NLMGN,VINFERMATON Insecticida Hormigas y Cucarachas Residual | Antihormigas | Pack 2×400 ml | Efecto hasta 1 año | Interior y Exterior | Profesional Doméstico | 100% MADE IN SPAIN,V0012_PACK2,"1,045",30,0.25%,0.26%,"1,378",37,0.24%,0.23%,98.96%,96.15%,145,15,13.88%,50.00%,"2.173,55 €","224,85 €",130,13
B08GSTDWTC,B08LVVQ3ZQ,"Arcos Serie Nova - Cuchillo para pelar, Acero Inoxidable NITRUM, Envase Ecológico, 3 colores Fucsia, Turquesa y Amarillo",703700_,"1,676",24,0.40%,0.21%,"2,254",28,0.39%,0.17%,83.24%,93.75%,137,6,8.17%,25.00%,"1.424,95 €","62,94 €",124,4
B0FDL4Q2JB,B0FDL4Q2JB,VINFERMATON – Insecticida Avispas y Avisperos Exterior Pack 2×600 ml | Antiavispas | Alcance hasta 4 m | Acción Inmediata Profesional | 100% MADE IN SPAIN,V0020_PACK_Fba,"8,677",478,2.09%,4.16%,"12,697",677,2.19%,4.18%,99.38%,98.39%,128,7,1.48%,1.46%,"2.366,72 €","129,43 €",121,5
B0FGDF2SHZ,B0FGDF2SHZ,VINFERMATON Antihormigas Efecto Permanente | Insecticida Cucarachas y Hormigas Pack 2×600 ml | Efecto hasta 1 año | Interior y Exterior | Profesional y Doméstico | MADE IN SPAIN,V0013_PACK2,"1,150",35,0.28%,0.30%,"1,597",52,0.28%,0.32%,85.40%,94.12%,136,12,11.83%,34.29%,"2.117,57 €","180,69 €",121,7
B017HKRCGK,B005LR7A1Y,ARCOS Bolsa para Cuchillos 100% Poliéster 460x275 mm,690200_,"1,799",37,0.43%,0.32%,"3,005",56,0.52%,0.35%,54.12%,60.61%,113,3,6.28%,8.11%,"1.790,75 €","46,47 €",108,3
B09DYJY471,B08MTCRCT4,Arcos Juego Cuchillos Cocina Profesionales| Cuchillos Cocina Profesional | Cuchillos Acero Inoxidable Mango Negro | utensilios de cocina | cuchillo japones Santoku | lavavajillas (5 Piezas),816800fbm,"6,050",104,1.46%,0.91%,"8,724",146,1.50%,0.90%,99.89%,100.00%,111,9,1.83%,8.65%,"3.321,75 €","260,27 €",107,7
B09KJLG7BT,B08KW4BFZ9,CUPERINOX Jamonero Profesional | Soporte jamonero Tipo Gondola| Base de Corte para Usar con Cuchillo jamonero | Jamon iberico | Fabricado en España,2020CUP,689,8,0.17%,0.07%,"1,004",11,0.17%,0.07%,94.99%,100.00%,112,11,16.26%,137.50%,"1.494,28 €","146,90 €",105,6
B0DNNL2TZQ,B0DNN57WC1,"CUPERINOX Aceitera de Cristal Antigoteo para Aceite de Oliva, Resistente y Fácil de Limpiar Gourmet Oil Collection (250 Ml)",22022,551,9,0.13%,0.08%,773,11,0.13%,0.07%,100.00%,100.00%,117,4,21.23%,44.44%,"1.366,01 €","47,96 €",105,1
B017HKSTCQ,B00CFN1M6Q,ARCOS Tijeras de Cocina Multiusos 200 mm,809700_FBA,"3,087",101,0.74%,0.88%,"4,670",153,0.81%,0.95%,12.91%,5.45%,97,2,3.14%,1.98%,"1.157,79 €","23,86 €",94,1
B0F4WTVT1Z,B09GPS4SQN,"HENDI Pasta combustible para Chafing Dish, 12 x 200 g",H194362,655,54,0.16%,0.47%,993,84,0.17%,0.52%,95.56%,77.55%,101,12,15.42%,22.22%,"2.002,51 €","232,94 €",87,10
B09N7S17J6,B09D3YRGL9,"CUPERINOX Navaja Plegable Multiusos – Hoja de Acero Inoxidable 80 mm (Filo Liso + Serrado), Punta Rompevidrios, Apertura Rápida, Clip de Cinturón, Herramienta para Camping, Caza, Pesca y Supervivencia",30061_,"1,249",23,0.30%,0.20%,"1,744",27,0.30%,0.17%,98.44%,100.00%,94,4,7.53%,17.39%,"930,56 €","39,96 €",86,4
B0CVH8PC99,B0CQTJ6T66,"CUPERINOX® Cuchillos de Mesa Acero Inoxidable – Set Profesional 12 Piezas con Hoja Serrada de 11 cm y Mango Ergonómico Antideslizante – Para Carne, Verduras y Pescado",99922,"1,114",32,0.27%,0.28%,"1,589",43,0.27%,0.27%,100.00%,100.00%,86,10,7.72%,31.25%,"1.011,74 €","119,90 €",82,10
B071PB1GX3,B071PB1GX3,WINS 007 - Friegasuelos Perfumado | Garrafa 5 L,WINS007,458,41,0.11%,0.36%,608,63,0.10%,0.39%,79.86%,96.23%,129,63,28.17%,153.66%,"1.254,64 €","598,80 €",80,33
B0FBRQYHVM,B0FBRNCHGJ,"CUPERINOX® Ventilador Portátil Silencioso y Recargable con Power Bank 20000mAh, +50H de batería – Ventilador de Mesa USB con Mando, Luz LED y 4 Velocidades – Ideal para Dormir, Camping y Hogar.",A27000,"1,258",50,0.30%,0.44%,"2,157",85,0.37%,0.53%,99.73%,100.00%,74,0,5.88%,0.00%,"4.442,25 €","0,00 €",71,0
B08M9NWMW8,B08M9NWMW8,Arcos Juego de Cuchillos de Cocina Profesional y Afilador | 7 Piezas | Acero Inoxidable | Taco de Madera | Serie Niza | Uso Cotidiano | Apto para Lavavajillas,835800FBM,"1,702",36,0.41%,0.31%,"2,514",53,0.43%,0.33%,99.59%,100.00%,68,4,4.00%,11.11%,"3.694,76 €","213,90 €",67,3
B0H4FZYK8Z,B0H3Q8F8RW,"VINFERMATÓN Antihormigas y Anticucarachas Pack 3 Insecticida Residual 400 ml x 3 | Total 1,2L | Efecto hasta 1 Año | Interior y Exterior | Spray Profesional",RESIDUAL400ML_PACK3,392,21,0.09%,0.18%,548,24,0.09%,0.15%,99.40%,100.00%,71,9,18.11%,42.86%,"1.339,55 €","167,55 €",66,7
B09GSCQQF9,B07G77FNSF,"Arcos Serie Cuchillos de Mesa Caja 12 uds Cuchillo Postre, Hoja Serrada de Acero Inoxidable NITRUM de 105 mm, Mango Polipropileno Color crema (12 UDS)",370100_,365,8,0.09%,0.07%,542,11,0.09%,0.07%,98.77%,100.00%,76,14,20.82%,175.00%,"1.380,52 €","255,46 €",65,5
B08DV2WMBQ,B089M821V5,Arcos Cuchillos Carne | 6 pzas | Cuchillos chuleteros Set Cuchillo de Mesa Sierra | Mango Madera | Hoja 110 mm | Cuchillos Carne Mesa | Apto lavavajillas | Envase Carton | Ecologico,815500_,"1,282",29,0.31%,0.25%,"1,835",40,0.32%,0.25%,99.76%,100.00%,76,10,5.93%,34.48%,"2.246,28 €","299,94 €",63,8
B0GY2G2Y86,B08JCVQ4QL,"Arcos Series Niza - Juego de Cuchillos Cocina, 6 Piezas, Cuchillos Verduras 110 mm, + Cuchillo Mesa, Envase 100% Ecológico, Acero Inoxidable NITRUM",809400_,"1,731",32,0.42%,0.28%,"2,548",52,0.44%,0.32%,99.64%,100.00%,64,3,3.70%,9.38%,"1.279,69 €","59,97 €",63,3
B095SDL23Y,B095SDL23Y,Arcos | cuchillos de mesa (6 ud) | cuchillos acero inoxidable con sierra cuchillo chuletero cuchillos chuleteros | Fabricado en España,813000_fbm,783,21,0.19%,0.18%,"1,090",28,0.19%,0.17%,99.49%,100.00%,67,0,8.56%,0.00%,"1.072,33 €","0,00 €",61,0
B0FBRQYHVM,B0FBRNCHGJ,"CUPERINOX® Ventilador Portátil Silencioso y Recargable con Power Bank 20000mAh, +50H de batería – Ventilador de Mesa USB con Mando, Luz LED y 4 Velocidades – Ideal para Dormir, Camping y Hogar.",27000,"1,258",50,0.30%,0.44%,"2,157",85,0.37%,0.53%,99.73%,100.00%,63,10,5.01%,20.00%,"3.424,89 €","473,61 €",61,9
B0H6BQ4BG5,B0H3Q5DQZ4,VINFERMATÓN Pack 2 Insecticida Mosquitos y Moscas Concentrado Matón PS 250 ml | Spray para Insectos Voladores |Acción Inmediata|Con Piretrinas Sintéticas|Formato Ligero con Dosificación Controlad,MATONPS_PACK2,226,9,0.05%,0.08%,331,15,0.06%,0.09%,98.42%,100.00%,79,10,34.96%,111.11%,"1.233,56 €","129,47 €",61,1
B0FHQJSLGJ,B0FHQJSLGJ,"VINFERMATON - Insecticida Antipolillas Perfumado | Pack 3 x 300 ml | Protección para Armarios, Ropa y Tejidos | Elimina Polillas y Larvas | Aroma Agradable | Uso en Ambientes y Textiles",V1308_PACK3,439,7,0.11%,0.06%,637,7,0.11%,0.04%,99.64%,100.00%,59,3,13.44%,42.86%,"750,37 €","36,71 €",54,2
B0F9TD2LTH,B09CL776WP,CUPERINOX® Cuchillos de Mesa Acero Inoxidable – Set 12 Cuchillos para Carne con Filo Dentado – Aptos Lavavajillas – Uso Diario y Profesional,15015,"1,098",74,0.26%,0.64%,"1,750",140,0.30%,0.86%,99.49%,98.28%,88,44,8.01%,59.46%,"1.772,60 €","847,29 €",52,21
B0DNNL2TZQ,B0DNN4J6Q8,"CUPERINOX Aceitera antigoteo cristal para Aceite de Oliva, Vinagre etc. A prueba de fugas, Aceitera cristal antigoteo tambien aceiteros cocina ideal para Ensaladas, BBQ, cooking oil container (125 ML)",22021,530,14,0.13%,0.12%,733,17,0.13%,0.11%,100.00%,100.00%,56,6,10.57%,42.86%,"626,66 €","60,30 €",51,3
B0DNNL2TZQ,B0DNNF3839,"CUPERINOX Aceitera de Cristal Antigoteo para Aceite de Oliva, Resistente y Fácil de Limpiar Gourmet Oil Collection (1000 Ml)",22024_,563,25,0.14%,0.22%,884,39,0.15%,0.24%,99.88%,100.00%,55,5,9.77%,20.00%,"970,45 €","86,95 €",49,4
B0752X1ZCK,B07G77NN26,Arcos Cuchillos de Mesa - Caja de 12 uds Cuchillo Chuletero Cuchillo de Mesa - Hoja de Acero Inoxidable NITRUM 110 mm - Mango de Nylon - Color Negro (12 uds),803000,884,24,0.21%,0.21%,"1,301",44,0.22%,0.27%,98.01%,100.00%,51,1,5.77%,4.17%,"1.462,03 €","28,99 €",48,1
B0F9TD2LTH,B09CL776WP,CUPERINOX® Cuchillos de Mesa Acero Inoxidable – Set 12 Cuchillos para Carne con Filo Dentado – Aptos Lavavajillas – Uso Diario y Profesional,15015_,"1,098",74,0.26%,0.64%,"1,750",140,0.30%,0.86%,99.49%,98.28%,76,3,6.92%,4.05%,"1.655,06 €","71,98 €",46,1
B0DNNL2TZQ,B0DNNFGWNJ,"CUPERINOX Aceitera de Cristal Antigoteo para Aceite de Oliva, Resistente y Fácil de Limpiar Gourmet Oil Collection (500 Ml)",22023,513,17,0.12%,0.15%,724,21,0.12%,0.13%,100.00%,100.00%,48,0,9.36%,0.00%,"709,52 €","0,00 €",46,0
B0752X4WV1,B005LR73R0,Arcos Juego Chuleteros Mango Madera 110 mm,372000,"4,475",102,1.08%,0.89%,"6,400",160,1.10%,0.99%,12.50%,7.27%,56,0,1.25%,0.00%,"1.337,36 €","0,00 €",45,0
B08J488ZQG,B089QP6MYJ,Arcos Juego Cuchillos Carne | 6 Piezas | Cuchillos carne cuchillo chuleteros | cubiertos acero inoxidable | Hoja 110 mm | mango monobloque | aptos lavavajillas | Caja Envase Ecológico,815600_,"2,894",75,0.70%,0.65%,"4,379",127,0.76%,0.78%,100.00%,100.00%,75,26,2.59%,34.67%,"1.968,38 €","656,73 €",45,10
B0CYTKGNPM,B0CW66H3TR,Pelador de Tomate ARCOS - Hoja Serrada de Acero Inoxidable | Mango Ergonómico | Ideal para Tomates,607420,"1,191",29,0.29%,0.25%,"1,370",32,0.24%,0.20%,94.33%,95.45%,44,0,3.69%,0.00%,"351,56 €","0,00 €",43,0
B0189HXS8Q,B017DLLIUO,Arcos Navaja Profesional Acero Inoxidable 85 mm,485929_,773,22,0.19%,0.19%,"1,102",27,0.19%,0.17%,88.92%,93.33%,67,25,8.67%,113.64%,"480,95 €","172,25 €",40,3
B0GY2G2Y86,B08JCVQ4QL,"Arcos Series Niza - Juego de Cuchillos Cocina, 6 Piezas, Cuchillos Verduras 110 mm, + Cuchillo Mesa, Envase 100% Ecológico, Acero Inoxidable NITRUM",809400,"1,731",32,0.42%,0.28%,"2,548",52,0.44%,0.32%,99.64%,100.00%,44,0,2.54%,0.00%,"879,56 €","0,00 €",40,0
B0FT8NPR4X,B0FT8NPR4X,BIOLEAF® – Gel WC + Desincrustante Baños Pack 2×750 ml | Limpieza Antical Baño | Fórmula Biodegradable con Esencias Marinas | Dermatológicamente Testado|100% MADE IN SPAIN,3429,633,6,0.15%,0.05%,757,6,0.13%,0.04%,98.19%,83.33%,40,3,6.32%,50.00%,"396,10 €","29,97 €",40,3
B0CVH8PC99,B0CQTJ6T66,"CUPERINOX® Cuchillos de Mesa Acero Inoxidable – Set Profesional 12 Piezas con Hoja Serrada de 11 cm y Mango Ergonómico Antideslizante – Para Carne, Verduras y Pescado",99901_12pzs,"1,114",32,0.27%,0.28%,"1,589",43,0.27%,0.27%,100.00%,100.00%,41,11,3.68%,34.38%,"483,16 €","123,06 €",38,8
B0752X4WZ6,B00TA4O5YO,ARCOS Pinzas para Emplatar Acero Inoxidable 300 mm,606200,"1,164",31,0.28%,0.27%,"1,465",39,0.25%,0.24%,34.73%,0.00%,40,0,3.44%,0.00%,"459,79 €","0,00 €",37,0
B0D73CM824,B0D73CM824,"Arcos Cuchillo Mesa | Cuchillo Chuletero | Cuchillo Carne| Cuchillo de Mesa | Pack 12 Unidades| Hoja de Acero Inoxidable115 mm, Mango de Polipropileno Color Negro",740000,"1,377",30,0.33%,0.26%,"2,000",53,0.34%,0.33%,100.00%,100.00%,37,1,2.69%,3.33%,"1.140,43 €","30,99 €",37,1
B0189HXS8Q,B015QGR3CK,Arcos Serie Navajas Profesionales - Navaja Profesional - Hoja Filo de Acero Inoxidable NITRUM de 85 mm - Navaja de Acero Inoxidable Color amarillo,485900_fba,608,7,0.15%,0.06%,825,10,0.14%,0.06%,97.10%,100.00%,37,0,6.09%,0.00%,"262,92 €","0,00 €",36,0
B0DKP7F29P,B0DJBZ1M2L,Arcos Serie Samoa Iconic | Sarten Antiadherente Cerámico 24 cm | Aluminio Forjado | Apta cualquier cocina | Mango Acero Inoxidable | Apta lavavajillas | Color Beige | LIBRE DE (PFOA/PTFE/PFOS),716324,737,21,0.18%,0.18%,"1,049",30,0.18%,0.19%,84.92%,89.47%,37,3,5.02%,14.29%,"1.394,04 €","115,49 €",36,3
B0788NSRGR,B0788NSRGR,WINS-Detergente Máquinas Lavavajillas Profesional Aguas Duras 012 | Garrafa 5 L | Limpieza Potente de Vajilla en Lavavajillas Industriales | Uso Profesional | 100% Made in Spain,WINS012_5l,130,23,0.03%,0.20%,176,34,0.03%,0.21%,73.55%,96.67%,46,21,35.38%,91.30%,"755,20 €","335,45 €",35,14
B0FHKQHYQ7,B0FHKQHYQ7,VINFERMATON – Insecticida Moscas y Mosquitos Sin Olor Pack 2×600 ml | Spray Eliminador Insectos Voladores Interior y Exterior | Acción Inmediata Profesional | 100% MADE IN SPAIN,9J-4FF5-2Q8R,218,17,0.05%,0.15%,292,18,0.05%,0.11%,96.23%,100.00%,42,11,19.27%,64.71%,"591,97 €","148,28 €",35,8
B08M7BMR2S,B08LNRV6N6,"Arcos Afiladores, Afilador de Cuchillos de Mano, Hecho de ABS + TPE, Rodillos Cerámico y Carburo, Color Blanco y Negro",610624,791,15,0.19%,0.13%,987,18,0.17%,0.11%,99.58%,92.31%,34,3,4.30%,20.00%,"454,30 €","38,72 €",34,3
B08J488ZQG,B0987N2CBR,Arcos Juego Cuchillos Carne | 6 Piezas | Cuchillos carne cuchillo chuleteros | cubiertos acero inoxidable | Hoja 110 mm | mango monobloque | aptos lavavajillas | Caja Envase Ecológico,814000_fba,718,17,0.17%,0.15%,903,19,0.16%,0.12%,100.00%,100.00%,39,0,5.43%,0.00%,"1.079,01 €","0,00 €",34,0
B09NT4VRN7,B0812BKN39,Arcos Juego de Cuchillos Mondadores de 3 Piezas,859800_barras_arcos,"24,323",440,5.87%,3.83%,"32,256",606,5.56%,3.74%,1.75%,0.49%,35,1,0.14%,0.23%,"351,30 €","10,25 €",33,1
B0H4FXVLKL,B0786LYQTP,VINFER- Limpiador y Abrillantador Inox 600 ml | Limpieza y Protección Acero Inoxidable | Efecto Brillo Duradero | Desengrasa y Cuida Superficies Inoxidables | Spray Profesional,VP_Inox600Ml,221,10,0.05%,0.09%,294,13,0.05%,0.08%,89.71%,100.00%,38,9,17.19%,90.00%,"294,04 €","69,07 €",32,3
B0FDKX6V41,B0FDKX6V41,VINFERMATON – Insecticida Moscas y Mosquitos Perfume Limón Pack 2×600 ml | Spray Eliminador Insectos Voladores Interior y Exterior | Acción Inmediata Profesional | 100% MADE IN SPAIN,V0009_PACK2,166,5,0.04%,0.04%,220,7,0.04%,0.04%,97.54%,80.00%,40,7,24.10%,140.00%,"479,00 €","83,33 €",32,4
B017HKG9PK,B0044R87RS,Arcos Cuchillo para Maitre Negro 215 mm,151000,"2,122",57,0.51%,0.50%,"3,161",86,0.55%,0.53%,23.57%,11.11%,37,8,1.74%,14.04%,"554,64 €","119,93 €",31,4
B0G3ZJ89NB,B0G2MTVR24,Set Jamonero Profesional Premium - Soporte Jamonero de Bambú Giratorio + Cuchillo Jamonero 25 cm con Alvéolos + Cuchillo Deshuesador + Afilador 3 Ranuras | Maestros del Corte by Cuperinox,20271,404,7,0.10%,0.06%,659,16,0.11%,0.10%,99.30%,100.00%,31,1,7.67%,14.29%,"1.530,93 €","49,99 €",31,1
B093DSL44T,B07F9RV81Z,Arcos Cuchillo Chuletero de 4 Pulgadas con Hoja de 105mm en Acero Inoxidable y Mango de Madera. Cuchillo para Carne Apto para Lavavajillas. Serie Latina. Color Marrón,100400_fba,933,13,0.23%,0.11%,"1,450",22,0.25%,0.14%,55.62%,100.00%,41,1,4.39%,7.69%,"1.475,59 €","35,99 €",30,1
B0CYTKGNPM,B0843DQCF5,ARCOS Pelador de Verduras en Juliana de Acero Inoxidable Cromado 130 Mm. Pelador Profesional para Cortes en Juliana de Verduras y Hortalizas. Apto Lavavajillas. Color Plata,607200,"1,226",40,0.30%,0.35%,"1,412",48,0.24%,0.30%,98.44%,90.32%,30,2,2.45%,5.00%,"223,52 €","13,68 €",30,2
B0DKP7F29P,B0DJBZPLJF,Arcos Serie Samoa Iconic | Sarten Antiadherente Cerámico 28 cm | Aluminio Forjado | Apta cualquier cocina | Mango Acero Inoxidable | Apta lavavajillas | Color Beige | LIBRE DE (PFOA/PTFE/PFOS),716524,500,15,0.12%,0.13%,746,26,0.13%,0.16%,97.55%,92.86%,31,2,6.20%,13.33%,"1.393,45 €","89,90 €",30,2
B0FHKR4Q45,B0FHKR4Q45,VINFERMATON – Insecticida Cucarachas y Hormigas | Antihormigas Instantáneo Pack 3×300 ml | Spray Eliminador Insectos Rastreros Interior y Exterior | Acción Rápida Profesional | MADE IN SPAIN,V101302_PACK3,488,11,0.12%,0.10%,655,12,0.11%,0.07%,99.32%,100.00%,32,3,6.56%,27.27%,"413,52 €","37,02 €",30,3
B07G75XCXM,B07G75XCXM,"Arcos Serie Cuchillos de Mesa Caja 12 uds Cuchillo Mesa, Hoja Serrada de Acero Inoxidable NITRUM de 125 mm, Mango Polipropileno Color crema (12 UDS)",370200_fbm,375,8,0.09%,0.07%,583,26,0.10%,0.16%,99.19%,100.00%,31,2,8.27%,25.00%,"613,69 €","39,98 €",29,2
B0C4DTYRJW,B071LGMMGV,Arcos Juego Cuchillos Cocina Profesionales| Cuchillos Cocina Profesional Set Cuchillos | Mango Negro (3 Piezas),862600,884,24,0.21%,0.21%,"1,416",37,0.24%,0.23%,99.85%,100.00%,28,2,3.17%,8.33%,"1.119,72 €","79,98 €",28,2
B08G8QHY23,B08G8QHY23,Arcos | cuchillos chuleteros cuchillo madera cuchillo chuletero | 6 Piezas | juego cuchillos carne | cuchillos mango madera | Envase Eco | Fabricado en España,809300_,489,6,0.12%,0.05%,693,8,0.12%,0.05%,100.00%,100.00%,40,4,8.18%,66.67%,"956,39 €","95,98 €",28,1
B0BGRT2BVV,B09G9WBKPG,Arcos Juego de 6 Cuchillos de Mesa Chuleteros Hoja 110 mm Negro 705500,805109_uss,"9,461",222,2.28%,1.93%,"13,295",318,2.29%,1.96%,42.94%,7.02%,33,4,0.35%,1.80%,"395,67 €","47,96 €",28,3
B0CN13SJ98,B0CN13SJ98,"HENDI Expositor con cubierta deslizante roll-top, Doble",H871768,524,70,0.13%,0.61%,864,101,0.15%,0.62%,82.85%,66.67%,29,9,5.53%,12.86%,"1.352,38 €","396,59 €",27,8
B0CVH8PC99,B0CQTKPL63,CUPERINOX Cuchillos Carne | Cuchillos Mesa | Cuchillos Chuleteros | 24 Piezas | Hoja Serrada | Mango Polipropileno | Acero Inoxidable | 11 cm,99901_24pzs,315,26,0.08%,0.23%,441,41,0.08%,0.25%,99.75%,100.00%,48,12,15.24%,46.15%,"938,52 €","218,88 €",27,6
B0DKP7F29P,B0DJBZ7G4Y,Arcos Serie Samoa Iconic | Sarten Antiadherente Cerámico 20 cm | Aluminio Forjado | Apta cualquier cocina | Mango Acero Inoxidable | Apta lavavajillas | Color Beige | LIBRE DE (PFOA/PTFE/PFOS),716124,591,9,0.14%,0.08%,824,12,0.14%,0.07%,76.44%,100.00%,27,1,4.57%,11.11%,"917,21 €","33,95 €",27,1
B0DNNKT1W2,B0DNNFJ5J7,"Cuperinox-Tetera de Cristal con Infusor para Té e Infusiones, Resistente al Calor y Compatible con Microondas ** - Infusion Prestige Collection (350 ml)",26110_,473,20,0.11%,0.17%,616,29,0.11%,0.18%,99.63%,100.00%,43,9,9.09%,45.00%,"638,83 €","134,92 €",27,3
B0G6M1C8V6,B0G6L13H45,"CUPERINOX Graseras 1 Litro Acero Inoxidable para Carne y Pescado con Filtro de Malla Fina – Recipiente para Aceite Usado, Antigoteo, Tapa Antisalpicaduras – Gourmet Oil Collection",22121,250,4,0.06%,0.03%,356,6,0.06%,0.04%,96.08%,100.00%,27,1,10.80%,25.00%,"396,73 €","14,99 €",27,1
B08G8QCM5H,B08G8QCM5H,ARCOS cuchillo pelador | 6 PIEZAS | cuchillo de pelar | cuchillos pelar patatas | Hoja 100 mm | Negro | cuchillo arcos pelador Acero Inoxidable,816500_,577,32,0.14%,0.28%,778,46,0.13%,0.28%,99.71%,100.00%,25,3,4.33%,9.38%,"473,72 €","57,10 €",25,3
B017HKRCGK,B005LR7AWI,ARCOS Bolsa Portacuchillos 8 Piezas Poliéster 500x510mm,690400_,726,20,0.18%,0.17%,"1,036",30,0.18%,0.19%,45.11%,31.25%,24,0,3.31%,0.00%,"599,76 €","0,00 €",24,0
B073JC3QG7,B073JC3QG7,"VINFER- Abrillantador Mopas Spray 750 ml | Limpieza, Protege y Abrillanta Parquet, Terrazo, Mármol, Linóleum y Gres | Formato Profesional",VP_MOPAS_NARANJA,208,9,0.05%,0.08%,304,16,0.05%,0.10%,74.90%,100.00%,29,1,13.94%,11.11%,"289,71 €","9,99 €",24,1
B017HKRCGK,B005LR7C44,ARCOS Bolsa Portacuchillos 12 Piezas Poliéster 730x510mm,690500_,709,17,0.17%,0.15%,"1,097",23,0.19%,0.14%,43.98%,66.67%,24,1,3.39%,5.88%,"671,02 €","27,94 €",23,1
B0DNNL2TZQ,B0DNNFGWNJ,"CUPERINOX Aceitera de Cristal Antigoteo para Aceite de Oliva, Resistente y Fácil de Limpiar Gourmet Oil Collection (500 Ml)",22023_,513,17,0.12%,0.15%,724,21,0.12%,0.13%,100.00%,100.00%,24,4,4.68%,23.53%,"349,42 €","49,74 €",23,4
B0F9X4NXL3,B0F9KW1V3K,"Cuchillos Mesa, cuchillo carne, cuchillo mantequilla, Set 12 piezas, acero inoxidable, hoja con filo y sierra, cuchillo untar. Apto lavavajillas. Mango ergonomico",20043_12,859,24,0.21%,0.21%,"1,135",39,0.20%,0.24%,99.32%,96.00%,31,8,3.61%,33.33%,"362,52 €","86,75 €",23,3
B0FT8QFSK3,B0FT8QFSK3,BIOLEAF® – Multiusos + Desengrasante Pack 2×750 ml | Limpieza Hogar y Cocina | Potente Antigrasa y Multiusos Brillo Duradero | Fórmula Biodegradable con Esencia Limón | 100% MADE IN SPAIN,3443,286,2,0.07%,0.02%,353,2,0.06%,0.01%,97.60%,100.00%,23,0,8.04%,0.00%,"228,77 €","0,00 €",23,0
B08TWZYBPZ,B0FZC9C1BJ,"CUPERINOX- Set de Cuchillos Profesionales de Cocina 3 Piezas + Estuche Regalo | Chef 20 cm, Santoku 18 cm y Universal 13 cm | Acero Inoxidable Alta Precisión | Mango Ergonómico| Apto Lavavajillas",19302_FBA,"1,068",19,0.26%,0.17%,"1,421",19,0.25%,0.12%,99.62%,92.31%,25,6,2.34%,31.58%,"749,75 €","179,94 €",23,4
B08LVZCG23,B08LVZCG23,Arcos Juego de Cuchillos de Cocina Rosa | 3 pz | Cuchillo Chef para pelar Verduras | Edición Limitada | Solidaria,814500_fba,"1,667",27,0.40%,0.24%,"2,168",30,0.37%,0.19%,99.95%,100.00%,25,1,1.50%,3.70%,"748,75 €","28,99 €",22,1
B08M5K93QF,B08M5K93QF,Arcos Juego Cuchillos Mesa | 6 Uds | Cuchillo Postre | Cuchillos Mesa | Cuchillo Carne | Hoja 105 mm | Acero Inoxidable Martensítico | Mango Polipropileno | Apto lavavajillas | Envase Ecológico,703500_etq,169,2,0.04%,0.02%,237,2,0.04%,0.01%,100.00%,100.00%,28,3,16.57%,150.00%,"304,12 €","35,97 €",22,1
B0DVT6KPDV,B0DT75PQN7,"CUPERINOX Kit Cocina Montessori | Cuchillos Niños Aprendizaje +2 Años | Set Completo de Cuchillos Infantiles de 17 Piezas | Incluye Tijeras, Moldes, Batidor, Tabla y Cuchillo Seguro",27017_,170,4,0.04%,0.03%,252,5,0.04%,0.03%,100.00%,100.00%,22,0,12.94%,0.00%,"333,90 €","0,00 €",22,0
B0H6BQ4BG5,B00UCCGND4,Vinfermatón - Insecticida Mosquitos y Moscas Concentrado Matón PS 250ml,V00002,790,30,0.19%,0.26%,"1,324",51,0.23%,0.32%,12.15%,20.00%,45,7,5.70%,23.33%,"374,58 €","52,88 €",21,2
B0937XXT33,B01CQT1B5U,"Arcos Cuchillos de Mesa Juego de Cuchillos Chuleteros Cuchillos de Mesa, Monoblock de una pieza de Acero Inoxidable 110 mm, Color Plata (12 uds)",702000,398,16,0.10%,0.14%,628,23,0.11%,0.14%,76.17%,100.00%,26,3,6.53%,18.75%,"1.247,74 €","143,97 €",21,2
B089MW6B1B,B078JNZS9T,Arcos Estuche de 3 Cuchillos Básicos de Cocina. Pack de Cuchillos con Hoja de Acero Inoxidable y Mango de Polieximetileno Aptos para Lavavajillas. Serie Universal. Color Negro,807400_us,"3,712",76,0.90%,0.66%,"5,161",115,0.89%,0.71%,16.17%,35.62%,22,2,0.59%,2.63%,"965,78 €","85,98 €",21,2
B0FR444FLT,B07JJGXYZD,Arcos Set Cocina Serie Manhattan,858100,"1,009",24,0.24%,0.21%,"1,445",37,0.25%,0.23%,98.64%,93.33%,21,1,2.08%,4.17%,"1.682,15 €","81,99 €",21,1
B0FT8N82NY,B0FT8N82NY,BIOLEAF® – Lavavajillas+ Desengrasante Cocina Pack 2×750 ml | Limpieza Potente Antigrasa y Vajilla Reluciente | Fórmula Biodegradable con Esencia Limón | Dermatológicamente Testado| 100% MADE IN SPAIN,3436,264,2,0.06%,0.02%,336,2,0.06%,0.01%,99.35%,100.00%,21,0,7.95%,0.00%,"208,79 €","0,00 €",21,0
B093DXB2PK,B00MDJVRG2,Arcos Latina Cuchillo para Verduras Acero Inoxidable 105 mm,100500_1_pieza,176,3,0.04%,0.03%,252,5,0.04%,0.03%,99.53%,100.00%,39,0,22.16%,0.00%,"190,61 €","0,00 €",20,0
B08M99RZRV,B08M99RZRV,Arcos | Cuchillo Jamonero Cuchillo deshuesador | 2 Uds | Set cuchillos jamoneros 250 mm y cuchillo deshuesador (140 mm) jamonero profesional | cuchillo carnicero profesional | Eco,703800,363,9,0.09%,0.08%,501,16,0.09%,0.10%,99.78%,100.00%,20,2,5.51%,22.22%,"800,46 €","79,98 €",20,2
B0FBRQYHVM,B0FBRLQK47,"CUPERINOX Ventilador Portatil, Camping, Exterior, Playa, Piscina, Festival| 5+ cargas movil| +48H de bateria | 20000mAh| Powerbank, Luz led, Mando a distancia y Temporizador",A270001,459,22,0.11%,0.19%,661,33,0.11%,0.20%,100.00%,100.00%,23,0,5.01%,0.00%,"1.382,74 €","0,00 €",20,0
B0G4S268RT,B0G21QLYZ1,"BIOLEAF–Lavavajillas Manual Pack 2×750 ml (1,5 L) – Detergente Concentrado Desengrasante – Vajilla Brillante y Aclarado Fácil – Biodegradable – Sin Disruptores Endocrinos",2699,126,0,0.03%,0.00%,154,0,0.03%,0.00%,100.00%,0.00%,20,0,15.87%,0.00%,"198,30 €","0,00 €",20,0
B07ZJ8ZJ93,B07ZJ8ZJ93,Arcos Set Jamonero Profesional Acero Inoxidable 3 Piezas,859400_us,267,4,0.06%,0.03%,381,4,0.07%,0.02%,69.34%,100.00%,19,0,7.12%,0.00%,"569,81 €","0,00 €",19,0
B0FDL3VP7W,B0FDL3VP7W,VINFERMATON – Insecticida Moscas y Mosquitos Perfume Limón Pack 3×300 ml | Spray Eliminador Insectos Voladores Interior y Exterior | Acción Inmediata Profesional | 100% MADE IN SPAIN,V000_PACK3,195,8,0.05%,0.07%,249,10,0.04%,0.06%,99.57%,100.00%,38,20,19.49%,250.00%,"451,93 €","236,11 €",19,5
B0G3ZJ89NB,B0FZCJ46CM,CUPERINOX - Set Cuchillo Jamonero+ Deshuesador Profesional Forjado 2 Piezas | Cuchillo Jamonero Alveolado 25 cm y Deshuesador 15 cm |Corte Fino y Equilibrado | Aptos para lavavajillas,19303,473,12,0.11%,0.10%,644,20,0.11%,0.12%,97.98%,100.00%,20,0,4.23%,0.00%,"488,21 €","0,00 €",19,0
B07LD4MBMK,B07LD4MBMK,"HENDI Cubitera para Hielo, hielera, Recipiente para almacenar Cubitos de Hielo, BarUp, de Doble Pared, 10L, ø292x(h) 220mm, poliestireno, Blanco y Negro",H594759,218,34,0.05%,0.30%,334,43,0.06%,0.27%,88.97%,94.59%,19,4,8.72%,11.76%,"751,11 €","157,96 €",18,4
B07F9GQZCB,B07F9GQZCB,Arcos Cuchillo para Verduras de 4 Pulgadas con Hoja de 105mm en Acero Inoxidable y Mango de Madera. Cuchillo para Vegetales Apto para Lavavajillas. Serie Latina. Color Marrón,100500,405,16,0.10%,0.14%,642,21,0.11%,0.13%,80.78%,100.00%,18,3,4.44%,18.75%,"665,80 €","110,95 €",17,2
B09QDH8MSK,B07N8VWHT9,Arcos Tacos - Bloque Universal para Cuchillos hasta 20 cm - Hecho de Caucho Termoplástico 220 x 160 x 65 mm - Color Negro,794500_,"1,061",17,0.26%,0.15%,"1,477",23,0.25%,0.14%,19.85%,50.00%,18,0,1.70%,0.00%,"485,82 €","0,00 €",17,0
B08G8QCM5H,B08G8QCM5H,ARCOS cuchillo pelador | 6 PIEZAS | cuchillo de pelar | cuchillos pelar patatas | Hoja 100 mm | Negro | cuchillo arcos pelador Acero Inoxidable,816500_fbm,577,32,0.14%,0.28%,778,46,0.13%,0.28%,99.71%,100.00%,19,10,3.29%,31.25%,"357,44 €","186,53 €",17,8
B08LVZCG23,B08LVZCG23,Arcos Juego de Cuchillos de Cocina Rosa | 3 pz | Cuchillo Chef para pelar Verduras | Edición Limitada | Solidaria,814500,"1,667",27,0.40%,0.24%,"2,168",30,0.37%,0.19%,99.95%,100.00%,17,0,1.02%,0.00%,"500,83 €","0,00 €",17,0
B09N7S17J6,B09D3YRGL9,"CUPERINOX Navaja Plegable Multiusos – Hoja de Acero Inoxidable 80 mm (Filo Liso + Serrado), Punta Rompevidrios, Apertura Rápida, Clip de Cinturón, Herramienta para Camping, Caza, Pesca y Supervivencia",30061_solo_navaja,"1,249",23,0.30%,0.20%,"1,744",27,0.30%,0.17%,98.44%,100.00%,17,0,1.36%,0.00%,"172,55 €","0,00 €",17,0
B0CYTKGNPM,B0CW68KM18,Pelador de Cocina ARCOS - Hoja de Acero Inoxidable | Mango Ergonómico | Herramienta Versátil para Pelar Frutas y Verduras,607300_,"2,046",66,0.49%,0.58%,"2,485",75,0.43%,0.46%,99.88%,100.00%,17,4,0.83%,6.06%,"144,33 €","33,96 €",17,4
B0DKP7F29P,B0DJBZRDXV,Arcos Serie Samoa Iconic | Sarten Antiadherente Cerámico 24 cm | Aluminio Forjado | Apta cualquier cocina | Mango Acero Inoxidable | Apta lavavajillas | Color Negro | LIBRE DE (PFOA/PTFE/PFOS),716322,288,3,0.07%,0.03%,391,4,0.07%,0.02%,83.77%,66.67%,18,0,6.25%,0.00%,"715,10 €","0,00 €",17,0
B0DNNKT1W2,B0DNNJCHQP,"Cuperinox-Tetera de Cristal con Infusor para Té e Infusiones, Resistente al Calor y Compatible con Microondas ** - Infusion Prestige Collection (950 ml)",26113_,120,6,0.03%,0.05%,168,8,0.03%,0.05%,100.00%,100.00%,17,2,14.17%,33.33%,"332,69 €","36,51 €",17,2
B0FWJYP1S9,B0FWJYP1S9,"Arcos Afilador de cuchillos multiángulo, Preciso y duradero",610400_fbm,202,6,0.05%,0.05%,290,10,0.05%,0.06%,56.76%,100.00%,17,1,8.42%,16.67%,"455,23 €","25,49 €",17,1
B0G4SGJSBJ,B0G216DHWY,"BIOLEAF-Desincrustante Baño Antical Pack 2×750 ml (1,5 L) Elimina Cal, Marcas de Agua y Jabón – Ducha, Grifería, Azulejos y Mamparas - Limpieza Intensiva – Formato Ahorro – Sin Disruptores Endocrinos",2675,117,1,0.03%,0.01%,146,1,0.03%,0.01%,98.59%,0.00%,17,0,14.53%,0.00%,"169,00 €","0,00 €",17,0
B017HKSTCQ,B00VRWSIUO,Arcos Serie Ecopro - Tijeras de Cocina - Acero Inoxidable 240 mm - Mango de Acero Inoxidable - Color Plata,809800_,"1,091",49,0.26%,0.43%,"1,532",71,0.26%,0.44%,16.97%,20.00%,19,3,1.74%,6.12%,"346,75 €","54,75 €",16,3
B0C4DTYRJW,B071LGMMGV,Arcos Juego Cuchillos Cocina Profesionales| Cuchillos Cocina Profesional Set Cuchillos | Mango Negro (3 Piezas),862600_,884,24,0.21%,0.21%,"1,416",37,0.24%,0.23%,99.85%,100.00%,17,3,1.92%,12.50%,"680,48 €","119,96 €",16,3
B0792XNYCY,B0792XNYCY,VINFER Detergente alcalino clorado Wins 022. Botella de 5 litros. Limpieza e higiene para Todo Tipo de Superficies,WINS022,101,10,0.02%,0.09%,144,14,0.02%,0.09%,78.91%,91.67%,34,22,33.66%,220.00%,"386,49 €","245,04 €",16,8
B08MT437W9,B08MT437W9,Arcos Juego Cuchillos Cocina Profesionales| Cuchillos Cocina Profesional | 6 pzas | Cuchillos Acero Inoxidable Mango Negro | utensilios de cocina serie Niza | Apto lavavajillas,812900fbm,"2,335",41,0.56%,0.36%,"3,311",56,0.57%,0.35%,99.90%,100.00%,17,2,0.73%,4.88%,"559,83 €","64,98 €",16,2
B0CQ5G2HVQ,B0BRNJF5D2,Arcos Serie Samoa | Lote de Sartenes 20 y 24 cm | Aluminio Forjado | Full Induction | Mango Acero Inoxidable Efecto Frio | Sistema ahorro energético | Apta lavavajillas | Color Negro,717810,636,8,0.15%,0.07%,839,8,0.14%,0.05%,76.96%,100.00%,16,0,2.52%,0.00%,"951,20 €","0,00 €",16,0
B0DPKXM18X,B0DNQT7LV3,"CUPERINOX Soporte Jamonero Balancín | Jamonero Giratorio Profesional | Jamonero Madera | Incluye Cuchillo Profesional, Afilador Funda Cubre Jamón| Jamoneros Elite Collection",20265_fbm,386,15,0.09%,0.13%,594,20,0.10%,0.12%,99.62%,100.00%,16,0,4.15%,0.00%,"1.399,34 €","0,00 €",16,0
B08XYZRKC4,B007TS6GWW,"ARCOS Juego de Cubiertos de 24 Piezas para Mesa. Cuberterí­a Completa para 6 Personas. Set de 6 Cucharas, 6 Cuchillos, 6 Tenedores y 6 Cucharas de Postre. Serie Toscana. Color Plata",572400,"1,013",28,0.24%,0.24%,"1,501",32,0.26%,0.20%,49.96%,68.00%,16,1,1.58%,3.57%,"1.103,15 €","53,30 €",15,1
B06XB92VRH,B07T6J5JWM,CUPERINOX Cafetera Italiana Induccion Espresso Acero Inoxidable 12 Tazas,25035,280,4,0.07%,0.03%,406,5,0.07%,0.03%,79.57%,100.00%,15,1,5.36%,25.00%,"413,36 €","26,00 €",15,1
B0812P3LZT,B0812P3LZT,"Arcos Nova - Set 3 Cuchillos Mantequilla - Acero Inoxidable 70 mm - Mango en color menta, naranja y limon",859900,160,3,0.04%,0.03%,239,6,0.04%,0.04%,86.43%,100.00%,16,1,10.00%,33.33%,"175,84 €","10,99 €",15,1
B08GSTDWTC,B08G4D9718,"Arcos | Cuchillos 3 Colores | Cuchillo de pelar | Cuchillos pelar Patatas | Acero Inoxidable Nitrum| Envase Ecológico | Cuchillo Colores (85 mm, Amarillo, Turquesa, Naranja)",816700_francia,311,4,0.08%,0.03%,364,5,0.06%,0.03%,99.42%,50.00%,15,0,4.82%,0.00%,"146,25 €","0,00 €",15,0
B0C4DTYRJW,B094QVHPQ8,Arcos Juego Cuchillos Cocina Profesionales| Cuchillos Cocina Profesional Set Cuchillos | Mango Negro (4 Piezas),813500,"1,143",24,0.28%,0.21%,"1,538",30,0.27%,0.19%,99.79%,100.00%,15,0,1.31%,0.00%,"599,25 €","0,00 €",15,0
B0F9TD2LTH,B0CS6V91GR,CUPERINOX® Cuchillos de Mesa con Mango de Madera – Set 6 Cuchillos para Carne con Filo Dentado – Estilo Palmadera tradicional – Aptos para Uso Diario,14015,624,14,0.15%,0.12%,835,16,0.14%,0.10%,99.75%,100.00%,19,0,3.04%,0.00%,"357,12 €","0,00 €",15,0
B0DKP7F29P,B0DJBZ5475,Arcos Serie Samoa Iconic | Sarten Antiadherente Cerámico 20 cm | Aluminio Forjado | Apta cualquier cocina | Mango Acero Inoxidable | Apta lavavajillas | Color Negro | LIBRE DE (PFOA/PTFE/PFOS),716122,213,1,0.05%,0.01%,293,1,0.05%,0.01%,91.43%,100.00%,15,1,7.04%,100.00%,"524,24 €","34,94 €",15,1
B0FH9NPJ1K,B0FH9NPJ1K,VINFERMATON – Insecticida Cucarachas y Hormigas Antihormigas Instantáneo 600 ml | Spray Eliminador Insectos Rastreros Interior y Exterior | Acción Rápida Profesional | 100% MADE IN SPAIN (2),V0011_PACK2,236,7,0.06%,0.06%,312,7,0.05%,0.04%,85.21%,100.00%,15,1,6.36%,14.29%,"194,86 €","13,00 €",15,1
B07N7YDTMX,B07N7YDTMX,"HENDI Cesta para cubiertos, 125x84x(H) 135mm",H871324,76,10,0.02%,0.09%,113,14,0.02%,0.09%,94.57%,83.33%,29,10,38.16%,100.00%,"246,73 €","84,86 €",14,5
B08ZNM265D,B08ZNM265D,Arcos | cuchillos de mesa cuchillo mesa tradicional | 6 Piezas cuchillo chuletero | mango nailon | Envase Eco | Fabricado en España,704400,243,1,0.06%,0.01%,339,1,0.06%,0.01%,100.00%,100.00%,15,0,6.17%,0.00%,"396,75 €","0,00 €",14,0
B0CQ5G2HVQ,B09T6G47Z6,"Arcos Sarten Antiadherente 26 cm - Aluminio Forjado, Full Induction, Mango Acero Inoxidable Efecto Frío, Apta Lavavajillas, Ahorro Energético, Serie Samoa",716410,122,1,0.03%,0.01%,164,1,0.03%,0.01%,84.62%,100.00%,14,1,11.48%,100.00%,"552,86 €","39,49 €",14,1
B0CTKV6X91,B0CTKV6X91,"HENDI Juego de 6 tablas de cortar HACCP con soporte, lisas, 6 colores diferentes, 6 piezas, 450x300x(H)10mm, polietileno, polipropileno",H825686,245,37,0.06%,0.32%,373,54,0.06%,0.33%,88.99%,93.75%,14,6,5.71%,16.22%,"903,46 €","386,24 €",14,6
B0DNNL2TZQ,B0DNNF3839,"CUPERINOX Aceitera de Cristal Antigoteo para Aceite de Oliva, Resistente y Fácil de Limpiar Gourmet Oil Collection (1000 Ml)",22024,563,25,0.14%,0.22%,884,39,0.15%,0.24%,99.88%,100.00%,14,0,2.49%,0.00%,"251,86 €","0,00 €",14,0
B0DNNKT1W2,B0DNNJPRXB,"Cuperinox-Tetera de Cristal con Infusor para Té e Infusiones, Resistente al Calor y Compatible con Microondas ** - Infusion Prestige Collection (550 ml)",26111_,225,6,0.05%,0.05%,287,7,0.05%,0.04%,100.00%,100.00%,21,0,9.33%,0.00%,"357,33 €","0,00 €",14,0
B0F54LTCFF,B0044R87UA,Arcos Cuchillo Jamonero con Alveolos Acero Inoxidable 240mm,281801_,"1,128",41,0.27%,0.36%,"1,586",61,0.27%,0.38%,17.49%,22.50%,13,1,1.15%,2.44%,"258,62 €","19,49 €",13,1
B017HKR8WS,B005LR7EP6,ARCOS Afilador de Cuchillos Profesional ABS,610000,"1,858",72,0.45%,0.63%,"2,833",130,0.49%,0.80%,11.07%,7.06%,13,1,0.70%,1.39%,"856,87 €","64,99 €",13,1
B00I9XTKI8,B00I9XTKI8,ARCOS Taco Ovalado Protector de Cuchillos hasta 20 cm,794100_,759,28,0.18%,0.24%,"1,037",37,0.18%,0.23%,27.16%,36.00%,13,0,1.71%,0.00%,"337,87 €","0,00 €",13,0
B0F1N351DY,B073V5RN1J,Arcos Cuchillo Mondador Acero Inoxidable NITRUM 100 mm - Ideal para Pelar Frutas y Verduras - Mango Ergonómico Polipropileno Negro - Serie Nova,816500_1pieza,"1,340",36,0.32%,0.31%,"1,476",37,0.25%,0.23%,94.11%,96.15%,17,0,1.27%,0.00%,"80,83 €","0,00 €",13,0
B07F8Z6XL1,B07F8Z6XL1,VINFERMATÓN - Insecticida Matón Cucas Cucarachas y Hormigas Instantáneo 300ml,V101302,240,3,0.06%,0.03%,320,4,0.06%,0.02%,76.98%,100.00%,18,0,7.50%,0.00%,"140,84 €","0,00 €",13,0
B07H1T4V1B,B07H1T4V1B,WINS – Fregasuelos Neutro Manzana 006 | Friegasuelos Limpiador para Suelos y Superficies con Aroma a Manzana Duradero | Garrafa 5 L | pH Neutro | 100% Made in Spain,WINS006,116,12,0.03%,0.10%,138,12,0.02%,0.07%,72.39%,50.00%,18,4,15.52%,33.33%,"196,34 €","42,48 €",13,2
B08M7BMR2S,B08LNRV6N6,"Arcos Afiladores, Afilador de Cuchillos de Mano, Hecho de ABS + TPE, Rodillos Cerámico y Carburo, Color Blanco y Negro",610624_fbm,791,15,0.19%,0.13%,987,18,0.17%,0.11%,99.58%,92.31%,13,0,1.64%,0.00%,"178,32 €","0,00 €",13,0
B06XB92VRH,B00YU2YTTM,CUPERINOX Cafetera Italiana Induccion Espresso Acero Inoxidable 4 Tazas,25032,186,3,0.04%,0.03%,256,4,0.04%,0.02%,86.07%,100.00%,12,0,6.45%,0.00%,"203,68 €","0,00 €",12,0
B0786LYQTP,B0786LYQTP,VINFER- Limpiador y Abrillantador Inox 600 ml | Limpieza y Protección Acero Inoxidable | Efecto Brillo Duradero | Desengrasa y Cuida Superficies Inoxidables | Spray Profesional,VP_Inox600Ml,94,7,0.02%,0.06%,124,8,0.02%,0.05%,92.56%,100.00%,18,1,19.15%,14.29%,"141,30 €","7,85 €",12,1
B0F54LTCFF,B07JJGTQK4,Arcos Conjunto Cuchillos 3 piezas - Acero Inoxidable Nitrum y Hoja mm. Cuchillo cocina profesional cocinar. 590 gr. Mango ergonómico polioximetileno POM. Serie Universal. Mayor control. Color negro.,807410_,438,5,0.11%,0.04%,577,5,0.10%,0.03%,50.64%,33.33%,12,0,2.74%,0.00%,"529,34 €","0,00 €",12,0
B0FR444FLT,B07N8S366Z,Arcos Cuchillo Cocina Forjado en Acero Inoxidable. Hoja Plateada 210 mm. Cuchillo Chef con Mango Profesional Micarta y Borde de Seda Especial. Serie Brooklyn. Color Azul.,190623_,415,5,0.10%,0.04%,610,5,0.11%,0.03%,96.70%,100.00%,12,0,2.89%,0.00%,"559,18 €","0,00 €",12,0
B0C4DTYRJW,B094QVHPQ8,Arcos Juego Cuchillos Cocina Profesionales| Cuchillos Cocina Profesional Set Cuchillos | Mango Negro (4 Piezas),813500FBM,"1,143",24,0.28%,0.21%,"1,538",30,0.27%,0.19%,99.79%,100.00%,12,1,1.05%,4.17%,"473,40 €","39,95 €",12,1
B0FBRQYHVM,B0FBRLQK47,"CUPERINOX Ventilador Portatil, Camping, Exterior, Playa, Piscina, Festival| 5+ cargas movil| +48H de bateria | 20000mAh| Powerbank, Luz led, Mando a distancia y Temporizador",27001,459,22,0.11%,0.19%,661,33,0.11%,0.20%,100.00%,100.00%,12,5,2.61%,22.73%,"647,38 €","237,45 €",12,5
B08TWZYBPZ,B0FZC8B2NX,"CUPERINOX - Estuche de Cuchillos Profesionales de Cocina 4 Piezas | Chef 20 cm, Santoku 18 cm, Universal 13 cm y Pelador 9 cm | Acero Inoxidable de Alta Precisión | Mango Ergonómico",19301_FBA,619,11,0.15%,0.10%,828,12,0.14%,0.07%,100.00%,100.00%,13,5,2.10%,45.45%,"448,81 €","168,89 €",12,4
B0G4RSR32Y,B0G1ZPXPWR,"BIOLEAF – Quitagrasas,Desengrasante Cocina Pack 2×750 ml (1,5 L) – Antigrasa Potente Horno, Campana, Placa y Encimeras – Limpieza Profesional – Biodegradable – Sin Disruptores Endocrinos",2644,86,0,0.02%,0.00%,107,0,0.02%,0.00%,98.02%,0.00%,12,0,13.95%,0.00%,"119,38 €","0,00 €",12,0
B009KKK16Y,B009KKK16Y,"HENDI Pasta-gel combustible para Fondue, 3 unidades, para el quemador de alcohol para Fondue de HENDI 111420, tiempo de combustión de aproximadamente 2 horas, quemador de Fondue, 80 gr",H190036,149,3,0.04%,0.03%,195,4,0.03%,0.02%,97.13%,100.00%,13,0,8.72%,0.00%,"130,04 €","0,00 €",11,0
B017HKSTCQ,B00CFN1M6Q,ARCOS Tijeras de Cocina Multiusos 200 mm,809700_,"3,087",101,0.74%,0.88%,"4,670",153,0.81%,0.95%,12.91%,5.45%,11,0,0.36%,0.00%,"131,56 €","0,00 €",11,0
B00ID2NEMS,B00ID2NEMS,LIMPIASALPICADEROS PROFESIONAL 750 ML.,VP_SALPICADEROS_750ML,179,9,0.04%,0.08%,250,15,0.04%,0.09%,46.49%,36.36%,36,24,20.11%,266.67%,"278,22 €","173,94 €",11,2
B085SNLR5G,B07DC83Z46,"HENDI Bandeja de Servicio, Redonda, Recubrimiento Antideslizante, Multiusos, para buffets, Bandeja de Cocina para Servir Comida rápida, Bebidas, Fast Food, ⌀410x(H) 20mm, Polipropileno, Negro",H878149,51,0,0.01%,0.00%,75,0,0.01%,0.00%,95.71%,0.00%,16,0,31.37%,0.00%,"174,19 €","0,00 €",11,0
B0FR444FLT,B07DC9LM3W,"Arcos Cuchillo Panadero Profesional - Hoja Silk Edge 200 mm en Acero Inoxidable Nitrum, Corte Preciso y Duradero, Ideal para Pan y Pasteles, Diseño Elegante y Seguro, Serie Manhattan",161300_,212,5,0.05%,0.04%,274,8,0.05%,0.05%,94.70%,100.00%,11,0,5.19%,0.00%,"351,89 €","0,00 €",11,0
B07G76NW26,B07G76NW26,"Arcos Serie Cuchillos de Mesa Caja 12 uds Cuchillo Mesa, Hoja Serrada de Acero Inoxidable de 125 mm, Cuchillo Monoblock Acero Inoxidable Color plata (12 UDS)",460400_fbm,116,1,0.03%,0.01%,202,1,0.03%,0.01%,74.73%,100.00%,11,0,9.48%,0.00%,"492,25 €","0,00 €",11,0
B0752X1ZCK,B07G77NN26,Arcos Cuchillos de Mesa - Caja de 12 uds Cuchillo Chuletero Cuchillo de Mesa - Hoja de Acero Inoxidable NITRUM 110 mm - Mango de Nylon - Color Negro (12 uds),803000_fmb,884,24,0.21%,0.21%,"1,301",44,0.22%,0.27%,98.01%,100.00%,15,4,1.70%,16.67%,"434,85 €","115,96 €",11,3
B0FR444FLT,B07N8VRS7L,Arcos Brooklyn Cuchillo Pelador Acero Inoxidable 100 mm,190123_,231,3,0.06%,0.03%,338,3,0.06%,0.02%,87.00%,100.00%,12,0,5.19%,0.00%,"330,92 €","0,00 €",11,0
B09NT4VRN7,B0812BKN39,Arcos Juego de Cuchillos Mondadores de 3 Piezas,859800_,"24,323",440,5.87%,3.83%,"32,256",606,5.56%,3.74%,1.75%,0.49%,16,7,0.07%,1.59%,"143,24 €","62,45 €",11,2
B0CQ5G2HVQ,B09T6KZ499,"Arcos Sarten Antiadherente 32 cm - Aluminio Forjado, Full Induction, Mango Acero Inoxidable Efecto Frío, Apta Lavavajillas, Ahorro Energético, Serie Samoa",716710,237,9,0.06%,0.08%,327,10,0.06%,0.06%,39.54%,100.00%,11,3,4.64%,33.33%,"549,45 €","149,85 €",11,3
B0CQ5G2HVQ,B09T6L1F99,"Arcos Sarten Antiadherente 28 cm - Aluminio Forjado, Full Induction, Mango Acero Inoxidable, Apta Lavavajillas, Ahorro Energético, Serie Samoa",716510,151,6,0.04%,0.05%,204,7,0.04%,0.04%,47.69%,80.00%,12,3,7.95%,50.00%,"503,40 €","125,85 €",11,2
B0CQ5G2HVQ,B09T6L1FNG,"Arcos Sarten Antiadherente 20 cm - Aluminio Forjado, Full Induction, Mango Acero Inoxidable Efecto Frío, Apta Lavavajillas, Ahorro Energético, Serie Samoa, Negro",716110,209,7,0.05%,0.06%,309,9,0.05%,0.06%,35.66%,16.67%,12,2,5.74%,28.57%,"359,27 €","59,87 €",11,1
B0C5JNCFL4,B0C5JNCFL4,Arcos Serie Milano - Cubertería de 24 piezas en Caja de Regalo (6 Cuchillos + 12 Cucharas + 6 Tenedores) - Monoblock de una pieza en Acero Inoxidable - Color Plata,542000,376,8,0.09%,0.07%,563,9,0.10%,0.06%,67.99%,100.00%,13,0,3.46%,0.00%,"964,79 €","0,00 €",11,0
B0DKP7F29P,B0DJC17TXZ,"Arcos Serie Samoa Iconic | Cacerola Baja Antiadherente Cerámico 28 cm y 4,3 L | Aluminio Forjado | Apta cualquier cocina | Mango Acero Inoxidable | Color Beige | LIBRE DE (PFOA/PTFE/PFOS)",717124,439,12,0.11%,0.10%,603,14,0.10%,0.09%,68.37%,100.00%,11,0,2.51%,0.00%,"773,03 €","0,00 €",11,0
B0DQV6381X,B0DQDQ1DB8,CUPERINOX Jamonero | Jamonero Giratorio | Tabla Cortar Jamon | Jamoneros Profesional | Jamonero Plegable | Tabla Jamon | Cortador de Jamon,SC_20270,327,6,0.08%,0.05%,514,7,0.09%,0.04%,99.79%,100.00%,11,0,3.36%,0.00%,"380,97 €","0,00 €",11,0
B0F9X4NXL3,B0F9KXQKLG,"CUPERINOX Cuchillos Mesa, cuchillo carne, cuchillo mantequilla, Set 24 piezas, acero inoxidable, hoja con filo y sierra, cuchillo untar. Apto lavavajillas. Mango ergonomico",20043_24,180,9,0.04%,0.08%,247,16,0.04%,0.10%,98.23%,100.00%,35,26,19.44%,288.89%,"628,55 €","448,64 €",11,3
B0G65J8F3L,B0G21CXVCW,"BIOLEAF – Limpiador Multiusos Pack 2×750 ml (1,5 L) – Limpiador Hogar Cocina y Baño – Antipolvo y Acabado Sin Marcas – Alta Eficacia – Biodegradable – Sin Disruptores Endocrinos",2668,155,0,0.04%,0.00%,198,0,0.03%,0.00%,98.93%,0.00%,12,0,7.74%,0.00%,"118,38 €","0,00 €",11,0
B005LR65BK,B005LR65BK,Arcos Cuchillo Negro 100 mm,230200_,996,11,0.24%,0.10%,"1,368",13,0.24%,0.08%,15.46%,10.00%,12,0,1.20%,0.00%,"239,88 €","0,00 €",10,0
B017DLLFES,B017DLLFES,"Arcos Navaja Profesional de Acero Inoxidable Nitrum, Hoja 85 mm, Mango de Polipropileno, Serie Navajas Profesionales, Alta Durabilidad y Rendimiento",485700_fba,266,6,0.06%,0.05%,349,6,0.06%,0.04%,91.43%,100.00%,17,5,6.39%,83.33%,"120,83 €","30,95 €",10,1
B0DN1WHKRN,B07MTQ5695,HENDI Batidora de Mano para Uso Profesional con Velocidad Ajustable,H222140,394,59,0.10%,0.51%,619,96,0.11%,0.59%,51.35%,63.16%,10,6,2.54%,10.17%,"1.588,21 €","949,21 €",10,6
B0CVH8PC99,B0CQTKPL63,CUPERINOX Cuchillos Carne | Cuchillos Mesa | Cuchillos Chuleteros | 24 Piezas | Hoja Serrada | Mango Polipropileno | Acero Inoxidable | 11 cm,99923,315,26,0.08%,0.23%,441,41,0.08%,0.25%,99.75%,100.00%,10,2,3.17%,7.69%,"200,23 €","39,98 €",10,2
B0DKP7F29P,B0DJBXPR33,Arcos Serie Samoa Iconic | Sarten Antiadherente Cerámico 28 cm | Aluminio Forjado | Apta cualquier cocina | Mango Acero Inoxidable | Apta lavavajillas | Color Negro | LIBRE DE (PFOA/PTFE/PFOS),716522,183,1,0.04%,0.01%,291,1,0.05%,0.01%,52.52%,100.00%,10,0,5.46%,0.00%,"492,00 €","0,00 €",10,0
B0DKP7F29P,B0DJBYB7XQ,"Arcos Serie Samoa Iconic | Cazo Antiadherente Cerámico 16 cm y 1,5 L | Aluminio Forjado | Apta cualquier cocina | Mango Acero Inoxidable | Color Beige | LIBRE DE (PFOA/PTFE/PFOS)",717224,177,5,0.04%,0.04%,225,7,0.04%,0.04%,74.88%,100.00%,11,0,6.21%,0.00%,"362,91 €","0,00 €",10,0
B0DKP7F29P,B0DJBZ635J,"Arcos Serie Samoa Iconic | Cacerola Antiadherente Cerámico 20 cm y 2,6 L | Aluminio Forjado | Apta cualquier cocina | Mango Acero Inoxidable | Color Beige | LIBRE DE (PFOA/PTFE/PFOS)",716924,429,6,0.10%,0.05%,613,11,0.11%,0.07%,58.22%,100.00%,10,1,2.33%,16.67%,"531,40 €","53,95 €",10,1
B0DKP7F29P,B0DJC114YJ,"Arcos Serie Samoa Iconic | Cacerola Antiadherente Cerámico 24 cm y 4,3 L | Aluminio Forjado | Apta cualquier cocina | Mango Acero Inoxidable | Color Beige | LIBRE DE (PFOA/PTFE/PFOS)",717024,308,9,0.07%,0.08%,455,14,0.08%,0.09%,89.93%,100.00%,10,0,3.25%,0.00%,"620,05 €","0,00 €",10,0
B0G67DKSXN,B0G213X3HM,"BIOLEAF – Gel WC Antical Pack 2×750 ml (1,5 L) – Gel Espeso Acción Prolongada – Elimina Sarro y Cal – Limpieza Sanitaria Intensiva – Biodegradable – Sin Disruptores Endocrinos",2682,79,2,0.02%,0.02%,105,2,0.02%,0.01%,97.83%,100.00%,10,0,12.66%,0.00%,"99,07 €","0,00 €",10,0
B0F54LTCFF,B00J4L7FEU,Arcos Hachuela Macheta de Cocina Acero Inoxidable 160 mm,282404_us,"3,840",90,0.93%,0.78%,"5,184",106,0.89%,0.65%,8.00%,7.58%,9,1,0.23%,1.11%,"224,00 €","23,99 €",9,1
B017DLH9RA,B017DLH9RA,ARCOS Cuchillo Abre Ostras Acero Inoxidable 60 mm,227200_us,134,4,0.03%,0.03%,162,5,0.03%,0.03%,57.33%,66.67%,15,5,11.19%,125.00%,"119,83 €","39,93 €",9,2
B071VT3MC3,B071VT3MC3,"Arcos Tijeras Manicura Curva de Acero Forjado, Uso Profesional y Doméstico, 102 mm, Niqueladas en Plata, Serie Style",500600_,36,0,0.01%,0.00%,53,0,0.01%,0.00%,97.87%,0.00%,9,0,25.00%,0.00%,"99,09 €","0,00 €",9,0
B07DC711NK,B07DC711NK,"HENDI Batidora de Mano, Carcasa de ABS, Brazo Batidor de Acero Inoxidable, Cuchillas cruzadas con Revestimiento de Titanio, 6 Velocidades, Pantalla LCD, 250W, 230V, Procesa de 1-8 Litros, ø71x(H)444mm",H222157,135,23,0.03%,0.20%,177,32,0.03%,0.20%,72.39%,79.17%,9,2,6.67%,8.70%,"964,28 €","214,30 €",9,2
B093DSL44T,B07F9RV81Z,Arcos Cuchillo Chuletero de 4 Pulgadas con Hoja de 105mm en Acero Inoxidable y Mango de Madera. Cuchillo para Carne Apto para Lavavajillas. Serie Latina. Color Marrón,100400,933,13,0.23%,0.11%,"1,450",22,0.25%,0.14%,55.62%,100.00%,9,0,0.96%,0.00%,"306,87 €","0,00 €",9,0
B0B3F4QXML,B07HY6FKNQ,Arcos Serie Clasica - Juego de Cuchillos de 7 piezas en Caja de Regalo (5 Cuchillos + 1 Tijeras + 1 Chaira) - Hoja de Acero Inoxidable Forjado NITRUM - Mango de Polioximetileno (POM) - Color marrón,854400_2,374,5,0.09%,0.04%,543,5,0.09%,0.03%,97.66%,100.00%,10,2,2.67%,40.00%,"1.459,88 €","289,96 €",9,1
B07JHPQGPW,B07JHPQGPW,Arcos Riviera Blanc Juego 3 Cuchillos Forjados POM Blanco,807610_,"1,183",30,0.29%,0.26%,"1,733",38,0.30%,0.23%,19.68%,22.22%,9,0,0.76%,0.00%,"629,91 €","0,00 €",9,0
B0H3P9C3GQ,B07MZJTY16,HENDI Jarra medidora apilable - 5 L - ø210x(H)270 mm,H567852,43,3,0.01%,0.03%,53,3,0.01%,0.02%,98.00%,100.00%,12,5,27.91%,166.67%,"163,57 €","65,41 €",9,3
B0FR444FLT,B07YYDR6D8,Arcos Juego de Cuchillos de Cocina. 3 piezas de Acero Inoxidable forjado. Impresiona yorprencon cada corte. Mango Micarta azul. Serie Brooklyn. Color Azul.,858110,884,18,0.21%,0.16%,"1,250",22,0.22%,0.14%,85.36%,100.00%,9,0,1.02%,0.00%,"891,38 €","0,00 €",9,0
B08DV2WMBQ,B089M821V5,Arcos Cuchillos Carne | 6 pzas | Cuchillos chuleteros Set Cuchillo de Mesa Sierra | Mango Madera | Hoja 110 mm | Cuchillos Carne Mesa | Apto lavavajillas | Envase Carton | Ecologico,815500,"1,282",29,0.31%,0.25%,"1,835",40,0.32%,0.25%,99.76%,100.00%,21,0,1.64%,0.00%,"629,79 €","0,00 €",9,0
B08VS4FCLN,B08BX3WTPP,"Arcos Juego Cuchillos Cocina cuchillo blanco cuchillos | cuchillos cocina Maitre | 4 piezas | Chef 215 mm, Cocina 150 mm, Verduras 100 mm Tijera cocina (Blanco)",152624,180,6,0.04%,0.05%,247,9,0.04%,0.06%,100.00%,100.00%,9,1,5.00%,16.67%,"314,91 €","34,99 €",9,1
B09MSDJQJ1,B08M3B43J6,"Arcos | Juego Cuchillo Jamonero 3 Pzas | jamonero Acero Inoxidable (240 mm), afilador Chaira y Cubre jamón | Juego Cuchillos jamonero Profesional | Paleta ibérica | Eco",704300_fbm,239,5,0.06%,0.04%,331,6,0.06%,0.04%,99.68%,100.00%,9,0,3.77%,0.00%,"266,01 €","0,00 €",9,0
B09DYJY471,B08MQJCD2V,Arcos Juego Cuchillos Cocina Profesionales| Cuchillos Cocina Profesional | Cuchillos Acero Inoxidable Mango Negro | utensilios de cocina | cuchillo japones Santoku | lavavajillas (4 Piezas),816900fba,"1,991",38,0.48%,0.33%,"2,666",57,0.46%,0.35%,99.76%,100.00%,10,3,0.50%,7.89%,"258,86 €","76,93 €",9,2
B09KJLG7BT,B098TFPYLY,CUPERINOX Jamonero profesional Gondola | tabla jamon | Cuchillo Jamonero Alveolos Acero Inox + Cubre Jamón Universal | Set cortar jamón (3 PZAS) | Sujeta jamones | tabla jamonero,20228FBM,188,4,0.05%,0.03%,248,4,0.04%,0.02%,97.40%,100.00%,9,0,4.79%,0.00%,"313,74 €","0,00 €",9,0
B0FWM351K4,B09P8M12S3,"CUPERINOX® Couture Series - Tijera Costura Profesional 12,5 cm | Acero Inoxidable de Alta Precisión | Corte Fino y Duradero | Uso Doméstico y Profesional",21961,190,7,0.05%,0.06%,238,8,0.04%,0.05%,96.40%,87.50%,9,0,4.74%,0.00%,"68,25 €","0,00 €",9,0
B0FWK4CNH3,B0B42QTHTP,CUPERINOX | Tijeras de pescado 18 cm | Tijeras Cocina | tijeras de cocinero profesional para aves pescado carne caza| Accesorios de cocina,21991_,51,1,0.01%,0.01%,67,1,0.01%,0.01%,100.00%,0.00%,10,0,19.61%,0.00%,"61,18 €","0,00 €",9,0
B0DNNKT1W2,B0DNNJPGTY,"Cuperinox-Tetera de Cristal con Infusor para Té e Infusiones, Resistente al Calor y Compatible con Microondas ** - Infusion Prestige Collection (750 ml)",26112_,104,3,0.03%,0.03%,145,4,0.03%,0.02%,100.00%,100.00%,9,0,8.65%,0.00%,"166,41 €","0,00 €",9,0
B0DVT6KPDV,B0DT73LYPQ,"CUPERINOX Cuchillos Montessori | Set de Cuchillos Infantiles de 16 Piezas | Cuchillos Niños Aprendizaje +2 Años | Incluye Delantal, Guante de Seguridad, Moldes Tabla de Cortar | Kids Collection",27016,283,8,0.07%,0.07%,433,10,0.07%,0.06%,98.73%,100.00%,9,0,3.18%,0.00%,"180,90 €","0,00 €",9,0
B0FGDJJ12N,B0FGDJJ12N,VINFERMATON – Insecticida Avispas y Nidos Exterior 600 ml | Válvula Largo Alcance hasta 4 m | Acción Profesional Inmediata | 100% MADE IN SPAIN,V0020,99,3,0.02%,0.03%,117,3,0.02%,0.02%,92.98%,100.00%,10,0,10.10%,0.00%,"119,90 €","0,00 €",9,0
B0DKP7F29P,B0FS81RDVL,"Arcos Sartén Samoa Inox 24 cm, Acero inoxidable tricapa sin PFAS",726300,389,6,0.09%,0.05%,584,7,0.10%,0.04%,69.33%,100.00%,9,0,2.31%,0.00%,"342,17 €","0,00 €",9,0
B0H4FXVLKL,B0H276YBLW,"VINFER- Limpiador y Abrillantador Inox Pack X2 600 ml- 1,2L | Limpieza y Protección Acero Inoxidable | Efecto Brillo Duradero | Desengrasa y Cuida Superficies Inoxidables | Spray Profesional",LIMPIADORINOX_PACK2,47,5,0.01%,0.04%,61,6,0.01%,0.04%,98.33%,100.00%,9,1,19.15%,20.00%,"128,61 €","14,99 €",9,1
B017HKG9PK,B0044R87K0,Arcos Cuchillo Cocina Acero Inoxidable Negro 160 mm,151500_fbm,711,27,0.17%,0.24%,961,34,0.17%,0.21%,19.50%,4.35%,8,0,1.13%,0.00%,"120,17 €","0,00 €",8,0
B00509DM8S,B00509DM8S,HENDI Baño María Eléctrico GN 1/1,H238905,136,13,0.03%,0.11%,206,27,0.04%,0.17%,93.18%,80.00%,9,5,6.62%,38.46%,"1.224,15 €","680,94 €",8,4
B005LR69ZC,B005LR69ZC,Arcos Cuchillo de Queso Negro 145 mm,232800_,326,8,0.08%,0.07%,440,10,0.08%,0.06%,7.36%,0.00%,8,0,2.45%,0.00%,"303,60 €","0,00 €",8,0
B08L8MV8XD,B005LR72SK,Arcos Juego de Cuchillos con Bloque Acero Inoxidable 6 piezas,136100_,"1,750",33,0.42%,0.29%,"2,489",44,0.43%,0.27%,10.85%,11.54%,8,1,0.46%,3.03%,"371,92 €","46,49 €",8,1
B0F54LTCFF,B006LMX2EW,Arcos Universal Cuchillo Jamonero Acero Hoja Hueca Negro 280 mm,281901_,654,21,0.16%,0.18%,852,31,0.15%,0.19%,10.60%,21.05%,8,0,1.22%,0.00%,"187,92 €","0,00 €",8,0
B00BHZPIVI,B00BHZPIVI,Arcos Cuchillo Chef Forjado Acero Inoxidable 200 mm,233624,204,8,0.05%,0.07%,307,11,0.05%,0.07%,46.72%,0.00%,8,1,3.92%,12.50%,"259,92 €","32,49 €",8,1
B0H2GDTT31,B00BHZPO12,Arcos Cuchillo Cocina Acero Inoxidable Blanco 180 mm,233524_,438,9,0.11%,0.08%,619,15,0.11%,0.09%,19.86%,33.33%,8,1,1.83%,11.11%,"279,92 €","34,99 €",8,1
B00CRMZA8Q,B00CRMZA8Q,ARCOS Sacacorchos Eléctrico en ABS con Batería Interna Recargable. Abrebotellas Eléctrico Moderno y Elegante con Cortacápsulas y Luz Indicadora. Color Negro,604600_,"1,348",25,0.33%,0.22%,"1,858",34,0.32%,0.21%,6.44%,0.00%,8,0,0.59%,0.00%,"343,92 €","0,00 €",8,0
B08M7BMR2S,B00I9XTLSC,ARCOS Afilador Profesional Manual Cerámica y Carbono Rojo-Negro,610600,"2,765",47,0.67%,0.41%,"4,243",72,0.73%,0.44%,0.78%,0.00%,8,0,0.29%,0.00%,"92,00 €","0,00 €",8,0
B00L7X7ONU,B00L7X7ONU,HENDI Jarra de zumo - 2 L - ø120x(H)250 mm,H425138,39,7,0.01%,0.06%,51,8,0.01%,0.05%,88.89%,100.00%,26,14,66.67%,200.00%,"519,74 €","279,86 €",8,3
B0937XXT33,B01CQT1B5U,"Arcos Cuchillos de Mesa Juego de Cuchillos Chuleteros Cuchillos de Mesa, Monoblock de una pieza de Acero Inoxidable 110 mm, Color Plata (12 uds)",702000_us,398,16,0.10%,0.14%,628,23,0.11%,0.14%,76.17%,100.00%,9,0,2.26%,0.00%,"411,27 €","0,00 €",8,0
B07M8DDJ9B,B07M8DDJ9B,"WINS– Ambientador Lavanda Concentrado | Perfume Intenso y Duradero para Hogar, Oficinas y Espacios Comunes | Aroma Natural Relajante | Garrafa 5L | 100% Made in Spain",WINS008,285,22,0.07%,0.19%,383,34,0.07%,0.21%,29.75%,21.21%,9,3,3.16%,13.64%,"154,31 €","47,32 €",8,3
B07NDTGSY3,B07NDTGSY3,Arcos Serie Brooklyn - Cuchillo Rocking Santoku Cuchillo Asiático - Hoja de Acero Inoxidable Forjado NITRUM 190 mm - Mango de Micarta Color Azul (Filo Seda),191623_fbm,268,5,0.06%,0.04%,411,5,0.07%,0.03%,80.56%,100.00%,8,0,2.99%,0.00%,"331,52 €","0,00 €",8,0
B07PRXR5XR,B07PRXR5XR,"HENDI Cesta de lavavajillas Profesional para Vasos, Formato Cuadrado, Estructura Abierta para circulación de Agua, 405x405x(H) 150mm, Polipropileno",H871331,63,6,0.02%,0.05%,89,12,0.02%,0.07%,100.00%,100.00%,10,0,15.87%,0.00%,"207,50 €","0,00 €",8,0
B08G8QHY23,B08G8QHY23,Arcos | cuchillos chuleteros cuchillo madera cuchillo chuletero | 6 Piezas | juego cuchillos carne | cuchillos mango madera | Envase Eco | Fabricado en España,809300,489,6,0.12%,0.05%,693,8,0.12%,0.05%,100.00%,100.00%,10,0,2.04%,0.00%,"239,90 €","0,00 €",8,0
B08T5Z4HFS,B08QYQYZHS,"CUPERINOX Cubiertos para marisco | Pinzas para marisco | Tenazas para marisco | 12 Unidades | Cubiertos marisco (Cangrejo, Langosta, Ostras) | Tenedor de marisco con dos dientes inferiores y cuchara.",20023_12FBA,69,5,0.02%,0.04%,110,10,0.02%,0.06%,100.00%,100.00%,15,9,21.74%,180.00%,"274,58 €","160,64 €",8,3
B093313MH6,B093313MH6,Arcos | Cuchillo de deshuesar| Cuchillo deshuesador | cuchillo deshuesador jamón | cuchillo deshuesador (140 mm) Clásica| Envase Eco | cuchillo puntilla jamonero,256210_fba,243,9,0.06%,0.08%,308,10,0.05%,0.06%,97.15%,87.50%,8,1,3.29%,11.11%,"179,91 €","18,98 €",8,1
B0CQ5G2HVQ,B09T9S9NZ4,"Arcos Sarten Antiadherente 24 cm - Aluminio Forjado, Full Induction, Mango Acero Inoxidable Efecto Frío, Apta Lavavajillas, Ahorro Energético, Serie Samoa",716310,214,9,0.05%,0.08%,292,10,0.05%,0.06%,42.96%,71.43%,8,1,3.74%,11.11%,"295,92 €","36,99 €",8,1
B0CVH8PC99,B0CQRMMMR5,CUPERINOX Cuchillos Carne | Cuchillos Mesa | Cuchillos Chuleteros | 6 Piezas | Hoja Serrada | Mango Polipropileno | Acero Inoxidable | 11 cm,99921,236,6,0.06%,0.05%,303,8,0.05%,0.05%,99.65%,100.00%,8,2,3.39%,33.33%,"78,19 €","18,25 €",8,2
B0FGDGV4V4,B0FGDGV4V4,VINFERMATON – Insecticida Mosquitos y Moscas Casa y Terrazas Pack 2×600 ml | Spray Eliminador Insectos Voladores Interior y Exterior | Acción Inmediata Profesional | 100% MADE IN SPAIN,V1612_PACK2,126,2,0.03%,0.02%,177,2,0.03%,0.01%,96.79%,100.00%,12,1,9.52%,50.00%,"178,13 €","14,24 €",8,1
B0FH71NBJL,B0FH71NBJL,"VINFERMATÓN - Pack TRIPLE ACCIÓN Insecticida contra Moscas, Mosquitos, Cucarachas, Hormigas y Avispas - 6 ud",V9090,149,4,0.04%,0.03%,179,5,0.03%,0.03%,97.01%,100.00%,8,1,5.37%,25.00%,"214,57 €","25,64 €",8,1
B08L8QY8T9,B007TS6GPE,"Arcos Juego de Cuchillos de Cocina cuatro piezas. 3 Cuchillos chef y 1 tijeras Acero Inoxidable y mango ergonómico polioximetileno para cortar carne, pescado y verduras. Serie Maitre. Color negro.",152600_fbm,"2,416",48,0.58%,0.42%,"3,401",73,0.59%,0.45%,7.58%,7.50%,7,1,0.29%,2.08%,"265,29 €","37,90 €",7,1
B07YM65C6J,B007TS6HMQ,ARCOS Pinza para Pescado Acero Inoxidable,605000_605010,630,24,0.15%,0.21%,906,30,0.16%,0.19%,96.90%,22.73%,8,0,1.27%,0.00%,"75,92 €","0,00 €",7,0
B09HTPJMH5,B00MDJVVZY,Arcos Latina Cuchillo de Cocina Acero Inoxidable 155 mm,100700_1pza,59,0,0.01%,0.00%,91,0,0.02%,0.00%,97.89%,0.00%,12,0,20.34%,0.00%,"68,13 €","0,00 €",7,0
B00VRZ1YJI,B00VRZ1YJI,Arcos Tijeras Modista Acero Forjado 190 mm - Uso Doméstico y Profesional - Niqueladas Plata - Serie Style,504300,39,0,0.01%,0.00%,58,0,0.01%,0.00%,100.00%,0.00%,7,2,17.95%,0.00%,"97,93 €","27,98 €",7,2
B0GYL1GW2S,B017DLDM3A,Arcos Cuchillo Mondador Madera 65 mm,100100_us,543,21,0.13%,0.18%,811,28,0.14%,0.17%,8.13%,0.00%,13,0,2.39%,0.00%,"71,37 €","0,00 €",7,0
B071LGMGHG,B071LGMGHG,Arcos Tijeras de Manicura Rectas de Acero Forjado 102 mm - Uso Profesional y Doméstico - Niqueladas Plata - Serie Style,501100,75,3,0.02%,0.03%,105,5,0.02%,0.03%,60.00%,0.00%,7,0,9.33%,0.00%,"69,60 €","0,00 €",7,0
B0788NF7BS,B0788NF7BS,WINS – Lavavajillas Manual 003 | Garrafa 5 L | Detergente Concentrado para Lavado Manual de Vajilla y Utensilios de Cocina | Uso Profesional y Doméstico | 100% Made in Spain,WINS003,71,5,0.02%,0.04%,81,6,0.01%,0.04%,29.33%,100.00%,11,6,15.49%,120.00%,"145,73 €","80,78 €",7,4
B0CTCR3BC5,B07D8WH8HL,"HENDI Recipiente Gastronorm GN 1/1, Budget Line, resistencia térmica -40 °C a 250 °C, apto para horno y baño maría, 28L, 530x325x(H) 200mm, acero inoxidable",H800157,146,12,0.04%,0.10%,206,17,0.04%,0.11%,93.85%,88.24%,12,5,8.22%,41.67%,"398,41 €","166,01 €",7,2
B086X1XQXD,B07DC8C7Y6,"HENDI Expositor con cubierta deslizante roll-top, Doble",H871713,98,25,0.02%,0.22%,141,29,0.02%,0.18%,95.62%,88.89%,7,4,7.14%,16.00%,"548,98 €","315,96 €",7,4
B07DFK4T6L,B07DFK4T6L,"Arcos Cuchillo Deshuesador Profesional - Hoja Silk Edge Acero Inoxidable Nitrum 160 mm, Precisión y Durabilidad, Mango Ergonómico POM Negro, Serie Manhattan",162600_,70,1,0.02%,0.01%,99,2,0.02%,0.01%,95.35%,100.00%,7,0,10.00%,0.00%,"194,70 €","0,00 €",7,0
B0FR444FLT,B07JJGXYZD,Arcos Set Cocina Serie Manhattan,858100_,"1,009",24,0.24%,0.21%,"1,445",37,0.25%,0.23%,98.64%,93.33%,7,1,0.69%,4.17%,"580,93 €","82,99 €",7,1
B08VS4FCLN,B08BX3WTPP,"Arcos Juego Cuchillos Cocina cuchillo blanco cuchillos | cuchillos cocina Maitre | 4 piezas | Chef 215 mm, Cocina 150 mm, Verduras 100 mm Tijera cocina (Blanco)",152624_,180,6,0.04%,0.05%,247,9,0.04%,0.06%,100.00%,100.00%,7,0,3.89%,0.00%,"239,68 €","0,00 €",7,0
B0CQ5G2HVQ,B09T9PKHHR,"Arcos Sarten Antiadherente 18 cm - Aluminio Forjado, Mango Acero Inoxidable Efecto Frío, Apta para Inducción y Lavavajillas, Sistema Ahorro Energético, Serie Samoa Basic",716010,95,3,0.02%,0.03%,136,5,0.02%,0.03%,76.34%,100.00%,7,1,7.37%,33.33%,"183,74 €","26,24 €",7,1
B0BJPYW95J,B0BJPYW95J,Arcos Accesorios - Sacacorchos Manual Abrebotellas Manual - Mango de Aleación de Zinc - Color Negro mate (Incluye cortacápsulas),607500,56,2,0.01%,0.02%,85,4,0.01%,0.02%,96.10%,100.00%,7,1,12.50%,50.00%,"276,58 €","37,72 €",7,1
B0FT8NLHQ3,B0FT8NLHQ3,BIOLEAF® – Multiusos + Limpiacristales Pack 2×750 ml | Limpieza Total Hogar | Brillo Duradero en Superficies y Cristales Sin Huellas | Fórmula Biodegradable | Dermatológicamente Testado,3450,279,2,0.07%,0.02%,316,2,0.05%,0.01%,99.68%,100.00%,7,0,2.51%,0.00%,"69,43 €","0,00 €",7,0
B0G449LYZ3,B0G449LYZ3,WINS- AMBIENTADOR MARINO- GARRAFA 5L + CONCENTRADO 250ML (5L)| 10L EN TOTAL| PACK AHORRO| 100% MADE IN SPAIN,WC009+009,69,9,0.02%,0.08%,96,11,0.02%,0.07%,98.84%,100.00%,7,3,10.14%,33.33%,"136,43 €","58,47 €",7,3
B017HKG9PK,B0044R87YQ,Arcos Cuchillo para Maitre Negro 100 mm,150500_pp,814,21,0.20%,0.18%,"1,116",29,0.19%,0.18%,12.93%,31.82%,7,0,0.86%,0.00%,"69,56 €","0,00 €",6,0
B0H2GDTT31,B005LR6C7C,Arcos Cuchillo Cocina Acero Inoxidable Negro 180 mm,233500_,"1,415",33,0.34%,0.29%,"2,002",52,0.35%,0.32%,12.67%,10.34%,6,1,0.42%,3.03%,"209,94 €","34,99 €",6,1
B017HKS3Q8,B005LRSICO,ARCOS Soporte Magnético para Cuchillos PVC Acero y ABS 450x45 mm,692600_us,57,3,0.01%,0.03%,82,7,0.01%,0.04%,88.46%,100.00%,6,0,10.53%,0.00%,"131,94 €","0,00 €",6,0
B007093L9G,B007093L9G,"HENDI Pasta combustible, en botella, sin hollín y sin olor, tiempo de combustión ±3 horas, gel combustible, gel bioetanol, para calentar alimentos, para calientaplatos, chafing dish, 1L, 1 unidad",H195109,806,54,0.19%,0.47%,"1,233",76,0.21%,0.47%,1.95%,0.00%,14,1,1.74%,1.85%,"139,76 €","9,89 €",6,1
B0891RBKPX,B007TS6HCQ,ARCOS Pelador de Patatas y Verduras Profesional Acero Inoxidable 60 mm,612100,82,4,0.02%,0.03%,112,4,0.02%,0.02%,97.00%,100.00%,6,1,7.32%,25.00%,"50,08 €","8,06 €",6,1
B0CQ92BWQ8,B009QXIRPC,"HENDI Bolsa de Transporte y Reparto de Pizzas, Bolsa Portapizzas con Aislamiento, Impermeable, Bolsa para la Entrega de Pedidos de Pizza y Comidas, Interior 35x35x(H) 18cm, Roja, 37x37x(H) 20cm",H709825,50,3,0.01%,0.03%,73,5,0.01%,0.03%,78.13%,33.33%,11,3,22.00%,100.00%,"265,54 €","72,42 €",6,1
B017HKRCGK,B00BHZPGHO,ARCOS Bolsa Portacuchillos para 17 Piezas Poliéster Negra,691400_,346,5,0.08%,0.04%,461,5,0.08%,0.03%,81.80%,100.00%,6,0,1.73%,0.00%,"281,94 €","0,00 €",6,0
B0B3CWSDRQ,B00CF20V2I,ARCOS Chaira Afilador Manual Acero Carbono Cromado Negro 230 mm,278100_,343,14,0.08%,0.12%,515,23,0.09%,0.14%,19.83%,14.29%,6,0,1.75%,0.00%,"71,94 €","0,00 €",6,0
B017HKSR4G,B00WUZRKJW,Arcos Cuchillos de Mesa - Hoja de Acero Inoxidable Nitrum 110 mm - Mango Ergonómico de Polipropileno - Ideal para Comedor - Color Crema - Serie Elegance,802900,175,7,0.04%,0.06%,241,8,0.04%,0.05%,98.18%,100.00%,17,10,9.71%,142.86%,"59,28 €","34,85 €",6,1
B0CJDS7HN7,B00WUZT88I,ARCOS Mesa Tenedor Carne y Mesa Acero 18/10 Plata 200 mm,702100_1pieza,359,28,0.09%,0.24%,476,38,0.08%,0.23%,84.30%,66.67%,15,0,4.18%,0.00%,"56,25 €","0,00 €",6,0
B015HG9B3I,B015HG9B3I,"HENDI Sopera con tapa y cucharón, recipiente para servir sopas y salsas, 2,7L, ⌀270x(H) 175mm, acero inoxidable",H434208,95,9,0.02%,0.08%,143,13,0.02%,0.08%,68.94%,44.44%,12,4,12.63%,44.44%,"393,26 €","131,94 €",6,1
B0189HXS8Q,B015QGR3CK,Arcos Serie Navajas Profesionales - Navaja Profesional - Hoja Filo de Acero Inoxidable NITRUM de 85 mm - Navaja de Acero Inoxidable Color amarillo,485900_fbm,608,7,0.15%,0.06%,825,10,0.14%,0.06%,97.10%,100.00%,6,0,0.99%,0.00%,"43,74 €","0,00 €",6,0
B0DN1W2FX7,B01DY48HAS,"HENDI Bolsas lisas para cocción sous-vide y envasado al vacío, 100 unidades, -20 °C a +110 °C, 300x200mm, 75µm, PA/PE, sin BPA",H970683,23,1,0.01%,0.01%,30,2,0.01%,0.01%,63.33%,100.00%,8,4,34.78%,400.00%,"147,92 €","73,96 €",6,2
B0F1N351DY,B072FGV2YH,Arcos Juego de 6 Cuchillos Mondadores Acero Inoxidable 100 mm,189100_2,"13,745",368,3.32%,3.21%,"18,761",491,3.24%,3.03%,8.95%,2.37%,9,6,0.07%,1.63%,"150,29 €","98,54 €",6,3
B0788P3W3W,B0788P3W3W,WINS – Abrillantador Máquinas Lavavajillas Profesional 013 | Garrafa 5 L | Secado Rápido y Brillo sin Marcas en Vajilla | Uso Profesional | 100% Made in Spain,WINS013_5L,37,4,0.01%,0.03%,43,8,0.01%,0.05%,50.00%,100.00%,6,1,16.22%,25.00%,"98,04 €","16,34 €",6,1
B088L4V9XQ,B07D2T8LLY,"HENDI Placa eutéctica de frío profesional, GN 1/1, para cajas térmicas, elemento refrigerante, acumulador de frío, bloque térmico, paquete de enfriamiento, placa de hielo, 530x325x(H)30mm, HDPE, azul",H707821,156,21,0.04%,0.18%,204,25,0.04%,0.15%,94.68%,91.30%,30,21,19.23%,100.00%,"914,74 €","640,33 €",6,3
B0B8Z4CJBC,B07F2YVB15,"Arcos Juego Cuchillos Pelar Acero Inoxidable Nitrum 4""",136500_2,"1,001",20,0.24%,0.17%,"1,429",26,0.25%,0.16%,8.60%,4.76%,7,0,0.70%,0.00%,"134,68 €","0,00 €",6,0
B07G79KCFK,B07G79KCFK,"Arcos Cuchillos de Mesa Caja de 12 uds Cuchillo Chuletero Cuchillo de Mesa, Hoja de Acero Inoxidable NITRUM 105 mm, Mango de Nylon, Color Marrón (12 uds)",803800_,172,7,0.04%,0.06%,246,11,0.04%,0.07%,57.27%,36.36%,7,0,4.07%,0.00%,"277,93 €","0,00 €",6,0
B0DN1W6N4N,B07GQ354HR,"HENDI Jarra, para batidoras licuadoras HENDI 230718-230695-230688-230213-230602-230664, 2,5L, juego completo: cuchillas-jarra-tapas, batidos-cócteles-postres, 200x170x(H)360mm, policarbonato",H943489,32,6,0.01%,0.05%,49,9,0.01%,0.06%,85.42%,100.00%,6,3,18.75%,50.00%,"599,94 €","299,97 €",6,3
B0FR444FLT,B07N8VCFRY,Arcos Brooklyn Cuchillo Panero Acero Inoxidable Nitrum 200 mm,191323_,160,0,0.04%,0.00%,198,0,0.03%,0.00%,94.18%,0.00%,6,0,3.75%,0.00%,"245,94 €","0,00 €",6,0
B0H2W8M8TX,B07N8W1J6B,Arcos Tabla cortar 15 x fibra resina y celulosa. Tabla picar. Serie Tablas. Color marrón.,708200,929,16,0.22%,0.14%,"1,400",30,0.24%,0.19%,7.61%,4.76%,6,0,0.65%,0.00%,"161,94 €","0,00 €",6,0
B0FR444FLT,B0843DNN57,Arcos Set Cuchillos Forjados 4 piezas (3 Cuchillos + 1 tijeras) - Acero Inoxidable Forjado NITRUM - Mango Micarta - Bloques Madera Color Azul. Serie Brooklyn. Impresiona yorprencon Cada Corte.,194000_,167,1,0.04%,0.01%,208,1,0.04%,0.01%,91.37%,100.00%,6,0,3.59%,0.00%,"707,94 €","0,00 €",6,0
B09FQ5SZK8,B08MTWC7RD,Arcos Cuchillo Cocinero Acero Inoxidable Nitrum 210 mm,166800_fbm,869,21,0.21%,0.18%,"1,304",28,0.22%,0.17%,20.95%,18.18%,6,1,0.69%,4.76%,"179,95 €","30,00 €",6,1
B0CQLQ57BT,B08TWZGJ69,"Arcos Cazo Antiadherente 20 cm Aluminio Fundido para Todo Tipo de Cocinas, Mango Ergonómico, Ahorro Energético, Apto Lavavajillas, Negro/Azul, Serie Thera",719200,101,1,0.02%,0.01%,160,2,0.03%,0.01%,62.32%,100.00%,6,1,5.94%,100.00%,"173,78 €","30,95 €",6,1
B08Y8NS7PN,B08XZ8X815,"Arcos serie Maitre - juego de Cuchillos, 2 Pza, Cuchillo Cocina Profesional 150mm + Cuchillo universal 100mm, Acero Inoxidable, Rosa, Eco",814600_fmb,99,2,0.02%,0.02%,122,2,0.02%,0.01%,99.15%,100.00%,7,2,7.07%,100.00%,"123,94 €","35,99 €",6,1
B0FWM351K4,B09D1V45YK,"CUPERINOX® Couture Series - Tijera Costura Profesional 16,5 cm | Acero Inoxidable Irrompible | Mango Ergonómico Antideslizante | Corte Preciso y Duradero",21951_,113,6,0.03%,0.05%,140,8,0.02%,0.05%,100.00%,100.00%,6,1,5.31%,16.67%,"42,21 €","6,85 €",6,1
B09GPS236X,B09GPS236X,"HENDI Portacondimentos de Bar, Bandeja de Guarniciones para Cócteles BarUp, Caja Organizadora con Tapa Transparente, 6 Contenedores de Polipropileno, 480x150x(H) 100mm, HIPS, Negro",H552032,42,8,0.01%,0.07%,53,11,0.01%,0.07%,83.67%,88.89%,6,4,14.29%,50.00%,"179,63 €","119,25 €",6,4
B08VS4FCLN,B09HHGVG2N,"Arcos Juego Cuchillos Cocina cuchillos | Cuchillo profesional | 6 piezas | Chef 215 mm + Cocina 150 mm, Verduras 100 mm + Tijera cocina + Pelador de fruta y verdura + Pinza para pescado",854200fbm,172,3,0.04%,0.03%,248,6,0.04%,0.04%,98.70%,100.00%,6,1,3.49%,33.33%,"259,55 €","44,00 €",6,1
B0CRDY65RY,B09T6KZ2K8,"Arcos Cacerola Antiadherente 20 cm Aluminio Forjado, Mango Efecto Frío, Apta Inducción y Lavavajillas, Ahorro Energético, 2.6 L Capacidad, Serie Samoa",716910,121,1,0.03%,0.01%,181,3,0.03%,0.02%,77.19%,100.00%,6,1,4.96%,100.00%,"229,90 €","36,05 €",6,1
B0CQ5G2HVQ,B09T9ZC38G,"Arcos Sarten Antiadherente 22 cm - Aluminio Forjado, Full Induction, Mango Acero Inoxidable Efecto Frío, Apta Lavavajillas, Ahorro Energético, Serie Samoa",716210,244,11,0.06%,0.10%,358,20,0.06%,0.12%,28.78%,25.00%,6,0,2.46%,0.00%,"194,94 €","0,00 €",6,0
B08VRP7CR7,B09XMVTWLT,Arcos Juego Cuchillos Carne | 6 Piezas | Cuchillos Carne Cuchillo chuleteros | Cubiertos Acero Inoxidable | Hoja 110 mm | Mango Redondo y Forma Ovalada | monobock | Caja Envase Ecológico (Filo Liso),830000_,219,4,0.05%,0.03%,349,5,0.06%,0.03%,100.00%,100.00%,7,0,3.20%,0.00%,"229,28 €","0,00 €",6,0
B0B2RGHSMW,B0B2RGHSMW,"HENDI Cesta para Freír, 6L, 238x185x(H)100mm",H930632,77,6,0.02%,0.05%,125,7,0.02%,0.04%,58.33%,71.43%,7,2,9.09%,33.33%,"209,92 €","59,97 €",6,1
B0B2RHJYHB,B0B2RHJYHB,"HENDI Cesta para Freír, 8L, 242x200x(H)140mm",H933664,83,8,0.02%,0.07%,117,10,0.02%,0.06%,60.78%,87.50%,10,0,12.05%,0.00%,"379,90 €","0,00 €",6,0
B0DNNL2TZQ,B0DNN4J6Q8,"CUPERINOX Aceitera antigoteo cristal para Aceite de Oliva, Vinagre etc. A prueba de fugas, Aceitera cristal antigoteo tambien aceiteros cocina ideal para Ensaladas, BBQ, cooking oil container (125 ML)",22021_,530,14,0.13%,0.12%,733,17,0.13%,0.11%,100.00%,100.00%,6,0,1.13%,0.00%,"69,13 €","0,00 €",6,0
B0DPLG5V7Q,B0DWN7MZ3R,CUPERINOX Vaso cafe - Tazas de Espresso de Cristal - - Vaso Cristal - 80ml (Set de 6) - Apto para Lavavajillas y Microondas - Aroma Series,26120_3packs,32,3,0.01%,0.03%,45,3,0.01%,0.02%,95.12%,100.00%,14,6,43.75%,200.00%,"251,88 €","107,96 €",6,1
B0H276YBLW,B0H276YBLW,"VINFER- Limpiador y Abrillantador Inox Pack X2 600 ml- 1,2L | Limpieza y Protección Acero Inoxidable | Efecto Brillo Duradero | Desengrasa y Cuida Superficies Inoxidables | Spray Profesional",LIMPIADORINOX_PACK2,15,1,0.00%,0.01%,20,1,0.00%,0.01%,90.00%,100.00%,10,9,66.67%,900.00%,"149,92 €","134,93 €",6,5
B0752XP113,B0044R887W,Arcos Juego Cuchillos carne 4 piezas. Paquete Cuchillos bolsillo con borperla para cortar y filetear carne. Hoja y mango Acero Inoxidable monobloque. Serie Mesa.,378400_2,553,15,0.13%,0.13%,845,23,0.15%,0.14%,12.87%,0.00%,7,0,1.27%,0.00%,"147,28 €","0,00 €",5,0
B0H2GBGWD4,B005LR6FAG,"Arcos Cuchillo Cocina Forjado en Acero Inoxidable y Hoja de 200mm. Cuchillo Chef Profesional para Cortar Pescado, Carne y Cebolla. Mango Ergonómico Polioximetileno. Serie Riviera. Color Negro.",233600_,"2,252",46,0.54%,0.40%,"3,315",68,0.57%,0.42%,6.80%,2.00%,5,1,0.22%,2.17%,"162,45 €","32,49 €",5,1
B0H2ZKZVS4,B007TS6HNK,ARCOS Corta Pizzas Acero Inoxidable 100 mm,614800_,201,14,0.05%,0.12%,280,20,0.05%,0.12%,5.08%,15.00%,5,2,2.49%,14.29%,"59,95 €","23,98 €",5,2
B0D1CYZT7H,B00JN2S0U8,"HENDI Escurridor de frituras, con asa robusta y recipiente extraíble para los restos, patatas fritas, ø410x(H)170mm, totalmente de acero inoxidable",H630808,108,10,0.03%,0.09%,170,17,0.03%,0.11%,86.75%,64.29%,7,0,6.48%,0.00%,"328,65 €","0,00 €",5,0
B0189HXOXK,B017DLLFIO,Arcos Navaja Acero Inoxidable 85 mm,485300_fmb,106,3,0.03%,0.03%,134,6,0.02%,0.04%,86.03%,100.00%,18,16,16.98%,533.33%,"103,43 €","88,45 €",5,3
B0189HXS8Q,B017DLLIUO,Arcos Navaja Profesional Acero Inoxidable 85 mm,485929,773,22,0.19%,0.19%,"1,102",27,0.19%,0.17%,88.92%,93.33%,5,1,0.65%,4.55%,"36,27 €","6,07 €",5,1
B0GH9GNJ86,B017DLM9SY,Arcos Serie Toscana - Juego de Cucharas de Mesa (3 cucharas) - Monoblock de una pieza en Acero Inoxidable 18/10 y 180 mm - Color Plata,574400_,57,2,0.01%,0.02%,87,2,0.02%,0.01%,59.26%,50.00%,7,0,12.28%,0.00%,"54,73 €","0,00 €",5,0
B0752X4WZ6,B017DLMFXS,ARCOS Pinzas para Emplatar Acero Inoxidable 200 mm,606300FBM,"3,542",96,0.85%,0.84%,"4,800",136,0.83%,0.84%,0.23%,3.66%,14,12,0.40%,12.50%,"164,49 €","140,99 €",5,3
B01DY57HXU,B01DY57HXU,"HENDI Combustible líquido, lata, con mecha, 24 unidades, sin hollín y sin olor, tiempo de combustión 6 horas, dietilenglicol puro, para calentadores de alimentos, calientaplatos, chafing dish, 200 gr",H193938,14,2,0.00%,0.02%,21,3,0.00%,0.02%,88.24%,100.00%,5,2,35.71%,100.00%,"271,23 €","108,48 €",5,2
B0FWM351K4,B06Y66X8SW,CUPERINOX® Couture Series - Tijera Costura Profesional 10 cm | Acero Inoxidable de Alta Precisión | Corte Fino para Detalles y Acabados | Uso Doméstico y Profesional,21960,28,0,0.01%,0.00%,38,0,0.01%,0.00%,77.78%,0.00%,6,0,21.43%,0.00%,"41,94 €","0,00 €",5,0
B0788R5C2F,B0788R5C2F,Wins 019 Desincrustante Máquinas. Envase 5 L. Producto ácido para la eliminación de incrustaciones de cal y óxido en máquinas lavavajillas.,BM-7KH8-TWCU,50,1,0.01%,0.01%,71,1,0.01%,0.01%,73.13%,100.00%,5,0,10.00%,0.00%,"98,75 €","0,00 €",5,0
B078KJ1T6G,B078JPWR5J,"Arcos 807600 Juego de Cuchillos, Acero Inoxidable, Blanco, 45x20x5 cm, 3 Unidades",807600_,"1,010",25,0.24%,0.22%,"1,146",25,0.20%,0.15%,97.32%,84.21%,5,0,0.50%,0.00%,"346,45 €","0,00 €",5,0
B0DQV6381X,B079VN4MTH,CUPERINOX Jamonero de Madera Góndola Soporte para Pata y Paleta de jamón Serrano e ibérico con agarres de Metal Jamonera Economica,20200_us,130,3,0.03%,0.03%,171,5,0.03%,0.03%,100.00%,100.00%,5,0,3.85%,0.00%,"65,48 €","0,00 €",5,0
B0B3CPHPXR,B07BQ5CCMD,ARCOS Sacacorchos Manual de ABS Aleación de Zinc,604700_,610,15,0.15%,0.13%,817,16,0.14%,0.10%,12.29%,0.00%,5,2,0.82%,13.33%,"171,51 €","65,96 €",5,2
B07DC8MD56,B07DC8MD56,"HENDI Rejilla de asador, GN 1/1, de acero inoxidable cromado, 325x530mm, para todas las parrillas, grill, barbacoas Green Fire de HENDI",H939949,81,16,0.02%,0.14%,124,22,0.02%,0.14%,91.82%,73.68%,9,7,11.11%,43.75%,"186,72 €","146,94 €",5,4
B0FR444FLT,B07N8TNDRV,Arcos Brooklyn Cuchillo Chef Forjado Acero Inoxidable 150 mm,190423_,171,0,0.04%,0.00%,217,0,0.04%,0.00%,95.33%,0.00%,5,0,2.92%,0.00%,"199,95 €","0,00 €",5,0
B07NDV5T2F,B07NDV5T2F,Arcos Serie Brooklyn - Cuchillo Cocinero - Hoja de Acero Inoxidable Forjado NITRUM 210 mm - Mango de Micarta Color Azul (Filo Seda),190623_fbm,79,0,0.02%,0.00%,123,0,0.02%,0.00%,95.41%,0.00%,5,0,6.33%,0.00%,"229,95 €","0,00 €",5,0
B0CYTKGNPM,B0843Q6L5P,ARCOS Pelador Profesional Acero Inoxidable Cromado 130 mm,607000_,"5,421",176,1.31%,1.53%,"8,063",248,1.39%,1.53%,0.43%,3.93%,12,8,0.22%,4.55%,"51,22 €","35,82 €",5,1
B08VRP7CR7,B08G8M6QDS,Arcos Juego de Cuchillos chuleteros - Envase Ecologico 100% - 4 Cuchillos Carne - Cubiertos Mesa Acero Inoxidable,809500_,73,0,0.02%,0.00%,98,0,0.02%,0.00%,100.00%,0.00%,5,0,6.85%,0.00%,"99,07 €","0,00 €",5,0
B08VRP7CR7,B08MTXC14T,Arcos Juego Cuchillos Carne | 6 Piezas | Cuchillos Carne Cuchillo chuleteros | Cubiertos Acero Inoxidable | Hoja 110 mm | Mango Redondo y Forma Ovalada | monobock | Caja Envase Ecológico (6 unidades),809900,163,3,0.04%,0.03%,224,3,0.04%,0.02%,99.06%,100.00%,8,0,4.91%,0.00%,"223,92 €","0,00 €",5,0
B08NW1VQRT,B08NW1VQRT,CUPERINOX Navaja para Setas y Champiñones | Acero Inoxidable | Con Cepillo y Funda Incluida | Micológica,2181,91,0,0.02%,0.00%,133,0,0.02%,0.00%,99.15%,0.00%,5,0,5.49%,0.00%,"52,45 €","0,00 €",5,0
B08T5Z4HFS,B08QYQYZHS,"CUPERINOX Cubiertos para marisco | Pinzas para marisco | Tenazas para marisco | 12 Unidades | Cubiertos marisco (Cangrejo, Langosta, Ostras) | Tenedor de marisco con dos dientes inferiores y cuchara.",20023_12pzs,69,5,0.02%,0.04%,110,10,0.02%,0.06%,100.00%,100.00%,6,3,8.70%,60.00%,"112,78 €","55,81 €",5,2
B09FQ5SZK8,B0968LSP2T,"Arcos Utensilios Barbacoa - Cuchillo 200 mm y Tenedor 215 mm, Acero Inoxidable NITRUM, Mango Madera Ovengkol FSC, Set 2 Piezas, Embalaje Reciclado, Serie Nordika",167000_fbm,170,3,0.04%,0.03%,216,5,0.04%,0.03%,90.77%,25.00%,5,0,2.94%,0.00%,"249,95 €","0,00 €",5,0
B0CQ5G2HVQ,B09T6KY364,"Arcos Sarten Antiadherente 30 cm - Aluminio Forjado, Full Induction, Mango Acero Inoxidable Efecto Frío, Apta Lavavajillas, Ahorro Energético, Serie Samoa",716610,113,5,0.03%,0.04%,136,5,0.02%,0.03%,53.91%,100.00%,5,0,4.42%,0.00%,"227,50 €","0,00 €",5,0
B0CRDY65RY,B09T9QCXL9,Arcos Cacerola Antiadherente Aluminio Forjado 28 cm,717110,"1,104",20,0.27%,0.17%,"1,487",27,0.26%,0.17%,12.25%,23.08%,5,0,0.45%,0.00%,"244,50 €","0,00 €",5,0
B09T9TSXHB,B09T9TSXHB,"Arcos Grill Antiadherente 28x28 cm - Aluminio Forjado, Full Induction, Mango Acero Inoxidable Efecto Frío, Ahorro Energético, Apta Lavavajillas, Serie Samoa",717410,75,4,0.02%,0.03%,100,8,0.02%,0.05%,92.13%,100.00%,5,0,6.67%,0.00%,"225,15 €","0,00 €",5,0
B09WYYY5MD,B09WYYY5MD,Arcos Nordika Cuchillo para Queso Acero Inoxidable Nitrum 125 mm,166100_us,37,1,0.01%,0.01%,46,1,0.01%,0.01%,75.00%,0.00%,5,0,13.51%,0.00%,"132,45 €","0,00 €",5,0
B0B2RGCWLL,B0B2RGCWLL,"HENDI Cesta para Freír, 8L, 238x190x(H)140mm",H930656,73,12,0.02%,0.10%,107,20,0.02%,0.12%,40.63%,33.33%,6,5,8.22%,41.67%,"203,85 €","168,86 €",5,4
B0DNNL2TZQ,B0DNN57WC1,"CUPERINOX Aceitera de Cristal Antigoteo para Aceite de Oliva, Resistente y Fácil de Limpiar Gourmet Oil Collection (250 Ml)",22022_,551,9,0.13%,0.08%,773,11,0.13%,0.07%,100.00%,100.00%,6,0,1.09%,0.00%,"72,14 €","0,00 €",5,0
B0DNNKT1W2,B0DNNFJ5J7,"Cuperinox-Tetera de Cristal con Infusor para Té e Infusiones, Resistente al Calor y Compatible con Microondas ** - Infusion Prestige Collection (350 ml)",26110,473,20,0.11%,0.17%,616,29,0.11%,0.18%,99.63%,100.00%,15,13,3.17%,65.00%,"187,87 €","157,89 €",5,3
B0DPKXM18X,B0DNQX2BZN,"CUPERINOX Soporte Jamonero Plegable | Jamonero Giratorio | Jamonero de Bambú con Cuchillo Profesional, Afilador y Funda para Jamón | Elite Collection",20270_fbm,223,5,0.05%,0.04%,381,8,0.07%,0.05%,98.38%,100.00%,5,0,2.24%,0.00%,"249,95 €","0,00 €",5,0
B0H41SWHYG,B0FDKY2RXG,VINCARE Pack Limpieza Infantil – Detergente Biberones + Multiusos + Quitamanchas – Limpieza Segura para el Entorno del Bebé- 100% MADE IN SPAIN,PACK VINCARE,60,2,0.01%,0.02%,75,2,0.01%,0.01%,95.95%,100.00%,5,0,8.33%,0.00%,"74,95 €","0,00 €",5,0
B0FMRN3BNT,B0FMRN3BNT,"VINFERMATON - Insecticida Multiinsectos | Pack 2 x 600 ml | Moscas, Mosquitos, Cucarachas, Hormigas y otros Insectos Voladores y Rastreros | Acción Instantánea | Aroma Limón",MULTINSECTOS_PACK2,49,3,0.01%,0.03%,68,3,0.01%,0.02%,87.69%,100.00%,7,4,14.29%,133.33%,"104,94 €","59,97 €",5,2
B096SHJ82T,B0044R8868,Arcos Juego de 12 Cubiertos para Mesa. Set de 6 Cuchillos Chuleteros y 6 Tenedores en Madera de Haya y Acero Inoxidable. Estuche para Carne. Serie Mesa. Color Marrón,377700_fbm,"1,260",41,0.30%,0.36%,"1,648",63,0.28%,0.39%,13.25%,9.09%,4,0,0.32%,0.00%,"191,96 €","0,00 €",4,0
B0H2GBGWD4,B005LR6GE6,Arcos Cuchillo Cocinero Negro 250 mm,233700_,"1,183",32,0.29%,0.28%,"1,538",39,0.27%,0.24%,13.20%,22.22%,5,2,0.42%,6.25%,"216,33 €","85,98 €",4,1
B005LR6J3Y,B005LR6J3Y,Arcos Riviera Juego 6 Cuchillos Forjados Acero Inoxidable Nitrum,234200_,147,3,0.04%,0.03%,227,4,0.04%,0.02%,74.16%,33.33%,4,0,2.72%,0.00%,"699,56 €","0,00 €",4,0
B0752SPHL9,B005LR6WW2,Arcos Juego de Cuchillos de Cocina de 5 Piezas,152100_us,"1,396",35,0.34%,0.30%,"2,077",51,0.36%,0.32%,5.45%,0.00%,4,0,0.29%,0.00%,"247,52 €","0,00 €",4,0
B0BSKCJNDM,B005LR72I0,Arcos Niza Cuchillo Jamonero Flexible Acero Inoxidable 230 mm,135600_fba,63,2,0.02%,0.02%,72,3,0.01%,0.02%,69.01%,0.00%,4,0,6.35%,0.00%,"43,60 €","0,00 €",4,0
B0F54LTCFF,B006LMX2HO,"Arcos Cuchillo Rebanar/Jamón Acero Inoxidable Nitrum 11""",282004_,274,12,0.07%,0.10%,357,16,0.06%,0.10%,18.13%,50.00%,4,1,1.46%,8.33%,"70,73 €","17,48 €",4,1
B0B3F4QXML,B008U6TDTK,Arcos Serie Clasica - Juego de Cuchillos de 5 piezas en Caja de Regalo (5 Cuchillos) - Hoja de Acero Inoxidable Forjado NITRUM - Mando de Polioximetileno (POM) - Bloque de madera color marrón acabado lacado,257000_2,674,14,0.16%,0.12%,941,17,0.16%,0.11%,67.84%,100.00%,4,1,0.59%,7.14%,"562,96 €","127,99 €",4,1
B00BHZPHOG,B00BHZPHOG,Arcos Riviera Blanc Cuchillo Panero Acero Inoxidable Nitrum 200 mm,231324_,133,1,0.03%,0.01%,206,1,0.04%,0.01%,7.10%,0.00%,4,0,3.01%,0.00%,"119,76 €","0,00 €",4,0
B0DK3FSR9B,B00GZR3JD2,"HENDI Sifón de Nata, con 3 boquillas Diferentes, Soporte para el Cargador y Cepillo de Limpieza, para Nata montada, mousses, postres, 0,95L, ø95x(H) 320mm, Aluminio, Blanco",H588376,32,5,0.01%,0.04%,41,8,0.01%,0.05%,86.84%,100.00%,5,3,15.63%,60.00%,"209,75 €","125,85 €",4,2
B00MDK1DM4,B00MDK1DM4,Arcos Latina Cuchillo de Cocina Acero Inoxidable 130 mm,100600_1pieza,68,3,0.02%,0.03%,92,3,0.02%,0.02%,92.68%,100.00%,5,0,7.35%,0.00%,"29,65 €","0,00 €",4,0
B00VRZ327A,B00VRZ327A,Arcos Tijeras Costura Acero Forjado 152 mm - Uso Doméstico y Profesional - Niqueladas Plata - Serie Style,502400,53,1,0.01%,0.01%,65,1,0.01%,0.01%,100.00%,100.00%,4,0,7.55%,0.00%,"47,96 €","0,00 €",4,0
B017DLFYYK,B017DLFYYK,Arcos Cuchillo Queso Acero Inoxidable Blanco 145 mm,232824_,113,2,0.03%,0.02%,161,2,0.03%,0.01%,34.04%,0.00%,4,0,3.54%,0.00%,"151,96 €","0,00 €",4,0
B0189HXOXK,B017DLLFI4,Arcos Serie Navajas Profesionales - Navaja Profesional - Hoja Filo de Acero Inoxidable NITRUM de 85 mm - Navaja de Acero Inoxidable Color naranja,485329_fbm,145,0,0.03%,0.00%,205,0,0.04%,0.00%,90.67%,0.00%,10,0,6.90%,0.00%,"73,70 €","0,00 €",4,0
B0CKX4YV2W,B01BNH5B5M,"HENDI Expositor buffet frío UNIQ 2 pisos, Negro",H871812,164,25,0.04%,0.22%,239,36,0.04%,0.22%,96.73%,100.00%,4,3,2.44%,12.00%,"579,80 €","434,85 €",4,3
B086X1XQXD,B06Y2B85HT,"HENDI Expositor con cubierta deslizante roll-top, Simple",H871706,76,14,0.02%,0.12%,107,29,0.02%,0.18%,81.91%,71.43%,5,3,6.58%,21.43%,"224,95 €","134,97 €",4,2
B0H5FLX5H6,B07CBLHKLN,"HENDI Cartuchos de recarga de gas GLP para HENDI Cabezales de antorchas de cocina de llama continua 198247 y 198216, recambios para soplete, paquete de 4 unidades",H199039,8,1,0.00%,0.01%,15,2,0.00%,0.01%,100.00%,100.00%,8,1,100.00%,100.00%,"119,89 €","14,96 €",4,1
B0FR444FLT,B07DQRFDMB,Arcos Manhattan Cuchillo Santoku Forjado Acero POM Negro 190 mm,161600_,255,5,0.06%,0.04%,399,9,0.07%,0.06%,92.15%,100.00%,4,0,1.57%,0.00%,"137,96 €","0,00 €",4,0
B07JWM27F4,B07JWM27F4,Arcos Set Cuchillos Cocina Profesionales Forjados en Acero Inoxidable. Juego de 3 Cuchillos (Pelador 100 mm + Cocinero 150 mm + Cocinero 200 mm). Mango Ergonómico Rosa en Polioximetileno. Riviera Rose,855100,358,3,0.09%,0.03%,531,3,0.09%,0.02%,100.00%,100.00%,4,0,1.12%,0.00%,"292,46 €","0,00 €",4,0
B0FR444FLT,B07N8V34F1,"Arcos Cuchillo Santoku Acero Inoxidable Forjado con Balanceo, Mango Micarta y BorSeda Especial y Hoja Plateada 190 mm. Impresiona yorprencon Cada Corte. Serie Brooklyn. Color Azul.",191623_,153,4,0.04%,0.03%,208,5,0.04%,0.03%,93.03%,100.00%,4,1,2.61%,25.00%,"173,71 €","40,99 €",4,1
B07N8W33BT,B07N8W33BT,ARCOS Bloque Universal para Cuchillos Caucho Termoplástico 225 mm,794400_,64,5,0.02%,0.04%,93,11,0.02%,0.07%,40.96%,60.00%,4,0,6.25%,0.00%,"100,37 €","0,00 €",4,0
B07N8W7718,B07N8W7718,Arcos Cuchillo Chef Forjado Acero Inoxidable Tamaño. Mango Profesional Micarta y BorSeda Especial con Hoja Plateada 250 mm. Impresiona yorprencon Cada Corte. Serie Brooklyn. Color Azul.,190823_,156,2,0.04%,0.02%,201,3,0.03%,0.02%,96.74%,100.00%,4,0,2.56%,0.00%,"211,96 €","0,00 €",4,0
B0F54LTCFF,B07ZJ85R7C,Arcos Set de Corte 3 Piezas Acero Inoxidable Nitrum,859300,190,10,0.05%,0.09%,239,18,0.04%,0.11%,27.48%,68.75%,5,1,2.63%,10.00%,"191,25 €","38,25 €",4,1
B0CYTKGNPM,B0843Q6L5P,ARCOS Pelador Profesional Acero Inoxidable Cromado 130 mm,607000_etq1,"5,421",176,1.31%,1.53%,"8,063",248,1.39%,1.53%,0.43%,3.93%,9,8,0.17%,4.55%,"58,37 €","51,88 €",4,3
B08L27XH2W,B08L27XH2W,"HENDI Mochila isotérmica de Transporte y Reparto de Pizzas y Alimentos, Bolsa aislada e Impermeable para la Entrega de Pedidos de Pizza y Comidas, Interior 39x39x(H) 45cm, Negra, 41x41x(H) 48cm",H709801,101,11,0.02%,0.10%,130,17,0.02%,0.11%,85.00%,88.24%,6,4,5.94%,36.36%,"420,86 €","279,80 €",4,2
B08M9QRSW8,B08M9QRSW8,Arcos | Juego Cuchillos cuchillos mesa | 6 Uds | cuchillo fruta | cuchillo postre | Hoja 110 mm | Acero Inoxidable Martensítico | Mango Nylon | apto lavavajillas | Envase Ecológico,703600fbm,51,1,0.01%,0.01%,86,1,0.01%,0.01%,98.67%,100.00%,4,0,7.84%,0.00%,"47,96 €","0,00 €",4,0
B08M9QRSW8,B08M9QRSW8,Arcos | Juego Cuchillos cuchillos mesa | 6 Uds | cuchillo fruta | cuchillo postre | Hoja 110 mm | Acero Inoxidable Martensítico | Mango Nylon | apto lavavajillas | Envase Ecológico,703600_barras_arcos,51,1,0.01%,0.01%,86,1,0.01%,0.01%,98.67%,100.00%,5,2,9.80%,200.00%,"49,95 €","20,98 €",4,1
B09FQ5SZK8,B08MTWTK78,Arcos Cuchillo Santoku Acero Inoxidable Nitrum 190 mm,166600_fbm,914,20,0.22%,0.17%,"1,330",35,0.23%,0.22%,8.35%,4.17%,4,0,0.44%,0.00%,"116,96 €","0,00 €",4,0
B08VRP7CR7,B08MTXC14T,Arcos Juego Cuchillos Carne | 6 Piezas | Cuchillos Carne Cuchillo chuleteros | Cubiertos Acero Inoxidable | Hoja 110 mm | Mango Redondo y Forma Ovalada | monobock | Caja Envase Ecológico (6 unidades),809900FBM,163,3,0.04%,0.03%,224,3,0.04%,0.02%,99.06%,100.00%,6,0,3.68%,0.00%,"164,94 €","0,00 €",4,0
B09DPRCMTF,B08MW2GWPC,Arcos Juego Cuchillos Carne | Cuchillo chuleteros | Cuchillos Carne Cuchillos Mesa | 6 Uds | Hoja 110 mm | Acero Inoxidable | Mango Nylon | Apto lavavajillas | Envase Ecológico (Filo Serrado),816400fbm,203,4,0.05%,0.03%,295,5,0.05%,0.03%,100.00%,100.00%,4,0,1.97%,0.00%,"79,96 €","0,00 €",4,0
B08T5Z4HFS,B08QYV8C1P,"CUPERINOX Cubiertos para marisco | Pinzas para marisco | Tenazas para marisco | 6 Unidades | Cubiertos marisco (Cangrejo, Langosta, Ostras) | Tenedor de marisco con dos dientes inferiores y cuchara.",20023_6Unidades,81,3,0.02%,0.03%,94,3,0.02%,0.02%,100.00%,100.00%,4,1,4.94%,33.33%,"47,96 €","11,99 €",4,1
B08TLR4Z27,B095C22QFS,Arcos jamonero Profesional | Cuchillo jamonero jamonero Inoxidable Nitrum | Mango Negro | Cuchillo Jamon iberico | Serie Maitre| Hoja Flexible y Filo Liso | 275 mm | Acero Inoxidable NITRUM,151811,57,0,0.01%,0.00%,83,0,0.01%,0.00%,97.40%,0.00%,4,0,7.02%,0.00%,"77,96 €","0,00 €",4,0
B0G3ZJ89NB,B09NRLLDC6,CUPERINOX Cuchillo Jamonero + Chaira + Funda Cubre Jamón | Jamonero 240mm acero inoxidable| Afilador Chaira | Funda cubre jamón,20220,113,4,0.03%,0.03%,148,4,0.03%,0.02%,98.04%,100.00%,4,0,3.54%,0.00%,"39,96 €","0,00 €",4,0
B09T6HFG2F,B09T6HFG2F,Arcos Wok Antiadherente Aluminio Forjado 28 cm,717510,90,4,0.02%,0.03%,144,12,0.02%,0.07%,55.93%,100.00%,4,0,4.44%,0.00%,"171,00 €","0,00 €",4,0
B0DK3G72TM,B0B1JNX37K,"HENDI Lavador de cucharas para helados, línea de suministro de agua de 3/8"", línea de drenaje de 3/4"", 270x111x(H)115mm, acero inoxidable AISI 304",H802007,40,6,0.01%,0.05%,73,11,0.01%,0.07%,90.48%,55.56%,4,0,10.00%,0.00%,"282,00 €","0,00 €",4,0
B0B464Q8VS,B0B464Q8VS,CUPERINOX® Kitchen Pro | Tijeras de Cocina Profesional 21 cm Tijeras de Trinchar Carne y Pescado Acero Inoxidable Mango Ergonómico Apto Lavavajillas,21981,32,1,0.01%,0.01%,40,1,0.01%,0.01%,100.00%,100.00%,4,0,12.50%,0.00%,"39,96 €","0,00 €",4,0
B0BJPYW95J,B0BJPYW95J,Arcos Accesorios - Sacacorchos Manual Abrebotellas Manual - Mango de Aleación de Zinc - Color Negro mate (Incluye cortacápsulas),607500_,56,2,0.01%,0.02%,85,4,0.01%,0.02%,96.10%,100.00%,4,0,7.14%,0.00%,"167,96 €","0,00 €",4,0
B0H41SWHYG,B0C2QFPLX9,FAMILIA VINCARE (MULTIUSOS INDIVIDUAL),MULTIUSOS750ML,76,4,0.02%,0.03%,105,5,0.02%,0.03%,96.12%,100.00%,4,0,5.26%,0.00%,"39,96 €","0,00 €",4,0
B0C49W65HD,B0C49W65HD,Arcos Serie Nordika - Cuchillo Tomatero - Acero Inoxidable NITRUM - Hoja de 130 mm - Mango de Madera Ovengkol 100% natural de bosques certificados FSC® - Embalaje 100% reciclado,165100,43,0,0.01%,0.00%,52,0,0.01%,0.00%,95.65%,0.00%,4,0,9.30%,0.00%,"107,80 €","0,00 €",4,0
B0CVH8PC99,B0CQRMMMR5,CUPERINOX Cuchillos Carne | Cuchillos Mesa | Cuchillos Chuleteros | 6 Piezas | Hoja Serrada | Mango Polipropileno | Acero Inoxidable | 11 cm,99901_6pzs,236,6,0.06%,0.05%,303,8,0.05%,0.05%,99.65%,100.00%,4,0,1.69%,0.00%,"38,96 €","0,00 €",4,0
B0D73CM824,B0D73CM824,"Arcos Cuchillo Mesa | Cuchillo Chuletero | Cuchillo Carne| Cuchillo de Mesa | Pack 12 Unidades| Hoja de Acero Inoxidable115 mm, Mango de Polipropileno Color Negro",740000_fbm,"1,377",30,0.33%,0.26%,"2,000",53,0.34%,0.33%,100.00%,100.00%,4,0,0.29%,0.00%,"123,96 €","0,00 €",4,0
B0DB2647JX,B0DB2647JX,Repelente de insectos VINFERMATON | Mosquitos y garrapatas | 0% DEET | Apto para niños 1 año | Protección 8 horas,V501100,122,6,0.03%,0.05%,161,7,0.03%,0.04%,98.72%,100.00%,4,0,3.28%,0.00%,"33,96 €","0,00 €",4,0
B0DFQ7Y1G8,B0DFQ7Y1G8,Arcos Afiladores - Afilador Eléctrico de Cuchillos de Cocina - Hecho de ABS Color Blanco (Rodillos con recubrimiento de diamante),603900,88,2,0.02%,0.02%,126,2,0.02%,0.01%,97.37%,100.00%,4,0,4.55%,0.00%,"1.159,80 €","0,00 €",4,0
B0DG2QX9YD,B0DG2QX9YD,"HENDI Dispensador isotérmico de bebidas, 9L",H425336,145,9,0.03%,0.08%,247,15,0.04%,0.09%,53.30%,45.45%,4,1,2.76%,11.11%,"225,00 €","56,25 €",4,1
B0DKP7F29P,B0DJBYWWVM,"Arcos Serie Samoa Iconic | Cacerola Antiadherente Cerámico 24 cm y 4,3 L | Aluminio Forjado | Apta cualquier cocina | Mango Acero Inoxidable | Color Negro | LIBRE DE (PFOA/PTFE/PFOS)",717022,95,3,0.02%,0.03%,129,4,0.02%,0.02%,98.32%,50.00%,4,0,4.21%,0.00%,"219,80 €","0,00 €",4,0
B0DPKXM18X,B0DNQT7LV3,"CUPERINOX Soporte Jamonero Balancín | Jamonero Giratorio Profesional | Jamonero Madera | Incluye Cuchillo Profesional, Afilador Funda Cubre Jamón| Jamoneros Elite Collection",20265_,386,15,0.09%,0.13%,594,20,0.10%,0.12%,99.62%,100.00%,4,2,1.04%,13.33%,"350,96 €","170,98 €",4,2
B0DPKXM18X,B0DNQX2BZN,"CUPERINOX Soporte Jamonero Plegable | Jamonero Giratorio | Jamonero de Bambú con Cuchillo Profesional, Afilador y Funda para Jamón | Elite Collection",20270_,223,5,0.05%,0.04%,381,8,0.07%,0.05%,98.38%,100.00%,4,0,1.79%,0.00%,"192,46 €","0,00 €",4,0
B0DVT6KPDV,B0DT73LYPQ,"CUPERINOX Cuchillos Montessori | Set de Cuchillos Infantiles de 16 Piezas | Cuchillos Niños Aprendizaje +2 Años | Incluye Delantal, Guante de Seguridad, Moldes Tabla de Cortar | Kids Collection",27016_,283,8,0.07%,0.07%,433,10,0.07%,0.06%,98.73%,100.00%,4,0,1.41%,0.00%,"59,96 €","0,00 €",4,0
B0DKP7F29P,B0FS7VJ21D,"Arcos Sartén Samoa Inox 26 cm, Acero inoxidable tricapa libre de PFAS",726400,396,5,0.10%,0.04%,526,6,0.09%,0.04%,48.59%,100.00%,4,0,1.01%,0.00%,"169,65 €","0,00 €",4,0
B0DKP7F29P,B0FS7W73G1,"Arcos Sartén Samoa Inox 28 cm, Acero inoxidable tricapa sin antiadherente",726500,300,6,0.07%,0.05%,383,9,0.07%,0.06%,81.04%,100.00%,4,1,1.33%,16.67%,"185,45 €","46,95 €",4,1
B0DKP7F29P,B0FS7XZKVF,"Arcos Sartén Samoa Inox 20 cm, Acero inoxidable tricapa sin PFAS",726100,348,1,0.08%,0.01%,478,1,0.08%,0.01%,84.07%,0.00%,4,0,1.15%,0.00%,"135,80 €","0,00 €",4,0
B0FWK1CK18,B0FWK1CK18,"Arcos Tabla de Corte Arcos de Teca, Elegancia y Durabilidad Artesanal",706200,357,8,0.09%,0.07%,491,10,0.08%,0.06%,54.07%,87.50%,4,0,1.12%,0.00%,"351,80 €","0,00 €",4,0
B08TWZYBPZ,B0FZC9C1BJ,"CUPERINOX- Set de Cuchillos Profesionales de Cocina 3 Piezas + Estuche Regalo | Chef 20 cm, Santoku 18 cm y Universal 13 cm | Acero Inoxidable Alta Precisión | Mango Ergonómico| Apto Lavavajillas",19302,"1,068",19,0.26%,0.17%,"1,421",19,0.25%,0.12%,99.62%,92.31%,4,0,0.37%,0.00%,"116,46 €","0,00 €",4,0
B0G4RT6HMS,B0G1ZZYNX6,"BIOLEAF – Limpiacristales Pack 2×750 ml (1,5 L) – Sin Marcas ni Huellas – Brillo en Cristales, Espejos y Ventanas – Secado Rápido – Biodegradable – Sin Disruptores Endocrinos",2651,38,1,0.01%,0.01%,48,1,0.01%,0.01%,100.00%,100.00%,4,0,10.53%,0.00%,"39,46 €","0,00 €",4,0
B0G4SGJSBJ,B0G21D2KFZ,"BIOLEAF– Desincrustante Baños Antical Pack 4×750 ml (3 L) | Limpieza Profesional de Lavabos, Ducha y Bañera | Brillo Inmediato | Biodegradable y Dermatológicamente Testado",3498,164,2,0.04%,0.02%,184,2,0.03%,0.01%,99.44%,100.00%,4,0,2.44%,0.00%,"79,96 €","0,00 €",4,0
B0G4S268RT,B0G21WYQYN,BIOLEAF– Lavavajillas Pack 4×750 ml (3 L) | Alta Eficacia contra Grasa Difícil | Vajilla Brillante y Sin Residuos | Biodegradable y Dermatológicamente Testado,3467,121,1,0.03%,0.01%,138,1,0.02%,0.01%,99.28%,0.00%,4,0,3.31%,0.00%,"75,96 €","0,00 €",4,0
B0G4SGJSBJ,B0G25S6KJ7,BIOLEAF – Desincrustante Baños Antical Pack 8×750 ml (6 L) | Limpieza Profesional Lavabos Ducha y Bañera | Brillo Inmediato | Biodegradable y Dermatológicamente Testado,3795,36,2,0.01%,0.02%,44,2,0.01%,0.01%,100.00%,100.00%,4,0,11.11%,0.00%,"118,46 €","0,00 €",4,0
B0G4S268RT,B0G25TRTV6,BIOLEAF – Lavavajillas Pack 8×750 ml (6 L) | Potente contra Grasa Difícil | Vajilla Brillante Sin Residuos | Biodegradable y Dermatológicamente Testado,3764,67,0,0.02%,0.00%,82,0,0.01%,0.00%,100.00%,0.00%,4,0,5.97%,0.00%,"107,96 €","0,00 €",4,0
B0G4RSR32Y,B0G25YRZ7Y,"BIOLEAF® – Desengrasante Cocina Profesional Pack 8×750 ml (6 L) | Antigrasa Potente para Hornos, Campanas y Superficies | Sin Disruptores Endocrinos | Fórmula Biodegradable|100% HECHO EN ESPAÑA",3788,60,1,0.01%,0.01%,75,1,0.01%,0.01%,100.00%,100.00%,4,0,6.67%,0.00%,"118,46 €","0,00 €",4,0
B0G2CMBY2N,B0G2CMBY2N,Ambientador Marino superconcentrado. 5 litros con solo 250 ml. Ahorro Total,WC009,65,2,0.02%,0.02%,80,2,0.01%,0.01%,100.00%,100.00%,4,0,6.15%,0.00%,"51,96 €","0,00 €",4,0
B0H2DQZ7ZK,B0H2DQZ7ZK,"VINFER-Limpia Salpicaderos Profesional Pack 2x750 ml (1,5L)|Spray para Coche| Limpia, Abrillanta y Protege Plásticos, Vinilos y Cueros,Efecto Antiestático Repelente del Polvo,Cuidado Interior Vehículo",LIMPIASALPICADEROS_PACK2,26,0,0.01%,0.00%,36,0,0.01%,0.00%,97.14%,0.00%,4,0,15.38%,0.00%,"59,96 €","0,00 €",4,0
B0DDWPSK8Z,B001681JO6,"HENDI Placa de inducción de sobremesa profesional, control táctil, 60-240°C, 230V, 3500W, 342x431x(H)116mm, acero inoxidable",H239711,54,8,0.01%,0.07%,101,12,0.02%,0.07%,86.59%,85.71%,3,0,5.56%,0.00%,"803,25 €","0,00 €",3,0
B017HKG9PK,B0044R87VO,Arcos Maitre - Cuchillo Jamonero Flexible - Acero Inoxidable NITRUM 275 mm - Mango Polipropileno negro,151200,343,12,0.08%,0.10%,377,12,0.07%,0.07%,74.06%,62.50%,4,0,1.17%,0.00%,"63,96 €","0,00 €",3,0
B0752X4WV1,B005LR73R0,Arcos Juego Chuleteros Mango Madera 110 mm,809300__,"4,475",102,1.08%,0.89%,"6,400",160,1.10%,0.99%,12.50%,7.27%,3,0,0.07%,0.00%,"71,97 €","0,00 €",3,0
B0752NT3TH,B005LR77GC,ARCOS Tijeras de Cocina Profesional 235 mm,185701,"2,086",31,0.50%,0.27%,"2,655",40,0.46%,0.25%,1.62%,0.00%,3,0,0.14%,0.00%,"29,70 €","0,00 €",3,0
B0752X1ZCK,B009KPKG8M,Arcos Cuchillos de Mesa - Cuchillo Chuletero Cuchillo de Mesa - Hoja de Acero Inoxidable NITRUM 110 mm - Mango de Nylon - Color Negro,803000_1-Pieza,142,7,0.03%,0.06%,165,10,0.03%,0.06%,84.57%,90.00%,12,10,8.45%,142.86%,"45,01 €","37,51 €",3,2
B00BQU0FB2,B00BQU0FB2,"HENDI Filtros de papel para cafetera de goteo, 1000 unidades, desechables, papel de filtro de café, ⌀245x(H)62mm, blanco",H208656,12,2,0.00%,0.02%,18,5,0.00%,0.03%,80.00%,50.00%,3,2,25.00%,100.00%,"125,25 €","83,50 €",3,2
B00BQU1IAY,B00BQU1IAY,"HENDI Calentador eléctrico de Alimentos para Buffet Tellano, Chafing Dish eléctrico al baño María, GN 1/1, Capacidad 9L, 30–85°C, 230V, 900W, 575x349x(H) 278mm, Polipropileno y Acero Inoxidable",H204825,54,6,0.01%,0.05%,84,9,0.01%,0.06%,22.54%,71.43%,10,9,18.52%,150.00%,"1.274,86 €","1.147,37 €",3,2
B00D3LDXPM,B00D3LDXPM,ARCOS Abrelatas Manual Aleación de Zinc Plata-Negro 160 mm,603600,163,18,0.04%,0.16%,207,21,0.04%,0.13%,12.57%,13.33%,3,1,1.84%,5.56%,"51,97 €","16,99 €",3,1
B0D1CW5WWV,B00GZR3RSO,"HENDI Centrifugador de ensaladas, secador de ensaladas, cesta de centrifugado interior extraíble, apto para el lavavajillas, 12 L, ø335x(h)430 mm, Poliamida, Polipropileno",H222553,9,1,0.00%,0.01%,17,1,0.00%,0.01%,93.75%,100.00%,3,1,33.33%,100.00%,"359,25 €","119,75 €",3,1
B00VRZ3BMG,B00VRZ3BMG,Arcos Tijeras Costura Acero Forjado 140 mm - Uso Doméstico y Profesional - Niqueladas Plata - Serie Style,502300_,33,0,0.01%,0.00%,40,0,0.01%,0.00%,45.95%,0.00%,3,0,9.09%,0.00%,"32,97 €","0,00 €",3,0
B00W9SPO5M,B00W9SPO5M,Arcos Tijeras de Modista de Acero Forjado 178 mm - Uso Profesional y Doméstico - Niqueladas en Plata - Serie Style,504200,41,0,0.01%,0.00%,70,0,0.01%,0.00%,78.95%,0.00%,4,0,9.76%,0.00%,"57,96 €","0,00 €",3,0
B06XB92VRH,B00YU2ZS1A,CUPERINOX Cafetera Italiana Induccion Espresso Acero Inoxidable 6 Tazas,25033,55,0,0.01%,0.00%,71,0,0.01%,0.00%,100.00%,0.00%,3,0,5.45%,0.00%,"53,70 €","0,00 €",3,0
B06XB92VRH,B00YU2ZS1A,CUPERINOX Cafetera Italiana Induccion Espresso Acero Inoxidable 6 Tazas,25033_,55,0,0.01%,0.00%,71,0,0.01%,0.00%,100.00%,0.00%,3,0,5.45%,0.00%,"53,70 €","0,00 €",3,0
B0DN1W6N4N,B015WI6B7A,"HENDI Jarra, para batidoras licuadoras HENDI 230718-230695-230688-230213-230602-230664, 2,5L, juego completo: cuchillas-jarra-tapas, de Tritan sin BPA, batidos-cócteles-postres, 200x170x(H)360mm",H933688,20,1,0.00%,0.01%,28,1,0.00%,0.01%,91.67%,0.00%,4,0,20.00%,0.00%,"487,46 €","0,00 €",3,0
B0F5L5VJM5,B0719K21HP,Arcos Tenazas de Marisco Acero Inoxidable 185 mm,606400_,232,13,0.06%,0.11%,335,18,0.06%,0.11%,10.37%,11.11%,4,2,1.72%,15.38%,"77,94 €","37,96 €",3,1
B07878SB8W,B07878SB8W,WINS – Fregasuelos Limpiador Amoniacal Pino 018 | Garrafa 5 L | Friegasuelos Perfumado para Suelos y Superficies Lavables | Uso General | 100% Made in Spain,WINS018,44,5,0.01%,0.04%,64,9,0.01%,0.06%,71.93%,100.00%,3,1,6.82%,20.00%,"38,03 €","12,90 €",3,1
B079ZCF2G9,B079ZCF2G9,Arcos Nova Juego 6 Cuchillos Carne Serrados Nitrum Negro 110 mm,188900_fbm,176,6,0.04%,0.05%,260,7,0.04%,0.04%,12.61%,25.00%,3,1,1.70%,16.67%,"53,25 €","17,75 €",3,1
B08S87M447,B07BMGMVY4,Arcos Serie Riviera Rose - Cuchillo Cocinero - Hoja de Acero Inoxidable Forjado NITRUM 200 mm - Mango de Polioximetileno (POM) Color Rosa,233654_,79,0,0.02%,0.00%,128,0,0.02%,0.00%,97.22%,0.00%,3,0,3.80%,0.00%,"101,97 €","0,00 €",3,0
B07BZ95N39,B07BZ95N39,"HENDI Pasta combustible para Chafing Dish, 24 x 200 g",H194300,132,14,0.03%,0.12%,187,18,0.03%,0.11%,16.00%,15.38%,3,0,2.27%,0.00%,"121,50 €","0,00 €",3,0
B07D5FFJ36,B07D5FFJ36,"HENDI Bandeja de Servicio Ovalada XL, Superficie Antideslizante, 735x600x(H) 31mm, Negro, Fibra de Vidrio y Goma",H508831,48,4,0.01%,0.03%,74,4,0.01%,0.02%,98.44%,100.00%,5,0,10.42%,0.00%,"250,77 €","0,00 €",3,0
B0D1CV1MT6,B07D9YVLP6,"HENDI Tabla de cortar con certificación HACCP 600x400 - Blanco, 600x400mm",H825600,125,26,0.03%,0.23%,143,33,0.02%,0.20%,80.28%,70.00%,4,3,3.20%,11.54%,"158,95 €","119,21 €",3,2
B0FR444FLT,B07DFNDYFM,Arcos Cuchillo pescado Forgedole Acero Inoxidable forjado. Mango Micarta y borseda especial con Hoja plateada 190 mm. Serie Manhattan. Color negro. Impresiona yorprencon cada corte.,161400_,79,1,0.02%,0.01%,102,1,0.02%,0.01%,85.15%,100.00%,3,0,3.80%,0.00%,"76,67 €","0,00 €",3,0
B07G75VRY2,B07G75VRY2,"Arcos Serie Cuchillos de Mesa Caja 12 uds Cuchillo Chuletero, Hoja Serrada de Acero Inoxidable de 110 mm, Cuchillo Monoblock Acero Inoxidable Color plata (12 UDS)",375800_(809900x2),69,0,0.02%,0.00%,134,0,0.02%,0.00%,65.83%,0.00%,4,0,5.80%,0.00%,"227,07 €","0,00 €",3,0
B07G75XCXM,B07G75XCXM,"Arcos Serie Cuchillos de Mesa Caja 12 uds Cuchillo Mesa, Hoja Serrada de Acero Inoxidable NITRUM de 125 mm, Mango Polipropileno Color crema (12 UDS)",370200_us,375,8,0.09%,0.07%,583,26,0.10%,0.16%,99.19%,100.00%,3,0,0.80%,0.00%,"59,97 €","0,00 €",3,0
B07MMFPNLK,B07MMFPNLK,"HENDI Placa eutéctica de Calor Profesional, GN 1/1, para Cajas térmicas, Elemento Calefactor, acumulador de Calor, Bloque térmico, Placa Caliente, 530x325x(H) 30mm, HDPE, Rojo",H707845,23,2,0.01%,0.02%,32,2,0.01%,0.01%,92.59%,100.00%,12,0,52.17%,0.00%,"615,00 €","0,00 €",3,0
B07N7VN49R,B07N7VN49R,HENDI Cesta de lavavajillas para vasos - 49 compartimentos - 500x500x104 mm Gris,H877012,35,5,0.01%,0.04%,51,7,0.01%,0.04%,90.91%,100.00%,4,1,11.43%,20.00%,"109,69 €","26,38 €",3,1
B0FR444FLT,B07N8VLCQS,"Arcos Juego de Cuchillos Profesionales (4 Piezas) - Acero Inoxidable Nitrum, Precisión y Durabilidad, Mango Ergonómico POM Negro, Incluye Tijeras y Bloque de Madera, Serie Manhattan",163300_,176,2,0.04%,0.02%,220,2,0.04%,0.01%,93.36%,100.00%,3,0,1.70%,0.00%,"299,15 €","0,00 €",3,0
B07YXBK4HD,B07YXBK4HD,Arcos Riviera Set 3 Cuchillos de Corte Acero Inoxidable Nitrum,806911_,39,1,0.01%,0.01%,61,1,0.01%,0.01%,62.26%,0.00%,3,0,7.69%,0.00%,"194,85 €","0,00 €",3,0
B0FR444FLT,B07YYDR6D8,Arcos Juego de Cuchillos de Cocina. 3 piezas de Acero Inoxidable forjado. Impresiona yorprencon cada corte. Mango Micarta azul. Serie Brooklyn. Color Azul.,858110_,884,18,0.21%,0.16%,"1,250",22,0.22%,0.14%,85.36%,100.00%,3,0,0.34%,0.00%,"301,63 €","0,00 €",3,0
B0CWLP4H3Z,B0843DKLKY,ARCOS Tijeras de Cocina Desmontables Acero Inox. Nitrum,784911_etq,689,15,0.17%,0.13%,812,16,0.14%,0.10%,7.47%,9.09%,3,1,0.44%,6.67%,"29,97 €","9,99 €",3,1
B0FQNZM34T,B0843QFQB7,Arcos Set Cuchillos 5 piezas Acero Inoxidable Nitrum. Cuchillo Cocina Profesional Afilado para Cortar Carne. Mango Ergonómico Polioximetileno POM. Serie Opera. Diseño Clásico. Color Negro.,227000,292,3,0.07%,0.03%,426,4,0.07%,0.02%,96.94%,100.00%,3,0,1.03%,0.00%,"405,03 €","0,00 €",3,0
B08GSTDWTC,B08LVVQ3ZQ,"Arcos Serie Nova - Cuchillo para pelar, Acero Inoxidable NITRUM, Envase Ecológico, 3 colores Fucsia, Turquesa y Amarillo",703700fbm,"1,676",24,0.40%,0.21%,"2,254",28,0.39%,0.17%,83.24%,93.75%,4,2,0.24%,8.33%,"44,96 €","20,98 €",3,2
B09MSDJQJ1,B08M3B43J6,"Arcos | Juego Cuchillo Jamonero 3 Pzas | jamonero Acero Inoxidable (240 mm), afilador Chaira y Cubre jamón | Juego Cuchillos jamonero Profesional | Paleta ibérica | Eco",704300,239,5,0.06%,0.04%,331,6,0.06%,0.04%,99.68%,100.00%,3,0,1.26%,0.00%,"84,77 €","0,00 €",3,0
B08M99RZRV,B08M99RZRV,Arcos | Cuchillo Jamonero Cuchillo deshuesador | 2 Uds | Set cuchillos jamoneros 250 mm y cuchillo deshuesador (140 mm) jamonero profesional | cuchillo carnicero profesional | Eco,703800fbm,363,9,0.09%,0.08%,501,16,0.09%,0.10%,99.78%,100.00%,3,0,0.83%,0.00%,"122,97 €","0,00 €",3,0
B08Y8NS7PN,B08MT61GJV,Arcos Juego Cuchillos Cocina | 2 pzas |Profesional (150 mm) | Cuchillo Cortador Verduras (100 mm)| Acero Inoxidable Nitrum | Mango Negro | Envase Eco,819900fbm,52,2,0.01%,0.02%,70,2,0.01%,0.01%,95.45%,100.00%,3,0,5.77%,0.00%,"52,97 €","0,00 €",3,0
B08Q7W1Q4K,B08Q7W1Q4K,"Tradineur - Pack de 2 Graseras de metal de Ø 9,3 x 11 cm - Incluye filtro, asa y tapa - Aceitera con colador para conservación de aceite de acero inoxidable - Capacidad de 550 ml",22105+22106,102,1,0.02%,0.01%,151,3,0.03%,0.02%,100.00%,100.00%,3,0,2.94%,0.00%,"32,97 €","0,00 €",3,0
B0CQLQ57BT,B08TWYJ47S,"Arcos Cazo Antiadherente 18 cm - Aluminio Fundido, Apto para Todas las Cocinas, Mango Ergonómico, Ahorro Energético, Lavavajillas, Negro/Azul - Serie Thera",719100,63,0,0.02%,0.00%,79,0,0.01%,0.00%,71.05%,0.00%,4,0,6.35%,0.00%,"75,92 €","0,00 €",3,0
B0CQM2K3QY,B08TX1D4LL,"ARCOS Thera Olla Grande de Cocina de 24 Cm y 4 L. Cacerola Alta para Inducción, Gas y Vitrocerámica. Olla de Aluminio Fundido con Tapa de Cristal y Mango Extraíble. Apta Lavavajillas. Color Negro Azul",718700,135,2,0.03%,0.02%,163,2,0.03%,0.01%,46.01%,50.00%,3,0,2.22%,0.00%,"161,97 €","0,00 €",3,0
B08ZNM265D,B08ZNM265D,Arcos | cuchillos de mesa cuchillo mesa tradicional | 6 Piezas cuchillo chuletero | mango nailon | Envase Eco | Fabricado en España,704400_fba,243,1,0.06%,0.01%,339,1,0.06%,0.01%,100.00%,100.00%,4,0,1.65%,0.00%,"107,96 €","0,00 €",3,0
B0F1N351DY,B097RDB5T3,Arcos Juego de 3 Cuchillos Mondadores Acero Inoxidable 100 mm,816500_3piezas,"1,932",51,0.47%,0.44%,"2,360",67,0.41%,0.41%,3.15%,2.13%,3,0,0.16%,0.00%,"37,47 €","0,00 €",3,0
B09DPRCMTF,B0987MG3JQ,Arcos Juego Cuchillos Carne | Cuchillo chuleteros | Cuchillos Carne Cuchillos Mesa | 6 Uds | Hoja 110 mm | Acero Inoxidable | Mango Nylon | Apto lavavajillas | Envase Ecológico (Filo Liso),814200_fba,93,2,0.02%,0.02%,115,2,0.02%,0.01%,100.00%,100.00%,4,0,4.30%,0.00%,"76,96 €","0,00 €",3,0
B09F9MH34D,B09F9MH34D,"Arcos Serie Cuchillos de Mesa Chuleteros, Mango de Polipropileno, Hoja 110 mm, Apto para Lavavajillas, Negro, 6 Piezas",805109_6piezas,61,0,0.01%,0.00%,80,0,0.01%,0.00%,84.93%,0.00%,4,2,6.56%,0.00%,"49,96 €","23,98 €",3,1
B09MRYLZ4M,B09MRYLZ4M,Arcos Juego de Cuchillos de Cocina de 3 Piezas,167100_us,"1,417",36,0.34%,0.31%,"1,964",52,0.34%,0.32%,7.54%,0.00%,3,0,0.21%,0.00%,"206,70 €","0,00 €",3,0
B0C5X757TS,B0C5X757TS,Arcos Serie Lisboa - Cubertería de 24 piezas en Caja de Regalo (6 Cuchillos + 12 Cucharas + 6 Tenedores) - Monoblock de una pieza en Acero Inoxidable - Color Plata,597400,142,6,0.03%,0.05%,239,8,0.04%,0.05%,93.60%,66.67%,3,0,2.11%,0.00%,"269,97 €","0,00 €",3,0
B0F9TD2LTH,B0CS6V91GR,CUPERINOX® Cuchillos de Mesa con Mango de Madera – Set 6 Cuchillos para Carne con Filo Dentado – Estilo Palmadera tradicional – Aptos para Uso Diario,14015_us,624,14,0.15%,0.12%,835,16,0.14%,0.10%,99.75%,100.00%,3,0,0.48%,0.00%,"56,97 €","0,00 €",3,0
B0G6M1C8V6,B0D4WK78XV,CUPERINOX Aceiteras para Aceite Usado | Grasera Acero Inoxidable 550ML con Filtro Metálico | Recipiente para Aceite Usado de Cocina y Grasa | Grasera Cocina Metálica 550ML 2Uds Metálico,22105y22106,"1,066",16,0.26%,0.14%,"1,624",25,0.28%,0.15%,99.79%,100.00%,3,0,0.28%,0.00%,"35,97 €","0,00 €",3,0
B0DG2RQFHP,B0DG2RQFHP,"HENDI Bandeja de horno GN 1/1 Convectomat – 8 moldes redondos – para huevos fritos, tortillas, panqueques, crepes – Revestimiento antiadherente – 260°C – 530x325x(H) 26mm – Acero inoxidable",H808856,46,13,0.01%,0.11%,69,21,0.01%,0.13%,73.33%,70.59%,6,6,13.04%,46.15%,"255,81 €","255,81 €",3,3
B0DNNKT1W2,B0DNNJPGTY,"Cuperinox-Tetera de Cristal con Infusor para Té e Infusiones, Resistente al Calor y Compatible con Microondas ** - Infusion Prestige Collection (750 ml)",26112,104,3,0.03%,0.03%,145,4,0.03%,0.02%,100.00%,100.00%,4,2,3.85%,66.67%,"70,47 €","33,49 €",3,1
B0FJLTDB9J,B0FB98PM7Z,CUPERINOX® Beauty Care – Pack 3 Cortauñas de Precisión | Alicate + Cortaúñas Mediano + Cortaúñas con Llavero | Acero Inoxidable Profesional | Manicura y Pedicura | Hombre y Mujer,A10004,41,0,0.01%,0.00%,55,0,0.01%,0.00%,100.00%,0.00%,3,0,7.32%,0.00%,"38,97 €","0,00 €",3,0
B0FDKY2RXG,B0FDKY2RXG,VINCARE Pack Limpieza Infantil – Detergente Biberones + Multiusos + Quitamanchas – Limpieza Segura para el Entorno del Bebé- 100% MADE IN SPAIN,PACK VINCARE,10,0,0.00%,0.00%,17,0,0.00%,0.00%,100.00%,0.00%,3,0,30.00%,0.00%,"45,22 €","0,00 €",3,0
B0DKP7F29P,B0FS7XQ88Z,"Arcos Sartén Samoa Inox 30 cm, Acero inoxidable tricapa sin PFAS",726600,143,2,0.03%,0.02%,180,2,0.03%,0.01%,60.71%,100.00%,3,0,2.10%,0.00%,"153,25 €","0,00 €",3,0
B0G4F8D9B5,B0G4F8D9B5,"CUPERINOX Cuchillos Niños | Juego de Cuchillos Infantiles de 8 Piezas | Kit Cocina Método Montessori Aprendizaje +2 Años | Incluye Tabla de Cortar, Pelador y Cuchillo de Madera (8)",27007_,38,1,0.01%,0.01%,45,1,0.01%,0.01%,100.00%,100.00%,3,0,7.89%,0.00%,"33,97 €","0,00 €",3,0
B0G67DKSXN,B0G66TDWL6,BIOLEAF – Gel WC Esencias Marinas Pack 8×750 ml (6 L) | Limpieza Profunda del Inodoro | Gel Denso Sin Salpicaduras | Frescor Duradero | Biodegradable y Dermatológicamente Testado,3801,58,2,0.01%,0.02%,66,4,0.01%,0.02%,100.00%,100.00%,3,1,5.17%,50.00%,"74,94 €","22,31 €",3,1
B0H1RQ93K4,B0GZ533NMT,"CUPERINOX – Pack de 12 Aros de Emplatar 6 x 4 cm de Acero Inoxidable | Emplatador Redondo Reutilizable para Tártar, Arroces, Postres y Aperitivos | Cocina y Repostería",22570,49,5,0.01%,0.04%,62,6,0.01%,0.04%,98.25%,100.00%,8,4,16.33%,80.00%,"132,81 €","64,57 €",3,1
B0H1RQ93K4,B0H1HK9X3W,"CUPERINOX- Pack de 12 emplatadores Cuadrados 6x4 cm en Acero Inoxidable. Ideales para tartares, arroces, Mousse y postres. Reutilizables, duraderos y Aptos lavavajillas.",RX-Y34O-5BFX,27,1,0.01%,0.01%,43,1,0.01%,0.01%,94.74%,100.00%,6,4,22.22%,400.00%,"101,93 €","67,95 €",3,1
B0H29K88R6,B0H29K88R6,"VINFER-Mopas Spray con Insecticida Pack 2x750 ml (1,5L)| Aerosol Doble Acción Limpieza e Insecticida | Para Insectos Rastreros | Limpia Suelos y Ayuda a Combatir Cucarachas, Hormigas y Arañas",MOPASMORADO_PACK2,36,3,0.01%,0.03%,44,5,0.01%,0.03%,97.56%,75.00%,3,0,8.33%,0.00%,"44,97 €","0,00 €",3,0
B0H3Q5DQZ4,B0H3Q5DQZ4,VINFERMATÓN Pack 2 Insecticida Mosquitos y Moscas Concentrado Matón PS 250 ml | Spray para Insectos Voladores |Acción Inmediata|Con Piretrinas Sintéticas|Formato Ligero con Dosificación Controlad,MATONPS_PACK2,23,1,0.01%,0.01%,38,1,0.01%,0.01%,91.43%,100.00%,5,0,21.74%,0.00%,"78,95 €","0,00 €",3,0
B0F54LTCFF,B0044R87I2,Arcos Conjunto Cuchillos 4 piezas (3 Cuchillos + 1 tijeras). Acero Inoxidable y Hoja mm. 1670 gr. Bloque madera pino. Mango ergonómico polioximetileno POM. Serie Universal. Mayor control. Color negro.,285000_us,107,7,0.03%,0.06%,156,7,0.03%,0.04%,93.20%,100.00%,2,0,1.87%,0.00%,"113,98 €","0,00 €",2,0
B0F54LTCFF,B0044R87QO,Arcos Cuchillo Chef Acero Inoxidable. Cuchillo cocina profesional para cortar una variedad alimentos. Mango ergonómico polioximetileno y Hoja 250 mm. Serie Universal. Color negro.,280704_fbm,623,13,0.15%,0.11%,817,19,0.14%,0.12%,0.51%,14.29%,4,1,0.64%,7.69%,"98,99 €","24,74 €",2,1
B0050HL9DU,B0050HL9DU,"HENDI Parrilla Eléctrica de Contacto, Grill/Plancha Panini y Sandwichera Profesional, Placas Acanaladas y Lisas de Hierro Fundido Esmaltado, 230V, 2200W, 430x375x(H)216mm, Acero Inoxidable",H263662,13,2,0.00%,0.02%,26,5,0.00%,0.03%,78.95%,100.00%,2,1,15.38%,50.00%,"531,50 €","265,75 €",2,1
B0H2G7NH42,B005LR68DU,Arcos Cuchillo Jamonero con Alveolos 250 mm,231000_,543,16,0.13%,0.14%,774,22,0.13%,0.14%,11.27%,6.25%,2,0,0.37%,0.00%,"66,98 €","0,00 €",2,0
B005LR69PW,B005LR69PW,"Arcos Cuchillo Tomates Acero Inoxidable 5""",232000_,490,18,0.12%,0.16%,654,19,0.11%,0.12%,5.37%,0.00%,2,0,0.41%,0.00%,"47,98 €","0,00 €",2,0
B005LR6H5O,B005LR6H5O,Arcos Cuchillo Chef Forjado Acero Inoxidable. Cuchillo Cocina Profesional Multiusos Cortar Carne y Verduras. Mango Ergonómico Polioximetileno y Hoja 300mm. Serie Riviera. Color Negro.,233800_,85,6,0.02%,0.05%,122,8,0.02%,0.05%,77.98%,66.67%,2,1,2.35%,16.67%,"116,98 €","59,99 €",2,1
B017HKFNO8,B005LR6ZZ6,Arcos Niza Cuchillo de Cocina Acero Inoxidable 150 mm,135300,201,5,0.05%,0.04%,280,7,0.05%,0.04%,9.77%,0.00%,2,0,1.00%,0.00%,"19,98 €","0,00 €",2,0
B0F54LTCFF,B006LMX2GK,Arcos Cuchillo Jamonero Acero Inoxidable Forjado Nitrum 280 mm,281904,239,16,0.06%,0.14%,301,17,0.05%,0.11%,8.19%,8.33%,2,0,0.84%,0.00%,"34,98 €","0,00 €",2,0
B07BDVL8SH,B007TS679O,Arcos Universal Cuchillo Pelar Remaches Acero POM Negro 3 pulg,281004_pp,23,0,0.01%,0.00%,39,0,0.01%,0.00%,24.32%,0.00%,2,0,8.70%,0.00%,"23,98 €","0,00 €",2,0
B0F54LTCFF,B007TS67Q2,Arcos Cuchillo Chef Acero Inoxidable 120 mm,280304,"4,696",132,1.13%,1.15%,"6,953",192,1.20%,1.19%,0.00%,0.00%,4,0,0.09%,0.00%,"51,96 €","0,00 €",2,0
B0F54LTCFF,B007TS67WG,Arcos Cuchillo Chef Acero Inoxidable 300 mm,280804,584,14,0.14%,0.12%,693,20,0.12%,0.12%,15.90%,10.00%,2,1,0.34%,7.14%,"59,50 €","29,75 €",2,1
B017HKKKIC,B007TS68BG,Arcos Universal Cuchillo Carnicero Nitrum POM Negro 160 mm,288200_fbm,152,5,0.04%,0.04%,234,5,0.04%,0.03%,32.39%,60.00%,2,0,1.32%,0.00%,"57,90 €","0,00 €",2,0
B007TS6GW2,B007TS6GW2,Arcos Chairas - Chaira Afilador manual de cuchillos - Cuerpo de Acero al Carbono recubierto de Diamante de 280 mm - Mango de Polipropileno color negro,279202_,106,2,0.03%,0.02%,282,10,0.05%,0.06%,95.40%,100.00%,4,3,3.77%,150.00%,"159,96 €","119,97 €",2,1
B007TS6HBM,B007TS6HBM,ARCOS Rallador de Limones Acero Inoxidable 40 mm,612800,87,3,0.02%,0.03%,112,5,0.02%,0.03%,5.10%,0.00%,2,0,2.30%,0.00%,"17,70 €","0,00 €",2,0
B0895RNY35,B007TS6HDA,ARCOS Descorazonador de Manzanas Acero Inoxidable Nitrum 75 mm,612300,20,0,0.00%,0.00%,23,0,0.00%,0.00%,0.00%,0.00%,2,0,10.00%,0.00%,"16,98 €","0,00 €",2,0
B0B3F4QXML,B008U6TDTK,Arcos Serie Clasica - Juego de Cuchillos de 5 piezas en Caja de Regalo (5 Cuchillos) - Hoja de Acero Inoxidable Forjado NITRUM - Mando de Polioximetileno (POM) - Bloque de madera color marrón acabado lacado,257000,674,14,0.16%,0.12%,941,17,0.16%,0.11%,67.84%,100.00%,2,0,0.30%,0.00%,"289,98 €","0,00 €",2,0
B0H2G7NH42,B00BHZPHSC,Arcos Riviera Blanc Cuchillo Jamonero Forjado Acero POM Blanco 250 mm,231024_,206,14,0.05%,0.12%,294,25,0.05%,0.15%,25.35%,25.00%,2,0,0.97%,0.00%,"67,98 €","0,00 €",2,0
B00BHZPKEI,B00BHZPKEI,Arcos Cuchillo Blanco 100 mm,230224_,18,0,0.00%,0.00%,24,0,0.00%,0.00%,47.37%,0.00%,2,0,11.11%,0.00%,"39,98 €","0,00 €",2,0
B0H3P52PVS,B00BHZPKEI,Arcos Cuchillo Blanco 100 mm,230224_,357,5,0.09%,0.04%,528,7,0.09%,0.04%,8.91%,0.00%,2,0,0.56%,0.00%,"39,98 €","0,00 €",2,0
B0F54LTCFF,B00BHZPO3K,Arcos Cuchillo para Queso Acero Inoxidable NITRUM 145 mm,281604_fbm,872,35,0.21%,0.30%,"1,181",45,0.20%,0.28%,2.29%,0.00%,3,0,0.34%,0.00%,"62,25 €","0,00 €",2,0
B00D3LC70Y,B00D3LC70Y,Arcos Tijeras Costura Castellana - Acero Forjado Niquelado 127 mm - Uso Doméstico y Profesional - Serie Style,502200,67,1,0.02%,0.01%,88,1,0.02%,0.01%,100.00%,100.00%,3,0,4.48%,0.00%,"31,47 €","0,00 €",2,0
B07TXLKG42,B00GZR3MKM,"HENDI Freidora eléctrica, T ajustable hasta 190°C, termostato de seguridad, zona fría, con tapa y cesta de freír, tanque de aceite extraíble, 8L, 230V, 3500W, 265x430x(H)345mm, acero inoxidable",H205822,49,3,0.01%,0.03%,80,3,0.01%,0.02%,42.86%,50.00%,2,1,4.08%,33.33%,"313,48 €","156,74 €",2,1
B0D1CW5WWV,B00GZR3SJW,"HENDI Centrifugador de ensaladas, secador de ensaladas, cesta de centrifugado interior extraíble, apto para el lavavajillas, 25 L, ø430x(h)530 mm, Poliamida, Polipropileno",H952992,11,2,0.00%,0.02%,15,4,0.00%,0.02%,60.00%,75.00%,2,1,18.18%,50.00%,"277,00 €","138,50 €",2,1
B0752V8D5V,B00I9XTGJ6,ARCOS Taco Redondo Protector de Cuchillos Caucho Termoplástico 225 mm,794000,135,3,0.03%,0.03%,192,5,0.03%,0.03%,55.68%,100.00%,2,0,1.48%,0.00%,"49,98 €","0,00 €",2,0
B017HKRIGE,B00I9XTOT8,"ARCOS Tabla Cortar Fibra Resina y Celulosa 13""",691610,385,9,0.09%,0.08%,553,15,0.10%,0.09%,9.58%,0.00%,2,0,0.52%,0.00%,"41,98 €","0,00 €",2,0
B00IUPKTFS,B00IUPKTFS,"HENDI Sartén eléctrica multiusos, paellera cazuela olla plancha, de fiestas, revestimiento antiadherente, termostato, con tapa, interior: ø55cm profundidad: 6cm, 230V, 1600W, ø620x(H)190mm, aluminio",H239605,246,7,0.06%,0.06%,348,8,0.06%,0.05%,52.87%,20.00%,2,0,0.81%,0.00%,"197,98 €","0,00 €",2,0
B0GDY91XR2,B00J3ZTYAK,"Arcos Cuchillos de Mesa de Acero Inoxidable 18/10, Monoblock de una Pieza, Hoja 220 mm, Juego de 3 Piezas para Cocina, Serie Toscana",575000,29,0,0.01%,0.00%,37,0,0.01%,0.00%,80.65%,0.00%,2,0,6.90%,0.00%,"35,12 €","0,00 €",2,0
B0H2G7NH42,B00J64GI4S,Arcos Riviera Blanc Cuchillo Jamonero Forjado POM Blanco 300 mm,231124_,102,11,0.02%,0.10%,147,17,0.03%,0.11%,47.83%,71.43%,2,0,1.96%,0.00%,"73,98 €","0,00 €",2,0
B0H2G44JDB,B00J64GI70,Arcos Riviera Blanc Cuchillo Fileteador Forjado Acero Inoxidable 200 mm,233024_,103,2,0.02%,0.02%,138,2,0.02%,0.01%,66.67%,50.00%,2,0,1.94%,0.00%,"51,98 €","0,00 €",2,0
B0D1CYZT7H,B00JN2S0UI,HENDI Escurridor de patatas fritas de aluminio - Gris claro - diámetro400x(H)170 mm,H630006,54,5,0.01%,0.04%,69,7,0.01%,0.04%,69.70%,100.00%,2,1,3.70%,20.00%,"68,51 €","34,26 €",2,1
B0D1CVQX4L,B00JP7NAGK,"HENDI Tabla de Cortar, Madera, marrón, 530x325mm GN 1/1",H506905,83,0,0.02%,0.00%,128,0,0.02%,0.00%,93.46%,0.00%,2,0,2.41%,0.00%,"78,16 €","0,00 €",2,0
B00KISSXY4,B00KISSXY4,"HENDI Bandeja de Servicio AmerBox, Grande, Rectangular, Multiusos, Bandeja para Servir Comida rápida, Bebidas, Fast Food, Bandeja de Cocina, 350x450x(H) 20mm, Gris, Polipropileno",H878804,43,3,0.01%,0.03%,74,4,0.01%,0.02%,100.00%,100.00%,2,0,4.65%,0.00%,"19,98 €","0,00 €",2,0
B07TZN23F1,B00KVI6BB8,HENDI Espátula para pizza cuadrada - 1320x305 mm,H617816,35,1,0.01%,0.01%,49,1,0.01%,0.01%,91.49%,100.00%,2,0,5.71%,0.00%,"59,50 €","0,00 €",2,0
B0G39WX9ZQ,B00MDK1EBE,"Arcos Cuchillo Utilitario Acero Inoxidable Nitrum 5""",100600_fbm,189,4,0.05%,0.03%,282,5,0.05%,0.03%,93.05%,100.00%,2,0,1.06%,0.00%,"11,98 €","0,00 €",2,0
B0CKX4YV2W,B00MFLEA80,"HENDI Expositor buffet frío UNIQ 1 piso, Negro",H871805,76,15,0.02%,0.13%,101,20,0.02%,0.12%,97.98%,100.00%,2,1,2.63%,6.67%,"150,50 €","75,25 €",2,1
B0G39VSVBM,B00U2QWO1K,Arcos Latina Cuchillo Chuletero Acero Inoxidable 105 mm,100400_1pieza,90,0,0.02%,0.00%,115,0,0.02%,0.00%,80.37%,0.00%,2,0,2.22%,0.00%,"7,50 €","0,00 €",2,0
B0F54LTCFF,B00VT5L310,Arcos Espátula de Cocina Profesional - Hoja de Acero Inoxidable NITRUM 160 mm - Resistente a Químicos y Calor - Mango Ergonómico POM Negro - Serie Universal,286600,423,12,0.10%,0.10%,443,13,0.08%,0.08%,40.09%,50.00%,2,0,0.47%,0.00%,"51,00 €","0,00 €",2,0
B0GYLCHCZH,B01418E5ZC,"HENDI Cubitera para botellas, enfriador de bebidas tipo champanera, BarUp, 9,5L, ⌀350x(H)230mm, acero inoxidable",H471524,25,5,0.01%,0.04%,37,8,0.01%,0.05%,83.33%,62.50%,3,3,12.00%,60.00%,"73,47 €","73,47 €",2,2
B017DEWUDK,B017DEWUDK,Arcos Cuchillo Acero Inoxidable 300 mm,233824_,57,0,0.01%,0.00%,69,0,0.01%,0.00%,57.14%,0.00%,2,0,3.51%,0.00%,"119,98 €","0,00 €",2,0
B017DLM9V6,B017DLM9V6,"Arcos Tenedores de Postre Acero Inoxidable 18/10, Juego de 3 Piezas, Monoblock 180 mm, Serie Toscana, Ideal para Repostería y Sobremesa, Color Plata",574500_,78,0,0.02%,0.00%,106,0,0.02%,0.00%,50.00%,0.00%,2,0,2.56%,0.00%,"16,50 €","0,00 €",2,0
B017DMTEIG,B017DMTEIG,Arcos Utensilios Profesionales - Sierra de Carnicero - Hoja de Acero Inoxidable 430 mm - Mango de Polipropileno Color Negro,791800,93,3,0.02%,0.03%,129,8,0.02%,0.05%,16.96%,40.00%,2,1,2.15%,33.33%,"126,84 €","62,90 €",2,1
B0C6QCQY2G,B01ANXDVCM,HENDI Vitrina expositora refrigerada con bandeja GN 1/1,H424186,272,34,0.07%,0.30%,349,46,0.06%,0.28%,80.39%,81.08%,2,2,0.74%,5.88%,"279,52 €","279,52 €",2,2
B07TWJ3TPK,B01D4TUC10,HENDI Sistema de sous-vide GN 2/3. - 13 L - 230V/400W - 363x335x(H)290 mm (225264),H781672,24,3,0.01%,0.03%,30,4,0.01%,0.02%,96.55%,100.00%,2,1,8.33%,33.33%,"610,58 €","319,98 €",2,1
B088L1YKB9,B01DY4846U,HENDI Thermobox Kitchen Line - 53 L - 685x485x(H)260 mm,H707951,38,5,0.01%,0.04%,47,7,0.01%,0.04%,82.98%,100.00%,3,2,7.89%,40.00%,"208,66 €","136,71 €",2,1
B0DN1W2FX7,B01DY48ILG,"HENDI Bolsas lisas para cocción sous-vide y envasado al vacío, 100 unidades, -20 °C a +110 °C, 400x300mm, 75µm, PA/PE, sin BPA",H970690,8,3,0.00%,0.03%,12,5,0.00%,0.03%,100.00%,100.00%,2,1,25.00%,33.33%,"61,98 €","30,99 €",2,1
B0752X1Z92,B01KZWSCSE,ARCOS Mochila para 9 Cuchillos de Cocina en Poliéster y PVC. Bolsa Portacuchillos Profesional para Almacenar y Transportar Utensilios de Cocina. 330 x 480 x 185 Mm. Color Negro,694900,93,3,0.02%,0.03%,122,3,0.02%,0.02%,60.34%,100.00%,2,0,2.15%,0.00%,"129,80 €","0,00 €",2,0
B0714CRSCQ,B0714CRSCQ,Arcos Cuchillo Mondador Negro 100 mm,150300,225,6,0.05%,0.05%,324,10,0.06%,0.06%,14.33%,0.00%,2,0,0.89%,0.00%,"19,90 €","0,00 €",2,0
B0F5L2FGGS,B071HVWQKP,Arcos Cuchillos Mesa con Hoja Acero Inoxidable. Cuchillos Carne con Mango Madera Palisandro Marrón. Hoja. Corta Carne Asada. Clásicos y Elegantes. Cortein Esfuerzo. Serie Mesa. Color Marrón,373700,677,9,0.16%,0.08%,869,14,0.15%,0.09%,8.79%,0.00%,3,0,0.44%,0.00%,"46,47 €","0,00 €",2,0
B0F1N351DY,B073V3CYRF,Arcos Cuchillo Mondador de 4 Pulgadas con Hoja de 100mm en Acero Inoxidable y Mango de Polipropileno. Cuchillos de Cocina para Pelar Apto para Lavavajillas. Serie Nova. Color Turquesa,188632_,534,15,0.13%,0.13%,582,15,0.10%,0.09%,92.33%,91.67%,4,0,0.75%,0.00%,"20,96 €","0,00 €",2,0
B075ZWHQLQ,B075ZWHQLQ,Wins - Desengrasante Limpiador Profesional 001 - Garrafa 5L,WINS001,50,4,0.01%,0.03%,69,7,0.01%,0.04%,82.54%,100.00%,3,2,6.00%,50.00%,"39,89 €","26,50 €",2,1
B0761194MW,B0761194MW,VINFER Wins 020 Desengrasante Concentrado Profesional para la Limpieza de planchas de Cocina y hornos. Botella 5 Lt,WINS020,26,1,0.01%,0.01%,38,1,0.01%,0.01%,86.49%,100.00%,2,1,7.69%,100.00%,"35,97 €","17,98 €",2,1
B07882914Y,B07882914Y,Wins - Limpiador Suelos y Superficies Concentrado Amoniacal Pino 021 - Garrafa 5L,WINS021,28,1,0.01%,0.01%,35,2,0.01%,0.01%,38.24%,100.00%,4,3,14.29%,300.00%,"56,45 €","41,96 €",2,1
B079ZBKL1L,B079ZBKL1L,Ambientador Concentrado de larga duración Azores,LIMPIADORAZORES,51,4,0.01%,0.03%,71,7,0.01%,0.04%,95.24%,100.00%,2,0,3.92%,0.00%,"33,98 €","0,00 €",2,0
B09JPSTVBC,B07B8MQZTW,Arcos Serie Riviera Rose - Cuchillo Mondador - Hoja de Acero Inoxidable Forjado NITRUM 100 mm - Mango de Polioximetileno (POM) Color Rosa,230254_,52,0,0.01%,0.00%,66,0,0.01%,0.00%,96.67%,0.00%,2,0,3.85%,0.00%,"47,98 €","0,00 €",2,0
B0FR444FLT,B07C7YV74X,Arcos Manhattan Cuchillo Trinchar Acero Jamón y Carne 250 mm,161900_,103,2,0.02%,0.02%,130,2,0.02%,0.01%,82.81%,100.00%,2,0,1.94%,0.00%,"69,98 €","0,00 €",2,0
B07CBLHKLN,B07CBLHKLN,"HENDI Cartuchos de recarga de gas GLP para HENDI Cabezales de antorchas de cocina de llama continua 198247 y 198216, recambios para soplete, paquete de 4 unidades",H199039,10,1,0.00%,0.01%,10,1,0.00%,0.01%,80.00%,100.00%,3,0,30.00%,0.00%,"45,47 €","0,00 €",2,0
B07D2TFS1B,B07D2TFS1B,HENDI Máquina eléctrica para pasta,H224847,136,5,0.03%,0.04%,191,10,0.03%,0.06%,63.35%,0.00%,2,0,1.47%,0.00%,"418,00 €","0,00 €",2,0
B0D1CXLR2J,B07D5DJZBL,HENDI Embudo para repostería Kitchen Line - Gris claro - 1.5 L - 270x195x(H)270 mm,H551813,10,0,0.00%,0.00%,11,0,0.00%,0.00%,100.00%,0.00%,3,2,30.00%,0.00%,"165,26 €","108,27 €",2,1
B086WYMVKJ,B07D7NHQVR,"HENDI Soporte expositor para pan de sobremesa GN 1/2, 2 niveles, con 2 cestas para bufé, 360x280x(H) 290mm, polipropileno",H561201,68,6,0.02%,0.05%,101,7,0.02%,0.04%,48.39%,66.67%,2,2,2.94%,33.33%,"74,80 €","74,80 €",2,2
B0FR444FLT,B07D8GYFC7,"Arcos Cuchillo Chef Forjado Acero Inoxidable NITRUM - Profesional Cocina, Mango Ergonómico POM Negro, Hoja Silk Edge 150 mm, Serie Manhattan",160400_,137,1,0.03%,0.01%,174,1,0.03%,0.01%,87.72%,100.00%,2,0,1.46%,0.00%,"64,98 €","0,00 €",2,0
B0FR444FLT,B07D8XC7NL,"Arcos Cuchillo Chef Forjado Acero Inoxidable NITRUM - Profesional Cocina, Mango Ergonómico POM Negro, Hoja Silk Edge 250 mm, Serie Manhattan",160800_,142,2,0.03%,0.02%,187,2,0.03%,0.01%,80.12%,100.00%,2,0,1.41%,0.00%,"89,98 €","0,00 €",2,0
B0CTHQG9QZ,B07DB3C9JY,"HENDI Recipiente Gastronorm GN 1/1 con asas, Budget Line, resistencia térmica -40 °C a 250 °C, apto para horno y baño maría, 28L, 530x325x(H) 200mm, acero inoxidable",H817155,17,3,0.00%,0.03%,26,9,0.00%,0.06%,92.31%,100.00%,3,1,17.65%,33.33%,"104,97 €","34,99 €",2,1
B0CTCW7QFZ,B07DC7ZX3W,HENDI Recipiente Gastronorm 1/1 - PC - Transparente - 28 L - 530x325x(H) 200 mm,H861202,8,1,0.00%,0.01%,15,3,0.00%,0.02%,100.00%,100.00%,4,3,50.00%,300.00%,"131,47 €","97,32 €",2,1
B0FR444FLT,B07DC8JHV4,Arcos Cuchillo verduras Acero Inoxidable. Cuchillo profesional para pelar frutas y verduras. Mango ergonómico polioximetileno y Hoja 130 mm. Serie Manhattan. Color negro.,161100_,132,1,0.03%,0.01%,161,1,0.03%,0.01%,97.47%,100.00%,2,0,1.52%,0.00%,"48,98 €","0,00 €",2,0
B07DPBX3QM,B07DPBX3QM,"HENDI Lámpara de Calor Colgante, Altura Ajustable, Cobre",H273890,33,15,0.01%,0.13%,67,33,0.01%,0.20%,32.08%,37.50%,2,1,6.06%,6.67%,"162,50 €","81,25 €",2,1
B07H1S3VRW,B07H1S3VRW,"Wins 005 Limpiador Fregasuelos Neutro, Aroma Cítrico, 5 L",WINS005,15,1,0.00%,0.01%,17,1,0.00%,0.01%,82.35%,100.00%,11,10,73.33%,"1,000.00%","108,52 €","97,53 €",2,1
B07HS96L46,B07HS96L46,HENDI Cenicero de pie - ø170x(H)920 mm,H440223,6,3,0.00%,0.03%,6,3,0.00%,0.02%,83.33%,100.00%,2,2,33.33%,66.67%,"299,78 €","299,78 €",2,2
B07JHPTKC9,B07JHPTKC9,"Arcos Set Jamonero 3 Piezas - Cuchillo Jamonero, Deshuesador y Chaira - Hoja Silk Edge Inoxidable Forjada NITRUM - Mango Resistente POM Negro - Corte Preciso y Duradero - Serie Manhattan",858500_,33,2,0.01%,0.02%,53,5,0.01%,0.03%,85.11%,100.00%,2,0,6.06%,0.00%,"149,98 €","0,00 €",2,0
B07JWG12BV,B07JWG12BV,Arcos Riviera Set 3 Cuchillos Forjados Acero Inoxidable Nitrum,807710_,128,2,0.03%,0.02%,188,2,0.03%,0.01%,60.49%,50.00%,2,0,1.56%,0.00%,"139,98 €","0,00 €",2,0
B0D1GH3QKG,B07MTPQ9KF,"HENDI Báscula pesa balanza digital de cocina, cuerpo de plástico HIPS con pantalla digital LED integrada, alta precisión, máximo 15 kg, 3 pilas AAA no incluidas, 266x269x(h)34 mm, acero inoxidable",H580233,90,18,0.02%,0.16%,136,25,0.02%,0.15%,7.87%,10.53%,2,1,2.22%,5.56%,"85,46 €","42,73 €",2,1
B0FR444FLT,B07N8Q63Z6,Arcos Brooklyn Cuchillo para Tomates Forjado Acero Inoxidable Nitrum 130 mm,192023_,251,9,0.06%,0.08%,293,9,0.05%,0.06%,93.77%,100.00%,2,0,0.80%,0.00%,"65,98 €","0,00 €",2,0
B0FR444FLT,B07N8V3SNH,"Arcos Cuchillo Tomate Forjado Acero Inoxidable 130 mm - Mango Ergonómico POM Negro, Borde Serrado para Rebanadas Perfectas - Serie Manhattan, Calidad Profesional",162000_,228,6,0.05%,0.05%,269,6,0.05%,0.04%,93.82%,100.00%,2,0,0.88%,0.00%,"48,50 €","0,00 €",2,0
B0FR444FLT,B07N8V5DY8,Arcos Cuchillo trinchar forjado | Cuchillo jamonero Acero Inoxidable. Cuchillo cocina profesional cocinar. Mango micarta y borseda especial y Hoja plateada 300 mm. Serie Brooklyn. Color azul.,192323_,83,4,0.02%,0.03%,120,10,0.02%,0.06%,99.12%,100.00%,2,0,2.41%,0.00%,"89,62 €","0,00 €",2,0
B07N8VHFLF,B07N8VHFLF,Arcos - Cubertería Burdeos Arcos 24 piezas,592400_,104,1,0.03%,0.01%,140,2,0.02%,0.01%,99.18%,0.00%,3,0,2.88%,0.00%,"204,97 €","0,00 €",2,0
B0FR444FLT,B07N8VHP6Y,Arcos Cuchillo deshuesador con Hoja Acero Inoxidable Nitrum 160 mm. Cuchillo profesional para cortar huesos carne. Mango ergonómico polipropileno. Serie Brooklyn. Color azul.,192623_,110,0,0.03%,0.00%,143,0,0.02%,0.00%,95.74%,0.00%,2,0,1.82%,0.00%,"77,76 €","0,00 €",2,0
B0FY5CB86K,B07N8WHPP7,"Arcos Lira de Queso Profesional - Corte Preciso para Quesos - Estructura y Mango de Acero Inoxidable, 210 mm - Herramienta de Cocina Esencial, Color Gris",795100,39,2,0.01%,0.02%,51,4,0.01%,0.02%,68.63%,25.00%,2,0,5.13%,0.00%,"44,75 €","0,00 €",2,0
B07N8WMVK1,B07N8WMVK1,ARCOS Taco Cajonera Organizador Bambú hasta 25 cm Marrón,794300_fbm,128,4,0.03%,0.03%,212,5,0.04%,0.03%,40.96%,0.00%,2,0,1.56%,0.00%,"63,98 €","0,00 €",2,0
B08QG69ZLY,B0816ZDL6L,"HENDI Placa de inducción doble, cocina eléctrica de inducción, portátil, controles táctiles, con función de temporizador y Boost, 35-240 °C, 230 V, 3500 W, 608x370x(H)61 mm, negro, acero inoxidable",H239414,9,0,0.00%,0.00%,12,0,0.00%,0.00%,100.00%,0.00%,2,0,22.22%,0.00%,"439,50 €","0,00 €",2,0
B0FQNZM34T,B0843T2DL9,Arcos Juego cocina 3 pzas. Serie Ópera + Tijeras + Taco,228700_us,69,2,0.02%,0.02%,87,2,0.02%,0.01%,93.98%,100.00%,2,0,2.90%,0.00%,"182,00 €","0,00 €",2,0
B0FQNZM34T,B0843V9Z1W,Arcos Cuchillo Santoku Acero Inoxidable Nitrum y Hoja 190 mm. Mango ergonómico polioximetileno POM. Diseño clásico y acabado redondeado gran belleza yolidez. Serie Opera. Color negro.,229900_fba,59,0,0.01%,0.00%,73,0,0.01%,0.00%,76.81%,0.00%,2,0,3.39%,0.00%,"73,98 €","0,00 €",2,0
B084TL25TZ,B084TL25TZ,HENDI Estante para rejillas para pizza/sartenes (14 ranuras) - 300x305x(H)680 mm,H810361,42,7,0.01%,0.06%,65,11,0.01%,0.07%,31.58%,50.00%,2,0,4.76%,0.00%,"119,50 €","0,00 €",2,0
B0857QG39T,B0857QG39T,"HENDI Placa eutéctica de frío profesional, GN 1/1, para cajas térmicas, elemento refrigerante, acumulador de frío, bloque térmico, de enfriamiento, placa de hielo, 530x325x(H) 30mm, HDPE, blanco",H707753,38,10,0.01%,0.09%,49,13,0.01%,0.08%,93.18%,100.00%,7,7,18.42%,70.00%,"236,23 €","236,23 €",2,2
B08MTWQWZZ,B08MTWQWZZ,Arcos Cuchillo Cocinero Profesional Acero Inoxidable 160mm,165900_fbm,139,5,0.03%,0.04%,194,10,0.03%,0.06%,18.86%,0.00%,2,0,1.44%,0.00%,"51,98 €","0,00 €",2,0
B09FQ5SZK8,B08MTZZQV5,Arcos Cuchillo para Pan Acero Inoxidable Nitrum 200 mm,166400_fbm,298,9,0.07%,0.08%,360,11,0.06%,0.07%,23.62%,44.44%,2,0,0.67%,0.00%,"57,98 €","0,00 €",2,0
B08PFX1GT8,B08PFX1GT8,WINS – Fregasuelos Magnolia 017 |Friegasuelos Limpiador Neutro para Suelos y Superficies | Garrafa 5L | Aroma Magnolia Suave y Duradero | Uso Diario Profesional | 100% Made in Spain,WINS017,38,1,0.01%,0.01%,50,4,0.01%,0.02%,92.86%,100.00%,3,0,7.89%,0.00%,"31,47 €","0,00 €",2,0
B08T5Z4HFS,B08QYV8C1P,"CUPERINOX Cubiertos para marisco | Pinzas para marisco | Tenazas para marisco | 6 Unidades | Cubiertos marisco (Cangrejo, Langosta, Ostras) | Tenedor de marisco con dos dientes inferiores y cuchara.",20023_6pzas,81,3,0.02%,0.03%,94,3,0.02%,0.02%,100.00%,100.00%,2,1,2.47%,33.33%,"25,99 €","13,00 €",2,1
B0CQM2K3QY,B08TWZLD4R,"Arcos Thera Olla Grande de Cocina de 32 Cm y 9,3 L. Cacerola Alta para Inducción, Gas y Vitro. Olla de Aluminio Fundido con Tapa de Cristal y Mango Extraíble. Apta Lavavajillas. Color Negro Azul",718900,89,2,0.02%,0.02%,118,2,0.02%,0.01%,63.72%,100.00%,2,0,2.25%,0.00%,"125,94 €","0,00 €",2,0
B08VW7LTT6,B08VW7LTT6,"HENDI Cabezal de antorcha de cocina de llama continua con cartucho de recarga de gas GLP 199039, soplete flambeador, quemador de gas GLP, profesional, versátil-seguro 360°, negro con acentos en verde",H198254,24,2,0.01%,0.02%,37,3,0.01%,0.02%,81.82%,0.00%,2,0,8.33%,0.00%,"69,98 €","0,00 €",2,0
B098BLF7X6,B098BLF7X6,"Tradineur - Grasera metálica para pescado con filtro, aceitera con colador para conservación de aceite de acero inoxidable, recipiente para colar aceites - Ø 9 cm",22106_us,71,0,0.02%,0.00%,86,0,0.01%,0.00%,100.00%,0.00%,2,0,2.82%,0.00%,"14,98 €","0,00 €",2,0
B09KJLG7BT,B098K898SC,CUPERINOX Soporte Jamonero | Jamonero Profesional | Cuchillo Jamonero madera + Funda Jamon | Tabla Jamonera,20226FBM,101,1,0.02%,0.01%,119,1,0.02%,0.01%,94.92%,0.00%,2,0,1.98%,0.00%,"49,98 €","0,00 €",2,0
B09KJLG7BT,B098XWCFXT,CUPERINOX Jamonero Profesional | soporte de jamon | 5 Piezas | tabla jamonera | soporte jamonero | Kit Jamonero (tabla + cuchillo + afilador + pinza + cubre jamon,20229FBM,54,0,0.01%,0.00%,63,0,0.01%,0.00%,72.58%,0.00%,2,0,3.70%,0.00%,"103,98 €","0,00 €",2,0
B09HRWYKDL,B09HRWYKDL,Arcos Juego de cuchillos Japoneses Profesionales | 4 piezas | Cuchillo Verduras 100 mm + Cocina 150 mm + Santoku con Alveolos 170 mm + Pelador de patatas,853100,55,1,0.01%,0.01%,80,1,0.01%,0.01%,100.00%,100.00%,2,0,3.64%,0.00%,"73,98 €","0,00 €",2,0
B08TLR4Z27,B09L4YNBZZ,Arcos jamonero Profesional | Cuchillo jamonero jamonero Inoxidable Nitrum | Mango Negro | Cuchillo Jamon iberico | Serie Maitre| Hoja Flexible y Filo Liso | 275 mm | Acero Inoxidable NITRUM,856500FBM,27,0,0.01%,0.00%,38,0,0.01%,0.00%,94.74%,0.00%,2,0,7.41%,0.00%,"49,98 €","0,00 €",2,0
B06XB92VRH,B09LYZ5G5S,CUPERINOX Deluxe Cafetera Italiana Induccion Espresso Inoxidable 6 Tazas,25052,66,1,0.02%,0.01%,90,1,0.02%,0.01%,100.00%,100.00%,2,0,3.03%,0.00%,"52,89 €","0,00 €",2,0
B09S9RRJLV,B09S9RRJLV,"HENDI Pulverizador alimentario a presión, spray difusor atomizador, apto para el contacto con alimentos, para usar con aceites, agua, clara y yema de huevo, saborizantes, boquilla regulable, 1,5L,HDPE",H270875,26,1,0.01%,0.01%,42,1,0.01%,0.01%,63.89%,100.00%,2,0,7.69%,0.00%,"89,90 €","0,00 €",2,0
B0CRDY65RY,B09T9QCL8D,"Arcos Cazuela Antiadherente de 24 cm y 4,3 L | Aluminio Forjado | Adecuada para cualquier cocina | Mangos de Acero Inoxidable con Efecto Frío | Color Negro | Inducción completa. Serie Ollas Samoa",717010,129,1,0.03%,0.01%,176,1,0.03%,0.01%,57.40%,0.00%,2,0,1.55%,0.00%,"95,90 €","0,00 €",2,0
B09WYZHGQF,B09WYZHGQF,Arcos Nordika Juego 3 Cuchillos para Queso Acero Inoxidable Nitrum,167200_us,50,0,0.01%,0.00%,62,0,0.01%,0.00%,86.67%,0.00%,2,0,4.00%,0.00%,"137,60 €","0,00 €",2,0
B08VRP7CR7,B09XMVTWLT,Arcos Juego Cuchillos Carne | 6 Piezas | Cuchillos Carne Cuchillo chuleteros | Cubiertos Acero Inoxidable | Hoja 110 mm | Mango Redondo y Forma Ovalada | monobock | Caja Envase Ecológico (Filo Liso),830000,219,4,0.05%,0.03%,349,5,0.06%,0.03%,100.00%,100.00%,2,0,0.91%,0.00%,"65,98 €","0,00 €",2,0
B0C5XR2TFF,B0C5XR2TFF,Arcos Serie Thera | Sarten Antiadherente 22 cm | Aluminio Fundido | Apta cualquier cocina | Mango Ergonómico Plástico y Silicona | Sistema ahorro energético | Apta lavavajillas | Color Negro y Azul,719800,41,1,0.01%,0.01%,57,2,0.01%,0.01%,98.04%,100.00%,2,0,4.88%,0.00%,"59,98 €","0,00 €",2,0
B0CN14GJ6L,B0CN14GJ6L,"HENDI Vitrina expositora con cubierta deslizante, mostrador Buffet, conjunto exhibidor con doble función: calentar o enfriar, kit incl. 2 bloques de gel, bandeja de acero inox, 465x315x(H)195mm, PP",H871775,47,12,0.01%,0.10%,63,15,0.01%,0.09%,80.00%,75.00%,2,0,4.26%,0.00%,"169,98 €","0,00 €",2,0
B0DKP7F29P,B0DJBZK9SX,"Arcos Serie Samoa Iconic | Cazo Antiadherente Cerámico 16 cm y 1,5 L | Aluminio Forjado | Apta cualquier cocina | Mango Acero Inoxidable | Color Negro | LIBRE DE (PFOA/PTFE/PFOS)",717222,73,0,0.02%,0.00%,89,0,0.02%,0.00%,96.43%,0.00%,2,0,2.74%,0.00%,"66,90 €","0,00 €",2,0
B0DPLG5V7Q,B0DPJBBJC4,"CUPERINOX® Tazas de Café Espresso de Cristal – Set 2 80ml- Aptas para lavavajillas- Resistentes al Calor – Tazas Bonitas de Café, Té Originales y Elegantes – Aroma Series",26120_,147,1,0.04%,0.01%,190,3,0.03%,0.02%,100.00%,100.00%,2,0,1.36%,0.00%,"23,98 €","0,00 €",2,0
B0DVG51R3F,B0DVG51R3F,"HENDI Baño María Eléctrico, 3x GN 1/3 con Tapas",H238967,39,6,0.01%,0.05%,52,11,0.01%,0.07%,100.00%,100.00%,2,1,5.13%,16.67%,"325,00 €","162,50 €",2,1
B0F9X4NXL3,B0F9GJRSSJ,"CUPERINOX Cuchillos Mesa, cuchillo carne, cuchillo mantequilla, Set 6 piezas, acero inoxidable, hoja con filo y sierra, cuchillo untar. Apto lavavajillas. Mango ergonomico",20043_6,123,2,0.03%,0.02%,147,2,0.03%,0.01%,97.12%,100.00%,2,0,1.63%,0.00%,"19,98 €","0,00 €",2,0
B0G3ZJ89NB,B0FZD7ZY1W,CUPERINOX Cuchillo Jamonero Profesional 25 cm – Hoja Alveolada de Acero Inoxidable Antideslizante con Mango Ergonómico – Corte Preciso y Fino para Jamón y Paletilla| Maestros del Corte,19305,104,3,0.03%,0.03%,126,4,0.02%,0.02%,99.17%,100.00%,2,0,1.92%,0.00%,"39,98 €","0,00 €",2,0
B0G65J8F3L,B0G21RGP5T,BIOLEAF– Multiusos Brillo Duradero Pack 4×750 ml (3 L) | Limpieza de Muebles y Superficies | Anti-polvo Eficaz | Biodegradable y Dermatológicamente Testado,3474,221,1,0.05%,0.01%,254,1,0.04%,0.01%,100.00%,0.00%,2,0,0.90%,0.00%,"37,98 €","0,00 €",2,0
B0G65J8F3L,B0G25V4VFF,BIOLEAF– Multiusos Brillo Duradero Pack 8×750 ml (6 L) | Limpieza Muebles y Superficies | Anti-polvo | Biodegradable y Dermatológicamente Testado,3818,68,0,0.02%,0.00%,72,0,0.01%,0.00%,100.00%,0.00%,2,0,2.94%,0.00%,"54,58 €","0,00 €",2,0
B0G2D49KKR,B0G2D49KKR,VINFER-WINS 010|Ambientador Floral| Pack Ahorro: Garrafa 5L + Concentrado 250 ml | Rinde 10 Litros Totales | Fragancia Elegante y Duradera para Todos los Espacios | 100% Made in Spain,WC010+010,25,2,0.01%,0.02%,35,3,0.01%,0.02%,100.00%,100.00%,2,0,8.00%,0.00%,"39,98 €","0,00 €",2,0
B0H41SWHYG,B0GNZWCSKK,VINCARE Detergente Biberones y Tetinas Pack 2x – Limpieza Segura para Bebés – Elimina Restos de Leche y Olores – Apto para Chupetes y Accesorios,PM-9MUA-64P3,86,2,0.02%,0.02%,126,2,0.02%,0.01%,99.21%,100.00%,2,0,2.33%,0.00%,"29,98 €","0,00 €",2,0
B0H3Q8F8RW,B0H3Q8F8RW,"VINFERMATÓN Antihormigas y Anticucarachas Pack 3 Insecticida Residual 400 ml x 3 | Total 1,2L | Efecto hasta 1 Año | Interior y Exterior | Spray Profesional",RESIDUAL400ML_PACK3,5,0,0.00%,0.00%,11,0,0.00%,0.00%,54.55%,0.00%,3,0,60.00%,0.00%,"53,97 €","0,00 €",2,0
B0F54LTCFF,B000NOAYN6,Arcos Universal Set 2 Piezas Jamonero + Afilador Acero Inoxidable Nitrum,285500,95,8,0.02%,0.07%,98,8,0.02%,0.05%,86.60%,87.50%,1,0,1.05%,0.00%,"23,79 €","0,00 €",1,0
B0B3F4QXML,B000Q8UYRK,Arcos Cuchillo Jamonero Acero Inoxidable Forjado Nitrum 300 mm,256800_fbm,120,3,0.03%,0.03%,143,3,0.02%,0.02%,64.49%,100.00%,1,0,0.83%,0.00%,"29,99 €","0,00 €",1,0
B0DK3GS44K,B000YL0V8G,"HENDI Antorcha de cocina, soplete de cocina, soplete flambeador, mechero del Chef, de gas butano, recargable (se suministra vacío), con encendido automático, con base, 145x(H)190mm, negro y platado",H198209,12,4,0.00%,0.03%,16,6,0.00%,0.04%,87.50%,83.33%,1,1,8.33%,25.00%,"43,35 €","43,35 €",1,1
B0F54LTCFF,B0044R87QE,Arcos Cuchillo Cocina Acero Inoxidable 200 mm,280604_,"4,322",103,1.04%,0.90%,"6,173",132,1.06%,0.82%,0.22%,3.16%,1,0,0.02%,0.00%,"20,49 €","0,00 €",1,0
B017HKG9PK,B0044R87W8,"Arcos Cuchillo Santoku Acero Inoxidable Nitrum. Cuchillo Cocina japonés Pescado, Carne y Verduras. Mango ergonómico polioximetileno Pom y Hoja 170 mm. Multiusos. Serie Maitre. Color Negro.",151600_fba,"1,118",29,0.27%,0.25%,"1,692",54,0.29%,0.33%,1.56%,0.00%,3,3,0.27%,10.34%,"56,27 €","56,27 €",1,1
B0044R87XM,B0044R87XM,"Arcos Cuchillo cocina laerie Kyoto - Hoja Acero Inoxidable forjado Nitrum 6"" - Mango negro polioximetileno (POM) - Elegante y duradero (7'')",178900_,87,4,0.02%,0.03%,111,6,0.02%,0.04%,98.99%,100.00%,1,0,1.15%,0.00%,"49,99 €","0,00 €",1,0
B0F54LTCFF,B0044R884U,Arcos Universal Cuchillo Santoku Acero POM Negro 170 mm,286004_us,797,30,0.19%,0.26%,"1,087",37,0.19%,0.23%,4.96%,4.76%,1,0,0.13%,0.00%,"23,75 €","0,00 €",1,0
B004JIOUOG,B004JIOUOG,HENDI Calientaplatos Gastronorm 1/2 - Kitchen Line - 4.5 L - 385x295x(H)310 mm,H475201,6,4,0.00%,0.03%,8,6,0.00%,0.04%,87.50%,100.00%,4,4,66.67%,100.00%,"239,00 €","239,00 €",1,1
B00509FC90,B00509FC90,"HENDI Baño María eléctrico, con grifo, sistema de calentamiento al baño María, temperatura regulable 30°C a 85°C, 1x GN 1/1, 2x GN 1/2, 3x GN 1/3, 19L, 230V, 1000W, 605x332x(H)242mm, acero inoxidable",H238912,25,3,0.01%,0.03%,34,5,0.01%,0.03%,67.74%,75.00%,1,0,4.00%,0.00%,"151,25 €","0,00 €",1,0
B0BLGK8VPQ,B0050GD02Y,HENDI Cocina de inducción modelo 3500 M - Kitchen Line - 230V / 3500W - 327x425x(H)100 mm,H239780,17,1,0.00%,0.01%,25,1,0.00%,0.01%,79.17%,50.00%,1,0,5.88%,0.00%,"239,75 €","0,00 €",1,0
B093DXB39H,B0050MMX4Y,HENDI Cortador de salchichas (eléctrico) - 230V / 135W - 230x185x(H)325 mm,H265109,9,2,0.00%,0.02%,11,3,0.00%,0.02%,40.00%,50.00%,1,1,11.11%,50.00%,"247,51 €","247,51 €",1,1
B005LR5ZYS,B005LR5ZYS,Arcos Serie Terranova - Cuchillo para Pan Panero - Hoja de Acero Inoxidable Forjado NITRUM 200 mm - Mango de Polioximetileno (POM) color negro,155700,20,0,0.00%,0.00%,23,0,0.00%,0.00%,86.36%,0.00%,1,0,5.00%,0.00%,"24,99 €","0,00 €",1,0
B005LR67V8,B005LR67V8,Arcos Cuchillo para Pan Acero Inoxidable Nitrum 200 mm,231300_,421,10,0.10%,0.09%,613,16,0.11%,0.10%,2.04%,0.00%,1,0,0.24%,0.00%,"29,99 €","0,00 €",1,0
B0H2GBGWD4,B005LR6E0C,Arcos Cuchillo Cocinero Acero Inoxidable Negro 150 mm,233400_,707,17,0.17%,0.15%,958,22,0.17%,0.14%,6.22%,0.00%,1,0,0.14%,0.00%,"26,99 €","0,00 €",1,0
B06XWF2YLW,B005LR71GI,Arcos Cuchillo Cocinero 200 mm,135800,"2,192",43,0.53%,0.37%,"2,852",58,0.49%,0.36%,0.08%,0.00%,1,0,0.05%,0.00%,"10,25 €","0,00 €",1,0
B005LR749W,B005LR749W,"ARCOS Juego de Cubiertos de 24 Piezas para Mesa. Cuberterí­a Completa para 6 Personas. Set de 6 Cucharas, 6 Cuchillos, 6 Tenedores y 6 Cucharas de Postre. Serie Berlí­n. Color Plata",562400_fbm,863,21,0.21%,0.18%,"1,222",31,0.21%,0.19%,5.59%,11.76%,1,0,0.12%,0.00%,"89,99 €","0,00 €",1,0
B0CWLP4H3Z,B005LR76KY,ARCOS Tijeras de Cocina Acero Inoxidable 195 mm,784901_barras_arcos,"4,925",92,1.19%,0.80%,"6,594",118,1.14%,0.73%,1.62%,3.90%,1,0,0.02%,0.00%,"8,49 €","0,00 €",1,0
B005LR78LQ,B005LR78LQ,ARCOS Forged Tijeras de Cocina Acero Inoxidable Forjado 225 mm,507100,114,5,0.03%,0.04%,142,7,0.02%,0.04%,11.72%,0.00%,1,0,0.88%,0.00%,"38,50 €","0,00 €",1,0
B017HKRCGK,B005LR7A1Y,ARCOS Bolsa para Cuchillos 100% Poliéster 460x275 mm,690200,"1,799",37,0.43%,0.32%,"3,005",56,0.52%,0.35%,54.12%,60.61%,1,0,0.06%,0.00%,"17,49 €","0,00 €",1,0
B0F54LTCFF,B006963LSM,Arcos Cuchillo para Pan Acero Inoxidable 250 mm,282204_,518,25,0.12%,0.22%,703,29,0.12%,0.18%,1.82%,5.00%,1,1,0.19%,4.00%,"19,49 €","19,49 €",1,1
B0F54LTCFF,B007TS67GW,Arcos Cuchillo Cocina Acero Inoxidable 150 mm,281304_,"1,077",29,0.26%,0.25%,"1,441",39,0.25%,0.24%,0.00%,0.00%,2,2,0.19%,6.90%,"29,98 €","29,98 €",1,1
B0F54LTCFF,B007TS67OY,Arcos Cuchillo Chef Acero Inoxidable 155 mm,280404_fbm,"1,455",28,0.35%,0.24%,"1,814",30,0.31%,0.19%,7.57%,0.00%,1,0,0.07%,0.00%,"16,49 €","0,00 €",1,0
B0F54LTCFF,B007TS6GFO,Arcos Universal Juego 5 Cuchillos Nitrum Bloque Pino POM Negro,285700_,"2,169",54,0.52%,0.47%,"2,624",67,0.45%,0.41%,2.21%,10.00%,1,0,0.05%,0.00%,"104,90 €","0,00 €",1,0
B08J488ZQG,B007TS6GP4,Arcos Juego de 6 Cuchillos de Mesa Chuleteros Acero Inoxidable 110 mm,702300_2,636,19,0.15%,0.17%,801,21,0.14%,0.13%,12.86%,52.94%,2,2,0.31%,10.53%,"51,98 €","51,98 €",1,1
B007TS6HNA,B007TS6HNA,ARCOS Rallador de Queso Profesional Acero Inoxidable 130 mm,613800,45,2,0.01%,0.02%,68,2,0.01%,0.01%,9.43%,0.00%,1,0,2.22%,0.00%,"9,29 €","0,00 €",1,0
B007TS6I5C,B007TS6I5C,ARCOS Sacacorchos Manual Cuerpo ABS Serie Toscana,604100,286,5,0.07%,0.04%,380,6,0.07%,0.04%,10.21%,0.00%,1,0,0.35%,0.00%,"48,99 €","0,00 €",1,0
B07BDT9G74,B008U6T624,Arcos Clásica Cuchillo Deshuesador Forjado Acero Inoxidable Nitrum 140 mm,256200_fbm,12,1,0.00%,0.01%,18,3,0.00%,0.02%,100.00%,100.00%,1,0,8.33%,0.00%,"24,99 €","0,00 €",1,0
B0B3F4QXML,B008U6T7Q4,Arcos Clásica Cuchillo Santoku Forjado Acero Inoxidable Nitrum 180 mm,256600_fmb,7,0,0.00%,0.00%,11,0,0.00%,0.00%,36.36%,0.00%,1,0,14.29%,0.00%,"31,99 €","0,00 €",1,0
B008W7L5HK,B008W7L5HK,ARCOS Chaira Afilador Manual de Cuchillos 250 mm,278400,919,30,0.22%,0.26%,"1,281",39,0.22%,0.24%,0.18%,3.57%,1,1,0.11%,3.33%,"11,99 €","11,99 €",1,1
B0CQ92BWQ8,B009QXKGKG,"HENDI Bolsa de Transporte y Reparto de Pizzas, Bolsa Portapizzas con Aislamiento, Impermeable, Bolsa para la Entrega de Pedidos de Pizza y Comidas, Interior 45x45x(H) 18cm, Roja, 47x47x(H) 21cm",H709818,24,5,0.01%,0.04%,28,5,0.00%,0.03%,81.48%,40.00%,1,0,4.17%,0.00%,"31,15 €","0,00 €",1,0
B00BHZPJFI,B00BHZPJFI,Arcos Riviera Blanc Cuchillo Chef Forjado Acero Inoxidable 150 mm,233424_,107,0,0.03%,0.00%,172,0,0.03%,0.00%,37.97%,0.00%,1,0,0.93%,0.00%,"26,99 €","0,00 €",1,0
B00BQU1C4Q,B00BQU1C4Q,"HENDI Percolador de café, de doble pared, con filtro incorporado, grifo antigoteo, para café molido grueso, no necesita filtro de papel,16L, 230V, 1500W, 386x393x(H)641mm, acero inoxidable 18/0",H211304,4,1,0.00%,0.01%,6,2,0.00%,0.01%,100.00%,100.00%,1,1,25.00%,100.00%,"169,83 €","169,83 €",1,1
B00CWZOIIQ,B00CWZOIIQ,"Arcos Cuchillos Mesa - Cuchillo Carne Mesa - Monobloque unaola pieza Acero Inoxidable 4"" - Corta chuletas o bistecs con precisión, facilidad y rapidez -erie Monobloque - Color Plateado",375500_1pza_fbm,36,2,0.01%,0.02%,49,2,0.01%,0.01%,91.84%,100.00%,2,0,5.56%,0.00%,"12,98 €","0,00 €",1,0
B00CWZQJZG,B00CWZQJZG,"Arcos Cuchillos Mesa - Cuchillo Carne Mesa - Monobloque unaola pieza Acero Inoxidable 4"" - Color Plateado - Corta todo tipo carne conimplicidad y practicidad -erie Monobloque - Color Gris",702000_1pza_fba,70,0,0.02%,0.00%,94,0,0.02%,0.00%,70.45%,0.00%,1,0,1.43%,0.00%,"4,99 €","0,00 €",1,0
B00D3LCFRE,B00D3LCFRE,Arcos Tijeras Multiusos de Acero Inoxidable 210 mm - Costura y Tejidos - Mango ABS Gris - Serie Deluxe,521000_fbm,51,1,0.01%,0.01%,71,1,0.01%,0.01%,98.31%,100.00%,1,0,1.96%,0.00%,"23,99 €","0,00 €",1,0
B00D3LCJI4,B00D3LCJI4,Arcos Saeta - Cuchillo Panero - Hoja de Acero Inoxidable Forjado Nitrum de 210 mm - Mango de Pom - Color Negro,175700,18,0,0.00%,0.00%,35,0,0.01%,0.00%,100.00%,0.00%,1,0,5.56%,0.00%,"29,99 €","0,00 €",1,0
B00D3LFQ3E,B00D3LFQ3E,ARCOS Cuchillo Corta Bacalao y Pan Acero Polietileno Blanco 440 mm,791600,64,1,0.02%,0.01%,93,1,0.02%,0.01%,22.50%,0.00%,1,0,1.56%,0.00%,"105,25 €","0,00 €",1,0
B08SHCJFNN,B00GZR3KKE,"HENDI Freidora eléctrica, T ajustable hasta 190°C, termostato de seguridad, zona fría, con tapa y cesta de freír, tanque de aceite extraíble, 4L, 230V, 3000W, 217x380x(H)300mm, acero inoxidable",H205808,8,1,0.00%,0.01%,11,1,0.00%,0.01%,75.00%,100.00%,1,1,12.50%,100.00%,"145,74 €","145,74 €",1,1
B08L7GKSLH,B00H558KK0,HENDI Placa de inducción de sobremesa profesional modelo 2000,H239230,257,9,0.06%,0.08%,336,14,0.06%,0.09%,72.03%,60.00%,1,0,0.39%,0.00%,"105,90 €","0,00 €",1,0
B0BV32H59Y,B00HYWUNR2,Arcos Saeta - Cuchillo Deshuesador - Hoja de Acero Inoxidable Forjado Nitrum de 145 mm - Mango de Pom - Color Negro,174700_us,34,3,0.01%,0.03%,59,3,0.01%,0.02%,100.00%,100.00%,1,0,2.94%,0.00%,"28,49 €","0,00 €",1,0
B017HKRLMK,B00I9XTPTW,"ARCOS Tabla de Cortar Fibra de Celulosa y Resina 37,7x27,7cm",691710,173,6,0.04%,0.05%,224,8,0.04%,0.05%,6.16%,0.00%,1,0,0.58%,0.00%,"25,99 €","0,00 €",1,0
B0DK3GWNY4,B00IIT2A94,"HENDI Sifón de nata, con 3 boquillas diferentes, soporte para el cargador y cepillo de limpieza, para nata montada, mousses, postres, 0,5L, ø85x(H)235mm, acero inoxidable",H588017,15,1,0.00%,0.01%,18,1,0.00%,0.01%,77.78%,0.00%,1,0,6.67%,0.00%,"80,50 €","0,00 €",1,0
B0H2ZBHXNH,B00J3ZVMCS,Arcos Serie Toscana - Juego de Cucharas para Café (6 cucharas) - Monoblock de una pieza en Acero Inoxidable 18/10 y 140 mm - Color Plata,574200,553,21,0.13%,0.18%,875,27,0.15%,0.17%,0.25%,5.00%,1,0,0.18%,0.00%,"9,99 €","0,00 €",1,0
B0H2ZKT1ZS,B00J3ZVN54,ARCOS Cucharas de Mesa Acero Inoxidable 200 mm,574600_,393,5,0.09%,0.04%,588,8,0.10%,0.05%,3.20%,0.00%,1,0,0.25%,0.00%,"8,99 €","0,00 €",1,0
B00J64GECY,B00J64GECY,Arcos Cuchillo de Cocina Acero Inoxidable 130 mm,231524_,88,0,0.02%,0.00%,115,0,0.02%,0.00%,10.78%,0.00%,1,0,1.14%,0.00%,"23,49 €","0,00 €",1,0
B00J64GEEC,B00J64GEEC,Arcos Riviera Blanc Cuchillo Chef Forjado Acero Inoxidable 250 mm,233724_,100,1,0.02%,0.01%,142,1,0.02%,0.01%,19.55%,100.00%,1,1,1.00%,100.00%,"42,99 €","42,99 €",1,1
B00MDJVVZY,B00MDJVVZY,Arcos Latina Cuchillo de Cocina Acero Inoxidable 155 mm,100700_1pza,6,1,0.00%,0.01%,6,1,0.00%,0.01%,100.00%,100.00%,2,0,33.33%,0.00%,"11,50 €","0,00 €",1,0
B00NM2X21W,B00NM2X21W,Arcos Accesorios - Prensa Ajos Prensador de Ajos - Tamaño 160 mm - Hecho de Aleación de Zinc - Color Plata,603500_,150,1,0.04%,0.01%,187,1,0.03%,0.01%,0.62%,0.00%,1,0,0.67%,0.00%,"15,99 €","0,00 €",1,0
B017HKR8WS,B00OFR535Q,"Arcos Afiladores - Afilador Eléctrico de Cuchillos Afilador de Cuchillos Eléctricos, Hecho de Plástico, Color Negro (Rodillos de Banda Intercambiables)",610500_fbm,325,7,0.08%,0.06%,367,8,0.06%,0.05%,98.03%,100.00%,1,0,0.31%,0.00%,"269,99 €","0,00 €",1,0
B09381N96H,B00PKFXWJQ,Arcos Serie Cuchillos de Mesa - Cuchillo Mesa - Hoja Serrada de Acero Inoxidable NITRUM de 125 mm - Mango Polipropileno Color crema,370200_1Pieza,76,0,0.02%,0.00%,112,0,0.02%,0.00%,91.35%,0.00%,1,0,1.32%,0.00%,"3,49 €","0,00 €",1,0
B0GDYCSPT1,B00R6JUIUK,Arcos Cuchillo Chuletero Acero Inoxidable 105 mm,100400_1pza,"2,064",40,0.50%,0.35%,"3,243",53,0.56%,0.33%,0.30%,0.00%,5,0,0.24%,0.00%,"19,95 €","0,00 €",1,0
B0752X4WZ6,B00TA4O5YO,ARCOS Pinzas para Emplatar Acero Inoxidable 300 mm,606200_,"1,164",31,0.28%,0.27%,"1,465",39,0.25%,0.24%,34.73%,0.00%,1,0,0.09%,0.00%,"11,99 €","0,00 €",1,0
B00U2QWLVS,B00U2QWLVS,Arcos Cuchillo Chuletero de Mesa Acero Inoxidable Nitrum 115 mm,740009_us,36,2,0.01%,0.02%,42,4,0.01%,0.02%,89.74%,100.00%,2,0,5.56%,0.00%,"7,98 €","0,00 €",1,0
B00UCCGND4,B00UCCGND4,Vinfermatón - Insecticida Mosquitos y Moscas Concentrado Matón PS 250ml,V00002,81,3,0.02%,0.03%,133,5,0.02%,0.03%,0.83%,0.00%,1,0,1.23%,0.00%,"8,49 €","0,00 €",1,0
B0752TH4FW,B00V3A9XMC,Arcos Serie Riviera Blanc - Juego de Cuchillos de 5 piezas en Caja de Regalo (4 Cuchillos + 1 Tijeras) - Hoja de Acero Inoxidable Forjado NITRUM - Mango de Polioximetileno (POM) - Bloque de madera de color negro lacado,234424_,46,1,0.01%,0.01%,62,1,0.01%,0.01%,93.22%,100.00%,1,1,2.17%,100.00%,"144,99 €","144,99 €",1,1
B00WC9DMX4,B00WC9DMX4,ARCOS Chairas Chaira Afilador Acero Carbono Cromado Negro 300 mm,279010,78,3,0.02%,0.03%,111,3,0.02%,0.02%,22.58%,0.00%,1,0,1.28%,0.00%,"29,49 €","0,00 €",1,0
B00WUZR7H2,B00WUZR7H2,Arcos Serie Cuchillos de Mesa - Cuchillo Mesa - Hoja Serrada de Acero Inoxidable de 125 mm - Cuchillo Monoblock Acero Inoxidable Color Plata,460400_1pieza,40,0,0.01%,0.00%,45,0,0.01%,0.00%,95.35%,0.00%,2,0,5.00%,0.00%,"9,98 €","0,00 €",1,0
B00X5PH0P0,B00X5PH0P0,"CUPERINOX® Kitchen Pro - Tijeras Cocina Profesional 21 cm | Acero Inoxidable Resistente | Mango Ergonómico Antideslizante Negro | Para Pollo, Pescado y Verduras | Apto Lavavajillas",21983_,10,0,0.00%,0.00%,10,0,0.00%,0.00%,10.00%,0.00%,1,0,10.00%,0.00%,"9,99 €","0,00 €",1,0
B014MIZYD8,B014MIZYD8,Arcos Cuchillo Tomate Forjado Acero Inox. Nitrum 130mm,232024_,339,6,0.08%,0.05%,511,17,0.09%,0.11%,2.04%,64.29%,1,1,0.29%,16.67%,"23,99 €","23,99 €",1,1
B0H2FSM87X,B017DLG3AE,Arcos Cuchillo de Cocina Acero Inoxidable 140 mm,233224_,93,0,0.02%,0.00%,121,0,0.02%,0.00%,76.11%,0.00%,1,0,1.08%,0.00%,"27,99 €","0,00 €",1,0
B017DLMC7C,B017DLMC7C,Arcos Serie Toscana - Juego de Cuchillos de Lunch (3 cuchillos) - Monoblock de una pieza en Acero Inoxidable 18/10 y 185 mm - Color Plata,574800,32,0,0.01%,0.00%,44,0,0.01%,0.00%,25.64%,0.00%,2,0,6.25%,0.00%,"31,98 €","0,00 €",1,0
B08F5XMJZF,B017DLMQNW,"Arcos Tablas - Tabla de Cocina Antibacterial para Cortar - Resistente al Calor y Lavavajillas, No Daña Cuchillos, Fibra de Celulosa y Resina, 38x28 cm, Negro",692210,64,0,0.02%,0.00%,108,0,0.02%,0.00%,18.27%,0.00%,1,0,1.56%,0.00%,"28,49 €","0,00 €",1,0
B017DLMYLQ,B017DLMYLQ,Arcos Serie Endura - Cacerola Antiadherente - Cuerpo de Aluminio Forjado 16 cm - Capacidad 1 litro - Mango de Acero Inoxidable - Color Negro (Libre de PFOA),697000_,25,0,0.01%,0.00%,35,0,0.01%,0.00%,100.00%,0.00%,1,0,4.00%,0.00%,"16,99 €","0,00 €",1,0
B01DDMW3RO,B01DDMW3RO,HENDI Thermobox Profi Line - GN 1/1-39 L - 674x400x(H)287 mm,H707982,6,3,0.00%,0.03%,9,6,0.00%,0.04%,100.00%,100.00%,1,1,16.67%,33.33%,"104,00 €","104,00 €",1,1
B088L1YKB9,B01DY481VS,HENDI Thermobox Kitchen Line - GN 1/1-80 L - 685x485x(H)360 mm,H707944,121,8,0.03%,0.07%,182,15,0.03%,0.09%,42.33%,60.00%,1,0,0.83%,0.00%,"87,75 €","0,00 €",1,0
B0FWM351K4,B01N4WDTRY,CUPERINOX® Couture Series - Tijera Costura Profesional 15 cm | Acero Inoxidable Resistente | Corte Preciso para Telas y Manualidades | Uso Doméstico y Profesional,21962,91,4,0.02%,0.03%,120,5,0.02%,0.03%,100.00%,100.00%,1,0,1.10%,0.00%,"8,49 €","0,00 €",1,0
B0711S58TQ,B0711S58TQ,Juego cuchillos Arcos profesional | cuchillos cocina | cuchillos arcos clasicos |6 pzas | negro | 842300,_842300_,35,3,0.01%,0.03%,48,3,0.01%,0.02%,100.00%,100.00%,1,0,2.86%,0.00%,"140,99 €","0,00 €",1,0
B0H5FT852G,B0714CRSCQ,Arcos Cuchillo Mondador Negro 100 mm,150300,"2,133",48,0.51%,0.42%,"3,244",62,0.56%,0.38%,0.20%,3.23%,2,2,0.09%,4.17%,"19,96 €","19,96 €",1,1
B0752VKJ4B,B071LGMH3L,Arcos Set 3 Cuchillos Peladores Acero Inoxidable,189500_2,232,5,0.06%,0.04%,321,7,0.06%,0.04%,3.70%,16.67%,1,0,0.43%,0.00%,"10,75 €","0,00 €",1,0
B0B3F4QXML,B071VT3MKC,Arcos Clásica Cuchillo Cocinero Forjado Acero Inoxidable Nitrum 210 mm,255101_,84,3,0.02%,0.03%,106,4,0.02%,0.02%,82.69%,100.00%,1,0,1.19%,0.00%,"33,75 €","0,00 €",1,0
B0F1N351DY,B072FHSBJR,Arcos Nova Set 3 Cuchillos Peladores Acero Verde,189621,332,6,0.08%,0.05%,372,6,0.06%,0.04%,9.37%,40.00%,1,0,0.30%,0.00%,"10,49 €","0,00 €",1,0
B0F54LTCFF,B072FHSBJT,Arcos Serie Universal - Cuchillo Tomatero Cuchillo para Verduras - Hoja de Acero Inoxidable NITRUM 130 mm - Mango de Polioximetileno (POM) Color Negro,289104,654,15,0.16%,0.13%,910,19,0.16%,0.12%,1.09%,21.43%,1,0,0.15%,0.00%,"14,99 €","0,00 €",1,0
B0B3D6SCY5,B076PYQ6YH,ARCOS Jamonero Madera de Pino Lacada Herrajes Metálicos Caoba,683200,126,1,0.03%,0.01%,157,1,0.03%,0.01%,7.69%,0.00%,1,0,0.79%,0.00%,"87,94 €","0,00 €",1,0
B077V7LJJM,B077V7LJJM,"Arcos Serie Riviera, Set Jamonero de 3 piezas, 1 Cuchillo Jamonero + 1 Deshuesador + 1 Chaira, Hoja de Acero Inoxidable Forjado Nitrum, Mango de Polioximetileno, POM, Color Negro",_806911_,41,3,0.01%,0.03%,68,5,0.01%,0.03%,59.32%,100.00%,1,1,2.44%,33.33%,"69,99 €","69,99 €",1,1
B078GYCH1G,B078GYCH1G,Tenedor de marisco - 6 unid,20023,18,1,0.00%,0.01%,26,3,0.00%,0.02%,100.00%,100.00%,1,0,5.56%,0.00%,"12,99 €","0,00 €",1,0
B0FWK4CNH3,B0799Z54MP,CUPERINOX Tijeras Cocina Profesional |Mango ergonómico para máxima comodidad| Tijeras 21 cm |Tijeras de Trinchar | Tijeras Pollo | Tijera Pescado | Tijera Acero Inoxidable| Apto Lavavajillas,21982_,13,0,0.00%,0.00%,16,0,0.00%,0.00%,100.00%,0.00%,1,0,7.69%,0.00%,"9,99 €","0,00 €",1,0
B07CZ3DF6D,B07CZ3DF6D,"HENDI Cortadora eléctrica de carne, cortafiambres multiusos, Profi Line 195, Ø cuchilla: 195mm, espesor de corte (0-12mm), 220-240V, 200W, 416x400x(H)335mm, plateado, aluminio, acero inoxidable",H210031,35,3,0.01%,0.03%,37,3,0.01%,0.02%,100.00%,100.00%,1,1,2.86%,33.33%,"415,01 €","415,01 €",1,1
B0DN1W6N4N,B07CZFR2CG,"HENDI Batidora profesional digital con cubierta insonorizada, pantalla táctil, 3 velocidades, jarra de policarbonato resistente al calor y frío, 230V, 1680W, 250x300x(H)546mm, ABS, acero inoxidable",H230695,67,15,0.02%,0.13%,82,16,0.01%,0.10%,53.09%,6.25%,1,0,1.49%,0.00%,"449,00 €","0,00 €",1,0
B07CZHFJFD,B07CZHFJFD,HENDI Matamoscas con placa adhesiva (120m²) - 230V / 36W - 475x80x(H)283 mm,H270196,54,12,0.01%,0.10%,97,18,0.02%,0.11%,56.76%,46.15%,1,1,1.85%,8.33%,"77,50 €","77,50 €",1,1
B07CZPBVZB,B07CZPBVZB,HENDI Matamoscas de alto voltaje - Cobertura: 150 m² - 230V / 45W - 640x90x(H)360 mm,H270172,22,0,0.01%,0.00%,35,0,0.01%,0.00%,96.88%,0.00%,1,0,4.55%,0.00%,"80,45 €","0,00 €",1,0
B07D2VL8BP,B07D2VL8BP,HENDI Máquina para hacer pasta - 210x(H)340 mm,H224830,48,0,0.01%,0.00%,54,0,0.01%,0.00%,97.96%,0.00%,1,0,2.08%,0.00%,"36,68 €","0,00 €",1,0
B07TXLLKPD,B07D4TDV32,"HENDI Cortador eléctrico para kebab, shawarma, gyros, corte ajustable 0-8mm, cuchilla: 2600 rpm, cuchillo eléctrico profesional para cortar carne, 80W, 60kg/h, 230V, 202x125x(H)182mm, acero inoxidable",H267240,12,0,0.00%,0.00%,16,0,0.00%,0.00%,56.25%,0.00%,1,0,8.33%,0.00%,"151,20 €","0,00 €",1,0
B0D1CXFM75,B07D6ZWZQJ,"HENDI Prensadores de patatas - Gris claro, Alargado, (L)808mm",H693223,12,0,0.00%,0.00%,17,0,0.00%,0.00%,100.00%,0.00%,1,0,8.33%,0.00%,"28,98 €","0,00 €",1,0
B0DK3HY5X9,B07D73ZNH4,HENDI Sacabolas de helado Stöckel - 1/16 - ø59 mm,H755044,1,0,0.00%,0.00%,1,0,0.00%,0.00%,100.00%,0.00%,1,0,100.00%,0.00%,"52,96 €","0,00 €",1,0
B0D1CVPJXW,B07D75K6SP,"HENDI Colador cónico de malla fina, ⌀245x(H)210mm, longitud del mango 230mm, acero inoxidable",H647561,16,0,0.00%,0.00%,20,0,0.00%,0.00%,100.00%,0.00%,1,0,6.25%,0.00%,"36,25 €","0,00 €",1,0
B07D9X11YW,B07D9X11YW,"HENDI Cesta para cocer pastas, cocedor al vapor, colador, para HENDI Olla 831700 de Ø 360 mm con gancho adicional para sujetar la cesta mientras escurre, 1.5 L, 160x160x(h)230 mm, acero inoxidable",H833506,4,1,0.00%,0.01%,5,1,0.00%,0.01%,80.00%,100.00%,1,1,25.00%,100.00%,"51,49 €","51,49 €",1,1
B0CTHQG9QZ,B07D9X4YC6,"HENDI Tapa Gastronorm GN 1/1, Budget Line, para contenedores con asas retráctiles, con tirador central y recortes laterales, resistencia térmica -40 °C a 250 °C, 530x325mm, acero inoxidable",H817810,9,3,0.00%,0.03%,10,3,0.00%,0.02%,80.00%,50.00%,1,0,11.11%,0.00%,"17,99 €","0,00 €",1,0
B0H1YTB1F3,B07D9XLGXZ,"HENDI Recipiente Gastronorm GN 1/1, Kitchen Line, resistencia térmica -40 °C a 250 °C, apto para horno y baño maría, 21L, 530x325x(H) 150mm, acero inoxidable",H806142,21,0,0.01%,0.00%,34,0,0.01%,0.00%,90.63%,0.00%,2,0,9.52%,0.00%,"59,00 €","0,00 €",1,0
B0CTHQG9QZ,B07D9XLK3D,"HENDI Recipiente Gastronorm GN 1/2 con asas, Budget Line, resistencia térmica -40 °C a 250 °C, apto para horno y baño maría, 12,5L, 325x265x(H) 200mm, acero inoxidable",H817353,27,3,0.01%,0.03%,51,7,0.01%,0.04%,97.87%,100.00%,4,4,14.81%,133.33%,"91,96 €","91,96 €",1,1
B07D9XLM8P,B07D9XLM8P,"HENDI Carro bandejero, 15 x GN 1/1, Capacidad de Carga 150 kg, 440x610x(H) 1710mm, Acero Inoxidable",H810613,6,3,0.00%,0.03%,7,3,0.00%,0.02%,100.00%,100.00%,1,0,16.67%,0.00%,"265,00 €","0,00 €",1,0
B085SP2NWD,B07DC4CBN7,"HENDI Caja para masa de pizza y de pan, 14L, caja de fermentación, apilable, sin tapa, apta para alimentos, recipiente contenedor porta masa alimentos, sin BPA, 600x400x(H) 75mm, HDPE",H880906,21,4,0.01%,0.03%,24,6,0.00%,0.04%,100.00%,100.00%,7,7,33.33%,175.00%,"139,92 €","139,92 €",1,1
B07F9GQZCB,B07F9GQZCB,Arcos Cuchillo para Verduras de 4 Pulgadas con Hoja de 105mm en Acero Inoxidable y Mango de Madera. Cuchillo para Vegetales Apto para Lavavajillas. Serie Latina. Color Marrón,100500_fba,405,16,0.10%,0.14%,642,21,0.11%,0.13%,80.78%,100.00%,1,0,0.25%,0.00%,"36,99 €","0,00 €",1,0
B07FCLGZMN,B07FCLGZMN,"Arcos Serie Latina Caja 12 uds Cuchillo jamonero, Hoja serrada de Acero Inoxidable NITRUM de 250 mm, Mango de Madera comprimida Color marrón (12 UDS)",101300_12piezas,6,0,0.00%,0.00%,6,0,0.00%,0.00%,83.33%,0.00%,1,0,16.67%,0.00%,"45,49 €","0,00 €",1,0
B07G76CQC2,B07G76CQC2,"Arcos Cuchillos de Mesa Caja de 24 uds Chuletero, Hoja de Acero Inoxidable Nitrum 110 mm, Mango de Nylon, Color Marrón (24 uds)",804000_24piezas,18,1,0.00%,0.01%,24,1,0.00%,0.01%,65.00%,0.00%,1,0,5.56%,0.00%,"44,99 €","0,00 €",1,0
B08DV2WMBQ,B07G76SK9L,Arcos Cuchillo de Mesa 1 Pieza (Plastico Blister),702300,140,1,0.03%,0.01%,148,1,0.03%,0.01%,99.31%,0.00%,1,0,0.71%,0.00%,"29,99 €","0,00 €",1,0
B07G77ZS7D,B07G77ZS7D,"Arcos Serie Cuchillos de Mesa Caja 12 uds Cuchillo Chuletero, Hoja Serrada de Acero Inoxidable NITRUM de 110 mm, Mango Madera comprimida Color marrón (12 UDS)",371501_fbm,28,0,0.01%,0.00%,42,0,0.01%,0.00%,66.67%,0.00%,1,0,3.57%,0.00%,"49,99 €","0,00 €",1,0
B0GR25T577,B07G78WG8K,"Arcos Serie Cuchillos de Mesa Caja 12 uds Cuchillo Chuletero, Hoja Serrada de Acero Inoxidable de 110 mm, Cuchillo Monoblock Acero Inoxidable Color plata (12 UDS)",815900_2packs,31,1,0.01%,0.01%,41,1,0.01%,0.01%,42.11%,0.00%,1,0,3.23%,0.00%,"74,90 €","0,00 €",1,0
B07J6B3PQ6,B07J6B3PQ6,HENDI Ahumador eléctrico - 230V / 1600W - 540x380x(H)720 mm,H238486,4,0,0.00%,0.00%,8,0,0.00%,0.00%,75.00%,0.00%,1,0,25.00%,0.00%,"359,00 €","0,00 €",1,0
B0H2W8M8TX,B07N8RNG1R,ARCOS Tabla Cocina Fibra Celulosa y Resina 24x14 cm,708000,"1,112",30,0.27%,0.26%,"1,496",43,0.26%,0.27%,2.86%,0.00%,1,0,0.09%,0.00%,"14,99 €","0,00 €",1,0
B0FR444FLT,B07N8W79GH,Arcos Manhattan Cuchillo Tallado Acero Inoxidable Nitrum 300 mm,162300_,55,2,0.01%,0.02%,68,2,0.01%,0.01%,93.85%,100.00%,1,0,1.82%,0.00%,"36,99 €","0,00 €",1,0
B07PNHKPMY,B07PNHKPMY,"HENDI Caja de golpe de café, rectangular, modelo en forma de gaveta, recipiente para residuos del café, vaciado de posos de café, con barra de golpeo extraíble,350x250x(H)90mm, acero al carbono",H208694,32,3,0.01%,0.03%,41,3,0.01%,0.02%,92.11%,100.00%,1,0,3.13%,0.00%,"84,80 €","0,00 €",1,0
B07PQS3PNH,B07PQS3PNH,"HENDI Caja de golpe de café con marco de madera, vaciado de posos de café, barra de golpeo extraíble con revestimiento de silicona, GN 1/4, 265x162x(H)100mm, madera oscura/acero inoxidable",H208380,55,1,0.01%,0.01%,69,1,0.01%,0.01%,95.38%,0.00%,1,0,1.82%,0.00%,"38,50 €","0,00 €",1,0
B07PRXM4WF,B07PRXM4WF,"HENDI Caja de golpe de café, redonda, recipiente para residuos del café, vaciado de posos de café, con barra de golpeo extraíble,153x185x(H)165mm, acero inoxidable",H208618,3,0,0.00%,0.00%,7,0,0.00%,0.00%,100.00%,0.00%,1,0,33.33%,0.00%,"38,50 €","0,00 €",1,0
B07Q46FBLN,B07Q46FBLN,"HENDI Lavavajillas industrial, para cestas 40x40cm, con control electromecánico, máquina lavaplatos lavavasos lavacopas, 230V, 2800W, 470x510x(H)710mm, acero inoxidable",H233009,4,0,0.00%,0.00%,9,0,0.00%,0.00%,50.00%,0.00%,1,0,25.00%,0.00%,"1.625,00 €","0,00 €",1,0
B0BX9XQD5Y,B07SDTN4RY,"Arcos Set Cuchillos Mondadores de Cocina. Juego de 36 Piezas Acero Inoxidable, para Pelar Frutas y Verduras. Mango Ergonómico Polipropileno. Serie Nova. Naranja. Amarillo y Coral",806200_pack36pzs,45,5,0.01%,0.04%,60,5,0.01%,0.03%,83.93%,60.00%,1,0,2.22%,0.00%,"69,90 €","0,00 €",1,0
B06XB92VRH,B07T6J5JWM,CUPERINOX Cafetera Italiana Induccion Espresso Acero Inoxidable 12 Tazas,25035_2,280,4,0.07%,0.03%,406,5,0.07%,0.03%,79.57%,100.00%,1,0,0.36%,0.00%,"28,00 €","0,00 €",1,0
B07T7HKST6,B07T7HKST6,CUPERINOX Juego de Cuchillos de cocina | 6 Piezas | Cuchillos Cocina Profesional | Set cuchillos cocina | Incluye tijeras cocina | Acero Inoxidable,19511FBM,30,2,0.01%,0.02%,34,2,0.01%,0.01%,100.00%,100.00%,1,0,3.33%,0.00%,"44,95 €","0,00 €",1,0
B07YXBGV8C,B07YXBGV8C,Arcos Riviera Blanc Set 3 Cuchillos Forjados Acero Inoxidable Nitrum,807511_,43,4,0.01%,0.03%,60,16,0.01%,0.10%,77.78%,0.00%,1,0,2.33%,0.00%,"59,99 €","0,00 €",1,0
B08KGGSRPL,B0816ZLJN6,"HENDI Placa de inducción de sobremesa, controles táctiles, temporizador, 60–240 °C, 230V/3500W, 337x417x(H)85mm, acero inoxidable, negro",H239421,28,0,0.01%,0.00%,38,0,0.01%,0.00%,70.59%,0.00%,1,0,3.57%,0.00%,"254,75 €","0,00 €",1,0
B082VWVDMX,B082VWVDMX,HENDI Cesta para baguetes - 305x320x(H)350 mm,H426517,3,1,0.00%,0.01%,4,2,0.00%,0.01%,100.00%,100.00%,1,1,33.33%,100.00%,"40,50 €","40,50 €",1,1
B0FQNZM34T,B0843DKXYN,Arcos Opera Cuchillo Jamonero Forjado Acero Inoxidable Nitrum 300 mm,226800_,33,0,0.01%,0.00%,35,0,0.01%,0.00%,42.86%,0.00%,1,0,3.03%,0.00%,"34,95 €","0,00 €",1,0
B0D1CWK1B4,B084TKV1MX,"HENDI Campana domo cúpula cubierta para ahumar bebidas cócteles con válvula de ventilación y orificio de goma para pistola o infusor de humo, ahumado, ø150x(H)280mm, de vidrio borosilicato",H199657,13,3,0.00%,0.03%,27,9,0.00%,0.06%,16.67%,0.00%,1,0,7.69%,0.00%,"45,50 €","0,00 €",1,0
B084TKXDVC,B084TKXDVC,HENDI Matamoscas 300m² - 230V / 40W - 470x100x(H)263 mm,ES-FU1B-EVMI,16,3,0.00%,0.03%,22,4,0.00%,0.02%,35.00%,25.00%,3,3,18.75%,100.00%,"254,25 €","254,25 €",1,1
B084TL4TFV,B084TL4TFV,"HENDI Crepera eléctrica, con esparcidor de madera,temperatura regulable 50°-250°C, placa de diámetro400mm,de hierro fundido con revestimiento cerámico, 230V, 3000W, 470x509x(H)161mm,acero inoxidable",H212028,22,2,0.01%,0.02%,31,2,0.01%,0.01%,44.44%,50.00%,1,0,4.55%,0.00%,"288,50 €","0,00 €",1,0
B08KFQBJWQ,B0857QCPPW,"HENDI Percolador de café 14L, de una pared, con filtro incorporado y grifo antigoteo, para café molido grueso,230V, 50/60Hz, 1750W, 357x380x(H) 502mm, negro mate, acero inoxidable, PP",H211489,11,1,0.00%,0.01%,20,6,0.00%,0.04%,63.16%,0.00%,1,0,9.09%,0.00%,"159,75 €","0,00 €",1,0
B0857QPQZ5,B0857QPQZ5,"HENDI Placa eutéctica de calor profesional, GN 1/2, para cajas térmicas, elemento calefactor, acumulador de calor, bloque térmico, placa caliente, 320x265x(H)30mm, HDPE, rojo",H707784,14,1,0.00%,0.01%,18,1,0.00%,0.01%,61.11%,0.00%,1,1,7.14%,100.00%,"28,98 €","28,98 €",1,1
B0D1D18BH3,B0862TLGR9,HENDI Guante para ostras - Medio - L 305 mm,H8711369556665,8,0,0.00%,0.00%,9,0,0.00%,0.00%,72.73%,0.00%,2,0,25.00%,0.00%,"74,80 €","0,00 €",1,0
B0862VPJ9H,B0862VPJ9H,"HENDI Cabezal de antorcha de cocina de llama continua, soplete flambeador, quemador, recargable con cartuchos de gas GLP 199039, mango ergonómico, versátil-seguro 360°, 185x65x(H)100mm, negro y verde",H198247,93,6,0.02%,0.05%,102,6,0.02%,0.04%,100.00%,100.00%,1,0,1.08%,0.00%,"22,93 €","0,00 €",1,0
B08CNGLJR3,B08CNGLJR3,"HENDI Guantes para Barbacoa, 1 Par, Resistentes al Calor hasta 250°C, de Cuero Vacuno, Guantes de Protección Térmicos para Horno, Parrilla o Cocina, 46cm de Largo, Amarillo Mostaza y Gris",H556689,4,1,0.00%,0.01%,4,1,0.00%,0.01%,50.00%,100.00%,1,1,25.00%,100.00%,"35,95 €","35,95 €",1,1
B08WR6CHHN,B08JC8DSP6,Arcos Cuchillos Chuleteros cuchillos chuleteros acero inoxidable filo liso juego cuchillos chuleteros | 6 PZAS cuchillo chuletero | Hoja 110 mm |cuchillos carne Envase Eco,815800,64,2,0.02%,0.02%,96,4,0.02%,0.02%,98.98%,100.00%,1,0,1.56%,0.00%,"39,99 €","0,00 €",1,0
B08JZF56TG,B08JZF56TG,"HENDI Papelera estrecha, 60 L, 455 x 315 x 580 mm, color gris",H691137,2,0,0.00%,0.00%,2,0,0.00%,0.00%,100.00%,0.00%,1,0,50.00%,0.00%,"48,25 €","0,00 €",1,0
B08K4WG7Z5,B08K4WG7Z5,"HENDI Carrito de servicios, carrito multiusos, 3 estantes, 4 ruedas giratorias, 2 con freno, carga máxima por estante 50kg, encimera 830x510mm, 905x585x(H)945mm, acero inoxidable,acabado en negro mate",H811320,1,0,0.00%,0.00%,1,0,0.00%,0.00%,100.00%,0.00%,1,0,100.00%,0.00%,"219,00 €","0,00 €",1,0
B08TLR4Z27,B08M3YG4R1,Arcos jamonero Profesional | Cuchillo jamonero jamonero Inoxidable Nitrum | Mango Negro | Cuchillo Jamon iberico | Serie Maitre| Hoja Flexible y Filo Liso | 275 mm | Acero Inoxidable NITRUM,704200_fbm,16,0,0.00%,0.00%,22,0,0.00%,0.00%,94.12%,0.00%,1,0,6.25%,0.00%,"21,99 €","0,00 €",1,0
B08M5K93QF,B08M5K93QF,Arcos Juego Cuchillos Mesa | 6 Uds | Cuchillo Postre | Cuchillos Mesa | Cuchillo Carne | Hoja 105 mm | Acero Inoxidable Martensítico | Mango Polipropileno | Apto lavavajillas | Envase Ecológico,703500FBM,169,2,0.04%,0.02%,237,2,0.04%,0.01%,100.00%,100.00%,1,0,0.59%,0.00%,"12,99 €","0,00 €",1,0
B08WR6CHHN,B08MW17PLN,Arcos Juego Cuchillos Carne | 6 Piezas | Cuchillo chuleteros | Hoja 110 mm | monoblock | Cuchillo en 1 Sola Pieza | Cuchillos Carne Cubiertos Acero Inoxidable | Caja Envase Ecológico (Sierra Laser),815900fba,34,0,0.01%,0.00%,44,0,0.01%,0.00%,100.00%,0.00%,1,0,2.94%,0.00%,"39,99 €","0,00 €",1,0
B0CQLP3WHM,B08TWYW899,"Arcos Thera Sarten Grill Antiadherente de 24x24 Cm para Inducción, Gas y Vitrocerámica. Grill de Aluminio Fundido con Mango Ergonómico Extraíble y Apta para Lavavajillas. Color Negro y Azul",719300,27,1,0.01%,0.01%,39,1,0.01%,0.01%,17.95%,0.00%,1,0,3.70%,0.00%,"32,40 €","0,00 €",1,0
B0CQM2K3QY,B08TX19NTQ,"Arcos Thera Olla Grande de Cocina de 28 Cm y 6,6 L. Cacerola Alta para Inducción, Gas y Vitro. Olla de Aluminio Fundido con Tapa de Cristal y Mango Extraíble. Apta Lavavajillas. Color Negro Azul",718800,95,1,0.02%,0.01%,134,1,0.02%,0.01%,85.04%,0.00%,1,0,1.05%,0.00%,"49,99 €","0,00 €",1,0
B0CQLP3WHM,B08TX1S5W4,"Arcos Grill Antiadherente Aluminio Fundido 34x26 cm, Apto para Todas las Cocinas, Asas Silicona, Ahorro Energético, Lavavajillas, Negro/Azul, Serie Thera",719500,57,4,0.01%,0.03%,84,11,0.01%,0.07%,40.51%,0.00%,1,0,1.75%,0.00%,"51,65 €","0,00 €",1,0
B095MKPPLC,B095MKPPLC,Desengrasante Plus Energico 5 L - VINFER - L331G05002..,VP200,13,1,0.00%,0.01%,14,1,0.00%,0.01%,38.46%,100.00%,1,1,7.69%,100.00%,"19,95 €","19,95 €",1,1
B09TX34H64,B095YCTYNZ,"HENDI Sifón de cocina, con 3 boquillas de polipropileno y cepillo de limpieza, sifón para montar nata, espumas, mousses, postres, espumado en frío, 0,5L, ø80x(H)260mm, aluminio, verde pastel",H975879,8,1,0.00%,0.01%,9,1,0.00%,0.01%,44.44%,0.00%,1,0,12.50%,0.00%,"39,99 €","0,00 €",1,0
B095YCZR93,B095YCZR93,"HENDI Sifón de cocina, con 3 boquillas de polipropileno y cepillo de limpieza, sifón para montar nata, espumas, mousses, postres, espumado en frío, 0,5L, ø80x(H)260mm, aluminio, amarillo pastel",H975855,9,1,0.00%,0.01%,11,2,0.00%,0.01%,90.00%,50.00%,2,2,22.22%,200.00%,"79,98 €","79,98 €",1,1
B09TX34H64,B095YDFVH1,"HENDI Sifón de cocina, con 3 boquillas de polipropileno y cepillo de limpieza, sifón para montar nata, espumas, mousses, postres, espumado en frío, 0,5L, ø80x(H)260mm, aluminio, azul pastel",H975862,12,2,0.00%,0.02%,20,5,0.00%,0.03%,70.00%,80.00%,6,6,50.00%,300.00%,"239,94 €","239,94 €",1,1
B09DPRCMTF,B0987MG3JQ,Arcos Juego Cuchillos Carne | Cuchillo chuleteros | Cuchillos Carne Cuchillos Mesa | 6 Uds | Hoja 110 mm | Acero Inoxidable | Mango Nylon | Apto lavavajillas | Envase Ecológico (Filo Liso),814200FBM,93,2,0.02%,0.02%,115,2,0.02%,0.01%,100.00%,100.00%,1,0,1.08%,0.00%,"19,99 €","0,00 €",1,0
B08J488ZQG,B0987N2CBR,Arcos Juego Cuchillos Carne | 6 Piezas | Cuchillos carne cuchillo chuleteros | cubiertos acero inoxidable | Hoja 110 mm | mango monobloque | aptos lavavajillas | Caja Envase Ecológico,814000FBM,718,17,0.17%,0.15%,903,19,0.16%,0.12%,100.00%,100.00%,1,0,0.14%,0.00%,"27,99 €","0,00 €",1,0
B09BVVKYWV,B09BVVKYWV,"CUPERINOX Navaja 5 en1 multiusos | Incluye Afilador Navaja| Funcion Abrebotella, rompecristales y corta cuerdas| Navaja Filo Liso y Sierra|",30060,26,1,0.01%,0.01%,29,1,0.01%,0.01%,96.43%,100.00%,1,0,3.85%,0.00%,"14,99 €","0,00 €",1,0
B09CGYZ71L,B09CGYZ71L,CUPERINOX Tijeras Cocina | Tijeras de Trinchar | Tijeras Pollo | Tijera Pescado | Tijera Acero Inoxidable | 5 Funciones | Tijeras Multiusos | Mango Ergonomico | Apto Lavavajillas,21973_fbm,3,0,0.00%,0.00%,3,0,0.00%,0.00%,100.00%,0.00%,1,0,33.33%,0.00%,"9,99 €","0,00 €",1,0
B0DDSBBMJ1,B09GPSKR41,"HENDI Tostador de cinta doble - 230V / 50Hz / 2240W - 418x368x(H)387 mm, negro, acero inoxidable",H261354,10,2,0.00%,0.02%,15,2,0.00%,0.01%,6.67%,0.00%,1,0,10.00%,0.00%,"539,50 €","0,00 €",1,0
B09HQTWWPB,B09HQTW6TF,Arcos Clara Cuchillo Chef Forjado Acero Inoxidable 200 mm,210600_us,111,1,0.03%,0.01%,208,1,0.04%,0.01%,7.30%,0.00%,1,0,0.90%,0.00%,"26,55 €","0,00 €",1,0
B09HRWYKDL,B09HRWYKDL,Arcos Juego de cuchillos Japoneses Profesionales | 4 piezas | Cuchillo Verduras 100 mm + Cocina 150 mm + Santoku con Alveolos 170 mm + Pelador de patatas,853100fbm,55,1,0.01%,0.01%,80,1,0.01%,0.01%,100.00%,100.00%,1,0,1.82%,0.00%,"36,99 €","0,00 €",1,0
B06XB92VRH,B09LYXZKTZ,CUPERINOX Deluxe Cafetera Italiana Induccion Espresso Inoxidable 4 Tazas,25051,57,0,0.01%,0.00%,69,0,0.01%,0.00%,100.00%,0.00%,1,0,1.75%,0.00%,"18,05 €","0,00 €",1,0
B06XB92VRH,B09LYZ5G5S,CUPERINOX Deluxe Cafetera Italiana Induccion Espresso Inoxidable 6 Tazas,25052FBM,66,1,0.02%,0.01%,90,1,0.02%,0.01%,100.00%,100.00%,1,0,1.52%,0.00%,"31,99 €","0,00 €",1,0
B09NC818YZ,B09NC818YZ,"HENDI Arrocera, Función de Mantenimiento del Calor, 50 Tazas de Arroz Seco, Vaso Medidor y Cuchara Arrocera, 230V, 2900W, ø495x(H)365mm, Aluminium, 10L",H240458,34,7,0.01%,0.06%,48,9,0.01%,0.06%,74.36%,37.50%,1,1,2.94%,14.29%,"198,00 €","198,00 €",1,1
B0D1CVHXVY,B09NC9BXHD,"HENDI Portanotas, Barra Porta Comandas, Barra para Sujetar Notas, con Fijación por Tornillo o Adhesivo, Aluminio, (L)1220mm",H513750,10,3,0.00%,0.03%,17,7,0.00%,0.04%,78.57%,60.00%,1,1,10.00%,33.33%,"30,19 €","30,19 €",1,1
B0FJLTDB9J,B09RP6V156,"CUPERINOX® Alicates para pedicura, Profesional, Cortaúñas de Pies, Acero Inoxidable, Mango Ergonómico Antideslizante, Fácil Limpieza, Con Funda, 2 Años de Garantía",21920AM_fba,"1,160",30,0.28%,0.26%,"1,708",38,0.29%,0.23%,99.35%,100.00%,1,0,0.09%,0.00%,"11,99 €","0,00 €",1,0
B09S5DTFSC,B09S5DTFSC,"HENDI Mezclador Profesional de Bebidas, Aireador/Batidor de Bebidas Ligeras, Frappés, Capuchinos Fríos, Drink Mixer, Incluye 2 Vasos y 4 Agitadores, 230V/400W, 170x196x(H)490mm, Amarillo",H221631,16,3,0.00%,0.03%,19,4,0.00%,0.02%,52.94%,66.67%,1,0,6.25%,0.00%,"158,25 €","0,00 €",1,0
B09S5T6MJL,B09S5T6MJL,"HENDI Mezclador Profesional de Bebidas, Aireador/Batidor de Bebidas Ligeras, Frappés, Capuchinos Fríos, Drink Mixer, Incluye 2 Vasos y 4 Agitadores, 230V/400W, 170x196x(H)490mm, Caramelo",H221624,73,6,0.02%,0.05%,93,7,0.02%,0.04%,92.50%,100.00%,1,0,1.37%,0.00%,"149,75 €","0,00 €",1,0
B09WYWVGCS,B09WYWVGCS,Arcos Clara Juego 3 Cuchillos Forjados Acero Inoxidable Nitrum,212000_819010,95,2,0.02%,0.02%,118,3,0.02%,0.02%,69.09%,100.00%,1,0,1.05%,0.00%,"53,99 €","0,00 €",1,0
B09ZLJL6JF,B09XF1JKXR,Arcos Serie Lyon - Cuchillo Kudamono | Cuchillo Japones - Hoja de Acero Inoxidable Forjado NITRUM de 80 mm - Mango de Polioximetileno (POM) - Color Negro,250100_,18,0,0.00%,0.00%,32,0,0.01%,0.00%,100.00%,0.00%,1,0,5.56%,0.00%,"20,99 €","0,00 €",1,0
B09XF4MLJT,B09XF4MLJT,Arcos Serie Clara - Set 4 Cuchillos de Cocina (Mondador + Cocina + Chef + Tijeras) - Acero Inoxidable Forjado NITRUM - Mango Inyectado de Polipropileno - Color Negro,819010_fbm,18,0,0.00%,0.00%,19,0,0.00%,0.00%,100.00%,0.00%,1,0,5.56%,0.00%,"59,99 €","0,00 €",1,0
B09XF6G1Q8,B09XF6G1Q8,Arcos Serie Universal - Juego de Cuchillos de Cocina de 4 piezas (3 Cuchillos Cocineros + Tijeras) - Hoja de Acero Inoxidable NITRUM - Mango de Polioximetileno (POM) - Color Negro,807410+TIJERA,50,0,0.01%,0.00%,69,0,0.01%,0.00%,100.00%,0.00%,1,0,2.00%,0.00%,"49,99 €","0,00 €",1,0
B0DNBTJMLJ,B09ZHZDJRJ,FAMILIA VINCARE (DETERGENTE BIBERONES),DETERGENTE BIBERONES 500ML,35,0,0.01%,0.00%,48,0,0.01%,0.00%,2.17%,0.00%,1,0,2.86%,0.00%,"7,99 €","0,00 €",1,0
B0BMG12PCC,B0BMG12PCC,"HENDI Tapa para Recipientes GN 2/3, de Acero Inoxidable, con Borde de Silicona y Válvula de Vacío, Cierre Hermético, Resistente de -40° a 121°C, 354x325mm",H807613,4,0,0.00%,0.00%,4,0,0.00%,0.00%,100.00%,0.00%,2,0,50.00%,0.00%,"68,62 €","0,00 €",1,0
B0BRSYXXRN,B0BRSYXXRN,"HENDI Cesta para Freír, 10L, 280x210x(H)140mm",H961247,26,4,0.01%,0.03%,40,7,0.01%,0.04%,58.33%,16.67%,1,0,3.85%,0.00%,"41,99 €","0,00 €",1,0
B0FQNZM34T,B0BRTZ2X8C,Arcos Serie Opera - Set Cuchillos de Cocina 3 piezas - Acero Inoxidable Forjado NITRUM - Mango POM - Color negro,805900_,40,2,0.01%,0.02%,47,4,0.01%,0.02%,100.00%,100.00%,1,0,2.50%,0.00%,"74,11 €","0,00 €",1,0
B0BS9ZL3YS,B0BS9ZL3YS,Xpartan Clean | 500 ml | Limpiador de Suelos Multisuperficie para Robots de Limpieza | Concentrado y Perfumado para todo tipo de Robots y Marcas,XPARTAN,11,0,0.00%,0.00%,15,0,0.00%,0.00%,100.00%,0.00%,1,0,9.09%,0.00%,"15,99 €","0,00 €",1,0
B0C49YDKL4,B0C49YDKL4,Arcos Serie Nordika - Cuchillo Usuba - Acero Inoxidable NITRUM - Hoja de 175 mm - Mango de Madera Ovengkol 100% natural de bosques certificados FSC® - Embalaje 100% reciclado,168000,79,1,0.02%,0.01%,109,1,0.02%,0.01%,59.14%,100.00%,1,0,1.27%,0.00%,"44,99 €","0,00 €",1,0
B0CM6RWLQM,B0CM6RWLQM,"HENDI Hervidor de Sopa Eléctrico UNIQ, 8L, Negro",H860526,7,1,0.00%,0.01%,10,1,0.00%,0.01%,100.00%,100.00%,1,0,14.29%,0.00%,"168,73 €","0,00 €",1,0
B0CQC8TDDY,B0CQC8TDDY,"HENDI Chafing Dish Eléctrico UNIQ, 12,5L, Negro",H470411,23,2,0.01%,0.02%,32,2,0.01%,0.01%,64.29%,100.00%,1,0,4.35%,0.00%,"212,46 €","0,00 €",1,0
B0D1CVYQWN,B0CQMFQ2B7,"HENDI Mandolina japonesa, cortador, rebanador, manual, regulable, para vegetales, alimentos, frutas, diferentes cuchillas y grosor de corte: 0,5-9mm, acero inoxidable, PP, negro",H237922,31,3,0.01%,0.03%,42,3,0.01%,0.02%,80.00%,66.67%,1,0,3.23%,0.00%,"30,19 €","0,00 €",1,0
B0D1CZJMQ3,B0CQMRLLBB,"HENDI Emplatar Chef Kit, Juego de Herramientas de emplatado y Decorado culinario, 6 Piezas: Pinzas-cucharas-espátula, Incl. Estuche, Acero Inoxidable Satinado, Plata, poliéster, PP",H400081,29,2,0.01%,0.02%,42,4,0.01%,0.02%,52.63%,0.00%,1,0,3.45%,0.00%,"39,30 €","0,00 €",1,0
B0CZXS1ZHN,B0CZXS1ZHN,"HENDI Olla de hierro fundido con 3 patas, caldero tipo potjie sudafricano, con tapa y asa, para fuego abierto y horno, 6L, ⌀245x(H)280mm",H629291,312,8,0.08%,0.07%,425,9,0.07%,0.06%,88.86%,85.71%,1,0,0.32%,0.00%,"56,76 €","0,00 €",1,0
B0D1VZR8D3,B0D1VZR8D3,"HENDI Armario calentador de platos, doble, 108 platos de ⌀24 cm, 3 estantes extraíbles, de 30°C a 85°C, con 4 ruedas, calentador eléctrico de platos, 230V/800W, 592x782x(H)765mm, acero inoxidable",H250174,15,2,0.00%,0.02%,23,3,0.00%,0.02%,85.71%,100.00%,1,0,6.67%,0.00%,"569,05 €","0,00 €",1,0
B0D269G58Y,B0D269G58Y,"HENDI Contenedor para huevos OVOBOX 120, con tapa y 8 bandejas, GN 2/3, 18L, 355x325x(H) 200mm, PP y PS",H8711369870785,7,2,0.00%,0.02%,7,2,0.00%,0.01%,100.00%,100.00%,1,0,14.29%,0.00%,"33,25 €","0,00 €",1,0
B0G6M1C8V6,B0D4WK78XV,CUPERINOX Aceiteras para Aceite Usado | Grasera Acero Inoxidable 550ML con Filtro Metálico | Recipiente para Aceite Usado de Cocina y Grasa | Grasera Cocina Metálica 550ML 2Uds Metálico,22105-22106,"1,066",16,0.26%,0.14%,"1,624",25,0.28%,0.15%,99.79%,100.00%,1,1,0.09%,6.25%,"11,50 €","11,50 €",1,1
B0D6Z2GDS4,B0D6Z2GDS4,"HENDI Lámpara de Calor Flexible, Negro",H273838,9,4,0.00%,0.03%,13,8,0.00%,0.05%,69.23%,75.00%,2,2,22.22%,50.00%,"319,49 €","319,49 €",1,1
B0DKP68T32,B0DJBYWJB7,Arcos Serie Eclipse - Cuchillo de Chef - Hoja de Acero Inoxidable Forjado con Filo Seda Plus de 200 mm - Pulido Brillo Especial - Mango Acrílico - Color Negro,213500_,118,1,0.03%,0.01%,173,1,0.03%,0.01%,52.29%,100.00%,1,0,0.85%,0.00%,"73,99 €","0,00 €",1,0
B0DKP7F29P,B0DJC1RQ9T,"Arcos Serie Samoa Iconic | Cacerola Antiadherente Cerámico 20 cm y 2,6 L | Aluminio Forjado | Apta cualquier cocina | Mango Acero Inoxidable | Color Negro | LIBRE DE (PFOA/PTFE/PFOS)",716922,94,1,0.02%,0.01%,111,1,0.02%,0.01%,73.15%,100.00%,1,0,1.06%,0.00%,"53,95 €","0,00 €",1,0
B0DNNKT1W2,B0DNNJPRXB,"Cuperinox-Tetera de Cristal con Infusor para Té e Infusiones, Resistente al Calor y Compatible con Microondas ** - Infusion Prestige Collection (550 ml)",26111,225,6,0.05%,0.05%,287,7,0.05%,0.04%,100.00%,100.00%,1,0,0.44%,0.00%,"17,27 €","0,00 €",1,0
B0DPKXM18X,B0DNQXN97X,CUPERINOX Soporte Jamonero Inoxidable | Jamonero Plegable | Jamonero Giratorio | Jamonero Profesional | Cuchillo Jamonero Profesional y Afilador,20250_fbm,95,4,0.02%,0.03%,110,5,0.02%,0.03%,100.00%,100.00%,1,0,1.05%,0.00%,"65,55 €","0,00 €",1,0
B0DNTJPHVR,B0DNTJPHVR,"Cuperinox Botella de Agua Térmica - Acero Inoxidable Doble Pared con Tapa Hermética, Libre de BPA, Ideal para Mantener Bebidas Calientes o Frías por Horas, Perfecta para Deporte, Oficina y Viajes",26006_,100,1,0.02%,0.01%,144,1,0.02%,0.01%,5.69%,0.00%,1,0,1.00%,0.00%,"14,99 €","0,00 €",1,0
B0DQV6381X,B0DQR3T9MM,CUPERINOX Jamonero Profesional | Jamonero Giratorio Inoxidable | Jamonero Plegable | Tabla Cortar Jamon | Jamonera | Soporte Jamon,SC_20250,81,2,0.02%,0.02%,102,2,0.02%,0.01%,98.96%,100.00%,1,0,1.23%,0.00%,"54,99 €","0,00 €",1,0
B0DVT6KPDV,B0DT75PQN7,"CUPERINOX Kit Cocina Montessori | Cuchillos Niños Aprendizaje +2 Años | Set Completo de Cuchillos Infantiles de 17 Piezas | Incluye Tijeras, Moldes, Batidor, Tabla y Cuchillo Seguro",27017,170,4,0.04%,0.03%,252,5,0.04%,0.03%,100.00%,100.00%,1,0,0.59%,0.00%,"19,99 €","0,00 €",1,0
B0DTK92FQV,B0DTK92FQV,"HENDI Baño María Eléctrico con Grifo, 3x GN 1/3 con Tapas",H238868,7,0,0.00%,0.00%,7,0,0.00%,0.00%,85.71%,0.00%,1,1,14.29%,0.00%,"178,50 €","178,50 €",1,1
B0DWFRFHZ9,B0DWFRFHZ9,"HENDI Cortador de pizza profesional, para uso intensivo, cuchilla grande y gruesa de acero inoxidable, mango de polipropileno, rueda hoja rodillo cortapizzas, pizza cutter, ø97x240mm, naranja",H618127,3,0,0.00%,0.00%,5,0,0.00%,0.00%,40.00%,0.00%,1,0,33.33%,0.00%,"27,31 €","0,00 €",1,0
B0DQV6381X,B0F2Q1K35T,CUPERINOX Soporte Jamonero Balancín | Jamonero Giratorio Profesional | Jamonero Madera | Jamonera Profesional | Tabla Cortar Jamon,20265_SC,58,0,0.01%,0.00%,76,0,0.01%,0.00%,98.59%,0.00%,1,0,1.72%,0.00%,"84,99 €","0,00 €",1,0
B0FR444FLT,B0F3JLVG2D,Arcos by Chef José Andrés | Cuchillo Pelador de 10 cm Forjado para Frutas y Verduras | Hoja de Acero Inoxidable NITRUM con Borde de Seda | Mango Ergonómico de Madera de Encina,171100,266,9,0.06%,0.08%,294,10,0.05%,0.06%,67.70%,75.00%,1,0,0.38%,0.00%,"46,30 €","0,00 €",1,0
B0F9X4NXL3,B0F9KXQKLG,"CUPERINOX Cuchillos Mesa, cuchillo carne, cuchillo mantequilla, Set 24 piezas, acero inoxidable, hoja con filo y sierra, cuchillo untar. Apto lavavajillas. Mango ergonomico",20043-24,180,9,0.04%,0.08%,247,16,0.04%,0.10%,98.23%,100.00%,2,0,1.11%,0.00%,"39,98 €","0,00 €",1,0
B0FJLTDB9J,B0FB98PM7Z,CUPERINOX® Beauty Care – Pack 3 Cortauñas de Precisión | Alicate + Cortaúñas Mediano + Cortaúñas con Llavero | Acero Inoxidable Profesional | Manicura y Pedicura | Hombre y Mujer,21920+21931+21932,41,0,0.01%,0.00%,55,0,0.01%,0.00%,100.00%,0.00%,1,0,2.44%,0.00%,"12,99 €","0,00 €",1,0
B0FJRVHBWH,B0FHKVSJNR,"CUPERINOX Tijeras peluqueria profesional 16,5cm | Tijeras corte pelo afiladas precisas hombre mujer barbero estilista | Acero inoxidable duradero | Acabado titanio elegante | Ideal uso doméstico y sal",21862,16,0,0.00%,0.00%,26,0,0.00%,0.00%,100.00%,0.00%,1,0,6.25%,0.00%,"9,99 €","0,00 €",1,0
B0G3ZJ89NB,B0FZD7ZY1W,CUPERINOX Cuchillo Jamonero Profesional 25 cm – Hoja Alveolada de Acero Inoxidable Antideslizante con Mango Ergonómico – Corte Preciso y Fino para Jamón y Paletilla| Maestros del Corte,19303f,104,3,0.03%,0.03%,126,4,0.02%,0.02%,99.17%,100.00%,1,0,0.96%,0.00%,"19,99 €","0,00 €",1,0
B0G67DKSXN,B0G216GBMX,BIOLEAF – Gel WC Esencias Marinas Pack 4×750 ml (3 L) | Limpieza Profunda del Inodoro con Frescor Duradero | Gel Denso Sin Salpicaduras | Biodegradable y Dermatológicamente Testado,3511,102,4,0.02%,0.03%,125,4,0.02%,0.02%,100.00%,100.00%,1,1,0.98%,25.00%,"19,99 €","19,99 €",1,1
B0G4RSR32Y,B0G21WF1RQ,"BIOLEAF – Desengrasante Cocina Antigrasa Pack 4×750 ml (3 L) | Elimina Grasa Difícil en Encimeras, Hornos y Campanas | Sin Disruptores Endocrinos | Fórmula Biodegradable| 100% HECHO EN ESPAÑA",3481,79,0,0.02%,0.00%,95,0,0.02%,0.00%,100.00%,0.00%,1,0,1.27%,0.00%,"19,99 €","0,00 €",1,0
B0G4RT6HMS,B0G25TJ8X5,BIOLEAF – Limpiacristales Profesional Sin Huellas Pack 8×750 ml (6 L) | Cristales y Espejos Brillantes Sin Marcas | Secado Rápido | Fórmula Biodegradable |100% HECHO EN ESPAÑA,3771,9,0,0.00%,0.00%,9,0,0.00%,0.00%,100.00%,0.00%,1,0,11.11%,0.00%,"27,99 €","0,00 €",1,0
B0G2CMWG78,B0G2CMWG78,VINFER| WINS018 Limpiador Amoniacal Pino Concentrado 250 ml | Rinde 5 Litros | Potente Detergente Desengrasante e Higienizante | Limpieza Profunda y Frescor Natural | 100% Made in Spain,WC018,20,1,0.00%,0.01%,22,1,0.00%,0.01%,100.00%,100.00%,1,1,5.00%,100.00%,"9,99 €","9,99 €",1,1
B0G2CZGTGC,B0G2CZGTGC,WINS 007 - Pack Friegasuelos Garrafa 5 L + Concentrado 250 ml,WC007+007,7,1,0.00%,0.01%,9,3,0.00%,0.02%,75.00%,0.00%,1,0,14.29%,0.00%,"16,99 €","0,00 €",1,0
B0G44H4PJM,B0G44H4PJM,WINS 007 - Friegasuelos Concentrado 250 ml | Rinde 5 L,WC007,8,1,0.00%,0.01%,10,1,0.00%,0.01%,100.00%,100.00%,1,1,12.50%,100.00%,"8,99 €","8,99 €",1,1
B0GNZWCSKK,B0GNZWCSKK,VINCARE Detergente Biberones y Tetinas Pack 2x – Limpieza Segura para Bebés – Elimina Restos de Leche y Olores – Apto para Chupetes y Accesorios,PM-9MUA-64P3,8,0,0.00%,0.00%,20,0,0.00%,0.00%,100.00%,0.00%,1,0,12.50%,0.00%,"14,99 €","0,00 €",1,0
B0H1RQ93K4,B0H1GXQFSG,"Pack de 12 emplatadores Cuadrados 8x4 cm en Acero Inoxidable presentaciones Gourmet, arroces, tartares y postres. Aptos lavavajillas",22573,10,0,0.00%,0.00%,20,0,0.00%,0.00%,100.00%,0.00%,1,0,10.00%,0.00%,"18,99 €","0,00 €",1,0
B0H2DJMJ4G,B0H2DJMJ4G,Vinagre de Limpieza | 2 Litros | Aroma Manzana,LAGARRAFIRA_VINAGRE-LIMPIEZA,25,0,0.01%,0.00%,31,0,0.01%,0.00%,100.00%,0.00%,1,0,4.00%,0.00%,"7,99 €","0,00 €",1,0