ASIN (parent),ASIN (child),Título,SKU,Sesiones: total,Sesiones - Total - B2B,Porcentaje de sesiones: total,Porcentaje de sesiones: total - B2B,Visitas: total,Visitas - Total - B2B,Porcentaje de visitas: total,Porcentaje de visitas - Total - B2B,Porcentaje de ofertas destacadas (Buy Box),Porcentaje de ofertas destacadas: B2B,Unidades encargadas,Unidades encargadas - B2B,Porcentaje de unidades por sesión,Porcentaje de sesiones de unidades - B2B,Ventas de productos encargados,Ventas de productos encargados: B2B,Total de artículos de un pedido,Total de artículos de un pedido - B2B
B09KJLG7BT,B08KW4BFZ9,CUPERINOX Jamonero Profesional | Soporte jamonero Tipo Gondola| Base de Corte para Usar con Cuchillo jamonero | Jamon iberico | Fabricado en España,2020CUP,"4,710",70,0.83%,0.51%,"7,043",98,0.86%,0.49%,87.85%,75.00%,691,8,14.67%,11.43%,"9.664,07 €","109,49 €",688,8
B09NT4VRN7,B0812BKN39,Arcos Juego de Cuchillos Mondadores de 3 Piezas,859800_barras_arcos,"13,033",263,2.29%,1.91%,"18,145",379,2.21%,1.91%,27.65%,5.83%,636,2,4.88%,0.76%,"6.129,04 €","19,53 €",599,2
B0DPKXM18X,B0DNQT7LV3,"CUPERINOX Soporte Jamonero Balancín | Jamonero Giratorio Profesional | Jamonero Madera | Incluye Cuchillo Profesional, Afilador Funda Cubre Jamón| Jamoneros Elite Collection",20265_fbm,"10,822",290,1.90%,2.10%,"19,899",529,2.43%,2.66%,99.51%,99.39%,549,17,5.07%,5.86%,"45.957,33 €","1.379,83 €",543,15
B0DQV6381X,B0GCX89NVM,"CUPERINOX - Soporte Jamonero Profesional de Acero Inoxidable | Sistema Basculante y Cabezal Giratorio | Estabilidad, Corte Ergonómico y Fácil Limpieza | Apto para Jamones y Paletillas|Elite Collection",20280,"7,524",202,1.32%,1.46%,"13,059",346,1.59%,1.74%,99.78%,100.00%,354,16,4.70%,7.92%,"31.704,11 €","1.433,75 €",347,15
B0BGRT2BVV,B09G9WBKPG,Arcos Juego de 6 Cuchillos de Mesa Chuleteros Hoja 110 mm Negro 705500,705500(805109),"10,077",235,1.77%,1.70%,"14,675",350,1.79%,1.76%,39.38%,13.18%,353,1,3.50%,0.43%,"4.010,60 €","11,33 €",311,1
B09DYJY471,B08MTCRCT4,Arcos Juego Cuchillos Cocina Profesionales| Cuchillos Cocina Profesional | Cuchillos Acero Inoxidable Mango Negro | utensilios de cocina | cuchillo japones Santoku | lavavajillas (5 Piezas),816800fbm,"8,960",166,1.57%,1.20%,"12,769",262,1.56%,1.32%,99.71%,99.33%,308,9,3.44%,5.42%,"9.223,42 €","263,91 €",306,9
B017HKSTCQ,B00CFN1M6Q,ARCOS Tijeras de Cocina Multiusos 200 mm,809700_,"3,909",132,0.69%,0.96%,"5,850",182,0.71%,0.92%,56.40%,51.91%,289,13,7.39%,9.85%,"3.454,63 €","149,12 €",280,10
B0F1N351DY,B072FGV2YH,Arcos Juego de 6 Cuchillos Mondadores Acero Inoxidable 100 mm,189100,"12,056",267,2.12%,1.94%,"17,925",410,2.19%,2.06%,26.58%,26.00%,274,0,2.27%,0.00%,"4.653,15 €","0,00 €",261,0
B08J488ZQG,B089QP6MYJ,Arcos Juego Cuchillos Carne | 6 Piezas | Cuchillos carne cuchillo chuleteros | cubiertos acero inoxidable | Hoja 110 mm | mango monobloque | aptos lavavajillas | Caja Envase Ecológico,815600_,"3,798",104,0.67%,0.75%,"6,121",186,0.75%,0.94%,99.61%,100.00%,281,42,7.40%,40.38%,"7.442,11 €","1.048,41 €",221,11
B0752X4WZ6,B017DLMFXS,ARCOS Pinzas para Emplatar Acero Inoxidable 200 mm,606300FBM,"4,464",108,0.78%,0.78%,"6,414",134,0.78%,0.67%,48.70%,51.85%,222,11,4.97%,10.19%,"2.553,33 €","124,44 €",214,9
B0CYTKGNPM,B0CW68KM18,Pelador de Cocina ARCOS - Hoja de Acero Inoxidable | Mango Ergonómico | Herramienta Versátil para Pelar Frutas y Verduras,607300_,"1,825",65,0.32%,0.47%,"2,504",90,0.31%,0.45%,95.37%,94.23%,216,14,11.84%,21.54%,"1.826,77 €","111,23 €",206,8
B017HKRCGK,B005LR7A1Y,ARCOS Bolsa para Cuchillos 100% Poliéster 460x275 mm,690200_,"2,550",57,0.45%,0.41%,"4,105",83,0.50%,0.42%,73.29%,71.43%,183,8,7.18%,14.04%,"2.881,73 €","123,92 €",181,8
B08MT437W9,B08MT437W9,Arcos Juego Cuchillos Cocina Profesionales| Cuchillos Cocina Profesional | 6 pzas | Cuchillos Acero Inoxidable Mango Negro | utensilios de cocina serie Niza | Apto lavavajillas,812900fbm,"4,681",74,0.82%,0.54%,"6,495",105,0.79%,0.53%,99.81%,100.00%,176,18,3.76%,24.32%,"5.712,60 €","584,82 €",176,18
B0DNNKT1W2,B0DNNFJ5J7,"Cuperinox-Tetera de Cristal con Infusor para Té e Infusiones, Resistente al Calor y Compatible con Microondas ** - Infusion Prestige Collection (350 ml)",26110_,"3,139",59,0.55%,0.43%,"4,462",91,0.54%,0.46%,99.92%,100.00%,172,1,5.48%,1.69%,"2.486,48 €","14,99 €",165,1
B07YM65C6J,B007TS6HMQ,ARCOS Pinza para Pescado Acero Inoxidable,605000_caja,916,33,0.16%,0.24%,"1,332",51,0.16%,0.26%,99.29%,100.00%,162,6,17.69%,18.18%,"1.480,04 €","55,50 €",159,5
B08GSTDWTC,B08LVVQ3ZQ,"Arcos Serie Nova - Cuchillo para pelar, Acero Inoxidable NITRUM, Envase Ecológico, 3 colores Fucsia, Turquesa y Amarillo",703700_,"1,110",25,0.19%,0.18%,"1,720",34,0.21%,0.17%,99.93%,100.00%,167,11,15.05%,44.00%,"1.750,35 €","113,57 €",148,9
B0DNNL2TZQ,B0DNN57WC1,"CUPERINOX Aceitera de Cristal Antigoteo para Aceite de Oliva, Resistente y Fácil de Limpiar Gourmet Oil Collection (250 Ml)",22022_,"1,073",27,0.19%,0.20%,"1,503",37,0.18%,0.19%,99.85%,100.00%,151,9,14.07%,33.33%,"1.793,39 €","106,43 €",145,8
B0CYTKGNPM,B0843Q6L5P,ARCOS Pelador Profesional Acero Inoxidable Cromado 130 mm,607000_etq1,"2,516",133,0.44%,0.96%,"4,085",196,0.50%,0.99%,4.10%,2.11%,142,0,5.64%,0.00%,"886,64 €","0,00 €",140,0
B0BGRT2BVV,B09G9WBKPG,Arcos Juego de 6 Cuchillos de Mesa Chuleteros Hoja 110 mm Negro 705500,805109_uss,"10,077",235,1.77%,1.70%,"14,675",350,1.79%,1.76%,39.38%,13.18%,160,15,1.59%,6.38%,"1.846,45 €","172,50 €",138,11
B0DNNKT1W2,B0DNNJPRXB,"Cuperinox-Tetera de Cristal con Infusor para Té e Infusiones, Resistente al Calor y Compatible con Microondas ** - Infusion Prestige Collection (550 ml)",26111_,"2,242",35,0.39%,0.25%,"3,230",59,0.39%,0.30%,99.93%,100.00%,126,4,5.62%,11.43%,"2.135,96 €","65,01 €",126,4
B08M7BMR2S,B08LNRV6N6,"Arcos Afiladores, Afilador de Cuchillos de Mano, Hecho de ABS + TPE, Rodillos Cerámico y Carburo, Color Blanco y Negro",610624_fbm,"1,478",33,0.26%,0.24%,"1,857",42,0.23%,0.21%,98.41%,91.67%,117,4,7.92%,12.12%,"1.594,33 €","54,80 €",116,4
B089MW6B1B,B078JNZS9T,Arcos Estuche de 3 Cuchillos Básicos de Cocina. Pack de Cuchillos con Hoja de Acero Inoxidable y Mango de Polieximetileno Aptos para Lavavajillas. Serie Universal. Color Negro,807400_us,"5,198",95,0.91%,0.69%,"7,383",135,0.90%,0.68%,48.51%,53.75%,112,6,2.15%,6.32%,"4.874,28 €","257,94 €",110,5
B08MT437W9,B08MT437W9,Arcos Juego Cuchillos Cocina Profesionales| Cuchillos Cocina Profesional | 6 pzas | Cuchillos Acero Inoxidable Mango Negro | utensilios de cocina serie Niza | Apto lavavajillas,812900,"4,681",74,0.82%,0.54%,"6,495",105,0.79%,0.53%,99.81%,100.00%,103,0,2.20%,0.00%,"3.346,47 €","0,00 €",103,0
B0DQV6381X,B0DQDQ1DB8,CUPERINOX Jamonero | Jamonero Giratorio | Tabla Cortar Jamon | Jamoneros Profesional | Jamonero Plegable | Tabla Jamon | Cortador de Jamon,SC_20270,"2,903",63,0.51%,0.46%,"4,060",82,0.50%,0.41%,99.54%,100.00%,103,3,3.55%,4.76%,"3.471,37 €","105,75 €",103,3
B0752X1ZCK,B07G77NN26,Arcos Cuchillos de Mesa - Caja de 12 uds Cuchillo Chuletero Cuchillo de Mesa - Hoja de Acero Inoxidable NITRUM 110 mm - Mango de Nylon - Color Negro (12 uds),803000_fmb,"1,657",44,0.29%,0.32%,"2,466",71,0.30%,0.36%,95.76%,100.00%,100,4,6.04%,9.09%,"2.897,26 €","114,22 €",97,3
B0DVT6KPDV,B0DT75PQN7,"CUPERINOX Kit Cocina Montessori | Cuchillos Niños Aprendizaje +2 Años | Set Completo de Cuchillos Infantiles de 17 Piezas | Incluye Tijeras, Moldes, Batidor, Tabla y Cuchillo Seguro",27017,"2,540",46,0.45%,0.33%,"3,588",57,0.44%,0.29%,99.48%,100.00%,102,0,4.02%,0.00%,"1.327,64 €","0,00 €",97,0
B0DNNL2TZQ,B0DNNFGWNJ,"CUPERINOX Aceitera de Cristal Antigoteo para Aceite de Oliva, Resistente y Fácil de Limpiar Gourmet Oil Collection (500 Ml)",22023_,681,19,0.12%,0.14%,961,24,0.12%,0.12%,99.28%,100.00%,103,6,15.12%,31.58%,"1.509,24 €","77,96 €",96,6
B09KJLG7BT,B098TFPYLY,CUPERINOX Jamonero profesional Gondola | tabla jamon | Cuchillo Jamonero Alveolos Acero Inox + Cubre Jamón Universal | Set cortar jamón (3 PZAS) | Sujeta jamones | tabla jamonero,20228FBM,"1,282",31,0.23%,0.22%,"1,853",40,0.23%,0.20%,99.82%,100.00%,96,7,7.49%,22.58%,"3.315,00 €","244,93 €",95,6
B08J488ZQG,B089QP6MYJ,Arcos Juego Cuchillos Carne | 6 Piezas | Cuchillos carne cuchillo chuleteros | cubiertos acero inoxidable | Hoja 110 mm | mango monobloque | aptos lavavajillas | Caja Envase Ecológico,815600_fba,"3,798",104,0.67%,0.75%,"6,121",186,0.75%,0.94%,99.61%,100.00%,109,0,2.87%,0.00%,"2.905,92 €","0,00 €",94,0
B09DYJY471,B08MQJCD2V,Arcos Juego Cuchillos Cocina Profesionales| Cuchillos Cocina Profesional | Cuchillos Acero Inoxidable Mango Negro | utensilios de cocina | cuchillo japones Santoku | lavavajillas (4 Piezas),816900fba,"2,329",42,0.41%,0.30%,"3,120",55,0.38%,0.28%,98.56%,100.00%,98,3,4.21%,7.14%,"2.546,41 €","76,93 €",94,2
B09DYJY471,B08MTCRCT4,Arcos Juego Cuchillos Cocina Profesionales| Cuchillos Cocina Profesional | Cuchillos Acero Inoxidable Mango Negro | utensilios de cocina | cuchillo japones Santoku | lavavajillas (5 Piezas),816800,"8,960",166,1.57%,1.20%,"12,769",262,1.56%,1.32%,99.71%,99.33%,90,0,1.00%,0.00%,"2.699,60 €","0,00 €",90,0
B0F9TD2LTH,B09CL776WP,CUPERINOX® Cuchillos de Mesa Acero Inoxidable – Set 12 Cuchillos para Carne con Filo Dentado – Aptos Lavavajillas – Uso Diario y Profesional,15015,"1,446",45,0.25%,0.33%,"2,243",71,0.27%,0.36%,99.55%,91.49%,113,11,7.81%,24.44%,"2.288,62 €","216,29 €",83,7
B0F54LTCFF,B006LMX2EW,Arcos Universal Cuchillo Jamonero Acero Hoja Hueca Negro 280 mm,281901_,"3,199",80,0.56%,0.58%,"4,743",105,0.58%,0.53%,34.64%,34.67%,78,3,2.44%,3.75%,"1.830,00 €","68,25 €",78,3
B09DYJY471,B08MQJCD2V,Arcos Juego Cuchillos Cocina Profesionales| Cuchillos Cocina Profesional | Cuchillos Acero Inoxidable Mango Negro | utensilios de cocina | cuchillo japones Santoku | lavavajillas (4 Piezas),816900,"2,329",42,0.41%,0.30%,"3,120",55,0.38%,0.28%,98.56%,100.00%,77,1,3.31%,2.38%,"1.997,15 €","25,99 €",76,1
B07ZJ8ZJ93,B07ZJ8ZJ93,Arcos Set Jamonero Profesional Acero Inoxidable 3 Piezas,859400_us,"1,307",17,0.23%,0.12%,"1,957",22,0.24%,0.11%,91.09%,87.50%,74,0,5.66%,0.00%,"2.219,26 €","0,00 €",74,0
B0B8Z4CJBC,B07F2YVB15,"Arcos Juego Cuchillos Pelar Acero Inoxidable Nitrum 4""",136500,"1,629",38,0.29%,0.28%,"2,351",50,0.29%,0.25%,93.03%,65.79%,75,2,4.60%,5.26%,"1.439,98 €","38,48 €",73,2
B0DNNL2TZQ,B0DNN4J6Q8,"CUPERINOX Aceitera antigoteo cristal para Aceite de Oliva, Vinagre etc. A prueba de fugas, Aceitera cristal antigoteo tambien aceiteros cocina ideal para Ensaladas, BBQ, cooking oil container (125 ML)",22021_,"1,414",40,0.25%,0.29%,"1,950",53,0.24%,0.27%,99.66%,100.00%,79,7,5.59%,17.50%,"894,25 €","78,48 €",72,6
B008W7L5HK,B008W7L5HK,ARCOS Chaira Afilador Manual de Cuchillos 250 mm,278400,"1,862",63,0.33%,0.46%,"2,688",95,0.33%,0.48%,29.18%,30.00%,71,6,3.81%,9.52%,"848,63 €","71,60 €",71,6
B095SDL23Y,B095SDL23Y,Arcos | cuchillos de mesa (6 ud) | cuchillos acero inoxidable con sierra cuchillo chuletero cuchillos chuleteros | Fabricado en España,813000_fbm,"1,062",20,0.19%,0.15%,"1,565",27,0.19%,0.14%,99.56%,100.00%,84,2,7.91%,10.00%,"1.384,46 €","30,12 €",69,2
B0CYTKGNPM,B0CW68KM18,Pelador de Cocina ARCOS - Hoja de Acero Inoxidable | Mango Ergonómico | Herramienta Versátil para Pelar Frutas y Verduras,607300,"1,825",65,0.32%,0.47%,"2,504",90,0.31%,0.45%,95.37%,94.23%,72,5,3.95%,7.69%,"548,62 €","35,59 €",69,4
B017HKR8WS,B005LR7EP6,ARCOS Afilador de Cuchillos Profesional ABS,610000,"5,287",179,0.93%,1.30%,"7,782",282,0.95%,1.42%,41.65%,45.34%,70,6,1.32%,3.35%,"4.615,39 €","390,94 €",68,6
B017HKSTCQ,B00CFN1M6Q,ARCOS Tijeras de Cocina Multiusos 200 mm,809700_FBA,"3,909",132,0.69%,0.96%,"5,850",182,0.71%,0.92%,56.40%,51.91%,68,2,1.74%,1.52%,"811,36 €","21,90 €",66,2
B0752X4WV1,B005LR73R0,Arcos Juego Chuleteros Mango Madera 110 mm,809300__,"4,633",124,0.81%,0.90%,"6,850",191,0.84%,0.96%,14.89%,23.81%,75,8,1.62%,6.45%,"1.729,69 €","177,60 €",63,4
B08M9NWMW8,B08M9NWMW8,Arcos Juego de Cuchillos de Cocina Profesional y Afilador | 7 Piezas | Acero Inoxidable | Taco de Madera | Serie Niza | Uso Cotidiano | Apto para Lavavajillas,835800FBM,"1,567",28,0.28%,0.20%,"2,318",35,0.28%,0.18%,99.65%,100.00%,64,0,4.08%,0.00%,"3.508,36 €","0,00 €",63,0
B0DNNKT1W2,B0DNNJPGTY,"Cuperinox-Tetera de Cristal con Infusor para Té e Infusiones, Resistente al Calor y Compatible con Microondas ** - Infusion Prestige Collection (750 ml)",26112_,814,24,0.14%,0.17%,"1,112",31,0.14%,0.16%,100.00%,100.00%,64,5,7.86%,20.83%,"1.185,46 €","92,45 €",61,3
B0DNNKT1W2,B0DNNJPRXB,"Cuperinox-Tetera de Cristal con Infusor para Té e Infusiones, Resistente al Calor y Compatible con Microondas ** - Infusion Prestige Collection (550 ml)",26111,"2,242",35,0.39%,0.25%,"3,230",59,0.39%,0.30%,99.93%,100.00%,64,5,2.85%,14.29%,"1.052,92 €","79,95 €",61,4
B0DVT6KPDV,B0DT75PQN7,"CUPERINOX Kit Cocina Montessori | Cuchillos Niños Aprendizaje +2 Años | Set Completo de Cuchillos Infantiles de 17 Piezas | Incluye Tijeras, Moldes, Batidor, Tabla y Cuchillo Seguro",27017_,"2,540",46,0.45%,0.33%,"3,588",57,0.44%,0.29%,99.48%,100.00%,61,1,2.40%,2.17%,"977,80 €","9,91 €",61,1
B0752X4WZ6,B00TA4O5YO,ARCOS Pinzas para Emplatar Acero Inoxidable 300 mm,606200,"2,549",66,0.45%,0.48%,"3,378",87,0.41%,0.44%,38.57%,12.50%,62,0,2.43%,0.00%,"712,58 €","0,00 €",60,0
B0DKP7F29P,B0DJBZ1M2L,Arcos Serie Samoa Iconic | Sarten Antiadherente Cerámico 24 cm | Aluminio Forjado | Apta cualquier cocina | Mango Acero Inoxidable | Apta lavavajillas | Color Beige | LIBRE DE (PFOA/PTFE/PFOS),716324,"1,412",34,0.25%,0.25%,"2,029",47,0.25%,0.24%,99.14%,96.43%,62,4,4.39%,11.76%,"2.387,00 €","154,00 €",60,4
B0DNNKT1W2,B0DNNJCHQP,"Cuperinox-Tetera de Cristal con Infusor para Té e Infusiones, Resistente al Calor y Compatible con Microondas ** - Infusion Prestige Collection (950 ml)",26113_,738,18,0.13%,0.13%,"1,004",29,0.12%,0.15%,100.00%,100.00%,59,1,7.99%,5.56%,"1.180,40 €","19,99 €",58,1
B08L8MV8XD,B005LR72SK,Arcos Juego de Cuchillos con Bloque Acero Inoxidable 6 piezas,136100_,"4,090",65,0.72%,0.47%,"5,832",86,0.71%,0.43%,48.40%,24.44%,63,0,1.54%,0.00%,"2.753,10 €","0,00 €",57,0
B0CYTKGNPM,B0CW66H3TR,Pelador de Tomate ARCOS - Hoja Serrada de Acero Inoxidable | Mango Ergonómico | Ideal para Tomates,607420_,"1,361",37,0.24%,0.27%,"1,589",42,0.19%,0.21%,99.93%,100.00%,55,1,4.04%,2.70%,"438,06 €","7,99 €",55,1
B0F4WTVT1Z,B09GPS4SQN,"HENDI Pasta combustible para Chafing Dish, 12 x 200 g",H194362,"1,115",49,0.20%,0.36%,"1,621",68,0.20%,0.34%,56.01%,30.91%,53,1,4.75%,2.04%,"1.089,70 €","19,99 €",51,1
B0DKP7F29P,B0DJBZ7G4Y,Arcos Serie Samoa Iconic | Sarten Antiadherente Cerámico 20 cm | Aluminio Forjado | Apta cualquier cocina | Mango Acero Inoxidable | Apta lavavajillas | Color Beige | LIBRE DE (PFOA/PTFE/PFOS),716124,"1,337",19,0.23%,0.14%,"1,873",20,0.23%,0.10%,98.20%,100.00%,52,2,3.89%,10.53%,"1.765,40 €","67,90 €",51,2
B09KJLG7BT,B098K898SC,CUPERINOX Soporte Jamonero | Jamonero Profesional | Cuchillo Jamonero madera + Funda Jamon | Tabla Jamonera,20226FBM,"1,037",11,0.18%,0.08%,"1,354",13,0.17%,0.07%,99.67%,100.00%,51,0,4.92%,0.00%,"1.262,11 €","0,00 €",50,0
B08NW1VQRT,B08NW1VQRT,CUPERINOX Navaja para Setas y Champiñones | Acero Inoxidable | Con Cepillo y Funda Incluida | Micológica,2181,431,10,0.08%,0.07%,621,16,0.08%,0.08%,99.64%,100.00%,48,0,11.14%,0.00%,"498,95 €","0,00 €",45,0
B0FWJYP1S9,B0FWJYP1S9,"Arcos Afilador de cuchillos multiángulo, Preciso y duradero",610400_fbm,479,13,0.08%,0.09%,741,16,0.09%,0.08%,96.89%,88.89%,45,2,9.39%,15.38%,"1.209,50 €","53,90 €",45,2
B08M7BMR2S,B00I9XTLSC,ARCOS Afilador Profesional Manual Cerámica y Carbono Rojo-Negro,610600,"9,915",202,1.74%,1.46%,"14,602",284,1.78%,1.43%,5.79%,3.47%,44,0,0.44%,0.00%,"551,71 €","0,00 €",44,0
B071PB1GX3,B071PB1GX3,WINS 007 - Friegasuelos Perfumado | Garrafa 5 L,WINS007,244,29,0.04%,0.21%,343,36,0.04%,0.18%,43.58%,84.85%,58,30,23.77%,103.45%,"608,17 €","309,74 €",44,21
B0DKP7F29P,B0DJBZPLJF,Arcos Serie Samoa Iconic | Sarten Antiadherente Cerámico 28 cm | Aluminio Forjado | Apta cualquier cocina | Mango Acero Inoxidable | Apta lavavajillas | Color Beige | LIBRE DE (PFOA/PTFE/PFOS),716524,682,10,0.12%,0.07%,929,12,0.11%,0.06%,97.65%,100.00%,45,2,6.60%,20.00%,"2.022,75 €","89,90 €",44,2
B0G6M1C8V6,B0D4WK78XV,CUPERINOX Aceiteras para Aceite Usado | Grasera Acero Inoxidable 550ML con Filtro Metálico | Recipiente para Aceite Usado de Cocina y Grasa | Grasera Cocina Metálica 550ML 2Uds Metálico,22105-22106,"1,466",29,0.26%,0.21%,"2,170",50,0.26%,0.25%,48.38%,66.67%,43,0,2.93%,0.00%,"515,57 €","0,00 €",43,0
B0F54LTCFF,B07ZJ85R7C,Arcos Set de Corte 3 Piezas Acero Inoxidable Nitrum,859300,"1,001",36,0.18%,0.26%,"1,585",39,0.19%,0.20%,55.15%,43.33%,42,4,4.20%,11.11%,"1.600,66 €","152,22 €",42,4
B0DNNL2TZQ,B0DNNF3839,"CUPERINOX Aceitera de Cristal Antigoteo para Aceite de Oliva, Resistente y Fácil de Limpiar Gourmet Oil Collection (1000 Ml)",22024_,487,11,0.09%,0.08%,674,16,0.08%,0.08%,99.33%,100.00%,43,1,8.83%,9.09%,"761,47 €","16,99 €",42,1
B0DQV6381X,B0DQR3T9MM,CUPERINOX Jamonero Profesional | Jamonero Giratorio Inoxidable | Jamonero Plegable | Tabla Cortar Jamon | Jamonera | Soporte Jamon,SC_20250,"2,272",55,0.40%,0.40%,"2,978",75,0.36%,0.38%,99.38%,100.00%,42,1,1.85%,1.82%,"2.280,49 €","54,99 €",42,1
B0F1ZF7H1L,B005LR68DU,Arcos Cuchillo Jamonero con Alveolos 250 mm,231000_,"2,456",76,0.43%,0.55%,"3,725",118,0.45%,0.59%,44.67%,53.57%,42,2,1.71%,2.63%,"1.406,58 €","66,98 €",41,1
B093DXB2PK,B00MDJVRG2,Arcos Latina Cuchillo para Verduras Acero Inoxidable 105 mm,100500_1_pieza,257,4,0.05%,0.03%,404,12,0.05%,0.06%,99.70%,100.00%,83,6,32.30%,150.00%,"414,17 €","29,94 €",41,1
B08JCVQ4QL,B08JCVQ4QL,"Arcos Series Niza - Juego de Cuchillos Cocina, 6 Piezas, Cuchillos Verduras 110 mm, + Cuchillo Mesa, Envase 100% Ecológico, Acero Inoxidable NITRUM",809400_,968,17,0.17%,0.12%,"1,403",21,0.17%,0.11%,100.00%,100.00%,41,2,4.24%,11.76%,"819,59 €","39,98 €",40,2
B06XB92VRH,B07T6J5JWM,CUPERINOX Cafetera Italiana Induccion Espresso Acero Inoxidable 12 Tazas,25035,623,16,0.11%,0.12%,917,25,0.11%,0.13%,99.75%,100.00%,39,0,6.26%,0.00%,"1.069,61 €","0,00 €",39,0
B0CYTKGNPM,B0843DQCF5,ARCOS Pelador de Verduras en Juliana de Acero Inoxidable Cromado 130 Mm. Pelador Profesional para Cortes en Juliana de Verduras y Hortalizas. Apto Lavavajillas. Color Plata,607200,"1,276",27,0.22%,0.20%,"1,534",31,0.19%,0.16%,97.46%,94.44%,39,2,3.06%,7.41%,"291,29 €","13,68 €",38,2
B09N7S17J6,B09D3YRGL9,"CUPERINOX Navaja Plegable Multiusos – Hoja de Acero Inoxidable 80 mm (Filo Liso + Serrado), Punta Rompevidrios, Apertura Rápida, Clip de Cinturón, Herramienta para Camping, Caza, Pesca y Supervivencia",30061_solo_navaja,992,16,0.17%,0.12%,"1,403",18,0.17%,0.09%,97.54%,91.67%,42,0,4.23%,0.00%,"421,28 €","0,00 €",38,0
B09QDH8MSK,B07N8VWHT9,Arcos Tacos - Bloque Universal para Cuchillos hasta 20 cm - Hecho de Caucho Termoplástico 220 x 160 x 65 mm - Color Negro,794500_,"3,060",65,0.54%,0.47%,"4,429",92,0.54%,0.46%,18.80%,8.77%,37,1,1.21%,1.54%,"962,49 €","25,99 €",37,1
B0CYTKGNPM,B0843Q6L5P,ARCOS Pelador Profesional Acero Inoxidable Cromado 130 mm,607000_,"2,516",133,0.44%,0.96%,"4,085",196,0.50%,0.99%,4.10%,2.11%,39,0,1.55%,0.00%,"282,75 €","0,00 €",37,0
B093313MH6,B093313MH6,Arcos | Cuchillo de deshuesar| Cuchillo deshuesador | cuchillo deshuesador jamón | cuchillo deshuesador (140 mm) Clásica| Envase Eco | cuchillo puntilla jamonero,256210,497,10,0.09%,0.07%,715,14,0.09%,0.07%,100.00%,100.00%,37,1,7.44%,10.00%,"739,63 €","19,99 €",37,1
B0G6M1C8V6,B0G6L13H45,"CUPERINOX Graseras 1 Litro Acero Inoxidable para Carne y Pescado con Filtro de Malla Fina – Recipiente para Aceite Usado, Antigoteo, Tapa Antisalpicaduras – Gourmet Oil Collection",22121,313,6,0.05%,0.04%,421,11,0.05%,0.06%,99.19%,100.00%,40,4,12.78%,66.67%,"599,60 €","59,96 €",37,3
B0189HXQKQ,B017DLLFES,"Arcos Navaja Profesional de Acero Inoxidable Nitrum, Hoja 85 mm, Mango de Polipropileno, Serie Navajas Profesionales, Alta Durabilidad y Rendimiento",485700_fbm,643,13,0.11%,0.09%,945,18,0.12%,0.09%,96.50%,100.00%,49,6,7.62%,46.15%,"349,80 €","38,05 €",36,2
B0C4DTYRJW,B071LGMMGV,Arcos Juego Cuchillos Cocina Profesionales| Cuchillos Cocina Profesional Set Cuchillos | Mango Negro (3 Piezas),862600,"1,096",25,0.19%,0.18%,"1,736",38,0.21%,0.19%,99.35%,100.00%,36,2,3.28%,8.00%,"1.440,30 €","79,98 €",36,2
B00CRMZA8Q,B00CRMZA8Q,ARCOS Sacacorchos Eléctrico en ABS con Batería Interna Recargable. Abrebotellas Eléctrico Moderno y Elegante con Cortacápsulas y Luz Indicadora. Color Negro,604600_,"3,404",81,0.60%,0.59%,"4,441",104,0.54%,0.52%,50.41%,40.00%,35,0,1.03%,0.00%,"1.504,65 €","0,00 €",35,0
B017HKRCGK,B005LR7AWI,ARCOS Bolsa Portacuchillos 8 Piezas Poliéster 500x510mm,690400_,857,28,0.15%,0.20%,"1,143",45,0.14%,0.23%,78.11%,64.29%,35,3,4.08%,10.71%,"875,06 €","74,97 €",34,3
B08GSTDWTC,B08G4D9718,"Arcos | Cuchillos 3 Colores | Cuchillo de pelar | Cuchillos pelar Patatas | Acero Inoxidable Nitrum| Envase Ecológico | Cuchillo Colores (85 mm, Amarillo, Turquesa, Naranja)",816700_francia,416,7,0.07%,0.05%,555,7,0.07%,0.04%,100.00%,100.00%,34,2,8.17%,28.57%,"330,46 €","19,50 €",33,2
B0FJLTDB9J,B09RP6V156,"CUPERINOX® Alicates para pedicura, Profesional, Cortaúñas de Pies, Acero Inoxidable, Mango Ergonómico Antideslizante, Fácil Limpieza, Con Funda, 2 Años de Garantía",21920AM,786,11,0.14%,0.08%,"1,114",13,0.14%,0.07%,47.80%,83.33%,38,10,4.83%,90.91%,"400,94 €","93,22 €",33,5
B0F9TD2LTH,B0CS6V91GR,CUPERINOX® Cuchillos de Mesa con Mango de Madera – Set 6 Cuchillos para Carne con Filo Dentado – Estilo Palmadera tradicional – Aptos para Uso Diario,14015,"1,467",32,0.26%,0.23%,"2,163",47,0.26%,0.24%,99.75%,100.00%,38,2,2.59%,6.25%,"715,33 €","31,38 €",33,1
B0786LYQTP,B0786LYQTP,VINFER- Limpiador y Abrillantador Inox 600 ml | Limpieza y Protección Acero Inoxidable | Efecto Brillo Duradero | Desengrasa y Cuida Superficies Inoxidables | Spray Profesional,VP_Inox600Ml,280,20,0.05%,0.15%,404,29,0.05%,0.15%,86.26%,95.83%,82,41,29.29%,205.00%,"638,63 €","304,34 €",32,7
B09GSCQQF9,B07G77FNSF,"Arcos Serie Cuchillos de Mesa Caja 12 uds Cuchillo Postre, Hoja Serrada de Acero Inoxidable NITRUM de 105 mm, Mango Polipropileno Color crema (12 UDS)",370100_us,403,11,0.07%,0.08%,637,12,0.08%,0.06%,97.65%,100.00%,37,0,9.18%,0.00%,"675,25 €","0,00 €",32,0
B0DNNKT1W2,B0DNNFJ5J7,"Cuperinox-Tetera de Cristal con Infusor para Té e Infusiones, Resistente al Calor y Compatible con Microondas ** - Infusion Prestige Collection (350 ml)",26110,"3,139",59,0.55%,0.43%,"4,462",91,0.54%,0.46%,99.92%,100.00%,43,11,1.37%,18.64%,"598,83 €","136,93 €",32,3
B0812P3LZT,B0812P3LZT,"Arcos Nova - Set 3 Cuchillos Mantequilla - Acero Inoxidable 70 mm - Mango en color menta, naranja y limon",859900_,297,5,0.05%,0.04%,454,6,0.06%,0.03%,100.00%,100.00%,33,1,11.11%,20.00%,"362,67 €","10,99 €",31,1
B0DPKXM18X,B0DNQX2BZN,"CUPERINOX Soporte Jamonero Plegable | Jamonero Giratorio | Jamonero de Bambú con Cuchillo Profesional, Afilador y Funda para Jamón | Elite Collection",20270_fbm,"2,271",53,0.40%,0.38%,"2,548",54,0.31%,0.27%,98.89%,100.00%,31,0,1.37%,0.00%,"1.515,44 €","0,00 €",31,0
B0DVT6KPDV,B0DT73LYPQ,"CUPERINOX Cuchillos Montessori | Set de Cuchillos Infantiles de 16 Piezas | Cuchillos Niños Aprendizaje +2 Años | Incluye Delantal, Guante de Seguridad, Moldes Tabla de Cortar | Kids Collection",27016,"1,444",36,0.25%,0.26%,"1,984",48,0.24%,0.24%,99.56%,100.00%,31,1,2.15%,2.78%,"564,82 €","19,99 €",31,1
B017DLH9RA,B017DLH9RA,ARCOS Cuchillo Abre Ostras Acero Inoxidable 60 mm,227200_us,262,9,0.05%,0.07%,364,12,0.04%,0.06%,90.43%,81.82%,30,1,11.45%,11.11%,"239,70 €","7,99 €",29,1
B08LVZCG23,B08LVZCG23,Arcos Juego de Cuchillos de Cocina Rosa | 3 pz | Cuchillo Chef para pelar Verduras | Edición Limitada | Solidaria,814500,"3,156",42,0.55%,0.30%,"4,004",60,0.49%,0.30%,96.91%,100.00%,30,2,0.95%,4.76%,"893,70 €","57,98 €",29,1
B0DNNKT1W2,B0DNNJPGTY,"Cuperinox-Tetera de Cristal con Infusor para Té e Infusiones, Resistente al Calor y Compatible con Microondas ** - Infusion Prestige Collection (750 ml)",26112,814,24,0.14%,0.17%,"1,112",31,0.14%,0.16%,100.00%,100.00%,29,0,3.56%,0.00%,"504,63 €","0,00 €",29,0
B0G3ZJ89NB,B0G8KMC5DX,"CUPERINOX Jamonero Giratorio y Plegable | Jamonera base Inoxidable | Incluye Cuchillo Jamonero Alveolos 25 cm, Afilador y Funda para Jamón | Apto Jamones y Paletilla",20253,514,10,0.09%,0.07%,779,17,0.10%,0.09%,98.50%,100.00%,31,0,6.03%,0.00%,"2.084,60 €","0,00 €",29,0
B0189HXS8Q,B015QGR3CK,Arcos Serie Navajas Profesionales - Navaja Profesional - Hoja Filo de Acero Inoxidable NITRUM de 85 mm - Navaja de Acero Inoxidable Color amarillo,485900_fbm,871,11,0.15%,0.08%,"1,214",12,0.15%,0.06%,88.09%,90.00%,29,1,3.33%,9.09%,"210,80 €","7,25 €",28,1
B08G8QCM5H,B08G8QCM5H,ARCOS cuchillo pelador | 6 PIEZAS | cuchillo de pelar | cuchillos pelar patatas | Hoja 100 mm | Negro | cuchillo arcos pelador Acero Inoxidable,816500_fbm,374,39,0.07%,0.28%,525,54,0.06%,0.27%,99.56%,100.00%,37,21,9.89%,53.85%,"702,63 €","398,79 €",28,13
B0C4DTYRJW,B094QVHPQ8,Arcos Juego Cuchillos Cocina Profesionales| Cuchillos Cocina Profesional Set Cuchillos | Mango Negro (4 Piezas),813500FBM,"1,164",24,0.20%,0.17%,"1,538",31,0.19%,0.16%,95.07%,94.44%,28,2,2.41%,8.33%,"1.106,60 €","79,90 €",28,2
B0F54LTCFF,B006LMX2GK,Arcos Cuchillo Jamonero Acero Inoxidable Forjado Nitrum 280 mm,281904,646,16,0.11%,0.12%,781,23,0.10%,0.12%,74.79%,80.00%,28,1,4.33%,6.25%,"489,72 €","17,49 €",27,1
B0F54LTCFF,B006LMX2HO,"Arcos Cuchillo Rebanar/Jamón Acero Inoxidable Nitrum 11""",282004_,"1,043",28,0.18%,0.20%,"1,360",41,0.17%,0.21%,50.12%,48.15%,28,3,2.68%,10.71%,"496,22 €","52,47 €",27,2
B09MSDJQJ1,B08M3B43J6,"Arcos | Juego Cuchillo Jamonero 3 Pzas | jamonero Acero Inoxidable (240 mm), afilador Chaira y Cubre jamón | Juego Cuchillos jamonero Profesional | Paleta ibérica | Eco",704300_fbm,904,20,0.16%,0.15%,"1,226",26,0.15%,0.13%,100.00%,100.00%,27,1,2.99%,5.00%,"806,01 €","29,89 €",27,1
B08M99RZRV,B08M99RZRV,Arcos | Cuchillo Jamonero Cuchillo deshuesador | 2 Uds | Set cuchillos jamoneros 250 mm y cuchillo deshuesador (140 mm) jamonero profesional | cuchillo carnicero profesional | Eco,703800,"1,679",20,0.29%,0.15%,"2,176",31,0.27%,0.16%,99.65%,100.00%,27,1,1.61%,5.00%,"1.079,73 €","39,99 €",27,1
B07H1T4V1B,B07H1T4V1B,WINS – Fregasuelos Neutro Manzana 006 | Friegasuelos Limpiador para Suelos y Superficies con Aroma a Manzana Duradero | Garrafa 5 L | pH Neutro | 100% Made in Spain,WINS006,102,7,0.02%,0.05%,153,8,0.02%,0.04%,88.15%,42.86%,36,7,35.29%,100.00%,"389,09 €","70,38 €",26,3
B08T5Z4HFS,B08QYQYZHS,"CUPERINOX Cubiertos para marisco | Pinzas para marisco | Tenazas para marisco | 12 Unidades | Cubiertos marisco (Cangrejo, Langosta, Ostras) | Tenedor de marisco con dos dientes inferiores y cuchara.",20023_12pzs,190,3,0.03%,0.02%,273,5,0.03%,0.03%,98.37%,100.00%,27,1,14.21%,33.33%,"495,73 €","18,99 €",26,1
B0G3ZJ89NB,B09NRLLDC6,CUPERINOX Cuchillo Jamonero + Chaira + Funda Cubre Jamón | Jamonero 240mm acero inoxidable| Afilador Chaira | Funda cubre jamón,20220,744,7,0.13%,0.05%,"1,122",14,0.14%,0.07%,98.61%,100.00%,27,0,3.63%,0.00%,"268,40 €","0,00 €",26,0
B0DQV6381X,B0F2Q1K35T,CUPERINOX Soporte Jamonero Balancín | Jamonero Giratorio Profesional | Jamonero Madera | Jamonera Profesional | Tabla Cortar Jamon,20265_SC,"2,843",96,0.50%,0.70%,"3,917",129,0.48%,0.65%,99.12%,97.47%,26,1,0.91%,1.04%,"2.089,74 €","84,99 €",26,1
B00J3ZVMCS,B00J3ZVMCS,Arcos Serie Toscana - Juego de Cucharas para Café (6 cucharas) - Monoblock de una pieza en Acero Inoxidable 18/10 y 140 mm - Color Plata,574200,"1,720",66,0.30%,0.48%,"2,517",94,0.31%,0.47%,10.08%,21.88%,34,10,1.98%,15.15%,"337,26 €","97,50 €",25,5
B0F54LTCFF,B07JJGTQK4,Arcos Conjunto Cuchillos 3 piezas - Acero Inoxidable Nitrum y Hoja mm. Cuchillo cocina profesional cocinar. 590 gr. Mango ergonómico polioximetileno POM. Serie Universal. Mayor control. Color negro.,807410_,746,25,0.13%,0.18%,"1,163",36,0.14%,0.18%,66.54%,58.33%,25,1,3.35%,4.00%,"1.090,75 €","42,99 €",25,1
B08G8QHY23,B08G8QHY23,Arcos | cuchillos chuleteros cuchillo madera cuchillo chuletero | 6 Piezas | juego cuchillos carne | cuchillos mango madera | Envase Eco | Fabricado en España,809300_,490,11,0.09%,0.08%,777,15,0.09%,0.08%,99.85%,85.71%,30,0,6.12%,0.00%,"719,70 €","0,00 €",25,0
B08NW1VQRT,B08NW1VQRT,CUPERINOX Navaja para Setas y Champiñones | Acero Inoxidable | Con Cepillo y Funda Incluida | Micológica,PE2181,431,10,0.08%,0.07%,621,16,0.08%,0.08%,99.64%,100.00%,26,0,6.03%,0.00%,"272,91 €","0,00 €",25,0
B095SDL23Y,B095SDL23Y,Arcos | cuchillos de mesa (6 ud) | cuchillos acero inoxidable con sierra cuchillo chuletero cuchillos chuleteros | Fabricado en España,813000,"1,062",20,0.19%,0.15%,"1,565",27,0.19%,0.14%,99.56%,100.00%,25,2,2.35%,10.00%,"411,25 €","32,98 €",25,2
B08J488ZQG,B0987N2CBR,Arcos Juego Cuchillos Carne | 6 Piezas | Cuchillos carne cuchillo chuleteros | cubiertos acero inoxidable | Hoja 110 mm | mango monobloque | aptos lavavajillas | Caja Envase Ecológico,814000_fba,"1,111",28,0.20%,0.20%,"1,354",28,0.17%,0.14%,99.92%,100.00%,29,0,2.61%,0.00%,"808,72 €","0,00 €",25,0
B0DKP7F29P,B0DJBZ635J,"Arcos Serie Samoa Iconic | Cacerola Antiadherente Cerámico 20 cm y 2,6 L | Aluminio Forjado | Apta cualquier cocina | Mango Acero Inoxidable | Color Beige | LIBRE DE (PFOA/PTFE/PFOS)",716924,"1,520",21,0.27%,0.15%,"2,139",30,0.26%,0.15%,98.35%,100.00%,26,2,1.71%,9.52%,"1.402,70 €","107,90 €",25,2
B0F54LTCFF,B00BHZPO3K,Arcos Cuchillo para Queso Acero Inoxidable NITRUM 145 mm,281604_fbm,"1,382",42,0.24%,0.30%,"2,021",65,0.25%,0.33%,16.98%,31.25%,24,0,1.74%,0.00%,"498,34 €","0,00 €",24,0
B0788NSRGR,B0788NSRGR,WINS-Detergente Máquinas Lavavajillas Profesional Aguas Duras 012 | Garrafa 5 L | Limpieza Potente de Vajilla en Lavavajillas Industriales | Uso Profesional | 100% Made in Spain,WINS012_5l,87,11,0.02%,0.08%,134,14,0.02%,0.07%,94.07%,100.00%,30,7,34.48%,63.64%,"506,47 €","115,42 €",24,5
B0FQNZM34T,B0843QFQB7,Arcos Set Cuchillos 5 piezas Acero Inoxidable Nitrum. Cuchillo Cocina Profesional Afilado para Cortar Carne. Mango Ergonómico Polioximetileno POM. Serie Opera. Diseño Clásico. Color Negro.,227000,"1,394",37,0.24%,0.27%,"2,119",56,0.26%,0.28%,59.15%,66.67%,24,2,1.72%,5.41%,"3.333,36 €","277,78 €",24,2
B0752SPHL9,B005LR6WW2,Arcos Juego de Cuchillos de Cocina de 5 Piezas,152100_us,"1,470",35,0.26%,0.25%,"2,306",57,0.28%,0.29%,34.94%,53.13%,29,6,1.97%,17.14%,"1.794,52 €","371,28 €",23,2
B08M7BMR2S,B00I9XTLSC,ARCOS Afilador Profesional Manual Cerámica y Carbono Rojo-Negro,610600_2,"9,915",202,1.74%,1.46%,"14,602",284,1.78%,1.43%,5.79%,3.47%,23,2,0.23%,0.99%,"310,49 €","26,98 €",23,2
B00ID2NEMS,B00ID2NEMS,LIMPIASALPICADEROS PROFESIONAL 750 ML.,VP_SALPICADEROS_750ML,133,10,0.02%,0.07%,215,14,0.03%,0.07%,82.97%,91.67%,41,14,30.83%,140.00%,"339,01 €","104,38 €",23,3
B0937XXT33,B01CQT1B5U,"Arcos Cuchillos de Mesa Juego de Cuchillos Chuleteros Cuchillos de Mesa, Monoblock de una pieza de Acero Inoxidable 110 mm, Color Plata (12 uds)",702000,593,15,0.10%,0.11%,977,23,0.12%,0.12%,87.14%,100.00%,23,1,3.88%,6.67%,"1.103,77 €","47,99 €",23,1
B0B3CPHPXR,B07BQ5CCMD,ARCOS Sacacorchos Manual de ABS Aleación de Zinc,604700_,"1,368",36,0.24%,0.26%,"1,917",51,0.23%,0.26%,19.85%,39.29%,24,0,1.75%,0.00%,"840,34 €","0,00 €",23,0
B093DSL44T,B07F9RV81Z,Arcos Cuchillo Chuletero de 4 Pulgadas con Hoja de 105mm en Acero Inoxidable y Mango de Madera. Cuchillo para Carne Apto para Lavavajillas. Serie Latina. Color Marrón,100400,"1,119",19,0.20%,0.14%,"1,715",31,0.21%,0.16%,72.59%,100.00%,25,3,2.23%,15.79%,"897,05 €","105,27 €",23,1
B0F9TD2LTH,B0CS6V91GR,CUPERINOX® Cuchillos de Mesa con Mango de Madera – Set 6 Cuchillos para Carne con Filo Dentado – Estilo Palmadera tradicional – Aptos para Uso Diario,14015_us,"1,467",32,0.26%,0.23%,"2,163",47,0.26%,0.24%,99.75%,100.00%,28,1,1.91%,3.13%,"488,22 €","18,99 €",23,1
B0DNNL2TZQ,B0DNN4J6Q8,"CUPERINOX Aceitera antigoteo cristal para Aceite de Oliva, Vinagre etc. A prueba de fugas, Aceitera cristal antigoteo tambien aceiteros cocina ideal para Ensaladas, BBQ, cooking oil container (125 ML)",22021,"1,414",40,0.25%,0.29%,"1,950",53,0.24%,0.27%,99.66%,100.00%,27,0,1.91%,0.00%,"310,23 €","0,00 €",23,0
B0DNNKT1W2,B0DNNJCHQP,"Cuperinox-Tetera de Cristal con Infusor para Té e Infusiones, Resistente al Calor y Compatible con Microondas ** - Infusion Prestige Collection (950 ml)",26113,738,18,0.13%,0.13%,"1,004",29,0.12%,0.15%,100.00%,100.00%,23,0,3.12%,0.00%,"423,25 €","0,00 €",23,0
B0F5L5VJM5,B0719K21HP,Arcos Tenazas de Marisco Acero Inoxidable 185 mm,606400_,599,24,0.11%,0.17%,935,35,0.11%,0.18%,23.70%,37.50%,30,3,5.01%,12.50%,"596,23 €","56,50 €",22,3
B0CVH8PC99,B0CQTJ6T66,"CUPERINOX® Cuchillos de Mesa Acero Inoxidable – Set Profesional 12 Piezas con Hoja Serrada de 11 cm y Mango Ergonómico Antideslizante – Para Carne, Verduras y Pescado",99901_12pzs,389,7,0.07%,0.05%,558,14,0.07%,0.07%,99.41%,100.00%,22,0,5.66%,0.00%,"263,98 €","0,00 €",22,0
B0752NT3TH,B005LR77GC,ARCOS Tijeras de Cocina Profesional 235 mm,185701,"3,121",84,0.55%,0.61%,"4,926",146,0.60%,0.73%,2.26%,1.02%,25,6,0.80%,7.14%,"245,94 €","59,40 €",21,3
B0937XXT33,B01CQT1B5U,"Arcos Cuchillos de Mesa Juego de Cuchillos Chuleteros Cuchillos de Mesa, Monoblock de una pieza de Acero Inoxidable 110 mm, Color Plata (12 uds)",702000_us,593,15,0.10%,0.11%,977,23,0.12%,0.12%,87.14%,100.00%,22,2,3.71%,13.33%,"1.053,38 €","93,58 €",21,1
B0F1N351DY,B072FGV2YH,Arcos Juego de 6 Cuchillos Mondadores Acero Inoxidable 100 mm,189100_2,"12,056",267,2.12%,1.94%,"17,925",410,2.19%,2.06%,26.58%,26.00%,45,35,0.37%,13.11%,"726,35 €","553,85 €",21,13
B0DPKXM18X,B0DNQT7LV3,"CUPERINOX Soporte Jamonero Balancín | Jamonero Giratorio Profesional | Jamonero Madera | Incluye Cuchillo Profesional, Afilador Funda Cubre Jamón| Jamoneros Elite Collection",20265_,"10,822",290,1.90%,2.10%,"19,899",529,2.43%,2.66%,99.51%,99.39%,21,9,0.19%,3.10%,"1.819,61 €","739,73 €",21,9
B0DKP7F29P,B0FS81RDVL,"Arcos Sartén Samoa Inox 24 cm, Acero inoxidable tricapa sin PFAS",726300,"1,748",37,0.31%,0.27%,"2,426",45,0.30%,0.23%,67.38%,80.77%,21,1,1.20%,2.70%,"816,95 €","37,95 €",21,1
B0189HXS8Q,B017DLLIUO,Arcos Navaja Profesional Acero Inoxidable 85 mm,485929,577,10,0.10%,0.07%,795,12,0.10%,0.06%,58.83%,70.00%,22,3,3.81%,30.00%,"166,10 €","22,65 €",20,2
B0FR444FLT,B07JJGXYZD,Arcos Set Cocina Serie Manhattan,858100,"1,630",22,0.29%,0.16%,"2,337",39,0.29%,0.20%,98.47%,100.00%,20,1,1.23%,4.55%,"1.639,80 €","81,99 €",20,1
B0C4DTYRJW,B071LGMMGV,Arcos Juego Cuchillos Cocina Profesionales| Cuchillos Cocina Profesional Set Cuchillos | Mango Negro (3 Piezas),862600_,"1,096",25,0.19%,0.18%,"1,736",38,0.21%,0.19%,99.35%,100.00%,19,3,1.73%,12.00%,"752,87 €","113,03 €",19,3
B08Y8NS7PN,B08MT61GJV,Arcos Juego Cuchillos Cocina | 2 pzas |Profesional (150 mm) | Cuchillo Cortador Verduras (100 mm)| Acero Inoxidable Nitrum | Mango Negro | Envase Eco,819900fbm,223,6,0.04%,0.04%,315,6,0.04%,0.03%,100.00%,100.00%,26,1,11.66%,16.67%,"467,74 €","17,99 €",19,1
B0D73CM824,B0D73CM824,"Arcos Cuchillo Mesa | Cuchillo Chuletero | Cuchillo Carne| Cuchillo de Mesa | Pack 12 Unidades| Hoja de Acero Inoxidable115 mm, Mango de Polipropileno Color Negro",740000_fbm,852,23,0.15%,0.17%,"1,157",28,0.14%,0.14%,99.21%,100.00%,19,1,2.23%,4.35%,"588,81 €","30,99 €",19,1
B0DVT6KPDV,B0DT73LYPQ,"CUPERINOX Cuchillos Montessori | Set de Cuchillos Infantiles de 16 Piezas | Cuchillos Niños Aprendizaje +2 Años | Incluye Delantal, Guante de Seguridad, Moldes Tabla de Cortar | Kids Collection",27016_,"1,444",36,0.25%,0.26%,"1,984",48,0.24%,0.24%,99.56%,100.00%,20,1,1.39%,2.78%,"248,00 €","11,99 €",19,1
B0FWM351K4,B06Y66X8SW,CUPERINOX® Couture Series - Tijera Costura Profesional 10 cm | Acero Inoxidable de Alta Precisión | Corte Fino para Detalles y Acabados | Uso Doméstico y Profesional,21960,259,5,0.05%,0.04%,370,6,0.05%,0.03%,98.55%,100.00%,22,8,8.49%,160.00%,"153,78 €","55,92 €",18,4
B07G75XCXM,B07G75XCXM,"Arcos Serie Cuchillos de Mesa Caja 12 uds Cuchillo Mesa, Hoja Serrada de Acero Inoxidable NITRUM de 125 mm, Mango Polipropileno Color crema (12 UDS)",370200_us,416,15,0.07%,0.11%,622,21,0.08%,0.11%,99.06%,88.89%,18,2,4.33%,13.33%,"359,74 €","39,90 €",18,2
B07M8DDJ9B,B07M8DDJ9B,"WINS– Ambientador Lavanda Concentrado | Perfume Intenso y Duradero para Hogar, Oficinas y Espacios Comunes | Aroma Natural Relajante | Garrafa 5L | 100% Made in Spain",WINS008,214,12,0.04%,0.09%,321,12,0.04%,0.06%,56.49%,50.00%,22,5,10.28%,41.67%,"393,44 €","88,00 €",18,2
B09N7S17J6,B09D3YRGL9,"CUPERINOX Navaja Plegable Multiusos – Hoja de Acero Inoxidable 80 mm (Filo Liso + Serrado), Punta Rompevidrios, Apertura Rápida, Clip de Cinturón, Herramienta para Camping, Caza, Pesca y Supervivencia",30061_,992,16,0.17%,0.12%,"1,403",18,0.17%,0.09%,97.54%,91.67%,18,0,1.81%,0.00%,"178,82 €","0,00 €",18,0
B0CQ5G2HVQ,B09T9ZC38G,"Arcos Sarten Antiadherente 22 cm - Aluminio Forjado, Full Induction, Mango Acero Inoxidable Efecto Frío, Apta Lavavajillas, Ahorro Energético, Serie Samoa",716210,222,1,0.04%,0.01%,317,1,0.04%,0.01%,61.13%,0.00%,18,0,8.11%,0.00%,"556,48 €","0,00 €",18,0
B0F1ZF7H1L,B005LR69ZC,Arcos Cuchillo de Queso Negro 145 mm,232800_,808,19,0.14%,0.14%,"1,058",29,0.13%,0.15%,65.31%,77.78%,17,4,2.10%,21.05%,"645,15 €","151,80 €",17,4
B017HKSTCQ,B00VRWSIUO,Arcos Serie Ecopro - Tijeras de Cocina - Acero Inoxidable 240 mm - Mango de Acero Inoxidable - Color Plata,809800_,"1,406",44,0.25%,0.32%,"1,927",66,0.24%,0.33%,16.99%,54.55%,19,8,1.35%,18.18%,"347,67 €","146,44 €",17,6
B07F9GQZCB,B07F9GQZCB,Arcos Cuchillo para Verduras de 4 Pulgadas con Hoja de 105mm en Acero Inoxidable y Mango de Madera. Cuchillo para Vegetales Apto para Lavavajillas. Serie Latina. Color Marrón,100500,354,8,0.06%,0.06%,572,13,0.07%,0.07%,91.12%,100.00%,17,0,4.80%,0.00%,"628,83 €","0,00 €",17,0
B07G75XCXM,B07G75XCXM,"Arcos Serie Cuchillos de Mesa Caja 12 uds Cuchillo Mesa, Hoja Serrada de Acero Inoxidable NITRUM de 125 mm, Mango Polipropileno Color crema (12 UDS)",370200_fbm,416,15,0.07%,0.11%,622,21,0.08%,0.11%,99.06%,88.89%,18,0,4.33%,0.00%,"359,82 €","0,00 €",17,0
B0FR444FLT,B07YYDR6D8,Arcos Juego de Cuchillos de Cocina. 3 piezas de Acero Inoxidable forjado. Impresiona yorprencon cada corte. Mango Micarta azul. Serie Brooklyn. Color Azul.,858110_,"1,329",21,0.23%,0.15%,"1,877",34,0.23%,0.17%,98.59%,100.00%,17,0,1.28%,0.00%,"1.668,83 €","0,00 €",17,0
B08JCVQ4QL,B08JCVQ4QL,"Arcos Series Niza - Juego de Cuchillos Cocina, 6 Piezas, Cuchillos Verduras 110 mm, + Cuchillo Mesa, Envase 100% Ecológico, Acero Inoxidable NITRUM",809400,968,17,0.17%,0.12%,"1,403",21,0.17%,0.11%,100.00%,100.00%,19,0,1.96%,0.00%,"379,81 €","0,00 €",17,0
B09FQ5SZK8,B08MTWC7RD,Arcos Cuchillo Cocinero Acero Inoxidable Nitrum 210 mm,166800_fbm,907,31,0.16%,0.22%,"1,243",44,0.15%,0.22%,43.61%,48.00%,17,0,1.87%,0.00%,"509,59 €","0,00 €",17,0
B09KJLG7BT,B098XWCFXT,CUPERINOX Jamonero Profesional | soporte de jamon | 5 Piezas | tabla jamonera | soporte jamonero | Kit Jamonero (tabla + cuchillo + afilador + pinza + cubre jamon,20229FBM,826,8,0.15%,0.06%,983,15,0.12%,0.08%,99.67%,100.00%,18,5,2.18%,62.50%,"989,82 €","274,95 €",17,4
B0CRDY65RY,B09T9QCL8D,"Arcos Cazuela Antiadherente de 24 cm y 4,3 L | Aluminio Forjado | Adecuada para cualquier cocina | Mangos de Acero Inoxidable con Efecto Frío | Color Negro | Inducción completa. Serie Ollas Samoa",717010,596,9,0.10%,0.07%,858,12,0.10%,0.06%,58.43%,66.67%,18,0,3.02%,0.00%,"881,10 €","0,00 €",17,0
B0G6M1C8V6,B0D4WK78XV,CUPERINOX Aceiteras para Aceite Usado | Grasera Acero Inoxidable 550ML con Filtro Metálico | Recipiente para Aceite Usado de Cocina y Grasa | Grasera Cocina Metálica 550ML 2Uds Metálico,22105y22106,"1,466",29,0.26%,0.21%,"2,170",50,0.26%,0.25%,48.38%,66.67%,17,0,1.16%,0.00%,"203,83 €","0,00 €",17,0
B0DKP7F29P,B0DJC17TXZ,"Arcos Serie Samoa Iconic | Cacerola Baja Antiadherente Cerámico 28 cm y 4,3 L | Aluminio Forjado | Apta cualquier cocina | Mango Acero Inoxidable | Color Beige | LIBRE DE (PFOA/PTFE/PFOS)",717124,827,13,0.15%,0.09%,"1,135",19,0.14%,0.10%,96.88%,88.89%,17,0,2.06%,0.00%,"1.228,25 €","0,00 €",17,0
B0DKP7F29P,B0FS7W73G1,"Arcos Sartén Samoa Inox 28 cm, Acero inoxidable tricapa sin antiadherente",726500,528,6,0.09%,0.04%,758,7,0.09%,0.04%,80.35%,100.00%,17,0,3.22%,0.00%,"821,15 €","0,00 €",17,0
B007TS6GP4,B007TS6GP4,Arcos Juego de 6 Cuchillos de Mesa Chuleteros Acero Inoxidable 110 mm,815600--,516,17,0.09%,0.12%,763,19,0.09%,0.10%,60.06%,53.33%,16,1,3.10%,5.88%,"415,84 €","25,99 €",16,1
B08XYZRKC4,B007TS6GWW,"ARCOS Juego de Cubiertos de 24 Piezas para Mesa. Cuberterí­a Completa para 6 Personas. Set de 6 Cucharas, 6 Cuchillos, 6 Tenedores y 6 Cucharas de Postre. Serie Toscana. Color Plata",572400,"3,957",100,0.69%,0.73%,"5,686",161,0.69%,0.81%,25.42%,31.13%,21,6,0.53%,6.00%,"1.347,10 €","371,25 €",16,3
B0788NF7BS,B0788NF7BS,WINS – Lavavajillas Manual 003 | Garrafa 5 L | Detergente Concentrado para Lavado Manual de Vajilla y Utensilios de Cocina | Uso Profesional y Doméstico | 100% Made in Spain,WINS003,54,7,0.01%,0.05%,73,10,0.01%,0.05%,85.29%,100.00%,40,31,74.07%,442.86%,"558,36 €","423,81 €",16,11
B089M821V5,B089M821V5,Arcos Cuchillos Carne | 6 pzas | Cuchillos chuleteros Set Cuchillo de Mesa Sierra | Mango Madera | Hoja 110 mm | Cuchillos Carne Mesa | Apto lavavajillas | Envase Carton | Ecologico,815500,566,22,0.10%,0.16%,785,27,0.10%,0.14%,94.26%,100.00%,19,1,3.36%,4.55%,"548,74 €","29,99 €",16,1
B08VS4FCLN,B08BX3WTPP,"Arcos Juego Cuchillos Cocina cuchillo blanco cuchillos | cuchillos cocina Maitre | 4 piezas | Chef 215 mm, Cocina 150 mm, Verduras 100 mm Tijera cocina (Blanco)",152624_,430,8,0.08%,0.06%,582,11,0.07%,0.06%,99.42%,100.00%,16,0,3.72%,0.00%,"553,81 €","0,00 €",16,0
B08T5Z4HFS,B08QYV8C1P,"CUPERINOX Cubiertos para marisco | Pinzas para marisco | Tenazas para marisco | 6 Unidades | Cubiertos marisco (Cangrejo, Langosta, Ostras) | Tenedor de marisco con dos dientes inferiores y cuchara.",20023_6Unidades,279,5,0.05%,0.04%,414,7,0.05%,0.04%,98.92%,100.00%,17,0,6.09%,0.00%,"203,73 €","0,00 €",16,0
B09HRWYKDL,B09HRWYKDL,Arcos Juego de cuchillos Japoneses Profesionales | 4 piezas | Cuchillo Verduras 100 mm + Cocina 150 mm + Santoku con Alveolos 170 mm + Pelador de patatas,853100,194,2,0.03%,0.01%,269,2,0.03%,0.01%,100.00%,100.00%,16,0,8.25%,0.00%,"591,84 €","0,00 €",16,0
B0DKP7F29P,B0DJC114YJ,"Arcos Serie Samoa Iconic | Cacerola Antiadherente Cerámico 24 cm y 4,3 L | Aluminio Forjado | Apta cualquier cocina | Mango Acero Inoxidable | Color Beige | LIBRE DE (PFOA/PTFE/PFOS)",717024,767,13,0.13%,0.09%,"1,026",20,0.13%,0.10%,95.62%,92.86%,16,0,2.09%,0.00%,"1.007,20 €","0,00 €",16,0
B017HKG9PK,B0044R87RS,Arcos Cuchillo para Maitre Negro 215 mm,151000,"4,408",120,0.77%,0.87%,"6,844",167,0.83%,0.84%,4.34%,6.03%,19,8,0.43%,6.67%,"284,81 €","119,92 €",15,4
B078KJ1T6G,B078JPWR5J,"Arcos 807600 Juego de Cuchillos, Acero Inoxidable, Blanco, 45x20x5 cm, 3 Unidades",807600_,720,20,0.13%,0.15%,916,27,0.11%,0.14%,95.77%,100.00%,15,3,2.08%,15.00%,"1.034,85 €","194,97 €",15,3
B08TLR4Z27,B095C22QFS,Arcos jamonero Profesional | Cuchillo jamonero jamonero Inoxidable Nitrum | Mango Negro | Cuchillo Jamon iberico | Serie Maitre| Hoja Flexible y Filo Liso | 275 mm | Acero Inoxidable NITRUM,151811FBM,349,5,0.06%,0.04%,505,8,0.06%,0.04%,98.92%,100.00%,15,1,4.30%,20.00%,"299,85 €","19,99 €",15,1
B0DKP7F29P,B0DJBYB7XQ,"Arcos Serie Samoa Iconic | Cazo Antiadherente Cerámico 16 cm y 1,5 L | Aluminio Forjado | Apta cualquier cocina | Mango Acero Inoxidable | Color Beige | LIBRE DE (PFOA/PTFE/PFOS)",717224,548,12,0.10%,0.09%,702,14,0.09%,0.07%,92.92%,100.00%,15,0,2.74%,0.00%,"491,57 €","0,00 €",15,0
B0DKP7F29P,B0DJBZRDXV,Arcos Serie Samoa Iconic | Sarten Antiadherente Cerámico 24 cm | Aluminio Forjado | Apta cualquier cocina | Mango Acero Inoxidable | Apta lavavajillas | Color Negro | LIBRE DE (PFOA/PTFE/PFOS),716322,516,12,0.09%,0.09%,689,14,0.08%,0.07%,94.22%,100.00%,15,0,2.91%,0.00%,"599,25 €","0,00 €",15,0
B0FHQJSLGJ,B0FHQJSLGJ,"VINFERMATON - Insecticida Antipolillas Perfumado | Pack 3 x 300 ml | Protección para Armarios, Ropa y Tejidos | Elimina Polillas y Larvas | Aroma Agradable | Uso en Ambientes y Textiles",V1308_PACK3,110,2,0.02%,0.01%,178,2,0.02%,0.01%,95.27%,100.00%,16,0,14.55%,0.00%,"208,06 €","0,00 €",15,0
B0DKP7F29P,B0FS7XZKVF,"Arcos Sartén Samoa Inox 20 cm, Acero inoxidable tricapa sin PFAS",726100,447,6,0.08%,0.04%,586,7,0.07%,0.04%,59.47%,66.67%,15,0,3.36%,0.00%,"515,25 €","0,00 €",15,0
B017HKG9PK,B0044R87VO,Arcos Maitre - Cuchillo Jamonero Flexible - Acero Inoxidable NITRUM 275 mm - Mango Polipropileno negro,151200,877,29,0.15%,0.21%,999,33,0.12%,0.17%,79.60%,65.22%,14,0,1.60%,0.00%,"223,86 €","0,00 €",14,0
B08L8QY8T9,B007TS6GPE,"Arcos Juego de Cuchillos de Cocina cuatro piezas. 3 Cuchillos chef y 1 tijeras Acero Inoxidable y mango ergonómico polioximetileno para cortar carne, pescado y verduras. Serie Maitre. Color negro.",152600_fbm,"3,286",64,0.58%,0.46%,"4,613",99,0.56%,0.50%,18.97%,33.96%,15,0,0.46%,0.00%,"568,50 €","0,00 €",14,0
B06XB92VRH,B00YU2ZWGG,CUPERINOX Cafetera Italiana Induccion Espresso Acero Inoxidable 10 Tazas,25034,237,0,0.04%,0.00%,352,0,0.04%,0.00%,96.14%,0.00%,14,0,5.91%,0.00%,"273,86 €","0,00 €",14,0
B0189HXOXK,B017DLLFI4,Arcos Serie Navajas Profesionales - Navaja Profesional - Hoja Filo de Acero Inoxidable NITRUM de 85 mm - Navaja de Acero Inoxidable Color naranja,485329_fbm,233,6,0.04%,0.04%,332,14,0.04%,0.07%,87.67%,87.50%,17,2,7.30%,33.33%,"125,29 €","14,74 €",14,1
B071VT3MC3,B071VT3MC3,"Arcos Tijeras Manicura Curva de Acero Forjado, Uso Profesional y Doméstico, 102 mm, Niqueladas en Plata, Serie Style",500600_,72,0,0.01%,0.00%,108,0,0.01%,0.00%,96.91%,0.00%,15,0,20.83%,0.00%,"164,85 €","0,00 €",14,0
B09MSDJQJ1,B08M3B43J6,"Arcos | Juego Cuchillo Jamonero 3 Pzas | jamonero Acero Inoxidable (240 mm), afilador Chaira y Cubre jamón | Juego Cuchillos jamonero Profesional | Paleta ibérica | Eco",704300,904,20,0.16%,0.15%,"1,226",26,0.15%,0.13%,100.00%,100.00%,14,0,1.55%,0.00%,"421,48 €","0,00 €",14,0
B08TLR4Z27,B08M3YG4R1,Arcos jamonero Profesional | Cuchillo jamonero jamonero Inoxidable Nitrum | Mango Negro | Cuchillo Jamon iberico | Serie Maitre| Hoja Flexible y Filo Liso | 275 mm | Acero Inoxidable NITRUM,704200_fbm,234,1,0.04%,0.01%,314,1,0.04%,0.01%,99.31%,0.00%,14,0,5.98%,0.00%,"308,22 €","0,00 €",14,0
B08VS4FCLN,B09HBWSBN1,"Arcos Juego Cuchillos Cocina cuchillo blanco cuchillos | cuchillos cocina Maitre | 5 piezas | Chef 215 mm, Cocina 150 mm, Verduras 100 mm Tijera cocina (Negro + Jamonero)",854100,"1,105",15,0.19%,0.11%,"1,457",20,0.18%,0.10%,100.00%,100.00%,14,0,1.27%,0.00%,"699,86 €","0,00 €",14,0
B0G3ZJ89NB,B09NRLLDC6,CUPERINOX Cuchillo Jamonero + Chaira + Funda Cubre Jamón | Jamonero 240mm acero inoxidable| Afilador Chaira | Funda cubre jamón,20220f,744,7,0.13%,0.05%,"1,122",14,0.14%,0.07%,98.61%,100.00%,15,0,2.02%,0.00%,"149,85 €","0,00 €",14,0
B0CQ5G2HVQ,B09T6L1F99,"Arcos Sarten Antiadherente 28 cm - Aluminio Forjado, Full Induction, Mango Acero Inoxidable, Apta Lavavajillas, Ahorro Energético, Serie Samoa",716510,486,13,0.09%,0.09%,670,18,0.08%,0.09%,32.67%,0.00%,14,0,2.88%,0.00%,"579,60 €","0,00 €",14,0
B0CQ5G2HVQ,B0BRNJF5D2,Arcos Serie Samoa | Lote de Sartenes 20 y 24 cm | Aluminio Forjado | Full Induction | Mango Acero Inoxidable Efecto Frio | Sistema ahorro energético | Apta lavavajillas | Color Negro,717810,967,21,0.17%,0.15%,"1,279",28,0.16%,0.14%,96.76%,100.00%,15,2,1.55%,9.52%,"899,25 €","119,90 €",14,1
B0FJLTDB9J,B0FB98PM7Z,CUPERINOX® Beauty Care – Pack 3 Cortauñas de Precisión | Alicate + Cortaúñas Mediano + Cortaúñas con Llavero | Acero Inoxidable Profesional | Manicura y Pedicura | Hombre y Mujer,A10004,175,2,0.03%,0.01%,207,2,0.03%,0.01%,99.47%,100.00%,14,0,8.00%,0.00%,"147,06 €","0,00 €",14,0
B0F54LTCFF,B0044R87I2,Arcos Conjunto Cuchillos 4 piezas (3 Cuchillos + 1 tijeras). Acero Inoxidable y Hoja mm. 1670 gr. Bloque madera pino. Mango ergonómico polioximetileno POM. Serie Universal. Mayor control. Color negro.,285000_us,529,28,0.09%,0.20%,741,35,0.09%,0.18%,92.63%,88.00%,13,0,2.46%,0.00%,"714,87 €","0,00 €",13,0
B017HKRCGK,B00BHZPGHO,ARCOS Bolsa Portacuchillos para 17 Piezas Poliéster Negra,691400_,440,7,0.08%,0.05%,556,8,0.07%,0.04%,91.40%,66.67%,13,1,2.95%,14.29%,"597,87 €","45,99 €",13,1
B0F54LTCFF,B00J4L7FEU,Arcos Hachuela Macheta de Cocina Acero Inoxidable 160 mm,282404_us,"2,027",48,0.36%,0.35%,"3,359",98,0.41%,0.49%,8.94%,11.32%,14,2,0.69%,4.17%,"344,98 €","47,98 €",13,1
B00MDK1DM4,B00MDK1DM4,Arcos Latina Cuchillo de Cocina Acero Inoxidable 130 mm,100600_1pieza,127,2,0.02%,0.01%,194,2,0.02%,0.01%,98.77%,100.00%,30,0,23.62%,0.00%,"179,70 €","0,00 €",13,0
B0752NT3TH,B00VRWSQIS,Arcos Serie Prochef - Tijeras de Cocina - Hoja de Acero Inoxidable - 200 mm - Mango de Polipropileno Color Negro,185300,695,28,0.12%,0.20%,879,35,0.11%,0.18%,44.49%,9.38%,13,0,1.87%,0.00%,"278,85 €","0,00 €",13,0
B0FWM351K4,B06Y66X8SW,CUPERINOX® Couture Series - Tijera Costura Profesional 10 cm | Acero Inoxidable de Alta Precisión | Corte Fino para Detalles y Acabados | Uso Doméstico y Profesional,21960_fba,259,5,0.05%,0.04%,370,6,0.05%,0.03%,98.55%,100.00%,13,1,5.02%,20.00%,"72,67 €","5,59 €",13,1
B0DQV6381X,B079VN4MTH,CUPERINOX Jamonero de Madera Góndola Soporte para Pata y Paleta de jamón Serrano e ibérico con agarres de Metal Jamonera Economica,20200_us,"1,435",39,0.25%,0.28%,"1,549",40,0.19%,0.20%,99.66%,100.00%,13,0,0.91%,0.00%,"171,99 €","0,00 €",13,0
B0843DFZH2,B0843DFZH2,Arcos Set 5 Cuchillos Forjados Acero Inoxidable Nitrum,235024,671,15,0.12%,0.11%,"1,027",38,0.13%,0.19%,49.89%,75.86%,13,1,1.94%,6.67%,"1.659,67 €","124,99 €",13,1
B0CQLNJVKL,B0BRNMK276,"Arcos Sartenes Antiadherentes 20/24 cm - Aluminio Fundido, Asas Silicona, Ahorro Energético, Compatible con Inducción y Lavavajillas, Serie Thera, Negro/Azul",7198000,695,14,0.12%,0.10%,901,20,0.11%,0.10%,79.68%,88.89%,13,1,1.87%,7.14%,"714,35 €","54,95 €",13,1
B0DKP7F29P,B0C65FDB33,Arcos Serie Samoa | Batería de Cocina 5 piezas | Aluminio Forjado | Full Inductino | Asas Acero Inoxidable Efecto Frio | Sistema ahorro energético | Apta lavavajillas | Color Negro,697500,816,13,0.14%,0.09%,"1,218",20,0.15%,0.10%,94.84%,100.00%,14,2,1.72%,15.38%,"2.832,50 €","409,90 €",13,1
B017DLM9SY,B017DLM9SY,Arcos Serie Toscana - Juego de Cucharas de Mesa (3 cucharas) - Monoblock de una pieza en Acero Inoxidable 18/10 y 180 mm - Color Plata,574400_,189,7,0.03%,0.05%,324,9,0.04%,0.05%,72.16%,0.00%,17,0,8.99%,0.00%,"135,83 €","0,00 €",12,0
B073JC3QG7,B073JC3QG7,"VINFER- Abrillantador Mopas Spray 750 ml | Limpieza, Protege y Abrillanta Parquet, Terrazo, Mármol, Linóleum y Gres | Formato Profesional",VP_ABRILLANTADOR,218,4,0.04%,0.03%,291,4,0.04%,0.02%,97.76%,100.00%,13,2,5.96%,50.00%,"129,87 €","19,98 €",12,2
B0F1N351DY,B073V5RN1J,Arcos Cuchillo Mondador Acero Inoxidable NITRUM 100 mm - Ideal para Pelar Frutas y Verduras - Mango Ergonómico Polipropileno Negro - Serie Nova,816500_1pieza,931,18,0.16%,0.13%,"1,075",21,0.13%,0.11%,98.48%,100.00%,14,0,1.50%,0.00%,"66,66 €","0,00 €",12,0
B07G76NW26,B07G76NW26,"Arcos Serie Cuchillos de Mesa Caja 12 uds Cuchillo Mesa, Hoja Serrada de Acero Inoxidable de 125 mm, Cuchillo Monoblock Acero Inoxidable Color plata (12 UDS)",460400_fbm,226,6,0.04%,0.04%,346,8,0.04%,0.04%,98.97%,100.00%,12,0,5.31%,0.00%,"515,88 €","0,00 €",12,0
B08G8QHY23,B08G8QHY23,Arcos | cuchillos chuleteros cuchillo madera cuchillo chuletero | 6 Piezas | juego cuchillos carne | cuchillos mango madera | Envase Eco | Fabricado en España,809300,490,11,0.09%,0.08%,777,15,0.09%,0.08%,99.85%,85.71%,14,0,2.86%,0.00%,"335,86 €","0,00 €",12,0
B08TLR4Z27,B08M3DQFHM,Arcos jamonero Profesional | Cuchillo jamonero jamonero Inoxidable Nitrum | Mango Negro | Cuchillo Jamon iberico | Serie Maitre| Hoja Flexible y Filo Liso | 275 mm | Acero Inoxidable NITRUM,151210_fbm,311,6,0.05%,0.04%,412,7,0.05%,0.04%,100.00%,100.00%,14,4,4.50%,66.67%,"215,48 €","60,58 €",12,2
B08T5Z4HFS,B08QYV8C1P,"CUPERINOX Cubiertos para marisco | Pinzas para marisco | Tenazas para marisco | 6 Unidades | Cubiertos marisco (Cangrejo, Langosta, Ostras) | Tenedor de marisco con dos dientes inferiores y cuchara.",20023_6pzas,279,5,0.05%,0.04%,414,7,0.05%,0.04%,98.92%,100.00%,12,0,4.30%,0.00%,"141,88 €","0,00 €",12,0
B09T9TSXHB,B09T9TSXHB,"Arcos Grill Antiadherente 28x28 cm - Aluminio Forjado, Full Induction, Mango Acero Inoxidable Efecto Frío, Ahorro Energético, Apta Lavavajillas, Serie Samoa",717410,183,4,0.03%,0.03%,257,7,0.03%,0.04%,97.46%,100.00%,12,2,6.56%,50.00%,"551,40 €","91,90 €",12,2
B08VRP7CR7,B09XMVTWLT,Arcos Juego Cuchillos Carne | 6 Piezas | Cuchillos Carne Cuchillo chuleteros | Cubiertos Acero Inoxidable | Hoja 110 mm | Mango Redondo y Forma Ovalada | monobock | Caja Envase Ecológico (Filo Liso),830000,205,5,0.04%,0.04%,349,8,0.04%,0.04%,100.00%,100.00%,13,0,6.34%,0.00%,"428,87 €","0,00 €",12,0
B0C2QFPLX9,B0C2QFPLX9,FAMILIA VINCARE (MULTIUSOS INDIVIDUAL),MULTIUSOS750ML,104,4,0.02%,0.03%,152,5,0.02%,0.03%,94.78%,100.00%,12,2,11.54%,50.00%,"119,88 €","19,98 €",12,2
B0CVH8PC99,B0CQTKPL63,CUPERINOX Cuchillos Carne | Cuchillos Mesa | Cuchillos Chuleteros | 24 Piezas | Hoja Serrada | Mango Polipropileno | Acero Inoxidable | 11 cm,99901_24pzs,153,8,0.03%,0.06%,213,9,0.03%,0.05%,100.00%,100.00%,16,3,10.46%,37.50%,"317,84 €","57,97 €",12,3
B0DKP7F29P,B0FS7VJ21D,"Arcos Sartén Samoa Inox 26 cm, Acero inoxidable tricapa libre de PFAS",726400,272,5,0.05%,0.04%,335,5,0.04%,0.03%,73.23%,100.00%,12,1,4.41%,20.00%,"534,41 €","42,96 €",12,1
B017HKRCGK,B005LR7C44,ARCOS Bolsa Portacuchillos 12 Piezas Poliéster 730x510mm,690500_,"1,101",14,0.19%,0.10%,"1,697",22,0.21%,0.11%,17.99%,28.57%,11,0,1.00%,0.00%,"307,34 €","0,00 €",11,0
B0F1ZF7H1L,B00BHZPHSC,Arcos Riviera Blanc Cuchillo Jamonero Forjado Acero POM Blanco 250 mm,231024_,483,18,0.08%,0.13%,612,25,0.07%,0.13%,65.56%,50.00%,11,2,2.28%,11.11%,"373,89 €","67,98 €",11,2
B0F1ZF7H1L,B00BHZPKEI,Arcos Cuchillo Blanco 100 mm,230224_,420,9,0.07%,0.07%,666,10,0.08%,0.05%,36.38%,0.00%,11,0,2.62%,0.00%,"219,89 €","0,00 €",11,0
B00I9XTKI8,B00I9XTKI8,ARCOS Taco Ovalado Protector de Cuchillos hasta 20 cm,794100_,"1,296",21,0.23%,0.15%,"1,904",34,0.23%,0.17%,8.45%,0.00%,11,0,0.85%,0.00%,"285,89 €","0,00 €",11,0
B00VRZ3BMG,B00VRZ3BMG,Arcos Tijeras Costura Acero Forjado 140 mm - Uso Doméstico y Profesional - Niqueladas Plata - Serie Style,502300_,103,2,0.02%,0.01%,157,3,0.02%,0.02%,97.90%,100.00%,11,0,10.68%,0.00%,"120,89 €","0,00 €",11,0
B06XB92VRH,B00YU2YTTM,CUPERINOX Cafetera Italiana Induccion Espresso Acero Inoxidable 4 Tazas,25032,264,1,0.05%,0.01%,377,1,0.05%,0.01%,92.71%,100.00%,11,0,4.17%,0.00%,"180,61 €","0,00 €",11,0
B0FR444FLT,B07N8V5DY8,Arcos Cuchillo trinchar forjado | Cuchillo jamonero Acero Inoxidable. Cuchillo cocina profesional cocinar. Mango micarta y borseda especial y Hoja plateada 300 mm. Serie Brooklyn. Color azul.,192323_,252,7,0.04%,0.05%,361,7,0.04%,0.04%,95.56%,100.00%,11,1,4.37%,14.29%,"516,69 €","46,79 €",11,1
B07NDTGSY3,B07NDTGSY3,Arcos Serie Brooklyn - Cuchillo Rocking Santoku Cuchillo Asiático - Hoja de Acero Inoxidable Forjado NITRUM 190 mm - Mango de Micarta Color Azul (Filo Seda),191623_fbm,281,1,0.05%,0.01%,387,1,0.05%,0.01%,93.27%,100.00%,11,0,3.91%,0.00%,"459,25 €","0,00 €",11,0
B08G8QCM5H,B08G8QCM5H,ARCOS cuchillo pelador | 6 PIEZAS | cuchillo de pelar | cuchillos pelar patatas | Hoja 100 mm | Negro | cuchillo arcos pelador Acero Inoxidable,816500,374,39,0.07%,0.28%,525,54,0.06%,0.27%,99.56%,100.00%,12,1,3.21%,2.56%,"227,88 €","18,99 €",11,1
B08M5K93QF,B08M5K93QF,Arcos Juego Cuchillos Mesa | 6 Uds | Cuchillo Postre | Cuchillos Mesa | Cuchillo Carne | Hoja 105 mm | Acero Inoxidable Martensítico | Mango Polipropileno | Apto lavavajillas | Envase Ecológico,703500FBM,152,1,0.03%,0.01%,207,1,0.03%,0.01%,99.46%,0.00%,13,0,8.55%,0.00%,"168,87 €","0,00 €",11,0
B08M9QRSW8,B08M9QRSW8,Arcos | Juego Cuchillos cuchillos mesa | 6 Uds | cuchillo fruta | cuchillo postre | Hoja 110 mm | Acero Inoxidable Martensítico | Mango Nylon | apto lavavajillas | Envase Ecológico,703600_barras_arcos,114,3,0.02%,0.02%,189,9,0.02%,0.05%,99.38%,100.00%,12,0,10.53%,0.00%,"119,88 €","0,00 €",11,0
B08Y8NS7PN,B08XZ8X815,"Arcos serie Maitre - juego de Cuchillos, 2 Pza, Cuchillo Cocina Profesional 150mm + Cuchillo universal 100mm, Acero Inoxidable, Rosa, Eco",814600_fmb,151,5,0.03%,0.04%,190,6,0.02%,0.03%,98.82%,100.00%,12,2,7.95%,40.00%,"213,15 €","35,98 €",11,2
B08ZNM265D,B08ZNM265D,Arcos | cuchillos de mesa cuchillo mesa tradicional | 6 Piezas cuchillo chuletero | mango nailon | Envase Eco | Fabricado en España,704400_fba,316,5,0.06%,0.04%,470,5,0.06%,0.03%,100.00%,100.00%,13,0,4.11%,0.00%,"350,87 €","0,00 €",11,0
B08J488ZQG,B0987N2CBR,Arcos Juego Cuchillos Carne | 6 Piezas | Cuchillos carne cuchillo chuleteros | cubiertos acero inoxidable | Hoja 110 mm | mango monobloque | aptos lavavajillas | Caja Envase Ecológico,814000FBM,"1,111",28,0.20%,0.20%,"1,354",28,0.17%,0.14%,99.92%,100.00%,13,0,1.17%,0.00%,"363,87 €","0,00 €",11,0
B09MSDJQJ1,B09MM5CH6C,Arcos jamonero profesional alveolos | incluye pinza para jamón | cuchillo jamonero cuchillo jamonero alveolos cuchillos profesional| Acero Inoxidable Nitrum 240 mm,856200FBM,380,7,0.07%,0.05%,455,7,0.06%,0.04%,98.82%,100.00%,11,2,2.89%,28.57%,"329,89 €","59,98 €",11,2
B0CQ5G2HVQ,B09T6G47Z6,"Arcos Sarten Antiadherente 26 cm - Aluminio Forjado, Full Induction, Mango Acero Inoxidable Efecto Frío, Apta Lavavajillas, Ahorro Energético, Serie Samoa",716410,361,7,0.06%,0.05%,501,10,0.06%,0.05%,37.10%,33.33%,11,0,3.05%,0.00%,"423,50 €","0,00 €",11,0
B09T6HFG2F,B09T6HFG2F,Arcos Wok Antiadherente Aluminio Forjado 28 cm,717510,295,5,0.05%,0.04%,434,7,0.05%,0.04%,45.26%,60.00%,11,0,3.73%,0.00%,"470,25 €","0,00 €",11,0
B0CQ5G2HVQ,B09T6KZ499,"Arcos Sarten Antiadherente 32 cm - Aluminio Forjado, Full Induction, Mango Acero Inoxidable Efecto Frío, Apta Lavavajillas, Ahorro Energético, Serie Samoa",716710,272,13,0.05%,0.09%,413,23,0.05%,0.12%,37.25%,0.00%,11,0,4.04%,0.00%,"549,45 €","0,00 €",11,0
B0C5JNCFL4,B0C5JNCFL4,Arcos Serie Milano - Cubertería de 24 piezas en Caja de Regalo (6 Cuchillos + 12 Cucharas + 6 Tenedores) - Monoblock de una pieza en Acero Inoxidable - Color Plata,542000,424,12,0.07%,0.09%,682,20,0.08%,0.10%,97.14%,100.00%,14,4,3.30%,33.33%,"1.049,86 €","299,96 €",11,3
B0CYTKGNPM,B0CW66H3TR,Pelador de Tomate ARCOS - Hoja Serrada de Acero Inoxidable | Mango Ergonómico | Ideal para Tomates,607420,"1,361",37,0.24%,0.27%,"1,589",42,0.19%,0.21%,99.93%,100.00%,18,8,1.32%,21.62%,"143,82 €","63,92 €",11,1
B0F9X4NXL3,B0F9KW1V3K,"Cuchillos Mesa, cuchillo carne, cuchillo mantequilla, Set 12 piezas, acero inoxidable, hoja con filo y sierra, cuchillo untar. Apto lavavajillas. Mango ergonomico",20043_12,605,14,0.11%,0.10%,783,19,0.10%,0.10%,99.72%,100.00%,13,2,2.15%,14.29%,"154,39 €","22,50 €",11,1
B0F1ZF7H1L,B005LR6C7C,Arcos Cuchillo Cocina Acero Inoxidable Negro 180 mm,233500_,"1,678",32,0.29%,0.23%,"2,384",41,0.29%,0.21%,19.16%,16.67%,10,0,0.60%,0.00%,"349,90 €","0,00 €",10,0
B005LR749W,B005LR749W,"ARCOS Juego de Cubiertos de 24 Piezas para Mesa. Cuberterí­a Completa para 6 Personas. Set de 6 Cucharas, 6 Cuchillos, 6 Tenedores y 6 Cucharas de Postre. Serie Berlí­n. Color Plata",562400_fbm,814,21,0.14%,0.15%,"1,219",39,0.15%,0.20%,42.72%,43.48%,15,3,1.84%,14.29%,"1.304,85 €","260,97 €",10,1
B0891RBKPX,B007TS6HCQ,ARCOS Pelador de Patatas y Verduras Profesional Acero Inoxidable 60 mm,612100,110,3,0.02%,0.02%,178,4,0.02%,0.02%,88.89%,100.00%,10,0,9.09%,0.00%,"85,04 €","0,00 €",10,0
B00J3ZVN54,B00J3ZVN54,ARCOS Cucharas de Mesa Acero Inoxidable 200 mm,574600_,574,15,0.10%,0.11%,926,22,0.11%,0.11%,17.79%,7.69%,16,0,2.79%,0.00%,"143,84 €","0,00 €",10,0
B00WUZR7H2,B00WUZR7H2,Arcos Serie Cuchillos de Mesa - Cuchillo Mesa - Hoja Serrada de Acero Inoxidable de 125 mm - Cuchillo Monoblock Acero Inoxidable Color Plata,460400_1pieza,125,2,0.02%,0.01%,180,3,0.02%,0.02%,98.77%,100.00%,45,5,36.00%,250.00%,"202,05 €","22,45 €",10,1
B0189HXS8Q,B015QGR3CK,Arcos Serie Navajas Profesionales - Navaja Profesional - Hoja Filo de Acero Inoxidable NITRUM de 85 mm - Navaja de Acero Inoxidable Color amarillo,485900_fba,871,11,0.15%,0.08%,"1,214",12,0.15%,0.06%,88.09%,90.00%,11,0,1.26%,0.00%,"77,23 €","0,00 €",10,0
B07F6C8L9T,B07F6C8L9T,ARCOS Sacacorchos Eléctrico ABS Batería Recargable Plata,604900_,645,24,0.11%,0.17%,"1,060",43,0.13%,0.22%,39.60%,45.45%,10,1,1.55%,4.17%,"438,90 €","42,99 €",10,1
B0FR444FLT,B07N8VRS7L,Arcos Brooklyn Cuchillo Pelador Acero Inoxidable 100 mm,190123_,312,8,0.05%,0.06%,396,9,0.05%,0.05%,92.26%,100.00%,11,3,3.53%,37.50%,"313,39 €","85,47 €",10,2
B08VS4FCLN,B09HHGVG2N,"Arcos Juego Cuchillos Cocina cuchillos | Cuchillo profesional | 6 piezas | Chef 215 mm + Cocina 150 mm, Verduras 100 mm + Tijera cocina + Pelador de fruta y verdura + Pinza para pescado",854200,546,14,0.10%,0.10%,742,17,0.09%,0.09%,99.56%,100.00%,10,0,1.83%,0.00%,"439,90 €","0,00 €",10,0
B0DKP7F29P,B0DJBZ5475,Arcos Serie Samoa Iconic | Sarten Antiadherente Cerámico 20 cm | Aluminio Forjado | Apta cualquier cocina | Mango Acero Inoxidable | Apta lavavajillas | Color Negro | LIBRE DE (PFOA/PTFE/PFOS),716122,336,3,0.06%,0.02%,450,3,0.05%,0.02%,93.63%,100.00%,11,0,3.27%,0.00%,"382,70 €","0,00 €",10,0
B0DKP7F29P,B0FS7XQ88Z,"Arcos Sartén Samoa Inox 30 cm, Acero inoxidable tricapa sin PFAS",726600,295,7,0.05%,0.05%,368,8,0.04%,0.04%,74.75%,100.00%,10,1,3.39%,14.29%,"527,50 €","51,95 €",10,1
B08TWZYBPZ,B0FZC9C1BJ,"CUPERINOX- Set de Cuchillos Profesionales de Cocina 3 Piezas + Estuche Regalo | Chef 20 cm, Santoku 18 cm y Universal 13 cm | Acero Inoxidable Alta Precisión | Mango Ergonómico| Apto Lavavajillas",19302_FBA,513,7,0.09%,0.05%,644,8,0.08%,0.04%,99.83%,100.00%,10,0,1.95%,0.00%,"299,90 €","0,00 €",10,0
B071VT3QQY,B071VT3QQY,"Arcos Riviera - Juego de Cuchillos de Cocina Profesional (Mondador 100 mm, Santoku 140 mm, Chef 200 mm) - Acero Inoxidable Forjado NITRUM, Mango Ergonómico Negro - 3 Piezas en Estuche",807700_fbm,247,3,0.04%,0.02%,351,7,0.04%,0.04%,76.92%,50.00%,9,0,3.64%,0.00%,"620,82 €","0,00 €",9,0
B0DK3CM34K,B07CBLHKLN,"HENDI Cartuchos de recarga de gas GLP para HENDI Cabezales de antorchas de cocina de llama continua 198247 y 198216, recambios para soplete, paquete de 4 unidades",H199039,121,10,0.02%,0.07%,167,13,0.02%,0.07%,96.00%,100.00%,10,1,8.26%,10.00%,"148,02 €","12,36 €",9,1
B09GSCQQF9,B07G77FNSF,"Arcos Serie Cuchillos de Mesa Caja 12 uds Cuchillo Postre, Hoja Serrada de Acero Inoxidable NITRUM de 105 mm, Mango Polipropileno Color crema (12 UDS)",370100_,403,11,0.07%,0.08%,637,12,0.08%,0.06%,97.65%,100.00%,9,0,2.23%,0.00%,"164,25 €","0,00 €",9,0
B0FR444FLT,B07N8Q63Z6,Arcos Brooklyn Cuchillo para Tomates Forjado Acero Inoxidable Nitrum 130 mm,192023_,417,9,0.07%,0.07%,496,10,0.06%,0.05%,76.82%,100.00%,9,0,2.16%,0.00%,"287,91 €","0,00 €",9,0
B07YXBGV8C,B07YXBGV8C,Arcos Riviera Blanc Set 3 Cuchillos Forjados Acero Inoxidable Nitrum,807511_,205,13,0.04%,0.09%,326,19,0.04%,0.10%,78.75%,66.67%,9,1,4.39%,7.69%,"539,91 €","59,99 €",9,1
B0F1N351DY,B097RDB5T3,Arcos Juego de 3 Cuchillos Mondadores Acero Inoxidable 100 mm,816500_3piezas,"2,303",37,0.40%,0.27%,"3,073",41,0.37%,0.21%,5.18%,9.52%,9,1,0.39%,2.70%,"112,41 €","12,49 €",9,1
B09F9MH34D,B09F9MH34D,"Arcos Serie Cuchillos de Mesa Chuleteros, Mango de Polipropileno, Hoja 110 mm, Apto para Lavavajillas, Negro, 6 Piezas",805109_6piezas,157,4,0.03%,0.03%,201,7,0.02%,0.04%,98.93%,100.00%,9,0,5.73%,0.00%,"116,91 €","0,00 €",9,0
B0CQ5G2HVQ,B09T6KY364,"Arcos Sarten Antiadherente 30 cm - Aluminio Forjado, Full Induction, Mango Acero Inoxidable Efecto Frío, Apta Lavavajillas, Ahorro Energético, Serie Samoa",716610,230,14,0.04%,0.10%,301,22,0.04%,0.11%,77.91%,50.00%,9,0,3.91%,0.00%,"409,50 €","0,00 €",9,0
B0BJPYW95J,B0BJPYW95J,Arcos Accesorios - Sacacorchos Manual Abrebotellas Manual - Mango de Aleación de Zinc - Color Negro mate (Incluye cortacápsulas),607500,156,6,0.03%,0.04%,238,7,0.03%,0.04%,100.00%,100.00%,9,0,5.77%,0.00%,"357,30 €","0,00 €",9,0
B0G6M1C8V6,B0D4WK78XV,CUPERINOX Aceiteras para Aceite Usado | Grasera Acero Inoxidable 550ML con Filtro Metálico | Recipiente para Aceite Usado de Cocina y Grasa | Grasera Cocina Metálica 550ML 2Uds Metálico,F22105-22106,"1,466",29,0.26%,0.21%,"2,170",50,0.26%,0.25%,48.38%,66.67%,10,0,0.68%,0.00%,"103,92 €","0,00 €",9,0
B0G2CSJD3L,B0G2CSJD3L,Ambientador Floral superconcentrado. 5 Litros con solo 250 ml. Ahorro total,WC010,137,1,0.02%,0.01%,206,1,0.03%,0.01%,99.43%,100.00%,10,0,7.30%,0.00%,"129,90 €","0,00 €",9,0
B0B3F4QXML,B000Q8UYRK,Arcos Cuchillo Jamonero Acero Inoxidable Forjado Nitrum 300 mm,256800_fbm,304,9,0.05%,0.07%,375,13,0.05%,0.07%,80.62%,100.00%,8,1,2.63%,11.11%,"235,92 €","27,99 €",8,1
B017HKG9PK,B0044R87YQ,Arcos Cuchillo para Maitre Negro 100 mm,150500_pp,"1,611",37,0.28%,0.27%,"2,117",47,0.26%,0.24%,4.72%,0.00%,9,0,0.56%,0.00%,"89,55 €","0,00 €",8,0
B0752XP113,B0044R887W,Arcos Juego Cuchillos carne 4 piezas. Paquete Cuchillos bolsillo con borperla para cortar y filetear carne. Hoja y mango Acero Inoxidable monobloque. Serie Mesa.,378400_2,895,25,0.16%,0.18%,"1,341",36,0.16%,0.18%,24.98%,37.50%,13,0,1.45%,0.00%,"272,87 €","0,00 €",8,0
B0F54LTCFF,B007TS67OY,Arcos Cuchillo Chef Acero Inoxidable 155 mm,280404_fbm,"1,229",14,0.22%,0.10%,"1,542",14,0.19%,0.07%,9.15%,0.00%,9,0,0.73%,0.00%,"148,68 €","0,00 €",8,0
B06XB92VRH,B00YU2ZS1A,CUPERINOX Cafetera Italiana Induccion Espresso Acero Inoxidable 6 Tazas,25033,89,0,0.02%,0.00%,109,0,0.01%,0.00%,98.92%,0.00%,8,0,8.99%,0.00%,"141,79 €","0,00 €",8,0
B0F1ZF7H1L,B017DLFYYK,Arcos Cuchillo Queso Acero Inoxidable Blanco 145 mm,232824_,"1,021",25,0.18%,0.18%,"1,188",29,0.14%,0.15%,85.31%,86.96%,8,0,0.78%,0.00%,"303,92 €","0,00 €",8,0
B017DLH9RA,B017DLH9RA,ARCOS Cuchillo Abre Ostras Acero Inoxidable 60 mm,277200_pp,262,9,0.05%,0.07%,364,12,0.04%,0.06%,90.43%,81.82%,8,0,3.05%,0.00%,"63,92 €","0,00 €",8,0
B0FR444FLT,B07C7YV74X,Arcos Manhattan Cuchillo Trinchar Acero Jamón y Carne 250 mm,161900_,317,8,0.06%,0.06%,376,8,0.05%,0.04%,95.04%,100.00%,8,0,2.52%,0.00%,"279,92 €","0,00 €",8,0
B0FR444FLT,B07D8WQ355,Arcos Serie Manhattan - Cuchillo Cocinero - Hoja de Acero Inoxidable Forjado Nitrum 210 mm - Mango de Polioximetileno (POM) Color Negro - Filo Seda,160600_,256,2,0.04%,0.01%,381,3,0.05%,0.02%,98.22%,100.00%,8,0,3.13%,0.00%,"299,92 €","0,00 €",8,0
B07G79KCFK,B07G79KCFK,"Arcos Cuchillos de Mesa Caja de 12 uds Cuchillo Chuletero Cuchillo de Mesa, Hoja de Acero Inoxidable NITRUM 105 mm, Mango de Nylon, Color Marrón (12 uds)",803800_,226,6,0.04%,0.04%,359,11,0.04%,0.06%,63.99%,44.44%,8,0,3.54%,0.00%,"319,92 €","0,00 €",8,0
B0F1ZF7H1L,B07JHPQGPW,Arcos Riviera Blanc Juego 3 Cuchillos Forjados POM Blanco,807610_,925,24,0.16%,0.17%,"1,228",32,0.15%,0.16%,47.03%,42.86%,8,1,0.86%,4.17%,"559,92 €","69,99 €",8,1
B0FR444FLT,B07N8VHP6Y,Arcos Cuchillo deshuesador con Hoja Acero Inoxidable Nitrum 160 mm. Cuchillo profesional para cortar huesos carne. Mango ergonómico polipropileno. Serie Brooklyn. Color azul.,192623_,147,3,0.03%,0.02%,201,3,0.02%,0.02%,94.08%,100.00%,8,0,5.44%,0.00%,"303,92 €","0,00 €",8,0
B08VRP7CR7,B08MTXC14T,Arcos Juego Cuchillos Carne | 6 Piezas | Cuchillos Carne Cuchillo chuleteros | Cubiertos Acero Inoxidable | Hoja 110 mm | Mango Redondo y Forma Ovalada | monobock | Caja Envase Ecológico (6 unidades),809900,169,3,0.03%,0.02%,255,3,0.03%,0.02%,100.00%,100.00%,8,0,4.73%,0.00%,"224,38 €","0,00 €",8,0
B0D73CM824,B0D73CM824,"Arcos Cuchillo Mesa | Cuchillo Chuletero | Cuchillo Carne| Cuchillo de Mesa | Pack 12 Unidades| Hoja de Acero Inoxidable115 mm, Mango de Polipropileno Color Negro",740000,852,23,0.15%,0.17%,"1,157",28,0.14%,0.14%,99.21%,100.00%,9,0,1.06%,0.00%,"278,91 €","0,00 €",8,0
B0DPKXM18X,B0DNQXN97X,CUPERINOX Soporte Jamonero Inoxidable | Jamonero Plegable | Jamonero Giratorio | Jamonero Profesional | Cuchillo Jamonero Profesional y Afilador,20250_,"2,793",81,0.49%,0.59%,"3,309",90,0.40%,0.45%,62.92%,50.82%,8,0,0.29%,0.00%,"479,92 €","0,00 €",8,0
B08TWZYBPZ,B0FZC8B2NX,"CUPERINOX - Estuche de Cuchillos Profesionales de Cocina 4 Piezas | Chef 20 cm, Santoku 18 cm, Universal 13 cm y Pelador 9 cm | Acero Inoxidable de Alta Precisión | Mango Ergonómico",19301_FBA,660,22,0.12%,0.16%,846,35,0.10%,0.18%,99.87%,100.00%,8,1,1.21%,4.55%,"279,92 €","34,99 €",8,1
B017DLL2KA,B017DLL2KA,"Arcos Regia Cuchillos Mesa Carne Nitrum POM Negro-Oro 4,5 pulg",375000_1Pieza,247,9,0.04%,0.07%,367,16,0.04%,0.08%,56.27%,72.73%,35,3,14.17%,33.33%,"419,65 €","35,97 €",7,1
B07878SB8W,B07878SB8W,WINS – Fregasuelos Limpiador Amoniacal Pino 018 | Garrafa 5 L | Friegasuelos Perfumado para Suelos y Superficies Lavables | Uso General | 100% Made in Spain,WINS018,64,1,0.01%,0.01%,100,1,0.01%,0.01%,96.81%,100.00%,8,0,12.50%,0.00%,"103,81 €","0,00 €",7,0
B0788R5C2F,B0788R5C2F,Wins 019 Desincrustante Máquinas. Envase 5 L. Producto ácido para la eliminación de incrustaciones de cal y óxido en máquinas lavavajillas.,BM-7KH8-TWCU,119,11,0.02%,0.08%,151,14,0.02%,0.07%,100.00%,100.00%,8,2,6.72%,18.18%,"158,00 €","39,50 €",7,2
B0FR444FLT,B07DQRFDMB,Arcos Manhattan Cuchillo Santoku Forjado Acero POM Negro 190 mm,161600_,699,10,0.12%,0.07%,"1,087",13,0.13%,0.07%,17.14%,50.00%,7,0,1.00%,0.00%,"241,43 €","0,00 €",7,0
B0F1ZF7H1L,B07JWG12BV,Arcos Riviera Set 3 Cuchillos Forjados Acero Inoxidable Nitrum,807710_,534,11,0.09%,0.08%,658,11,0.08%,0.06%,96.31%,80.00%,7,0,1.31%,0.00%,"489,93 €","0,00 €",7,0
B0FWM351K4,B07MDGR8G1,CUPERINOX® Couture Series - Tijera Costura Profesional 15 cm | Acero Inoxidable Irrompible | Mango Ergonómico Antideslizante | Corte Preciso y Duradero,21950_us,72,0,0.01%,0.00%,91,0,0.01%,0.00%,73.42%,0.00%,7,0,9.72%,0.00%,"55,93 €","0,00 €",7,0
B0FR444FLT,B07N8V34F1,"Arcos Cuchillo Santoku Acero Inoxidable Forjado con Balanceo, Mango Micarta y BorSeda Especial y Hoja Plateada 190 mm. Impresiona yorprencon Cada Corte. Serie Brooklyn. Color Azul.",191623_,332,6,0.06%,0.04%,436,7,0.05%,0.04%,69.95%,100.00%,7,0,2.11%,0.00%,"314,93 €","0,00 €",7,0
B0FR444FLT,B0843DNN57,Arcos Set Cuchillos Forjados 4 piezas (3 Cuchillos + 1 tijeras) - Acero Inoxidable Forjado NITRUM - Mango Micarta - Bloques Madera Color Azul. Serie Brooklyn. Impresiona yorprencon Cada Corte.,194000_,387,13,0.07%,0.09%,526,24,0.06%,0.12%,62.42%,36.84%,7,1,1.81%,7.69%,"729,93 €","101,99 €",7,1
B093313MH6,B093313MH6,Arcos | Cuchillo de deshuesar| Cuchillo deshuesador | cuchillo deshuesador jamón | cuchillo deshuesador (140 mm) Clásica| Envase Eco | cuchillo puntilla jamonero,256210_fba,497,10,0.09%,0.07%,715,14,0.09%,0.07%,100.00%,100.00%,8,0,1.61%,0.00%,"150,86 €","0,00 €",7,0
B0CQ5G2HVQ,B09T9PKHHR,"Arcos Sarten Antiadherente 18 cm - Aluminio Forjado, Mango Acero Inoxidable Efecto Frío, Apta para Inducción y Lavavajillas, Sistema Ahorro Energético, Serie Samoa Basic",716010,170,3,0.03%,0.02%,242,4,0.03%,0.02%,77.06%,50.00%,7,0,4.12%,0.00%,"183,75 €","0,00 €",7,0
B0CQ5G2HVQ,B09T9S9NZ4,"Arcos Sarten Antiadherente 24 cm - Aluminio Forjado, Full Induction, Mango Acero Inoxidable Efecto Frío, Apta Lavavajillas, Ahorro Energético, Serie Samoa",716310,625,16,0.11%,0.12%,920,25,0.11%,0.13%,20.05%,12.50%,7,0,1.12%,0.00%,"258,65 €","0,00 €",7,0
B09WYZHGQF,B09WYZHGQF,Arcos Nordika Juego 3 Cuchillos para Queso Acero Inoxidable Nitrum,167200_us,196,7,0.03%,0.05%,286,9,0.03%,0.05%,69.05%,80.00%,7,1,3.57%,14.29%,"481,60 €","68,80 €",7,1
B0C49YDKL4,B0C49YDKL4,Arcos Serie Nordika - Cuchillo Usuba - Acero Inoxidable NITRUM - Hoja de 175 mm - Mango de Madera Ovengkol 100% natural de bosques certificados FSC® - Embalaje 100% reciclado,168000,158,7,0.03%,0.05%,217,10,0.03%,0.05%,86.17%,100.00%,7,0,4.43%,0.00%,"315,67 €","0,00 €",7,0
B0CN13SJ98,B0CN13SJ98,"HENDI Expositor con cubierta deslizante roll-top, Doble",H871768,590,42,0.10%,0.30%,923,59,0.11%,0.30%,42.40%,42.22%,7,1,1.19%,2.38%,"334,25 €","47,75 €",7,1
B0DKP7F29P,B0DJBXPR33,Arcos Serie Samoa Iconic | Sarten Antiadherente Cerámico 28 cm | Aluminio Forjado | Apta cualquier cocina | Mango Acero Inoxidable | Apta lavavajillas | Color Negro | LIBRE DE (PFOA/PTFE/PFOS),716522,276,2,0.05%,0.01%,386,2,0.05%,0.01%,78.04%,0.00%,7,0,2.54%,0.00%,"342,00 €","0,00 €",7,0
B0F9X4NXL3,B0F9GJRSSJ,"CUPERINOX Cuchillos Mesa, cuchillo carne, cuchillo mantequilla, Set 6 piezas, acero inoxidable, hoja con filo y sierra, cuchillo untar. Apto lavavajillas. Mango ergonomico",20043_6,165,5,0.03%,0.04%,227,6,0.03%,0.03%,100.00%,100.00%,7,2,4.24%,40.00%,"68,93 €","18,98 €",7,2
B0F9X4NXL3,B0F9KXQKLG,"CUPERINOX Cuchillos Mesa, cuchillo carne, cuchillo mantequilla, Set 24 piezas, acero inoxidable, hoja con filo y sierra, cuchillo untar. Apto lavavajillas. Mango ergonomico",20043-24,114,3,0.02%,0.02%,134,5,0.02%,0.03%,100.00%,100.00%,8,0,7.02%,0.00%,"159,92 €","0,00 €",7,0
B0G3ZJ89NB,B0FZD7ZY1W,CUPERINOX Cuchillo Jamonero Profesional 25 cm – Hoja Alveolada de Acero Inoxidable Antideslizante con Mango Ergonómico – Corte Preciso y Fino para Jamón y Paletilla| Maestros del Corte,19303f,538,13,0.09%,0.09%,675,14,0.08%,0.07%,98.56%,100.00%,7,0,1.30%,0.00%,"139,93 €","0,00 €",7,0
B0F1ZF7H1L,B005LR6GE6,Arcos Cuchillo Cocinero Negro 250 mm,233700_,"1,771",32,0.31%,0.23%,"2,364",41,0.29%,0.21%,18.16%,40.91%,6,0,0.34%,0.00%,"260,70 €","0,00 €",6,0
B0F1ZF7H1L,B005LR6H5O,Arcos Cuchillo Chef Forjado Acero Inoxidable. Cuchillo Cocina Profesional Multiusos Cortar Carne y Verduras. Mango Ergonómico Polioximetileno y Hoja 300mm. Serie Riviera. Color Negro.,233800_,293,13,0.05%,0.09%,366,16,0.04%,0.08%,87.65%,66.67%,6,1,2.05%,7.69%,"359,94 €","59,99 €",6,1
B0752X4WV1,B005LR73R0,Arcos Juego Chuleteros Mango Madera 110 mm,372000,"4,633",124,0.81%,0.90%,"6,850",191,0.84%,0.96%,14.89%,23.81%,6,0,0.13%,0.00%,"143,57 €","0,00 €",6,0
B0F1ZF7H1L,B00BHZPO12,Arcos Cuchillo Cocina Acero Inoxidable Blanco 180 mm,233524_,433,7,0.08%,0.05%,542,7,0.07%,0.04%,37.06%,0.00%,6,1,1.39%,14.29%,"209,94 €","34,99 €",6,1
B0752V8D5V,B00I9XTGJ6,ARCOS Taco Redondo Protector de Cuchillos Caucho Termoplástico 225 mm,794000,308,5,0.05%,0.04%,474,8,0.06%,0.04%,23.47%,50.00%,6,1,1.95%,20.00%,"149,94 €","24,99 €",6,1
B017HKSR4G,B00WUZRKJW,Arcos Cuchillos de Mesa - Hoja de Acero Inoxidable Nitrum 110 mm - Mango Ergonómico de Polipropileno - Ideal para Comedor - Color Crema - Serie Elegance,802900,708,15,0.12%,0.11%,"1,125",20,0.14%,0.10%,26.97%,33.33%,17,0,2.40%,0.00%,"59,33 €","0,00 €",6,0
B0752X1Z92,B01KZWSCSE,ARCOS Mochila para 9 Cuchillos de Cocina en Poliéster y PVC. Bolsa Portacuchillos Profesional para Almacenar y Transportar Utensilios de Cocina. 330 x 480 x 185 Mm. Color Negro,694900,199,9,0.03%,0.07%,290,11,0.04%,0.06%,86.42%,88.89%,6,4,3.02%,44.44%,"389,40 €","259,60 €",6,4
B077V7LJJM,B077V7LJJM,"Arcos Serie Riviera, Set Jamonero de 3 piezas, 1 Cuchillo Jamonero + 1 Deshuesador + 1 Chaira, Hoja de Acero Inoxidable Forjado Nitrum, Mango de Polioximetileno, POM, Color Negro",_806911_,220,13,0.04%,0.09%,304,15,0.04%,0.08%,72.66%,77.78%,6,0,2.73%,0.00%,"419,94 €","0,00 €",6,0
B078GYCH1G,B078GYCH1G,Tenedor de marisco - 6 unid,20023,54,2,0.01%,0.01%,85,6,0.01%,0.03%,98.68%,100.00%,6,0,11.11%,0.00%,"73,94 €","0,00 €",6,0
B0792XNYCY,B0792XNYCY,VINFER Detergente alcalino clorado Wins 022. Botella de 5 litros. Limpieza e higiene para Todo Tipo de Superficies,WINS022,61,3,0.01%,0.02%,86,5,0.01%,0.03%,93.75%,100.00%,6,0,9.84%,0.00%,"72,14 €","0,00 €",6,0
B093DSL44T,B07F9RV81Z,Arcos Cuchillo Chuletero de 4 Pulgadas con Hoja de 105mm en Acero Inoxidable y Mango de Madera. Cuchillo para Carne Apto para Lavavajillas. Serie Latina. Color Marrón,100400_fba,"1,119",19,0.20%,0.14%,"1,715",31,0.21%,0.16%,72.59%,100.00%,6,0,0.54%,0.00%,"215,94 €","0,00 €",6,0
B0B3F4QXML,B07HY6FKNQ,Arcos Serie Clasica - Juego de Cuchillos de 7 piezas en Caja de Regalo (5 Cuchillos + 1 Tijeras + 1 Chaira) - Hoja de Acero Inoxidable Forjado NITRUM - Mango de Polioximetileno (POM) - Color marrón,854400_2,445,11,0.08%,0.08%,631,19,0.08%,0.10%,95.97%,100.00%,6,0,1.35%,0.00%,"897,94 €","0,00 €",6,0
B0FR444FLT,B07N8S366Z,Arcos Cuchillo Cocina Forjado en Acero Inoxidable. Hoja Plateada 210 mm. Cuchillo Chef con Mango Profesional Micarta y Borde de Seda Especial. Serie Brooklyn. Color Azul.,190623_,423,15,0.07%,0.11%,559,19,0.07%,0.10%,95.83%,100.00%,6,0,1.42%,0.00%,"281,94 €","0,00 €",6,0
B0FR444FLT,B07N8TV9CC,Arcos Brooklyn Cuchillo Rebanar Jamonero Forjado Micarta Azul 250 mm,191923_,270,4,0.05%,0.03%,351,4,0.04%,0.02%,88.60%,100.00%,6,0,2.22%,0.00%,"239,04 €","0,00 €",6,0
B0FR444FLT,B07N8VCFRY,Arcos Brooklyn Cuchillo Panero Acero Inoxidable Nitrum 200 mm,191323_,172,2,0.03%,0.01%,207,3,0.03%,0.02%,96.61%,100.00%,6,0,3.49%,0.00%,"233,28 €","0,00 €",6,0
B089M821V5,B089M821V5,Arcos Cuchillos Carne | 6 pzas | Cuchillos chuleteros Set Cuchillo de Mesa Sierra | Mango Madera | Hoja 110 mm | Cuchillos Carne Mesa | Apto lavavajillas | Envase Carton | Ecologico,815500_,566,22,0.10%,0.16%,785,27,0.10%,0.14%,94.26%,100.00%,6,0,1.06%,0.00%,"179,94 €","0,00 €",6,0
B08L27XH2W,B08L27XH2W,"HENDI Mochila isotérmica de Transporte y Reparto de Pizzas y Alimentos, Bolsa aislada e Impermeable para la Entrega de Pedidos de Pizza y Comidas, Interior 39x39x(H) 45cm, Negra, 41x41x(H) 48cm",H709801,174,8,0.03%,0.06%,298,12,0.04%,0.06%,61.51%,66.67%,6,0,3.45%,0.00%,"422,02 €","0,00 €",6,0
B0CQLNJVKL,B08TWYZQ6H,"Arcos Thera Sartén Antiadherente de 16 Cm para Inducción, Gas y Vitrocerámica. Sartén de Cocina Pequeña de Aluminio Fundido con Mango Ergonómico Extraíble y Apta para Lavavajillas. Color Negro y Azul",718000,577,14,0.10%,0.10%,792,15,0.10%,0.08%,15.88%,0.00%,6,0,1.04%,0.00%,"129,30 €","0,00 €",6,0
B08ZNM265D,B08ZNM265D,Arcos | cuchillos de mesa cuchillo mesa tradicional | 6 Piezas cuchillo chuletero | mango nailon | Envase Eco | Fabricado en España,704400,316,5,0.06%,0.04%,470,5,0.06%,0.03%,100.00%,100.00%,7,0,2.22%,0.00%,"188,93 €","0,00 €",6,0
B098BLF7X6,B098BLF7X6,"Tradineur - Grasera metálica para pescado con filtro, aceitera con colador para conservación de aceite de acero inoxidable, recipiente para colar aceites - Ø 9 cm",22106_us,104,2,0.02%,0.01%,152,2,0.02%,0.01%,98.47%,100.00%,6,0,5.77%,0.00%,"44,94 €","0,00 €",6,0
B0CRDY65RY,B09T9QCXL9,Arcos Cacerola Antiadherente Aluminio Forjado 28 cm,717110,"1,725",23,0.30%,0.17%,"2,357",30,0.29%,0.15%,27.38%,23.08%,6,0,0.35%,0.00%,"328,50 €","0,00 €",6,0
B09XF6G1Q8,B09XF6G1Q8,Arcos Serie Universal - Juego de Cuchillos de Cocina de 4 piezas (3 Cuchillos Cocineros + Tijeras) - Hoja de Acero Inoxidable NITRUM - Mango de Polioximetileno (POM) - Color Negro,807410+TIJERA,212,3,0.04%,0.02%,301,4,0.04%,0.02%,99.23%,100.00%,6,0,2.83%,0.00%,"299,94 €","0,00 €",6,0
B0C5X757TS,B0C5X757TS,Arcos Serie Lisboa - Cubertería de 24 piezas en Caja de Regalo (6 Cuchillos + 12 Cucharas + 6 Tenedores) - Monoblock de una pieza en Acero Inoxidable - Color Plata,597400,137,1,0.02%,0.01%,231,1,0.03%,0.01%,96.30%,100.00%,9,0,6.57%,0.00%,"791,91 €","0,00 €",6,0
B0FDL4Q2JB,B0FDL4Q2JB,VINFERMATON – Insecticida Avispas y Avisperos Exterior Pack 2×600 ml | Antiavispas | Alcance hasta 4 m | Acción Inmediata Profesional | 100% MADE IN SPAIN,V0020_PACK2,108,2,0.02%,0.01%,138,3,0.02%,0.02%,90.91%,100.00%,6,1,5.56%,50.00%,"104,12 €","16,62 €",6,1
B0F54LTCFF,B000NOAYN6,Arcos Universal Set 2 Piezas Jamonero + Afilador Acero Inoxidable Nitrum,285500,328,27,0.06%,0.20%,373,30,0.05%,0.15%,48.51%,53.85%,5,0,1.52%,0.00%,"119,34 €","0,00 €",5,0
B0F1ZF7H1L,B005LR65BK,Arcos Cuchillo Negro 100 mm,230200_,"1,177",25,0.21%,0.18%,"1,755",31,0.21%,0.16%,8.49%,0.00%,5,0,0.42%,0.00%,"100,28 €","0,00 €",5,0
B07YM65C6J,B007TS6HMQ,ARCOS Pinza para Pescado Acero Inoxidable,605000_605010,916,33,0.16%,0.24%,"1,332",51,0.16%,0.26%,99.29%,100.00%,5,0,0.55%,0.00%,"47,45 €","0,00 €",5,0
B007TS6HNK,B007TS6HNK,ARCOS Corta Pizzas Acero Inoxidable 100 mm,614800_,220,10,0.04%,0.07%,315,15,0.04%,0.08%,10.00%,7.69%,5,1,2.27%,10.00%,"59,95 €","11,99 €",5,1
B0B3CWSDRQ,B00CF20V2I,ARCOS Chaira Afilador Manual Acero Carbono Cromado Negro 230 mm,278100_,585,12,0.10%,0.09%,852,15,0.10%,0.08%,3.94%,14.29%,5,0,0.85%,0.00%,"59,75 €","0,00 €",5,0
B0FWK4CNH3,B00WHV21BG,CUPERINOX TIJERAS PESCADO | TIJERAS COCINA| TIJERAS ACERO| TIJERAS | 20 CM | UTENSILIOS DE COCINA,21992_,29,0,0.01%,0.00%,39,0,0.00%,0.00%,100.00%,0.00%,6,0,20.69%,0.00%,"43,50 €","0,00 €",5,0
B017DLM9SO,B017DLM9SO,ARCOS Tenedores para Tartas Acero Inoxidable 18/10 140 mm,574300_fba,"1,199",43,0.21%,0.31%,"1,807",62,0.22%,0.31%,2.98%,0.00%,6,0,0.50%,0.00%,"59,94 €","0,00 €",5,0
B019H2J21O,B019H2J21O,"Cuperinox 22531, Flanero Inoxidable 18cm con tapa",22531_us,160,0,0.03%,0.00%,207,0,0.03%,0.00%,98.36%,0.00%,5,0,3.13%,0.00%,"42,95 €","0,00 €",5,0
B07DFK4T6L,B07DFK4T6L,"Arcos Cuchillo Deshuesador Profesional - Hoja Silk Edge Acero Inoxidable Nitrum 160 mm, Precisión y Durabilidad, Mango Ergonómico POM Negro, Serie Manhattan",162600_,105,2,0.02%,0.01%,157,3,0.02%,0.02%,96.09%,100.00%,5,0,4.76%,0.00%,"138,75 €","0,00 €",5,0
B07F9GQZCB,B07F9GQZCB,Arcos Cuchillo para Verduras de 4 Pulgadas con Hoja de 105mm en Acero Inoxidable y Mango de Madera. Cuchillo para Vegetales Apto para Lavavajillas. Serie Latina. Color Marrón,100500_fba,354,8,0.06%,0.06%,572,13,0.07%,0.07%,91.12%,100.00%,5,0,1.41%,0.00%,"184,95 €","0,00 €",5,0
B0FR444FLT,B07N8W7718,Arcos Cuchillo Chef Forjado Acero Inoxidable Tamaño. Mango Profesional Micarta y BorSeda Especial con Hoja Plateada 250 mm. Impresiona yorprencon Cada Corte. Serie Brooklyn. Color Azul.,190823_,259,8,0.05%,0.06%,333,13,0.04%,0.07%,96.15%,100.00%,5,0,1.93%,0.00%,"264,95 €","0,00 €",5,0
B07N8WMVK1,B07N8WMVK1,ARCOS Taco Cajonera Organizador Bambú hasta 25 cm Marrón,794300_fbm,321,5,0.06%,0.04%,515,5,0.06%,0.03%,20.00%,50.00%,5,0,1.56%,0.00%,"159,95 €","0,00 €",5,0
B09NT4VRN7,B0812BKN39,Arcos Juego de Cuchillos Mondadores de 3 Piezas,859800_,"13,033",263,2.29%,1.91%,"18,145",379,2.21%,1.91%,27.65%,5.83%,7,6,0.05%,2.28%,"67,89 €","56,90 €",5,4
B08M9QRSW8,B08M9QRSW8,Arcos | Juego Cuchillos cuchillos mesa | 6 Uds | cuchillo fruta | cuchillo postre | Hoja 110 mm | Acero Inoxidable Martensítico | Mango Nylon | apto lavavajillas | Envase Ecológico,703600fbm,114,3,0.02%,0.02%,189,9,0.02%,0.05%,99.38%,100.00%,28,23,24.56%,766.67%,"267,42 €","207,47 €",5,2
B08PFX1GT8,B08PFX1GT8,WINS – Fregasuelos Magnolia 017 |Friegasuelos Limpiador Neutro para Suelos y Superficies | Garrafa 5L | Aroma Magnolia Suave y Duradero | Uso Diario Profesional | 100% Made in Spain,WINS017,51,4,0.01%,0.03%,66,6,0.01%,0.03%,93.65%,100.00%,9,5,17.65%,125.00%,"87,13 €","45,17 €",5,2
B0CQM2K3QY,B08TX1D4LL,"ARCOS Thera Olla Grande de Cocina de 24 Cm y 4 L. Cacerola Alta para Inducción, Gas y Vitrocerámica. Olla de Aluminio Fundido con Tapa de Cristal y Mango Extraíble. Apta Lavavajillas. Color Negro Azul",718700,242,7,0.04%,0.05%,361,13,0.04%,0.07%,41.05%,54.55%,5,1,2.07%,14.29%,"267,25 €","53,99 €",5,1
B0DK3CM34K,B08VW7LTT6,"HENDI Cabezal de antorcha de cocina de llama continua con cartucho de recarga de gas GLP 199039, soplete flambeador, quemador de gas GLP, profesional, versátil-seguro 360°, negro con acentos en verde",H198254,89,8,0.02%,0.06%,144,14,0.02%,0.07%,90.08%,100.00%,5,1,5.62%,12.50%,"176,11 €","34,99 €",5,1
B09MRYLZ4M,B09MRYLZ4M,Arcos Juego de Cuchillos de Cocina de 3 Piezas,167100_us,"2,003",34,0.35%,0.25%,"2,744",57,0.33%,0.29%,16.32%,15.38%,5,1,0.25%,2.94%,"344,50 €","68,90 €",5,1
B0CRDY65RY,B09T6KZ2K8,"Arcos Cacerola Antiadherente 20 cm Aluminio Forjado, Mango Efecto Frío, Apta Inducción y Lavavajillas, Ahorro Energético, 2.6 L Capacidad, Serie Samoa",716910,593,2,0.10%,0.01%,785,2,0.10%,0.01%,20.91%,100.00%,5,0,0.84%,0.00%,"208,75 €","0,00 €",5,0
B0B31QM7RW,B0B31QM7RW,CUPERINOX Tijeras de costura | 14 cm | Costura profesional | Tijeras modista | Acero Inoxidable | Mango ergonómico | Tijeras sastre,21950,58,2,0.01%,0.01%,77,2,0.01%,0.01%,98.48%,100.00%,6,0,10.34%,0.00%,"47,94 €","0,00 €",5,0
B0BJPYW95J,B0BJPYW95J,Arcos Accesorios - Sacacorchos Manual Abrebotellas Manual - Mango de Aleación de Zinc - Color Negro mate (Incluye cortacápsulas),607500_,156,6,0.03%,0.04%,238,7,0.03%,0.04%,100.00%,100.00%,6,0,3.85%,0.00%,"251,94 €","0,00 €",5,0
B0FQNZM34T,B0BRTZ2X8C,Arcos Serie Opera - Set Cuchillos de Cocina 3 piezas - Acero Inoxidable Forjado NITRUM - Mango POM - Color negro,805900_,207,7,0.04%,0.05%,289,7,0.04%,0.04%,97.30%,100.00%,5,0,2.42%,0.00%,"364,50 €","0,00 €",5,0
B0DKP7F29P,B0DJBYWWVM,"Arcos Serie Samoa Iconic | Cacerola Antiadherente Cerámico 24 cm y 4,3 L | Aluminio Forjado | Apta cualquier cocina | Mango Acero Inoxidable | Color Negro | LIBRE DE (PFOA/PTFE/PFOS)",717022,201,6,0.04%,0.04%,279,7,0.03%,0.04%,92.12%,100.00%,5,1,2.49%,16.67%,"274,75 €","54,95 €",5,1
B0DQV6381X,B0DQRF2HZK,CUPERINOX Jamonera Inoxidable | Jamonero | Soporte Jamonero | Tabla Jamon Inoxidable | Facil Montaje | Tabla Jamon Profesional,SC_20260,299,8,0.05%,0.06%,354,8,0.04%,0.04%,99.07%,100.00%,5,0,1.67%,0.00%,"114,95 €","0,00 €",5,0
B0DQV6381X,B0F2Q1K35T,CUPERINOX Soporte Jamonero Balancín | Jamonero Giratorio Profesional | Jamonero Madera | Jamonera Profesional | Tabla Cortar Jamon,20290,"2,843",96,0.50%,0.70%,"3,917",129,0.48%,0.65%,99.12%,97.47%,5,0,0.18%,0.00%,"424,95 €","0,00 €",5,0
B0044R87XM,B0044R87XM,"Arcos Cuchillo cocina laerie Kyoto - Hoja Acero Inoxidable forjado Nitrum 6"" - Mango negro polioximetileno (POM) - Elegante y duradero (7'')",178900_,135,1,0.02%,0.01%,185,1,0.02%,0.01%,99.40%,100.00%,4,0,2.96%,0.00%,"199,96 €","0,00 €",4,0
B096SHJ82T,B0044R8868,Arcos Juego de 12 Cubiertos para Mesa. Set de 6 Cuchillos Chuleteros y 6 Tenedores en Madera de Haya y Acero Inoxidable. Estuche para Carne. Serie Mesa. Color Marrón,377700_fbm,"1,209",36,0.21%,0.26%,"1,627",43,0.20%,0.22%,19.92%,20.69%,5,1,0.41%,2.78%,"234,95 €","46,99 €",4,1
B0F1ZF7H1L,B005LR698E,Arcos Cuchillo Negro 130 mm,231500_,"1,590",43,0.28%,0.31%,"2,313",63,0.28%,0.32%,3.36%,25.64%,4,1,0.25%,2.33%,"93,96 €","23,49 €",4,1
B0F1ZF7H1L,B005LR6C7C,Arcos Cuchillo Cocina Acero Inoxidable Negro 180 mm,233500,"1,678",32,0.29%,0.23%,"2,384",41,0.29%,0.21%,19.16%,16.67%,4,0,0.24%,0.00%,"139,96 €","0,00 €",4,0
B0752SPHL9,B005LR6W8Q,Arcos Maitre Set 5 Cuchillos Acero Inoxidable Nitrum,152000_,556,12,0.10%,0.09%,750,19,0.09%,0.10%,76.96%,64.29%,4,0,0.72%,0.00%,"247,96 €","0,00 €",4,0
B0BMQ3CMJD,B005LR73D4,Arcos Serie Niza - Set Jamoneri - Cuchillo Jamonero + Chaira - Hoja de Acero Inoxidable NITRUM de 240 mm - Mangos fabricados en Polipropileno (PP) Color Negro,136700_fbm,731,18,0.13%,0.13%,"1,025",25,0.13%,0.13%,10.66%,21.43%,4,0,0.55%,0.00%,"59,96 €","0,00 €",4,0
B005LR78LQ,B005LR78LQ,ARCOS Forged Tijeras de Cocina Acero Inoxidable Forjado 225 mm,507100,83,2,0.01%,0.01%,112,3,0.01%,0.02%,77.00%,33.33%,6,0,7.23%,0.00%,"231,00 €","0,00 €",4,0
B0F54LTCFF,B007TS67WG,Arcos Cuchillo Chef Acero Inoxidable 300 mm,280804,527,14,0.09%,0.10%,618,18,0.08%,0.09%,14.41%,8.33%,4,1,0.76%,7.14%,"119,00 €","29,75 €",4,1
B0B3F4QXML,B008U6TDTK,Arcos Serie Clasica - Juego de Cuchillos de 5 piezas en Caja de Regalo (5 Cuchillos) - Hoja de Acero Inoxidable Forjado NITRUM - Mando de Polioximetileno (POM) - Bloque de madera color marrón acabado lacado,257000,795,14,0.14%,0.10%,"1,191",20,0.15%,0.10%,23.48%,0.00%,4,0,0.50%,0.00%,"537,96 €","0,00 €",4,0
B00KISSXY4,B00KISSXY4,"HENDI Bandeja de Servicio AmerBox, Grande, Rectangular, Multiusos, Bandeja para Servir Comida rápida, Bebidas, Fast Food, Bandeja de Cocina, 350x450x(H) 20mm, Gris, Polipropileno",H878804,63,5,0.01%,0.04%,104,16,0.01%,0.08%,100.00%,100.00%,19,0,30.16%,0.00%,"189,81 €","0,00 €",4,0
B00NM2X21W,B00NM2X21W,Arcos Accesorios - Prensa Ajos Prensador de Ajos - Tamaño 160 mm - Hecho de Aleación de Zinc - Color Plata,603500_,156,2,0.03%,0.01%,218,3,0.03%,0.02%,25.84%,0.00%,4,0,2.56%,0.00%,"63,96 €","0,00 €",4,0
B017HKR8WS,B00OFR535Q,"Arcos Afiladores - Afilador Eléctrico de Cuchillos Afilador de Cuchillos Eléctricos, Hecho de Plástico, Color Negro (Rodillos de Banda Intercambiables)",610500_fbm,"1,026",40,0.18%,0.29%,"1,200",50,0.15%,0.25%,99.05%,92.00%,4,1,0.39%,2.50%,"978,96 €","234,99 €",4,1
B00U2QWLVS,B00U2QWLVS,Arcos Cuchillo Chuletero de Mesa Acero Inoxidable Nitrum 115 mm,740009_us,53,1,0.01%,0.01%,78,1,0.01%,0.01%,100.00%,100.00%,12,0,22.64%,0.00%,"47,88 €","0,00 €",4,0
B0F54LTCFF,B00VRWR53K,"Arcos Serie Universal, Macheta Cuchillo Carnicero, Hoja de Acero Inoxidable Nitrum 180 mm, Mango de Polioximetileno, Pom Color Negro",288100_,214,9,0.04%,0.07%,240,10,0.03%,0.05%,99.53%,100.00%,4,0,1.87%,0.00%,"159,96 €","0,00 €",4,0
B071LGMGHG,B071LGMGHG,Arcos Tijeras de Manicura Rectas de Acero Forjado 102 mm - Uso Profesional y Doméstico - Niqueladas Plata - Serie Style,501100,71,3,0.01%,0.02%,97,3,0.01%,0.02%,59.52%,100.00%,4,0,5.63%,0.00%,"39,96 €","0,00 €",4,0
B071S7PRTZ,B071S7PRTZ,"Arcos Riviera Blanc, Set Jamonero de 2 piezas, Acero Inoxidable Forjado, Mango POM, Color Blanco",852000_,56,1,0.01%,0.01%,85,1,0.01%,0.01%,62.50%,100.00%,4,0,7.14%,0.00%,"167,96 €","0,00 €",4,0
B0752NT3TH,B072FGV2YB,Arcos Serie Prochef - Tijeras de Cocina - Hoja de Acero Inoxidable - 220 mm - Mango de Polipropileno Color Negro,185900,411,14,0.07%,0.10%,467,17,0.06%,0.09%,65.30%,78.57%,4,0,0.97%,0.00%,"99,96 €","0,00 €",4,0
B079ZCF2G9,B079ZCF2G9,Arcos Nova Juego 6 Cuchillos Carne Serrados Nitrum Negro 110 mm,188900_fbm,243,2,0.04%,0.01%,394,4,0.05%,0.02%,27.00%,0.00%,7,0,2.88%,0.00%,"124,25 €","0,00 €",4,0
B0FR444FLT,B07D8GYFC7,"Arcos Cuchillo Chef Forjado Acero Inoxidable NITRUM - Profesional Cocina, Mango Ergonómico POM Negro, Hoja Silk Edge 150 mm, Serie Manhattan",160400_,110,4,0.02%,0.03%,158,5,0.02%,0.03%,99.28%,100.00%,4,0,3.64%,0.00%,"129,96 €","0,00 €",4,0
B07DC711NK,B07DC711NK,"HENDI Batidora de Mano, Carcasa de ABS, Brazo Batidor de Acero Inoxidable, Cuchillas cruzadas con Revestimiento de Titanio, 6 Velocidades, Pantalla LCD, 250W, 230V, Procesa de 1-8 Litros, ø71x(H)444mm",H222157,548,67,0.10%,0.49%,772,96,0.09%,0.48%,7.76%,7.50%,4,2,0.73%,2.99%,"428,57 €","214,29 €",4,2
B0FR444FLT,B07DC9LM3W,"Arcos Cuchillo Panadero Profesional - Hoja Silk Edge 200 mm en Acero Inoxidable Nitrum, Corte Preciso y Duradero, Ideal para Pan y Pasteles, Diseño Elegante y Seguro, Serie Manhattan",161300_,170,2,0.03%,0.01%,247,2,0.03%,0.01%,72.56%,100.00%,4,0,2.35%,0.00%,"127,96 €","0,00 €",4,0
B0B8Z4CJBC,B07F2YVB15,"Arcos Juego Cuchillos Pelar Acero Inoxidable Nitrum 4""",136500_2,"1,629",38,0.29%,0.28%,"2,351",50,0.29%,0.25%,93.03%,65.79%,4,3,0.25%,7.89%,"76,96 €","57,72 €",4,3
B09381N96H,B07G75XCXM,"Arcos Serie Cuchillos de Mesa Caja 12 uds Cuchillo Mesa, Hoja Serrada de Acero Inoxidable NITRUM de 125 mm, Mango Polipropileno Color crema (12 UDS)",370200_fbm,73,0,0.01%,0.00%,120,0,0.01%,0.00%,97.89%,0.00%,4,0,5.48%,0.00%,"79,96 €","0,00 €",4,0
B07JHPTKC9,B07JHPTKC9,"Arcos Set Jamonero 3 Piezas - Cuchillo Jamonero, Deshuesador y Chaira - Hoja Silk Edge Inoxidable Forjada NITRUM - Mango Resistente POM Negro - Corte Preciso y Duradero - Serie Manhattan",858500_,102,3,0.02%,0.02%,158,3,0.02%,0.02%,100.00%,100.00%,4,1,3.92%,33.33%,"301,21 €","74,99 €",4,1
B07JWM27F4,B07JWM27F4,Arcos Set Cuchillos Cocina Profesionales Forjados en Acero Inoxidable. Juego de 3 Cuchillos (Pelador 100 mm + Cocinero 150 mm + Cocinero 200 mm). Mango Ergonómico Rosa en Polioximetileno. Riviera Rose,855100,337,7,0.06%,0.05%,499,7,0.06%,0.04%,98.56%,100.00%,4,0,1.19%,0.00%,"299,96 €","0,00 €",4,0
B0F66KBPV1,B07N7Y7LD9,HENDI Cesta de lavavajillas Profesional para Vasos,H871348,93,9,0.02%,0.07%,143,18,0.02%,0.09%,75.78%,0.00%,4,0,4.30%,0.00%,"85,96 €","0,00 €",4,0
B0FR444FLT,B07N8V3SNH,"Arcos Cuchillo Tomate Forjado Acero Inoxidable 130 mm - Mango Ergonómico POM Negro, Borde Serrado para Rebanadas Perfectas - Serie Manhattan, Calidad Profesional",162000_,264,5,0.05%,0.04%,302,6,0.04%,0.03%,96.65%,100.00%,5,0,1.89%,0.00%,"121,25 €","0,00 €",4,0
B0F1ZF7H1L,B07YXBK4HD,Arcos Riviera Set 3 Cuchillos de Corte Acero Inoxidable Nitrum,806911_,"1,812",28,0.32%,0.20%,"2,194",38,0.27%,0.19%,81.52%,84.62%,4,0,0.22%,0.00%,"259,80 €","0,00 €",4,0
B08VRP7CR7,B08MTXC14T,Arcos Juego Cuchillos Carne | 6 Piezas | Cuchillos Carne Cuchillo chuleteros | Cubiertos Acero Inoxidable | Hoja 110 mm | Mango Redondo y Forma Ovalada | monobock | Caja Envase Ecológico (6 unidades),809900FBM,169,3,0.03%,0.02%,255,3,0.03%,0.02%,100.00%,100.00%,5,0,2.96%,0.00%,"138,55 €","0,00 €",4,0
B08Q7W1Q4K,B08Q7W1Q4K,"Tradineur - Pack de 2 Graseras de metal de Ø 9,3 x 11 cm - Incluye filtro, asa y tapa - Aceitera con colador para conservación de aceite de acero inoxidable - Capacidad de 550 ml",22105+22106,128,2,0.02%,0.01%,173,2,0.02%,0.01%,97.50%,100.00%,4,0,3.13%,0.00%,"43,96 €","0,00 €",4,0
B09FQ5SZK8,B0968LSP2T,"Arcos Utensilios Barbacoa - Cuchillo 200 mm y Tenedor 215 mm, Acero Inoxidable NITRUM, Mango Madera Ovengkol FSC, Set 2 Piezas, Embalaje Reciclado, Serie Nordika",167000_fbm,326,3,0.06%,0.02%,399,3,0.05%,0.02%,47.53%,0.00%,4,0,1.23%,0.00%,"199,96 €","0,00 €",4,0
B09F9KVBDX,B09F9KVBDX,Arcos Nova Juego 8 Cuchillos Mesa Acero Crema 105 mm,705300,564,16,0.10%,0.12%,900,26,0.11%,0.13%,10.78%,6.67%,4,0,0.71%,0.00%,"67,96 €","0,00 €",4,0
B09WYYY5MD,B09WYYY5MD,Arcos Nordika Cuchillo para Queso Acero Inoxidable Nitrum 125 mm,166100_us,64,1,0.01%,0.01%,86,1,0.01%,0.01%,52.63%,0.00%,4,0,6.25%,0.00%,"105,96 €","0,00 €",4,0
B08VRP7CR7,B09XMVTWLT,Arcos Juego Cuchillos Carne | 6 Piezas | Cuchillos Carne Cuchillo chuleteros | Cubiertos Acero Inoxidable | Hoja 110 mm | Mango Redondo y Forma Ovalada | monobock | Caja Envase Ecológico (Filo Liso),830000_,205,5,0.04%,0.04%,349,8,0.04%,0.04%,100.00%,100.00%,4,0,1.95%,0.00%,"131,96 €","0,00 €",4,0
B0B2RHJYHB,B0B2RHJYHB,"HENDI Cesta para Freír, 8L, 242x200x(H)140mm",H933664,47,2,0.01%,0.01%,67,3,0.01%,0.02%,91.80%,100.00%,4,0,8.51%,0.00%,"151,96 €","0,00 €",4,0
B0B464Q8VS,B0B464Q8VS,CUPERINOX® Kitchen Pro | Tijeras de Cocina Profesional 21 cm Tijeras de Trinchar Carne y Pescado Acero Inoxidable Mango Ergonómico Apto Lavavajillas,21981,41,1,0.01%,0.01%,53,1,0.01%,0.01%,100.00%,100.00%,5,1,12.20%,100.00%,"48,22 €","8,26 €",4,1
B0C5XR2TFF,B0C5XR2TFF,Arcos Serie Thera | Sarten Antiadherente 22 cm | Aluminio Fundido | Apta cualquier cocina | Mango Ergonómico Plástico y Silicona | Sistema ahorro energético | Apta lavavajillas | Color Negro y Azul,719800,49,0,0.01%,0.00%,69,0,0.01%,0.00%,82.54%,0.00%,4,1,8.16%,0.00%,"129,00 €","32,25 €",4,1
B0DG2RQFHP,B0DG2RQFHP,"HENDI Bandeja de horno GN 1/1 Convectomat – 8 moldes redondos – para huevos fritos, tortillas, panqueques, crepes – Revestimiento antiadherente – 260°C – 530x325x(H) 26mm – Acero inoxidable",H808856,46,8,0.01%,0.06%,87,14,0.01%,0.07%,76.71%,80.00%,6,4,13.04%,50.00%,"271,50 €","181,00 €",4,2
B0DKP7F29P,B0DJC1RQ9T,"Arcos Serie Samoa Iconic | Cacerola Antiadherente Cerámico 20 cm y 2,6 L | Aluminio Forjado | Apta cualquier cocina | Mango Acero Inoxidable | Color Negro | LIBRE DE (PFOA/PTFE/PFOS)",716922,215,2,0.04%,0.01%,250,2,0.03%,0.01%,95.45%,100.00%,4,1,1.86%,50.00%,"219,80 €","54,95 €",4,1
B0DPKXM18X,B0DNQXN97X,CUPERINOX Soporte Jamonero Inoxidable | Jamonero Plegable | Jamonero Giratorio | Jamonero Profesional | Cuchillo Jamonero Profesional y Afilador,20250_fbm,"2,793",81,0.49%,0.59%,"3,309",90,0.40%,0.45%,62.92%,50.82%,4,0,0.14%,0.00%,"279,96 €","0,00 €",4,0
B0DPLG5V7Q,B0DWN7MZ3R,CUPERINOX Vaso cafe - Tazas de Espresso de Cristal - - Vaso Cristal - 80ml (Set de 6) - Apto para Lavavajillas y Microondas - Aroma Series,26120_3packs,62,2,0.01%,0.01%,92,2,0.01%,0.01%,100.00%,100.00%,4,0,6.45%,0.00%,"69,22 €","0,00 €",4,0
B0F9X4NXL3,B0F9KW1V3K,"Cuchillos Mesa, cuchillo carne, cuchillo mantequilla, Set 12 piezas, acero inoxidable, hoja con filo y sierra, cuchillo untar. Apto lavavajillas. Mango ergonomico",20043--12,605,14,0.11%,0.10%,783,19,0.10%,0.10%,99.72%,100.00%,4,0,0.66%,0.00%,"47,96 €","0,00 €",4,0
B0FDKY2RXG,B0FDKY2RXG,VINCARE Pack Limpieza Infantil – Detergente Biberones + Multiusos + Quitamanchas – Limpieza Segura para el Entorno del Bebé- 100% MADE IN SPAIN,PACK VINCARE,54,1,0.01%,0.01%,78,2,0.01%,0.01%,97.10%,0.00%,4,0,7.41%,0.00%,"60,21 €","0,00 €",4,0
B0FH2NLMGN,B0FH2NLMGN,VINFERMATON Insecticida Hormigas y Cucarachas Residual | Antihormigas | Pack 2×400 ml | Efecto hasta 1 año | Interior y Exterior | Profesional Doméstico | 100% MADE IN SPAIN,V0012_PACK2,76,6,0.01%,0.04%,107,7,0.01%,0.04%,65.98%,0.00%,4,0,5.26%,0.00%,"59,96 €","0,00 €",4,0
B017HKG9PK,B0044R87W8,"Arcos Cuchillo Santoku Acero Inoxidable Nitrum. Cuchillo Cocina japonés Pescado, Carne y Verduras. Mango ergonómico polioximetileno Pom y Hoja 170 mm. Multiusos. Serie Maitre. Color Negro.",151600_fba,"1,103",30,0.19%,0.22%,"1,462",39,0.18%,0.20%,23.97%,17.65%,3,0,0.27%,0.00%,"56,25 €","0,00 €",3,0
B0752XP113,B0044R886S,Arcos Conjunto carne con Hoja Acero Inoxidable Nitrum y mm. Mango ergonómico polioximetileno POM. Serie Mesa. Los bordeserrados los hacen perfectos cortar y picar carnes. Color plateado.,378000_,287,11,0.05%,0.08%,386,13,0.05%,0.07%,26.83%,11.11%,5,0,1.74%,0.00%,"199,95 €","0,00 €",3,0
B0F1ZF7H1L,B005LR6E0C,Arcos Cuchillo Cocinero Acero Inoxidable Negro 150 mm,233400_,938,21,0.16%,0.15%,"1,270",23,0.15%,0.12%,27.89%,33.33%,3,0,0.32%,0.00%,"80,97 €","0,00 €",3,0
B0F54LTCFF,B006963LSM,Arcos Cuchillo para Pan Acero Inoxidable 250 mm,282204_,824,30,0.14%,0.22%,"1,140",39,0.14%,0.20%,3.79%,0.00%,3,0,0.36%,0.00%,"58,80 €","0,00 €",3,0
B0F54LTCFF,B007TS6GFO,Arcos Universal Juego 5 Cuchillos Nitrum Bloque Pino POM Negro,285700_,"2,658",82,0.47%,0.59%,"3,272",115,0.40%,0.58%,44.54%,38.98%,3,0,0.11%,0.00%,"314,70 €","0,00 €",3,0
B007TS6GW2,B007TS6GW2,Arcos Chairas - Chaira Afilador manual de cuchillos - Cuerpo de Acero al Carbono recubierto de Diamante de 280 mm - Mango de Polipropileno color negro,279202_,197,4,0.03%,0.03%,289,5,0.04%,0.03%,45.93%,0.00%,3,0,1.52%,0.00%,"119,97 €","0,00 €",3,0
B007TS6HBM,B007TS6HBM,ARCOS Rallador de Limones Acero Inoxidable 40 mm,612800,202,5,0.04%,0.04%,288,7,0.04%,0.04%,12.86%,33.33%,3,0,1.49%,0.00%,"26,55 €","0,00 €",3,0
B0895RNY35,B007TS6HDA,ARCOS Descorazonador de Manzanas Acero Inoxidable Nitrum 75 mm,612300,23,0,0.00%,0.00%,35,0,0.00%,0.00%,0.00%,0.00%,3,0,13.04%,0.00%,"25,47 €","0,00 €",3,0
B0B3F4QXML,B008U6T7Q4,Arcos Clásica Cuchillo Santoku Forjado Acero Inoxidable Nitrum 180 mm,256600_fmb,430,6,0.08%,0.04%,573,8,0.07%,0.04%,13.50%,100.00%,3,0,0.70%,0.00%,"95,97 €","0,00 €",3,0
B009KKK16Y,B009KKK16Y,"HENDI Pasta-gel combustible para Fondue, 3 unidades, para el quemador de alcohol para Fondue de HENDI 111420, tiempo de combustión de aproximadamente 2 horas, quemador de Fondue, 80 gr",H190036,14,0,0.00%,0.00%,24,0,0.00%,0.00%,70.00%,0.00%,3,0,21.43%,0.00%,"29,25 €","0,00 €",3,0
B0752X1ZCK,B009KPKG8M,Arcos Cuchillos de Mesa - Cuchillo Chuletero Cuchillo de Mesa - Hoja de Acero Inoxidable NITRUM 110 mm - Mango de Nylon - Color Negro,803000_1-Pieza,306,9,0.05%,0.07%,338,9,0.04%,0.05%,86.35%,100.00%,5,0,1.63%,0.00%,"18,75 €","0,00 €",3,0
B00BQU0FB2,B00BQU0FB2,"HENDI Filtros de papel para cafetera de goteo, 1000 unidades, desechables, papel de filtro de café, ⌀245x(H)62mm, blanco",H208656,18,4,0.00%,0.03%,31,8,0.00%,0.04%,36.00%,50.00%,3,2,16.67%,50.00%,"125,25 €","83,50 €",3,2
B00CWZQJZG,B00CWZQJZG,"Arcos Cuchillos Mesa - Cuchillo Carne Mesa - Monobloque unaola pieza Acero Inoxidable 4"" - Color Plateado - Corta todo tipo carne conimplicidad y practicidad -erie Monobloque - Color Gris",702000_1pza_fba,84,1,0.01%,0.01%,123,1,0.02%,0.01%,66.97%,0.00%,16,0,19.05%,0.00%,"79,84 €","0,00 €",3,0
B00D3LFQ3E,B00D3LFQ3E,ARCOS Cuchillo Corta Bacalao y Pan Acero Polietileno Blanco 440 mm,791600,76,3,0.01%,0.02%,117,7,0.01%,0.04%,54.29%,14.29%,3,1,3.95%,33.33%,"317,75 €","106,25 €",3,1
B00D3LG0YI,B00D3LG0YI,Arcos Cuchillos de Mesa - Hoja Inoxidable NITRUM 110 mm - Cuchillo Chuletero para Carne - Mango de Nylon Duradero - Color Marrón - Ideal para Cocina y Comedor,804000_1pieza,92,3,0.02%,0.02%,118,3,0.01%,0.02%,100.00%,100.00%,16,0,17.39%,0.00%,"63,84 €","0,00 €",3,0
B0F1ZF7H1L,B00J64GECY,Arcos Cuchillo de Cocina Acero Inoxidable 130 mm,231524_,419,11,0.07%,0.08%,519,17,0.06%,0.09%,12.44%,33.33%,3,1,0.72%,9.09%,"70,47 €","23,49 €",3,1
B0F1ZF7H1L,B00J64GI4S,Arcos Riviera Blanc Cuchillo Jamonero Forjado POM Blanco 300 mm,231124_,179,9,0.03%,0.07%,242,12,0.03%,0.06%,62.62%,100.00%,3,1,1.68%,11.11%,"110,97 €","36,99 €",3,1
B0D1CYZT7H,B00JN2S0U8,"HENDI Escurridor de frituras, con asa robusta y recipiente extraíble para los restos, patatas fritas, ø410x(H)170mm, totalmente de acero inoxidable",H630808,171,20,0.03%,0.15%,227,34,0.03%,0.17%,42.65%,9.09%,3,0,1.75%,0.00%,"140,85 €","0,00 €",3,0
B0G39VSVBM,B00U2QWO1K,Arcos Latina Cuchillo Chuletero Acero Inoxidable 105 mm,100400_1pieza,218,4,0.04%,0.03%,299,4,0.04%,0.02%,50.36%,33.33%,5,0,2.29%,0.00%,"18,75 €","0,00 €",3,0
B00VRZ1YJI,B00VRZ1YJI,Arcos Tijeras Modista Acero Forjado 190 mm - Uso Doméstico y Profesional - Niqueladas Plata - Serie Style,504300,29,0,0.01%,0.00%,38,0,0.00%,0.00%,100.00%,0.00%,3,0,10.34%,0.00%,"41,97 €","0,00 €",3,0
B00VRZ327A,B00VRZ327A,Arcos Tijeras Costura Acero Forjado 152 mm - Uso Doméstico y Profesional - Niqueladas Plata - Serie Style,502400,51,2,0.01%,0.01%,69,2,0.01%,0.01%,100.00%,100.00%,3,0,5.88%,0.00%,"35,97 €","0,00 €",3,0
B01418E5ZC,B01418E5ZC,"HENDI Cubitera para botellas, enfriador de bebidas tipo champanera, BarUp, 9,5L, ⌀350x(H)230mm, acero inoxidable",H471524,22,0,0.00%,0.00%,27,0,0.00%,0.00%,34.62%,0.00%,4,0,18.18%,0.00%,"98,37 €","0,00 €",3,0
B017DLDQXQ,B017DLDQXQ,"Arcos Serie Latina, Cuchillo jamonero, Hoja de 250 mm, Mango Madera",101300_fbm,70,0,0.01%,0.00%,81,0,0.01%,0.00%,97.30%,0.00%,3,0,4.29%,0.00%,"28,47 €","0,00 €",3,0
B0FWM351K4,B01N4WDTRY,CUPERINOX® Couture Series - Tijera Costura Profesional 15 cm | Acero Inoxidable Resistente | Corte Preciso para Telas y Manualidades | Uso Doméstico y Profesional,21962,67,1,0.01%,0.01%,94,1,0.01%,0.01%,69.41%,100.00%,3,0,4.48%,0.00%,"25,47 €","0,00 €",3,0
B071LGMH89,B071LGMH89,Arcos Mesa Cuchillo Carne Nitrum Pack Madera Marrón 4 pulg,374610_fbm,206,7,0.04%,0.05%,255,14,0.03%,0.07%,25.96%,0.00%,7,0,3.40%,0.00%,"117,18 €","0,00 €",3,0
B072FHSBJR,B072FHSBJR,Arcos Nova Set 3 Cuchillos Peladores Acero Verde,189621,49,2,0.01%,0.01%,57,2,0.01%,0.01%,46.15%,50.00%,4,0,8.16%,0.00%,"41,96 €","0,00 €",3,0
B0F1N351DY,B072FHSBJR,Arcos Nova Set 3 Cuchillos Peladores Acero Verde,189621,179,7,0.03%,0.05%,208,8,0.03%,0.04%,73.82%,50.00%,3,0,1.68%,0.00%,"31,64 €","0,00 €",3,0
B0F1N351DY,B073V3CYRF,Arcos Cuchillo Mondador de 4 Pulgadas con Hoja de 100mm en Acero Inoxidable y Mango de Polipropileno. Cuchillos de Cocina para Pelar Apto para Lavavajillas. Serie Nova. Color Turquesa,188632_,261,6,0.05%,0.04%,289,7,0.04%,0.04%,97.44%,100.00%,3,0,1.15%,0.00%,"17,97 €","0,00 €",3,0
B07882914Y,B07882914Y,Wins - Limpiador Suelos y Superficies Concentrado Amoniacal Pino 021 - Garrafa 5L,WINS021,108,0,0.02%,0.00%,162,0,0.02%,0.00%,97.32%,0.00%,5,0,4.63%,0.00%,"72,45 €","0,00 €",3,0
B078KJ1T6G,B078JQ8XST,"Arcos Serie Riviera, Juego Cuchillos Cocina, Hoja de Acero Inoxidable Forjado Nitrum, Mango de Polioximetileno, POM, Negro",807700_843600etiqueta,"4,109",87,0.72%,0.63%,"6,690",130,0.82%,0.65%,1.13%,65.12%,3,1,0.07%,1.15%,"209,97 €","69,99 €",3,1
B0FR444FLT,B07D8XC7NL,"Arcos Cuchillo Chef Forjado Acero Inoxidable NITRUM - Profesional Cocina, Mango Ergonómico POM Negro, Hoja Silk Edge 250 mm, Serie Manhattan",160800_,168,4,0.03%,0.03%,228,5,0.03%,0.03%,51.28%,100.00%,3,0,1.79%,0.00%,"134,97 €","0,00 €",3,0
B0D1CV1MT6,B07D9YVLP6,"HENDI Tabla de cortar con certificación HACCP 600x400 - Blanco, 600x400mm",H825600,127,15,0.02%,0.11%,148,20,0.02%,0.10%,82.29%,71.43%,3,1,2.36%,6.67%,"119,22 €","39,74 €",3,1
B0FR444FLT,B07DC8JHV4,Arcos Cuchillo verduras Acero Inoxidable. Cuchillo profesional para pelar frutas y verduras. Mango ergonómico polioximetileno y Hoja 130 mm. Serie Manhattan. Color negro.,161100_,64,3,0.01%,0.02%,93,3,0.01%,0.02%,79.45%,100.00%,3,0,4.69%,0.00%,"73,47 €","0,00 €",3,0
B0FR444FLT,B07DFNDYFM,Arcos Cuchillo pescado Forgedole Acero Inoxidable forjado. Mango Micarta y borseda especial con Hoja plateada 190 mm. Serie Manhattan. Color negro. Impresiona yorprencon cada corte.,161400_,48,2,0.01%,0.01%,54,2,0.01%,0.01%,100.00%,100.00%,3,0,6.25%,0.00%,"77,97 €","0,00 €",3,0
B07N7YDTMX,B07N7YDTMX,"HENDI Cesta para cubiertos, 125x84x(H) 135mm",H871324,42,5,0.01%,0.04%,63,7,0.01%,0.04%,17.65%,100.00%,7,6,16.67%,120.00%,"59,43 €","50,94 €",3,2
B07NDV5T2F,B07NDV5T2F,Arcos Serie Brooklyn - Cuchillo Cocinero - Hoja de Acero Inoxidable Forjado NITRUM 210 mm - Mango de Micarta Color Azul (Filo Seda),190623_fbm,126,1,0.02%,0.01%,171,1,0.02%,0.01%,94.67%,0.00%,3,0,2.38%,0.00%,"137,97 €","0,00 €",3,0
B0FR444FLT,B07ZJ9HVTL,"Arcos Set Jamonero 3 Piezas - Cuchillo Jamonero, Deshuesador y Afilador - Acero Inoxidable Forjado - Mango POM Negro Resistente - Funda Jamonero Incluida - Serie Manhattan",858500+Funda_Jamon,148,3,0.03%,0.02%,175,4,0.02%,0.02%,99.35%,100.00%,3,0,2.03%,0.00%,"269,97 €","0,00 €",3,0
B0812P3LZT,B0812P3LZT,"Arcos Nova - Set 3 Cuchillos Mantequilla - Acero Inoxidable 70 mm - Mango en color menta, naranja y limon",859900,297,5,0.05%,0.04%,454,6,0.06%,0.03%,100.00%,100.00%,3,0,1.01%,0.00%,"32,97 €","0,00 €",3,0
B0FQNZM34T,B0843D965B,Arcos Cuchillo Chef Acero Inoxidable. Cuchillo Cocina Profesional multipropósito para Cortar y Limpiar Verduras. Mango ergonómico polioximetileno y Hoja 210 mm. Serie Opera. Color Negro.,225100_fbm,183,0,0.03%,0.00%,239,0,0.03%,0.00%,84.33%,0.00%,3,0,1.64%,0.00%,"116,64 €","0,00 €",3,0
B0FQNZM34T,B0843SLMDX,Arcos Cuchillo Chef Acero Inoxidable. Cuchillo cocina profesional multipropósito para cortar y limpiar verduras. Mango ergonómico polioximetileno y Hoja 230 mm. Serie Opera. Color negro.,225200_fbm,131,4,0.02%,0.03%,179,6,0.02%,0.03%,82.28%,83.33%,3,2,2.29%,50.00%,"122,91 €","81,94 €",3,2
B08VS4FCLN,B08CY5ZRD7,"Arcos Serie Maitre - Juego Cuchillo de cocina 4 piezas, (3 cuchillos + 1 tijeras) Hoja de Acero Inoxidable NITRUM 80 mm, Mango Polipropileno Negro",152610,202,6,0.04%,0.04%,234,6,0.03%,0.03%,99.54%,100.00%,3,0,1.49%,0.00%,"119,97 €","0,00 €",3,0
B08VRP7CR7,B08G8M6QDS,Arcos Juego de Cuchillos chuleteros - Envase Ecologico 100% - 4 Cuchillos Carne - Cubiertos Mesa Acero Inoxidable,809500,109,3,0.02%,0.02%,152,3,0.02%,0.02%,99.24%,100.00%,3,0,2.75%,0.00%,"59,25 €","0,00 €",3,0
B08M99RZRV,B08M99RZRV,Arcos | Cuchillo Jamonero Cuchillo deshuesador | 2 Uds | Set cuchillos jamoneros 250 mm y cuchillo deshuesador (140 mm) jamonero profesional | cuchillo carnicero profesional | Eco,703800fbm,"1,679",20,0.29%,0.15%,"2,176",31,0.27%,0.16%,99.65%,100.00%,3,0,0.18%,0.00%,"122,97 €","0,00 €",3,0
B09FQ5SZK8,B08MTWTK78,Arcos Cuchillo Santoku Acero Inoxidable Nitrum 190 mm,166600_fbm,"1,440",21,0.25%,0.15%,"2,127",28,0.26%,0.14%,5.75%,28.57%,3,1,0.21%,4.76%,"86,97 €","28,99 €",3,1
B09FQ5SZK8,B08MV1BJ5Z,Arcos Serie Nordika - Cuchillo Cocinero - Acero Inoxidable NITRUM - Hoja de 140 mm - Mango de Madera Ovengkol 100% natural FSC - Embalaje 100% reciclado,165400_fbm,415,6,0.07%,0.04%,551,10,0.07%,0.05%,41.07%,75.00%,3,0,0.72%,0.00%,"74,97 €","0,00 €",3,0
B09DPRCMTF,B08MW2GWPC,Arcos Juego Cuchillos Carne | Cuchillo chuleteros | Cuchillos Carne Cuchillos Mesa | 6 Uds | Hoja 110 mm | Acero Inoxidable | Mango Nylon | Apto lavavajillas | Envase Ecológico (Filo Serrado),816400fbm,209,5,0.04%,0.04%,296,5,0.04%,0.03%,99.63%,100.00%,3,0,1.44%,0.00%,"55,97 €","0,00 €",3,0
B09DPRCMTF,B08MW2GWPC,Arcos Juego Cuchillos Carne | Cuchillo chuleteros | Cuchillos Carne Cuchillos Mesa | 6 Uds | Hoja 110 mm | Acero Inoxidable | Mango Nylon | Apto lavavajillas | Envase Ecológico (Filo Serrado),816400fba,209,5,0.04%,0.04%,296,5,0.04%,0.03%,99.63%,100.00%,3,0,1.44%,0.00%,"59,97 €","0,00 €",3,0
B0CQLNJVKL,B08TX21PGR,"Arcos Thera Sartén Antiadherente de 28 Cm para Inducción, Gas y Vitrocerámica. Sartén de Cocina Grande de Aluminio Fundido con Mango Ergonómico Extraíble y Apta para Lavavajillas. Color Negro y Azul",718500,225,2,0.04%,0.01%,298,2,0.04%,0.01%,28.68%,100.00%,3,0,1.33%,0.00%,"122,85 €","0,00 €",3,0
B09KJLG7BT,B098K898SC,CUPERINOX Soporte Jamonero | Jamonero Profesional | Cuchillo Jamonero madera + Funda Jamon | Tabla Jamonera,20226,"1,037",11,0.18%,0.08%,"1,354",13,0.17%,0.07%,99.67%,100.00%,3,0,0.29%,0.00%,"74,97 €","0,00 €",3,0
B0FWM351K4,B09D1V45YK,"CUPERINOX® Couture Series - Tijera Costura Profesional 16,5 cm | Acero Inoxidable Irrompible | Mango Ergonómico Antideslizante | Corte Preciso y Duradero",21951_,67,0,0.01%,0.00%,77,0,0.01%,0.00%,100.00%,0.00%,3,0,4.48%,0.00%,"21,66 €","0,00 €",3,0
B09WYWVGCS,B09WYWVGCS,Arcos Clara Juego 3 Cuchillos Forjados Acero Inoxidable Nitrum,212000_819010,176,3,0.03%,0.02%,279,4,0.03%,0.02%,85.11%,50.00%,3,0,1.70%,0.00%,"161,79 €","0,00 €",3,0
B0DNBTJMLJ,B09ZHZDJRJ,FAMILIA VINCARE (DETERGENTE BIBERONES),DETERGENTE BIBERONES 500ML,57,1,0.01%,0.01%,83,1,0.01%,0.01%,4.05%,0.00%,3,0,5.26%,0.00%,"24,10 €","0,00 €",3,0
B0B464Q8VS,B0B464Q8VS,CUPERINOX® Kitchen Pro | Tijeras de Cocina Profesional 21 cm Tijeras de Trinchar Carne y Pescado Acero Inoxidable Mango Ergonómico Apto Lavavajillas,21981_,41,1,0.01%,0.01%,53,1,0.01%,0.01%,100.00%,100.00%,3,0,7.32%,0.00%,"26,97 €","0,00 €",3,0
B0BRT1JYNQ,B0BRT1JYNQ,Arcos Riviera - Juego de Cuchillos de Cocina (Mondador + 2 Cuchillo Chef) - Acero Inoxidable Forjado NITRUM - Mango POM - Color Negro,838310,212,4,0.04%,0.03%,301,4,0.04%,0.02%,73.82%,33.33%,3,0,1.42%,0.00%,"251,97 €","0,00 €",3,0
B0C4B1CKSR,B0C4B1CKSR,Arcos Serie Nordika - Cuchillo Yanagiba - Acero Inoxidable NITRUM - Hoja de 240 mm - Mango de Madera Ovengkol 100% natural de bosques certificados FSC® - Embalaje 100% reciclado,168200,59,1,0.01%,0.01%,80,1,0.01%,0.01%,92.96%,100.00%,3,0,5.08%,0.00%,"149,97 €","0,00 €",3,0
B0DKP7F29P,B0DJBZK9SX,"Arcos Serie Samoa Iconic | Cazo Antiadherente Cerámico 16 cm y 1,5 L | Aluminio Forjado | Apta cualquier cocina | Mango Acero Inoxidable | Color Negro | LIBRE DE (PFOA/PTFE/PFOS)",717222,164,3,0.03%,0.02%,193,3,0.02%,0.02%,85.03%,0.00%,3,0,1.83%,0.00%,"101,25 €","0,00 €",3,0
B0FJLTDB9J,B0F9LGKSXC,CUPERINOX Set 4 Herramientas Manicura y Pedicura|Alicate Pedicuro+Cortauñas Grande+Cortaúñas Mediano con Llavero+Tijera Punta Redonda|Acero Inoxidable Profesional|Uso Doméstico y Viaje,A10003,97,1,0.02%,0.01%,115,1,0.01%,0.01%,98.98%,100.00%,3,0,3.09%,0.00%,"53,17 €","0,00 €",3,0
B0FJRVHBWH,B0FHKWY9F2,CUPERINOX Tijeras peluqueria profesional 15cm | Tijeras entresacar dentadas vaciar pelo texturizar cabello | Barbero estilista hombre mujer | afiladas acero inoxidable | Uso doméstico y salón,21861,32,0,0.01%,0.00%,36,0,0.00%,0.00%,100.00%,0.00%,3,0,9.38%,0.00%,"26,97 €","0,00 €",3,0
B0FT8QFSK3,B0FT8QFSK3,BIOLEAF® – Multiusos + Desengrasante Pack 2×750 ml | Limpieza Hogar y Cocina | Potente Antigrasa y Multiusos Brillo Duradero | Fórmula Biodegradable con Esencia Limón | 100% MADE IN SPAIN,BIOLEAF_3443,92,2,0.02%,0.01%,124,2,0.02%,0.01%,99.11%,100.00%,3,0,3.26%,0.00%,"29,97 €","0,00 €",3,0
B08TWZYBPZ,B0FZC8B2NX,"CUPERINOX - Estuche de Cuchillos Profesionales de Cocina 4 Piezas | Chef 20 cm, Santoku 18 cm, Universal 13 cm y Pelador 9 cm | Acero Inoxidable de Alta Precisión | Mango Ergonómico",19301,660,22,0.12%,0.16%,846,35,0.10%,0.18%,99.87%,100.00%,3,1,0.45%,4.55%,"104,97 €","34,99 €",3,1
B08TWZYBPZ,B0FZC9C1BJ,"CUPERINOX- Set de Cuchillos Profesionales de Cocina 3 Piezas + Estuche Regalo | Chef 20 cm, Santoku 18 cm y Universal 13 cm | Acero Inoxidable Alta Precisión | Mango Ergonómico| Apto Lavavajillas",19302,513,7,0.09%,0.05%,644,8,0.08%,0.04%,99.83%,100.00%,3,0,0.58%,0.00%,"89,97 €","0,00 €",3,0
B0G65J8F3L,B0G21CXVCW,"BIOLEAF – Limpiador Multiusos Pack 2×750 ml (1,5 L) – Limpiador Hogar Cocina y Baño – Antipolvo y Acabado Sin Marcas – Alta Eficacia – Biodegradable – Sin Disruptores Endocrinos",2668,21,0,0.00%,0.00%,35,0,0.00%,0.00%,100.00%,0.00%,3,0,14.29%,0.00%,"26,97 €","0,00 €",3,0
B0G4F8D9B5,B0G4F8D9B5,"CUPERINOX Cuchillos Niños | Juego de Cuchillos Infantiles de 8 Piezas | Kit Cocina Método Montessori Aprendizaje +2 Años | Incluye Tabla de Cortar, Pelador y Cuchillo de Madera (8)",27007,38,1,0.01%,0.01%,46,1,0.01%,0.01%,100.00%,100.00%,3,0,7.89%,0.00%,"35,97 €","0,00 €",3,0
B017HKG9PK,B0044R87LE,Arcos Cuchillo Panero Negro 210 mm,151400,"1,123",42,0.20%,0.30%,"1,387",48,0.17%,0.24%,17.87%,12.50%,2,0,0.18%,0.00%,"30,98 €","0,00 €",2,0
B0F54LTCFF,B0044R87UA,Arcos Cuchillo Jamonero con Alveolos Acero Inoxidable 240mm,281801_,"8,048",162,1.41%,1.17%,"13,062",244,1.59%,1.23%,0.11%,1.31%,2,1,0.02%,0.62%,"39,48 €","19,49 €",2,1
B017HKG9PK,B0044R87ZU,Arcos Cuchillo Cocina Acero Inoxidable Nitrum y Hoja 180 mm. Cuchillo Utilidad Profesional. Mango ergonómico polioximetileno Pom. Serie Maitre. Color Negro.,150800_fbm,"1,039",29,0.18%,0.21%,"1,319",33,0.16%,0.17%,12.32%,8.70%,2,0,0.19%,0.00%,"26,50 €","0,00 €",2,0
B0873P7266,B0050BDUYW,HENDI Calentador de alimentos con 3 quemadores - 450x180x(H)65 mm,H463109,24,1,0.00%,0.01%,56,1,0.01%,0.01%,53.49%,0.00%,6,0,25.00%,0.00%,"317,94 €","0,00 €",2,0
B017HKR8WS,B005LR7EP6,ARCOS Afilador de Cuchillos Profesional ABS,610000_,"5,287",179,0.93%,1.30%,"7,782",282,0.95%,1.42%,41.65%,45.34%,2,0,0.04%,0.00%,"122,35 €","0,00 €",2,0
B00XJBJO4K,B005LRSIYM,"Arcos Guantes de Protección de Malla - Acero Inoxidable Anticorte para Seguridad - Tamaño XS 230 mm - Certificación EN 420, EN 10827 - Ideal para Industria y Cocina",615100,26,0,0.00%,0.00%,31,0,0.00%,0.00%,17.86%,0.00%,2,0,7.69%,0.00%,"239,50 €","0,00 €",2,0
B00XJBJO4K,B005LRSJDC,Arcos Guantes de Protección - Guante de Malla Guante de Protección - Acero Inoxidable Size M 250 mm - Color Gris,615300,37,0,0.01%,0.00%,51,0,0.01%,0.00%,55.10%,0.00%,2,0,5.41%,0.00%,"257,80 €","0,00 €",2,0
B0F54LTCFF,B007TS6GIG,Arcos Conjunto Cuchillos 6 piezas Acero Inoxidable Nitrum. 3760 gr. Bloque madera pino. Mango ergonómico polioximetileno POM. Serie Universal. Mayor control. Color negro.,285100_,301,6,0.05%,0.04%,379,10,0.05%,0.05%,52.89%,62.50%,2,0,0.66%,0.00%,"199,98 €","0,00 €",2,0
B0CQ92BWQ8,B009QXIRPC,"HENDI Bolsa de Transporte y Reparto de Pizzas, Bolsa Portapizzas con Aislamiento, Impermeable, Bolsa para la Entrega de Pedidos de Pizza y Comidas, Interior 35x35x(H) 18cm, Roja, 37x37x(H) 20cm",H709825,146,12,0.03%,0.09%,223,16,0.03%,0.08%,39.09%,7.14%,9,0,6.16%,0.00%,"217,26 €","0,00 €",2,0
B0873P7271,B009T19KXO,"HENDI Calentador Eléctrico para Chafing Dish GN 1/1, Sustituto del Combustible de Gel/Pasta, Mantiene la Temperatura de Servicio, 230V/380W, 300x200x(H) 40mm",H809709,12,4,0.00%,0.03%,16,4,0.00%,0.02%,100.00%,100.00%,3,3,25.00%,75.00%,"233,85 €","233,85 €",2,2
B0F1ZF7H1L,B00BHZPHOG,Arcos Riviera Blanc Cuchillo Panero Acero Inoxidable Nitrum 200 mm,231324_,234,4,0.04%,0.03%,311,4,0.04%,0.02%,16.35%,33.33%,2,0,0.85%,0.00%,"59,88 €","0,00 €",2,0
B00D3LC70Y,B00D3LC70Y,Arcos Tijeras Costura Castellana - Acero Forjado Niquelado 127 mm - Uso Doméstico y Profesional - Serie Style,502200,25,0,0.00%,0.00%,40,0,0.00%,0.00%,36.11%,0.00%,2,0,8.00%,0.00%,"20,98 €","0,00 €",2,0
B0BV32H59Y,B00HYWUNR2,Arcos Saeta - Cuchillo Deshuesador - Hoja de Acero Inoxidable Forjado Nitrum de 145 mm - Mango de Pom - Color Negro,174700_us,25,1,0.00%,0.01%,41,2,0.01%,0.01%,93.94%,100.00%,3,0,12.00%,0.00%,"89,97 €","0,00 €",2,0
B0F1ZF7H1L,B00J64GI70,Arcos Riviera Blanc Cuchillo Fileteador Forjado Acero Inoxidable 200 mm,233024_,229,5,0.04%,0.04%,296,5,0.04%,0.03%,26.29%,50.00%,2,0,0.87%,0.00%,"52,41 €","0,00 €",2,0
B0G39WX9ZQ,B00MDK1EBE,"Arcos Cuchillo Utilitario Acero Inoxidable Nitrum 5""",100600_fbm,177,4,0.03%,0.03%,276,10,0.03%,0.05%,43.78%,77.78%,13,0,7.34%,0.00%,"77,87 €","0,00 €",2,0
B00W9SPO5M,B00W9SPO5M,Arcos Tijeras de Modista de Acero Forjado 178 mm - Uso Profesional y Doméstico - Niqueladas en Plata - Serie Style,504200,60,1,0.01%,0.01%,95,2,0.01%,0.01%,95.06%,100.00%,2,0,3.33%,0.00%,"28,98 €","0,00 €",2,0
B00WC9DMX4,B00WC9DMX4,ARCOS Chairas Chaira Afilador Acero Carbono Cromado Negro 300 mm,279010,151,4,0.03%,0.03%,234,9,0.03%,0.05%,33.50%,0.00%,2,0,1.32%,0.00%,"57,98 €","0,00 €",2,0
B0CJDS7HN7,B00WUZT88I,ARCOS Mesa Tenedor Carne y Mesa Acero 18/10 Plata 200 mm,702100_1pieza,320,5,0.06%,0.04%,474,5,0.06%,0.03%,19.71%,33.33%,7,0,2.19%,0.00%,"26,25 €","0,00 €",2,0
B0F1ZF7H1L,B017DEWUDK,Arcos Cuchillo Acero Inoxidable 300 mm,233824_,130,1,0.02%,0.01%,154,2,0.02%,0.01%,91.43%,0.00%,3,0,2.31%,0.00%,"179,97 €","0,00 €",2,0
B0189HXOXK,B017DLLFIO,Arcos Navaja Acero Inoxidable 85 mm,485300_fmb,71,5,0.01%,0.04%,85,6,0.01%,0.03%,20.00%,60.00%,11,11,15.49%,220.00%,"59,49 €","59,49 €",2,2
B09F9M72Z9,B017DLNFNC,Arcos Cuchillos de Mesa - Cuchillo Chuletero Cuchillo de Mesa - Hoja de Acero Inoxidable NITRUM 110 mm - Mango de Polipropileno - Color Negro,805109_1pieza,"1,052",18,0.18%,0.13%,"1,540",24,0.19%,0.12%,3.52%,0.00%,2,0,0.19%,0.00%,"7,98 €","0,00 €",2,0
B01BQA0K84,B01BQA0K84,"HENDI Soporte de bandejas Redondas, Soporte para Servir y presentar Alimentos, mariscos, con 2 Platos: Ø 300/400mm, ⌀400x(H) 200mm, Acero Inoxidable, Plata",H480519,17,0,0.00%,0.00%,24,0,0.00%,0.00%,78.95%,0.00%,2,0,11.76%,0.00%,"79,40 €","0,00 €",2,0
B088L1YKB9,B01DY481VS,HENDI Thermobox Kitchen Line - GN 1/1-80 L - 685x485x(H)360 mm,H707944,58,9,0.01%,0.07%,72,13,0.01%,0.07%,31.67%,87.50%,5,5,8.62%,55.56%,"438,75 €","438,75 €",2,2
B07TXLLGJX,B06XRYBCZQ,HENDI Placa de inducción de sobremesa profesional 3500 D XL,H239698,163,6,0.03%,0.04%,254,8,0.03%,0.04%,81.22%,25.00%,2,0,1.23%,0.00%,"660,00 €","0,00 €",2,0
B0711S58TQ,B0711S58TQ,Juego cuchillos Arcos profesional | cuchillos cocina | cuchillos arcos clasicos |6 pzas | negro | 842300,_842300_,120,4,0.02%,0.03%,165,7,0.02%,0.04%,99.29%,100.00%,2,1,1.67%,25.00%,"281,98 €","140,99 €",2,1
B0752VKJ4B,B071LGMH3L,Arcos Set 3 Cuchillos Peladores Acero Inoxidable,189500_2,567,7,0.10%,0.05%,752,11,0.09%,0.06%,2.77%,50.00%,2,1,0.35%,14.29%,"21,24 €","10,25 €",2,1
B075ZWHQLQ,B075ZWHQLQ,Wins - Desengrasante Limpiador Profesional 001 - Garrafa 5L,WINS001,80,3,0.01%,0.02%,110,3,0.01%,0.02%,80.00%,75.00%,2,0,2.50%,0.00%,"27,98 €","0,00 €",2,0
B0788P3W3W,B0788P3W3W,WINS – Abrillantador Máquinas Lavavajillas Profesional 013 | Garrafa 5 L | Secado Rápido y Brillo sin Marcas en Vajilla | Uso Profesional | 100% Made in Spain,WINS013_5L,27,1,0.00%,0.01%,34,1,0.00%,0.01%,42.86%,100.00%,2,0,7.41%,0.00%,"33,00 €","0,00 €",2,0
B0FWK4CNH3,B0799Z54MP,CUPERINOX Tijeras Cocina Profesional |Mango ergonómico para máxima comodidad| Tijeras 21 cm |Tijeras de Trinchar | Tijeras Pollo | Tijera Pescado | Tijera Acero Inoxidable| Apto Lavavajillas,21982_,23,0,0.00%,0.00%,26,0,0.00%,0.00%,100.00%,0.00%,2,0,8.70%,0.00%,"17,98 €","0,00 €",2,0
B07CZP72RF,B07CZP72RF,"HENDI Horno de Convección Profesional H90S con Humidificación manual, 2670W, incl. 4 Bandejas de Aluminio, 2 Ventiladores, 50-300°C, Puerta Doble Cristal, 230V, 595x595x(H)570mm, Acero Inoxidable",H227077,115,9,0.02%,0.07%,195,13,0.02%,0.07%,90.53%,100.00%,2,0,1.74%,0.00%,"1.298,00 €","0,00 €",2,0
B0D1CVYRST,B07D5FDY1C,HENDI Jarra medidora de acero inoxidable - 2 L - ø140x(H)175 mm,H516300,23,2,0.00%,0.01%,36,2,0.00%,0.01%,84.62%,50.00%,5,4,21.74%,200.00%,"150,95 €","120,76 €",2,1
B0CZF7K8YX,B07D9TL37B,"HENDI Recipiente Gastronorm GN 2/3, Kitchen Line, resistencia térmica -40 °C a 250 °C, apto para horno y baño maría, 15,5L, 354x325x(H) 200mm, acero inoxidable",H806258,34,7,0.01%,0.05%,44,9,0.01%,0.05%,100.00%,100.00%,2,0,5.88%,0.00%,"58,90 €","0,00 €",2,0
B0CZF7K8YX,B07D9XLGXZ,"HENDI Recipiente Gastronorm GN 1/1, Kitchen Line, resistencia térmica -40 °C a 250 °C, apto para horno y baño maría, 21L, 530x325x(H) 150mm, acero inoxidable",H806142,32,9,0.01%,0.07%,41,9,0.01%,0.05%,78.57%,100.00%,5,4,15.63%,44.44%,"147,50 €","118,00 €",2,1
B086X1XQXD,B07DC8C7Y6,"HENDI Expositor con cubierta deslizante roll-top, Doble",H871713,118,14,0.02%,0.10%,167,19,0.02%,0.10%,42.41%,16.67%,2,0,1.69%,0.00%,"157,98 €","0,00 €",2,0
B09381N96H,B07G75XCXM,"Arcos Serie Cuchillos de Mesa Caja 12 uds Cuchillo Mesa, Hoja Serrada de Acero Inoxidable NITRUM de 125 mm, Mango Polipropileno Color crema (12 UDS)",370200_us,73,0,0.01%,0.00%,120,0,0.01%,0.00%,97.89%,0.00%,2,0,2.74%,0.00%,"39,98 €","0,00 €",2,0
B07H1S3VRW,B07H1S3VRW,"Wins 005 Limpiador Fregasuelos Neutro, Aroma Cítrico, 5 L",WINS005,19,0,0.00%,0.00%,25,0,0.00%,0.00%,85.71%,0.00%,2,0,10.53%,0.00%,"21,98 €","0,00 €",2,0
B07JWM27F4,B07JWM27F4,Arcos Set Cuchillos Cocina Profesionales Forjados en Acero Inoxidable. Juego de 3 Cuchillos (Pelador 100 mm + Cocinero 150 mm + Cocinero 200 mm). Mango Ergonómico Rosa en Polioximetileno. Riviera Rose,855100_,337,7,0.06%,0.05%,499,7,0.06%,0.04%,98.56%,100.00%,2,1,0.59%,14.29%,"139,96 €","69,98 €",2,1
B07N8W33BT,B07N8W33BT,ARCOS Bloque Universal para Cuchillos Caucho Termoplástico 225 mm,794400_,415,2,0.07%,0.01%,538,2,0.07%,0.01%,16.59%,0.00%,2,0,0.48%,0.00%,"49,98 €","0,00 €",2,0
B0FR444FLT,B07N8W79GH,Arcos Manhattan Cuchillo Tallado Acero Inoxidable Nitrum 300 mm,162300_,254,5,0.04%,0.04%,306,5,0.04%,0.03%,99.22%,100.00%,2,0,0.79%,0.00%,"73,98 €","0,00 €",2,0
B0FR444FLT,B07N8WXGW7,Arcos Brooklyn - Cuchillo de Lenguado Cuchillo para Pescado - Acero Inoxidable Forjado NITRUM 170 mm - Mango Micarta Color Azul (Filo Seda),191423_,254,6,0.04%,0.04%,301,7,0.04%,0.04%,78.90%,80.00%,2,0,0.79%,0.00%,"71,98 €","0,00 €",2,0
B0FR444FLT,B07YYDR6D8,Arcos Juego de Cuchillos de Cocina. 3 piezas de Acero Inoxidable forjado. Impresiona yorprencon cada corte. Mango Micarta azul. Serie Brooklyn. Color Azul.,858110,"1,329",21,0.23%,0.15%,"1,877",34,0.23%,0.17%,98.59%,100.00%,2,1,0.15%,4.76%,"199,98 €","99,99 €",2,1
B082VW3C39,B082VW3C39,HENDI Carro de lavandería - 900x650x(H)850 mm,H691083,20,4,0.00%,0.03%,30,9,0.00%,0.05%,83.33%,100.00%,2,2,10.00%,50.00%,"390,00 €","390,00 €",2,2
B0FQNZM34T,B0843V9Z1W,Arcos Cuchillo Santoku Acero Inoxidable Nitrum y Hoja 190 mm. Mango ergonómico polioximetileno POM. Diseño clásico y acabado redondeado gran belleza yolidez. Serie Opera. Color negro.,229900_fba,163,2,0.03%,0.01%,222,2,0.03%,0.01%,97.04%,100.00%,3,0,1.84%,0.00%,"110,97 €","0,00 €",2,0
B084TL25TZ,B084TL25TZ,HENDI Estante para rejillas para pizza/sartenes (14 ranuras) - 300x305x(H)680 mm,H810361,33,4,0.01%,0.03%,56,7,0.01%,0.04%,83.72%,80.00%,2,0,6.06%,0.00%,"119,50 €","0,00 €",2,0
B08GSTDWTC,B08G4D9718,"Arcos | Cuchillos 3 Colores | Cuchillo de pelar | Cuchillos pelar Patatas | Acero Inoxidable Nitrum| Envase Ecológico | Cuchillo Colores (85 mm, Amarillo, Turquesa, Naranja)",816700,416,7,0.07%,0.05%,555,7,0.07%,0.04%,100.00%,100.00%,3,0,0.72%,0.00%,"32,97 €","0,00 €",2,0
B08GSTDWTC,B08LVVQ3ZQ,"Arcos Serie Nova - Cuchillo para pelar, Acero Inoxidable NITRUM, Envase Ecológico, 3 colores Fucsia, Turquesa y Amarillo",703700fbm,"1,110",25,0.19%,0.18%,"1,720",34,0.21%,0.17%,99.93%,100.00%,2,1,0.18%,4.00%,"22,48 €","10,49 €",2,1
B0CQLNJVKL,B08TX24P5L,"Arcos Thera Sartén Antiadherente de 26 Cm para Inducción, Gas y Vitrocerámica. Sartén de Cocina Mediana de Aluminio Fundido con Mango Ergonómico Extraíble y Apta para Lavavajillas. Color Negro y Azul",718400,415,11,0.07%,0.08%,608,19,0.07%,0.10%,9.91%,0.00%,2,0,0.48%,0.00%,"73,90 €","0,00 €",2,0
B09DPRCMTF,B0987MG3JQ,Arcos Juego Cuchillos Carne | Cuchillo chuleteros | Cuchillos Carne Cuchillos Mesa | 6 Uds | Hoja 110 mm | Acero Inoxidable | Mango Nylon | Apto lavavajillas | Envase Ecológico (Filo Liso),814200_fba,122,0,0.02%,0.00%,166,0,0.02%,0.00%,100.00%,0.00%,2,0,1.64%,0.00%,"39,98 €","0,00 €",2,0
B09BVVKYWV,B09BVVKYWV,"CUPERINOX Navaja 5 en1 multiusos | Incluye Afilador Navaja| Funcion Abrebotella, rompecristales y corta cuerdas| Navaja Filo Liso y Sierra|",30060,61,1,0.01%,0.01%,84,1,0.01%,0.01%,96.00%,100.00%,2,0,3.28%,0.00%,"29,98 €","0,00 €",2,0
B08VS4FCLN,B09HHGVG2N,"Arcos Juego Cuchillos Cocina cuchillos | Cuchillo profesional | 6 piezas | Chef 215 mm + Cocina 150 mm, Verduras 100 mm + Tijera cocina + Pelador de fruta y verdura + Pinza para pescado",854200fbm,546,14,0.10%,0.10%,742,17,0.09%,0.09%,99.56%,100.00%,2,0,0.37%,0.00%,"87,98 €","0,00 €",2,0
B09HQTWWPB,B09HQTCQBG,Arcos Clara Cuchillo Panero Forjado Acero Inoxidable Nitrum 200 mm,210700_us,43,0,0.01%,0.00%,56,0,0.01%,0.00%,86.27%,0.00%,2,0,4.65%,0.00%,"51,98 €","0,00 €",2,0
B09MSDJQJ1,B09MM5CH6C,Arcos jamonero profesional alveolos | incluye pinza para jamón | cuchillo jamonero cuchillo jamonero alveolos cuchillos profesional| Acero Inoxidable Nitrum 240 mm,856200,380,7,0.07%,0.05%,455,7,0.06%,0.04%,98.82%,100.00%,2,0,0.53%,0.00%,"59,98 €","0,00 €",2,0
B0FWM351K4,B09P8M12S3,"CUPERINOX® Couture Series - Tijera Costura Profesional 12,5 cm | Acero Inoxidable de Alta Precisión | Corte Fino y Duradero | Uso Doméstico y Profesional",21961,37,2,0.01%,0.01%,48,3,0.01%,0.02%,28.21%,100.00%,5,5,13.51%,250.00%,"34,95 €","34,95 €",2,2
B0FJLTDB9J,B09RP6V156,"CUPERINOX® Alicates para pedicura, Profesional, Cortaúñas de Pies, Acero Inoxidable, Mango Ergonómico Antideslizante, Fácil Limpieza, Con Funda, 2 Años de Garantía",21920AM_fba,786,11,0.14%,0.08%,"1,114",13,0.14%,0.07%,47.80%,83.33%,2,0,0.25%,0.00%,"23,98 €","0,00 €",2,0
B0D1CXHNFM,B0CFLWSQJX,"HENDI Piedra de afilar japonesa Naniwa, profesional, 2 caras, grano 1000/3000, afilador de cuchillos, piedra de amolar y pulir, incluye caja de almacenamiento de plástico, 185x65x(H)30mm",H820674,31,1,0.01%,0.01%,44,7,0.01%,0.04%,73.68%,0.00%,2,0,6.45%,0.00%,"79,70 €","0,00 €",2,0
B0CHJZ3VBQ,B0CHJZ3VBQ,Arcos jamonero Profesional | Cuchillo jamonero jamonero Inoxidable Nitrum | Mango Blanco | Cuchillo Jamon iberico | Serie Artika| Hoja Flexible y Filo Liso | 275 mm | Acero Inoxidable,151244_,33,0,0.01%,0.00%,50,0,0.01%,0.00%,95.35%,0.00%,2,0,6.06%,0.00%,"33,98 €","0,00 €",2,0
B0D1CVYQWN,B0CQMFQ2B7,"HENDI Mandolina japonesa, cortador, rebanador, manual, regulable, para vegetales, alimentos, frutas, diferentes cuchillas y grosor de corte: 0,5-9mm, acero inoxidable, PP, negro",H237922,34,0,0.01%,0.00%,47,0,0.01%,0.00%,74.42%,0.00%,2,0,5.88%,0.00%,"60,38 €","0,00 €",2,0
B0CVH8PC99,B0CQRMMMR5,CUPERINOX Cuchillos Carne | Cuchillos Mesa | Cuchillos Chuleteros | 6 Piezas | Hoja Serrada | Mango Polipropileno | Acero Inoxidable | 11 cm,99901_6pzs,28,0,0.00%,0.00%,34,0,0.00%,0.00%,100.00%,0.00%,2,0,7.14%,0.00%,"20,15 €","0,00 €",2,0
B0DFQ7Y1G8,B0DFQ7Y1G8,Arcos Afiladores - Afilador Eléctrico de Cuchillos de Cocina - Hecho de ABS Color Blanco (Rodillos con recubrimiento de diamante),603900,140,11,0.02%,0.08%,193,15,0.02%,0.08%,100.00%,100.00%,2,2,1.43%,18.18%,"579,90 €","579,90 €",2,2
B0DKP7F29P,B0DJBZ81XL,"Arcos Serie Samoa Iconic | Cacerola Baja Antiadherente Cerámico 28 cm y 4,3 L | Aluminio Forjado | Apta cualquier cocina | Mango Acero Inoxidable | Color Negro | LIBRE DE (PFOA/PTFE/PFOS)",717122,207,3,0.04%,0.02%,270,4,0.03%,0.02%,92.05%,100.00%,2,0,0.97%,0.00%,"142,25 €","0,00 €",2,0
B0DPLG5V7Q,B0DPJDWB77,CUPERINOX Tazas de Capuccino de Cristal - Vaso cafe - Vaso Cristal - 200ml (Set de 2) - Apto para Lavavajillas y Microondas - Aroma Series,26121_,119,1,0.02%,0.01%,187,1,0.02%,0.01%,100.00%,0.00%,2,0,1.68%,0.00%,"25,49 €","0,00 €",2,0
B0DTK92FQV,B0DTK92FQV,"HENDI Baño María Eléctrico con Grifo, 3x GN 1/3 con Tapas",H238868,27,5,0.00%,0.04%,41,9,0.01%,0.05%,80.00%,100.00%,2,1,7.41%,20.00%,"350,00 €","175,00 €",2,1
B0DTKB63SV,B0DTKB63SV,"HENDI Batidora de mano, con cable en espiral, brazo batidor: 225mm, velocidad variable: 8500 a 16500 RPM, procesa hasta 3L, batidora de inmersión, ø65x(H)425mm, 220V/1000W, acero inoxidable, ABS",H221181,137,15,0.02%,0.11%,196,18,0.02%,0.09%,88.14%,73.33%,2,1,1.46%,6.67%,"199,00 €","99,50 €",2,1
B0F9X4NXL3,B0F9GJRSSJ,"CUPERINOX Cuchillos Mesa, cuchillo carne, cuchillo mantequilla, Set 6 piezas, acero inoxidable, hoja con filo y sierra, cuchillo untar. Apto lavavajillas. Mango ergonomico",20043-6,165,5,0.03%,0.04%,227,6,0.03%,0.03%,100.00%,100.00%,2,0,1.21%,0.00%,"19,98 €","0,00 €",2,0
B0F9X4NXL3,B0F9KXQKLG,"CUPERINOX Cuchillos Mesa, cuchillo carne, cuchillo mantequilla, Set 24 piezas, acero inoxidable, hoja con filo y sierra, cuchillo untar. Apto lavavajillas. Mango ergonomico",20043_24,114,3,0.02%,0.02%,134,5,0.02%,0.03%,100.00%,100.00%,2,0,1.75%,0.00%,"39,98 €","0,00 €",2,0
B0FH9NPJ1K,B0FH9NPJ1K,VINFERMATON – Insecticida Cucarachas y Hormigas Antihormigas Instantáneo 600 ml | Spray Eliminador Insectos Rastreros Interior y Exterior | Acción Rápida Profesional | 100% MADE IN SPAIN (2),V0011_PACK2,31,0,0.01%,0.00%,39,0,0.00%,0.00%,69.44%,0.00%,2,0,6.45%,0.00%,"25,98 €","0,00 €",2,0
B0FHKR4Q45,B0FHKR4Q45,VINFERMATON – Insecticida Cucarachas y Hormigas | Antihormigas Instantáneo Pack 3×300 ml | Spray Eliminador Insectos Rastreros Interior y Exterior | Acción Rápida Profesional | MADE IN SPAIN,V101302_PACK3,25,0,0.00%,0.00%,37,0,0.00%,0.00%,91.18%,0.00%,2,0,8.00%,0.00%,"25,98 €","0,00 €",2,0
B0FT8NLHQ3,B0FT8NLHQ3,BIOLEAF® – Multiusos + Limpiacristales Pack 2×750 ml | Limpieza Total Hogar | Brillo Duradero en Superficies y Cristales Sin Huellas | Fórmula Biodegradable | Dermatológicamente Testado,BIOLEAF_3450,51,1,0.01%,0.01%,67,1,0.01%,0.01%,96.55%,0.00%,2,0,3.92%,0.00%,"19,98 €","0,00 €",2,0
B0FT8NPR4X,B0FT8NPR4X,BIOLEAF® – Gel WC + Desincrustante Baños Pack 2×750 ml | Limpieza Antical Baño | Fórmula Biodegradable con Esencias Marinas | Dermatológicamente Testado|100% MADE IN SPAIN,BIOLEAF_3429,57,0,0.01%,0.00%,92,0,0.01%,0.00%,98.81%,0.00%,2,0,3.51%,0.00%,"19,98 €","0,00 €",2,0
B0FZCGBRVR,B0FZCGBRVR,CUPERINOX - Cuchillo Pelador Forjado Profesional 9 cm | Hoja de Acero Inoxidable de Alta Precisión | Mango Ergonómico Antideslizante | Cuchillo de Cocina para Frutas y Verduras,19304,57,0,0.01%,0.00%,83,0,0.01%,0.00%,100.00%,0.00%,2,0,3.51%,0.00%,"23,98 €","0,00 €",2,0
B0G3ZJ89NB,B0FZD7ZY1W,CUPERINOX Cuchillo Jamonero Profesional 25 cm – Hoja Alveolada de Acero Inoxidable Antideslizante con Mango Ergonómico – Corte Preciso y Fino para Jamón y Paletilla| Maestros del Corte,19305,538,13,0.09%,0.09%,675,14,0.08%,0.07%,98.56%,100.00%,3,0,0.56%,0.00%,"59,97 €","0,00 €",2,0
B0FZKN2FKC,B0FZKN2FKC,Xpartan Clean | Pack 2 x 500ml | Limpiador de Suelos Multisuperficie para Robots de Limpieza | Concentrado y Perfumado para todo tipo de Robots y Marcas,XPARTAN_PACK2,4,0,0.00%,0.00%,6,0,0.00%,0.00%,100.00%,0.00%,2,0,50.00%,0.00%,"31,98 €","0,00 €",2,0
B0G67DKSXN,B0G213X3HM,"BIOLEAF – Gel WC Antical Pack 2×750 ml (1,5 L) – Gel Espeso Acción Prolongada – Elimina Sarro y Cal – Limpieza Sanitaria Intensiva – Biodegradable – Sin Disruptores Endocrinos",2682,11,0,0.00%,0.00%,15,0,0.00%,0.00%,100.00%,0.00%,2,0,18.18%,0.00%,"17,98 €","0,00 €",2,0
B0G4S268RT,B0G21QLYZ1,"BIOLEAF–Lavavajillas Manual Pack 2×750 ml (1,5 L) – Detergente Concentrado Desengrasante – Vajilla Brillante y Aclarado Fácil – Biodegradable – Sin Disruptores Endocrinos",2699,32,0,0.01%,0.00%,48,0,0.01%,0.00%,100.00%,0.00%,2,0,6.25%,0.00%,"17,98 €","0,00 €",2,0
B09ZLJL6JF,B0015YIAV6,Arcos Serie Lyon - Cuchillo Chef | Cuchillo Cocinero - Hoja de Acero Inoxidable Forjado NITRUM de 200 mm - Mango de Polioximetileno (POM) - Color Negro,253600_,30,0,0.01%,0.00%,42,0,0.01%,0.00%,100.00%,0.00%,1,0,3.33%,0.00%,"33,99 €","0,00 €",1,0
B0F54LTCFF,B0015YKFPK,Arcos Universal Cuchillo Lenguado y Pescado Nitrum Negro 170 mm,284204,166,2,0.03%,0.01%,188,2,0.02%,0.01%,0.60%,0.00%,1,0,0.60%,0.00%,"14,25 €","0,00 €",1,0
B0DDWPSK8Z,B001681JO6,"HENDI Placa de inducción de sobremesa profesional, control táctil, 60-240°C, 230V, 3500W, 342x431x(H)116mm, acero inoxidable",H239711,111,9,0.02%,0.07%,157,14,0.02%,0.07%,77.61%,66.67%,1,0,0.90%,0.00%,"267,75 €","0,00 €",1,0
B017HKG9PK,B0044R87LE,Arcos Cuchillo Panero Negro 210 mm,151400_fbm,"1,123",42,0.20%,0.30%,"1,387",48,0.17%,0.24%,17.87%,12.50%,1,0,0.09%,0.00%,"14,99 €","0,00 €",1,0
B0F54LTCFF,B0044R87QE,Arcos Cuchillo Cocina Acero Inoxidable 200 mm,280604,"5,031",125,0.88%,0.91%,"7,537",191,0.92%,0.96%,0.12%,0.78%,1,1,0.02%,0.80%,"21,49 €","21,49 €",1,1
B0F54LTCFF,B0044R87QO,Arcos Cuchillo Chef Acero Inoxidable. Cuchillo cocina profesional para cortar una variedad alimentos. Mango ergonómico polioximetileno y Hoja 250 mm. Serie Universal. Color negro.,280704_fbm,"1,131",34,0.20%,0.25%,"1,508",40,0.18%,0.20%,0.07%,0.00%,1,0,0.09%,0.00%,"24,75 €","0,00 €",1,0
B00YTW5C8U,B0044R87YG,Arcos Cuchillo Carnicero Acero Inoxidable Nitrum 160 mm,241600,24,1,0.00%,0.01%,35,1,0.00%,0.01%,50.00%,100.00%,1,0,4.17%,0.00%,"16,99 €","0,00 €",1,0
B017HKG9PK,B0044R87ZA,Arcos Cuchillo Mondador de Acero Inoxidable. Cuchillo Cocina Profesional para Pelar Frutas y Verduras. Mango Ergonómico Polioximetileno y Hoja 150mm. Serie Maitre. Color Negro.,150700_,"2,011",40,0.35%,0.29%,"2,770",43,0.34%,0.22%,0.24%,0.00%,1,0,0.05%,0.00%,"10,99 €","0,00 €",1,0
B0F54LTCFF,B0044R884U,Arcos Universal Cuchillo Santoku Acero POM Negro 170 mm,286004_us,741,12,0.13%,0.09%,"1,016",15,0.12%,0.08%,1.71%,0.00%,1,0,0.13%,0.00%,"23,75 €","0,00 €",1,0
B08QCTG3WH,B004DDNPHU,HENDI Calientaplatos (Redondo) - Kitchen Line - 3.5 L - diámetro390X(H) 270 mm,H470619,16,4,0.00%,0.03%,23,6,0.00%,0.03%,65.00%,50.00%,1,1,6.25%,25.00%,"63,49 €","63,49 €",1,1
B00509DM8S,B00509DM8S,HENDI Baño María Eléctrico GN 1/1,H238905,107,18,0.02%,0.13%,164,28,0.02%,0.14%,41.61%,42.11%,1,0,0.93%,0.00%,"137,75 €","0,00 €",1,0
B0873P7266,B0050BAQ62,HENDI Calentador de alimentos con 2 quemadores - 330x180x(H)65 mm,H463000,18,0,0.00%,0.00%,27,0,0.00%,0.00%,65.38%,0.00%,3,0,16.67%,0.00%,"139,47 €","0,00 €",1,0
B005LR5ZYS,B005LR5ZYS,Arcos Serie Terranova - Cuchillo para Pan Panero - Hoja de Acero Inoxidable Forjado NITRUM 200 mm - Mango de Polioximetileno (POM) color negro,155700,8,0,0.00%,0.00%,10,0,0.00%,0.00%,100.00%,0.00%,1,0,12.50%,0.00%,"24,99 €","0,00 €",1,0
B0F1ZF7H1L,B005LR6J3Y,Arcos Riviera Juego 6 Cuchillos Forjados Acero Inoxidable Nitrum,234200_,530,18,0.09%,0.13%,622,22,0.08%,0.11%,58.13%,69.23%,1,0,0.19%,0.00%,"174,89 €","0,00 €",1,0
B0F1ZF7H1L,B005LR6JFW,Arcos Conjunto Cuchillos 5 piezas Acero Inoxidable y Hoja mm. 3750 gr. Cuchillo cocina profesional cortar una variedad alimentos con mango ergonómico polioximetileno POM. Serie Riviera. Color negro.,234300_,360,6,0.06%,0.04%,423,6,0.05%,0.03%,73.24%,66.67%,1,0,0.28%,0.00%,"134,99 €","0,00 €",1,0
B005LR6YFC,B005LR6YFC,Arcos Maitre Set Jamonero 2 Piezas Acero Inoxidable Nitrum 275 mm,151900,65,0,0.01%,0.00%,79,0,0.01%,0.00%,47.89%,0.00%,1,0,1.54%,0.00%,"23,49 €","0,00 €",1,0
B017HKFNO8,B005LR6ZZ6,Arcos Niza Cuchillo de Cocina Acero Inoxidable 150 mm,135300,455,14,0.08%,0.10%,587,24,0.07%,0.12%,0.37%,0.00%,1,0,0.22%,0.00%,"9,99 €","0,00 €",1,0
B0752NT3TH,B005LR77UI,ARCOS Tijeras de Cocina Acero Inoxidable 215 mm,185400,620,13,0.11%,0.09%,741,15,0.09%,0.08%,10.53%,0.00%,1,0,0.16%,0.00%,"17,49 €","0,00 €",1,0
B017HKR8WS,B005LRSIK6,ARCOS Afilador de Bolsillo Profesional,610200_fbm,"1,530",51,0.27%,0.37%,"2,033",67,0.25%,0.34%,1.25%,3.13%,1,0,0.07%,0.00%,"37,75 €","0,00 €",1,0
B00XJBJO4K,B005LRSJ5A,Arcos Guantes de Protección - Guante de Malla Guante de Protección - Acero Inoxidable Size S 240 mm - Color Gris,615200,28,0,0.00%,0.00%,30,0,0.00%,0.00%,50.00%,0.00%,1,0,3.57%,0.00%,"120,95 €","0,00 €",1,0
B0F54LTCFF,B007TS67A8,Arcos Cuchillo Fileteador Acero Inoxidable Nitrum 160mm,282704,629,19,0.11%,0.14%,704,19,0.09%,0.10%,6.51%,54.55%,1,0,0.16%,0.00%,"16,49 €","0,00 €",1,0
B0F54LTCFF,B007TS67O4,Arcos Cuchillo Chef Acero Inoxidable 175 mm,284704,531,6,0.09%,0.04%,706,11,0.09%,0.06%,0.16%,10.00%,3,3,0.56%,50.00%,"50,97 €","50,97 €",1,1
B0F54LTCFF,B007TS67OO,Arcos Cuchillo Chef Acero Inoxidable 200 mm,284804,"1,186",27,0.21%,0.20%,"1,471",30,0.18%,0.15%,0.61%,42.11%,2,2,0.17%,7.41%,"39,50 €","39,50 €",1,1
B017HKKKIC,B007TS68BG,Arcos Universal Cuchillo Carnicero Nitrum POM Negro 160 mm,288200_fbm,389,12,0.07%,0.09%,623,16,0.08%,0.08%,11.30%,9.09%,1,0,0.26%,0.00%,"28,90 €","0,00 €",1,0
B008U6TRGO,B008U6TRGO,"Arcos Cuchillos mesa - Cuchillo carne Acero Inoxidable Nitrum, Hoja, mango marrón madera -erie Mesa, duradero y apto para lavavajillas (7'')",809300_1Pieza,"2,475",36,0.43%,0.26%,"3,300",46,0.40%,0.23%,0.74%,0.00%,8,0,0.32%,0.00%,"39,92 €","0,00 €",1,0
B0DDW46XR7,B009SM0U92,"HENDI Bandeja de Servicio Rectangular, Superficie Antideslizante, GN 1/1, 530x325x(H) 20mm, Polipropileno, Negro",H878101,19,0,0.00%,0.00%,22,0,0.00%,0.00%,66.67%,0.00%,4,0,21.05%,0.00%,"59,96 €","0,00 €",1,0
B00BHZPHO6,B00BHZPHO6,"Arcos Juego 6 Cuchillos carne 4,s. Paquete Cuchillos bolsillo con borliso para cortar y filetear carne. Hoja y mango Acero Inoxidable monobloque. Serie Mesa.",378200_,30,2,0.01%,0.01%,42,6,0.01%,0.03%,40.00%,50.00%,1,1,3.33%,50.00%,"38,99 €","38,99 €",1,1
B0F1ZF7H1L,B00BHZPIVI,Arcos Cuchillo Chef Forjado Acero Inoxidable 200 mm,233624,408,6,0.07%,0.04%,536,7,0.07%,0.04%,25.43%,60.00%,1,0,0.25%,0.00%,"32,49 €","0,00 €",1,0
B00BQU1CN2,B00BQU1CN2,"HENDI Dispensador de Bebidas Calientes Eléctrico, Doble Pared, Termostato Regulable hasta 110°C, 9L, 230V, 2200W, 322x390x(H)522mm, Acero Inoxidable",H211403,21,3,0.00%,0.02%,29,8,0.00%,0.04%,60.00%,20.00%,1,0,4.76%,0.00%,"144,50 €","0,00 €",1,0
B00BQU1IAY,B00BQU1IAY,"HENDI Calentador eléctrico de Alimentos para Buffet Tellano, Chafing Dish eléctrico al baño María, GN 1/1, Capacidad 9L, 30–85°C, 230V, 900W, 575x349x(H) 278mm, Polipropileno y Acero Inoxidable",H204825,12,2,0.00%,0.01%,27,6,0.00%,0.03%,76.19%,100.00%,2,2,16.67%,100.00%,"254,98 €","254,98 €",1,1
B0D1CXDT2G,B00BQU1S1I,HENDI Termómetro con sonda plegable - -50/300˚C - 160x40x(H)25 mm,H271308,9,1,0.00%,0.01%,9,1,0.00%,0.01%,100.00%,100.00%,1,1,11.11%,100.00%,"30,25 €","30,25 €",1,1
B0F54LTCFF,B00CEKDBRS,Espátula Serie Universal 125 x 120 mm,286500,554,36,0.10%,0.26%,827,50,0.10%,0.25%,0.00%,0.00%,2,2,0.36%,5.56%,"40,98 €","40,98 €",1,1
B0CZF71PXK,B00CJKPM7U,"HENDI Olla de cocina, alta, con tapa con orificios de salida de vapor, fondo de inducción continuo, apta para todas las fuentes de calor y el lavavajillas, 2.8L, ø160x(H)140mm, acero inoxidable",H837108,22,2,0.00%,0.01%,28,2,0.00%,0.01%,17.86%,0.00%,1,0,4.55%,0.00%,"28,25 €","0,00 €",1,0
B00CWZOIIQ,B00CWZOIIQ,"Arcos Cuchillos Mesa - Cuchillo Carne Mesa - Monobloque unaola pieza Acero Inoxidable 4"" - Corta chuletas o bistecs con precisión, facilidad y rapidez -erie Monobloque - Color Plateado",375500_1pza_fbm,103,4,0.02%,0.03%,127,4,0.02%,0.02%,72.81%,33.33%,3,0,2.91%,0.00%,"19,47 €","0,00 €",1,0
B0GDXY2XBY,B00D3LBPIE,Arcos Mesa Cuchillo Chuletero Serrado Acero Monoblock Plata 110 mm,809500_1pieza,194,3,0.03%,0.02%,277,7,0.03%,0.04%,3.21%,50.00%,6,0,3.09%,0.00%,"35,94 €","0,00 €",1,0
B00D3LCJI4,B00D3LCJI4,Arcos Saeta - Cuchillo Panero - Hoja de Acero Inoxidable Forjado Nitrum de 210 mm - Mango de Pom - Color Negro,175700,35,0,0.01%,0.00%,46,0,0.01%,0.00%,100.00%,0.00%,1,0,2.86%,0.00%,"29,99 €","0,00 €",1,0
B00E5KWS1A,B00E5KWS1A,"Arcos Accesorios de Cocina - Juego de 5 Piezas (Pelador, Cascanueces, Sacacorchos, Prensa Ajos, Abrelatas) - Aleación de Zinc, Acabado Cromado, Caja Regalo - Plata",604500_,116,4,0.02%,0.03%,160,6,0.02%,0.03%,24.46%,0.00%,1,0,0.86%,0.00%,"69,99 €","0,00 €",1,0
B00GJU09XI,B00GJU09XI,Arcos - Tacoma 6pz (5 cuchillos+tijera)serie niza 136100 arcos,136100_us,25,3,0.00%,0.02%,38,7,0.00%,0.04%,87.10%,100.00%,1,0,4.00%,0.00%,"49,99 €","0,00 €",1,0
B0DK3FSR9B,B00GZR39CI,"HENDI Dispensador de crema, incluye juego de 3 boquillas de polipropileno y cepillo de limpieza, espumas frías, 0,5 L, 80 x 260 mm, aluminio, color blanco",H588369,53,1,0.01%,0.01%,60,1,0.01%,0.01%,24.07%,0.00%,1,0,1.89%,0.00%,"39,75 €","0,00 €",1,0
B0DK3FSR9B,B00GZR3JD2,"HENDI Sifón de Nata, con 3 boquillas Diferentes, Soporte para el Cargador y Cepillo de Limpieza, para Nata montada, mousses, postres, 0,95L, ø95x(H) 320mm, Aluminio, Blanco",H588376,54,4,0.01%,0.03%,66,5,0.01%,0.03%,76.19%,0.00%,1,0,1.85%,0.00%,"41,95 €","0,00 €",1,0
B08SHCJFNN,B00GZR3KKE,"HENDI Freidora eléctrica, T ajustable hasta 190°C, termostato de seguridad, zona fría, con tapa y cesta de freír, tanque de aceite extraíble, 4L, 230V, 3000W, 217x380x(H)300mm, acero inoxidable",H205808,24,1,0.00%,0.01%,33,1,0.00%,0.01%,83.87%,0.00%,1,0,4.17%,0.00%,"145,75 €","0,00 €",1,0
B07TXLKG42,B00GZR3LR6,"HENDI Freidora eléctrica, T ajustable hasta 190°C, termostato de seguridad, zona fría, con tapa y cesta de freír, tanque de aceite extraíble, 6L, 230V, 3300W, 265x430x(H)290mm, acero inoxidable",H205815,43,3,0.01%,0.02%,60,3,0.01%,0.02%,80.00%,50.00%,1,0,2.33%,0.00%,"155,75 €","0,00 €",1,0
B07TXLKG42,B00GZR3MKM,"HENDI Freidora eléctrica, T ajustable hasta 190°C, termostato de seguridad, zona fría, con tapa y cesta de freír, tanque de aceite extraíble, 8L, 230V, 3500W, 265x430x(H)345mm, acero inoxidable",H205822,64,9,0.01%,0.07%,95,11,0.01%,0.06%,69.51%,20.00%,1,0,1.56%,0.00%,"164,99 €","0,00 €",1,0
B0D1CW5WWV,B00GZR3RSO,"HENDI Centrifugador de ensaladas, secador de ensaladas, cesta de centrifugado interior extraíble, apto para el lavavajillas, 12 L, ø335x(h)430 mm, Poliamida, Polipropileno",H222553,9,3,0.00%,0.02%,12,5,0.00%,0.03%,58.33%,40.00%,1,1,11.11%,33.33%,"119,75 €","119,75 €",1,1
B017HKRIGE,B00I9XTOT8,"ARCOS Tabla Cortar Fibra Resina y Celulosa 13""",691610,184,2,0.03%,0.01%,236,3,0.03%,0.02%,3.72%,0.00%,1,0,0.54%,0.00%,"20,99 €","0,00 €",1,0
B0G39V4XR3,B00ITVQOOI,ARCOS Tenedor de Mesa Acero Inoxidable 18/10 200 mm,371600_1pieza,54,2,0.01%,0.01%,81,5,0.01%,0.03%,93.15%,100.00%,2,0,3.70%,0.00%,"9,98 €","0,00 €",1,0
B00J3ZTXAG,B00J3ZTXAG,Arcos Cuchillo Jamonero 250 mm Acero Inoxidable Serie Latina,101301_fbm,"2,227",49,0.39%,0.36%,"3,228",67,0.39%,0.34%,0.03%,0.00%,1,0,0.04%,0.00%,"9,99 €","0,00 €",1,0
B00J4L7DZ6,B00J4L7DZ6,Arcos Serie Toscana - Juego de Tenedores de Mesa (3 tenedores) - Monoblock de una pieza en Acero Inoxidable 18/10 y 200 mm - Color Plata,574700_,826,14,0.15%,0.10%,"1,249",29,0.15%,0.15%,1.54%,0.00%,1,0,0.12%,0.00%,"8,99 €","0,00 €",1,0
B017HKGEFK,B00J64L30C,Arcos Natura Cuchillo Santoku Forjado Acero Inoxidable 180 mm,155810_,89,1,0.02%,0.01%,137,1,0.02%,0.01%,88.71%,0.00%,1,0,1.12%,0.00%,"39,99 €","0,00 €",1,0
B0D1CYZT7H,B00JN2S0UI,HENDI Escurridor de patatas fritas de aluminio - Gris claro - diámetro400x(H)170 mm,H630006,74,12,0.01%,0.09%,102,16,0.01%,0.08%,84.44%,100.00%,1,1,1.35%,8.33%,"29,25 €","29,25 €",1,1
B00L827426,B00L827426,HENDI Hielera de doble pared - 5 L - ø200x(H)230 mm,H594704,8,1,0.00%,0.01%,13,1,0.00%,0.01%,100.00%,100.00%,2,2,25.00%,200.00%,"169,98 €","169,98 €",1,1
B09381N96H,B00PKFXWJQ,Arcos Serie Cuchillos de Mesa - Cuchillo Mesa - Hoja Serrada de Acero Inoxidable NITRUM de 125 mm - Mango Polipropileno Color crema,370200_1Pieza,81,4,0.01%,0.03%,104,4,0.01%,0.02%,98.98%,100.00%,6,0,7.41%,0.00%,"20,94 €","0,00 €",1,0
B0DK3GFZ8K,B00QHX6CWE,HENDI Rodillo - ø65x(H)470 mm,H515006,7,0,0.00%,0.00%,10,0,0.00%,0.00%,100.00%,0.00%,1,0,14.29%,0.00%,"31,40 €","0,00 €",1,0
B0752X4WZ6,B00TA4O5YO,ARCOS Pinzas para Emplatar Acero Inoxidable 300 mm,606200_,"2,549",66,0.45%,0.48%,"3,378",87,0.41%,0.44%,38.57%,12.50%,5,5,0.20%,7.58%,"52,75 €","52,75 €",1,1
B0752TH4FW,B00V3A9XMC,Arcos Serie Riviera Blanc - Juego de Cuchillos de 5 piezas en Caja de Regalo (4 Cuchillos + 1 Tijeras) - Hoja de Acero Inoxidable Forjado NITRUM - Mango de Polioximetileno (POM) - Bloque de madera de color negro lacado,234424_,84,5,0.01%,0.04%,102,8,0.01%,0.04%,98.94%,100.00%,1,0,1.19%,0.00%,"144,99 €","0,00 €",1,0
B09ZLJL6JF,B00YU0JT2G,Arcos Serie Lyon - Cuchillo Mondador | Cuchillo Arcos - Hoja de Acero Inoxidable Forjado NITRUM de 100 mm - Mango de Polioximetileno (POM) - Color Negro,250200_,17,1,0.00%,0.01%,23,1,0.00%,0.01%,88.89%,0.00%,1,0,5.88%,0.00%,"20,99 €","0,00 €",1,0
B013I01EWQ,B013I01EWQ,"HENDI Cepillo de limpieza para horno de pizza, rascador de acero, mango desmontable, 930x260mm, acero inoxidable y madera",H525630,2,0,0.00%,0.00%,4,0,0.00%,0.00%,100.00%,0.00%,1,0,50.00%,0.00%,"36,85 €","0,00 €",1,0
B015HG9B3I,B015HG9B3I,"HENDI Sopera con tapa y cucharón, recipiente para servir sopas y salsas, 2,7L, ⌀270x(H) 175mm, acero inoxidable",H434208,111,8,0.02%,0.06%,181,10,0.02%,0.05%,23.33%,28.57%,12,12,10.81%,150.00%,"383,88 €","383,88 €",1,1
B0B3F4QXML,B017DLGUJI,Arcos Cuchillo Jamonero Profesional - Hoja Forjada NITRUM 250 mm - Mango POM Resistente - Ideal para Cortes Precisos - Serie Clásica,256700_fbm,587,8,0.10%,0.06%,763,12,0.09%,0.06%,22.93%,60.00%,1,0,0.17%,0.00%,"28,99 €","0,00 €",1,0
B017DLM9SO,B017DLM9SO,ARCOS Tenedores para Tartas Acero Inoxidable 18/10 140 mm,574300_,"1,199",43,0.21%,0.31%,"1,807",62,0.22%,0.31%,2.98%,0.00%,1,0,0.08%,0.00%,"10,25 €","0,00 €",1,0
B017DLM9V6,B017DLM9V6,"Arcos Tenedores de Postre Acero Inoxidable 18/10, Juego de 3 Piezas, Monoblock 180 mm, Serie Toscana, Ideal para Repostería y Sobremesa, Color Plata",574500_,105,1,0.02%,0.01%,129,2,0.02%,0.01%,27.97%,0.00%,2,0,1.90%,0.00%,"16,50 €","0,00 €",1,0
B017DLMYLQ,B017DLMYLQ,Arcos Serie Endura - Cacerola Antiadherente - Cuerpo de Aluminio Forjado 16 cm - Capacidad 1 litro - Mango de Acero Inoxidable - Color Negro (Libre de PFOA),697000_,89,0,0.02%,0.00%,121,0,0.01%,0.00%,100.00%,0.00%,1,0,1.12%,0.00%,"20,32 €","0,00 €",1,0
B017DMTEIG,B017DMTEIG,Arcos Utensilios Profesionales - Sierra de Carnicero - Hoja de Acero Inoxidable 430 mm - Mango de Polipropileno Color Negro,791800,84,7,0.01%,0.05%,136,18,0.02%,0.09%,49.06%,33.33%,1,0,1.19%,0.00%,"62,90 €","0,00 €",1,0
B089MGF35Y,B01BLN78EU,"HENDI Fuente de Chocolate de 3 Niveles, Capacidad: hasta 1,5 kg, 230 V / 46 W, Ø215x(H)375 mm, Acero Inoxidable",H274101,31,7,0.01%,0.05%,36,9,0.00%,0.05%,48.39%,22.22%,1,1,3.23%,14.29%,"69,95 €","69,95 €",1,1
B0DDVJXBTX,B01CBPP6T6,"HENDI Calentador de Salchichas con Termostato Ajustable hasta 85°C, Indicador Luminoso y Asas Frías al Tacto, 230V/1000W, Capacidad 9,3L, 386x287xH258mm, Acero Inoxidable",H240502,3,0,0.00%,0.00%,3,0,0.00%,0.00%,100.00%,0.00%,1,0,33.33%,0.00%,"159,50 €","0,00 €",1,0
B088L1YKB9,B01DY4846U,HENDI Thermobox Kitchen Line - 53 L - 685x485x(H)260 mm,H707951,15,4,0.00%,0.03%,22,6,0.00%,0.03%,84.21%,100.00%,1,0,6.67%,0.00%,"71,95 €","0,00 €",1,0
B0DN1W2FX7,B01DY48ILG,"HENDI Bolsas lisas para cocción sous-vide y envasado al vacío, 100 unidades, -20 °C a +110 °C, 400x300mm, 75µm, PA/PE, sin BPA",H970690,23,4,0.00%,0.03%,32,4,0.00%,0.02%,25.93%,100.00%,1,1,4.35%,25.00%,"30,99 €","30,99 €",1,1
B06XD39V8J,B06XD39V8J,VINFERMATON – Insecticida Cucarachas y Hormigas Residual 400 ml | Spray Efecto Duradero para Interior y Exterior | Profesional Doméstico | 100 % MADE IN SPAIN,V0012_,119,8,0.02%,0.06%,166,15,0.02%,0.08%,10.69%,0.00%,1,0,0.84%,0.00%,"7,94 €","0,00 €",1,0
B0719K25DF,B0719K25DF,ARCOS Pinzas de Precisión para Emplatar 140 mm,606500,514,8,0.09%,0.06%,736,11,0.09%,0.06%,2.52%,0.00%,1,0,0.19%,0.00%,"9,99 €","0,00 €",1,0
B0B3D6SCY5,B076PYQ6YH,ARCOS Jamonero Madera de Pino Lacada Herrajes Metálicos Caoba,683200,493,7,0.09%,0.05%,659,12,0.08%,0.06%,32.57%,75.00%,1,0,0.20%,0.00%,"87,94 €","0,00 €",1,0
B0787R49F1,B0787R49F1,Multiusos Wins 004. Abrillanta y elimina la suciedad acumulada en cualquier tipo de superficie sin dañarlas. Envase de 5 Litros.,WINS004,14,0,0.00%,0.00%,15,0,0.00%,0.00%,91.67%,0.00%,1,0,7.14%,0.00%,"14,75 €","0,00 €",1,0
B09JPSTVBC,B07B8MQZTW,Arcos Serie Riviera Rose - Cuchillo Mondador - Hoja de Acero Inoxidable Forjado NITRUM 100 mm - Mango de Polioximetileno (POM) Color Rosa,230254_,49,1,0.01%,0.01%,76,1,0.01%,0.01%,100.00%,100.00%,1,0,2.04%,0.00%,"24,99 €","0,00 €",1,0
B08S87M447,B07BMGMVY4,Arcos Serie Riviera Rose - Cuchillo Cocinero - Hoja de Acero Inoxidable Forjado NITRUM 200 mm - Mango de Polioximetileno (POM) Color Rosa,233654_,62,2,0.01%,0.01%,103,2,0.01%,0.01%,100.00%,100.00%,1,0,1.61%,0.00%,"34,99 €","0,00 €",1,0
B07TXLLGJX,B07BZ99SLN,HENDI Cocina de inducción modelo 5000 D - Profi Line - 400V / 5000W - 398x515x(H)168 mm,H239322,35,1,0.01%,0.01%,48,1,0.01%,0.01%,93.94%,0.00%,1,0,2.86%,0.00%,"457,90 €","0,00 €",1,0
B0D1CX8NJN,B07CYYMR49,"HENDI Hervidor de agua eléctrico, tetera, indicador del nivel de agua, desconexión automática, 4,2L, 230V, 2000W, 340x234x(H)290mm, acero inoxidable/Polipropileno",H209998,47,5,0.01%,0.04%,69,8,0.01%,0.04%,60.66%,75.00%,3,3,6.38%,60.00%,"153,78 €","153,78 €",1,1
B07CZ3DF6D,B07CZ3DF6D,"HENDI Cortadora eléctrica de carne, cortafiambres multiusos, Profi Line 195, Ø cuchilla: 195mm, espesor de corte (0-12mm), 220-240V, 200W, 416x400x(H)335mm, plateado, aluminio, acero inoxidable",H210031,52,2,0.01%,0.01%,69,3,0.01%,0.02%,95.31%,100.00%,1,0,1.92%,0.00%,"415,00 €","0,00 €",1,0
B08NWMXFDK,B07CZTF891,"HENDI Vitrina expositora refrigerada, descongelación automática, sistema antivaho, 3 estantes, iluminaciónED, etiqueta energética C, 78L, 230V, 170W, 452x406x(H)966mm, Blanco, ABS, doble cristal",H233641,4,2,0.00%,0.01%,4,2,0.00%,0.01%,75.00%,100.00%,1,1,25.00%,50.00%,"625,00 €","625,00 €",1,1
B088L4V9XQ,B07D2T8LLY,"HENDI Placa eutéctica de frío profesional, GN 1/1, para cajas térmicas, elemento refrigerante, acumulador de frío, bloque térmico, paquete de enfriamiento, placa de hielo, 530x325x(H)30mm, HDPE, azul",H707821,27,8,0.00%,0.06%,41,12,0.01%,0.06%,52.94%,44.44%,2,2,7.41%,25.00%,"60,38 €","60,38 €",1,1
B07TXLLKPD,B07D4TDV32,"HENDI Cortador eléctrico para kebab, shawarma, gyros, corte ajustable 0-8mm, cuchilla: 2600 rpm, cuchillo eléctrico profesional para cortar carne, 80W, 60kg/h, 230V, 202x125x(H)182mm, acero inoxidable",H267240,25,5,0.00%,0.04%,32,7,0.00%,0.04%,42.86%,14.29%,1,1,4.00%,20.00%,"148,75 €","148,75 €",1,1
B086XS4XDX,B07D4V72YP,"HENDI Juego de salero y pimentero, 2 piezas, utensilio de sal y pimienta de cocina mesa, con tapas de acero inoxidable con orificios dispensadores en forma de S y P, ⌀40x(H)70mm, vidrio, transparente",H465387,12,0,0.00%,0.00%,17,0,0.00%,0.00%,76.92%,0.00%,1,0,8.33%,0.00%,"7,49 €","0,00 €",1,0
B0D1CXLR2J,B07D5DJZBL,HENDI Embudo para repostería Kitchen Line - Gris claro - 1.5 L - 270x195x(H)270 mm,H551813,2,0,0.00%,0.00%,3,0,0.00%,0.00%,50.00%,0.00%,2,2,100.00%,0.00%,"113,98 €","113,98 €",1,1
B07D5FFJ36,B07D5FFJ36,"HENDI Bandeja de Servicio Ovalada XL, Superficie Antideslizante, 735x600x(H) 31mm, Negro, Fibra de Vidrio y Goma",H508831,38,3,0.01%,0.02%,58,7,0.01%,0.04%,70.59%,33.33%,3,3,7.89%,100.00%,"149,97 €","149,97 €",1,1
B0CTCT53R8,B07D8X941X,"HENDI Recipiente GN 1/3,contenedor GN,apilable,resistente a Temperaturas de -40° a 300°C,apto para hornos,congeladores,calientaplatos,baño María,5.7L,325x176x(H) 150mm,acero inoxidable 18/10",H801512,4,1,0.00%,0.01%,5,2,0.00%,0.01%,66.67%,0.00%,2,2,50.00%,200.00%,"62,80 €","62,80 €",1,1
B0CQP77SQ1,B07D9X53W4,"HENDI Olla de cocina con tapa, de gran capacidad: 36L, fondo de inducción continuo, apta para todas las fuentes de calor y el lavavajillas, ø360x(H)360mm, acero inoxidable",H834404_,5,0,0.00%,0.00%,30,0,0.00%,0.00%,88.00%,0.00%,1,0,20.00%,0.00%,"132,99 €","0,00 €",1,0
B0CTCW7QFZ,B07DC7ZX3W,HENDI Recipiente Gastronorm 1/1 - PC - Transparente - 28 L - 530x325x(H) 200 mm,H861202,7,1,0.00%,0.01%,9,1,0.00%,0.01%,100.00%,100.00%,2,2,28.57%,200.00%,"68,30 €","68,30 €",1,1
B07DC8MD56,B07DC8MD56,"HENDI Rejilla de asador, GN 1/1, de acero inoxidable cromado, 325x530mm, para todas las parrillas, grill, barbacoas Green Fire de HENDI",H939949,77,8,0.01%,0.06%,117,16,0.01%,0.08%,55.34%,60.00%,4,0,5.19%,0.00%,"83,96 €","0,00 €",1,0
B0846H7BV1,B07G5M444L,Arcos Cuchillo de Mesa Acero Inoxidable Nitrum 130 mm Caja 12 Uds,370725_fbm,41,1,0.01%,0.01%,46,1,0.01%,0.01%,100.00%,100.00%,1,0,2.44%,0.00%,"42,99 €","0,00 €",1,0
B07G75VRY2,B07G75VRY2,"Arcos Serie Cuchillos de Mesa Caja 12 uds Cuchillo Chuletero, Hoja Serrada de Acero Inoxidable de 110 mm, Cuchillo Monoblock Acero Inoxidable Color plata (12 UDS)",375800_(809900x2),67,3,0.01%,0.02%,111,4,0.01%,0.02%,66.67%,33.33%,1,0,1.49%,0.00%,"57,99 €","0,00 €",1,0
B07G78WG8K,B07G78WG8K,"Arcos Serie Cuchillos de Mesa Caja 12 uds Cuchillo Chuletero, Hoja Serrada de Acero Inoxidable de 110 mm, Cuchillo Monoblock Acero Inoxidable Color plata (12 UDS)",815900_2packs,41,3,0.01%,0.02%,53,5,0.01%,0.03%,44.00%,40.00%,1,0,2.44%,0.00%,"74,99 €","0,00 €",1,0
B07G78Y7FB,B07G78Y7FB,"Arcos Serie Cuchillos de Mesa Caja 12 uds Cuchillo Chuletero, Hoja Serrada de Acero Inoxidable NITRUM de 110 mm, Mango Madera comprimida Color marrón (12 UDS)",371500_fbm,29,0,0.01%,0.00%,49,0,0.01%,0.00%,66.67%,0.00%,1,0,3.45%,0.00%,"49,99 €","0,00 €",1,0
B0B11R3BF9,B07GT3LDRH,"HENDI Gofrera eléctrica, gofres de Bruselas, 2 moldes cuadrados de 3x5, con tenedor para gofres, T regulable, placas de hierro fundido antiadherente, 230V, 2200W, 320x437x(H)277mm, acero inoxidable",H212127,9,1,0.00%,0.01%,13,1,0.00%,0.01%,90.00%,100.00%,1,0,11.11%,0.00%,"314,75 €","0,00 €",1,0
B07MMFPNLK,B07MMFPNLK,"HENDI Placa eutéctica de Calor Profesional, GN 1/1, para Cajas térmicas, Elemento Calefactor, acumulador de Calor, Bloque térmico, Placa Caliente, 530x325x(H) 30mm, HDPE, Rojo",H707845,16,4,0.00%,0.03%,24,8,0.00%,0.04%,77.27%,100.00%,2,2,12.50%,50.00%,"102,52 €","102,52 €",1,1
B0DK3FSR9B,B07MZK1DCF,"HENDI Sifón de nata, con 3 boquillas diferentes, soporte para el cargador y cepillo de limpieza, para nata montada, mousses, postres, 0,5L, ø80x(H)260mm, aluminio, negro",H588420,27,0,0.00%,0.00%,34,0,0.00%,0.00%,81.25%,0.00%,1,0,3.70%,0.00%,"38,49 €","0,00 €",1,0
B0FR444FLT,B07N8TNDRV,Arcos Brooklyn Cuchillo Chef Forjado Acero Inoxidable 150 mm,190423_,320,5,0.06%,0.04%,392,5,0.05%,0.03%,46.18%,50.00%,1,0,0.31%,0.00%,"39,99 €","0,00 €",1,0
B0FR444FLT,B07N8VLCQS,"Arcos Juego de Cuchillos Profesionales (4 Piezas) - Acero Inoxidable Nitrum, Precisión y Durabilidad, Mango Ergonómico POM Negro, Incluye Tijeras y Bloque de Madera, Serie Manhattan",163300_,225,2,0.04%,0.01%,281,3,0.03%,0.02%,96.91%,100.00%,1,0,0.44%,0.00%,"96,99 €","0,00 €",1,0
B07N8VQSVB,B07N8VQSVB,Arcos Serie Capri - Cubertería de 24 piezas en una Caja de Regalo (6 cuchillos + 12 cucharas + 6 tenedores) - Monoblock de una pieza en Acero Inoxidable Color Plata,587400_,"1,472",39,0.26%,0.28%,"2,261",78,0.28%,0.39%,14.97%,19.05%,2,0,0.14%,0.00%,"151,98 €","0,00 €",1,0
B0FY5CB86K,B07N8WHPP7,"Arcos Lira de Queso Profesional - Corte Preciso para Quesos - Estructura y Mango de Acero Inoxidable, 210 mm - Herramienta de Cocina Esencial, Color Gris",795100,42,1,0.01%,0.01%,62,1,0.01%,0.01%,92.86%,100.00%,1,0,2.38%,0.00%,"22,95 €","0,00 €",1,0
B07NDSZJQY,B07NDSZJQY,"Arcos Serie Cuchillos de Mesa Caja 12 uds Cuchillo Chuletero, Hoja Serrada de Acero Inoxidable NITRUM de 115 mm, Mango Polioximetileno Color negro (12 UDS)",374800_12piezas,10,1,0.00%,0.01%,15,1,0.00%,0.01%,100.00%,100.00%,1,0,10.00%,0.00%,"74,99 €","0,00 €",1,0
B06XB92VRH,B07T6J5JWM,CUPERINOX Cafetera Italiana Induccion Espresso Acero Inoxidable 12 Tazas,25035_2,623,16,0.11%,0.12%,917,25,0.11%,0.13%,99.75%,100.00%,1,0,0.16%,0.00%,"28,00 €","0,00 €",1,0
B07T7HKST6,B07T7HKST6,CUPERINOX Juego de Cuchillos de cocina | 6 Piezas | Cuchillos Cocina Profesional | Set cuchillos cocina | Incluye tijeras cocina | Acero Inoxidable,19511FBM,16,0,0.00%,0.00%,30,0,0.00%,0.00%,100.00%,0.00%,1,0,6.25%,0.00%,"44,95 €","0,00 €",1,0
B08QFNRVTL,B0816YRBQB,"HENDI Carrito de Servicios, de Cocina, de Restaurante, Multiusos, 5 estantes, 4 Ruedas giratorias, 2 con Freno, Carga máxima por Estante 50kg, encimera 794x539mm, 905x585x(H) 1545mm, Acero Inoxidable",H810125,5,1,0.00%,0.01%,13,2,0.00%,0.01%,92.31%,33.33%,1,0,20.00%,0.00%,"284,75 €","0,00 €",1,0
B082VWVDMX,B082VWVDMX,HENDI Cesta para baguetes - 305x320x(H)350 mm,H426517,13,1,0.00%,0.01%,21,1,0.00%,0.01%,100.00%,100.00%,1,1,7.69%,100.00%,"40,50 €","40,50 €",1,1
B0FQNZM34T,B0843DFWRQ,"Arcos Cuchillo Chef Acero Inoxidable. Cuchillo cocina profesional cortar carne, pescado, aves, frutas y verduras. Mango ergonómico polioximetileno y Hoja 140 mm. Serie Opera. Color negro.",224900_fbm,158,1,0.03%,0.01%,212,1,0.03%,0.01%,83.85%,0.00%,1,0,0.63%,0.00%,"24,58 €","0,00 €",1,0
B0CWLP4H3Z,B0843DKLKY,ARCOS Tijeras de Cocina Desmontables Acero Inox. Nitrum,784911_etq,198,5,0.03%,0.04%,242,7,0.03%,0.04%,0.89%,0.00%,1,0,0.51%,0.00%,"9,99 €","0,00 €",1,0
B0843SYT31,B0843SYT31,Arcos Cuchillo Chef con Hoja Acero Inoxidable Nitrum 160 mm. Cuchillo cocina profesional multiusos. Mango ergonómico polioximetileno POM. Serie Opera. Color negro.,225000_fmb,39,0,0.01%,0.00%,50,0,0.01%,0.00%,87.23%,0.00%,1,0,2.56%,0.00%,"32,88 €","0,00 €",1,0
B08KFQBJWQ,B0857QCPPW,"HENDI Percolador de café 14L, de una pared, con filtro incorporado y grifo antigoteo, para café molido grueso,230V, 50/60Hz, 1750W, 357x380x(H) 502mm, negro mate, acero inoxidable, PP",H211489,12,3,0.00%,0.02%,17,7,0.00%,0.04%,35.71%,33.33%,1,1,8.33%,33.33%,"159,74 €","159,74 €",1,1
B0857QG39T,B0857QG39T,"HENDI Placa eutéctica de frío profesional, GN 1/1, para cajas térmicas, elemento refrigerante, acumulador de frío, bloque térmico, de enfriamiento, placa de hielo, 530x325x(H) 30mm, HDPE, blanco",H707753,15,6,0.00%,0.04%,29,18,0.00%,0.09%,48.00%,33.33%,2,2,13.33%,33.33%,"67,50 €","67,50 €",1,1
B0857QPQZ5,B0857QPQZ5,"HENDI Placa eutéctica de calor profesional, GN 1/2, para cajas térmicas, elemento calefactor, acumulador de calor, bloque térmico, placa caliente, 320x265x(H)30mm, HDPE, rojo",H707784,29,4,0.01%,0.03%,47,11,0.01%,0.06%,50.00%,87.50%,6,6,20.69%,150.00%,"173,88 €","173,88 €",1,1
B08WR6CHHN,B08JC8DSP6,Arcos Cuchillos Chuleteros cuchillos chuleteros acero inoxidable filo liso juego cuchillos chuleteros | 6 PZAS cuchillo chuletero | Hoja 110 mm |cuchillos carne Envase Eco,815800,52,1,0.01%,0.01%,80,1,0.01%,0.01%,100.00%,0.00%,1,0,1.92%,0.00%,"39,99 €","0,00 €",1,0
B09KJLG7BT,B08KW4BFZ9,CUPERINOX Jamonero Profesional | Soporte jamonero Tipo Gondola| Base de Corte para Usar con Cuchillo jamonero | Jamon iberico | Fabricado en España,20200_premium,"4,710",70,0.83%,0.51%,"7,043",98,0.86%,0.49%,87.85%,75.00%,1,0,0.02%,0.00%,"15,49 €","0,00 €",1,0
B08M7BMR2S,B08LNRV6N6,"Arcos Afiladores, Afilador de Cuchillos de Mano, Hecho de ABS + TPE, Rodillos Cerámico y Carburo, Color Blanco y Negro",610624,"1,478",33,0.26%,0.24%,"1,857",42,0.23%,0.21%,98.41%,91.67%,1,0,0.07%,0.00%,"13,70 €","0,00 €",1,0
B09FQ5SZK8,B08MTTN436,Arcos Nordika Cuchillo Mondador Nitrum Madera Ovengkol FSC 100 mm,165000_fbm,437,11,0.08%,0.08%,595,17,0.07%,0.09%,3.17%,0.00%,1,0,0.23%,0.00%,"21,99 €","0,00 €",1,0
B08MTWQWZZ,B08MTWQWZZ,Arcos Cuchillo Cocinero Profesional Acero Inoxidable 160mm,165900_fbm,280,12,0.05%,0.09%,446,12,0.05%,0.06%,6.00%,20.00%,1,1,0.36%,8.33%,"25,99 €","25,99 €",1,1
B09FQ5SZK8,B08MTXFWC9,Arcos Nordika Cuchillo Jamonero Acero Inoxidable 250 mm,166700_fbm,199,3,0.03%,0.02%,239,3,0.03%,0.02%,43.37%,0.00%,1,0,0.50%,0.00%,"29,99 €","0,00 €",1,0
B09FQ5SZK8,B08MTZZQV5,Arcos Cuchillo para Pan Acero Inoxidable Nitrum 200 mm,166400_fbm,462,6,0.08%,0.04%,564,7,0.07%,0.04%,9.90%,0.00%,1,0,0.22%,0.00%,"29,47 €","0,00 €",1,0
B08WR6CHHN,B08MW17PLN,Arcos Juego Cuchillos Carne | 6 Piezas | Cuchillo chuleteros | Hoja 110 mm | monoblock | Cuchillo en 1 Sola Pieza | Cuchillos Carne Cubiertos Acero Inoxidable | Caja Envase Ecológico (Sierra Laser),815900fba,35,2,0.01%,0.01%,47,5,0.01%,0.03%,100.00%,100.00%,1,1,2.86%,50.00%,"33,05 €","33,05 €",1,1
B0CQLQ57BT,B08TWYJ47S,"Arcos Cazo Antiadherente 18 cm - Aluminio Fundido, Apto para Todas las Cocinas, Mango Ergonómico, Ahorro Energético, Lavavajillas, Negro/Azul - Serie Thera",719100,76,1,0.01%,0.01%,108,1,0.01%,0.01%,27.08%,0.00%,1,0,1.32%,0.00%,"30,95 €","0,00 €",1,0
B0CQLP3WHM,B08TWYW899,"Arcos Thera Sarten Grill Antiadherente de 24x24 Cm para Inducción, Gas y Vitrocerámica. Grill de Aluminio Fundido con Mango Ergonómico Extraíble y Apta para Lavavajillas. Color Negro y Azul",719300,33,0,0.01%,0.00%,40,0,0.00%,0.00%,8.33%,0.00%,1,0,3.03%,0.00%,"39,50 €","0,00 €",1,0
B0CQLP3WHM,B08TWZRRGR,"Arcos Thera Sarten Grill Antiadherente de 28x28 Cm para Inducción, Gas y Vitrocerámica. Grill de Aluminio Fundido con Mango Ergonómico Extraíble y Apta para Lavavajillas. Color Negro y Azul",719400,186,1,0.03%,0.01%,249,2,0.03%,0.01%,10.30%,100.00%,1,0,0.54%,0.00%,"44,95 €","0,00 €",1,0
B0CQLNJVKL,B08TWZWRLW,"Arcos Thera Sartén Antiadherente de 24 Cm para Inducción, Gas y Vitrocerámica. Sartén de Cocina Mediana de Aluminio Fundido con Mango Ergonómico Extraíble y Apta para Lavavajillas. Color Negro y Azul",718300,294,8,0.05%,0.06%,377,10,0.05%,0.05%,11.68%,100.00%,1,1,0.34%,12.50%,"32,95 €","32,95 €",1,1
B0CQM2K3QY,B08TX19NTQ,"Arcos Thera Olla Grande de Cocina de 28 Cm y 6,6 L. Cacerola Alta para Inducción, Gas y Vitro. Olla de Aluminio Fundido con Tapa de Cristal y Mango Extraíble. Apta Lavavajillas. Color Negro Azul",718800,205,10,0.04%,0.07%,266,12,0.03%,0.06%,44.72%,81.82%,1,0,0.49%,0.00%,"69,95 €","0,00 €",1,0
B095YD97F4,B095YD97F4,"HENDI Sifón de cocina, con 3 boquillas de polipropileno y cepillo de limpieza, sifón para montar nata, espumas, mousses, postres, espumado en frío, 0,5L, ø80x(H)260mm, aluminio, rosado pastel",H975886,2,1,0.00%,0.01%,2,1,0.00%,0.01%,50.00%,100.00%,1,1,50.00%,100.00%,"39,99 €","39,99 €",1,1
B0987KNJLQ,B0987KNJLQ,Arcos | cuchillos de mesa cuchillo mesa FILO LISO | 6 Piezas cuchillo chuletero | mango monoblock | Acero Inoxidable | Envase Eco,814100_fba,79,1,0.01%,0.01%,103,1,0.01%,0.01%,100.00%,0.00%,2,0,2.53%,0.00%,"59,98 €","0,00 €",1,0
B09GPS236X,B09GPS236X,"HENDI Portacondimentos de Bar, Bandeja de Guarniciones para Cócteles BarUp, Caja Organizadora con Tapa Transparente, 6 Contenedores de Polipropileno, 480x150x(H) 100mm, HIPS, Negro",H552032,18,0,0.00%,0.00%,30,0,0.00%,0.00%,95.45%,0.00%,1,1,5.56%,0.00%,"30,19 €","30,19 €",1,1
B09HQTWWPB,B09HQT6SZ6,Arcos Clara Cuchillo Jamonero Forjado Acero Inoxidable Nitrum 250 mm,211900_us,176,3,0.03%,0.02%,216,4,0.03%,0.02%,24.48%,25.00%,1,0,0.57%,0.00%,"25,49 €","0,00 €",1,0
B09HQTWWPB,B09HQTN94D,Arcos Cuchillo Pelador Acero Inoxidable. Cuchillo Pelador para Pelar Frutas y Verduras. Mango Ergonómico Polioximetileno y Hoja 100 mm. Serie Clara. Color Negro.,210100_us,62,3,0.01%,0.02%,110,3,0.01%,0.02%,26.26%,0.00%,1,0,1.61%,0.00%,"17,95 €","0,00 €",1,0
B09JCMJWGD,B09JCMJWGD,"HENDI Carrito de servicios, de cocina, de restaurante, multiusos, 4 estantes, 4 ruedas giratorias, 2 con freno, carga máxima por estante 50kg, encimera 794x539mm, 905x585x(H)1245mm, acero inoxidable",H810118,11,2,0.00%,0.01%,18,2,0.00%,0.01%,100.00%,100.00%,1,0,9.09%,0.00%,"220,00 €","0,00 €",1,0
B08TLR4Z27,B09L4YNBZZ,Arcos jamonero Profesional | Cuchillo jamonero jamonero Inoxidable Nitrum | Mango Negro | Cuchillo Jamon iberico | Serie Maitre| Hoja Flexible y Filo Liso | 275 mm | Acero Inoxidable NITRUM,856500FBM,146,2,0.03%,0.01%,177,2,0.02%,0.01%,100.00%,100.00%,1,0,0.68%,0.00%,"24,99 €","0,00 €",1,0
B06XB92VRH,B09LZ2VHYP,CUPERINOX Deluxe Cafetera Italiana Induccion Espresso Inoxidable 10 Tazas,25053,83,1,0.01%,0.01%,92,1,0.01%,0.01%,100.00%,0.00%,1,0,1.20%,0.00%,"36,99 €","0,00 €",1,0
B06XB92VRH,B09LZ2VHYP,CUPERINOX Deluxe Cafetera Italiana Induccion Espresso Inoxidable 10 Tazas,25053FBM,83,1,0.01%,0.01%,92,1,0.01%,0.01%,100.00%,0.00%,1,0,1.20%,0.00%,"36,99 €","0,00 €",1,0
B0D1CWK1B4,B09NC9MBHK,"HENDI Pistola para ahumar, infusor de humo, ahumadores, 3 velocidades, incluye filtros de malla de repuesto, pinza, cable de carga USB, para comidas, quesos, cócteles, 215x70x(H)160mm",H199640,16,1,0.00%,0.01%,17,1,0.00%,0.01%,30.77%,100.00%,1,1,6.25%,100.00%,"90,75 €","90,75 €",1,1
B0FJRVHBWH,B09P8KYJFW,"CUPERINOX Tijeras peluqueria profesional 16,5cm | Tijeras entresacar dentadas vaciar pelo texturizar cabello | Barbero estilista hombre mujer | afiladas acero inoxidable | Uso doméstico y salón",21864,23,0,0.00%,0.00%,32,0,0.00%,0.00%,89.29%,0.00%,1,0,4.35%,0.00%,"9,99 €","0,00 €",1,0
B0DK3JR7C3,B09S5DTFSC,"HENDI Mezclador Profesional de Bebidas, Aireador/Batidor de Bebidas Ligeras, Frappés, Capuchinos Fríos, Drink Mixer, Incluye 2 Vasos y 4 Agitadores, 230V/400W, 170x196x(H)490mm, Amarillo",H221631,14,5,0.00%,0.04%,15,6,0.00%,0.03%,100.00%,100.00%,1,1,7.14%,20.00%,"158,25 €","158,25 €",1,1
B0DK3JR7C3,B09S62XK6F,"HENDI Mezclador Profesional de Bebidas, Aireador/Batidor de Bebidas Ligeras, Frappés, Capuchinos Fríos, Drink Mixer, Incluye 2 Vasos y 4 Agitadores, 230V/400W, 170x196x(H)490mm, Azul",H221655,20,1,0.00%,0.01%,33,1,0.00%,0.01%,88.89%,100.00%,1,0,5.00%,0.00%,"154,75 €","0,00 €",1,0
B0D1CVXD6M,B09SH9MVJM,"HENDI Batidor en espiral, cuchara mágica, batidor-mezclador manual de huevos, leche, cremas, salsas, aderezos, aliños, utensilio de cocina, mini batidor-mezclador, (L)280mm, acero inoxidable",H509487,7,2,0.00%,0.01%,8,2,0.00%,0.01%,62.50%,100.00%,5,5,71.43%,250.00%,"46,25 €","46,25 €",1,1
B09TGVPHWW,B09TGVPHWW,"HENDI Coctelera, BarUp, coctelera Boston Tin-on-Tin, uso universal, 2 vasos mezcladores contrapesados: de 600ml, ø90x(H)140mm y de 800ml, ø92x(H)174mm, acero inoxidable cobreado",H593318,2,1,0.00%,0.01%,2,1,0.00%,0.01%,100.00%,100.00%,1,1,50.00%,100.00%,"28,98 €","28,98 €",1,1
B09TP1PTLN,B09TP1PTLN,"HENDI Bolsa para Carro de Lavandería, 845x600x(H) 625mm",H691090,252,12,0.04%,0.09%,358,19,0.04%,0.10%,47.12%,31.25%,2,2,0.79%,16.67%,"69,90 €","69,90 €",1,1
B09ZLJL6JF,B09XF1JKXR,Arcos Serie Lyon - Cuchillo Kudamono | Cuchillo Japones - Hoja de Acero Inoxidable Forjado NITRUM de 80 mm - Mango de Polioximetileno (POM) - Color Negro,250100_,49,2,0.01%,0.01%,67,2,0.01%,0.01%,100.00%,100.00%,1,0,2.04%,0.00%,"20,99 €","0,00 €",1,0
B0D1CTT1HG,B0B2RGVSF6,HENDI Bloque de corte 6 mm con placa de empuje,H932902,20,1,0.00%,0.01%,22,1,0.00%,0.01%,4.17%,0.00%,1,1,5.00%,100.00%,"22,99 €","22,99 €",1,1
B0FWK4CNH3,B0B42QTHTP,CUPERINOX | Tijeras de pescado 18 cm | Tijeras Cocina | tijeras de cocinero profesional para aves pescado carne caza| Accesorios de cocina,21991_,76,1,0.01%,0.01%,101,1,0.01%,0.01%,93.33%,100.00%,2,0,2.63%,0.00%,"12,50 €","0,00 €",1,0
B0FWK4CNH3,B0B42QTHTP,CUPERINOX | Tijeras de pescado 18 cm | Tijeras Cocina | tijeras de cocinero profesional para aves pescado carne caza| Accesorios de cocina,21991,76,1,0.01%,0.01%,101,1,0.01%,0.01%,93.33%,100.00%,1,1,1.32%,100.00%,"6,49 €","6,49 €",1,1
B0B4B6B16Z,B0B4B6B16Z,CUPERINOX | Tijeras de manicura para uñas | Tijera corta uñas de punta redondeada para las uñas de las manos | Fabricado en Acero Inoxidable 9 cm,21939,44,0,0.01%,0.00%,59,0,0.01%,0.00%,43.75%,0.00%,1,0,2.27%,0.00%,"9,99 €","0,00 €",1,0
B0BS9ZL3YS,B0BS9ZL3YS,Xpartan Clean | 500 ml | Limpiador de Suelos Multisuperficie para Robots de Limpieza | Concentrado y Perfumado para todo tipo de Robots y Marcas,XPARTAN,33,1,0.01%,0.01%,45,1,0.01%,0.01%,83.33%,0.00%,1,0,3.03%,0.00%,"15,99 €","0,00 €",1,0
B0C49W65HD,B0C49W65HD,Arcos Serie Nordika - Cuchillo Tomatero - Acero Inoxidable NITRUM - Hoja de 130 mm - Mango de Madera Ovengkol 100% natural de bosques certificados FSC® - Embalaje 100% reciclado,165100,46,2,0.01%,0.01%,56,2,0.01%,0.01%,100.00%,100.00%,1,1,2.17%,50.00%,"26,95 €","26,95 €",1,1
B0CTKV6X91,B0CTKV6X91,"HENDI Juego de 6 tablas de cortar HACCP con soporte, lisas, 6 colores diferentes, 6 piezas, 450x300x(H)10mm, polietileno, polipropileno",H825686,25,4,0.00%,0.03%,46,6,0.01%,0.03%,31.58%,33.33%,1,1,4.00%,25.00%,"64,74 €","64,74 €",1,1
B0CZXS1ZHN,B0CZXS1ZHN,"HENDI Olla de hierro fundido con 3 patas, caldero tipo potjie sudafricano, con tapa y asa, para fuego abierto y horno, 6L, ⌀245x(H)280mm",H629291,93,3,0.02%,0.02%,135,4,0.02%,0.02%,82.05%,100.00%,1,0,1.08%,0.00%,"59,75 €","0,00 €",1,0
B0D1VZR8D3,B0D1VZR8D3,"HENDI Armario calentador de platos, doble, 108 platos de ⌀24 cm, 3 estantes extraíbles, de 30°C a 85°C, con 4 ruedas, calentador eléctrico de platos, 230V/800W, 592x782x(H)765mm, acero inoxidable",H250174,3,2,0.00%,0.01%,3,2,0.00%,0.01%,100.00%,100.00%,1,1,33.33%,50.00%,"495,04 €","495,04 €",1,1
B0D269G58Y,B0D269G58Y,"HENDI Contenedor para huevos OVOBOX 120, con tapa y 8 bandejas, GN 2/3, 18L, 355x325x(H) 200mm, PP y PS",H8711369870785,7,0,0.00%,0.00%,10,0,0.00%,0.00%,70.00%,0.00%,2,0,28.57%,0.00%,"66,50 €","0,00 €",1,0
B0D37Q1JGG,B0D37Q1JGG,Maton Insecticida Residual SP 600 ml,V0013,26,2,0.00%,0.01%,39,4,0.00%,0.02%,0.00%,0.00%,1,0,3.85%,0.00%,"9,99 €","0,00 €",1,0
B0DG2MV27X,B0DG2MV27X,"HENDI Rejilla grill parilla GN 1/1, CONVECTOMAT, para horno, asador, acanalada, para hornear, asar, barbacoa, recubrimiento antiadherente de PTFE, resiste hasta 200°C, 530x325x(H)15mm, aluminio",H808832,1,1,0.00%,0.01%,4,4,0.00%,0.02%,100.00%,100.00%,1,1,100.00%,100.00%,"79,96 €","79,96 €",1,1
B0DKP68T32,B0DHVS222W,Arcos Serie Eclipse - Cuchillo para Verduras - Hoja de Acero Inoxidable Forjado con Filo Seda Plus de 130 mm - Pulido Brillo Especial - Mango Acrílico - Color Negro,213200_,26,1,0.00%,0.01%,30,1,0.00%,0.01%,88.89%,100.00%,1,0,3.85%,0.00%,"52,99 €","0,00 €",1,0
B0DKP68T32,B0DJBYWJB7,Arcos Serie Eclipse - Cuchillo de Chef - Hoja de Acero Inoxidable Forjado con Filo Seda Plus de 200 mm - Pulido Brillo Especial - Mango Acrílico - Color Negro,213500_,147,4,0.03%,0.03%,206,6,0.03%,0.03%,85.48%,100.00%,1,0,0.68%,0.00%,"73,99 €","0,00 €",1,0
B0DKP68T32,B0DJBZPC79,Arcos Serie Eclipse - Cuchillo Cocinero - Hoja de Acero Inoxidable Forjado con Filo Seda Plus de 150 mm - Pulido Brillo Especial - Mango Acrílico - Color Negro,213400_,63,3,0.01%,0.02%,81,3,0.01%,0.02%,74.65%,100.00%,1,1,1.59%,33.33%,"61,99 €","61,99 €",1,1
B0DNNL2TZQ,B0DNN57WC1,"CUPERINOX Aceitera de Cristal Antigoteo para Aceite de Oliva, Resistente y Fácil de Limpiar Gourmet Oil Collection (250 Ml)",22022,"1,073",27,0.19%,0.20%,"1,503",37,0.18%,0.19%,99.85%,100.00%,1,0,0.09%,0.00%,"11,99 €","0,00 €",1,0
B0DPKXM18X,B0DNQX2BZN,"CUPERINOX Soporte Jamonero Plegable | Jamonero Giratorio | Jamonero de Bambú con Cuchillo Profesional, Afilador y Funda para Jamón | Elite Collection",20270_,"2,271",53,0.40%,0.38%,"2,548",54,0.31%,0.27%,98.89%,100.00%,1,0,0.04%,0.00%,"49,99 €","0,00 €",1,0
B0DTKB1K7D,B0DTKB1K7D,"HENDI Horno mixto de convección a vapor con controles analógicos, 5xGN 2/3, ventilador con inversión automática, 5 niveles de vapor, 100–270°C, 230V, 3200W, 550x754x(H)662mm, acero inoxidable",H219911,20,10,0.00%,0.07%,30,19,0.00%,0.10%,68.00%,53.33%,1,1,5.00%,10.00%,"2.294,99 €","2.294,99 €",1,1
B0FR444FLT,B0F3JW5W24,Arcos by Chef José Andrés | Cuchillo Rocking Santoku de 19 cm Forjado para Precisión Culinaria Profesional | Hoja de Acero Inoxidable NITRUM con Borde de Seda | Mango Ergonómico de Madera de Encina,171600,73,3,0.01%,0.02%,88,4,0.01%,0.02%,88.31%,100.00%,1,1,1.37%,33.33%,"78,85 €","78,85 €",1,1
B0FR444FLT,B0F3JWLDBQ,Arcos by Chef José Andrés | Cuchillo de Chef Forjado de 20 cm para Precisión Culinaria Profesional | Hoja de Acero Inoxidable NITRUM con Borde de Seda | Mango Ergonómico de Madera de Encina,171400,47,0,0.01%,0.00%,52,0,0.01%,0.00%,85.11%,0.00%,1,0,2.13%,0.00%,"63,95 €","0,00 €",1,0
B0FR444FLT,B0F3JWN8Y2,Arcos by Chef José Andrés | Cuchillo de Pan de 20 cm para Panes Artesanales y Productos de Panadería | Hoja Forjada de Acero Inoxidable NITRUM con Borde de Seda | Mango Ergonómico de Madera de Encina,171500,244,5,0.04%,0.04%,286,7,0.03%,0.04%,85.59%,100.00%,1,1,0.41%,20.00%,"78,95 €","78,95 €",1,1
B0FJLTDB9J,B0F95HH915,"Alicates para pedicura, Profesional, Cortaúñas de Pies, Acero Inoxidable, Mango Ergonómico Antideslizante, Fácil Limpieza, Con Funda, 2 Años de Garantía (Cortauñas Grande)",A10001,37,2,0.01%,0.01%,47,4,0.01%,0.02%,97.44%,100.00%,3,0,8.11%,0.00%,"17,97 €","0,00 €",1,0
B0FJLTDB9J,B0F95HH915,"Alicates para pedicura, Profesional, Cortaúñas de Pies, Acero Inoxidable, Mango Ergonómico Antideslizante, Fácil Limpieza, Con Funda, 2 Años de Garantía (Cortauñas Grande)",21931X2,37,2,0.01%,0.01%,47,4,0.01%,0.02%,97.44%,100.00%,1,0,2.70%,0.00%,"7,49 €","0,00 €",1,0
B0FJLTDB9J,B0F9L19CF8,Set de Cortauñas Profesional,21931+21932,25,0,0.00%,0.00%,28,0,0.00%,0.00%,100.00%,0.00%,1,0,4.00%,0.00%,"6,99 €","0,00 €",1,0
B0FJLTDB9J,B0F9L19CF8,Set de Cortauñas Profesional,A10002,25,0,0.00%,0.00%,28,0,0.00%,0.00%,100.00%,0.00%,1,0,4.00%,0.00%,"6,99 €","0,00 €",1,0
B0FBRQYHVM,B0FBRLQK47,"CUPERINOX Ventilador Portatil, Camping, Exterior, Playa, Piscina, Festival| 5+ cargas movil| +48H de bateria | 20000mAh| Powerbank, Luz led, Mando a distancia y Temporizador",27001,24,0,0.00%,0.00%,38,0,0.00%,0.00%,94.29%,0.00%,1,0,4.17%,0.00%,"59,99 €","0,00 €",1,0
B0FBRQYHVM,B0FBRNCHGJ,"CUPERINOX® Ventilador Portátil Silencioso y Recargable con Power Bank 20000mAh, +50H de batería – Ventilador de Mesa USB con Mando, Luz LED y 4 Velocidades – Ideal para Dormir, Camping y Hogar.",A27000,55,0,0.01%,0.00%,94,0,0.01%,0.00%,98.78%,0.00%,1,0,1.82%,0.00%,"59,99 €","0,00 €",1,0
B0FGDF2SHZ,B0FGDF2SHZ,VINFERMATON Antihormigas Efecto Permanente | Insecticida Cucarachas y Hormigas Pack 2×600 ml | Efecto hasta 1 año | Interior y Exterior | Profesional y Doméstico | MADE IN SPAIN,V0013_PACK2,19,0,0.00%,0.00%,27,0,0.00%,0.00%,53.85%,0.00%,2,0,10.53%,0.00%,"31,24 €","0,00 €",1,0
B0FJRVHBWH,B0FHKVSJNR,"CUPERINOX Tijeras peluqueria profesional 16,5cm | Tijeras corte pelo afiladas precisas hombre mujer barbero estilista | Acero inoxidable duradero | Acabado titanio elegante | Ideal uso doméstico y sal",21862,20,0,0.00%,0.00%,25,0,0.00%,0.00%,100.00%,0.00%,1,0,5.00%,0.00%,"8,49 €","0,00 €",1,0
B0FT8QFSK3,B0FT8QFSK3,BIOLEAF® – Multiusos + Desengrasante Pack 2×750 ml | Limpieza Hogar y Cocina | Potente Antigrasa y Multiusos Brillo Duradero | Fórmula Biodegradable con Esencia Limón | 100% MADE IN SPAIN,3443,92,2,0.02%,0.01%,124,2,0.02%,0.01%,99.11%,100.00%,1,0,1.09%,0.00%,"9,99 €","0,00 €",1,0
B0G3ZJ89NB,B0FZCJ46CM,CUPERINOX - Set Cuchillo Jamonero+ Deshuesador Profesional Forjado 2 Piezas | Cuchillo Jamonero Alveolado 25 cm y Deshuesador 15 cm |Corte Fino y Equilibrado | Aptos para lavavajillas,19303_fba,36,2,0.01%,0.01%,42,4,0.01%,0.02%,100.00%,0.00%,1,0,2.78%,0.00%,"24,99 €","0,00 €",1,0
B0G4RT6HMS,B0G1ZZYNX6,"BIOLEAF – Limpiacristales Pack 2×750 ml (1,5 L) – Sin Marcas ni Huellas – Brillo en Cristales, Espejos y Ventanas – Secado Rápido – Biodegradable – Sin Disruptores Endocrinos",2651,8,0,0.00%,0.00%,10,0,0.00%,0.00%,85.71%,0.00%,1,0,12.50%,0.00%,"8,99 €","0,00 €",1,0
B0G4SGJSBJ,B0G216DHWY,"BIOLEAF-Desincrustante Baño Antical Pack 2×750 ml (1,5 L) Elimina Cal, Marcas de Agua y Jabón – Ducha, Grifería, Azulejos y Mamparas - Limpieza Intensiva – Formato Ahorro – Sin Disruptores Endocrinos",2675,4,0,0.00%,0.00%,4,0,0.00%,0.00%,100.00%,0.00%,1,0,25.00%,0.00%,"8,99 €","0,00 €",1,0
B0G4RT6HMS,B0G219Z94M,"BIOLEAF – Limpiacristales Sin Huellas Pack 4×750 ml (3 L) | Brillo Perfecto en Cristales, Espejos y Ventanas | Secado Rápido Sin Marcas | Fórmula Biodegradable| 100% HECHO EN ESPAÑA",3504,16,0,0.00%,0.00%,21,0,0.00%,0.00%,100.00%,0.00%,1,0,6.25%,0.00%,"14,98 €","0,00 €",1,0
B0G2CJWWVW,B0G2CJWWVW,VINFER| Fregasuelos Limpiador Concentrado 017 con Fragancia a Magnolia 250 ml |Rinde 5 Litros |Friegasuelos Detergente Multiusos Neutro para Suelos y Superficies|100% Made in Spain,WC017,8,2,0.00%,0.01%,8,2,0.00%,0.01%,100.00%,100.00%,1,1,12.50%,50.00%,"12,99 €","12,99 €",1,1
B0G2CMWG78,B0G2CMWG78,VINFER| WINS018 Limpiador Amoniacal Pino Concentrado 250 ml | Rinde 5 Litros | Potente Detergente Desengrasante e Higienizante | Limpieza Profunda y Frescor Natural | 100% Made in Spain,WC018,9,0,0.00%,0.00%,11,0,0.00%,0.00%,100.00%,0.00%,1,0,11.11%,0.00%,"12,99 €","0,00 €",1,0
B0G2CYKL4M,B0G2CYKL4M,"VINFER-WINS 001 – Desengrasante Industrial| Pack Ahorro: Garrafa 5L + Concentrado 250 ml | Rinde 10 Litros Totales | Limpieza Profunda de Cocinas, Hornos y Superficies | 100% Made in Spain",WC001+001,5,0,0.00%,0.00%,5,0,0.00%,0.00%,100.00%,0.00%,1,0,20.00%,0.00%,"18,99 €","0,00 €",1,0
B0G3ZJ89NB,B0G2MT6K5N,"CUPERINOX Jamonero Inoxidable Giratorio | Jamonera base Inoxidable | Incluye Cuchillo Jamonero Alveolos 25 cm, Deshuesador 15 cm, Afilador y Funda para Jamón | Apto Jamones y Paletilla",20251_FBA,152,1,0.03%,0.01%,226,1,0.03%,0.01%,100.00%,0.00%,1,0,0.66%,0.00%,"74,99 €","0,00 €",1,0
B0G449LYZ3,B0G449LYZ3,WINS- AMBIENTADOR MARINO- GARRAFA 5L + CONCENTRADO 250ML (5L)| 10L EN TOTAL| PACK AHORRO| 100% MADE IN SPAIN,WC009+009,13,0,0.00%,0.00%,16,0,0.00%,0.00%,100.00%,0.00%,1,0,7.69%,0.00%,"19,49 €","0,00 €",1,0
B0G44H4PJM,B0G44H4PJM,WINS 007 - Friegasuelos Concentrado 250 ml | Rinde 5 L,5J-24UP-2NPL,9,0,0.00%,0.00%,11,0,0.00%,0.00%,100.00%,0.00%,1,1,11.11%,0.00%,"12,99 €","12,99 €",1,1
B0G3ZJ89NB,B0G8KMC5DX,"CUPERINOX Jamonero Giratorio y Plegable | Jamonera base Inoxidable | Incluye Cuchillo Jamonero Alveolos 25 cm, Afilador y Funda para Jamón | Apto Jamones y Paletilla",RI-P28V-UV1Q,514,10,0.09%,0.07%,779,17,0.10%,0.09%,98.50%,100.00%,1,0,0.19%,0.00%,"69,99 €","0,00 €",1,0