ASIN (parent),ASIN (child),Título,SKU,Sesiones: total,Sesiones - Total - B2B,Porcentaje de sesiones: total,Porcentaje de sesiones: total - B2B,Visitas: total,Visitas - Total - B2B,Porcentaje de visitas: total,Porcentaje de visitas - Total - B2B,Porcentaje de ofertas destacadas (Buy Box),Porcentaje de ofertas destacadas: B2B,Unidades encargadas,Unidades encargadas - B2B,Porcentaje de unidades por sesión,Porcentaje de sesiones de unidades - B2B,Ventas de productos encargados,Ventas de productos encargados: B2B,Total de artículos de un pedido,Total de artículos de un pedido - B2B
B09NT4VRN7,B0812BKN39,Arcos Juego de Cuchillos Mondadores de 3 Piezas,859800_barras_arcos,"24,770",307,6.47%,3.29%,"36,001",455,6.64%,3.39%,41.68%,36.20%,889,33,3.59%,10.75%,"8.860,35 €","326,54 €",830,29
B09DYJY471,B08MTCRCT4,Arcos Juego Cuchillos Cocina Profesionales| Cuchillos Cocina Profesional | Cuchillos Acero Inoxidable Mango Negro | utensilios de cocina | cuchillo japones Santoku | lavavajillas (5 Piezas),816800,"5,746",118,1.50%,1.26%,"8,122",160,1.50%,1.19%,99.81%,100.00%,288,9,5.01%,7.63%,"8.622,02 €","269,91 €",280,7
B0BGRT2BVV,B09G9WBKPG,Arcos Juego de 6 Cuchillos de Mesa Chuleteros Hoja 110 mm Negro 705500,705500(805109),"6,430",166,1.68%,1.78%,"9,363",226,1.73%,1.68%,40.86%,6.75%,270,0,4.20%,0.00%,"3.196,38 €","0,00 €",252,0
B0CYTKGNPM,B0CW68KM18,Pelador de Cocina ARCOS - Hoja de Acero Inoxidable | Mango Ergonómico | Herramienta Versátil para Pelar Frutas y Verduras,607300,"1,518",37,0.40%,0.40%,"2,034",50,0.38%,0.37%,96.31%,100.00%,269,23,17.72%,62.16%,"2.133,67 €","182,34 €",246,12
B08J488ZQG,B089QP6MYJ,Arcos Juego Cuchillos Carne | 6 Piezas | Cuchillos carne cuchillo chuleteros | cubiertos acero inoxidable | Hoja 110 mm | mango monobloque | aptos lavavajillas | Caja Envase Ecológico,815600_fba,"2,586",64,0.68%,0.69%,"4,137",99,0.76%,0.74%,99.95%,100.00%,248,8,9.59%,12.50%,"6.545,37 €","193,98 €",205,3
B0DPKXM18X,B0DNQT7LV3,"CUPERINOX Soporte Jamonero Balancín | Jamonero Giratorio Profesional | Jamonero Madera | Incluye Cuchillo Profesional, Afilador Funda Cubre Jamón| Jamoneros Elite Collection",20265_fbm,"4,651",150,1.22%,1.61%,"8,287",286,1.53%,2.13%,99.50%,100.00%,192,3,4.13%,2.00%,"17.282,55 €","269,97 €",191,3
B08GSTDWTC,B08LVVQ3ZQ,"Arcos Serie Nova - Cuchillo para pelar, Acero Inoxidable NITRUM, Envase Ecológico, 3 colores Fucsia, Turquesa y Amarillo",703700_,"1,197",28,0.31%,0.30%,"1,891",52,0.35%,0.39%,99.88%,100.00%,147,3,12.28%,10.71%,"1.542,71 €","31,47 €",139,3
B0CYTKGNPM,B0843Q6L5P,ARCOS Pelador Profesional Acero Inoxidable Cromado 130 mm,607000_etq1,"1,771",93,0.46%,1.00%,"2,945",147,0.54%,1.09%,4.45%,3.64%,143,3,8.07%,3.23%,"920,88 €","19,52 €",130,2
B09KJLG7BT,B08KW4BFZ9,CUPERINOX Jamonero Profesional | Soporte jamonero Tipo Gondola| Base de Corte para Usar con Cuchillo jamonero | Jamon iberico | Fabricado en España,2020CUP,"1,249",16,0.33%,0.17%,"1,839",25,0.34%,0.19%,88.29%,75.00%,126,2,10.09%,12.50%,"1.763,43 €","27,98 €",124,2
B09DYJY471,B08MQJCD2V,Arcos Juego Cuchillos Cocina Profesionales| Cuchillos Cocina Profesional | Cuchillos Acero Inoxidable Mango Negro | utensilios de cocina | cuchillo japones Santoku | lavavajillas (4 Piezas),816900,"2,275",45,0.59%,0.48%,"2,908",60,0.54%,0.45%,99.89%,100.00%,114,3,5.01%,6.67%,"2.958,78 €","73,46 €",113,3
B017HKRCGK,B005LR7A1Y,ARCOS Bolsa para Cuchillos 100% Poliéster 460x275 mm,690200_,"1,677",34,0.44%,0.36%,"2,802",49,0.52%,0.36%,68.64%,57.69%,117,2,6.98%,5.88%,"1.842,75 €","30,98 €",112,2
B0DNNKT1W2,B0DNNFJ5J7,"Cuperinox-Tetera de Cristal con Infusor para Té e Infusiones, Resistente al Calor y Compatible con Microondas ** - Infusion Prestige Collection (350 ml)",26110_,"2,205",58,0.58%,0.62%,"3,063",96,0.56%,0.71%,99.93%,100.00%,117,3,5.31%,5.17%,"1.682,30 €","44,97 €",109,1
B0F1N351DY,B072FGV2YH,Arcos Juego de 6 Cuchillos Mondadores Acero Inoxidable 100 mm,189100,"5,794",180,1.51%,1.93%,"8,235",268,1.52%,1.99%,16.79%,8.99%,110,5,1.90%,2.78%,"1.866,79 €","84,95 €",103,1
B08MT437W9,B08MT437W9,Arcos Juego Cuchillos Cocina Profesionales| Cuchillos Cocina Profesional | 6 pzas | Cuchillos Acero Inoxidable Mango Negro | utensilios de cocina serie Niza | Apto lavavajillas,812900,"2,432",38,0.64%,0.41%,"3,323",45,0.61%,0.33%,99.87%,100.00%,103,0,4.24%,0.00%,"3.340,83 €","0,00 €",99,0
B0DNNKT1W2,B0DNNJPRXB,"Cuperinox-Tetera de Cristal con Infusor para Té e Infusiones, Resistente al Calor y Compatible con Microondas ** - Infusion Prestige Collection (550 ml)",26111_,"1,618",45,0.42%,0.48%,"2,354",61,0.43%,0.45%,99.90%,100.00%,89,4,5.50%,8.89%,"1.512,53 €","67,82 €",86,4
B095SDL23Y,B095SDL23Y,Arcos | cuchillos de mesa (6 ud) | cuchillos acero inoxidable con sierra cuchillo chuletero cuchillos chuleteros | Fabricado en España,813000,"1,046",26,0.27%,0.28%,"1,486",34,0.27%,0.25%,100.00%,100.00%,109,7,10.42%,26.92%,"1.800,11 €","115,43 €",82,5
B0DNNL2TZQ,B0DNN57WC1,"CUPERINOX Aceitera de Cristal Antigoteo para Aceite de Oliva, Resistente y Fácil de Limpiar Gourmet Oil Collection (250 Ml)",22022_,827,24,0.22%,0.26%,"1,167",32,0.22%,0.24%,99.90%,100.00%,85,10,10.28%,41.67%,"985,19 €","107,30 €",75,5
B0DPKXM18X,B0DNQT7LV3,"CUPERINOX Soporte Jamonero Balancín | Jamonero Giratorio Profesional | Jamonero Madera | Incluye Cuchillo Profesional, Afilador Funda Cubre Jamón| Jamoneros Elite Collection",20265_,"4,651",150,1.22%,1.61%,"8,287",286,1.53%,2.13%,99.50%,100.00%,72,16,1.55%,10.67%,"6.393,85 €","1.354,41 €",71,16
B0F4WTVT1Z,B09GPS4SQN,"HENDI Pasta combustible para Chafing Dish, 12 x 200 g",H194362,839,47,0.22%,0.50%,"1,276",67,0.24%,0.50%,80.87%,61.02%,75,10,8.94%,21.28%,"1.489,66 €","186,02 €",69,9
B08J488ZQG,B089QP6MYJ,Arcos Juego Cuchillos Carne | 6 Piezas | Cuchillos carne cuchillo chuleteros | cubiertos acero inoxidable | Hoja 110 mm | mango monobloque | aptos lavavajillas | Caja Envase Ecológico,815600_,"2,586",64,0.68%,0.69%,"4,137",99,0.76%,0.74%,99.95%,100.00%,92,27,3.56%,42.19%,"2.425,98 €","687,23 €",65,13
B0752X4WV1,B005LR73R0,Arcos Juego Chuleteros Mango Madera 110 mm,372000,"3,384",74,0.88%,0.79%,"5,064",105,0.93%,0.78%,34.18%,12.12%,69,3,2.04%,4.05%,"1.645,31 €","69,75 €",63,1
B0FDL4Q2JB,B0FDL4Q2JB,VINFERMATON – Insecticida Avispas y Avisperos Exterior Pack 2×600 ml | Antiavispas | Alcance hasta 4 m | Acción Inmediata Profesional | 100% MADE IN SPAIN,AVISPAS_PACK_2,400,19,0.10%,0.20%,539,23,0.10%,0.17%,98.77%,100.00%,66,12,16.50%,63.16%,"1.151,58 €","206,84 €",59,7
B0DQV6381X,B0GCX89NVM,"CUPERINOX - Soporte Jamonero Profesional de Acero Inoxidable | Sistema Basculante y Cabezal Giratorio | Estabilidad, Corte Ergonómico y Fácil Limpieza | Apto para Jamones y Paletillas|Elite Collection",20280,"1,831",65,0.48%,0.70%,"3,091",112,0.57%,0.83%,99.35%,100.00%,59,3,3.22%,4.62%,"5.757,73 €","289,97 €",59,3
B09DYJY471,B08MTCRCT4,Arcos Juego Cuchillos Cocina Profesionales| Cuchillos Cocina Profesional | Cuchillos Acero Inoxidable Mango Negro | utensilios de cocina | cuchillo japones Santoku | lavavajillas (5 Piezas),816800fbm,"5,746",118,1.50%,1.26%,"8,122",160,1.50%,1.19%,99.81%,100.00%,58,7,1.01%,5.93%,"1.697,15 €","206,18 €",56,6
B0F9TD2LTH,B09CL776WP,CUPERINOX® Cuchillos de Mesa Acero Inoxidable – Set 12 Cuchillos para Carne con Filo Dentado – Aptos Lavavajillas – Uso Diario y Profesional,15015,"1,130",65,0.30%,0.70%,"1,705",124,0.31%,0.92%,99.80%,100.00%,104,56,9.20%,86.15%,"2.075,04 €","1.067,17 €",56,22
B0G6M1C8V6,B0D4WK78XV,CUPERINOX Aceiteras para Aceite Usado | Grasera Acero Inoxidable 550ML con Filtro Metálico | Recipiente para Aceite Usado de Cocina y Grasa | Grasera Cocina Metálica 550ML 2Uds Metálico,F22105-22106,"1,204",26,0.31%,0.28%,"1,760",34,0.32%,0.25%,54.80%,70.00%,56,1,4.65%,3.85%,"671,44 €","11,99 €",56,1
B0DNNL2TZQ,B0DNNFGWNJ,"CUPERINOX Aceitera de Cristal Antigoteo para Aceite de Oliva, Resistente y Fácil de Limpiar Gourmet Oil Collection (500 Ml)",22023_,512,15,0.13%,0.16%,716,20,0.13%,0.15%,99.84%,100.00%,59,6,11.52%,40.00%,"857,21 €","74,99 €",55,4
B0CYTKGNPM,B0CW68KM18,Pelador de Cocina ARCOS - Hoja de Acero Inoxidable | Mango Ergonómico | Herramienta Versátil para Pelar Frutas y Verduras,607300_,"1,518",37,0.40%,0.40%,"2,034",50,0.38%,0.37%,96.31%,100.00%,52,1,3.43%,2.70%,"441,76 €","8,49 €",50,1
B08GSTDWTC,B08G4D9718,"Arcos | Cuchillos 3 Colores | Cuchillo de pelar | Cuchillos pelar Patatas | Acero Inoxidable Nitrum| Envase Ecológico | Cuchillo Colores (85 mm, Amarillo, Turquesa, Naranja)",816700_francia,562,21,0.15%,0.23%,805,24,0.15%,0.18%,100.00%,100.00%,51,2,9.07%,9.52%,"493,87 €","19,50 €",49,2
B09N7S17J6,B09D3YRGL9,"CUPERINOX Navaja Plegable Multiusos – Hoja de Acero Inoxidable 80 mm (Filo Liso + Serrado), Punta Rompevidrios, Apertura Rápida, Clip de Cinturón, Herramienta para Camping, Caza, Pesca y Supervivencia",30061_,"1,058",21,0.28%,0.23%,"1,624",33,0.30%,0.25%,99.05%,100.00%,51,3,4.82%,14.29%,"504,99 €","29,97 €",47,2
B0FJLTDB9J,B09RP6V156,"CUPERINOX® Alicates para pedicura, Profesional, Cortaúñas de Pies, Acero Inoxidable, Mango Ergonómico Antideslizante, Fácil Limpieza, Con Funda, 2 Años de Garantía",21920AM,682,10,0.18%,0.11%,"1,036",11,0.19%,0.08%,88.96%,100.00%,45,1,6.60%,10.00%,"493,23 €","9,49 €",45,1
B0DNNKT1W2,B0DNNJCHQP,"Cuperinox-Tetera de Cristal con Infusor para Té e Infusiones, Resistente al Calor y Compatible con Microondas ** - Infusion Prestige Collection (950 ml)",26113_,520,15,0.14%,0.16%,740,31,0.14%,0.23%,100.00%,100.00%,46,5,8.85%,33.33%,"913,92 €","93,01 €",45,4
B0DNNKT1W2,B0DNNJPRXB,"Cuperinox-Tetera de Cristal con Infusor para Té e Infusiones, Resistente al Calor y Compatible con Microondas ** - Infusion Prestige Collection (550 ml)",26111,"1,618",45,0.42%,0.48%,"2,354",61,0.43%,0.45%,99.90%,100.00%,45,4,2.78%,8.89%,"734,10 €","63,95 €",45,4
B07YM65C6J,B007TS6HMQ,ARCOS Pinza para Pescado Acero Inoxidable,605000_605010,561,17,0.15%,0.18%,783,27,0.14%,0.20%,97.64%,82.35%,43,5,7.66%,29.41%,"408,22 €","47,45 €",43,5
B0BGRT2BVV,B09G9WBKPG,Arcos Juego de 6 Cuchillos de Mesa Chuleteros Hoja 110 mm Negro 705500,805109_uss,"6,430",166,1.68%,1.78%,"9,363",226,1.73%,1.68%,40.86%,6.75%,50,5,0.78%,3.01%,"587,00 €","60,50 €",43,4
B0DNNL2TZQ,B0DNN4J6Q8,"CUPERINOX Aceitera antigoteo cristal para Aceite de Oliva, Vinagre etc. A prueba de fugas, Aceitera cristal antigoteo tambien aceiteros cocina ideal para Ensaladas, BBQ, cooking oil container (125 ML)",22021_,"1,126",36,0.29%,0.39%,"1,521",49,0.28%,0.36%,100.00%,100.00%,46,4,4.09%,11.11%,"515,80 €","45,40 €",42,4
B07YM65C6J,B007TS6HMQ,ARCOS Pinza para Pescado Acero Inoxidable,605000_caja,561,17,0.15%,0.18%,783,27,0.14%,0.20%,97.64%,82.35%,42,2,7.49%,11.76%,"388,80 €","18,50 €",41,2
B08M7BMR2S,B08LNRV6N6,"Arcos Afiladores, Afilador de Cuchillos de Mano, Hecho de ABS + TPE, Rodillos Cerámico y Carburo, Color Blanco y Negro",610624_fbm,727,23,0.19%,0.25%,976,36,0.18%,0.27%,96.09%,100.00%,42,1,5.78%,4.35%,"558,36 €","12,99 €",41,1
B0FWM351K4,B06Y66X8SW,CUPERINOX® Couture Series - Tijera Costura Profesional 10 cm | Acero Inoxidable de Alta Precisión | Corte Fino para Detalles y Acabados | Uso Doméstico y Profesional,21960,256,5,0.07%,0.05%,363,7,0.07%,0.05%,94.85%,100.00%,45,6,17.58%,120.00%,"314,67 €","41,94 €",39,2
B08JCVQ4QL,B08JCVQ4QL,"Arcos Series Niza - Juego de Cuchillos Cocina, 6 Piezas, Cuchillos Verduras 110 mm, + Cuchillo Mesa, Envase 100% Ecológico, Acero Inoxidable NITRUM",809400_,731,13,0.19%,0.14%,"1,123",18,0.21%,0.13%,99.69%,100.00%,39,2,5.34%,15.38%,"779,61 €","39,98 €",38,2
B0DKP7F29P,B0DJBZ1M2L,Arcos Serie Samoa Iconic | Sarten Antiadherente Cerámico 24 cm | Aluminio Forjado | Apta cualquier cocina | Mango Acero Inoxidable | Apta lavavajillas | Color Beige | LIBRE DE (PFOA/PTFE/PFOS),716324,"1,080",22,0.28%,0.24%,"1,509",34,0.28%,0.25%,99.42%,100.00%,38,1,3.52%,4.55%,"1.443,70 €","38,50 €",38,1
B0786LYQTP,B0786LYQTP,VINFER- Limpiador y Abrillantador Inox 600 ml | Limpieza y Protección Acero Inoxidable | Efecto Brillo Duradero | Desengrasa y Cuida Superficies Inoxidables | Spray Profesional,VP_Inox600Ml,305,18,0.08%,0.19%,424,22,0.08%,0.16%,84.91%,94.74%,48,8,15.74%,44.44%,"390,50 €","64,36 €",37,6
B0DQV6381X,B0DQDQ1DB8,CUPERINOX Jamonero | Jamonero Giratorio | Tabla Cortar Jamon | Jamoneros Profesional | Jamonero Plegable | Tabla Jamon | Cortador de Jamon,SC_20270,"1,285",30,0.34%,0.32%,"1,765",43,0.33%,0.32%,99.88%,100.00%,37,0,2.88%,0.00%,"1.259,13 €","0,00 €",37,0
B00ID2NEMS,B00ID2NEMS,LIMPIASALPICADEROS PROFESIONAL 750 ML.,VP_SALPICADEROS_750ML,278,11,0.07%,0.12%,419,17,0.08%,0.13%,83.16%,66.67%,61,14,21.94%,127.27%,"529,21 €","120,78 €",36,4
B071PB1GX3,B071PB1GX3,WINS 007 - Friegasuelos Perfumado | Garrafa 5 L,WINS007,280,30,0.07%,0.32%,388,48,0.07%,0.36%,46.53%,92.50%,49,20,17.50%,66.67%,"508,36 €","208,90 €",36,14
B07G75XCXM,B07G75XCXM,"Arcos Serie Cuchillos de Mesa Caja 12 uds Cuchillo Mesa, Hoja Serrada de Acero Inoxidable NITRUM de 125 mm, Mango Polipropileno Color crema (12 UDS)",370200_fbm,446,7,0.12%,0.08%,687,18,0.13%,0.13%,100.00%,100.00%,39,4,8.74%,57.14%,"779,61 €","79,96 €",36,1
B09GSCQQF9,B07G77FNSF,"Arcos Serie Cuchillos de Mesa Caja 12 uds Cuchillo Postre, Hoja Serrada de Acero Inoxidable NITRUM de 105 mm, Mango Polipropileno Color crema (12 UDS)",370100_,307,7,0.08%,0.08%,443,11,0.08%,0.08%,100.00%,100.00%,39,1,12.70%,14.29%,"711,75 €","18,25 €",36,1
B0B8Z4CJBC,B07F2YVB15,"Arcos Juego Cuchillos Pelar Acero Inoxidable Nitrum 4""",136500,692,20,0.18%,0.21%,"1,007",27,0.19%,0.20%,95.38%,13.04%,35,0,5.06%,0.00%,"674,04 €","0,00 €",35,0
B09KJLG7BT,B098TFPYLY,CUPERINOX Jamonero profesional Gondola | tabla jamon | Cuchillo Jamonero Alveolos Acero Inox + Cubre Jamón Universal | Set cortar jamón (3 PZAS) | Sujeta jamones | tabla jamonero,20228FBM,475,7,0.12%,0.08%,716,10,0.13%,0.07%,99.37%,100.00%,35,0,7.37%,0.00%,"1.196,51 €","0,00 €",35,0
B0DNNKT1W2,B0DNNJPGTY,"Cuperinox-Tetera de Cristal con Infusor para Té e Infusiones, Resistente al Calor y Compatible con Microondas ** - Infusion Prestige Collection (750 ml)",26112_,569,9,0.15%,0.10%,820,12,0.15%,0.09%,99.86%,100.00%,35,0,6.15%,0.00%,"647,75 €","0,00 €",35,0
B07F9GQZCB,B07F9GQZCB,Arcos Cuchillo para Verduras de 4 Pulgadas con Hoja de 105mm en Acero Inoxidable y Mango de Madera. Cuchillo para Vegetales Apto para Lavavajillas. Serie Latina. Color Marrón,100500,422,9,0.11%,0.10%,639,14,0.12%,0.10%,100.00%,100.00%,34,0,8.06%,0.00%,"1.257,66 €","0,00 €",34,0
B0DNNL2TZQ,B0DNN4J6Q8,"CUPERINOX Aceitera antigoteo cristal para Aceite de Oliva, Vinagre etc. A prueba de fugas, Aceitera cristal antigoteo tambien aceiteros cocina ideal para Ensaladas, BBQ, cooking oil container (125 ML)",22021,"1,126",36,0.29%,0.39%,"1,521",49,0.28%,0.36%,100.00%,100.00%,38,0,3.37%,0.00%,"436,82 €","0,00 €",34,0
B0937XXT33,B01CQT1B5U,"Arcos Cuchillos de Mesa Juego de Cuchillos Chuleteros Cuchillos de Mesa, Monoblock de una pieza de Acero Inoxidable 110 mm, Color Plata (12 uds)",702000,453,10,0.12%,0.11%,691,14,0.13%,0.10%,92.16%,100.00%,33,2,7.28%,20.00%,"1.575,34 €","95,98 €",32,2
B08MT437W9,B08MT437W9,Arcos Juego Cuchillos Cocina Profesionales| Cuchillos Cocina Profesional | 6 pzas | Cuchillos Acero Inoxidable Mango Negro | utensilios de cocina serie Niza | Apto lavavajillas,812900fbm,"2,432",38,0.64%,0.41%,"3,323",45,0.61%,0.33%,99.87%,100.00%,34,11,1.40%,28.95%,"1.103,56 €","356,29 €",32,10
B07H1T4V1B,B07H1T4V1B,WINS – Fregasuelos Neutro Manzana 006 | Friegasuelos Limpiador para Suelos y Superficies con Aroma a Manzana Duradero | Garrafa 5 L | pH Neutro | 100% Made in Spain,WINS006,135,4,0.04%,0.04%,182,5,0.03%,0.04%,95.78%,100.00%,41,17,30.37%,425.00%,"430,09 €","171,98 €",30,10
B08M7BMR2S,B08LNRV6N6,"Arcos Afiladores, Afilador de Cuchillos de Mano, Hecho de ABS + TPE, Rodillos Cerámico y Carburo, Color Blanco y Negro",610624,727,23,0.19%,0.25%,976,36,0.18%,0.27%,96.09%,100.00%,31,0,4.26%,0.00%,"424,70 €","0,00 €",30,0
B0DNNL2TZQ,B0DNN57WC1,"CUPERINOX Aceitera de Cristal Antigoteo para Aceite de Oliva, Resistente y Fácil de Limpiar Gourmet Oil Collection (250 Ml)",22022,827,24,0.22%,0.26%,"1,167",32,0.22%,0.24%,99.90%,100.00%,32,1,3.87%,4.17%,"383,68 €","11,99 €",30,1
B0DKP7F29P,B0FS81RDVL,"Arcos Sartén Samoa Inox 24 cm, Acero inoxidable tricapa sin PFAS",726300,"1,716",32,0.45%,0.34%,"2,490",49,0.46%,0.36%,94.26%,100.00%,30,1,1.75%,3.13%,"1.138,50 €","37,95 €",30,1
B0F9TD2LTH,B09CL776WP,CUPERINOX® Cuchillos de Mesa Acero Inoxidable – Set 12 Cuchillos para Carne con Filo Dentado – Aptos Lavavajillas – Uso Diario y Profesional,15015_,"1,130",65,0.30%,0.70%,"1,705",124,0.31%,0.92%,99.80%,100.00%,35,0,3.10%,0.00%,"766,55 €","0,00 €",28,0
B0DKP7F29P,B0DJBZPLJF,Arcos Serie Samoa Iconic | Sarten Antiadherente Cerámico 28 cm | Aluminio Forjado | Apta cualquier cocina | Mango Acero Inoxidable | Apta lavavajillas | Color Beige | LIBRE DE (PFOA/PTFE/PFOS),716524,503,9,0.13%,0.10%,682,11,0.13%,0.08%,97.97%,0.00%,28,1,5.57%,11.11%,"1.233,85 €","44,95 €",28,1
B0FWJYP1S9,B0FWJYP1S9,"Arcos Afilador de cuchillos multiángulo, Preciso y duradero",610400_fbm,234,7,0.06%,0.08%,408,9,0.08%,0.07%,95.42%,100.00%,26,1,11.11%,14.29%,"671,45 €","26,95 €",26,1
B09QDH8MSK,B07N8VWHT9,Arcos Tacos - Bloque Universal para Cuchillos hasta 20 cm - Hecho de Caucho Termoplástico 220 x 160 x 65 mm - Color Negro,794500_,"1,878",22,0.49%,0.24%,"2,566",26,0.47%,0.19%,16.86%,23.53%,26,1,1.38%,4.55%,"675,74 €","25,99 €",25,1
B095SDL23Y,B095SDL23Y,Arcos | cuchillos de mesa (6 ud) | cuchillos acero inoxidable con sierra cuchillo chuletero cuchillos chuleteros | Fabricado en España,813000_fbm,"1,046",26,0.27%,0.28%,"1,486",34,0.27%,0.25%,100.00%,100.00%,27,3,2.58%,11.54%,"443,17 €","47,41 €",25,2
B0F9TD2LTH,B0CS6V91GR,CUPERINOX® Cuchillos de Mesa con Mango de Madera – Set 6 Cuchillos para Carne con Filo Dentado – Estilo Palmadera tradicional – Aptos para Uso Diario,14015,919,25,0.24%,0.27%,"1,274",31,0.23%,0.23%,99.91%,100.00%,30,2,3.26%,8.00%,"570,63 €","37,98 €",25,2
B0DNNL2TZQ,B0DNNFGWNJ,"CUPERINOX Aceitera de Cristal Antigoteo para Aceite de Oliva, Resistente y Fácil de Limpiar Gourmet Oil Collection (500 Ml)",22023,512,15,0.13%,0.16%,716,20,0.13%,0.15%,99.84%,100.00%,25,1,4.88%,6.67%,"372,15 €","14,99 €",25,1
B0189HXS8Q,B015QGR3CK,Arcos Serie Navajas Profesionales - Navaja Profesional - Hoja Filo de Acero Inoxidable NITRUM de 85 mm - Navaja de Acero Inoxidable Color amarillo,485900_fba,860,15,0.22%,0.16%,"1,156",17,0.21%,0.13%,98.44%,100.00%,28,1,3.26%,6.67%,"203,00 €","7,25 €",24,1
B0752X1ZCK,B07G77NN26,Arcos Cuchillos de Mesa - Caja de 12 uds Cuchillo Chuletero Cuchillo de Mesa - Hoja de Acero Inoxidable NITRUM 110 mm - Mango de Nylon - Color Negro (12 uds),803000_fmb,"1,026",24,0.27%,0.26%,"1,572",35,0.29%,0.26%,96.42%,100.00%,29,5,2.83%,20.83%,"837,23 €","141,47 €",24,3
B08LVZCG23,B08LVZCG23,Arcos Juego de Cuchillos de Cocina Rosa | 3 pz | Cuchillo Chef para pelar Verduras | Edición Limitada | Solidaria,814500_fba,"4,525",49,1.18%,0.53%,"5,621",69,1.04%,0.51%,99.60%,100.00%,24,1,0.53%,2.04%,"713,56 €","28,99 €",24,1
B0DKP7F29P,B0DJBZ635J,"Arcos Serie Samoa Iconic | Cacerola Antiadherente Cerámico 20 cm y 2,6 L | Aluminio Forjado | Apta cualquier cocina | Mango Acero Inoxidable | Color Beige | LIBRE DE (PFOA/PTFE/PFOS)",716924,"1,009",13,0.26%,0.14%,"1,502",21,0.28%,0.16%,98.84%,100.00%,24,3,2.38%,23.08%,"1.294,80 €","161,85 €",24,3
B0DNNL2TZQ,B0DNNF3839,"CUPERINOX Aceitera de Cristal Antigoteo para Aceite de Oliva, Resistente y Fácil de Limpiar Gourmet Oil Collection (1000 Ml)",22024,436,13,0.11%,0.14%,591,19,0.11%,0.14%,100.00%,100.00%,24,0,5.50%,0.00%,"431,76 €","0,00 €",24,0
B0G6M1C8V6,B0G6L13H45,"CUPERINOX Graseras 1 Litro Acero Inoxidable para Carne y Pescado con Filtro de Malla Fina – Recipiente para Aceite Usado, Antigoteo, Tapa Antisalpicaduras – Gourmet Oil Collection",22121,256,3,0.07%,0.03%,324,3,0.06%,0.02%,98.98%,100.00%,25,0,9.77%,0.00%,"375,00 €","0,00 €",24,0
B017HKG9PK,B0044R87RS,Arcos Cuchillo para Maitre Negro 215 mm,151000,"1,628",46,0.43%,0.49%,"2,288",58,0.42%,0.43%,14.76%,21.43%,27,7,1.66%,15.22%,"404,73 €","104,93 €",23,3
B017HKR8WS,B005LR7EP6,ARCOS Afilador de Cuchillos Profesional ABS,610000,"3,974",117,1.04%,1.25%,"5,573",175,1.03%,1.30%,36.92%,43.12%,23,1,0.58%,0.85%,"1.517,86 €","64,99 €",23,1
B093DXB2PK,B00MDJVRG2,Arcos Latina Cuchillo para Verduras Acero Inoxidable 105 mm,100500_1_pieza,174,1,0.05%,0.01%,247,1,0.05%,0.01%,98.10%,100.00%,43,0,24.71%,0.00%,"214,57 €","0,00 €",23,0
B0FT8NPR4X,B0FT8NPR4X,BIOLEAF® – Gel WC + Desincrustante Baños Pack 2×750 ml | Limpieza Antical Baño | Fórmula Biodegradable con Esencias Marinas | Dermatológicamente Testado|100% MADE IN SPAIN,3429,592,5,0.15%,0.05%,758,8,0.14%,0.06%,99.58%,100.00%,23,0,3.89%,0.00%,"229,77 €","0,00 €",23,0
B0189HXQKQ,B017DLLFES,"Arcos Navaja Profesional de Acero Inoxidable Nitrum, Hoja 85 mm, Mango de Polipropileno, Serie Navajas Profesionales, Alta Durabilidad y Rendimiento",485700_fbm,426,11,0.11%,0.12%,580,14,0.11%,0.10%,77.93%,100.00%,23,1,5.40%,9.09%,"166,75 €","7,25 €",22,1
B0CYTKGNPM,B0843DQCF5,ARCOS Pelador de Verduras en Juliana de Acero Inoxidable Cromado 130 Mm. Pelador Profesional para Cortes en Juliana de Verduras y Hortalizas. Apto Lavavajillas. Color Plata,607200,991,26,0.26%,0.28%,"1,178",33,0.22%,0.25%,97.71%,100.00%,24,0,2.42%,0.00%,"179,88 €","0,00 €",22,0
B0DNNKT1W2,B0DNNJPGTY,"Cuperinox-Tetera de Cristal con Infusor para Té e Infusiones, Resistente al Calor y Compatible con Microondas ** - Infusion Prestige Collection (750 ml)",26112,569,9,0.15%,0.10%,820,12,0.15%,0.09%,99.86%,100.00%,23,0,4.04%,0.00%,"401,87 €","0,00 €",22,0
B017HKRCGK,B005LR7C44,ARCOS Bolsa Portacuchillos 12 Piezas Poliéster 730x510mm,690500_,602,6,0.16%,0.06%,856,10,0.16%,0.07%,54.66%,50.00%,21,0,3.49%,0.00%,"586,74 €","0,00 €",21,0
B0C4DTYRJW,B071LGMMGV,Arcos Juego Cuchillos Cocina Profesionales| Cuchillos Cocina Profesional Set Cuchillos | Mango Negro (3 Piezas),862600,814,17,0.21%,0.18%,"1,154",20,0.21%,0.15%,98.95%,100.00%,21,0,2.58%,0.00%,"839,79 €","0,00 €",21,0
B08M9NWMW8,B08M9NWMW8,Arcos Juego de Cuchillos de Cocina Profesional y Afilador | 7 Piezas | Acero Inoxidable | Taco de Madera | Serie Niza | Uso Cotidiano | Apto para Lavavajillas,835800FBM,904,14,0.24%,0.15%,"1,277",17,0.24%,0.13%,99.91%,100.00%,26,7,2.88%,50.00%,"1.398,94 €","365,13 €",21,2
B08J488ZQG,B0987N2CBR,Arcos Juego Cuchillos Carne | 6 Piezas | Cuchillos carne cuchillo chuleteros | cubiertos acero inoxidable | Hoja 110 mm | mango monobloque | aptos lavavajillas | Caja Envase Ecológico,814000_fba,774,17,0.20%,0.18%,914,18,0.17%,0.13%,99.88%,100.00%,25,1,3.23%,5.88%,"699,75 €","27,99 €",21,1
B0FJLTDB9J,B09RP6V156,"CUPERINOX® Alicates para pedicura, Profesional, Cortaúñas de Pies, Acero Inoxidable, Mango Ergonómico Antideslizante, Fácil Limpieza, Con Funda, 2 Años de Garantía",21920AM_fba,682,10,0.18%,0.11%,"1,036",11,0.19%,0.08%,88.96%,100.00%,21,2,3.08%,20.00%,"244,71 €","18,98 €",21,2
B0CYTKGNPM,B0CW66H3TR,Pelador de Tomate ARCOS - Hoja Serrada de Acero Inoxidable | Mango Ergonómico | Ideal para Tomates,607420_,973,21,0.25%,0.23%,"1,079",21,0.20%,0.16%,100.00%,100.00%,23,0,2.36%,0.00%,"183,77 €","0,00 €",21,0
B0DKP7F29P,B0DJBYB7XQ,"Arcos Serie Samoa Iconic | Cazo Antiadherente Cerámico 16 cm y 1,5 L | Aluminio Forjado | Apta cualquier cocina | Mango Acero Inoxidable | Color Beige | LIBRE DE (PFOA/PTFE/PFOS)",717224,374,15,0.10%,0.16%,503,16,0.09%,0.12%,96.71%,100.00%,21,4,5.61%,26.67%,"685,01 €","128,81 €",21,4
B0DVT6KPDV,B0DT73LYPQ,"CUPERINOX Cuchillos Montessori | Set de Cuchillos Infantiles de 16 Piezas | Cuchillos Niños Aprendizaje +2 Años | Incluye Delantal, Guante de Seguridad, Moldes Tabla de Cortar | Kids Collection",27016,405,7,0.11%,0.08%,560,9,0.10%,0.07%,99.80%,100.00%,21,1,5.19%,14.29%,"407,91 €","19,99 €",21,1
B0FT8QFSK3,B0FT8QFSK3,BIOLEAF® – Multiusos + Desengrasante Pack 2×750 ml | Limpieza Hogar y Cocina | Potente Antigrasa y Multiusos Brillo Duradero | Fórmula Biodegradable con Esencia Limón | 100% MADE IN SPAIN,3443,"1,196",3,0.31%,0.03%,"1,580",5,0.29%,0.04%,99.33%,100.00%,21,0,1.76%,0.00%,"209,79 €","0,00 €",21,0
B017HKRCGK,B005LR7AWI,ARCOS Bolsa Portacuchillos 8 Piezas Poliéster 500x510mm,690400_,521,8,0.14%,0.09%,735,11,0.14%,0.08%,70.15%,50.00%,20,0,3.84%,0.00%,"499,80 €","0,00 €",20,0
B08LVZCG23,B08LVZCG23,Arcos Juego de Cuchillos de Cocina Rosa | 3 pz | Cuchillo Chef para pelar Verduras | Edición Limitada | Solidaria,814500,"4,525",49,1.18%,0.53%,"5,621",69,1.04%,0.51%,99.60%,100.00%,20,1,0.44%,2.04%,"579,80 €","27,99 €",20,1
B09MSDJQJ1,B08M3B43J6,"Arcos | Juego Cuchillo Jamonero 3 Pzas | jamonero Acero Inoxidable (240 mm), afilador Chaira y Cubre jamón | Juego Cuchillos jamonero Profesional | Paleta ibérica | Eco",704300,368,8,0.10%,0.09%,568,21,0.10%,0.16%,100.00%,100.00%,20,0,5.43%,0.00%,"599,80 €","0,00 €",20,0
B0189HXS8Q,B017DLLIUO,Arcos Navaja Profesional Acero Inoxidable 85 mm,485929_,721,13,0.19%,0.14%,998,18,0.18%,0.13%,87.53%,76.92%,19,0,2.64%,0.00%,"139,65 €","0,00 €",19,0
B06XB92VRH,B07T6J5JWM,CUPERINOX Cafetera Italiana Induccion Espresso Acero Inoxidable 12 Tazas,25035,451,7,0.12%,0.08%,682,13,0.13%,0.10%,90.13%,90.00%,19,0,4.21%,0.00%,"531,81 €","0,00 €",19,0
B0CN13SJ98,B0CN13SJ98,"HENDI Expositor con cubierta deslizante roll-top, Doble",H871768,593,74,0.15%,0.79%,964,112,0.18%,0.83%,55.97%,22.78%,20,2,3.37%,2.70%,"955,00 €","95,50 €",19,2
B0FT8N82NY,B0FT8N82NY,BIOLEAF® – Lavavajillas+ Desengrasante Cocina Pack 2×750 ml | Limpieza Potente Antigrasa y Vajilla Reluciente | Fórmula Biodegradable con Esencia Limón | Dermatológicamente Testado| 100% MADE IN SPAIN,3436,483,0,0.13%,0.00%,608,0,0.11%,0.00%,99.83%,0.00%,21,0,4.35%,0.00%,"209,79 €","0,00 €",19,0
B07M8DDJ9B,B07M8DDJ9B,"WINS– Ambientador Lavanda Concentrado | Perfume Intenso y Duradero para Hogar, Oficinas y Espacios Comunes | Aroma Natural Relajante | Garrafa 5L | 100% Made in Spain",WINS008,141,8,0.04%,0.09%,188,10,0.03%,0.07%,80.72%,71.43%,19,6,13.48%,75.00%,"341,21 €","107,44 €",18,5
B0DNNL2TZQ,B0DNNF3839,"CUPERINOX Aceitera de Cristal Antigoteo para Aceite de Oliva, Resistente y Fácil de Limpiar Gourmet Oil Collection (1000 Ml)",22024_,436,13,0.11%,0.14%,591,19,0.11%,0.14%,100.00%,100.00%,18,3,4.13%,23.08%,"315,42 €","50,97 €",18,3
B08L8MV8XD,B005LR72SK,Arcos Juego de Cuchillos con Bloque Acero Inoxidable 6 piezas,136100_,"3,800",51,0.99%,0.55%,"5,161",65,0.95%,0.48%,19.98%,15.15%,17,1,0.45%,1.96%,"765,80 €","45,99 €",17,1
B008W7L5HK,B008W7L5HK,ARCOS Chaira Afilador Manual de Cuchillos 250 mm,278400,732,15,0.19%,0.16%,"1,020",19,0.19%,0.14%,37.17%,40.00%,17,3,2.32%,20.00%,"203,83 €","35,97 €",17,3
B08NW1VQRT,B08NW1VQRT,CUPERINOX Navaja para Setas y Champiñones | Acero Inoxidable | Con Cepillo y Funda Incluida | Micológica,2181,136,0,0.04%,0.00%,184,0,0.03%,0.00%,99.39%,0.00%,21,1,15.44%,0.00%,"217,54 €","10,49 €",17,1
B093313MH6,B093313MH6,Arcos | Cuchillo de deshuesar| Cuchillo deshuesador | cuchillo deshuesador jamón | cuchillo deshuesador (140 mm) Clásica| Envase Eco | cuchillo puntilla jamonero,256210_fba,430,11,0.11%,0.12%,641,18,0.12%,0.13%,99.82%,100.00%,18,3,4.19%,27.27%,"350,27 €","56,46 €",17,2
B0DKP7F29P,B0DJBZ7G4Y,Arcos Serie Samoa Iconic | Sarten Antiadherente Cerámico 20 cm | Aluminio Forjado | Apta cualquier cocina | Mango Acero Inoxidable | Apta lavavajillas | Color Beige | LIBRE DE (PFOA/PTFE/PFOS),716124,778,12,0.20%,0.13%,"1,013",17,0.19%,0.13%,97.57%,80.00%,17,1,2.19%,8.33%,"568,65 €","33,95 €",17,1
B0DKP7F29P,B0FS7W73G1,"Arcos Sartén Samoa Inox 28 cm, Acero inoxidable tricapa sin antiadherente",726500,519,10,0.14%,0.11%,739,12,0.14%,0.09%,92.53%,87.50%,17,1,3.28%,10.00%,"798,15 €","46,95 €",17,1
B08M7BMR2S,B00I9XTLSC,ARCOS Afilador Profesional Manual Cerámica y Carbono Rojo-Negro,610600_2,"4,057",93,1.06%,1.00%,"5,869",137,1.08%,1.02%,8.77%,3.66%,17,0,0.42%,0.00%,"229,33 €","0,00 €",16,0
B0752X4WZ6,B017DLMFXS,ARCOS Pinzas para Emplatar Acero Inoxidable 200 mm,606300FBM,"3,403",92,0.89%,0.99%,"4,767",130,0.88%,0.97%,1.84%,1.22%,16,1,0.47%,1.09%,"188,57 €","11,75 €",16,1
B0788NSRGR,B0788NSRGR,WINS-Detergente Máquinas Lavavajillas Profesional Aguas Duras 012 | Garrafa 5 L | Limpieza Potente de Vajilla en Lavavajillas Industriales | Uso Profesional | 100% Made in Spain,WINS012_5l,76,12,0.02%,0.13%,107,18,0.02%,0.13%,63.74%,100.00%,21,9,27.63%,75.00%,"353,76 €","150,58 €",16,6
B0752X1ZCK,B07G77NN26,Arcos Cuchillos de Mesa - Caja de 12 uds Cuchillo Chuletero Cuchillo de Mesa - Hoja de Acero Inoxidable NITRUM 110 mm - Mango de Nylon - Color Negro (12 uds),803000,"1,026",24,0.27%,0.26%,"1,572",35,0.29%,0.26%,96.42%,100.00%,16,1,1.56%,4.17%,"463,84 €","28,99 €",16,1
B0812P3LZT,B0812P3LZT,"Arcos Nova - Set 3 Cuchillos Mantequilla - Acero Inoxidable 70 mm - Mango en color menta, naranja y limon",859900,233,14,0.06%,0.15%,312,20,0.06%,0.15%,99.28%,100.00%,17,1,7.30%,7.14%,"187,01 €","10,99 €",16,1
B08G8QHY23,B08G8QHY23,Arcos | cuchillos chuleteros cuchillo madera cuchillo chuletero | 6 Piezas | juego cuchillos carne | cuchillos mango madera | Envase Eco | Fabricado en España,809300_,345,7,0.09%,0.08%,485,8,0.09%,0.06%,100.00%,100.00%,20,1,5.80%,14.29%,"479,41 €","23,60 €",16,1
B08JCVQ4QL,B08JCVQ4QL,"Arcos Series Niza - Juego de Cuchillos Cocina, 6 Piezas, Cuchillos Verduras 110 mm, + Cuchillo Mesa, Envase 100% Ecológico, Acero Inoxidable NITRUM",809400,731,13,0.19%,0.14%,"1,123",18,0.21%,0.13%,99.69%,100.00%,22,6,3.01%,46.15%,"428,18 €","116,34 €",16,1
B09KJLG7BT,B08KW4BFZ9,CUPERINOX Jamonero Profesional | Soporte jamonero Tipo Gondola| Base de Corte para Usar con Cuchillo jamonero | Jamon iberico | Fabricado en España,20200_premium,"1,249",16,0.33%,0.17%,"1,839",25,0.34%,0.19%,88.29%,75.00%,16,0,1.28%,0.00%,"255,84 €","0,00 €",16,0
B08M99RZRV,B08M99RZRV,Arcos | Cuchillo Jamonero Cuchillo deshuesador | 2 Uds | Set cuchillos jamoneros 250 mm y cuchillo deshuesador (140 mm) jamonero profesional | cuchillo carnicero profesional | Eco,703800,574,13,0.15%,0.14%,752,13,0.14%,0.10%,99.86%,100.00%,16,0,2.79%,0.00%,"639,84 €","0,00 €",16,0
B0DNNKT1W2,B0DNNJCHQP,"Cuperinox-Tetera de Cristal con Infusor para Té e Infusiones, Resistente al Calor y Compatible con Microondas ** - Infusion Prestige Collection (950 ml)",26113,520,15,0.14%,0.16%,740,31,0.14%,0.23%,100.00%,100.00%,16,0,3.08%,0.00%,"302,77 €","0,00 €",16,0
B0FT8NLHQ3,B0FT8NLHQ3,BIOLEAF® – Multiusos + Limpiacristales Pack 2×750 ml | Limpieza Total Hogar | Brillo Duradero en Superficies y Cristales Sin Huellas | Fórmula Biodegradable | Dermatológicamente Testado,3450,379,0,0.10%,0.00%,490,0,0.09%,0.00%,99.33%,0.00%,17,0,4.49%,0.00%,"169,83 €","0,00 €",16,0
B017HKR8WS,B005LR7EP6,ARCOS Afilador de Cuchillos Profesional ABS,610000_,"3,974",117,1.04%,1.25%,"5,573",175,1.03%,1.30%,36.92%,43.12%,16,0,0.40%,0.00%,"1.083,48 €","0,00 €",15,0
B08M5K93QF,B08M5K93QF,Arcos Juego Cuchillos Mesa | 6 Uds | Cuchillo Postre | Cuchillos Mesa | Cuchillo Carne | Hoja 105 mm | Acero Inoxidable Martensítico | Mango Polipropileno | Apto lavavajillas | Envase Ecológico,703500_etq,136,1,0.04%,0.01%,201,3,0.04%,0.02%,100.00%,100.00%,16,0,11.76%,0.00%,"175,84 €","0,00 €",15,0
B09N7S17J6,B09D3YRGL9,"CUPERINOX Navaja Plegable Multiusos – Hoja de Acero Inoxidable 80 mm (Filo Liso + Serrado), Punta Rompevidrios, Apertura Rápida, Clip de Cinturón, Herramienta para Camping, Caza, Pesca y Supervivencia",30061_solo_navaja,"1,058",21,0.28%,0.23%,"1,624",33,0.30%,0.25%,99.05%,100.00%,21,0,1.98%,0.00%,"212,51 €","0,00 €",15,0
B0189HXS8Q,B015QGR3CK,Arcos Serie Navajas Profesionales - Navaja Profesional - Hoja Filo de Acero Inoxidable NITRUM de 85 mm - Navaja de Acero Inoxidable Color amarillo,485900_fbm,860,15,0.22%,0.16%,"1,156",17,0.21%,0.13%,98.44%,100.00%,20,5,2.33%,33.33%,"145,00 €","36,25 €",14,1
B07G75XCXM,B07G75XCXM,"Arcos Serie Cuchillos de Mesa Caja 12 uds Cuchillo Mesa, Hoja Serrada de Acero Inoxidable NITRUM de 125 mm, Mango Polipropileno Color crema (12 UDS)",370200_us,446,7,0.12%,0.08%,687,18,0.13%,0.13%,100.00%,100.00%,23,13,5.16%,185.71%,"446,35 €","246,45 €",14,4
B0C4DTYRJW,B094QVHPQ8,Arcos Juego Cuchillos Cocina Profesionales| Cuchillos Cocina Profesional Set Cuchillos | Mango Negro (4 Piezas),813500,837,17,0.22%,0.18%,"1,094",23,0.20%,0.17%,99.80%,100.00%,16,0,1.91%,0.00%,"639,20 €","0,00 €",14,0
B0CVH8PC99,B0CQTJ6T66,"CUPERINOX® Cuchillos de Mesa Acero Inoxidable – Set Profesional 12 Piezas con Hoja Serrada de 11 cm y Mango Ergonómico Antideslizante – Para Carne, Verduras y Pescado",99922,284,14,0.07%,0.15%,415,15,0.08%,0.11%,100.00%,100.00%,17,2,5.99%,14.29%,"203,83 €","23,98 €",14,2
B0DNNKT1W2,B0DNNFJ5J7,"Cuperinox-Tetera de Cristal con Infusor para Té e Infusiones, Resistente al Calor y Compatible con Microondas ** - Infusion Prestige Collection (350 ml)",26110,"2,205",58,0.58%,0.62%,"3,063",96,0.56%,0.71%,99.93%,100.00%,43,34,1.95%,58.62%,"546,60 €","411,44 €",14,5
B0DQV6381X,B0DQR3T9MM,CUPERINOX Jamonero Profesional | Jamonero Giratorio Inoxidable | Jamonero Plegable | Tabla Cortar Jamon | Jamonera | Soporte Jamon,SC_20250,585,14,0.15%,0.15%,771,17,0.14%,0.13%,99.00%,100.00%,14,0,2.39%,0.00%,"769,86 €","0,00 €",14,0
B0F1N351DY,B072FGV2YH,Arcos Juego de 6 Cuchillos Mondadores Acero Inoxidable 100 mm,189100_2,"5,794",180,1.51%,1.93%,"8,235",268,1.52%,1.99%,16.79%,8.99%,14,11,0.24%,6.11%,"231,67 €","179,63 €",13,10
B0FR444FLT,B07JJGXYZD,Arcos Set Cocina Serie Manhattan,858100,"1,177",29,0.31%,0.31%,"1,600",45,0.30%,0.33%,99.45%,96.00%,13,0,1.10%,0.00%,"1.065,87 €","0,00 €",13,0
B0812P3LZT,B0812P3LZT,"Arcos Nova - Set 3 Cuchillos Mantequilla - Acero Inoxidable 70 mm - Mango en color menta, naranja y limon",859900_,233,14,0.06%,0.15%,312,20,0.06%,0.15%,99.28%,100.00%,14,2,6.01%,14.29%,"153,86 €","21,98 €",13,2
B0CYTKGNPM,B0843Q6L5P,ARCOS Pelador Profesional Acero Inoxidable Cromado 130 mm,607000_,"1,771",93,0.46%,1.00%,"2,945",147,0.54%,1.09%,4.45%,3.64%,20,8,1.13%,8.60%,"122,96 €","35,84 €",13,1
B093313MH6,B093313MH6,Arcos | Cuchillo de deshuesar| Cuchillo deshuesador | cuchillo deshuesador jamón | cuchillo deshuesador (140 mm) Clásica| Envase Eco | cuchillo puntilla jamonero,256210,430,11,0.11%,0.12%,641,18,0.12%,0.13%,99.82%,100.00%,13,0,3.02%,0.00%,"258,07 €","0,00 €",13,0
B09KJLG7BT,B098K898SC,CUPERINOX Soporte Jamonero | Jamonero Profesional | Cuchillo Jamonero madera + Funda Jamon | Tabla Jamonera,20226FBM,242,2,0.06%,0.02%,304,3,0.06%,0.02%,99.29%,100.00%,13,0,5.37%,0.00%,"317,21 €","0,00 €",13,0
B0F9X4NXL3,B0F9KW1V3K,"Cuchillos Mesa, cuchillo carne, cuchillo mantequilla, Set 12 piezas, acero inoxidable, hoja con filo y sierra, cuchillo untar. Apto lavavajillas. Mango ergonomico",20043_12,498,16,0.13%,0.17%,703,19,0.13%,0.14%,100.00%,100.00%,13,1,2.61%,6.25%,"155,67 €","11,79 €",13,1
B0DKP7F29P,B0FS7XQ88Z,"Arcos Sartén Samoa Inox 30 cm, Acero inoxidable tricapa sin PFAS",726600,288,5,0.08%,0.05%,373,8,0.07%,0.06%,93.53%,100.00%,13,0,4.51%,0.00%,"675,35 €","0,00 €",13,0
B00VRZ3BMG,B00VRZ3BMG,Arcos Tijeras Costura Acero Forjado 140 mm - Uso Doméstico y Profesional - Niqueladas Plata - Serie Style,502300_,78,3,0.02%,0.03%,115,10,0.02%,0.07%,95.92%,0.00%,13,0,16.67%,0.00%,"142,87 €","0,00 €",12,0
B0F1N351DY,B073V5RN1J,Arcos Cuchillo Mondador Acero Inoxidable NITRUM 100 mm - Ideal para Pelar Frutas y Verduras - Mango Ergonómico Polipropileno Negro - Serie Nova,816500_1pieza,541,12,0.14%,0.13%,618,13,0.11%,0.10%,98.45%,100.00%,15,0,2.77%,0.00%,"71,25 €","0,00 €",12,0
B07ZJ8ZJ93,B07ZJ8ZJ93,Arcos Set Jamonero Profesional Acero Inoxidable 3 Piezas,859400_us,356,7,0.09%,0.08%,485,9,0.09%,0.07%,97.62%,100.00%,12,0,3.37%,0.00%,"360,38 €","0,00 €",12,0
B08G8QCM5H,B08G8QCM5H,ARCOS cuchillo pelador | 6 PIEZAS | cuchillo de pelar | cuchillos pelar patatas | Hoja 100 mm | Negro | cuchillo arcos pelador Acero Inoxidable,816500_,300,41,0.08%,0.44%,436,56,0.08%,0.42%,99.74%,97.73%,13,2,4.33%,4.88%,"246,87 €","37,98 €",12,2
B0F1N351DY,B097RDB5T3,Arcos Juego de 3 Cuchillos Mondadores Acero Inoxidable 100 mm,816500_3piezas,"1,005",27,0.26%,0.29%,"1,336",36,0.25%,0.27%,18.33%,26.92%,13,2,1.29%,7.41%,"162,77 €","24,98 €",12,1
B0FHQJSLGJ,B0FHQJSLGJ,"VINFERMATON - Insecticida Antipolillas Perfumado | Pack 3 x 300 ml | Protección para Armarios, Ropa y Tejidos | Elimina Polillas y Larvas | Aroma Agradable | Uso en Ambientes y Textiles",V1308_PACK3,130,5,0.03%,0.05%,195,6,0.04%,0.04%,100.00%,0.00%,12,0,9.23%,0.00%,"155,88 €","0,00 €",12,0
B017HKSTCQ,B00CFN1M6Q,ARCOS Tijeras de Cocina Multiusos 200 mm,809700_,"2,421",86,0.63%,0.92%,"3,490",116,0.64%,0.86%,1.04%,4.71%,15,8,0.62%,9.30%,"174,52 €","90,80 €",11,4
B073JC3QG7,B073JC3QG7,"VINFER- Abrillantador Mopas Spray 750 ml | Limpieza, Protege y Abrillanta Parquet, Terrazo, Mármol, Linóleum y Gres | Formato Profesional",VP_MOPAS_NARANJA,295,11,0.08%,0.12%,428,14,0.08%,0.10%,97.15%,100.00%,25,12,8.47%,109.09%,"249,75 €","119,88 €",11,1
B073JC3QG7,B073JC3QG7,"VINFER- Abrillantador Mopas Spray 750 ml | Limpieza, Protege y Abrillanta Parquet, Terrazo, Mármol, Linóleum y Gres | Formato Profesional",VP_ABRILLANTADOR,295,11,0.08%,0.12%,428,14,0.08%,0.10%,97.15%,100.00%,13,0,4.41%,0.00%,"129,87 €","0,00 €",11,0
B093DSL44T,B07F9RV81Z,Arcos Cuchillo Chuletero de 4 Pulgadas con Hoja de 105mm en Acero Inoxidable y Mango de Madera. Cuchillo para Carne Apto para Lavavajillas. Serie Latina. Color Marrón,100400,771,11,0.20%,0.12%,"1,170",15,0.22%,0.11%,89.97%,100.00%,13,0,1.69%,0.00%,"467,87 €","0,00 €",11,0
B07N7YDTMX,B07N7YDTMX,"HENDI Cesta para cubiertos, 125x84x(H) 135mm",H871324,68,8,0.02%,0.09%,132,10,0.02%,0.07%,77.00%,100.00%,19,13,27.94%,162.50%,"161,45 €","110,37 €",11,5
B09MSDJQJ1,B08M3B43J6,"Arcos | Juego Cuchillo Jamonero 3 Pzas | jamonero Acero Inoxidable (240 mm), afilador Chaira y Cubre jamón | Juego Cuchillos jamonero Profesional | Paleta ibérica | Eco",704300_fbm,368,8,0.10%,0.09%,568,21,0.10%,0.16%,100.00%,100.00%,11,2,2.99%,25.00%,"322,75 €","58,27 €",11,2
B08ZNM265D,B08ZNM265D,Arcos | cuchillos de mesa cuchillo mesa tradicional | 6 Piezas cuchillo chuletero | mango nailon | Envase Eco | Fabricado en España,704400_fba,278,3,0.07%,0.03%,432,3,0.08%,0.02%,100.00%,100.00%,16,0,5.76%,0.00%,"431,84 €","0,00 €",11,0
B08VS4FCLN,B09HHGVG2N,"Arcos Juego Cuchillos Cocina cuchillos | Cuchillo profesional | 6 piezas | Chef 215 mm + Cocina 150 mm, Verduras 100 mm + Tijera cocina + Pelador de fruta y verdura + Pinza para pescado",854200,269,5,0.07%,0.05%,405,7,0.07%,0.05%,100.00%,100.00%,11,0,4.09%,0.00%,"483,89 €","0,00 €",11,0
B0DKP7F29P,B0DJC17TXZ,"Arcos Serie Samoa Iconic | Cacerola Baja Antiadherente Cerámico 28 cm y 4,3 L | Aluminio Forjado | Apta cualquier cocina | Mango Acero Inoxidable | Color Beige | LIBRE DE (PFOA/PTFE/PFOS)",717124,603,14,0.16%,0.15%,874,15,0.16%,0.11%,92.91%,0.00%,11,0,1.82%,0.00%,"787,51 €","0,00 €",11,0
B0DVT6KPDV,B0DT75PQN7,"CUPERINOX Kit Cocina Montessori | Cuchillos Niños Aprendizaje +2 Años | Set Completo de Cuchillos Infantiles de 17 Piezas | Incluye Tijeras, Moldes, Batidor, Tabla y Cuchillo Seguro",27017_,267,1,0.07%,0.01%,363,1,0.07%,0.01%,100.00%,0.00%,11,0,4.12%,0.00%,"215,39 €","0,00 €",11,0
B0F54LTCFF,B0044R87UA,Arcos Cuchillo Jamonero con Alveolos Acero Inoxidable 240mm,281801_,"1,611",32,0.42%,0.34%,"2,360",52,0.44%,0.39%,16.25%,12.90%,11,1,0.68%,3.13%,"219,39 €","19,49 €",10,1
B007TS6GP4,B007TS6GP4,Arcos Juego de 6 Cuchillos de Mesa Chuleteros Acero Inoxidable 110 mm,815600--,249,6,0.07%,0.06%,393,7,0.07%,0.05%,70.62%,100.00%,12,0,4.82%,0.00%,"313,88 €","0,00 €",10,0
B017HKSTCQ,B00VRWSIUO,Arcos Serie Ecopro - Tijeras de Cocina - Acero Inoxidable 240 mm - Mango de Acero Inoxidable - Color Plata,809800_,864,30,0.23%,0.32%,"1,136",40,0.21%,0.30%,27.99%,10.34%,10,1,1.16%,3.33%,"182,50 €","18,25 €",10,1
B017HKSR4G,B00WUZRKJW,Arcos Cuchillos de Mesa - Hoja de Acero Inoxidable Nitrum 110 mm - Mango Ergonómico de Polipropileno - Ideal para Comedor - Color Crema - Serie Elegance,802900,299,8,0.08%,0.09%,389,12,0.07%,0.09%,98.86%,77.78%,14,1,4.68%,12.50%,"48,96 €","3,49 €",10,1
B071VT3MC3,B071VT3MC3,"Arcos Tijeras Manicura Curva de Acero Forjado, Uso Profesional y Doméstico, 102 mm, Niqueladas en Plata, Serie Style",500600_,61,5,0.02%,0.05%,91,7,0.02%,0.05%,97.47%,71.43%,11,2,18.03%,40.00%,"118,29 €","19,38 €",10,1
B07G76NW26,B07G76NW26,"Arcos Serie Cuchillos de Mesa Caja 12 uds Cuchillo Mesa, Hoja Serrada de Acero Inoxidable de 125 mm, Cuchillo Monoblock Acero Inoxidable Color plata (12 UDS)",460400_fbm,189,1,0.05%,0.01%,298,1,0.05%,0.01%,94.14%,100.00%,10,2,5.29%,200.00%,"426,90 €","82,98 €",10,2
B0FR444FLT,B07N8S366Z,Arcos Cuchillo Cocina Forjado en Acero Inoxidable. Hoja Plateada 210 mm. Cuchillo Chef con Mango Profesional Micarta y Borde de Seda Especial. Serie Brooklyn. Color Azul.,190623_,330,6,0.09%,0.06%,448,6,0.08%,0.04%,95.49%,75.00%,10,0,3.03%,0.00%,"470,67 €","0,00 €",10,0
B06XB92VRH,B07T6J5JWM,CUPERINOX Cafetera Italiana Induccion Espresso Acero Inoxidable 12 Tazas,25035_2,451,7,0.12%,0.08%,682,13,0.13%,0.10%,90.13%,90.00%,10,0,2.22%,0.00%,"280,00 €","0,00 €",10,0
B0FQNZM34T,B0843QFQB7,Arcos Set Cuchillos 5 piezas Acero Inoxidable Nitrum. Cuchillo Cocina Profesional Afilado para Cortar Carne. Mango Ergonómico Polioximetileno POM. Serie Opera. Diseño Clásico. Color Negro.,227000,834,20,0.22%,0.21%,"1,285",30,0.24%,0.22%,63.21%,64.71%,10,1,1.20%,5.00%,"1.388,90 €","138,89 €",10,1
B08G8QCM5H,B08G8QCM5H,ARCOS cuchillo pelador | 6 PIEZAS | cuchillo de pelar | cuchillos pelar patatas | Hoja 100 mm | Negro | cuchillo arcos pelador Acero Inoxidable,816500_fbm,300,41,0.08%,0.44%,436,56,0.08%,0.42%,99.74%,97.73%,15,7,5.00%,17.07%,"284,85 €","132,93 €",10,3
B0C4DTYRJW,B094QVHPQ8,Arcos Juego Cuchillos Cocina Profesionales| Cuchillos Cocina Profesional Set Cuchillos | Mango Negro (4 Piezas),813500FBM,837,17,0.22%,0.18%,"1,094",23,0.20%,0.17%,99.80%,100.00%,10,0,1.19%,0.00%,"391,50 €","0,00 €",10,0
B0CQ5G2HVQ,B09T6KY364,"Arcos Sarten Antiadherente 30 cm - Aluminio Forjado, Full Induction, Mango Acero Inoxidable Efecto Frío, Apta Lavavajillas, Ahorro Energético, Serie Samoa",716610,192,11,0.05%,0.12%,257,19,0.05%,0.14%,69.12%,90.91%,10,2,5.21%,18.18%,"455,00 €","91,00 €",10,2
B0CYTKGNPM,B0CW66H3TR,Pelador de Tomate ARCOS - Hoja Serrada de Acero Inoxidable | Mango Ergonómico | Ideal para Tomates,607420,973,21,0.25%,0.23%,"1,079",21,0.20%,0.16%,100.00%,100.00%,12,0,1.23%,0.00%,"96,01 €","0,00 €",10,0
B0DKP7F29P,B0DJBZRDXV,Arcos Serie Samoa Iconic | Sarten Antiadherente Cerámico 24 cm | Aluminio Forjado | Apta cualquier cocina | Mango Acero Inoxidable | Apta lavavajillas | Color Negro | LIBRE DE (PFOA/PTFE/PFOS),716322,387,9,0.10%,0.10%,470,11,0.09%,0.08%,98.39%,100.00%,10,0,2.58%,0.00%,"395,50 €","0,00 €",10,0
B0DQV6381X,B0F2Q1K35T,CUPERINOX Soporte Jamonero Balancín | Jamonero Giratorio Profesional | Jamonero Madera | Jamonera Profesional | Tabla Cortar Jamon,20265_SC,"1,204",27,0.31%,0.29%,"1,779",39,0.33%,0.29%,99.56%,100.00%,10,0,0.83%,0.00%,"849,90 €","0,00 €",10,0
B08TWZYBPZ,B0FZC8B2NX,"CUPERINOX - Estuche de Cuchillos Profesionales de Cocina 4 Piezas | Chef 20 cm, Santoku 18 cm, Universal 13 cm y Pelador 9 cm | Acero Inoxidable de Alta Precisión | Mango Ergonómico",19301_FBA,"1,172",47,0.31%,0.50%,"1,520",71,0.28%,0.53%,99.93%,100.00%,11,3,0.94%,6.38%,"384,89 €","104,97 €",10,2
B08TWZYBPZ,B0FZC9C1BJ,"CUPERINOX- Set de Cuchillos Profesionales de Cocina 3 Piezas + Estuche Regalo | Chef 20 cm, Santoku 18 cm y Universal 13 cm | Acero Inoxidable Alta Precisión | Mango Ergonómico| Apto Lavavajillas",19302_FBA,569,15,0.15%,0.16%,709,20,0.13%,0.15%,100.00%,100.00%,11,1,1.93%,6.67%,"329,90 €","30,00 €",10,1
B0F1ZF7H1L,B005LR68DU,Arcos Cuchillo Jamonero con Alveolos 250 mm,231000_,"1,287",27,0.34%,0.29%,"1,807",36,0.33%,0.27%,22.69%,42.86%,9,0,0.70%,0.00%,"301,97 €","0,00 €",9,0
B0752X4WV1,B005LR73R0,Arcos Juego Chuleteros Mango Madera 110 mm,809300__,"3,384",74,0.88%,0.79%,"5,064",105,0.93%,0.78%,34.18%,12.12%,10,1,0.30%,1.35%,"235,76 €","23,85 €",9,1
B00MDK1DM4,B00MDK1DM4,Arcos Latina Cuchillo de Cocina Acero Inoxidable 130 mm,100600_1pieza,80,2,0.02%,0.02%,116,2,0.02%,0.01%,95.28%,100.00%,29,4,36.25%,200.00%,"173,71 €","23,96 €",9,1
B0G39WX9ZQ,B00MDK1EBE,"Arcos Cuchillo Utilitario Acero Inoxidable Nitrum 5""",100600_fbm,161,1,0.04%,0.01%,246,1,0.05%,0.01%,76.96%,0.00%,22,0,13.66%,0.00%,"131,78 €","0,00 €",9,0
B00WUZR7H2,B00WUZR7H2,Arcos Serie Cuchillos de Mesa - Cuchillo Mesa - Hoja Serrada de Acero Inoxidable de 125 mm - Cuchillo Monoblock Acero Inoxidable Color Plata,460400_1pieza,125,0,0.03%,0.00%,160,0,0.03%,0.00%,98.57%,0.00%,42,0,33.60%,0.00%,"191,58 €","0,00 €",9,0
B093DSL44T,B07F9RV81Z,Arcos Cuchillo Chuletero de 4 Pulgadas con Hoja de 105mm en Acero Inoxidable y Mango de Madera. Cuchillo para Carne Apto para Lavavajillas. Serie Latina. Color Marrón,100400_fba,771,11,0.20%,0.12%,"1,170",15,0.22%,0.11%,89.97%,100.00%,9,0,1.17%,0.00%,"323,91 €","0,00 €",9,0
B0FR444FLT,B07YYDR6D8,Arcos Juego de Cuchillos de Cocina. 3 piezas de Acero Inoxidable forjado. Impresiona yorprencon cada corte. Mango Micarta azul. Serie Brooklyn. Color Azul.,858110_,"1,200",31,0.31%,0.33%,"1,620",49,0.30%,0.36%,98.58%,90.00%,10,2,0.83%,6.45%,"999,90 €","199,98 €",9,1
B09DYJY471,B08MQJCD2V,Arcos Juego Cuchillos Cocina Profesionales| Cuchillos Cocina Profesional | Cuchillos Acero Inoxidable Mango Negro | utensilios de cocina | cuchillo japones Santoku | lavavajillas (4 Piezas),816900fba,"2,275",45,0.59%,0.48%,"2,908",60,0.54%,0.45%,99.89%,100.00%,9,1,0.40%,2.22%,"227,41 €","25,99 €",9,1
B0G3ZJ89NB,B09NRLLDC6,CUPERINOX Cuchillo Jamonero + Chaira + Funda Cubre Jamón | Jamonero 240mm acero inoxidable| Afilador Chaira | Funda cubre jamón,20220,227,4,0.06%,0.04%,324,5,0.06%,0.04%,99.04%,100.00%,9,0,3.96%,0.00%,"87,41 €","0,00 €",9,0
B0C5JNCFL4,B0C5JNCFL4,Arcos Serie Milano - Cubertería de 24 piezas en Caja de Regalo (6 Cuchillos + 12 Cucharas + 6 Tenedores) - Monoblock de una pieza en Acero Inoxidable - Color Plata,542000,316,6,0.08%,0.06%,587,8,0.11%,0.06%,95.19%,100.00%,15,0,4.75%,0.00%,"1.124,85 €","0,00 €",9,0
B0CVH8PC99,B0CQTJ6T66,"CUPERINOX® Cuchillos de Mesa Acero Inoxidable – Set Profesional 12 Piezas con Hoja Serrada de 11 cm y Mango Ergonómico Antideslizante – Para Carne, Verduras y Pescado",99901_12pzs,284,14,0.07%,0.15%,415,15,0.08%,0.11%,100.00%,100.00%,11,5,3.87%,35.71%,"127,89 €","55,95 €",9,3
B0DPKXM18X,B0DNQX2BZN,"CUPERINOX Soporte Jamonero Plegable | Jamonero Giratorio | Jamonero de Bambú con Cuchillo Profesional, Afilador y Funda para Jamón | Elite Collection",20270_fbm,974,27,0.25%,0.29%,"1,125",27,0.21%,0.20%,99.17%,100.00%,9,1,0.92%,3.70%,"439,38 €","46,99 €",9,1
B0FT8N82NY,B0FT8N82NY,BIOLEAF® – Lavavajillas+ Desengrasante Cocina Pack 2×750 ml | Limpieza Potente Antigrasa y Vajilla Reluciente | Fórmula Biodegradable con Esencia Limón | Dermatológicamente Testado| 100% MADE IN SPAIN,BIOLEAF_3436,483,0,0.13%,0.00%,608,0,0.11%,0.00%,99.83%,0.00%,9,0,1.86%,0.00%,"89,91 €","0,00 €",9,0
B0F1ZF7H1L,B005LR69ZC,Arcos Cuchillo de Queso Negro 145 mm,232800_,596,13,0.16%,0.14%,784,19,0.14%,0.14%,28.84%,0.00%,8,0,1.34%,0.00%,"303,60 €","0,00 €",8,0
B0752SPHL9,B005LR6WW2,Arcos Juego de Cuchillos de Cocina de 5 Piezas,152100_us,"1,119",21,0.29%,0.23%,"1,613",27,0.30%,0.20%,20.36%,53.85%,8,0,0.71%,0.00%,"495,04 €","0,00 €",8,0
B0F54LTCFF,B006963LSM,Arcos Cuchillo para Pan Acero Inoxidable 250 mm,282204_,482,20,0.13%,0.21%,645,32,0.12%,0.24%,11.44%,29.41%,9,2,1.87%,10.00%,"175,41 €","38,98 €",8,1
B017HKRCGK,B00BHZPGHO,ARCOS Bolsa Portacuchillos para 17 Piezas Poliéster Negra,691400_,273,3,0.07%,0.03%,361,5,0.07%,0.04%,83.07%,100.00%,8,0,2.93%,0.00%,"367,92 €","0,00 €",8,0
B00I9XTKI8,B00I9XTKI8,ARCOS Taco Ovalado Protector de Cuchillos hasta 20 cm,794100_,681,12,0.18%,0.13%,958,16,0.18%,0.12%,18.40%,20.00%,8,0,1.17%,0.00%,"207,92 €","0,00 €",8,0
B0G39VSVBM,B00U2QWO1K,Arcos Latina Cuchillo Chuletero Acero Inoxidable 105 mm,100400_1pieza,"2,288",35,0.60%,0.38%,"2,769",47,0.51%,0.35%,10.23%,0.00%,26,0,1.14%,0.00%,"97,50 €","0,00 €",8,0
B0752NT3TH,B00VRWSQIS,Arcos Serie Prochef - Tijeras de Cocina - Hoja de Acero Inoxidable - 200 mm - Mango de Polipropileno Color Negro,185300,497,13,0.13%,0.14%,579,15,0.11%,0.11%,27.14%,0.00%,8,0,1.61%,0.00%,"171,60 €","0,00 €",8,0
B0CJDS7HN7,B00WUZT88I,ARCOS Mesa Tenedor Carne y Mesa Acero 18/10 Plata 200 mm,702100_1pieza,371,15,0.10%,0.16%,549,19,0.10%,0.14%,35.36%,33.33%,33,0,8.89%,0.00%,"123,75 €","0,00 €",8,0
B019H2J21O,B019H2J21O,"Cuperinox 22531, Flanero Inoxidable 18cm con tapa",22531_us,101,2,0.03%,0.02%,145,2,0.03%,0.01%,99.22%,0.00%,10,0,9.90%,0.00%,"89,90 €","0,00 €",8,0
B0937XXT33,B01CQT1B5U,"Arcos Cuchillos de Mesa Juego de Cuchillos Chuleteros Cuchillos de Mesa, Monoblock de una pieza de Acero Inoxidable 110 mm, Color Plata (12 uds)",702000_us,453,10,0.12%,0.11%,691,14,0.13%,0.10%,92.16%,100.00%,8,0,1.77%,0.00%,"383,92 €","0,00 €",8,0
B089MW6B1B,B078JNZS9T,Arcos Estuche de 3 Cuchillos Básicos de Cocina. Pack de Cuchillos con Hoja de Acero Inoxidable y Mango de Polieximetileno Aptos para Lavavajillas. Serie Universal. Color Negro,807400_us,"7,256",126,1.90%,1.35%,"9,843",190,1.81%,1.41%,1.88%,2.75%,8,1,0.11%,0.79%,"350,92 €","42,99 €",8,1
B089M821V5,B089M821V5,Arcos Cuchillos Carne | 6 pzas | Cuchillos chuleteros Set Cuchillo de Mesa Sierra | Mango Madera | Hoja 110 mm | Cuchillos Carne Mesa | Apto lavavajillas | Envase Carton | Ecologico,815500,538,16,0.14%,0.17%,744,33,0.14%,0.25%,99.69%,100.00%,9,0,1.67%,0.00%,"269,91 €","0,00 €",8,0
B08G8QCM5H,B08G8QCM5H,ARCOS cuchillo pelador | 6 PIEZAS | cuchillo de pelar | cuchillos pelar patatas | Hoja 100 mm | Negro | cuchillo arcos pelador Acero Inoxidable,816500,300,41,0.08%,0.44%,436,56,0.08%,0.42%,99.74%,97.73%,8,2,2.67%,4.88%,"151,92 €","37,98 €",8,2
B08VRP7CR7,B09XMVTWLT,Arcos Juego Cuchillos Carne | 6 Piezas | Cuchillos Carne Cuchillo chuleteros | Cubiertos Acero Inoxidable | Hoja 110 mm | Mango Redondo y Forma Ovalada | monobock | Caja Envase Ecológico (Filo Liso),830000_,168,10,0.04%,0.11%,297,11,0.05%,0.08%,100.00%,100.00%,9,1,5.36%,10.00%,"296,91 €","32,99 €",8,1
B0D73CM824,B0D73CM824,"Arcos Cuchillo Mesa | Cuchillo Chuletero | Cuchillo Carne| Cuchillo de Mesa | Pack 12 Unidades| Hoja de Acero Inoxidable115 mm, Mango de Polipropileno Color Negro",740000_fbm,674,8,0.18%,0.09%,935,8,0.17%,0.06%,99.88%,100.00%,8,0,1.19%,0.00%,"247,92 €","0,00 €",8,0
B0FDL4Q2JB,B0FDL4Q2JB,VINFERMATON – Insecticida Avispas y Avisperos Exterior Pack 2×600 ml | Antiavispas | Alcance hasta 4 m | Acción Inmediata Profesional | 100% MADE IN SPAIN,V0020_PACK2,400,19,0.10%,0.20%,539,23,0.10%,0.17%,98.77%,100.00%,10,2,2.50%,10.53%,"172,50 €","32,50 €",8,1
B0FT8NPR4X,B0FT8NPR4X,BIOLEAF® – Gel WC + Desincrustante Baños Pack 2×750 ml | Limpieza Antical Baño | Fórmula Biodegradable con Esencias Marinas | Dermatológicamente Testado|100% MADE IN SPAIN,BIOLEAF_3429,592,5,0.15%,0.05%,758,8,0.14%,0.06%,99.58%,100.00%,8,0,1.35%,0.00%,"79,92 €","0,00 €",8,0
B0G3ZJ89NB,B0G8KMC5DX,"CUPERINOX Jamonero Giratorio y Plegable | Jamonera base Inoxidable | Incluye Cuchillo Jamonero Alveolos 25 cm, Afilador y Funda para Jamón | Apto Jamones y Paletilla",20253,197,3,0.05%,0.03%,300,4,0.06%,0.03%,98.84%,100.00%,8,0,4.06%,0.00%,"559,92 €","0,00 €",8,0
B0F1ZF7H1L,B005LR6GE6,Arcos Cuchillo Cocinero Negro 250 mm,233700_,"1,128",20,0.29%,0.21%,"1,407",23,0.26%,0.17%,46.84%,15.38%,7,0,0.62%,0.00%,"304,15 €","0,00 €",7,0
B0F54LTCFF,B006LMX2HO,"Arcos Cuchillo Rebanar/Jamón Acero Inoxidable Nitrum 11""",282004_,454,13,0.12%,0.14%,553,15,0.10%,0.11%,28.49%,33.33%,7,0,1.54%,0.00%,"124,25 €","0,00 €",7,0
B009KKK16Y,B009KKK16Y,"HENDI Pasta-gel combustible para Fondue, 3 unidades, para el quemador de alcohol para Fondue de HENDI 111420, tiempo de combustión de aproximadamente 2 horas, quemador de Fondue, 80 gr",H190036,125,2,0.03%,0.02%,170,3,0.03%,0.02%,83.44%,100.00%,9,0,7.20%,0.00%,"90,25 €","0,00 €",7,0
B06XB92VRH,B00YU2ZWGG,CUPERINOX Cafetera Italiana Induccion Espresso Acero Inoxidable 10 Tazas,25034,133,2,0.03%,0.02%,179,2,0.03%,0.01%,97.55%,50.00%,7,0,5.26%,0.00%,"139,93 €","0,00 €",7,0
B0189HXS8Q,B017DLLIUO,Arcos Navaja Profesional Acero Inoxidable 85 mm,485929,721,13,0.19%,0.14%,998,18,0.18%,0.13%,87.53%,76.92%,12,0,1.66%,0.00%,"90,73 €","0,00 €",7,0
B0C4DTYRJW,B071LGMMGV,Arcos Juego Cuchillos Cocina Profesionales| Cuchillos Cocina Profesional Set Cuchillos | Mango Negro (3 Piezas),862600_,814,17,0.21%,0.18%,"1,154",20,0.21%,0.15%,98.95%,100.00%,7,0,0.86%,0.00%,"280,59 €","0,00 €",7,0
B078KJ1T6G,B078JPWR5J,"Arcos 807600 Juego de Cuchillos, Acero Inoxidable, Blanco, 45x20x5 cm, 3 Unidades",807600_,446,16,0.12%,0.17%,540,20,0.10%,0.15%,96.82%,100.00%,7,1,1.57%,6.25%,"484,93 €","64,99 €",7,1
B0792XNYCY,B0792XNYCY,VINFER Detergente alcalino clorado Wins 022. Botella de 5 litros. Limpieza e higiene para Todo Tipo de Superficies,WINS022,81,6,0.02%,0.06%,106,6,0.02%,0.04%,50.00%,50.00%,7,2,8.64%,33.33%,"81,75 €","23,88 €",7,2
B0DK3CM34K,B07CBLHKLN,"HENDI Cartuchos de recarga de gas GLP para HENDI Cabezales de antorchas de cocina de llama continua 198247 y 198216, recambios para soplete, paquete de 4 unidades",H199039,65,6,0.02%,0.06%,83,9,0.02%,0.07%,98.59%,100.00%,7,2,10.77%,33.33%,"105,11 €","29,91 €",7,2
B08G8QHY23,B08G8QHY23,Arcos | cuchillos chuleteros cuchillo madera cuchillo chuletero | 6 Piezas | juego cuchillos carne | cuchillos mango madera | Envase Eco | Fabricado en España,809300,345,7,0.09%,0.08%,485,8,0.09%,0.06%,100.00%,100.00%,7,0,2.03%,0.00%,"167,93 €","0,00 €",7,0
B08M9QRSW8,B08M9QRSW8,Arcos | Juego Cuchillos cuchillos mesa | 6 Uds | cuchillo fruta | cuchillo postre | Hoja 110 mm | Acero Inoxidable Martensítico | Mango Nylon | apto lavavajillas | Envase Ecológico,703600_barras_arcos,76,0,0.02%,0.00%,106,0,0.02%,0.00%,100.00%,0.00%,8,2,10.53%,0.00%,"79,92 €","19,98 €",7,1
B08PFX1GT8,B08PFX1GT8,WINS – Fregasuelos Magnolia 017 |Friegasuelos Limpiador Neutro para Suelos y Superficies | Garrafa 5L | Aroma Magnolia Suave y Duradero | Uso Diario Profesional | 100% Made in Spain,WINS017,46,0,0.01%,0.00%,61,0,0.01%,0.00%,100.00%,0.00%,8,2,17.39%,0.00%,"83,92 €","20,98 €",7,1
B098BLF7X6,B098BLF7X6,"Tradineur - Grasera metálica para pescado con filtro, aceitera con colador para conservación de aceite de acero inoxidable, recipiente para colar aceites - Ø 9 cm",22106_us,73,1,0.02%,0.01%,95,1,0.02%,0.01%,98.88%,0.00%,7,1,9.59%,100.00%,"52,43 €","7,49 €",7,1
B0CQ5G2HVQ,B09T9PKHHR,"Arcos Sarten Antiadherente 18 cm - Aluminio Forjado, Mango Acero Inoxidable Efecto Frío, Apta para Inducción y Lavavajillas, Sistema Ahorro Energético, Serie Samoa Basic",716010,122,4,0.03%,0.04%,171,5,0.03%,0.04%,72.34%,100.00%,7,0,5.74%,0.00%,"183,75 €","0,00 €",7,0
B0DNBTJMLJ,B09ZHZDJRJ,FAMILIA VINCARE (DETERGENTE BIBERONES),DETERGENTE BIBERONES 500ML,93,1,0.02%,0.01%,121,1,0.02%,0.01%,69.23%,0.00%,7,0,7.53%,0.00%,"55,93 €","0,00 €",7,0
B0CQ5G2HVQ,B0BRNJF5D2,Arcos Serie Samoa | Lote de Sartenes 20 y 24 cm | Aluminio Forjado | Full Induction | Mango Acero Inoxidable Efecto Frio | Sistema ahorro energético | Apta lavavajillas | Color Negro,717810,609,3,0.16%,0.03%,772,3,0.14%,0.02%,92.74%,100.00%,7,0,1.15%,0.00%,"419,65 €","0,00 €",7,0
B0C5X757TS,B0C5X757TS,Arcos Serie Lisboa - Cubertería de 24 piezas en Caja de Regalo (6 Cuchillos + 12 Cucharas + 6 Tenedores) - Monoblock de una pieza en Acero Inoxidable - Color Plata,597400,135,4,0.04%,0.04%,229,5,0.04%,0.04%,98.40%,100.00%,9,1,6.67%,25.00%,"799,91 €","87,99 €",7,1
B0G6M1C8V6,B0D4WK78XV,CUPERINOX Aceiteras para Aceite Usado | Grasera Acero Inoxidable 550ML con Filtro Metálico | Recipiente para Aceite Usado de Cocina y Grasa | Grasera Cocina Metálica 550ML 2Uds Metálico,22105-22106,"1,204",26,0.31%,0.28%,"1,760",34,0.32%,0.25%,54.80%,70.00%,7,2,0.58%,7.69%,"82,95 €","23,00 €",7,2
B0F9X4NXL3,B0F9KXQKLG,"CUPERINOX Cuchillos Mesa, cuchillo carne, cuchillo mantequilla, Set 24 piezas, acero inoxidable, hoja con filo y sierra, cuchillo untar. Apto lavavajillas. Mango ergonomico",20043_24,99,5,0.03%,0.05%,128,7,0.02%,0.05%,100.00%,100.00%,16,11,16.16%,220.00%,"287,94 €","187,99 €",7,2
B0FDKY2RXG,B0FDKY2RXG,VINCARE Pack Limpieza Infantil – Detergente Biberones + Multiusos + Quitamanchas – Limpieza Segura para el Entorno del Bebé- 100% MADE IN SPAIN,PACK VINCARE,59,0,0.02%,0.00%,83,0,0.02%,0.00%,95.52%,0.00%,8,0,13.56%,0.00%,"120,42 €","0,00 €",7,0
B0DKP7F29P,B0FS7VJ21D,"Arcos Sartén Samoa Inox 26 cm, Acero inoxidable tricapa libre de PFAS",726400,245,4,0.06%,0.04%,292,4,0.05%,0.03%,94.25%,100.00%,7,0,2.86%,0.00%,"300,65 €","0,00 €",7,0
B007093L9G,B007093L9G,"HENDI Pasta combustible, en botella, sin hollín y sin olor, tiempo de combustión ±3 horas, gel combustible, gel bioetanol, para calentar alimentos, para calientaplatos, chafing dish, 1L, 1 unidad",H195109,624,32,0.16%,0.34%,950,51,0.18%,0.38%,0.36%,0.00%,12,0,1.92%,0.00%,"119,88 €","0,00 €",6,0
B08L8QY8T9,B007TS6GPE,"Arcos Juego de Cuchillos de Cocina cuatro piezas. 3 Cuchillos chef y 1 tijeras Acero Inoxidable y mango ergonómico polioximetileno para cortar carne, pescado y verduras. Serie Maitre. Color negro.",152600_fbm,"2,759",60,0.72%,0.64%,"3,736",87,0.69%,0.65%,12.22%,18.52%,6,0,0.22%,0.00%,"227,40 €","0,00 €",6,0
B00CRMZA8Q,B00CRMZA8Q,ARCOS Sacacorchos Eléctrico en ABS con Batería Interna Recargable. Abrebotellas Eléctrico Moderno y Elegante con Cortacápsulas y Luz Indicadora. Color Negro,604600_,634,9,0.17%,0.10%,912,20,0.17%,0.15%,21.56%,53.85%,14,8,2.21%,88.89%,"601,86 €","343,92 €",6,1
B0752V8D5V,B00I9XTGJ6,ARCOS Taco Redondo Protector de Cuchillos Caucho Termoplástico 225 mm,794000,154,2,0.04%,0.02%,243,2,0.04%,0.01%,34.50%,50.00%,6,1,3.90%,50.00%,"149,94 €","24,99 €",6,1
B00J3ZVN54,B00J3ZVN54,ARCOS Cucharas de Mesa Acero Inoxidable 200 mm,574600_,429,16,0.11%,0.17%,615,21,0.11%,0.16%,17.64%,0.00%,9,0,2.10%,0.00%,"80,91 €","0,00 €",6,0
B0189HXOXK,B017DLLFI4,Arcos Serie Navajas Profesionales - Navaja Profesional - Hoja Filo de Acero Inoxidable NITRUM de 85 mm - Navaja de Acero Inoxidable Color naranja,485329_fbm,194,2,0.05%,0.02%,255,2,0.05%,0.01%,96.20%,100.00%,6,0,3.09%,0.00%,"44,22 €","0,00 €",6,0
B0FWM351K4,B01N4WDTRY,CUPERINOX® Couture Series - Tijera Costura Profesional 15 cm | Acero Inoxidable Resistente | Corte Preciso para Telas y Manualidades | Uso Doméstico y Profesional,21962,70,2,0.02%,0.02%,104,2,0.02%,0.01%,88.42%,100.00%,6,0,8.57%,0.00%,"50,94 €","0,00 €",6,0
B088L4V9XQ,B07D2T8LLY,"HENDI Placa eutéctica de frío profesional, GN 1/1, para cajas térmicas, elemento refrigerante, acumulador de frío, bloque térmico, paquete de enfriamiento, placa de hielo, 530x325x(H)30mm, HDPE, azul",H707821,48,7,0.01%,0.08%,69,8,0.01%,0.06%,69.84%,66.67%,10,3,20.83%,42.86%,"301,90 €","90,57 €",6,2
B07DFK4T6L,B07DFK4T6L,"Arcos Cuchillo Deshuesador Profesional - Hoja Silk Edge Acero Inoxidable Nitrum 160 mm, Precisión y Durabilidad, Mango Ergonómico POM Negro, Serie Manhattan",162600_,52,0,0.01%,0.00%,103,0,0.02%,0.00%,49.46%,0.00%,6,0,11.54%,0.00%,"166,50 €","0,00 €",6,0
B0F54LTCFF,B07JJGTQK4,Arcos Conjunto Cuchillos 3 piezas - Acero Inoxidable Nitrum y Hoja mm. Cuchillo cocina profesional cocinar. 590 gr. Mango ergonómico polioximetileno POM. Serie Universal. Mayor control. Color negro.,807410_,335,8,0.09%,0.09%,488,9,0.09%,0.07%,48.88%,33.33%,6,0,1.79%,0.00%,"264,67 €","0,00 €",6,0
B07JWM27F4,B07JWM27F4,Arcos Set Cuchillos Cocina Profesionales Forjados en Acero Inoxidable. Juego de 3 Cuchillos (Pelador 100 mm + Cocinero 150 mm + Cocinero 200 mm). Mango Ergonómico Rosa en Polioximetileno. Riviera Rose,855100,296,8,0.08%,0.09%,458,12,0.08%,0.09%,97.19%,100.00%,6,0,2.03%,0.00%,"436,93 €","0,00 €",6,0
B0FR444FLT,B07N8V5DY8,Arcos Cuchillo trinchar forjado | Cuchillo jamonero Acero Inoxidable. Cuchillo cocina profesional cocinar. Mango micarta y borseda especial y Hoja plateada 300 mm. Serie Brooklyn. Color azul.,192323_,171,4,0.04%,0.04%,233,4,0.04%,0.03%,98.56%,100.00%,6,0,3.51%,0.00%,"282,71 €","0,00 €",6,0
B0FR444FLT,B07N8VRS7L,Arcos Brooklyn Cuchillo Pelador Acero Inoxidable 100 mm,190123_,220,7,0.06%,0.08%,296,7,0.05%,0.05%,42.35%,80.00%,7,2,3.18%,28.57%,"199,43 €","56,98 €",6,1
B0FR444FLT,B07N8W7718,Arcos Cuchillo Chef Forjado Acero Inoxidable Tamaño. Mango Profesional Micarta y BorSeda Especial con Hoja Plateada 250 mm. Impresiona yorprencon Cada Corte. Serie Brooklyn. Color Azul.,190823_,207,7,0.05%,0.08%,277,9,0.05%,0.07%,97.20%,100.00%,6,2,2.90%,28.57%,"317,94 €","105,98 €",6,2
B0F4X5PQYD,B07PRXR5XR,"HENDI Cesta de lavavajillas Profesional para Vasos, Formato Cuadrado, Estructura Abierta para circulación de Agua, 405x405x(H) 150mm, Polipropileno",H871331,120,15,0.03%,0.16%,179,22,0.03%,0.16%,43.59%,41.18%,8,0,6.67%,0.00%,"166,00 €","0,00 €",6,0
B0F54LTCFF,B07ZJ85R7C,Arcos Set de Corte 3 Piezas Acero Inoxidable Nitrum,859300,266,7,0.07%,0.08%,378,18,0.07%,0.13%,60.53%,73.33%,6,0,2.26%,0.00%,"229,50 €","0,00 €",6,0
B08VS4FCLN,B08BX3WTPP,"Arcos Juego Cuchillos Cocina cuchillo blanco cuchillos | cuchillos cocina Maitre | 4 piezas | Chef 215 mm, Cocina 150 mm, Verduras 100 mm Tijera cocina (Blanco)",152624,289,2,0.08%,0.02%,384,4,0.07%,0.03%,99.12%,100.00%,6,0,2.08%,0.00%,"209,94 €","0,00 €",6,0
B08VS4FCLN,B09HBWSBN1,"Arcos Juego Cuchillos Cocina cuchillo blanco cuchillos | cuchillos cocina Maitre | 5 piezas | Chef 215 mm, Cocina 150 mm, Verduras 100 mm Tijera cocina (Negro + Jamonero)",854100,482,10,0.13%,0.11%,613,12,0.11%,0.09%,100.00%,100.00%,6,0,1.24%,0.00%,"299,94 €","0,00 €",6,0
B0CQ5G2HVQ,B09T6KZ499,"Arcos Sarten Antiadherente 32 cm - Aluminio Forjado, Full Induction, Mango Acero Inoxidable Efecto Frío, Apta Lavavajillas, Ahorro Energético, Serie Samoa",716710,220,26,0.06%,0.28%,308,31,0.06%,0.23%,75.85%,100.00%,7,1,3.18%,3.85%,"349,65 €","49,95 €",6,1
B09T9TSXHB,B09T9TSXHB,"Arcos Grill Antiadherente 28x28 cm - Aluminio Forjado, Full Induction, Mango Acero Inoxidable Efecto Frío, Ahorro Energético, Apta Lavavajillas, Serie Samoa",717410,143,3,0.04%,0.03%,220,4,0.04%,0.03%,92.71%,75.00%,6,1,4.20%,33.33%,"267,73 €","45,95 €",6,1
B0BJPYW95J,B0BJPYW95J,Arcos Accesorios - Sacacorchos Manual Abrebotellas Manual - Mango de Aleación de Zinc - Color Negro mate (Incluye cortacápsulas),607500,67,2,0.02%,0.02%,96,5,0.02%,0.04%,98.73%,100.00%,6,1,8.96%,50.00%,"238,20 €","39,70 €",6,1
B0C2QFPLX9,B0C2QFPLX9,FAMILIA VINCARE (MULTIUSOS INDIVIDUAL),MULTIUSOS750ML,87,3,0.02%,0.03%,108,3,0.02%,0.02%,94.06%,100.00%,13,6,14.94%,200.00%,"129,87 €","59,94 €",6,1
B0CVH8PC99,B0CQTKPL63,CUPERINOX Cuchillos Carne | Cuchillos Mesa | Cuchillos Chuleteros | 24 Piezas | Hoja Serrada | Mango Polipropileno | Acero Inoxidable | 11 cm,99923,182,21,0.05%,0.23%,236,25,0.04%,0.19%,100.00%,100.00%,7,1,3.85%,4.76%,"139,93 €","19,99 €",6,1
B0F9TD2LTH,B0CS6V91GR,CUPERINOX® Cuchillos de Mesa con Mango de Madera – Set 6 Cuchillos para Carne con Filo Dentado – Estilo Palmadera tradicional – Aptos para Uso Diario,14015_us,919,25,0.24%,0.27%,"1,274",31,0.23%,0.23%,99.91%,100.00%,7,0,0.76%,0.00%,"128,91 €","0,00 €",6,0
B0DKP7F29P,B0DJBXPR33,Arcos Serie Samoa Iconic | Sarten Antiadherente Cerámico 28 cm | Aluminio Forjado | Apta cualquier cocina | Mango Acero Inoxidable | Apta lavavajillas | Color Negro | LIBRE DE (PFOA/PTFE/PFOS),716522,202,4,0.05%,0.04%,256,4,0.05%,0.03%,96.90%,0.00%,6,0,2.97%,0.00%,"297,16 €","0,00 €",6,0
B0DKP7F29P,B0DJC114YJ,"Arcos Serie Samoa Iconic | Cacerola Antiadherente Cerámico 24 cm y 4,3 L | Aluminio Forjado | Apta cualquier cocina | Mango Acero Inoxidable | Color Beige | LIBRE DE (PFOA/PTFE/PFOS)",717024,561,11,0.15%,0.12%,797,15,0.15%,0.11%,36.89%,25.00%,6,0,1.07%,0.00%,"361,95 €","0,00 €",6,0
B0DPKXM18X,B0DNQXN97X,CUPERINOX Soporte Jamonero Inoxidable | Jamonero Plegable | Jamonero Giratorio | Jamonero Profesional | Cuchillo Jamonero Profesional y Afilador,20250_fbm,683,24,0.18%,0.26%,765,29,0.14%,0.22%,98.89%,100.00%,6,1,0.88%,4.17%,"407,79 €","57,84 €",6,1
B0FT8QFSK3,B0FT8QFSK3,BIOLEAF® – Multiusos + Desengrasante Pack 2×750 ml | Limpieza Hogar y Cocina | Potente Antigrasa y Multiusos Brillo Duradero | Fórmula Biodegradable con Esencia Limón | 100% MADE IN SPAIN,BIOLEAF_3443,"1,196",3,0.31%,0.03%,"1,580",5,0.29%,0.04%,99.33%,100.00%,6,0,0.50%,0.00%,"59,94 €","0,00 €",6,0
B08TWZYBPZ,B0FZC8B2NX,"CUPERINOX - Estuche de Cuchillos Profesionales de Cocina 4 Piezas | Chef 20 cm, Santoku 18 cm, Universal 13 cm y Pelador 9 cm | Acero Inoxidable de Alta Precisión | Mango Ergonómico",19301,"1,172",47,0.31%,0.50%,"1,520",71,0.28%,0.53%,99.93%,100.00%,6,1,0.51%,2.13%,"203,94 €","32,99 €",6,1
B0F54LTCFF,B0044R87I2,Arcos Conjunto Cuchillos 4 piezas (3 Cuchillos + 1 tijeras). Acero Inoxidable y Hoja mm. 1670 gr. Bloque madera pino. Mango ergonómico polioximetileno POM. Serie Universal. Mayor control. Color negro.,285000_us,271,6,0.07%,0.06%,370,11,0.07%,0.08%,78.05%,50.00%,5,0,1.85%,0.00%,"274,95 €","0,00 €",5,0
B0752XP113,B0044R887W,Arcos Juego Cuchillos carne 4 piezas. Paquete Cuchillos bolsillo con borperla para cortar y filetear carne. Hoja y mango Acero Inoxidable monobloque. Serie Mesa.,378400_2,786,20,0.21%,0.21%,"1,245",37,0.23%,0.28%,14.39%,13.04%,9,0,1.15%,0.00%,"188,91 €","0,00 €",5,0
B0F1ZF7H1L,B005LR6E0C,Arcos Cuchillo Cocinero Acero Inoxidable Negro 150 mm,233400_,673,12,0.18%,0.13%,891,21,0.16%,0.16%,10.82%,0.00%,5,1,0.74%,8.33%,"134,95 €","26,99 €",5,1
B007TS6HBM,B007TS6HBM,ARCOS Rallador de Limones Acero Inoxidable 40 mm,612800,107,2,0.03%,0.02%,150,3,0.03%,0.02%,32.79%,66.67%,5,1,4.67%,50.00%,"44,25 €","8,85 €",5,1
B0F54LTCFF,B00BHZPO3K,Arcos Cuchillo para Queso Acero Inoxidable NITRUM 145 mm,281604_fbm,704,14,0.18%,0.15%,"1,007",16,0.19%,0.12%,9.98%,15.38%,5,1,0.71%,7.14%,"103,75 €","20,75 €",5,1
B00D3LCFRE,B00D3LCFRE,Arcos Tijeras Multiusos de Acero Inoxidable 210 mm - Costura y Tejidos - Mango ABS Gris - Serie Deluxe,521000_fbm,67,0,0.02%,0.00%,102,0,0.02%,0.00%,82.02%,0.00%,5,0,7.46%,0.00%,"119,95 €","0,00 €",5,0
B0F54LTCFF,B00J4L7FEU,Arcos Hachuela Macheta de Cocina Acero Inoxidable 160 mm,282404_us,"1,293",38,0.34%,0.41%,"2,124",62,0.39%,0.46%,3.14%,9.76%,5,1,0.39%,2.63%,"118,83 €","19,83 €",5,1
B0F1ZF7H1L,B00J64GEEC,Arcos Riviera Blanc Cuchillo Chef Forjado Acero Inoxidable 250 mm,233724_,163,5,0.04%,0.05%,242,5,0.04%,0.04%,81.74%,0.00%,5,0,3.07%,0.00%,"217,25 €","0,00 €",5,0
B0D1CYZT7H,B00JN2S0UI,HENDI Escurridor de patatas fritas de aluminio - Gris claro - diámetro400x(H)170 mm,H630006,112,12,0.03%,0.13%,157,16,0.03%,0.12%,91.67%,70.00%,5,1,4.46%,8.33%,"147,21 €","29,25 €",5,1
B017DLM9SY,B017DLM9SY,Arcos Serie Toscana - Juego de Cucharas de Mesa (3 cucharas) - Monoblock de una pieza en Acero Inoxidable 18/10 y 180 mm - Color Plata,574400_,132,3,0.03%,0.03%,190,4,0.04%,0.03%,96.69%,100.00%,13,0,9.85%,0.00%,"98,31 €","0,00 €",5,0
B017DLM9V6,B017DLM9V6,"Arcos Tenedores de Postre Acero Inoxidable 18/10, Juego de 3 Piezas, Monoblock 180 mm, Serie Toscana, Ideal para Repostería y Sobremesa, Color Plata",574500_,112,7,0.03%,0.08%,131,9,0.02%,0.07%,97.50%,100.00%,7,3,6.25%,42.86%,"57,75 €","24,75 €",5,3
B0761194MW,B0761194MW,VINFER Wins 020 Desengrasante Concentrado Profesional para la Limpieza de planchas de Cocina y hornos. Botella 5 Lt,WINS020,24,0,0.01%,0.00%,30,0,0.01%,0.00%,92.59%,0.00%,5,0,20.83%,0.00%,"89,95 €","0,00 €",5,0
B07882914Y,B07882914Y,Wins - Limpiador Suelos y Superficies Concentrado Amoniacal Pino 021 - Garrafa 5L,WINS021,48,7,0.01%,0.08%,60,12,0.01%,0.09%,87.72%,100.00%,7,6,14.58%,85.71%,"99,41 €","84,92 €",5,4
B07BZ95N39,B07BZ95N39,"HENDI Pasta combustible para Chafing Dish, 24 x 200 g",H194300,169,14,0.04%,0.15%,229,19,0.04%,0.14%,18.63%,38.46%,8,4,4.73%,28.57%,"324,00 €","162,00 €",5,2
B07G79KCFK,B07G79KCFK,"Arcos Cuchillos de Mesa Caja de 12 uds Cuchillo Chuletero Cuchillo de Mesa, Hoja de Acero Inoxidable NITRUM 105 mm, Mango de Nylon, Color Marrón (12 uds)",803800_,170,4,0.04%,0.04%,251,4,0.05%,0.03%,72.09%,100.00%,5,1,2.94%,25.00%,"199,95 €","39,99 €",5,1
B0FR444FLT,B07N8V34F1,"Arcos Cuchillo Santoku Acero Inoxidable Forjado con Balanceo, Mango Micarta y BorSeda Especial y Hoja Plateada 190 mm. Impresiona yorprencon Cada Corte. Serie Brooklyn. Color Azul.",191623_,285,6,0.07%,0.06%,394,10,0.07%,0.07%,49.04%,62.50%,5,1,1.75%,16.67%,"220,95 €","40,99 €",5,1
B07NDTGSY3,B07NDTGSY3,Arcos Serie Brooklyn - Cuchillo Rocking Santoku Cuchillo Asiático - Hoja de Acero Inoxidable Forjado NITRUM 190 mm - Mango de Micarta Color Azul (Filo Seda),191623_fbm,185,2,0.05%,0.02%,254,2,0.05%,0.01%,90.00%,0.00%,5,0,2.70%,0.00%,"208,75 €","0,00 €",5,0
B089M821V5,B089M821V5,Arcos Cuchillos Carne | 6 pzas | Cuchillos chuleteros Set Cuchillo de Mesa Sierra | Mango Madera | Hoja 110 mm | Cuchillos Carne Mesa | Apto lavavajillas | Envase Carton | Ecologico,815500_,538,16,0.14%,0.17%,744,33,0.14%,0.25%,99.69%,100.00%,5,0,0.93%,0.00%,"149,95 €","0,00 €",5,0
B08VS4FCLN,B08BX3WTPP,"Arcos Juego Cuchillos Cocina cuchillo blanco cuchillos | cuchillos cocina Maitre | 4 piezas | Chef 215 mm, Cocina 150 mm, Verduras 100 mm Tijera cocina (Blanco)",152624_,289,2,0.08%,0.02%,384,4,0.07%,0.03%,99.12%,100.00%,5,1,1.73%,50.00%,"166,91 €","32,98 €",5,1
B08L27XH2W,B08L27XH2W,"HENDI Mochila isotérmica de Transporte y Reparto de Pizzas y Alimentos, Bolsa aislada e Impermeable para la Entrega de Pedidos de Pizza y Comidas, Interior 39x39x(H) 45cm, Negra, 41x41x(H) 48cm",H709801,132,8,0.03%,0.09%,176,9,0.03%,0.07%,60.25%,42.86%,6,0,4.55%,0.00%,"419,70 €","0,00 €",5,0
B08T5Z4HFS,B08QYQYZHS,"CUPERINOX Cubiertos para marisco | Pinzas para marisco | Tenazas para marisco | 12 Unidades | Cubiertos marisco (Cangrejo, Langosta, Ostras) | Tenedor de marisco con dos dientes inferiores y cuchara.",20023_12pzs,48,3,0.01%,0.03%,56,3,0.01%,0.02%,100.00%,100.00%,6,0,12.50%,0.00%,"113,94 €","0,00 €",5,0
B0CQLNJVKL,B08TX24P5L,"Arcos Thera Sartén Antiadherente de 26 Cm para Inducción, Gas y Vitrocerámica. Sartén de Cocina Mediana de Aluminio Fundido con Mango Ergonómico Extraíble y Apta para Lavavajillas. Color Negro y Azul",718400,117,0,0.03%,0.00%,169,0,0.03%,0.00%,87.58%,0.00%,5,0,4.27%,0.00%,"184,75 €","0,00 €",5,0
B0FWM351K4,B09D1V45YK,"CUPERINOX® Couture Series - Tijera Costura Profesional 16,5 cm | Acero Inoxidable Irrompible | Mango Ergonómico Antideslizante | Corte Preciso y Duradero",21951_,74,2,0.02%,0.02%,97,2,0.02%,0.01%,100.00%,0.00%,5,0,6.76%,0.00%,"36,10 €","0,00 €",5,0
B09MRYLZ4M,B09MRYLZ4M,Arcos Juego de Cuchillos de Cocina de 3 Piezas,167100_us,"1,944",29,0.51%,0.31%,"2,539",40,0.47%,0.30%,12.00%,0.00%,5,0,0.26%,0.00%,"344,50 €","0,00 €",5,0
B0CQ5G2HVQ,B09T6G47Z6,"Arcos Sarten Antiadherente 26 cm - Aluminio Forjado, Full Induction, Mango Acero Inoxidable Efecto Frío, Apta Lavavajillas, Ahorro Energético, Serie Samoa",716410,208,6,0.05%,0.06%,285,14,0.05%,0.10%,29.34%,20.00%,5,0,2.40%,0.00%,"193,97 €","0,00 €",5,0
B0CVH8PC99,B0CQTKPL63,CUPERINOX Cuchillos Carne | Cuchillos Mesa | Cuchillos Chuleteros | 24 Piezas | Hoja Serrada | Mango Polipropileno | Acero Inoxidable | 11 cm,99901_24pzs,182,21,0.05%,0.23%,236,25,0.04%,0.19%,100.00%,100.00%,9,3,4.95%,14.29%,"170,31 €","50,37 €",5,3
B0G6M1C8V6,B0D4WK78XV,CUPERINOX Aceiteras para Aceite Usado | Grasera Acero Inoxidable 550ML con Filtro Metálico | Recipiente para Aceite Usado de Cocina y Grasa | Grasera Cocina Metálica 550ML 2Uds Metálico,22105y22106,"1,204",26,0.31%,0.28%,"1,760",34,0.32%,0.25%,54.80%,70.00%,6,0,0.50%,0.00%,"71,94 €","0,00 €",5,0
B0D73CM824,B0D73CM824,"Arcos Cuchillo Mesa | Cuchillo Chuletero | Cuchillo Carne| Cuchillo de Mesa | Pack 12 Unidades| Hoja de Acero Inoxidable115 mm, Mango de Polipropileno Color Negro",740000,674,8,0.18%,0.09%,935,8,0.17%,0.06%,99.88%,100.00%,5,0,0.74%,0.00%,"154,95 €","0,00 €",5,0
B0F9X4NXL3,B0F9KW1V3K,"Cuchillos Mesa, cuchillo carne, cuchillo mantequilla, Set 12 piezas, acero inoxidable, hoja con filo y sierra, cuchillo untar. Apto lavavajillas. Mango ergonomico",20043--12,498,16,0.13%,0.17%,703,19,0.13%,0.14%,100.00%,100.00%,5,0,1.00%,0.00%,"57,87 €","0,00 €",5,0
B0FT8NLHQ3,B0FT8NLHQ3,BIOLEAF® – Multiusos + Limpiacristales Pack 2×750 ml | Limpieza Total Hogar | Brillo Duradero en Superficies y Cristales Sin Huellas | Fórmula Biodegradable | Dermatológicamente Testado,BIOLEAF_3450,379,0,0.10%,0.00%,490,0,0.09%,0.00%,99.33%,0.00%,5,0,1.32%,0.00%,"49,86 €","0,00 €",5,0
B0G3ZJ89NB,B0FZD7ZY1W,CUPERINOX Cuchillo Jamonero Profesional 25 cm – Hoja Alveolada de Acero Inoxidable Antideslizante con Mango Ergonómico – Corte Preciso y Fino para Jamón y Paletilla| Maestros del Corte,19303f,166,2,0.04%,0.02%,219,2,0.04%,0.01%,97.96%,100.00%,5,0,3.01%,0.00%,"99,95 €","0,00 €",5,0
B0G4SGJSBJ,B0G216DHWY,"BIOLEAF-Desincrustante Baño Antical Pack 2×750 ml (1,5 L) Elimina Cal, Marcas de Agua y Jabón – Ducha, Grifería, Azulejos y Mamparas - Limpieza Intensiva – Formato Ahorro – Sin Disruptores Endocrinos",2675,89,1,0.02%,0.01%,106,1,0.02%,0.01%,100.00%,0.00%,6,0,6.74%,0.00%,"53,94 €","0,00 €",5,0
B0G4S268RT,B0G21WYQYN,BIOLEAF– Lavavajillas Pack 4×750 ml (3 L) | Alta Eficacia contra Grasa Difícil | Vajilla Brillante y Sin Residuos | Biodegradable y Dermatológicamente Testado,3467,162,2,0.04%,0.02%,203,3,0.04%,0.02%,98.98%,0.00%,5,0,3.09%,0.00%,"98,95 €","0,00 €",5,0
B0G2CSJD3L,B0G2CSJD3L,Ambientador Floral superconcentrado. 5 Litros con solo 250 ml. Ahorro total,WC010,96,4,0.03%,0.04%,111,5,0.02%,0.04%,98.10%,100.00%,5,2,5.21%,50.00%,"63,95 €","24,98 €",5,2
B017HKG9PK,B0044R87ZU,Arcos Cuchillo Cocina Acero Inoxidable Nitrum y Hoja 180 mm. Cuchillo Utilidad Profesional. Mango ergonómico polioximetileno Pom. Serie Maitre. Color Negro.,150800_fbm,415,7,0.11%,0.08%,513,7,0.09%,0.05%,13.54%,0.00%,4,0,0.96%,0.00%,"53,00 €","0,00 €",4,0
B096SHJ82T,B0044R8868,Arcos Juego de 12 Cubiertos para Mesa. Set de 6 Cuchillos Chuleteros y 6 Tenedores en Madera de Haya y Acero Inoxidable. Estuche para Carne. Serie Mesa. Color Marrón,377700_fbm,714,25,0.19%,0.27%,975,32,0.18%,0.24%,19.55%,25.00%,6,2,0.84%,8.00%,"281,94 €","93,98 €",4,1
B0F54LTCFF,B006LMX2EW,Arcos Universal Cuchillo Jamonero Acero Hoja Hueca Negro 280 mm,281901_,965,22,0.25%,0.24%,"1,325",29,0.24%,0.22%,8.69%,20.00%,4,0,0.41%,0.00%,"93,96 €","0,00 €",4,0
B00KISSXY4,B00KISSXY4,"HENDI Bandeja de Servicio AmerBox, Grande, Rectangular, Multiusos, Bandeja para Servir Comida rápida, Bebidas, Fast Food, Bandeja de Cocina, 350x450x(H) 20mm, Gris, Polipropileno",H878804,38,1,0.01%,0.01%,56,1,0.01%,0.01%,86.00%,100.00%,6,0,15.79%,0.00%,"59,94 €","0,00 €",4,0
B06XB92VRH,B00YU2ZS1A,CUPERINOX Cafetera Italiana Induccion Espresso Acero Inoxidable 6 Tazas,25033,42,2,0.01%,0.02%,52,2,0.01%,0.01%,84.21%,50.00%,4,0,9.52%,0.00%,"71,60 €","0,00 €",4,0
B015HG9B3I,B015HG9B3I,"HENDI Sopera con tapa y cucharón, recipiente para servir sopas y salsas, 2,7L, ⌀270x(H) 175mm, acero inoxidable",H434208,255,9,0.07%,0.10%,446,12,0.08%,0.09%,34.20%,0.00%,6,0,2.35%,0.00%,"191,94 €","0,00 €",4,0
B017DLH9RA,B017DLH9RA,ARCOS Cuchillo Abre Ostras Acero Inoxidable 60 mm,227200_us,101,1,0.03%,0.01%,131,1,0.02%,0.01%,98.33%,100.00%,4,1,3.96%,100.00%,"31,96 €","7,99 €",4,1
B0189HXOXK,B017DLLFIO,Arcos Navaja Acero Inoxidable 85 mm,485300_fmb,120,2,0.03%,0.02%,160,7,0.03%,0.05%,34.42%,100.00%,15,12,12.50%,600.00%,"76,35 €","53,88 €",4,1
B086X1XQXD,B06Y2B85HT,"HENDI Expositor con cubierta deslizante roll-top, Simple",H871706,110,16,0.03%,0.17%,170,24,0.03%,0.18%,48.72%,8.70%,4,0,3.64%,0.00%,"179,96 €","0,00 €",4,0
B0F1N351DY,B072FHSBJR,Arcos Nova Set 3 Cuchillos Peladores Acero Verde,189621,168,3,0.04%,0.03%,195,5,0.04%,0.04%,92.31%,40.00%,4,0,2.38%,0.00%,"41,96 €","0,00 €",4,0
B0788P3W3W,B0788P3W3W,WINS – Abrillantador Máquinas Lavavajillas Profesional 013 | Garrafa 5 L | Secado Rápido y Brillo sin Marcas en Vajilla | Uso Profesional | 100% Made in Spain,WINS013_5L,23,5,0.01%,0.05%,32,7,0.01%,0.05%,58.06%,100.00%,4,1,17.39%,20.00%,"65,67 €","16,39 €",4,1
B0788R5C2F,B0788R5C2F,Wins 019 Desincrustante Máquinas. Envase 5 L. Producto ácido para la eliminación de incrustaciones de cal y óxido en máquinas lavavajillas.,BM-7KH8-TWCU,65,4,0.02%,0.04%,93,8,0.02%,0.06%,100.00%,100.00%,4,1,6.15%,25.00%,"79,00 €","19,75 €",4,1
B0FR444FLT,B07D8XC7NL,"Arcos Cuchillo Chef Forjado Acero Inoxidable NITRUM - Profesional Cocina, Mango Ergonómico POM Negro, Hoja Silk Edge 250 mm, Serie Manhattan",160800_,148,3,0.04%,0.03%,207,3,0.04%,0.02%,98.32%,100.00%,4,0,2.70%,0.00%,"179,96 €","0,00 €",4,0
B085SNLR5G,B07DC4H82X,"HENDI Bandeja de Servicio, Redonda, Recubrimiento Antideslizante, Multiusos, para buffets, Bandeja de Cocina para Servir Comida rápida, Bebidas, Fast Food, ⌀280x(H) 20mm, Polipropileno, Negro",H878125,111,2,0.03%,0.02%,159,3,0.03%,0.02%,96.10%,100.00%,4,1,3.60%,50.00%,"39,96 €","9,99 €",4,1
B07F6C8L9T,B07F6C8L9T,ARCOS Sacacorchos Eléctrico ABS Batería Recargable Plata,604900_,182,5,0.05%,0.05%,281,6,0.05%,0.04%,58.75%,50.00%,5,0,2.75%,0.00%,"219,95 €","0,00 €",4,0
B0B3F4QXML,B07HY6FKNQ,Arcos Serie Clasica - Juego de Cuchillos de 7 piezas en Caja de Regalo (5 Cuchillos + 1 Tijeras + 1 Chaira) - Hoja de Acero Inoxidable Forjado NITRUM - Mango de Polioximetileno (POM) - Color marrón,854400_2,262,8,0.07%,0.09%,407,14,0.08%,0.10%,99.43%,100.00%,4,0,1.53%,0.00%,"599,96 €","0,00 €",4,0
B0F1ZF7H1L,B07JWG12BV,Arcos Riviera Set 3 Cuchillos Forjados Acero Inoxidable Nitrum,807710_,346,3,0.09%,0.03%,420,6,0.08%,0.04%,93.79%,0.00%,4,0,1.16%,0.00%,"279,96 €","0,00 €",4,0
B07LD4MBMK,B07LD4MBMK,"HENDI Cubitera para Hielo, hielera, Recipiente para almacenar Cubitos de Hielo, BarUp, de Doble Pared, 10L, ø292x(h) 220mm, poliestireno, Blanco y Negro",H594759,53,7,0.01%,0.08%,105,16,0.02%,0.12%,66.30%,26.67%,5,3,9.43%,42.86%,"197,48 €","118,48 €",4,2
B09FQ5SZK8,B08MTWC7RD,Arcos Cuchillo Cocinero Acero Inoxidable Nitrum 210 mm,166800_fbm,457,11,0.12%,0.12%,668,16,0.12%,0.12%,46.42%,9.09%,4,0,0.88%,0.00%,"119,96 €","0,00 €",4,0
B08T5Z4HFS,B08QYV8C1P,"CUPERINOX Cubiertos para marisco | Pinzas para marisco | Tenazas para marisco | 6 Unidades | Cubiertos marisco (Cangrejo, Langosta, Ostras) | Tenedor de marisco con dos dientes inferiores y cuchara.",20023_6pzas,69,6,0.02%,0.06%,90,7,0.02%,0.05%,97.53%,100.00%,4,1,5.80%,16.67%,"52,18 €","12,99 €",4,1
B0CQLNJVKL,B08TWZWRLW,"Arcos Thera Sartén Antiadherente de 24 Cm para Inducción, Gas y Vitrocerámica. Sartén de Cocina Mediana de Aluminio Fundido con Mango Ergonómico Extraíble y Apta para Lavavajillas. Color Negro y Azul",718300,123,0,0.03%,0.00%,171,0,0.03%,0.00%,63.24%,0.00%,4,0,3.25%,0.00%,"132,80 €","0,00 €",4,0
B08Y8NS7PN,B08XZ8X815,"Arcos serie Maitre - juego de Cuchillos, 2 Pza, Cuchillo Cocina Profesional 150mm + Cuchillo universal 100mm, Acero Inoxidable, Rosa, Eco",814600_fmb,82,2,0.02%,0.02%,95,2,0.02%,0.01%,97.73%,100.00%,4,0,4.88%,0.00%,"70,14 €","0,00 €",4,0
B09MSDJQJ1,B09MM5CH6C,Arcos jamonero profesional alveolos | incluye pinza para jamón | cuchillo jamonero cuchillo jamonero alveolos cuchillos profesional| Acero Inoxidable Nitrum 240 mm,856200FBM,126,2,0.03%,0.02%,172,3,0.03%,0.02%,100.00%,100.00%,4,0,3.17%,0.00%,"119,96 €","0,00 €",4,0
B0G3ZJ89NB,B09NRLLDC6,CUPERINOX Cuchillo Jamonero + Chaira + Funda Cubre Jamón | Jamonero 240mm acero inoxidable| Afilador Chaira | Funda cubre jamón,20220f,227,4,0.06%,0.04%,324,5,0.06%,0.04%,99.04%,100.00%,4,0,1.76%,0.00%,"39,96 €","0,00 €",4,0
B0CRDY65RY,B09T9QCL8D,"Arcos Cazuela Antiadherente de 24 cm y 4,3 L | Aluminio Forjado | Adecuada para cualquier cocina | Mangos de Acero Inoxidable con Efecto Frío | Color Negro | Inducción completa. Serie Ollas Samoa",717010,273,3,0.07%,0.03%,365,3,0.07%,0.02%,52.06%,100.00%,4,0,1.47%,0.00%,"195,80 €","0,00 €",4,0
B0CRDWK8V7,B09T9QY59F,"Arcos Samoa Cazo Antiadherente Aluminio Forjado 20 cm 2,6 L",717310,111,2,0.03%,0.02%,135,2,0.02%,0.01%,83.33%,100.00%,4,0,3.60%,0.00%,"151,80 €","0,00 €",4,0
B08VRP7CR7,B09XMVTWLT,Arcos Juego Cuchillos Carne | 6 Piezas | Cuchillos Carne Cuchillo chuleteros | Cubiertos Acero Inoxidable | Hoja 110 mm | Mango Redondo y Forma Ovalada | monobock | Caja Envase Ecológico (Filo Liso),830000,168,10,0.04%,0.11%,297,11,0.05%,0.08%,100.00%,100.00%,4,0,2.38%,0.00%,"131,96 €","0,00 €",4,0
B0B2RHJYHB,B0B2RHJYHB,"HENDI Cesta para Freír, 8L, 242x200x(H)140mm",H933664,24,5,0.01%,0.05%,38,10,0.01%,0.07%,100.00%,100.00%,9,8,37.50%,160.00%,"341,91 €","303,92 €",4,3
B0FWK4CNH3,B0B42QTHTP,CUPERINOX | Tijeras de pescado 18 cm | Tijeras Cocina | tijeras de cocinero profesional para aves pescado carne caza| Accesorios de cocina,21991_,40,4,0.01%,0.04%,71,7,0.01%,0.05%,100.00%,100.00%,5,2,12.50%,50.00%,"31,25 €","12,50 €",4,1
B0BRSYXXRN,B0BRSYXXRN,"HENDI Cesta para Freír, 10L, 280x210x(H)140mm",H961247,94,13,0.02%,0.14%,157,25,0.03%,0.19%,82.48%,73.68%,4,3,4.26%,23.08%,"167,96 €","125,97 €",4,3
B0CTKV6X91,B0CTKV6X91,"HENDI Juego de 6 tablas de cortar HACCP con soporte, lisas, 6 colores diferentes, 6 piezas, 450x300x(H)10mm, polietileno, polipropileno",H825686,91,9,0.02%,0.10%,141,17,0.03%,0.13%,58.40%,72.73%,5,0,5.49%,0.00%,"323,70 €","0,00 €",4,0
B0CZXS1ZHN,B0CZXS1ZHN,"HENDI Olla de hierro fundido con 3 patas, caldero tipo potjie sudafricano, con tapa y asa, para fuego abierto y horno, 6L, ⌀245x(H)280mm",H629291,597,15,0.16%,0.16%,886,32,0.16%,0.24%,62.02%,46.67%,4,0,0.67%,0.00%,"239,99 €","0,00 €",4,0
B0DPKXM18X,B0DNQX2BZN,"CUPERINOX Soporte Jamonero Plegable | Jamonero Giratorio | Jamonero de Bambú con Cuchillo Profesional, Afilador y Funda para Jamón | Elite Collection",20270_,974,27,0.25%,0.29%,"1,125",27,0.21%,0.20%,99.17%,100.00%,4,0,0.41%,0.00%,"199,96 €","0,00 €",4,0
B0DPLG5V7Q,B0DPJBBJC4,"CUPERINOX® Tazas de Café Espresso de Cristal – Set 2 80ml- Aptas para lavavajillas- Resistentes al Calor – Tazas Bonitas de Café, Té Originales y Elegantes – Aroma Series",26120_,195,4,0.05%,0.04%,298,4,0.05%,0.03%,99.26%,66.67%,4,0,2.05%,0.00%,"45,96 €","0,00 €",4,0
B0DPLG5V7Q,B0DPJDWB77,CUPERINOX Tazas de Capuccino de Cristal - Vaso cafe - Vaso Cristal - 200ml (Set de 2) - Apto para Lavavajillas y Microondas - Aroma Series,26121_,60,1,0.02%,0.01%,69,1,0.01%,0.01%,100.00%,100.00%,7,0,11.67%,0.00%,"87,93 €","0,00 €",4,0
B0DVT6KPDV,B0DT75PQN7,"CUPERINOX Kit Cocina Montessori | Cuchillos Niños Aprendizaje +2 Años | Set Completo de Cuchillos Infantiles de 17 Piezas | Incluye Tijeras, Moldes, Batidor, Tabla y Cuchillo Seguro",27017,267,1,0.07%,0.01%,363,1,0.07%,0.01%,100.00%,0.00%,4,0,1.50%,0.00%,"79,96 €","0,00 €",4,0
B0F9X4NXL3,B0F9KXQKLG,"CUPERINOX Cuchillos Mesa, cuchillo carne, cuchillo mantequilla, Set 24 piezas, acero inoxidable, hoja con filo y sierra, cuchillo untar. Apto lavavajillas. Mango ergonomico",20043-24,99,5,0.03%,0.05%,128,7,0.02%,0.05%,100.00%,100.00%,5,0,5.05%,0.00%,"99,95 €","0,00 €",4,0
B0DKP7F29P,B0FS7XZKVF,"Arcos Sartén Samoa Inox 20 cm, Acero inoxidable tricapa sin PFAS",726100,101,2,0.03%,0.02%,140,2,0.03%,0.01%,95.97%,50.00%,4,0,3.96%,0.00%,"135,80 €","0,00 €",4,0
B0G65J8F3L,B0G21CXVCW,"BIOLEAF – Limpiador Multiusos Pack 2×750 ml (1,5 L) – Limpiador Hogar Cocina y Baño – Antipolvo y Acabado Sin Marcas – Alta Eficacia – Biodegradable – Sin Disruptores Endocrinos",2668,107,2,0.03%,0.02%,125,2,0.02%,0.01%,100.00%,100.00%,4,0,3.74%,0.00%,"35,96 €","0,00 €",4,0
B017HKG9PK,B0044R87W8,"Arcos Cuchillo Santoku Acero Inoxidable Nitrum. Cuchillo Cocina japonés Pescado, Carne y Verduras. Mango ergonómico polioximetileno Pom y Hoja 170 mm. Multiusos. Serie Maitre. Color Negro.",151600_fba,409,6,0.11%,0.06%,514,9,0.09%,0.07%,41.15%,33.33%,3,0,0.73%,0.00%,"56,25 €","0,00 €",3,0
B00509DM8S,B00509DM8S,HENDI Baño María Eléctrico GN 1/1,H238905,115,30,0.03%,0.32%,172,47,0.03%,0.35%,50.69%,8.33%,3,0,2.61%,0.00%,"413,25 €","0,00 €",3,0
B0F1ZF7H1L,B005LR6C7C,Arcos Cuchillo Cocina Acero Inoxidable Negro 180 mm,233500,"1,565",41,0.41%,0.44%,"2,105",45,0.39%,0.33%,12.48%,8.70%,3,0,0.19%,0.00%,"104,97 €","0,00 €",3,0
B0BMQ3CMJD,B005LR73D4,Arcos Serie Niza - Set Jamoneri - Cuchillo Jamonero + Chaira - Hoja de Acero Inoxidable NITRUM de 240 mm - Mangos fabricados en Polipropileno (PP) Color Negro,136700_fbm,206,4,0.05%,0.04%,299,7,0.06%,0.05%,8.92%,0.00%,3,0,1.46%,0.00%,"44,97 €","0,00 €",3,0
B0891RBKPX,B007TS6HCQ,ARCOS Pelador de Patatas y Verduras Profesional Acero Inoxidable 60 mm,612100,60,2,0.02%,0.02%,87,2,0.02%,0.01%,100.00%,100.00%,3,0,5.00%,0.00%,"25,47 €","0,00 €",3,0
B07BDT9G74,B008U6T624,Arcos Clásica Cuchillo Deshuesador Forjado Acero Inoxidable Nitrum 140 mm,256200_fbm,15,2,0.00%,0.02%,18,2,0.00%,0.01%,100.00%,100.00%,3,0,20.00%,0.00%,"59,97 €","0,00 €",3,0
B0F1ZF7H1L,B00BHZPKEI,Arcos Cuchillo Blanco 100 mm,230224_,260,6,0.07%,0.06%,348,7,0.06%,0.05%,23.44%,0.00%,3,0,1.15%,0.00%,"59,97 €","0,00 €",3,0
B017HKSTCQ,B00CFN1M6Q,ARCOS Tijeras de Cocina Multiusos 200 mm,809700_FBA,"2,421",86,0.63%,0.92%,"3,490",116,0.64%,0.86%,1.04%,4.71%,4,3,0.17%,3.49%,"47,96 €","35,97 €",3,2
B08M7BMR2S,B00I9XTLSC,ARCOS Afilador Profesional Manual Cerámica y Carbono Rojo-Negro,610600,"4,057",93,1.06%,1.00%,"5,869",137,1.08%,1.02%,8.77%,3.66%,3,0,0.07%,0.00%,"38,73 €","0,00 €",3,0
B017HKRIGE,B00I9XTOT8,"ARCOS Tabla Cortar Fibra Resina y Celulosa 13""",691610,318,3,0.08%,0.03%,432,6,0.08%,0.04%,16.67%,50.00%,3,1,0.94%,33.33%,"59,33 €","17,35 €",3,1
B017HKRLMK,B00I9XTPTW,"ARCOS Tabla de Cortar Fibra de Celulosa y Resina 37,7x27,7cm",691710,165,1,0.04%,0.01%,211,1,0.04%,0.01%,25.67%,100.00%,3,1,1.82%,100.00%,"73,46 €","21,48 €",3,1
B00J3ZVMCS,B00J3ZVMCS,Arcos Serie Toscana - Juego de Cucharas para Café (6 cucharas) - Monoblock de una pieza en Acero Inoxidable 18/10 y 140 mm - Color Plata,574200,895,24,0.23%,0.26%,"1,310",33,0.24%,0.25%,2.17%,0.00%,3,0,0.34%,0.00%,"29,97 €","0,00 €",3,0
B0752X4WZ6,B00TA4O5YO,ARCOS Pinzas para Emplatar Acero Inoxidable 300 mm,606200,"1,512",31,0.40%,0.33%,"1,961",36,0.36%,0.27%,1.26%,0.00%,3,0,0.20%,0.00%,"34,47 €","0,00 €",3,0
B0F1ZF7H1L,B017DLFYYK,Arcos Cuchillo Queso Acero Inoxidable Blanco 145 mm,232824_,631,23,0.16%,0.25%,693,24,0.13%,0.18%,60.64%,52.94%,3,0,0.48%,0.00%,"113,97 €","0,00 €",3,0
B0F1ZF7H1L,B017DLG3AE,Arcos Cuchillo de Cocina Acero Inoxidable 140 mm,233224_,176,1,0.05%,0.01%,221,1,0.04%,0.01%,74.13%,100.00%,3,0,1.70%,0.00%,"83,97 €","0,00 €",3,0
B0189HXQKQ,B017DLLFES,"Arcos Navaja Profesional de Acero Inoxidable Nitrum, Hoja 85 mm, Mango de Polipropileno, Serie Navajas Profesionales, Alta Durabilidad y Rendimiento",485700_fba,426,11,0.11%,0.12%,580,14,0.11%,0.10%,77.93%,100.00%,4,0,0.94%,0.00%,"29,96 €","0,00 €",3,0
B0189HXTQ2,B017DLMQOG,"Arcos Tablas - Tabla de Cocina Antibacteriana para Cortar, Resistente al Lavavajillas, Fibra de Celulosa y Resina, 33x23 cm, Alta Resistencia al Calor, Negro",692110,331,6,0.09%,0.06%,443,9,0.08%,0.07%,27.04%,60.00%,3,1,0.91%,16.67%,"68,97 €","22,99 €",3,1
B017DMTEIG,B017DMTEIG,Arcos Utensilios Profesionales - Sierra de Carnicero - Hoja de Acero Inoxidable 430 mm - Mango de Polipropileno Color Negro,791800,108,11,0.03%,0.12%,149,14,0.03%,0.10%,32.00%,46.15%,3,2,2.78%,18.18%,"188,70 €","125,80 €",3,2
B0CKX4YV2W,B01BNH5B5M,"HENDI Expositor buffet frío UNIQ 2 pisos, Negro",H871812,94,11,0.02%,0.12%,152,14,0.03%,0.10%,7.58%,100.00%,3,2,3.19%,18.18%,"434,85 €","289,90 €",3,2
B071LGMGHG,B071LGMGHG,Arcos Tijeras de Manicura Rectas de Acero Forjado 102 mm - Uso Profesional y Doméstico - Niqueladas Plata - Serie Style,501100,36,1,0.01%,0.01%,49,1,0.01%,0.01%,95.74%,0.00%,3,0,8.33%,0.00%,"29,97 €","0,00 €",3,0
B0788NF7BS,B0788NF7BS,WINS – Lavavajillas Manual 003 | Garrafa 5 L | Detergente Concentrado para Lavado Manual de Vajilla y Utensilios de Cocina | Uso Profesional y Doméstico | 100% Made in Spain,WINS003,52,10,0.01%,0.11%,73,19,0.01%,0.14%,45.59%,73.68%,6,6,11.54%,60.00%,"82,99 €","82,99 €",3,3
B07D5FFJ36,B07D5FFJ36,"HENDI Bandeja de Servicio Ovalada XL, Superficie Antideslizante, 735x600x(H) 31mm, Negro, Fibra de Vidrio y Goma",H508831,50,1,0.01%,0.01%,67,2,0.01%,0.01%,58.62%,0.00%,3,2,6.00%,200.00%,"149,97 €","99,98 €",3,2
B07G75VRY2,B07G75VRY2,"Arcos Serie Cuchillos de Mesa Caja 12 uds Cuchillo Chuletero, Hoja Serrada de Acero Inoxidable de 110 mm, Cuchillo Monoblock Acero Inoxidable Color plata (12 UDS)",375800_(809900x2),57,1,0.01%,0.01%,87,2,0.02%,0.01%,79.22%,100.00%,3,0,5.26%,0.00%,"173,97 €","0,00 €",3,0
B07JWM27F4,B07JWM27F4,Arcos Set Cuchillos Cocina Profesionales Forjados en Acero Inoxidable. Juego de 3 Cuchillos (Pelador 100 mm + Cocinero 150 mm + Cocinero 200 mm). Mango Ergonómico Rosa en Polioximetileno. Riviera Rose,855100_,296,8,0.08%,0.09%,458,12,0.08%,0.09%,97.19%,100.00%,3,0,1.01%,0.00%,"209,94 €","0,00 €",3,0
B07MMFPNLK,B07MMFPNLK,"HENDI Placa eutéctica de Calor Profesional, GN 1/1, para Cajas térmicas, Elemento Calefactor, acumulador de Calor, Bloque térmico, Placa Caliente, 530x325x(H) 30mm, HDPE, Rojo",H707845,17,1,0.00%,0.01%,18,1,0.00%,0.01%,41.18%,0.00%,8,0,47.06%,0.00%,"410,00 €","0,00 €",3,0
B0DN1WHKRN,B07MTQ5695,HENDI Batidora de Mano para Uso Profesional con Velocidad Ajustable,H222140,172,28,0.04%,0.30%,253,53,0.05%,0.39%,24.68%,9.52%,3,2,1.74%,7.14%,"478,73 €","318,98 €",3,2
B0FR444FLT,B07N8VLCQS,"Arcos Juego de Cuchillos Profesionales (4 Piezas) - Acero Inoxidable Nitrum, Precisión y Durabilidad, Mango Ergonómico POM Negro, Incluye Tijeras y Bloque de Madera, Serie Manhattan",163300_,217,1,0.06%,0.01%,286,1,0.05%,0.01%,96.80%,100.00%,3,0,1.38%,0.00%,"296,97 €","0,00 €",3,0
B07N8W33BT,B07N8W33BT,ARCOS Bloque Universal para Cuchillos Caucho Termoplástico 225 mm,794400_,53,1,0.01%,0.01%,78,2,0.01%,0.01%,65.67%,100.00%,3,0,5.66%,0.00%,"74,97 €","0,00 €",3,0
B0FR444FLT,B07N8W79GH,Arcos Manhattan Cuchillo Tallado Acero Inoxidable Nitrum 300 mm,162300_,104,0,0.03%,0.00%,131,0,0.02%,0.00%,98.11%,0.00%,4,0,3.85%,0.00%,"147,96 €","0,00 €",3,0
B07YXBGV8C,B07YXBGV8C,Arcos Riviera Blanc Set 3 Cuchillos Forjados Acero Inoxidable Nitrum,807511_,41,3,0.01%,0.03%,66,7,0.01%,0.05%,94.92%,100.00%,3,1,7.32%,33.33%,"179,97 €","59,99 €",3,1
B082VW3C39,B082VW3C39,HENDI Carro de lavandería - 900x650x(H)850 mm,H691083,39,16,0.01%,0.17%,54,23,0.01%,0.17%,70.83%,36.84%,3,1,7.69%,6.25%,"585,00 €","195,00 €",3,1
B082VWVDMX,B082VWVDMX,HENDI Cesta para baguetes - 305x320x(H)350 mm,H426517,30,4,0.01%,0.04%,41,7,0.01%,0.05%,100.00%,100.00%,3,2,10.00%,50.00%,"121,50 €","81,00 €",3,2
B0FQNZM34T,B0843DFWRQ,"Arcos Cuchillo Chef Acero Inoxidable. Cuchillo cocina profesional cortar carne, pescado, aves, frutas y verduras. Mango ergonómico polioximetileno y Hoja 140 mm. Serie Opera. Color negro.",224900_fbm,92,2,0.02%,0.02%,107,2,0.02%,0.01%,81.00%,50.00%,3,0,3.26%,0.00%,"73,74 €","0,00 €",3,0
B0FQNZM34T,B0843V9Z1W,Arcos Cuchillo Santoku Acero Inoxidable Nitrum y Hoja 190 mm. Mango ergonómico polioximetileno POM. Diseño clásico y acabado redondeado gran belleza yolidez. Serie Opera. Color negro.,229900_fba,98,1,0.03%,0.01%,140,1,0.03%,0.01%,97.56%,0.00%,3,0,3.06%,0.00%,"111,58 €","0,00 €",3,0
B0DK3CM34K,B0862VPJ9H,"HENDI Cabezal de antorcha de cocina de llama continua, soplete flambeador, quemador, recargable con cartuchos de gas GLP 199039, mango ergonómico, versátil-seguro 360°, 185x65x(H)100mm, negro y verde",H198247,97,11,0.03%,0.12%,140,17,0.03%,0.13%,25.64%,7.14%,3,1,3.09%,9.09%,"74,97 €","24,99 €",3,1
B08TLR4Z27,B08M3YG4R1,Arcos jamonero Profesional | Cuchillo jamonero jamonero Inoxidable Nitrum | Mango Negro | Cuchillo Jamon iberico | Serie Maitre| Hoja Flexible y Filo Liso | 275 mm | Acero Inoxidable NITRUM,704200,91,2,0.02%,0.02%,129,2,0.02%,0.01%,100.00%,0.00%,3,0,3.30%,0.00%,"65,97 €","0,00 €",3,0
B08VRP7CR7,B08MTXC14T,Arcos Juego Cuchillos Carne | 6 Piezas | Cuchillos Carne Cuchillo chuleteros | Cubiertos Acero Inoxidable | Hoja 110 mm | Mango Redondo y Forma Ovalada | monobock | Caja Envase Ecológico (6 unidades),809900FBM,138,3,0.04%,0.03%,176,3,0.03%,0.02%,100.00%,100.00%,3,1,2.17%,33.33%,"82,57 €","27,99 €",3,1
B09DPRCMTF,B08MW2GWPC,Arcos Juego Cuchillos Carne | Cuchillo chuleteros | Cuchillos Carne Cuchillos Mesa | 6 Uds | Hoja 110 mm | Acero Inoxidable | Mango Nylon | Apto lavavajillas | Envase Ecológico (Filo Serrado),816400fbm,181,4,0.05%,0.04%,268,9,0.05%,0.07%,100.00%,100.00%,5,0,2.76%,0.00%,"91,95 €","0,00 €",3,0
B09DPRCMTF,B08MW2GWPC,Arcos Juego Cuchillos Carne | Cuchillo chuleteros | Cuchillos Carne Cuchillos Mesa | 6 Uds | Hoja 110 mm | Acero Inoxidable | Mango Nylon | Apto lavavajillas | Envase Ecológico (Filo Serrado),816400fba,181,4,0.05%,0.04%,268,9,0.05%,0.07%,100.00%,100.00%,3,0,1.66%,0.00%,"59,97 €","0,00 €",3,0
B0CQM2K3QY,B08TX1D4LL,"ARCOS Thera Olla Grande de Cocina de 24 Cm y 4 L. Cacerola Alta para Inducción, Gas y Vitrocerámica. Olla de Aluminio Fundido con Tapa de Cristal y Mango Extraíble. Apta Lavavajillas. Color Negro Azul",718700,195,4,0.05%,0.04%,256,5,0.05%,0.04%,38.98%,0.00%,3,0,1.54%,0.00%,"161,97 €","0,00 €",3,0
B0DK3CM34K,B08VW7LTT6,"HENDI Cabezal de antorcha de cocina de llama continua con cartucho de recarga de gas GLP 199039, soplete flambeador, quemador de gas GLP, profesional, versátil-seguro 360°, negro con acentos en verde",H198254,48,4,0.01%,0.04%,60,6,0.01%,0.04%,97.92%,100.00%,3,0,6.25%,0.00%,"98,90 €","0,00 €",3,0
B08TLR4Z27,B095C22QFS,Arcos jamonero Profesional | Cuchillo jamonero jamonero Inoxidable Nitrum | Mango Negro | Cuchillo Jamon iberico | Serie Maitre| Hoja Flexible y Filo Liso | 275 mm | Acero Inoxidable NITRUM,151811,108,4,0.03%,0.04%,149,5,0.03%,0.04%,100.00%,100.00%,3,0,2.78%,0.00%,"59,97 €","0,00 €",3,0
B095MKPPLC,B095MKPPLC,Desengrasante Plus Energico 5 L - VINFER - L331G05002..,VP200,16,0,0.00%,0.00%,29,0,0.01%,0.00%,39.13%,0.00%,3,0,18.75%,0.00%,"59,85 €","0,00 €",3,0
B09F9MH34D,B09F9MH34D,"Arcos Serie Cuchillos de Mesa Chuleteros, Mango de Polipropileno, Hoja 110 mm, Apto para Lavavajillas, Negro, 6 Piezas",805109_6piezas,83,0,0.02%,0.00%,108,0,0.02%,0.00%,98.96%,0.00%,3,0,3.61%,0.00%,"38,97 €","0,00 €",3,0
B0CQ5G2HVQ,B09T9S9NZ4,"Arcos Sarten Antiadherente 24 cm - Aluminio Forjado, Full Induction, Mango Acero Inoxidable Efecto Frío, Apta Lavavajillas, Ahorro Energético, Serie Samoa",716310,540,8,0.14%,0.09%,811,13,0.15%,0.10%,3.09%,0.00%,3,0,0.56%,0.00%,"110,85 €","0,00 €",3,0
B09WYYY5MD,B09WYYY5MD,Arcos Nordika Cuchillo para Queso Acero Inoxidable Nitrum 125 mm,166100_us,46,1,0.01%,0.01%,71,6,0.01%,0.04%,84.91%,0.00%,3,0,6.52%,0.00%,"79,47 €","0,00 €",3,0
B09WYZHGQF,B09WYZHGQF,Arcos Nordika Juego 3 Cuchillos para Queso Acero Inoxidable Nitrum,167200_us,89,2,0.02%,0.02%,113,2,0.02%,0.01%,90.00%,0.00%,3,0,3.37%,0.00%,"206,40 €","0,00 €",3,0
B0B2RGHSMW,B0B2RGHSMW,"HENDI Cesta para Freír, 6L, 238x185x(H)100mm",H930632,123,11,0.03%,0.12%,180,13,0.03%,0.10%,16.15%,33.33%,5,1,4.07%,9.09%,"149,95 €","29,99 €",3,1
B0CQLNJVKL,B0BRNMK276,"Arcos Sartenes Antiadherentes 20/24 cm - Aluminio Fundido, Asas Silicona, Ahorro Energético, Compatible con Inducción y Lavavajillas, Serie Thera, Negro/Azul",7198000,218,1,0.06%,0.01%,284,1,0.05%,0.01%,75.00%,100.00%,3,0,1.38%,0.00%,"164,85 €","0,00 €",3,0
B0BS9ZL3YS,B0BS9ZL3YS,Xpartan Clean | 500 ml | Limpiador de Suelos Multisuperficie para Robots de Limpieza | Concentrado y Perfumado para todo tipo de Robots y Marcas,XPARTAN,35,2,0.01%,0.02%,48,7,0.01%,0.05%,100.00%,100.00%,3,0,8.57%,0.00%,"47,97 €","0,00 €",3,0
B0DKP7F29P,B0DJBYWWVM,"Arcos Serie Samoa Iconic | Cacerola Antiadherente Cerámico 24 cm y 4,3 L | Aluminio Forjado | Apta cualquier cocina | Mango Acero Inoxidable | Color Negro | LIBRE DE (PFOA/PTFE/PFOS)",717022,153,8,0.04%,0.09%,185,8,0.03%,0.06%,94.48%,100.00%,3,0,1.96%,0.00%,"159,35 €","0,00 €",3,0
B0DKP7F29P,B0DJBZ5475,Arcos Serie Samoa Iconic | Sarten Antiadherente Cerámico 20 cm | Aluminio Forjado | Apta cualquier cocina | Mango Acero Inoxidable | Apta lavavajillas | Color Negro | LIBRE DE (PFOA/PTFE/PFOS),716122,224,6,0.06%,0.06%,273,6,0.05%,0.04%,90.52%,100.00%,3,0,1.34%,0.00%,"104,85 €","0,00 €",3,0
B0DKP7F29P,B0DJBZ81XL,"Arcos Serie Samoa Iconic | Cacerola Baja Antiadherente Cerámico 28 cm y 4,3 L | Aluminio Forjado | Apta cualquier cocina | Mango Acero Inoxidable | Color Negro | LIBRE DE (PFOA/PTFE/PFOS)",717122,147,11,0.04%,0.12%,195,13,0.04%,0.10%,85.09%,75.00%,3,1,2.04%,9.09%,"218,85 €","72,95 €",3,1
B0DKP7F29P,B0DJBZK9SX,"Arcos Serie Samoa Iconic | Cazo Antiadherente Cerámico 16 cm y 1,5 L | Aluminio Forjado | Apta cualquier cocina | Mango Acero Inoxidable | Color Negro | LIBRE DE (PFOA/PTFE/PFOS)",717222,114,4,0.03%,0.04%,126,5,0.02%,0.04%,95.50%,100.00%,3,0,2.63%,0.00%,"96,99 €","0,00 €",3,0
B0DPLG5V7Q,B0DWN63DN4,CUPERINOX Tazas de Espresso de Cristal - Vaso cafe - Vaso Cristal - 80ml (Set de 4) - Apto para Lavavajillas y Microondas - Aroma Series,26120_2packs,35,1,0.01%,0.01%,47,1,0.01%,0.01%,100.00%,0.00%,3,0,8.57%,0.00%,"47,97 €","0,00 €",3,0
B0FJLTDB9J,B0FB98PM7Z,CUPERINOX® Beauty Care – Pack 3 Cortauñas de Precisión | Alicate + Cortaúñas Mediano + Cortaúñas con Llavero | Acero Inoxidable Profesional | Manicura y Pedicura | Hombre y Mujer,21920+21931+21932,35,0,0.01%,0.00%,45,0,0.01%,0.00%,100.00%,0.00%,3,0,8.57%,0.00%,"38,97 €","0,00 €",3,0
B0FDKX6V41,B0FDKX6V41,VINFERMATON – Insecticida Moscas y Mosquitos Perfume Limón Pack 2×600 ml | Spray Eliminador Insectos Voladores Interior y Exterior | Acción Inmediata Profesional | 100% MADE IN SPAIN,V0009_PACK2,23,2,0.01%,0.02%,24,2,0.00%,0.01%,95.65%,0.00%,3,0,13.04%,0.00%,"35,97 €","0,00 €",3,0
B0FGDF2SHZ,B0FGDF2SHZ,VINFERMATON Antihormigas Efecto Permanente | Insecticida Cucarachas y Hormigas Pack 2×600 ml | Efecto hasta 1 año | Interior y Exterior | Profesional y Doméstico | MADE IN SPAIN,V0013_PACK2,37,1,0.01%,0.01%,61,1,0.01%,0.01%,35.85%,0.00%,3,0,8.11%,0.00%,"46,78 €","0,00 €",3,0
B0G4RT6HMS,B0G219Z94M,"BIOLEAF – Limpiacristales Sin Huellas Pack 4×750 ml (3 L) | Brillo Perfecto en Cristales, Espejos y Ventanas | Secado Rápido Sin Marcas | Fórmula Biodegradable| 100% HECHO EN ESPAÑA",3504,60,1,0.02%,0.01%,67,1,0.01%,0.01%,96.67%,0.00%,3,1,5.00%,100.00%,"59,97 €","19,99 €",3,1
B0G4SGJSBJ,B0G21D2KFZ,"BIOLEAF– Desincrustante Baños Antical Pack 4×750 ml (3 L) | Limpieza Profesional de Lavabos, Ducha y Bañera | Brillo Inmediato | Biodegradable y Dermatológicamente Testado",3498,75,1,0.02%,0.01%,98,1,0.02%,0.01%,100.00%,100.00%,3,0,4.00%,0.00%,"58,97 €","0,00 €",3,0
B0G4S268RT,B0G25TRTV6,BIOLEAF – Lavavajillas Pack 8×750 ml (6 L) | Potente contra Grasa Difícil | Vajilla Brillante Sin Residuos | Biodegradable y Dermatológicamente Testado,3764,90,0,0.02%,0.00%,118,0,0.02%,0.00%,99.12%,0.00%,3,0,3.33%,0.00%,"76,97 €","0,00 €",3,0
B0G3ZJ89NB,B0G2MTVR24,Set Jamonero Profesional Premium - Soporte Jamonero de Bambú Giratorio + Cuchillo Jamonero 25 cm con Alvéolos + Cuchillo Deshuesador + Afilador 3 Ranuras | Maestros del Corte by Cuperinox,20271,18,0,0.00%,0.00%,24,0,0.00%,0.00%,100.00%,0.00%,3,0,16.67%,0.00%,"149,97 €","0,00 €",3,0
B0DDWPSK8Z,B001681JO6,"HENDI Placa de inducción de sobremesa profesional, control táctil, 60-240°C, 230V, 3500W, 342x431x(H)116mm, acero inoxidable",H239711,71,6,0.02%,0.06%,110,9,0.02%,0.07%,43.52%,14.29%,3,2,4.23%,33.33%,"803,25 €","535,50 €",2,1
B017HKG9PK,B0044R87YQ,Arcos Cuchillo para Maitre Negro 100 mm,150500_pp,823,17,0.22%,0.18%,"1,090",18,0.20%,0.13%,1.26%,0.00%,2,0,0.24%,0.00%,"19,90 €","0,00 €",2,0
B0F1ZF7H1L,B005LR65BK,Arcos Cuchillo Negro 100 mm,230200_,659,14,0.17%,0.15%,976,15,0.18%,0.11%,5.77%,0.00%,2,0,0.30%,0.00%,"39,98 €","0,00 €",2,0
B0F1ZF7H1L,B005LR6C7C,Arcos Cuchillo Cocina Acero Inoxidable Negro 180 mm,233500_,"1,565",41,0.41%,0.44%,"2,105",45,0.39%,0.33%,12.48%,8.70%,3,2,0.19%,4.88%,"104,97 €","69,98 €",2,1
B0F1ZF7H1L,B005LR6J3Y,Arcos Riviera Juego 6 Cuchillos Forjados Acero Inoxidable Nitrum,234200_,373,11,0.10%,0.12%,482,13,0.09%,0.10%,61.27%,77.78%,2,0,0.54%,0.00%,"349,78 €","0,00 €",2,0
B017HKFNO8,B005LR70T6,Arcos Niza Cuchillo de Cocina Acero Inoxidable Negro 200 mm,135400,149,2,0.04%,0.02%,188,4,0.03%,0.03%,27.93%,0.00%,2,0,1.34%,0.00%,"21,20 €","0,00 €",2,0
B005LR749W,B005LR749W,"ARCOS Juego de Cubiertos de 24 Piezas para Mesa. Cuberterí­a Completa para 6 Personas. Set de 6 Cucharas, 6 Cuchillos, 6 Tenedores y 6 Cucharas de Postre. Serie Berlí­n. Color Plata",562400_fbm,895,21,0.23%,0.23%,"1,222",27,0.23%,0.20%,31.23%,38.89%,3,0,0.34%,0.00%,"263,97 €","0,00 €",2,0
B0752NT3TH,B005LR77GC,ARCOS Tijeras de Cocina Profesional 235 mm,185701,"6,756",148,1.77%,1.59%,"10,691",216,1.97%,1.61%,0.01%,0.00%,3,2,0.04%,1.35%,"29,70 €","19,80 €",2,1
B00XJBJO4K,B005LRSJDC,Arcos Guantes de Protección - Guante de Malla Guante de Protección - Acero Inoxidable Size M 250 mm - Color Gris,615300,5,1,0.00%,0.01%,6,1,0.00%,0.01%,100.00%,100.00%,3,1,60.00%,100.00%,"386,70 €","128,90 €",2,1
B0F54LTCFF,B007TS67OY,Arcos Cuchillo Chef Acero Inoxidable 155 mm,280404_fbm,575,11,0.15%,0.12%,714,12,0.13%,0.09%,9.80%,14.29%,2,0,0.35%,0.00%,"32,98 €","0,00 €",2,0
B0F54LTCFF,B007TS67WG,Arcos Cuchillo Chef Acero Inoxidable 300 mm,280804,407,15,0.11%,0.16%,464,23,0.09%,0.17%,25.00%,44.44%,2,2,0.49%,13.33%,"59,50 €","59,50 €",2,2
B0CQ92BWQ8,B009QXIRPC,"HENDI Bolsa de Transporte y Reparto de Pizzas, Bolsa Portapizzas con Aislamiento, Impermeable, Bolsa para la Entrega de Pedidos de Pizza y Comidas, Interior 35x35x(H) 18cm, Roja, 37x37x(H) 20cm",H709825,58,3,0.02%,0.03%,108,11,0.02%,0.08%,50.59%,14.29%,2,0,3.45%,0.00%,"48,28 €","0,00 €",2,0
B0F1ZF7H1L,B00BHZPHOG,Arcos Riviera Blanc Cuchillo Panero Acero Inoxidable Nitrum 200 mm,231324_,197,4,0.05%,0.04%,260,8,0.05%,0.06%,7.79%,0.00%,2,0,1.02%,0.00%,"59,88 €","0,00 €",2,0
B0F1ZF7H1L,B00BHZPHSC,Arcos Riviera Blanc Cuchillo Jamonero Forjado Acero POM Blanco 250 mm,231024_,237,11,0.06%,0.12%,296,12,0.05%,0.09%,15.67%,44.44%,2,0,0.84%,0.00%,"67,98 €","0,00 €",2,0
B0F1ZF7H1L,B00BHZPIVI,Arcos Cuchillo Chef Forjado Acero Inoxidable 200 mm,233624,232,2,0.06%,0.02%,295,2,0.05%,0.01%,27.57%,0.00%,2,0,0.86%,0.00%,"64,98 €","0,00 €",2,0
B00BQU0FB2,B00BQU0FB2,"HENDI Filtros de papel para cafetera de goteo, 1000 unidades, desechables, papel de filtro de café, ⌀245x(H)62mm, blanco",H208656,32,11,0.01%,0.12%,37,13,0.01%,0.10%,13.51%,0.00%,2,2,6.25%,18.18%,"83,50 €","83,50 €",2,2
B00BQU1IAY,B00BQU1IAY,"HENDI Calentador eléctrico de Alimentos para Buffet Tellano, Chafing Dish eléctrico al baño María, GN 1/1, Capacidad 9L, 30–85°C, 230V, 900W, 575x349x(H) 278mm, Polipropileno y Acero Inoxidable",H204825,18,5,0.00%,0.05%,32,7,0.01%,0.05%,64.29%,80.00%,2,2,11.11%,40.00%,"254,98 €","254,98 €",2,2
B0B3CWSDRQ,B00CF20V2I,ARCOS Chaira Afilador Manual Acero Carbono Cromado Negro 230 mm,278100_,860,26,0.22%,0.28%,"1,253",41,0.23%,0.31%,0.09%,3.45%,2,0,0.23%,0.00%,"23,90 €","0,00 €",2,0
B00D3LC70Y,B00D3LC70Y,Arcos Tijeras Costura Castellana - Acero Forjado Niquelado 127 mm - Uso Doméstico y Profesional - Serie Style,502200,41,0,0.01%,0.00%,56,0,0.01%,0.00%,100.00%,0.00%,2,0,4.88%,0.00%,"20,98 €","0,00 €",2,0
B00D3LCJI4,B00D3LCJI4,Arcos Saeta - Cuchillo Panero - Hoja de Acero Inoxidable Forjado Nitrum de 210 mm - Mango de Pom - Color Negro,175700,29,0,0.01%,0.00%,38,0,0.01%,0.00%,100.00%,0.00%,2,0,6.90%,0.00%,"59,98 €","0,00 €",2,0
B07TXLKG42,B00GZR3MKM,"HENDI Freidora eléctrica, T ajustable hasta 190°C, termostato de seguridad, zona fría, con tapa y cesta de freír, tanque de aceite extraíble, 8L, 230V, 3500W, 265x430x(H)345mm, acero inoxidable",H205822,42,8,0.01%,0.09%,51,11,0.01%,0.08%,89.36%,72.73%,2,2,4.76%,25.00%,"329,99 €","329,99 €",2,2
B0D1CW5WWV,B00GZR3SJW,"HENDI Centrifugador de ensaladas, secador de ensaladas, cesta de centrifugado interior extraíble, apto para el lavavajillas, 25 L, ø430x(h)530 mm, Poliamida, Polipropileno",H952992,19,7,0.00%,0.08%,32,14,0.01%,0.10%,92.59%,100.00%,2,2,10.53%,28.57%,"277,00 €","277,00 €",2,2
B0BV32H59Y,B00HYWUNR2,Arcos Saeta - Cuchillo Deshuesador - Hoja de Acero Inoxidable Forjado Nitrum de 145 mm - Mango de Pom - Color Negro,174700,38,2,0.01%,0.02%,67,2,0.01%,0.01%,100.00%,100.00%,2,0,5.26%,0.00%,"59,98 €","0,00 €",2,0
B0G39V4XR3,B00ITVQOOI,ARCOS Tenedor de Mesa Acero Inoxidable 18/10 200 mm,371600_1pieza,45,0,0.01%,0.00%,55,0,0.01%,0.00%,92.45%,0.00%,7,0,15.56%,0.00%,"34,93 €","0,00 €",2,0
B0D1CYZT7H,B00JN2S0U8,"HENDI Escurridor de frituras, con asa robusta y recipiente extraíble para los restos, patatas fritas, ø410x(H)170mm, totalmente de acero inoxidable",H630808,196,21,0.05%,0.23%,281,42,0.05%,0.31%,67.48%,51.43%,2,1,1.02%,4.76%,"93,90 €","46,95 €",2,1
B00U2R00QK,B00U2R00QK,VINFER - Limpiacristales Vinfer 5 L,VP300,12,1,0.00%,0.01%,12,1,0.00%,0.01%,100.00%,100.00%,5,5,41.67%,500.00%,"72,45 €","72,45 €",2,2
B00VRZ327A,B00VRZ327A,Arcos Tijeras Costura Acero Forjado 152 mm - Uso Doméstico y Profesional - Niqueladas Plata - Serie Style,502400,26,0,0.01%,0.00%,35,0,0.01%,0.00%,100.00%,0.00%,2,0,7.69%,0.00%,"23,98 €","0,00 €",2,0
B0F1ZF7H1L,B017DEWUDK,Arcos Cuchillo Acero Inoxidable 300 mm,233824_,103,2,0.03%,0.02%,132,7,0.02%,0.05%,99.17%,0.00%,2,0,1.94%,0.00%,"119,98 €","0,00 €",2,0
B0C6QCQY2G,B01ANXDVCM,HENDI Vitrina expositora refrigerada con bandeja GN 1/1,H424186,250,26,0.07%,0.28%,313,35,0.06%,0.26%,31.27%,4.55%,2,0,0.80%,0.00%,"279,50 €","0,00 €",2,0
B0DN1W2FX7,B01DY48HAS,"HENDI Bolsas lisas para cocción sous-vide y envasado al vacío, 100 unidades, -20 °C a +110 °C, 300x200mm, 75µm, PA/PE, sin BPA",H970683,36,3,0.01%,0.03%,53,6,0.01%,0.04%,15.91%,75.00%,5,4,13.89%,133.33%,"92,45 €","73,96 €",2,1
B0752X1Z92,B01KZWSCSE,ARCOS Mochila para 9 Cuchillos de Cocina en Poliéster y PVC. Bolsa Portacuchillos Profesional para Almacenar y Transportar Utensilios de Cocina. 330 x 480 x 185 Mm. Color Negro,694900,118,4,0.03%,0.04%,170,4,0.03%,0.03%,83.45%,100.00%,2,0,1.69%,0.00%,"129,80 €","0,00 €",2,0
B07TXLLGJX,B06XRYBCZQ,HENDI Placa de inducción de sobremesa profesional 3500 D XL,H239698,110,7,0.03%,0.08%,149,13,0.03%,0.10%,86.57%,55.56%,2,1,1.82%,14.29%,"660,00 €","330,00 €",2,1
B0711S58TQ,B0711S58TQ,Juego cuchillos Arcos profesional | cuchillos cocina | cuchillos arcos clasicos |6 pzas | negro | 842300,_842300_,85,4,0.02%,0.04%,112,6,0.02%,0.04%,99.05%,100.00%,2,0,2.35%,0.00%,"281,98 €","0,00 €",2,0
B0F5L5VJM5,B0719K21HP,Arcos Tenazas de Marisco Acero Inoxidable 185 mm,606400_,143,9,0.04%,0.10%,222,15,0.04%,0.11%,20.73%,12.50%,2,0,1.40%,0.00%,"39,98 €","0,00 €",2,0
B071VT3QQY,B071VT3QQY,"Arcos Riviera - Juego de Cuchillos de Cocina Profesional (Mondador 100 mm, Santoku 140 mm, Chef 200 mm) - Acero Inoxidable Forjado NITRUM, Mango Ergonómico Negro - 3 Piezas en Estuche",807700_fbm,132,1,0.03%,0.01%,211,2,0.04%,0.01%,76.60%,100.00%,2,0,1.52%,0.00%,"137,80 €","0,00 €",2,0
B0F1N351DY,B073V3CYRF,Arcos Cuchillo Mondador de 4 Pulgadas con Hoja de 100mm en Acero Inoxidable y Mango de Polipropileno. Cuchillos de Cocina para Pelar Apto para Lavavajillas. Serie Nova. Color Turquesa,188632_,163,2,0.04%,0.02%,187,2,0.03%,0.01%,98.11%,100.00%,2,0,1.23%,0.00%,"11,98 €","0,00 €",2,0
B075ZWHQLQ,B075ZWHQLQ,Wins - Desengrasante Limpiador Profesional 001 - Garrafa 5L,WINS001,102,5,0.03%,0.05%,147,8,0.03%,0.06%,61.54%,100.00%,2,0,1.96%,0.00%,"26,78 €","0,00 €",2,0
B077V7LJJM,B077V7LJJM,"Arcos Serie Riviera, Set Jamonero de 3 piezas, 1 Cuchillo Jamonero + 1 Deshuesador + 1 Chaira, Hoja de Acero Inoxidable Forjado Nitrum, Mango de Polioximetileno, POM, Color Negro",_806911_,88,4,0.02%,0.04%,112,4,0.02%,0.03%,83.67%,66.67%,2,1,2.27%,25.00%,"139,98 €","69,99 €",2,1
B0DQV6381X,B079VN4MTH,CUPERINOX Jamonero de Madera Góndola Soporte para Pata y Paleta de jamón Serrano e ibérico con agarres de Metal Jamonera Economica,20200_us,504,14,0.13%,0.15%,533,14,0.10%,0.10%,99.61%,100.00%,2,0,0.40%,0.00%,"26,46 €","0,00 €",2,0
B079ZCF2G9,B079ZCF2G9,Arcos Nova Juego 6 Cuchillos Carne Serrados Nitrum Negro 110 mm,188900_fbm,153,5,0.04%,0.05%,248,5,0.05%,0.04%,22.22%,20.00%,2,0,1.31%,0.00%,"35,50 €","0,00 €",2,0
B09JPSTVBC,B07B8MQZTW,Arcos Serie Riviera Rose - Cuchillo Mondador - Hoja de Acero Inoxidable Forjado NITRUM 100 mm - Mango de Polioximetileno (POM) Color Rosa,230254_,42,0,0.01%,0.00%,49,0,0.01%,0.00%,93.75%,0.00%,3,0,7.14%,0.00%,"74,97 €","0,00 €",2,0
B0B3CPHPXR,B07BQ5CCMD,ARCOS Sacacorchos Manual de ABS Aleación de Zinc,604700_,536,8,0.14%,0.09%,708,17,0.13%,0.13%,7.55%,0.00%,2,0,0.37%,0.00%,"65,97 €","0,00 €",2,0
B0D1CVPJXW,B07D75K6SP,"HENDI Colador cónico de malla fina, ⌀245x(H)210mm, longitud del mango 230mm, acero inoxidable",H647561,17,2,0.00%,0.02%,20,2,0.00%,0.01%,85.00%,50.00%,2,0,11.76%,0.00%,"72,50 €","0,00 €",2,0
B0CTCR3BC5,B07D8WH8HL,"HENDI Recipiente Gastronorm GN 1/1, Budget Line, resistencia térmica -40 °C a 250 °C, apto para horno y baño maría, 28L, 530x325x(H) 200mm, acero inoxidable",H800157,68,8,0.02%,0.09%,92,10,0.02%,0.07%,57.32%,62.50%,2,0,2.94%,0.00%,"66,40 €","0,00 €",2,0
B07DC711NK,B07DC711NK,"HENDI Batidora de Mano, Carcasa de ABS, Brazo Batidor de Acero Inoxidable, Cuchillas cruzadas con Revestimiento de Titanio, 6 Velocidades, Pantalla LCD, 250W, 230V, Procesa de 1-8 Litros, ø71x(H)444mm",H222157,357,34,0.09%,0.36%,528,48,0.10%,0.36%,10.34%,18.75%,2,2,0.56%,5.88%,"214,29 €","214,29 €",2,2
B085SNLR5G,B07DC83Z46,"HENDI Bandeja de Servicio, Redonda, Recubrimiento Antideslizante, Multiusos, para buffets, Bandeja de Cocina para Servir Comida rápida, Bebidas, Fast Food, ⌀410x(H) 20mm, Polipropileno, Negro",H878149,34,0,0.01%,0.00%,44,0,0.01%,0.00%,100.00%,0.00%,3,0,8.82%,0.00%,"32,97 €","0,00 €",2,0
B0FR444FLT,B07DC9LM3W,"Arcos Cuchillo Panadero Profesional - Hoja Silk Edge 200 mm en Acero Inoxidable Nitrum, Corte Preciso y Duradero, Ideal para Pan y Pasteles, Diseño Elegante y Seguro, Serie Manhattan",161300_,95,2,0.02%,0.02%,128,2,0.02%,0.01%,47.66%,100.00%,2,0,2.11%,0.00%,"63,98 €","0,00 €",2,0
B0FR444FLT,B07DQRFDMB,Arcos Manhattan Cuchillo Santoku Forjado Acero POM Negro 190 mm,161600_,662,6,0.17%,0.06%,976,6,0.18%,0.04%,1.58%,100.00%,2,0,0.30%,0.00%,"68,98 €","0,00 €",2,0
B07J6B3PQ6,B07J6B3PQ6,HENDI Ahumador eléctrico - 230V / 1600W - 540x380x(H)720 mm,H238486,21,4,0.01%,0.04%,32,5,0.01%,0.04%,84.62%,60.00%,2,1,9.52%,25.00%,"655,69 €","296,69 €",2,1
B0F1ZF7H1L,B07JHPQGPW,Arcos Riviera Blanc Juego 3 Cuchillos Forjados POM Blanco,807610_,"1,307",34,0.34%,0.36%,"1,763",62,0.33%,0.46%,13.20%,14.29%,2,0,0.15%,0.00%,"139,98 €","0,00 €",2,0
B07JHPTKC9,B07JHPTKC9,"Arcos Set Jamonero 3 Piezas - Cuchillo Jamonero, Deshuesador y Chaira - Hoja Silk Edge Inoxidable Forjada NITRUM - Mango Resistente POM Negro - Corte Preciso y Duradero - Serie Manhattan",858500_,30,3,0.01%,0.03%,53,5,0.01%,0.04%,100.00%,100.00%,2,0,6.67%,0.00%,"149,98 €","0,00 €",2,0
B0FWM351K4,B07MDGR8G1,CUPERINOX® Couture Series - Tijera Costura Profesional 15 cm | Acero Inoxidable Irrompible | Mango Ergonómico Antideslizante | Corte Preciso y Duradero,21950_us,59,0,0.02%,0.00%,72,0,0.01%,0.00%,95.31%,0.00%,2,0,3.39%,0.00%,"15,98 €","0,00 €",2,0
B0D1CTXJXN,B07MZJTY16,HENDI Jarra medidora apilable - 5 L - ø210x(H)270 mm,H567852,23,4,0.01%,0.04%,24,4,0.00%,0.03%,95.65%,100.00%,3,2,13.04%,50.00%,"41,97 €","27,98 €",2,1
B0DH1DC8QH,B07N8TQDFR,ARCOS Tabla de Cortar de Madera con Colgador 43 x 33 cm,708300,154,5,0.04%,0.05%,206,6,0.04%,0.04%,81.42%,50.00%,2,0,1.30%,0.00%,"71,98 €","0,00 €",2,0
B0FR444FLT,B07N8V3SNH,"Arcos Cuchillo Tomate Forjado Acero Inoxidable 130 mm - Mango Ergonómico POM Negro, Borde Serrado para Rebanadas Perfectas - Serie Manhattan, Calidad Profesional",162000_,189,5,0.05%,0.05%,234,8,0.04%,0.06%,96.95%,100.00%,2,1,1.06%,20.00%,"47,24 €","22,99 €",2,1
B0FR444FLT,B07N8VCFRY,Arcos Brooklyn Cuchillo Panero Acero Inoxidable Nitrum 200 mm,191323_,141,3,0.04%,0.03%,164,3,0.03%,0.02%,80.00%,100.00%,2,0,1.42%,0.00%,"77,76 €","0,00 €",2,0
B0DSLN2CX9,B07N8W1J6B,Arcos Tabla cortar 15 x fibra resina y celulosa. Tabla picar. Serie Tablas. Color marrón.,708200,552,11,0.14%,0.12%,870,16,0.16%,0.12%,16.47%,10.00%,2,0,0.36%,0.00%,"53,98 €","0,00 €",2,0
B07N8WMVK1,B07N8WMVK1,ARCOS Taco Cajonera Organizador Bambú hasta 25 cm Marrón,794300_fbm,199,5,0.05%,0.05%,278,5,0.05%,0.04%,18.67%,20.00%,2,0,1.01%,0.00%,"63,98 €","0,00 €",2,0
B0FR444FLT,B07N8WXGW7,Arcos Brooklyn - Cuchillo de Lenguado Cuchillo para Pescado - Acero Inoxidable Forjado NITRUM 170 mm - Mango Micarta Color Azul (Filo Seda),191423_,67,3,0.02%,0.03%,75,3,0.01%,0.02%,89.39%,50.00%,2,1,2.99%,33.33%,"71,98 €","35,99 €",2,1
B07NDV5T2F,B07NDV5T2F,Arcos Serie Brooklyn - Cuchillo Cocinero - Hoja de Acero Inoxidable Forjado NITRUM 210 mm - Mango de Micarta Color Azul (Filo Seda),190623_fbm,99,0,0.03%,0.00%,175,0,0.03%,0.00%,97.93%,0.00%,2,0,2.02%,0.00%,"91,98 €","0,00 €",2,0
B0F1ZF7H1L,B07YXBK4HD,Arcos Riviera Set 3 Cuchillos de Corte Acero Inoxidable Nitrum,806911_,644,18,0.17%,0.19%,766,20,0.14%,0.15%,82.91%,73.33%,2,0,0.31%,0.00%,"129,90 €","0,00 €",2,0
B0FR444FLT,B07YYDR6D8,Arcos Juego de Cuchillos de Cocina. 3 piezas de Acero Inoxidable forjado. Impresiona yorprencon cada corte. Mango Micarta azul. Serie Brooklyn. Color Azul.,858110,"1,200",31,0.31%,0.33%,"1,620",49,0.30%,0.36%,98.58%,90.00%,2,0,0.17%,0.00%,"199,98 €","0,00 €",2,0
B09NT4VRN7,B0812BKN39,Arcos Juego de Cuchillos Mondadores de 3 Piezas,859800_,"24,770",307,6.47%,3.29%,"36,001",455,6.64%,3.39%,41.68%,36.20%,3,2,0.01%,0.65%,"29,49 €","18,50 €",2,1
B08WR6CHHN,B08JC8DSP6,Arcos Cuchillos Chuleteros cuchillos chuleteros acero inoxidable filo liso juego cuchillos chuleteros | 6 PZAS cuchillo chuletero | Hoja 110 mm |cuchillos carne Envase Eco,815800,43,0,0.01%,0.00%,66,0,0.01%,0.00%,100.00%,0.00%,3,0,6.98%,0.00%,"119,97 €","0,00 €",2,0
B08TLR4Z27,B08M3DQFHM,Arcos jamonero Profesional | Cuchillo jamonero jamonero Inoxidable Nitrum | Mango Negro | Cuchillo Jamon iberico | Serie Maitre| Hoja Flexible y Filo Liso | 275 mm | Acero Inoxidable NITRUM,151210_fbm,124,3,0.03%,0.03%,172,4,0.03%,0.03%,100.00%,0.00%,2,0,1.61%,0.00%,"30,98 €","0,00 €",2,0
B08TLR4Z27,B08M3YG4R1,Arcos jamonero Profesional | Cuchillo jamonero jamonero Inoxidable Nitrum | Mango Negro | Cuchillo Jamon iberico | Serie Maitre| Hoja Flexible y Filo Liso | 275 mm | Acero Inoxidable NITRUM,704200_fbm,91,2,0.02%,0.02%,129,2,0.02%,0.01%,100.00%,0.00%,2,0,2.20%,0.00%,"41,78 €","0,00 €",2,0
B08M5K93QF,B08M5K93QF,Arcos Juego Cuchillos Mesa | 6 Uds | Cuchillo Postre | Cuchillos Mesa | Cuchillo Carne | Hoja 105 mm | Acero Inoxidable Martensítico | Mango Polipropileno | Apto lavavajillas | Envase Ecológico,703500FBM,136,1,0.04%,0.01%,201,3,0.04%,0.02%,100.00%,100.00%,3,2,2.21%,200.00%,"34,57 €","21,58 €",2,1
B09FQ5SZK8,B08MTZZQV5,Arcos Cuchillo para Pan Acero Inoxidable Nitrum 200 mm,166400_fbm,192,6,0.05%,0.06%,243,9,0.04%,0.07%,2.70%,0.00%,2,0,1.04%,0.00%,"57,98 €","0,00 €",2,0
B08Q7W1Q4K,B08Q7W1Q4K,"Tradineur - Pack de 2 Graseras de metal de Ø 9,3 x 11 cm - Incluye filtro, asa y tapa - Aceitera con colador para conservación de aceite de acero inoxidable - Capacidad de 550 ml",22105+22106,54,1,0.01%,0.01%,67,1,0.01%,0.01%,98.31%,100.00%,2,0,3.70%,0.00%,"21,98 €","0,00 €",2,0
B0CQLP3WHM,B08TX1S5W4,"Arcos Grill Antiadherente Aluminio Fundido 34x26 cm, Apto para Todas las Cocinas, Asas Silicona, Ahorro Energético, Lavavajillas, Negro/Azul, Serie Thera",719500,117,1,0.03%,0.01%,153,1,0.03%,0.01%,40.43%,0.00%,2,0,1.71%,0.00%,"103,30 €","0,00 €",2,0
B0CQLNJVKL,B08TX21PGR,"Arcos Thera Sartén Antiadherente de 28 Cm para Inducción, Gas y Vitrocerámica. Sartén de Cocina Grande de Aluminio Fundido con Mango Ergonómico Extraíble y Apta para Lavavajillas. Color Negro y Azul",718500,65,2,0.02%,0.02%,100,2,0.02%,0.01%,57.69%,0.00%,2,0,3.08%,0.00%,"81,90 €","0,00 €",2,0
B08ZNM265D,B08ZNM265D,Arcos | cuchillos de mesa cuchillo mesa tradicional | 6 Piezas cuchillo chuletero | mango nailon | Envase Eco | Fabricado en España,704400,278,3,0.07%,0.03%,432,3,0.08%,0.02%,100.00%,100.00%,2,0,0.72%,0.00%,"53,98 €","0,00 €",2,0
B09DPRCMTF,B0987MG3JQ,Arcos Juego Cuchillos Carne | Cuchillo chuleteros | Cuchillos Carne Cuchillos Mesa | 6 Uds | Hoja 110 mm | Acero Inoxidable | Mango Nylon | Apto lavavajillas | Envase Ecológico (Filo Liso),814200_fba,95,3,0.02%,0.03%,123,5,0.02%,0.04%,100.00%,100.00%,2,0,2.11%,0.00%,"39,98 €","0,00 €",2,0
B08J488ZQG,B0987N2CBR,Arcos Juego Cuchillos Carne | 6 Piezas | Cuchillos carne cuchillo chuleteros | cubiertos acero inoxidable | Hoja 110 mm | mango monobloque | aptos lavavajillas | Caja Envase Ecológico,814000FBM,774,17,0.20%,0.18%,914,18,0.17%,0.13%,99.88%,100.00%,2,0,0.26%,0.00%,"55,98 €","0,00 €",2,0
B09KJLG7BT,B098XWCFXT,CUPERINOX Jamonero Profesional | soporte de jamon | 5 Piezas | tabla jamonera | soporte jamonero | Kit Jamonero (tabla + cuchillo + afilador + pinza + cubre jamon,20229FBM,200,1,0.05%,0.01%,226,1,0.04%,0.01%,100.00%,0.00%,2,0,1.00%,0.00%,"109,98 €","0,00 €",2,0
B0CQ5G2HVQ,B09T9ZC38G,"Arcos Sarten Antiadherente 22 cm - Aluminio Forjado, Full Induction, Mango Acero Inoxidable Efecto Frío, Apta Lavavajillas, Ahorro Energético, Serie Samoa",716210,275,5,0.07%,0.05%,367,6,0.07%,0.04%,10.54%,0.00%,2,0,0.73%,0.00%,"64,98 €","0,00 €",2,0
B0BJPYW95J,B0BJPYW95J,Arcos Accesorios - Sacacorchos Manual Abrebotellas Manual - Mango de Aleación de Zinc - Color Negro mate (Incluye cortacápsulas),607500_,67,2,0.02%,0.02%,96,5,0.02%,0.04%,98.73%,100.00%,2,0,2.99%,0.00%,"83,98 €","0,00 €",2,0
B0C49W65HD,B0C49W65HD,Arcos Serie Nordika - Cuchillo Tomatero - Acero Inoxidable NITRUM - Hoja de 130 mm - Mango de Madera Ovengkol 100% natural de bosques certificados FSC® - Embalaje 100% reciclado,165100,48,0,0.01%,0.00%,68,0,0.01%,0.00%,98.33%,0.00%,2,0,4.17%,0.00%,"53,90 €","0,00 €",2,0
B0C49YDKL4,B0C49YDKL4,Arcos Serie Nordika - Cuchillo Usuba - Acero Inoxidable NITRUM - Hoja de 175 mm - Mango de Madera Ovengkol 100% natural de bosques certificados FSC® - Embalaje 100% reciclado,168000,100,2,0.03%,0.02%,125,2,0.02%,0.01%,89.38%,0.00%,2,0,2.00%,0.00%,"90,72 €","0,00 €",2,0
B0DFQ7Y1G8,B0DFQ7Y1G8,Arcos Afiladores - Afilador Eléctrico de Cuchillos de Cocina - Hecho de ABS Color Blanco (Rodillos con recubrimiento de diamante),603900,84,3,0.02%,0.03%,114,6,0.02%,0.04%,100.00%,100.00%,2,1,2.38%,33.33%,"579,90 €","289,95 €",2,1
B0DVG51R3F,B0DVG51R3F,"HENDI Baño María Eléctrico, 3x GN 1/3 con Tapas",H238967,28,2,0.01%,0.02%,40,3,0.01%,0.02%,100.00%,100.00%,2,0,7.14%,0.00%,"325,00 €","0,00 €",2,0
B0FR444FLT,B0F3JLVG2D,Arcos by Chef José Andrés | Cuchillo Pelador de 10 cm Forjado para Frutas y Verduras | Hoja de Acero Inoxidable NITRUM con Borde de Seda | Mango Ergonómico de Madera de Encina,171100,310,12,0.08%,0.13%,335,13,0.06%,0.10%,83.12%,100.00%,3,3,0.97%,25.00%,"146,85 €","146,85 €",2,2
B0FR444FLT,B0F3JWLDBQ,Arcos by Chef José Andrés | Cuchillo de Chef Forjado de 20 cm para Precisión Culinaria Profesional | Hoja de Acero Inoxidable NITRUM con Borde de Seda | Mango Ergonómico de Madera de Encina,171400,112,4,0.03%,0.04%,121,4,0.02%,0.03%,83.18%,100.00%,2,2,1.79%,50.00%,"127,90 €","127,90 €",2,2
B0FR444FLT,B0F3JWN8Y2,Arcos by Chef José Andrés | Cuchillo de Pan de 20 cm para Panes Artesanales y Productos de Panadería | Hoja Forjada de Acero Inoxidable NITRUM con Borde de Seda | Mango Ergonómico de Madera de Encina,171500,194,2,0.05%,0.02%,255,2,0.05%,0.01%,80.45%,100.00%,3,2,1.55%,100.00%,"236,85 €","157,90 €",2,1
B0FR444FLT,B0F3JWZF69,Arcos by Chef José Andrés | Cuchillo de Chef Forjado de 15 cm para Precisión Culinaria Profesional | Hoja de Acero Inoxidable NITRUM con Borde de Seda | Mango Ergonómico de Madera de Encina,171200,183,8,0.05%,0.09%,198,8,0.04%,0.06%,81.07%,80.00%,2,2,1.09%,25.00%,"127,90 €","127,90 €",2,2
B0FH2NLMGN,B0FH2NLMGN,VINFERMATON Insecticida Hormigas y Cucarachas Residual | Antihormigas | Pack 2×400 ml | Efecto hasta 1 año | Interior y Exterior | Profesional Doméstico | 100% MADE IN SPAIN,V0012_PACK2,103,6,0.03%,0.06%,131,7,0.02%,0.05%,73.55%,33.33%,2,0,1.94%,0.00%,"29,98 €","0,00 €",2,0
B08TWZYBPZ,B0FZC9C1BJ,"CUPERINOX- Set de Cuchillos Profesionales de Cocina 3 Piezas + Estuche Regalo | Chef 20 cm, Santoku 18 cm y Universal 13 cm | Acero Inoxidable Alta Precisión | Mango Ergonómico| Apto Lavavajillas",19302,569,15,0.15%,0.16%,709,20,0.13%,0.15%,100.00%,100.00%,2,0,0.35%,0.00%,"59,98 €","0,00 €",2,0
B0G3ZJ89NB,B0FZD7ZY1W,CUPERINOX Cuchillo Jamonero Profesional 25 cm – Hoja Alveolada de Acero Inoxidable Antideslizante con Mango Ergonómico – Corte Preciso y Fino para Jamón y Paletilla| Maestros del Corte,19305,166,2,0.04%,0.02%,219,2,0.04%,0.01%,97.96%,100.00%,2,0,1.20%,0.00%,"37,94 €","0,00 €",2,0
B0G4RT6HMS,B0G1ZZYNX6,"BIOLEAF – Limpiacristales Pack 2×750 ml (1,5 L) – Sin Marcas ni Huellas – Brillo en Cristales, Espejos y Ventanas – Secado Rápido – Biodegradable – Sin Disruptores Endocrinos",2651,24,1,0.01%,0.01%,24,1,0.00%,0.01%,100.00%,0.00%,2,0,8.33%,0.00%,"17,98 €","0,00 €",2,0
B0G67DKSXN,B0G213X3HM,"BIOLEAF – Gel WC Antical Pack 2×750 ml (1,5 L) – Gel Espeso Acción Prolongada – Elimina Sarro y Cal – Limpieza Sanitaria Intensiva – Biodegradable – Sin Disruptores Endocrinos",2682,39,0,0.01%,0.00%,42,0,0.01%,0.00%,97.50%,0.00%,3,0,7.69%,0.00%,"26,97 €","0,00 €",2,0
B0G67DKSXN,B0G216GBMX,BIOLEAF – Gel WC Esencias Marinas Pack 4×750 ml (3 L) | Limpieza Profunda del Inodoro con Frescor Duradero | Gel Denso Sin Salpicaduras | Biodegradable y Dermatológicamente Testado,3511,69,1,0.02%,0.01%,91,1,0.02%,0.01%,100.00%,100.00%,2,0,2.90%,0.00%,"38,98 €","0,00 €",2,0
B0G65J8F3L,B0G21RGP5T,BIOLEAF– Multiusos Brillo Duradero Pack 4×750 ml (3 L) | Limpieza de Muebles y Superficies | Anti-polvo Eficaz | Biodegradable y Dermatológicamente Testado,3474,135,1,0.04%,0.01%,162,2,0.03%,0.01%,100.00%,0.00%,2,0,1.48%,0.00%,"38,98 €","0,00 €",2,0
B0G4RSR32Y,B0G25YRZ7Y,"BIOLEAF® – Desengrasante Cocina Profesional Pack 8×750 ml (6 L) | Antigrasa Potente para Hornos, Campanas y Superficies | Sin Disruptores Endocrinos | Fórmula Biodegradable|100% HECHO EN ESPAÑA",3788,27,0,0.01%,0.00%,31,0,0.01%,0.00%,100.00%,0.00%,2,0,7.41%,0.00%,"49,98 €","0,00 €",2,0
B0G2CMBY2N,B0G2CMBY2N,Ambientador Marino superconcentrado. 5 litros con solo 250 ml. Ahorro Total,WC009,31,1,0.01%,0.01%,36,1,0.01%,0.01%,97.06%,100.00%,2,0,6.45%,0.00%,"25,98 €","0,00 €",2,0
B0G449LYZ3,B0G449LYZ3,WINS- AMBIENTADOR MARINO- GARRAFA 5L + CONCENTRADO 250ML (5L)| 10L EN TOTAL| PACK AHORRO| 100% MADE IN SPAIN,WC009+009,28,2,0.01%,0.02%,42,3,0.01%,0.02%,100.00%,100.00%,2,0,7.14%,0.00%,"38,98 €","0,00 €",2,0
B0G44H4PJM,B0G44H4PJM,WINS 007 - Friegasuelos Concentrado 250 ml | Rinde 5 L,5J-24UP-2NPL,7,1,0.00%,0.01%,10,1,0.00%,0.01%,100.00%,100.00%,2,1,28.57%,100.00%,"25,98 €","12,99 €",2,1
B0G4F8D9B5,B0G4F8D9B5,"CUPERINOX Cuchillos Niños | Juego de Cuchillos Infantiles de 8 Piezas | Kit Cocina Método Montessori Aprendizaje +2 Años | Incluye Tabla de Cortar, Pelador y Cuchillo de Madera (8)",27007,23,1,0.01%,0.01%,30,1,0.01%,0.01%,100.00%,100.00%,2,0,8.70%,0.00%,"23,98 €","0,00 €",2,0
B0F54LTCFF,B0044R87L4,Arcos Cuchillo Panero con Hoja de Acero Inoxidable Nitrum 200 mm. Cuchillo Pan ideal para uso doméstico diario. Obtenga una gran variedad cortes parau comida. Serie Universal. Color negro.,282104_,"1,659",61,0.43%,0.65%,"2,364",75,0.44%,0.56%,0.19%,3.28%,1,1,0.06%,1.64%,"16,99 €","16,99 €",1,1
B017HKG9PK,B0044R87LE,Arcos Cuchillo Panero Negro 210 mm,151400_fbm,475,10,0.12%,0.11%,580,12,0.11%,0.09%,8.04%,0.00%,1,0,0.21%,0.00%,"14,99 €","0,00 €",1,0
B017HKG9PK,B0044R87VO,Arcos Maitre - Cuchillo Jamonero Flexible - Acero Inoxidable NITRUM 275 mm - Mango Polipropileno negro,151200,326,9,0.09%,0.10%,357,9,0.07%,0.07%,57.33%,50.00%,1,0,0.31%,0.00%,"15,99 €","0,00 €",1,0
B00509FC90,B00509FC90,"HENDI Baño María eléctrico, con grifo, sistema de calentamiento al baño María, temperatura regulable 30°C a 85°C, 1x GN 1/1, 2x GN 1/2, 3x GN 1/3, 19L, 230V, 1000W, 605x332x(H)242mm, acero inoxidable",H238912,20,6,0.01%,0.06%,29,6,0.01%,0.04%,75.00%,60.00%,1,1,5.00%,16.67%,"151,25 €","151,25 €",1,1
B0873P7266,B0050BAQ62,HENDI Calentador de alimentos con 2 quemadores - 330x180x(H)65 mm,H463000,15,3,0.00%,0.03%,19,6,0.00%,0.04%,50.00%,25.00%,1,1,6.67%,33.33%,"46,49 €","46,49 €",1,1
B0873P7266,B0050BDUYW,HENDI Calentador de alimentos con 3 quemadores - 450x180x(H)65 mm,H463109,6,3,0.00%,0.03%,7,3,0.00%,0.02%,20.00%,0.00%,1,1,16.67%,33.33%,"52,99 €","52,99 €",1,1
B0050NI7LQ,B0050NI7LQ,"HENDI Dispensador de Bebidas Calientes Eléctrico, de Pared Simple, Hervidor para Agua y Vino Caliente, 94–99°C, 9L, 230V/2200W, 340x227x(H)468mm, Acero Inoxidable",H209882,5,0,0.00%,0.00%,7,0,0.00%,0.00%,14.29%,0.00%,2,2,40.00%,0.00%,"224,98 €","224,98 €",1,1
B0F1ZF7H1L,B005LR6H5O,Arcos Cuchillo Chef Forjado Acero Inoxidable. Cuchillo Cocina Profesional Multiusos Cortar Carne y Verduras. Mango Ergonómico Polioximetileno y Hoja 300mm. Serie Riviera. Color Negro.,233800_,173,5,0.05%,0.05%,198,7,0.04%,0.05%,90.50%,100.00%,1,0,0.58%,0.00%,"59,99 €","0,00 €",1,0
B0752SPHL9,B005LR6W8Q,Arcos Maitre Set 5 Cuchillos Acero Inoxidable Nitrum,152000_,555,12,0.15%,0.13%,753,15,0.14%,0.11%,18.42%,100.00%,1,0,0.18%,0.00%,"61,99 €","0,00 €",1,0
B005LR6YFC,B005LR6YFC,Arcos Maitre Set Jamonero 2 Piezas Acero Inoxidable Nitrum 275 mm,151900,17,0,0.00%,0.00%,19,0,0.00%,0.00%,57.14%,0.00%,1,0,5.88%,0.00%,"23,49 €","0,00 €",1,0
B005LR78LQ,B005LR78LQ,ARCOS Forged Tijeras de Cocina Acero Inoxidable Forjado 225 mm,507100,58,1,0.02%,0.01%,79,1,0.01%,0.01%,72.46%,0.00%,1,0,1.72%,0.00%,"38,50 €","0,00 €",1,0
B017HKRCGK,B005LR7A1Y,ARCOS Bolsa para Cuchillos 100% Poliéster 460x275 mm,690200,"1,677",34,0.44%,0.36%,"2,802",49,0.52%,0.36%,68.64%,57.69%,1,0,0.06%,0.00%,"17,77 €","0,00 €",1,0
B017HKR8WS,B005LRSIK6,ARCOS Afilador de Bolsillo Profesional,610200_fbm,"1,016",19,0.27%,0.20%,"1,261",25,0.23%,0.19%,0.17%,11.76%,1,1,0.10%,5.26%,"37,75 €","37,75 €",1,1
B00XJBJO4K,B005LRSJK0,"Arcos Guantes de Protección de Malla - Acero Inoxidable Anticorte para Cocina - Tamaño L 270 mm - Certificación EN 420, EN 10827 - Seguridad y Durabilidad",615400,21,2,0.01%,0.02%,26,3,0.00%,0.02%,80.00%,100.00%,1,0,4.76%,0.00%,"129,90 €","0,00 €",1,0
B0F54LTCFF,B007TS6GFO,Arcos Universal Juego 5 Cuchillos Nitrum Bloque Pino POM Negro,285700_,"1,259",44,0.33%,0.47%,"1,441",56,0.27%,0.42%,34.73%,45.45%,1,0,0.08%,0.00%,"104,90 €","0,00 €",1,0
B0895RNY35,B007TS6HDA,ARCOS Descorazonador de Manzanas Acero Inoxidable Nitrum 75 mm,612300,24,0,0.01%,0.00%,36,0,0.01%,0.00%,8.82%,0.00%,1,0,4.17%,0.00%,"8,49 €","0,00 €",1,0
B096ZVZNSY,B008U6TCSW,ARCOS Chaira Afilador Acero Nitrum Cromado Negro 250 mm,278200_,141,2,0.04%,0.02%,186,3,0.03%,0.02%,41.38%,66.67%,1,1,0.71%,50.00%,"16,49 €","16,49 €",1,1
B0B3F4QXML,B008U6TDTK,Arcos Serie Clasica - Juego de Cuchillos de 5 piezas en Caja de Regalo (5 Cuchillos) - Hoja de Acero Inoxidable Forjado NITRUM - Mando de Polioximetileno (POM) - Bloque de madera color marrón acabado lacado,257000,453,12,0.12%,0.13%,654,18,0.12%,0.13%,4.65%,0.00%,1,0,0.22%,0.00%,"144,99 €","0,00 €",1,0
B008U6TRGO,B008U6TRGO,"Arcos Cuchillos mesa - Cuchillo carne Acero Inoxidable Nitrum, Hoja, mango marrón madera -erie Mesa, duradero y apto para lavavajillas (7'')",809300_1Pieza,341,4,0.09%,0.04%,589,6,0.11%,0.04%,0.00%,0.00%,2,0,0.59%,0.00%,"9,98 €","0,00 €",1,0
B0752X1ZCK,B009KPKG8M,Arcos Cuchillos de Mesa - Cuchillo Chuletero Cuchillo de Mesa - Hoja de Acero Inoxidable NITRUM 110 mm - Mango de Nylon - Color Negro,803000_1-Pieza,191,3,0.05%,0.03%,205,3,0.04%,0.02%,77.22%,100.00%,5,0,2.62%,0.00%,"18,75 €","0,00 €",1,0
B009QYZK60,B009QYZK60,HENDI Sopera eléctrica - 8 L - 230V / 450W - ø370x(H)300 mm,H860502,9,0,0.00%,0.00%,13,0,0.00%,0.00%,76.92%,0.00%,1,0,11.11%,0.00%,"110,80 €","0,00 €",1,0
B0F1ZF7H1L,B00BHZPO12,Arcos Cuchillo Cocina Acero Inoxidable Blanco 180 mm,233524_,332,7,0.09%,0.08%,419,8,0.08%,0.06%,15.06%,16.67%,1,0,0.30%,0.00%,"34,99 €","0,00 €",1,0
B00BQU1CN2,B00BQU1CN2,"HENDI Dispensador de Bebidas Calientes Eléctrico, Doble Pared, Termostato Regulable hasta 110°C, 9L, 230V, 2200W, 322x390x(H)522mm, Acero Inoxidable",H211403,18,0,0.00%,0.00%,26,0,0.00%,0.00%,87.50%,0.00%,2,0,11.11%,0.00%,"289,00 €","0,00 €",1,0
B0F54LTCFF,B00CEKDBRS,Espátula Serie Universal 125 x 120 mm,286500,427,23,0.11%,0.25%,585,31,0.11%,0.23%,0.37%,8.70%,1,1,0.23%,4.35%,"20,49 €","20,49 €",1,1
B00D3LDXPM,B00D3LDXPM,ARCOS Abrelatas Manual Aleación de Zinc Plata-Negro 160 mm,603600,116,12,0.03%,0.13%,168,19,0.03%,0.14%,1.45%,7.69%,1,1,0.86%,8.33%,"16,99 €","16,99 €",1,1
B0752TTMS8,B00D3LFAEE,Arcos Chairas - Chaira Afilador Manual de Cuchillos - Cuerpo Ovalado de Acero al Carbono Recubierto de Diamante de 280 mm y 17 mm de diámetro - Mango Polipropileno Color Negro,279200,764,29,0.20%,0.31%,"1,135",41,0.21%,0.31%,0.29%,8.57%,3,3,0.39%,10.34%,"119,97 €","119,97 €",1,1
B00FHTW89A,B00FHTW89A,ARCOS Chaira Afilador Acero al Carbono Cromado 300 mm,278510_,57,0,0.01%,0.00%,80,0,0.01%,0.00%,54.93%,0.00%,1,0,1.75%,0.00%,"22,99 €","0,00 €",1,0
B0D1CW5WWV,B00GZR3RSO,"HENDI Centrifugador de ensaladas, secador de ensaladas, cesta de centrifugado interior extraíble, apto para el lavavajillas, 12 L, ø335x(h)430 mm, Poliamida, Polipropileno",H222553,11,4,0.00%,0.04%,13,5,0.00%,0.04%,76.92%,60.00%,1,1,9.09%,25.00%,"119,75 €","119,75 €",1,1
B00J3ZTXAG,B00J3ZTXAG,Arcos Cuchillo Jamonero 250 mm Acero Inoxidable Serie Latina,101301_fbm,773,14,0.20%,0.15%,"1,095",20,0.20%,0.15%,0.00%,0.00%,6,6,0.78%,42.86%,"53,94 €","53,94 €",1,1
B0F1ZF7H1L,B00J64GECY,Arcos Cuchillo de Cocina Acero Inoxidable 130 mm,231524_,237,4,0.06%,0.04%,266,4,0.05%,0.03%,34.71%,50.00%,1,0,0.42%,0.00%,"23,49 €","0,00 €",1,0
B0F1ZF7H1L,B00J64GI4S,Arcos Riviera Blanc Cuchillo Jamonero Forjado POM Blanco 300 mm,231124_,81,1,0.02%,0.01%,96,1,0.02%,0.01%,78.82%,100.00%,1,0,1.23%,0.00%,"36,99 €","0,00 €",1,0
B0D1D18BGM,B00KLHA6IS,"HENDI Bloque para cortar de HDPE, sin base, tabla de cortar tipo bloque de carnicero, bloque macizo de cocina para cortar carnes, quesos, pescado, 500x400x(H)80mm, polietileno de alta densidad, blanco",H505663,4,0,0.00%,0.00%,4,0,0.00%,0.00%,100.00%,0.00%,1,0,25.00%,0.00%,"132,50 €","0,00 €",1,0
B00L7X7ONU,B00L7X7ONU,HENDI Jarra de zumo - 2 L - ø120x(H)250 mm,H425138,22,1,0.01%,0.01%,25,1,0.00%,0.01%,59.09%,100.00%,2,2,9.09%,200.00%,"39,98 €","39,98 €",1,1
B07Z8TJHZR,B00LGX10MW,ARCOS Sacacorchos Manual Aleación de Zinc 195 mm,603400_,118,4,0.03%,0.04%,151,4,0.03%,0.03%,0.00%,0.00%,1,1,0.85%,25.00%,"17,99 €","17,99 €",1,1
B0CKX4YV2W,B00MFLEA80,"HENDI Expositor buffet frío UNIQ 1 piso, Negro",H871805,52,8,0.01%,0.09%,72,14,0.01%,0.10%,66.67%,23.08%,2,2,3.85%,25.00%,"150,50 €","150,50 €",1,1
B00OF83Z9Q,B00OF83Z9Q,ARCOS Aplastador de Filetes y Carne Acero Inoxidable 140 mm,796000,82,3,0.02%,0.03%,99,6,0.02%,0.04%,35.16%,0.00%,1,0,1.22%,0.00%,"40,90 €","0,00 €",1,0
B017HKR8WS,B00OFR535Q,"Arcos Afiladores - Afilador Eléctrico de Cuchillos Afilador de Cuchillos Eléctricos, Hecho de Plástico, Color Negro (Rodillos de Banda Intercambiables)",610500_fbm,663,14,0.17%,0.15%,744,15,0.14%,0.11%,100.00%,100.00%,1,0,0.15%,0.00%,"247,99 €","0,00 €",1,0
B00U2QWLVS,B00U2QWLVS,Arcos Cuchillo Chuletero de Mesa Acero Inoxidable Nitrum 115 mm,740009_us,40,0,0.01%,0.00%,46,0,0.01%,0.00%,100.00%,0.00%,6,0,15.00%,0.00%,"23,94 €","0,00 €",1,0
B0752TH4FW,B00V3A9XMC,Arcos Serie Riviera Blanc - Juego de Cuchillos de 5 piezas en Caja de Regalo (4 Cuchillos + 1 Tijeras) - Hoja de Acero Inoxidable Forjado NITRUM - Mango de Polioximetileno (POM) - Bloque de madera de color negro lacado,234424_,59,1,0.02%,0.01%,88,1,0.02%,0.01%,100.00%,0.00%,1,0,1.69%,0.00%,"144,99 €","0,00 €",1,0
B00VRZ1YJI,B00VRZ1YJI,Arcos Tijeras Modista Acero Forjado 190 mm - Uso Doméstico y Profesional - Niqueladas Plata - Serie Style,504300,16,1,0.00%,0.01%,21,1,0.00%,0.01%,100.00%,0.00%,1,0,6.25%,0.00%,"13,99 €","0,00 €",1,0
B09ZLJL6JF,B00YU0JT2G,Arcos Serie Lyon - Cuchillo Mondador | Cuchillo Arcos - Hoja de Acero Inoxidable Forjado NITRUM de 100 mm - Mango de Polioximetileno (POM) - Color Negro,250200_,8,0,0.00%,0.00%,9,0,0.00%,0.00%,62.50%,0.00%,1,0,12.50%,0.00%,"20,99 €","0,00 €",1,0
B06XB92VRH,B00YU2YTTM,CUPERINOX Cafetera Italiana Induccion Espresso Acero Inoxidable 4 Tazas,25032,103,2,0.03%,0.02%,129,3,0.02%,0.02%,38.94%,0.00%,1,0,0.97%,0.00%,"16,95 €","0,00 €",1,0
B06XB92VRH,B00YU2ZWGG,CUPERINOX Cafetera Italiana Induccion Espresso Acero Inoxidable 10 Tazas,25034_fbm,133,2,0.03%,0.02%,179,2,0.03%,0.01%,97.55%,50.00%,1,0,0.75%,0.00%,"19,99 €","0,00 €",1,0
B017DLDQXQ,B017DLDQXQ,"Arcos Serie Latina, Cuchillo jamonero, Hoja de 250 mm, Mango Madera",101300_fbm,63,0,0.02%,0.00%,71,0,0.01%,0.00%,98.53%,0.00%,1,0,1.59%,0.00%,"9,49 €","0,00 €",1,0
B0B3F4QXML,B017DLGUJI,Arcos Cuchillo Jamonero Profesional - Hoja Forjada NITRUM 250 mm - Mango POM Resistente - Ideal para Cortes Precisos - Serie Clásica,256700_fbm,373,6,0.10%,0.06%,465,7,0.09%,0.05%,4.67%,0.00%,1,1,0.27%,16.67%,"26,99 €","26,99 €",1,1
B017DLL2KA,B017DLL2KA,"Arcos Regia Cuchillos Mesa Carne Nitrum POM Negro-Oro 4,5 pulg",375000_1Pieza,139,7,0.04%,0.08%,215,10,0.04%,0.07%,28.09%,14.29%,3,0,2.16%,0.00%,"36,57 €","0,00 €",1,0
B017DLMC5Y,B017DLMC5Y,"Arcos Cuchillos para Postre de Acero Inoxidable 18/10, Monoblock de una Pieza, Hoja 205 mm, Juego de 3 Piezas, Serie Toscana, Ideal para Repostería y Cocina, Color Plata",574900_,67,3,0.02%,0.03%,103,4,0.02%,0.03%,20.45%,0.00%,2,0,2.99%,0.00%,"32,98 €","0,00 €",1,0
B09F9M72Z9,B017DLNFNC,Arcos Cuchillos de Mesa - Cuchillo Chuletero Cuchillo de Mesa - Hoja de Acero Inoxidable NITRUM 110 mm - Mango de Polipropileno - Color Negro,805109_1pieza,869,12,0.23%,0.13%,"1,299",14,0.24%,0.10%,0.09%,0.00%,1,0,0.12%,0.00%,"3,99 €","0,00 €",1,0
B0752V8D3X,B017DMTB0M,ARCOS Chaira Acero al Carbono y Diamante 230 mm,782100,62,3,0.02%,0.03%,74,5,0.01%,0.04%,0.00%,0.00%,1,0,1.61%,0.00%,"10,75 €","0,00 €",1,0
B01BNU1VIU,B01BNU1VIU,HENDI Dispensador de chocolate caliente - 5 L - 230V / 1006W - 410x280x(H)465 mm,H893637,16,3,0.00%,0.03%,25,3,0.00%,0.02%,71.43%,33.33%,1,0,6.25%,0.00%,"475,00 €","0,00 €",1,0
B01BQA0K84,B01BQA0K84,"HENDI Soporte de bandejas Redondas, Soporte para Servir y presentar Alimentos, mariscos, con 2 Platos: Ø 300/400mm, ⌀400x(H) 200mm, Acero Inoxidable, Plata",H480519,6,0,0.00%,0.00%,6,0,0.00%,0.00%,100.00%,0.00%,1,0,16.67%,0.00%,"39,70 €","0,00 €",1,0
B088L1YKB9,B01DY485KU,HENDI Thermobox Kitchen Line - GN 1/1-46 L - 600x400x(H)320 mm,H707968,25,3,0.01%,0.03%,33,4,0.01%,0.03%,67.86%,100.00%,1,1,4.00%,33.33%,"57,25 €","57,25 €",1,1
B01DY57HXU,B01DY57HXU,"HENDI Combustible líquido, lata, con mecha, 24 unidades, sin hollín y sin olor, tiempo de combustión 6 horas, dietilenglicol puro, para calentadores de alimentos, calientaplatos, chafing dish, 200 gr",H193938,14,1,0.00%,0.01%,19,1,0.00%,0.01%,93.75%,0.00%,1,0,7.14%,0.00%,"54,25 €","0,00 €",1,0
B06XD39V8J,B06XD39V8J,VINFERMATON – Insecticida Cucarachas y Hormigas Residual 400 ml | Spray Efecto Duradero para Interior y Exterior | Profesional Doméstico | 100 % MADE IN SPAIN,V0012_,167,1,0.04%,0.01%,215,1,0.04%,0.01%,6.76%,0.00%,1,0,0.60%,0.00%,"7,94 €","0,00 €",1,0
B0714CRTF4,B0714CRTF4,"Arcos Cortadora de Pan Profesional - Tabla de Corte de Acero Inoxidable para Cocina - 520 x 270 mm, Polietileno Blanco - Ideal para Panadería y Hogar",689900,29,0,0.01%,0.00%,39,0,0.01%,0.00%,97.14%,0.00%,1,0,3.45%,0.00%,"112,90 €","0,00 €",1,0
B0F5L2FGGS,B071HVWQKP,Arcos Cuchillos Mesa con Hoja Acero Inoxidable. Cuchillos Carne con Mango Madera Palisandro Marrón. Hoja. Corta Carne Asada. Clásicos y Elegantes. Cortein Esfuerzo. Serie Mesa. Color Marrón,373700,296,5,0.08%,0.05%,361,5,0.07%,0.04%,29.18%,25.00%,4,0,1.35%,0.00%,"61,96 €","0,00 €",1,0
B071S7PRTZ,B071S7PRTZ,"Arcos Riviera Blanc, Set Jamonero de 2 piezas, Acero Inoxidable Forjado, Mango POM, Color Blanco",852000_,28,2,0.01%,0.02%,32,3,0.01%,0.02%,80.65%,100.00%,1,0,3.57%,0.00%,"41,99 €","0,00 €",1,0
B0B3F4QXML,B071VT3MKC,Arcos Clásica Cuchillo Cocinero Forjado Acero Inoxidable Nitrum 210 mm,255101_,86,5,0.02%,0.05%,94,6,0.02%,0.04%,98.41%,100.00%,1,0,1.16%,0.00%,"33,75 €","0,00 €",1,0
B0752NT3TH,B072FGV2YB,Arcos Serie Prochef - Tijeras de Cocina - Hoja de Acero Inoxidable - 220 mm - Mango de Polipropileno Color Negro,185900,520,8,0.14%,0.09%,573,9,0.11%,0.07%,25.48%,60.00%,1,0,0.19%,0.00%,"24,99 €","0,00 €",1,0
B077QSX5QT,B077QSX5QT,HENDI Ablandador de carne Profi Line - 51 cuchillas - Rojo - 42x150x(H)118 mm,H843451,3,0,0.00%,0.00%,3,0,0.00%,0.00%,66.67%,0.00%,1,0,33.33%,0.00%,"32,50 €","0,00 €",1,0
B07878SB8W,B07878SB8W,WINS – Fregasuelos Limpiador Amoniacal Pino 018 | Garrafa 5 L | Friegasuelos Perfumado para Suelos y Superficies Lavables | Uso General | 100% Made in Spain,WINS018,39,1,0.01%,0.01%,50,1,0.01%,0.01%,65.96%,100.00%,4,0,10.26%,0.00%,"51,56 €","0,00 €",1,0
B0787B1RJF,B0787B1RJF,"Vinfer Limpia muebles profesional. Envase 400 ml. Formula estudiada para la limpieza de superficies de madera, así como superficies plásticas, cromados, marmoles, cerámicas. Limpia y abrillanta",VP2417,3,0,0.00%,0.00%,5,0,0.00%,0.00%,100.00%,0.00%,1,0,33.33%,0.00%,"8,99 €","0,00 €",1,0
B07CZP72RF,B07CZP72RF,"HENDI Horno de Convección Profesional H90S con Humidificación manual, 2670W, incl. 4 Bandejas de Aluminio, 2 Ventiladores, 50-300°C, Puerta Doble Cristal, 230V, 595x595x(H)570mm, Acero Inoxidable",H227077,86,6,0.02%,0.06%,110,7,0.02%,0.05%,95.92%,80.00%,1,0,1.16%,0.00%,"649,00 €","0,00 €",1,0
B07CZPBVZB,B07CZPBVZB,HENDI Matamoscas de alto voltaje - Cobertura: 150 m² - 230V / 45W - 640x90x(H)360 mm,H270172,5,1,0.00%,0.01%,26,1,0.00%,0.01%,90.48%,0.00%,1,0,20.00%,0.00%,"80,45 €","0,00 €",1,0
B0D1CXLR2J,B07D5DJZBL,HENDI Embudo para repostería Kitchen Line - Gris claro - 1.5 L - 270x195x(H)270 mm,H551813,9,0,0.00%,0.00%,11,0,0.00%,0.00%,77.78%,0.00%,1,1,11.11%,0.00%,"56,99 €","56,99 €",1,1
B0D1CX9SGL,B07D73SB2W,HENDI Colador (malla doble) - ø360x(H)860 mm,H639023,1,0,0.00%,0.00%,3,0,0.00%,0.00%,100.00%,0.00%,1,0,100.00%,0.00%,"35,75 €","0,00 €",1,0
B0FR444FLT,B07D8WQ355,Arcos Serie Manhattan - Cuchillo Cocinero - Hoja de Acero Inoxidable Forjado Nitrum 210 mm - Mango de Polioximetileno (POM) Color Negro - Filo Seda,160600_fbat,110,0,0.03%,0.00%,155,0,0.03%,0.00%,80.15%,0.00%,1,0,0.91%,0.00%,"37,95 €","0,00 €",1,0
B0CZF7K8YX,B07D9TL37B,"HENDI Recipiente Gastronorm GN 2/3, Kitchen Line, resistencia térmica -40 °C a 250 °C, apto para horno y baño maría, 15,5L, 354x325x(H) 200mm, acero inoxidable",H806258,16,5,0.00%,0.05%,21,5,0.00%,0.04%,89.47%,50.00%,1,1,6.25%,20.00%,"29,45 €","29,45 €",1,1
B0D1CV1MT6,B07D9YVLP6,"HENDI Tabla de cortar con certificación HACCP 600x400 - Blanco, 600x400mm",H825600,95,12,0.02%,0.13%,136,17,0.03%,0.13%,70.00%,75.00%,1,0,1.05%,0.00%,"39,74 €","0,00 €",1,0
B0FR444FLT,B07DC8JHV4,Arcos Cuchillo verduras Acero Inoxidable. Cuchillo profesional para pelar frutas y verduras. Mango ergonómico polioximetileno y Hoja 130 mm. Serie Manhattan. Color negro.,161100_,94,1,0.02%,0.01%,105,1,0.02%,0.01%,32.98%,100.00%,1,0,1.06%,0.00%,"24,49 €","0,00 €",1,0
B07DC8MD56,B07DC8MD56,"HENDI Rejilla de asador, GN 1/1, de acero inoxidable cromado, 325x530mm, para todas las parrillas, grill, barbacoas Green Fire de HENDI",H939949,45,1,0.01%,0.01%,51,1,0.01%,0.01%,95.74%,0.00%,2,0,4.44%,0.00%,"41,98 €","0,00 €",1,0
B08P41X49K,B07DP53G8V,"HENDI Lámpara de calor colgante de altura ajustable, cónica, lámpara térmica de infrarrojos para cocina y mantenimiento de alimentos calientes, 230V, 250W, Ø275x(H)250mm, aluminio color plata",H273869,21,9,0.01%,0.10%,23,10,0.00%,0.07%,37.50%,14.29%,2,2,9.52%,22.22%,"183,50 €","183,50 €",1,1
B0B8Z4CJBC,B07F2YVB15,"Arcos Juego Cuchillos Pelar Acero Inoxidable Nitrum 4""",136500_2,692,20,0.18%,0.21%,"1,007",27,0.19%,0.20%,95.38%,13.04%,1,0,0.14%,0.00%,"19,24 €","0,00 €",1,0
B07F9GQZCB,B07F9GQZCB,Arcos Cuchillo para Verduras de 4 Pulgadas con Hoja de 105mm en Acero Inoxidable y Mango de Madera. Cuchillo para Vegetales Apto para Lavavajillas. Serie Latina. Color Marrón,100500_fba,422,9,0.11%,0.10%,639,14,0.12%,0.10%,100.00%,100.00%,1,0,0.24%,0.00%,"36,99 €","0,00 €",1,0
B07FQ94K1Q,B07FQ94K1Q,Arcos Series Maitre - Juego de Cuchillos 5 Piezas (4 Cuchillos + 1 Tijeras) - Hoja de Acero Inoxidable Nitrum - Mango de Polipropileno - Bloque de Madera de Color marrón,152100__,42,1,0.01%,0.01%,60,1,0.01%,0.01%,92.45%,0.00%,1,0,2.38%,0.00%,"74,99 €","0,00 €",1,0
B09GSCQQF9,B07G77FNSF,"Arcos Serie Cuchillos de Mesa Caja 12 uds Cuchillo Postre, Hoja Serrada de Acero Inoxidable NITRUM de 105 mm, Mango Polipropileno Color crema (12 UDS)",370100_us,307,7,0.08%,0.08%,443,11,0.08%,0.08%,100.00%,100.00%,2,2,0.65%,28.57%,"35,76 €","35,76 €",1,1
B07G79YS6D,B07G79YS6D,"Arcos Serie Cuchillos de Mesa Caja 12 uds Cuchillo Chuletero, Hoja Filo de Acero Inoxidable NITRUM de 110 mm, Mango Madera comprimida Color marrón (12 UDS)",373200_fbm,26,0,0.01%,0.00%,33,0,0.01%,0.00%,80.65%,0.00%,1,0,3.85%,0.00%,"70,99 €","0,00 €",1,0
B07H1S3VRW,B07H1S3VRW,"Wins 005 Limpiador Fregasuelos Neutro, Aroma Cítrico, 5 L",WINS005,19,0,0.00%,0.00%,32,0,0.01%,0.00%,92.31%,0.00%,1,1,5.26%,0.00%,"10,95 €","10,95 €",1,1
B0D1GH3QKG,B07MTPQ9KF,"HENDI Báscula pesa balanza digital de cocina, cuerpo de plástico HIPS con pantalla digital LED integrada, alta precisión, máximo 15 kg, 3 pilas AAA no incluidas, 266x269x(h)34 mm, acero inoxidable",H580233,87,20,0.02%,0.21%,161,42,0.03%,0.31%,9.85%,9.38%,1,1,1.15%,5.00%,"42,73 €","42,73 €",1,1
B07MZHDK6L,B07MZHDK6L,"HENDI Descalcificador de agua, 8L",H231210,43,2,0.01%,0.02%,63,2,0.01%,0.01%,68.97%,100.00%,1,0,2.33%,0.00%,"119,75 €","0,00 €",1,0
B0F66KBPV1,B07N7Y7LD9,HENDI Cesta de lavavajillas Profesional para Vasos,H871348,55,6,0.01%,0.06%,69,7,0.01%,0.05%,96.88%,100.00%,1,1,1.82%,16.67%,"21,49 €","21,49 €",1,1
B0FR444FLT,B07N8Q63Z6,Arcos Brooklyn Cuchillo para Tomates Forjado Acero Inoxidable Nitrum 130 mm,192023_,296,2,0.08%,0.02%,332,2,0.06%,0.01%,92.95%,100.00%,1,0,0.34%,0.00%,"31,99 €","0,00 €",1,0
B0FR444FLT,B07N8TNDRV,Arcos Brooklyn Cuchillo Chef Forjado Acero Inoxidable 150 mm,190423_,228,4,0.06%,0.04%,250,4,0.05%,0.03%,27.43%,0.00%,1,0,0.44%,0.00%,"39,99 €","0,00 €",1,0
B07N8VFZP2,B07N8VFZP2,ARCOS Tabla de Cortar Fibra de Resina y Celulosa,708100,592,12,0.15%,0.13%,919,21,0.17%,0.16%,0.13%,5.26%,1,1,0.17%,8.33%,"20,99 €","20,99 €",1,1
B0FR444FLT,B07N8VHP6Y,Arcos Cuchillo deshuesador con Hoja Acero Inoxidable Nitrum 160 mm. Cuchillo profesional para cortar huesos carne. Mango ergonómico polipropileno. Serie Brooklyn. Color azul.,192623_,76,4,0.02%,0.04%,91,4,0.02%,0.03%,96.30%,66.67%,1,0,1.32%,0.00%,"37,99 €","0,00 €",1,0
B0FY5CB86K,B07N8WHPP7,"Arcos Lira de Queso Profesional - Corte Preciso para Quesos - Estructura y Mango de Acero Inoxidable, 210 mm - Herramienta de Cocina Esencial, Color Gris",795100,36,1,0.01%,0.01%,48,1,0.01%,0.01%,78.95%,0.00%,1,0,2.78%,0.00%,"23,33 €","0,00 €",1,0
B07PNHKPMY,B07PNHKPMY,"HENDI Caja de golpe de café, rectangular, modelo en forma de gaveta, recipiente para residuos del café, vaciado de posos de café, con barra de golpeo extraíble,350x250x(H)90mm, acero al carbono",H208694,31,11,0.01%,0.12%,47,19,0.01%,0.14%,29.55%,0.00%,1,0,3.23%,0.00%,"89,95 €","0,00 €",1,0
B07S8PHLKH,B07S8PHLKH,Arcos Nova Set 6 Cuchillos Chuleteros Acero Inoxidable 110 mm,806100_fba,52,3,0.01%,0.03%,68,6,0.01%,0.04%,85.00%,20.00%,1,0,1.92%,0.00%,"17,99 €","0,00 €",1,0
B0843DFZH2,B0843DFZH2,Arcos Set 5 Cuchillos Forjados Acero Inoxidable Nitrum,235024,624,18,0.16%,0.19%,899,28,0.17%,0.21%,35.10%,29.41%,1,0,0.16%,0.00%,"127,89 €","0,00 €",1,0
B0FR444FLT,B0843DNN57,Arcos Set Cuchillos Forjados 4 piezas (3 Cuchillos + 1 tijeras) - Acero Inoxidable Forjado NITRUM - Mango Micarta - Bloques Madera Color Azul. Serie Brooklyn. Impresiona yorprencon Cada Corte.,194000_,269,4,0.07%,0.04%,342,4,0.06%,0.03%,44.81%,50.00%,1,0,0.37%,0.00%,"109,99 €","0,00 €",1,0
B0857QPQZ5,B0857QPQZ5,"HENDI Placa eutéctica de calor profesional, GN 1/2, para cajas térmicas, elemento calefactor, acumulador de calor, bloque térmico, placa caliente, 320x265x(H)30mm, HDPE, rojo",H707784,31,2,0.01%,0.02%,40,7,0.01%,0.05%,35.14%,0.00%,1,0,3.23%,0.00%,"28,98 €","0,00 €",1,0
B08JZF56TG,B08JZF56TG,"HENDI Papelera estrecha, 60 L, 455 x 315 x 580 mm, color gris",H691137,35,1,0.01%,0.01%,45,1,0.01%,0.01%,2.38%,0.00%,1,0,2.86%,0.00%,"48,25 €","0,00 €",1,0
B08GSTDWTC,B08LVVQ3ZQ,"Arcos Serie Nova - Cuchillo para pelar, Acero Inoxidable NITRUM, Envase Ecológico, 3 colores Fucsia, Turquesa y Amarillo",703700fbm,"1,197",28,0.31%,0.30%,"1,891",52,0.35%,0.39%,99.88%,100.00%,1,0,0.08%,0.00%,"11,99 €","0,00 €",1,0
B08M99RZRV,B08M99RZRV,Arcos | Cuchillo Jamonero Cuchillo deshuesador | 2 Uds | Set cuchillos jamoneros 250 mm y cuchillo deshuesador (140 mm) jamonero profesional | cuchillo carnicero profesional | Eco,703800fbm,574,13,0.15%,0.14%,752,13,0.14%,0.10%,99.86%,100.00%,1,0,0.17%,0.00%,"38,62 €","0,00 €",1,0
B08M9QRSW8,B08M9QRSW8,Arcos | Juego Cuchillos cuchillos mesa | 6 Uds | cuchillo fruta | cuchillo postre | Hoja 110 mm | Acero Inoxidable Martensítico | Mango Nylon | apto lavavajillas | Envase Ecológico,703600fbm,76,0,0.02%,0.00%,106,0,0.02%,0.00%,100.00%,0.00%,4,4,5.26%,0.00%,"38,76 €","38,76 €",1,1
B08Y8NS7PN,B08MT61GJV,Arcos Juego Cuchillos Cocina | 2 pzas |Profesional (150 mm) | Cuchillo Cortador Verduras (100 mm)| Acero Inoxidable Nitrum | Mango Negro | Envase Eco,819900fbm,78,1,0.02%,0.01%,98,1,0.02%,0.01%,100.00%,100.00%,1,0,1.28%,0.00%,"18,29 €","0,00 €",1,0
B08VRP7CR7,B08MTXC14T,Arcos Juego Cuchillos Carne | 6 Piezas | Cuchillos Carne Cuchillo chuleteros | Cubiertos Acero Inoxidable | Hoja 110 mm | Mango Redondo y Forma Ovalada | monobock | Caja Envase Ecológico (6 unidades),809900,138,3,0.04%,0.03%,176,3,0.03%,0.02%,100.00%,100.00%,1,0,0.72%,0.00%,"27,99 €","0,00 €",1,0
B09FQ5SZK8,B08MV1BJ5Z,Arcos Serie Nordika - Cuchillo Cocinero - Acero Inoxidable NITRUM - Hoja de 140 mm - Mango de Madera Ovengkol 100% natural FSC - Embalaje 100% reciclado,165400_fbm,203,5,0.05%,0.05%,267,8,0.05%,0.06%,26.75%,50.00%,1,1,0.49%,20.00%,"24,99 €","24,99 €",1,1
B0CQLQ57BT,B08TWYJ47S,"Arcos Cazo Antiadherente 18 cm - Aluminio Fundido, Apto para Todas las Cocinas, Mango Ergonómico, Ahorro Energético, Lavavajillas, Negro/Azul - Serie Thera",719100,53,0,0.01%,0.00%,66,0,0.01%,0.00%,23.33%,0.00%,1,0,1.89%,0.00%,"30,95 €","0,00 €",1,0
B0CQM2K3QY,B08TX19NTQ,"Arcos Thera Olla Grande de Cocina de 28 Cm y 6,6 L. Cacerola Alta para Inducción, Gas y Vitro. Olla de Aluminio Fundido con Tapa de Cristal y Mango Extraíble. Apta Lavavajillas. Color Negro Azul",718800,127,2,0.03%,0.02%,167,5,0.03%,0.04%,49.02%,50.00%,1,0,0.79%,0.00%,"69,95 €","0,00 €",1,0
B08TLR4Z27,B095C22QFS,Arcos jamonero Profesional | Cuchillo jamonero jamonero Inoxidable Nitrum | Mango Negro | Cuchillo Jamon iberico | Serie Maitre| Hoja Flexible y Filo Liso | 275 mm | Acero Inoxidable NITRUM,151811FBM,108,4,0.03%,0.04%,149,5,0.03%,0.04%,100.00%,100.00%,1,0,0.93%,0.00%,"19,99 €","0,00 €",1,0
B09KJLG7BT,B098XWCFXT,CUPERINOX Jamonero Profesional | soporte de jamon | 5 Piezas | tabla jamonera | soporte jamonero | Kit Jamonero (tabla + cuchillo + afilador + pinza + cubre jamon,20229_,200,1,0.05%,0.01%,226,1,0.04%,0.01%,100.00%,0.00%,1,0,0.50%,0.00%,"54,99 €","0,00 €",1,0
B09BVVKYWV,B09BVVKYWV,"CUPERINOX Navaja 5 en1 multiusos | Incluye Afilador Navaja| Funcion Abrebotella, rompecristales y corta cuerdas| Navaja Filo Liso y Sierra|",30060,46,4,0.01%,0.04%,60,5,0.01%,0.04%,100.00%,100.00%,1,1,2.17%,25.00%,"12,39 €","12,39 €",1,1
B09GPS236X,B09GPS236X,"HENDI Portacondimentos de Bar, Bandeja de Guarniciones para Cócteles BarUp, Caja Organizadora con Tapa Transparente, 6 Contenedores de Polipropileno, 480x150x(H) 100mm, HIPS, Negro",H552032,19,3,0.00%,0.03%,27,5,0.00%,0.04%,95.24%,50.00%,1,0,5.26%,0.00%,"30,19 €","0,00 €",1,0
B06XB92VRH,B09LYZ5G5S,CUPERINOX Deluxe Cafetera Italiana Induccion Espresso Inoxidable 6 Tazas,25052,65,1,0.02%,0.01%,76,1,0.01%,0.01%,98.39%,100.00%,1,0,1.54%,0.00%,"31,99 €","0,00 €",1,0
B0FWM351K4,B09P8M12S3,"CUPERINOX® Couture Series - Tijera Costura Profesional 12,5 cm | Acero Inoxidable de Alta Precisión | Corte Fino y Duradero | Uso Doméstico y Profesional",21961,75,2,0.02%,0.02%,98,2,0.02%,0.01%,92.31%,100.00%,1,0,1.33%,0.00%,"8,49 €","0,00 €",1,0
B09S5NF48P,B09S5NF48P,"HENDI Hervidor de agua, eléctrico, protección contra ebullición en seco, función de cocción rápida, base giratoria de 360°, mango ergonómico de polipropileno, apagado automático, 2,5 L, 230 V, 2150 W,",H209936,19,2,0.00%,0.02%,23,2,0.00%,0.01%,61.90%,0.00%,1,0,5.26%,0.00%,"34,95 €","0,00 €",1,0
B0DK3JR7C3,B09S5T6MJL,"HENDI Mezclador Profesional de Bebidas, Aireador/Batidor de Bebidas Ligeras, Frappés, Capuchinos Fríos, Drink Mixer, Incluye 2 Vasos y 4 Agitadores, 230V/400W, 170x196x(H)490mm, Caramelo",H221624,42,6,0.01%,0.06%,77,8,0.01%,0.06%,71.43%,57.14%,1,0,2.38%,0.00%,"149,75 €","0,00 €",1,0
B09S9JLYNK,B09S9JLYNK,"HENDI Máquina para hacer palomitas de maíz, 150g de maíz, ciclo 3,5 min, 230V, 1155W, 560x420x(H)760mm, aluminio, acero inoxidable, cristal templado, negro",H282762,23,1,0.01%,0.01%,36,1,0.01%,0.01%,69.70%,0.00%,1,0,4.35%,0.00%,"401,00 €","0,00 €",1,0
B0CQ5G2HVQ,B09T6L1F99,"Arcos Sarten Antiadherente 28 cm - Aluminio Forjado, Full Induction, Mango Acero Inoxidable, Apta Lavavajillas, Ahorro Energético, Serie Samoa",716510,570,15,0.15%,0.16%,812,18,0.15%,0.13%,8.76%,18.18%,1,0,0.18%,0.00%,"41,40 €","0,00 €",1,0
B09TP1PTLN,B09TP1PTLN,"HENDI Bolsa para Carro de Lavandería, 845x600x(H) 625mm",H691090,246,27,0.06%,0.29%,364,47,0.07%,0.35%,47.00%,18.42%,3,3,1.22%,11.11%,"104,85 €","104,85 €",1,1
B09WYWVGCS,B09WYWVGCS,Arcos Clara Juego 3 Cuchillos Forjados Acero Inoxidable Nitrum,212000_819010,114,3,0.03%,0.03%,170,3,0.03%,0.02%,79.87%,0.00%,1,0,0.88%,0.00%,"53,99 €","0,00 €",1,0
B09ZLJL6JF,B09XDZ78X8,Arcos Serie Lyon - Cuchillo Santoku | Cuchillo Arcos - Hoja de Acero Inoxidable Forjado NITRUM de 180 mm - Mango de Polioximetileno (POM) - Color Negro,253500_,10,0,0.00%,0.00%,10,0,0.00%,0.00%,100.00%,0.00%,1,0,10.00%,0.00%,"34,99 €","0,00 €",1,0
B0B2RGCWLL,B0B2RGCWLL,"HENDI Cesta para Freír, 8L, 238x190x(H)140mm",H930656,149,21,0.04%,0.23%,225,31,0.04%,0.23%,3.79%,13.64%,1,0,0.67%,0.00%,"34,99 €","0,00 €",1,0
B0FWK4CNH3,B0B42QTHTP,CUPERINOX | Tijeras de pescado 18 cm | Tijeras Cocina | tijeras de cocinero profesional para aves pescado carne caza| Accesorios de cocina,21991,40,4,0.01%,0.04%,71,7,0.01%,0.05%,100.00%,100.00%,50,50,125.00%,"1,250.00%","276,00 €","276,00 €",1,1
B0CL3H7NJC,B0BHJ4NDXK,"HENDI Parrilla Eléctrica de Contacto XL, Grill/Plancha Panini y Sandwichera Profesional, Placas Acanaladas de Hierro Fundido Esmaltado, 230V, 2700W, 540x424x(H)216mm, Acero Inoxidable",H263624,16,1,0.00%,0.01%,46,1,0.01%,0.01%,100.00%,0.00%,1,0,6.25%,0.00%,"465,00 €","0,00 €",1,0
B0FQNZM34T,B0BRTZ2X8C,Arcos Serie Opera - Set Cuchillos de Cocina 3 piezas - Acero Inoxidable Forjado NITRUM - Mango POM - Color negro,805900_,123,3,0.03%,0.03%,183,3,0.03%,0.02%,95.27%,100.00%,1,0,0.81%,0.00%,"72,90 €","0,00 €",1,0
B0C49YM5CJ,B0C49YM5CJ,Arcos Serie Nordika - Cuchillo Deba - Acero Inoxidable NITRUM - Hoja de 170 mm - Mango de Madera Ovengkol 100% natural de bosques certificados FSC® - Embalaje 100% reciclado,168100,25,0,0.01%,0.00%,29,0,0.01%,0.00%,100.00%,0.00%,1,0,4.00%,0.00%,"47,99 €","0,00 €",1,0
B0C4B1CKSR,B0C4B1CKSR,Arcos Serie Nordika - Cuchillo Yanagiba - Acero Inoxidable NITRUM - Hoja de 240 mm - Mango de Madera Ovengkol 100% natural de bosques certificados FSC® - Embalaje 100% reciclado,168200,41,0,0.01%,0.00%,61,0,0.01%,0.00%,94.12%,0.00%,1,0,2.44%,0.00%,"50,81 €","0,00 €",1,0
B0C5XR2TFF,B0C5XR2TFF,Arcos Serie Thera | Sarten Antiadherente 22 cm | Aluminio Fundido | Apta cualquier cocina | Mango Ergonómico Plástico y Silicona | Sistema ahorro energético | Apta lavavajillas | Color Negro y Azul,719800,26,0,0.01%,0.00%,34,0,0.01%,0.00%,68.97%,0.00%,1,0,3.85%,0.00%,"32,25 €","0,00 €",1,0
B0D1CXHNFM,B0CFLWSQJX,"HENDI Piedra de afilar japonesa Naniwa, profesional, 2 caras, grano 1000/3000, afilador de cuchillos, piedra de amolar y pulir, incluye caja de almacenamiento de plástico, 185x65x(H)30mm",H820674,26,0,0.01%,0.00%,32,0,0.01%,0.00%,64.52%,0.00%,1,0,3.85%,0.00%,"39,85 €","0,00 €",1,0
B0CHJZ3VBQ,B0CHJZ3VBQ,Arcos jamonero Profesional | Cuchillo jamonero jamonero Inoxidable Nitrum | Mango Blanco | Cuchillo Jamon iberico | Serie Artika| Hoja Flexible y Filo Liso | 275 mm | Acero Inoxidable,151244_,23,1,0.01%,0.01%,39,1,0.01%,0.01%,97.06%,100.00%,1,0,4.35%,0.00%,"16,99 €","0,00 €",1,0
B0CVQ8P4HF,B0CVQ8P4HF,"HENDI Máquina para hacer empanadillas, manual, molde para preparar 5 dumplings a la vez, revestimiento antiadherente, presión uniforme, prensa para pastas rellenas, 470x140x(H)95mm, acero inoxidable",H230107,224,10,0.06%,0.11%,310,14,0.06%,0.10%,81.36%,63.64%,1,1,0.45%,10.00%,"375,00 €","375,00 €",1,1
B0DG2MS2G9,B0DG2MS2G9,"HENDI Cesta de asar para patatas fritas, GN1/1, CONVECTOMAT, para hornos, fondo ondulado, resiste hasta 200°C, bandeja para horno, cesta para freír, 530x325x(H)40mm, acero inoxidable",H808818,16,5,0.00%,0.05%,30,7,0.01%,0.05%,57.69%,16.67%,1,0,6.25%,0.00%,"47,75 €","0,00 €",1,0
B0DKP7F29P,B0DJC1RQ9T,"Arcos Serie Samoa Iconic | Cacerola Antiadherente Cerámico 20 cm y 2,6 L | Aluminio Forjado | Apta cualquier cocina | Mango Acero Inoxidable | Color Negro | LIBRE DE (PFOA/PTFE/PFOS)",716922,132,5,0.03%,0.05%,156,5,0.03%,0.04%,98.50%,100.00%,1,0,0.76%,0.00%,"54,95 €","0,00 €",1,0
B0DVT6KPDV,B0DT73LYPQ,"CUPERINOX Cuchillos Montessori | Set de Cuchillos Infantiles de 16 Piezas | Cuchillos Niños Aprendizaje +2 Años | Incluye Delantal, Guante de Seguridad, Moldes Tabla de Cortar | Kids Collection",27016_,405,7,0.11%,0.08%,560,9,0.10%,0.07%,99.80%,100.00%,1,0,0.25%,0.00%,"19,99 €","0,00 €",1,0
B0DTK9SFBV,B0DTK9SFBV,"HENDI Rodillo de amasar, con rodamientos, rodillo de cocina, rodillo de repostería - panadería, para hacer pan, pizza, galletas, para grandes cantidades de masa, macizo, ø90x545mm, aluminio",H515174,10,0,0.00%,0.00%,14,0,0.00%,0.00%,88.89%,0.00%,1,0,10.00%,0.00%,"51,25 €","0,00 €",1,0
B0DTKB63SV,B0DTKB63SV,"HENDI Batidora de mano, con cable en espiral, brazo batidor: 225mm, velocidad variable: 8500 a 16500 RPM, procesa hasta 3L, batidora de inmersión, ø65x(H)425mm, 220V/1000W, acero inoxidable, ABS",H221181,97,7,0.03%,0.08%,131,9,0.02%,0.07%,94.31%,55.56%,1,0,1.03%,0.00%,"99,50 €","0,00 €",1,0
B0DQV6381X,B0F2Q1K35T,CUPERINOX Soporte Jamonero Balancín | Jamonero Giratorio Profesional | Jamonero Madera | Jamonera Profesional | Tabla Cortar Jamon,20290,"1,204",27,0.31%,0.29%,"1,779",39,0.33%,0.29%,99.56%,100.00%,1,0,0.08%,0.00%,"85,99 €","0,00 €",1,0
B0FR444FLT,B0F3JW5W24,Arcos by Chef José Andrés | Cuchillo Rocking Santoku de 19 cm Forjado para Precisión Culinaria Profesional | Hoja de Acero Inoxidable NITRUM con Borde de Seda | Mango Ergonómico de Madera de Encina,171600,86,4,0.02%,0.04%,102,6,0.02%,0.04%,67.42%,100.00%,1,0,1.16%,0.00%,"78,85 €","0,00 €",1,0
B0F9X4NXL3,B0F9GJRSSJ,"CUPERINOX Cuchillos Mesa, cuchillo carne, cuchillo mantequilla, Set 6 piezas, acero inoxidable, hoja con filo y sierra, cuchillo untar. Apto lavavajillas. Mango ergonomico",20043_6,113,1,0.03%,0.01%,133,1,0.02%,0.01%,100.00%,0.00%,1,0,0.88%,0.00%,"9,99 €","0,00 €",1,0
B0FJLTDB9J,B0F9L19CF8,Set de Cortauñas Profesional,A10002,23,0,0.01%,0.00%,29,0,0.01%,0.00%,100.00%,0.00%,1,0,4.35%,0.00%,"6,99 €","0,00 €",1,0
B0FJLTDB9J,B0F9LGKSXC,CUPERINOX Set 4 Herramientas Manicura y Pedicura|Alicate Pedicuro+Cortauñas Grande+Cortaúñas Mediano con Llavero+Tijera Punta Redonda|Acero Inoxidable Profesional|Uso Doméstico y Viaje,A10003,42,0,0.01%,0.00%,50,0,0.01%,0.00%,100.00%,0.00%,1,0,2.38%,0.00%,"19,99 €","0,00 €",1,0
B0FDL3VP7W,B0FDL3VP7W,VINFERMATON – Insecticida Moscas y Mosquitos Perfume Limón Pack 3×300 ml | Spray Eliminador Insectos Voladores Interior y Exterior | Acción Inmediata Profesional | 100% MADE IN SPAIN,V000_PACK3,10,2,0.00%,0.02%,10,2,0.00%,0.01%,100.00%,100.00%,1,0,10.00%,0.00%,"11,99 €","0,00 €",1,0
B0FGDGV4V4,B0FGDGV4V4,VINFERMATON – Insecticida Mosquitos y Moscas Casa y Terrazas Pack 2×600 ml | Spray Eliminador Insectos Voladores Interior y Exterior | Acción Inmediata Profesional | 100% MADE IN SPAIN,V1612_PACK2,6,0,0.00%,0.00%,12,0,0.00%,0.00%,100.00%,0.00%,1,0,16.67%,0.00%,"14,99 €","0,00 €",1,0
B0FH9NPJ1K,B0FH9NPJ1K,VINFERMATON – Insecticida Cucarachas y Hormigas Antihormigas Instantáneo 600 ml | Spray Eliminador Insectos Rastreros Interior y Exterior | Acción Rápida Profesional | 100% MADE IN SPAIN (2),V0011_PACK2,46,0,0.01%,0.00%,63,0,0.01%,0.00%,91.23%,0.00%,1,0,2.17%,0.00%,"12,99 €","0,00 €",1,0
B0FHKR4Q45,B0FHKR4Q45,VINFERMATON – Insecticida Cucarachas y Hormigas | Antihormigas Instantáneo Pack 3×300 ml | Spray Eliminador Insectos Rastreros Interior y Exterior | Acción Rápida Profesional | MADE IN SPAIN,V101302_PACK3,33,1,0.01%,0.01%,37,2,0.01%,0.01%,100.00%,0.00%,1,0,3.03%,0.00%,"12,99 €","0,00 €",1,0
B0FJRVHBWH,B0FHKWLB7X,"CUPERINOX Tijeras peluqueria profesional 16,5cm | Tijeras corte pelo afiladas precisas hombre mujer barbero estilista | Acero inoxidable duradero | Acabado mate elegante | Ideal uso doméstico y salón",21863,3,1,0.00%,0.01%,6,4,0.00%,0.03%,66.67%,100.00%,6,6,200.00%,600.00%,"59,94 €","59,94 €",1,1
B0G4RSR32Y,B0G1ZPXPWR,"BIOLEAF – Quitagrasas,Desengrasante Cocina Pack 2×750 ml (1,5 L) – Antigrasa Potente Horno, Campana, Placa y Encimeras – Limpieza Profesional – Biodegradable – Sin Disruptores Endocrinos",2644,63,0,0.02%,0.00%,72,0,0.01%,0.00%,100.00%,0.00%,1,0,1.59%,0.00%,"8,99 €","0,00 €",1,0
B0G4S268RT,B0G21QLYZ1,"BIOLEAF–Lavavajillas Manual Pack 2×750 ml (1,5 L) – Detergente Concentrado Desengrasante – Vajilla Brillante y Aclarado Fácil – Biodegradable – Sin Disruptores Endocrinos",2699,126,1,0.03%,0.01%,156,1,0.03%,0.01%,100.00%,100.00%,1,0,0.79%,0.00%,"8,99 €","0,00 €",1,0
B0G4SGJSBJ,B0G25S6KJ7,BIOLEAF – Desincrustante Baños Antical Pack 8×750 ml (6 L) | Limpieza Profesional Lavabos Ducha y Bañera | Brillo Inmediato | Biodegradable y Dermatológicamente Testado,3795,24,0,0.01%,0.00%,27,0,0.00%,0.00%,100.00%,0.00%,1,0,4.17%,0.00%,"29,99 €","0,00 €",1,0
B0G65J8F3L,B0G25V4VFF,BIOLEAF– Multiusos Brillo Duradero Pack 8×750 ml (6 L) | Limpieza Muebles y Superficies | Anti-polvo | Biodegradable y Dermatológicamente Testado,3818,20,0,0.01%,0.00%,22,0,0.00%,0.00%,100.00%,0.00%,1,0,5.00%,0.00%,"24,99 €","0,00 €",1,0
B0G2CJWWVW,B0G2CJWWVW,VINFER| Fregasuelos Limpiador Concentrado 017 con Fragancia a Magnolia 250 ml |Rinde 5 Litros |Friegasuelos Detergente Multiusos Neutro para Suelos y Superficies|100% Made in Spain,WC017,7,0,0.00%,0.00%,8,0,0.00%,0.00%,100.00%,0.00%,1,1,14.29%,0.00%,"12,99 €","12,99 €",1,1
B0G2D1VPYX,B0G2D1VPYX,"VINFER-WINS 004 – Limpiador Multiusos| Pack Ahorro: Garrafa 5L + Concentrado 250 ml | Rinde 10 Litros Totales | Limpieza de Muebles, Cristales y Superficies | 100% Made in Spain",WC004+004,15,3,0.00%,0.03%,17,3,0.00%,0.02%,94.12%,100.00%,1,1,6.67%,33.33%,"18,99 €","18,99 €",1,1
B0G2D49KKR,B0G2D49KKR,VINFER-WINS 010|Ambientador Floral| Pack Ahorro: Garrafa 5L + Concentrado 250 ml | Rinde 10 Litros Totales | Fragancia Elegante y Duradera para Todos los Espacios | 100% Made in Spain,WC010+010,26,0,0.01%,0.00%,29,0,0.01%,0.00%,96.43%,0.00%,1,0,3.85%,0.00%,"19,99 €","0,00 €",1,0
B0G67DKSXN,B0G66TDWL6,BIOLEAF – Gel WC Esencias Marinas Pack 8×750 ml (6 L) | Limpieza Profunda del Inodoro | Gel Denso Sin Salpicaduras | Frescor Duradero | Biodegradable y Dermatológicamente Testado,3801,22,2,0.01%,0.02%,35,2,0.01%,0.01%,100.00%,100.00%,1,0,4.55%,0.00%,"26,99 €","0,00 €",1,0