ASIN (parent),ASIN (child),Título,SKU,Sesiones: total,Sesiones - Total - B2B,Porcentaje de sesiones: total,Porcentaje de sesiones: total - B2B,Visitas: total,Visitas - Total - B2B,Porcentaje de visitas: total,Porcentaje de visitas - Total - B2B,Porcentaje de ofertas destacadas (Buy Box),Porcentaje de ofertas destacadas: B2B,Unidades encargadas,Unidades encargadas - B2B,Porcentaje de unidades por sesión,Porcentaje de sesiones de unidades - B2B,Ventas de productos encargados,Ventas de productos encargados: B2B,Total de artículos de un pedido,Total de artículos de un pedido - B2B
B0FDL4Q2JB,B0FDL4Q2JB,VINFERMATON – Insecticida Avispas y Avisperos Exterior Pack 2×600 ml | Antiavispas | Alcance hasta 4 m | Acción Inmediata Profesional | 100% MADE IN SPAIN,AVISPAS_PACK_2,"29,950","1,731",0.70%,1.50%,"43,391","2,419",0.72%,1.48%,97.85%,96.46%,"7,178","1,033",23.97%,59.68%,"122.765,82 €","17.160,38 €","6,243",642
B0BGRT2BVV,B09G9WBKPG,Arcos Juego de 6 Cuchillos de Mesa Chuleteros Hoja 110 mm Negro 705500,705500(805109),"63,763","1,587",1.49%,1.38%,"92,097","2,229",1.53%,1.36%,38.49%,20.17%,"2,415",13,3.79%,0.82%,"28.517,64 €","169,20 €","2,140",6
B09NT4VRN7,B0812BKN39,Arcos Juego de Cuchillos Mondadores de 3 Piezas,859800_barras_arcos,"162,683","2,844",3.81%,2.47%,"219,416","3,992",3.63%,2.44%,14.00%,12.11%,"2,244",99,1.38%,3.48%,"22.383,72 €","982,09 €","2,088",76
B08J488ZQG,B089QP6MYJ,Arcos Juego Cuchillos Carne | 6 Piezas | Cuchillos carne cuchillo chuleteros | cubiertos acero inoxidable | Hoja 110 mm | mango monobloque | aptos lavavajillas | Caja Envase Ecológico,815600_fba,"30,852",770,0.72%,0.67%,"46,378","1,180",0.77%,0.72%,99.63%,99.51%,"2,206",44,7.15%,5.71%,"58.829,20 €","1.244,17 €","1,834",19
B09DYJY471,B08MTCRCT4,Arcos Juego Cuchillos Cocina Profesionales| Cuchillos Cocina Profesional | Cuchillos Acero Inoxidable Mango Negro | utensilios de cocina | cuchillo japones Santoku | lavavajillas (5 Piezas),816800,"54,028","1,060",1.27%,0.92%,"77,239","1,469",1.28%,0.90%,99.33%,98.75%,"1,721",65,3.19%,6.13%,"51.415,03 €","1.925,46 €","1,698",60
B09DYJY471,B08MTCRCT4,Arcos Juego Cuchillos Cocina Profesionales| Cuchillos Cocina Profesional | Cuchillos Acero Inoxidable Mango Negro | utensilios de cocina | cuchillo japones Santoku | lavavajillas (5 Piezas),816800fbm,"54,028","1,060",1.27%,0.92%,"77,239","1,469",1.28%,0.90%,99.33%,98.75%,"1,498",106,2.77%,10.00%,"44.815,46 €","3.133,40 €","1,466",93
B09KJLG7BT,B08KW4BFZ9,CUPERINOX Jamonero Profesional | Soporte jamonero Tipo Gondola| Base de Corte para Usar con Cuchillo jamonero | Jamon iberico | Fabricado en España,2020CUP,"10,411",153,0.24%,0.13%,"15,322",227,0.25%,0.14%,90.21%,82.76%,"1,400",33,13.45%,21.57%,"19.368,75 €","447,19 €","1,383",28
B0DPKXM18X,B0DNQT7LV3,"CUPERINOX Soporte Jamonero Balancín | Jamonero Giratorio Profesional | Jamonero Madera | Incluye Cuchillo Profesional, Afilador Funda Cubre Jamón| Jamoneros Elite Collection",20265_fbm,"26,918",778,0.63%,0.68%,"48,539","1,437",0.80%,0.88%,99.12%,98.81%,"1,264",34,4.70%,4.37%,"110.265,63 €","2.909,66 €","1,251",30
B08MT437W9,B08MT437W9,Arcos Juego Cuchillos Cocina Profesionales| Cuchillos Cocina Profesional | 6 pzas | Cuchillos Acero Inoxidable Mango Negro | utensilios de cocina serie Niza | Apto lavavajillas,812900,"24,202",436,0.57%,0.38%,"33,868",584,0.56%,0.36%,99.86%,98.89%,"1,207",29,4.99%,6.65%,"39.571,50 €","950,78 €","1,188",27
B0BGRT2BVV,B09G9WBKPG,Arcos Juego de 6 Cuchillos de Mesa Chuleteros Hoja 110 mm Negro 705500,805109_uss,"63,763","1,587",1.49%,1.38%,"92,097","2,229",1.53%,1.36%,38.49%,20.17%,"1,402",122,2.20%,7.69%,"16.874,30 €","1.465,63 €","1,151",84
B0CYTKGNPM,B0CW68KM18,Pelador de Cocina ARCOS - Hoja de Acero Inoxidable | Mango Ergonómico | Herramienta Versátil para Pelar Frutas y Verduras,607300,"14,693",408,0.34%,0.35%,"18,455",503,0.31%,0.31%,88.74%,90.68%,"1,176",85,8.00%,20.83%,"8.903,50 €","637,77 €","1,102",53
B017HKRCGK,B005LR7A1Y,ARCOS Bolsa para Cuchillos 100% Poliéster 460x275 mm,690200_,"17,918",388,0.42%,0.34%,"28,949",605,0.48%,0.37%,55.36%,52.04%,"1,074",44,5.99%,11.34%,"16.930,41 €","662,69 €","1,030",36
B09DYJY471,B08MQJCD2V,Arcos Juego Cuchillos Cocina Profesionales| Cuchillos Cocina Profesional | Cuchillos Acero Inoxidable Mango Negro | utensilios de cocina | cuchillo japones Santoku | lavavajillas (4 Piezas),816900,"16,898",303,0.40%,0.26%,"22,534",385,0.37%,0.24%,99.33%,98.48%,989,25,5.85%,8.25%,"25.531,01 €","640,73 €",979,25
B0G6M1C8V6,B0D4WK78XV,CUPERINOX Aceiteras para Aceite Usado | Grasera Acero Inoxidable 550ML con Filtro Metálico | Recipiente para Aceite Usado de Cocina y Grasa | Grasera Cocina Metálica 550ML 2Uds Metálico,F22105-22106,"11,678",199,0.27%,0.17%,"17,380",296,0.29%,0.18%,88.82%,90.75%,984,26,8.43%,13.07%,"11.730,88 €","311,74 €",970,25
B08GSTDWTC,B08LVVQ3ZQ,"Arcos Serie Nova - Cuchillo para pelar, Acero Inoxidable NITRUM, Envase Ecológico, 3 colores Fucsia, Turquesa y Amarillo",703700_,"15,881",271,0.37%,0.24%,"22,343",391,0.37%,0.24%,91.17%,99.06%,"1,031",38,6.49%,14.02%,"10.783,64 €","396,80 €",949,31
B07YM65C6J,B007TS6HMQ,ARCOS Pinza para Pescado Acero Inoxidable,605000_caja,"6,107",206,0.14%,0.18%,"8,600",294,0.14%,0.18%,81.37%,61.46%,851,36,13.93%,17.48%,"7.803,93 €","324,40 €",826,30
B0F1N351DY,B072FGV2YH,Arcos Juego de 6 Cuchillos Mondadores Acero Inoxidable 100 mm,189100,"85,221","2,278",2.00%,1.98%,"120,507","3,284",2.00%,2.01%,9.81%,6.16%,833,6,0.98%,0.26%,"13.976,01 €","101,94 €",790,2
B08J488ZQG,B089QP6MYJ,Arcos Juego Cuchillos Carne | 6 Piezas | Cuchillos carne cuchillo chuleteros | cubiertos acero inoxidable | Hoja 110 mm | mango monobloque | aptos lavavajillas | Caja Envase Ecológico,815600_,"30,852",770,0.72%,0.67%,"46,378","1,180",0.77%,0.72%,99.63%,99.51%,"1,041",228,3.37%,29.61%,"27.555,68 €","5.775,77 €",769,93
B0FJLTDB9J,B09RP6V156,"CUPERINOX® Alicates para pedicura, Profesional, Cortaúñas de Pies, Acero Inoxidable, Mango Ergonómico Antideslizante, Fácil Limpieza, Con Funda, 2 Años de Garantía",21920AM,"7,650",158,0.18%,0.14%,"11,334",244,0.19%,0.15%,93.27%,98.11%,823,88,10.76%,55.70%,"8.845,07 €","801,08 €",731,44
B017HKSTCQ,B00CFN1M6Q,ARCOS Tijeras de Cocina Multiusos 200 mm,809700_FBA,"23,843",810,0.56%,0.70%,"35,515","1,161",0.59%,0.71%,21.74%,16.49%,754,41,3.16%,5.06%,"8.988,47 €","486,53 €",709,23
B0F4WTVT1Z,B09GPS4SQN,"HENDI Pasta combustible para Chafing Dish, 12 x 200 g",H194362,"7,099",444,0.17%,0.39%,"10,509",624,0.17%,0.38%,81.65%,68.09%,800,123,11.27%,27.70%,"15.936,41 €","2.419,66 €",667,82
B0H9SL9KYG,B0H8SYBZD4,"CUPERINOX 4 Tuppers de Vidrio Herméticos, Rectangulares, sin BPA, Meal Prep",28001,"6,254",93,0.15%,0.08%,"9,718",121,0.16%,0.07%,98.98%,100.00%,673,11,10.76%,11.83%,"10.089,67 €","162,29 €",648,10
B06XD39V8J,B06XD39V8J,VINFERMATON – Insecticida Cucarachas y Hormigas Residual 400 ml | Spray Efecto Duradero para Interior y Exterior | Profesional Doméstico | 100 % MADE IN SPAIN,V0012_,"5,763",172,0.13%,0.15%,"8,339",241,0.14%,0.15%,47.16%,35.03%,828,82,14.37%,47.67%,"6.318,04 €","613,90 €",621,28
B0F9TD2LTH,B09CL776WP,CUPERINOX® Cuchillos de Mesa Acero Inoxidable – Set 12 Cuchillos para Carne con Filo Dentado – Aptos Lavavajillas – Uso Diario y Profesional,15015,"8,613",504,0.20%,0.44%,"13,368",914,0.22%,0.56%,98.00%,97.64%,986,387,11.45%,76.79%,"19.861,00 €","7.444,12 €",576,164
B0DNNL2TZQ,B0DNN57WC1,"CUPERINOX Aceitera de Cristal Antigoteo para Aceite de Oliva, Resistente y Fácil de Limpiar Gourmet Oil Collection (250 Ml)",22022_,"6,514",209,0.15%,0.18%,"9,128",295,0.15%,0.18%,99.37%,99.52%,624,53,9.58%,25.36%,"7.418,73 €","608,82 €",576,35
B0DNNKT1W2,B0DNNFJ5J7,"Cuperinox-Tetera de Cristal con Infusor para Té e Infusiones, Resistente al Calor y Compatible con Microondas ** - Infusion Prestige Collection (350 ml)",26110_,"12,113",303,0.28%,0.26%,"16,853",447,0.28%,0.27%,99.81%,100.00%,644,39,5.32%,12.87%,"9.270,92 €","563,04 €",572,14
B0H4FZYK8Z,B0FH2NLMGN,VINFERMATON Insecticida Hormigas y Cucarachas Residual | Antihormigas | Pack 2×400 ml | Efecto hasta 1 año | Interior y Exterior | Profesional Doméstico | 100% MADE IN SPAIN,V0012_PACK2,"4,753",132,0.11%,0.11%,"6,552",178,0.11%,0.11%,97.07%,94.07%,600,56,12.62%,42.42%,"8.888,38 €","805,32 €",558,44
B0FDL4Q2JB,B0FDL4Q2JB,VINFERMATON – Insecticida Avispas y Avisperos Exterior Pack 2×600 ml | Antiavispas | Alcance hasta 4 m | Acción Inmediata Profesional | 100% MADE IN SPAIN,V0020_PACK_Fba,"29,950","1,731",0.70%,1.50%,"43,391","2,419",0.72%,1.48%,97.85%,96.46%,591,26,1.97%,1.50%,"10.913,09 €","480,74 €",551,24
B071PB1GX3,B071PB1GX3,WINS 007 - Friegasuelos Perfumado | Garrafa 5 L,WINS007,"3,012",263,0.07%,0.23%,"4,031",364,0.07%,0.22%,62.93%,93.85%,751,344,24.93%,130.80%,"7.483,14 €","3.384,20 €",530,215
B09N7S17J6,B09D3YRGL9,"CUPERINOX Navaja Plegable Multiusos – Hoja de Acero Inoxidable 80 mm (Filo Liso + Serrado), Punta Rompevidrios, Apertura Rápida, Clip de Cinturón, Herramienta para Camping, Caza, Pesca y Supervivencia",30061_,"11,193",212,0.26%,0.18%,"15,801",277,0.26%,0.17%,98.71%,98.21%,588,25,5.25%,11.79%,"5.849,16 €","249,75 €",529,17
B0DNNL2TZQ,B0DNNFGWNJ,"CUPERINOX Aceitera de Cristal Antigoteo para Aceite de Oliva, Resistente y Fácil de Limpiar Gourmet Oil Collection (500 Ml)",22023_,"4,952",187,0.12%,0.16%,"6,962",257,0.12%,0.16%,99.46%,99.46%,548,54,11.07%,28.88%,"8.004,65 €","670,71 €",502,38
B095SDL23Y,B095SDL23Y,Arcos | cuchillos de mesa (6 ud) | cuchillos acero inoxidable con sierra cuchillo chuletero cuchillos chuleteros | Fabricado en España,813000_fbm,"7,194",158,0.17%,0.14%,"10,373",216,0.17%,0.13%,99.37%,98.36%,581,24,8.08%,15.19%,"9.501,09 €","382,60 €",500,19
B0CYTKGNPM,B0CW68KM18,Pelador de Cocina ARCOS - Hoja de Acero Inoxidable | Mango Ergonómico | Herramienta Versátil para Pelar Frutas y Verduras,607300_,"14,693",408,0.34%,0.35%,"18,455",503,0.31%,0.31%,88.74%,90.68%,540,64,3.68%,15.69%,"4.557,41 €","515,05 €",497,37
B08M9NWMW8,B08M9NWMW8,Arcos Juego de Cuchillos de Cocina Profesional y Afilador | 7 Piezas | Acero Inoxidable | Taco de Madera | Serie Niza | Uso Cotidiano | Apto para Lavavajillas,835800FBM,"12,726",244,0.30%,0.21%,"18,652",345,0.31%,0.21%,99.39%,99.52%,502,28,3.94%,11.48%,"27.425,66 €","1.506,15 €",490,20
B0DNNKT1W2,B0DNNJPRXB,"Cuperinox-Tetera de Cristal con Infusor para Té e Infusiones, Resistente al Calor y Compatible con Microondas ** - Infusion Prestige Collection (550 ml)",26111_,"7,776",208,0.18%,0.18%,"11,095",305,0.18%,0.19%,99.86%,100.00%,501,25,6.44%,12.02%,"8.366,05 €","412,05 €",460,17
B0FHQJSLGJ,B0FHQJSLGJ,"VINFERMATON - Insecticida Antipolillas Perfumado | Pack 3 x 300 ml | Protección para Armarios, Ropa y Tejidos | Elimina Polillas y Larvas | Aroma Agradable | Uso en Ambientes y Textiles",V1308_PACK3,"3,887",86,0.09%,0.07%,"5,608",119,0.09%,0.07%,99.09%,93.75%,456,18,11.73%,20.93%,"5.850,00 €","228,69 €",436,17
B08MT437W9,B08MT437W9,Arcos Juego Cuchillos Cocina Profesionales| Cuchillos Cocina Profesional | 6 pzas | Cuchillos Acero Inoxidable Mango Negro | utensilios de cocina serie Niza | Apto lavavajillas,812900fbm,"24,202",436,0.57%,0.38%,"33,868",584,0.56%,0.36%,99.86%,98.89%,430,54,1.78%,12.39%,"13.666,86 €","1.725,64 €",426,53
B0GTZB24Q5,B0GTZB24Q5,"VINFERMATON- Fregasuelos Insecticida Pack 2×1L | Antihormigas y Anticucarachas | Elimina Hormigas, Cucarachas y Arañas |Uso Directo en Zócalos y Suelos| Friegasuelos Aroma Lavanda |100% MADE IN SPAIN",FriegasuelosInsecticida_Pack2,"5,842",151,0.14%,0.13%,"8,099",214,0.13%,0.13%,98.65%,100.00%,455,33,7.79%,21.85%,"6.750,90 €","459,57 €",419,23
B017HKSTCQ,B00CFN1M6Q,ARCOS Tijeras de Cocina Multiusos 200 mm,809700_,"23,843",810,0.56%,0.70%,"35,515","1,161",0.59%,0.71%,21.74%,16.49%,539,148,2.26%,18.27%,"6.167,01 €","1.485,91 €",412,33
B0DQV6381X,B0GCX89NVM,"CUPERINOX - Soporte Jamonero Profesional de Acero Inoxidable | Sistema Basculante y Cabezal Giratorio | Estabilidad, Corte Ergonómico y Fácil Limpieza | Apto para Jamones y Paletillas|Elite Collection",20280,"9,355",267,0.22%,0.23%,"16,150",458,0.27%,0.28%,99.70%,100.00%,413,19,4.41%,7.12%,"37.461,84 €","1.723,72 €",406,18
B0DKP7F29P,B0DJBZ1M2L,Arcos Serie Samoa Iconic | Sarten Antiadherente Cerámico 24 cm | Aluminio Forjado | Apta cualquier cocina | Mango Acero Inoxidable | Apta lavavajillas | Color Beige | LIBRE DE (PFOA/PTFE/PFOS),716324,"8,558",183,0.20%,0.16%,"12,533",282,0.21%,0.17%,91.90%,97.21%,402,18,4.70%,9.84%,"15.375,40 €","687,23 €",393,17
B0752X4WZ6,B017DLMFXS,ARCOS Pinzas para Emplatar Acero Inoxidable 200 mm,606300FBM,"32,180",835,0.75%,0.72%,"44,025","1,127",0.73%,0.69%,15.64%,13.33%,397,32,1.23%,3.83%,"4.606,06 €","367,10 €",369,18
B0752X1ZCK,B07G77NN26,Arcos Cuchillos de Mesa - Caja de 12 uds Cuchillo Chuletero Cuchillo de Mesa - Hoja de Acero Inoxidable NITRUM 110 mm - Mango de Nylon - Color Negro (12 uds),803000_fmb,"9,588",249,0.22%,0.22%,"14,612",371,0.24%,0.23%,91.42%,97.34%,406,37,4.23%,14.86%,"11.741,90 €","1.063,07 €",366,24
B0H6BQ4BG5,B0H3Q5DQZ4,VINFERMATÓN Pack 2 Insecticida Mosquitos y Moscas Concentrado Matón PS 250 ml | Spray para Insectos Voladores |Acción Inmediata|Con Piretrinas Sintéticas|Formato Ligero con Dosificación Controlad,MATONPS_PACK2,"1,958",104,0.05%,0.09%,"2,826",158,0.05%,0.10%,93.01%,99.12%,525,95,26.81%,91.35%,"8.115,25 €","1.293,94 €",364,37
B0GY2G2Y86,B08JCVQ4QL,"Arcos Series Niza - Juego de Cuchillos Cocina, 6 Piezas, Cuchillos Verduras 110 mm, + Cuchillo Mesa, Envase 100% Ecológico, Acero Inoxidable NITRUM",809400,"8,415",209,0.20%,0.18%,"12,453",342,0.21%,0.21%,99.54%,99.45%,385,16,4.58%,7.66%,"7.694,83 €","318,52 €",355,13
B0CVH8PC99,B0CQTJ6T66,"CUPERINOX® Cuchillos de Mesa Acero Inoxidable – Set Profesional 12 Piezas con Hoja Serrada de 11 cm y Mango Ergonómico Antideslizante – Para Carne, Verduras y Pescado",99922,"7,570",324,0.18%,0.28%,"10,661",431,0.18%,0.26%,99.86%,100.00%,406,39,5.36%,12.04%,"4.833,04 €","463,55 €",352,32
B0FH2NLMGN,B0FH2NLMGN,VINFERMATON Insecticida Hormigas y Cucarachas Residual | Antihormigas | Pack 2×400 ml | Efecto hasta 1 año | Interior y Exterior | Profesional Doméstico | 100% MADE IN SPAIN,V0012_PACK2,"2,986",113,0.07%,0.10%,"4,183",151,0.07%,0.09%,91.49%,67.53%,377,30,12.63%,26.55%,"5.591,16 €","444,50 €",339,24
B0FGDF2SHZ,B0FGDF2SHZ,VINFERMATON Antihormigas Efecto Permanente | Insecticida Cucarachas y Hormigas Pack 2×600 ml | Efecto hasta 1 año | Interior y Exterior | Profesional y Doméstico | MADE IN SPAIN,V0013_PACK2,"2,863",95,0.07%,0.08%,"3,996",142,0.07%,0.09%,88.14%,83.17%,384,36,13.41%,37.89%,"6.041,31 €","546,11 €",337,22
B0H4FZYK8Z,B0H3Q8F8RW,"VINFERMATÓN Antihormigas y Anticucarachas Pack 3 Insecticida Residual 400 ml x 3 | Total 1,2L | Efecto hasta 1 Año | Interior y Exterior | Spray Profesional",RESIDUAL400ML_PACK3,"2,167",106,0.05%,0.09%,"2,998",138,0.05%,0.08%,99.10%,100.00%,353,56,16.29%,52.83%,"6.617,59 €","1.045,14 €",330,46
B0DNNL2TZQ,B0DNNF3839,"CUPERINOX Aceitera de Cristal Antigoteo para Aceite de Oliva, Resistente y Fácil de Limpiar Gourmet Oil Collection (1000 Ml)",22024_,"3,697",148,0.09%,0.13%,"5,449",199,0.09%,0.12%,99.12%,100.00%,338,25,9.14%,16.89%,"5.979,60 €","419,78 €",322,23
B08M7BMR2S,B08LNRV6N6,"Arcos Afiladores, Afilador de Cuchillos de Mano, Hecho de ABS + TPE, Rodillos Cerámico y Carburo, Color Blanco y Negro",610624,"6,898",170,0.16%,0.15%,"8,762",207,0.15%,0.13%,98.28%,97.06%,326,7,4.73%,4.12%,"4.435,79 €","93,52 €",319,7
B0FT8NPR4X,B0FT8NPR4X,BIOLEAF® – Gel WC + Desincrustante Baños Pack 2×750 ml | Limpieza Antical Baño | Fórmula Biodegradable con Esencias Marinas | Dermatológicamente Testado|100% MADE IN SPAIN,3429,"4,256",49,0.10%,0.04%,"5,345",62,0.09%,0.04%,98.44%,93.62%,318,15,7.47%,30.61%,"3.162,98 €","149,84 €",309,14
B09GSCQQF9,B07G77FNSF,"Arcos Serie Cuchillos de Mesa Caja 12 uds Cuchillo Postre, Hoja Serrada de Acero Inoxidable NITRUM de 105 mm, Mango Polipropileno Color crema (12 UDS)",370100_,"3,000",85,0.07%,0.07%,"4,547",114,0.08%,0.07%,96.06%,100.00%,356,39,11.87%,45.88%,"6.485,30 €","706,19 €",302,16
B0DKP7F29P,B0DJBZPLJF,Arcos Serie Samoa Iconic | Sarten Antiadherente Cerámico 28 cm | Aluminio Forjado | Apta cualquier cocina | Mango Acero Inoxidable | Apta lavavajillas | Color Beige | LIBRE DE (PFOA/PTFE/PFOS),716524,"4,837",96,0.11%,0.08%,"6,848",134,0.11%,0.08%,90.02%,94.12%,308,13,6.37%,13.54%,"13.775,05 €","581,15 €",300,13
B0DNNL2TZQ,B0DNN4J6Q8,"CUPERINOX Aceitera antigoteo cristal para Aceite de Oliva, Vinagre etc. A prueba de fugas, Aceitera cristal antigoteo tambien aceiteros cocina ideal para Ensaladas, BBQ, cooking oil container (125 ML)",22021_,"7,327",229,0.17%,0.20%,"10,067",315,0.17%,0.19%,99.73%,99.53%,408,56,5.57%,24.45%,"4.593,30 €","572,12 €",299,26
B09NT4VRN7,B0812BKN39,Arcos Juego de Cuchillos Mondadores de 3 Piezas,859800_,"162,683","2,844",3.81%,2.47%,"219,416","3,992",3.63%,2.44%,14.00%,12.11%,343,70,0.21%,2.46%,"3.515,12 €","649,34 €",298,39
B08GSTDWTC,B08G4D9718,"Arcos | Cuchillos 3 Colores | Cuchillo de pelar | Cuchillos pelar Patatas | Acero Inoxidable Nitrum| Envase Ecológico | Cuchillo Colores (85 mm, Amarillo, Turquesa, Naranja)",816700_francia,"4,592",111,0.11%,0.10%,"5,903",133,0.10%,0.08%,94.47%,98.67%,309,15,6.73%,13.51%,"3.004,88 €","142,64 €",293,12
B0DNNL2TZQ,B0DNN57WC1,"CUPERINOX Aceitera de Cristal Antigoteo para Aceite de Oliva, Resistente y Fácil de Limpiar Gourmet Oil Collection (250 Ml)",22022,"6,514",209,0.15%,0.18%,"9,128",295,0.15%,0.18%,99.37%,99.52%,321,15,4.93%,7.18%,"3.774,75 €","179,85 €",293,9
B0CYTKGNPM,B0843Q6L5P,ARCOS Pelador Profesional Acero Inoxidable Cromado 130 mm,607000_etq1,"43,926","1,358",1.03%,1.18%,"66,457","1,936",1.10%,1.18%,0.59%,3.49%,310,16,0.71%,1.18%,"1.969,72 €","103,84 €",288,8
B0G6M1C8V6,B0G6L13H45,"CUPERINOX Graseras 1 Litro Acero Inoxidable para Carne y Pescado con Filtro de Malla Fina – Recipiente para Aceite Usado, Antigoteo, Tapa Antisalpicaduras – Gourmet Oil Collection",22121,"2,595",52,0.06%,0.05%,"3,468",73,0.06%,0.04%,98.57%,100.00%,292,11,11.25%,21.15%,"4.327,63 €","163,89 €",287,10
B0G6M1C8V6,B0D4WK78XV,CUPERINOX Aceiteras para Aceite Usado | Grasera Acero Inoxidable 550ML con Filtro Metálico | Recipiente para Aceite Usado de Cocina y Grasa | Grasera Cocina Metálica 550ML 2Uds Metálico,22105-22106,"11,678",199,0.27%,0.17%,"17,380",296,0.29%,0.18%,88.82%,90.75%,283,12,2.42%,6.03%,"3.252,92 €","136,93 €",281,12
B09DYJY471,B08MQJCD2V,Arcos Juego Cuchillos Cocina Profesionales| Cuchillos Cocina Profesional | Cuchillos Acero Inoxidable Mango Negro | utensilios de cocina | cuchillo japones Santoku | lavavajillas (4 Piezas),816900fba,"16,898",303,0.40%,0.26%,"22,534",385,0.37%,0.24%,99.33%,98.48%,306,32,1.81%,10.56%,"7.917,74 €","802,55 €",278,18
B0DKP7F29P,B0DJBZ7G4Y,Arcos Serie Samoa Iconic | Sarten Antiadherente Cerámico 20 cm | Aluminio Forjado | Apta cualquier cocina | Mango Acero Inoxidable | Apta lavavajillas | Color Beige | LIBRE DE (PFOA/PTFE/PFOS),716124,"6,201",96,0.15%,0.08%,"8,557",132,0.14%,0.08%,92.68%,97.83%,282,8,4.55%,8.33%,"9.528,56 €","268,20 €",278,8
B0DNNL2TZQ,B0DNN4J6Q8,"CUPERINOX Aceitera antigoteo cristal para Aceite de Oliva, Vinagre etc. A prueba de fugas, Aceitera cristal antigoteo tambien aceiteros cocina ideal para Ensaladas, BBQ, cooking oil container (125 ML)",22021,"7,327",229,0.17%,0.20%,"10,067",315,0.17%,0.19%,99.73%,99.53%,306,11,4.18%,4.80%,"3.418,71 €","117,01 €",278,8
B0CYTKGNPM,B0843DQCF5,ARCOS Pelador de Verduras en Juliana de Acero Inoxidable Cromado 130 Mm. Pelador Profesional para Cortes en Juliana de Verduras y Hortalizas. Apto Lavavajillas. Color Plata,607200,"9,959",211,0.23%,0.18%,"11,536",251,0.19%,0.15%,96.69%,96.15%,289,22,2.90%,10.43%,"2.158,99 €","156,98 €",274,17
B0CYTKGNPM,B0CW66H3TR,Pelador de Tomate ARCOS - Hoja Serrada de Acero Inoxidable | Mango Ergonómico | Ideal para Tomates,607420,"10,365",206,0.24%,0.18%,"11,883",224,0.20%,0.14%,95.77%,90.91%,293,14,2.83%,6.80%,"2.341,33 €","111,86 €",271,6
B08M7BMR2S,B08LNRV6N6,"Arcos Afiladores, Afilador de Cuchillos de Mano, Hecho de ABS + TPE, Rodillos Cerámico y Carburo, Color Blanco y Negro",610624_fbm,"6,898",170,0.16%,0.15%,"8,762",207,0.15%,0.13%,98.28%,97.06%,269,12,3.90%,7.06%,"3.660,13 €","163,69 €",267,12
B0FBRQYHVM,B0FBRNCHGJ,"CUPERINOX® Ventilador Portátil Silencioso y Recargable con Power Bank 20000mAh, +50H de batería – Ventilador de Mesa USB con Mando, Luz LED y 4 Velocidades – Ideal para Dormir, Camping y Hogar.",27000,"6,241",227,0.15%,0.20%,"10,161",385,0.17%,0.24%,99.30%,100.00%,277,30,4.44%,13.22%,"16.050,88 €","1.457,58 €",264,28
B07G75XCXM,B07G75XCXM,"Arcos Serie Cuchillos de Mesa Caja 12 uds Cuchillo Mesa, Hoja Serrada de Acero Inoxidable NITRUM de 125 mm, Mango Polipropileno Color crema (12 UDS)",370200_fbm,"4,325",111,0.10%,0.10%,"6,820",182,0.11%,0.11%,94.51%,97.64%,283,21,6.54%,18.92%,"5.651,17 €","419,79 €",260,15
B0FBRQYHVM,B0FBRLQK47,"CUPERINOX Ventilador Portatil, Camping, Exterior, Playa, Piscina, Festival| 5+ cargas movil| +48H de bateria | 20000mAh| Powerbank, Luz led, Mando a distancia y Temporizador",27001,"4,824",194,0.11%,0.17%,"7,936",317,0.13%,0.19%,98.65%,100.00%,279,43,5.78%,22.16%,"15.845,00 €","2.069,72 €",259,27
B0DQV6381X,B0DQDQ1DB8,CUPERINOX Jamonero | Jamonero Giratorio | Tabla Cortar Jamon | Jamoneros Profesional | Jamonero Plegable | Tabla Jamon | Cortador de Jamon,SC_20270,"7,211",152,0.17%,0.13%,"10,406",211,0.17%,0.13%,99.56%,100.00%,247,4,3.43%,2.63%,"8.450,03 €","141,00 €",246,4
B0CVH8PC99,B0CQTJ6T66,"CUPERINOX® Cuchillos de Mesa Acero Inoxidable – Set Profesional 12 Piezas con Hoja Serrada de 11 cm y Mango Ergonómico Antideslizante – Para Carne, Verduras y Pescado",99901_12pzs,"7,570",324,0.18%,0.28%,"10,661",431,0.18%,0.26%,99.86%,100.00%,276,50,3.65%,15.43%,"3.250,11 €","570,57 €",244,41
B017HKRCGK,B005LR7AWI,ARCOS Bolsa Portacuchillos 8 Piezas Poliéster 500x510mm,690400_,"6,342",154,0.15%,0.13%,"8,788",222,0.15%,0.14%,54.94%,47.01%,246,12,3.88%,7.79%,"6.114,24 €","293,62 €",241,11
B07YM65C6J,B007TS6HMQ,ARCOS Pinza para Pescado Acero Inoxidable,605000_605010,"6,107",206,0.14%,0.18%,"8,600",294,0.14%,0.18%,81.37%,61.46%,243,19,3.98%,9.22%,"2.303,42 €","177,51 €",234,13
B089MW6B1B,B078JNZS9T,Arcos Estuche de 3 Cuchillos Básicos de Cocina. Pack de Cuchillos con Hoja de Acero Inoxidable y Mango de Polieximetileno Aptos para Lavavajillas. Serie Universal. Color Negro,807400_us,"38,315",755,0.90%,0.66%,"54,000","1,098",0.89%,0.67%,15.39%,17.29%,238,15,0.62%,1.99%,"10.409,02 €","645,85 €",233,14
B0189HXS8Q,B017DLLIUO,Arcos Navaja Profesional Acero Inoxidable 85 mm,485929,"6,959",149,0.16%,0.13%,"9,720",207,0.16%,0.13%,79.17%,85.37%,282,18,4.05%,12.08%,"2.125,40 €","131,29 €",231,10
B09N7S17J6,B09D3YRGL9,"CUPERINOX Navaja Plegable Multiusos – Hoja de Acero Inoxidable 80 mm (Filo Liso + Serrado), Punta Rompevidrios, Apertura Rápida, Clip de Cinturón, Herramienta para Camping, Caza, Pesca y Supervivencia",30061_solo_navaja,"11,193",212,0.26%,0.18%,"15,801",277,0.26%,0.17%,98.71%,98.21%,267,13,2.39%,6.13%,"2.674,03 €","119,49 €",228,10
B0DNNKT1W2,B0DNNJCHQP,"Cuperinox-Tetera de Cristal con Infusor para Té e Infusiones, Resistente al Calor y Compatible con Microondas ** - Infusion Prestige Collection (950 ml)",26113_,"3,005",82,0.07%,0.07%,"4,124",133,0.07%,0.08%,99.53%,100.00%,231,15,7.69%,18.29%,"4.512,33 €","282,12 €",227,14
B093DXB2PK,B00MDJVRG2,Arcos Latina Cuchillo para Verduras Acero Inoxidable 105 mm,100500_1_pieza,"1,756",31,0.04%,0.03%,"2,603",52,0.04%,0.03%,98.89%,100.00%,527,17,30.01%,54.84%,"2.602,34 €","84,83 €",226,4
B0G3ZJ89NB,B0G2MTVR24,Set Jamonero Profesional Premium - Soporte Jamonero de Bambú Giratorio + Cuchillo Jamonero 25 cm con Alvéolos + Cuchillo Deshuesador + Afilador 3 Ranuras | Maestros del Corte by Cuperinox,20271,"3,122",76,0.07%,0.07%,"5,203",144,0.09%,0.09%,99.68%,100.00%,227,8,7.27%,10.53%,"11.115,56 €","394,92 €",226,8
B0788NSRGR,B0788NSRGR,WINS 012 - Detergente Lavavajillas Industrial 5L Profesional,WINS012_5l,918,147,0.02%,0.13%,"1,330",224,0.02%,0.14%,68.32%,93.18%,305,126,33.22%,85.71%,"5.028,44 €","2.024,77 €",225,82
B093DSL44T,B07F9RV81Z,Arcos Cuchillo Chuletero de 4 Pulgadas con Hoja de 105mm en Acero Inoxidable y Mango de Madera. Cuchillo para Carne Apto para Lavavajillas. Serie Latina. Color Marrón,100400_fba,"9,050",179,0.21%,0.16%,"13,949",265,0.23%,0.16%,63.89%,99.40%,252,6,2.78%,3.35%,"9.069,77 €","215,94 €",222,6
B0FHKR4Q45,B0FHKR4Q45,VINFERMATON – Insecticida Cucarachas y Hormigas | Antihormigas Instantáneo Pack 3×300 ml | Spray Eliminador Insectos Rastreros Interior y Exterior | Acción Rápida Profesional | MADE IN SPAIN,V101302_PACK3,"2,460",104,0.06%,0.09%,"3,431",139,0.06%,0.09%,97.78%,100.00%,241,55,9.80%,52.88%,"3.081,99 €","682,65 €",221,44
B0786LYQTP,B0786LYQTP,VINFER- Limpiador y Abrillantador Inox 600 ml | Limpieza y Protección Acero Inoxidable | Efecto Brillo Duradero | Desengrasa y Cuida Superficies Inoxidables | Spray Profesional,VP_Inox600Ml,"1,782",116,0.04%,0.10%,"2,543",163,0.04%,0.10%,84.06%,97.64%,363,117,20.37%,100.86%,"2.830,21 €","852,95 €",219,36
B08GSTDWTC,B08LVVQ3ZQ,"Arcos Serie Nova - Cuchillo para pelar, Acero Inoxidable NITRUM, Envase Ecológico, 3 colores Fucsia, Turquesa y Amarillo",703700fbm,"15,881",271,0.37%,0.24%,"22,343",391,0.37%,0.24%,91.17%,99.06%,238,23,1.50%,8.49%,"2.816,83 €","238,78 €",215,20
B0F9X4NXL3,B0F9KW1V3K,"Cuchillos Mesa, cuchillo carne, cuchillo mantequilla, Set 12 piezas, acero inoxidable, hoja con filo y sierra, cuchillo untar. Apto lavavajillas. Mango ergonomico",20043_12,"6,801",216,0.16%,0.19%,"9,271",296,0.15%,0.18%,99.46%,98.06%,251,45,3.69%,20.83%,"2.960,25 €","508,31 €",215,28
B09KJLG7BT,B098TFPYLY,CUPERINOX Jamonero profesional Gondola | tabla jamon | Cuchillo Jamonero Alveolos Acero Inox + Cubre Jamón Universal | Set cortar jamón (3 PZAS) | Sujeta jamones | tabla jamonero,20228FBM,"3,092",77,0.07%,0.07%,"4,504",117,0.07%,0.07%,98.56%,100.00%,221,17,7.15%,22.08%,"7.653,37 €","594,83 €",214,14
B0189HXS8Q,B015QGR3CK,Arcos Serie Navajas Profesionales - Navaja Profesional - Hoja Filo de Acero Inoxidable NITRUM de 85 mm - Navaja de Acero Inoxidable Color amarillo,485900_fbm,"7,075",139,0.17%,0.12%,"9,702",204,0.16%,0.12%,86.72%,91.38%,285,29,4.03%,20.86%,"2.074,06 €","209,59 €",212,7
B08J488ZQG,B0987N2CBR,Arcos Juego Cuchillos Carne | 6 Piezas | Cuchillos carne cuchillo chuleteros | cubiertos acero inoxidable | Hoja 110 mm | mango monobloque | aptos lavavajillas | Caja Envase Ecológico,814000_fba,"7,947",187,0.19%,0.16%,"9,539",209,0.16%,0.13%,99.88%,100.00%,248,9,3.12%,4.81%,"6.880,01 €","251,91 €",212,6
B017HKRCGK,B005LR7C44,ARCOS Bolsa Portacuchillos 12 Piezas Poliéster 730x510mm,690500_,"6,659",125,0.16%,0.11%,"9,931",184,0.16%,0.11%,44.95%,32.32%,214,4,3.21%,3.20%,"5.984,27 €","111,76 €",210,4
B0FWJYP1S9,B0FWJYP1S9,"Arcos Afilador de cuchillos multiángulo, Preciso y duradero",610400_fbm,"2,356",55,0.06%,0.05%,"3,600",73,0.06%,0.04%,74.72%,79.07%,210,8,8.91%,14.55%,"5.557,32 €","214,14 €",210,8
B07F9GQZCB,B07F9GQZCB,Arcos Cuchillo para Verduras de 4 Pulgadas con Hoja de 105mm en Acero Inoxidable y Mango de Madera. Cuchillo para Vegetales Apto para Lavavajillas. Serie Latina. Color Marrón,100500,"3,947",96,0.09%,0.08%,"6,191",140,0.10%,0.09%,88.76%,97.50%,209,8,5.30%,8.33%,"7.719,26 €","289,48 €",206,7
B0FT8QFSK3,B0FT8QFSK3,BIOLEAF® – Multiusos + Desengrasante Pack 2×750 ml | Limpieza Hogar y Cocina | Potente Antigrasa y Multiusos Brillo Duradero | Fórmula Biodegradable con Esencia Limón | 100% MADE IN SPAIN,3443,"4,067",39,0.10%,0.03%,"5,279",57,0.09%,0.03%,98.75%,100.00%,211,1,5.19%,2.56%,"2.101,89 €","9,99 €",206,1
B0H9YSCFRW,B0GTZB24Q5,"VINFERMATON- Fregasuelos Insecticida Pack 2×1L | Antihormigas y Anticucarachas | Elimina Hormigas, Cucarachas y Arañas |Uso Directo en Zócalos y Suelos| Friegasuelos Aroma Lavanda |100% MADE IN SPAIN",FriegasuelosInsecticida_Pack2,"3,036",70,0.07%,0.06%,"4,086",98,0.07%,0.06%,93.50%,96.77%,214,18,7.05%,25.71%,"3.108,92 €","249,14 €",203,15
B0G6M1C8V6,B0D4WK78XV,CUPERINOX Aceiteras para Aceite Usado | Grasera Acero Inoxidable 550ML con Filtro Metálico | Recipiente para Aceite Usado de Cocina y Grasa | Grasera Cocina Metálica 550ML 2Uds Metálico,22105y22106,"11,678",199,0.27%,0.17%,"17,380",296,0.29%,0.18%,88.82%,90.75%,204,3,1.75%,1.51%,"2.369,64 €","35,97 €",202,3
B0752X4WV1,B005LR73R0,Arcos Juego Chuleteros Mango Madera 110 mm,372000,"33,708",821,0.79%,0.71%,"49,301","1,217",0.82%,0.74%,13.70%,11.10%,236,3,0.70%,0.37%,"5.633,14 €","69,75 €",201,1
B07ZJ8ZJ93,B07ZJ8ZJ93,Arcos Set Jamonero Profesional Acero Inoxidable 3 Piezas,859400_us,"3,720",71,0.09%,0.06%,"5,465",105,0.09%,0.06%,86.95%,92.16%,203,9,5.46%,12.68%,"6.089,00 €","269,94 €",201,7
B0DNNKT1W2,B0DNNJPGTY,"Cuperinox-Tetera de Cristal con Infusor para Té e Infusiones, Resistente al Calor y Compatible con Microondas ** - Infusion Prestige Collection (750 ml)",26112_,"2,960",75,0.07%,0.07%,"4,077",98,0.07%,0.06%,99.00%,100.00%,205,9,6.93%,12.00%,"3.707,58 €","158,95 €",201,7
B0C4DTYRJW,B071LGMMGV,Arcos Juego Cuchillos Cocina Profesionales| Cuchillos Cocina Profesional Set Cuchillos | Mango Negro (3 Piezas),862600,"6,974",171,0.16%,0.15%,"10,525",252,0.17%,0.15%,99.30%,98.83%,201,12,2.88%,7.02%,"8.017,83 €","466,00 €",198,11
B017HKR8WS,B005LR7EP6,ARCOS Afilador de Cuchillos Profesional ABS,610000,"27,257",944,0.64%,0.82%,"39,421","1,504",0.65%,0.92%,23.09%,20.80%,201,25,0.74%,2.65%,"13.243,17 €","1.626,75 €",197,24
B06XB92VRH,B07T6J5JWM,CUPERINOX Cafetera Italiana Induccion Espresso Acero Inoxidable 12 Tazas,25035,"4,800",122,0.11%,0.11%,"7,080",182,0.12%,0.11%,93.75%,98.37%,197,14,4.10%,11.48%,"5.455,18 €","359,51 €",191,9
B0FHKQHYQ7,B0FHKQHYQ7,VINFERMATON – Insecticida Moscas y Mosquitos Sin Olor Pack 2×600 ml | Spray Eliminador Insectos Voladores Interior y Exterior | Acción Inmediata Profesional | 100% MADE IN SPAIN,9J-4FF5-2Q8R,"1,056",80,0.02%,0.07%,"1,381",100,0.02%,0.06%,94.47%,98.81%,213,60,20.17%,75.00%,"3.038,10 €","797,61 €",191,48
B08LVZCG23,B08LVZCG23,Arcos Juego de Cuchillos de Cocina Rosa | 3 pz | Cuchillo Chef para pelar Verduras | Edición Limitada | Solidaria,814500_fba,"25,811",289,0.60%,0.25%,"32,745",385,0.54%,0.24%,98.78%,100.00%,196,6,0.76%,2.08%,"5.813,24 €","173,94 €",190,6
B0752X1ZCK,B07G77NN26,Arcos Cuchillos de Mesa - Caja de 12 uds Cuchillo Chuletero Cuchillo de Mesa - Hoja de Acero Inoxidable NITRUM 110 mm - Mango de Nylon - Color Negro (12 uds),803000,"9,588",249,0.22%,0.22%,"14,612",371,0.24%,0.23%,91.42%,97.34%,205,23,2.14%,9.24%,"5.916,45 €","656,73 €",187,10
B0FBRQYHVM,B0FBRNCHGJ,"CUPERINOX® Ventilador Portátil Silencioso y Recargable con Power Bank 20000mAh, +50H de batería – Ventilador de Mesa USB con Mando, Luz LED y 4 Velocidades – Ideal para Dormir, Camping y Hogar.",A27000,"6,241",227,0.15%,0.20%,"10,161",385,0.17%,0.24%,99.30%,100.00%,193,1,3.09%,0.44%,"11.572,63 €","59,99 €",187,1
B0FT8N82NY,B0FT8N82NY,BIOLEAF® – Lavavajillas+ Desengrasante Cocina Pack 2×750 ml | Limpieza Potente Antigrasa y Vajilla Reluciente | Fórmula Biodegradable con Esencia Limón | Dermatológicamente Testado| 100% MADE IN SPAIN,3436,"25,757",17,0.60%,0.01%,"42,188",27,0.70%,0.02%,94.79%,95.45%,190,3,0.74%,17.65%,"1.892,60 €","29,97 €",186,3
B0CVH8PC99,B0CQTKPL63,CUPERINOX Cuchillos Carne | Cuchillos Mesa | Cuchillos Chuleteros | 24 Piezas | Hoja Serrada | Mango Polipropileno | Acero Inoxidable | 11 cm,99901_24pzs,"2,437",223,0.06%,0.19%,"3,388",312,0.06%,0.19%,99.58%,99.62%,276,76,11.33%,34.08%,"5.339,66 €","1.372,31 €",184,49
B00ID2NEMS,B00ID2NEMS,LIMPIASALPICADEROS PROFESIONAL 750 ML.,VP_SALPICADEROS_750ML,"1,514",90,0.04%,0.08%,"2,185",126,0.04%,0.08%,73.46%,74.26%,386,169,25.50%,187.78%,"3.150,70 €","1.270,41 €",183,25
B07M8DDJ9B,B07M8DDJ9B,"WINS– Ambientador Lavanda Concentrado | Perfume Intenso y Duradero para Hogar, Oficinas y Espacios Comunes | Aroma Natural Relajante | Garrafa 5L | 100% Made in Spain",WINS008,"2,296",154,0.05%,0.13%,"3,092",208,0.05%,0.13%,46.66%,44.05%,210,65,9.15%,42.21%,"3.734,95 €","1.141,73 €",182,45
B08M7BMR2S,B00I9XTLSC,ARCOS Afilador Profesional Manual Cerámica y Carbono Rojo-Negro,610600,"40,451",864,0.95%,0.75%,"59,415","1,247",0.98%,0.76%,5.27%,3.86%,183,0,0.45%,0.00%,"2.289,92 €","0,00 €",181,0
B07G75XCXM,B07G75XCXM,"Arcos Serie Cuchillos de Mesa Caja 12 uds Cuchillo Mesa, Hoja Serrada de Acero Inoxidable NITRUM de 125 mm, Mango Polipropileno Color crema (12 UDS)",370200_us,"4,325",111,0.10%,0.10%,"6,820",182,0.11%,0.11%,94.51%,97.64%,219,44,5.06%,39.64%,"4.326,89 €","836,64 €",179,20
B08DV2WMBQ,B089M821V5,Arcos Cuchillos Carne | 6 pzas | Cuchillos chuleteros Set Cuchillo de Mesa Sierra | Mango Madera | Hoja 110 mm | Cuchillos Carne Mesa | Apto lavavajillas | Envase Carton | Ecologico,815500_,"6,231",158,0.15%,0.14%,"9,323",252,0.15%,0.15%,99.62%,100.00%,206,17,3.31%,10.76%,"6.130,42 €","509,91 €",178,14
B0DVT6KPDV,B0DT75PQN7, ,27017_,"4,332",67,0.10%,0.06%,"6,080",83,0.10%,0.05%,99.61%,100.00%,179,1,4.13%,1.49%,"2.836,19 €","9,91 €",178,1
B0F9TD2LTH,B0CS6V91GR,CUPERINOX® Cuchillos de Mesa con Mango de Madera – Set 6 Cuchillos para Carne con Filo Dentado – Estilo Palmadera tradicional – Aptos para Uso Diario,14015,"7,506",233,0.18%,0.20%,"10,804",322,0.18%,0.20%,99.65%,100.00%,210,17,2.80%,7.30%,"3.818,11 €","300,88 €",173,12
B07H1T4V1B,B07H1T4V1B,WINS – Fregasuelos Neutro Manzana 006 | Friegasuelos Limpiador para Suelos y Superficies con Aroma a Manzana Duradero | Garrafa 5 L | pH Neutro | 100% Made in Spain,WINS006,986,69,0.02%,0.06%,"1,309",85,0.02%,0.05%,84.58%,72.73%,238,90,24.14%,130.43%,"2.519,85 €","906,03 €",171,47
B073JC3QG7,B073JC3QG7,"VINFER- Abrillantador Mopas Spray 750 ml | Limpieza, Protege y Abrillanta Parquet, Terrazo, Mármol, Linóleum y Gres | Formato Profesional",VP_MOPAS_NARANJA,"2,134",73,0.05%,0.06%,"3,050",92,0.05%,0.06%,89.97%,88.71%,232,29,10.87%,39.73%,"2.317,64 €","289,67 €",170,12
B08NW1VQRT,B08NW1VQRT,CUPERINOX Navaja para Setas y Champiñones | Acero Inoxidable | Con Cepillo y Funda Incluida | Micológica,2181,"1,755",29,0.04%,0.03%,"2,472",56,0.04%,0.03%,99.41%,100.00%,195,8,11.11%,27.59%,"2.036,03 €","83,92 €",169,5
B09QDH8MSK,B07N8VWHT9,ARCOS Taco Ovalado Protector de Cuchillos hasta 20 cm,794500_,"13,222",261,0.31%,0.23%,"18,845",381,0.31%,0.23%,18.06%,23.11%,170,6,1.29%,2.30%,"4.484,51 €","155,94 €",166,6
B0DPKXM18X,B0DNQT7LV3,"CUPERINOX Soporte Jamonero Balancín | Jamonero Giratorio Profesional | Jamonero Madera | Incluye Cuchillo Profesional, Afilador Funda Cubre Jamón| Jamoneros Elite Collection",20265_,"26,918",778,0.63%,0.68%,"48,539","1,437",0.80%,0.88%,99.12%,98.81%,166,34,0.62%,4.37%,"14.636,64 €","2.848,71 €",165,34
B0H9SL9KYG,B0H8SZPDGG,"4 Tuppers de Vidrio Herméticos, Cuadrados, sin BPA, Meal Prep",28003,"2,614",37,0.06%,0.03%,"3,472",39,0.06%,0.02%,99.50%,94.74%,168,7,6.43%,18.92%,"2.483,82 €","102,68 €",165,6
B0CN13SJ98,B0CN13SJ98,"HENDI Expositor con cubierta deslizante roll-top, Doble",H871768,"4,085",387,0.10%,0.34%,"6,367",576,0.11%,0.35%,72.49%,63.16%,170,26,4.16%,6.72%,"8.087,50 €","1.208,34 €",162,24
B0CQ5G2HVQ,B0BRNJF5D2,Arcos Serie Samoa | Lote de Sartenes 20 y 24 cm | Aluminio Forjado | Full Induction | Mango Acero Inoxidable Efecto Frio | Sistema ahorro energético | Apta lavavajillas | Color Negro,717810,"6,298",109,0.15%,0.09%,"8,476",154,0.14%,0.09%,86.96%,93.81%,160,10,2.54%,9.17%,"9.570,04 €","596,54 €",159,9
B0B8Z4CJBC,B07F2YVB15,"Arcos Juego Cuchillos Pelar Acero Inoxidable Nitrum 4""",136500,"5,083",131,0.12%,0.11%,"7,479",176,0.12%,0.11%,61.98%,29.55%,164,3,3.23%,2.29%,"3.152,98 €","57,72 €",158,3
B08G8QHY23,B08G8QHY23,Arcos | cuchillos chuleteros cuchillo madera cuchillo chuletero | 6 Piezas | juego cuchillos carne | cuchillos mango madera | Envase Eco | Fabricado en España,809300_,"3,444",93,0.08%,0.08%,"4,968",135,0.08%,0.08%,99.84%,94.51%,195,9,5.66%,9.68%,"4.667,50 €","215,54 €",157,5
B08LVZCG23,B08LVZCG23,Arcos Juego de Cuchillos de Cocina Rosa | 3 pz | Cuchillo Chef para pelar Verduras | Edición Limitada | Solidaria,814500,"25,811",289,0.60%,0.25%,"32,745",385,0.54%,0.24%,98.78%,100.00%,161,5,0.62%,1.73%,"4.791,89 €","143,95 €",157,4
B08TWZYBPZ,B0FZC9C1BJ,"CUPERINOX- Set de Cuchillos Profesionales de Cocina 3 Piezas + Estuche Regalo | Chef 20 cm, Santoku 18 cm y Universal 13 cm | Acero Inoxidable Alta Precisión | Mango Ergonómico| Apto Lavavajillas",19302_FBA,"8,816",198,0.21%,0.17%,"11,687",250,0.19%,0.15%,99.82%,98.63%,160,18,1.81%,9.09%,"4.787,25 €","540,41 €",157,16
B0H9BF64PJ,B0H9BF64PJ,"Cuperinox - Carretilla Plegable + Cuerda, Carga 75 kg, Aluminio Ligero 3,2 kg, Carro de Transporte, Medidas Plegado 62 x 39 x 6 cm, Mango Telescópico, Cajas, Compras, Paquetes y Maletas",28018,"2,116",67,0.05%,0.06%,"3,282",97,0.05%,0.06%,99.35%,100.00%,159,11,7.51%,16.42%,"4.463,99 €","304,08 €",157,11
B0752X4WV1,B005LR73R0,Arcos Juego Chuleteros Mango Madera 110 mm,809300__,"33,708",821,0.79%,0.71%,"49,301","1,217",0.82%,0.74%,13.70%,11.10%,192,27,0.57%,3.29%,"4.508,66 €","609,15 €",154,8
B017HKG9PK,B0044R87RS,Arcos Cuchillo para Maitre Negro 215 mm,151000,"20,735",604,0.49%,0.52%,"31,374",856,0.52%,0.52%,10.31%,7.87%,172,36,0.83%,5.96%,"2.578,29 €","539,65 €",153,19
B007093L9G,B007093L9G,"HENDI Pasta combustible, en botella, sin hollín y sin olor, tiempo de combustión ±3 horas, gel combustible, gel bioetanol, para calentar alimentos, para calientaplatos, chafing dish, 1L, 1 unidad",H195109,"6,292",309,0.15%,0.27%,"9,550",488,0.16%,0.30%,11.68%,6.13%,220,24,3.50%,7.77%,"2.145,78 €","186,21 €",153,6
B095SDL23Y,B095SDL23Y,Arcos | cuchillos de mesa (6 ud) | cuchillos acero inoxidable con sierra cuchillo chuletero cuchillos chuleteros | Fabricado en España,813000,"7,194",158,0.17%,0.14%,"10,373",216,0.17%,0.13%,99.37%,98.36%,185,11,2.57%,6.96%,"3.052,35 €","181,39 €",153,9
B0DNNKT1W2,B0DNNJPRXB,"Cuperinox-Tetera de Cristal con Infusor para Té e Infusiones, Resistente al Calor y Compatible con Microondas ** - Infusion Prestige Collection (550 ml)",26111,"7,776",208,0.18%,0.18%,"11,095",305,0.18%,0.19%,99.86%,100.00%,163,20,2.10%,9.62%,"2.688,24 €","314,27 €",153,14
B08M99RZRV,B08M99RZRV,Arcos | Cuchillo Jamonero Cuchillo deshuesador | 2 Uds | Set cuchillos jamoneros 250 mm y cuchillo deshuesador (140 mm) jamonero profesional | cuchillo carnicero profesional | Eco,703800,"5,622",96,0.13%,0.08%,"7,234",132,0.12%,0.08%,99.82%,98.89%,152,8,2.70%,8.33%,"6.065,80 €","319,92 €",151,8
B0937XXT33,B01CQT1B5U,"Arcos Cuchillos de Mesa Juego de Cuchillos Chuleteros Cuchillos de Mesa, Monoblock de una pieza de Acero Inoxidable 110 mm, Color Plata (12 uds)",702000_us,"4,048",132,0.09%,0.11%,"6,457",222,0.11%,0.14%,77.12%,93.75%,183,24,4.52%,18.18%,"8.643,49 €","1.094,06 €",148,9
B0812P3LZT,B0812P3LZT,"Arcos Nova - Set 3 Cuchillos Mantequilla - Acero Inoxidable 70 mm - Mango en color menta, naranja y limon",859900,"1,873",40,0.04%,0.03%,"2,615",59,0.04%,0.04%,94.84%,100.00%,159,5,8.49%,12.50%,"1.746,22 €","53,04 €",147,5
B0CYTKGNPM,B0CW66H3TR,Pelador de Tomate ARCOS - Hoja Serrada de Acero Inoxidable | Mango Ergonómico | Ideal para Tomates,607420_,"10,365",206,0.24%,0.18%,"11,883",224,0.20%,0.14%,95.77%,90.91%,156,2,1.51%,0.97%,"1.239,72 €","15,98 €",147,2
B0DNNL2TZQ,B0DNNFGWNJ,"CUPERINOX Aceitera de Cristal Antigoteo para Aceite de Oliva, Resistente y Fácil de Limpiar Gourmet Oil Collection (500 Ml)",22023,"4,952",187,0.12%,0.16%,"6,962",257,0.12%,0.16%,99.46%,99.46%,151,1,3.05%,0.53%,"2.235,64 €","14,99 €",147,1
B08G8QCM5H,B08G8QCM5H,ARCOS cuchillo pelador | 6 PIEZAS | cuchillo de pelar | cuchillos pelar patatas | Hoja 100 mm | Negro | cuchillo arcos pelador Acero Inoxidable,816500_fbm,"3,406",273,0.08%,0.24%,"4,666",374,0.08%,0.23%,99.78%,99.65%,170,69,4.99%,25.27%,"3.224,72 €","1.306,73 €",144,51
B0DQV6381X,B0DQR3T9MM,CUPERINOX Jamonero Profesional | Jamonero Giratorio Inoxidable | Jamonero Plegable | Tabla Cortar Jamon | Jamonera | Soporte Jamon,SC_20250,"5,264",131,0.12%,0.11%,"7,340",181,0.12%,0.11%,99.31%,100.00%,144,3,2.74%,2.29%,"7.724,17 €","152,72 €",144,3
B08L8MV8XD,B005LR72SK,Arcos Juego de Cuchillos con Bloque Acero Inoxidable 6 piezas,136100_,"24,821",400,0.58%,0.35%,"34,907",542,0.58%,0.33%,20.93%,14.59%,160,19,0.64%,4.75%,"7.223,58 €","881,29 €",142,7
B0C4DTYRJW,B094QVHPQ8,Arcos Juego Cuchillos Cocina Profesionales| Cuchillos Cocina Profesional Set Cuchillos | Mango Negro (4 Piezas),813500FBM,"8,959",157,0.21%,0.14%,"11,858",205,0.20%,0.13%,97.86%,99.27%,142,7,1.58%,4.46%,"5.646,90 €","279,65 €",142,7
B017HKSTCQ,B00VRWSIUO,ARCOS Tijeras de Cocina para Pescado Acero Inoxidable 240mm,809800_,"8,820",322,0.21%,0.28%,"12,017",461,0.20%,0.28%,20.75%,23.91%,153,27,1.73%,8.39%,"2.792,65 €","492,67 €",141,20
B0937XXT33,B01CQT1B5U,"Arcos Cuchillos de Mesa Juego de Cuchillos Chuleteros Cuchillos de Mesa, Monoblock de una pieza de Acero Inoxidable 110 mm, Color Plata (12 uds)",702000,"4,048",132,0.09%,0.11%,"6,457",222,0.11%,0.14%,77.12%,93.75%,154,14,3.80%,10.61%,"7.382,13 €","671,86 €",141,9
B0GY2G2Y86,B08JCVQ4QL,"Arcos Series Niza - Juego de Cuchillos Cocina, 6 Piezas, Cuchillos Verduras 110 mm, + Cuchillo Mesa, Envase 100% Ecológico, Acero Inoxidable NITRUM",809400_,"8,415",209,0.20%,0.18%,"12,453",342,0.21%,0.21%,99.54%,99.45%,149,6,1.77%,2.87%,"2.970,10 €","119,94 €",141,5
B0FJLTDB9J,B09RP6V156,"CUPERINOX® Alicates para pedicura, Profesional, Cortaúñas de Pies, Acero Inoxidable, Mango Ergonómico Antideslizante, Fácil Limpieza, Con Funda, 2 Años de Garantía",21920AM_fba,"7,650",158,0.18%,0.14%,"11,334",244,0.19%,0.15%,93.27%,98.11%,149,20,1.95%,12.66%,"1.733,58 €","188,15 €",141,15
B0FR444FLT,B07JJGXYZD,Arcos Set Cocina Serie Manhattan,858100,"11,984",221,0.28%,0.19%,"16,287",355,0.27%,0.22%,97.21%,97.99%,142,10,1.18%,4.52%,"11.563,29 €","811,70 €",140,9
B08JCVQ4QL,B08JCVQ4QL,"Arcos Series Niza - Juego de Cuchillos Cocina, 6 Piezas, Cuchillos Verduras 110 mm, + Cuchillo Mesa, Envase 100% Ecológico, Acero Inoxidable NITRUM",809400_,"3,450",67,0.08%,0.06%,"5,120",100,0.08%,0.06%,99.59%,100.00%,144,8,4.17%,11.94%,"2.854,62 €","151,98 €",139,8
B0752X4WZ6,B00TA4O5YO,ARCOS Pinzas para Emplatar Acero Inoxidable 300 mm,606200,"13,013",329,0.30%,0.29%,"16,713",410,0.28%,0.25%,14.81%,4.53%,145,0,1.11%,0.00%,"1.666,64 €","0,00 €",137,0
B08DV2WMBQ,B089M821V5,Arcos Cuchillos Carne | 6 pzas | Cuchillos chuleteros Set Cuchillo de Mesa Sierra | Mango Madera | Hoja 110 mm | Cuchillos Carne Mesa | Apto lavavajillas | Envase Carton | Ecologico,815500,"6,231",158,0.15%,0.14%,"9,323",252,0.15%,0.15%,99.62%,100.00%,181,26,2.90%,16.46%,"5.397,61 €","749,16 €",137,11
B0F9TD2LTH,B09CL776WP,CUPERINOX® Cuchillos de Mesa Acero Inoxidable – Set 12 Cuchillos para Carne con Filo Dentado – Aptos Lavavajillas – Uso Diario y Profesional,15015_,"8,613",504,0.20%,0.44%,"13,368",914,0.22%,0.56%,98.00%,97.64%,200,10,2.32%,1.98%,"4.380,16 €","225,91 €",136,3
B093313MH6,B093313MH6,Arcos | Cuchillo de deshuesar| Cuchillo deshuesador | cuchillo deshuesador jamón | cuchillo deshuesador (140 mm) Clásica| Envase Eco | cuchillo puntilla jamonero,256210_fba,"3,100",83,0.07%,0.07%,"4,329",111,0.07%,0.07%,98.97%,98.41%,140,19,4.52%,22.89%,"2.877,32 €","359,69 €",133,15
B0F54LTCFF,B00J4L7FEU,Arcos Hachuela Macheta de Cocina Acero Inoxidable 160 mm,282404_us,"13,095",359,0.31%,0.31%,"19,782",562,0.33%,0.34%,17.30%,14.21%,134,12,1.02%,3.34%,"3.320,18 €","285,44 €",131,10
B0F1N351DY,B073V5RN1J,Arcos Cuchillo Mondador Acero Inoxidable NITRUM 100 mm - Ideal para Pelar Frutas y Verduras - Mango Ergonómico Polipropileno Negro - Serie Nova,816500_1pieza,"7,718",160,0.18%,0.14%,"8,900",183,0.15%,0.11%,97.01%,93.46%,166,5,2.15%,3.13%,"788,76 €","23,77 €",131,2
B0189HXS8Q,B015QGR3CK,Arcos Serie Navajas Profesionales - Navaja Profesional - Hoja Filo de Acero Inoxidable NITRUM de 85 mm - Navaja de Acero Inoxidable Color amarillo,485900_fba,"7,075",139,0.17%,0.12%,"9,702",204,0.16%,0.12%,86.72%,91.38%,163,23,2.30%,16.55%,"1.166,54 €","160,41 €",130,4
B0FWM351K4,B06Y66X8SW,CUPERINOX® Couture Series - Tijera Costura Profesional 10 cm | Acero Inoxidable de Alta Precisión | Corte Fino para Detalles y Acabados | Uso Doméstico y Profesional,21960,"1,195",29,0.03%,0.03%,"1,679",35,0.03%,0.02%,96.69%,100.00%,143,18,11.97%,62.07%,"999,69 €","125,82 €",130,10
B0D73CM824,B0D73CM824,"Arcos Cuchillo Mesa | Cuchillo Chuletero | Cuchillo Carne| Cuchillo de Mesa | Pack 12 Unidades| Hoja de Acero Inoxidable115 mm, Mango de Polipropileno Color Negro",740000_fbm,"9,006",203,0.21%,0.18%,"13,006",293,0.22%,0.18%,99.68%,98.26%,133,5,1.48%,2.46%,"4.082,07 €","148,05 €",130,5
B0H4FXVLKL,B0786LYQTP,VINFER- Limpiador y Abrillantador Inox 600 ml | Limpieza y Protección Acero Inoxidable | Efecto Brillo Duradero | Desengrasa y Cuida Superficies Inoxidables | Spray Profesional,VP_Inox600Ml,932,39,0.02%,0.03%,"1,270",53,0.02%,0.03%,94.36%,97.83%,145,23,15.56%,58.97%,"1.134,28 €","179,00 €",128,14
B08M5K93QF,B08M5K93QF,Arcos Juego Cuchillos Mesa | 6 Uds | Cuchillo Postre | Cuchillos Mesa | Cuchillo Carne | Hoja 105 mm | Acero Inoxidable Martensítico | Mango Polipropileno | Apto lavavajillas | Envase Ecológico,703500_etq,"1,542",33,0.04%,0.03%,"2,245",53,0.04%,0.03%,98.31%,100.00%,146,12,9.47%,36.36%,"1.602,46 €","142,30 €",128,4
B0DNNL2TZQ,B0DNNF3839,"CUPERINOX Aceitera de Cristal Antigoteo para Aceite de Oliva, Resistente y Fácil de Limpiar Gourmet Oil Collection (1000 Ml)",22024,"3,697",148,0.09%,0.13%,"5,449",199,0.09%,0.12%,99.12%,100.00%,128,2,3.46%,1.35%,"2.290,55 €","35,98 €",125,1
B0HF542K6S,B071PB1GX3,WINS 007 - Friegasuelos Perfumado | Garrafa 5 L,WINS007,800,71,0.02%,0.06%,"1,079",100,0.02%,0.06%,61.47%,97.44%,158,76,19.75%,107.04%,"1.568,87 €","749,86 €",123,58
B07N7YDTMX,B07N7YDTMX,"HENDI Cesta para cubiertos, 125x84x(H) 135mm",H871324,694,90,0.02%,0.08%,"1,071",119,0.02%,0.07%,89.92%,90.91%,208,84,29.97%,93.33%,"1.760,45 €","705,81 €",123,45
B0C4DTYRJW,B071LGMMGV,Arcos Juego Cuchillos Cocina Profesionales| Cuchillos Cocina Profesional Set Cuchillos | Mango Negro (3 Piezas),862600_,"6,974",171,0.16%,0.15%,"10,525",252,0.17%,0.15%,99.30%,98.83%,123,14,1.76%,8.19%,"4.897,54 €","552,91 €",122,14
B0DKP7F29P,B0FS81RDVL,"Arcos Sartén Samoa Inox 24 cm, Acero inoxidable tricapa sin PFAS",726300,"7,742",138,0.18%,0.12%,"11,093",205,0.18%,0.13%,76.56%,91.00%,122,7,1.58%,5.07%,"4.651,76 €","265,65 €",122,7
B093DSL44T,B07F9RV81Z,Arcos Cuchillo Chuletero de 4 Pulgadas con Hoja de 105mm en Acero Inoxidable y Mango de Madera. Cuchillo para Carne Apto para Lavavajillas. Serie Latina. Color Marrón,100400,"9,050",179,0.21%,0.16%,"13,949",265,0.23%,0.16%,63.89%,99.40%,137,5,1.51%,2.79%,"4.910,89 €","177,25 €",120,3
B0G65J8F3L,B0G21CXVCW,"BIOLEAF – Limpiador Multiusos Pack 2×750 ml (1,5 L) – Limpiador Hogar Cocina y Baño – Antipolvo y Acabado Sin Marcas – Alta Eficacia – Biodegradable – Sin Disruptores Endocrinos",2668,"1,506",11,0.04%,0.01%,"1,954",12,0.03%,0.01%,99.01%,100.00%,121,2,8.03%,18.18%,"1.189,29 €","19,98 €",119,2
B0F54LTCFF,B006LMX2EW,Arcos Universal Cuchillo Jamonero Acero Hoja Hueca Negro 280 mm,281901_,"7,558",211,0.18%,0.18%,"10,607",282,0.18%,0.17%,22.64%,24.73%,121,10,1.60%,4.74%,"2.831,72 €","222,94 €",118,8
B0F54LTCFF,B07JJGTQK4,Arcos Conjunto Cuchillos 3 Piezas Acero Inoxidable Nitrum,807410_,"3,720",110,0.09%,0.10%,"5,411",127,0.09%,0.08%,61.13%,67.01%,121,8,3.25%,7.27%,"5.310,44 €","343,92 €",118,7
B0D73CM824,B0D73CM824,"Arcos Cuchillo Mesa | Cuchillo Chuletero | Cuchillo Carne| Cuchillo de Mesa | Pack 12 Unidades| Hoja de Acero Inoxidable115 mm, Mango de Polipropileno Color Negro",740000,"9,006",203,0.21%,0.18%,"13,006",293,0.22%,0.18%,99.68%,98.26%,119,4,1.32%,1.97%,"3.670,59 €","118,32 €",117,4
B0DVT6KPDV,B0DT73LYPQ,"CUPERINOX Cuchillos Montessori | Set de Cuchillos Infantiles de 16 Piezas | Cuchillos Niños Aprendizaje +2 Años | Incluye Delantal, Guante de Seguridad, Moldes Tabla de Cortar | Kids Collection",27016,"3,583",90,0.08%,0.08%,"4,980",120,0.08%,0.07%,99.24%,100.00%,117,6,3.27%,6.67%,"2.226,67 €","100,40 €",117,6
B0G4S268RT,B0G21QLYZ1,"BIOLEAF–Lavavajillas Manual Pack 2×750 ml (1,5 L) – Detergente Concentrado Desengrasante – Vajilla Brillante y Aclarado Fácil – Biodegradable – Sin Disruptores Endocrinos",2699,910,9,0.02%,0.01%,"1,192",10,0.02%,0.01%,99.10%,100.00%,119,2,13.08%,22.22%,"1.179,31 €","19,98 €",117,2
B0F1N351DY,B072FGV2YH,Arcos Juego de 6 Cuchillos Mondadores Acero Inoxidable 100 mm,189100_2,"85,221","2,278",2.00%,1.98%,"120,507","3,284",2.00%,2.01%,9.81%,6.16%,150,77,0.18%,3.38%,"2.507,92 €","1.248,38 €",116,47
B09GSCQQF9,B07G77FNSF,"Arcos Serie Cuchillos de Mesa Caja 12 uds Cuchillo Postre, Hoja Serrada de Acero Inoxidable NITRUM de 105 mm, Mango Polipropileno Color crema (12 UDS)",370100_us,"3,000",85,0.07%,0.07%,"4,547",114,0.08%,0.07%,96.06%,100.00%,165,57,5.50%,67.06%,"2.955,47 €","989,07 €",116,16
B0DNNKT1W2,B0DNNFJ5J7,"Cuperinox-Tetera de Cristal con Infusor para Té e Infusiones, Resistente al Calor y Compatible con Microondas ** - Infusion Prestige Collection (350 ml)",26110,"12,113",303,0.28%,0.26%,"16,853",447,0.28%,0.27%,99.81%,100.00%,207,102,1.71%,33.66%,"2.805,10 €","1.248,68 €",115,22
B0DVT6KPDV,B0DT75PQN7, ,27017,"4,332",67,0.10%,0.06%,"6,080",83,0.10%,0.05%,99.61%,100.00%,120,1,2.77%,1.49%,"1.684,46 €","16,99 €",115,1
B0DKP7F29P,B0DJBZRDXV,Arcos Serie Samoa Iconic | Sarten Antiadherente Cerámico 24 cm | Aluminio Forjado | Apta cualquier cocina | Mango Acero Inoxidable | Apta lavavajillas | Color Negro | LIBRE DE (PFOA/PTFE/PFOS),716322,"3,008",57,0.07%,0.05%,"3,930",71,0.07%,0.04%,88.90%,97.30%,117,2,3.89%,3.51%,"4.654,79 €","79,88 €",112,1
B0FDKX6V41,B0FDKX6V41,VINFERMATON – Insecticida Moscas y Mosquitos Perfume Limón Pack 2×600 ml | Spray Eliminador Insectos Voladores Interior y Exterior | Acción Inmediata Profesional | 100% MADE IN SPAIN,V0009_PACK2,610,21,0.01%,0.02%,817,25,0.01%,0.02%,96.22%,93.75%,138,20,22.62%,95.24%,"1.648,80 €","232,58 €",111,14
B0H9SL9KYG,B0H9B59PGQ,"CUPERINOX 12 Tuppers de Vidrio Herméticos, 3 Formas, sin BPA, Meal Prep",28007,"1,493",25,0.03%,0.02%,"2,132",38,0.04%,0.02%,99.12%,95.83%,109,2,7.30%,8.00%,"3.756,11 €","60,71 €",109,2
B0792XNYCY,B0792XNYCY,VINFER Detergente alcalino clorado Wins 022. Botella de 5 litros. Limpieza e higiene para Todo Tipo de Superficies,WINS022,880,81,0.02%,0.07%,"1,254",120,0.02%,0.07%,69.11%,96.88%,149,69,16.93%,85.19%,"1.734,99 €","785,32 €",108,36
B0189HXS8Q,B017DLLIUO,Arcos Navaja Profesional Acero Inoxidable 85 mm,485929_,"6,959",149,0.16%,0.13%,"9,720",207,0.16%,0.13%,79.17%,85.37%,144,27,2.07%,18.12%,"1.047,18 €","187,23 €",106,5
B0DKP7F29P,B0DJC17TXZ,"Arcos Serie Samoa Iconic | Cacerola Baja Antiadherente Cerámico 28 cm y 4,3 L | Aluminio Forjado | Apta cualquier cocina | Mango Acero Inoxidable | Color Beige | LIBRE DE (PFOA/PTFE/PFOS)",717124,"4,868",80,0.11%,0.07%,"6,842",104,0.11%,0.06%,80.90%,74.60%,106,3,2.18%,3.75%,"7.577,46 €","213,13 €",103,3
B0F9X4NXL3,B0F9KXQKLG,"CUPERINOX Cuchillos Mesa, cuchillo carne, cuchillo mantequilla, Set 24 piezas, acero inoxidable, hoja con filo y sierra, cuchillo untar. Apto lavavajillas. Mango ergonomico",20043_24,"1,423",60,0.03%,0.05%,"1,844",98,0.03%,0.06%,99.22%,91.55%,154,51,10.82%,85.00%,"2.952,00 €","905,03 €",101,16
B008W7L5HK,B008W7L5HK,ARCOS Chaira Afilador Manual de Cuchillos 250 mm,278400,"10,574",269,0.25%,0.23%,"14,913",395,0.25%,0.24%,8.12%,9.72%,100,10,0.95%,3.72%,"1.196,54 €","119,56 €",100,10
B0FR444FLT,B07YYDR6D8,Arcos Juego de Cuchillos de Cocina. 3 piezas de Acero Inoxidable forjado. Impresiona yorprencon cada corte. Mango Micarta azul. Serie Brooklyn. Color Azul.,858110_,"15,233",308,0.36%,0.27%,"19,888",417,0.33%,0.26%,96.49%,91.12%,102,5,0.67%,1.62%,"10.095,60 €","461,11 €",100,4
B08G8QCM5H,B08G8QCM5H,ARCOS cuchillo pelador | 6 PIEZAS | cuchillo de pelar | cuchillos pelar patatas | Hoja 100 mm | Negro | cuchillo arcos pelador Acero Inoxidable,816500_,"3,406",273,0.08%,0.24%,"4,666",374,0.08%,0.23%,99.78%,99.65%,104,20,3.05%,7.33%,"1.957,85 €","372,68 €",99,18
B0FT8NLHQ3,B0FT8NLHQ3,BIOLEAF® – Multiusos + Limpiacristales Pack 2×750 ml | Limpieza Total Hogar | Brillo Duradero en Superficies y Cristales Sin Huellas | Fórmula Biodegradable | Dermatológicamente Testado,3450,"2,089",19,0.05%,0.02%,"2,601",24,0.04%,0.01%,98.84%,100.00%,104,2,4.98%,10.53%,"1.034,46 €","19,98 €",98,2
B0F54LTCFF,B0044R87UA,Arcos Cuchillo Jamonero con Alveolos Acero Inoxidable 240mm,281801_,"17,772",416,0.42%,0.36%,"27,593",629,0.46%,0.38%,6.65%,11.65%,98,10,0.55%,2.40%,"1.949,20 €","195,81 €",96,10
B00I9XTKI8,B00I9XTKI8,ARCOS Taco Ovalado Protector de Cuchillos hasta 20 cm,794100_,"6,284",129,0.15%,0.11%,"8,882",172,0.15%,0.11%,24.32%,22.02%,96,2,1.53%,1.55%,"2.495,47 €","51,98 €",95,2
B0F9TD2LTH,B0CS6V91GR,CUPERINOX® Cuchillos de Mesa con Mango de Madera – Set 6 Cuchillos para Carne con Filo Dentado – Estilo Palmadera tradicional – Aptos para Uso Diario,14015_us,"7,506",233,0.18%,0.20%,"10,804",322,0.18%,0.20%,99.65%,100.00%,116,8,1.55%,3.43%,"2.124,32 €","140,61 €",95,5
B0DKP7F29P,B0DJBZ635J,"Arcos Serie Samoa Iconic | Cacerola Antiadherente Cerámico 20 cm y 2,6 L | Aluminio Forjado | Apta cualquier cocina | Mango Acero Inoxidable | Color Beige | LIBRE DE (PFOA/PTFE/PFOS)",716924,"5,543",67,0.13%,0.06%,"7,834",98,0.13%,0.06%,82.21%,98.48%,95,7,1.71%,10.45%,"5.117,15 €","377,65 €",94,7
B0H9SL9KYG,B0H8T2L5L4,"CUPERINOX 4 Tuppers de Vidrio Herméticos, Redondos, sin BPA, Meal Prep",28005,"1,413",17,0.03%,0.01%,"1,881",20,0.03%,0.01%,98.98%,100.00%,94,2,6.65%,11.76%,"1.386,69 €","29,23 €",94,2
B08TWZYBPZ,B0FZC8B2NX,"CUPERINOX - Estuche de Cuchillos Profesionales de Cocina 4 Piezas | Chef 20 cm, Santoku 18 cm, Universal 13 cm y Pelador 9 cm | Acero Inoxidable de Alta Precisión | Mango Ergonómico",19301_FBA,"6,585",189,0.15%,0.16%,"8,772",275,0.15%,0.17%,99.93%,100.00%,97,18,1.47%,9.52%,"3.369,83 €","611,62 €",92,14
B0CQ5G2HVQ,B09T6G47Z6,"Arcos Sarten Antiadherente 26 cm - Aluminio Forjado, Full Induction, Mango Acero Inoxidable Efecto Frío, Apta Lavavajillas, Ahorro Energético, Serie Samoa",716410,"1,637",51,0.04%,0.04%,"2,260",70,0.04%,0.04%,54.46%,47.37%,93,5,5.68%,9.80%,"3.648,71 €","196,96 €",91,4
B00CRMZA8Q,B00CRMZA8Q,ARCOS Sacacorchos Eléctrico en ABS con Batería Interna Recargable. Abrebotellas Eléctrico Moderno y Elegante con Cortacápsulas y Luz Indicadora. Color Negro,604600_,"14,377",230,0.34%,0.20%,"20,058",322,0.33%,0.20%,27.15%,23.08%,100,10,0.70%,4.35%,"4.299,00 €","429,90 €",90,3
B07G76NW26,B07G76NW26,"Arcos Serie Cuchillos de Mesa Caja 12 uds Cuchillo Mesa, Hoja Serrada de Acero Inoxidable de 125 mm, Cuchillo Monoblock Acero Inoxidable Color plata (12 UDS)",460400_fbm,"1,418",43,0.03%,0.04%,"2,242",70,0.04%,0.04%,90.72%,100.00%,110,24,7.76%,55.81%,"4.770,06 €","956,76 €",90,9
B017HKRCGK,B00BHZPGHO,ARCOS Bolsa Portacuchillos para 17 Piezas Poliéster Negra,691400_,"3,170",58,0.07%,0.05%,"4,370",70,0.07%,0.04%,75.35%,80.49%,89,3,2.81%,5.17%,"4.137,40 €","135,97 €",89,3
B017DLH9RA,B017DLH9RA,ARCOS Cuchillo Abre Ostras Acero Inoxidable 60 mm,227200_us,"1,094",41,0.03%,0.04%,"1,465",51,0.02%,0.03%,73.09%,64.10%,108,20,9.87%,48.78%,"862,86 €","159,74 €",89,11
B09MSDJQJ1,B08M3B43J6,"Arcos | Juego Cuchillo Jamonero 3 Pzas | jamonero Acero Inoxidable (240 mm), afilador Chaira y Cubre jamón | Juego Cuchillos jamonero Profesional | Paleta ibérica | Eco",704300_fbm,"3,068",59,0.07%,0.05%,"4,186",84,0.07%,0.05%,99.87%,100.00%,89,5,2.90%,8.47%,"2.642,94 €","142,75 €",89,5
B08M9QRSW8,B08M9QRSW8,Arcos | Juego Cuchillos cuchillos mesa | 6 Uds | cuchillo fruta | cuchillo postre | Hoja 110 mm | Acero Inoxidable Martensítico | Mango Nylon | apto lavavajillas | Envase Ecológico,703600_barras_arcos,914,24,0.02%,0.02%,"1,450",35,0.02%,0.02%,97.56%,100.00%,108,4,11.82%,16.67%,"1.073,69 €","40,96 €",89,2
B0DNNKT1W2,B0DNNJCHQP,"Cuperinox-Tetera de Cristal con Infusor para Té e Infusiones, Resistente al Calor y Compatible con Microondas ** - Infusion Prestige Collection (950 ml)",26113,"3,005",82,0.07%,0.07%,"4,124",133,0.07%,0.08%,99.53%,100.00%,91,3,3.03%,3.66%,"1.757,50 €","59,97 €",89,3
B0C5JNCFL4,B0C5JNCFL4,Arcos Serie Milano - Cubertería de 24 piezas en Caja de Regalo (6 Cuchillos + 12 Cucharas + 6 Tenedores) - Monoblock de una pieza en Acero Inoxidable - Color Plata,542000,"3,349",78,0.08%,0.07%,"5,421",104,0.09%,0.06%,83.12%,98.63%,119,13,3.55%,16.67%,"8.791,03 €","968,29 €",88,8
B0H6BQ4BG5,B00UCCGND4,Vinfermatón - Insecticida Mosquitos y Moscas Concentrado Matón PS 250ml,V00002,"4,010",172,0.09%,0.15%,"6,374",278,0.11%,0.17%,9.52%,14.72%,182,43,4.54%,25.00%,"1.488,37 €","313,22 €",87,10
B009KKK16Y,B009KKK16Y,"HENDI Pasta-gel combustible para Fondue, 3 unidades, para el quemador de alcohol para Fondue de HENDI 111420, tiempo de combustión de aproximadamente 2 horas, quemador de Fondue, 80 gr",H190036,"1,054",28,0.02%,0.02%,"1,414",31,0.02%,0.02%,94.87%,100.00%,108,16,10.25%,57.14%,"1.079,22 €","159,84 €",84,5
B08G8QHY23,B08G8QHY23,Arcos | cuchillos chuleteros cuchillo madera cuchillo chuletero | 6 Piezas | juego cuchillos carne | cuchillos mango madera | Envase Eco | Fabricado en España,809300,"3,444",93,0.08%,0.08%,"4,968",135,0.08%,0.08%,99.84%,94.51%,91,3,2.64%,3.23%,"2.183,41 €","71,49 €",84,2
B0DKP7F29P,B0DJC114YJ,"Arcos Serie Samoa Iconic | Cacerola Antiadherente Cerámico 24 cm y 4,3 L | Aluminio Forjado | Apta cualquier cocina | Mango Acero Inoxidable | Color Beige | LIBRE DE (PFOA/PTFE/PFOS)",717024,"3,980",68,0.09%,0.06%,"5,493",101,0.09%,0.06%,80.37%,87.69%,84,5,2.11%,7.35%,"5.246,44 €","311,49 €",84,5
B0CQ5G2HVQ,B09T6L1F99,"Arcos Sarten Antiadherente 28 cm - Aluminio Forjado, Full Induction, Mango Acero Inoxidable, Apta Lavavajillas, Ahorro Energético, Serie Samoa",716510,"2,554",73,0.06%,0.06%,"3,694",92,0.06%,0.06%,32.11%,37.70%,87,8,3.41%,10.96%,"3.641,40 €","335,60 €",83,6
B0G4SGJSBJ,B0G216DHWY,"BIOLEAF-Desincrustante Baño Antical Pack 2×750 ml (1,5 L) Elimina Cal, Marcas de Agua y Jabón – Ducha, Grifería, Azulejos y Mamparas - Limpieza Intensiva – Formato Ahorro – Sin Disruptores Endocrinos",2675,748,7,0.02%,0.01%,956,7,0.02%,0.00%,98.56%,100.00%,84,1,11.23%,14.29%,"825,67 €","9,99 €",83,1
B00MDK1DM4,B00MDK1DM4,Arcos Latina Cuchillo de Cocina Acero Inoxidable 130 mm,100600_1pieza,775,17,0.02%,0.01%,"1,205",19,0.02%,0.01%,95.77%,100.00%,184,4,23.74%,23.53%,"1.094,57 €","23,96 €",82,1
B0714CRSCQ,B0714CRSCQ,Arcos Cuchillo Mondador Negro 100 mm,150300,"3,584",89,0.08%,0.08%,"5,531",132,0.09%,0.08%,18.76%,1.39%,93,0,2.59%,0.00%,"923,62 €","0,00 €",82,0
B0DNNKT1W2,B0DNNJPGTY,"Cuperinox-Tetera de Cristal con Infusor para Té e Infusiones, Resistente al Calor y Compatible con Microondas ** - Infusion Prestige Collection (750 ml)",26112,"2,960",75,0.07%,0.07%,"4,077",98,0.07%,0.06%,99.00%,100.00%,84,5,2.84%,6.67%,"1.489,68 €","86,95 €",82,4
B071VT3MC3,B071VT3MC3,"Arcos Tijeras Manicura Curva de Acero Forjado, Uso Profesional y Doméstico, 102 mm, Niqueladas en Plata, Serie Style",500600_,487,11,0.01%,0.01%,703,14,0.01%,0.01%,95.34%,84.62%,86,3,17.66%,27.27%,"941,72 €","29,37 €",81,2
B09KJLG7BT,B098K898SC,CUPERINOX Soporte Jamonero | Jamonero Profesional | Cuchillo Jamonero madera + Funda Jamon | Tabla Jamonera,20226FBM,"2,081",21,0.05%,0.02%,"2,641",25,0.04%,0.02%,96.92%,92.86%,82,0,3.94%,0.00%,"2.021,11 €","0,00 €",81,0
B0DKP7F29P,B0DJBYB7XQ,"Arcos Serie Samoa Iconic | Cazo Antiadherente Cerámico 16 cm y 1,5 L | Aluminio Forjado | Apta cualquier cocina | Mango Acero Inoxidable | Color Beige | LIBRE DE (PFOA/PTFE/PFOS)",717224,"2,234",57,0.05%,0.05%,"2,828",68,0.05%,0.04%,88.52%,94.12%,82,4,3.67%,7.02%,"2.700,28 €","128,81 €",81,4
B0DKP7F29P,B0FS7W73G1,"Arcos Sartén Samoa Inox 28 cm, Acero inoxidable tricapa sin antiadherente",726500,"2,893",52,0.07%,0.05%,"4,006",76,0.07%,0.05%,80.81%,95.92%,81,5,2.80%,9.62%,"3.825,91 €","234,75 €",81,5
B0812P3LZT,B0812P3LZT,"Arcos Nova - Set 3 Cuchillos Mantequilla - Acero Inoxidable 70 mm - Mango en color menta, naranja y limon",859900_,"1,873",40,0.04%,0.03%,"2,615",59,0.04%,0.04%,94.84%,100.00%,82,3,4.38%,7.50%,"889,89 €","32,97 €",79,3
B08JCVQ4QL,B08JCVQ4QL,"Arcos Series Niza - Juego de Cuchillos Cocina, 6 Piezas, Cuchillos Verduras 110 mm, + Cuchillo Mesa, Envase 100% Ecológico, Acero Inoxidable NITRUM",809400,"3,450",67,0.08%,0.06%,"5,120",100,0.08%,0.06%,99.59%,100.00%,87,8,2.52%,11.94%,"1.727,53 €","156,32 €",78,3
B08ZNM265D,B08ZNM265D,Arcos | cuchillos de mesa cuchillo mesa tradicional | 6 Piezas cuchillo chuletero | mango nailon | Envase Eco | Fabricado en España,704400,"2,195",65,0.05%,0.06%,"3,247",101,0.05%,0.06%,96.94%,97.62%,95,0,4.33%,0.00%,"2.555,95 €","0,00 €",78,0
B0CYTKGNPM,B0843Q6L5P,ARCOS Pelador Profesional Acero Inoxidable Cromado 130 mm,607000_,"43,926","1,358",1.03%,1.18%,"66,457","1,936",1.10%,1.18%,0.59%,3.49%,159,102,0.36%,7.51%,"856,30 €","456,53 €",76,21
B0DKP7F29P,B0DJBZ5475,Arcos Serie Samoa Iconic | Sarten Antiadherente Cerámico 20 cm | Aluminio Forjado | Apta cualquier cocina | Mango Acero Inoxidable | Apta lavavajillas | Color Negro | LIBRE DE (PFOA/PTFE/PFOS),716122,"2,005",29,0.05%,0.03%,"2,608",34,0.04%,0.02%,87.06%,100.00%,77,1,3.84%,3.45%,"2.678,89 €","34,94 €",76,1
B0F54LTCFF,B07ZJ85R7C,Arcos Set de Corte 3 Piezas Acero Inoxidable Nitrum,859300,"2,698",111,0.06%,0.10%,"3,881",146,0.06%,0.09%,44.24%,53.04%,77,7,2.85%,6.31%,"2.939,41 €","266,97 €",75,7
B098BLF7X6,B098BLF7X6,"Tradineur - Grasera metálica para pescado con filtro, aceitera con colador para conservación de aceite de acero inoxidable, recipiente para colar aceites - Ø 9 cm",22106_us,976,9,0.02%,0.01%,"1,309",13,0.02%,0.01%,98.66%,100.00%,76,1,7.79%,11.11%,"569,48 €","7,49 €",75,1
B0FR444FLT,B07N8S366Z,Arcos Cuchillo Cocina Forjado en Acero Inoxidable. Hoja Plateada 210 mm. Cuchillo Chef con Mango Profesional Micarta y Borde de Seda Especial. Serie Brooklyn. Color Azul.,190623_,"3,566",65,0.08%,0.06%,"5,003",82,0.08%,0.05%,92.61%,88.37%,75,2,2.10%,3.08%,"3.509,32 €","93,96 €",74,1
B08ZNM265D,B08ZNM265D,Arcos | cuchillos de mesa cuchillo mesa tradicional | 6 Piezas cuchillo chuletero | mango nailon | Envase Eco | Fabricado en España,704400_fba,"2,195",65,0.05%,0.06%,"3,247",101,0.05%,0.06%,96.94%,97.62%,94,4,4.28%,6.15%,"2.519,89 €","95,96 €",74,4
B0DPKXM18X,B0DNQX2BZN,"CUPERINOX Soporte Jamonero Plegable | Jamonero Giratorio | Jamonero de Bambú con Cuchillo Profesional, Afilador y Funda para Jamón | Elite Collection",20270_fbm,"5,673",153,0.13%,0.13%,"6,746",171,0.11%,0.10%,98.66%,98.26%,74,3,1.30%,1.96%,"3.638,42 €","140,95 €",74,3
B0FH9NPJ1K,B0FH9NPJ1K,VINFERMATON – Insecticida Cucarachas y Hormigas Antihormigas Instantáneo 600 ml | Spray Eliminador Insectos Rastreros Interior y Exterior | Acción Rápida Profesional | 100% MADE IN SPAIN (2),V0011_PACK2,"1,150",39,0.03%,0.03%,"1,561",47,0.03%,0.03%,88.75%,86.84%,80,10,6.96%,25.64%,"1.039,26 €","129,96 €",73,8
B0FQNZM34T,B0843QFQB7,Arcos Set Cuchillos 5 piezas Acero Inoxidable Nitrum. Cuchillo Cocina Profesional Afilado para Cortar Carne. Mango Ergonómico Polioximetileno POM. Serie Opera. Diseño Clásico. Color Negro.,227000,"5,691",119,0.13%,0.10%,"8,556",176,0.14%,0.11%,59.60%,68.97%,73,4,1.28%,3.36%,"10.125,05 €","555,57 €",72,4
B0CTKV6X91,B0CTKV6X91,"HENDI Juego de 6 tablas de cortar HACCP con soporte, lisas, 6 colores diferentes, 6 piezas, 450x300x(H)10mm, polietileno, polipropileno",H825686,"1,147",178,0.03%,0.15%,"1,701",267,0.03%,0.16%,79.39%,79.65%,73,31,6.36%,17.42%,"4.713,71 €","1.987,69 €",71,31
B017HKSR4G,B00WUZRKJW,Arcos Cuchillos de Mesa - Hoja de Acero Inoxidable Nitrum 110 mm - Mango Ergonómico de Polipropileno - Ideal para Comedor - Color Crema - Serie Elegance,802900,"2,345",63,0.05%,0.05%,"3,441",84,0.06%,0.05%,73.81%,78.69%,198,28,8.44%,44.44%,"691,00 €","97,60 €",70,6
B0189HXQKQ,B017DLLFES,"Arcos Navaja Profesional de Acero Inoxidable Nitrum, Hoja 85 mm, Mango de Polipropileno, Serie Navajas Profesionales, Alta Durabilidad y Rendimiento",485700_fbm,"2,103",45,0.05%,0.04%,"2,991",65,0.05%,0.04%,66.37%,92.45%,89,13,4.23%,28.89%,"637,84 €","78,70 €",70,5
B07F9GQZCB,B07F9GQZCB,Arcos Cuchillo para Verduras de 4 Pulgadas con Hoja de 105mm en Acero Inoxidable y Mango de Madera. Cuchillo para Vegetales Apto para Lavavajillas. Serie Latina. Color Marrón,100500_fba,"3,947",96,0.09%,0.08%,"6,191",140,0.10%,0.09%,88.76%,97.50%,71,4,1.80%,4.17%,"2.626,13 €","147,80 €",70,4
B07LD4MBMK,B07LD4MBMK,"HENDI Cubitera para Hielo, hielera, Recipiente para almacenar Cubitos de Hielo, BarUp, de Doble Pared, 10L, ø292x(h) 220mm, poliestireno, Blanco y Negro",H594759,"1,133",165,0.03%,0.14%,"1,630",254,0.03%,0.16%,78.68%,72.82%,89,40,7.86%,24.24%,"3.518,44 €","1.579,69 €",70,25
B0788NF7BS,B0788NF7BS,WINS – Lavavajillas Manual 003 | Garrafa 5 L | Detergente Concentrado para Lavado Manual de Vajilla y Utensilios de Cocina | Uso Profesional y Doméstico | 100% Made in Spain,WINS003,677,86,0.02%,0.07%,865,129,0.01%,0.08%,33.33%,88.80%,151,133,22.30%,154.65%,"2.042,04 €","1.784,75 €",69,57
B0F1N351DY,B097RDB5T3,Arcos Juego de 3 Cuchillos Mondadores Acero Inoxidable 100 mm,816500_3piezas,"13,738",340,0.32%,0.30%,"18,095",422,0.30%,0.26%,6.84%,9.23%,78,16,0.57%,4.71%,"974,82 €","199,84 €",69,8
B0G3ZJ89NB,B0FZCJ46CM,CUPERINOX - Set Cuchillo Jamonero+ Deshuesador Profesional Forjado 2 Piezas | Cuchillo Jamonero Alveolado 25 cm y Deshuesador 15 cm |Corte Fino y Equilibrado | Aptos para lavavajillas,19303,"2,539",73,0.06%,0.06%,"3,571",107,0.06%,0.07%,98.43%,100.00%,70,4,2.76%,5.48%,"1.733,21 €","99,96 €",69,4
B08T5Z4HFS,B08QYQYZHS,"CUPERINOX Cubiertos para marisco | Pinzas para marisco | Tenazas para marisco | 12 Unidades | Cubiertos marisco (Cangrejo, Langosta, Ostras) | Tenedor de marisco con dos dientes inferiores y cuchara.",20023_12pzs,637,40,0.01%,0.03%,901,65,0.01%,0.04%,97.95%,100.00%,80,13,12.56%,32.50%,"1.499,85 €","244,52 €",68,11
B0DKP7F29P,B0DJBXPR33,Arcos Serie Samoa Iconic | Sarten Antiadherente Cerámico 28 cm | Aluminio Forjado | Apta cualquier cocina | Mango Acero Inoxidable | Apta lavavajillas | Color Negro | LIBRE DE (PFOA/PTFE/PFOS),716522,"1,853",28,0.04%,0.02%,"2,440",34,0.04%,0.02%,72.11%,100.00%,68,1,3.67%,3.57%,"3.371,26 €","47,40 €",68,1
B0CJDS7HN7,B00WUZT88I,ARCOS Mesa Tenedor Carne y Mesa Acero 18/10 Plata 200 mm,702100_1pieza,"2,984",124,0.07%,0.11%,"4,070",165,0.07%,0.10%,62.72%,62.61%,274,10,9.18%,8.06%,"1.025,80 €","37,51 €",67,2
B0F1ZF7H1L,B005LR68DU,Arcos Cuchillo Jamonero con Alveolos 250 mm,231000_,"5,601",152,0.13%,0.13%,"8,185",228,0.14%,0.14%,33.05%,40.79%,67,2,1.20%,1.32%,"2.244,39 €","66,98 €",66,1
B08L8QY8T9,B007TS6GPE,"Arcos Juego de Cuchillos de Cocina cuatro piezas. 3 Cuchillos chef y 1 tijeras Acero Inoxidable y mango ergonómico polioximetileno para cortar carne, pescado y verduras. Serie Maitre. Color negro.",152600_fbm,"19,739",407,0.46%,0.35%,"27,470",599,0.45%,0.37%,11.73%,13.29%,68,4,0.34%,0.98%,"2.577,07 €","151,60 €",66,4
B0CQ5G2HVQ,B09T9S9NZ4,"Arcos Sarten Antiadherente 24 cm - Aluminio Forjado, Full Induction, Mango Acero Inoxidable Efecto Frío, Apta Lavavajillas, Ahorro Energético, Serie Samoa",716310,"2,718",73,0.06%,0.06%,"3,915",99,0.06%,0.06%,30.00%,40.35%,66,4,2.43%,5.48%,"2.440,86 €","147,96 €",65,4
B0B2RHJYHB,B0B2RHJYHB,"HENDI Cesta para Freír, 8L, 242x200x(H)140mm",H933664,827,94,0.02%,0.08%,"1,278",152,0.02%,0.09%,69.94%,88.62%,91,27,11.00%,28.72%,"3.453,71 €","1.023,72 €",65,18
B0HC7F5CCG,B0GT53T29T,Alcohol de Limpieza 75% | 2 Litros | Aroma Floral,LAGARRAFITA_ALCOHOLIMP,335,20,0.01%,0.02%,489,31,0.01%,0.02%,98.17%,92.00%,70,7,20.90%,35.00%,"684,56 €","67,70 €",65,7
B08M7BMR2S,B00I9XTLSC,ARCOS Afilador Profesional Manual Cerámica y Carbono Rojo-Negro,610600_2,"40,451",864,0.95%,0.75%,"59,415","1,247",0.98%,0.76%,5.27%,3.86%,65,4,0.16%,0.46%,"877,07 €","53,96 €",64,4
B00VRZ327A,B00VRZ327A,Arcos Tijeras Costura Acero Forjado 152 mm - Uso Doméstico y Profesional - Niqueladas Plata - Serie Style,502400,510,11,0.01%,0.01%,721,11,0.01%,0.01%,94.15%,87.50%,64,2,12.55%,18.18%,"763,40 €","19,82 €",64,2
B088L4V9XQ,B07D2T8LLY,"HENDI Placa eutéctica de frío profesional, GN 1/1, para cajas térmicas, elemento refrigerante, acumulador de frío, bloque térmico, paquete de enfriamiento, placa de hielo, 530x325x(H)30mm, HDPE, azul",H707821,963,143,0.02%,0.12%,"1,432",223,0.02%,0.14%,75.56%,74.63%,167,100,17.34%,69.93%,"5.178,68 €","3.093,99 €",64,33
B07NDTGSY3,B07NDTGSY3,Arcos Serie Brooklyn - Cuchillo Rocking Santoku Cuchillo Asiático - Hoja de Acero Inoxidable Forjado NITRUM 190 mm - Mango de Micarta Color Azul (Filo Seda),191623_fbm,"1,746",27,0.04%,0.02%,"2,547",36,0.04%,0.02%,86.98%,96.43%,64,7,3.67%,25.93%,"2.671,09 €","279,82 €",64,7
B0G4RSR32Y,B0G1ZPXPWR,"BIOLEAF – Quitagrasas,Desengrasante Cocina Pack 2×750 ml (1,5 L) – Antigrasa Potente Horno, Campana, Placa y Encimeras – Limpieza Profesional – Biodegradable – Sin Disruptores Endocrinos",2644,491,7,0.01%,0.01%,621,8,0.01%,0.00%,99.49%,100.00%,64,1,13.03%,14.29%,"634,86 €","9,99 €",64,1
B0752SPHL9,B005LR6WW2,Arcos Juego de Cuchillos de Cocina de 5 Piezas,152100_us,"11,519",204,0.27%,0.18%,"17,006",302,0.28%,0.18%,15.03%,20.86%,69,7,0.60%,3.43%,"4.269,72 €","433,16 €",63,3
B08J488ZQG,B0987N2CBR,Arcos Juego Cuchillos Carne | 6 Piezas | Cuchillos carne cuchillo chuleteros | cubiertos acero inoxidable | Hoja 110 mm | mango monobloque | aptos lavavajillas | Caja Envase Ecológico,814000FBM,"7,947",187,0.19%,0.16%,"9,539",209,0.16%,0.13%,99.88%,100.00%,72,2,0.91%,1.07%,"2.017,12 €","55,98 €",63,2
B0FR444FLT,B07DQRFDMB,Arcos Manhattan Cuchillo Santoku Forjado Acero POM Negro 190 mm,161600_,"3,083",55,0.07%,0.05%,"4,735",75,0.08%,0.05%,54.10%,90.91%,62,2,2.01%,3.64%,"2.138,95 €","68,98 €",61,1
B09FQ5SZK8,B08MTWC7RD,Arcos Cuchillo Cocinero Acero Inoxidable Nitrum 210 mm,166800_fbm,"4,427",114,0.10%,0.10%,"6,227",156,0.10%,0.10%,39.46%,34.91%,63,1,1.42%,0.88%,"1.889,64 €","30,00 €",61,1
B0CQ5G2HVQ,B09T6KZ499,"Arcos Sarten Antiadherente 32 cm - Aluminio Forjado, Full Induction, Mango Acero Inoxidable Efecto Frío, Apta Lavavajillas, Ahorro Energético, Serie Samoa",716710,"2,401",92,0.06%,0.08%,"3,374",126,0.06%,0.08%,29.81%,52.27%,66,12,2.75%,13.04%,"3.291,70 €","599,40 €",61,9
B09T9TSXHB,B09T9TSXHB,"Arcos Grill Antiadherente 28x28 cm - Aluminio Forjado, Full Induction, Mango Acero Inoxidable Efecto Frío, Ahorro Energético, Apta Lavavajillas, Serie Samoa",717410,"1,032",34,0.02%,0.03%,"1,467",46,0.02%,0.03%,90.34%,90.32%,61,7,5.91%,20.59%,"2.781,92 €","321,67 €",61,7
B0FBRQYHVM,B0FBRLQK47,"CUPERINOX Ventilador Portatil, Camping, Exterior, Playa, Piscina, Festival| 5+ cargas movil| +48H de bateria | 20000mAh| Powerbank, Luz led, Mando a distancia y Temporizador",A270001,"4,824",194,0.11%,0.17%,"7,936",317,0.13%,0.19%,98.65%,100.00%,66,0,1.37%,0.00%,"3.952,89 €","0,00 €",61,0
B0DQV6381X,B0F2Q1K35T,CUPERINOX Soporte Jamonero Balancín | Jamonero Giratorio Profesional | Jamonero Madera | Jamonera Profesional | Tabla Cortar Jamon,20265_SC,"6,394",194,0.15%,0.17%,"9,237",263,0.15%,0.16%,98.88%,98.19%,62,2,0.97%,1.03%,"5.149,38 €","169,98 €",60,2
B0G67DKSXN,B0G213X3HM,"BIOLEAF – Gel WC Antical Pack 2×750 ml (1,5 L) – Gel Espeso Acción Prolongada – Elimina Sarro y Cal – Limpieza Sanitaria Intensiva – Biodegradable – Sin Disruptores Endocrinos",2682,504,9,0.01%,0.01%,621,14,0.01%,0.01%,98.45%,71.43%,61,0,12.10%,0.00%,"596,73 €","0,00 €",60,0
B0F54LTCFF,B0044R87QE,Arcos Cuchillo Cocina Acero Inoxidable 200 mm,280604_,"32,557",959,0.76%,0.83%,"47,240","1,358",0.78%,0.83%,2.94%,2.83%,62,10,0.19%,1.04%,"1.270,37 €","204,89 €",59,7
B0189HXOXK,B017DLLFI4,Arcos Navaja Profesional de Cocina - Hoja de Acero Inoxidable Nitrum 85 mm - Mango de Polipropileno - Alta Durabilidad y Rendimiento - Serie Navajas Profesionales,485329_fbm,"1,795",35,0.04%,0.03%,"2,474",48,0.04%,0.03%,93.93%,96.30%,77,3,4.29%,8.57%,"567,61 €","22,11 €",59,2
B0GYL1GW2S,B017DLDM3A,Arcos Cuchillo Mondador Madera 65 mm,100100_us,"1,884",60,0.04%,0.05%,"2,822",96,0.05%,0.06%,22.91%,14.55%,96,4,5.10%,6.67%,"527,02 €","21,94 €",58,3
B08Q7W1Q4K,B08Q7W1Q4K,"Tradineur - Pack de 2 Graseras de metal de Ø 9,3 x 11 cm - Incluye filtro, asa y tapa - Aceitera con colador para conservación de aceite de acero inoxidable - Capacidad de 550 ml",22105+22106,915,20,0.02%,0.02%,"1,294",23,0.02%,0.01%,98.88%,100.00%,59,3,6.45%,15.00%,"648,40 €","32,96 €",58,2
B0F54LTCFF,B006LMX2HO,"Arcos Cuchillo Rebanar/Jamón Acero Inoxidable Nitrum 11""",282004_,"3,181",99,0.07%,0.09%,"4,154",128,0.07%,0.08%,31.36%,36.90%,60,7,1.89%,7.07%,"1.060,06 €","122,39 €",57,4
B0FR444FLT,B07N8VRS7L,Arcos Brooklyn Cuchillo Pelador Acero Inoxidable 100 mm,190123_,"2,295",44,0.05%,0.04%,"2,917",52,0.05%,0.03%,89.43%,97.56%,61,7,2.66%,15.91%,"1.724,07 €","199,43 €",57,5
B09MRYLZ4M,B09MRYLZ4M,Arcos Juego de Cuchillos de Cocina de 3 Piezas,167100_us,"12,614",223,0.30%,0.19%,"17,302",317,0.29%,0.19%,14.62%,11.59%,57,2,0.45%,0.90%,"3.927,30 €","137,80 €",57,2
B0CVH8PC99,B0CQTKPL63,CUPERINOX Cuchillos Carne | Cuchillos Mesa | Cuchillos Chuleteros | 24 Piezas | Hoja Serrada | Mango Polipropileno | Acero Inoxidable | 11 cm,99923,"2,437",223,0.06%,0.19%,"3,388",312,0.06%,0.19%,99.58%,99.62%,74,11,3.04%,4.93%,"1.481,24 €","220,22 €",57,7
B0G39VSVBM,B00U2QWO1K,Arcos Latina Cuchillo Chuletero Acero Inoxidable 105 mm,100400_1pieza,"3,434",57,0.08%,0.05%,"4,297",78,0.07%,0.05%,32.92%,25.64%,176,14,5.13%,24.56%,"653,54 €","47,18 €",56,2
B078KJ1T6G,B078JPWR5J,"Arcos 807600 Juego de Cuchillos, Acero Inoxidable, Blanco, 45x20x5 cm, 3 Unidades",807600_,"5,268",133,0.12%,0.12%,"6,289",160,0.10%,0.10%,96.57%,94.92%,57,8,1.08%,6.02%,"3.935,65 €","519,92 €",56,7
B08VS4FCLN,B08BX3WTPP,"Arcos Juego Cuchillos Cocina cuchillo blanco cuchillos | cuchillos cocina Maitre | 4 piezas | Chef 215 mm, Cocina 150 mm, Verduras 100 mm Tijera cocina (Blanco)",152624,"2,199",47,0.05%,0.04%,"3,051",69,0.05%,0.04%,99.56%,100.00%,56,4,2.55%,8.51%,"1.951,98 €","139,96 €",56,4
B0H2DQZ7ZK,B0H2DQZ7ZK,"VINFER-Limpia Salpicaderos Profesional Pack 2x750 ml (1,5L)|Spray para Coche| Limpia, Abrillanta y Protege Plásticos, Vinilos y Cueros,Efecto Antiestático Repelente del Polvo,Cuidado Interior Vehículo",LIMPIASALPICADEROS_PACK2,367,19,0.01%,0.02%,488,23,0.01%,0.01%,98.71%,100.00%,60,11,16.35%,57.89%,"899,41 €","164,90 €",56,8
B0F54LTCFF,B006963LSM,Arcos Cuchillo para Pan Acero Inoxidable 250 mm,282204_,"4,973",255,0.12%,0.22%,"6,811",330,0.11%,0.20%,8.63%,9.72%,59,12,1.19%,4.71%,"1.147,52 €","230,50 €",55,9
B08XYZRKC4,B007TS6GWW,"ARCOS Juego de Cubiertos de 24 Piezas para Mesa. Cuberterí­a Completa para 6 Personas. Set de 6 Cucharas, 6 Cuchillos, 6 Tenedores y 6 Cucharas de Postre. Serie Toscana. Color Plata",572400,"18,798",424,0.44%,0.37%,"27,214",604,0.45%,0.37%,13.65%,38.86%,68,18,0.36%,4.25%,"4.554,89 €","1.129,39 €",55,10
B0891RBKPX,B007TS6HCQ,ARCOS Pelador de Patatas y Verduras Profesional Acero Inoxidable 60 mm,612100,660,20,0.02%,0.02%,943,24,0.02%,0.01%,96.14%,100.00%,56,2,8.48%,10.00%,"474,72 €","16,55 €",55,2
B0752V8D5V,B00I9XTGJ6,ARCOS Taco Redondo Protector de Cuchillos Caucho Termoplástico 225 mm,794000,"1,491",38,0.03%,0.03%,"2,234",53,0.04%,0.03%,49.39%,66.67%,55,4,3.69%,10.53%,"1.370,93 €","95,62 €",55,4
B07JWM27F4,B07JWM27F4,Arcos Set Cuchillos Cocina Profesionales Forjados en Acero Inoxidable. Juego de 3 Cuchillos (Pelador 100 mm + Cocinero 150 mm + Cocinero 200 mm). Mango Ergonómico Rosa en Polioximetileno. Riviera Rose,855100,"2,945",55,0.07%,0.05%,"4,454",81,0.07%,0.05%,99.01%,93.18%,55,0,1.87%,0.00%,"4.080,92 €","0,00 €",55,0
B06XB92VRH,B07T6J5JWM,CUPERINOX Cafetera Italiana Induccion Espresso Acero Inoxidable 12 Tazas,25035_2,"4,800",122,0.11%,0.11%,"7,080",182,0.12%,0.11%,93.75%,98.37%,55,0,1.15%,0.00%,"1.450,54 €","0,00 €",55,0
B08VS4FCLN,B08BX3WTPP,"Arcos Juego Cuchillos Cocina cuchillo blanco cuchillos | cuchillos cocina Maitre | 4 piezas | Chef 215 mm, Cocina 150 mm, Verduras 100 mm Tijera cocina (Blanco)",152624_,"2,199",47,0.05%,0.04%,"3,051",69,0.05%,0.04%,99.56%,100.00%,55,2,2.50%,4.26%,"1.905,71 €","67,97 €",55,2
B0FGDGV4V4,B0FGDGV4V4,VINFERMATON – Insecticida Mosquitos y Moscas Casa y Terrazas Pack 2×600 ml | Spray Eliminador Insectos Voladores Interior y Exterior | Acción Inmediata Profesional | 100% MADE IN SPAIN,V1612_PACK2,671,34,0.02%,0.03%,886,42,0.01%,0.03%,96.22%,89.47%,64,17,9.54%,50.00%,"942,42 €","238,64 €",55,16
B0G39WX9ZQ,B00MDK1EBE,"Arcos Cuchillo Utilitario Acero Inoxidable Nitrum 5""",100600_fbm,"3,064",52,0.07%,0.05%,"4,700",87,0.08%,0.05%,41.95%,50.85%,131,1,4.28%,1.92%,"781,55 €","4,95 €",54,1
B08Y8NS7PN,B08XZ8X815,"Arcos serie Maitre - juego de Cuchillos, 2 Pza, Cuchillo Cocina Profesional 150mm + Cuchillo universal 100mm, Acero Inoxidable, Rosa, Eco",814600_fmb,992,25,0.02%,0.02%,"1,316",29,0.02%,0.02%,97.80%,100.00%,62,13,6.25%,52.00%,"1.104,30 €","232,98 €",54,8
B0C4DTYRJW,B094QVHPQ8,Arcos Juego Cuchillos Cocina Profesionales| Cuchillos Cocina Profesional Set Cuchillos | Mango Negro (4 Piezas),813500,"8,959",157,0.21%,0.14%,"11,858",205,0.20%,0.13%,97.86%,99.27%,57,0,0.64%,0.00%,"2.268,89 €","0,00 €",54,0
B0G3ZJ89NB,B09NRLLDC6,CUPERINOX Cuchillo Jamonero + Chaira + Funda Cubre Jamón | Jamonero 240mm acero inoxidable| Afilador Chaira | Funda cubre jamón,20220,"1,942",39,0.05%,0.03%,"2,661",52,0.04%,0.03%,98.70%,93.02%,55,0,2.83%,0.00%,"545,62 €","0,00 €",54,0
B0CQ5G2HVQ,B09T9PKHHR,"Arcos Sarten Antiadherente 18 cm - Aluminio Forjado, Mango Acero Inoxidable Efecto Frío, Apta para Inducción y Lavavajillas, Sistema Ahorro Energético, Serie Samoa Basic",716010,869,22,0.02%,0.02%,"1,204",30,0.02%,0.02%,71.56%,88.89%,55,4,6.33%,18.18%,"1.427,87 €","104,96 €",54,3
B0B3CPHPXR,B07BQ5CCMD,ARCOS Sacacorchos Manual de ABS Aleación de Zinc,604700_,"10,851",241,0.25%,0.21%,"14,151",344,0.23%,0.21%,12.63%,10.75%,55,3,0.51%,1.24%,"1.882,12 €","98,94 €",53,3
B0DK3CM34K,B07CBLHKLN,"HENDI Cartuchos de recarga de gas GLP para HENDI Cabezales de antorchas de cocina de llama continua 198247 y 198216, recambios para soplete, paquete de 4 unidades",H199039,500,43,0.01%,0.04%,679,72,0.01%,0.04%,97.50%,96.43%,64,21,12.80%,48.84%,"933,07 €","289,78 €",53,15
B0CQ5G2HVQ,B09T6KY364,Arcos Samoa Sartén Antiadherente Aluminio Forjado Negro 30 cm,716610,"1,208",45,0.03%,0.04%,"1,566",65,0.03%,0.04%,70.51%,81.40%,53,5,4.39%,11.11%,"2.406,94 €","227,50 €",53,5
B0DKP7F29P,B0FS7XZKVF,"Arcos Sartén Samoa Inox 20 cm, Acero inoxidable tricapa sin PFAS",726100,"2,232",35,0.05%,0.03%,"2,901",49,0.05%,0.03%,78.02%,88.46%,53,1,2.37%,2.86%,"1.805,35 €","33,95 €",53,1
B071VT3QQY,B071VT3QQY,"Arcos Riviera - Juego de Cuchillos de Cocina Profesional (Mondador 100 mm, Santoku 140 mm, Chef 200 mm) - Acero Inoxidable Forjado NITRUM, Mango Ergonómico Negro - 3 Piezas en Estuche",807700_fbm,"1,491",24,0.03%,0.02%,"2,247",43,0.04%,0.03%,79.50%,53.33%,51,1,3.42%,4.17%,"3.514,62 €","68,90 €",51,1
B09FQ5SZK8,B0968LSP2T,"Arcos Utensilios Barbacoa - Cuchillo 200 mm y Tenedor 215 mm, Acero Inoxidable NITRUM, Mango Madera Ovengkol FSC, Set 2 Piezas, Embalaje Reciclado, Serie Nordika",167000_fbm,"1,771",40,0.04%,0.03%,"2,326",53,0.04%,0.03%,72.85%,48.78%,52,2,2.94%,5.00%,"2.591,97 €","99,97 €",51,1
B00VRZ3BMG,B00VRZ3BMG,Arcos Tijeras Costura Acero Forjado 140 mm - Uso Doméstico y Profesional - Niqueladas Plata - Serie Style,502300_,467,8,0.01%,0.01%,697,17,0.01%,0.01%,94.02%,100.00%,52,0,11.13%,0.00%,"571,48 €","0,00 €",50,0
B07F8Z6XL1,B07F8Z6XL1,VINFERMATÓN - Insecticida Matón Cucas Cucarachas y Hormigas Instantáneo 300ml,V101302,972,22,0.02%,0.02%,"1,296",30,0.02%,0.02%,52.75%,37.50%,65,0,6.69%,0.00%,"511,67 €","0,00 €",50,0
B093313MH6,B093313MH6,Arcos | Cuchillo de deshuesar| Cuchillo deshuesador | cuchillo deshuesador jamón | cuchillo deshuesador (140 mm) Clásica| Envase Eco | cuchillo puntilla jamonero,256210,"3,100",83,0.07%,0.07%,"4,329",111,0.07%,0.07%,98.97%,98.41%,50,1,1.61%,1.20%,"997,70 €","19,99 €",50,1
B071LGMGHG,B071LGMGHG,Arcos Tijeras de Manicura Rectas de Acero Forjado 102 mm - Uso Profesional y Doméstico - Niqueladas Plata - Serie Style,501100,596,20,0.01%,0.02%,843,30,0.01%,0.02%,60.39%,33.33%,50,1,8.39%,5.00%,"506,17 €","9,99 €",49,1
B0F66KBPV1,B07N7Y7LD9,HENDI Cesta de lavavajillas Profesional para Vasos,H871348,736,75,0.02%,0.07%,"1,153",128,0.02%,0.08%,85.11%,72.55%,62,11,8.42%,14.67%,"1.303,18 €","216,65 €",49,7
B08TWZYBPZ,B0FZC9C1BJ,"CUPERINOX- Set de Cuchillos Profesionales de Cocina 3 Piezas + Estuche Regalo | Chef 20 cm, Santoku 18 cm y Universal 13 cm | Acero Inoxidable Alta Precisión | Mango Ergonómico| Apto Lavavajillas",19302,"8,816",198,0.21%,0.17%,"11,687",250,0.19%,0.15%,99.82%,98.63%,49,5,0.56%,2.53%,"1.459,32 €","144,76 €",49,5
B0F54LTCFF,B00BHZPO3K,Arcos Cuchillo para Queso Acero Inoxidable NITRUM 145 mm,281604_fbm,"6,419",212,0.15%,0.18%,"9,159",295,0.15%,0.18%,8.00%,12.44%,50,3,0.78%,1.42%,"1.038,18 €","62,25 €",48,2
B0D1CYZT7H,B00JN2S0U8,"HENDI Escurridor de frituras, con asa robusta y recipiente extraíble para los restos, patatas fritas, ø410x(H)170mm, totalmente de acero inoxidable",H630808,"1,246",155,0.03%,0.13%,"1,839",271,0.03%,0.17%,72.07%,63.16%,53,21,4.25%,13.55%,"2.488,89 €","980,49 €",48,18
B06XB92VRH,B00YU2YTTM,CUPERINOX Cafetera Italiana Induccion Espresso Acero Inoxidable 4 Tazas,25032,"1,670",50,0.04%,0.04%,"2,291",59,0.04%,0.04%,56.11%,65.12%,48,2,2.87%,4.00%,"808,12 €","33,98 €",48,2
B0DN1WHKRN,B07MTQ5695,HENDI Batidora de Mano para Uso Profesional con Velocidad Ajustable,H222140,"2,635",437,0.06%,0.38%,"4,001",705,0.07%,0.43%,34.13%,30.95%,50,26,1.90%,5.95%,"7.958,99 €","4.124,99 €",48,24
B09MSDJQJ1,B08M3B43J6,"Arcos | Juego Cuchillo Jamonero 3 Pzas | jamonero Acero Inoxidable (240 mm), afilador Chaira y Cubre jamón | Juego Cuchillos jamonero Profesional | Paleta ibérica | Eco",704300,"3,068",59,0.07%,0.05%,"4,186",84,0.07%,0.05%,99.87%,100.00%,48,0,1.56%,0.00%,"1.429,50 €","0,00 €",48,0
B0CQ5G2HVQ,B09T9ZC38G,"Arcos Sarten Antiadherente 22 cm - Aluminio Forjado, Full Induction, Mango Acero Inoxidable Efecto Frío, Apta Lavavajillas, Ahorro Energético, Serie Samoa",716210,"1,954",52,0.05%,0.05%,"2,661",69,0.04%,0.04%,26.03%,9.09%,48,1,2.46%,1.92%,"1.531,18 €","32,49 €",48,1
B0C5X757TS,B0C5X757TS,Arcos Serie Lisboa - Cubertería de 24 piezas en Caja de Regalo (6 Cuchillos + 12 Cucharas + 6 Tenedores) - Monoblock de una pieza en Acero Inoxidable - Color Plata,597400,"1,236",45,0.03%,0.04%,"1,994",64,0.03%,0.04%,92.99%,97.78%,59,4,4.77%,8.89%,"5.281,41 €","357,96 €",48,3
B0F54LTCFF,B007TS67WG,Arcos Cuchillo Chef Acero Inoxidable 300 mm,280804,"4,084",117,0.10%,0.10%,"4,881",161,0.08%,0.10%,38.23%,40.18%,50,13,1.22%,11.11%,"1.482,34 €","381,59 €",47,11
B07DC711NK,B07DC711NK,"HENDI Batidora de Mano, Carcasa de ABS, Brazo Batidor de Acero Inoxidable, Cuchillas cruzadas con Revestimiento de Titanio, 6 Velocidades, Pantalla LCD, 250W, 230V, Procesa de 1-8 Litros, ø71x(H)444mm",H222157,"2,280",279,0.05%,0.24%,"3,373",448,0.06%,0.27%,32.81%,37.40%,47,22,2.06%,7.89%,"5.035,77 €","2.357,27 €",47,22
B0B3F4QXML,B07HY6FKNQ,Arcos Serie Clasica - Juego de Cuchillos de 7 piezas en Caja de Regalo (5 Cuchillos + 1 Tijeras + 1 Chaira) - Hoja de Acero Inoxidable Forjado NITRUM - Mango de Polioximetileno (POM) - Color marrón,854400_2,"2,890",64,0.07%,0.06%,"4,054",85,0.07%,0.05%,98.64%,100.00%,48,5,1.66%,7.81%,"7.132,50 €","724,93 €",47,4
B08VRP7CR7,B09XMVTWLT,Arcos Juego Cuchillos Carne | 6 Piezas | Cuchillos Carne Cuchillo chuleteros | Cubiertos Acero Inoxidable | Hoja 110 mm | Mango Redondo y Forma Ovalada | monobock | Caja Envase Ecológico (Filo Liso),830000,"1,730",52,0.04%,0.05%,"2,836",77,0.05%,0.05%,99.84%,100.00%,55,2,3.18%,3.85%,"1.814,44 €","65,97 €",47,1
B0788P3W3W,B0788P3W3W,WINS 013 - Abrillantador Lavavajillas Industrial 5L | Secado Rapido,WINS013_5L,277,32,0.01%,0.03%,357,50,0.01%,0.03%,53.61%,100.00%,48,12,17.33%,37.50%,"780,02 €","190,47 €",46,12
B0FDL3VP7W,B0FDL3VP7W,VINFERMATON – Insecticida Moscas y Mosquitos Perfume Limón Pack 3×300 ml | Spray Eliminador Insectos Voladores Interior y Exterior | Acción Inmediata Profesional | 100% MADE IN SPAIN,V000_PACK3,690,29,0.02%,0.03%,903,34,0.01%,0.02%,96.93%,93.10%,68,24,9.86%,82.76%,"810,01 €","282,45 €",46,9
B0DKP7F29P,B0FS7XQ88Z,"Arcos Sartén Samoa Inox 30 cm, Acero inoxidable tricapa sin PFAS",726600,"1,494",29,0.03%,0.03%,"1,894",36,0.03%,0.02%,76.13%,95.00%,47,1,3.15%,3.45%,"2.447,05 €","51,95 €",46,1
B0FR444FLT,B07DC9LM3W,"Arcos Cuchillo Panadero Profesional - Hoja Silk Edge 200 mm en Acero Inoxidable Nitrum, Corte Preciso y Duradero, Ideal para Pan y Pasteles, Diseño Elegante y Seguro, Serie Manhattan",161300_,"1,455",38,0.03%,0.03%,"1,876",48,0.03%,0.03%,81.44%,100.00%,46,4,3.16%,10.53%,"1.465,14 €","126,36 €",45,4
B07G79KCFK,B07G79KCFK,"Arcos Cuchillos de Mesa Caja de 12 uds Cuchillo Chuletero Cuchillo de Mesa, Hoja de Acero Inoxidable NITRUM 105 mm, Mango de Nylon, Color Marrón (12 uds)",803800_,"1,589",51,0.04%,0.04%,"2,364",75,0.04%,0.05%,57.85%,69.49%,48,3,3.02%,5.88%,"1.914,84 €","119,97 €",45,2
B08NW1VQRT,B08NW1VQRT,CUPERINOX Navaja para Setas y Champiñones | Acero Inoxidable | Con Cepillo y Funda Incluida | Micológica,PE2181,"1,755",29,0.04%,0.03%,"2,472",56,0.04%,0.03%,99.41%,100.00%,47,3,2.68%,10.34%,"493,20 €","31,47 €",45,2
B0DPKXM18X,B0DNQXN97X,CUPERINOX Soporte Jamonero Inoxidable | Jamonero Plegable | Jamonero Giratorio | Jamonero Profesional | Cuchillo Jamonero Profesional y Afilador,20250_fbm,"5,964",199,0.14%,0.17%,"7,086",225,0.12%,0.14%,81.97%,79.19%,45,2,0.75%,1.01%,"3.112,96 €","127,83 €",45,2
B0G3ZJ89NB,B0G8KMC5DX,"CUPERINOX Jamonero Giratorio y Plegable | Jamonera base Inoxidable | Incluye Cuchillo Jamonero Alveolos 25 cm, Afilador y Funda para Jamón | Apto Jamones y Paletilla",20253,"1,250",32,0.03%,0.03%,"1,738",48,0.03%,0.03%,98.98%,100.00%,47,0,3.76%,0.00%,"3.204,44 €","0,00 €",45,0
B0CRDY65RY,B09T9QCL8D,"Arcos Cazuela Antiadherente de 24 cm y 4,3 L | Aluminio Forjado | Adecuada para cualquier cocina | Mangos de Acero Inoxidable con Efecto Frío | Color Negro | Inducción completa. Serie Ollas Samoa",717010,"1,692",22,0.04%,0.02%,"2,370",26,0.04%,0.02%,58.22%,72.73%,45,0,2.66%,0.00%,"2.182,75 €","0,00 €",44,0
B0C2QFPLX9,B0C2QFPLX9,FAMILIA VINCARE (MULTIUSOS INDIVIDUAL),MULTIUSOS750ML,432,15,0.01%,0.01%,586,24,0.01%,0.01%,93.27%,52.38%,52,9,12.04%,60.00%,"518,48 €","89,91 €",44,4
B0H4FXVLKL,B0H276YBLW,"VINFER- Limpiador y Abrillantador Inox Pack X2 600 ml- 1,2L | Limpieza y Protección Acero Inoxidable | Efecto Brillo Duradero | Desengrasa y Cuida Superficies Inoxidables | Spray Profesional",LIMPIADORINOX_PACK2,183,22,0.00%,0.02%,235,29,0.00%,0.02%,99.12%,100.00%,53,14,28.96%,63.64%,"775,90 €","208,36 €",44,12
B00J3ZVMCS,B00J3ZVMCS,ARCOS Juego 6 Cucharas Café o Postre Acero Inoxidable,574200,"4,958",192,0.12%,0.17%,"7,543",297,0.12%,0.18%,6.21%,13.27%,55,13,1.11%,6.77%,"546,33 €","126,75 €",43,7
B09HTPJMH5,B00MDJVVZY,Arcos Latina Cuchillo de Cocina Acero Inoxidable 155 mm,100700_1pza,394,5,0.01%,0.00%,573,8,0.01%,0.00%,98.35%,100.00%,67,2,17.01%,40.00%,"384,38 €","11,50 €",43,1
B0FWM351K4,B01N4WDTRY,CUPERINOX® Couture Series - Tijera Costura Profesional 15 cm | Acero Inoxidable Resistente | Corte Preciso para Telas y Manualidades | Uso Doméstico y Profesional,21962,596,18,0.01%,0.02%,842,22,0.01%,0.01%,91.50%,100.00%,48,2,8.05%,11.11%,"405,02 €","14,98 €",43,2
B0F5L5VJM5,B0719K21HP,Arcos Tenazas de Marisco Acero Inoxidable 185 mm,606400_,"2,148",97,0.05%,0.08%,"3,279",155,0.05%,0.09%,16.34%,13.68%,63,5,2.93%,5.15%,"1.253,88 €","94,46 €",43,4
B08PFX1GT8,B08PFX1GT8,WINS 017 - Friegasuelos Perfumado | Garrafa 5 L,WINS017,383,25,0.01%,0.02%,503,32,0.01%,0.02%,96.64%,100.00%,53,17,13.84%,68.00%,"545,05 €","167,41 €",43,13
B06XB92VRH,B00YU2ZWGG,CUPERINOX Cafetera Italiana Induccion Espresso Acero Inoxidable 10 Tazas,25034,791,16,0.02%,0.01%,"1,156",20,0.02%,0.01%,78.54%,15.38%,42,0,5.31%,0.00%,"822,31 €","0,00 €",42,0
B017DLM9SY,B017DLM9SY,Arcos Serie Toscana - Juego de Cucharas de Mesa (3 cucharas) - Monoblock de una pieza en Acero Inoxidable 18/10 y 180 mm - Color Plata,574400_,669,18,0.02%,0.02%,"1,063",23,0.02%,0.01%,89.01%,66.67%,76,4,11.36%,22.22%,"601,81 €","31,96 €",42,1
B08G8QCM5H,B08G8QCM5H,ARCOS cuchillo pelador | 6 PIEZAS | cuchillo de pelar | cuchillos pelar patatas | Hoja 100 mm | Negro | cuchillo arcos pelador Acero Inoxidable,816500,"3,406",273,0.08%,0.24%,"4,666",374,0.08%,0.23%,99.78%,99.65%,44,8,1.29%,2.93%,"835,53 €","151,89 €",42,7
B08TWZYBPZ,B0FZC8B2NX,"CUPERINOX - Estuche de Cuchillos Profesionales de Cocina 4 Piezas | Chef 20 cm, Santoku 18 cm, Universal 13 cm y Pelador 9 cm | Acero Inoxidable de Alta Precisión | Mango Ergonómico",19301,"6,585",189,0.15%,0.16%,"8,772",275,0.15%,0.17%,99.93%,100.00%,43,9,0.65%,4.76%,"1.494,49 €","312,91 €",42,8
B0G4S268RT,B0G25TRTV6,BIOLEAF – Lavavajillas Pack 8×750 ml (6 L) | Potente contra Grasa Difícil | Vajilla Brillante Sin Residuos | Biodegradable y Dermatológicamente Testado,3764,473,3,0.01%,0.00%,580,4,0.01%,0.00%,99.10%,100.00%,42,1,8.88%,33.33%,"1.129,59 €","27,00 €",42,1
B0F54LTCFF,B0044R87I2,Arcos Universal Conjunto 4 Piezas 3 Cuchillos + Tijeras POM Negro,285000_us,"1,860",71,0.04%,0.06%,"2,535",86,0.04%,0.05%,86.24%,86.67%,41,1,2.20%,1.41%,"2.298,59 €","54,99 €",41,1
B0F1ZF7H1L,B005LR6C7C,Arcos Cuchillo Cocina Acero Inoxidable Negro 180 mm,233500_,"6,138",129,0.14%,0.11%,"8,561",156,0.14%,0.10%,19.85%,13.79%,42,2,0.68%,1.55%,"1.469,58 €","69,98 €",41,1
B00D3LC70Y,B00D3LC70Y,Arcos Tijeras Costura Castellana - Acero Forjado Niquelado 127 mm - Uso Doméstico y Profesional - Serie Style,502200,714,10,0.02%,0.01%,"1,040",10,0.02%,0.01%,94.74%,88.89%,42,0,5.88%,0.00%,"438,46 €","0,00 €",41,0
B0GDYCSPT1,B00R6JUIUK,Arcos Cuchillo Chuletero Acero Inoxidable 105 mm,100400_1pza,"17,034",409,0.40%,0.36%,"26,177",607,0.43%,0.37%,3.39%,3.37%,139,18,0.82%,4.40%,"554,62 €","71,83 €",41,5
B0CTCR3BC5,B07D8WH8HL,"HENDI Recipiente Gastronorm GN 1/1, Budget Line, resistencia térmica -40 °C a 250 °C, apto para horno y baño maría, 28L, 530x325x(H) 200mm, acero inoxidable",H800157,976,117,0.02%,0.10%,"1,347",170,0.02%,0.10%,77.80%,76.71%,63,32,6.45%,27.35%,"2.083,95 €","1.053,10 €",41,17
B089M821V5,B089M821V5,Arcos Cuchillos Carne | 6 pzas | Cuchillos chuleteros Set Cuchillo de Mesa Sierra | Mango Madera | Hoja 110 mm | Cuchillos Carne Mesa | Apto lavavajillas | Envase Carton | Ecologico,815500,"2,043",70,0.05%,0.06%,"2,852",103,0.05%,0.06%,95.01%,100.00%,57,12,2.79%,17.14%,"1.667,36 €","338,88 €",41,3
B0FGDJJ12N,B0FGDJJ12N,VINFERMATON – Insecticida Avispas y Nidos Exterior 600 ml | Válvula Largo Alcance hasta 4 m | Acción Profesional Inmediata | 100% MADE IN SPAIN,V0020,473,20,0.01%,0.02%,586,24,0.01%,0.01%,88.50%,94.12%,49,4,10.36%,20.00%,"587,71 €","47,96 €",41,3
B0BRSYXXRN,B0BRSYXXRN,"HENDI Cesta para Freír, 10L, 280x210x(H)140mm",H961247,745,108,0.02%,0.09%,"1,121",174,0.02%,0.11%,87.67%,86.67%,45,14,6.04%,12.96%,"1.890,93 €","587,86 €",40,12
B0F1ZF7H1L,B005LR69ZC,Arcos Cuchillo de Queso Negro 145 mm,232800_,"2,426",57,0.06%,0.05%,"3,251",85,0.05%,0.05%,45.55%,46.00%,39,5,1.61%,8.77%,"1.480,05 €","189,75 €",39,5
B0752X1ZCK,B009KPKG8M,Arcos Cuchillos de Mesa - Cuchillo Chuletero Cuchillo de Mesa - Hoja de Acero Inoxidable NITRUM 110 mm - Mango de Nylon - Color Negro,803000_1-Pieza,"2,143",62,0.05%,0.05%,"2,494",73,0.04%,0.04%,84.30%,96.43%,138,15,6.44%,24.19%,"516,01 €","56,26 €",39,4
B0F4X5PQYD,B07PRXR5XR,"HENDI Cesta de lavavajillas Profesional para Vasos, Formato Cuadrado, Estructura Abierta para circulación de Agua, 405x405x(H) 150mm, Polipropileno",H871331,471,49,0.01%,0.04%,760,77,0.01%,0.05%,63.48%,60.00%,47,9,9.98%,18.37%,"974,20 €","186,75 €",39,7
B08L27XH2W,B08L27XH2W,"HENDI Mochila isotérmica de Transporte y Reparto de Pizzas y Alimentos, Bolsa aislada e Impermeable para la Entrega de Pedidos de Pizza y Comidas, Interior 39x39x(H) 45cm, Negra, 41x41x(H) 48cm",H709801,"1,020",88,0.02%,0.08%,"1,547",136,0.03%,0.08%,68.80%,58.59%,49,18,4.80%,20.45%,"3.317,09 €","1.142,84 €",39,9
B08VRP7CR7,B08MTXC14T,Arcos Juego Cuchillos Carne | 6 Piezas | Cuchillos Carne Cuchillo chuleteros | Cubiertos Acero Inoxidable | Hoja 110 mm | Mango Redondo y Forma Ovalada | monobock | Caja Envase Ecológico (6 unidades),809900,"1,153",26,0.03%,0.02%,"1,708",34,0.03%,0.02%,95.09%,100.00%,47,2,4.08%,7.69%,"1.306,71 €","57,98 €",39,1
B096SHJ82T,B0044R8868,Arcos Juego 12 Cubiertos Madera de Haya Serie Mesa,377700_fbm,"8,504",269,0.20%,0.23%,"11,310",388,0.19%,0.24%,20.21%,11.86%,41,3,0.48%,1.12%,"1.955,17 €","140,97 €",38,2
B00509DM8S,B00509DM8S,HENDI Baño María Eléctrico GN 1/1,H238905,710,125,0.02%,0.11%,"1,090",194,0.02%,0.12%,71.82%,57.45%,40,15,5.63%,12.00%,"5.494,40 €","2.058,44 €",38,14
B086X1XQXD,B06Y2B85HT,"HENDI Expositor con cubierta deslizante roll-top, Simple",H871706,965,126,0.02%,0.11%,"1,409",198,0.02%,0.12%,74.86%,60.74%,43,16,4.46%,12.70%,"1.919,20 €","706,99 €",38,13
B079ZCF2G9,B079ZCF2G9,Arcos Nova Juego 6 Cuchillos Carne Serrados Nitrum Negro 110 mm,188900_fbm,"1,645",52,0.04%,0.05%,"2,604",71,0.04%,0.04%,30.93%,29.17%,43,3,2.61%,5.77%,"756,61 €","50,17 €",38,3
B07NDV5T2F,B07NDV5T2F,Arcos Serie Brooklyn - Cuchillo Cocinero - Hoja de Acero Inoxidable Forjado NITRUM 210 mm - Mango de Micarta Color Azul (Filo Seda),190623_fbm,784,9,0.02%,0.01%,"1,187",11,0.02%,0.01%,94.52%,100.00%,40,3,5.10%,33.33%,"1.839,60 €","137,97 €",38,2
B09F9MH34D,B09F9MH34D,"Arcos Serie Cuchillos de Mesa Chuleteros, Mango de Polipropileno, Hoja 110 mm, Apto para Lavavajillas, Negro, 6 Piezas",805109_6piezas,851,18,0.02%,0.02%,"1,112",26,0.02%,0.02%,93.61%,100.00%,42,5,4.94%,27.78%,"542,61 €","62,98 €",38,4
B0G4RT6HMS,B0G1ZZYNX6,"BIOLEAF – Limpiacristales Pack 2×750 ml (1,5 L) – Sin Marcas ni Huellas – Brillo en Cristales, Espejos y Ventanas – Secado Rápido – Biodegradable – Sin Disruptores Endocrinos",2651,283,3,0.01%,0.00%,358,3,0.01%,0.00%,99.38%,100.00%,38,0,13.43%,0.00%,"373,12 €","0,00 €",38,0
B06XB92VRH,B00YU2ZS1A,CUPERINOX Cafetera Italiana Induccion Espresso Acero Inoxidable 6 Tazas,25033,877,26,0.02%,0.02%,"1,129",32,0.02%,0.02%,93.58%,89.29%,37,1,4.22%,3.85%,"651,25 €","18,19 €",37,1
B0788R5C2F,B0788R5C2F,Wins 019 Desincrustante Máquinas. Envase 5 L. Producto ácido para la eliminación de incrustaciones de cal y óxido en máquinas lavavajillas.,BM-7KH8-TWCU,540,43,0.01%,0.04%,726,71,0.01%,0.04%,92.13%,100.00%,46,14,8.52%,32.56%,"908,49 €","276,49 €",37,8
B0FWM351K4,B09P8M12S3,"CUPERINOX® Couture Series - Tijera Costura Profesional 12,5 cm | Acero Inoxidable de Alta Precisión | Corte Fino y Duradero | Uso Doméstico y Profesional",21961,746,24,0.02%,0.02%,982,29,0.02%,0.02%,92.20%,84.62%,42,9,5.63%,37.50%,"333,71 €","61,70 €",37,5
B08VRP7CR7,B09XMVTWLT,Arcos Juego Cuchillos Carne | 6 Piezas | Cuchillos Carne Cuchillo chuleteros | Cubiertos Acero Inoxidable | Hoja 110 mm | Mango Redondo y Forma Ovalada | monobock | Caja Envase Ecológico (Filo Liso),830000_,"1,730",52,0.04%,0.05%,"2,836",77,0.05%,0.05%,99.84%,100.00%,42,1,2.43%,1.92%,"1.385,01 €","32,99 €",37,1
B0CZXS1ZHN,B0CZXS1ZHN,"HENDI Olla de hierro fundido con 3 patas, caldero tipo potjie sudafricano, con tapa y asa, para fuego abierto y horno, 6L, ⌀245x(H)280mm",H629291,"4,040",119,0.09%,0.10%,"5,907",186,0.10%,0.11%,82.66%,64.71%,37,4,0.92%,3.36%,"2.204,70 €","239,00 €",37,4
B005LR65BK,B005LR65BK,Arcos Cuchillo Negro 100 mm,230200_,"2,917",60,0.07%,0.05%,"4,331",78,0.07%,0.05%,19.57%,16.28%,38,0,1.30%,0.00%,"760,61 €","0,00 €",36,0
B075ZWHQLQ,B075ZWHQLQ,Wins - Desengrasante Limpiador Profesional 001 - Garrafa 5L,WINS001,630,27,0.01%,0.02%,877,37,0.01%,0.02%,64.94%,92.86%,46,10,7.30%,37.04%,"616,82 €","133,58 €",36,5
B07DFK4T6L,B07DFK4T6L,"Arcos Cuchillo Deshuesador Profesional - Hoja Silk Edge Acero Inoxidable Nitrum 160 mm, Precisión y Durabilidad, Mango Ergonómico POM Negro, Serie Manhattan",162600_,505,13,0.01%,0.01%,772,16,0.01%,0.01%,87.83%,100.00%,38,4,7.52%,30.77%,"1.054,94 €","110,99 €",36,2
B08M5K93QF,B08M5K93QF,Arcos Juego Cuchillos Mesa | 6 Uds | Cuchillo Postre | Cuchillos Mesa | Cuchillo Carne | Hoja 105 mm | Acero Inoxidable Martensítico | Mango Polipropileno | Apto lavavajillas | Envase Ecológico,703500FBM,"1,542",33,0.04%,0.03%,"2,245",53,0.04%,0.03%,98.31%,100.00%,42,5,2.72%,15.15%,"536,78 €","56,15 €",36,3
B08Y8NS7PN,B08MT61GJV,Arcos Juego Cuchillos Cocina | 2 pzas |Profesional (150 mm) | Cuchillo Cortador Verduras (100 mm)| Acero Inoxidable Nitrum | Mango Negro | Envase Eco,819900fbm,637,17,0.01%,0.01%,863,19,0.01%,0.01%,96.33%,100.00%,44,1,6.91%,5.88%,"790,86 €","17,99 €",36,1
B0FWM351K4,B09D1V45YK,"CUPERINOX® Couture Series - Tijera Costura Profesional 16,5 cm | Acero Inoxidable Irrompible | Mango Ergonómico Antideslizante | Corte Preciso y Duradero",21951_,511,25,0.01%,0.02%,668,37,0.01%,0.02%,100.00%,100.00%,38,2,7.44%,8.00%,"272,24 €","14,07 €",36,2
B09T6HFG2F,B09T6HFG2F,Arcos Wok Antiadherente Aluminio Forjado 28 cm,717510,"1,558",35,0.04%,0.03%,"2,285",47,0.04%,0.03%,29.54%,41.38%,36,2,2.31%,5.71%,"1.539,00 €","85,50 €",36,2
B0FWK4CNH3,B0B42QTHTP,CUPERINOX | Tijeras de pescado 18 cm | Tijeras Cocina | tijeras de cocinero profesional para aves pescado carne caza| Accesorios de cocina,21991_,411,18,0.01%,0.02%,585,31,0.01%,0.02%,93.17%,100.00%,40,2,9.73%,11.11%,"249,01 €","12,50 €",36,1
B0CVH8PC99,B0CQRMMMR5,CUPERINOX Cuchillos Carne | Cuchillos Mesa | Cuchillos Chuleteros | 6 Piezas | Hoja Serrada | Mango Polipropileno | Acero Inoxidable | 11 cm,99901_6pzs,575,21,0.01%,0.02%,730,24,0.01%,0.01%,99.13%,100.00%,37,4,6.43%,19.05%,"366,80 €","39,96 €",36,4
B017HKG9PK,B0044R87VO,Arcos Maitre - Cuchillo Jamonero Flexible - Acero Inoxidable NITRUM 275 mm - Mango Polipropileno negro,151200,"4,022",117,0.09%,0.10%,"4,459",127,0.07%,0.08%,80.38%,67.82%,36,0,0.90%,0.00%,"575,64 €","0,00 €",35,0
B017HKG9PK,B0044R87W8,"Arcos Cuchillo Santoku Acero Inoxidable Nitrum. Cuchillo Cocina japonés Pescado, Carne y Verduras. Mango ergonómico polioximetileno Pom y Hoja 170 mm. Multiusos. Serie Maitre. Color Negro.",151600_fba,"8,933",216,0.21%,0.19%,"13,146",312,0.22%,0.19%,8.48%,5.64%,39,5,0.44%,2.31%,"731,28 €","93,78 €",35,3
B0B3CWSDRQ,B00CF20V2I,ARCOS Chaira Afilador Manual Acero Carbono Cromado Negro 230 mm,278100_,"4,254",134,0.10%,0.12%,"6,102",182,0.10%,0.11%,7.32%,25.60%,41,9,0.96%,6.72%,"481,03 €","97,91 €",35,7
B08VRP7CR7,B08MTXC14T,Arcos Juego Cuchillos Carne | 6 Piezas | Cuchillos Carne Cuchillo chuleteros | Cubiertos Acero Inoxidable | Hoja 110 mm | Mango Redondo y Forma Ovalada | monobock | Caja Envase Ecológico (6 unidades),809900FBM,"1,153",26,0.03%,0.02%,"1,708",34,0.03%,0.02%,95.09%,100.00%,46,2,3.99%,7.69%,"1.280,34 €","55,98 €",35,2
B0BJPYW95J,B0BJPYW95J,Arcos Accesorios - Sacacorchos Manual Abrebotellas Manual - Mango de Aleación de Zinc - Color Negro mate (Incluye cortacápsulas),607500,588,25,0.01%,0.02%,862,35,0.01%,0.02%,93.86%,96.00%,37,2,6.29%,8.00%,"1.467,58 €","77,42 €",35,2
B0F54LTCFF,B006LMX2GK,Arcos Cuchillo Jamonero Acero Inoxidable Forjado Nitrum 280 mm,281904,"2,441",70,0.06%,0.06%,"3,058",84,0.05%,0.05%,30.42%,20.00%,35,1,1.43%,1.43%,"612,15 €","17,49 €",34,1
B007TS6GP4,B007TS6GP4,Arcos Juego de 6 Cuchillos de Mesa Chuleteros Acero Inoxidable 110 mm,815600--,"1,224",37,0.03%,0.03%,"1,809",41,0.03%,0.03%,68.43%,56.67%,37,1,3.02%,2.70%,"972,19 €","25,99 €",34,1
B0DSLN2CX9,B07N8W1J6B,Arcos Tabla cortar 15 x fibra resina y celulosa. Tabla picar. Serie Tablas. Color marrón.,708200,"3,101",47,0.07%,0.04%,"4,828",78,0.08%,0.05%,17.53%,20.41%,35,1,1.13%,2.13%,"945,55 €","26,99 €",34,1
B09DPRCMTF,B08MW2GWPC,Arcos Juego Cuchillos Carne | Cuchillo chuleteros | Cuchillos Carne Cuchillos Mesa | 6 Uds | Hoja 110 mm | Acero Inoxidable | Mango Nylon | Apto lavavajillas | Envase Ecológico (Filo Serrado),816400fbm,"1,574",37,0.04%,0.03%,"2,208",50,0.04%,0.03%,99.59%,100.00%,38,0,2.41%,0.00%,"747,62 €","0,00 €",34,0
B0F9X4NXL3,B0F9GJRSSJ,"CUPERINOX Cuchillos Mesa, cuchillo carne, cuchillo mantequilla, Set 6 piezas, acero inoxidable, hoja con filo y sierra, cuchillo untar. Apto lavavajillas. Mango ergonomico",20043_6,"1,109",30,0.03%,0.03%,"1,357",38,0.02%,0.02%,99.29%,96.30%,34,4,3.07%,13.33%,"338,16 €","38,46 €",34,4
B0DKP7F29P,B0FS7VJ21D,"Arcos Sartén Samoa Inox 26 cm, Acero inoxidable tricapa libre de PFAS",726400,"2,195",35,0.05%,0.03%,"2,843",39,0.05%,0.02%,61.30%,100.00%,34,1,1.55%,2.86%,"1.477,16 €","42,96 €",34,1
B0G3ZJ89NB,B0G2MT6K5N,"CUPERINOX Jamonero Inoxidable Giratorio | Jamonera base Inoxidable | Incluye Cuchillo Jamonero Alveolos 25 cm, Deshuesador 15 cm, Afilador y Funda para Jamón | Apto Jamones y Paletilla",20251,982,33,0.02%,0.03%,"1,359",44,0.02%,0.03%,99.14%,100.00%,34,3,3.46%,9.09%,"2.336,81 €","211,12 €",34,3
B0F1ZF7H1L,B005LR65BK,Arcos Cuchillo Negro 100 mm,230200_,"3,257",67,0.08%,0.06%,"4,840",86,0.08%,0.05%,15.26%,14.58%,34,0,1.04%,0.00%,"680,32 €","0,00 €",33,0
B005LR749W,B005LR749W,"ARCOS Juego de Cubiertos de 24 Piezas para Mesa. Cuberterí­a Completa para 6 Personas. Set de 6 Cucharas, 6 Cuchillos, 6 Tenedores y 6 Cucharas de Postre. Serie Berlí­n. Color Plata",562400_fbm,"5,102",139,0.12%,0.12%,"7,274",196,0.12%,0.12%,34.65%,43.55%,48,3,0.94%,2.16%,"4.218,52 €","260,97 €",33,1
B0DQV6381X,B079VN4MTH,CUPERINOX Jamonero de Madera Góndola Soporte para Pata y Paleta de jamón Serrano e ibérico con agarres de Metal Jamonera Economica,20200_us,"2,971",84,0.07%,0.07%,"3,252",88,0.05%,0.05%,99.20%,100.00%,34,0,1.14%,0.00%,"447,14 €","0,00 €",33,0
B0FR444FLT,B07YYDR6D8,Arcos Juego de Cuchillos de Cocina. 3 piezas de Acero Inoxidable forjado. Impresiona yorprencon cada corte. Mango Micarta azul. Serie Brooklyn. Color Azul.,858110,"15,233",308,0.36%,0.27%,"19,888",417,0.33%,0.26%,96.49%,91.12%,33,2,0.22%,0.65%,"3.287,59 €","200,98 €",33,2
B08VS4FCLN,B09HHGVG2N,"Arcos Juego Cuchillos Cocina cuchillos | Cuchillo profesional | 6 piezas | Chef 215 mm + Cocina 150 mm, Verduras 100 mm + Tijera cocina + Pelador de fruta y verdura + Pinza para pescado",854200fbm,"2,155",45,0.05%,0.04%,"3,051",65,0.05%,0.04%,99.65%,100.00%,34,1,1.58%,2.22%,"1.483,37 €","44,00 €",33,1
B00WUZR7H2,B00WUZR7H2,Arcos Serie Cuchillos de Mesa - Cuchillo Mesa - Hoja Serrada de Acero Inoxidable de 125 mm - Cuchillo Monoblock Acero Inoxidable Color Plata,460400_1pieza,689,9,0.02%,0.01%,956,10,0.02%,0.01%,98.71%,100.00%,158,5,22.93%,55.56%,"743,54 €","22,45 €",32,1
B0189HXOXK,B017DLLFIO,Arcos Navaja Acero Inoxidable 85 mm,485300_fmb,"1,018",27,0.02%,0.02%,"1,324",46,0.02%,0.03%,71.17%,89.19%,90,65,8.84%,240.74%,"525,58 €","338,33 €",32,9
B07878SB8W,B07878SB8W,WINS – Fregasuelos Limpiador Amoniacal Pino 018 | Garrafa 5 L | Friegasuelos Perfumado para Suelos y Superficies Lavables | Uso General | 100% Made in Spain,WINS018,450,27,0.01%,0.02%,605,31,0.01%,0.02%,74.28%,100.00%,49,11,10.89%,40.74%,"629,63 €","139,56 €",32,7
B078KJ1T6G,B078JQ8XST,"Arcos Serie Riviera, Juego Cuchillos Cocina, Hoja de Acero Inoxidable Forjado Nitrum, Mango de Polioximetileno, POM, Negro",807700_843600etiqueta,"30,080",644,0.70%,0.56%,"46,591","1,002",0.77%,0.61%,4.80%,9.24%,32,1,0.11%,0.16%,"2.239,68 €","69,99 €",32,1
B0FR444FLT,B07N8VCFRY,Arcos Brooklyn Cuchillo Panero Acero Inoxidable Nitrum 200 mm,191323_,"1,470",21,0.03%,0.02%,"1,788",29,0.03%,0.02%,87.39%,100.00%,32,2,2.18%,9.52%,"1.284,48 €","79,98 €",32,2
B0FR444FLT,B0843DNN57,Arcos Set Cuchillos Forjados 4 piezas (3 Cuchillos + 1 tijeras) - Acero Inoxidable Forjado NITRUM - Mango Micarta - Bloques Madera Color Azul. Serie Brooklyn. Impresiona yorprencon Cada Corte.,194000_,"2,106",55,0.05%,0.05%,"2,629",70,0.04%,0.04%,82.23%,75.47%,32,2,1.52%,3.64%,"3.687,68 €","211,98 €",32,2
B08T5Z4HFS,B08QYV8C1P,"CUPERINOX Cubiertos para marisco | Pinzas para marisco | Tenazas para marisco | 6 Unidades | Cubiertos marisco (Cangrejo, Langosta, Ostras) | Tenedor de marisco con dos dientes inferiores y cuchara.",20023_6Unidades,880,32,0.02%,0.03%,"1,248",39,0.02%,0.02%,98.76%,100.00%,34,2,3.86%,6.25%,"407,36 €","23,98 €",32,2
B08VS4FCLN,B09HHGVG2N,"Arcos Juego Cuchillos Cocina cuchillos | Cuchillo profesional | 6 piezas | Chef 215 mm + Cocina 150 mm, Verduras 100 mm + Tijera cocina + Pelador de fruta y verdura + Pinza para pescado",854200,"2,155",45,0.05%,0.04%,"3,051",65,0.05%,0.04%,99.65%,100.00%,34,3,1.58%,6.67%,"1.495,66 €","131,97 €",32,1
B0C49W65HD,B0C49W65HD,Arcos Serie Nordika - Cuchillo Tomatero - Acero Inoxidable NITRUM - Hoja de 130 mm - Mango de Madera Ovengkol 100% natural de bosques certificados FSC® - Embalaje 100% reciclado,165100,413,5,0.01%,0.00%,569,7,0.01%,0.00%,93.28%,60.00%,35,6,8.47%,120.00%,"939,62 €","161,68 €",32,3
B0DVT6KPDV,B0DT73LYPQ,"CUPERINOX Cuchillos Montessori | Set de Cuchillos Infantiles de 16 Piezas | Cuchillos Niños Aprendizaje +2 Años | Incluye Delantal, Guante de Seguridad, Moldes Tabla de Cortar | Kids Collection",27016_,"3,583",90,0.08%,0.08%,"4,980",120,0.08%,0.07%,99.24%,100.00%,33,1,0.92%,1.11%,"487,87 €","11,99 €",32,1
B0F54LTCFF,B007TS67Q2,Arcos Cuchillo Chef Acero Inoxidable 120 mm,280304,"31,599",872,0.74%,0.76%,"46,129","1,221",0.76%,0.75%,0.94%,0.25%,39,3,0.12%,0.34%,"506,85 €","38,99 €",31,1
B015HG9B3I,B015HG9B3I,"HENDI Sopera con tapa y cucharón, recipiente para servir sopas y salsas, 2,7L, ⌀270x(H) 175mm, acero inoxidable",H434208,"1,187",74,0.03%,0.06%,"1,849",105,0.03%,0.06%,56.24%,38.81%,63,33,5.31%,44.59%,"2.011,85 €","1.046,35 €",31,9
B017DLM9V6,B017DLM9V6,"Arcos Tenedores de Postre Acero Inoxidable 18/10, Juego de 3 Piezas, Monoblock 180 mm, Serie Toscana, Ideal para Repostería y Sobremesa, Color Plata",574500_,727,15,0.02%,0.01%,916,20,0.02%,0.01%,76.59%,86.67%,50,7,6.88%,46.67%,"412,65 €","57,76 €",31,4
B07N8W33BT,B07N8W33BT,ARCOS Bloque Universal para Cuchillos Caucho Termoplástico 225 mm,794400_,904,21,0.02%,0.02%,"1,265",30,0.02%,0.02%,42.60%,61.90%,31,2,3.43%,9.52%,"775,51 €","49,98 €",31,2
B0FDKY2RXG,B0FDKY2RXG,VINCARE Pack Limpieza Infantil – Detergente Biberones + Multiusos + Quitamanchas – Limpieza Segura para el Entorno del Bebé- 100% MADE IN SPAIN,PACK VINCARE,311,3,0.01%,0.00%,428,6,0.01%,0.00%,96.06%,75.00%,32,0,10.29%,0.00%,"478,92 €","0,00 €",31,0
B017HKG9PK,B0044R87YQ,Arcos Cuchillo para Maitre Negro 100 mm,150500_pp,"7,834",204,0.18%,0.18%,"10,654",255,0.18%,0.16%,6.10%,17.39%,36,3,0.46%,1.47%,"357,93 €","29,67 €",30,1
B0752NT3TH,B005LR77GC,ARCOS Tijeras de Cocina Profesional 235 mm,185701,"23,091",534,0.54%,0.46%,"33,865",784,0.56%,0.48%,0.53%,0.19%,35,8,0.15%,1.50%,"344,94 €","79,20 €",30,4
B08J488ZQG,B007TS6GP4,Arcos Juego de 6 Cuchillos de Mesa Chuleteros Acero Inoxidable 110 mm,815600--,"3,383",103,0.08%,0.09%,"4,439",124,0.07%,0.08%,28.10%,39.81%,40,0,1.18%,0.00%,"1.080,05 €","0,00 €",30,0
B0F1ZF7H1L,B00BHZPKEI,Arcos Cuchillo Blanco 100 mm,230224_,"1,219",33,0.03%,0.03%,"1,803",48,0.03%,0.03%,31.83%,19.23%,30,2,2.46%,6.06%,"596,89 €","36,51 €",30,2
B00J3ZVN54,B00J3ZVN54,ARCOS Cucharas de Mesa Acero Inoxidable 200 mm,574600_,"2,368",59,0.06%,0.05%,"3,529",86,0.06%,0.05%,11.41%,8.62%,53,0,2.24%,0.00%,"476,47 €","0,00 €",30,0
B019H2J21O,B019H2J21O,"Cuperinox 22531, Flanero Inoxidable 18cm con tapa",22531_us,781,9,0.02%,0.01%,"1,057",11,0.02%,0.01%,99.15%,100.00%,33,0,4.23%,0.00%,"294,67 €","0,00 €",30,0
B0H5FT852G,B0714CRSCQ,Arcos Cuchillo Mondador Negro 100 mm,150300,"5,284",147,0.12%,0.13%,"7,975",204,0.13%,0.12%,4.55%,2.88%,40,2,0.76%,1.36%,"398,06 €","19,96 €",30,1
B0H5FLX5H6,B07CBLHKLN,"HENDI Cartuchos de recarga de gas GLP para HENDI Cabezales de antorchas de cocina de llama continua 198247 y 198216, recambios para soplete, paquete de 4 unidades",H199039,78,12,0.00%,0.01%,113,25,0.00%,0.02%,100.00%,100.00%,48,20,61.54%,166.67%,"696,39 €","274,17 €",30,12
B0B8Z4CJBC,B07F2YVB15,"Arcos Juego Cuchillos Pelar Acero Inoxidable Nitrum 4""",136500_2,"5,083",131,0.12%,0.11%,"7,479",176,0.12%,0.11%,61.98%,29.55%,34,5,0.67%,3.82%,"654,16 €","96,20 €",30,4
B09FQ5SZK8,B08MTWTK78,Arcos Cuchillo Santoku Acero Inoxidable Nitrum 190 mm,166600_fbm,"6,462",114,0.15%,0.10%,"9,247",166,0.15%,0.10%,12.55%,15.38%,30,2,0.46%,1.75%,"870,70 €","57,98 €",30,2
B09KJLG7BT,B098XWCFXT,CUPERINOX Jamonero Profesional | soporte de jamon | 5 Piezas | tabla jamonera | soporte jamonero | Kit Jamonero (tabla + cuchillo + afilador + pinza + cubre jamon,20229FBM,"1,491",14,0.03%,0.01%,"1,780",21,0.03%,0.01%,92.59%,100.00%,31,6,2.08%,42.86%,"1.689,69 €","326,94 €",30,5
B0FR444FLT,B07N8VHP6Y,Arcos Cuchillo deshuesador con Hoja Acero Inoxidable Nitrum 160 mm. Cuchillo profesional para cortar huesos carne. Mango ergonómico polipropileno. Serie Brooklyn. Color azul.,192623_,971,23,0.02%,0.02%,"1,207",27,0.02%,0.02%,90.86%,88.24%,29,0,2.99%,0.00%,"1.105,56 €","0,00 €",29,0
B0G3ZJ89NB,B09NRLLDC6,CUPERINOX Cuchillo Jamonero + Chaira + Funda Cubre Jamón | Jamonero 240mm acero inoxidable| Afilador Chaira | Funda cubre jamón,20220f,"1,942",39,0.05%,0.03%,"2,661",52,0.04%,0.03%,98.70%,93.02%,30,1,1.54%,2.56%,"296,20 €","9,49 €",29,1
B09WYZHGQF,B09WYZHGQF,Arcos Nordika Juego 3 Cuchillos para Queso Acero Inoxidable Nitrum,167200_us,747,23,0.02%,0.02%,992,29,0.02%,0.02%,76.84%,75.00%,30,5,4.02%,21.74%,"2.064,00 €","344,00 €",29,5
B0DKP7F29P,B0DJBYWWVM,"Arcos Serie Samoa Iconic | Cacerola Antiadherente Cerámico 24 cm y 4,3 L | Aluminio Forjado | Apta cualquier cocina | Mango Acero Inoxidable | Color Negro | LIBRE DE (PFOA/PTFE/PFOS)",717022,"1,090",31,0.03%,0.03%,"1,399",36,0.02%,0.02%,95.12%,93.33%,29,2,2.66%,6.45%,"1.585,30 €","107,15 €",29,2
B0DPLG5V7Q,B0DWN7MZ3R,CUPERINOX Vaso cafe - Tazas de Espresso de Cristal - - Vaso Cristal - 80ml (Set de 6) - Apto para Lavavajillas y Microondas - Aroma Series,26120_3packs,334,13,0.01%,0.01%,448,14,0.01%,0.01%,98.54%,100.00%,41,10,12.28%,76.92%,"731,88 €","179,93 €",29,4
B0G4S268RT,B0G21WYQYN,BIOLEAF– Lavavajillas Pack 4×750 ml (3 L) | Alta Eficacia contra Grasa Difícil | Vajilla Brillante y Sin Residuos | Biodegradable y Dermatológicamente Testado,3467,"1,018",7,0.02%,0.01%,"1,211",10,0.02%,0.01%,98.88%,100.00%,29,1,2.85%,14.29%,"568,71 €","19,99 €",29,1
B0752XP113,B0044R887W,Arcos Juego Cuchillos carne 4 piezas. Paquete Cuchillos bolsillo con borperla para cortar y filetear carne. Hoja y mango Acero Inoxidable monobloque. Serie Mesa.,378400_2,"4,985",132,0.12%,0.11%,"7,503",195,0.12%,0.12%,17.12%,17.24%,50,0,1.00%,0.00%,"1.049,85 €","0,00 €",28,0
B017HKS3Q8,B005LRSICO,ARCOS Soporte Magnético para Cuchillos PVC Acero y ABS 450x45 mm,692600_us,247,18,0.01%,0.02%,381,32,0.01%,0.02%,81.92%,70.00%,30,4,12.15%,22.22%,"655,87 €","84,13 €",28,3
B00BQU0FB2,B00BQU0FB2,"HENDI Filtros de papel para cafetera de goteo, 1000 unidades, desechables, papel de filtro de café, ⌀245x(H)62mm, blanco",H208656,147,42,0.00%,0.04%,202,61,0.00%,0.04%,62.16%,67.27%,34,28,23.13%,66.67%,"1.413,21 €","1.164,80 €",28,22
B0DN1W2FX7,B01DY48HAS,"HENDI Bolsas lisas para cocción sous-vide y envasado al vacío, 100 unidades, -20 °C a +110 °C, 300x200mm, 75µm, PA/PE, sin BPA",H970683,378,42,0.01%,0.04%,547,66,0.01%,0.04%,27.40%,55.56%,59,40,15.61%,95.24%,"1.090,89 €","739,58 €",28,13
B089M821V5,B089M821V5,Arcos Cuchillos Carne | 6 pzas | Cuchillos chuleteros Set Cuchillo de Mesa Sierra | Mango Madera | Hoja 110 mm | Cuchillos Carne Mesa | Apto lavavajillas | Envase Carton | Ecologico,815500_,"2,043",70,0.05%,0.06%,"2,852",103,0.05%,0.06%,95.01%,100.00%,32,0,1.57%,0.00%,"924,01 €","0,00 €",28,0
B08M9QRSW8,B08M9QRSW8,Arcos | Juego Cuchillos cuchillos mesa | 6 Uds | cuchillo fruta | cuchillo postre | Hoja 110 mm | Acero Inoxidable Martensítico | Mango Nylon | apto lavavajillas | Envase Ecológico,703600fbm,914,24,0.02%,0.02%,"1,450",35,0.02%,0.02%,97.56%,100.00%,69,48,7.55%,200.00%,"698,13 €","446,34 €",28,10
B08T5Z4HFS,B08QYV8C1P,"CUPERINOX Cubiertos para marisco | Pinzas para marisco | Tenazas para marisco | 6 Unidades | Cubiertos marisco (Cangrejo, Langosta, Ostras) | Tenedor de marisco con dos dientes inferiores y cuchara.",20023_6pzas,880,32,0.02%,0.03%,"1,248",39,0.02%,0.02%,98.76%,100.00%,29,3,3.30%,9.38%,"362,94 €","38,98 €",28,3
B0DK3CM34K,B08VW7LTT6,"HENDI Cabezal de antorcha de cocina de llama continua con cartucho de recarga de gas GLP 199039, soplete flambeador, quemador de gas GLP, profesional, versátil-seguro 360°, negro con acentos en verde",H198254,379,36,0.01%,0.03%,536,51,0.01%,0.03%,88.40%,92.31%,31,8,8.18%,22.22%,"1.080,36 €","279,92 €",28,5
B0F1ZF7H1L,B005LR6FAG,"Arcos Cuchillo Cocina Forjado en Acero Inoxidable y Hoja de 200mm. Cuchillo Chef Profesional para Cortar Pescado, Carne y Cebolla. Mango Ergonómico Polioximetileno. Serie Riviera. Color Negro.",233600_,"7,865",162,0.18%,0.14%,"11,397",211,0.19%,0.13%,12.06%,14.39%,27,0,0.34%,0.00%,"877,23 €","0,00 €",27,0
B0BSKCJNDM,B005LR72I0,Arcos Niza Cuchillo Jamonero Flexible Acero Inoxidable 230 mm,135600_fba,"1,171",18,0.03%,0.02%,"1,613",29,0.03%,0.02%,27.49%,13.33%,27,2,2.31%,11.11%,"292,59 €","19,91 €",27,2
B0752VKJ4B,B071LGMH3L,Arcos Set 3 Cuchillos Peladores Acero Inoxidable,189500_2,"7,815",121,0.18%,0.11%,"9,934",158,0.16%,0.10%,20.03%,5.88%,29,1,0.37%,0.83%,"312,93 €","10,25 €",27,1
B0FR444FLT,B07N8V34F1,"Arcos Cuchillo Santoku Acero Inoxidable Forjado con Balanceo, Mango Micarta y BorSeda Especial y Hoja Plateada 190 mm. Impresiona yorprencon Cada Corte. Serie Brooklyn. Color Azul.",191623_,"1,891",35,0.04%,0.03%,"2,404",42,0.04%,0.03%,80.43%,86.21%,27,2,1.43%,5.71%,"1.204,48 €","81,98 €",27,2
B09MSDJQJ1,B09MM5CH6C,Arcos jamonero profesional alveolos | incluye pinza para jamón | cuchillo jamonero cuchillo jamonero alveolos cuchillos profesional| Acero Inoxidable Nitrum 240 mm,856200FBM,"1,075",19,0.03%,0.02%,"1,360",21,0.02%,0.01%,98.09%,100.00%,27,2,2.51%,10.53%,"810,23 €","59,98 €",27,2
B0CQ5G2HVQ,B09T6L1FNG,"Arcos Sarten Antiadherente 20 cm - Aluminio Forjado, Full Induction, Mango Acero Inoxidable Efecto Frío, Apta Lavavajillas, Ahorro Energético, Serie Samoa, Negro",716110,"2,290",63,0.05%,0.05%,"3,288",85,0.05%,0.05%,6.72%,24.39%,29,7,1.27%,11.11%,"872,09 €","210,11 €",27,5
B0G449LYZ3,B0G449LYZ3,WINS- AMBIENTADOR MARINO- GARRAFA 5L + CONCENTRADO 250ML (5L)| 10L EN TOTAL| PACK AHORRO| 100% MADE IN SPAIN,WC009+009,333,32,0.01%,0.03%,464,39,0.01%,0.02%,98.33%,96.30%,32,9,9.61%,28.13%,"624,34 €","175,42 €",27,5
B0F1ZF7H1L,B005LR6GE6,Arcos Cuchillo Cocinero Negro 250 mm,233700_,"5,104",99,0.12%,0.09%,"6,637",118,0.11%,0.07%,33.86%,28.00%,26,0,0.51%,0.00%,"1.129,70 €","0,00 €",26,0
B0F54LTCFF,B007TS67OY,Arcos Cuchillo Chef Acero Inoxidable 155 mm,280404_fbm,"8,457",184,0.20%,0.16%,"10,692",226,0.18%,0.14%,8.86%,4.08%,28,2,0.33%,1.09%,"462,26 €","32,98 €",26,1
B0H736YBW9,B009KKK16Y,"HENDI Pasta-gel combustible para Fondue, 3 unidades, para el quemador de alcohol para Fondue de HENDI 111420, tiempo de combustión de aproximadamente 2 horas, quemador de Fondue, 80 gr",H190036,405,13,0.01%,0.01%,567,20,0.01%,0.01%,97.45%,100.00%,40,7,9.88%,53.85%,"399,63 €","69,96 €",26,2
B0F1N351DY,B072FHSBJR,Arcos Nova Set 3 Cuchillos Peladores Acero Verde,189621,"2,834",71,0.07%,0.06%,"3,432",90,0.06%,0.06%,38.05%,27.59%,26,1,0.92%,1.41%,"267,98 €","10,49 €",26,1
B085SNLR5G,B07DC83Z46,"HENDI Bandeja de Servicio, Redonda, Recubrimiento Antideslizante, Multiusos, para buffets, Bandeja de Cocina para Servir Comida rápida, Bebidas, Fast Food, ⌀410x(H) 20mm, Polipropileno, Negro",H878149,307,9,0.01%,0.01%,436,11,0.01%,0.01%,97.28%,100.00%,42,3,13.68%,33.33%,"459,93 €","32,97 €",26,2
B08TLR4Z27,B08M3YG4R1,Arcos jamonero Profesional | Cuchillo jamonero jamonero Inoxidable Nitrum | Mango Negro | Cuchillo Jamon iberico | Serie Maitre| Hoja Flexible y Filo Liso | 275 mm | Acero Inoxidable NITRUM,704200_fbm,677,7,0.02%,0.01%,984,7,0.02%,0.00%,99.45%,100.00%,26,0,3.84%,0.00%,"569,90 €","0,00 €",26,0
B09FQ5SZK8,B08MTZZQV5,Arcos Cuchillo para Pan Acero Inoxidable Nitrum 200 mm,166400_fbm,"2,442",65,0.06%,0.06%,"3,152",91,0.05%,0.06%,24.03%,24.19%,26,2,1.06%,3.08%,"754,22 €","57,98 €",26,2
B09HRWYKDL,B09HRWYKDL,Arcos Juego de cuchillos Japoneses Profesionales | 4 piezas | Cuchillo Verduras 100 mm + Cocina 150 mm + Santoku con Alveolos 170 mm + Pelador de patatas,853100,559,9,0.01%,0.01%,755,12,0.01%,0.01%,100.00%,100.00%,26,0,4.65%,0.00%,"961,74 €","0,00 €",26,0
B0GT53T29T,B0GT53T29T,Alcohol de Limpieza 75% | 2 Litros | Aroma Floral,LAGARRAFITA_ALCOHOLIMP,103,5,0.00%,0.00%,134,8,0.00%,0.00%,100.00%,100.00%,29,3,28.16%,60.00%,"289,88 €","29,97 €",26,3
B0CQ92BWQ8,B009QXIRPC,"HENDI Bolsa de Transporte y Reparto de Pizzas, Bolsa Portapizzas con Aislamiento, Impermeable, Bolsa para la Entrega de Pedidos de Pizza y Comidas, Interior 35x35x(H) 18cm, Roja, 37x37x(H) 20cm",H709825,760,55,0.02%,0.05%,"1,163",92,0.02%,0.06%,39.73%,27.27%,49,8,6.45%,14.55%,"1.175,60 €","193,12 €",25,2
B017DLLFES,B017DLLFES,"Arcos Navaja Profesional de Acero Inoxidable Nitrum, Hoja 85 mm, Mango de Polipropileno, Serie Navajas Profesionales, Alta Durabilidad y Rendimiento",485700_fba,"1,015",29,0.02%,0.03%,"1,473",50,0.02%,0.03%,56.31%,96.67%,37,5,3.65%,17.24%,"270,63 €","30,95 €",25,1
B0FR444FLT,B07D8XC7NL,"Arcos Cuchillo Chef Forjado Acero Inoxidable NITRUM - Profesional Cocina, Mango Ergonómico POM Negro, Hoja Silk Edge 250 mm, Serie Manhattan",160800_,"1,274",24,0.03%,0.02%,"1,743",29,0.03%,0.02%,82.82%,100.00%,25,0,1.96%,0.00%,"1.122,50 €","0,00 €",25,0
B0F1ZF7H1L,B07JWG12BV,Arcos Riviera Set 3 Cuchillos Forjados Acero Inoxidable Nitrum,807710_,"1,806",34,0.04%,0.03%,"2,313",42,0.04%,0.03%,89.46%,54.17%,25,0,1.38%,0.00%,"1.725,25 €","0,00 €",25,0
B0FR444FLT,B07N8Q63Z6,Arcos Brooklyn Cuchillo para Tomates Forjado Acero Inoxidable Nitrum 130 mm,192023_,"2,665",63,0.06%,0.05%,"3,059",72,0.05%,0.04%,87.22%,100.00%,25,2,0.94%,3.17%,"810,75 €","61,98 €",25,2
B0DK3CM34K,B0862VPJ9H,"HENDI Cabezal de antorcha de cocina de llama continua, soplete flambeador, quemador, recargable con cartuchos de gas GLP 199039, mango ergonómico, versátil-seguro 360°, 185x65x(H)100mm, negro y verde",H198247,608,47,0.01%,0.04%,820,65,0.01%,0.04%,54.29%,45.28%,30,16,4.93%,34.04%,"729,48 €","389,54 €",25,11
B0H41SWHYG,B0FDKY2RXG,VINCARE Pack Limpieza Infantil – Detergente Biberones + Multiusos + Quitamanchas – Limpieza Segura para el Entorno del Bebé- 100% MADE IN SPAIN,PACK VINCARE,284,7,0.01%,0.01%,356,7,0.01%,0.00%,97.98%,100.00%,25,0,8.80%,0.00%,"372,65 €","0,00 €",25,0
B0FWK1CK18,B0FWK1CK18,"Arcos Tabla de Corte Arcos de Teca, Elegancia y Durabilidad Artesanal",706200,"2,196",45,0.05%,0.04%,"3,111",60,0.05%,0.04%,68.94%,66.67%,25,1,1.14%,2.22%,"2.168,75 €","87,95 €",25,1
B017HKRIGE,B00I9XTOT8,"ARCOS Tabla Cortar Fibra Resina y Celulosa 13""",691610,"3,012",68,0.07%,0.06%,"4,355",113,0.07%,0.07%,10.09%,15.71%,26,3,0.86%,4.41%,"542,10 €","59,33 €",24,3
B00W9SPO5M,B00W9SPO5M,Arcos Tijeras de Modista de Acero Forjado 178 mm - Uso Profesional y Doméstico - Niqueladas en Plata - Serie Style,504200,443,7,0.01%,0.01%,626,9,0.01%,0.01%,94.72%,100.00%,26,2,5.87%,28.57%,"373,20 €","27,13 €",24,1
B0F1ZF7H1L,B017DLFYYK,Arcos Cuchillo Queso Acero Inoxidable Blanco 145 mm,232824_,"2,991",90,0.07%,0.08%,"3,420",100,0.06%,0.06%,61.60%,64.38%,24,1,0.80%,1.11%,"907,96 €","36,09 €",24,1
B07BZ95N39,B07BZ95N39,"HENDI Pasta combustible para Chafing Dish, 24 x 200 g",H194300,"1,401",147,0.03%,0.13%,"1,972",227,0.03%,0.14%,11.62%,10.43%,30,9,2.14%,6.12%,"1.215,67 €","364,50 €",24,5
B07F6C8L9T,B07F6C8L9T,ARCOS Sacacorchos Eléctrico ABS Batería Recargable Plata,604900_,"2,754",73,0.06%,0.06%,"4,000",107,0.07%,0.07%,17.20%,27.59%,25,2,0.91%,2.74%,"1.097,75 €","85,98 €",24,2
B0DN1W6N4N,B07GQ354HR,"HENDI Jarra, para batidoras licuadoras HENDI 230718-230695-230688-230213-230602-230664, 2,5L, juego completo: cuchillas-jarra-tapas, batidos-cócteles-postres, 200x170x(H)360mm, policarbonato",H943489,197,44,0.00%,0.04%,294,69,0.00%,0.04%,66.79%,78.57%,25,15,12.69%,34.09%,"2.482,40 €","1.499,85 €",24,14
B0FR444FLT,B07N8V5DY8,Arcos Cuchillo trinchar forjado | Cuchillo jamonero Acero Inoxidable. Cuchillo cocina profesional cocinar. Mango micarta y borseda especial y Hoja plateada 300 mm. Serie Brooklyn. Color azul.,192323_,"1,102",34,0.03%,0.03%,"1,426",45,0.02%,0.03%,97.90%,100.00%,24,2,2.18%,5.88%,"1.124,54 €","93,58 €",24,2
B07N8WMVK1,B07N8WMVK1,ARCOS Taco Cajonera Organizador Bambú hasta 25 cm Marrón,794300_fbm,"1,814",37,0.04%,0.03%,"2,621",50,0.04%,0.03%,24.35%,50.00%,24,3,1.32%,8.11%,"767,76 €","95,97 €",24,3
B08TLR4Z27,B08M3YG4R1,Arcos jamonero Profesional | Cuchillo jamonero jamonero Inoxidable Nitrum | Mango Negro | Cuchillo Jamon iberico | Serie Maitre| Hoja Flexible y Filo Liso | 275 mm | Acero Inoxidable NITRUM,704200,677,7,0.02%,0.01%,984,7,0.02%,0.00%,99.45%,100.00%,24,0,3.55%,0.00%,"522,26 €","0,00 €",24,0
B0B2RGHSMW,B0B2RGHSMW,"HENDI Cesta para Freír, 6L, 238x185x(H)100mm",H930632,704,55,0.02%,0.05%,"1,095",72,0.02%,0.04%,31.49%,37.29%,32,3,4.55%,5.45%,"960,17 €","89,96 €",24,2
B0DQV6381X,B0F2Q1K35T,CUPERINOX Soporte Jamonero Balancín | Jamonero Giratorio Profesional | Jamonero Madera | Jamonera Profesional | Tabla Cortar Jamon,20290,"6,394",194,0.15%,0.17%,"9,237",263,0.15%,0.16%,98.88%,98.19%,24,0,0.38%,0.00%,"1.928,19 €","0,00 €",24,0
B0G2CMBY2N,B0G2CMBY2N,Ambientador Marino superconcentrado. 5 litros con solo 250 ml. Ahorro Total,WC009,419,27,0.01%,0.02%,521,33,0.01%,0.02%,98.95%,100.00%,24,1,5.73%,3.70%,"311,77 €","13,00 €",24,1
B0F1ZF7H1L,B005LR6E0C,Arcos Cuchillo Cocinero Acero Inoxidable Negro 150 mm,233400_,"3,080",52,0.07%,0.05%,"4,103",66,0.07%,0.04%,24.01%,17.39%,24,1,0.78%,1.92%,"647,76 €","26,99 €",23,1
B00U2QWLVS,B00U2QWLVS,Arcos Cuchillo Chuletero de Mesa Acero Inoxidable Nitrum 115 mm,740009_us,341,6,0.01%,0.01%,483,8,0.01%,0.00%,95.08%,100.00%,71,0,20.82%,0.00%,"278,29 €","0,00 €",23,0
B0752X1Z92,B01KZWSCSE,ARCOS Mochila para 9 Cuchillos de Cocina en Poliéster y PVC. Bolsa Portacuchillos Profesional para Almacenar y Transportar Utensilios de Cocina. 330 x 480 x 185 Mm. Color Negro,694900,"1,253",38,0.03%,0.03%,"1,845",66,0.03%,0.04%,78.49%,93.94%,23,4,1.84%,10.53%,"1.492,70 €","259,60 €",23,4
B073JC3QG7,B073JC3QG7,"VINFER- Abrillantador Mopas Spray 750 ml | Limpieza, Protege y Abrillanta Parquet, Terrazo, Mármol, Linóleum y Gres | Formato Profesional",VP_ABRILLANTADOR,"2,134",73,0.05%,0.06%,"3,050",92,0.05%,0.06%,89.97%,88.71%,26,2,1.22%,2.74%,"259,74 €","19,98 €",23,2
B0FR444FLT,B07JJGXYZD,Arcos Set Cocina Serie Manhattan,858100_,"11,984",221,0.28%,0.19%,"16,287",355,0.27%,0.22%,97.21%,97.99%,23,1,0.19%,0.45%,"1.908,77 €","82,99 €",23,1
B07PRXR5XR,B07PRXR5XR,"HENDI Cesta de lavavajillas Profesional para Vasos, Formato Cuadrado, Estructura Abierta para circulación de Agua, 405x405x(H) 150mm, Polipropileno",H871331,214,23,0.01%,0.02%,297,35,0.00%,0.02%,91.32%,80.00%,30,1,14.02%,4.35%,"622,84 €","20,75 €",23,1
B084TL25TZ,B084TL25TZ,HENDI Estante para rejillas para pizza/sartenes (14 ranuras) - 300x305x(H)680 mm,H810361,264,34,0.01%,0.03%,420,55,0.01%,0.03%,66.76%,89.47%,24,9,9.09%,26.47%,"1.434,00 €","537,75 €",23,8
B08VS4FCLN,B09HBWSBN1,"Arcos Juego Cuchillos Cocina cuchillo blanco cuchillos | cuchillos cocina Maitre | 5 piezas | Chef 215 mm, Cocina 150 mm, Verduras 100 mm Tijera cocina (Negro + Jamonero)",854100,"2,688",46,0.06%,0.04%,"3,484",56,0.06%,0.03%,99.94%,100.00%,23,0,0.86%,0.00%,"1.149,77 €","0,00 €",23,0
B0H2GDTT31,B005LR6C7C,Arcos Cuchillo Cocina Acero Inoxidable Negro 180 mm,233500_,"4,373",108,0.10%,0.09%,"6,271",151,0.10%,0.09%,8.59%,6.25%,22,1,0.50%,0.93%,"770,36 €","34,99 €",22,1
B0H2GBGWD4,B005LR6FAG,"Arcos Cuchillo Cocina Forjado en Acero Inoxidable y Hoja de 200mm. Cuchillo Chef Profesional para Cortar Pescado, Carne y Cebolla. Mango Ergonómico Polioximetileno. Serie Riviera. Color Negro.",233600_,"7,218",150,0.17%,0.13%,"10,974",215,0.18%,0.13%,6.68%,3.50%,23,3,0.32%,2.00%,"747,81 €","97,47 €",22,2
B017HKR8WS,B005LR7EP6,ARCOS Afilador de Cuchillos Profesional ABS,610000_,"27,257",944,0.64%,0.82%,"39,421","1,504",0.65%,0.92%,23.09%,20.80%,23,0,0.08%,0.00%,"1.545,70 €","0,00 €",22,0
B0DK3FSR9B,B00GZR3JD2,"HENDI Sifón de Nata, con 3 boquillas Diferentes, Soporte para el Cargador y Cepillo de Limpieza, para Nata montada, mousses, postres, 0,95L, ø95x(H) 320mm, Aluminio, Blanco",H588376,336,43,0.01%,0.04%,432,80,0.01%,0.05%,84.52%,82.35%,30,18,8.93%,41.86%,"1.258,50 €","755,10 €",22,12
B0D1CYZT7H,B00JN2S0UI,HENDI Escurridor de patatas fritas de aluminio - Gris claro - diámetro400x(H)170 mm,H630006,576,72,0.01%,0.06%,794,91,0.01%,0.06%,86.90%,85.92%,25,10,4.34%,13.89%,"766,44 €","302,52 €",22,7
B0752NT3TH,B00VRWSQIS,Arcos Serie Prochef - Tijeras de Cocina - Hoja de Acero Inoxidable - 200 mm - Mango de Polipropileno Color Negro,185300,"4,117",121,0.10%,0.11%,"5,907",165,0.10%,0.10%,8.95%,5.66%,22,0,0.53%,0.00%,"470,82 €","0,00 €",22,0
B0189HXQKQ,B017DLLFES,"Arcos Navaja Profesional de Acero Inoxidable Nitrum, Hoja 85 mm, Mango de Polipropileno, Serie Navajas Profesionales, Alta Durabilidad y Rendimiento",485700_fba,"2,103",45,0.05%,0.04%,"2,991",65,0.05%,0.04%,66.37%,92.45%,36,0,1.71%,0.00%,"270,36 €","0,00 €",22,0
B0GH9GNJ86,B017DLM9SY,Arcos Serie Toscana - Juego de Cucharas de Mesa (3 cucharas) - Monoblock de una pieza en Acero Inoxidable 18/10 y 180 mm - Color Plata,574400_,279,6,0.01%,0.01%,386,6,0.01%,0.00%,84.47%,66.67%,33,1,11.83%,16.67%,"262,60 €","7,99 €",22,1
B086X1XQXD,B07DC8C7Y6,"HENDI Expositor con cubierta deslizante roll-top, Doble",H871713,656,106,0.02%,0.09%,918,137,0.02%,0.08%,81.91%,75.00%,23,8,3.51%,7.55%,"1.808,87 €","631,92 €",22,7
B0FR444FLT,B07DC8JHV4,Arcos Cuchillo verduras Acero Inoxidable. Cuchillo profesional para pelar frutas y verduras. Mango ergonómico polioximetileno y Hoja 130 mm. Serie Manhattan. Color negro.,161100_,847,16,0.02%,0.01%,"1,111",19,0.02%,0.01%,72.92%,100.00%,24,0,2.83%,0.00%,"582,84 €","0,00 €",22,0
B0F1ZF7H1L,B07JHPQGPW,Arcos Riviera Blanc Juego 3 Cuchillos Forjados POM Blanco,807610_,"4,300",99,0.10%,0.09%,"5,849",151,0.10%,0.09%,31.29%,34.83%,22,1,0.51%,1.01%,"1.539,78 €","69,99 €",22,1
B0FR444FLT,B07N8W79GH,Arcos Manhattan Cuchillo Tallado Acero Inoxidable Nitrum 300 mm,162300_,860,20,0.02%,0.02%,"1,101",25,0.02%,0.02%,95.80%,100.00%,26,1,3.02%,5.00%,"959,87 €","35,14 €",22,1
B0FJLTDB9J,B0FB98PM7Z,CUPERINOX® Beauty Care – Pack 3 Cortauñas de Precisión | Alicate + Cortaúñas Mediano + Cortaúñas con Llavero | Acero Inoxidable Profesional | Manicura y Pedicura | Hombre y Mujer,A10004,476,8,0.01%,0.01%,597,9,0.01%,0.01%,99.46%,100.00%,22,0,4.62%,0.00%,"248,73 €","0,00 €",22,0
B0FH71NBJL,B0FH71NBJL,"VINFERMATÓN - Pack TRIPLE ACCIÓN Insecticida contra Moscas, Mosquitos, Cucarachas, Hormigas y Avispas - 6 ud",V9090,509,19,0.01%,0.02%,647,23,0.01%,0.01%,97.12%,100.00%,22,3,4.32%,15.79%,"590,63 €","76,92 €",22,3
B017HKG9PK,B0044R87K0,Arcos Cuchillo Cocina Acero Inoxidable Negro 160 mm,151500_fbm,"10,686",311,0.25%,0.27%,"15,583",433,0.26%,0.26%,3.78%,3.89%,21,2,0.20%,0.64%,"312,49 €","27,18 €",21,2
B0F54LTCFF,B007TS6GFO,Arcos Universal Juego 5 Cuchillos Nitrum Bloque Pino POM Negro,285700_,"13,665",397,0.32%,0.34%,"16,573",497,0.27%,0.30%,22.02%,21.81%,21,1,0.15%,0.25%,"2.204,63 €","104,90 €",21,1
B0F1ZF7H1L,B00BHZPHSC,Arcos Riviera Blanc Cuchillo Jamonero Forjado Acero POM Blanco 250 mm,231024_,"1,205",49,0.03%,0.04%,"1,524",60,0.03%,0.04%,38.02%,45.45%,22,7,1.83%,14.29%,"747,78 €","237,93 €",21,6
B00D3LCFRE,B00D3LCFRE,Arcos Tijeras Multiusos de Acero Inoxidable 210 mm - Costura y Tejidos - Mango ABS Gris - Serie Deluxe,521000_fbm,387,10,0.01%,0.01%,539,15,0.01%,0.01%,79.46%,100.00%,38,15,9.82%,150.00%,"911,68 €","359,91 €",21,1
B00VRZ1YJI,B00VRZ1YJI,Arcos Tijeras Modista Acero Forjado 190 mm - Uso Doméstico y Profesional - Niqueladas Plata - Serie Style,504300,219,3,0.01%,0.00%,300,3,0.00%,0.00%,95.47%,100.00%,21,4,9.59%,133.33%,"294,02 €","55,96 €",21,4
B0F1N351DY,B073V3CYRF,Arcos Cuchillo Mondador de 4 Pulgadas con Hoja de 100mm en Acero Inoxidable y Mango de Polipropileno. Cuchillos de Cocina para Pelar Apto para Lavavajillas. Serie Nova. Color Turquesa,188632_,"2,405",54,0.06%,0.05%,"2,726",59,0.05%,0.04%,90.41%,91.43%,25,1,1.04%,1.85%,"138,75 €","5,99 €",21,1
B0761194MW,B0761194MW,WINS 020 - Desengrasante Industrial Concentrado 5L Planchas,WINS020,275,12,0.01%,0.01%,357,13,0.01%,0.01%,88.50%,85.71%,30,3,10.91%,25.00%,"538,21 €","52,48 €",21,2
B07D5FFJ36,B07D5FFJ36,"HENDI Bandeja de Servicio Ovalada XL, Superficie Antideslizante, 735x600x(H) 31mm, Negro, Fibra de Vidrio y Goma",H508831,323,36,0.01%,0.03%,467,58,0.01%,0.04%,86.03%,88.37%,29,10,8.98%,27.78%,"1.450,53 €","499,90 €",21,6
B0H3P9C3GQ,B07MZJTY16,HENDI Jarra medidora apilable - 5 L - ø210x(H)270 mm,H567852,127,14,0.00%,0.01%,176,17,0.00%,0.01%,98.73%,100.00%,25,8,19.69%,57.14%,"345,67 €","107,38 €",21,5
B0DSLN2CX9,B07N8RNG1R,ARCOS Tabla Cocina Fibra Celulosa y Resina 24x14 cm,708000,"4,038",74,0.09%,0.06%,"5,602",98,0.09%,0.06%,11.10%,11.67%,22,2,0.54%,2.70%,"329,78 €","29,98 €",21,2
B09KJLG7BT,B08KW4BFZ9,CUPERINOX Jamonero Profesional | Soporte jamonero Tipo Gondola| Base de Corte para Usar con Cuchillo jamonero | Jamon iberico | Fabricado en España,20200_premium,"10,411",153,0.24%,0.13%,"15,322",227,0.25%,0.14%,90.21%,82.76%,21,0,0.20%,0.00%,"328,93 €","0,00 €",21,0
B08TLR4Z27,B08M3DQFHM,Arcos jamonero Profesional | Cuchillo jamonero jamonero Inoxidable Nitrum | Mango Negro | Cuchillo Jamon iberico | Serie Maitre| Hoja Flexible y Filo Liso | 275 mm | Acero Inoxidable NITRUM,151210_fbm,802,16,0.02%,0.01%,"1,102",21,0.02%,0.01%,99.11%,100.00%,23,5,2.87%,31.25%,"354,11 €","76,07 €",21,3
B08T5Z4HFS,B08QYQYZHS,"CUPERINOX Cubiertos para marisco | Pinzas para marisco | Tenazas para marisco | 12 Unidades | Cubiertos marisco (Cangrejo, Langosta, Ostras) | Tenedor de marisco con dos dientes inferiores y cuchara.",20023_12FBA,637,40,0.01%,0.03%,901,65,0.01%,0.04%,97.95%,100.00%,39,21,6.12%,52.50%,"709,45 €","367,63 €",21,6
B08TLR4Z27,B095C22QFS,Arcos jamonero Profesional | Cuchillo jamonero jamonero Inoxidable Nitrum | Mango Negro | Cuchillo Jamon iberico | Serie Maitre| Hoja Flexible y Filo Liso | 275 mm | Acero Inoxidable NITRUM,151811FBM,961,13,0.02%,0.01%,"1,335",18,0.02%,0.01%,98.79%,100.00%,21,1,2.19%,7.69%,"419,79 €","19,99 €",21,1
B0DG2RQFHP,B0DG2RQFHP,"HENDI Bandeja de horno GN 1/1 Convectomat – 8 moldes redondos – para huevos fritos, tortillas, panqueques, crepes – Revestimiento antiadherente – 260°C – 530x325x(H) 26mm – Acero inoxidable",H808856,371,52,0.01%,0.05%,566,92,0.01%,0.06%,68.20%,63.24%,41,35,11.05%,67.31%,"1.840,32 €","1.568,07 €",21,15
B0FJLTDB9J,B0FB98PM7Z,CUPERINOX® Beauty Care – Pack 3 Cortauñas de Precisión | Alicate + Cortaúñas Mediano + Cortaúñas con Llavero | Acero Inoxidable Profesional | Manicura y Pedicura | Hombre y Mujer,21920+21931+21932,476,8,0.01%,0.01%,597,9,0.01%,0.01%,99.46%,100.00%,22,3,4.62%,37.50%,"285,81 €","39,00 €",21,3
B0G3ZJ89NB,B0FZD7ZY1W,CUPERINOX Cuchillo Jamonero Profesional 25 cm – Hoja Alveolada de Acero Inoxidable Antideslizante con Mango Ergonómico – Corte Preciso y Fino para Jamón y Paletilla| Maestros del Corte,19303f,"1,412",38,0.03%,0.03%,"1,754",44,0.03%,0.03%,98.97%,100.00%,21,1,1.49%,2.63%,"419,79 €","19,99 €",21,1
B0G2CSJD3L,B0G2CSJD3L,Ambientador Floral superconcentrado. 5 Litros con solo 250 ml. Ahorro total,WC010,384,13,0.01%,0.01%,514,18,0.01%,0.01%,98.46%,100.00%,25,7,6.51%,53.85%,"323,73 €","89,91 €",21,4
B0752SPHL9,B005LR6W8Q,Arcos Maitre Set 5 Cuchillos Acero Inoxidable Nitrum,152000_,"3,550",76,0.08%,0.07%,"4,674",100,0.08%,0.06%,43.97%,78.38%,20,0,0.56%,0.00%,"1.239,80 €","0,00 €",20,0
B0F1ZF7H1L,B00BHZPO12,Arcos Cuchillo Cocina Acero Inoxidable Blanco 180 mm,233524_,"1,556",22,0.04%,0.02%,"2,047",25,0.03%,0.02%,27.71%,27.27%,20,2,1.29%,9.09%,"694,31 €","63,91 €",20,2
B00KISSXY4,B00KISSXY4,"HENDI Bandeja de Servicio AmerBox, Grande, Rectangular, Multiusos, Bandeja para Servir Comida rápida, Bebidas, Fast Food, Bandeja de Cocina, 350x450x(H) 20mm, Gris, Polipropileno",H878804,308,11,0.01%,0.01%,476,26,0.01%,0.02%,92.52%,100.00%,52,0,16.88%,0.00%,"519,48 €","0,00 €",20,0
B0CKX4YV2W,B01BNH5B5M,"HENDI Expositor buffet frío UNIQ 2 pisos, Negro",H871812,"1,185",150,0.03%,0.13%,"1,649",248,0.03%,0.15%,70.03%,91.35%,20,13,1.69%,8.67%,"2.878,62 €","1.859,19 €",20,13
B0FR444FLT,B07C7YV74X,Arcos Manhattan Cuchillo Trinchar Acero Jamón y Carne 250 mm,161900_,"1,092",22,0.03%,0.02%,"1,294",30,0.02%,0.02%,91.49%,100.00%,21,2,1.92%,9.09%,"731,29 €","69,98 €",20,2
B085SNLR5G,B07DC4H82X,"HENDI Bandeja de Servicio, Redonda, Recubrimiento Antideslizante, Multiusos, para buffets, Bandeja de Cocina para Servir Comida rápida, Bebidas, Fast Food, ⌀280x(H) 20mm, Polipropileno, Negro",H878125,850,20,0.02%,0.02%,"1,111",26,0.02%,0.02%,98.48%,100.00%,25,2,2.94%,10.00%,"249,75 €","19,98 €",20,2
B07JWG12BV,B07JWG12BV,Arcos Riviera Set 3 Cuchillos Forjados Acero Inoxidable Nitrum,807710_,566,16,0.01%,0.01%,873,24,0.01%,0.01%,63.71%,16.67%,20,0,3.53%,0.00%,"1.399,80 €","0,00 €",20,0
B0F1ZF7H1L,B07YXBK4HD,Arcos Riviera Set 3 Cuchillos de Corte Acero Inoxidable Nitrum,806911_,"3,801",71,0.09%,0.06%,"4,572",90,0.08%,0.06%,82.48%,79.31%,20,0,0.53%,0.00%,"1.300,08 €","0,00 €",20,0
B0CWLP4H3Z,B0843DKLKY,ARCOS Tijeras de Cocina Desmontables Acero Inox. Nitrum,784911_etq,"2,671",68,0.06%,0.06%,"3,319",77,0.05%,0.05%,12.12%,18.52%,20,1,0.75%,1.47%,"199,80 €","9,99 €",20,1
B0DFQ7Y1G8,B0DFQ7Y1G8,Arcos Afiladores - Afilador Eléctrico de Cuchillos de Cocina - Hecho de ABS Color Blanco (Rodillos con recubrimiento de diamante),603900,863,60,0.02%,0.05%,"1,236",102,0.02%,0.06%,98.70%,97.06%,20,8,2.32%,13.33%,"5.799,00 €","2.319,60 €",20,8
B0DPKXM18X,B0DNQX2BZN,"CUPERINOX Soporte Jamonero Plegable | Jamonero Giratorio | Jamonero de Bambú con Cuchillo Profesional, Afilador y Funda para Jamón | Elite Collection",20270_,"5,673",153,0.13%,0.13%,"6,746",171,0.11%,0.10%,98.66%,98.26%,20,0,0.35%,0.00%,"977,30 €","0,00 €",20,0
B0G2D49KKR,B0G2D49KKR,WINS 010 - Ambientador Profesional Floral Garrafa 5L + Concentrado 250ml,WC010+010,234,17,0.01%,0.01%,290,25,0.00%,0.02%,98.88%,94.74%,25,9,10.68%,52.94%,"496,28 €","176,44 €",20,4
B01DY57HXU,B01DY57HXU,"HENDI Combustible líquido, lata, con mecha, 24 unidades, sin hollín y sin olor, tiempo de combustión 6 horas, dietilenglicol puro, para calentadores de alimentos, calientaplatos, chafing dish, 200 gr",H193938,136,13,0.00%,0.01%,205,20,0.00%,0.01%,93.64%,88.24%,20,4,14.71%,30.77%,"1.086,75 €","216,97 €",19,4
B07JWM27F4,B07JWM27F4,Arcos Set Cuchillos Cocina Profesionales Forjados en Acero Inoxidable. Juego de 3 Cuchillos (Pelador 100 mm + Cocinero 150 mm + Cocinero 200 mm). Mango Ergonómico Rosa en Polioximetileno. Riviera Rose,855100_,"2,945",55,0.07%,0.05%,"4,454",81,0.07%,0.05%,99.01%,93.18%,19,2,0.65%,3.64%,"1.374,76 €","139,97 €",19,2
B07N8W7718,B07N8W7718,Arcos Cuchillo Chef Forjado Acero Inoxidable Tamaño. Mango Profesional Micarta y BorSeda Especial con Hoja Plateada 250 mm. Impresiona yorprencon Cada Corte. Serie Brooklyn. Color Azul.,190823_,807,14,0.02%,0.01%,"1,099",20,0.02%,0.01%,92.69%,100.00%,20,2,2.48%,14.29%,"1.059,80 €","105,98 €",19,2
B0FR444FLT,B07N8W7718,Arcos Cuchillo Chef Forjado Acero Inoxidable Tamaño. Mango Profesional Micarta y BorSeda Especial con Hoja Plateada 250 mm. Impresiona yorprencon Cada Corte. Serie Brooklyn. Color Azul.,190823_,767,20,0.02%,0.02%,983,27,0.02%,0.02%,96.63%,100.00%,19,2,2.48%,10.00%,"1.002,38 €","105,98 €",19,2
B0843DFZH2,B0843DFZH2,Arcos Set 5 Cuchillos Forjados Acero Inoxidable Nitrum,235024,"5,491",117,0.13%,0.10%,"8,226",209,0.14%,0.13%,12.12%,34.07%,19,2,0.35%,1.71%,"2.424,11 €","249,98 €",19,2
B0CRDY65RY,B09T6KZ2K8,"Arcos Cacerola Antiadherente 20 cm Aluminio Forjado, Mango Efecto Frío, Apta Inducción y Lavavajillas, Ahorro Energético, 2.6 L Capacidad, Serie Samoa",716910,"1,083",9,0.03%,0.01%,"1,442",11,0.02%,0.01%,45.05%,100.00%,19,1,1.75%,11.11%,"781,45 €","36,05 €",19,1
B09WYYY5MD,B09WYYY5MD,Arcos Nordika Cuchillo para Queso Acero Inoxidable Nitrum 125 mm,166100_us,329,9,0.01%,0.01%,443,20,0.01%,0.01%,53.39%,27.27%,19,0,5.78%,0.00%,"503,31 €","0,00 €",19,0
B0DPLG5V7Q,B0DPJBBJC4,"CUPERINOX® Tazas de Café Espresso de Cristal – Set 2 80ml- Aptas para lavavajillas- Resistentes al Calor – Tazas Bonitas de Café, Té Originales y Elegantes – Aroma Series",26120_,"1,682",27,0.04%,0.02%,"2,294",32,0.04%,0.02%,99.30%,96.00%,20,0,1.19%,0.00%,"237,80 €","0,00 €",19,0
B0F9X4NXL3,B0F9KXQKLG,"CUPERINOX Cuchillos Mesa, cuchillo carne, cuchillo mantequilla, Set 24 piezas, acero inoxidable, hoja con filo y sierra, cuchillo untar. Apto lavavajillas. Mango ergonomico",20043-24,"1,423",60,0.03%,0.05%,"1,844",98,0.03%,0.06%,99.22%,91.55%,22,0,1.55%,0.00%,"436,31 €","0,00 €",19,0
B0H41SWHYG,B0GNZWCSKK,VINCARE Detergente Biberones y Tetinas Pack 2x – Limpieza Segura para Bebés – Elimina Restos de Leche y Olores – Apto para Chupetes y Accesorios,PM-9MUA-64P3,409,4,0.01%,0.00%,593,4,0.01%,0.00%,99.48%,100.00%,19,0,4.65%,0.00%,"284,81 €","0,00 €",19,0
B0F54LTCFF,B0044R87QO,Arcos Cuchillo Chef Acero Inoxidable. Cuchillo cocina profesional para cortar una variedad alimentos. Mango ergonómico polioximetileno y Hoja 250 mm. Serie Universal. Color negro.,280704_fbm,"5,886",156,0.14%,0.14%,"7,907",197,0.13%,0.12%,5.39%,2.26%,22,1,0.37%,0.64%,"544,49 €","24,74 €",18,1
B0B3F4QXML,B008U6TDTK,Arcos Serie Clasica - Juego de Cuchillos de 5 piezas en Caja de Regalo (5 Cuchillos) - Hoja de Acero Inoxidable Forjado NITRUM - Mando de Polioximetileno (POM) - Bloque de madera color marrón acabado lacado,257000_2,"5,629",128,0.13%,0.11%,"8,113",201,0.13%,0.12%,59.37%,68.22%,18,1,0.32%,0.78%,"2.563,82 €","127,99 €",18,1
B0CQ92BWQ8,B009QXKGKG,"HENDI Bolsa de Transporte y Reparto de Pizzas, Bolsa Portapizzas con Aislamiento, Impermeable, Bolsa para la Entrega de Pedidos de Pizza y Comidas, Interior 45x45x(H) 18cm, Roja, 47x47x(H) 21cm",H709818,228,34,0.01%,0.03%,340,48,0.01%,0.03%,80.07%,57.14%,30,8,13.16%,23.53%,"923,66 €","238,36 €",18,3
B00CWZQJZG,B00CWZQJZG,"Arcos Cuchillos Mesa - Cuchillo Carne Mesa - Monobloque unaola pieza Acero Inoxidable 4"" - Color Plateado - Corta todo tipo carne conimplicidad y practicidad -erie Monobloque - Color Gris",702000_1pza_fba,622,8,0.01%,0.01%,900,14,0.01%,0.01%,71.55%,83.33%,69,0,11.09%,0.00%,"344,31 €","0,00 €",18,0
B00D3LDXPM,B00D3LDXPM,ARCOS Abrelatas Manual Aleación de Zinc Plata-Negro 160 mm,603600,"1,365",85,0.03%,0.07%,"1,872",120,0.03%,0.07%,14.06%,17.65%,19,8,1.39%,9.41%,"326,35 €","133,96 €",18,7
B07TXLKG42,B00GZR3MKM,"HENDI Freidora eléctrica, T ajustable hasta 190°C, termostato de seguridad, zona fría, con tapa y cesta de freír, tanque de aceite extraíble, 8L, 230V, 3500W, 265x430x(H)345mm, acero inoxidable",H205822,446,48,0.01%,0.04%,676,68,0.01%,0.04%,64.78%,55.77%,18,5,4.04%,10.42%,"2.977,09 €","820,72 €",18,5
B00L7X7ONU,B00L7X7ONU,HENDI Jarra de zumo - 2 L - ø120x(H)250 mm,H425138,204,27,0.00%,0.02%,265,35,0.00%,0.02%,75.32%,85.71%,54,33,26.47%,122.22%,"1.069,04 €","649,25 €",18,10
B07882914Y,B07882914Y,Wins - Limpiador Suelos y Superficies Concentrado Amoniacal Pino 021 - Garrafa 5L,WINS021,329,22,0.01%,0.02%,454,33,0.01%,0.02%,85.68%,100.00%,25,14,7.60%,63.64%,"356,16 €","196,77 €",18,10
B07JHPQGPW,B07JHPQGPW,Arcos Riviera Blanc Juego 3 Cuchillos Forjados POM Blanco,807610_,"2,841",64,0.07%,0.06%,"4,089",77,0.07%,0.05%,23.58%,27.08%,18,1,0.63%,1.56%,"1.259,82 €","69,99 €",18,1
B0FWM351K4,B07MDGR8G1,CUPERINOX® Couture Series - Tijera Costura Profesional 15 cm | Acero Inoxidable Irrompible | Mango Ergonómico Antideslizante | Corte Preciso y Duradero,21950_us,347,10,0.01%,0.01%,434,13,0.01%,0.01%,92.96%,85.71%,22,3,6.34%,30.00%,"175,77 €","23,96 €",18,2
B07YXBGV8C,B07YXBGV8C,Arcos Riviera Blanc Set 3 Cuchillos Forjados Acero Inoxidable Nitrum,807511_,480,24,0.01%,0.02%,761,57,0.01%,0.03%,82.22%,63.33%,18,2,3.75%,8.33%,"1.079,82 €","119,98 €",18,2
B08VRP7CR7,B08G8M6QDS,Arcos Juego de Cuchillos chuleteros - Envase Ecologico 100% - 4 Cuchillos Carne - Cubiertos Mesa Acero Inoxidable,809500_,632,15,0.01%,0.01%,830,17,0.01%,0.01%,99.21%,100.00%,22,0,3.48%,0.00%,"434,82 €","0,00 €",18,0
B0CQLQ57BT,B08TWZGJ69,"Arcos Cazo Antiadherente 20 cm Aluminio Fundido para Todo Tipo de Cocinas, Mango Ergonómico, Ahorro Energético, Apto Lavavajillas, Negro/Azul, Serie Thera",719200,848,17,0.02%,0.01%,"1,180",20,0.02%,0.01%,35.87%,33.33%,18,1,2.12%,5.88%,"542,36 €","30,95 €",18,1
B0CRDY65RY,B09T9QCXL9,Arcos Cacerola Antiadherente Aluminio Forjado 28 cm,717110,"11,271",164,0.26%,0.14%,"15,753",228,0.26%,0.14%,8.62%,9.24%,18,1,0.16%,0.61%,"915,30 €","48,90 €",18,1
B0DNBTJMLJ,B09ZHZDJRJ,FAMILIA VINCARE (DETERGENTE BIBERONES),DETERGENTE BIBERONES 500ML,371,10,0.01%,0.01%,480,11,0.01%,0.01%,24.31%,50.00%,18,0,4.85%,0.00%,"143,95 €","0,00 €",18,0
B0C49YDKL4,B0C49YDKL4,Arcos Serie Nordika - Cuchillo Usuba - Acero Inoxidable NITRUM - Hoja de 175 mm - Mango de Madera Ovengkol 100% natural de bosques certificados FSC® - Embalaje 100% reciclado,168000,770,23,0.02%,0.02%,"1,047",32,0.02%,0.02%,73.17%,83.33%,18,0,2.34%,0.00%,"811,30 €","0,00 €",18,0
B0DB2647JX,B0DB2647JX,Repelente de insectos VINFERMATON | Mosquitos y garrapatas | 0% DEET | Apto para niños 1 año | Protección 8 horas,V501100,447,12,0.01%,0.01%,564,19,0.01%,0.01%,98.87%,100.00%,19,0,4.25%,0.00%,"161,31 €","0,00 €",18,0
B0DG2QX9YD,B0DG2QX9YD,"HENDI Dispensador isotérmico de bebidas, 9L",H425336,611,55,0.01%,0.05%,982,82,0.02%,0.05%,57.49%,49.09%,22,10,3.60%,18.18%,"1.238,44 €","562,51 €",18,7
B0DKP7F29P,B0DJBZK9SX,"Arcos Serie Samoa Iconic | Cazo Antiadherente Cerámico 16 cm y 1,5 L | Aluminio Forjado | Apta cualquier cocina | Mango Acero Inoxidable | Color Negro | LIBRE DE (PFOA/PTFE/PFOS)",717222,799,21,0.02%,0.02%,918,22,0.02%,0.01%,92.34%,100.00%,18,0,2.25%,0.00%,"597,96 €","0,00 €",18,0
B0DKP7F29P,B0DJC1RQ9T,"Arcos Serie Samoa Iconic | Cacerola Antiadherente Cerámico 20 cm y 2,6 L | Aluminio Forjado | Apta cualquier cocina | Mango Acero Inoxidable | Color Negro | LIBRE DE (PFOA/PTFE/PFOS)",716922,"1,064",20,0.02%,0.02%,"1,249",23,0.02%,0.01%,80.19%,100.00%,18,1,1.69%,5.00%,"984,10 €","54,95 €",18,1
B0DDWPSK8Z,B001681JO6,"HENDI Placa de inducción de sobremesa profesional, control táctil, 60-240°C, 230V, 3500W, 342x431x(H)116mm, acero inoxidable",H239711,718,63,0.02%,0.05%,"1,139",98,0.02%,0.06%,66.02%,71.23%,22,6,3.06%,9.52%,"5.890,50 €","1.606,50 €",17,5
B007TS6GW2,B007TS6GW2,Arcos Chairas - Chaira Afilador manual de cuchillos - Cuerpo de Acero al Carbono recubierto de Diamante de 280 mm - Mango de Polipropileno color negro,279202_,"1,511",21,0.04%,0.02%,"2,771",31,0.05%,0.02%,49.49%,42.86%,19,5,1.26%,23.81%,"759,81 €","199,95 €",17,3
B017HKR8WS,B00OFR535Q,"Arcos Afiladores - Afilador Eléctrico de Cuchillos Afilador de Cuchillos Eléctricos, Hecho de Plástico, Color Negro (Rodillos de Banda Intercambiables)",610500_fbm,"4,894",185,0.11%,0.16%,"5,562",217,0.09%,0.13%,99.02%,96.12%,18,11,0.37%,5.95%,"4.386,82 €","2.584,89 €",17,10
B017DLL2KA,B017DLL2KA,"Arcos Regia Cuchillos Mesa Carne Nitrum POM Negro-Oro 4,5 pulg",375000_1Pieza,"1,061",39,0.02%,0.03%,"1,559",61,0.03%,0.04%,50.19%,37.84%,69,3,6.50%,7.69%,"824,31 €","35,97 €",17,1
B0F1N351DY,B073V5RN1J,Arcos Cuchillo Mondador Acero Inoxidable NITRUM 100 mm - Ideal para Pelar Frutas y Verduras - Mango Ergonómico Polipropileno Negro - Serie Nova,816500_1unidad,"7,718",160,0.18%,0.14%,"8,900",183,0.15%,0.11%,97.01%,93.46%,32,5,0.41%,3.13%,"97,60 €","15,25 €",17,1
B07G75VRY2,B07G75VRY2,"Arcos Serie Cuchillos de Mesa Caja 12 uds Cuchillo Chuletero, Hoja Serrada de Acero Inoxidable de 110 mm, Cuchillo Monoblock Acero Inoxidable Color plata (12 UDS)",375800_(809900x2),504,14,0.01%,0.01%,841,21,0.01%,0.01%,61.32%,66.67%,20,0,3.97%,0.00%,"1.154,91 €","0,00 €",17,0
B07H1S3VRW,B07H1S3VRW,"Wins 005 Limpiador Fregasuelos Neutro, Aroma Cítrico, 5 L",WINS005,183,12,0.00%,0.01%,236,16,0.00%,0.01%,87.96%,84.62%,39,18,21.31%,150.00%,"410,22 €","179,43 €",17,5
B0FR444FLT,B07N8VLCQS,"Arcos Juego de Cuchillos Profesionales (4 Piezas) - Acero Inoxidable Nitrum, Precisión y Durabilidad, Mango Ergonómico POM Negro, Incluye Tijeras y Bloque de Madera, Serie Manhattan",163300_,"1,592",22,0.04%,0.02%,"2,151",25,0.04%,0.02%,83.63%,81.25%,17,0,1.07%,0.00%,"1.685,16 €","0,00 €",17,0
B09FQ5SZK8,B08MTTN436,Arcos Nordika Cuchillo Mondador Nitrum Madera Ovengkol FSC 100 mm,165000_fbm,"2,755",60,0.06%,0.05%,"3,709",89,0.06%,0.05%,13.55%,20.00%,17,2,0.62%,3.33%,"374,19 €","43,98 €",17,2
B0CQM2K3QY,B08TX1D4LL,"ARCOS Thera Olla Grande de Cocina de 24 Cm y 4 L. Cacerola Alta para Inducción, Gas y Vitrocerámica. Olla de Aluminio Fundido con Tapa de Cristal y Mango Extraíble. Apta Lavavajillas. Color Negro Azul",718700,934,19,0.02%,0.02%,"1,281",28,0.02%,0.02%,43.35%,47.37%,17,2,1.82%,10.53%,"900,09 €","107,98 €",17,2
B0H41SWHYG,B0C2QFPLX9,FAMILIA VINCARE (MULTIUSOS INDIVIDUAL),MULTIUSOS750ML,383,13,0.01%,0.01%,475,15,0.01%,0.01%,97.19%,100.00%,18,1,4.70%,7.69%,"179,82 €","9,99 €",17,1
B0C5XR2TFF,B0C5XR2TFF,Arcos Serie Thera | Sarten Antiadherente 22 cm | Aluminio Fundido | Apta cualquier cocina | Mango Ergonómico Plástico y Silicona | Sistema ahorro energético | Apta lavavajillas | Color Negro y Azul,719800,357,4,0.01%,0.00%,488,5,0.01%,0.00%,91.24%,100.00%,17,1,4.76%,25.00%,"521,13 €","32,25 €",17,1
B0G4SGJSBJ,B0G21D2KFZ,"BIOLEAF– Desincrustante Baños Antical Pack 4×750 ml (3 L) | Limpieza Profesional de Lavabos, Ducha y Bañera | Brillo Inmediato | Biodegradable y Dermatológicamente Testado",3498,"1,042",14,0.02%,0.01%,"1,227",15,0.02%,0.01%,99.13%,100.00%,17,0,1.63%,0.00%,"336,83 €","0,00 €",17,0
B0H2GBGWD4,B005LR6GE6,Arcos Cuchillo Cocinero Negro 250 mm,233700_,"3,739",84,0.09%,0.07%,"4,883",112,0.08%,0.07%,21.34%,18.67%,17,5,0.45%,5.95%,"736,35 €","214,95 €",16,4
B017HKKKIC,B007TS68BG,Arcos Universal Cuchillo Carnicero Nitrum POM Negro 160 mm,288200_fbm,"1,723",59,0.04%,0.05%,"2,591",89,0.04%,0.05%,14.88%,23.21%,16,3,0.93%,5.08%,"458,41 €","82,46 €",16,3
B007TS6HBM,B007TS6HBM,ARCOS Rallador de Limones Acero Inoxidable 40 mm,612800,930,29,0.02%,0.03%,"1,297",45,0.02%,0.03%,14.18%,16.67%,16,1,1.72%,3.45%,"141,60 €","8,85 €",16,1
B0H2ZKZVS4,B007TS6HNK,ARCOS Corta Pizzas Acero Inoxidable 100 mm,614800_,741,56,0.02%,0.05%,988,72,0.02%,0.04%,6.32%,6.35%,16,4,2.16%,7.14%,"191,84 €","47,96 €",16,4
B00BHZPIVI,B00BHZPIVI,Arcos Cuchillo Chef Forjado Acero Inoxidable 200 mm,233624,707,20,0.02%,0.02%,"1,022",28,0.02%,0.02%,45.53%,23.53%,16,1,2.26%,5.00%,"519,84 €","32,49 €",16,1
B0F1ZF7H1L,B00BHZPIVI,Arcos Cuchillo Chef Forjado Acero Inoxidable 200 mm,233624,"1,437",25,0.03%,0.02%,"1,829",30,0.03%,0.02%,39.43%,50.00%,16,1,1.11%,4.00%,"519,84 €","32,49 €",16,1
B0H3P52PVS,B00BHZPKEI,Arcos Cuchillo Blanco 100 mm,230224_,982,17,0.02%,0.01%,"1,484",33,0.02%,0.02%,20.52%,10.00%,16,0,1.63%,0.00%,"319,84 €","0,00 €",16,0
B00IUPKTFS,B00IUPKTFS,"HENDI Sartén eléctrica multiusos, paellera cazuela olla plancha, de fiestas, revestimiento antiadherente, termostato, con tapa, interior: ø55cm profundidad: 6cm, 230V, 1600W, ø620x(H)190mm, aluminio",H239605,"1,728",37,0.04%,0.03%,"2,540",43,0.04%,0.03%,38.09%,28.57%,16,0,0.93%,0.00%,"1.566,66 €","0,00 €",16,0
B07MZJTY16,B07MZJTY16,HENDI Jarra medidora apilable - 5 L - ø210x(H)270 mm,H567852,60,15,0.00%,0.01%,87,21,0.00%,0.01%,94.52%,100.00%,25,19,41.67%,126.67%,"349,75 €","265,81 €",16,10
B0857QG39T,B0857QG39T,"HENDI Placa eutéctica de frío profesional, GN 1/1, para cajas térmicas, elemento refrigerante, acumulador de frío, bloque térmico, de enfriamiento, placa de hielo, 530x325x(H) 30mm, HDPE, blanco",H707753,358,53,0.01%,0.05%,516,88,0.01%,0.05%,84.84%,68.75%,53,34,14.80%,64.15%,"1.789,26 €","1.147,45 €",16,9
B08WR6CHHN,B08JC8DSP6,Arcos Cuchillos Chuleteros cuchillos chuleteros acero inoxidable filo liso juego cuchillos chuleteros | 6 PZAS cuchillo chuletero | Hoja 110 mm |cuchillos carne Envase Eco,815800,443,7,0.01%,0.01%,664,12,0.01%,0.01%,99.19%,100.00%,17,0,3.84%,0.00%,"679,83 €","0,00 €",16,0
B06XB92VRH,B09LYZ5G5S,CUPERINOX Deluxe Cafetera Italiana Induccion Espresso Inoxidable 6 Tazas,25052,833,19,0.02%,0.02%,"1,069",23,0.02%,0.01%,99.39%,89.47%,16,0,1.92%,0.00%,"500,75 €","0,00 €",16,0
B09TP1PTLN,B09TP1PTLN,"HENDI Bolsa para Carro de Lavandería, 845x600x(H) 625mm",H691090,"1,392",175,0.03%,0.15%,"2,078",268,0.03%,0.16%,55.44%,31.92%,28,8,2.01%,4.57%,"978,58 €","279,58 €",16,4
B0CQLNJVKL,B0BRNMK276,"Arcos Sartenes Antiadherentes 20/24 cm - Aluminio Fundido, Asas Silicona, Ahorro Energético, Compatible con Inducción y Lavavajillas, Serie Thera, Negro/Azul",7198000,913,15,0.02%,0.01%,"1,185",21,0.02%,0.01%,78.53%,90.00%,16,1,1.75%,6.67%,"879,20 €","54,95 €",16,1
B0DTKB63SV,B0DTKB63SV,"HENDI Batidora de mano, con cable en espiral, brazo batidor: 225mm, velocidad variable: 8500 a 16500 RPM, procesa hasta 3L, batidora de inmersión, ø65x(H)425mm, 220V/1000W, acero inoxidable, ABS",H221181,893,83,0.02%,0.07%,"1,248",107,0.02%,0.07%,93.59%,86.81%,18,9,2.02%,10.84%,"1.795,39 €","897,49 €",16,7
B0DVG51R3F,B0DVG51R3F,"HENDI Baño María Eléctrico, 3x GN 1/3 con Tapas",H238967,314,40,0.01%,0.03%,458,58,0.01%,0.04%,96.73%,97.50%,16,3,5.10%,7.50%,"2.600,00 €","487,50 €",16,3
B0G4F8D9B5,B0G4F8D9B5,"CUPERINOX Cuchillos Niños | Juego de Cuchillos Infantiles de 8 Piezas | Kit Cocina Método Montessori Aprendizaje +2 Años | Incluye Tabla de Cortar, Pelador y Cuchillo de Madera (8)",27007_,459,15,0.01%,0.01%,578,21,0.01%,0.01%,97.58%,100.00%,25,6,5.45%,40.00%,"286,11 €","66,92 €",16,2
B0044R87XM,B0044R87XM,"Arcos Cuchillo cocina laerie Kyoto - Hoja Acero Inoxidable forjado Nitrum 6"" - Mango negro polioximetileno (POM) - Elegante y duradero (7'')",178900_,811,17,0.02%,0.01%,"1,144",26,0.02%,0.02%,99.51%,100.00%,15,2,1.85%,11.76%,"749,85 €","99,98 €",15,2
B005LR69ZC,B005LR69ZC,Arcos Cuchillo de Queso Negro 145 mm,232800_,"1,105",40,0.03%,0.03%,"1,546",54,0.03%,0.03%,6.50%,2.50%,15,1,1.36%,2.50%,"562,66 €","31,36 €",15,1
B0H2GDTT31,B00BHZPO12,Arcos Cuchillo Cocina Acero Inoxidable Blanco 180 mm,233524_,"1,332",30,0.03%,0.03%,"1,784",44,0.03%,0.03%,24.07%,36.00%,15,1,1.13%,3.33%,"524,85 €","34,99 €",15,1
B0CKX4YV2W,B00MFLEA80,"HENDI Expositor buffet frío UNIQ 1 piso, Negro",H871805,547,100,0.01%,0.09%,749,145,0.01%,0.09%,88.86%,88.43%,17,7,3.11%,7.00%,"1.268,67 €","526,75 €",15,5
B0D1CV1MT6,B07D9YVLP6,"HENDI Tabla de cortar con certificación HACCP 600x400 - Blanco, 600x400mm",H825600,842,123,0.02%,0.11%,"1,011",154,0.02%,0.09%,65.63%,59.17%,21,13,2.49%,10.57%,"835,81 €","516,59 €",15,7
B07DC8MD56,B07DC8MD56,"HENDI Rejilla de asador, GN 1/1, de acero inoxidable cromado, 325x530mm, para todas las parrillas, grill, barbacoas Green Fire de HENDI",H939949,449,50,0.01%,0.04%,637,72,0.01%,0.04%,86.28%,79.03%,30,15,6.68%,30.00%,"622,26 €","313,81 €",15,8
B0FR444FLT,B07DFNDYFM,Arcos Cuchillo pescado Forgedole Acero Inoxidable forjado. Mango Micarta y borseda especial con Hoja plateada 190 mm. Serie Manhattan. Color negro. Impresiona yorprencon cada corte.,161400_,717,17,0.02%,0.01%,853,28,0.01%,0.02%,90.63%,100.00%,15,2,2.09%,11.76%,"385,95 €","50,68 €",15,2
B0FR444FLT,B07N8TNDRV,Arcos Brooklyn Cuchillo Chef Forjado Acero Inoxidable 150 mm,190423_,"1,823",39,0.04%,0.03%,"2,214",50,0.04%,0.03%,62.15%,64.29%,15,1,0.82%,2.56%,"599,85 €","39,99 €",15,1
B0FR444FLT,B07N8TV9CC,Arcos Brooklyn Cuchillo Rebanar Jamonero Forjado Micarta Azul 250 mm,191923_,"1,341",26,0.03%,0.02%,"1,600",28,0.03%,0.02%,84.10%,83.33%,15,2,1.12%,7.69%,"612,91 €","85,98 €",15,2
B07PQS3PNH,B07PQS3PNH,"HENDI Caja de golpe de café con marco de madera, vaciado de posos de café, barra de golpeo extraíble con revestimiento de silicona, GN 1/4, 265x162x(H)100mm, madera oscura/acero inoxidable",H208380,396,27,0.01%,0.02%,564,45,0.01%,0.03%,86.80%,87.88%,16,2,4.04%,7.41%,"616,00 €","77,00 €",15,2
B0FQNZM34T,B0843V9Z1W,Arcos Cuchillo Santoku Acero Inoxidable Nitrum y Hoja 190 mm. Mango ergonómico polioximetileno POM. Diseño clásico y acabado redondeado gran belleza yolidez. Serie Opera. Color negro.,229900_fba,791,7,0.02%,0.01%,"1,065",7,0.02%,0.00%,93.03%,100.00%,16,0,2.02%,0.00%,"590,60 €","0,00 €",15,0
B08M99RZRV,B08M99RZRV,Arcos | Cuchillo Jamonero Cuchillo deshuesador | 2 Uds | Set cuchillos jamoneros 250 mm y cuchillo deshuesador (140 mm) jamonero profesional | cuchillo carnicero profesional | Eco,703800fbm,"5,622",96,0.13%,0.08%,"7,234",132,0.12%,0.08%,99.82%,98.89%,15,0,0.27%,0.00%,"612,48 €","0,00 €",15,0
B09GPS236X,B09GPS236X,"HENDI Portacondimentos de Bar, Bandeja de Guarniciones para Cócteles BarUp, Caja Organizadora con Tapa Transparente, 6 Contenedores de Polipropileno, 480x150x(H) 100mm, HIPS, Negro",H552032,190,23,0.00%,0.02%,259,32,0.00%,0.02%,93.52%,90.48%,19,10,10.00%,43.48%,"572,10 €","300,39 €",15,6
B0DKP7F29P,B0DJBZ81XL,"Arcos Serie Samoa Iconic | Cacerola Baja Antiadherente Cerámico 28 cm y 4,3 L | Aluminio Forjado | Apta cualquier cocina | Mango Acero Inoxidable | Color Negro | LIBRE DE (PFOA/PTFE/PFOS)",717122,"1,258",32,0.03%,0.03%,"1,593",43,0.03%,0.03%,61.68%,85.00%,15,2,1.19%,6.25%,"1.086,95 €","145,90 €",15,2
B0FMRN3BNT,B0FMRN3BNT,"VINFERMATON - Insecticida Multiinsectos | Pack 2 x 600 ml | Moscas, Mosquitos, Cucarachas, Hormigas y otros Insectos Voladores y Rastreros | Acción Instantánea | Aroma Limón",MULTINSECTOS_PACK2,195,8,0.00%,0.01%,260,12,0.00%,0.01%,94.85%,100.00%,17,4,8.72%,50.00%,"254,84 €","59,97 €",15,2
B0G67DKSXN,B0G216GBMX,BIOLEAF – Gel WC Esencias Marinas Pack 4×750 ml (3 L) | Limpieza Profunda del Inodoro con Frescor Duradero | Gel Denso Sin Salpicaduras | Biodegradable y Dermatológicamente Testado,3511,581,13,0.01%,0.01%,692,13,0.01%,0.01%,99.23%,81.82%,15,3,2.58%,23.08%,"297,85 €","59,97 €",15,3
B005LR78LQ,B005LR78LQ,ARCOS Forged Tijeras de Cocina Acero Inoxidable Forjado 225 mm,507100,661,21,0.02%,0.02%,864,25,0.01%,0.02%,45.64%,23.53%,16,0,2.42%,0.00%,"616,00 €","0,00 €",14,0
B007TS6HNK,B007TS6HNK,ARCOS Corta Pizzas Acero Inoxidable 100 mm,614800_,"1,022",63,0.02%,0.05%,"1,416",82,0.02%,0.05%,6.09%,7.69%,16,3,1.57%,4.76%,"190,26 €","35,97 €",14,2
B007TS6I5C,B007TS6I5C,ARCOS Sacacorchos Manual Cuerpo ABS Serie Toscana,604100,"2,972",107,0.07%,0.09%,"4,318",171,0.07%,0.10%,8.40%,10.81%,14,1,0.47%,0.93%,"685,86 €","48,99 €",14,1
B00NM2X21W,B00NM2X21W,Arcos Accesorios - Prensa Ajos Prensador de Ajos - Tamaño 160 mm - Hecho de Aleación de Zinc - Color Plata,603500_,905,10,0.02%,0.01%,"1,190",13,0.02%,0.01%,24.08%,14.29%,14,0,1.55%,0.00%,"223,86 €","0,00 €",14,0
B0F54LTCFF,B00VRWR53K,"Arcos Serie Universal, Macheta Cuchillo Carnicero, Hoja de Acero Inoxidable Nitrum 180 mm, Mango de Polioximetileno, Pom Color Negro",288100_,"2,058",67,0.05%,0.06%,"2,299",69,0.04%,0.04%,99.05%,100.00%,14,1,0.68%,1.49%,"557,86 €","39,99 €",14,1
B08S87M447,B07BMGMVY4,Arcos Serie Riviera Rose - Cuchillo Cocinero - Hoja de Acero Inoxidable Forjado Nitrum 200 mm - Mango de Polioximetileno (Pom) Color Rosa,233654_,559,6,0.01%,0.01%,847,8,0.01%,0.00%,97.40%,100.00%,14,1,2.50%,16.67%,"486,36 €","34,49 €",14,1
B08PW517ZC,B07D5FFJ36,"HENDI Bandeja de Servicio Ovalada XL, Superficie Antideslizante, 735x600x(H) 31mm, Negro, Fibra de Vidrio y Goma",H508831,122,13,0.00%,0.01%,177,28,0.00%,0.02%,95.71%,78.26%,27,18,22.13%,138.46%,"1.351,30 €","899,75 €",14,8
B0FR444FLT,B07N8V3SNH,"Arcos Cuchillo Tomate Forjado Acero Inoxidable 130 mm - Mango Ergonómico POM Negro, Borde Serrado para Rebanadas Perfectas - Serie Manhattan, Calidad Profesional",162000_,"2,369",60,0.06%,0.05%,"2,755",70,0.05%,0.04%,94.67%,97.87%,15,1,0.63%,1.67%,"361,27 €","22,99 €",14,1
B08TLR4Z27,B095C22QFS,Arcos jamonero Profesional | Cuchillo jamonero jamonero Inoxidable Nitrum | Mango Negro | Cuchillo Jamon iberico | Serie Maitre| Hoja Flexible y Filo Liso | 275 mm | Acero Inoxidable NITRUM,151811,961,13,0.02%,0.01%,"1,335",18,0.02%,0.01%,98.79%,100.00%,14,0,1.46%,0.00%,"277,86 €","0,00 €",14,0
B09WYWVGCS,B09WYWVGCS,Arcos Clara Juego 3 Cuchillos Forjados Acero Inoxidable Nitrum,212000_819010,885,19,0.02%,0.02%,"1,244",22,0.02%,0.01%,74.71%,72.73%,14,0,1.58%,0.00%,"755,68 €","0,00 €",14,0
B09XF6G1Q8,B09XF6G1Q8,Arcos Serie Universal - Juego de Cuchillos de Cocina de 4 piezas (3 Cuchillos Cocineros + Tijeras) - Hoja de Acero Inoxidable NITRUM - Mango de Polioximetileno (POM) - Color Negro,807410+TIJERA,593,11,0.01%,0.01%,841,15,0.01%,0.01%,99.59%,100.00%,14,1,2.36%,9.09%,"699,86 €","49,99 €",14,1
B0B464Q8VS,B0B464Q8VS,CUPERINOX® Kitchen Pro | Tijeras de Cocina Profesional 21 cm Tijeras de Trinchar Carne y Pescado Acero Inoxidable Mango Ergonómico Apto Lavavajillas,21981,210,8,0.00%,0.01%,279,10,0.00%,0.01%,82.38%,100.00%,15,2,7.14%,25.00%,"148,12 €","18,25 €",14,2
B0BJPYW95J,B0BJPYW95J,Arcos Accesorios - Sacacorchos Manual Abrebotellas Manual - Mango de Aleación de Zinc - Color Negro mate (Incluye cortacápsulas),607500_,588,25,0.01%,0.02%,862,35,0.01%,0.02%,93.86%,96.00%,16,1,2.72%,4.00%,"671,84 €","41,99 €",14,1
B0FDL4Q2JB,B0FDL4Q2JB,VINFERMATON – Insecticida Avispas y Avisperos Exterior Pack 2×600 ml | Antiavispas | Alcance hasta 4 m | Acción Inmediata Profesional | 100% MADE IN SPAIN,V0020_PACK2,"29,950","1,731",0.70%,1.50%,"43,391","2,419",0.72%,1.48%,97.85%,96.46%,16,3,0.05%,0.17%,"276,62 €","49,12 €",14,2
B0H29K88R6,B0H29K88R6,"VINFER-Mopas Spray con Insecticida Pack 2x750 ml (1,5L)| Aerosol Doble Acción Limpieza e Insecticida | Para Insectos Rastreros | Limpia Suelos y Ayuda a Combatir Cucarachas, Hormigas y Arañas",MOPASMORADO_PACK2,154,7,0.00%,0.01%,194,12,0.00%,0.01%,99.47%,90.00%,15,3,9.74%,42.86%,"224,85 €","44,97 €",14,2
B0B3F4QXML,B000Q8UYRK,Arcos Cuchillo Jamonero Acero Inoxidable Forjado Nitrum 300 mm,256800_fbm,"1,227",36,0.03%,0.03%,"1,499",48,0.02%,0.03%,60.93%,68.75%,13,1,1.06%,2.78%,"385,87 €","27,99 €",13,1
B0F1ZF7H1L,B005LR69PW,"Arcos Cuchillo Tomates Acero Inoxidable 5""",232000_,"2,755",64,0.06%,0.06%,"3,746",83,0.06%,0.05%,5.61%,0.00%,13,0,0.47%,0.00%,"311,87 €","0,00 €",13,0
B00BHZPHOG,B00BHZPHOG,Arcos Riviera Blanc Cuchillo Panero Acero Inoxidable Nitrum 200 mm,231324_,488,13,0.01%,0.01%,730,15,0.01%,0.01%,12.73%,30.77%,13,0,2.66%,0.00%,"388,98 €","0,00 €",13,0
B0H2G44JDB,B00J64GI70,Arcos Riviera Blanc Cuchillo Fileteador Forjado Acero Inoxidable 200 mm,233024_,362,8,0.01%,0.01%,483,8,0.01%,0.00%,56.99%,33.33%,13,0,3.59%,0.00%,"337,87 €","0,00 €",13,0
B017DLDQXQ,B017DLDQXQ,"Arcos Serie Latina, Cuchillo jamonero, Hoja de 250 mm, Mango Madera",101300_fbm,332,1,0.01%,0.00%,384,1,0.01%,0.00%,91.53%,0.00%,13,0,3.92%,0.00%,"123,52 €","0,00 €",13,0
B09F9M72Z9,B017DLNFNC,Arcos Cuchillos de Mesa - Cuchillo Chuletero Cuchillo de Mesa - Hoja de Acero Inoxidable NITRUM 110 mm - Mango de Polipropileno - Color Negro,805109_1pieza,"6,677",114,0.16%,0.10%,"9,565",145,0.16%,0.09%,3.55%,7.14%,18,8,0.27%,7.02%,"67,79 €","27,89 €",13,4
B017DMTEIG,B017DMTEIG,Arcos Utensilios Profesionales - Sierra de Carnicero - Hoja de Acero Inoxidable 430 mm - Mango de Polipropileno Color Negro,791800,702,46,0.02%,0.04%,"1,047",89,0.02%,0.05%,25.62%,31.67%,13,4,1.85%,8.70%,"818,74 €","251,60 €",13,4
B088L1YKB9,B01DY481VS,HENDI Thermobox Kitchen Line - GN 1/1-80 L - 685x485x(H)360 mm,H707944,668,73,0.02%,0.06%,950,117,0.02%,0.07%,66.75%,76.14%,24,9,3.59%,12.33%,"2.106,00 €","789,75 €",13,5
B0FWM351K4,B06Y66X8SW,CUPERINOX® Couture Series - Tijera Costura Profesional 10 cm | Acero Inoxidable de Alta Precisión | Corte Fino para Detalles y Acabados | Uso Doméstico y Profesional,21960_fba,"1,195",29,0.03%,0.03%,"1,679",35,0.03%,0.02%,96.69%,100.00%,13,1,1.09%,3.45%,"72,67 €","5,59 €",13,1
B078GYCH1G,B078GYCH1G,Tenedor de marisco - 6 unid,20023,155,7,0.00%,0.01%,225,15,0.00%,0.01%,99.03%,100.00%,14,2,9.03%,28.57%,"175,78 €","23,90 €",13,1
B0D1CVPJXW,B07D75K6SP,"HENDI Colador cónico de malla fina, ⌀245x(H)210mm, longitud del mango 230mm, acero inoxidable",H647561,131,16,0.00%,0.01%,154,17,0.00%,0.01%,91.78%,66.67%,13,6,9.92%,37.50%,"471,85 €","217,50 €",13,6
B07QCKLSFC,B07QCKLSFC,Cuperinox – Pack de 6 Cuchillos Chuleteros con Hoja de Acero Inoxidable Microdentada y Mango Imitación Madera – Corte Preciso y Diseño Clásico- Ecowood Series,11012_6,329,8,0.01%,0.01%,482,11,0.01%,0.01%,87.90%,22.22%,33,0,10.03%,0.00%,"296,67 €","0,00 €",13,0
B09FQ5SZK8,B08MV1BJ5Z,Arcos Serie Nordika - Cuchillo Cocinero - Acero Inoxidable NITRUM - Hoja de 140 mm - Mango de Madera Ovengkol 100% natural FSC - Embalaje 100% reciclado,165400_fbm,"2,790",66,0.07%,0.06%,"3,549",95,0.06%,0.06%,35.71%,43.33%,13,4,0.47%,6.06%,"319,28 €","95,62 €",13,4
B0DKP7F29P,B0C65FDB33,Arcos Serie Samoa | Batería de Cocina 5 piezas | Aluminio Forjado | Full Inductino | Asas Acero Inoxidable Efecto Frio | Sistema ahorro energético | Apta lavavajillas | Color Negro,697500,816,13,0.02%,0.01%,"1,218",20,0.02%,0.01%,94.84%,100.00%,14,2,1.72%,15.38%,"2.832,50 €","409,90 €",13,1
B09381N96H,B00PKFXWJQ,Arcos Serie Cuchillos de Mesa - Cuchillo Mesa - Hoja Serrada de Acero Inoxidable NITRUM de 125 mm - Mango Polipropileno Color crema,370200_1Pieza,462,7,0.01%,0.01%,676,7,0.01%,0.00%,94.59%,100.00%,27,0,5.84%,0.00%,"94,23 €","0,00 €",12,0
B07TXLLGJX,B06XRYBCZQ,HENDI Placa de inducción de sobremesa profesional 3500 D XL,H239698,797,47,0.02%,0.04%,"1,216",73,0.02%,0.04%,69.83%,50.88%,12,3,1.51%,6.38%,"3.970,92 €","990,00 €",12,3
B0B3F4QXML,B071VT3MKC,Arcos Clásica Cuchillo Cocinero Forjado Acero Inoxidable Nitrum 210 mm,255101_,805,22,0.02%,0.02%,932,32,0.02%,0.02%,90.85%,95.45%,12,0,1.49%,0.00%,"405,00 €","0,00 €",12,0
B077V7LJJM,B077V7LJJM,"Arcos Serie Riviera, Set Jamonero de 3 piezas, 1 Cuchillo Jamonero + 1 Deshuesador + 1 Chaira, Hoja de Acero Inoxidable Forjado Nitrum, Mango de Polioximetileno, POM, Color Negro",_806911_,661,26,0.02%,0.02%,943,31,0.02%,0.02%,67.08%,86.36%,12,2,1.82%,7.69%,"839,88 €","139,98 €",12,2
B0FR444FLT,B07D8GYFC7,"Arcos Cuchillo Chef Forjado Acero Inoxidable NITRUM - Profesional Cocina, Mango Ergonómico POM Negro, Hoja Silk Edge 150 mm, Serie Manhattan",160400_,"1,015",31,0.02%,0.03%,"1,392",51,0.02%,0.03%,89.95%,93.75%,12,2,1.18%,6.45%,"383,99 €","62,35 €",12,2
B07MMFPNLK,B07MMFPNLK,"HENDI Placa eutéctica de Calor Profesional, GN 1/1, para Cajas térmicas, Elemento Calefactor, acumulador de Calor, Bloque térmico, Placa Caliente, 530x325x(H) 30mm, HDPE, Rojo",H707845,114,13,0.00%,0.01%,156,21,0.00%,0.01%,70.92%,84.21%,30,5,26.32%,38.46%,"1.539,22 €","256,27 €",12,2
B0D1CTXJXN,B07MZJTY16,HENDI Jarra medidora apilable - 5 L - ø210x(H)270 mm,H567852,150,20,0.00%,0.02%,180,20,0.00%,0.01%,97.58%,100.00%,21,8,14.00%,40.00%,"291,36 €","109,49 €",12,6
B0FY5CB86K,B07N8WHPP7,"Arcos Lira de Queso Profesional - Corte Preciso para Quesos - Estructura y Mango de Acero Inoxidable, 210 mm - Herramienta de Cocina Esencial, Color Gris",795100,323,14,0.01%,0.01%,404,16,0.01%,0.01%,80.59%,71.43%,12,1,3.72%,7.14%,"275,01 €","22,95 €",12,1
B082VWVDMX,B082VWVDMX,HENDI Cesta para baguetes - 305x320x(H)350 mm,H426517,237,28,0.01%,0.02%,388,42,0.01%,0.03%,96.57%,93.75%,13,6,5.49%,21.43%,"526,50 €","243,00 €",12,6
B08VS4FCLN,B08CY5ZRD7,"Arcos Serie Maitre - Juego Cuchillo de cocina 4 piezas, (3 cuchillos + 1 tijeras) Hoja de Acero Inoxidable NITRUM 80 mm, Mango Polipropileno Negro",152610_,951,16,0.02%,0.01%,"1,193",21,0.02%,0.01%,99.37%,93.75%,12,0,1.26%,0.00%,"480,54 €","0,00 €",12,0
B09BVVKYWV,B09BVVKYWV,"CUPERINOX Navaja 5 en1 multiusos | Incluye Afilador Navaja| Funcion Abrebotella, rompecristales y corta cuerdas| Navaja Filo Liso y Sierra|",30060,407,9,0.01%,0.01%,547,10,0.01%,0.01%,98.00%,100.00%,12,1,2.95%,11.11%,"177,28 €","12,39 €",12,1
B0DK3G72TM,B0B1JNX37K,"HENDI Lavador de cucharas para helados, línea de suministro de agua de 3/8"", línea de drenaje de 3/4"", 270x111x(H)115mm, acero inoxidable AISI 304",H802007,292,31,0.01%,0.03%,424,52,0.01%,0.03%,51.92%,45.24%,15,1,5.14%,3.23%,"1.057,49 €","70,49 €",12,1
B0B2RGCWLL,B0B2RGCWLL,"HENDI Cesta para Freír, 8L, 238x190x(H)140mm",H930656,668,85,0.02%,0.07%,"1,006",128,0.02%,0.08%,16.26%,16.49%,17,9,2.54%,10.59%,"576,60 €","296,68 €",12,6
B0C4B1CKSR,B0C4B1CKSR,Arcos Serie Nordika - Cuchillo Yanagiba - Acero Inoxidable NITRUM - Hoja de 240 mm - Mango de Madera Ovengkol 100% natural de bosques certificados FSC® - Embalaje 100% reciclado,168200,376,7,0.01%,0.01%,515,7,0.01%,0.00%,89.54%,66.67%,12,0,3.19%,0.00%,"600,70 €","0,00 €",12,0
B0F1ZF7H1L,B005LR67V8,Arcos Cuchillo para Pan Acero Inoxidable Nitrum 200 mm,231300_,"1,863",45,0.04%,0.04%,"2,611",53,0.04%,0.03%,8.77%,22.22%,11,1,0.59%,2.22%,"330,39 €","29,99 €",11,1
B0H2G7NH42,B005LR68DU,Arcos Cuchillo Jamonero con Alveolos 250 mm,231000_,"1,564",48,0.04%,0.04%,"2,336",63,0.04%,0.04%,18.87%,12.20%,11,0,0.70%,0.00%,"369,51 €","0,00 €",11,0
B0F1ZF7H1L,B005LR6J3Y,Arcos Riviera Juego 6 Cuchillos Forjados Acero Inoxidable Nitrum,234200_,"1,795",49,0.04%,0.04%,"2,241",58,0.04%,0.04%,58.63%,69.70%,11,0,0.61%,0.00%,"1.897,54 €","0,00 €",11,0
B0752NT3TH,B005LR77UI,ARCOS Tijeras de Cocina Acero Inoxidable 215 mm,185400,"3,794",105,0.09%,0.09%,"4,500",147,0.07%,0.09%,9.93%,12.50%,11,0,0.29%,0.00%,"192,39 €","0,00 €",11,0
B0B3F4QXML,B008U6TDTK,Arcos Serie Clasica - Juego de Cuchillos de 5 piezas en Caja de Regalo (5 Cuchillos) - Hoja de Acero Inoxidable Forjado NITRUM - Mando de Polioximetileno (POM) - Bloque de madera color marrón acabado lacado,257000,"5,629",128,0.13%,0.11%,"8,113",201,0.13%,0.12%,59.37%,68.22%,11,0,0.20%,0.00%,"1.527,89 €","0,00 €",11,0
B00D3LFQ3E,B00D3LFQ3E,ARCOS Cuchillo Corta Bacalao y Pan Acero Polietileno Blanco 440 mm,791600,548,24,0.01%,0.02%,818,42,0.01%,0.03%,46.10%,19.35%,11,3,2.01%,12.50%,"1.161,49 €","316,75 €",11,3
B00D3LG0YI,B00D3LG0YI,Arcos Cuchillos de Mesa - Hoja Inoxidable NITRUM 110 mm - Cuchillo Chuletero para Carne - Mango de Nylon Duradero - Color Marrón - Ideal para Cocina y Comedor,804000_1pieza,550,13,0.01%,0.01%,726,19,0.01%,0.01%,87.59%,50.00%,44,0,8.00%,0.00%,"174,12 €","0,00 €",11,0
B00FHTW89A,B00FHTW89A,ARCOS Chaira Afilador Acero al Carbono Cromado 300 mm,278510_,396,11,0.01%,0.01%,564,13,0.01%,0.01%,36.35%,66.67%,11,3,2.78%,27.27%,"252,89 €","68,97 €",11,3
B017HKRLMK,B00I9XTPTW,"ARCOS Tabla de Cortar Fibra de Celulosa y Resina 37,7x27,7cm",691710,"1,183",39,0.03%,0.03%,"1,668",55,0.03%,0.03%,12.32%,11.76%,13,4,1.10%,10.26%,"333,36 €","99,45 €",11,3
B0G39V4XR3,B00ITVQOOI,ARCOS Tenedor de Mesa Acero Inoxidable 18/10 200 mm,371600_1pieza,466,17,0.01%,0.01%,701,37,0.01%,0.02%,39.57%,29.03%,22,6,4.72%,35.29%,"109,78 €","29,94 €",11,2
B00WC9DMX4,B00WC9DMX4,ARCOS Chairas Chaira Afilador Acero Carbono Cromado Negro 300 mm,279010,"1,059",26,0.02%,0.02%,"1,648",41,0.03%,0.03%,17.66%,0.00%,12,0,1.13%,0.00%,"352,88 €","0,00 €",11,0
B0GYLCHCZH,B01418E5ZC,"HENDI Cubitera para botellas, enfriador de bebidas tipo champanera, BarUp, 9,5L, ⌀350x(H)230mm, acero inoxidable",H471524,171,14,0.00%,0.01%,250,21,0.00%,0.01%,95.18%,84.21%,19,7,11.11%,50.00%,"465,31 €","171,43 €",11,3
B093DRZ154,B017DLDM3A,Arcos Cuchillo Mondador Madera 65 mm,100100_us,"3,089",63,0.07%,0.05%,"4,679",91,0.08%,0.06%,0.54%,0.00%,23,0,0.74%,0.00%,"126,27 €","0,00 €",11,0
B09JPSTVBC,B07B8MQZTW,Arcos Serie Riviera Rose - Cuchillo Mondador - Hoja de Acero Inoxidable Forjado NITRUM 100 mm - Mango de Polioximetileno (POM) Color Rosa,230254_,391,4,0.01%,0.00%,518,5,0.01%,0.00%,97.40%,100.00%,12,1,3.07%,25.00%,"297,88 €","24,99 €",11,1
B0DH1DC8QH,B07N8TQDFR,ARCOS Tabla de Cortar de Madera con Colgador 43 x 33 cm,708300,828,34,0.02%,0.03%,"1,199",64,0.02%,0.04%,50.98%,47.50%,11,2,1.33%,5.88%,"395,89 €","71,98 €",11,2
B0862VPJ9H,B0862VPJ9H,"HENDI Cabezal de antorcha de cocina de llama continua, soplete flambeador, quemador, recargable con cartuchos de gas GLP 199039, mango ergonómico, versátil-seguro 360°, 185x65x(H)100mm, negro y verde",H198247,175,16,0.00%,0.01%,214,23,0.00%,0.01%,88.50%,94.44%,13,4,7.43%,25.00%,"324,43 €","99,94 €",11,2
B09DPRCMTF,B08MW2GWPC,Arcos Juego Cuchillos Carne | Cuchillo chuleteros | Cuchillos Carne Cuchillos Mesa | 6 Uds | Hoja 110 mm | Acero Inoxidable | Mango Nylon | Apto lavavajillas | Envase Ecológico (Filo Serrado),816400fba,"1,574",37,0.04%,0.03%,"2,208",50,0.04%,0.03%,99.59%,100.00%,16,0,1.02%,0.00%,"318,14 €","0,00 €",11,0
B08VW7LTT6,B08VW7LTT6,"HENDI Cabezal de antorcha de cocina de llama continua con cartucho de recarga de gas GLP 199039, soplete flambeador, quemador de gas GLP, profesional, versátil-seguro 360°, negro con acentos en verde",H198254,84,9,0.00%,0.01%,113,13,0.00%,0.01%,90.20%,100.00%,12,2,14.29%,22.22%,"422,20 €","70,56 €",11,2
B095MKPPLC,B095MKPPLC,Desengrasante Plus Energico 5 L - VINFER - L331G05002..,VP200,109,8,0.00%,0.01%,152,10,0.00%,0.01%,57.35%,100.00%,18,1,16.51%,12.50%,"359,10 €","19,95 €",11,1
B09DPRCMTF,B0987MG3JQ,Arcos Juego Cuchillos Carne | Cuchillo chuleteros | Cuchillos Carne Cuchillos Mesa | 6 Uds | Hoja 110 mm | Acero Inoxidable | Mango Nylon | Apto lavavajillas | Envase Ecológico (Filo Liso),814200_fba,718,15,0.02%,0.01%,979,19,0.02%,0.01%,99.88%,100.00%,12,0,1.67%,0.00%,"235,88 €","0,00 €",11,0
B0DPLG5V7Q,B0DPJDWB77,CUPERINOX Tazas de Capuccino de Cristal - Vaso cafe - Vaso Cristal - 200ml (Set de 2) - Apto para Lavavajillas y Microondas - Aroma Series,26121_,379,5,0.01%,0.00%,497,6,0.01%,0.00%,99.78%,100.00%,14,1,3.69%,20.00%,"183,60 €","13,99 €",11,1
B0G65J8F3L,B0G25V4VFF,BIOLEAF– Multiusos Brillo Duradero Pack 8×750 ml (6 L) | Limpieza Muebles y Superficies | Anti-polvo | Biodegradable y Dermatológicamente Testado,3818,344,4,0.01%,0.00%,405,4,0.01%,0.00%,99.74%,100.00%,12,2,3.49%,50.00%,"331,48 €","55,98 €",11,2
B0G4RSR32Y,B0G25YRZ7Y,"BIOLEAF® – Desengrasante Cocina Profesional Pack 8×750 ml (6 L) | Antigrasa Potente para Hornos, Campanas y Superficies | Sin Disruptores Endocrinos | Fórmula Biodegradable|100% HECHO EN ESPAÑA",3788,289,6,0.01%,0.01%,345,7,0.01%,0.00%,99.69%,100.00%,11,0,3.81%,0.00%,"318,39 €","0,00 €",11,0
B0G67DKSXN,B0G66TDWL6,BIOLEAF – Gel WC Esencias Marinas Pack 8×750 ml (6 L) | Limpieza Profunda del Inodoro | Gel Denso Sin Salpicaduras | Frescor Duradero | Biodegradable y Dermatológicamente Testado,3801,351,7,0.01%,0.01%,427,9,0.01%,0.01%,99.74%,83.33%,11,1,3.13%,14.29%,"291,31 €","22,31 €",11,1
B0H1RQ93K4,B0GZ4V22QJ,"CUPERINOX – 12 Aros de Emplatar 8 x 4 cm de Acero Inoxidable | Moldes Redondos para Tártar, Arroces, Postres y Aperitivos | Reutilizables, Aptos para Lavavajillas",22571,105,11,0.00%,0.01%,137,13,0.00%,0.01%,99.24%,84.62%,13,6,12.38%,54.55%,"245,83 €","113,90 €",11,5
B0H1RQ93K4,B0H1HK9X3W,"CUPERINOX- Pack de 12 emplatadores Cuadrados 6x4 cm en Acero Inoxidable. Ideales para tartares, arroces, Mousse y postres. Reutilizables, duraderos y Aptos lavavajillas.",RX-Y34O-5BFX,110,6,0.00%,0.01%,160,7,0.00%,0.00%,97.37%,100.00%,19,6,17.27%,100.00%,"322,80 €","101,93 €",11,2
B0F1ZF7H1L,B005LR6H5O,Arcos Cuchillo Chef Forjado Acero Inoxidable. Cuchillo Cocina Profesional Multiusos Cortar Carne y Verduras. Mango Ergonómico Polioximetileno y Hoja 300mm. Serie Riviera. Color Negro.,233800_,899,35,0.02%,0.03%,"1,080",41,0.02%,0.03%,87.70%,81.82%,10,2,1.11%,5.71%,"599,90 €","119,98 €",10,2
B00BQU1IAY,B00BQU1IAY,"HENDI Calentador eléctrico de Alimentos para Buffet Tellano, Chafing Dish eléctrico al baño María, GN 1/1, Capacidad 9L, 30–85°C, 230V, 900W, 575x349x(H) 278mm, Polipropileno y Acero Inoxidable",H204825,273,61,0.01%,0.05%,435,100,0.01%,0.06%,39.27%,63.24%,19,17,6.96%,27.87%,"2.424,37 €","2.167,29 €",10,8
B00D3LCJI4,B00D3LCJI4,Arcos Saeta - Cuchillo Panero - Hoja de Acero Inoxidable Forjado Nitrum de 210 mm - Mango de Pom - Color Negro,175700,197,2,0.00%,0.00%,265,2,0.00%,0.00%,99.57%,0.00%,10,0,5.08%,0.00%,"299,90 €","0,00 €",10,0
B0D1CW5WWV,B00GZR3SJW,"HENDI Centrifugador de ensaladas, secador de ensaladas, cesta de centrifugado interior extraíble, apto para el lavavajillas, 25 L, ø430x(h)530 mm, Poliamida, Polipropileno",H952992,131,38,0.00%,0.03%,199,58,0.00%,0.04%,84.75%,93.33%,10,6,7.63%,15.79%,"1.360,96 €","806,96 €",10,6
B07TZN23F1,B00KVI6BB8,HENDI Espátula para pizza cuadrada - 1320x305 mm,H617816,170,5,0.00%,0.00%,245,5,0.00%,0.00%,95.11%,100.00%,10,2,5.88%,40.00%,"297,50 €","59,50 €",10,2
B06XB92VRH,B00YU2ZS1A,CUPERINOX Cafetera Italiana Induccion Espresso Acero Inoxidable 6 Tazas,25033_,877,26,0.02%,0.02%,"1,129",32,0.02%,0.02%,93.58%,89.29%,10,0,1.14%,0.00%,"179,00 €","0,00 €",10,0
B0F1ZF7H1L,B017DLG3AE,Arcos Cuchillo de Cocina Acero Inoxidable 140 mm,233224_,876,18,0.02%,0.02%,"1,204",24,0.02%,0.01%,37.11%,22.22%,11,0,1.26%,0.00%,"307,89 €","0,00 €",10,0
B017DLM9SO,B017DLM9SO,ARCOS Tenedores para Tartas Acero Inoxidable 18/10 140 mm,574300_fba,"6,832",256,0.16%,0.22%,"10,470",359,0.17%,0.22%,1.17%,7.48%,12,3,0.18%,1.17%,"119,88 €","29,97 €",10,2
B0752NT3TH,B01L7HPNWE,ARCOS Prochef Tijeras de Cocina Acero Azul-Negro 215 mm,185623,"3,457",81,0.08%,0.07%,"4,658",98,0.08%,0.06%,11.67%,1.56%,10,0,0.29%,0.00%,"91,70 €","0,00 €",10,0
B07JHPTKC9,B07JHPTKC9,"Arcos Set Jamonero 3 Piezas - Cuchillo Jamonero, Deshuesador y Chaira - Hoja Silk Edge Inoxidable Forjada NITRUM - Mango Resistente POM Negro - Corte Preciso y Duradero - Serie Manhattan",858500_,229,12,0.01%,0.01%,355,17,0.01%,0.01%,92.18%,100.00%,10,1,4.37%,8.33%,"751,15 €","74,99 €",10,1
B0H2W8M8TX,B07N8W1J6B,Arcos Tabla cortar 15 x fibra resina y celulosa. Tabla picar. Serie Tablas. Color marrón.,708200,"1,416",27,0.03%,0.02%,"2,131",44,0.04%,0.03%,12.72%,6.67%,10,0,0.71%,0.00%,"269,90 €","0,00 €",10,0
B0CQLQ57BT,B08TWYJ47S,"Arcos Cazo Antiadherente 18 cm - Aluminio Fundido, Apto para Todas las Cocinas, Mango Ergonómico, Ahorro Energético, Lavavajillas, Negro/Azul - Serie Thera",719100,591,6,0.01%,0.01%,832,8,0.01%,0.00%,36.50%,66.67%,11,0,1.86%,0.00%,"264,25 €","0,00 €",10,0
B0CQLP3WHM,B08TX1S5W4,"Arcos Grill Antiadherente Aluminio Fundido 34x26 cm, Apto para Todas las Cocinas, Asas Silicona, Ahorro Energético, Lavavajillas, Negro/Azul, Serie Thera",719500,756,15,0.02%,0.01%,"1,089",25,0.02%,0.02%,38.56%,33.33%,10,0,1.32%,0.00%,"510,49 €","0,00 €",10,0
B0CQLNJVKL,B08TX24P5L,"Arcos Thera Sartén Antiadherente de 26 Cm para Inducción, Gas y Vitrocerámica. Sartén de Cocina Mediana de Aluminio Fundido con Mango Ergonómico Extraíble y Apta para Lavavajillas. Color Negro y Azul",718400,579,13,0.01%,0.01%,833,21,0.01%,0.01%,28.40%,0.00%,10,0,1.73%,0.00%,"369,50 €","0,00 €",10,0
B08VS4FCLN,B09HBWSBN1,"Arcos Juego Cuchillos Cocina cuchillo blanco cuchillos | cuchillos cocina Maitre | 5 piezas | Chef 215 mm, Cocina 150 mm, Verduras 100 mm Tijera cocina (Negro + Jamonero)",854100 fbm,"2,688",46,0.06%,0.04%,"3,484",56,0.06%,0.03%,99.94%,100.00%,10,1,0.37%,2.17%,"499,90 €","49,99 €",10,1
B09S5T6MJL,B09S5T6MJL,"HENDI Mezclador Profesional de Bebidas, Aireador/Batidor de Bebidas Ligeras, Frappés, Capuchinos Fríos, Drink Mixer, Incluye 2 Vasos y 4 Agitadores, 230V/400W, 170x196x(H)490mm, Caramelo",H221624,251,24,0.01%,0.02%,379,40,0.01%,0.02%,93.75%,96.97%,10,3,3.98%,12.50%,"1.447,99 €","397,27 €",10,3
B0CRDWK8V7,B09T9QY59F,"Arcos Samoa Cazo Antiadherente Aluminio Forjado 20 cm 2,6 L",717310,778,14,0.02%,0.01%,"1,115",18,0.02%,0.01%,22.26%,85.71%,11,1,1.41%,7.14%,"411,45 €","37,95 €",10,1
B0DKP68T32,B0DJBYWJB7,Arcos Serie Eclipse - Cuchillo de Chef - Hoja de Acero Inoxidable Forjado con Filo Seda Plus de 200 mm - Pulido Brillo Especial - Mango Acrílico - Color Negro,213500_,"1,021",16,0.02%,0.01%,"1,461",21,0.02%,0.01%,64.27%,71.43%,10,0,0.98%,0.00%,"741,12 €","0,00 €",10,0
B0DPLG5V7Q,B0DWN63DN4,CUPERINOX Tazas de Espresso de Cristal - Vaso cafe - Vaso Cristal - 80ml (Set de 4) - Apto para Lavavajillas y Microondas - Aroma Series,26120_2packs,218,6,0.01%,0.01%,271,6,0.00%,0.00%,99.60%,100.00%,10,1,4.59%,16.67%,"157,90 €","15,99 €",10,1
B0F9X4NXL3,B0F9KW1V3K,"Cuchillos Mesa, cuchillo carne, cuchillo mantequilla, Set 12 piezas, acero inoxidable, hoja con filo y sierra, cuchillo untar. Apto lavavajillas. Mango ergonomico",20043--12,"6,801",216,0.16%,0.19%,"9,271",296,0.15%,0.18%,99.46%,98.06%,10,0,0.15%,0.00%,"117,82 €","0,00 €",10,0
B0FT8NPR4X,B0FT8NPR4X,BIOLEAF® – Gel WC + Desincrustante Baños Pack 2×750 ml | Limpieza Antical Baño | Fórmula Biodegradable con Esencias Marinas | Dermatológicamente Testado|100% MADE IN SPAIN,BIOLEAF_3429,"4,256",49,0.10%,0.04%,"5,345",62,0.09%,0.04%,98.44%,93.62%,10,0,0.23%,0.00%,"99,90 €","0,00 €",10,0
B0G4SGJSBJ,B0G25S6KJ7,BIOLEAF – Desincrustante Baños Antical Pack 8×750 ml (6 L) | Limpieza Profesional Lavabos Ducha y Bañera | Brillo Inmediato | Biodegradable y Dermatológicamente Testado,3795,344,7,0.01%,0.01%,394,7,0.01%,0.00%,97.88%,100.00%,10,0,2.91%,0.00%,"298,40 €","0,00 €",10,0
B0F54LTCFF,B0044R87L4,Arcos Cuchillo Panero con Hoja de Acero Inoxidable Nitrum 200 mm. Cuchillo Pan ideal para uso doméstico diario. Obtenga una gran variedad cortes parau comida. Serie Universal. Color negro.,282104_,"15,004",589,0.35%,0.51%,"21,284",791,0.35%,0.48%,0.07%,1.92%,9,8,0.06%,1.36%,"152,91 €","135,92 €",9,8
B017HKG9PK,B0044R87ZU,Arcos Maitre Cuchillo Cocina Acero Inoxidable Negro 180 mm,150800_fbm,"4,498",128,0.11%,0.11%,"5,937",149,0.10%,0.09%,4.06%,17.35%,9,2,0.20%,1.56%,"119,25 €","26,50 €",9,2
B0F54LTCFF,B0044R884U,Arcos Universal Cuchillo Santoku Acero POM Negro 170 mm,286004_us,"4,647",127,0.11%,0.11%,"6,524",156,0.11%,0.10%,6.93%,2.06%,9,0,0.19%,0.00%,"213,75 €","0,00 €",9,0
B005LR69PW,B005LR69PW,"Arcos Cuchillo Tomates Acero Inoxidable 5""",232000_,"1,926",45,0.05%,0.04%,"2,790",50,0.05%,0.03%,6.16%,2.63%,9,0,0.47%,0.00%,"215,91 €","0,00 €",9,0
B007TS6GP4,B007TS6GP4,Arcos Juego de 6 Cuchillos de Mesa Chuleteros Acero Inoxidable 110 mm,702300_2,"1,224",37,0.03%,0.03%,"1,809",41,0.03%,0.03%,68.43%,56.67%,13,4,1.06%,10.81%,"328,47 €","103,96 €",9,1
B07BDT9G74,B008U6T624,Arcos Clásica Cuchillo Deshuesador Forjado Acero Inoxidable Nitrum 140 mm,256200_fbm,134,5,0.00%,0.00%,183,8,0.00%,0.00%,98.84%,100.00%,9,0,6.72%,0.00%,"194,91 €","0,00 €",9,0
B08L7GKSLH,B00H558KK0,HENDI Placa de inducción de sobremesa profesional modelo 2000,H239230,"2,604",70,0.06%,0.06%,"3,657",97,0.06%,0.06%,81.15%,78.26%,9,2,0.35%,2.86%,"954,85 €","211,80 €",9,2
B0BQDHLWRL,B00I5N4PPK,Arcos Cuchillo Chuletero Acero Inoxidable Nitrum 110 mm,_809300_1Pieza,"1,393",39,0.03%,0.03%,"2,115",55,0.04%,0.03%,9.13%,2.00%,35,0,2.51%,0.00%,"157,29 €","0,00 €",9,0
B0F1ZF7H1L,B00J64GEEC,Arcos Riviera Blanc Cuchillo Chef Forjado Acero Inoxidable 250 mm,233724_,904,21,0.02%,0.02%,"1,226",26,0.02%,0.02%,41.98%,33.33%,9,1,1.00%,4.76%,"390,59 €","42,99 €",9,1
B0D1CVQX4L,B00JP7NAGK,"HENDI Tabla de Cortar, Madera, marrón, 530x325mm GN 1/1",H506905,300,7,0.01%,0.01%,441,8,0.01%,0.00%,84.60%,100.00%,9,0,3.00%,0.00%,"371,10 €","0,00 €",9,0
B0189HXTQ2,B017DLMQOG,"Arcos Tablas - Tabla de Cocina Antibacteriana para Cortar, Resistente al Lavavajillas, Fibra de Celulosa y Resina, 33x23 cm, Alta Resistencia al Calor, Negro",692110,"1,875",47,0.04%,0.04%,"2,631",67,0.04%,0.04%,18.63%,23.08%,9,1,0.48%,2.13%,"206,91 €","22,99 €",9,1
B072BX31NV,B072BX31NV,Arcos Juego 6 Cuchillos de Mesa Nitrum Acero Crema 105 mm,703500__,"1,788",34,0.04%,0.03%,"2,687",47,0.04%,0.03%,8.10%,13.04%,11,1,0.62%,2.94%,"131,89 €","11,99 €",9,1
B086WYMVKJ,B07D7NHQVR,"HENDI Soporte expositor para pan de sobremesa GN 1/2, 2 niveles, con 2 cestas para bufé, 360x280x(H) 290mm, polipropileno",H561201,657,61,0.02%,0.05%,956,101,0.02%,0.06%,51.50%,57.14%,12,9,1.83%,14.75%,"432,96 €","320,76 €",9,6
B0FR444FLT,B07D8WQ355,Arcos Manhattan Cuchillo Cocinero Forjado Acero Inoxidable Nitrum 210 mm,160600_fbat,545,2,0.01%,0.00%,799,3,0.01%,0.00%,89.12%,100.00%,9,0,1.65%,0.00%,"342,63 €","0,00 €",9,0
B0CTHQG9QZ,B07DB3C9JY,"HENDI Recipiente Gastronorm GN 1/1 con asas, Budget Line, resistencia térmica -40 °C a 250 °C, apto para horno y baño maría, 28L, 530x325x(H) 200mm, acero inoxidable",H817155,208,31,0.00%,0.03%,286,42,0.00%,0.03%,68.30%,77.78%,13,5,6.25%,16.13%,"448,78 €","174,93 €",9,4
B085SP2NWD,B07DC4CBN7,"HENDI Caja para masa de pizza y de pan, 14L, caja de fermentación, apilable, sin tapa, apta para alimentos, recipiente contenedor porta masa alimentos, sin BPA, 600x400x(H) 75mm, HDPE",H880906,130,18,0.00%,0.02%,170,21,0.00%,0.01%,94.23%,100.00%,38,12,29.23%,66.67%,"752,67 €","232,93 €",9,3
B07DPBX3QM,B07DPBX3QM,"HENDI Lámpara de Calor Colgante, Altura Ajustable, Cobre",H273890,603,150,0.01%,0.13%,904,231,0.01%,0.14%,31.45%,21.43%,20,7,3.32%,4.67%,"1.625,00 €","568,75 €",9,2
B07MZHDK6L,B07MZHDK6L,"HENDI Descalcificador de agua, 8L",H231210,532,43,0.01%,0.04%,765,63,0.01%,0.04%,41.23%,6.82%,9,0,1.69%,0.00%,"1.077,75 €","0,00 €",9,0
B0CQM2K3QY,B08TX19NTQ,"Arcos Thera Olla Grande de Cocina de 28 Cm y 6,6 L. Cacerola Alta para Inducción, Gas y Vitro. Olla de Aluminio Fundido con Tapa de Cristal y Mango Extraíble. Apta Lavavajillas. Color Negro Azul",718800,933,20,0.02%,0.02%,"1,237",25,0.02%,0.02%,57.19%,82.35%,9,0,0.96%,0.00%,"546,39 €","0,00 €",9,0
B09KJLG7BT,B098TFPYLY,CUPERINOX Jamonero profesional Gondola | tabla jamon | Cuchillo Jamonero Alveolos Acero Inox + Cubre Jamón Universal | Set cortar jamón (3 PZAS) | Sujeta jamones | tabla jamonero,20228_,"3,092",77,0.07%,0.07%,"4,504",117,0.07%,0.07%,98.56%,100.00%,9,0,0.29%,0.00%,"314,91 €","0,00 €",9,0
B0FWK4CNH3,B0B42QTHTP,CUPERINOX | Tijeras de pescado 18 cm | Tijeras Cocina | tijeras de cocinero profesional para aves pescado carne caza| Accesorios de cocina,21991,411,18,0.01%,0.02%,585,31,0.01%,0.02%,93.17%,100.00%,100,97,24.33%,538.89%,"568,08 €","544,11 €",9,7
B0FQNZM34T,B0BRTZ2X8C,Arcos Serie Opera - Set Cuchillos de Cocina 3 piezas - Acero Inoxidable Forjado NITRUM - Mango POM - Color negro,805900_,907,27,0.02%,0.02%,"1,207",30,0.02%,0.02%,91.64%,96.15%,9,0,0.99%,0.00%,"657,31 €","0,00 €",9,0
B0DTZ1X5QW,B0DTZ1X5QW,"HENDI Chafing Dish Eléctrico UNIQ, 12,5L, Beis",H470442,93,22,0.00%,0.02%,124,28,0.00%,0.02%,89.74%,88.89%,14,13,15.05%,59.09%,"2.771,04 €","2.559,60 €",9,8
B0FJLTDB9J,B0F9LGKSXC,CUPERINOX Set 4 Herramientas Manicura y Pedicura|Alicate Pedicuro+Cortauñas Grande+Cortaúñas Mediano con Llavero+Tijera Punta Redonda|Acero Inoxidable Profesional|Uso Doméstico y Viaje,A10003,469,9,0.01%,0.01%,531,12,0.01%,0.01%,99.18%,100.00%,10,2,2.13%,22.22%,"193,10 €","39,98 €",9,1
B0FT8N82NY,B0FT8N82NY,BIOLEAF® – Lavavajillas+ Desengrasante Cocina Pack 2×750 ml | Limpieza Potente Antigrasa y Vajilla Reluciente | Fórmula Biodegradable con Esencia Limón | Dermatológicamente Testado| 100% MADE IN SPAIN,BIOLEAF_3436,"25,757",17,0.60%,0.01%,"42,188",27,0.70%,0.02%,94.79%,95.45%,9,0,0.03%,0.00%,"89,91 €","0,00 €",9,0
B0FT8QFSK3,B0FT8QFSK3,BIOLEAF® – Multiusos + Desengrasante Pack 2×750 ml | Limpieza Hogar y Cocina | Potente Antigrasa y Multiusos Brillo Duradero | Fórmula Biodegradable con Esencia Limón | 100% MADE IN SPAIN,BIOLEAF_3443,"4,067",39,0.10%,0.03%,"5,279",57,0.09%,0.03%,98.75%,100.00%,9,0,0.22%,0.00%,"89,91 €","0,00 €",9,0
B0FZCGBRVR,B0FZCGBRVR,CUPERINOX - Cuchillo Pelador Forjado Profesional 9 cm | Hoja de Acero Inoxidable de Alta Precisión | Mango Ergonómico Antideslizante | Cuchillo de Cocina para Frutas y Verduras,19304,370,8,0.01%,0.01%,528,12,0.01%,0.01%,99.78%,100.00%,9,1,2.43%,12.50%,"107,91 €","11,99 €",9,1
B0G3ZJ89NB,B0FZD7ZY1W,CUPERINOX Cuchillo Jamonero Profesional 25 cm – Hoja Alveolada de Acero Inoxidable Antideslizante con Mango Ergonómico – Corte Preciso y Fino para Jamón y Paletilla| Maestros del Corte,19305,"1,412",38,0.03%,0.03%,"1,754",44,0.03%,0.03%,98.97%,100.00%,10,0,0.71%,0.00%,"197,86 €","0,00 €",9,0
B0H1RQ93K4,B0GZ533NMT,"CUPERINOX – Pack de 12 Aros de Emplatar 6 x 4 cm de Acero Inoxidable | Emplatador Redondo Reutilizable para Tártar, Arroces, Postres y Aperitivos | Cocina y Repostería",22570,188,21,0.00%,0.02%,254,28,0.00%,0.02%,99.59%,100.00%,45,40,23.94%,190.48%,"726,95 €","641,72 €",9,6
B0H9SL9KYG,B0H9LG4CSJ,"CUPERINOX 24 Tuppers de Vidrio Herméticos, 3 Formas, sin BPA, Meal Prep",28009,528,5,0.01%,0.00%,611,7,0.01%,0.00%,99.51%,100.00%,9,0,1.70%,0.00%,"541,89 €","0,00 €",9,0
B0F54LTCFF,B000NOAYN6,Arcos Universal Set 2 Piezas Jamonero + Afilador Acero Inoxidable Nitrum,285500,926,95,0.02%,0.08%,"1,019",104,0.02%,0.06%,71.08%,69.57%,8,1,0.86%,1.05%,"190,71 €","23,79 €",8,1
B00509FC90,B00509FC90,HENDI Baño María Eléctrico con Grifo GN 1/1,H238912,204,44,0.00%,0.04%,275,53,0.00%,0.03%,67.87%,68.89%,9,5,4.41%,11.36%,"1.361,25 €","756,25 €",8,4
B005LR6J3Y,B005LR6J3Y,Arcos Riviera Juego 6 Cuchillos Forjados Acero Inoxidable Nitrum,234200_,560,15,0.01%,0.01%,803,25,0.01%,0.02%,58.04%,35.00%,8,0,1.43%,0.00%,"1.402,01 €","0,00 €",8,0
B0895RNY35,B007TS6HDA,ARCOS Descorazonador de Manzanas Acero Inoxidable Nitrum 75 mm,612300,168,4,0.00%,0.00%,230,6,0.00%,0.00%,4.67%,100.00%,9,1,5.36%,25.00%,"76,41 €","8,49 €",8,1
B0B3F4QXML,B008U6T7Q4,Arcos Clásica Cuchillo Santoku Forjado Acero Inoxidable Nitrum 180 mm,256600_fmb,"1,387",24,0.03%,0.02%,"1,787",27,0.03%,0.02%,20.74%,36.36%,8,0,0.58%,0.00%,"255,92 €","0,00 €",8,0
B0GDXY2XBY,B00D3LBPIE,Arcos Mesa Cuchillo Chuletero Serrado Acero Monoblock Plata 110 mm,809500_1pieza,954,30,0.02%,0.03%,"1,329",49,0.02%,0.03%,28.99%,10.00%,35,0,3.67%,0.00%,"208,77 €","0,00 €",8,0
B0D1CW5WWV,B00GZR3RSO,"HENDI Centrifugador de ensaladas, secador de ensaladas, cesta de centrifugado interior extraíble, apto para el lavavajillas, 12 L, ø335x(h)430 mm, Poliamida, Polipropileno",H222553,101,20,0.00%,0.02%,136,24,0.00%,0.01%,81.60%,71.43%,8,5,7.92%,25.00%,"958,00 €","598,75 €",8,5
B0BV32H59Y,B00HYWUNR2,Arcos Saeta - Cuchillo Deshuesador - Hoja de Acero Inoxidable Forjado Nitrum de 145 mm - Mango de Pom - Color Negro,174700_us,229,12,0.01%,0.01%,378,19,0.01%,0.01%,99.06%,100.00%,9,1,3.93%,8.33%,"268,42 €","30,00 €",8,1
B0H2G7NH42,B00J64GI4S,Arcos Riviera Blanc Cuchillo Jamonero Forjado POM Blanco 300 mm,231124_,333,19,0.01%,0.02%,478,27,0.01%,0.02%,49.78%,42.86%,8,0,2.40%,0.00%,"295,92 €","0,00 €",8,0
B0DN1W6N4N,B015WI6B7A,"HENDI Jarra, para batidoras licuadoras HENDI 230718-230695-230688-230213-230602-230664, 2,5L, juego completo: cuchillas-jarra-tapas, de Tritan sin BPA, batidos-cócteles-postres, 200x170x(H)360mm",H933688,108,17,0.00%,0.01%,133,19,0.00%,0.01%,69.42%,52.94%,10,5,9.26%,29.41%,"1.237,41 €","624,96 €",8,4
B017DEWUDK,B017DEWUDK,Arcos Cuchillo Acero Inoxidable 300 mm,233824_,243,5,0.01%,0.00%,323,6,0.01%,0.00%,74.13%,100.00%,8,0,3.29%,0.00%,"479,92 €","0,00 €",8,0
B017DLH9RA,B017DLH9RA,ARCOS Cuchillo Abre Ostras Acero Inoxidable 60 mm,277200_pp,"1,094",41,0.03%,0.04%,"1,465",51,0.02%,0.03%,73.09%,64.10%,8,0,0.73%,0.00%,"63,92 €","0,00 €",8,0
B017DLLFES,B017DLLFES,"Arcos Navaja Profesional de Acero Inoxidable Nitrum, Hoja 85 mm, Mango de Polipropileno, Serie Navajas Profesionales, Alta Durabilidad y Rendimiento",485700_fbm,"1,015",29,0.02%,0.03%,"1,473",50,0.02%,0.03%,56.31%,96.67%,14,8,1.38%,27.59%,"95,03 €","46,96 €",8,2
B01MQDCZTB,B01MQDCZTB,"HENDI Carro bandejero con Superficie de Trabajo, 7 x GN 1/1, Capacidad de Carga 70 kg, 445x615x(H) 945mm, Acero Inoxidable",H810668,200,39,0.00%,0.03%,305,55,0.01%,0.03%,59.02%,51.16%,8,4,4.00%,10.26%,"1.592,00 €","796,00 €",8,4
B0F54LTCFF,B072FHSBJT,Arcos Cuchillo Tomatero y Verduras Acero Inoxidable NITRUM 130 mm,289104,"4,188",107,0.10%,0.09%,"5,962",148,0.10%,0.09%,1.24%,5.95%,8,1,0.19%,0.93%,"119,92 €","14,99 €",8,1
B0FR444FLT,B07D8WQ355,Arcos Manhattan Cuchillo Cocinero Forjado Acero Inoxidable Nitrum 210 mm,160600_,545,2,0.01%,0.00%,799,3,0.01%,0.00%,89.12%,100.00%,8,0,1.47%,0.00%,"299,92 €","0,00 €",8,0
B07D94F6NS,B07D94F6NS,"HENDI Recipiente Gastronorm GN 1/1, Budget Line, resistencia térmica -40 °C a 250 °C, apto para horno y baño maría, 9L, 530x325x(H) 65mm, acero inoxidable",H800126,145,34,0.00%,0.03%,246,56,0.00%,0.03%,45.89%,52.08%,23,17,15.86%,50.00%,"367,09 €","271,13 €",8,5
B0CTCW7QFZ,B07DC7ZX3W,HENDI Recipiente Gastronorm 1/1 - PC - Transparente - 28 L - 530x325x(H) 200 mm,H861202,68,12,0.00%,0.01%,97,17,0.00%,0.01%,96.55%,100.00%,11,9,16.18%,75.00%,"370,52 €","302,22 €",8,6
B07DPCM8YW,B07DPCM8YW,"HENDI Lámpara de Calor Colgante, Altura Ajustable, Plata",H273883,259,55,0.01%,0.05%,334,82,0.01%,0.05%,65.80%,51.39%,13,6,5.02%,10.91%,"922,33 €","425,68 €",8,4
B07N8VQSVB,B07N8VQSVB,"ARCOS Juego de Cubiertos de 24 Piezas para Mesa. Cuberterí­a Completa para 6 Personas. Set de 6 Cucharas, 6 Cuchillos, 6 Tenedores y 6 Cucharas de Postre. Serie Capri. Color Plata",587400_,"16,113",384,0.38%,0.33%,"23,967",603,0.40%,0.37%,3.51%,8.38%,10,1,0.06%,0.26%,"759,90 €","75,99 €",8,1
B0GY24KF8S,B07S8PHLKH,Arcos Nova Set 6 Cuchillos Chuleteros Acero Inoxidable 110 mm,806100_fba,269,6,0.01%,0.01%,352,7,0.01%,0.00%,83.13%,100.00%,12,0,4.46%,0.00%,"215,88 €","0,00 €",8,0
B082VW3C39,B082VW3C39,HENDI Carro de lavandería - 900x650x(H)850 mm,H691083,138,46,0.00%,0.04%,189,68,0.00%,0.04%,81.99%,71.15%,8,6,5.80%,13.04%,"1.560,00 €","1.170,00 €",8,6
B0FQNZM34T,B0843SLMDX,Arcos Cuchillo Chef Acero Inoxidable. Cuchillo cocina profesional multipropósito para cortar y limpiar verduras. Mango ergonómico polioximetileno y Hoja 230 mm. Serie Opera. Color negro.,225200_fbm,455,7,0.01%,0.01%,564,9,0.01%,0.01%,76.38%,77.78%,8,2,1.76%,28.57%,"327,76 €","81,94 €",8,2
B08MTWQWZZ,B08MTWQWZZ,Arcos Cuchillo Cocinero Profesional Acero Inoxidable 160mm,165900_fbm,"1,482",43,0.03%,0.04%,"2,171",62,0.04%,0.04%,16.98%,16.67%,8,1,0.54%,2.33%,"207,92 €","25,99 €",8,1
B09DPRCMTF,B0987MG3JQ,Arcos Juego Cuchillos Carne | Cuchillo chuleteros | Cuchillos Carne Cuchillos Mesa | 6 Uds | Hoja 110 mm | Acero Inoxidable | Mango Nylon | Apto lavavajillas | Envase Ecológico (Filo Liso),814200FBM,718,15,0.02%,0.01%,979,19,0.02%,0.01%,99.88%,100.00%,9,0,1.25%,0.00%,"179,91 €","0,00 €",8,0
B0B4B6B16Z,B0B4B6B16Z,CUPERINOX | Tijeras de manicura para uñas | Tijera corta uñas de punta redondeada para las uñas de las manos | Fabricado en Acero Inoxidable 9 cm,21939,238,3,0.01%,0.00%,329,5,0.01%,0.00%,80.70%,100.00%,8,0,3.36%,0.00%,"79,92 €","0,00 €",8,0
B0BRT1JYNQ,B0BRT1JYNQ,Arcos Riviera - Juego de Cuchillos de Cocina (Mondador + 2 Cuchillo Chef) - Acero Inoxidable Forjado NITRUM - Mango POM - Color Negro,838310,801,13,0.02%,0.01%,"1,136",19,0.02%,0.01%,61.01%,66.67%,8,0,1.00%,0.00%,"671,92 €","0,00 €",8,0
B0CHJZ3VBQ,B0CHJZ3VBQ,Arcos jamonero Profesional | Cuchillo jamonero jamonero Inoxidable Nitrum | Mango Blanco | Cuchillo Jamon iberico | Serie Artika| Hoja Flexible y Filo Liso | 275 mm | Acero Inoxidable,151244_,181,2,0.00%,0.00%,286,2,0.00%,0.00%,97.82%,100.00%,8,0,4.42%,0.00%,"135,92 €","0,00 €",8,0
B0CN14GJ6L,B0CN14GJ6L,"HENDI Vitrina expositora con cubierta deslizante, mostrador Buffet, conjunto exhibidor con doble función: calentar o enfriar, kit incl. 2 bloques de gel, bandeja de acero inox, 465x315x(H)195mm, PP",H871775,387,61,0.01%,0.05%,541,81,0.01%,0.05%,80.34%,73.13%,9,5,2.33%,8.20%,"764,91 €","424,95 €",8,4
B0CVH8PC99,B0CQRMMMR5,CUPERINOX Cuchillos Carne | Cuchillos Mesa | Cuchillos Chuleteros | 6 Piezas | Hoja Serrada | Mango Polipropileno | Acero Inoxidable | 11 cm,99921,575,21,0.01%,0.02%,730,24,0.01%,0.01%,99.13%,100.00%,8,2,1.39%,9.52%,"78,19 €","18,25 €",8,2
B0DPKXM18X,B0DNQXN97X,CUPERINOX Soporte Jamonero Inoxidable | Jamonero Plegable | Jamonero Giratorio | Jamonero Profesional | Cuchillo Jamonero Profesional y Afilador,20250_,"5,964",199,0.14%,0.17%,"7,086",225,0.12%,0.14%,81.97%,79.19%,8,0,0.13%,0.00%,"479,92 €","0,00 €",8,0
B0H9YSCFRW,B0H5CXDMCY,VINFERMATÓN Pack 2 Fregasuelos Citronela y Albahaca 1L x 2 | Total 2L | Apto Mascotas | Aroma Fresco,Fregasuelosamarillo_PACK2,228,7,0.01%,0.01%,293,7,0.00%,0.00%,91.61%,66.67%,8,1,3.51%,14.29%,"119,92 €","14,99 €",8,1
B0050G2IOU,B0050G2IOU,"HENDI Sartén eléctrica multiusos, paellera cazuela olla plancha, de fiestas, revestimiento antiadherente, termostato, con tapa, interior: ø40cm profundidad: 5cm, 230V, 1400W, ø500x(H)190mm, aluminio",H239506,"1,078",22,0.03%,0.02%,"1,382",27,0.02%,0.02%,75.10%,38.10%,7,0,0.65%,0.00%,"379,75 €","0,00 €",7,0
B0F1ZF7H1L,B005LR6C7C,Arcos Cuchillo Cocina Acero Inoxidable Negro 180 mm,233500,"6,138",129,0.14%,0.11%,"8,561",156,0.14%,0.10%,19.85%,13.79%,7,0,0.11%,0.00%,"244,93 €","0,00 €",7,0
B0H2GBGWD4,B005LR6E0C,Arcos Cuchillo Cocinero Acero Inoxidable Negro 150 mm,233400_,"2,216",53,0.05%,0.05%,"3,073",70,0.05%,0.04%,8.19%,0.00%,7,0,0.32%,0.00%,"188,93 €","0,00 €",7,0
B0BMQ3CMJD,B005LR73D4,Arcos Serie Niza - Set Jamoneri - Cuchillo Jamonero + Chaira - Hoja de Acero Inoxidable NITRUM de 240 mm - Mangos fabricados en Polipropileno (PP) Color Negro,136700_fbm,"1,915",41,0.04%,0.04%,"2,641",57,0.04%,0.03%,5.94%,8.33%,7,0,0.37%,0.00%,"104,93 €","0,00 €",7,0
B0873P7271,B009T19KXO,"HENDI Calentador Eléctrico para Chafing Dish GN 1/1, Sustituto del Combustible de Gel/Pasta, Mantiene la Temperatura de Servicio, 230V/380W, 300x200x(H) 40mm",H809709,57,16,0.00%,0.01%,76,24,0.00%,0.01%,97.22%,89.47%,10,8,17.54%,50.00%,"779,50 €","623,60 €",7,5
B0F1ZF7H1L,B00BHZPHOG,Arcos Riviera Blanc Cuchillo Panero Acero Inoxidable Nitrum 200 mm,231324_,846,21,0.02%,0.02%,"1,113",28,0.02%,0.02%,15.13%,30.00%,7,1,0.83%,4.76%,"204,38 €","24,74 €",7,1
B0752TTMS8,B00D3LFAEE,Arcos Chairas - Chaira Afilador Manual de Cuchillos - Cuerpo Ovalado de Acero al Carbono Recubierto de Diamante de 280 mm y 17 mm de diámetro - Mango Polipropileno Color Negro,279200,"8,226",268,0.19%,0.23%,"12,228",389,0.20%,0.24%,0.80%,3.92%,11,7,0.13%,2.61%,"439,89 €","279,93 €",7,3
B00MDJVVZY,B00MDJVVZY,Arcos Latina Cuchillo de Cocina Acero Inoxidable 155 mm,100700_1pza,43,1,0.00%,0.00%,60,1,0.00%,0.00%,100.00%,100.00%,12,0,27.91%,0.00%,"69,00 €","0,00 €",7,0
B0F1ZF7H1L,B017DEWUDK,Arcos Cuchillo Acero Inoxidable 300 mm,233824_,493,10,0.01%,0.01%,612,17,0.01%,0.01%,83.51%,66.67%,8,1,1.62%,10.00%,"479,92 €","59,99 €",7,1
B0F1ZF7H1L,B017DLG38Q,Arcos Cuchillo Cocina Acero Inoxidable Negro 140 mm,233200_,"2,133",45,0.05%,0.04%,"2,898",60,0.05%,0.04%,8.65%,7.41%,7,0,0.33%,0.00%,"195,93 €","0,00 €",7,0
B01BQA0K84,B01BQA0K84,"HENDI Soporte de bandejas Redondas, Soporte para Servir y presentar Alimentos, mariscos, con 2 Platos: Ø 300/400mm, ⌀400x(H) 200mm, Acero Inoxidable, Plata",H480519,79,11,0.00%,0.01%,143,27,0.00%,0.02%,92.59%,100.00%,7,0,8.86%,0.00%,"277,90 €","0,00 €",7,0
B0D1CXFSVN,B01FMS8UAQ,HENDI Abrelatas Kitchen Line - Gris claro - L 550 mm,H690000,55,23,0.00%,0.02%,89,44,0.00%,0.03%,41.77%,50.00%,7,6,12.73%,26.09%,"752,50 €","645,00 €",7,6
B0GRNWHJPV,B071LGMH89,Arcos Mesa Cuchillo Carne Nitrum Pack Madera Marrón 4 pulg,374610_fbm,"1,154",39,0.03%,0.03%,"1,551",71,0.03%,0.04%,20.27%,17.39%,39,28,3.38%,71.79%,"652,82 €","468,68 €",7,3
B0752NT3TH,B072FGV2YB,Arcos Serie Prochef - Tijeras de Cocina - Hoja de Acero Inoxidable - 220 mm - Mango de Polipropileno Color Negro,185900,"2,499",65,0.06%,0.06%,"2,797",73,0.05%,0.04%,16.32%,65.31%,7,0,0.28%,0.00%,"174,93 €","0,00 €",7,0
B079ZBKL1L,B079ZBKL1L,Ambientador Concentrado de larga duración Azores,LIMPIADORAZORES,393,12,0.01%,0.01%,570,21,0.01%,0.01%,98.02%,100.00%,7,0,1.78%,0.00%,"118,93 €","0,00 €",7,0
B07CZP72RF,B07CZP72RF,"HENDI Horno de Convección Profesional H90S con Humidificación manual, 2670W, incl. 4 Bandejas de Aluminio, 2 Ventiladores, 50-300°C, Puerta Doble Cristal, 230V, 595x595x(H)570mm, Acero Inoxidable",H227077,533,47,0.01%,0.04%,779,73,0.01%,0.04%,68.15%,48.28%,7,2,1.31%,4.26%,"4.508,93 €","1.263,93 €",7,2
B07CZPBVZB,B07CZPBVZB,HENDI Matamoscas de alto voltaje - Cobertura: 150 m² - 230V / 45W - 640x90x(H)360 mm,H270172,90,6,0.00%,0.01%,164,8,0.00%,0.00%,94.48%,75.00%,7,0,7.78%,0.00%,"563,15 €","0,00 €",7,0
B0D1CXLR2J,B07D5DJZBL,HENDI Embudo para repostería Kitchen Line - Gris claro - 1.5 L - 270x195x(H)270 mm,H551813,47,3,0.00%,0.00%,57,3,0.00%,0.00%,90.74%,100.00%,12,11,25.53%,366.67%,"678,17 €","621,18 €",7,6
B0H1YTB1F3,B07D9XLGXZ,"HENDI Recipiente Gastronorm GN 1/1, Kitchen Line, resistencia térmica -40 °C a 250 °C, apto para horno y baño maría, 21L, 530x325x(H) 150mm, acero inoxidable",H806142,79,5,0.00%,0.00%,116,6,0.00%,0.00%,88.79%,100.00%,9,3,11.39%,60.00%,"265,50 €","88,50 €",7,2
B07G76CQC2,B07G76CQC2,"Arcos Cuchillos de Mesa Caja de 24 uds Chuletero, Hoja de Acero Inoxidable Nitrum 110 mm, Mango de Nylon, Color Marrón (24 uds)",804000_24piezas,150,9,0.00%,0.01%,200,12,0.00%,0.01%,69.01%,100.00%,7,3,4.67%,33.33%,"314,93 €","134,97 €",7,3
B0D1GH3QKG,B07MTPQ9KF,"HENDI Báscula pesa balanza digital de cocina, cuerpo de plástico HIPS con pantalla digital LED integrada, alta precisión, máximo 15 kg, 3 pilas AAA no incluidas, 266x269x(h)34 mm, acero inoxidable",H580233,677,124,0.02%,0.11%,"1,043",191,0.02%,0.12%,12.42%,16.36%,7,5,1.03%,4.03%,"291,69 €","206,23 €",7,5
B0FQNZM34T,B0843D965B,Arcos Cuchillo Chef Acero Inoxidable. Cuchillo Cocina Profesional multipropósito para Cortar y Limpiar Verduras. Mango ergonómico polioximetileno y Hoja 210 mm. Serie Opera. Color Negro.,225100_fbm,801,13,0.02%,0.01%,"1,051",14,0.02%,0.01%,84.56%,87.50%,7,1,0.87%,7.69%,"272,08 €","38,80 €",7,1
B0FQNZM34T,B0843DFWRQ,"Arcos Cuchillo Chef Acero Inoxidable. Cuchillo cocina profesional cortar carne, pescado, aves, frutas y verduras. Mango ergonómico polioximetileno y Hoja 140 mm. Serie Opera. Color negro.",224900_fbm,530,6,0.01%,0.01%,674,6,0.01%,0.00%,75.95%,80.00%,7,0,1.32%,0.00%,"172,06 €","0,00 €",7,0
B08VS4FCLN,B08CY5ZRD7,"Arcos Serie Maitre - Juego Cuchillo de cocina 4 piezas, (3 cuchillos + 1 tijeras) Hoja de Acero Inoxidable NITRUM 80 mm, Mango Polipropileno Negro",152610,951,16,0.02%,0.01%,"1,193",21,0.02%,0.01%,99.37%,93.75%,7,0,0.74%,0.00%,"279,93 €","0,00 €",7,0
B08GSTDWTC,B08G4D9718,"Arcos | Cuchillos 3 Colores | Cuchillo de pelar | Cuchillos pelar Patatas | Acero Inoxidable Nitrum| Envase Ecológico | Cuchillo Colores (85 mm, Amarillo, Turquesa, Naranja)",816700,"4,592",111,0.11%,0.10%,"5,903",133,0.10%,0.08%,94.47%,98.67%,8,1,0.17%,0.90%,"87,92 €","10,99 €",7,1
B0CQLNJVKL,B08TWZWRLW,"Arcos Thera Sartén Antiadherente de 24 Cm para Inducción, Gas y Vitrocerámica. Sartén de Cocina Mediana de Aluminio Fundido con Mango Ergonómico Extraíble y Apta para Lavavajillas. Color Negro y Azul",718300,451,9,0.01%,0.01%,587,11,0.01%,0.01%,28.51%,100.00%,7,1,1.55%,11.11%,"233,65 €","32,95 €",7,1
B09S75R1NW,B09GPS236X,"HENDI Portacondimentos de Bar, Bandeja de Guarniciones para Cócteles BarUp, Caja Organizadora con Tapa Transparente, 6 Contenedores de Polipropileno, 480x150x(H) 100mm, HIPS, Negro",H552032,60,5,0.00%,0.00%,89,5,0.00%,0.00%,87.06%,100.00%,7,4,11.67%,80.00%,"211,83 €","120,76 €",7,4
B06XB92VRH,B09LYXZKTZ,CUPERINOX Deluxe Cafetera Italiana Induccion Espresso Inoxidable 4 Tazas,25051FBM,949,32,0.02%,0.03%,"1,197",38,0.02%,0.02%,81.71%,92.86%,7,0,0.74%,0.00%,"171,50 €","0,00 €",7,0
B06XB92VRH,B09LZ2VHYP,CUPERINOX Deluxe Cafetera Italiana Induccion Espresso Inoxidable 10 Tazas,25053FBM,738,23,0.02%,0.02%,898,31,0.01%,0.02%,100.00%,100.00%,7,1,0.95%,4.35%,"253,54 €","34,99 €",7,1
B06XB92VRH,B09LZ2VHYP,CUPERINOX Deluxe Cafetera Italiana Induccion Espresso Inoxidable 10 Tazas,25053,738,23,0.02%,0.02%,898,31,0.01%,0.02%,100.00%,100.00%,7,1,0.95%,4.35%,"258,93 €","36,99 €",7,1
B0BS9ZL3YS,B0BS9ZL3YS,Xpartan Clean | 500 ml | Limpiador de Suelos Multisuperficie para Robots de Limpieza | Concentrado y Perfumado para todo tipo de Robots y Marcas,XPARTAN,179,5,0.00%,0.00%,239,11,0.00%,0.01%,91.24%,100.00%,7,0,3.91%,0.00%,"111,93 €","0,00 €",7,0
B0G6M1C8V6,B0D4WK78XV,CUPERINOX Aceiteras para Aceite Usado | Grasera Acero Inoxidable 550ML con Filtro Metálico | Recipiente para Aceite Usado de Cocina y Grasa | Grasera Cocina Metálica 550ML 2Uds Metálico,22105+22106pack,"11,678",199,0.27%,0.17%,"17,380",296,0.29%,0.18%,88.82%,90.75%,7,0,0.06%,0.00%,"87,43 €","0,00 €",7,0
B0DG2MS2G9,B0DG2MS2G9,"HENDI Cesta de asar para patatas fritas, GN1/1, CONVECTOMAT, para hornos, fondo ondulado, resiste hasta 200°C, bandeja para horno, cesta para freír, 530x325x(H)40mm, acero inoxidable",H808818,106,20,0.00%,0.02%,172,33,0.00%,0.02%,66.89%,55.56%,25,17,23.58%,85.00%,"1.185,45 €","803,45 €",7,3
B0FT8NLHQ3,B0FT8NLHQ3,BIOLEAF® – Multiusos + Limpiacristales Pack 2×750 ml | Limpieza Total Hogar | Brillo Duradero en Superficies y Cristales Sin Huellas | Fórmula Biodegradable | Dermatológicamente Testado,BIOLEAF_3450,"2,089",19,0.05%,0.02%,"2,601",24,0.04%,0.01%,98.84%,100.00%,7,0,0.34%,0.00%,"69,84 €","0,00 €",7,0
B0G4RT6HMS,B0G219Z94M,"BIOLEAF – Limpiacristales Sin Huellas Pack 4×750 ml (3 L) | Brillo Perfecto en Cristales, Espejos y Ventanas | Secado Rápido Sin Marcas | Fórmula Biodegradable| 100% HECHO EN ESPAÑA",3504,436,4,0.01%,0.00%,522,4,0.01%,0.00%,99.17%,100.00%,7,1,1.61%,25.00%,"133,92 €","19,99 €",7,1
B0G65J8F3L,B0G21RGP5T,BIOLEAF– Multiusos Brillo Duradero Pack 4×750 ml (3 L) | Limpieza de Muebles y Superficies | Anti-polvo Eficaz | Biodegradable y Dermatológicamente Testado,3474,"1,205",9,0.03%,0.01%,"1,385",11,0.02%,0.01%,100.00%,100.00%,7,0,0.58%,0.00%,"136,93 €","0,00 €",7,0
B0G2CMWG78,B0G2CMWG78,VINFER| WINS018 Limpiador Amoniacal Pino Concentrado 250 ml | Rinde 5 Litros | Potente Detergente Desengrasante e Higienizante | Limpieza Profunda y Frescor Natural | 100% Made in Spain,WC018,137,4,0.00%,0.00%,164,4,0.00%,0.00%,100.00%,100.00%,8,2,5.84%,50.00%,"82,92 €","19,98 €",7,2
B0HC7F5CCG,B0H2DJMJ4G,Vinagre de Limpieza | 2 Litros | Aroma Manzana,LAGARRAFIRA_VINAGRE-LIMPIEZA,32,1,0.00%,0.00%,55,1,0.00%,0.00%,98.11%,0.00%,7,0,21.88%,0.00%,"55,93 €","0,00 €",7,0
B017HKFNO8,B005LR6ZZ6,Arcos Niza Cuchillo de Cocina Acero Inoxidable 150 mm,135300,"1,026",28,0.02%,0.02%,"1,412",43,0.02%,0.03%,8.12%,6.25%,6,0,0.58%,0.00%,"59,94 €","0,00 €",6,0
B0H2G7NH42,B00BHZPHSC,Arcos Riviera Blanc Cuchillo Jamonero Forjado Acero POM Blanco 250 mm,231024_,679,29,0.02%,0.03%,"1,011",47,0.02%,0.03%,23.45%,32.14%,6,1,0.88%,3.45%,"203,94 €","33,99 €",6,1
B0F1ZF7H1L,B00J64GECY,Arcos Cuchillo de Cocina Acero Inoxidable 130 mm,231524_,"1,104",29,0.03%,0.03%,"1,318",41,0.02%,0.03%,22.27%,40.00%,6,1,0.54%,3.45%,"140,94 €","23,49 €",6,1
B0C6QCQY2G,B01ANXDVCM,HENDI Vitrina expositora refrigerada con bandeja GN 1/1,H424186,"1,849",192,0.04%,0.17%,"2,500",289,0.04%,0.18%,48.95%,47.12%,7,4,0.38%,2.08%,"978,27 €","559,02 €",6,3
B088L1YKB9,B01DY4846U,HENDI Thermobox Kitchen Line - 53 L - 685x485x(H)260 mm,H707951,200,30,0.00%,0.03%,249,37,0.00%,0.02%,82.82%,89.29%,11,6,5.50%,20.00%,"784,25 €","424,50 €",6,2
B0DN1W2FX7,B01DY48ILG,"HENDI Bolsas lisas para cocción sous-vide y envasado al vacío, 100 unidades, -20 °C a +110 °C, 400x300mm, 75µm, PA/PE, sin BPA",H970690,98,17,0.00%,0.01%,122,21,0.00%,0.01%,50.91%,53.33%,7,4,7.14%,23.53%,"216,93 €","123,96 €",6,3
B07D3W3Z7H,B07D3W3Z7H,HENDI Soporte para platos - platos máx. Ø 275 mm - 290x200x(H)440 mm,H425473,97,5,0.00%,0.00%,139,6,0.00%,0.00%,88.62%,100.00%,21,0,21.65%,0.00%,"608,79 €","0,00 €",6,0
B08DV2WMBQ,B07G76SK9L,Arcos Cuchillo de Mesa 1 Pieza (Plastico Blister),702300,875,22,0.02%,0.02%,924,22,0.02%,0.01%,99.34%,100.00%,7,0,0.80%,0.00%,"209,93 €","0,00 €",6,0
B0B3F4QXML,B07JWJ5LDH,Arcos Serie Clasica - Juego de Cuchillos Chuleteros (6 piezas) - Acero Inoxidable Forjado NITRUM - Mango POM - Color Negro,_854500_,470,17,0.01%,0.01%,664,22,0.01%,0.01%,99.36%,100.00%,6,0,1.28%,0.00%,"490,15 €","0,00 €",6,0
B07N7VN49R,B07N7VN49R,HENDI Cesta de lavavajillas para vasos - 49 compartimentos - 500x500x104 mm Gris,H877012,179,17,0.00%,0.01%,239,23,0.00%,0.01%,86.06%,85.71%,7,3,3.91%,17.65%,"193,00 €","81,92 €",6,3
B07N8VGRZR,B07N8VGRZR,ARCOS Capri Juego Cubertería 113 Piezas Acero Plata,587200,"5,383",170,0.13%,0.15%,"7,381",232,0.12%,0.14%,19.56%,12.93%,6,0,0.11%,0.00%,"2.274,00 €","0,00 €",6,0
B0857QPQZ5,B0857QPQZ5,"HENDI Placa eutéctica de calor profesional, GN 1/2, para cajas térmicas, elemento calefactor, acumulador de calor, bloque térmico, placa caliente, 320x265x(H)30mm, HDPE, rojo",H707784,198,18,0.00%,0.02%,283,36,0.00%,0.02%,34.39%,41.38%,20,7,10.10%,38.89%,"579,60 €","202,86 €",6,2
B08GSTDWTC,B08G4D9718,"Arcos | Cuchillos 3 Colores | Cuchillo de pelar | Cuchillos pelar Patatas | Acero Inoxidable Nitrum| Envase Ecológico | Cuchillo Colores (85 mm, Amarillo, Turquesa, Naranja)",816700_pp,"4,592",111,0.11%,0.10%,"5,903",133,0.10%,0.08%,94.47%,98.67%,6,0,0.13%,0.00%,"53,94 €","0,00 €",6,0
B09FQ5SZK8,B08MTXFWC9,Arcos Nordika Cuchillo Jamonero Acero Inoxidable 250 mm,166700_fbm,850,24,0.02%,0.02%,"1,010",27,0.02%,0.02%,37.90%,38.89%,6,1,0.71%,4.17%,"178,45 €","30,00 €",6,1
B0CQLNJVKL,B08TWYZQ6H,"Arcos Thera Sartén Antiadherente de 16 Cm para Inducción, Gas y Vitrocerámica. Sartén de Cocina Pequeña de Aluminio Fundido con Mango Ergonómico Extraíble y Apta para Lavavajillas. Color Negro y Azul",718000,577,14,0.01%,0.01%,792,15,0.01%,0.01%,15.88%,0.00%,6,0,1.04%,0.00%,"129,30 €","0,00 €",6,0
B0CQM2K3QY,B08TWZLD4R,"Arcos Thera Olla Grande de Cocina de 32 Cm y 9,3 L. Cacerola Alta para Inducción, Gas y Vitro. Olla de Aluminio Fundido con Tapa de Cristal y Mango Extraíble. Apta Lavavajillas. Color Negro Azul",718900,"1,366",24,0.03%,0.02%,"1,812",28,0.03%,0.02%,38.64%,18.75%,6,0,0.44%,0.00%,"379,81 €","0,00 €",6,0
B09F9KVBDX,B09F9KVBDX,Arcos Nova Juego 8 Cuchillos Mesa Acero Crema 105 mm,705300,"1,014",33,0.02%,0.03%,"1,600",48,0.03%,0.03%,8.39%,20.69%,6,2,0.59%,6.06%,"101,94 €","33,98 €",6,2
B09HRWYKDL,B09HRWYKDL,Arcos Juego de cuchillos Japoneses Profesionales | 4 piezas | Cuchillo Verduras 100 mm + Cocina 150 mm + Santoku con Alveolos 170 mm + Pelador de patatas,853100fbm,559,9,0.01%,0.01%,755,12,0.01%,0.01%,100.00%,100.00%,6,0,1.07%,0.00%,"216,52 €","0,00 €",6,0
B08TLR4Z27,B09L4YNBZZ,Arcos jamonero Profesional | Cuchillo jamonero jamonero Inoxidable Nitrum | Mango Negro | Cuchillo Jamon iberico | Serie Maitre| Hoja Flexible y Filo Liso | 275 mm | Acero Inoxidable NITRUM,856500FBM,447,6,0.01%,0.01%,567,6,0.01%,0.00%,99.43%,100.00%,9,0,2.01%,0.00%,"221,16 €","0,00 €",6,0
B06XB92VRH,B09LYXZKTZ,CUPERINOX Deluxe Cafetera Italiana Induccion Espresso Inoxidable 4 Tazas,25051,949,32,0.02%,0.03%,"1,197",38,0.02%,0.02%,81.71%,92.86%,6,0,0.63%,0.00%,"153,00 €","0,00 €",6,0
B0DK3JR7C3,B09S5T6MJL,"HENDI Mezclador Profesional de Bebidas, Aireador/Batidor de Bebidas Ligeras, Frappés, Capuchinos Fríos, Drink Mixer, Incluye 2 Vasos y 4 Agitadores, 230V/400W, 170x196x(H)490mm, Caramelo",H221624,253,23,0.01%,0.02%,389,34,0.01%,0.02%,78.70%,60.71%,7,1,2.77%,4.35%,"1.048,25 €","149,75 €",6,1
B09S9RRJLV,B09S9RRJLV,"HENDI Pulverizador alimentario a presión, spray difusor atomizador, apto para el contacto con alimentos, para usar con aceites, agua, clara y yema de huevo, saborizantes, boquilla regulable, 1,5L,HDPE",H270875,228,17,0.01%,0.01%,313,21,0.01%,0.01%,56.52%,64.71%,7,2,3.07%,11.76%,"314,65 €","89,90 €",6,1
B0CQC8TDDY,B0CQC8TDDY,"HENDI Chafing Dish Eléctrico UNIQ, 12,5L, Negro",H470411,304,61,0.01%,0.05%,427,82,0.01%,0.05%,44.59%,45.59%,14,13,4.61%,21.31%,"2.929,47 €","2.717,01 €",6,5
B0D37Q1JGG,B0D37Q1JGG,Maton Insecticida Residual SP 600 ml,V0013,"2,562",82,0.06%,0.07%,"3,625",116,0.06%,0.07%,0.48%,14.47%,6,3,0.23%,3.66%,"60,11 €","29,97 €",6,3
B0DTK92FQV,B0DTK92FQV,"HENDI Baño María Eléctrico con Grifo, 3x GN 1/3 con Tapas",H238868,191,35,0.00%,0.03%,261,48,0.00%,0.03%,84.72%,79.41%,6,4,3.14%,11.43%,"1.064,00 €","710,50 €",6,4
B0FJLTDB9J,B0F95HH915,"Alicates para pedicura, Profesional, Cortaúñas de Pies, Acero Inoxidable, Mango Ergonómico Antideslizante, Fácil Limpieza, Con Funda, 2 Años de Garantía (Cortauñas Grande)",A10001,264,4,0.01%,0.00%,326,6,0.01%,0.00%,99.67%,100.00%,8,0,3.03%,0.00%,"55,42 €","0,00 €",6,0
B0G4RSR32Y,B0G21WF1RQ,"BIOLEAF – Desengrasante Cocina Antigrasa Pack 4×750 ml (3 L) | Elimina Grasa Difícil en Encimeras, Hornos y Campanas | Sin Disruptores Endocrinos | Fórmula Biodegradable| 100% HECHO EN ESPAÑA",3481,439,3,0.01%,0.00%,506,9,0.01%,0.01%,99.58%,100.00%,6,3,1.37%,100.00%,"117,94 €","57,97 €",6,3
B0H1RQ93K4,B0H1GXQFSG,"Pack de 12 emplatadores Cuadrados 8x4 cm en Acero Inoxidable presentaciones Gourmet, arroces, tartares y postres. Aptos lavavajillas",22573,61,5,0.00%,0.00%,85,7,0.00%,0.00%,100.00%,100.00%,8,4,13.11%,80.00%,"150,91 €","75,95 €",6,2
B0H276YBLW,B0H276YBLW,"VINFER- Limpiador y Abrillantador Inox Pack X2 600 ml- 1,2L | Limpieza y Protección Acero Inoxidable | Efecto Brillo Duradero | Desengrasa y Cuida Superficies Inoxidables | Spray Profesional",LIMPIADORINOX_PACK2,15,1,0.00%,0.00%,20,1,0.00%,0.00%,90.00%,100.00%,10,9,66.67%,900.00%,"149,92 €","134,93 €",6,5
B0752XP113,B0044R886S,Arcos Conjunto carne con Hoja Acero Inoxidable Nitrum y mm. Mango ergonómico polioximetileno POM. Serie Mesa. Los bordeserrados los hacen perfectos cortar y picar carnes. Color plateado.,378000_,"1,128",33,0.03%,0.03%,"1,446",43,0.02%,0.03%,22.51%,16.67%,7,0,0.62%,0.00%,"283,93 €","0,00 €",5,0
B005LR6YFC,B005LR6YFC,Arcos Maitre Set Jamonero 2 Piezas Acero Inoxidable Nitrum 275 mm,151900,192,1,0.00%,0.00%,252,1,0.00%,0.00%,47.03%,0.00%,6,0,3.13%,0.00%,"140,94 €","0,00 €",5,0
B0CWLP4H3Z,B005LR76KY,ARCOS Tijeras de Cocina Acero Inoxidable 195 mm,784901_barras_arcos,"8,960",193,0.21%,0.17%,"12,237",252,0.20%,0.15%,0.95%,1.90%,6,1,0.07%,0.52%,"50,94 €","8,49 €",5,1
B07BDVL8SH,B007TS679O,Arcos Universal Cuchillo Pelar Remaches Acero POM Negro 3 pulg,281004_pp,263,8,0.01%,0.01%,392,9,0.01%,0.01%,17.83%,33.33%,5,0,1.90%,0.00%,"59,95 €","0,00 €",5,0
B007TS6HNA,B007TS6HNA,ARCOS Rallador de Queso Profesional Acero Inoxidable 130 mm,613800,821,19,0.02%,0.02%,"1,208",29,0.02%,0.02%,11.61%,0.00%,5,0,0.61%,0.00%,"46,45 €","0,00 €",5,0
B0F1ZF7H1L,B00BHZPJFI,Arcos Riviera Blanc Cuchillo Chef Forjado Acero Inoxidable 150 mm,233424_,"1,470",37,0.03%,0.03%,"1,929",48,0.03%,0.03%,13.49%,32.14%,5,1,0.34%,2.70%,"130,27 €","22,31 €",5,1
B00BHZPKEI,B00BHZPKEI,Arcos Cuchillo Blanco 100 mm,230224_,63,2,0.00%,0.00%,104,2,0.00%,0.00%,36.26%,50.00%,5,1,7.94%,50.00%,"99,95 €","19,99 €",5,1
B0F54LTCFF,B00CEKDBRS,Espátula Serie Universal 125 x 120 mm,286500,"1,996",151,0.05%,0.13%,"2,805",230,0.05%,0.14%,0.79%,4.97%,6,6,0.30%,3.97%,"122,94 €","122,94 €",5,5
B07TXLKG42,B00GZR3LR6,"HENDI Freidora eléctrica, T ajustable hasta 190°C, termostato de seguridad, zona fría, con tapa y cesta de freír, tanque de aceite extraíble, 6L, 230V, 3300W, 265x430x(H)290mm, acero inoxidable",H205815,228,15,0.01%,0.01%,358,17,0.01%,0.01%,83.70%,90.91%,5,0,2.19%,0.00%,"778,75 €","0,00 €",5,0
B0GDY91XR2,B00J3ZTYAK,"Arcos Cuchillos de Mesa de Acero Inoxidable 18/10, Monoblock de una Pieza, Hoja 220 mm, Juego de 3 Piezas para Cocina, Serie Toscana",575000,131,4,0.00%,0.00%,181,5,0.00%,0.00%,52.35%,0.00%,5,0,3.82%,0.00%,"90,59 €","0,00 €",5,0
B00J64GECY,B00J64GECY,Arcos Cuchillo de Cocina Acero Inoxidable 130 mm,231524_,264,5,0.01%,0.00%,365,6,0.01%,0.00%,34.65%,33.33%,5,0,1.89%,0.00%,"117,45 €","0,00 €",5,0
B0F1ZF7H1L,B00J64GI70,Arcos Riviera Blanc Cuchillo Fileteador Forjado Acero Inoxidable 200 mm,233024_,752,19,0.02%,0.02%,931,21,0.02%,0.01%,29.91%,41.67%,5,0,0.66%,0.00%,"130,38 €","0,00 €",5,0
B07Z8TJHZR,B00LGX10MW,ARCOS Sacacorchos Manual Aleación de Zinc 195 mm,603400_,"1,725",61,0.04%,0.05%,"2,546",97,0.04%,0.06%,0.80%,3.33%,5,3,0.29%,4.92%,"90,47 €","53,97 €",5,3
B00OF83Z9Q,B00OF83Z9Q,ARCOS Aplastador de Filetes y Carne Acero Inoxidable 140 mm,790600,620,20,0.01%,0.02%,825,30,0.01%,0.02%,20.74%,10.53%,6,0,0.97%,0.00%,"245,40 €","0,00 €",5,0
B00U2R00QK,B00U2R00QK,VINFER - Limpiacristales Vinfer 5 L,VP300,98,4,0.00%,0.00%,108,4,0.00%,0.00%,94.23%,75.00%,8,6,8.16%,150.00%,"115,93 €","86,95 €",5,3
B0F54LTCFF,B00VT5L310,Arcos Espátula de Cocina Profesional - Hoja de Acero Inoxidable NITRUM 160 mm - Resistente a Químicos y Calor - Mango Ergonómico POM Negro - Serie Universal,286600,"1,996",81,0.05%,0.07%,"2,205",90,0.04%,0.06%,29.85%,36.51%,6,1,0.30%,1.23%,"152,99 €","25,49 €",5,1
B0FWK4CNH3,B00WHV21BG,CUPERINOX TIJERAS PESCADO | TIJERAS COCINA| TIJERAS ACERO| TIJERAS | 20 CM | UTENSILIOS DE COCINA,21992_,436,10,0.01%,0.01%,586,13,0.01%,0.01%,32.97%,81.82%,6,0,1.38%,0.00%,"43,50 €","0,00 €",5,0
B06XB92VRH,B00YU2ZWGG,CUPERINOX Cafetera Italiana Induccion Espresso Acero Inoxidable 10 Tazas,25034_fbm,791,16,0.02%,0.01%,"1,156",20,0.02%,0.01%,78.54%,15.38%,5,0,0.63%,0.00%,"99,95 €","0,00 €",5,0
B01418E5ZC,B01418E5ZC,"HENDI Cubitera para botellas, enfriador de bebidas tipo champanera, BarUp, 9,5L, ⌀350x(H)230mm, acero inoxidable",H471524,36,0,0.00%,0.00%,48,0,0.00%,0.00%,56.82%,0.00%,6,0,16.67%,0.00%,"147,35 €","0,00 €",5,0
B017DLFYYK,B017DLFYYK,Arcos Cuchillo Queso Acero Inoxidable Blanco 145 mm,232824_,344,7,0.01%,0.01%,458,10,0.01%,0.01%,26.93%,0.00%,5,0,1.45%,0.00%,"189,95 €","0,00 €",5,0
B0H2FSM87X,B017DLG3AE,Arcos Cuchillo de Cocina Acero Inoxidable 140 mm,233224_,395,7,0.01%,0.01%,510,11,0.01%,0.01%,45.21%,83.33%,5,0,1.27%,0.00%,"139,95 €","0,00 €",5,0
B017DLM9SO,B017DLM9SO,ARCOS Tenedores para Tartas Acero Inoxidable 18/10 140 mm,574300_,"6,832",256,0.16%,0.22%,"10,470",359,0.17%,0.22%,1.17%,7.48%,6,2,0.09%,0.78%,"60,50 €","19,50 €",5,2
B088L1YKB9,B01DY485KU,HENDI Thermobox Kitchen Line - GN 1/1-46 L - 600x400x(H)320 mm,H707968,518,54,0.01%,0.05%,679,71,0.01%,0.04%,74.65%,75.93%,11,3,2.12%,5.56%,"629,75 €","171,75 €",5,2
B0711S58TQ,B0711S58TQ,Juego cuchillos Arcos profesional | cuchillos cocina | cuchillos arcos clasicos |6 pzas | negro | 842300,_842300_,530,18,0.01%,0.02%,720,25,0.01%,0.02%,99.37%,100.00%,5,1,0.94%,5.56%,"704,95 €","140,99 €",5,1
B071S7PRTZ,B071S7PRTZ,"Arcos Riviera Blanc, Set Jamonero de 2 piezas, Acero Inoxidable Forjado, Mango POM, Color Blanco",852000_,228,7,0.01%,0.01%,313,8,0.01%,0.00%,71.68%,100.00%,5,0,2.19%,0.00%,"209,95 €","0,00 €",5,0
B0DN1W6N4N,B07CZFR2CG,"HENDI Batidora profesional digital con cubierta insonorizada, pantalla táctil, 3 velocidades, jarra de policarbonato resistente al calor y frío, 230V, 1680W, 250x300x(H)546mm, ABS, acero inoxidable",H230695,537,83,0.01%,0.07%,735,116,0.01%,0.07%,47.78%,50.50%,5,1,0.93%,1.20%,"2.245,00 €","449,00 €",5,1
B07FQ94K1Q,B07FQ94K1Q,Arcos Series Maitre - Juego de Cuchillos 5 Piezas (4 Cuchillos + 1 Tijeras) - Hoja de Acero Inoxidable Nitrum - Mango de Polipropileno - Bloque de Madera de Color marrón,152100__,342,7,0.01%,0.01%,497,9,0.01%,0.01%,70.76%,50.00%,5,0,1.46%,0.00%,"374,95 €","0,00 €",5,0
B07HS96L46,B07HS96L46,HENDI Cenicero de pie - ø170x(H)920 mm,H440223,69,20,0.00%,0.02%,79,24,0.00%,0.01%,86.30%,91.67%,5,5,7.25%,25.00%,"749,45 €","749,45 €",5,5
B0DK3FSR9B,B07MZK1DCF,"HENDI Sifón de nata, con 3 boquillas diferentes, soporte para el cargador y cepillo de limpieza, para nata montada, mousses, postres, 0,5L, ø80x(H)260mm, aluminio, negro",H588420,96,11,0.00%,0.01%,132,15,0.00%,0.01%,69.11%,64.29%,5,1,5.21%,9.09%,"193,09 €","38,49 €",5,1
B0CSXP6TLN,B07MZK9VXP,"HENDI Descalcificador de agua, 12L",H231227,"1,326",143,0.03%,0.12%,"1,921",208,0.03%,0.13%,21.54%,3.95%,5,0,0.38%,0.00%,"620,50 €","0,00 €",5,0
B07N8VHFLF,B07N8VHFLF,Arcos - Cubertería Burdeos Arcos 24 piezas,592400_,562,12,0.01%,0.01%,770,17,0.01%,0.01%,92.99%,100.00%,6,0,1.07%,0.00%,"429,94 €","0,00 €",5,0
B07YXBK4HD,B07YXBK4HD,Arcos Riviera Set 3 Cuchillos de Corte Acero Inoxidable Nitrum,806911_,188,4,0.00%,0.00%,251,4,0.00%,0.00%,67.11%,50.00%,5,0,2.66%,0.00%,"324,75 €","0,00 €",5,0
B08KGNLTBJ,B0857QX9VN,"HENDI Hervidor de agua eléctrico 16L, dispensador de bebidas calientes, termo de una pared para vino, té, hasta 100°C, 230V, 50/60Hz, 1650W, 357x380x(H)502mm, acero inoxidable satinado, PP",H211427,126,17,0.00%,0.01%,186,31,0.00%,0.02%,88.82%,77.78%,6,3,4.76%,17.65%,"722,46 €","359,25 €",5,3
B08VRP7CR7,B08G8M6QDS,Arcos Juego de Cuchillos chuleteros - Envase Ecologico 100% - 4 Cuchillos Carne - Cubiertos Mesa Acero Inoxidable,809500,632,15,0.01%,0.01%,830,17,0.01%,0.01%,99.21%,100.00%,5,0,0.79%,0.00%,"98,75 €","0,00 €",5,0
B08HTZ61MK,B08HTZ61MK,Arcos Cuchillos de Carne | Cuchillos para Carne 6 Unidades | Cuchillos de Carne Aptos Lavavajillas | Alta Resistencia | Acero Inoxidable | Mango Polipropileno | Negro | Envase Eco,816600,213,1,0.00%,0.00%,285,1,0.00%,0.00%,100.00%,100.00%,6,0,2.82%,0.00%,"119,94 €","0,00 €",5,0
B08JZF56TG,B08JZF56TG,"HENDI Papelera estrecha, 60 L, 455 x 315 x 580 mm, color gris",H691137,137,15,0.00%,0.01%,183,18,0.00%,0.01%,29.19%,33.33%,5,2,3.65%,13.33%,"241,25 €","96,50 €",5,2
B0CQLNJVKL,B08TX21PGR,"Arcos Thera Sartén Antiadherente de 28 Cm para Inducción, Gas y Vitrocerámica. Sartén de Cocina Grande de Aluminio Fundido con Mango Ergonómico Extraíble y Apta para Lavavajillas. Color Negro y Azul",718500,290,4,0.01%,0.00%,398,4,0.01%,0.00%,35.42%,50.00%,5,0,1.72%,0.00%,"204,75 €","0,00 €",5,0
B09KJLG7BT,B098K898SC,CUPERINOX Soporte Jamonero | Jamonero Profesional | Cuchillo Jamonero madera + Funda Jamon | Tabla Jamonera,20226,"2,081",21,0.05%,0.02%,"2,641",25,0.04%,0.02%,96.92%,92.86%,5,0,0.24%,0.00%,"124,95 €","0,00 €",5,0
B09HQTWWPB,B09HQTCQBG,Arcos Clara Cuchillo Panero Forjado Acero Inoxidable Nitrum 200 mm,210700_us,184,4,0.00%,0.00%,225,4,0.00%,0.00%,72.73%,100.00%,5,0,2.72%,0.00%,"129,95 €","0,00 €",5,0
B09S9JLYNK,B09S9JLYNK,"HENDI Máquina para hacer palomitas de maíz, 150g de maíz, ciclo 3,5 min, 230V, 1155W, 560x420x(H)760mm, aluminio, acero inoxidable, cristal templado, negro",H282762,183,17,0.00%,0.01%,250,27,0.00%,0.02%,78.67%,86.96%,5,2,2.73%,11.76%,"2.004,98 €","801,98 €",5,2
B0D1CTT1HG,B0B2RGVSF6,HENDI Bloque de corte 6 mm con placa de empuje,H932902,159,14,0.00%,0.01%,218,17,0.00%,0.01%,30.43%,50.00%,5,2,3.14%,14.29%,"114,95 €","45,98 €",5,2
B0B31QM7RW,B0B31QM7RW,CUPERINOX Tijeras de costura | 14 cm | Costura profesional | Tijeras modista | Acero Inoxidable | Mango ergonómico | Tijeras sastre,21950,58,2,0.00%,0.00%,77,2,0.00%,0.00%,98.48%,100.00%,6,0,10.34%,0.00%,"47,94 €","0,00 €",5,0
B0C5X7VHZK,B0C5X7VHZK,Arcos Serie Lisboa - Cubertería de 113 piezas en Maletín de Regalo (Juego Completo) - Monoblock de una sola pieza de Acero Inoxidable - Color Plata,597500,304,8,0.01%,0.01%,429,13,0.01%,0.01%,83.99%,77.78%,5,0,1.64%,0.00%,"2.075,00 €","0,00 €",5,0
B0D269G58Y,B0D269G58Y,"HENDI Contenedor para huevos OVOBOX 120, con tapa y 8 bandejas, GN 2/3, 18L, 355x325x(H) 200mm, PP y PS",H8711369870785,48,8,0.00%,0.01%,56,10,0.00%,0.01%,87.27%,100.00%,8,4,16.67%,50.00%,"266,00 €","133,00 €",5,2
B0DQV6381X,B0DQRF2HZK,CUPERINOX Jamonera Inoxidable | Jamonero | Soporte Jamonero | Tabla Jamon Inoxidable | Facil Montaje | Tabla Jamon Profesional,SC_20260,299,8,0.01%,0.01%,354,8,0.01%,0.00%,99.07%,100.00%,5,0,1.67%,0.00%,"114,95 €","0,00 €",5,0
B0FJRVHBWH,B0FHKVSJNR,"CUPERINOX Tijeras peluqueria profesional 16,5cm | Tijeras corte pelo afiladas precisas hombre mujer barbero estilista | Acero inoxidable duradero | Acabado titanio elegante | Ideal uso doméstico y sal",21862,104,1,0.00%,0.00%,145,1,0.00%,0.00%,99.28%,100.00%,5,0,4.81%,0.00%,"48,45 €","0,00 €",5,0
B0G4RT6HMS,B0G25TJ8X5,BIOLEAF – Limpiacristales Profesional Sin Huellas Pack 8×750 ml (6 L) | Cristales y Espejos Brillantes Sin Marcas | Secado Rápido | Fórmula Biodegradable |100% HECHO EN ESPAÑA,3771,135,5,0.00%,0.00%,158,6,0.00%,0.00%,97.97%,100.00%,5,1,3.70%,20.00%,"139,95 €","27,99 €",5,1
B0G2DTP9QC,B0G2DTP9QC,VINFER-WINS018 –Limpiador Amoniacal Pino| Pack Ahorro: Garrafa 5L + Concentrado 250 ml | Rinde 10 Litros Totales | Desengrasante e Higienizante con Frescor Natural | 100% Made in Spain,WC018+018,49,3,0.00%,0.00%,55,3,0.00%,0.00%,100.00%,100.00%,5,1,10.20%,33.33%,"99,95 €","19,99 €",5,1
B0HF542K6S,B0G44H4PJM,WINS 007 - Friegasuelos Concentrado 250 ml | Rinde 5 L,WC007,48,2,0.00%,0.00%,61,3,0.00%,0.00%,100.00%,100.00%,8,4,16.67%,200.00%,"63,90 €","31,94 €",5,1
B0G4F8D9B5,B0G4F8D9B5,"CUPERINOX Cuchillos Niños | Juego de Cuchillos Infantiles de 8 Piezas | Kit Cocina Método Montessori Aprendizaje +2 Años | Incluye Tabla de Cortar, Pelador y Cuchillo de Madera (8)",27007,459,15,0.01%,0.01%,578,21,0.01%,0.01%,97.58%,100.00%,5,0,1.09%,0.00%,"59,95 €","0,00 €",5,0
B0GNZWCSKK,B0GNZWCSKK,VINCARE Detergente Biberones y Tetinas Pack 2x – Limpieza Segura para Bebés – Elimina Restos de Leche y Olores – Apto para Chupetes y Accesorios,PM-9MUA-64P3,79,2,0.00%,0.00%,102,3,0.00%,0.00%,97.98%,100.00%,5,0,6.33%,0.00%,"74,95 €","0,00 €",5,0
B0H2DJMJ4G,B0H2DJMJ4G,Vinagre de Limpieza | 2 Litros | Aroma Manzana,LAGARRAFIRA_VINAGRE-LIMPIEZA,62,3,0.00%,0.00%,77,3,0.00%,0.00%,100.00%,100.00%,5,1,8.06%,33.33%,"39,95 €","7,99 €",5,1
B0873P7266,B0050BAQ62,HENDI Calentador de alimentos con 2 quemadores - 330x180x(H)65 mm,H463000,90,4,0.00%,0.00%,138,7,0.00%,0.00%,48.78%,20.00%,6,1,6.67%,25.00%,"278,94 €","46,49 €",4,1
B0873P7266,B0050BDUYW,HENDI Calentador de alimentos con 3 quemadores - 450x180x(H)65 mm,H463109,80,4,0.00%,0.00%,133,4,0.00%,0.00%,51.33%,0.00%,8,1,10.00%,25.00%,"423,92 €","52,99 €",4,1
B00511UCBK,B00511UCBK,HENDI Fuente Gastronorm 1/2 - Porcelana - GN 1/2-325x265x(H) 65 mm,H783016,67,14,0.00%,0.01%,96,25,0.00%,0.02%,60.49%,55.56%,15,15,22.39%,107.14%,"494,23 €","494,23 €",4,4
B0F1ZF7H1L,B005LR698E,Arcos Cuchillo Negro 130 mm,231500_,"3,862",102,0.09%,0.09%,"5,503",136,0.09%,0.08%,1.76%,14.10%,4,1,0.10%,0.98%,"93,96 €","23,49 €",4,1
B0F1ZF7H1L,B005LR6FAG,"Arcos Cuchillo Cocina Forjado en Acero Inoxidable y Hoja de 200mm. Cuchillo Chef Profesional para Cortar Pescado, Carne y Cebolla. Mango Ergonómico Polioximetileno. Serie Riviera. Color Negro.",233600,"7,865",162,0.18%,0.14%,"11,397",211,0.19%,0.13%,12.06%,14.39%,4,0,0.05%,0.00%,"130,50 €","0,00 €",4,0
B005LR6H5O,B005LR6H5O,Arcos Cuchillo Chef Forjado Acero Inoxidable. Cuchillo Cocina Profesional Multiusos Cortar Carne y Verduras. Mango Ergonómico Polioximetileno y Hoja 300mm. Serie Riviera. Color Negro.,233800_,337,21,0.01%,0.02%,452,40,0.01%,0.02%,62.71%,33.33%,4,1,1.19%,4.76%,"236,96 €","59,99 €",4,1
B0F1ZF7H1L,B005LR6JFW,Arcos Conjunto Cuchillos 5 piezas Acero Inoxidable y Hoja mm. 3750 gr. Cuchillo cocina profesional cortar una variedad alimentos con mango ergonómico polioximetileno POM. Serie Riviera. Color negro.,234300_,"1,086",15,0.03%,0.01%,"1,376",15,0.02%,0.01%,71.88%,75.00%,4,0,0.37%,0.00%,"526,46 €","0,00 €",4,0
B017HKRCGK,B005LR7A1Y,ARCOS Bolsa para Cuchillos 100% Poliéster 460x275 mm,690200,"17,918",388,0.42%,0.34%,"28,949",605,0.48%,0.37%,55.36%,52.04%,4,0,0.02%,0.00%,"70,24 €","0,00 €",4,0
B093379JJZ,B005LRSGTO,ARCOS Prochef Tijeras de Cocina Acero Inoxidable Negro 200 mm,185301,410,10,0.01%,0.01%,581,20,0.01%,0.01%,11.45%,0.00%,4,0,0.98%,0.00%,"85,96 €","0,00 €",4,0
B017HKR8WS,B005LRSIK6,ARCOS Afilador de Bolsillo Profesional,610200_fbm,"7,874",211,0.18%,0.18%,"10,234",288,0.17%,0.18%,0.45%,2.33%,4,2,0.05%,0.95%,"151,00 €","75,50 €",4,2
B00XJBJO4K,B005LRSJDC,Arcos Guantes de Protección - Guante de Malla Guante de Protección - Acero Inoxidable Size M 250 mm - Color Gris,615300,127,4,0.00%,0.00%,155,6,0.00%,0.00%,53.15%,100.00%,5,1,3.94%,25.00%,"644,50 €","128,90 €",4,1
B0F54LTCFF,B007TS67OO,Arcos Cuchillo Chef Acero Inoxidable 200 mm,284804,"8,010",184,0.19%,0.16%,"10,316",227,0.17%,0.14%,1.05%,7.75%,5,3,0.06%,1.63%,"98,75 €","59,25 €",4,2
B008U6TRGO,B008U6TRGO,Arcos Mesa Cuchillo Carne Nitrum Acero Madera Marrón 4 pulg,809300_1Pieza,"3,588",66,0.08%,0.06%,"5,072",87,0.08%,0.05%,3.32%,3.45%,15,0,0.42%,0.00%,"74,85 €","0,00 €",4,0
B00BQU1CN2,B00BQU1CN2,"HENDI Dispensador de Bebidas Calientes Eléctrico, Doble Pared, Termostato Regulable hasta 110°C, 9L, 230V, 2200W, 322x390x(H)522mm, Acero Inoxidable",H211403,68,5,0.00%,0.00%,90,11,0.00%,0.01%,82.05%,42.86%,5,0,7.35%,0.00%,"722,50 €","0,00 €",4,0
B08SHCJFNN,B00GZR3KKE,"HENDI Freidora eléctrica, T ajustable hasta 190°C, termostato de seguridad, zona fría, con tapa y cesta de freír, tanque de aceite extraíble, 4L, 230V, 3000W, 217x380x(H)300mm, acero inoxidable",H205808,99,7,0.00%,0.01%,143,7,0.00%,0.00%,86.67%,75.00%,7,5,7.07%,71.43%,"1.020,20 €","728,70 €",4,2
B00J3ZTXAG,B00J3ZTXAG,Arcos Cuchillo Jamonero 250 mm Acero Inoxidable Serie Latina,101301_fbm,"7,408",178,0.17%,0.15%,"10,627",253,0.18%,0.15%,0.12%,1.19%,9,7,0.12%,3.93%,"83,91 €","63,93 €",4,2
B0H2ZKT1ZS,B00J3ZVN54,ARCOS Cucharas de Mesa Acero Inoxidable 200 mm,574600_,"1,563",30,0.04%,0.03%,"2,347",42,0.04%,0.03%,1.25%,11.54%,5,1,0.32%,3.33%,"44,95 €","8,99 €",4,1
B0F1ZF7H1L,B00J64GI4S,Arcos Riviera Blanc Cuchillo Jamonero Forjado POM Blanco 300 mm,231124_,373,13,0.01%,0.01%,474,16,0.01%,0.01%,71.87%,100.00%,4,1,1.07%,7.69%,"147,96 €","36,99 €",4,1
B017HKGEFK,B00J64L30C,Arcos Natura Cuchillo Santoku Forjado Acero Inoxidable 180 mm,155810_,212,1,0.00%,0.00%,320,1,0.01%,0.00%,94.14%,0.00%,4,0,1.89%,0.00%,"159,96 €","0,00 €",4,0
B0752TH4FW,B00V3A9XMC,Arcos Serie Riviera Blanc - Juego de Cuchillos de 5 piezas en Caja de Regalo (4 Cuchillos + 1 Tijeras) - Hoja de Acero Inoxidable Forjado NITRUM - Mango de Polioximetileno (POM) - Bloque de madera de color negro lacado,234424_,417,12,0.01%,0.01%,589,19,0.01%,0.01%,98.51%,93.75%,4,1,0.96%,8.33%,"579,96 €","144,99 €",4,1
B09ZLJL6JF,B00YU0JT2G,Arcos Serie Lyon - Cuchillo Mondador | Cuchillo Arcos - Hoja de Acero Inoxidable Forjado NITRUM de 100 mm - Mango de Polioximetileno (POM) - Color Negro,250200_,93,5,0.00%,0.00%,116,6,0.00%,0.00%,74.76%,100.00%,4,0,4.30%,0.00%,"83,96 €","0,00 €",4,0
B06XB92VRH,B00YU2YTTM,CUPERINOX Cafetera Italiana Induccion Espresso Acero Inoxidable 4 Tazas,25032_,"1,670",50,0.04%,0.04%,"2,291",59,0.04%,0.04%,56.11%,65.12%,4,1,0.24%,2.00%,"79,96 €","19,99 €",4,1
B017DLDM3A,B017DLDM3A,Arcos Cuchillo Mondador Madera 65 mm,100100_us,97,6,0.00%,0.01%,197,14,0.00%,0.01%,3.33%,0.00%,4,0,4.12%,0.00%,"21,96 €","0,00 €",4,0
B0GXGBZXPT,B017DLL2KA,"Arcos Regia Cuchillos Mesa Carne Nitrum POM Negro-Oro 4,5 pulg",375000_1Pieza,55,1,0.00%,0.00%,101,1,0.00%,0.00%,88.04%,100.00%,7,0,12.73%,0.00%,"83,93 €","0,00 €",4,0
B088L3R1VP,B01DDMW0TK,HENDI Caja isotérmica para catering - GN 1/1-100 L - 635x465x(H)660 mm,H707999,183,48,0.00%,0.04%,236,65,0.00%,0.04%,68.16%,47.54%,8,5,4.37%,10.42%,"2.468,00 €","1.542,50 €",4,1
B0F1N351DY,B06XJBY6QV,Arcos Serie Nova - Cuchillo Mondador - Hoja de Acero Inoxidable de 85 mm - Mango de Polipropileno Color azul,188523_fbm,"1,253",59,0.03%,0.05%,"1,415",60,0.02%,0.04%,14.73%,81.48%,8,0,0.64%,0.00%,"47,20 €","0,00 €",4,0
B0F5L2FGGS,B071HVWQKP,Arcos Cuchillos Mesa con Hoja Acero Inoxidable. Cuchillos Carne con Mango Madera Palisandro Marrón. Hoja. Corta Carne Asada. Clásicos y Elegantes. Cortein Esfuerzo. Serie Mesa. Color Marrón,373700,"4,770",101,0.11%,0.09%,"6,263",134,0.10%,0.08%,7.91%,12.94%,9,0,0.19%,0.00%,"139,41 €","0,00 €",4,0
B0FWK4CNH3,B0799Z54MP,CUPERINOX Tijeras Cocina Profesional |Mango ergonómico para máxima comodidad| Tijeras 21 cm |Tijeras de Trinchar | Tijeras Pollo | Tijera Pescado | Tijera Acero Inoxidable| Apto Lavavajillas,21982_,107,1,0.00%,0.00%,126,1,0.00%,0.00%,99.12%,100.00%,4,0,3.74%,0.00%,"37,96 €","0,00 €",4,0
B08S87M447,B07CY3885W,"Arcos Serie Riviera Rose, Cuchillo Cocinero, Hoja de Acero Inoxidable Forjado Nitrum 150 mm, Mango de Polioximetileno, POM Color Rosa",233454,146,2,0.00%,0.00%,199,2,0.00%,0.00%,98.91%,100.00%,5,2,3.42%,100.00%,"137,94 €","53,97 €",4,1
B07TYQJ4YX,B07D2TFS1B,HENDI Máquina eléctrica para pasta,H224847,"1,644",61,0.04%,0.05%,"2,401",99,0.04%,0.06%,31.04%,24.29%,5,2,0.30%,3.28%,"1.045,00 €","418,00 €",4,2
B0D1CSWF7Y,B07D5DFVN3,"HENDI Escurridor de cocina, colador, para cocinar, lavar, pasta, fideos, espaguetis, frutas, verduras, ensaladas, redondo, perforado, con base y 2 asas, ø415x(H)210 mm, acero inoxidable",H535523,43,9,0.00%,0.01%,61,15,0.00%,0.01%,57.14%,42.86%,5,3,11.63%,33.33%,"367,00 €","220,20 €",4,2
B0D1CX9SGL,B07D73SB2W,HENDI Colador (malla doble) - ø360x(H)860 mm,H639023,25,3,0.00%,0.00%,40,6,0.00%,0.00%,94.44%,75.00%,4,2,16.00%,66.67%,"143,02 €","71,52 €",4,2
B0CTCT53R8,B07D9X56Q3,"HENDI Recipiente GN 1/3, con laterales y fondo perforados, contenedor GN, apilable, bordes lisos, resistente a temperaturas de -40° a 300°C, 5,7L, altura: 150mm, acero inoxidable 18/10",H802519,43,12,0.00%,0.01%,56,20,0.00%,0.01%,92.00%,100.00%,5,3,11.63%,25.00%,"180,54 €","107,97 €",4,2
B09381N96H,B07G75XCXM,"Arcos Serie Cuchillos de Mesa Caja 12 uds Cuchillo Mesa, Hoja Serrada de Acero Inoxidable NITRUM de 125 mm, Mango Polipropileno Color crema (12 UDS)",370200_fbm,73,0,0.00%,0.00%,120,0,0.00%,0.00%,97.89%,0.00%,4,0,5.48%,0.00%,"79,96 €","0,00 €",4,0
B0FR444FLT,B07N8WXGW7,Arcos Brooklyn - Cuchillo de Lenguado Cuchillo para Pescado - Acero Inoxidable Forjado NITRUM 170 mm - Mango Micarta Color Azul (Filo Seda),191423_,406,10,0.01%,0.01%,477,11,0.01%,0.01%,78.16%,71.43%,4,1,0.99%,10.00%,"143,96 €","35,99 €",4,1
B07NDSZJQY,B07NDSZJQY,"Arcos Serie Cuchillos de Mesa Caja 12 uds Cuchillo Chuletero, Hoja Serrada de Acero Inoxidable NITRUM de 115 mm, Mango Polioximetileno Color negro (12 UDS)",374800_12piezas,90,3,0.00%,0.00%,124,3,0.00%,0.00%,95.54%,100.00%,4,0,4.44%,0.00%,"299,96 €","0,00 €",4,0
B07S8PHLKH,B07S8PHLKH,Arcos Nova Set 6 Cuchillos Chuleteros Acero Inoxidable 110 mm,806100_fba,364,11,0.01%,0.01%,520,15,0.01%,0.01%,49.32%,37.50%,4,0,1.10%,0.00%,"70,43 €","0,00 €",4,0
B0FR444FLT,B07ZJ9HVTL,"Arcos Set Jamonero 3 Piezas - Cuchillo Jamonero, Deshuesador y Afilador - Acero Inoxidable Forjado - Mango POM Negro Resistente - Funda Jamonero Incluida - Serie Manhattan",858500+Funda_Jamon,928,19,0.02%,0.02%,"1,025",25,0.02%,0.02%,66.14%,42.86%,4,0,0.43%,0.00%,"355,46 €","0,00 €",4,0
B082PGJQXZ,B082PGJQXZ,"HENDI Lámpara de calor colgante de altura ajustable, cónica, lámpara térmica de infrarrojos para cocina y mantenimiento de alimentos calientes, 230V, 250W, Ø275x(H)250mm, aluminio color negro",H273845,54,12,0.00%,0.01%,74,17,0.00%,0.01%,69.23%,68.75%,8,4,14.81%,33.33%,"734,00 €","367,00 €",4,2
B08P41X49K,B082PGSBF6,"HENDI Lámpara de Calor Colgante, Altura Ajustable, Negro",H273852,276,87,0.01%,0.08%,395,136,0.01%,0.08%,34.97%,27.27%,15,15,5.43%,17.24%,"1.218,75 €","1.218,75 €",4,4
B0843SYT31,B0843SYT31,Arcos Cuchillo Chef con Hoja Acero Inoxidable Nitrum 160 mm. Cuchillo cocina profesional multiusos. Mango ergonómico polioximetileno POM. Serie Opera. Color negro.,225000_fmb,232,5,0.01%,0.00%,315,10,0.01%,0.01%,79.30%,100.00%,4,0,1.72%,0.00%,"131,52 €","0,00 €",4,0
B084TL4TFV,B084TL4TFV,"HENDI Crepera eléctrica, con esparcidor de madera,temperatura regulable 50°-250°C, placa de diámetro400mm,de hierro fundido con revestimiento cerámico, 230V, 3000W, 470x509x(H)161mm,acero inoxidable",H212028,167,23,0.00%,0.02%,241,41,0.00%,0.03%,45.75%,39.39%,4,1,2.40%,4.35%,"1.154,00 €","288,50 €",4,1
B08KFQBJWQ,B0857QCPPW,"HENDI Percolador de café 14L, de una pared, con filtro incorporado y grifo antigoteo, para café molido grueso,230V, 50/60Hz, 1750W, 357x380x(H) 502mm, negro mate, acero inoxidable, PP",H211489,69,13,0.00%,0.01%,107,34,0.00%,0.02%,62.89%,20.00%,4,3,5.80%,23.08%,"638,97 €","479,22 €",4,3
B08K4WG7Z5,B08K4WG7Z5,"HENDI Carrito de servicios, carrito multiusos, 3 estantes, 4 ruedas giratorias, 2 con freno, carga máxima por estante 50kg, encimera 830x510mm, 905x585x(H)945mm, acero inoxidable,acabado en negro mate",H811320,29,3,0.00%,0.00%,35,4,0.00%,0.00%,78.79%,0.00%,5,0,17.24%,0.00%,"1.095,00 €","0,00 €",4,0
B08MTLZ5MX,B08MTLZ5MX,Arcos Juego Cuchillos Carne | 6 Piezas | Cuchillo chuleteros | Mango Plano clásico | monobock | Cuchillos Carne Hoja 110 mm | Cubiertos Acero Inoxidable | Caja Envase Ecológico (Filo Serrado),815700fbm,161,0,0.00%,0.00%,210,0,0.00%,0.00%,100.00%,0.00%,4,0,2.48%,0.00%,"119,96 €","0,00 €",4,0
B09HQTWWPB,B09HQT6SZ6,Arcos Clara Cuchillo Jamonero Forjado Acero Inoxidable Nitrum 250 mm,211900_us,553,19,0.01%,0.02%,723,23,0.01%,0.01%,27.09%,18.75%,4,1,0.72%,5.26%,"101,96 €","25,49 €",4,1
B0D1CXHNFM,B0CFLWSQJX,"HENDI Piedra de afilar japonesa Naniwa, profesional, 2 caras, grano 1000/3000, afilador de cuchillos, piedra de amolar y pulir, incluye caja de almacenamiento de plástico, 185x65x(H)30mm",H820674,124,3,0.00%,0.00%,152,9,0.00%,0.01%,80.28%,100.00%,4,0,3.23%,0.00%,"159,40 €","0,00 €",4,0
B0D1CVYQWN,B0CQMFQ2B7,"HENDI Mandolina japonesa, cortador, rebanador, manual, regulable, para vegetales, alimentos, frutas, diferentes cuchillas y grosor de corte: 0,5-9mm, acero inoxidable, PP, negro",H237922,209,4,0.00%,0.00%,262,4,0.00%,0.00%,82.30%,75.00%,4,0,1.91%,0.00%,"120,76 €","0,00 €",4,0
B0CQMTRX9C,B0CQMTRX9C,"HENDI Hacha de carnicero profesional, herramienta para manipular y cortar carne, hoja de acero inoxidable de 125 mm de largo, mango ergonómico de polietileno blanco de 450 mm",H843390,190,6,0.00%,0.01%,255,8,0.00%,0.00%,90.58%,40.00%,4,1,2.11%,16.67%,"491,95 €","122,98 €",4,1
B0D7W7VW2W,B0D7W7VW2W,"HENDI Rodillo de amasar, con rodamientos, rodillo de cocina, rodillo de repostería, para hacer pan, pizza, galletas, para grandes cantidades de masa, macizo, ø90x667mm, madera de haya, acero",H515167,129,6,0.00%,0.01%,191,8,0.00%,0.00%,68.45%,66.67%,4,0,3.10%,0.00%,"203,84 €","0,00 €",4,0
B0F9X4NXL3,B0F9GJRSSJ,"CUPERINOX Cuchillos Mesa, cuchillo carne, cuchillo mantequilla, Set 6 piezas, acero inoxidable, hoja con filo y sierra, cuchillo untar. Apto lavavajillas. Mango ergonomico",20043-6,"1,109",30,0.03%,0.03%,"1,357",38,0.02%,0.02%,99.29%,96.30%,4,0,0.36%,0.00%,"39,96 €","0,00 €",4,0
B0FJRVHBWH,B0FHKWLB7X,"CUPERINOX Tijeras peluqueria profesional 16,5cm | Tijeras corte pelo afiladas precisas hombre mujer barbero estilista | Acero inoxidable duradero | Acabado mate elegante | Ideal uso doméstico y salón",21863,105,2,0.00%,0.00%,178,6,0.00%,0.00%,40.00%,100.00%,9,6,8.57%,300.00%,"89,91 €","59,94 €",4,1
B0FJRVHBWH,B0FHKWY9F2,CUPERINOX Tijeras peluqueria profesional 15cm | Tijeras entresacar dentadas vaciar pelo texturizar cabello | Barbero estilista hombre mujer | afiladas acero inoxidable | Uso doméstico y salón,21861,83,2,0.00%,0.00%,108,3,0.00%,0.00%,100.00%,100.00%,4,0,4.82%,0.00%,"36,96 €","0,00 €",4,0
B0H4HJ1QBT,B0FZKN2FKC,Xpartan Clean | Pack 2 x 500ml | Limpiador de Suelos Multisuperficie para Robots de Limpieza | Concentrado y Perfumado para todo tipo de Robots y Marcas,XPARTAN_PACK2,46,1,0.00%,0.00%,55,1,0.00%,0.00%,94.44%,100.00%,4,0,8.70%,0.00%,"63,96 €","0,00 €",4,0
B0G3ZJ89NB,B0G8KMC5DX,"CUPERINOX Jamonero Giratorio y Plegable | Jamonera base Inoxidable | Incluye Cuchillo Jamonero Alveolos 25 cm, Afilador y Funda para Jamón | Apto Jamones y Paletilla",RI-P28V-UV1Q,"1,250",32,0.03%,0.03%,"1,738",48,0.03%,0.03%,98.98%,100.00%,4,0,0.32%,0.00%,"279,96 €","0,00 €",4,0
B017HKG9PK,B0044R87LE,Arcos Cuchillo Panero Negro 210 mm,151400_fbm,"6,102",227,0.14%,0.20%,"7,726",285,0.13%,0.17%,5.16%,5.26%,3,0,0.05%,0.00%,"44,97 €","0,00 €",3,0
B0F54LTCFF,B0044R87TQ,Arcos Cuchillo Salmón y Pescado Acero Inoxidable 290 mm,284004,"2,055",70,0.05%,0.06%,"2,714",82,0.04%,0.05%,2.47%,3.51%,3,0,0.15%,0.00%,"68,25 €","0,00 €",3,0
B0HG4BHRY3,B00509DM8S,HENDI Baño María Eléctrico GN 1/1,H238905,71,12,0.00%,0.01%,114,24,0.00%,0.01%,78.64%,60.87%,3,0,4.23%,0.00%,"413,25 €","0,00 €",3,0
B005LR5ZYS,B005LR5ZYS,Arcos Serie Terranova - Cuchillo para Pan Panero - Hoja de Acero Inoxidable Forjado NITRUM 200 mm - Mango de Polioximetileno (POM) color negro,155700,77,0,0.00%,0.00%,98,0,0.00%,0.00%,96.67%,0.00%,3,0,3.90%,0.00%,"74,97 €","0,00 €",3,0
B005LR67V8,B005LR67V8,Arcos Cuchillo para Pan Acero Inoxidable Nitrum 200 mm,231300_,"1,445",26,0.03%,0.02%,"2,136",40,0.04%,0.02%,2.42%,0.00%,3,0,0.21%,0.00%,"89,97 €","0,00 €",3,0
B005LR698E,B005LR698E,Arcos Cuchillo Negro 130 mm,231500_,"2,100",77,0.05%,0.07%,"2,921",120,0.05%,0.07%,2.38%,1.45%,3,0,0.14%,0.00%,"70,47 €","0,00 €",3,0
B0G39YHQ3Y,B005LR6ZJM,Arcos Cuchillo Verduras Acero Inoxidable 110 mm,135200,"5,942",146,0.14%,0.13%,"8,823",216,0.15%,0.13%,0.49%,4.31%,4,2,0.07%,1.37%,"31,95 €","15,97 €",3,1
B08J488ZQG,B007TS6GP4,Arcos Juego de 6 Cuchillos de Mesa Chuleteros Acero Inoxidable 110 mm,702300_2,"3,383",103,0.08%,0.09%,"4,439",124,0.07%,0.08%,28.10%,39.81%,6,2,0.18%,1.94%,"159,94 €","51,98 €",3,1
B00BQU1C4Q,B00BQU1C4Q,"HENDI Percolador de café, de doble pared, con filtro incorporado, grifo antigoteo, para café molido grueso, no necesita filtro de papel,16L, 230V, 1500W, 386x393x(H)641mm, acero inoxidable 18/0",H211304,18,1,0.00%,0.00%,24,2,0.00%,0.00%,85.00%,100.00%,3,1,16.67%,100.00%,"580,83 €","169,83 €",3,1
B00CWZOIIQ,B00CWZOIIQ,"Arcos Cuchillos Mesa - Cuchillo Carne Mesa - Monobloque unaola pieza Acero Inoxidable 4"" - Corta chuletas o bistecs con precisión, facilidad y rapidez -erie Monobloque - Color Plateado",375500_1pza_fbm,381,13,0.01%,0.01%,507,15,0.01%,0.01%,73.10%,69.23%,9,0,2.36%,0.00%,"58,41 €","0,00 €",3,0
B0DK3FSR9B,B00GZR39CI,"HENDI Dispensador de crema, incluye juego de 3 boquillas de polipropileno y cepillo de limpieza, espumas frías, 0,5 L, 80 x 260 mm, aluminio, color blanco",H588369,160,11,0.00%,0.01%,196,17,0.00%,0.01%,56.47%,57.14%,4,2,2.50%,18.18%,"159,00 €","79,50 €",3,1
B0BV32H59Y,B00HYWUNR2,Arcos Saeta - Cuchillo Deshuesador - Hoja de Acero Inoxidable Forjado Nitrum de 145 mm - Mango de Pom - Color Negro,174700,229,12,0.01%,0.01%,378,19,0.01%,0.01%,99.06%,100.00%,3,0,1.31%,0.00%,"89,97 €","0,00 €",3,0
B0DK3GWNY4,B00IIT2A94,"HENDI Sifón de nata, con 3 boquillas diferentes, soporte para el cargador y cepillo de limpieza, para nata montada, mousses, postres, 0,5L, ø85x(H)235mm, acero inoxidable",H588017,178,11,0.00%,0.01%,245,12,0.00%,0.01%,44.30%,36.36%,4,1,2.25%,9.09%,"322,00 €","80,50 €",3,1
B00J3ZVNM2,B00J3ZVNM2,Arcos Serie Toscana - Juego de Cucharas Moka (6 cucharas) - Monoblock de una pieza en Acero Inoxidable 18/10 y 115 mm - Color Plata,574100_,"3,920",133,0.09%,0.12%,"6,087",198,0.10%,0.12%,0.17%,5.52%,7,7,0.18%,5.26%,"59,78 €","59,78 €",3,3
B00J64GEEC,B00J64GEEC,Arcos Riviera Blanc Cuchillo Chef Forjado Acero Inoxidable 250 mm,233724_,422,8,0.01%,0.01%,580,11,0.01%,0.01%,25.49%,20.00%,3,1,0.71%,12.50%,"129,89 €","42,99 €",3,1
B0752X4WZ6,B00TA4O5YO,ARCOS Pinzas para Emplatar Acero Inoxidable 300 mm,606200_,"13,013",329,0.30%,0.29%,"16,713",410,0.28%,0.25%,14.81%,4.53%,13,12,0.10%,3.65%,"136,06 €","124,07 €",3,2
B0B3F4QXML,B017DLGUJI,Arcos Cuchillo Jamonero Profesional - Hoja Forjada NITRUM 250 mm - Mango POM Resistente - Ideal para Cortes Precisos - Serie Clásica,256700_fbm,"2,191",43,0.05%,0.04%,"2,885",52,0.05%,0.03%,10.37%,35.71%,3,1,0.14%,2.33%,"84,97 €","26,99 €",3,1
B017DLMC7C,B017DLMC7C,Arcos Serie Toscana - Juego de Cuchillos de Lunch (3 cuchillos) - Monoblock de una pieza en Acero Inoxidable 18/10 y 185 mm - Color Plata,574800,331,12,0.01%,0.01%,472,17,0.01%,0.01%,15.42%,46.15%,6,0,1.81%,0.00%,"95,94 €","0,00 €",3,0
B08F5XMJZF,B017DLMQNW,"Arcos Tablas - Tabla de Cocina Antibacterial para Cortar - Resistente al Calor y Lavavajillas, No Daña Cuchillos, Fibra de Celulosa y Resina, 38x28 cm, Negro",692210,497,9,0.01%,0.01%,695,17,0.01%,0.01%,14.22%,25.00%,3,1,0.60%,11.11%,"85,48 €","28,50 €",3,1
B017DLMYLQ,B017DLMYLQ,Arcos Serie Endura - Cacerola Antiadherente - Cuerpo de Aluminio Forjado 16 cm - Capacidad 1 litro - Mango de Acero Inoxidable - Color Negro (Libre de PFOA),697000_,294,4,0.01%,0.00%,407,5,0.01%,0.00%,97.96%,100.00%,3,1,1.02%,25.00%,"57,30 €","19,99 €",3,1
B0DDVJXBTX,B01CBPP6T6,"HENDI Calentador de Salchichas con Termostato Ajustable hasta 85°C, Indicador Luminoso y Asas Frías al Tacto, 230V/1000W, Capacidad 9,3L, 386x287xH258mm, Acero Inoxidable",H240502,48,3,0.00%,0.00%,70,3,0.00%,0.00%,63.64%,50.00%,3,0,6.25%,0.00%,"478,50 €","0,00 €",3,0
B07TWJ3TPK,B01D4TUC10,HENDI Sistema de sous-vide GN 2/3. - 13 L - 230V/400W - 363x335x(H)290 mm (225264),H781672,170,21,0.00%,0.02%,217,30,0.00%,0.02%,81.63%,58.33%,3,2,1.76%,9.52%,"930,56 €","639,96 €",3,2
B0714CRTF4,B0714CRTF4,"Arcos Cortadora de Pan Profesional - Tabla de Corte de Acero Inoxidable para Cocina - 520 x 270 mm, Polietileno Blanco - Ideal para Panadería y Hogar",689900,195,13,0.00%,0.01%,239,21,0.00%,0.01%,30.00%,15.38%,4,2,2.05%,15.38%,"451,62 €","225,82 €",3,1
B071LGMH89,B071LGMH89,Arcos Mesa Cuchillo Carne Nitrum Pack Madera Marrón 4 pulg,374610_fbm,463,18,0.01%,0.02%,583,26,0.01%,0.02%,23.48%,33.33%,7,0,1.51%,0.00%,"117,18 €","0,00 €",3,0
B0GHBKFL4W,B071S7PKNN,Arcos Cuchillo Chuletero Acero Inoxidable Nitrum 110 mm,372400,440,15,0.01%,0.01%,595,23,0.01%,0.01%,18.48%,15.79%,6,0,1.36%,0.00%,"29,94 €","0,00 €",3,0
B0GQQDJ345,B0728B9JLB,Arcos Cuchillo carne/mesa con Hoja Acero Inoxidable Nitrum 110 mm. Mango ergonómico polioximetileno POM. Los bordeserrados los hacen perfectos para cortar. Serie Mesa. Color azul.,373723,911,28,0.02%,0.02%,"1,246",44,0.02%,0.03%,7.57%,7.41%,15,12,1.65%,42.86%,"244,31 €","195,44 €",3,1
B072FHSBJR,B072FHSBJR,Arcos Nova Set 3 Cuchillos Peladores Acero Verde,189621,49,2,0.00%,0.00%,57,2,0.00%,0.00%,46.15%,50.00%,4,0,8.16%,0.00%,"41,96 €","0,00 €",3,0
B0B3D6SCY5,B076PYQ6YH,ARCOS Jamonero Madera de Pino Lacada Herrajes Metálicos Caoba,683200,"1,102",15,0.03%,0.01%,"1,510",35,0.03%,0.02%,23.70%,15.79%,3,0,0.27%,0.00%,"263,82 €","0,00 €",3,0
B07CZS5H54,B07CZS5H54,"HENDI Horno de Convección Profesional H90, 2670W, incl. 4 Bandejas de Aluminio, 2 Ventiladores, 50-300°C, Interior Esmaltado, Puerta Doble Cristal, 230V, 595x595x(H)570mm, Acero Inoxidable",H227060,123,12,0.00%,0.01%,159,12,0.00%,0.01%,96.55%,100.00%,3,0,2.44%,0.00%,"1.558,50 €","0,00 €",3,0
B07TXLLKPD,B07D4TDV32,"HENDI Cortador eléctrico para kebab, shawarma, gyros, corte ajustable 0-8mm, cuchilla: 2600 rpm, cuchillo eléctrico profesional para cortar carne, 80W, 60kg/h, 230V, 202x125x(H)182mm, acero inoxidable",H267240,124,11,0.00%,0.01%,180,28,0.00%,0.02%,64.20%,59.26%,3,1,2.42%,9.09%,"448,70 €","148,75 €",3,1
B0D1CVPJXW,B07D77CYPB,"HENDI Colador cónico de malla fina, ⌀205x(H)170mm, longitud del mango 230mm, acero inoxidable",H647554,289,23,0.01%,0.02%,399,25,0.01%,0.02%,57.99%,52.38%,3,0,1.04%,0.00%,"88,92 €","0,00 €",3,0
B07D8ZLM82,B07D8ZLM82,HENDI Rejilla - Bakery size - Rejilla transversal - 600x400 mm,H801925,16,3,0.00%,0.00%,18,5,0.00%,0.00%,81.25%,66.67%,7,6,43.75%,200.00%,"211,07 €","180,92 €",3,2
B0CZF7K8YX,B07D9TL37B,"HENDI Recipiente Gastronorm GN 2/3, Kitchen Line, resistencia térmica -40 °C a 250 °C, apto para horno y baño maría, 15,5L, 354x325x(H) 200mm, acero inoxidable",H806258,50,12,0.00%,0.01%,65,14,0.00%,0.01%,96.30%,81.82%,3,1,6.00%,8.33%,"88,35 €","29,45 €",3,1
B07D9XLGXZ,B07D9XLGXZ,"HENDI Recipiente Gastronorm GN 1/1, Kitchen Line, resistencia térmica -40 °C a 250 °C, apto para horno y baño maría, 21L, 530x325x(H) 150mm, acero inoxidable",H806142,25,9,0.00%,0.01%,36,11,0.00%,0.01%,87.88%,80.00%,5,3,20.00%,33.33%,"147,50 €","88,50 €",3,2
B0CTHQG9QZ,B07D9XLK3D,"HENDI Recipiente Gastronorm GN 1/2 con asas, Budget Line, resistencia térmica -40 °C a 250 °C, apto para horno y baño maría, 12,5L, 325x265x(H) 200mm, acero inoxidable",H817353,159,15,0.00%,0.01%,230,26,0.00%,0.02%,57.21%,70.00%,6,5,3.77%,33.33%,"141,94 €","116,95 €",3,2
B07D9YB67Y,B07D9YB67Y,HENDI Cesta para cubiertos - 110x110x(H)140 mm,H871300,82,2,0.00%,0.00%,105,3,0.00%,0.00%,2.20%,50.00%,4,2,4.88%,100.00%,"32,95 €","15,97 €",3,1
B0846H7BV1,B07G5M444L,Arcos Cuchillo de Mesa Acero Inoxidable Nitrum 130 mm Caja 12 Uds,370725_fbm,149,6,0.00%,0.01%,187,9,0.00%,0.01%,99.42%,100.00%,3,0,2.01%,0.00%,"128,97 €","0,00 €",3,0
B0GR25T577,B07G78WG8K,"Arcos Serie Cuchillos de Mesa Caja 12 uds Cuchillo Chuletero, Hoja Serrada de Acero Inoxidable de 110 mm, Cuchillo Monoblock Acero Inoxidable Color plata (12 UDS)",815900_2packs,160,9,0.00%,0.01%,206,11,0.00%,0.01%,73.10%,60.00%,4,2,2.50%,22.22%,"300,84 €","149,80 €",3,1
B07J6B3PQ6,B07J6B3PQ6,HENDI Ahumador eléctrico - 230V / 1600W - 540x380x(H)720 mm,H238486,66,6,0.00%,0.01%,89,7,0.00%,0.00%,78.21%,71.43%,3,1,4.55%,16.67%,"1.014,69 €","296,69 €",3,1
B0G547B3RM,B07N8VMWGG,Arcos Mesa Cuchillo Chuletero Serrado Nitrum POM Negro 115 mm,374800_1pieza,603,19,0.01%,0.02%,932,26,0.02%,0.02%,25.15%,38.10%,9,6,1.49%,31.58%,"72,87 €","47,40 €",3,1
B0HGM9KVR1,B07N8W1J6B,Arcos Tabla cortar 15 x fibra resina y celulosa. Tabla picar. Serie Tablas. Color marrón.,708200,588,18,0.01%,0.02%,992,26,0.02%,0.02%,6.59%,9.09%,3,0,0.51%,0.00%,"81,42 €","0,00 €",3,0
B07PNHKPMY,B07PNHKPMY,"HENDI Caja de golpe de café, rectangular, modelo en forma de gaveta, recipiente para residuos del café, vaciado de posos de café, con barra de golpeo extraíble,350x250x(H)90mm, acero al carbono",H208694,196,26,0.00%,0.02%,256,36,0.00%,0.02%,63.68%,41.18%,3,1,1.53%,3.85%,"264,70 €","89,95 €",3,1
B07Q6FZTR2,B07Q6FZTR2,"HENDI Lavavajillas industrial, para cestas 40x40cm, con control electromecánico, máquina lavaplatos lavavasos lavacopas, 230V, 2800W, 470x510x(H)710mm, acero inoxidable",H230299,458,57,0.01%,0.05%,617,74,0.01%,0.05%,85.50%,47.76%,3,1,0.66%,1.75%,"4.575,00 €","1.525,00 €",3,1
B07T7HKST6,B07T7HKST6,CUPERINOX Juego de Cuchillos de cocina | 6 Piezas | Cuchillos Cocina Profesional | Set cuchillos cocina | Incluye tijeras cocina | Acero Inoxidable,19511FBM,186,8,0.00%,0.01%,256,8,0.00%,0.00%,98.63%,100.00%,3,0,1.61%,0.00%,"134,85 €","0,00 €",3,0
B0DN1ZCCFX,B07YXFSGD7,"HENDI Cuchilla de Corte con Recubrimiento Antiadherente para Queso, Ø300mm, Repuesto para Cortafiambres 210017, Accesorio Profesional, Acero Inoxidable",H975756,72,5,0.00%,0.00%,101,8,0.00%,0.00%,84.95%,100.00%,3,1,4.17%,20.00%,"554,25 €","184,75 €",3,1
B0FQNZM34T,B0843T2DL9,Arcos Juego cocina 3 pzas. Serie Ópera + Tijeras + Taco,228700_us,631,11,0.01%,0.01%,751,11,0.01%,0.01%,78.71%,100.00%,3,0,0.48%,0.00%,"273,00 €","0,00 €",3,0
B0D1CWK1B4,B084TKV1MX,"HENDI Campana domo cúpula cubierta para ahumar bebidas cócteles con válvula de ventilación y orificio de goma para pistola o infusor de humo, ahumado, ø150x(H)280mm, de vidrio borosilicato",H199657,91,12,0.00%,0.01%,135,24,0.00%,0.01%,34.96%,0.00%,7,0,7.69%,0.00%,"318,50 €","0,00 €",3,0
B08WR6CHHN,B08MW17PLN,Arcos Juego Cuchillos Carne | 6 Piezas | Cuchillo chuleteros | Hoja 110 mm | monoblock | Cuchillo en 1 Sola Pieza | Cuchillos Carne Cubiertos Acero Inoxidable | Caja Envase Ecológico (Sierra Laser),815900fba,282,7,0.01%,0.01%,373,10,0.01%,0.01%,97.72%,100.00%,3,1,1.06%,14.29%,"113,03 €","33,05 €",3,1
B0CQLNJVKL,B08TWZX8LY,Arcos Thera Sartén Antiadherente Aluminio Fundido 18 cm,718100,"2,278",50,0.05%,0.04%,"3,110",66,0.05%,0.04%,0.51%,9.76%,3,0,0.13%,0.00%,"68,85 €","0,00 €",3,0
B09HQTWWPB,B09HQTW6TF,Arcos Clara Cuchillo Chef Forjado Acero Inoxidable 200 mm,210600_us,849,20,0.02%,0.02%,"1,197",25,0.02%,0.02%,9.61%,13.33%,3,1,0.35%,5.00%,"86,54 €","30,00 €",3,1
B06XB92VRH,B09LYZ5G5S,CUPERINOX Deluxe Cafetera Italiana Induccion Espresso Inoxidable 6 Tazas,25052FBM,833,19,0.02%,0.02%,"1,069",23,0.02%,0.01%,99.39%,89.47%,3,1,0.36%,5.26%,"93,98 €","30,00 €",3,1
B0D1CVHXVY,B09NC9BXHD,"HENDI Portanotas, Barra Porta Comandas, Barra para Sujetar Notas, con Fijación por Tornillo o Adhesivo, Aluminio, (L)1220mm",H513750,43,17,0.00%,0.01%,57,27,0.00%,0.02%,79.63%,80.00%,4,4,9.30%,23.53%,"120,76 €","120,76 €",3,3
B0D1CWK1B4,B09NC9MBHK,"HENDI Pistola para ahumar, infusor de humo, ahumadores, 3 velocidades, incluye filtros de malla de repuesto, pinza, cable de carga USB, para comidas, quesos, cócteles, 215x70x(H)160mm",H199640,120,13,0.00%,0.01%,143,18,0.00%,0.01%,42.31%,61.54%,4,1,3.33%,7.69%,"363,00 €","90,75 €",3,1
B09S5NF48P,B09S5NF48P,"HENDI Hervidor de agua, eléctrico, protección contra ebullición en seco, función de cocción rápida, base giratoria de 360°, mango ergonómico de polipropileno, apagado automático, 2,5 L, 230 V, 2150 W,",H209936,49,2,0.00%,0.00%,63,2,0.00%,0.00%,73.21%,0.00%,10,1,20.41%,50.00%,"349,49 €","34,94 €",3,1
B0DK3JR7C3,B09S62XK6F,"HENDI Mezclador Profesional de Bebidas, Aireador/Batidor de Bebidas Ligeras, Frappés, Capuchinos Fríos, Drink Mixer, Incluye 2 Vasos y 4 Agitadores, 230V/400W, 170x196x(H)490mm, Azul",H221655,91,6,0.00%,0.01%,127,7,0.00%,0.00%,69.57%,40.00%,3,0,3.30%,0.00%,"464,25 €","0,00 €",3,0
B0B464Q8VS,B0B464Q8VS,CUPERINOX® Kitchen Pro | Tijeras de Cocina Profesional 21 cm Tijeras de Trinchar Carne y Pescado Acero Inoxidable Mango Ergonómico Apto Lavavajillas,21981_,210,8,0.00%,0.01%,279,10,0.00%,0.01%,82.38%,100.00%,3,0,1.43%,0.00%,"26,97 €","0,00 €",3,0
B0D1CZJMQ3,B0CQMRLLBB,"HENDI Emplatar Chef Kit, Juego de Herramientas de emplatado y Decorado culinario, 6 Piezas: Pinzas-cucharas-espátula, Incl. Estuche, Acero Inoxidable Satinado, Plata, poliéster, PP",H400081,343,8,0.01%,0.01%,476,10,0.01%,0.01%,45.08%,12.50%,3,0,0.87%,0.00%,"117,90 €","0,00 €",3,0
B0D1VZR8D3,B0D1VZR8D3,"HENDI Armario calentador de platos, doble, 108 platos de ⌀24 cm, 3 estantes extraíbles, de 30°C a 85°C, con 4 ruedas, calentador eléctrico de platos, 230V/800W, 592x782x(H)765mm, acero inoxidable",H250174,55,16,0.00%,0.01%,72,21,0.00%,0.01%,94.03%,100.00%,3,2,5.45%,12.50%,"1.663,09 €","1.094,04 €",3,2
B0D6Z2GDS4,B0D6Z2GDS4,"HENDI Lámpara de Calor Flexible, Negro",H273838,55,14,0.00%,0.01%,70,19,0.00%,0.01%,69.23%,73.68%,7,6,12.73%,42.86%,"1.118,24 €","958,49 €",3,2
B0DTKCGSW9,B0DTKCGSW9,"HENDI Cuchillo Yanagiba, cuchillo japonés para Sashimi y Sushi, cuchillo de cocina para filetear pescados pequeños y medianos, largo de la hoja: 270mm, largo total: 405mm, acero inoxidable",H845127,187,3,0.00%,0.00%,319,5,0.01%,0.00%,45.30%,0.00%,3,0,1.60%,0.00%,"179,55 €","0,00 €",3,0
B0FR444FLT,B0F3JLVG2D,Arcos by Chef José Andrés | Cuchillo Pelador de 10 cm Forjado para Frutas y Verduras | Hoja de Acero Inoxidable NITRUM con Borde de Seda | Mango Ergonómico de Madera de Encina,171100,"3,563",83,0.08%,0.07%,"3,814",87,0.06%,0.05%,81.49%,87.10%,4,3,0.11%,3.61%,"193,15 €","146,85 €",3,2
B0FR444FLT,B0F3JW5W24,Arcos by Chef José Andrés | Cuchillo Rocking Santoku de 19 cm Forjado para Precisión Culinaria Profesional | Hoja de Acero Inoxidable NITRUM con Borde de Seda | Mango Ergonómico de Madera de Encina,171600,"1,392",32,0.03%,0.03%,"1,575",39,0.03%,0.02%,75.63%,85.71%,3,1,0.22%,3.13%,"236,55 €","78,85 €",3,1
B0FR444FLT,B0F3JWLDBQ,Arcos by Chef José Andrés | Cuchillo de Chef Forjado de 20 cm para Precisión Culinaria Profesional | Hoja de Acero Inoxidable NITRUM con Borde de Seda | Mango Ergonómico de Madera de Encina,171400,480,15,0.01%,0.01%,515,15,0.01%,0.01%,76.57%,85.71%,3,2,0.63%,13.33%,"191,85 €","127,90 €",3,2
B0FR444FLT,B0F3JWN8Y2,Arcos by Chef José Andrés | Cuchillo de Pan de 20 cm para Panes Artesanales y Productos de Panadería | Hoja Forjada de Acero Inoxidable NITRUM con Borde de Seda | Mango Ergonómico de Madera de Encina,171500,708,11,0.02%,0.01%,844,14,0.01%,0.01%,84.44%,100.00%,4,3,0.56%,27.27%,"315,80 €","236,85 €",3,2
B0FR444FLT,B0F3JWZF69,Arcos by Chef José Andrés | Cuchillo de Chef Forjado de 15 cm para Precisión Culinaria Profesional | Hoja de Acero Inoxidable NITRUM con Borde de Seda | Mango Ergonómico de Madera de Encina,171200,"1,125",33,0.03%,0.03%,"1,268",33,0.02%,0.02%,66.93%,75.00%,3,2,0.27%,6.06%,"191,85 €","127,90 €",3,2
B0FJLTDB9J,B0F9L19CF8,Set de Cortauñas Profesional,A10002,149,6,0.00%,0.01%,180,6,0.00%,0.00%,100.00%,100.00%,3,0,2.01%,0.00%,"20,97 €","0,00 €",3,0
B0FJLTDB9J,B0F9L19CF8,Set de Cortauñas Profesional,21931+21932,149,6,0.00%,0.01%,180,6,0.00%,0.00%,100.00%,100.00%,3,0,2.01%,0.00%,"20,97 €","0,00 €",3,0
B0FZKN2FKC,B0FZKN2FKC,Xpartan Clean | Pack 2 x 500ml | Limpiador de Suelos Multisuperficie para Robots de Limpieza | Concentrado y Perfumado para todo tipo de Robots y Marcas,XPARTAN_PACK2,33,1,0.00%,0.00%,46,1,0.00%,0.00%,95.12%,100.00%,3,0,9.09%,0.00%,"47,97 €","0,00 €",3,0
B0G44H4PJM,B0G44H4PJM,WINS 007 - Friegasuelos Concentrado 250 ml | Rinde 5 L,5J-24UP-2NPL,67,4,0.00%,0.00%,92,4,0.00%,0.00%,97.65%,100.00%,3,2,4.48%,50.00%,"38,97 €","25,98 €",3,2
B0H3Q5DQZ4,B0H3Q5DQZ4,VINFERMATÓN Pack 2 Insecticida Mosquitos y Moscas Concentrado Matón PS 250 ml | Spray para Insectos Voladores |Acción Inmediata|Con Piretrinas Sintéticas|Formato Ligero con Dosificación Controlad,MATONPS_PACK2,23,1,0.00%,0.00%,38,1,0.00%,0.00%,91.43%,100.00%,5,0,21.74%,0.00%,"78,95 €","0,00 €",3,0
B0F54LTCFF,B000NOAYMM,Arcos Cuchillo Jamonero Acero Inoxidable 240 mm,281804_fba,"11,829",263,0.28%,0.23%,"17,826",360,0.30%,0.22%,0.04%,1.71%,2,1,0.02%,0.38%,"32,98 €","16,49 €",2,1
B017HKG9PK,B0044R87LE,Arcos Cuchillo Panero Negro 210 mm,151400,"6,102",227,0.14%,0.20%,"7,726",285,0.13%,0.17%,5.16%,5.26%,2,0,0.03%,0.00%,"30,98 €","0,00 €",2,0
B00YTW5C8U,B0044R87YG,Arcos Cuchillo Carnicero Acero Inoxidable Nitrum 160 mm,241600,159,5,0.00%,0.00%,198,5,0.00%,0.00%,50.00%,33.33%,2,0,1.26%,0.00%,"33,98 €","0,00 €",2,0
B017HKG9PK,B0044R87YQ,Arcos Cuchillo para Maitre Negro 100 mm,150500_us,"7,834",204,0.18%,0.18%,"10,654",255,0.18%,0.16%,6.10%,17.39%,7,7,0.09%,3.43%,"62,57 €","62,57 €",2,2
B017HKG9PK,B0044R87ZA,Arcos Cuchillo de Cocina Negro 150 mm,150700_,"11,983",285,0.28%,0.25%,"17,549",392,0.29%,0.24%,0.06%,0.87%,2,0,0.02%,0.00%,"21,98 €","0,00 €",2,0
B0F54LTCFF,B0044R881I,Arcos Cuchillo Cocinero Acero Inoxidable NITRUM 100 mm,280204_,"10,813",311,0.25%,0.27%,"14,931",445,0.25%,0.27%,0.12%,0.32%,2,0,0.02%,0.00%,"25,98 €","0,00 €",2,0
B017HKG9PK,B0044R883Q,Arcos Cuchillo Mondador Negro 80 mm,150200-cod_barras_arcos,"6,778",197,0.16%,0.17%,"9,369",265,0.16%,0.16%,1.12%,0.57%,2,0,0.03%,0.00%,"19,90 €","0,00 €",2,0
B0HG4BHRY3,B00509FC90,HENDI Baño María Eléctrico con Grifo GN 1/1,H238912,29,6,0.00%,0.01%,41,10,0.00%,0.01%,68.29%,54.55%,2,0,6.90%,0.00%,"302,50 €","0,00 €",2,0
B00509S0BW,B00509S0BW,"HENDI Baño María eléctrico profesional con 1 recipiente de acero inoxidable con tapa (1x4 L), Termosistema, Calentador de alimentos y sopas a 30–85 °C, 4 L, 220V/200W, 256x312x(H)298mm",H201107,39,7,0.00%,0.01%,47,12,0.00%,0.01%,69.77%,100.00%,2,2,5.13%,28.57%,"446,57 €","446,57 €",2,2
B0BLGK8VPQ,B0050GD02Y,HENDI Cocina de inducción modelo 3500 M - Kitchen Line - 230V / 3500W - 327x425x(H)100 mm,H239780,146,12,0.00%,0.01%,199,14,0.00%,0.01%,57.95%,66.67%,3,2,2.05%,16.67%,"719,25 €","479,50 €",2,1
B0050HL9DU,B0050HL9DU,"HENDI Parrilla Eléctrica de Contacto, Grill/Plancha Panini y Sandwichera Profesional, Placas Acanaladas y Lisas de Hierro Fundido Esmaltado, 230V, 2200W, 430x375x(H)216mm, Acero Inoxidable",H263662,48,4,0.00%,0.00%,71,8,0.00%,0.00%,73.77%,50.00%,2,1,4.17%,25.00%,"531,50 €","265,75 €",2,1
B0F1ZF7H1L,B005LR6AEW,Arcos Riviera Forjada Cuchillo para Pescado Acero Inoxidable Nitrum 170 mm,232900,402,10,0.01%,0.01%,480,11,0.01%,0.01%,35.02%,0.00%,2,0,0.50%,0.00%,"53,98 €","0,00 €",2,0
B005LR6JFW,B005LR6JFW,Arcos Conjunto Cuchillos 5 piezas Acero Inoxidable y Hoja mm. 3750 gr. Cuchillo cocina profesional cortar una variedad alimentos con mango ergonómico polioximetileno POM. Serie Riviera. Color negro.,234300_,277,3,0.01%,0.00%,374,4,0.01%,0.00%,88.03%,50.00%,2,0,0.72%,0.00%,"263,23 €","0,00 €",2,0
B017HKFNO8,B005LR70T6,Arcos Niza Cuchillo de Cocina Acero Inoxidable Negro 200 mm,135400,"2,086",51,0.05%,0.04%,"2,933",79,0.05%,0.05%,2.39%,2.22%,2,0,0.10%,0.00%,"21,20 €","0,00 €",2,0
B06XWF2YLW,B005LR71GI,Arcos Cuchillo Cocinero 200 mm,135800,"5,019",104,0.12%,0.09%,"6,923",135,0.11%,0.08%,0.26%,2.20%,3,2,0.06%,1.92%,"30,75 €","20,50 €",2,1
B00XJBJO4K,B005LRSIPQ,Arcos Guantes de Protección de Malla - Acero Inoxidable Anticorte para Cocina - Certificación EN 420/EN 10827/1 - Tamaño XXS 210 mm - Seguridad y Durabilidad,615000,87,5,0.00%,0.00%,135,7,0.00%,0.00%,44.62%,85.71%,2,1,2.30%,20.00%,"241,80 €","120,90 €",2,1
B00XJBJO4K,B005LRSIYM,"Arcos Guantes de Protección de Malla - Acero Inoxidable Anticorte para Seguridad - Tamaño XS 230 mm - Certificación EN 420, EN 10827 - Ideal para Industria y Cocina",615100,95,3,0.00%,0.00%,119,5,0.00%,0.00%,33.03%,80.00%,2,0,2.11%,0.00%,"239,50 €","0,00 €",2,0
B00XJBJO4K,B005LRSJ5A,"Arcos Guantes de Protección de Malla - Acero Inoxidable Anticorte para Cocina - Tamaño S, 240 mm - Certificación EN 420, EN 10827 - Seguridad y Durabilidad",615200,146,5,0.00%,0.00%,183,6,0.00%,0.00%,56.80%,60.00%,2,0,1.37%,0.00%,"241,90 €","0,00 €",2,0
B0F54LTCFF,B007TS67GW,Arcos Cuchillo Cocina Acero Inoxidable 150 mm,281304_,"7,628",226,0.18%,0.20%,"10,317",303,0.17%,0.19%,0.07%,0.54%,3,3,0.04%,1.33%,"44,97 €","44,97 €",2,2
B0F54LTCFF,B007TS67O4,Arcos Cuchillo Chef Acero Inoxidable 175 mm,284704,"3,381",78,0.08%,0.07%,"4,471",103,0.07%,0.06%,0.57%,2.99%,4,3,0.12%,3.85%,"67,96 €","50,97 €",2,1
B0F54LTCFF,B007TS6GIG,Arcos Conjunto Cuchillos 6 piezas Acero Inoxidable Nitrum. 3760 gr. Bloque madera pino. Mango ergonómico polioximetileno POM. Serie Universal. Mayor control. Color negro.,285100_,"1,147",27,0.03%,0.02%,"1,422",37,0.02%,0.02%,34.47%,42.86%,2,0,0.17%,0.00%,"199,98 €","0,00 €",2,0
B096ZVZNSY,B008U6TCSW,ARCOS Chaira Afilador Acero Nitrum Cromado Negro 250 mm,278200_,"1,848",45,0.04%,0.04%,"2,724",70,0.05%,0.04%,3.49%,7.50%,2,2,0.11%,4.44%,"32,98 €","32,98 €",2,2
B00BHZPJFI,B00BHZPJFI,Arcos Riviera Blanc Cuchillo Chef Forjado Acero Inoxidable 150 mm,233424_,330,5,0.01%,0.00%,463,5,0.01%,0.00%,35.22%,33.33%,2,0,0.61%,0.00%,"53,98 €","0,00 €",2,0
B0D1CXDT2G,B00BQU1S1I,HENDI Termómetro con sonda plegable - -50/300˚C - 160x40x(H)25 mm,H271308,47,9,0.00%,0.01%,50,10,0.00%,0.01%,68.09%,100.00%,2,2,4.26%,22.22%,"60,50 €","60,50 €",2,2
B00GJU09XI,B00GJU09XI,Arcos - Tacoma 6pz (5 cuchillos+tijera)serie niza 136100 arcos,136100_us,151,6,0.00%,0.01%,216,10,0.00%,0.01%,91.57%,100.00%,3,2,1.99%,33.33%,"149,79 €","99,80 €",2,1
B0DK3FSR9B,B00GZR3A54,"HENDI Sifón de nata, con 3 boquillas diferentes, soporte para el cargador y cepillo de limpieza, para nata montada, mousses, postres, 0,25L, ø80x(H)200mm, aluminio, blanco",H588031,109,8,0.00%,0.01%,131,9,0.00%,0.01%,52.54%,42.86%,3,0,2.75%,0.00%,"110,40 €","0,00 €",2,0
B07TWJ3TPK,B00GZR3QJO,HENDI Sistema de sous-vide GN 1/1. - 20 L - 230V / 600W - 335x540(H)310 mm,H225448,311,25,0.01%,0.02%,419,39,0.01%,0.02%,60.99%,51.85%,2,2,0.64%,8.00%,"820,06 €","820,06 €",2,2
B08QFDPP4H,B00H1XELJU,HENDI Olla arrocera y calentador - 5.4 L - 230V / 1950W - 455x455x(H)380 mm,H240403,86,10,0.00%,0.01%,129,20,0.00%,0.01%,71.05%,76.47%,2,1,2.33%,10.00%,"406,00 €","203,00 €",2,1
B00J3ZTYAK,B00J3ZTYAK,"Arcos Cuchillos de Mesa de Acero Inoxidable 18/10, Monoblock de una Pieza, Hoja 220 mm, Juego de 3 Piezas para Cocina, Serie Toscana",575000,252,9,0.01%,0.01%,381,15,0.01%,0.01%,19.81%,42.86%,3,0,1.19%,0.00%,"55,47 €","0,00 €",2,0
B0H2ZBHXNH,B00J3ZVMCS,ARCOS Juego 6 Cucharas Café o Postre Acero Inoxidable,574200,"3,484",119,0.08%,0.10%,"5,237",169,0.09%,0.10%,0.28%,1.57%,2,0,0.06%,0.00%,"19,98 €","0,00 €",2,0
B00J4L7DZ6,B00J4L7DZ6,ARCOS Juego de 3 Tenedores de Mesa Acero Inoxidable 18/10 200 mm,574700_,"6,119",166,0.14%,0.14%,"9,257",258,0.15%,0.16%,0.47%,1.92%,2,0,0.03%,0.00%,"17,98 €","0,00 €",2,0
B00OF83Z9Q,B00OF83Z9Q,ARCOS Aplastador de Filetes y Carne Acero Inoxidable 140 mm,796000,620,20,0.01%,0.02%,825,30,0.01%,0.02%,20.74%,10.53%,2,0,0.32%,0.00%,"81,80 €","0,00 €",2,0
B0F1ZF7H1L,B00V3AODM2,Arcos Set Cuchillos Forjados 5 piezas - Acero Inoxidable y Hoja mm. 3500 gr. Mango ergonómico Polioximetileno POM. Serie Riviera Blanc. Hoja delgada con un Borde Suave característico. Color Blanco.,234524_,907,29,0.02%,0.03%,"1,082",36,0.02%,0.02%,48.87%,54.55%,2,0,0.22%,0.00%,"289,84 €","0,00 €",2,0
B0F54LTCFF,B00W1XKMSY,Arcos Universal Cuchillo Deba Asiático Acero Inoxidable Nitrum 180 mm,289804,"3,676",78,0.09%,0.07%,"4,110",84,0.07%,0.05%,3.44%,3.85%,2,0,0.05%,0.00%,"66,52 €","0,00 €",2,0
B0F54LTCFF,B00W1XKQR6,Arcos Universal Cuchillo Usuba o Asiático de 175mm para Cortar Verduras. Cuchillo Japonés de Acero Inoxidable para Cocina. Color Negro,289704,"6,447",141,0.15%,0.12%,"8,616",189,0.14%,0.12%,0.88%,3.48%,2,1,0.03%,0.71%,"52,98 €","26,49 €",2,1
B00X5PH0P0,B00X5PH0P0,"CUPERINOX® Kitchen Pro - Tijeras Cocina Profesional 21 cm | Acero Inoxidable Resistente | Mango Ergonómico Antideslizante Negro | Para Pollo, Pescado y Verduras | Apto Lavavajillas",21983_,61,1,0.00%,0.00%,78,1,0.00%,0.00%,40.28%,100.00%,2,0,3.28%,0.00%,"19,98 €","0,00 €",2,0
B017DLHEGQ,B017DLHEGQ,Arcos Chaira Afilador Manual de Cuchillos 230 mm,279400,"8,577",243,0.20%,0.21%,"12,794",375,0.21%,0.23%,0.05%,0.92%,2,2,0.02%,0.82%,"37,80 €","37,80 €",2,2
B017DLMC5Y,B017DLMC5Y,"Arcos Cuchillos para Postre de Acero Inoxidable 18/10, Monoblock de una Pieza, Hoja 205 mm, Juego de 3 Piezas, Serie Toscana, Ideal para Repostería y Cocina, Color Plata",574900_,474,22,0.01%,0.02%,685,27,0.01%,0.02%,10.66%,10.00%,4,0,0.84%,0.00%,"65,96 €","0,00 €",2,0
B089MGF35Y,B01BLN78EU,"HENDI Fuente de Chocolate de 3 Niveles, Capacidad: hasta 1,5 kg, 230 V / 46 W, Ø215x(H)375 mm, Acero Inoxidable",H274101,188,13,0.00%,0.01%,256,16,0.00%,0.01%,53.25%,31.25%,2,1,1.06%,7.69%,"139,90 €","69,95 €",2,1
B01DY47ACO,B01DY47ACO,HENDI Picador de hielo - 230V / 70W - 170x260x(H)460 mm,H271520,94,9,0.00%,0.01%,120,12,0.00%,0.01%,42.99%,41.67%,2,1,2.13%,11.11%,"172,78 €","77,48 €",2,1
B088L1YKB9,B01DY486WM,HENDI Thermobox Kitchen Line - Pizza - 21 L - 410x410x(H)240 mm,H707975,89,13,0.00%,0.01%,106,15,0.00%,0.01%,97.85%,100.00%,2,1,2.25%,7.69%,"96,50 €","48,25 €",2,1
B0CQP7T8M6,B06XYJMT4R,"HENDI Sartén de freír pescado, oval, fondo de inducción, apto para todas las fuentes de calor y hornos hasta 260 °C, recubrimiento antiadherente, base 185 mm, 280x400x(h) 55 mm, aluminio",H627716,134,1,0.00%,0.00%,209,1,0.00%,0.00%,77.78%,0.00%,2,0,1.49%,0.00%,"109,00 €","0,00 €",2,0
B0F1N351DY,B071P2B7X5,Arcos Set 3 Cuchillos Peladores Acero Inoxidable,189622_,"13,504",283,0.32%,0.25%,"20,067",410,0.33%,0.25%,0.04%,2.40%,3,2,0.02%,0.71%,"30,47 €","19,48 €",2,1
B072BX31NY,B072BX31NY,Arcos Cuchillo de Mesa Forjado Acero Inoxidable Nitrum 100 mm,373728_1pieza,512,18,0.01%,0.02%,751,24,0.01%,0.01%,30.68%,50.00%,14,0,2.73%,0.00%,"237,86 €","0,00 €",2,0
B07TXLLGJX,B07BZ99SLN,HENDI Cocina de inducción modelo 5000 D - Profi Line - 400V / 5000W - 398x515x(H)168 mm,H239322,184,13,0.00%,0.01%,234,16,0.00%,0.01%,87.25%,70.00%,2,0,1.09%,0.00%,"923,37 €","0,00 €",2,0
B07CBLHKLN,B07CBLHKLN,"HENDI Cartuchos de recarga de gas GLP para HENDI Cabezales de antorchas de cocina de llama continua 198247 y 198216, recambios para soplete, paquete de 4 unidades",H199039,10,1,0.00%,0.00%,10,1,0.00%,0.00%,80.00%,100.00%,3,0,30.00%,0.00%,"45,47 €","0,00 €",2,0
B0D1CX8NJN,B07CYYMR49,"HENDI Hervidor de agua eléctrico, tetera, indicador del nivel de agua, desconexión automática, 4,2L, 230V, 2000W, 340x234x(H)290mm, acero inoxidable/Polipropileno",H209998,168,14,0.00%,0.01%,249,25,0.00%,0.02%,41.94%,42.86%,4,4,2.38%,28.57%,"196,14 €","196,14 €",2,2
B07CZ3DF6D,B07CZ3DF6D,"HENDI Cortadora eléctrica de carne, cortafiambres multiusos, Profi Line 195, Ø cuchilla: 195mm, espesor de corte (0-12mm), 220-240V, 200W, 416x400x(H)335mm, plateado, aluminio, acero inoxidable",H210031,196,15,0.00%,0.01%,235,19,0.00%,0.01%,81.48%,75.00%,2,1,1.02%,6.67%,"830,01 €","415,01 €",2,1
B07CZP72RH,B07CZP72RH,"HENDI Batidora profesional con cubierta insonorizada, control manual, jarra de policarbonato resistente al calor y frío, velocidad variable, 230V, 1680W, 250x300x(H)540mm, ABS, acero inoxidable",H230688,187,17,0.00%,0.01%,209,22,0.00%,0.01%,87.24%,75.00%,2,1,1.07%,5.88%,"770,00 €","385,00 €",2,1
B086WXFTDQ,B07D2SZRHP,HENDI Tapa de presentación abatible - GN 1/1-540x330x(H)180 mm,H427507,148,21,0.00%,0.02%,205,28,0.00%,0.02%,36.32%,41.67%,2,1,1.35%,4.76%,"79,90 €","39,95 €",2,1
B07D2T6D6C,B07D2T6D6C,"HENDI Combustible líquido, lata, con mecha, 24 unidades, sin hollín y sin olor, tiempo de combustión 4 horas, dietilenglicol puro, para calentadores de alimentos, calientaplatos, chafing dish, 145 gr",H193952,38,2,0.00%,0.00%,56,2,0.00%,0.00%,97.78%,100.00%,2,0,5.26%,0.00%,"106,50 €","0,00 €",2,0
B07D2TFS1B,B07D2TFS1B,HENDI Máquina eléctrica para pasta,H224847,777,25,0.02%,0.02%,"1,087",37,0.02%,0.02%,39.04%,14.29%,2,0,0.26%,0.00%,"418,00 €","0,00 €",2,0
B07D2VL8BP,B07D2VL8BP,HENDI Máquina para hacer pasta - 210x(H)340 mm,H224830,128,3,0.00%,0.00%,189,8,0.00%,0.00%,98.14%,100.00%,2,0,1.56%,0.00%,"73,36 €","0,00 €",2,0
B07D2VL8DF,B07D2VL8DF,"HENDI Vitrina expositora refrigerada, mostrador para Buffets, Conjunto exhibidor climatizado con Cubierta Transparente, 2 Bloques refrigerantes y Bandeja, 430x290x(H) 150mm, poliestireno,Acero INOX",H424155,533,92,0.01%,0.08%,733,123,0.01%,0.08%,19.51%,23.47%,3,2,0.56%,2.17%,"143,85 €","95,90 €",2,1
B08PP2X5WL,B07D4TGPKB,"HENDI Cortador cuchillo inalámbrico para kebab, shawarma, gyros, espesor de corte ajustable 0-8mm, cuchilla: 2600 rpm, 2 baterías de 2000mAh, 80W, 60kg/h, 240V, 199x125x(H) 184mm, acero inoxidable",H267257,98,7,0.00%,0.01%,131,8,0.00%,0.00%,52.68%,71.43%,2,1,2.04%,14.29%,"494,00 €","247,00 €",2,1
B0DK3GFZ8K,B07D5D24V2,HENDI Rodillo de madera - ø75x(H)590 mm,H515020,26,1,0.00%,0.00%,43,1,0.00%,0.00%,85.37%,100.00%,2,1,7.69%,100.00%,"90,98 €","45,49 €",2,1
B0D1CSWF7Y,B07D5F1B48,"HENDI Escurridor de cocina, colador, para cocinar, lavar, pasta, fideos, espaguetis, frutas, verduras, ensaladas, redondo, perforado, con base y 2 asas, ø365x(H)185 mm, acero inoxidable",H535516,66,9,0.00%,0.01%,90,17,0.00%,0.01%,96.25%,92.31%,2,2,3.03%,22.22%,"119,50 €","119,50 €",2,2
B07D5FD27P,B07D5FD27P,"HENDI Portacondimentos de Bar, Bandeja de Guarniciones para Cócteles BarUp, Caja Organizadora con Tapa Transparente, 5 Contenedores de Polipropileno, 480x150x(H) 100mm, HIPS, Negro",H552131,63,13,0.00%,0.01%,75,17,0.00%,0.01%,90.77%,92.86%,2,2,3.17%,15.38%,"57,96 €","57,96 €",2,2
B0D1CVYRST,B07D5FDY1C,HENDI Jarra medidora de acero inoxidable - 2 L - ø140x(H)175 mm,H516300,77,5,0.00%,0.00%,110,7,0.00%,0.00%,60.71%,16.67%,5,4,6.49%,80.00%,"150,95 €","120,76 €",2,1
B088L3R1VP,B07D73ZNG7,HENDI Caja isotérmica para catering - 66 L - 600x400x(H)490 mm,H707661,320,35,0.01%,0.03%,433,46,0.01%,0.03%,24.57%,18.42%,2,2,0.63%,5.71%,"309,00 €","309,00 €",2,2
B08QF77324,B07D7FZZVY,HENDI Bandejas Gastronorm de borde fino - Melamina - GN 1/1-530x325x(H)20 mm,H566008,113,13,0.00%,0.01%,158,25,0.00%,0.02%,41.43%,65.22%,6,6,5.31%,46.15%,"152,97 €","152,97 €",2,2
B07D8VQSF1,B07D8VQSF1,HENDI Parrilla Gastronorm 2/3 - GN 2/3-354x325 mm,H801932,33,6,0.00%,0.01%,43,7,0.00%,0.00%,46.15%,20.00%,3,0,9.09%,0.00%,"77,97 €","0,00 €",2,0
B0CTHQG9QZ,B07D9S67L4,"HENDI Recipiente Gastronorm GN 1/2 con asas, Budget Line, resistencia térmica -40 °C a 250 °C, apto para horno y baño maría, 9,5L, 325x265x(H) 150mm, acero inoxidable",H817346,73,15,0.00%,0.01%,106,16,0.00%,0.01%,79.35%,84.62%,2,0,2.74%,0.00%,"39,98 €","0,00 €",2,0
B07NBXZXMT,B07D9TL37B,"HENDI Recipiente Gastronorm GN 2/3, Kitchen Line, resistencia térmica -40 °C a 250 °C, apto para horno y baño maría, 15,5L, 354x325x(H) 200mm, acero inoxidable",H806258,73,6,0.00%,0.01%,103,8,0.00%,0.00%,82.11%,50.00%,2,0,2.74%,0.00%,"58,90 €","0,00 €",2,0
B07D9TLFR6,B07D9TLFR6,"HENDI Contenedor isotérmico para hielo 110L, AmerBox, con tapa corredera y desagüe con grifo, 585x800x(H)745mm, HDPE",H877883,23,5,0.00%,0.00%,32,12,0.00%,0.01%,96.15%,100.00%,4,4,17.39%,80.00%,"3.300,00 €","3.300,00 €",2,2
B0CTHQG9QZ,B07D9X4YC6,"HENDI Tapa Gastronorm GN 1/1, Budget Line, para contenedores con asas retráctiles, con tirador central y recortes laterales, resistencia térmica -40 °C a 250 °C, 530x325mm, acero inoxidable",H817810,97,19,0.00%,0.02%,145,32,0.00%,0.02%,22.31%,43.48%,4,3,4.12%,15.79%,"62,60 €","44,61 €",2,1
B0CZF7K8YX,B07D9XLGXZ,"HENDI Recipiente Gastronorm GN 1/1, Kitchen Line, resistencia térmica -40 °C a 250 °C, apto para horno y baño maría, 21L, 530x325x(H) 150mm, acero inoxidable",H806142,43,10,0.00%,0.01%,53,10,0.00%,0.01%,73.68%,100.00%,5,4,11.63%,40.00%,"147,50 €","118,00 €",2,1
B07D9XLM8P,B07D9XLM8P,"HENDI Carro bandejero, 15 x GN 1/1, Capacidad de Carga 150 kg, 440x610x(H) 1710mm, Acero Inoxidable",H810613,16,3,0.00%,0.00%,23,3,0.00%,0.00%,100.00%,100.00%,2,0,12.50%,0.00%,"530,00 €","0,00 €",2,0
B08PSQ4FPT,B07D9Y6MXK,"HENDI Carro bandejero para bandejas 600x400 mm, 15 Niveles, Capacidad de Carga máxima 150 kg, 515x680x(H) 1710mm, Acero Inoxidable",H810651,61,13,0.00%,0.01%,93,21,0.00%,0.01%,81.40%,88.89%,2,2,3.28%,15.38%,"589,98 €","589,98 €",2,2
B07DC7J5XN,B07DC7J5XN,"HENDI Bandeja GN 1/1, recubrimiento antiadherente de mármol, recipiente CONVECTOMAT CLASSIC, contenedor GN, resistente hasta 300°C, apta para hornos, 530x325x(H) 60mm, acero esmaltado",H890233,86,14,0.00%,0.01%,104,18,0.00%,0.01%,62.89%,66.67%,4,1,4.65%,7.14%,"219,98 €","47,51 €",2,1
B08P41X49K,B07DP53G8V,"HENDI Lámpara de calor colgante de altura ajustable, cónica, lámpara térmica de infrarrojos para cocina y mantenimiento de alimentos calientes, 230V, 250W, Ø275x(H)250mm, aluminio color plata",H273869,100,42,0.00%,0.04%,106,43,0.00%,0.03%,54.12%,46.43%,4,4,4.00%,9.52%,"367,00 €","367,00 €",2,2
B07DPCKVL1,B07DPCKVL1,"HENDI Lámpara de calor colgante de altura ajustable, cónica, lámpara térmica de infrarrojos para cocina y mantenimiento de alimentos calientes, 230V, 250W, Ø275x(H)250mm, aluminio color cobre",H273876,34,8,0.00%,0.01%,56,12,0.00%,0.01%,42.86%,62.50%,2,0,5.88%,0.00%,"179,50 €","0,00 €",2,0
B07F22H2MV,B07F22H2MV,HENDI Juego de 9 cuchillos - Negro - 445x260x(H)65 mm,H975770,89,5,0.00%,0.00%,116,7,0.00%,0.00%,47.62%,50.00%,2,1,2.25%,20.00%,"174,16 €","78,10 €",2,1
B07F9VW9NR,B07F9VW9NR,"Arcos Serie Latina Caja 12 uds Cuchillo universal de cocina, Hoja serrada de Acero Inoxidable NITRUM de 130 mm, Mango de Madera comprimida Color marrón (12 UDS)",100800_us,168,2,0.00%,0.00%,236,2,0.00%,0.00%,99.07%,0.00%,2,0,1.19%,0.00%,"79,98 €","0,00 €",2,0
B09381N96H,B07G75XCXM,"Arcos Serie Cuchillos de Mesa Caja 12 uds Cuchillo Mesa, Hoja Serrada de Acero Inoxidable NITRUM de 125 mm, Mango Polipropileno Color crema (12 UDS)",370200_us,73,0,0.00%,0.00%,120,0,0.00%,0.00%,97.89%,0.00%,2,0,2.74%,0.00%,"39,98 €","0,00 €",2,0
B0H6TRFX5J,B07G77ZS7D,"Arcos Serie Cuchillos de Mesa Caja 12 uds Cuchillo Chuletero, Hoja Serrada de Acero Inoxidable NITRUM de 110 mm, Mango Madera comprimida Color marrón (12 UDS)",371501_fbm,79,5,0.00%,0.00%,123,7,0.00%,0.00%,38.53%,100.00%,2,0,2.53%,0.00%,"99,98 €","0,00 €",2,0
B0GR25T577,B07G79YS6D,"Arcos Serie Cuchillos de Mesa Caja 12 uds Cuchillo Chuletero, Hoja Filo de Acero Inoxidable NITRUM de 110 mm, Mango Madera comprimida Color marrón (12 UDS)",373200_fbm,195,11,0.00%,0.01%,244,15,0.00%,0.01%,74.21%,62.50%,4,3,2.05%,27.27%,"280,96 €","209,97 €",2,1
B0FR444FLT,B07N8TSTLQ,"Arcos Juego de Cuchillos Forjados (4 Piezas) - Acero Inoxidable NITRUM, Corte Preciso, Mango Ergonómico POM Negro, Incluye Cuchillo Chef, Pan, Pelar y Cocina - Serie Manhattan, Negro",163400,"1,496",47,0.04%,0.04%,"1,696",61,0.03%,0.04%,98.83%,100.00%,2,0,0.13%,0.00%,"399,98 €","0,00 €",2,0
B07N8WPHN7,B07N8WPHN7,"Arcos Serie Clasica, Juego de Cuchillos de 4 piezas en Caja de Regalo, 3 Cuchillos + Tijera, Hoja de Acero Inoxidable Forjado Nitrum, Mango de Polioximetileno, POM, Bloque de madera color Marrón",258700_2,238,5,0.01%,0.00%,397,8,0.01%,0.00%,99.72%,100.00%,2,0,0.84%,0.00%,"159,98 €","0,00 €",2,0
B07PRXM4WF,B07PRXM4WF,"HENDI Caja de golpe de café, redonda, recipiente para residuos del café, vaciado de posos de café, con barra de golpeo extraíble,153x185x(H)165mm, acero inoxidable",H208618,27,0,0.00%,0.00%,39,0,0.00%,0.00%,94.29%,0.00%,2,0,7.41%,0.00%,"77,00 €","0,00 €",2,0
B0F1N351DY,B07ZJ9PGQM,Arcos Cuchillo Mondador de Acero Inoxidable NITRUM - Hoja 85 mm para Pelar Frutas y Verduras - Mango de Polipropileno Coral - Serie Nova,188578_fbm,"1,265",29,0.03%,0.03%,"1,388",29,0.02%,0.02%,96.85%,100.00%,2,0,0.16%,0.00%,"11,80 €","0,00 €",2,0
B0816Y7X5X,B0816Y7X5X,"HENDI Deshidratador de alimentos, con 7 bandejas, secador eléctrico de frutas y verduras, temporizador de 24 hrs, temperatura regulable 35°-70°C, 230V, 500W, 345x450x(H)315mm, acero inoxidable, PP",H229064,180,6,0.00%,0.01%,237,12,0.00%,0.01%,69.77%,54.55%,2,2,1.11%,33.33%,"379,98 €","379,98 €",2,2
B08QG69ZLY,B0816ZDL6L,"HENDI Placa de inducción de sobremesa, 2 zonas, 60–240°C, 3500W, negro",H239414,75,3,0.00%,0.00%,90,3,0.00%,0.00%,83.53%,50.00%,2,0,2.67%,0.00%,"439,50 €","0,00 €",2,0
B0FQNZM34T,B0843DGXDP,Arcos Opera Cuchillo Jamonero Forjado Acero Inoxidable Nitrum 250 mm,226700_,257,3,0.01%,0.00%,323,4,0.01%,0.00%,69.23%,0.00%,2,0,0.78%,0.00%,"59,47 €","0,00 €",2,0
B0FQNZM34T,B0843DKXYN,Arcos Opera Cuchillo Jamonero Forjado Acero Inoxidable Nitrum 300 mm,226800_,558,7,0.01%,0.01%,640,7,0.01%,0.00%,74.11%,100.00%,2,0,0.36%,0.00%,"69,90 €","0,00 €",2,0
B0FQNZM34T,B0843PT8MC,Arcos Cuchillo pelar Acero Inoxidable. Cuchillo cocina para pelar frutas y verduras. Mango ergonómico polioximetileno y Hoja 100 mm. Serie Opera. Color negro.,_225700_,201,12,0.00%,0.01%,253,14,0.00%,0.01%,43.00%,8.33%,5,2,2.49%,16.67%,"104,95 €","41,98 €",2,1
B08HTZ61MK,B08HTZ61MK,Arcos Cuchillos de Carne | Cuchillos para Carne 6 Unidades | Cuchillos de Carne Aptos Lavavajillas | Alta Resistencia | Acero Inoxidable | Mango Polipropileno | Negro | Envase Eco,816600_,213,1,0.00%,0.00%,285,1,0.00%,0.00%,100.00%,100.00%,2,0,0.94%,0.00%,"39,98 €","0,00 €",2,0
B08WR6CHHN,B08MW17PLN,Arcos Juego Cuchillos Carne | 6 Piezas | Cuchillo chuleteros | Hoja 110 mm | monoblock | Cuchillo en 1 Sola Pieza | Cuchillos Carne Cubiertos Acero Inoxidable | Caja Envase Ecológico (Sierra Laser),815900FBM,282,7,0.01%,0.01%,373,10,0.01%,0.01%,97.72%,100.00%,2,0,0.71%,0.00%,"80,64 €","0,00 €",2,0
B0CQLP3WHM,B08TWYW899,"Arcos Thera Sarten Grill Antiadherente de 24x24 Cm para Inducción, Gas y Vitrocerámica. Grill de Aluminio Fundido con Mango Ergonómico Extraíble y Apta para Lavavajillas. Color Negro y Azul",719300,266,7,0.01%,0.01%,358,12,0.01%,0.01%,18.18%,0.00%,2,0,0.75%,0.00%,"71,90 €","0,00 €",2,0
B0CQLP3WHM,B08TWZRRGR,"Arcos Thera Sarten Grill Antiadherente de 28x28 Cm para Inducción, Gas y Vitrocerámica. Grill de Aluminio Fundido con Mango Ergonómico Extraíble y Apta para Lavavajillas. Color Negro y Azul",719400,620,15,0.01%,0.01%,821,25,0.01%,0.02%,12.93%,12.50%,2,0,0.32%,0.00%,"87,69 €","0,00 €",2,0
B0C4DTYRJW,B094QVHPQ8,Arcos Juego Cuchillos Cocina Profesionales| Cuchillos Cocina Profesional Set Cuchillos | Mango Negro (4 Piezas),813500_fba,"8,959",157,0.21%,0.14%,"11,858",205,0.20%,0.13%,97.86%,99.27%,2,1,0.02%,0.64%,"79,98 €","39,99 €",2,1
B09TX34H64,B095YCTYNZ,"HENDI Sifón de cocina, con 3 boquillas de polipropileno y cepillo de limpieza, sifón para montar nata, espumas, mousses, postres, espumado en frío, 0,5L, ø80x(H)260mm, aluminio, verde pastel",H975879,69,6,0.00%,0.01%,94,6,0.00%,0.00%,40.00%,16.67%,2,0,2.90%,0.00%,"79,98 €","0,00 €",2,0
B097BNL3XT,B097BNL3XT,"HENDI Cortador eléctrico para kebab, shawarma, gyros, corte ajustable 0,5-6mm, cuchilla: 8000 rpm, cuchillo eléctrico profesional para cortar carne, 80W, 230V, 232x120x(H)115mm, acero inoxidable",H267264,205,15,0.00%,0.01%,305,18,0.01%,0.01%,51.57%,35.71%,2,1,0.98%,6.67%,"649,50 €","324,75 €",2,1
B0987KNJLQ,B0987KNJLQ,Arcos | cuchillos de mesa cuchillo mesa FILO LISO | 6 Piezas cuchillo chuletero | mango monoblock | Acero Inoxidable | Envase Eco,814100_fba,529,9,0.01%,0.01%,688,10,0.01%,0.01%,100.00%,100.00%,3,0,0.57%,0.00%,"89,97 €","0,00 €",2,0
B099G3S6KB,B099G3S6KB,Roll On Post-Picaduras VINFERMATON | Adultos y niños* | Alivio del picor y el dolor | Todo tipo de picaduras,V581100,62,4,0.00%,0.00%,71,4,0.00%,0.00%,10.29%,33.33%,2,0,3.23%,0.00%,"17,98 €","0,00 €",2,0
B09GPRH991,B09GPRH991,"HENDI Horno profesional compacto para pizzas, horno eléctrico, para pizzas hasta diámetro 39cm, 50˚C~350˚C, 230V, 2000W, 580x560x(H)275mm, plateado, cuerpo de acero inoxidable AISI 430",H220290,149,18,0.00%,0.02%,190,18,0.00%,0.01%,82.35%,76.47%,2,0,1.34%,0.00%,"774,00 €","0,00 €",2,0
B09HQTWWPB,B09HQTN94D,Arcos Cuchillo Pelador Acero Inoxidable. Cuchillo Pelador para Pelar Frutas y Verduras. Mango Ergonómico Polioximetileno y Hoja 100 mm. Serie Clara. Color Negro.,210100_us,292,15,0.01%,0.01%,412,18,0.01%,0.01%,17.15%,12.50%,2,0,0.68%,0.00%,"35,90 €","0,00 €",2,0
B09JCLGP5D,B09JCLGP5D,"HENDI Carro bandejero Doble móvil, 12 x GN 1/1, Capacidad de Carga 150 kg, 810x610x(H) 960mm, Acero Inoxidable",H810569,40,6,0.00%,0.01%,47,7,0.00%,0.00%,97.78%,100.00%,2,1,5.00%,16.67%,"499,00 €","249,50 €",2,1
B09MSDJQJ1,B09MM5CH6C,Arcos jamonero profesional alveolos | incluye pinza para jamón | cuchillo jamonero cuchillo jamonero alveolos cuchillos profesional| Acero Inoxidable Nitrum 240 mm,856200,"1,075",19,0.03%,0.02%,"1,360",21,0.02%,0.01%,98.09%,100.00%,2,0,0.19%,0.00%,"59,98 €","0,00 €",2,0
B09NBVF3RB,B09NBVF3RB,"HENDI Cubierta transparente para máquina de algodón de azúcar, compatible con modelos 282731, 282809 y 282816, ⌀520x(H)350mm, acrílico (PMMA)",H282755,20,3,0.00%,0.00%,30,3,0.00%,0.00%,92.31%,100.00%,2,2,10.00%,66.67%,"189,98 €","189,98 €",2,2
B09NC6H644,B09NC6H644,"HENDI Arrocera, Función de Mantenimiento del Calor, 23 Tazas de Arroz Seco, Vaso Medidor y Cuchara Arrocera, 230V, 1550W, ø380x(H)240mm, aluminio, 4,2L",H240441,63,6,0.00%,0.01%,80,6,0.00%,0.00%,71.43%,71.43%,2,1,3.17%,16.67%,"247,98 €","123,99 €",2,1
B09NC818YZ,B09NC818YZ,"HENDI Arrocera, Función de Mantenimiento del Calor, 50 Tazas de Arroz Seco, Vaso Medidor y Cuchara Arrocera, 230V, 2900W, ø495x(H)365mm, Aluminium, 10L",H240458,151,21,0.00%,0.02%,217,31,0.00%,0.02%,82.78%,64.29%,2,2,1.32%,9.52%,"396,00 €","396,00 €",2,2
B0FJRVHBWH,B09P8KYJFW,"CUPERINOX Tijeras peluqueria profesional 16,5cm | Tijeras entresacar dentadas vaciar pelo texturizar cabello | Barbero estilista hombre mujer | afiladas acero inoxidable | Uso doméstico y salón",21864,108,4,0.00%,0.00%,130,4,0.00%,0.00%,90.91%,100.00%,2,0,1.85%,0.00%,"19,98 €","0,00 €",2,0
B0DK3JR7C3,B09S5DTFSC,"HENDI Mezclador Profesional de Bebidas, Aireador/Batidor de Bebidas Ligeras, Frappés, Capuchinos Fríos, Drink Mixer, Incluye 2 Vasos y 4 Agitadores, 230V/400W, 170x196x(H)490mm, Amarillo",H221631,78,9,0.00%,0.01%,98,10,0.00%,0.01%,85.54%,80.00%,2,2,2.56%,22.22%,"316,50 €","316,50 €",2,2
B09S5KSQTH,B09S5KSQTH,"HENDI Mezclador Profesional de Bebidas, Aireador/Batidor de Bebidas Ligeras, Frappés, Capuchinos Fríos, Drink Mixer, Incluye 2 Vasos y 4 Agitadores, 230V/400W, 170x196x(H)490mm, Blanco",H221617,43,7,0.00%,0.01%,62,9,0.00%,0.01%,83.64%,100.00%,2,1,4.65%,14.29%,"309,50 €","154,75 €",2,1
B09ZLJL6JF,B09XF1JKXR,Arcos Serie Lyon - Cuchillo Kudamono | Cuchillo Japones - Hoja de Acero Inoxidable Forjado NITRUM de 80 mm - Mango de Polioximetileno (POM) - Color Negro,250100_,122,8,0.00%,0.01%,163,8,0.00%,0.00%,97.93%,100.00%,2,0,1.64%,0.00%,"41,98 €","0,00 €",2,0
B0B46BW9GK,B0B46BW9GK,"CUPERINOX® Kitchen Pro - Tijeras Cocina Profesional | Mango Negro Ambidiestro | Acero Inoxidable de Calidad | Para Pollo, Pescado, Carne y Verduras | Apto Lavavajillas",21985,46,1,0.00%,0.00%,71,1,0.00%,0.00%,100.00%,0.00%,2,0,4.35%,0.00%,"19,98 €","0,00 €",2,0
B0B46LVDQK,B0B46LVDQK,CUPERINOX® Kitchen Pro Tijeras de Cocina Profesionales 25 cm Tijeras de Trinchar Mango Ergonómico Negro Tijeras para Pollo y Huesos Acero Inoxidable Apto Lavavajillas,21970,20,1,0.00%,0.00%,32,1,0.00%,0.00%,100.00%,100.00%,2,0,10.00%,0.00%,"19,98 €","0,00 €",2,0
B0C49YM5CJ,B0C49YM5CJ,Arcos Serie Nordika - Cuchillo Deba - Acero Inoxidable NITRUM - Hoja de 170 mm - Mango de Madera Ovengkol 100% natural de bosques certificados FSC® - Embalaje 100% reciclado,168100,204,5,0.00%,0.00%,271,11,0.00%,0.01%,95.08%,100.00%,2,1,0.98%,20.00%,"95,98 €","47,99 €",2,1
B0CM6RWLQM,B0CM6RWLQM,"HENDI Hervidor de Sopa Eléctrico UNIQ, 8L, Negro",H860526,84,18,0.00%,0.02%,111,25,0.00%,0.02%,74.26%,55.56%,2,0,2.38%,0.00%,"334,72 €","0,00 €",2,0
B0D1CZJMQ3,B0CQNWQD1V,"HENDI Emplatar Chef Kit, Juego de Herramientas de emplatado y Decorado culinario, 6 Piezas: Pinzas-cucharas-espátula, Incl. Estuche, Acero Inoxidable con Recubrimiento PVD Negro, PP",H400074,165,1,0.00%,0.00%,220,1,0.00%,0.00%,58.79%,100.00%,2,0,1.21%,0.00%,"83,50 €","0,00 €",2,0
B0CVQ8P4HF,B0CVQ8P4HF,"HENDI Máquina para hacer empanadillas, manual, molde para preparar 5 dumplings a la vez, revestimiento antiadherente, presión uniforme, prensa para pastas rellenas, 470x140x(H)95mm, acero inoxidable",H230107,"1,358",81,0.03%,0.07%,"1,854",107,0.03%,0.07%,71.95%,61.11%,2,2,0.15%,2.47%,"750,00 €","750,00 €",2,2
B0D33KQF9C,B0D33KQF9C,"HENDI Tabla de cortar, con ranura de goteo, orificio de colgar y soportes antideslizantes de silicona, tabla de corte de cocina, 440x325x(H)6mm, compuesto de fibra de madera, marrón",H505748,6,0,0.00%,0.00%,8,0,0.00%,0.00%,100.00%,0.00%,2,0,33.33%,0.00%,"67,05 €","0,00 €",2,0
B0DB5X7S4H,B0DB5X7S4H,Arcos Serie Riviera - Juego Cuchillos Cocina 3 piezas (1 Cuchillo Mondador + 1 Santoku + 1 Cuchillo de Chef) - Hoja de Acero Inoxidable Forjado NITRUM - Mango de Polioximetileno (POM) - Color Negro,2340100,345,4,0.01%,0.00%,487,6,0.01%,0.00%,67.66%,66.67%,2,0,0.58%,0.00%,"199,98 €","0,00 €",2,0
B0DG2MV27X,B0DG2MV27X,"HENDI Rejilla grill parilla GN 1/1, CONVECTOMAT, para horno, asador, acanalada, para hornear, asar, barbacoa, recubrimiento antiadherente de PTFE, resiste hasta 200°C, 530x325x(H)15mm, aluminio",H808832,54,16,0.00%,0.01%,70,24,0.00%,0.01%,53.23%,72.22%,2,2,3.70%,12.50%,"176,71 €","176,71 €",2,2
B0DKP68T32,B0DHVS222W,Arcos Serie Eclipse - Cuchillo para Verduras - Hoja de Acero Inoxidable Forjado con Filo Seda Plus de 130 mm - Pulido Brillo Especial - Mango Acrílico - Color Negro,213200_,164,2,0.00%,0.00%,205,2,0.00%,0.00%,63.83%,100.00%,2,0,1.22%,0.00%,"105,98 €","0,00 €",2,0
B0DNNL6D3J,B0DNNL6D3J,Cuperinox Afilador Cuchillos | Afilador de Cuchillos Profesional | Knife Sharpener | Afilador 3 etapas | Todo tipo de cuchillos de acero y ceramica incluso cuchillo jamonero | Base Antideslizante,20775_,288,2,0.01%,0.00%,405,2,0.01%,0.00%,32.61%,0.00%,2,0,0.69%,0.00%,"22,98 €","0,00 €",2,0
B0FJLTDB9J,B0F95HH915,"Alicates para pedicura, Profesional, Cortaúñas de Pies, Acero Inoxidable, Mango Ergonómico Antideslizante, Fácil Limpieza, Con Funda, 2 Años de Garantía (Cortauñas Grande)",21931X2,264,4,0.01%,0.00%,326,6,0.01%,0.00%,99.67%,100.00%,2,0,0.76%,0.00%,"14,98 €","0,00 €",2,0
B0FD3NTQVM,B0FD3NTQVM,VINFERMATÓN Spray Antimosquitos + Post Picaduras | Eficaz contra mosquito tigre | +8 Horas de proteccion | Apto para niños | Facilidad de Uso | MADE IN SPAIN,PACKREPELENTE+ROLLON,87,2,0.00%,0.00%,114,6,0.00%,0.00%,95.41%,100.00%,2,0,2.30%,0.00%,"25,98 €","0,00 €",2,0
B0G2CJWWVW,B0G2CJWWVW,WINS 017 - Friegasuelos Concentrado 250 ml | Rinde 5 L,WC017,51,5,0.00%,0.00%,56,5,0.00%,0.00%,100.00%,100.00%,2,2,3.92%,40.00%,"25,98 €","25,98 €",2,2
B0G2D1VPYX,B0G2D1VPYX,"VINFER-WINS 004 – Limpiador Multiusos| Pack Ahorro: Garrafa 5L + Concentrado 250 ml | Rinde 10 Litros Totales | Limpieza de Muebles, Cristales y Superficies | 100% Made in Spain",WC004+004,86,9,0.00%,0.01%,94,10,0.00%,0.01%,91.40%,100.00%,2,1,2.33%,11.11%,"37,98 €","18,99 €",2,1
B0G44H4PJM,B0G44H4PJM,WINS 007 - Friegasuelos Concentrado 250 ml | Rinde 5 L,WC007,67,4,0.00%,0.00%,92,4,0.00%,0.00%,97.65%,100.00%,5,5,7.46%,125.00%,"44,95 €","44,95 €",2,2
B0G4RDL3R8,B0G4RDL3R8,Arcos Sacacorchos eléctrico,607600,72,2,0.00%,0.00%,105,2,0.00%,0.00%,47.13%,100.00%,2,0,2.78%,0.00%,"99,80 €","0,00 €",2,0
B0HC7F5CCG,B0GT4YHKQ4,Amoniaco de Limpieza | 2 Litros,LAGARRAFITA_AMONIACO,66,6,0.00%,0.01%,77,8,0.00%,0.00%,96.05%,83.33%,2,0,3.03%,0.00%,"19,98 €","0,00 €",2,0
B0HC7F5CCG,B0GT539NRJ,Multisuperficies Desinfectante | 2 Litros | Aroma Eucalipto,LAGARRAFITA MULTISUPERFICIES,55,4,0.00%,0.00%,64,4,0.00%,0.00%,94.29%,50.00%,2,0,3.64%,0.00%,"19,98 €","0,00 €",2,0
B0H3Q8F8RW,B0H3Q8F8RW,"VINFERMATÓN Antihormigas y Anticucarachas Pack 3 Insecticida Residual 400 ml x 3 | Total 1,2L | Efecto hasta 1 Año | Interior y Exterior | Spray Profesional",RESIDUAL400ML_PACK3,5,0,0.00%,0.00%,11,0,0.00%,0.00%,54.55%,0.00%,3,0,60.00%,0.00%,"53,97 €","0,00 €",2,0
B0H4NLXP9W,B0H4NLXP9W,"VINFERMATÓN PRO I-96 Insecticida Avispas y Nidos 750 ml | Pulverización hasta 4 Metros | Acción Rápida | Eficaz contra Avispa Común, Avispa Velutina, Nidos, Moscas y Mosquito Tigre",VINFERMATÓN PRO I-96,52,2,0.00%,0.00%,73,4,0.00%,0.00%,95.45%,100.00%,2,0,3.85%,0.00%,"29,98 €","0,00 €",2,0
B0HCZ2WBRT,B0H4NQKX27,"VINFERMATÓN PRO I-79 Laca Insecticida Rastreros 750 ml | Anticucarachas y Antihormigas | Efecto Barrera Permanente | Eficaz contra Cucarachas, Hormigas y Chinches",VINFERMATÓN PRO I-79,34,3,0.00%,0.00%,46,3,0.00%,0.00%,97.62%,100.00%,2,1,5.88%,33.33%,"29,98 €","14,99 €",2,1
B0H4NQPFV1,B0H4NQPFV1,VINFERMATÓN PRO L-98 Limpiador Insecticida Rastreros 1L | Anticucarachas y Antihormigas | Aplicación sin Diluir | Perfume Lavanda | Eficaz contra Hormigas y Cucarachas,VINFERMATÓN PRO L-98 Limpiador1L,31,0,0.00%,0.00%,36,0,0.00%,0.00%,94.59%,0.00%,3,0,9.68%,0.00%,"44,97 €","0,00 €",2,0
B0DK3GS44K,B000YL0V8G,"HENDI Antorcha de cocina, soplete de cocina, soplete flambeador, mechero del Chef, de gas butano, recargable (se suministra vacío), con encendido automático, con base, 145x(H)190mm, negro y platado",H198209,64,7,0.00%,0.01%,88,9,0.00%,0.01%,51.95%,77.78%,1,1,1.56%,14.29%,"43,35 €","43,35 €",1,1
B09ZLJL6JF,B0015YIAV6,Arcos Serie Lyon - Cuchillo Chef | Cuchillo Cocinero - Hoja de Acero Inoxidable Forjado NITRUM de 200 mm - Mango de Polioximetileno (POM) - Color Negro,253600_,119,3,0.00%,0.00%,141,4,0.00%,0.00%,94.96%,100.00%,1,0,0.84%,0.00%,"33,99 €","0,00 €",1,0
B0F54LTCFF,B0015YKFPK,Arcos Universal Cuchillo Lenguado y Pescado Nitrum Negro 170 mm,284204,"1,138",35,0.03%,0.03%,"1,305",38,0.02%,0.02%,5.52%,9.09%,1,0,0.09%,0.00%,"14,25 €","0,00 €",1,0
B0F54LTCFF,B0044R87QE,Arcos Cuchillo Cocina Acero Inoxidable 200 mm,280604,"32,557",959,0.76%,0.83%,"47,240","1,358",0.78%,0.83%,2.94%,2.83%,1,1,0.00%,0.10%,"21,49 €","21,49 €",1,1
B08QCTG3WH,B004DDNPHU,HENDI Calientaplatos (Redondo) - Kitchen Line - 3.5 L - diámetro390X(H) 270 mm,H470619,58,6,0.00%,0.01%,75,9,0.00%,0.01%,76.81%,55.56%,1,1,1.72%,16.67%,"63,49 €","63,49 €",1,1
B004JIOUOG,B004JIOUOG,HENDI Calientaplatos Gastronorm 1/2 - Kitchen Line - 4.5 L - 385x295x(H)310 mm,H475201,22,6,0.00%,0.01%,32,8,0.00%,0.00%,66.67%,100.00%,4,4,18.18%,66.67%,"239,00 €","239,00 €",1,1
B0B11R3BF9,B0050G71HY,"HENDI Gofrera eléctrica, gofres de Lieja, 2 moldes rectangulares de 4x6, con tenedor para gofres, T regulable, placas de hierro fundido antiadherente, 230V, 1500W, 320x437x(H)251mm, acero inoxidable",H893908,16,1,0.00%,0.00%,19,1,0.00%,0.00%,76.47%,100.00%,1,0,6.25%,0.00%,"304,75 €","0,00 €",1,0
B0CL3H7NJC,B0050HJJVO,"HENDI Parrilla Eléctrica de Contacto Doble, Grill/Plancha Panini y Sandwichera Profesional, Placas Acanaladas y Lisas de Hierro Fundido Esmaltado, 230V, 3600W, 570x375x(H)216mm, Acero Inoxidable",H263808,87,6,0.00%,0.01%,119,9,0.00%,0.01%,82.57%,57.14%,1,0,1.15%,0.00%,"384,00 €","0,00 €",1,0
B0050I562Y,B0050I562Y,"HENDI Cafetera de goteo, eléctrica, para café molido de filtro, incluye 100 filtros de papel y 2 jarras de vidrio de 1,8L, cafetera de filtro, 230V, 1400W, 383x220x(H) 465mm, acero inoxidable",H208304,51,10,0.00%,0.01%,69,19,0.00%,0.01%,86.89%,93.75%,1,1,1.96%,10.00%,"269,95 €","269,95 €",1,1
B0050ML7WS,B0050ML7WS,"HENDI Cortadora eléctrica de carne, cortafiambres multiusos, Profi Line 300, Ø cuchilla: 300mm, espesor de corte (0-14mm), 220-240V, 420W, 602x573x(H)456mm, plateado, aluminio, acero inoxidable",EU-ESTD-NGXC,80,11,0.00%,0.01%,131,20,0.00%,0.01%,77.48%,62.50%,1,1,1.25%,9.09%,"849,00 €","849,00 €",1,1
B093DXB39H,B0050MMX4Y,HENDI Cortador de salchichas (eléctrico) - 230V / 135W - 230x185x(H)325 mm,H265109,51,11,0.00%,0.01%,62,14,0.00%,0.01%,45.28%,36.36%,1,1,1.96%,9.09%,"247,51 €","247,51 €",1,1
B0050NI7LQ,B0050NI7LQ,"HENDI Dispensador de Bebidas Calientes Eléctrico, de Pared Simple, Hervidor para Agua y Vino Caliente, 94–99°C, 9L, 230V/2200W, 340x227x(H)468mm, Acero Inoxidable",H209882,37,3,0.00%,0.00%,50,3,0.00%,0.00%,37.21%,66.67%,2,2,5.41%,66.67%,"224,98 €","224,98 €",1,1
B086WXGKHG,B005122S98,HENDI Fuente rectangular - Melamina - 495x270x(H) 56 mm,H561515,23,4,0.00%,0.00%,31,6,0.00%,0.00%,93.33%,66.67%,5,0,21.74%,0.00%,"181,25 €","0,00 €",1,0
B0H2G7NH42,B005LR690M,Arcos Cuchillo Rebanar y Jamón Acero Inoxidable 300 mm,231100_,565,23,0.01%,0.02%,905,29,0.01%,0.02%,3.50%,0.00%,1,0,0.18%,0.00%,"36,99 €","0,00 €",1,0
B0F1ZF7H1L,B005LR690M,Arcos Cuchillo Rebanar y Jamón Acero Inoxidable 300 mm,231100_,"1,512",40,0.04%,0.03%,"2,091",54,0.03%,0.03%,0.96%,18.75%,1,0,0.07%,0.00%,"36,99 €","0,00 €",1,0
B0BMQ3CMJD,B005LR73D4,Arcos Serie Niza - Set Jamoneri - Cuchillo Jamonero + Chaira - Hoja de Acero Inoxidable NITRUM de 240 mm - Mangos fabricados en Polipropileno (PP) Color Negro,_136700_,"1,915",41,0.04%,0.04%,"2,641",57,0.04%,0.03%,5.94%,8.33%,1,0,0.05%,0.00%,"15,50 €","0,00 €",1,0
B0752NT3TH,B005LR7726,Arcos Serie Prochef - Tijeras de Cocina - Hoja de Acero Inoxidable - 210 mm - Mango de Polipropileno Color negro y rojo,185601_barras_Arcos,84,4,0.00%,0.00%,121,8,0.00%,0.00%,0.83%,12.50%,1,1,1.19%,25.00%,"7,22 €","7,22 €",1,1
B00XJBJO4K,B005LRSJK0,"Arcos Guantes de Protección de Malla - Acero Inoxidable Anticorte para Cocina - Tamaño L 270 mm - Certificación EN 420, EN 10827 - Seguridad y Durabilidad",615400,148,6,0.00%,0.01%,178,7,0.00%,0.00%,50.91%,71.43%,1,0,0.68%,0.00%,"129,90 €","0,00 €",1,0
B0F54LTCFF,B006LMX1WK,Arcos Cuchillo Salmón/Cuchillo Pescado 300 mm - Acero Inoxidable y Hoja 300 mm. 250 gr. Mango ergonómico Polioximetileno POM. Serie Universal. Hoja flexible. Mayor control. Color negro.,5Q-MVXW-N3X5,"1,545",51,0.04%,0.04%,"1,665",54,0.03%,0.03%,1.85%,2.56%,1,0,0.06%,0.00%,"28,49 €","0,00 €",1,0
B0F54LTCFF,B007TS67A8,Arcos Cuchillo Fileteador Acero Inoxidable Nitrum 160mm,282704,"3,526",100,0.08%,0.09%,"3,966",105,0.07%,0.06%,5.44%,16.13%,1,0,0.03%,0.00%,"16,49 €","0,00 €",1,0
B0F54LTCFF,B007TS67AI,Arcos Cuchillo Verduras Acero Inoxidable 100 mm,281104,"5,644",153,0.13%,0.13%,"8,190",211,0.14%,0.13%,0.07%,1.67%,1,1,0.02%,0.65%,"12,75 €","12,75 €",1,1
B0F54LTCFF,B007TS689S,ARCOS Universal Espátula Cocina Nitrum POM Negra 300 mm,286304,"1,124",61,0.03%,0.05%,"1,192",73,0.02%,0.04%,8.49%,70.91%,1,1,0.09%,1.64%,"18,80 €","18,80 €",1,1
B00YTW5C8U,B007TS696U,Arcos Colour Prof Cuchillo Carnicero Acero Inoxidable Nitrum 160 mm,241500,330,14,0.01%,0.01%,466,23,0.01%,0.01%,2.27%,7.14%,1,0,0.30%,0.00%,"15,49 €","0,00 €",1,0
B0F54LTCFF,B007TS6GI6,Arcos Universal Set 2 Cuchillos de Cocina Acero Inoxidable Nitrum,285800_2,"2,561",62,0.06%,0.05%,"3,486",83,0.06%,0.05%,1.39%,8.51%,1,0,0.04%,0.00%,"27,75 €","0,00 €",1,0
B009QYZK60,B009QYZK60,HENDI Sopera eléctrica - 8 L - 230V / 450W - ø370x(H)300 mm,H860502,58,1,0.00%,0.00%,69,1,0.00%,0.00%,69.35%,0.00%,1,0,1.72%,0.00%,"110,80 €","0,00 €",1,0
B0DDW46XR7,B009SM0U92,"HENDI Bandeja de Servicio Rectangular, Superficie Antideslizante, GN 1/1, 530x325x(H) 20mm, Polipropileno, Negro",H878101,91,4,0.00%,0.00%,102,4,0.00%,0.00%,48.89%,0.00%,4,0,4.40%,0.00%,"59,96 €","0,00 €",1,0
B00BHZPHO6,B00BHZPHO6,"Arcos Juego 6 Cuchillos carne 4,s. Paquete Cuchillos bolsillo con borliso para cortar y filetear carne. Hoja y mango Acero Inoxidable monobloque. Serie Mesa.",378200_,30,2,0.00%,0.00%,42,6,0.00%,0.00%,40.00%,50.00%,1,1,3.33%,50.00%,"38,99 €","38,99 €",1,1
B00BQU1ILS,B00BQU1ILS,"HENDI Calentador eléctrico de Alimentos para Buffet Tesino, Chafing Dish eléctrico al baño María, Capacidad 6,8L, hasta 85°C, 230V, 500W, ⌀405x(H) 248mm, Polipropileno y Acero Inoxidable",H,63,9,0.00%,0.01%,85,10,0.00%,0.01%,69.44%,75.00%,1,0,1.59%,0.00%,"118,99 €","0,00 €",1,0
B00BQU1RO6,B00BQU1RO6,"HENDI Termómetro digital con sonda, rango de temperatura -50 a 300°C, función mín./máx., alarma y bloqueo de lectura, 195x85x(H)45mm, multicolor, acero inoxidable 18/8 y PVC",H271407,107,10,0.00%,0.01%,130,11,0.00%,0.01%,66.10%,85.71%,1,1,0.93%,10.00%,"87,25 €","87,25 €",1,1
B0CZF71PXK,B00CJKPM7U,"HENDI Olla de cocina, alta, con tapa con orificios de salida de vapor, fondo de inducción continuo, apta para todas las fuentes de calor y el lavavajillas, 2.8L, ø160x(H)140mm, acero inoxidable",H837108,69,5,0.00%,0.00%,96,6,0.00%,0.00%,34.88%,16.67%,1,0,1.45%,0.00%,"28,25 €","0,00 €",1,0
B0CQP7T8M6,B00CJKQKB2,"HENDI Sartén de freír, fondo de inducción, apto para todas las fuentes de calor y hornos hasta 260 °C, recubrimiento antiadherente, mango largo remachado, base 220 mm, diámetro 280x(h)50 mm, aluminio",h627624,14,0,0.00%,0.00%,26,0,0.00%,0.00%,86.36%,0.00%,1,0,7.14%,0.00%,"30,19 €","0,00 €",1,0
B0H5FX43T9,B00CWZOIIQ,"Arcos Cuchillos Mesa - Cuchillo Carne Mesa - Monobloque unaola pieza Acero Inoxidable 4"" - Corta chuletas o bistecs con precisión, facilidad y rapidez -erie Monobloque - Color Plateado",375500_1pza_fbm,159,4,0.00%,0.00%,197,4,0.00%,0.00%,75.74%,25.00%,4,0,2.52%,0.00%,"25,96 €","0,00 €",1,0
B0GXGBZXPT,B00CWZOIIQ,"Arcos Cuchillos Mesa - Cuchillo Carne Mesa - Monobloque unaola pieza Acero Inoxidable 4"" - Corta chuletas o bistecs con precisión, facilidad y rapidez -erie Monobloque - Color Plateado",375500_1pza_fbm,45,0,0.00%,0.00%,59,0,0.00%,0.00%,73.58%,0.00%,2,0,4.44%,0.00%,"12,98 €","0,00 €",1,0
B00E5KWS1A,B00E5KWS1A,"Arcos Accesorios de Cocina - Juego de 5 Piezas (Pelador, Cascanueces, Sacacorchos, Prensa Ajos, Abrelatas) - Aleación de Zinc, Acabado Cromado, Caja Regalo - Plata",604500_,687,19,0.02%,0.02%,914,25,0.02%,0.02%,14.59%,0.00%,1,0,0.15%,0.00%,"69,99 €","0,00 €",1,0
B07TXLKG42,B00GZR3NBK,"HENDI Freidora eléctrica, T ajustable hasta 190°C, termostato de seguridad, zona fría, con tapa y cesta de freír, tanque de aceite extraíble, 2x8L, 230V, 7000W, 550x430x(H)345mm, acero inoxidable",H205839,100,20,0.00%,0.02%,165,55,0.00%,0.03%,42.95%,4.08%,1,0,1.00%,0.00%,"317,99 €","0,00 €",1,0
B0CKTTWD6S,B00H2OD9KK,"HENDI Plancha de asar eléctrica mixta 2/3 lisa y 1/3 acanalada, grill parrilla con bandeja de goteo extraíble, temperatura regulable hasta 300°C, 230V, 3500W, 720x530x(H)250mm, acero inoxidable",H203163,25,2,0.00%,0.00%,29,3,0.00%,0.00%,100.00%,100.00%,1,1,4.00%,50.00%,"579,00 €","579,00 €",1,1
B0CQP6ZTD4,B00H3KGKJU,"HENDI Olla de cocina, alta, con tapa con orificios de salida de vapor, con fondo de inducción continuo, apta para todas las fuentes de calor y el lavavajillas, 50L, ø400x(H)400mm, acero inoxidable",H832806,12,0,0.00%,0.00%,15,0,0.00%,0.00%,30.77%,0.00%,1,0,8.33%,0.00%,"274,75 €","0,00 €",1,0
B00H7X3TY2,B00H7X3TY2,"HENDI Bandeja de presentación para repostería, 600x400x(H) 20mm, Aluminio Ligero, Dorado",H808573,30,0,0.00%,0.00%,45,0,0.00%,0.00%,86.49%,0.00%,1,0,3.33%,0.00%,"34,45 €","0,00 €",1,0
B00ITVQQ8C,B00ITVQQ8C,Arcos Chaira Afilador Manual de Cuchillos - Acero al Carbono Cromado 230 mm - Mango Resistente de Polipropileno - Mantenimiento del Filo - Serie Chairas,278138,288,6,0.01%,0.01%,375,9,0.01%,0.01%,24.79%,33.33%,1,0,0.35%,0.00%,"13,60 €","0,00 €",1,0
B00J3ZVMCS,B00J3ZVMCS,ARCOS Juego 6 Cucharas Café o Postre Acero Inoxidable,574200_,"4,958",192,0.12%,0.17%,"7,543",297,0.12%,0.18%,6.21%,13.27%,12,12,0.24%,6.25%,"87,00 €","87,00 €",1,1
B0D1D18BGM,B00KLHA6IS,"HENDI Bloque para cortar de HDPE, sin base, tabla de cortar tipo bloque de carnicero, bloque macizo de cocina para cortar carnes, quesos, pescado, 500x400x(H)80mm, polietileno de alta densidad, blanco",H505663,61,3,0.00%,0.00%,80,4,0.00%,0.00%,94.59%,100.00%,1,0,1.64%,0.00%,"132,50 €","0,00 €",1,0
B00L827426,B00L827426,HENDI Hielera de doble pared - 5 L - ø200x(H)230 mm,H594704,20,1,0.00%,0.00%,25,1,0.00%,0.00%,95.65%,100.00%,2,2,10.00%,200.00%,"169,98 €","169,98 €",1,1
B00OF7XFW4,B00OF7XFW4,ARCOS Aplastador de Filetes y Carne Acero Inoxidable 220 mm,798000,636,25,0.01%,0.02%,867,51,0.01%,0.03%,3.89%,2.13%,1,0,0.16%,0.00%,"72,95 €","0,00 €",1,0
B00OH5VB0M,B00OH5VB0M,HENDI Sandwichera tostadora - 230V / 1200W - 200x300x(H)223 mm,H261163,47,1,0.00%,0.00%,51,1,0.00%,0.00%,79.07%,0.00%,1,0,2.13%,0.00%,"198,50 €","0,00 €",1,0
B0DK3GFZ8K,B00QHX6CWE,HENDI Rodillo - ø65x(H)470 mm,H515006,15,0,0.00%,0.00%,20,0,0.00%,0.00%,95.00%,0.00%,1,0,6.67%,0.00%,"31,40 €","0,00 €",1,0
B00UCCGND4,B00UCCGND4,Vinfermatón - Insecticida Mosquitos y Moscas Concentrado Matón PS 250ml,V00002,81,3,0.00%,0.00%,133,5,0.00%,0.00%,0.83%,0.00%,1,0,1.23%,0.00%,"8,49 €","0,00 €",1,0
B00UCCGPWI,B00UCCGPWI,VINFER - Jabon Liquido manos V400 Dosificador Dermo Vinfer 5 L,VP400,20,2,0.00%,0.00%,21,2,0.00%,0.00%,100.00%,100.00%,2,2,10.00%,100.00%,"32,28 €","32,28 €",1,1
B0FWK4CNH3,B00WHV21BG,CUPERINOX TIJERAS PESCADO | TIJERAS COCINA| TIJERAS ACERO| TIJERAS | 20 CM | UTENSILIOS DE COCINA,21992,436,10,0.01%,0.01%,586,13,0.01%,0.01%,32.97%,81.82%,1,0,0.23%,0.00%,"9,99 €","0,00 €",1,0
B0DN1Z777C,B00WTEP4C4,"HENDI Bolsas para envasado al vacío gofradas, 100 unidades, aptas para sous-vide, -20 °C a +100 °C, 250x350mm, 75µm, PA/PE, sin BPA",H971055,9,0,0.00%,0.00%,9,0,0.00%,0.00%,55.56%,0.00%,3,0,33.33%,0.00%,"101,97 €","0,00 €",1,0
B013I01EWQ,B013I01EWQ,"HENDI Cepillo de limpieza para horno de pizza, rascador de acero, mango desmontable, 930x260mm, acero inoxidable y madera",H525630,14,0,0.00%,0.00%,21,0,0.00%,0.00%,94.12%,0.00%,1,0,7.14%,0.00%,"36,85 €","0,00 €",1,0
B0F4WXMWRT,B01418E5ZC,"HENDI Cubitera para botellas, enfriador de bebidas tipo champanera, BarUp, 9,5L, ⌀350x(H)230mm, acero inoxidable",H471524,50,3,0.00%,0.00%,77,3,0.00%,0.00%,89.55%,100.00%,1,0,2.00%,0.00%,"24,49 €","0,00 €",1,0
B014MIZYD8,B014MIZYD8,Arcos Cuchillo Tomate Forjado Acero Inox. Nitrum 130mm,232024_,"1,221",26,0.03%,0.02%,"1,787",42,0.03%,0.03%,0.63%,29.41%,1,1,0.08%,3.85%,"23,99 €","23,99 €",1,1
B0189HXVQ0,B017DLMSQW,"Arcos Tablas - Tabla de Cocina Antibacteriana para Cortar - Resistente al Lavavajillas, No Daña Cuchillos, Fibra de Celulosa y Resina, 42.7x32.7 cm, Negro, Ecológica y Duradera",692310,474,11,0.01%,0.01%,633,11,0.01%,0.01%,11.05%,12.50%,1,0,0.21%,0.00%,"36,99 €","0,00 €",1,0
B0752V8D3X,B017DMTB0M,ARCOS Chaira Acero al Carbono y Diamante 230 mm,782100,"3,727",78,0.09%,0.07%,"5,300",124,0.09%,0.08%,0.58%,0.00%,1,0,0.03%,0.00%,"10,75 €","0,00 €",1,0
B01BLORE9S,B01BLORE9S,"HENDI Máquina para Hacer Cubitos de Hielo, Arktic, Producción: 35kg/24h, Depósito: 15kg, Fabricador de Hielo, 230V/280W, 448x400x(H)798mm, Acero Inoxidable",H271575,20,2,0.00%,0.00%,25,4,0.00%,0.00%,100.00%,100.00%,1,0,5.00%,0.00%,"729,00 €","0,00 €",1,0
B01BNQXXIU,B01BNQXXIU,"HENDI Carrito de Servicios, de Cocina, de Restaurante, Multiusos, 2 estantes, 4 Ruedas giratorias, 2 con Freno, Carga máxima por Estante 50kg, encimera 830x510mm, 905x585x(H) 945mm, Acero Inoxidable",H810002,82,12,0.00%,0.01%,104,14,0.00%,0.01%,33.33%,40.00%,1,0,1.22%,0.00%,"129,75 €","0,00 €",1,0
B01BNU1VIU,B01BNU1VIU,HENDI Dispensador de chocolate caliente - 5 L - 230V / 1006W - 410x280x(H)465 mm,H893637,34,4,0.00%,0.00%,49,5,0.00%,0.00%,58.14%,50.00%,1,0,2.94%,0.00%,"475,00 €","0,00 €",1,0
B01BNUIBDI,B01BNUIBDI,HENDI Calentador de bebidas calientes - 28 L - 230V / 2500W - 447x441x(H)485 mm,H240601,10,2,0.00%,0.00%,14,4,0.00%,0.00%,100.00%,100.00%,2,2,20.00%,100.00%,"259,50 €","259,50 €",1,1
B01BQ94JSM,B01BQ94JSM,HENDI Bandeja con niveles - ø268x(H)320 mm,H429914,45,5,0.00%,0.00%,63,8,0.00%,0.00%,68.52%,100.00%,1,1,2.22%,20.00%,"44,75 €","44,75 €",1,1
B0BL68V6NM,B01CU00HKA,HENDI Dispensador de zumo - 8 L - 260x360x(H)560 mm,H425299,50,10,0.00%,0.01%,60,13,0.00%,0.01%,44.44%,37.50%,1,1,2.00%,10.00%,"118,99 €","118,99 €",1,1
B01DDMW3RO,B01DDMW3RO,HENDI Thermobox Profi Line - GN 1/1-39 L - 674x400x(H)287 mm,H707982,44,13,0.00%,0.01%,56,19,0.00%,0.01%,83.67%,100.00%,1,1,2.27%,7.69%,"104,00 €","104,00 €",1,1
B085SN3MM8,B01DDMXCME,"HENDI Bandeja de horno perforada antiadherente, 4 bordes, GN 1/1",H808405,42,8,0.00%,0.01%,51,13,0.00%,0.01%,72.00%,69.23%,6,6,14.29%,75.00%,"322,50 €","322,50 €",1,1
B01DDMY3OU,B01DDMY3OU,HENDI Chafing Dish Heizung - 230 V - diámetro130x(H)100 marca Esmeyer,H809600,52,17,0.00%,0.01%,72,26,0.00%,0.02%,22.73%,20.00%,1,1,1.92%,5.88%,"62,25 €","62,25 €",1,1
B0DN1Z81XJ,B01DY55A4I,"HENDI Soporte de montaje y almacenamiento a la pared, para colgar y almacenar bloques motores de batidoras de mano y sus accesorios, práctico y fácil de montar, 365x130x(H) 70mm, acero inoxidable",H934029,27,5,0.00%,0.00%,31,6,0.00%,0.00%,53.57%,83.33%,1,1,3.70%,20.00%,"55,99 €","55,99 €",1,1
B06XD39V8J,B06XD39V8J,VINFERMATON – Insecticida Cucarachas y Hormigas Residual 400 ml | Spray Efecto Duradero para Interior y Exterior | Profesional Doméstico | 100 % MADE IN SPAIN,V0012,"5,763",172,0.13%,0.15%,"8,339",241,0.14%,0.15%,47.16%,35.03%,1,1,0.02%,0.58%,"8,85 €","8,85 €",1,1
B0D1CV6YJ2,B06Y2DP83Y,HENDI Tenedor trinchador - Profi Line - Negro - 285x20x(H) 25 mm,H844229,14,5,0.00%,0.00%,17,7,0.00%,0.00%,94.12%,100.00%,1,1,7.14%,20.00%,"34,50 €","34,50 €",1,1
B0719K25DF,B0719K25DF,ARCOS Pinzas de Precisión para Emplatar 140 mm,606500,514,8,0.01%,0.01%,736,11,0.01%,0.01%,2.52%,0.00%,1,0,0.19%,0.00%,"9,99 €","0,00 €",1,0
B071Z8BWVS,B071Z8BWVS,Arcos - Set Cuchillos Cocina Arcos y afilador Arcos | Cuchillos arcos Profesional |4 Piezas | Cuchillo Carne |Cuchillo japones | Cuchillo cebollero |843900,843900,121,5,0.00%,0.00%,155,12,0.00%,0.01%,99.29%,100.00%,1,0,0.83%,0.00%,"74,99 €","0,00 €",1,0
B0752NT3TH,B072BX2PJG,ARCOS Chaira Afilador Manual Acero al Carbono Cromado 230 mm,185924,"2,723",74,0.06%,0.06%,"3,040",77,0.05%,0.05%,0.07%,1.89%,1,0,0.04%,0.00%,"27,99 €","0,00 €",1,0
B077QSX5QT,B077QSX5QT,HENDI Ablandador de carne Profi Line - 51 cuchillas - Rojo - 42x150x(H)118 mm,H843451,18,0,0.00%,0.00%,21,0,0.00%,0.00%,82.35%,0.00%,1,0,5.56%,0.00%,"32,50 €","0,00 €",1,0
B0787B1RJF,B0787B1RJF,"Vinfer Limpia muebles profesional. Envase 400 ml. Formula estudiada para la limpieza de superficies de madera, así como superficies plásticas, cromados, marmoles, cerámicas. Limpia y abrillanta",VP2417,42,2,0.00%,0.00%,54,3,0.00%,0.00%,86.00%,33.33%,1,0,2.38%,0.00%,"8,99 €","0,00 €",1,0
B0787R49F1,B0787R49F1,Multiusos Wins 004. Abrillanta y elimina la suciedad acumulada en cualquier tipo de superficie sin dañarlas. Envase de 5 Litros.,WINS004,95,4,0.00%,0.00%,111,5,0.00%,0.00%,68.93%,100.00%,1,0,1.05%,0.00%,"14,75 €","0,00 €",1,0
B0FWK4CNH3,B0799Z54MP,CUPERINOX Tijeras Cocina Profesional |Mango ergonómico para máxima comodidad| Tijeras 21 cm |Tijeras de Trinchar | Tijeras Pollo | Tijera Pescado | Tijera Acero Inoxidable| Apto Lavavajillas,21982,107,1,0.00%,0.00%,126,1,0.00%,0.00%,99.12%,100.00%,1,0,0.93%,0.00%,"9,99 €","0,00 €",1,0
B07BBL6SR7,B07BBL6SR7,Arcos Serie Riviera Rose - Cuchillo Jamonero - Hoja de Acero Inoxidable Forjado NITRUM 250 mm - Mango de Polioximetileno (POM) Color Rosa,231054_,63,1,0.00%,0.00%,84,1,0.00%,0.00%,95.83%,0.00%,1,0,1.59%,0.00%,"34,49 €","0,00 €",1,0
B07TXLKG42,B07CYRD4H8,"HENDI Freidora eléctrica, T ajustable hasta 190°C, termostato de seguridad, zona fría, con tapa y cesta de freír, tanque de aceite extraíble, 2x6L, 230V, 6600W, 550x430x(H)290mm, acero inoxidable",H205853,61,6,0.00%,0.01%,76,14,0.00%,0.01%,78.26%,83.33%,1,1,1.64%,16.67%,"319,75 €","319,75 €",1,1
B07CZHFJFD,B07CZHFJFD,HENDI Matamoscas con placa adhesiva (120m²) - 230V / 36W - 475x80x(H)283 mm,H270196,136,20,0.00%,0.02%,235,33,0.00%,0.02%,53.23%,47.83%,1,1,0.74%,5.00%,"77,50 €","77,50 €",1,1
B08NWMXFDK,B07CZTF891,"HENDI Vitrina expositora refrigerada, descongelación automática, sistema antivaho, 3 estantes, iluminaciónED, etiqueta energética C, 78L, 230V, 170W, 452x406x(H)966mm, Blanco, ABS, doble cristal",H233641,55,9,0.00%,0.01%,67,11,0.00%,0.01%,95.16%,100.00%,1,1,1.82%,11.11%,"625,00 €","625,00 €",1,1
B07TYQJ4YX,B07D2VL8BP,HENDI Máquina para hacer pasta - 210x(H)340 mm,H224830,252,12,0.01%,0.01%,329,14,0.01%,0.01%,84.01%,80.00%,1,0,0.40%,0.00%,"33,25 €","0,00 €",1,0
B086XS4XDX,B07D4V72YP,"HENDI Juego de salero y pimentero, 2 piezas, utensilio de sal y pimienta de cocina mesa, con tapas de acero inoxidable con orificios dispensadores en forma de S y P, ⌀40x(H)70mm, vidrio, transparente",H465387,44,1,0.00%,0.00%,57,1,0.00%,0.00%,76.00%,100.00%,1,0,2.27%,0.00%,"7,49 €","0,00 €",1,0
B0D1CSWF7Y,B07D5CQ2PH,"HENDI Escurridor de cocina, colador, para cocinar, lavar, pasta, fideos, espaguetis, frutas, verduras, ensaladas, redondo, perforado, con base y 2 asas, ø325x(H)175 mm, acero inoxidable",H535509,21,4,0.00%,0.00%,22,5,0.00%,0.00%,76.19%,50.00%,1,0,4.76%,0.00%,"52,60 €","0,00 €",1,0
B0B11WGKPR,B07D6Z23SD,HENDI Wok - ø700x(H)235 mm,H626504,50,5,0.00%,0.00%,63,9,0.00%,0.01%,64.41%,0.00%,1,0,2.00%,0.00%,"132,50 €","0,00 €",1,0
B0DK3HY5X9,B07D6Z2DHS,HENDI Sacabolas de helado Stöckel - 1/8 - ø80 mm,H755013,34,6,0.00%,0.01%,44,9,0.00%,0.01%,71.43%,87.50%,1,1,2.94%,16.67%,"59,25 €","59,25 €",1,1
B0DK3GZ2DL,B07D6ZWHCP,HENDI Sacabolas de helado Stöckel - 1/30 - ø49 mm,H755372,17,7,0.00%,0.01%,25,8,0.00%,0.00%,60.00%,57.14%,1,1,5.88%,14.29%,"55,74 €","55,74 €",1,1
B0D1CXFM75,B07D6ZWZQJ,"HENDI Prensadores de patatas - Gris claro, Alargado, (L)808mm",H693223,37,5,0.00%,0.00%,47,5,0.00%,0.00%,95.24%,100.00%,1,0,2.70%,0.00%,"28,98 €","0,00 €",1,0
B0DK3C2HKQ,B07D73FZXG,HENDI Sacabolas de helado Profi Line - 1/36 - ø46 mm,H759257,32,6,0.00%,0.01%,50,9,0.00%,0.01%,93.18%,100.00%,1,0,3.13%,0.00%,"37,85 €","0,00 €",1,0
B0DK3HY5X9,B07D73SB7Z,HENDI Sacabolas de helado Stöckel - 1/10 - ø70 mm,H755020,24,4,0.00%,0.00%,36,5,0.00%,0.00%,88.24%,50.00%,1,0,4.17%,0.00%,"59,50 €","0,00 €",1,0
B0DK3GZ2DL,B07D73SKDJ,HENDI Sacabolas de helado Stöckel - 1/36 - ø47 mm,H755389,21,4,0.00%,0.00%,25,4,0.00%,0.00%,84.00%,25.00%,1,0,4.76%,0.00%,"55,75 €","0,00 €",1,0
B0DK3GZ2DL,B07D73Z21Q,HENDI Sacabolas de helado Stöckel - 1/24 - ø51 mm,H755365,16,5,0.00%,0.00%,17,6,0.00%,0.00%,52.94%,50.00%,1,1,6.25%,20.00%,"55,74 €","55,74 €",1,1
B0DK3HY5X9,B07D73ZNH4,HENDI Sacabolas de helado Stöckel - 1/16 - ø59 mm,H755044,16,0,0.00%,0.00%,19,0,0.00%,0.00%,78.95%,0.00%,1,0,6.25%,0.00%,"52,96 €","0,00 €",1,0
B0DK3GZ2DL,B07D75BHXQ,HENDI Sacabolas de helado Stöckel - 1/12 - ø67 mm,H755334,81,4,0.00%,0.00%,101,4,0.00%,0.00%,88.54%,25.00%,1,1,1.23%,25.00%,"55,74 €","55,74 €",1,1
B0CQP7T8M6,B07D75SJ1J,"HENDI Sartén Wok, fondo de inducción, apto para todas las fuentes de calor y hornos hasta 260 °C, recubrimiento antiadherente, mango largo remachado, base 210 mm, diámetro 280x(h) 75 mm, aluminio",H627730,20,1,0.00%,0.00%,29,1,0.00%,0.00%,46.43%,100.00%,1,0,5.00%,0.00%,"36,50 €","0,00 €",1,0
B0DK3HY5X9,B07D771B4F,HENDI Sacabolas de helado Stöckel - 1/20 - ø56 mm,H755051,17,0,0.00%,0.00%,21,0,0.00%,0.00%,100.00%,0.00%,1,0,5.88%,0.00%,"55,75 €","0,00 €",1,0
B07D7FLP1D,B07D7FLP1D,HENDI Organizador múltiple - 190x240x(H)410 mm,H428245,15,2,0.00%,0.00%,22,2,0.00%,0.00%,94.44%,100.00%,2,2,13.33%,100.00%,"155,00 €","155,00 €",1,1
B07D8VR39L,B07D8VR39L,"HENDI Recipiente Gastronorm GN 1/6, Budget Line, resistencia térmica -40 °C a 250 °C, apto para horno y baño maría, 1,6L, 176x162x(H) 100mm, acero inoxidable",H800638,63,9,0.00%,0.01%,85,11,0.00%,0.01%,14.86%,25.00%,4,0,6.35%,0.00%,"39,96 €","0,00 €",1,0
B0GYLKW8QZ,B07D8VR39L,"HENDI Recipiente Gastronorm GN 1/6, Budget Line, resistencia térmica -40 °C a 250 °C, apto para horno y baño maría, 1,6L, 176x162x(H) 100mm, acero inoxidable",H800638,118,22,0.00%,0.02%,160,33,0.00%,0.02%,7.53%,3.45%,1,0,0.85%,0.00%,"9,99 €","0,00 €",1,0
B0CTCT53R8,B07D8X941X,"HENDI Recipiente GN 1/3,contenedor GN,apilable,resistente a Temperaturas de -40° a 300°C,apto para hornos,congeladores,calientaplatos,baño María,5.7L,325x176x(H) 150mm,acero inoxidable 18/10",H801512,15,4,0.00%,0.00%,16,5,0.00%,0.00%,85.71%,100.00%,2,2,13.33%,50.00%,"62,80 €","62,80 €",1,1
B07D9TLDY4,B07D9TLDY4,"HENDI Carro plataforma plegable, AmerBox, carga máxima de 200kg, plataforma rodante portacargas, carretilla de plataforma móvil, plataforma de carga, 742x480x(H)845mm, polipropileno, acero inoxidable",H810514,33,5,0.00%,0.00%,40,5,0.00%,0.00%,8.57%,40.00%,1,1,3.03%,20.00%,"149,75 €","149,75 €",1,1
B07D9TLFMV,B07D9TLFMV,"HENDI Recipiente Gastronorm GN 1/1, Kitchen Line, resistencia térmica -40 °C a 250 °C, apto para horno y baño maría, 28L, 530x325x(H) 200mm, acero inoxidable",H806159,29,1,0.00%,0.00%,43,1,0.00%,0.00%,15.00%,0.00%,2,0,6.90%,0.00%,"77,00 €","0,00 €",1,0
B07D9X11YW,B07D9X11YW,"HENDI Cesta para cocer pastas, cocedor al vapor, colador, para HENDI Olla 831700 de Ø 360 mm con gancho adicional para sujetar la cesta mientras escurre, 1.5 L, 160x160x(h)230 mm, acero inoxidable",H833506,39,3,0.00%,0.00%,44,3,0.00%,0.00%,71.79%,100.00%,1,1,2.56%,33.33%,"51,49 €","51,49 €",1,1
B0CQP77SQ1,B07D9X53W4,"HENDI Olla de cocina con tapa, de gran capacidad: 36L, fondo de inducción continuo, apta para todas las fuentes de calor y el lavavajillas, ø360x(H)360mm, acero inoxidable",H834404_,21,0,0.00%,0.00%,47,0,0.00%,0.00%,67.57%,0.00%,1,0,4.76%,0.00%,"132,99 €","0,00 €",1,0
B0D1CVG5XS,B07D9X5BYD,HENDI Tabla de cortar con certificación HACCP 600x400 - Rojo -600x400mm,H825617,27,6,0.00%,0.01%,34,9,0.00%,0.01%,53.13%,80.00%,2,2,7.41%,33.33%,"66,94 €","66,94 €",1,1
B0CTHQG9QZ,B07D9XP5SZ,"HENDI Recipiente Gastronorm GN 1/1 con asas, Budget Line, resistencia térmica -40 °C a 250 °C, apto para horno y baño maría, 21L, 530x325x(H) 150mm, acero inoxidable",H817148,90,11,0.00%,0.01%,122,16,0.00%,0.01%,62.14%,54.55%,1,0,1.11%,0.00%,"30,99 €","0,00 €",1,0
B0D1CVG5XS,B07D9YVDDV,HENDI Tabla de cortar con certificación HACCP 600x400 - Azul -600x400mm,H825624,62,4,0.00%,0.00%,78,6,0.00%,0.00%,45.83%,60.00%,1,1,1.61%,25.00%,"33,47 €","33,47 €",1,1
B088MVGCDK,B07DC7H3Y3,"HENDI Caja isotérmica frontal para recipientes GN 1/1, AmerBox, para mantener alimentos fríos o calientes, 477x680x(H)620mm, LDPE",H877814,46,12,0.00%,0.01%,59,20,0.00%,0.01%,37.25%,26.67%,3,3,6.52%,25.00%,"1.125,00 €","1.125,00 €",1,1
B09KJM4B44,B07DC7YK32,HENDI Bandeja para repostería con tapa - ø300x(H)110 mm,H980101,18,4,0.00%,0.00%,25,7,0.00%,0.00%,56.52%,42.86%,1,1,5.56%,25.00%,"18,98 €","18,98 €",1,1
B07FCLGZMN,B07FCLGZMN,"Arcos Serie Latina Caja 12 uds Cuchillo jamonero, Hoja serrada de Acero Inoxidable NITRUM de 250 mm, Mango de Madera comprimida Color marrón (12 UDS)",101300_12piezas,36,2,0.00%,0.00%,42,2,0.00%,0.00%,83.78%,100.00%,1,0,2.78%,0.00%,"45,49 €","0,00 €",1,0
B07G77ZS7D,B07G77ZS7D,"Arcos Serie Cuchillos de Mesa Caja 12 uds Cuchillo Chuletero, Hoja Serrada de Acero Inoxidable NITRUM de 110 mm, Mango Madera comprimida Color marrón (12 UDS)",371501_fbm,90,1,0.00%,0.00%,127,3,0.00%,0.00%,72.97%,100.00%,1,0,1.11%,0.00%,"49,99 €","0,00 €",1,0
B07G78WG8K,B07G78WG8K,"Arcos Serie Cuchillos de Mesa Caja 12 uds Cuchillo Chuletero, Hoja Serrada de Acero Inoxidable de 110 mm, Cuchillo Monoblock Acero Inoxidable Color plata (12 UDS)",815900_2packs,63,3,0.00%,0.00%,80,5,0.00%,0.00%,55.41%,40.00%,1,0,1.59%,0.00%,"74,99 €","0,00 €",1,0
B07G78Y7FB,B07G78Y7FB,"Arcos Serie Cuchillos de Mesa Caja 12 uds Cuchillo Chuletero, Hoja Serrada de Acero Inoxidable NITRUM de 110 mm, Mango Madera comprimida Color marrón (12 UDS)",371500_fbm,126,4,0.00%,0.00%,175,5,0.00%,0.00%,55.76%,100.00%,1,0,0.79%,0.00%,"49,99 €","0,00 €",1,0
B07G79YS6D,B07G79YS6D,"Arcos Serie Cuchillos de Mesa Caja 12 uds Cuchillo Chuletero, Hoja Filo de Acero Inoxidable NITRUM de 110 mm, Mango Madera comprimida Color marrón (12 UDS)",373200_fbm,69,3,0.00%,0.00%,92,4,0.00%,0.00%,75.95%,100.00%,1,0,1.45%,0.00%,"70,99 €","0,00 €",1,0
B0B11R3BF9,B07GT3LDRH,"HENDI Gofrera eléctrica, gofres de Bruselas, 2 moldes cuadrados de 3x5, con tenedor para gofres, T regulable, placas de hierro fundido antiadherente, 230V, 2200W, 320x437x(H)277mm, acero inoxidable",H212127,32,2,0.00%,0.00%,43,2,0.00%,0.00%,66.67%,100.00%,1,0,3.13%,0.00%,"314,75 €","0,00 €",1,0
B07HS1Y521,B07HS1Y521,HENDI Cenicero de pared - ø75x(H)460 mm,H440216,12,2,0.00%,0.00%,15,3,0.00%,0.00%,100.00%,100.00%,1,1,8.33%,50.00%,"98,75 €","98,75 €",1,1
B0FR444FLT,B07JHPTKC9,"Arcos Set Jamonero 3 Piezas - Cuchillo Jamonero, Deshuesador y Chaira - Hoja Silk Edge Inoxidable Forjada NITRUM - Mango Resistente POM Negro - Corte Preciso y Duradero - Serie Manhattan",858500_,173,7,0.00%,0.01%,213,8,0.00%,0.00%,87.13%,100.00%,1,0,0.58%,0.00%,"74,99 €","0,00 €",1,0
B07L2ZCRPK,B07L2ZCRPK,HENDI Dispensador de zumo - 16 L - 580x350x(H)560 mm,H425411,10,3,0.00%,0.00%,13,6,0.00%,0.00%,100.00%,100.00%,1,1,10.00%,33.33%,"245,00 €","245,00 €",1,1
B07L3BFJ9R,B07L3BFJ9R,HENDI Dispensador de zumo - 6 L - 415x315x(H)490 mm,H425435,28,11,0.00%,0.01%,36,14,0.00%,0.01%,82.35%,69.23%,1,1,3.57%,9.09%,"192,50 €","192,50 €",1,1
B07MTPC7M6,B07MTPC7M6,"HENDI Freidora eléctrica de rosquillas, donuts, T ajustable de 50°C a 190°C, zona fría, tapa sirve como bandeja de goteo, con grifo de drenaje, 12L, 230V, 3000W, 630x860x(H)360, acero inoxidable",H205914,41,7,0.00%,0.01%,49,10,0.00%,0.01%,84.78%,88.89%,1,1,2.44%,14.29%,"519,50 €","519,50 €",1,1
B07MTPRBVM,B07MTPRBVM,"HENDI Plancha acanalada de asar y freír, bandeja parilla asador grill, con fondo de inducción, sartén parilla con asas y recubrimiento antiadherente, 390x260x(H) 35mm, aluminio fundido",H629130,213,4,0.00%,0.00%,269,4,0.00%,0.00%,36.29%,50.00%,1,0,0.47%,0.00%,"30,19 €","0,00 €",1,0
B0DN1WHKRN,B07MTQX6HD,"HENDI Accesorio batidor de varillas 185mm, recambio para la batidora de mano 222140 de HENDI, varilla agitadora, mezclador, Poliamida, Acero inoxidable",H222164,526,80,0.01%,0.07%,572,85,0.01%,0.05%,38.35%,17.91%,1,0,0.19%,0.00%,"110,29 €","0,00 €",1,0
B07MZHHXMS,B07MZHHXMS,"HENDI Descalcificador de agua, 16L",H231234,69,10,0.00%,0.01%,84,13,0.00%,0.01%,62.03%,8.33%,1,0,1.45%,0.00%,"178,00 €","0,00 €",1,0
B0H2W8M8TX,B07N8RNG1R,ARCOS Tabla Cocina Fibra Celulosa y Resina 24x14 cm,708000,"2,447",58,0.06%,0.05%,"3,323",76,0.06%,0.05%,2.79%,0.00%,1,0,0.04%,0.00%,"14,99 €","0,00 €",1,0
B07N8VFZP2,B07N8VFZP2,ARCOS Tabla de Cortar Fibra de Resina y Celulosa,708100,"5,107",125,0.12%,0.11%,"7,745",177,0.13%,0.11%,0.03%,1.89%,1,1,0.02%,0.80%,"20,99 €","20,99 €",1,1
B07N8VHFLF,B07N8VHFLF,Arcos - Cubertería Burdeos Arcos 24 piezas,592400,562,12,0.01%,0.01%,770,17,0.01%,0.01%,92.99%,100.00%,1,0,0.18%,0.00%,"69,99 €","0,00 €",1,0
B085SP2NWD,B07N9C9NG4,"HENDI Caja para masa de pizza y de pan, 24L, caja de fermentación, apilable, sin tapa, apta para alimentos, recipiente contenedor porta masa alimentos, sin BPA, 600x400x(H) 130mm, HDPE",H880920,409,37,0.01%,0.03%,586,72,0.01%,0.04%,15.11%,0.00%,1,0,0.24%,0.00%,"21,99 €","0,00 €",1,0
B092TQ1P72,B07NDSZJQY,"Arcos Serie Cuchillos de Mesa Caja 12 uds Cuchillo Chuletero, Hoja Serrada de Acero Inoxidable NITRUM de 115 mm, Mango Polioximetileno Color negro (12 UDS)",374800_12piezas,47,4,0.00%,0.00%,73,5,0.00%,0.00%,68.66%,80.00%,2,2,4.26%,50.00%,"149,97 €","149,97 €",1,1
B07PMSJNHB,B07PMSJNHB,HENDI Calientaplatos GN 1/2 con acabado satinado - Profi Line - 4 L - 365x370x(H)280 mm,H470268,15,3,0.00%,0.00%,25,4,0.00%,0.00%,34.78%,50.00%,2,2,13.33%,66.67%,"256,50 €","256,50 €",1,1
B0DN1Y1ZZQ,B07PPWT5QF,HENDI Máquina embutidora de salchichas Profi Line - 3 L - 300x340x(H)570 mm,H282571,10,0,0.00%,0.00%,20,0,0.00%,0.00%,76.47%,0.00%,1,0,10.00%,0.00%,"222,62 €","0,00 €",1,0
B07Q37YYYV,B07Q37YYYV,"HENDI Carro de ingredientes, AmerBox, contenedor para almacenar alimentos secos, carro transportador de harina, azúcar, sal, granos, arroz, 82L, 355x720x(H)600mm, blanco, polipropileno",H877913,83,12,0.00%,0.01%,124,17,0.00%,0.01%,20.00%,87.50%,2,2,2.41%,16.67%,"421,48 €","421,48 €",1,1
B07Q3817ZQ,B07Q3817ZQ,"HENDI Mesa refrigerada Arktic de 2 puertas con 2 estantes ajustables, -2/8°C, 220 L, descongelación automática, pantalla digital, 230V/270W, 1200x600x(H) 800 mm, acero inoxidable",H233344,68,12,0.00%,0.01%,103,20,0.00%,0.01%,97.59%,94.12%,1,1,1.47%,8.33%,"1.549,01 €","1.549,01 €",1,1
B07Q46FBLN,B07Q46FBLN,"HENDI Lavavajillas industrial, para cestas 40x40cm, con control electromecánico, máquina lavaplatos lavavasos lavacopas, 230V, 2800W, 470x510x(H)710mm, acero inoxidable",H233009,163,20,0.00%,0.02%,229,26,0.00%,0.02%,75.51%,61.90%,1,0,0.61%,0.00%,"1.625,00 €","0,00 €",1,0
B07Q7KSTHF,B07Q7KSTHF,"HENDI Lavavajillas industrial, para cestas 50x50cm, con control electromecánico, máquina lavaplatos lavavasos lavacopas, 400V, 6600W, 570x600x(H)830mm, acero inoxidable",H233054,54,6,0.00%,0.01%,61,8,0.00%,0.00%,98.31%,100.00%,1,0,1.85%,0.00%,"2.185,00 €","0,00 €",1,0
B0BX9XQD5Y,B07SDTN4RY,"Arcos Set Cuchillos Mondadores de Cocina. Juego de 36 Piezas Acero Inoxidable, para Pelar Frutas y Verduras. Mango Ergonómico Polipropileno. Serie Nova. Naranja. Amarillo y Coral",806200_pack36pzs,342,38,0.01%,0.03%,410,45,0.01%,0.03%,78.46%,77.50%,1,0,0.29%,0.00%,"69,90 €","0,00 €",1,0
B08QFNRVTL,B0816YRBQB,"HENDI Carrito de Servicios, de Cocina, de Restaurante, Multiusos, 5 estantes, 4 Ruedas giratorias, 2 con Freno, Carga máxima por Estante 50kg, encimera 794x539mm, 905x585x(H) 1545mm, Acero Inoxidable",H810125,24,4,0.00%,0.00%,49,14,0.00%,0.01%,70.00%,81.82%,1,0,4.17%,0.00%,"284,75 €","0,00 €",1,0
B08KGGSRPL,B0816ZLJN6,"HENDI Placa de inducción de sobremesa, 60–240°C, 3500W, negro",H239421,144,3,0.00%,0.00%,207,5,0.00%,0.00%,26.20%,0.00%,1,0,0.69%,0.00%,"254,75 €","0,00 €",1,0
B08PVZ797N,B0816ZSB4Y,"HENDI Fuente de Chocolate de 6 Niveles, Capacidad: hasta 8 kg, 230 V / 300 W, Ø370x(H)840 mm, Acero Inoxidable",H274163,29,8,0.00%,0.01%,56,9,0.00%,0.01%,83.33%,100.00%,1,1,3.45%,12.50%,"649,00 €","649,00 €",1,1
B08P41X49K,B081QHJP5M,HENDI Lámpara doble de calentamiento por infrarrojos - Negro - 230V / 500W - 453x360x(H)790 mm,H273913,103,22,0.00%,0.02%,122,22,0.00%,0.01%,63.46%,70.59%,1,0,0.97%,0.00%,"159,75 €","0,00 €",1,0
B082PFVPWM,B082PFVPWM,HENDI Espátula para pizza cuadrada - 1320x305 mm,H617175,11,0,0.00%,0.00%,16,0,0.00%,0.00%,84.62%,0.00%,1,0,9.09%,0.00%,"50,95 €","0,00 €",1,0
B0843VGDCV,B0843VGDCV,"Arcos Cuchillo Santoku Acero Inoxidable. Cuchillo japonés afilado para pescado, carne y verduras. Mango ergonómico polioximetileno y Hoja 140 mm. Serie Opera. Color negro.",226900_fbm,110,1,0.00%,0.00%,146,6,0.00%,0.00%,76.26%,0.00%,1,0,0.91%,0.00%,"26,99 €","0,00 €",1,0
B0FQNZM34T,B0843VWTWD,Arcos Cuchillo Chef Acero Inoxidable. Cuchillo cocina profesional multipropósito para cortar y limpiar verduras. Mango ergonómico polioximetileno y Hoja 260 mm. Serie Opera. Color negro.,225300_fbm,139,2,0.00%,0.00%,156,2,0.00%,0.00%,19.57%,100.00%,1,0,0.72%,0.00%,"42,99 €","0,00 €",1,0
B084TKXDVC,B084TKXDVC,HENDI Matamoscas 300m² - 230V / 40W - 470x100x(H)263 mm,ES-FU1B-EVMI,152,6,0.00%,0.01%,181,9,0.00%,0.01%,59.41%,11.11%,3,3,1.97%,50.00%,"254,25 €","254,25 €",1,1
B08KFQBJWQ,B0857QPRNB,"HENDI Percolador de café 7L, de una pared, con filtro incorporado y grifo antigoteo, para café molido grueso, 230V, 50/60Hz, 1050W, 307x330x(H) 450mm, negro mate, acero inoxidable, PP",H211472,53,8,0.00%,0.01%,63,10,0.00%,0.01%,78.95%,66.67%,1,1,1.89%,12.50%,"138,75 €","138,75 €",1,1
B085M1CQ5D,B085M1CQ5D,"HENDI Hervidor de agua eléctrico 9L, dispensador de bebidas calientes, termo de una pared para vino, té, hasta 100°C, 230V, 50/60Hz, 950W, 307x330x(H)450mm, acero inoxidable satinado, PP",H211410,153,16,0.00%,0.01%,200,22,0.00%,0.01%,80.34%,57.14%,1,0,0.65%,0.00%,"106,48 €","0,00 €",1,0
B0D1D18BH3,B0862TLGR9,HENDI Guante para ostras - Medio - L 305 mm,H8711369556665,23,0,0.00%,0.00%,29,0,0.00%,0.00%,50.00%,0.00%,2,0,8.70%,0.00%,"74,80 €","0,00 €",1,0
B0D1CW2XD1,B086B3NFTN,HENDI Termómetro infrarrojo con sonda - Gris claro - -60/350˚C - 39x53x(H)158 mm,H271254,31,10,0.00%,0.01%,38,14,0.00%,0.01%,84.21%,92.31%,1,0,3.23%,0.00%,"109,50 €","0,00 €",1,0
B08CNGLJR3,B08CNGLJR3,"HENDI Guantes para Barbacoa, 1 Par, Resistentes al Calor hasta 250°C, de Cuero Vacuno, Guantes de Protección Térmicos para Horno, Parrilla o Cocina, 46cm de Largo, Amarillo Mostaza y Gris",H556689,12,1,0.00%,0.00%,14,1,0.00%,0.00%,66.67%,100.00%,1,1,8.33%,100.00%,"35,95 €","35,95 €",1,1
B08HTZ61MK,B08HTZ61MK,Arcos Cuchillos de Carne | Cuchillos para Carne 6 Unidades | Cuchillos de Carne Aptos Lavavajillas | Alta Resistencia | Acero Inoxidable | Mango Polipropileno | Negro | Envase Eco,600,213,1,0.00%,0.00%,285,1,0.00%,0.00%,100.00%,100.00%,1,0,0.47%,0.00%,"20,00 €","0,00 €",1,0
B08QD944ZJ,B08QD944ZJ,Arcos Bolsa Cuchillos Bolsa Cuchillos Cocina Profesional Estuche Profesional Porta Cuchillos 10 pzas | 42 cm Largo | Asa para Transportar| Cuero Color Miel| Hebilla Ajustable,694800,205,1,0.00%,0.00%,247,1,0.00%,0.00%,47.58%,0.00%,1,0,0.49%,0.00%,"209,99 €","0,00 €",1,0
B08QMBMN1G,B08QMBMN1G,Arcos Bolsa Cuchillos Bolsa Cuchillos Cocina Profesional Estuche Profesional Porta Cuchillos 5 pzas | 42 cm Largo | Asa para Transportar| Cuero Color Miel| Hebilla Ajustable,695100,384,10,0.01%,0.01%,458,13,0.01%,0.01%,93.76%,100.00%,1,0,0.26%,0.00%,"123,95 €","0,00 €",1,0
B08SM74SYV,B08SM74SYV,HENDI Picador de hielo 3L - eléctrica,H271599,44,11,0.00%,0.01%,56,13,0.00%,0.01%,58.49%,75.00%,1,1,2.27%,9.09%,"379,00 €","379,00 €",1,1
B08YDRLRCD,B08TWSZF3Q,Arcos Serie Thera | Asas Repuesto para Cacerolas 24 y 28 cm (718700 y 718800) y Grill 34x26 cm (719500) | Color Negro y Azul,719600,49,0,0.00%,0.00%,53,0,0.00%,0.00%,28.85%,0.00%,1,0,2.04%,0.00%,"10,99 €","0,00 €",1,0
B0CQLQ57BT,B08TX1652W,"Arcos Cazo Antiadherente 16 cm, Aluminio Fundido, Apto para Todas las Cocinas, Mango Ergonómico, Ahorro Energético, Lavavajillas, Negro/Azul, Serie Thera",719000,719,15,0.02%,0.01%,978,16,0.02%,0.01%,18.75%,57.14%,1,0,0.14%,0.00%,"19,99 €","0,00 €",1,0
B0D1CWK1B4,B08YK93YRX,"HENDI Infusor de humo, pistola de ahumado, también para té y especias, cámara de humo extraíble, uso con una mano, alimentos, queso, bebidas, cócteles, 90 x 54 x 122 cm,aluminio",H199992,116,8,0.00%,0.01%,169,11,0.00%,0.01%,40.54%,25.00%,2,0,1.72%,0.00%,"60,50 €","0,00 €",1,0
B095YCZR93,B095YCZR93,"HENDI Sifón de cocina, con 3 boquillas de polipropileno y cepillo de limpieza, sifón para montar nata, espumas, mousses, postres, espumado en frío, 0,5L, ø80x(H)260mm, aluminio, amarillo pastel",H975855,75,12,0.00%,0.01%,90,20,0.00%,0.01%,54.65%,69.23%,2,2,2.67%,16.67%,"79,98 €","79,98 €",1,1
B095YD97F4,B095YD97F4,"HENDI Sifón de cocina, con 3 boquillas de polipropileno y cepillo de limpieza, sifón para montar nata, espumas, mousses, postres, espumado en frío, 0,5L, ø80x(H)260mm, aluminio, rosado pastel",H975886,16,1,0.00%,0.00%,26,1,0.00%,0.00%,15.38%,100.00%,1,1,6.25%,100.00%,"39,99 €","39,99 €",1,1
B09TX34H64,B095YDFVH1,"HENDI Sifón de cocina, con 3 boquillas de polipropileno y cepillo de limpieza, sifón para montar nata, espumas, mousses, postres, espumado en frío, 0,5L, ø80x(H)260mm, aluminio, azul pastel",H975862,64,13,0.00%,0.01%,78,17,0.00%,0.01%,46.84%,66.67%,6,6,9.38%,46.15%,"239,94 €","239,94 €",1,1
B0987KNJLQ,B0987KNJLQ,Arcos | cuchillos de mesa cuchillo mesa FILO LISO | 6 Piezas cuchillo chuletero | mango monoblock | Acero Inoxidable | Envase Eco,814100FBM,529,9,0.01%,0.01%,688,10,0.01%,0.01%,100.00%,100.00%,1,0,0.19%,0.00%,"29,99 €","0,00 €",1,0
B09KJLG7BT,B098XWCFXT,CUPERINOX Jamonero Profesional | soporte de jamon | 5 Piezas | tabla jamonera | soporte jamonero | Kit Jamonero (tabla + cuchillo + afilador + pinza + cubre jamon,20229_,"1,491",14,0.03%,0.01%,"1,780",21,0.03%,0.01%,92.59%,100.00%,1,0,0.07%,0.00%,"54,99 €","0,00 €",1,0
B09CGYZ71L,B09CGYZ71L,CUPERINOX Tijeras Cocina | Tijeras de Trinchar | Tijeras Pollo | Tijera Pescado | Tijera Acero Inoxidable | 5 Funciones | Tijeras Multiusos | Mango Ergonomico | Apto Lavavajillas,21973_fbm,19,1,0.00%,0.00%,19,1,0.00%,0.00%,94.74%,100.00%,1,0,5.26%,0.00%,"9,99 €","0,00 €",1,0
B0DDSBBMJ1,B09GPSKR41,"HENDI Tostador de cinta doble - 230V / 50Hz / 2240W - 418x368x(H)387 mm, negro, acero inoxidable",H261354,93,29,0.00%,0.03%,143,36,0.00%,0.02%,33.61%,44.00%,1,0,1.08%,0.00%,"539,50 €","0,00 €",1,0
B09JCL3T22,B09JCL3T22,"HENDI Carro bandejero doble móvil, 30 x GN 1/1, capacidad de carga 150 kg, 798x610x(H)1710mm, acero inoxidable",H810576,50,14,0.00%,0.01%,56,18,0.00%,0.01%,98.11%,100.00%,1,0,2.00%,0.00%,"399,00 €","0,00 €",1,0
B09JCMJWGD,B09JCMJWGD,"HENDI Carrito de servicios, de cocina, de restaurante, multiusos, 4 estantes, 4 ruedas giratorias, 2 con freno, carga máxima por estante 50kg, encimera 794x539mm, 905x585x(H)1245mm, acero inoxidable",H810118,32,3,0.00%,0.00%,40,3,0.00%,0.00%,86.11%,100.00%,1,0,3.13%,0.00%,"220,00 €","0,00 €",1,0
B09S77KHJS,B09NC6H644,"HENDI Arrocera, Función de Mantenimiento del Calor, 23 Tazas de Arroz Seco, Vaso Medidor y Cuchara Arrocera, 230V, 1550W, ø380x(H)240mm, aluminio, 4,2L",H240441,37,5,0.00%,0.00%,50,5,0.00%,0.00%,71.74%,66.67%,1,0,2.70%,0.00%,"123,99 €","0,00 €",1,0
B09S5DTFSC,B09S5DTFSC,"HENDI Mezclador Profesional de Bebidas, Aireador/Batidor de Bebidas Ligeras, Frappés, Capuchinos Fríos, Drink Mixer, Incluye 2 Vasos y 4 Agitadores, 230V/400W, 170x196x(H)490mm, Amarillo",H221631,47,6,0.00%,0.01%,61,10,0.00%,0.01%,40.35%,22.22%,1,0,2.13%,0.00%,"158,25 €","0,00 €",1,0
B09S5PMZW9,B09S5PMZW9,"HENDI Lavavajillas industrial, para cestas 50x50cm, con control electrónico, máquina lavaplatos lavavasos lavacopas, 400V, 6600W, 570x600x(H)830mm, acero inoxidable",H231753,110,17,0.00%,0.01%,138,30,0.00%,0.02%,97.54%,91.67%,1,0,0.91%,0.00%,"2.350,00 €","0,00 €",1,0
B09S5PMZY7,B09S5PMZY7,"HENDI Mandolina japonesa Shōgun, rebanador y cortador manual con hoja plana ajustable (1-5mm), 380x180x(H)45mm, acero inoxidable, ABS, PP, beige",H221297,52,0,0.00%,0.00%,62,0,0.00%,0.00%,42.11%,0.00%,1,0,1.92%,0.00%,"62,50 €","0,00 €",1,0
B09S5TVR4R,B09S5TVR4R,"HENDI Serrín de madera para ahumar en frío, virutas de madera fina, aromático, set, conjunto de 9 aromas, almendro/haya/olivo/cítricos/roble/durazno/vino tinto/whisky/cognac, ahumadores,1.4kg (9x150g)",H199794,11,1,0.00%,0.00%,13,2,0.00%,0.00%,91.67%,100.00%,1,1,9.09%,100.00%,"58,50 €","58,50 €",1,1
B09S5Z848J,B09S5Z848J,"HENDI Lavavajillas industrial, para cestas 50x50cm, con control electrónico, máquina lavaplatos lavavasos lavacopas, 230V, 3600W, 570x600x(H)830mm, acero inoxidable",H237540,36,2,0.00%,0.00%,47,2,0.00%,0.00%,80.00%,100.00%,1,0,2.78%,0.00%,"2.395,00 €","0,00 €",1,0
B09S62XK6F,B09S62XK6F,"HENDI Mezclador Profesional de Bebidas, Aireador/Batidor de Bebidas Ligeras, Frappés, Capuchinos Fríos, Drink Mixer, Incluye 2 Vasos y 4 Agitadores, 230V/400W, 170x196x(H)490mm, Azul",H221655,35,2,0.00%,0.00%,56,2,0.00%,0.00%,75.56%,50.00%,1,0,2.86%,0.00%,"154,75 €","0,00 €",1,0
B09SB59NMS,B09SB59NMS,"HENDI Máquina calienta nachos,Vitrina expositora calienta nachos, tortillas, palomitas de maíz, 230V, 500W, 400x344x(H)525mm, acero inoxidable 18/0, vidrio templado ahumado, negro",H282779,164,24,0.00%,0.02%,208,32,0.00%,0.02%,62.70%,44.00%,1,0,0.61%,0.00%,"294,50 €","0,00 €",1,0
B0D1CVXD6M,B09SH9MVJM,"HENDI Batidor en espiral, cuchara mágica, batidor-mezclador manual de huevos, leche, cremas, salsas, aderezos, aliños, utensilio de cocina, mini batidor-mezclador, (L)280mm, acero inoxidable",H509487,46,4,0.00%,0.00%,59,4,0.00%,0.00%,46.94%,100.00%,5,5,10.87%,125.00%,"46,25 €","46,25 €",1,1
B09TGVPHWW,B09TGVPHWW,"HENDI Coctelera, BarUp, coctelera Boston Tin-on-Tin, uso universal, 2 vasos mezcladores contrapesados: de 600ml, ø90x(H)140mm y de 800ml, ø92x(H)174mm, acero inoxidable cobreado",H593318,15,1,0.00%,0.00%,23,1,0.00%,0.00%,57.14%,100.00%,1,1,6.67%,100.00%,"28,98 €","28,98 €",1,1
B09ZLJL6JF,B09XDZ78X8,Arcos Serie Lyon - Cuchillo Santoku | Cuchillo Arcos - Hoja de Acero Inoxidable Forjado NITRUM de 180 mm - Mango de Polioximetileno (POM) - Color Negro,253500_,74,3,0.00%,0.00%,82,3,0.00%,0.00%,95.95%,100.00%,1,0,1.35%,0.00%,"34,99 €","0,00 €",1,0
B09XF4MLJT,B09XF4MLJT,Arcos Serie Clara - Set 4 Cuchillos de Cocina (Mondador + Cocina + Chef + Tijeras) - Acero Inoxidable Forjado NITRUM - Mango Inyectado de Polipropileno - Color Negro,819010_fbm,142,4,0.00%,0.00%,184,5,0.00%,0.00%,99.40%,100.00%,1,0,0.70%,0.00%,"59,99 €","0,00 €",1,0
B0B1JPHSBX,B0B1JPHSBX,"HENDI Limpiador de acero inoxidable, limpiador de acero inoxidable, limpiador de superficies de acero inoxidable y aluminio, botella de spray de 500 ml",H976784,10,0,0.00%,0.00%,14,0,0.00%,0.00%,57.14%,0.00%,3,0,30.00%,0.00%,"51,57 €","0,00 €",1,0
B0B42TM6J7,B0B42TM6J7,CUPERINOX | Tijeras de manicura para uñas | Tijera corta uñas con hojas curvas para las uñas de las manos | Fabricado en Acero Inoxidable 9 cm,21940,21,2,0.00%,0.00%,24,2,0.00%,0.00%,100.00%,0.00%,1,0,4.76%,0.00%,"9,99 €","0,00 €",1,0
B0CZF9QPYH,B0B74XKWQ6,"HENDI Olla de cocina, baja, sin tapa, caldero, cacerola, apta para fogones de gas, de inducción, eléctricos y de cerámica, apta para el lavavajillas, 7,3L, ø280x(H)120mm, acero inoxidable",H837672,14,2,0.00%,0.00%,17,3,0.00%,0.00%,70.59%,100.00%,1,1,7.14%,50.00%,"49,95 €","49,95 €",1,1
B0CL3H7NJC,B0BHJ4NDXK,"HENDI Parrilla Eléctrica de Contacto XL, Grill/Plancha Panini y Sandwichera Profesional, Placas Acanaladas de Hierro Fundido Esmaltado, 230V, 2700W, 540x424x(H)216mm, Acero Inoxidable",H263624,140,8,0.00%,0.01%,226,14,0.00%,0.01%,87.26%,75.00%,1,0,0.71%,0.00%,"465,00 €","0,00 €",1,0
B0BMG12PCC,B0BMG12PCC,"HENDI Tapa para Recipientes GN 2/3, de Acero Inoxidable, con Borde de Silicona y Válvula de Vacío, Cierre Hermético, Resistente de -40° a 121°C, 354x325mm",H807613,18,1,0.00%,0.00%,19,1,0.00%,0.00%,75.00%,0.00%,2,0,11.11%,0.00%,"68,62 €","0,00 €",1,0
B0H4HJ1QBT,B0BS9ZL3YS,Xpartan Clean | 500 ml | Limpiador de Suelos Multisuperficie para Robots de Limpieza | Concentrado y Perfumado para todo tipo de Robots y Marcas,XPARTAN,81,3,0.00%,0.00%,99,3,0.00%,0.00%,95.88%,100.00%,1,0,1.23%,0.00%,"13,99 €","0,00 €",1,0
B0C5XQ76DR,B0C5XQ76DR,Arcos Soporte de Cuchillos Petra - Hecho de piedra caliza y madera - 28x36x7 cm - Capacidad 6 cuchillos (CUCHILLOS NO INCLUIDOS),795500,107,3,0.00%,0.00%,135,4,0.00%,0.00%,94.40%,100.00%,1,0,0.93%,0.00%,"194,50 €","0,00 €",1,0
B0C69879YM,B0C69879YM,CUCHILLO COCINA 11 cm. FILO NACAR,10070_PACK6,25,0,0.00%,0.00%,39,0,0.00%,0.00%,65.71%,0.00%,1,0,4.00%,0.00%,"9,99 €","0,00 €",1,0
B0CN13FLZF,B0CN13FLZF,"HENDI Salamandra eléctrica profesional, GN 1/1, 50-300°C, 220V, 2850W, 770x485x(H)305mm, acero inoxidable",H264126,32,11,0.00%,0.01%,56,34,0.00%,0.02%,30.61%,12.00%,1,1,3.13%,9.09%,"375,00 €","375,00 €",1,1
B0CQMCVGKH,B0CQMCVGKH,"HENDI Chafing Dish Eléctrico UNIQ, 12,5L, Blanco",H470428,53,6,0.00%,0.01%,73,6,0.00%,0.00%,35.48%,60.00%,3,0,5.66%,0.00%,"625,17 €","0,00 €",1,0
B0CQMGXXSW,B0CQMGXXSW,"HENDI Chafing Dish Eléctrico UNIQ, 12,5L, Verde",H470435,107,24,0.00%,0.02%,148,39,0.00%,0.02%,32.00%,26.47%,1,1,0.93%,4.17%,"161,98 €","161,98 €",1,1
B0CT92MB4W,B0CT92MB4W,CUPERINOX Cuchillo patatero clasico nacar,10060,39,0,0.00%,0.00%,61,0,0.00%,0.00%,100.00%,0.00%,1,0,2.56%,0.00%,"2,99 €","0,00 €",1,0
B0CVQ9VC42,B0CVQ9VC42,"HENDI BarUp Coctelera Boston Tin-on-Tin, 0,8L",H596401,"1,309",116,0.03%,0.10%,"1,798",164,0.03%,0.10%,1.79%,1.48%,1,0,0.08%,0.00%,"14,99 €","0,00 €",1,0
B0CVQKBDSJ,B0CVQKBDSJ,"HENDI Tostadora de pan, 4 ranuras extra anchas, 2 zonas de calentamiento, tostador, 7 niveles de tostado, 3 funciones: tostar, decongelar y recalentar, 240V, 1500W, 295x335x(H)180mm, acero inoxidable",H261187,27,1,0.00%,0.00%,32,2,0.00%,0.00%,80.00%,100.00%,1,1,3.70%,100.00%,"80,76 €","80,76 €",1,1
B0D3748MFS,B0D3748MFS,VINFERMATON – Insecticida Cucarachas y Hormigas Antihormigas Instantáneo 600 ml | Spray Eliminador Insectos Rastreros Interior y Exterior | Acción Rápida Profesional | 100% MADE IN SPAIN,V0011,596,26,0.01%,0.02%,834,31,0.01%,0.02%,0.25%,11.11%,2,2,0.34%,7.69%,"17,98 €","17,98 €",1,1
B0D66VBGCN,B0D66VBGCN,"HENDI Batidora de mano, brazo batidor: 300mm, velocidad variable: 4000 a 16000 RPM, procesa hasta 30L, batidora de brazo, de inmersión, ø100x(H)716mm, 230V/350W, acero inoxidable, poliamida",H221327,9,3,0.00%,0.00%,9,3,0.00%,0.00%,88.89%,100.00%,1,1,11.11%,33.33%,"215,00 €","215,00 €",1,1
B0D66VZ93P,B0D66VZ93P,"HENDI Máquina para hacer cubitos de hielo, Arktic, cubitos bala huecos, 12kg/24h, fabricador de cubitos de hielo, hielera, 230V/100W, 242x358x(H)328mm, acero inoxidable, ABS",H271292,47,0,0.00%,0.00%,54,0,0.00%,0.00%,88.24%,0.00%,1,0,2.13%,0.00%,"189,95 €","0,00 €",1,0
B0D7W8PBTP,B0D7W8PBTP,"HENDI Cesta para pan, panera, cesta-contenedor portapanes para exhibir y almacenar panes, reforzada con marco de acero inoxidable, cesta expositora, cesta de presentación, 595x395x(H)105mm, polirratán",H427248,9,4,0.00%,0.00%,12,4,0.00%,0.00%,100.00%,100.00%,3,3,33.33%,75.00%,"124,51 €","124,51 €",1,1
B0DKP68T32,B0DJBZPC79,Arcos Serie Eclipse - Cuchillo Cocinero - Hoja de Acero Inoxidable Forjado con Filo Seda Plus de 150 mm - Pulido Brillo Especial - Mango Acrílico - Color Negro,213400_,285,6,0.01%,0.01%,341,6,0.01%,0.00%,77.12%,66.67%,1,1,0.35%,16.67%,"61,99 €","61,99 €",1,1
B0DNTJPHVR,B0DNTJPHVR,"Cuperinox Botella de Agua Térmica - Acero Inoxidable Doble Pared con Tapa Hermética, Libre de BPA, Ideal para Mantener Bebidas Calientes o Frías por Horas, Perfecta para Deporte, Oficina y Viajes",26006_,227,2,0.01%,0.00%,341,3,0.01%,0.00%,10.07%,0.00%,1,0,0.44%,0.00%,"14,99 €","0,00 €",1,0
B0DPLG5V7Q,B0DPKNBVYD,CUPERINOX Tazas de Cafe con leche de Cristal - Vaso cafe - Vaso Cristal - 270ml (Set de 2) - Apto para Lavavajillas y Microondas - Aroma Series,26122_,147,3,0.00%,0.00%,174,3,0.00%,0.00%,100.00%,100.00%,1,0,0.68%,0.00%,"19,99 €","0,00 €",1,0
B0DTK8VD9V,B0DTK8VD9V,"HENDI Freidora eléctrica XL GOLIATH, con grifo de vaciado, 50 °C-190 °C, zona fría, con tapa y cesta de freír, 10L, muy potente: 10200W, 400V, 300x585x(H)392mm, acero inoxidable",H209431,46,5,0.00%,0.00%,66,9,0.00%,0.01%,91.38%,83.33%,1,0,2.17%,0.00%,"449,00 €","0,00 €",1,0
B0DTK9SFBV,B0DTK9SFBV,"HENDI Rodillo de amasar, con rodamientos, rodillo de cocina, rodillo de repostería - panadería, para hacer pan, pizza, galletas, para grandes cantidades de masa, macizo, ø90x545mm, aluminio",H515174,37,0,0.00%,0.00%,53,0,0.00%,0.00%,80.43%,0.00%,1,0,2.70%,0.00%,"51,25 €","0,00 €",1,0
B0DTK9YYPL,B0DTK9YYPL,"HENDI Horno mixto de convección a vapor con pantalla táctil, 5xGN 2/3, ventilador autoreversible, 99 programas, vapor ajustable 10–100%, 30–270°C, 230V, 3200W, 550x754x(H)662mm, acero inoxidable",H219942,53,13,0.00%,0.01%,83,35,0.00%,0.02%,98.51%,100.00%,1,1,1.89%,7.69%,"2.695,00 €","2.695,00 €",1,1
B0DTKB1K7D,B0DTKB1K7D,"HENDI Horno mixto de convección a vapor con controles analógicos, 5xGN 2/3, ventilador con inversión automática, 5 niveles de vapor, 100–270°C, 230V, 3200W, 550x754x(H)662mm, acero inoxidable",H219911,57,20,0.00%,0.02%,75,30,0.00%,0.02%,79.03%,60.00%,1,1,1.75%,5.00%,"2.294,99 €","2.294,99 €",1,1
B0DWFRFHZ9,B0DWFRFHZ9,"HENDI Cortador de pizza profesional, para uso intensivo, cuchilla grande y gruesa de acero inoxidable, mango de polipropileno, rueda hoja rodillo cortapizzas, pizza cutter, ø97x240mm, naranja",H618127,19,2,0.00%,0.00%,24,2,0.00%,0.00%,40.91%,0.00%,1,0,5.26%,0.00%,"27,31 €","0,00 €",1,0
B0DX26HV93,B0DX26HV93,"HENDI Hervidor de Sopa Eléctrico UNIQ, 8L, Beis",H860557,62,6,0.00%,0.01%,82,6,0.00%,0.00%,44.59%,16.67%,1,1,1.61%,16.67%,"173,99 €","173,99 €",1,1
B0F3NNXWYZ,B0F3NNXWYZ,"HENDI Conjunto de bar en un tubo, BarUp, utensilios para el barman: coctelera Boston Tin-on-Tin, colador Hawthorne, jigger, machacador y cuchara de barra, ø120x(H)320mm, acero inoxidable cobreado",H596623,54,7,0.00%,0.01%,73,9,0.00%,0.01%,47.69%,75.00%,1,1,1.85%,14.29%,"36,77 €","36,77 €",1,1
B0G3ZJ89NB,B0FZCJ46CM,CUPERINOX - Set Cuchillo Jamonero+ Deshuesador Profesional Forjado 2 Piezas | Cuchillo Jamonero Alveolado 25 cm y Deshuesador 15 cm |Corte Fino y Equilibrado | Aptos para lavavajillas,19303_fba,"2,539",73,0.06%,0.06%,"3,571",107,0.06%,0.07%,98.43%,100.00%,1,0,0.04%,0.00%,"24,99 €","0,00 €",1,0
B0G216DHWY,B0G216DHWY,"BIOLEAF-Desincrustante Baño Antical Pack 2×750 ml (1,5 L) Elimina Cal, Marcas de Agua y Jabón – Ducha, Grifería, Azulejos y Mamparas - Limpieza Intensiva – Formato Ahorro – Sin Disruptores Endocrinos",2675,9,0,0.00%,0.00%,11,0,0.00%,0.00%,100.00%,0.00%,1,0,11.11%,0.00%,"9,99 €","0,00 €",1,0
B0G2CYKL4M,B0G2CYKL4M,"VINFER-WINS 001 – Desengrasante Industrial| Pack Ahorro: Garrafa 5L + Concentrado 250 ml | Rinde 10 Litros Totales | Limpieza Profunda de Cocinas, Hornos y Superficies | 100% Made in Spain",WC001+001,35,2,0.00%,0.00%,42,3,0.00%,0.00%,97.30%,50.00%,1,0,2.86%,0.00%,"18,99 €","0,00 €",1,0
B0G2CZGTGC,B0G2CZGTGC,WINS 007 - Pack Friegasuelos Garrafa 5 L + Concentrado 250 ml,WC007+007,54,6,0.00%,0.01%,69,8,0.00%,0.00%,90.63%,57.14%,1,0,1.85%,0.00%,"16,99 €","0,00 €",1,0
B0HF542K6S,B0G2CZGTGC,WINS 007 - Pack Friegasuelos Garrafa 5 L + Concentrado 250 ml,WC007+007,53,4,0.00%,0.00%,63,4,0.00%,0.00%,100.00%,100.00%,1,0,1.89%,0.00%,"16,99 €","0,00 €",1,0
B0G2F523YW,B0G2F523YW,VINFER- WINS017 –Limpiador Magnolia| Pack Ahorro: Garrafa 5L + Concentrado 250 ml | Rinde 10 Litros Totales | Limpieza Neutra con Fragancia Floral Elegante | 100% Made in Spain,WC017+017,28,0,0.00%,0.00%,39,0,0.00%,0.00%,100.00%,0.00%,1,0,3.57%,0.00%,"19,99 €","0,00 €",1,0
B0G3ZJ89NB,B0G2MT6K5N,"CUPERINOX Jamonero Inoxidable Giratorio | Jamonera base Inoxidable | Incluye Cuchillo Jamonero Alveolos 25 cm, Deshuesador 15 cm, Afilador y Funda para Jamón | Apto Jamones y Paletilla",20251_FBA,982,33,0.02%,0.03%,"1,359",44,0.02%,0.03%,99.14%,100.00%,1,0,0.10%,0.00%,"74,99 €","0,00 €",1,0
B0HC7F5CCG,B0GT4ZF8HZ,Limpiador Alto Brillo | 2 Litros,GARRAFITA-ALTO BRILLO,83,4,0.00%,0.00%,103,4,0.00%,0.00%,98.98%,75.00%,5,5,6.02%,125.00%,"49,97 €","49,97 €",1,1
B0GT4ZF8HZ,B0GT4ZF8HZ,Limpiador Alto Brillo | 2 Litros,GARRAFITA-ALTO BRILLO,19,0,0.00%,0.00%,22,0,0.00%,0.00%,90.91%,0.00%,1,0,5.26%,0.00%,"9,99 €","0,00 €",1,0
B0GT539NRJ,B0GT539NRJ,Multisuperficies Desinfectante | 2 Litros | Aroma Eucalipto,LAGARRAFITA MULTISUPERFICIES,29,5,0.00%,0.00%,34,6,0.00%,0.00%,90.91%,100.00%,1,0,3.45%,0.00%,"9,99 €","0,00 €",1,0
B0H4NQKX27,B0H4NQKX27,"VINFERMATÓN PRO I-79 Laca Insecticida Rastreros 750 ml | Anticucarachas y Antihormigas | Efecto Barrera Permanente | Eficaz contra Cucarachas, Hormigas y Chinches",VINFERMATÓN PRO I-79,8,0,0.00%,0.00%,10,0,0.00%,0.00%,100.00%,0.00%,1,0,12.50%,0.00%,"14,99 €","0,00 €",1,0
B0H4P51GC4,B0H4P51GC4,"VINFERMATÓN PRO L-89 Insecticida Líquido Rastreros 750 ml | Anticucarachas y Antihormigas | Spray Efecto Barrera | Eficaz contra Hormigas, Cucarachas, Pez Plata y Chinches",VINFERMATÓN PRO L-89 750ML,34,0,0.00%,0.00%,43,0,0.00%,0.00%,86.05%,0.00%,2,0,5.88%,0.00%,"29,98 €","0,00 €",1,0
B0H8SYBZD4,B0H8SYBZD4,"CUPERINOX 4 Tuppers de Vidrio Herméticos, Rectangulares, sin BPA, Meal Prep",28001,7,0,0.00%,0.00%,15,0,0.00%,0.00%,100.00%,0.00%,1,0,14.29%,0.00%,"14,99 €","0,00 €",1,0