ASIN (parent),ASIN (child),Título,SKU,Sesiones: total,Sesiones - Total - B2B,Porcentaje de sesiones: total,Porcentaje de sesiones: total - B2B,Visitas: total,Visitas - Total - B2B,Porcentaje de visitas: total,Porcentaje de visitas - Total - B2B,Porcentaje de ofertas destacadas (Buy Box),Porcentaje de ofertas destacadas: B2B,Unidades encargadas,Unidades encargadas - B2B,Porcentaje de unidades por sesión,Porcentaje de sesiones de unidades - B2B,Ventas de productos encargados,Ventas de productos encargados: B2B,Total de artículos de un pedido,Total de artículos de un pedido - B2B
B09KJLG7BT,B08KW4BFZ9,CUPERINOX Jamonero Profesional | Soporte jamonero Tipo Gondola| Base de Corte para Usar con Cuchillo jamonero | Jamon iberico | Fabricado en España,2020CUP,"43,846",668,0.71%,0.45%,"65,045","1,001",0.74%,0.47%,96.40%,96.65%,"5,546",175,12.65%,26.20%,"72.908,86 €","2.274,81 €","5,423",99
B08J488ZQG,B089QP6MYJ,Arcos Juego Cuchillos Carne | 6 Piezas | Cuchillos carne cuchillo chuleteros | cubiertos acero inoxidable | Hoja 110 mm | mango monobloque | aptos lavavajillas | Caja Envase Ecológico,815600_fba,"41,281","1,119",0.67%,0.76%,"65,554","1,851",0.74%,0.87%,99.42%,99.58%,"3,997",52,9.68%,4.65%,"100.750,91 €","1.257,75 €","3,306",26
B0BGRT2BVV,B09G9WBKPG,Arcos Juego de 6 Cuchillos de Mesa Chuleteros Hoja 110 mm Negro 705500,705500(805109),"120,119","2,662",1.94%,1.81%,"175,677","3,793",1.99%,1.79%,25.84%,8.99%,"3,665",32,3.05%,1.20%,"46.113,89 €","430,75 €","3,174",21
B09NT4VRN7,B0812BKN39,Arcos Juego de Cuchillos Mondadores de 3 Piezas,859800_barras_arcos,"301,378","5,222",4.86%,3.55%,"415,015","7,445",4.70%,3.51%,12.52%,5.75%,"3,005",28,1.00%,0.54%,"29.088,23 €","265,43 €","2,840",26
B0FDL4Q2JB,B0FDL4Q2JB,VINFERMATON – Insecticida Avispas y Avisperos Exterior Pack 2×600 ml | Antiavispas | Alcance hasta 4 m | Acción Inmediata Profesional | 100% MADE IN SPAIN,V0020_PACK2,"12,839",635,0.21%,0.43%,"19,611",900,0.22%,0.42%,93.64%,77.88%,"3,080",304,23.99%,47.87%,"50.994,50 €","4.878,58 €","2,786",187
B09DYJY471,B08MTCRCT4,Arcos Juego Cuchillos Cocina Profesionales| Cuchillos Cocina Profesional | Cuchillos Acero Inoxidable Mango Negro | utensilios de cocina | cuchillo japones Santoku | lavavajillas (5 Piezas),816800,"72,604","1,302",1.17%,0.88%,"101,340","1,766",1.15%,0.83%,99.37%,99.48%,"2,088",108,2.88%,8.29%,"62.533,37 €","3.197,57 €","2,022",76
B08MT437W9,B08MT437W9,Arcos Juego Cuchillos Cocina Profesionales| Cuchillos Cocina Profesional | 6 pzas | Cuchillos Acero Inoxidable Mango Negro | utensilios de cocina serie Niza | Apto lavavajillas,812900,"98,064","1,320",1.58%,0.90%,"125,441","1,758",1.42%,0.83%,99.02%,99.70%,"1,972",4,2.01%,0.30%,"63.968,52 €","129,96 €","1,951",4
B017HKRCGK,B005LR7A1Y,ARCOS Bolsa para Cuchillos 100% Poliéster 460x275 mm,690200_,"28,433",512,0.46%,0.35%,"44,891",735,0.51%,0.35%,67.87%,55.14%,"1,765",142,6.21%,27.73%,"26.946,45 €","2.015,33 €","1,631",50
B09DYJY471,B08MTCRCT4,Arcos Juego Cuchillos Cocina Profesionales| Cuchillos Cocina Profesional | Cuchillos Acero Inoxidable Mango Negro | utensilios de cocina | cuchillo japones Santoku | lavavajillas (5 Piezas),816800fbm,"72,604","1,302",1.17%,0.88%,"101,340","1,766",1.15%,0.83%,99.37%,99.48%,"1,448",120,1.99%,9.22%,"41.878,29 €","3.483,51 €","1,404",90
B0F1N351DY,B072FGV2YH,Arcos Juego de 6 Cuchillos Mondadores Acero Inoxidable 100 mm,189100,"86,747","2,201",1.40%,1.49%,"127,732","3,305",1.45%,1.56%,17.22%,14.37%,"1,489",5,1.72%,0.23%,"24.979,23 €","83,45 €","1,389",5
B08J488ZQG,B089QP6MYJ,Arcos Juego Cuchillos Carne | 6 Piezas | Cuchillos carne cuchillo chuleteros | cubiertos acero inoxidable | Hoja 110 mm | mango monobloque | aptos lavavajillas | Caja Envase Ecológico,815600_,"41,281","1,119",0.67%,0.76%,"65,554","1,851",0.74%,0.87%,99.42%,99.58%,"1,712",287,4.15%,25.65%,"44.371,52 €","7.247,64 €","1,341",164
B08GSTDWTC,B08LVVQ3ZQ,"Arcos Serie Nova - Cuchillo para pelar, Acero Inoxidable NITRUM, Envase Ecológico, 3 colores Fucsia, Turquesa y Amarillo",703700_,"14,353",270,0.23%,0.18%,"21,663",421,0.25%,0.20%,97.98%,99.18%,"1,428",46,9.95%,17.04%,"14.708,46 €","475,38 €","1,304",30
B08NW1VQRT,B08NW1VQRT,CUPERINOX Navaja para Setas y Champiñones | Acero Inoxidable | Con Cepillo y Funda Incluida | Micológica,2181,"8,816",151,0.14%,0.10%,"12,730",228,0.14%,0.11%,99.10%,99.19%,"1,306",30,14.81%,19.87%,"12.972,37 €","308,38 €","1,162",27
B09DYJY471,B08MQJCD2V,Arcos Juego Cuchillos Cocina Profesionales| Cuchillos Cocina Profesional | Cuchillos Acero Inoxidable Mango Negro | utensilios de cocina | cuchillo japones Santoku | lavavajillas (4 Piezas),816900,"21,424",391,0.35%,0.27%,"29,102",495,0.33%,0.23%,98.98%,100.00%,"1,129",45,5.27%,11.51%,"29.301,76 €","1.155,59 €","1,113",31
B0DPKXM18X,B0DNQT7LV3,"CUPERINOX Soporte Jamonero Balancín | Jamonero Giratorio Profesional | Jamonero Madera | Incluye Cuchillo Profesional, Afilador Funda Cubre Jamón| Jamoneros Elite Collection",20265_fbm,"36,066","1,270",0.58%,0.86%,"64,891","2,379",0.74%,1.12%,99.32%,99.74%,"1,107",28,3.07%,2.20%,"93.403,03 €","2.240,84 €","1,093",27
B08MT437W9,B08MT437W9,Arcos Juego Cuchillos Cocina Profesionales| Cuchillos Cocina Profesional | 6 pzas | Cuchillos Acero Inoxidable Mango Negro | utensilios de cocina serie Niza | Apto lavavajillas,812900fbm,"98,064","1,320",1.58%,0.90%,"125,441","1,758",1.42%,0.83%,99.02%,99.70%,"1,063",115,1.08%,8.71%,"33.155,92 €","3.660,55 €","1,025",100
B08M7BMR2S,B08LNRV6N6,"Arcos Afiladores, Afilador de Cuchillos de Mano, Hecho de ABS + TPE, Rodillos Cerámico y Carburo, Color Blanco y Negro",610624_fbm,"15,349",354,0.25%,0.24%,"19,189",424,0.22%,0.20%,99.24%,99.57%,"1,032",43,6.72%,12.15%,"14.086,39 €","580,14 €","1,006",41
B07YM65C6J,B007TS6HMQ,ARCOS Pinza para Pescado Acero Inoxidable,605000_caja,"8,878",228,0.14%,0.15%,"12,484",331,0.14%,0.16%,89.40%,87.18%,"1,021",80,11.50%,35.09%,"9.402,70 €","731,99 €",968,60
B0CYTKGNPM,B0CW68KM18,Pelador de Cocina ARCOS - Hoja de Acero Inoxidable | Mango Ergonómico | Herramienta Versátil para Pelar Frutas y Verduras,607300,"15,791",395,0.25%,0.27%,"18,950",459,0.21%,0.22%,73.89%,79.15%,948,25,6.00%,6.33%,"7.158,83 €","183,28 €",922,23
B0DPKXM18X,B0DNQT7LV3,"CUPERINOX Soporte Jamonero Balancín | Jamonero Giratorio Profesional | Jamonero Madera | Incluye Cuchillo Profesional, Afilador Funda Cubre Jamón| Jamoneros Elite Collection",20265_,"36,066","1,270",0.58%,0.86%,"64,891","2,379",0.74%,1.12%,99.32%,99.74%,874,82,2.42%,6.46%,"76.421,55 €","6.967,35 €",862,78
B089MW6B1B,B078JNZS9T,Arcos Estuche de 3 Cuchillos Básicos de Cocina. Pack de Cuchillos con Hoja de Acero Inoxidable y Mango de Polieximetileno Aptos para Lavavajillas. Serie Universal. Color Negro,807400_us,"78,349","1,491",1.26%,1.01%,"110,695","2,042",1.25%,0.96%,33.33%,32.89%,869,45,1.11%,3.02%,"36.224,03 €","1.869,55 €",859,44
B0D4WK78XV,B0D4WK78XV,CUPERINOX Aceiteras para Aceite Usado | Grasera Acero Inoxidable 550ML con Filtro Metálico | Recipiente para Aceite Usado de Cocina y Grasa | Grasera Cocina Metálica 550ML 2Uds Metálico,22105y22106,"18,764",334,0.30%,0.23%,"27,362",521,0.31%,0.25%,76.97%,93.58%,860,20,4.58%,5.99%,"9.424,75 €","220,58 €",853,20
B095SDL23Y,B095SDL23Y,Arcos | cuchillos de mesa (6 ud) | cuchillos acero inoxidable con sierra cuchillo chuletero cuchillos chuleteros | Fabricado en España,813000,"12,960",305,0.21%,0.21%,"19,046",440,0.22%,0.21%,99.69%,100.00%,938,2,7.24%,0.66%,"14.995,29 €","31,98 €",841,2
B08M7BMR2S,B00I9XTLSC,ARCOS Afilador Profesional Manual Cerámica y Carbono Rojo-Negro,610600_2,"127,841","2,559",2.06%,1.74%,"183,038","3,734",2.07%,1.76%,5.70%,6.73%,777,14,0.61%,0.55%,"10.536,01 €","187,57 €",767,14
B0G3ZJ89NB,B0G2MT6K5N,"CUPERINOX Jamonero Inoxidable Giratorio | Jamonera base Inoxidable | Incluye Cuchillo Jamonero Alveolos 25 cm, Deshuesador 15 cm, Afilador y Funda para Jamón | Apto Jamones y Paletilla",20251,"9,978",299,0.16%,0.20%,"16,743",491,0.19%,0.23%,99.85%,100.00%,689,35,6.91%,11.71%,"41.890,54 €","2.109,24 €",684,35
B08M7BMR2S,B08LNRV6N6,"Arcos Afiladores, Afilador de Cuchillos de Mano, Hecho de ABS + TPE, Rodillos Cerámico y Carburo, Color Blanco y Negro",610624,"15,349",354,0.25%,0.24%,"19,189",424,0.22%,0.20%,99.24%,99.57%,659,20,4.29%,5.65%,"8.878,02 €","256,59 €",651,20
B0D4WK78XV,B0D4WK78XV,CUPERINOX Aceiteras para Aceite Usado | Grasera Acero Inoxidable 550ML con Filtro Metálico | Recipiente para Aceite Usado de Cocina y Grasa | Grasera Cocina Metálica 550ML 2Uds Metálico,22105-22106,"18,764",334,0.30%,0.23%,"27,362",521,0.31%,0.25%,76.97%,93.58%,659,34,3.51%,10.18%,"7.410,42 €","386,67 €",648,28
B0752X1ZCK,B07G77NN26,Arcos Cuchillos de Mesa - Caja de 12 uds Cuchillo Chuletero Cuchillo de Mesa - Hoja de Acero Inoxidable NITRUM 110 mm - Mango de Nylon - Color Negro (12 uds),803000,"16,095",495,0.26%,0.34%,"24,037",730,0.27%,0.34%,98.40%,98.11%,636,44,3.95%,8.89%,"18.183,75 €","1.259,70 €",580,37
B0DNNL2TZQ,B0DNN57WC1,"CUPERINOX Aceitera de Cristal Antigoteo para Aceite de Oliva, Resistente y Fácil de Limpiar Gourmet Oil Collection (250 Ml)",22022_,"7,344",206,0.12%,0.14%,"10,390",300,0.12%,0.14%,99.41%,100.00%,618,54,8.42%,26.21%,"6.791,42 €","592,64 €",570,32
B07YM65C6J,B007TS6HMQ,ARCOS Pinza para Pescado Acero Inoxidable,605000_605010,"8,878",228,0.14%,0.15%,"12,484",331,0.14%,0.16%,89.40%,87.18%,567,74,6.39%,32.46%,"5.222,56 €","674,62 €",517,40
B0DQV6381X,B0DQR3T9MM,CUPERINOX Jamonero Profesional | Jamonero Giratorio Inoxidable | Jamonero Plegable | Tabla Cortar Jamon | Jamonera | Soporte Jamon,SC_20250,"10,555",220,0.17%,0.15%,"16,638",325,0.19%,0.15%,99.67%,100.00%,490,16,4.64%,7.27%,"21.382,32 €","722,84 €",485,15
B08M9NWMW8,B08M9NWMW8,Arcos Juego de Cuchillos de Cocina Profesional y Afilador | 7 Piezas | Acero Inoxidable | Taco de Madera | Serie Niza | Uso Cotidiano | Apto para Lavavajillas,835800FBM,"11,239",233,0.18%,0.16%,"16,067",339,0.18%,0.16%,99.11%,99.53%,485,17,4.32%,7.30%,"25.949,21 €","924,93 €",478,14
B0752NT3TH,B005LR77GC,ARCOS Tijeras de Cocina Profesional 235 mm,185701,"15,601",503,0.25%,0.34%,"23,619",687,0.27%,0.32%,12.43%,13.08%,478,5,3.06%,0.99%,"4.442,42 €","47,68 €",442,3
B0DNNL2TZQ,B0DNN4J6Q8,"CUPERINOX Aceitera antigoteo cristal para Aceite de Oliva, Vinagre etc. A prueba de fugas, Aceitera cristal antigoteo tambien aceiteros cocina ideal para Ensaladas, BBQ, cooking oil container (125 ML)",22021_,"9,920",328,0.16%,0.22%,"13,850",482,0.16%,0.23%,99.68%,99.68%,506,58,5.10%,17.68%,"5.148,06 €","610,64 €",442,40
B0D4WK78XV,B0D4WK78XV,CUPERINOX Aceiteras para Aceite Usado | Grasera Acero Inoxidable 550ML con Filtro Metálico | Recipiente para Aceite Usado de Cocina y Grasa | Grasera Cocina Metálica 550ML 2Uds Metálico,F22105-22106,"18,764",334,0.30%,0.23%,"27,362",521,0.31%,0.25%,76.97%,93.58%,447,5,2.38%,1.50%,"5.303,20 €","57,87 €",441,5
B09DYJY471,B08MQJCD2V,Arcos Juego Cuchillos Cocina Profesionales| Cuchillos Cocina Profesional | Cuchillos Acero Inoxidable Mango Negro | utensilios de cocina | cuchillo japones Santoku | lavavajillas (4 Piezas),816900fba,"21,424",391,0.35%,0.27%,"29,102",495,0.33%,0.23%,98.98%,100.00%,462,41,2.16%,10.49%,"11.559,33 €","1.019,13 €",434,20
B09N7S17J6,B09D3YRGL9,"CUPERINOX Navaja Plegable Multiusos – Hoja de Acero Inoxidable 80 mm (Filo Liso + Serrado), Punta Rompevidrios, Apertura Rápida, Clip de Cinturón, Herramienta para Camping, Caza, Pesca y Supervivencia",30061_,"11,459",233,0.18%,0.16%,"16,823",336,0.19%,0.16%,98.53%,97.97%,476,32,4.15%,13.73%,"4.598,49 €","271,61 €",424,16
B0B3CWSDRQ,B00CF20V2I,ARCOS Chaira Afilador Manual Acero Carbono Cromado Negro 230 mm,278100_,"4,920",153,0.08%,0.10%,"7,020",204,0.08%,0.10%,86.11%,84.67%,444,50,9.02%,32.68%,"5.177,65 €","537,96 €",423,36
B0DNNL2TZQ,B0DNN57WC1,"CUPERINOX Aceitera de Cristal Antigoteo para Aceite de Oliva, Resistente y Fácil de Limpiar Gourmet Oil Collection (250 Ml)",22022,"7,344",206,0.12%,0.14%,"10,390",300,0.12%,0.14%,99.41%,100.00%,455,16,6.20%,7.77%,"5.285,29 €","189,84 €",421,10
B0752X1ZCK,B07G77NN26,Arcos Cuchillos de Mesa - Caja de 12 uds Cuchillo Chuletero Cuchillo de Mesa - Hoja de Acero Inoxidable NITRUM 110 mm - Mango de Nylon - Color Negro (12 uds),803000_fmb,"16,095",495,0.26%,0.34%,"24,037",730,0.27%,0.34%,98.40%,98.11%,426,33,2.65%,6.67%,"11.766,27 €","922,71 €",395,27
B0DVT6KPDV,B0DT73LYPQ,"CUPERINOX Cuchillos Montessori | Set de Cuchillos Infantiles de 16 Piezas | Cuchillos Niños Aprendizaje +2 Años | Incluye Delantal, Guante de Seguridad, Moldes Tabla de Cortar | Kids Collection",27016,"7,118",93,0.11%,0.06%,"10,307",142,0.12%,0.07%,99.78%,98.95%,404,11,5.68%,11.83%,"5.182,68 €","141,14 €",390,10
B0DNNKT1W2,B0DNNFJ5J7,"Cuperinox-Tetera de Cristal con Infusor para Té e Infusiones, Resistente al Calor y Compatible con Microondas ** - Infusion Prestige Collection (350 ml)",26110_,"12,566",380,0.20%,0.26%,"17,573",611,0.20%,0.29%,99.72%,100.00%,457,31,3.64%,8.16%,"6.338,03 €","421,69 €",384,9
B09KJLG7BT,B098TFPYLY,CUPERINOX Jamonero profesional Gondola | tabla jamon | Cuchillo Jamonero Alveolos Acero Inox + Cubre Jamón Universal | Set cortar jamón (3 PZAS) | Sujeta jamones | tabla jamonero,20228FBM,"6,403",140,0.10%,0.10%,"9,333",204,0.11%,0.10%,98.82%,100.00%,390,22,6.09%,15.71%,"12.162,65 €","690,76 €",383,19
B0DQV6381X,B0DQDQ1DB8,CUPERINOX Jamonero | Jamonero Giratorio | Tabla Cortar Jamon | Jamoneros Profesional | Jamonero Plegable | Tabla Jamon | Cortador de Jamon,SC_20270,"7,392",133,0.12%,0.09%,"11,581",180,0.13%,0.08%,99.58%,98.11%,370,5,5.01%,3.76%,"12.276,87 €","169,18 €",369,5
B093DSL44T,B07F9RV81Z,Arcos Cuchillo Chuletero de 4 Pulgadas con Hoja de 105mm en Acero Inoxidable y Mango de Madera. Cuchillo para Carne Apto para Lavavajillas. Serie Latina. Color Marrón,100400_fba,"10,354",213,0.17%,0.14%,"14,966",297,0.17%,0.14%,82.52%,98.35%,397,17,3.83%,7.98%,"14.288,02 €","611,23 €",368,11
B098BLF7X6,B098BLF7X6,"Tradineur - Grasera metálica para pescado con filtro, aceitera con colador para conservación de aceite de acero inoxidable, recipiente para colar aceites - Ø 9 cm",22106_us,"4,052",81,0.07%,0.05%,"5,442",109,0.06%,0.05%,97.64%,100.00%,377,7,9.30%,8.64%,"2.807,23 €","52,43 €",364,6
B08G8QCM5H,B08G8QCM5H,ARCOS cuchillo pelador | 6 PIEZAS | cuchillo de pelar | cuchillos pelar patatas | Hoja 100 mm | Negro | cuchillo arcos pelador Acero Inoxidable,816500_,"10,638",292,0.17%,0.20%,"14,501",391,0.16%,0.18%,99.76%,100.00%,371,46,3.49%,15.75%,"6.973,61 €","864,26 €",344,36
B0DNNL2TZQ,B0DNNFGWNJ,"CUPERINOX Aceitera de Cristal Antigoteo para Aceite de Oliva, Resistente y Fácil de Limpiar Gourmet Oil Collection (500 Ml)",22023_,"4,214",186,0.07%,0.13%,"5,924",275,0.07%,0.13%,99.30%,98.87%,356,36,8.45%,19.35%,"4.653,94 €","458,24 €",343,33
B0DPKXM18X,B0DNQX2BZN,"CUPERINOX Soporte Jamonero Plegable | Jamonero Giratorio | Jamonero de Bambú con Cuchillo Profesional, Afilador y Funda para Jamón | Elite Collection",20270_fbm,"12,699",370,0.20%,0.25%,"17,533",480,0.20%,0.23%,99.08%,100.00%,343,12,2.70%,3.24%,"16.095,74 €","566,13 €",342,12
B0BGRT2BVV,B09G9WBKPG,Arcos Juego de 6 Cuchillos de Mesa Chuleteros Hoja 110 mm Negro 705500,805109_uss,"120,119","2,662",1.94%,1.81%,"175,677","3,793",1.99%,1.79%,25.84%,8.99%,382,47,0.32%,1.77%,"5.315,44 €","651,34 €",340,35
B09GSCQQF9,B07G77FNSF,"Arcos Serie Cuchillos de Mesa Caja 12 uds Cuchillo Postre, Hoja Serrada de Acero Inoxidable NITRUM de 105 mm, Mango Polipropileno Color crema (12 UDS)",370100_us,"6,842",173,0.11%,0.12%,"9,933",244,0.11%,0.12%,99.43%,98.18%,417,61,6.09%,35.26%,"7.566,16 €","1.079,16 €",338,28
B0C4DTYRJW,B071LGMMGV,Arcos Juego Cuchillos Cocina Profesionales| Cuchillos Cocina Profesional Set Cuchillos | Mango Negro (3 Piezas),862600,"14,546",295,0.23%,0.20%,"20,870",436,0.24%,0.21%,99.30%,100.00%,340,14,2.34%,4.75%,"13.582,74 €","559,86 €",333,14
B017DLH9RA,B017DLH9RA,ARCOS Cuchillo Abre Ostras Acero Inoxidable 60 mm,227200_us,"2,940",153,0.05%,0.10%,"4,098",226,0.05%,0.11%,77.01%,80.68%,410,80,13.95%,52.29%,"3.270,38 €","632,25 €",332,48
B08Y8NS7PN,B08MT61GJV,Arcos Juego Cuchillos Cocina | 2 pzas |Profesional (150 mm) | Cuchillo Cortador Verduras (100 mm)| Acero Inoxidable Nitrum | Mango Negro | Envase Eco,819900fbm,"4,072",97,0.07%,0.07%,"5,724",130,0.06%,0.06%,99.44%,98.90%,341,37,8.37%,38.14%,"6.057,79 €","654,83 €",326,29
B08GSTDWTC,B08G4D9718,"Arcos | Cuchillos 3 Colores | Cuchillo de pelar | Cuchillos pelar Patatas | Acero Inoxidable Nitrum| Envase Ecológico | Cuchillo Colores (85 mm, Amarillo, Turquesa, Naranja)",816700_francia,"6,304",128,0.10%,0.09%,"7,987",178,0.09%,0.08%,92.52%,93.02%,340,16,5.39%,12.50%,"3.275,07 €","156,00 €",320,14
B08L8MV8XD,B005LR72SK,Arcos Juego de Cuchillos con Bloque Acero Inoxidable 6 piezas,136100_,"65,815","1,103",1.06%,0.75%,"95,658","1,584",1.08%,0.75%,12.50%,15.51%,322,19,0.49%,1.72%,"14.311,70 €","855,86 €",318,19
B09381N96H,B07G75XCXM,"Arcos Serie Cuchillos de Mesa Caja 12 uds Cuchillo Mesa, Hoja Serrada de Acero Inoxidable NITRUM de 125 mm, Mango Polipropileno Color crema (12 UDS)",370200_fbm,"5,378",175,0.09%,0.12%,"8,549",281,0.10%,0.13%,95.73%,97.86%,355,41,6.60%,23.43%,"7.092,05 €","819,59 €",315,18
B095SDL23Y,B095SDL23Y,Arcos | cuchillos de mesa (6 ud) | cuchillos acero inoxidable con sierra cuchillo chuletero cuchillos chuleteros | Fabricado en España,813000_fbm,"12,960",305,0.21%,0.21%,"19,046",440,0.22%,0.21%,99.69%,100.00%,399,89,3.08%,29.18%,"6.494,33 €","1.381,62 €",313,59
B0DNNL2TZQ,B0DNN4J6Q8,"CUPERINOX Aceitera antigoteo cristal para Aceite de Oliva, Vinagre etc. A prueba de fugas, Aceitera cristal antigoteo tambien aceiteros cocina ideal para Ensaladas, BBQ, cooking oil container (125 ML)",22021,"9,920",328,0.16%,0.22%,"13,850",482,0.16%,0.23%,99.68%,99.68%,329,7,3.32%,2.13%,"3.454,13 €","71,87 €",311,7
B017HKRCGK,B005LR7AWI,ARCOS Bolsa Portacuchillos 8 Piezas Poliéster 500x510mm,690400_,"8,608",165,0.14%,0.11%,"12,191",247,0.14%,0.12%,41.70%,37.82%,324,11,3.76%,6.67%,"8.092,33 €","269,64 €",305,7
B06XB92VRH,B07T6J5JWM,CUPERINOX Cafetera Italiana Induccion Espresso Acero Inoxidable 12 Tazas,25035,"7,553",142,0.12%,0.10%,"11,700",203,0.13%,0.10%,72.17%,97.37%,307,11,4.06%,7.75%,"8.245,01 €","286,98 €",305,11
B08NW1VQRT,B08NW1VQRT,CUPERINOX Navaja para Setas y Champiñones | Acero Inoxidable | Con Cepillo y Funda Incluida | Micológica,PE2181,"8,816",151,0.14%,0.10%,"12,730",228,0.14%,0.11%,99.10%,99.19%,353,10,4.00%,6.62%,"3.687,69 €","104,70 €",305,6
B09GSCQQF9,B07G77FNSF,"Arcos Serie Cuchillos de Mesa Caja 12 uds Cuchillo Postre, Hoja Serrada de Acero Inoxidable NITRUM de 105 mm, Mango Polipropileno Color crema (12 UDS)",370100_,"6,842",173,0.11%,0.12%,"9,933",244,0.11%,0.12%,99.43%,98.18%,331,18,4.84%,10.40%,"6.010,07 €","315,82 €",301,15
B0DNNKT1W2,B0DNNJPRXB,"Cuperinox-Tetera de Cristal con Infusor para Té e Infusiones, Resistente al Calor y Compatible con Microondas ** - Infusion Prestige Collection (550 ml)",26111,"9,784",264,0.16%,0.18%,"14,127",376,0.16%,0.18%,99.73%,100.00%,311,25,3.18%,9.47%,"5.055,39 €","374,30 €",300,19
B0DNNKT1W2,B0DNNJPRXB,"Cuperinox-Tetera de Cristal con Infusor para Té e Infusiones, Resistente al Calor y Compatible con Microondas ** - Infusion Prestige Collection (550 ml)",26111_,"9,784",264,0.16%,0.18%,"14,127",376,0.16%,0.18%,99.73%,100.00%,307,6,3.14%,2.27%,"4.915,49 €","95,94 €",299,6
B09N7S17J6,B09D3YRGL9,"CUPERINOX Navaja Plegable Multiusos – Hoja de Acero Inoxidable 80 mm (Filo Liso + Serrado), Punta Rompevidrios, Apertura Rápida, Clip de Cinturón, Herramienta para Camping, Caza, Pesca y Supervivencia",30061_solo_navaja,"11,459",233,0.18%,0.16%,"16,823",336,0.19%,0.16%,98.53%,97.97%,323,14,2.82%,6.01%,"3.135,92 €","128,65 €",298,12
B0752X4WV1,B005LR73R0,Arcos Juego Chuleteros Mango Madera 110 mm,372000,"45,952","1,142",0.74%,0.78%,"69,048","1,679",0.78%,0.79%,10.43%,8.01%,351,19,0.76%,1.66%,"8.401,48 €","448,05 €",297,13
B06XB92VRH,B00YU2ZWGG,CUPERINOX Cafetera Italiana Induccion Espresso Acero Inoxidable 10 Tazas,25034_fbm,"8,062",131,0.13%,0.09%,"12,389",223,0.14%,0.11%,98.88%,100.00%,299,8,3.71%,6.11%,"5.563,34 €","144,42 €",295,7
B0DVT6KPDV,B0DT75PQN7,"CUPERINOX Kit Cocina Montessori | Cuchillos Niños Aprendizaje +2 Años | Set Completo de Cuchillos Infantiles de 17 Piezas | Incluye Tijeras, Moldes, Batidor, Tabla y Cuchillo Seguro",27017_,"5,277",94,0.09%,0.06%,"7,389",136,0.08%,0.06%,99.62%,100.00%,313,3,5.93%,3.19%,"4.013,15 €","43,27 €",295,3
B0DVT6KPDV,B0DT6ZPGVQ, ,27008,"3,530",82,0.06%,0.06%,"5,028",111,0.06%,0.05%,99.29%,95.89%,303,6,8.58%,7.32%,"3.451,92 €","65,68 €",293,5
B06XD39V8J,B06XD39V8J,VINFERMATON – Insecticida Cucarachas y Hormigas Residual 400 ml | Spray Efecto Duradero para Interior y Exterior | Profesional Doméstico | 100 % MADE IN SPAIN,V0012,"5,571",166,0.09%,0.11%,"7,971",218,0.09%,0.10%,40.63%,63.01%,406,46,7.29%,27.71%,"3.942,00 €","439,89 €",286,19
B0DNNKT1W2,B0DNNFJ5J7,"Cuperinox-Tetera de Cristal con Infusor para Té e Infusiones, Resistente al Calor y Compatible con Microondas ** - Infusion Prestige Collection (350 ml)",26110,"12,566",380,0.20%,0.26%,"17,573",611,0.20%,0.29%,99.72%,100.00%,420,178,3.34%,46.84%,"5.479,94 €","2.221,63 €",285,52
B06XD39V8J,B06XD39V8J,VINFERMATON – Insecticida Cucarachas y Hormigas Residual 400 ml | Spray Efecto Duradero para Interior y Exterior | Profesional Doméstico | 100 % MADE IN SPAIN,V0012_,"5,571",166,0.09%,0.11%,"7,971",218,0.09%,0.10%,40.63%,63.01%,366,33,6.57%,19.88%,"2.966,67 €","260,24 €",277,18
B09QDH8MSK,B07N8VWHT9,Arcos Tacos - Bloque Universal para Cuchillos hasta 20 cm - Hecho de Caucho Termoplástico 220 x 160 x 65 mm - Color Negro,794500_,"19,144",428,0.31%,0.29%,"27,669",600,0.31%,0.28%,19.23%,22.16%,271,8,1.42%,1.87%,"7.046,73 €","207,92 €",268,7
B0C4DTYRJW,B094QVHPQ8,Arcos Juego Cuchillos Cocina Profesionales| Cuchillos Cocina Profesional Set Cuchillos | Mango Negro (4 Piezas),813500FBM,"13,252",231,0.21%,0.16%,"17,759",313,0.20%,0.15%,98.69%,99.01%,277,22,2.09%,9.52%,"10.383,31 €","844,70 €",268,16
B0937XXT33,B01CQT1B5U,"Arcos Cuchillos de Mesa Juego de Cuchillos Chuleteros Cuchillos de Mesa, Monoblock de una pieza de Acero Inoxidable 110 mm, Color Plata (12 uds)",702000,"6,254",224,0.10%,0.15%,"9,728",388,0.11%,0.18%,84.09%,99.24%,291,21,4.65%,9.38%,"13.942,07 €","999,46 €",261,15
B017HKR8WS,B005LR7EP6,ARCOS Afilador de Cuchillos Profesional ABS,610000,"42,877","1,328",0.69%,0.90%,"63,349","2,099",0.72%,0.99%,20.44%,27.49%,263,49,0.61%,3.69%,"17.298,91 €","3.187,51 €",260,49
B09NT4VRN7,B0812BKN39,Arcos Juego de Cuchillos Mondadores de 3 Piezas,859800_,"301,378","5,222",4.86%,3.55%,"415,015","7,445",4.70%,3.51%,12.52%,5.75%,322,111,0.11%,2.13%,"3.213,74 €","1.047,84 €",255,64
B09MSDJQJ1,B08M3B43J6,"Arcos | Juego Cuchillo Jamonero 3 Pzas | jamonero Acero Inoxidable (240 mm), afilador Chaira y Cubre jamón | Juego Cuchillos jamonero Profesional | Paleta ibérica | Eco",704300_fbm,"9,157",228,0.15%,0.15%,"12,663",295,0.14%,0.14%,99.63%,99.42%,259,23,2.83%,10.09%,"7.530,44 €","655,83 €",253,17
B09KJLG7BT,B098K898SC,CUPERINOX Soporte Jamonero | Jamonero Profesional | Cuchillo Jamonero madera + Funda Jamon | Tabla Jamonera,20226FBM,"6,987",115,0.11%,0.08%,"9,132",147,0.10%,0.07%,99.20%,97.80%,253,4,3.62%,3.48%,"6.031,71 €","97,46 €",251,4
B089M821V5,B089M821V5,Arcos Cuchillos Carne | 6 pzas | Cuchillos chuleteros Set Cuchillo de Mesa Sierra | Mango Madera | Hoja 110 mm | Cuchillos Carne Mesa | Apto lavavajillas | Envase Carton | Ecologico,815500_,"10,752",284,0.17%,0.19%,"14,920",403,0.17%,0.19%,97.19%,98.15%,298,11,2.77%,3.87%,"8.546,02 €","324,89 €",248,7
B0DNNL2TZQ,B0DNNF3839,"CUPERINOX Aceitera de Cristal Antigoteo para Aceite de Oliva, Resistente y Fácil de Limpiar Gourmet Oil Collection (1000 Ml)",22024_,"4,206",150,0.07%,0.10%,"6,053",237,0.07%,0.11%,99.75%,100.00%,260,24,6.18%,16.00%,"4.279,58 €","375,30 €",248,21
B017HKG9PK,B0044R87RS,Arcos Cuchillo para Maitre Negro 215 mm,151000,"55,105","1,408",0.89%,0.96%,"83,929","2,147",0.95%,1.01%,6.30%,7.37%,259,40,0.47%,2.84%,"3.884,81 €","597,00 €",245,31
B09RP6V156,B09RP6V156,"CUPERINOX® Alicates para pedicura, Profesional, Cortaúñas de Pies, Acero Inoxidable, Mango Ergonómico Antideslizante, Fácil Limpieza, Con Funda, 2 Años de Garantía",21920AM,"3,760",102,0.06%,0.07%,"5,578",136,0.06%,0.06%,79.31%,98.06%,266,25,7.07%,24.51%,"2.661,34 €","235,90 €",243,16
B08M99RZRV,B08M99RZRV,Arcos | Cuchillo Jamonero Cuchillo deshuesador | 2 Uds | Set cuchillos jamoneros 250 mm y cuchillo deshuesador (140 mm) jamonero profesional | cuchillo carnicero profesional | Eco,703800,"14,127",247,0.23%,0.17%,"17,835",357,0.20%,0.17%,98.42%,100.00%,243,17,1.72%,6.88%,"9.561,06 €","680,49 €",241,17
B09CL776WP,B09CL776WP,CUPERINOX® Cuchillos de Mesa Acero Inoxidable – Set 12 Cuchillos para Carne con Filo Dentado – Aptos Lavavajillas – Uso Diario y Profesional,15015,"3,559",172,0.06%,0.12%,"5,307",265,0.06%,0.13%,99.26%,99.47%,358,107,10.06%,62.21%,"6.359,29 €","1.879,58 €",228,50
B08J488ZQG,B0987N2CBR,Arcos Juego Cuchillos Carne | 6 Piezas | Cuchillos carne cuchillo chuleteros | cubiertos acero inoxidable | Hoja 110 mm | mango monobloque | aptos lavavajillas | Caja Envase Ecológico,814000_fba,"10,934",312,0.18%,0.21%,"13,106",383,0.15%,0.18%,99.61%,99.54%,271,3,2.48%,0.96%,"7.489,29 €","83,97 €",223,3
B0DQV6381X,B0DQRF2HZK,CUPERINOX Jamonera Inoxidable | Jamonero | Soporte Jamonero | Tabla Jamon Inoxidable | Facil Montaje | Tabla Jamon Profesional,SC_20260,"7,199",107,0.12%,0.07%,"9,898",147,0.11%,0.07%,99.55%,100.00%,222,4,3.08%,3.74%,"4.688,59 €","91,16 €",220,4
B07ZJ8ZJ93,B07ZJ8ZJ93,Arcos Set Jamonero Profesional Acero Inoxidable 3 Piezas,859400_us,"9,894",228,0.16%,0.15%,"14,212",322,0.16%,0.15%,42.13%,34.71%,224,16,2.26%,7.02%,"6.621,72 €","476,74 €",219,11
B0F4WTVT1Z,B09GPS4SQN,"HENDI Pasta combustible para Chafing Dish, 12 x 200 g",H194362,"4,706",229,0.08%,0.16%,"7,193",354,0.08%,0.17%,46.48%,30.00%,248,41,5.27%,17.90%,"5.068,50 €","823,71 €",218,25
B0FJLTDB9J,B09RP6V156,"CUPERINOX® Alicates para pedicura, Profesional, Cortaúñas de Pies, Acero Inoxidable, Mango Ergonómico Antideslizante, Fácil Limpieza, Con Funda, 2 Años de Garantía",21920AM_fba,"5,333",120,0.09%,0.08%,"7,869",170,0.09%,0.08%,50.93%,100.00%,236,35,4.43%,29.17%,"2.158,74 €","326,34 €",215,20
B0CYTKGNPM,B0843Q6L5P,ARCOS Pelador Profesional Acero Inoxidable Cromado 130 mm,607000_etq,"44,618","1,327",0.72%,0.90%,"67,898","2,004",0.77%,0.95%,0.74%,9.58%,239,51,0.54%,3.84%,"1.470,93 €","295,71 €",214,38
B0714CRSCQ,B0714CRSCQ,Arcos Cuchillo Mondador Negro 100 mm,150300,"6,652",192,0.11%,0.13%,"9,910",267,0.11%,0.13%,27.39%,3.14%,259,0,3.89%,0.00%,"2.616,11 €","0,00 €",209,0
B07F9GQZCB,B07F9GQZCB,Arcos Cuchillo para Verduras de 4 Pulgadas con Hoja de 105mm en Acero Inoxidable y Mango de Madera. Cuchillo para Vegetales Apto para Lavavajillas. Serie Latina. Color Marrón,100500,"4,556",102,0.07%,0.07%,"6,956",161,0.08%,0.08%,98.83%,100.00%,216,5,4.74%,4.90%,"7.934,95 €","184,95 €",209,5
B08JCVQ4QL,B08JCVQ4QL,"Arcos Series Niza - Juego de Cuchillos Cocina, 6 Piezas, Cuchillos Verduras 110 mm, + Cuchillo Mesa, Envase 100% Ecológico, Acero Inoxidable NITRUM",809400,"7,579",146,0.12%,0.10%,"10,764",197,0.12%,0.09%,99.74%,100.00%,224,18,2.96%,12.33%,"4.324,44 €","348,82 €",205,14
B0F1N351DY,B072FGV2YH,Arcos Juego de 6 Cuchillos Mondadores Acero Inoxidable 100 mm,189100_2,"86,747","2,201",1.40%,1.49%,"127,732","3,305",1.45%,1.56%,17.22%,14.37%,238,123,0.27%,5.59%,"4.040,93 €","2.056,89 €",204,95
B08LVZCG23,B08LVZCG23,Arcos Juego de Cuchillos de Cocina Rosa | 3 pz | Cuchillo Chef para pelar Verduras | Edición Limitada | Solidaria,814500,"11,883",191,0.19%,0.13%,"16,356",259,0.19%,0.12%,99.28%,100.00%,204,12,1.72%,6.28%,"5.727,06 €","337,08 €",198,9
B0F54LTCFF,B07ZJ85R7C,Arcos Set de Corte 3 Piezas Acero Inoxidable Nitrum,859300,"6,038",179,0.10%,0.12%,"8,938",242,0.10%,0.11%,45.89%,43.17%,189,9,3.13%,5.03%,"7.180,74 €","341,91 €",189,9
B0937XXT33,B01CQT1B5U,"Arcos Cuchillos de Mesa Juego de Cuchillos Chuleteros Cuchillos de Mesa, Monoblock de una pieza de Acero Inoxidable 110 mm, Color Plata (12 uds)",702000_us,"6,254",224,0.10%,0.15%,"9,728",388,0.11%,0.18%,84.09%,99.24%,220,27,3.52%,12.05%,"10.523,00 €","1.260,93 €",188,13
B0DNNKT1W2,B0DNNJPGTY,"Cuperinox-Tetera de Cristal con Infusor para Té e Infusiones, Resistente al Calor y Compatible con Microondas ** - Infusion Prestige Collection (750 ml)",26112_,"4,459",132,0.07%,0.09%,"6,255",196,0.07%,0.09%,99.71%,100.00%,190,2,4.26%,1.52%,"3.169,19 €","27,38 €",188,2
B0FBRQYHVM,B0FBRNCHGJ,"CUPERINOX® Ventilador Portátil Silencioso y Recargable con Power Bank 20000mAh, +50H de batería – Ventilador de Mesa USB con Mando, Luz LED y 4 Velocidades – Ideal para Dormir, Camping y Hogar.",27000,"4,711",172,0.08%,0.12%,"7,221",269,0.08%,0.13%,99.71%,100.00%,199,13,4.22%,7.56%,"10.715,98 €","678,57 €",187,12
B09RP6V156,B09RP6V156,"CUPERINOX® Alicates para pedicura, Profesional, Cortaúñas de Pies, Acero Inoxidable, Mango Ergonómico Antideslizante, Fácil Limpieza, Con Funda, 2 Años de Garantía",21920AM_fba,"3,760",102,0.06%,0.07%,"5,578",136,0.06%,0.06%,79.31%,98.06%,205,26,5.45%,25.49%,"1.960,01 €","246,74 €",186,11
B0DNNKT1W2,B0DNNJCHQP,"Cuperinox-Tetera de Cristal con Infusor para Té e Infusiones, Resistente al Calor y Compatible con Microondas ** - Infusion Prestige Collection (950 ml)",26113_,"3,288",97,0.05%,0.07%,"4,699",122,0.05%,0.06%,98.84%,100.00%,187,3,5.69%,3.09%,"3.628,80 €","56,50 €",184,3
B08M5K93QF,B08M5K93QF,Arcos Juego Cuchillos Mesa | 6 Uds | Cuchillo Postre | Cuchillos Mesa | Cuchillo Carne | Hoja 105 mm | Acero Inoxidable Martensítico | Mango Polipropileno | Apto lavavajillas | Envase Ecológico,703500_etq,"1,778",24,0.03%,0.02%,"2,693",37,0.03%,0.02%,96.67%,100.00%,202,0,11.36%,0.00%,"2.182,98 €","0,00 €",183,0
B0DNNL2TZQ,B0DNNF3839,"CUPERINOX Aceitera de Cristal Antigoteo para Aceite de Oliva, Resistente y Fácil de Limpiar Gourmet Oil Collection (1000 Ml)",22024,"4,206",150,0.07%,0.10%,"6,053",237,0.07%,0.11%,99.75%,100.00%,185,0,4.40%,0.00%,"3.265,30 €","0,00 €",182,0
B0DPKXM18X,B0DNQRZ3BN,"CUPERINOX Soporte Jamonero Inoxidable Profesional con Base Antideslizante para Jamones y Paletas, Incluye Cuchillo | Jamoneros Elite Collection",20260_fbm,"12,251",325,0.20%,0.22%,"15,621",369,0.18%,0.17%,99.81%,100.00%,181,3,1.48%,0.92%,"4.371,14 €","73,72 €",181,3
B08LVZCG23,B08LVZCG23,Arcos Juego de Cuchillos de Cocina Rosa | 3 pz | Cuchillo Chef para pelar Verduras | Edición Limitada | Solidaria,814500_fba,"11,883",191,0.19%,0.13%,"16,356",259,0.19%,0.12%,99.28%,100.00%,182,5,1.53%,2.62%,"5.398,00 €","144,95 €",180,4
B06XB92VRH,B00YU2ZWGG,CUPERINOX Cafetera Italiana Induccion Espresso Acero Inoxidable 10 Tazas,25034,"8,062",131,0.13%,0.09%,"12,389",223,0.14%,0.11%,98.88%,100.00%,181,4,2.25%,3.05%,"3.532,91 €","67,86 €",179,3
B0812P3LZT,B0812P3LZT,"Arcos Nova - Set 3 Cuchillos Mantequilla - Acero Inoxidable 70 mm - Mango en color menta, naranja y limon",859900_,"2,556",44,0.04%,0.03%,"3,653",55,0.04%,0.03%,98.84%,100.00%,188,3,7.36%,6.82%,"2.035,39 €","32,97 €",177,3
B0F9TD2LTH,B09CL776WP,CUPERINOX® Cuchillos de Mesa Acero Inoxidable – Set 12 Cuchillos para Carne con Filo Dentado – Aptos Lavavajillas – Uso Diario y Profesional,15015,"4,332",291,0.07%,0.20%,"6,807",510,0.08%,0.24%,55.84%,82.73%,361,207,8.33%,71.13%,"7.137,17 €","3.940,51 €",177,76
B0B3CPHPXR,B07BQ5CCMD,ARCOS Sacacorchos Manual de ABS Aleación de Zinc,604700_,"17,495",404,0.28%,0.27%,"24,483",628,0.28%,0.30%,18.07%,18.45%,179,5,1.02%,1.24%,"6.196,53 €","161,22 €",173,5
B09381N96H,B07G75XCXM,"Arcos Serie Cuchillos de Mesa Caja 12 uds Cuchillo Mesa, Hoja Serrada de Acero Inoxidable NITRUM de 125 mm, Mango Polipropileno Color crema (12 UDS)",370200_us,"5,378",175,0.09%,0.12%,"8,549",281,0.10%,0.13%,95.73%,97.86%,251,97,4.67%,55.43%,"4.932,97 €","1.862,21 €",171,29
B08T5Z4HFS,B08QYQYZHS,"CUPERINOX Cubiertos para marisco | Pinzas para marisco | Tenazas para marisco | 12 Unidades | Cubiertos marisco (Cangrejo, Langosta, Ostras) | Tenedor de marisco con dos dientes inferiores y cuchara.",20023_12pzs,"2,301",86,0.04%,0.06%,"3,268",132,0.04%,0.06%,99.32%,100.00%,215,45,9.34%,52.33%,"3.926,37 €","807,40 €",171,24
B0DPKXM18X,B0DNQXN97X,CUPERINOX Soporte Jamonero Inoxidable | Jamonero Plegable | Jamonero Giratorio | Jamonero Profesional | Cuchillo Jamonero Profesional y Afilador,20250_,"12,987",443,0.21%,0.30%,"18,377",637,0.21%,0.30%,43.21%,39.95%,171,6,1.32%,1.35%,"10.288,29 €","369,94 €",170,6
B0F1ZF7H1L,B005LR68DU,Arcos Cuchillo Jamonero con Alveolos 250 mm,231000_,"14,439",443,0.23%,0.30%,"21,406",659,0.24%,0.31%,25.43%,25.18%,171,10,1.18%,2.26%,"5.728,47 €","334,90 €",169,10
B08G8QHY23,B08G8QHY23,Arcos | cuchillos chuleteros cuchillo madera cuchillo chuletero | 6 Piezas | juego cuchillos carne | cuchillos mango madera | Envase Eco | Fabricado en España,809300,"4,883",93,0.08%,0.06%,"6,982",127,0.08%,0.06%,99.72%,97.30%,202,7,4.14%,7.53%,"4.733,58 €","166,97 €",169,5
B0DKP7F29P,B0DJBZ1M2L,Arcos Serie Samoa Iconic | Sarten Antiadherente Cerámico 24 cm | Aluminio Forjado | Apta cualquier cocina | Mango Acero Inoxidable | Apta lavavajillas | Color Beige | LIBRE DE (PFOA/PTFE/PFOS),716324,"3,549",70,0.06%,0.05%,"5,176",103,0.06%,0.05%,95.66%,98.21%,168,5,4.73%,7.14%,"6.346,00 €","190,50 €",166,4
B0DNNL2TZQ,B0DNNFGWNJ,"CUPERINOX Aceitera de Cristal Antigoteo para Aceite de Oliva, Resistente y Fácil de Limpiar Gourmet Oil Collection (500 Ml)",22023,"4,214",186,0.07%,0.13%,"5,924",275,0.07%,0.13%,99.30%,98.87%,174,1,4.13%,0.54%,"2.487,61 €","17,15 €",166,1
B0FJLTDB9J,B09RP6V156,"CUPERINOX® Alicates para pedicura, Profesional, Cortaúñas de Pies, Acero Inoxidable, Mango Ergonómico Antideslizante, Fácil Limpieza, Con Funda, 2 Años de Garantía",21920AM,"5,333",120,0.09%,0.08%,"7,869",170,0.09%,0.08%,50.93%,100.00%,176,22,3.30%,18.33%,"1.897,44 €","204,80 €",164,15
B0CYTKGNPM,B0CW66H3TR,Pelador de Tomate ARCOS - Hoja Serrada de Acero Inoxidable | Mango Ergonómico | Ideal para Tomates,607420_,"12,060",222,0.19%,0.15%,"13,441",244,0.15%,0.12%,93.38%,96.85%,168,4,1.39%,1.80%,"1.326,03 €","30,57 €",164,4
B09MSDJQJ1,B08M3B43J6,"Arcos | Juego Cuchillo Jamonero 3 Pzas | jamonero Acero Inoxidable (240 mm), afilador Chaira y Cubre jamón | Juego Cuchillos jamonero Profesional | Paleta ibérica | Eco",704300,"9,157",228,0.15%,0.15%,"12,663",295,0.14%,0.14%,99.63%,99.42%,163,0,1.78%,0.00%,"4.753,63 €","0,00 €",163,0
B0F54LTCFF,B00J4L7FEU,Arcos Hachuela Macheta de Cocina Acero Inoxidable 160 mm,282404_us,"10,434",286,0.17%,0.19%,"16,239",430,0.18%,0.20%,16.95%,34.07%,168,22,1.61%,7.69%,"4.135,76 €","519,46 €",162,20
B08JCVQ4QL,B08JCVQ4QL,"Arcos Series Niza - Juego de Cuchillos Cocina, 6 Piezas, Cuchillos Verduras 110 mm, + Cuchillo Mesa, Envase 100% Ecológico, Acero Inoxidable NITRUM",809400_,"7,579",146,0.12%,0.10%,"10,764",197,0.12%,0.09%,99.74%,100.00%,176,7,2.32%,4.79%,"3.416,29 €","132,99 €",161,4
B093DXB2PK,B00MDJVRG2,Arcos Latina Cuchillo para Verduras Acero Inoxidable 105 mm,100500_1_pieza,"1,855",37,0.03%,0.03%,"2,797",57,0.03%,0.03%,76.81%,56.25%,358,15,19.30%,40.54%,"1.784,88 €","74,85 €",159,3
B00W9SPO5M,B00W9SPO5M,Arcos Tijeras de Modista de Acero Forjado 178 mm - Uso Profesional y Doméstico - Niqueladas en Plata - Serie Style,504200,"1,808",52,0.03%,0.04%,"2,637",87,0.03%,0.04%,90.75%,87.01%,164,10,9.07%,19.23%,"2.334,97 €","138,83 €",159,9
B0DPKXM18X,B0DNQRZ3BN,"CUPERINOX Soporte Jamonero Inoxidable Profesional con Base Antideslizante para Jamones y Paletas, Incluye Cuchillo | Jamoneros Elite Collection",20260_,"12,251",325,0.20%,0.22%,"15,621",369,0.18%,0.17%,99.81%,100.00%,160,1,1.31%,0.31%,"3.528,48 €","22,49 €",159,1
B093313MH6,B093313MH6,Arcos | Cuchillo de deshuesar| Cuchillo deshuesador | cuchillo deshuesador jamón | cuchillo deshuesador (140 mm) Clásica| Envase Eco | cuchillo puntilla jamonero,256210,"5,029",117,0.08%,0.08%,"7,036",181,0.08%,0.09%,99.53%,100.00%,159,1,3.16%,0.85%,"3.025,69 €","19,99 €",157,1
B0DNNKT1W2,B0DNNJPGTY,"Cuperinox-Tetera de Cristal con Infusor para Té e Infusiones, Resistente al Calor y Compatible con Microondas ** - Infusion Prestige Collection (750 ml)",26112,"4,459",132,0.07%,0.09%,"6,255",196,0.07%,0.09%,99.71%,100.00%,158,11,3.54%,8.33%,"2.776,60 €","188,10 €",156,11
B08J488ZQG,B0987N2CBR,Arcos Juego Cuchillos Carne | 6 Piezas | Cuchillos carne cuchillo chuleteros | cubiertos acero inoxidable | Hoja 110 mm | mango monobloque | aptos lavavajillas | Caja Envase Ecológico,814000FBM,"10,934",312,0.18%,0.21%,"13,106",383,0.15%,0.18%,99.61%,99.54%,193,21,1.77%,6.73%,"5.220,92 €","566,79 €",153,15
B0D4WK78XV,B0D4WK78XV,CUPERINOX Aceiteras para Aceite Usado | Grasera Acero Inoxidable 550ML con Filtro Metálico | Recipiente para Aceite Usado de Cocina y Grasa | Grasera Cocina Metálica 550ML 2Uds Metálico,22105+22106pack,"18,764",334,0.30%,0.23%,"27,362",521,0.31%,0.25%,76.97%,93.58%,152,5,0.81%,1.50%,"1.616,42 €","60,95 €",150,3
B0FQNZM34T,B0843QFQB7,Arcos Set Cuchillos 5 piezas Acero Inoxidable Nitrum. Cuchillo Cocina Profesional Afilado para Cortar Carne. Mango Ergonómico Polioximetileno POM. Serie Opera. Diseño Clásico. Color Negro.,227000,"5,694",131,0.09%,0.09%,"8,468",213,0.10%,0.10%,97.93%,92.57%,144,7,2.53%,5.34%,"18.827,02 €","946,69 €",143,7
B017HKSTCQ,B00CFN1M6Q,ARCOS Tijeras de Cocina Multiusos 200 mm,809700_FBA,"35,638",998,0.58%,0.68%,"52,899","1,460",0.60%,0.69%,4.73%,7.51%,143,11,0.40%,1.10%,"1.704,36 €","127,40 €",141,10
B08Q7W1Q4K,B08Q7W1Q4K,"Tradineur - Pack de 2 Graseras de metal de Ø 9,3 x 11 cm - Incluye filtro, asa y tapa - Aceitera con colador para conservación de aceite de acero inoxidable - Capacidad de 550 ml",22105+22106,"2,254",35,0.04%,0.02%,"3,025",46,0.03%,0.02%,99.42%,92.00%,143,3,6.34%,8.57%,"1.569,92 €","32,97 €",141,3
B0C4DTYRJW,B071LGMMGV,Arcos Juego Cuchillos Cocina Profesionales| Cuchillos Cocina Profesional Set Cuchillos | Mango Negro (3 Piezas),862600_,"14,546",295,0.23%,0.20%,"20,870",436,0.24%,0.21%,99.30%,100.00%,146,21,1.00%,7.12%,"5.425,55 €","808,80 €",140,18
B017DLM9SO,B017DLM9SO,ARCOS Tenedores para Tartas Acero Inoxidable 18/10 140 mm,574300_,"14,897",442,0.24%,0.30%,"22,455",638,0.25%,0.30%,6.69%,10.53%,158,14,1.06%,3.17%,"1.606,83 €","131,42 €",139,9
B07G76NW26,B07G76NW26,"Arcos Serie Cuchillos de Mesa Caja 12 uds Cuchillo Mesa, Hoja Serrada de Acero Inoxidable de 125 mm, Cuchillo Monoblock Acero Inoxidable Color plata (12 UDS)",460400_fbm,"2,201",44,0.04%,0.03%,"3,343",70,0.04%,0.03%,97.28%,93.33%,165,28,7.50%,63.64%,"6.494,15 €","1.078,52 €",139,8
B0C4DTYRJW,B094QVHPQ8,Arcos Juego Cuchillos Cocina Profesionales| Cuchillos Cocina Profesional Set Cuchillos | Mango Negro (4 Piezas),813500,"13,252",231,0.21%,0.16%,"17,759",313,0.20%,0.15%,98.69%,99.01%,139,1,1.05%,0.43%,"5.528,18 €","39,95 €",139,1
B0CVH8PC99,B0CQTJ6T66,"CUPERINOX® Cuchillos de Mesa Acero Inoxidable – Set Profesional 12 Piezas con Hoja Serrada de 11 cm y Mango Ergonómico Antideslizante – Para Carne, Verduras y Pescado",99922,"4,934",253,0.08%,0.17%,"6,681",319,0.08%,0.15%,99.80%,99.18%,144,17,2.92%,6.72%,"1.682,84 €","199,67 €",139,17
B0B8Z4CJBC,B07F2YVB15,"Arcos Juego Cuchillos Pelar Acero Inoxidable Nitrum 4""",136500,"15,997",376,0.26%,0.26%,"24,857",560,0.28%,0.26%,25.14%,22.51%,155,2,0.97%,0.53%,"2.983,96 €","38,32 €",138,2
B0B8Z4CJBC,B07F2YVB15,"Arcos Juego Cuchillos Pelar Acero Inoxidable Nitrum 4""",136500_2,"15,997",376,0.26%,0.26%,"24,857",560,0.28%,0.26%,25.14%,22.51%,153,23,0.96%,6.12%,"2.937,68 €","442,52 €",137,18
B09FQ5SZK8,B08MTWC7RD,Arcos Cuchillo Cocinero Acero Inoxidable Nitrum 210 mm,166800_fbm,"8,340",173,0.13%,0.12%,"11,406",246,0.13%,0.12%,68.24%,54.48%,147,12,1.76%,6.94%,"4.371,08 €","359,88 €",137,10
B017HKRCGK,B00BHZPGHO,ARCOS Bolsa Portacuchillos para 17 Piezas Poliéster Negra,691400_,"3,941",78,0.06%,0.05%,"5,304",102,0.06%,0.05%,86.07%,88.24%,139,3,3.53%,3.85%,"6.238,69 €","132,49 €",136,3
B0CVH8PC99,B0CQTJ6T66,"CUPERINOX® Cuchillos de Mesa Acero Inoxidable – Set Profesional 12 Piezas con Hoja Serrada de 11 cm y Mango Ergonómico Antideslizante – Para Carne, Verduras y Pescado",99901_12pzs,"4,934",253,0.08%,0.17%,"6,681",319,0.08%,0.15%,99.80%,99.18%,166,66,3.36%,26.09%,"1.953,63 €","756,61 €",136,46
B0752SPHL9,B005LR6WW2,Arcos Juego de Cuchillos de Cocina de 5 Piezas,152100_us,"5,892",136,0.10%,0.09%,"9,291",219,0.11%,0.10%,64.59%,54.47%,136,4,2.31%,2.94%,"8.415,68 €","247,52 €",135,4
B089M821V5,B089M821V5,Arcos Cuchillos Carne | 6 pzas | Cuchillos chuleteros Set Cuchillo de Mesa Sierra | Mango Madera | Hoja 110 mm | Cuchillos Carne Mesa | Apto lavavajillas | Envase Carton | Ecologico,815500,"10,752",284,0.17%,0.19%,"14,920",403,0.17%,0.19%,97.19%,98.15%,184,39,1.71%,13.73%,"5.057,56 €","1.075,01 €",135,13
B09KJLG7BT,B098K898SC,CUPERINOX Soporte Jamonero | Jamonero Profesional | Cuchillo Jamonero madera + Funda Jamon | Tabla Jamonera,20226,"6,987",115,0.11%,0.08%,"9,132",147,0.10%,0.07%,99.20%,97.80%,138,2,1.98%,1.74%,"3.246,79 €","49,98 €",135,2
B08G8QHY23,B08G8QHY23,Arcos | cuchillos chuleteros cuchillo madera cuchillo chuletero | 6 Piezas | juego cuchillos carne | cuchillos mango madera | Envase Eco | Fabricado en España,809300_,"4,883",93,0.08%,0.06%,"6,982",127,0.08%,0.06%,99.72%,97.30%,155,13,3.17%,13.98%,"3.697,15 €","311,87 €",131,5
B0F1ZF7H1L,B005LR6GE6,Arcos Cuchillo Cocinero Negro 250 mm,233700_,"12,634",174,0.20%,0.12%,"16,002",213,0.18%,0.10%,48.77%,43.75%,130,7,1.03%,4.02%,"5.437,30 €","297,93 €",129,6
B0F54LTCFF,B006LMX2EW,Arcos Universal Cuchillo Jamonero Acero Hoja Hueca Negro 280 mm,281901_,"20,967",565,0.34%,0.38%,"29,341",803,0.33%,0.38%,11.82%,15.52%,126,6,0.60%,1.06%,"2.954,92 €","134,22 €",125,5
B08XYZRKC4,B007TS6GWW,"ARCOS Juego de Cubiertos de 24 Piezas para Mesa. Cuberterí­a Completa para 6 Personas. Set de 6 Cucharas, 6 Cuchillos, 6 Tenedores y 6 Cucharas de Postre. Serie Toscana. Color Plata",572400,"41,923","1,019",0.68%,0.69%,"62,845","1,531",0.71%,0.72%,13.98%,15.12%,147,9,0.35%,0.88%,"9.513,67 €","584,91 €",125,8
B017HKRCGK,B005LR7C44,ARCOS Bolsa Portacuchillos 12 Piezas Poliéster 730x510mm,690500_,"10,283",169,0.17%,0.11%,"14,907",233,0.17%,0.11%,17.68%,14.73%,124,0,1.21%,0.00%,"3.465,12 €","0,00 €",123,0
B09F9MH34D,B09F9MH34D,"Arcos Serie Cuchillos de Mesa Chuleteros, Mango de Polipropileno, Hoja 110 mm, Apto para Lavavajillas, Negro, 6 Piezas",805109_6piezas,"2,614",57,0.04%,0.04%,"3,632",64,0.04%,0.03%,99.10%,100.00%,141,8,5.39%,14.04%,"1.865,17 €","104,36 €",123,7
B0G3ZJ89NB,B0FZCJ46CM,CUPERINOX - Set Cuchillo Jamonero+ Deshuesador Profesional Forjado 2 Piezas | Cuchillo Jamonero Alveolado 25 cm y Deshuesador 15 cm |Corte Fino y Equilibrado | Aptos para lavavajillas,19303,"4,670",93,0.08%,0.06%,"6,291",115,0.07%,0.05%,99.90%,100.00%,123,5,2.63%,5.38%,"2.712,57 €","114,45 €",122,5
B0F54LTCFF,B0044R87QE,Arcos Cuchillo Cocina Acero Inoxidable 200 mm,280604_,"38,664",869,0.62%,0.59%,"55,050","1,206",0.62%,0.57%,5.91%,11.41%,138,19,0.36%,2.19%,"2.831,25 €","389,31 €",121,15
B093313MH6,B093313MH6,Arcos | Cuchillo de deshuesar| Cuchillo deshuesador | cuchillo deshuesador jamón | cuchillo deshuesador (140 mm) Clásica| Envase Eco | cuchillo puntilla jamonero,256210_fba,"5,029",117,0.08%,0.08%,"7,036",181,0.08%,0.09%,99.53%,100.00%,131,20,2.60%,17.09%,"2.588,52 €","379,80 €",121,12
B0FH2NLMGN,B0FH2NLMGN,VINFERMATON Insecticida Hormigas y Cucarachas Residual | Antihormigas | Pack 2×400 ml | Efecto hasta 1 año | Interior y Exterior | Profesional Doméstico | 100% MADE IN SPAIN,V0012_PACK2,"1,500",59,0.02%,0.04%,"2,111",80,0.02%,0.04%,86.26%,83.78%,151,28,10.07%,47.46%,"2.250,83 €","418,97 €",121,10
B08G8QCM5H,B08G8QCM5H,ARCOS cuchillo pelador | 6 PIEZAS | cuchillo de pelar | cuchillos pelar patatas | Hoja 100 mm | Negro | cuchillo arcos pelador Acero Inoxidable,816500_fbm,"10,638",292,0.17%,0.20%,"14,501",391,0.16%,0.18%,99.76%,100.00%,128,29,1.20%,9.93%,"2.307,44 €","533,01 €",120,26
B00CRMZA8Q,B00CRMZA8Q,ARCOS Sacacorchos Eléctrico en ABS con Batería Interna Recargable. Abrebotellas Eléctrico Moderno y Elegante con Cortacápsulas y Luz Indicadora. Color Negro,604600_,"33,145",607,0.53%,0.41%,"44,515",897,0.50%,0.42%,7.86%,14.94%,120,7,0.36%,1.15%,"5.152,76 €","293,47 €",118,7
B0CYTKGNPM,B0843DQCF5,ARCOS Pelador de Verduras en Juliana de Acero Inoxidable Cromado 130 Mm. Pelador Profesional para Cortes en Juliana de Verduras y Hortalizas. Apto Lavavajillas. Color Plata,607200,"15,574",339,0.25%,0.23%,"20,217",435,0.23%,0.21%,22.37%,20.00%,124,10,0.80%,2.95%,"930,20 €","74,90 €",118,9
B0DKP7F29P,B0DJBZPLJF,Arcos Serie Samoa Iconic | Sarten Antiadherente Cerámico 28 cm | Aluminio Forjado | Apta cualquier cocina | Mango Acero Inoxidable | Apta lavavajillas | Color Beige | LIBRE DE (PFOA/PTFE/PFOS),716524,"1,803",37,0.03%,0.03%,"2,495",52,0.03%,0.02%,96.00%,96.43%,119,5,6.60%,13.51%,"5.262,77 €","220,75 €",118,5
B093DSL44T,B07F9RV81Z,Arcos Cuchillo Chuletero de 4 Pulgadas con Hoja de 105mm en Acero Inoxidable y Mango de Madera. Cuchillo para Carne Apto para Lavavajillas. Serie Latina. Color Marrón,100400,"10,354",213,0.17%,0.14%,"14,966",297,0.17%,0.14%,82.52%,98.35%,148,29,1.43%,13.62%,"5.310,83 €","1.026,25 €",117,14
B0DNNKT1W2,B0DNNJCHQP,"Cuperinox-Tetera de Cristal con Infusor para Té e Infusiones, Resistente al Calor y Compatible con Microondas ** - Infusion Prestige Collection (950 ml)",26113,"3,288",97,0.05%,0.07%,"4,699",122,0.05%,0.06%,98.84%,100.00%,121,7,3.68%,7.22%,"2.289,03 €","127,94 €",116,6
B0G3ZJ89NB,B0G2MTVR24,Set Jamonero Profesional Premium - Soporte Jamonero de Bambú Giratorio + Cuchillo Jamonero 25 cm con Alvéolos + Cuchillo Deshuesador + Afilador 3 Ranuras | Maestros del Corte by Cuperinox,20271,"1,338",24,0.02%,0.02%,"2,321",29,0.03%,0.01%,99.90%,100.00%,115,2,8.59%,8.33%,"5.168,16 €","92,48 €",115,2
B0D73CM824,B0D73CM824,"Arcos Cuchillo Mesa | Cuchillo Chuletero | Cuchillo Carne| Cuchillo de Mesa | Pack 12 Unidades| Hoja de Acero Inoxidable115 mm, Mango de Polipropileno Color Negro",740000,"8,167",192,0.13%,0.13%,"11,215",274,0.13%,0.13%,99.38%,97.22%,120,9,1.47%,4.69%,"3.628,85 €","278,91 €",113,8
B0843QFQB7,B0843QFQB7,Arcos Set Cuchillos 5 piezas Acero Inoxidable Nitrum. Cuchillo Cocina Profesional Afilado para Cortar Carne. Mango Ergonómico Polioximetileno POM. Serie Opera. Diseño Clásico. Color Negro.,227000,"4,766",138,0.08%,0.09%,"7,281",210,0.08%,0.10%,79.88%,87.50%,113,6,2.37%,4.35%,"15.501,95 €","826,77 €",112,6
B08VS4FCLN,B08BX3WTPP,"Arcos Juego Cuchillos Cocina cuchillo blanco cuchillos | cuchillos cocina Maitre | 4 piezas | Chef 215 mm, Cocina 150 mm, Verduras 100 mm Tijera cocina (Blanco)",152624,"4,319",100,0.07%,0.07%,"6,108",155,0.07%,0.07%,99.25%,100.00%,112,4,2.59%,4.00%,"3.916,38 €","139,96 €",112,4
B0FR444FLT,B07YYDR6D8,Arcos Juego de Cuchillos de Cocina. 3 piezas de Acero Inoxidable forjado. Impresiona yorprencon cada corte. Mango Micarta azul. Serie Brooklyn. Color Azul.,858110_,"7,079",114,0.11%,0.08%,"9,921",177,0.11%,0.08%,95.13%,92.63%,112,3,1.58%,2.63%,"10.331,06 €","258,99 €",110,3
B017HKSTCQ,B00CFN1M6Q,ARCOS Tijeras de Cocina Multiusos 200 mm,809700_,"35,638",998,0.58%,0.68%,"52,899","1,460",0.60%,0.69%,4.73%,7.51%,154,57,0.43%,5.71%,"1.847,59 €","624,14 €",109,20
B0822MXSQQ,B00D3LF7EC, ,277000_fbm,"4,080",127,0.07%,0.09%,"6,352",219,0.07%,0.10%,33.69%,37.50%,110,14,2.70%,11.02%,"2.613,56 €","313,88 €",109,14
B07NDTGSY3,B07NDTGSY3,Arcos Serie Brooklyn - Cuchillo Rocking Santoku Cuchillo Asiático - Hoja de Acero Inoxidable Forjado NITRUM 190 mm - Mango de Micarta Color Azul (Filo Seda),191623_fbm,"3,102",41,0.05%,0.03%,"4,577",56,0.05%,0.03%,92.55%,100.00%,113,8,3.64%,19.51%,"4.463,41 €","315,44 €",109,6
B0F2Z57T3H,B09CL776WP,CUPERINOX® Cuchillos de Mesa Acero Inoxidable – Set 12 Cuchillos para Carne con Filo Dentado – Aptos Lavavajillas – Uso Diario y Profesional,15015_,"2,041",113,0.03%,0.08%,"3,026",182,0.03%,0.09%,94.92%,98.47%,198,4,9.70%,3.54%,"3.760,64 €","75,96 €",109,2
B0FWJYP1S9,B0FWJYP1S9,"Arcos Afilador de cuchillos multiángulo, Preciso y duradero",610400_fbm,627,9,0.01%,0.01%,922,15,0.01%,0.01%,94.16%,88.89%,113,4,18.02%,44.44%,"2.879,03 €","103,84 €",109,4
B017HKG9PK,B0044R87VO,Arcos Maitre - Cuchillo Jamonero Flexible - Acero Inoxidable NITRUM 275 mm - Mango Polipropileno negro,151200,"10,755",283,0.17%,0.19%,"12,263",325,0.14%,0.15%,79.80%,75.98%,112,7,1.04%,2.47%,"1.729,47 €","107,45 €",107,6
B00I9XTKI8,B00I9XTKI8,ARCOS Taco Ovalado Protector de Cuchillos hasta 20 cm,794100_,"8,173",174,0.13%,0.12%,"11,975",267,0.14%,0.13%,22.59%,21.71%,107,5,1.31%,2.87%,"2.782,22 €","129,95 €",107,5
B06XB92VRH,B07T6J5JWM,CUPERINOX Cafetera Italiana Induccion Espresso Acero Inoxidable 12 Tazas,25035_2,"7,553",142,0.12%,0.10%,"11,700",203,0.13%,0.10%,72.17%,97.37%,108,1,1.43%,0.70%,"2.881,66 €","28,00 €",107,1
B0FGDJJ12N,B0FGDJJ12N,VINFERMATON – Insecticida Avispas y Nidos Exterior 600 ml | Válvula Largo Alcance hasta 4 m | Acción Profesional Inmediata | 100% MADE IN SPAIN,V0020,647,21,0.01%,0.01%,872,25,0.01%,0.01%,97.57%,100.00%,118,5,18.24%,23.81%,"1.412,42 €","59,35 €",107,5
B08XYXJ173,B00J4L7FEU,Arcos Hachuela Macheta de Cocina Acero Inoxidable 160 mm,282404_us,"2,451",80,0.04%,0.05%,"3,799",121,0.04%,0.06%,47.44%,35.62%,107,6,4.37%,7.50%,"2.632,73 €","143,94 €",106,6
B06XB92VRH,B00YU2YTTM,CUPERINOX Cafetera Italiana Induccion Espresso Acero Inoxidable 4 Tazas,25032_,"4,711",95,0.08%,0.06%,"7,028",142,0.08%,0.07%,69.61%,39.06%,104,5,2.21%,5.26%,"1.697,93 €","79,90 €",104,5
B0CYTKGNPM,B0CW66H3TR,Pelador de Tomate ARCOS - Hoja Serrada de Acero Inoxidable | Mango Ergonómico | Ideal para Tomates,607420,"12,060",222,0.19%,0.15%,"13,441",244,0.15%,0.12%,93.38%,96.85%,116,6,0.96%,2.70%,"925,08 €","46,55 €",103,5
B00VRZ327A,B00VRZ327A,Arcos Tijeras Costura Acero Forjado 152 mm - Uso Doméstico y Profesional - Niqueladas Plata - Serie Style,502400,825,17,0.01%,0.01%,"1,240",20,0.01%,0.01%,97.75%,100.00%,101,3,12.24%,17.65%,"1.188,57 €","35,97 €",99,3
B017HKG9PK,B0044R87ZU,Arcos Cuchillo Cocina Acero Inoxidable Nitrum y Hoja 180 mm. Cuchillo Utilidad Profesional. Mango ergonómico polioximetileno Pom. Serie Maitre. Color Negro.,150800_fbm,"12,167",276,0.20%,0.19%,"15,725",358,0.18%,0.17%,18.82%,11.05%,107,5,0.88%,1.81%,"1.419,73 €","66,25 €",98,3
B017DLHEGQ,B017DLHEGQ,Arcos Chaira Afilador Manual de Cuchillos 230 mm,279400,"7,577",202,0.12%,0.14%,"11,702",289,0.13%,0.14%,10.07%,8.84%,99,2,1.31%,0.99%,"1.652,98 €","33,50 €",98,2
B07F9GQZCB,B07F9GQZCB,Arcos Cuchillo para Verduras de 4 Pulgadas con Hoja de 105mm en Acero Inoxidable y Mango de Madera. Cuchillo para Vegetales Apto para Lavavajillas. Serie Latina. Color Marrón,100500_fba,"4,556",102,0.07%,0.07%,"6,956",161,0.08%,0.08%,98.83%,100.00%,99,1,2.17%,0.98%,"3.661,97 €","36,95 €",98,1
B084WYHN2S,B084WYHN2S,CUPERINOX Cuchillos Carne | Cuchillos Mesa | Cuchillos Chuleteros | Cuchillo Sierra | 100 mm | Acero Inoxidable | Cuchillos para mesa (Madera),13012,"2,784",92,0.04%,0.06%,"3,811",123,0.04%,0.06%,34.28%,48.81%,129,26,4.63%,28.26%,"1.157,28 €","237,66 €",98,14
B08Y8NS7PN,B08XZ8X815,"Arcos serie Maitre - juego de Cuchillos, 2 Pza, Cuchillo Cocina Profesional 150mm + Cuchillo universal 100mm, Acero Inoxidable, Rosa, Eco",814600_fmb,"1,725",32,0.03%,0.02%,"2,299",37,0.03%,0.02%,99.21%,100.00%,104,4,6.03%,12.50%,"1.821,86 €","70,96 €",98,2
B09KJLG7BT,B08KW4BFZ9,CUPERINOX Jamonero Profesional | Soporte jamonero Tipo Gondola| Base de Corte para Usar con Cuchillo jamonero | Jamon iberico | Fabricado en España,20200_premium,"43,846",668,0.71%,0.45%,"65,045","1,001",0.74%,0.47%,96.40%,96.65%,95,1,0.22%,0.15%,"1.471,11 €","12,80 €",95,1
B08T5Z4HFS,B08QYV8C1P,"CUPERINOX Cubiertos para marisco | Pinzas para marisco | Tenazas para marisco | 6 Unidades | Cubiertos marisco (Cangrejo, Langosta, Ostras) | Tenedor de marisco con dos dientes inferiores y cuchara.",20023_6Unidades,"1,031",23,0.02%,0.02%,"1,451",30,0.02%,0.01%,100.00%,100.00%,99,4,9.60%,17.39%,"1.092,93 €","44,12 €",95,4
B0CVH8PC99,B0CQTKPL63,CUPERINOX Cuchillos Carne | Cuchillos Mesa | Cuchillos Chuleteros | 24 Piezas | Hoja Serrada | Mango Polipropileno | Acero Inoxidable | 11 cm,99901_24pzs,"1,897",122,0.03%,0.08%,"2,557",181,0.03%,0.09%,99.87%,97.84%,152,38,8.01%,31.15%,"2.955,84 €","714,62 €",95,20
B0DKP7F29P,B0DJBZ7G4Y,Arcos Serie Samoa Iconic | Sarten Antiadherente Cerámico 20 cm | Aluminio Forjado | Apta cualquier cocina | Mango Acero Inoxidable | Apta lavavajillas | Color Beige | LIBRE DE (PFOA/PTFE/PFOS),716124,"3,924",42,0.06%,0.03%,"5,294",56,0.06%,0.03%,97.59%,100.00%,97,5,2.47%,11.90%,"3.293,15 €","169,75 €",94,5
B0189HXQKQ,B017DLLFES,"Arcos Navaja Profesional de Acero Inoxidable Nitrum, Hoja 85 mm, Mango de Polipropileno, Serie Navajas Profesionales, Alta Durabilidad y Rendimiento",485700_fbm,"6,435",164,0.10%,0.11%,"8,561",225,0.10%,0.11%,53.13%,82.05%,161,74,2.50%,45.12%,"1.097,04 €","466,29 €",91,11
B0C5JNCFL4,B0C5JNCFL4,Arcos Serie Milano - Cubertería de 24 piezas en Caja de Regalo (6 Cuchillos + 12 Cucharas + 6 Tenedores) - Monoblock de una pieza en Acero Inoxidable - Color Plata,542000,"2,885",93,0.05%,0.06%,"4,658",162,0.05%,0.08%,89.06%,82.35%,138,28,4.78%,30.11%,"10.110,29 €","2.084,72 €",91,7
B0F9X4NXL3,B0F9KW1V3K,"Cuchillos Mesa, cuchillo carne, cuchillo mantequilla, Set 12 piezas, acero inoxidable, hoja con filo y sierra, cuchillo untar. Apto lavavajillas. Mango ergonomico",20043_12,"4,069",77,0.07%,0.05%,"5,406",106,0.06%,0.05%,99.76%,100.00%,96,1,2.36%,1.30%,"1.136,09 €","11,79 €",91,1
B09GSBSHMP,B07JJGTQK4,Arcos Conjunto Cuchillos 3 piezas - Acero Inoxidable Nitrum y Hoja mm. Cuchillo cocina profesional cocinar. 590 gr. Mango ergonómico polioximetileno POM. Serie Universal. Mayor control. Color negro.,807410_,"2,595",43,0.04%,0.03%,"4,152",63,0.05%,0.03%,67.11%,75.00%,90,2,3.47%,4.65%,"3.602,53 €","80,24 €",90,2
B0843DFZH2,B0843DFZH2,Arcos Set 5 Cuchillos Forjados Acero Inoxidable Nitrum,235024,"4,542",123,0.07%,0.08%,"7,161",182,0.08%,0.09%,65.91%,78.13%,90,7,1.98%,5.69%,"11.253,19 €","820,77 €",90,7
B00U2QWLVS,B00U2QWLVS,Arcos Cuchillo Chuletero de Mesa Acero Inoxidable Nitrum 115 mm,740009_us,"1,707",32,0.03%,0.02%,"2,396",46,0.03%,0.02%,74.72%,59.26%,302,20,17.69%,62.50%,"838,58 €","44,16 €",89,2
B00D3LC70Y,B00D3LC70Y,Arcos Tijeras Costura Castellana - Acero Forjado Niquelado 127 mm - Uso Doméstico y Profesional - Serie Style,502200,"1,006",24,0.02%,0.02%,"1,484",41,0.02%,0.02%,94.05%,72.22%,94,5,9.34%,20.83%,"984,82 €","51,21 €",88,3
B0F1N351DY,B073V5RN1J,Arcos Cuchillo Mondador Acero Inoxidable NITRUM 100 mm - Ideal para Pelar Frutas y Verduras - Mango Ergonómico Polipropileno Negro - Serie Nova,816500_1pieza,"7,981",187,0.13%,0.13%,"9,846",216,0.11%,0.10%,60.05%,50.94%,146,8,1.83%,4.28%,"666,22 €","35,92 €",88,3
B0812P3LZT,B0812P3LZT,"Arcos Nova - Set 3 Cuchillos Mantequilla - Acero Inoxidable 70 mm - Mango en color menta, naranja y limon",859900,"2,556",44,0.04%,0.03%,"3,653",55,0.04%,0.03%,98.84%,100.00%,92,0,3.60%,0.00%,"1.011,44 €","0,00 €",88,0
B017DLH9RA,B017DLH9RA,ARCOS Cuchillo Abre Ostras Acero Inoxidable 60 mm,277200_pp,"2,940",153,0.05%,0.10%,"4,098",226,0.05%,0.11%,77.01%,80.68%,96,5,3.27%,3.27%,"763,66 €","38,56 €",87,4
B08M9QRSW8,B08M9QRSW8,Arcos | Juego Cuchillos cuchillos mesa | 6 Uds | cuchillo fruta | cuchillo postre | Hoja 110 mm | Acero Inoxidable Martensítico | Mango Nylon | apto lavavajillas | Envase Ecológico,703600_barras_arcos,760,14,0.01%,0.01%,"1,189",20,0.01%,0.01%,93.00%,100.00%,113,1,14.87%,7.14%,"1.102,11 €","8,67 €",87,1
B09KJLG7BT,B098TFPYLY,CUPERINOX Jamonero profesional Gondola | tabla jamon | Cuchillo Jamonero Alveolos Acero Inox + Cubre Jamón Universal | Set cortar jamón (3 PZAS) | Sujeta jamones | tabla jamonero,20228_,"6,403",140,0.10%,0.10%,"9,333",204,0.11%,0.10%,98.82%,100.00%,87,1,1.36%,0.71%,"3.023,64 €","34,99 €",87,1
B017HKG9PK,B0044R883Q,Arcos Cuchillo Mondador Negro 80 mm,150200-cod_barras_arcos,"14,897",379,0.24%,0.26%,"20,597",515,0.23%,0.24%,6.33%,7.58%,98,2,0.66%,0.53%,"959,15 €","17,63 €",86,2
B071VT3MC3,B071VT3MC3,"Arcos Tijeras Manicura Curva de Acero Forjado, Uso Profesional y Doméstico, 102 mm, Niqueladas en Plata, Serie Style",500600_,585,12,0.01%,0.01%,862,19,0.01%,0.01%,93.38%,100.00%,88,4,15.04%,33.33%,"951,47 €","39,36 €",86,3
B0FBRQYHVM,B0FBRLQK47,"CUPERINOX Ventilador Portatil, Camping, Exterior, Playa, Piscina, Festival| 5+ cargas movil| +48H de bateria | 20000mAh| Powerbank, Luz led, Mando a distancia y Temporizador",27001,"3,630",138,0.06%,0.09%,"5,144",203,0.06%,0.10%,99.40%,99.31%,98,17,2.70%,12.32%,"5.357,71 €","894,09 €",85,9
B0F66KBPV1,B07N7Y7LD9,HENDI Cesta de lavavajillas Profesional para Vasos,H871348,"1,834",170,0.03%,0.12%,"2,695",262,0.03%,0.12%,80.51%,34.13%,87,7,4.74%,4.12%,"1.737,52 €","124,09 €",84,6
B08VS4FCLN,B08BX3WTPP,"Arcos Juego Cuchillos Cocina cuchillo blanco cuchillos | cuchillos cocina Maitre | 4 piezas | Chef 215 mm, Cocina 150 mm, Verduras 100 mm Tijera cocina (Blanco)",152624_,"4,319",100,0.07%,0.07%,"6,108",155,0.07%,0.07%,99.25%,100.00%,85,8,1.97%,8.00%,"2.916,95 €","279,22 €",84,7
B0F9TD2LTH,B0CS6V91GR,CUPERINOX® Cuchillos de Mesa con Mango de Madera – Set 6 Cuchillos para Carne con Filo Dentado – Estilo Palmadera tradicional – Aptos para Uso Diario,14015,"3,659",126,0.06%,0.09%,"5,186",159,0.06%,0.08%,99.79%,100.00%,95,1,2.60%,0.79%,"1.610,05 €","18,99 €",84,1
B0F2Z57T3H,B09CL776WP,CUPERINOX® Cuchillos de Mesa Acero Inoxidable – Set 12 Cuchillos para Carne con Filo Dentado – Aptos Lavavajillas – Uso Diario y Profesional,15015,"2,041",113,0.03%,0.08%,"3,026",182,0.03%,0.09%,94.92%,98.47%,162,101,7.94%,89.38%,"3.021,87 €","1.874,94 €",83,40
B005LR749W,B005LR749W,"ARCOS Juego de Cubiertos de 24 Piezas para Mesa. Cuberterí­a Completa para 6 Personas. Set de 6 Cucharas, 6 Cuchillos, 6 Tenedores y 6 Cucharas de Postre. Serie Berlí­n. Color Plata",562400_fbm,"6,071",151,0.10%,0.10%,"8,580",208,0.10%,0.10%,67.64%,65.35%,105,4,1.73%,2.65%,"8.498,17 €","336,76 €",82,2
B08ZNM265D,B08ZNM265D,Arcos | cuchillos de mesa cuchillo mesa tradicional | 6 Piezas cuchillo chuletero | mango nailon | Envase Eco | Fabricado en España,704400_fba,"2,553",67,0.04%,0.05%,"3,925",92,0.04%,0.04%,75.43%,100.00%,100,3,3.92%,4.48%,"2.676,59 €","71,97 €",82,2
B017HKSTCQ,B00VRWSIUO,Arcos Serie Ecopro - Tijeras de Cocina - Acero Inoxidable 240 mm - Mango de Acero Inoxidable - Color Plata,809800_,"9,523",286,0.15%,0.19%,"12,201",376,0.14%,0.18%,15.87%,25.11%,86,15,0.90%,5.24%,"1.557,13 €","265,11 €",81,11
B0CYTKGNPM,B0CW68KM18,Pelador de Cocina ARCOS - Hoja de Acero Inoxidable | Mango Ergonómico | Herramienta Versátil para Pelar Frutas y Verduras,607300_,"15,791",395,0.25%,0.27%,"18,950",459,0.21%,0.22%,73.89%,79.15%,87,12,0.55%,3.04%,"725,26 €","97,12 €",81,8
B017HKG9PK,B0044R87YQ,Arcos Cuchillo para Maitre Negro 100 mm,150500_pp,"16,169",401,0.26%,0.27%,"22,047",534,0.25%,0.25%,6.25%,12.66%,97,0,0.60%,0.00%,"965,31 €","0,00 €",80,0
B0CYTKGNPM,B0843Q6L5P,ARCOS Pelador Profesional Acero Inoxidable Cromado 130 mm,607000_,"44,618","1,327",0.72%,0.90%,"67,898","2,004",0.77%,0.95%,0.74%,9.58%,168,130,0.38%,9.80%,"872,64 €","596,90 €",78,42
B09FQ5SZK8,B0968LSP2T,"Arcos Utensilios Barbacoa - Cuchillo 200 mm y Tenedor 215 mm, Acero Inoxidable NITRUM, Mango Madera Ovengkol FSC, Set 2 Piezas, Embalaje Reciclado, Serie Nordika",167000_fbm,"2,829",91,0.05%,0.06%,"3,749",144,0.04%,0.07%,61.76%,60.67%,83,7,2.93%,7.69%,"4.084,63 €","338,75 €",78,7
B09MRYLZ4M,B09MRYLZ4M,Arcos Juego de Cuchillos de Cocina de 3 Piezas,167100_us,"12,285",285,0.20%,0.19%,"17,722",443,0.20%,0.21%,24.52%,19.00%,78,2,0.63%,0.70%,"5.293,09 €","137,80 €",78,2
B0CQ5G2HVQ,B0BRNJF5D2,Arcos Serie Samoa | Lote de Sartenes 20 y 24 cm | Aluminio Forjado | Full Induction | Mango Acero Inoxidable Efecto Frio | Sistema ahorro energético | Apta lavavajillas | Color Negro,717810,"2,964",53,0.05%,0.04%,"3,940",73,0.04%,0.03%,94.49%,91.30%,79,3,2.67%,5.66%,"4.736,06 €","179,86 €",78,3
B0B3F4QXML,B07HY6FKNQ,Arcos Serie Clasica - Juego de Cuchillos de 7 piezas en Caja de Regalo (5 Cuchillos + 1 Tijeras + 1 Chaira) - Hoja de Acero Inoxidable Forjado NITRUM - Mango de Polioximetileno (POM) - Color marrón,854400_2,"3,197",82,0.05%,0.06%,"4,797",100,0.05%,0.05%,77.37%,94.23%,76,7,2.38%,8.54%,"10.937,97 €","1.007,44 €",76,7
B08M99RZRV,B08M99RZRV,Arcos | Cuchillo Jamonero Cuchillo deshuesador | 2 Uds | Set cuchillos jamoneros 250 mm y cuchillo deshuesador (140 mm) jamonero profesional | cuchillo carnicero profesional | Eco,703800fbm,"14,127",247,0.23%,0.17%,"17,835",357,0.20%,0.17%,98.42%,100.00%,77,6,0.55%,2.43%,"3.117,59 €","240,94 €",76,6
B017HKSR4G,B00WUZRKJW,Arcos Cuchillos de Mesa - Hoja de Acero Inoxidable Nitrum 110 mm - Mango Ergonómico de Polipropileno - Ideal para Comedor - Color Crema - Serie Elegance,802900,"4,926",109,0.08%,0.07%,"7,273",168,0.08%,0.08%,64.73%,61.67%,213,5,4.32%,4.59%,"743,47 €","17,45 €",75,3
B0CQ5G2HVQ,B09T6G47Z6,"Arcos Sarten Antiadherente 26 cm - Aluminio Forjado, Full Induction, Mango Acero Inoxidable Efecto Frío, Apta Lavavajillas, Ahorro Energético, Serie Samoa",716410,"1,095",17,0.02%,0.01%,"1,591",20,0.02%,0.01%,81.52%,72.73%,76,2,6.94%,11.76%,"2.926,00 €","77,00 €",75,2
B0CVH8PC99,B0CQTKPL63,CUPERINOX Cuchillos Carne | Cuchillos Mesa | Cuchillos Chuleteros | 24 Piezas | Hoja Serrada | Mango Polipropileno | Acero Inoxidable | 11 cm,99923,"1,897",122,0.03%,0.08%,"2,557",181,0.03%,0.09%,99.87%,97.84%,89,11,4.69%,9.02%,"1.712,58 €","216,42 €",75,8
B078KJ1T6G,B078JPWR5J,"Arcos 807600 Juego de Cuchillos, Acero Inoxidable, Blanco, 45x20x5 cm, 3 Unidades",807600_,"6,271",144,0.10%,0.10%,"7,499",164,0.09%,0.08%,98.26%,94.34%,76,5,1.21%,3.47%,"5.257,24 €","329,95 €",74,5
B0FR444FLT,B07JJGXYZD,Arcos Set Cocina Serie Manhattan,858100,"6,650",86,0.11%,0.06%,"9,009",120,0.10%,0.06%,98.47%,98.59%,74,0,1.11%,0.00%,"5.850,26 €","0,00 €",74,0
B096SHJ82T,B0044R8868,Arcos Juego de 12 Cubiertos para Mesa. Set de 6 Cuchillos Chuleteros y 6 Tenedores en Madera de Haya y Acero Inoxidable. Estuche para Carne. Serie Mesa. Color Marrón,377700_fbm,"12,542",326,0.20%,0.22%,"17,366",480,0.20%,0.23%,18.65%,21.19%,85,1,0.68%,0.31%,"3.987,53 €","46,99 €",73,1
B071PB1GX3,B071PB1GX3,WINS 007 - Friegasuelos Perfumado | Garrafa 5 L,WINS007,773,67,0.01%,0.05%,"1,031",90,0.01%,0.04%,43.60%,53.95%,107,43,13.84%,64.18%,"1.117,31 €","435,68 €",73,28
B07N8VQSVB,B07N8VQSVB,Arcos Serie Capri - Cubertería de 24 piezas en una Caja de Regalo (6 cuchillos + 12 cucharas + 6 tenedores) - Monoblock de una pieza en Acero Inoxidable Color Plata,587400_,"7,471",210,0.12%,0.14%,"11,529",317,0.13%,0.15%,48.34%,57.73%,90,5,1.20%,2.38%,"6.779,27 €","379,95 €",73,5
B0G6M1C8V6,B0D4WK78XV,CUPERINOX Aceiteras para Aceite Usado | Grasera Acero Inoxidable 550ML con Filtro Metálico | Recipiente para Aceite Usado de Cocina y Grasa | Grasera Cocina Metálica 550ML 2Uds Metálico,22105-22106,942,10,0.02%,0.01%,"1,387",13,0.02%,0.01%,87.33%,100.00%,76,1,8.07%,10.00%,"790,74 €","11,49 €",73,1
B00J3ZVMCS,B00J3ZVMCS,Arcos Serie Toscana - Juego de Cucharas para Café (6 cucharas) - Monoblock de una pieza en Acero Inoxidable 18/10 y 140 mm - Color Plata,574200_,"12,525",488,0.20%,0.33%,"19,135",705,0.22%,0.33%,7.34%,13.63%,97,22,0.77%,4.51%,"998,92 €","214,50 €",72,14
B0CRDY65RY,B09T9QCXL9,Arcos Cacerola Antiadherente Aluminio Forjado 28 cm,717110,"4,638",68,0.07%,0.05%,"6,539",99,0.07%,0.05%,72.84%,64.29%,74,1,1.60%,1.47%,"4.045,65 €","54,75 €",72,1
B0189HXS8Q,B015QGR3CK,Arcos Serie Navajas Profesionales - Navaja Profesional - Hoja Filo de Acero Inoxidable NITRUM de 85 mm - Navaja de Acero Inoxidable Color amarillo,485900_fba,"15,029",335,0.24%,0.23%,"23,394",519,0.27%,0.24%,18.47%,19.17%,87,8,0.58%,2.39%,"620,79 €","47,92 €",71,3
B0DKP7F29P,B0DJC114YJ,"Arcos Serie Samoa Iconic | Cacerola Antiadherente Cerámico 24 cm y 4,3 L | Aluminio Forjado | Apta cualquier cocina | Mango Acero Inoxidable | Color Beige | LIBRE DE (PFOA/PTFE/PFOS)",717024,"2,199",34,0.04%,0.02%,"3,034",44,0.03%,0.02%,96.68%,96.55%,71,4,3.23%,11.76%,"4.441,73 €","251,80 €",71,4
B0DQV6381X,B0F2Q1K35T,CUPERINOX Soporte Jamonero Balancín | Jamonero Giratorio Profesional | Jamonero Madera | Jamonera Profesional | Tabla Cortar Jamon,20265_SC,"5,541",112,0.09%,0.08%,"8,100",155,0.09%,0.07%,98.84%,100.00%,71,2,1.28%,1.79%,"5.894,37 €","169,98 €",71,2
B0F54LTCFF,B07JJGTQK4,Arcos Conjunto Cuchillos 3 piezas - Acero Inoxidable Nitrum y Hoja mm. Cuchillo cocina profesional cocinar. 590 gr. Mango ergonómico polioximetileno POM. Serie Universal. Mayor control. Color negro.,807410_,"3,236",57,0.05%,0.04%,"4,696",77,0.05%,0.04%,71.61%,38.18%,71,1,2.19%,1.75%,"2.921,22 €","40,25 €",70,1
B0C2QFPLX9,B0C2QFPLX9,FAMILIA VINCARE (MULTIUSOS INDIVIDUAL),MULTIUSOS750ML,557,12,0.01%,0.01%,758,17,0.01%,0.01%,91.32%,100.00%,72,6,12.93%,50.00%,"689,98 €","59,94 €",69,3
B0DPKXM18X,B0DNQRZ3BN,"CUPERINOX Soporte Jamonero Inoxidable Profesional con Base Antideslizante para Jamones y Paletas, Incluye Cuchillo | Jamoneros Elite Collection",20260,"12,251",325,0.20%,0.22%,"15,621",369,0.18%,0.17%,99.81%,100.00%,69,1,0.56%,0.31%,"1.721,92 €","24,99 €",69,1
B08L8QY8T9,B007TS6GPE,"Arcos Juego de Cuchillos de Cocina cuatro piezas. 3 Cuchillos chef y 1 tijeras Acero Inoxidable y mango ergonómico polioximetileno para cortar carne, pescado y verduras. Serie Maitre. Color negro.",152600_fbm,"33,694",635,0.54%,0.43%,"47,691",891,0.54%,0.42%,7.78%,6.48%,69,3,0.20%,0.47%,"2.617,17 €","113,79 €",68,3
B0752V8D5V,B00I9XTGJ6,ARCOS Taco Redondo Protector de Cuchillos Caucho Termoplástico 225 mm,794000,"1,868",32,0.03%,0.02%,"2,708",39,0.03%,0.02%,48.85%,48.28%,70,1,3.75%,3.13%,"1.749,71 €","24,99 €",68,1
B0DK3CM34K,B07CBLHKLN,"HENDI Cartuchos de recarga de gas GLP para HENDI Cabezales de antorchas de cocina de llama continua 198247 y 198216, recambios para soplete, paquete de 4 unidades",H199039,820,62,0.01%,0.04%,"1,115",93,0.01%,0.04%,96.81%,98.73%,80,25,9.76%,40.32%,"1.165,38 €","349,72 €",68,16
B08GSTDWTC,B08LVVQ3ZQ,"Arcos Serie Nova - Cuchillo para pelar, Acero Inoxidable NITRUM, Envase Ecológico, 3 colores Fucsia, Turquesa y Amarillo",703700fbm,"14,353",270,0.23%,0.18%,"21,663",421,0.25%,0.20%,97.98%,99.18%,103,55,0.72%,20.37%,"1.090,09 €","531,97 €",68,23
B08VRP7CR7,B08MTXC14T,Arcos Juego Cuchillos Carne | 6 Piezas | Cuchillos Carne Cuchillo chuleteros | Cubiertos Acero Inoxidable | Hoja 110 mm | Mango Redondo y Forma Ovalada | monobock | Caja Envase Ecológico (6 unidades),809900,"1,756",47,0.03%,0.03%,"2,598",61,0.03%,0.03%,97.68%,100.00%,77,0,4.38%,0.00%,"2.106,62 €","0,00 €",68,0
B0752SPHL9,B005LR6W8Q,Arcos Maitre Set 5 Cuchillos Acero Inoxidable Nitrum,152000_,"4,789",125,0.08%,0.08%,"6,862",169,0.08%,0.08%,64.02%,82.52%,68,2,1.42%,1.60%,"4.211,36 €","117,98 €",67,2
B0DPKXM18X,B0DNQX2BZN,"CUPERINOX Soporte Jamonero Plegable | Jamonero Giratorio | Jamonero de Bambú con Cuchillo Profesional, Afilador y Funda para Jamón | Elite Collection",20270_,"12,699",370,0.20%,0.25%,"17,533",480,0.20%,0.23%,99.08%,100.00%,68,3,0.54%,0.81%,"3.310,14 €","144,97 €",67,3
B09CL776WP,B09CL776WP,CUPERINOX® Cuchillos de Mesa Acero Inoxidable – Set 12 Cuchillos para Carne con Filo Dentado – Aptos Lavavajillas – Uso Diario y Profesional,15015_,"3,559",172,0.06%,0.12%,"5,307",265,0.06%,0.13%,99.26%,99.47%,86,0,2.42%,0.00%,"1.719,14 €","0,00 €",66,0
B08TLR4Z27,B08M3DQFHM,Arcos jamonero Profesional | Cuchillo jamonero jamonero Inoxidable Nitrum | Mango Negro | Cuchillo Jamon iberico | Serie Maitre| Hoja Flexible y Filo Liso | 275 mm | Acero Inoxidable NITRUM,151210_fbm,"2,610",68,0.04%,0.05%,"3,513",87,0.04%,0.04%,99.54%,100.00%,71,10,2.72%,14.71%,"1.068,37 €","143,26 €",65,4
B08T5Z4HFS,B08QYQYZHS,"CUPERINOX Cubiertos para marisco | Pinzas para marisco | Tenazas para marisco | 12 Unidades | Cubiertos marisco (Cangrejo, Langosta, Ostras) | Tenedor de marisco con dos dientes inferiores y cuchara.",20023_12FBA,"2,301",86,0.04%,0.06%,"3,268",132,0.04%,0.06%,99.32%,100.00%,79,12,3.43%,13.95%,"1.399,08 €","220,75 €",65,6
B09MSDJQJ1,B09MM5CH6C,Arcos jamonero profesional alveolos | incluye pinza para jamón | cuchillo jamonero cuchillo jamonero alveolos cuchillos profesional| Acero Inoxidable Nitrum 240 mm,856200,"3,971",78,0.06%,0.05%,"5,111",98,0.06%,0.05%,99.44%,100.00%,65,1,1.64%,1.28%,"1.950,85 €","29,99 €",65,1
B0CQ5G2HVQ,B09T9S9NZ4,"Arcos Sarten Antiadherente 24 cm - Aluminio Forjado, Full Induction, Mango Acero Inoxidable Efecto Frío, Apta Lavavajillas, Ahorro Energético, Serie Samoa",716310,"3,126",65,0.05%,0.04%,"4,422",93,0.05%,0.04%,39.28%,28.30%,66,1,2.11%,1.54%,"2.420,80 €","37,25 €",65,1
B06XB92VRH,B00YU2YTTM,CUPERINOX Cafetera Italiana Induccion Espresso Acero Inoxidable 4 Tazas,25032,"4,711",95,0.08%,0.06%,"7,028",142,0.08%,0.07%,69.61%,39.06%,64,0,1.36%,0.00%,"1.085,64 €","0,00 €",64,0
B06XB92VRH,B00YU2ZS1A,CUPERINOX Cafetera Italiana Induccion Espresso Acero Inoxidable 6 Tazas,25033_,"2,075",48,0.03%,0.03%,"2,774",64,0.03%,0.03%,86.50%,88.89%,84,22,4.05%,45.83%,"1.447,83 €","393,80 €",64,3
B08TLR4Z27,B095C22QFS,Arcos jamonero Profesional | Cuchillo jamonero jamonero Inoxidable Nitrum | Mango Negro | Cuchillo Jamon iberico | Serie Maitre| Hoja Flexible y Filo Liso | 275 mm | Acero Inoxidable NITRUM,151811FBM,"2,250",64,0.04%,0.04%,"3,309",90,0.04%,0.04%,99.57%,100.00%,64,1,2.84%,1.56%,"1.218,14 €","14,87 €",64,1
B0F54LTCFF,B0044R87I2,Arcos Conjunto Cuchillos 4 piezas (3 Cuchillos + 1 tijeras). Acero Inoxidable y Hoja mm. 1670 gr. Bloque madera pino. Mango ergonómico polioximetileno POM. Serie Universal. Mayor control. Color negro.,285000_us,"4,196",109,0.07%,0.07%,"5,584",134,0.06%,0.06%,86.66%,62.22%,63,1,1.50%,0.92%,"3.365,96 €","45,45 €",63,1
B0BMQ3CMJD,B005LR73D4,Arcos Serie Niza - Set Jamoneri - Cuchillo Jamonero + Chaira - Hoja de Acero Inoxidable NITRUM de 240 mm - Mangos fabricados en Polipropileno (PP) Color Negro,136700_fbm,"5,942",137,0.10%,0.09%,"8,454",181,0.10%,0.09%,7.46%,4.39%,64,2,1.08%,1.46%,"959,86 €","29,98 €",63,2
B00D3LDXPM,B00D3LDXPM,ARCOS Abrelatas Manual Aleación de Zinc Plata-Negro 160 mm,603600,"3,024",187,0.05%,0.13%,"4,099",265,0.05%,0.13%,13.94%,28.65%,63,19,2.08%,10.16%,"1.092,43 €","322,81 €",63,19
B0F9TD2LTH,B09CL776WP,CUPERINOX® Cuchillos de Mesa Acero Inoxidable – Set 12 Cuchillos para Carne con Filo Dentado – Aptos Lavavajillas – Uso Diario y Profesional,15015_,"4,332",291,0.07%,0.20%,"6,807",510,0.08%,0.24%,55.84%,82.73%,88,5,2.03%,1.72%,"1.852,78 €","109,95 €",63,2
B0DKP7F29P,B0DJC17TXZ,"Arcos Serie Samoa Iconic | Cacerola Baja Antiadherente Cerámico 28 cm y 4,3 L | Aluminio Forjado | Apta cualquier cocina | Mango Acero Inoxidable | Color Beige | LIBRE DE (PFOA/PTFE/PFOS)",717124,"2,242",38,0.04%,0.03%,"2,970",45,0.03%,0.02%,95.20%,95.83%,64,2,2.85%,5.26%,"4.615,00 €","144,75 €",63,2
B0F9X4NXL3,B0F9KW1V3K,"Cuchillos Mesa, cuchillo carne, cuchillo mantequilla, Set 12 piezas, acero inoxidable, hoja con filo y sierra, cuchillo untar. Apto lavavajillas. Mango ergonomico",20043--12,"4,069",77,0.07%,0.05%,"5,406",106,0.06%,0.05%,99.76%,100.00%,70,2,1.72%,2.60%,"832,65 €","23,98 €",63,2
B07F6C8L9T,B07F6C8L9T,ARCOS Sacacorchos Eléctrico ABS Batería Recargable Plata,604900_,"8,430",165,0.14%,0.11%,"11,488",251,0.13%,0.12%,11.71%,17.33%,64,3,0.76%,1.82%,"2.800,75 €","128,97 €",62,3
B0F1ZF7H1L,B07YXBK4HD,Arcos Riviera Set 3 Cuchillos de Corte Acero Inoxidable Nitrum,806911_,"4,994",110,0.08%,0.07%,"5,980",126,0.07%,0.06%,84.42%,78.26%,63,2,1.26%,1.82%,"3.982,37 €","129,90 €",62,2
B08ZNM265D,B08ZNM265D,Arcos | cuchillos de mesa cuchillo mesa tradicional | 6 Piezas cuchillo chuletero | mango nailon | Envase Eco | Fabricado en España,704400,"2,553",67,0.04%,0.05%,"3,925",92,0.04%,0.04%,75.43%,100.00%,75,7,2.94%,10.45%,"1.985,29 €","155,93 €",62,2
B00D3LCFRE,B00D3LCFRE,Arcos Tijeras Multiusos de Acero Inoxidable 210 mm - Costura y Tejidos - Mango ABS Gris - Serie Deluxe,521000_fbm,765,34,0.01%,0.02%,"1,071",55,0.01%,0.03%,91.53%,92.31%,71,7,9.28%,20.59%,"1.687,69 €","166,73 €",61,5
B0F1ZF7H1L,B07JWG12BV,Arcos Riviera Set 3 Cuchillos Forjados Acero Inoxidable Nitrum,807710_,"4,956",72,0.08%,0.05%,"6,117",92,0.07%,0.04%,96.00%,66.67%,62,1,1.25%,1.39%,"4.211,18 €","64,99 €",61,1
B0FR444FLT,B07N8S366Z,Arcos Cuchillo Cocina Forjado en Acero Inoxidable. Hoja Plateada 210 mm. Cuchillo Chef con Mango Profesional Micarta y Borde de Seda Especial. Serie Brooklyn. Color Azul.,190623_,"2,745",43,0.04%,0.03%,"3,815",73,0.04%,0.03%,95.80%,100.00%,62,3,2.26%,6.98%,"2.815,22 €","122,71 €",61,3
B09DPRCMTF,B08MW2GWPC,Arcos Juego Cuchillos Carne | Cuchillo chuleteros | Cuchillos Carne Cuchillos Mesa | 6 Uds | Hoja 110 mm | Acero Inoxidable | Mango Nylon | Apto lavavajillas | Envase Ecológico (Filo Serrado),816400fba,"3,454",72,0.06%,0.05%,"4,556",86,0.05%,0.04%,99.80%,100.00%,76,1,2.20%,1.39%,"1.503,24 €","19,99 €",61,1
B08VS4FCLN,B09HHGVG2N,"Arcos Juego Cuchillos Cocina cuchillos | Cuchillo profesional | 6 piezas | Chef 215 mm + Cocina 150 mm, Verduras 100 mm + Tijera cocina + Pelador de fruta y verdura + Pinza para pescado",854200fbm,"2,889",50,0.05%,0.03%,"3,872",71,0.04%,0.03%,99.55%,100.00%,61,1,2.11%,2.00%,"2.462,36 €","37,39 €",61,1
B0CQLNJVKL,B0BRNMK276,"Arcos Sartenes Antiadherentes 20/24 cm - Aluminio Fundido, Asas Silicona, Ahorro Energético, Compatible con Inducción y Lavavajillas, Serie Thera, Negro/Azul",7198000,"1,893",38,0.03%,0.03%,"2,526",58,0.03%,0.03%,83.97%,86.49%,61,0,3.22%,0.00%,"3.236,25 €","0,00 €",61,0
B0DKP7F29P,B0DJBZRDXV,Arcos Serie Samoa Iconic | Sarten Antiadherente Cerámico 24 cm | Aluminio Forjado | Apta cualquier cocina | Mango Acero Inoxidable | Apta lavavajillas | Color Negro | LIBRE DE (PFOA/PTFE/PFOS),716322,"1,370",29,0.02%,0.02%,"1,804",40,0.02%,0.02%,91.57%,100.00%,62,2,4.53%,6.90%,"2.476,90 €","79,90 €",61,2
B0752XP113,B0044R887W,Arcos Juego Cuchillos carne 4 piezas. Paquete Cuchillos bolsillo con borperla para cortar y filetear carne. Hoja y mango Acero Inoxidable monobloque. Serie Mesa.,378400_2,"8,126",231,0.13%,0.16%,"12,518",361,0.14%,0.17%,14.66%,25.62%,83,6,1.02%,2.60%,"1.742,73 €","125,10 €",60,4
B07DC711NK,B07DC711NK,"HENDI Batidora de Mano, Carcasa de ABS, Brazo Batidor de Acero Inoxidable, Cuchillas cruzadas con Revestimiento de Titanio, 6 Velocidades, Pantalla LCD, 250W, 230V, Procesa de 1-8 Litros, ø71x(H)444mm",H222157,"2,546",267,0.04%,0.18%,"3,643",419,0.04%,0.20%,44.85%,22.12%,60,15,2.36%,5.62%,"6.664,98 €","1.705,82 €",60,15
B0CQ5G2HVQ,B09T6L1F99,"Arcos Sarten Antiadherente 28 cm - Aluminio Forjado, Full Induction, Mango Acero Inoxidable, Apta Lavavajillas, Ahorro Energético, Serie Samoa",716510,"1,368",48,0.02%,0.03%,"1,941",57,0.02%,0.03%,46.83%,37.93%,62,4,4.53%,8.33%,"2.617,70 €","168,20 €",60,3
B0FDKY2RXG,B0FDKY2RXG,VINCARE Pack Limpieza Infantil – Detergente Biberones + Multiusos + Quitamanchas – Limpieza Segura para el Entorno del Bebé- 100% MADE IN SPAIN,PACK VINCARE,985,3,0.02%,0.00%,"1,238",3,0.01%,0.00%,98.49%,100.00%,60,0,6.09%,0.00%,"879,52 €","0,00 €",60,0
B007TS6HNK,B007TS6HNK,ARCOS Corta Pizzas Acero Inoxidable 100 mm,614800_,"2,654",167,0.04%,0.11%,"3,843",249,0.04%,0.12%,9.85%,8.72%,72,14,2.71%,8.38%,"863,48 €","167,86 €",59,10
B07M8DDJ9B,B07M8DDJ9B,"WINS– Ambientador Lavanda Concentrado | Perfume Intenso y Duradero para Hogar, Oficinas y Espacios Comunes | Aroma Natural Relajante | Garrafa 5L | 100% Made in Spain",WINS008,946,73,0.02%,0.05%,"1,299",96,0.01%,0.05%,34.45%,75.64%,61,18,6.45%,24.66%,"1.080,28 €","315,35 €",59,16
B0CQ5G2HVQ,B09T6KY364,"Arcos Sarten Antiadherente 30 cm - Aluminio Forjado, Full Induction, Mango Acero Inoxidable Efecto Frío, Apta Lavavajillas, Ahorro Energético, Serie Samoa",716610,805,20,0.01%,0.01%,"1,093",24,0.01%,0.01%,88.58%,82.35%,59,5,7.33%,25.00%,"2.684,50 €","227,50 €",59,5
B0CN13SJ98,B0CN13SJ98,"HENDI Expositor con cubierta deslizante roll-top, Doble",H871768,"3,165",294,0.05%,0.20%,"4,931",480,0.06%,0.23%,39.05%,15.18%,63,12,1.99%,4.08%,"3.008,25 €","573,00 €",59,9
B0752TTMS8,B00D3LFAEE,Arcos Chairas - Chaira Afilador Manual de Cuchillos - Cuerpo Ovalado de Acero al Carbono Recubierto de Diamante de 280 mm y 17 mm de diámetro - Mango Polipropileno Color Negro,279200,"15,308",384,0.25%,0.26%,"22,046",531,0.25%,0.25%,8.42%,7.69%,58,3,0.38%,0.78%,"2.313,14 €","119,97 €",58,3
B0189HXS8Q,B017DLLIUO,Arcos Navaja Profesional Acero Inoxidable 85 mm,485929,"8,537",193,0.14%,0.13%,"11,993",260,0.14%,0.12%,23.90%,46.63%,80,24,0.94%,12.44%,"592,94 €","170,14 €",58,8
B0CRDY65RY,B09T9QCL8D,"Arcos Cazuela Antiadherente de 24 cm y 4,3 L | Aluminio Forjado | Adecuada para cualquier cocina | Mangos de Acero Inoxidable con Efecto Frío | Color Negro | Inducción completa. Serie Ollas Samoa",717010,"1,934",38,0.03%,0.03%,"2,690",51,0.03%,0.02%,84.60%,94.12%,58,1,3.00%,2.63%,"2.839,09 €","48,94 €",57,1
B0DVT6KPDV,B0DT75PQN7,"CUPERINOX Kit Cocina Montessori | Cuchillos Niños Aprendizaje +2 Años | Set Completo de Cuchillos Infantiles de 17 Piezas | Incluye Tijeras, Moldes, Batidor, Tabla y Cuchillo Seguro",27017,"5,277",94,0.09%,0.06%,"7,389",136,0.08%,0.06%,99.62%,100.00%,63,9,1.19%,9.57%,"821,33 €","157,87 €",57,6
B08TLR4Z27,B08M3YG4R1,Arcos jamonero Profesional | Cuchillo jamonero jamonero Inoxidable Nitrum | Mango Negro | Cuchillo Jamon iberico | Serie Maitre| Hoja Flexible y Filo Liso | 275 mm | Acero Inoxidable NITRUM,704200,"2,256",37,0.04%,0.03%,"2,978",52,0.03%,0.02%,99.82%,100.00%,68,12,3.01%,32.43%,"1.464,39 €","263,88 €",56,1
B08VRP7CR7,B09XMVTWLT,Arcos Juego Cuchillos Carne | 6 Piezas | Cuchillos Carne Cuchillo chuleteros | Cubiertos Acero Inoxidable | Hoja 110 mm | Mango Redondo y Forma Ovalada | monobock | Caja Envase Ecológico (Filo Liso),830000,"2,130",56,0.03%,0.04%,"3,384",88,0.04%,0.04%,99.83%,100.00%,70,9,3.29%,16.07%,"2.309,84 €","296,91 €",56,5
B06XWF2YLW,B005LR71GI,Arcos Cuchillo Cocinero 200 mm,135800,"8,381",214,0.14%,0.15%,"12,021",281,0.14%,0.13%,9.44%,9.57%,56,7,0.67%,3.27%,"570,44 €","71,75 €",55,7
B0752VKJ4B,B072FGV2YH,Arcos Juego de 6 Cuchillos Mondadores Acero Inoxidable 100 mm,189100_2,"14,896",443,0.24%,0.30%,"22,343",732,0.25%,0.35%,4.58%,4.67%,58,10,0.39%,2.26%,"983,01 €","168,79 €",55,9
B0F1ZF7H1L,B07JHPQGPW,Arcos Riviera Blanc Juego 3 Cuchillos Forjados POM Blanco,807610_,"5,185",104,0.08%,0.07%,"6,695",152,0.08%,0.07%,63.39%,48.35%,55,2,1.06%,1.92%,"3.835,20 €","139,98 €",55,2
B08TLR4Z27,B08M3YG4R1,Arcos jamonero Profesional | Cuchillo jamonero jamonero Inoxidable Nitrum | Mango Negro | Cuchillo Jamon iberico | Serie Maitre| Hoja Flexible y Filo Liso | 275 mm | Acero Inoxidable NITRUM,704200_fbm,"2,256",37,0.04%,0.03%,"2,978",52,0.03%,0.02%,99.82%,100.00%,55,5,2.44%,13.51%,"1.208,24 €","109,95 €",55,5
B0DKP7F29P,B0DJBZ635J,"Arcos Serie Samoa Iconic | Cacerola Antiadherente Cerámico 20 cm y 2,6 L | Aluminio Forjado | Apta cualquier cocina | Mango Acero Inoxidable | Color Beige | LIBRE DE (PFOA/PTFE/PFOS)",716924,"4,299",68,0.07%,0.05%,"6,008",100,0.07%,0.05%,97.12%,100.00%,55,2,1.28%,2.94%,"2.918,59 €","107,90 €",55,2
B0F54LTCFF,B000NOAYMM,Arcos Cuchillo Jamonero Acero Inoxidable 240 mm,281804_fba,"16,299",317,0.26%,0.22%,"22,711",452,0.26%,0.21%,8.11%,22.12%,55,3,0.34%,0.95%,"907,49 €","49,47 €",54,3
B0D73CM824,B0D73CM824,"Arcos Cuchillo Mesa | Cuchillo Chuletero | Cuchillo Carne| Cuchillo de Mesa | Pack 12 Unidades| Hoja de Acero Inoxidable115 mm, Mango de Polipropileno Color Negro",740000_fbm,"8,167",192,0.13%,0.13%,"11,215",274,0.13%,0.13%,99.38%,97.22%,57,2,0.70%,1.04%,"1.622,13 €","61,98 €",54,2
B0F1ZF7H1L,B005LR6FAG,"Arcos Cuchillo Cocina Forjado en Acero Inoxidable y Hoja de 200mm. Cuchillo Chef Profesional para Cortar Pescado, Carne y Cebolla. Mango Ergonómico Polioximetileno. Serie Riviera. Color Negro.",233600_,"18,680",372,0.30%,0.25%,"26,876",549,0.30%,0.26%,9.32%,8.87%,60,10,0.32%,2.69%,"1.949,94 €","324,90 €",53,4
B017HKJKNI,B006LMX2EW,Arcos Universal Cuchillo Jamonero Acero Hoja Hueca Negro 280 mm,281901_,"2,880",74,0.05%,0.05%,"3,929",104,0.04%,0.05%,45.56%,34.48%,54,2,1.88%,2.70%,"1.267,74 €","45,50 €",53,2
B017HKKKIC,B007TS68BG,Arcos Universal Cuchillo Carnicero Nitrum POM Negro 160 mm,288200_fbm,"2,526",80,0.04%,0.05%,"3,834",104,0.04%,0.05%,31.56%,26.76%,54,8,2.14%,10.00%,"1.456,45 €","214,00 €",53,8
B0B3F4QXML,B008U6TDTK,Arcos Serie Clasica - Juego de Cuchillos de 5 piezas en Caja de Regalo (5 Cuchillos) - Hoja de Acero Inoxidable Forjado NITRUM - Mando de Polioximetileno (POM) - Bloque de madera color marrón acabado lacado,257000,"8,205",242,0.13%,0.16%,"11,439",323,0.13%,0.15%,84.09%,81.22%,54,2,0.66%,0.83%,"7.393,57 €","289,98 €",53,1
B077V7LJJM,B077V7LJJM,"Arcos Serie Riviera, Set Jamonero de 3 piezas, 1 Cuchillo Jamonero + 1 Deshuesador + 1 Chaira, Hoja de Acero Inoxidable Forjado Nitrum, Mango de Polioximetileno, POM, Color Negro",_806911_,"2,451",34,0.04%,0.02%,"3,349",55,0.04%,0.03%,93.61%,100.00%,55,2,2.24%,5.88%,"3.761,95 €","139,98 €",53,2
B078GYCH1G,B078GYCH1G,Tenedor de marisco - 6 unid,20023,474,13,0.01%,0.01%,663,19,0.01%,0.01%,98.83%,100.00%,67,8,14.14%,61.54%,"830,49 €","95,34 €",53,3
B07YXBGV8C,B07YXBGV8C,Arcos Riviera Blanc Set 3 Cuchillos Forjados Acero Inoxidable Nitrum,807511_,"1,350",42,0.02%,0.03%,"2,034",61,0.02%,0.03%,81.36%,81.58%,55,4,4.07%,9.52%,"3.236,75 €","236,66 €",53,3
B08VRP7CR7,B09XMVTWLT,Arcos Juego Cuchillos Carne | 6 Piezas | Cuchillos Carne Cuchillo chuleteros | Cubiertos Acero Inoxidable | Hoja 110 mm | Mango Redondo y Forma Ovalada | monobock | Caja Envase Ecológico (Filo Liso),830000_,"2,130",56,0.03%,0.04%,"3,384",88,0.04%,0.04%,99.83%,100.00%,66,3,3.10%,5.36%,"2.095,63 €","87,51 €",53,2
B00J3ZTXAG,B00J3ZTXAG,Arcos Cuchillo Jamonero 250 mm Acero Inoxidable Serie Latina,101301_fbm,"18,183",405,0.29%,0.27%,"26,769",583,0.30%,0.28%,2.32%,3.92%,51,2,0.28%,0.49%,"509,83 €","19,98 €",51,2
B0788NSRGR,B0788NSRGR,WINS-Detergente Máquinas Lavavajillas Profesional Aguas Duras 012 | Garrafa 5 L | Limpieza Potente de Vajilla en Lavavajillas Industriales | Uso Profesional | 100% Made in Spain,WINS012_5l,227,27,0.00%,0.02%,326,41,0.00%,0.02%,85.96%,100.00%,80,43,35.24%,159.26%,"1.307,48 €","678,85 €",51,20
B08G8QCM5H,B08G8QCM5H,ARCOS cuchillo pelador | 6 PIEZAS | cuchillo de pelar | cuchillos pelar patatas | Hoja 100 mm | Negro | cuchillo arcos pelador Acero Inoxidable,816500,"10,638",292,0.17%,0.20%,"14,501",391,0.16%,0.18%,99.76%,100.00%,70,32,0.66%,10.96%,"1.275,80 €","564,18 €",51,15
B017HKG9PK,B0044R87ZA,Arcos Cuchillo Mondador de Acero Inoxidable. Cuchillo Cocina Profesional para Pelar Frutas y Verduras. Mango Ergonómico Polioximetileno y Hoja 150mm. Serie Maitre. Color Negro.,150700_,"15,937",373,0.26%,0.25%,"21,763",515,0.25%,0.24%,7.84%,3.88%,56,1,0.35%,0.27%,"615,80 €","10,99 €",50,1
B00J4L7DZ6,B00J4L7DZ6,Arcos Serie Toscana - Juego de Tenedores de Mesa (3 tenedores) - Monoblock de una pieza en Acero Inoxidable 18/10 y 200 mm - Color Plata,574700_,"10,458",318,0.17%,0.22%,"16,027",476,0.18%,0.22%,6.45%,7.40%,86,18,0.82%,5.66%,"772,45 €","160,38 €",50,9
B00MDK1EBE,B00MDK1EBE,"Arcos Cuchillo Utilitario Acero Inoxidable Nitrum 5""",100600_fbm,"1,283",33,0.02%,0.02%,"2,089",54,0.02%,0.03%,51.36%,50.00%,109,1,8.50%,3.03%,"644,79 €","4,95 €",50,1
B017DLM9SY,B017DLM9SY,Arcos Serie Toscana - Juego de Cucharas de Mesa (3 cucharas) - Monoblock de una pieza en Acero Inoxidable 18/10 y 180 mm - Color Plata,574400_,"1,883",55,0.03%,0.04%,"2,948",84,0.03%,0.04%,41.66%,24.49%,80,4,4.25%,7.27%,"629,78 €","28,82 €",50,2
B0786LYQTP,B0786LYQTP,VINFER- Limpiador y Abrillantador Inox 600 ml | Limpieza y Protección Acero Inoxidable | Efecto Brillo Duradero | Desengrasa y Cuida Superficies Inoxidables | Spray Profesional,VP_Inox600Ml,492,20,0.01%,0.01%,671,33,0.01%,0.02%,83.12%,83.33%,68,8,13.82%,40.00%,"544,42 €","61,16 €",50,5
B07G79KCFK,B07G79KCFK,"Arcos Cuchillos de Mesa Caja de 12 uds Cuchillo Chuletero Cuchillo de Mesa, Hoja de Acero Inoxidable NITRUM 105 mm, Mango de Nylon, Color Marrón (12 uds)",803800_,"1,524",56,0.02%,0.04%,"2,220",89,0.03%,0.04%,78.28%,68.75%,64,15,4.20%,26.79%,"2.518,36 €","593,85 €",50,6
B07N8S366Z,B07N8S366Z,Arcos Cuchillo Cocina Forjado en Acero Inoxidable. Hoja Plateada 210 mm. Cuchillo Chef con Mango Profesional Micarta y Borde de Seda Especial. Serie Brooklyn. Color Azul.,190623_,"3,142",51,0.05%,0.03%,"4,365",80,0.05%,0.04%,90.76%,92.00%,53,4,1.69%,7.84%,"2.441,83 €","178,84 €",50,3
B09MSDJQJ1,B09MM5CH6C,Arcos jamonero profesional alveolos | incluye pinza para jamón | cuchillo jamonero cuchillo jamonero alveolos cuchillos profesional| Acero Inoxidable Nitrum 240 mm,856200FBM,"3,971",78,0.06%,0.05%,"5,111",98,0.06%,0.05%,99.44%,100.00%,50,0,1.26%,0.00%,"1.430,39 €","0,00 €",50,0
B0FHQJSLGJ,B0FHQJSLGJ,"VINFERMATON - Insecticida Antipolillas Perfumado | Pack 3 x 300 ml | Protección para Armarios, Ropa y Tejidos | Elimina Polillas y Larvas | Aroma Agradable | Uso en Ambientes y Textiles",V1308_PACK3,418,6,0.01%,0.00%,584,7,0.01%,0.00%,97.53%,100.00%,52,0,12.44%,0.00%,"676,14 €","0,00 €",50,0
B0F54LTCFF,B006LMX2GK,Arcos Cuchillo Jamonero Acero Inoxidable Forjado Nitrum 280 mm,281904,"5,813",121,0.09%,0.08%,"7,486",162,0.08%,0.08%,15.89%,22.54%,50,3,0.86%,2.48%,"874,50 €","52,47 €",49,3
B007TS6GW2,B007TS6GW2,Arcos Chairas - Chaira Afilador manual de cuchillos - Cuerpo de Acero al Carbono recubierto de Diamante de 280 mm - Mango de Polipropileno color negro,279202_,"2,139",62,0.03%,0.04%,"3,337",89,0.04%,0.04%,57.38%,51.61%,49,4,2.29%,6.45%,"1.950,71 €","159,96 €",49,4
B08Y8NS7PN,B08MT61GJV,Arcos Juego Cuchillos Cocina | 2 pzas |Profesional (150 mm) | Cuchillo Cortador Verduras (100 mm)| Acero Inoxidable Nitrum | Mango Negro | Envase Eco,819900,"4,072",97,0.07%,0.07%,"5,724",130,0.06%,0.06%,99.44%,98.90%,53,5,1.30%,5.15%,"883,72 €","84,85 €",49,3
B00VRZ1YJI,B00VRZ1YJI,Arcos Tijeras Modista Acero Forjado 190 mm - Uso Doméstico y Profesional - Niqueladas Plata - Serie Style,504300,453,13,0.01%,0.01%,655,20,0.01%,0.01%,96.03%,100.00%,52,7,11.48%,53.85%,"723,53 €","95,50 €",48,4
B0FR444FLT,B07DQRFDMB,Arcos Manhattan Cuchillo Santoku Forjado Acero POM Negro 190 mm,161600_,"1,422",27,0.02%,0.02%,"2,134",39,0.02%,0.02%,92.28%,96.43%,50,6,3.52%,22.22%,"1.661,66 €","204,30 €",48,4
B0B42QTHTP,B0B42QTHTP,CUPERINOX | Tijeras de pescado 18 cm | Tijeras Cocina | tijeras de cocinero profesional para aves pescado carne caza| Accesorios de cocina,21991_,500,20,0.01%,0.01%,743,29,0.01%,0.01%,86.54%,100.00%,76,22,15.20%,110.00%,"470,15 €","137,45 €",48,1
B0752X4WV1,B005LR73R0,Arcos Juego Chuleteros Mango Madera 110 mm,809300__,"45,952","1,142",0.74%,0.78%,"69,048","1,679",0.78%,0.79%,10.43%,8.01%,63,3,0.14%,0.26%,"1.512,17 €","71,97 €",47,3
B0F54LTCFF,B006LMX2HO,"Arcos Cuchillo Rebanar/Jamón Acero Inoxidable Nitrum 11""",282004_,"8,535",191,0.14%,0.13%,"12,581",283,0.14%,0.13%,13.04%,7.03%,48,0,0.56%,0.00%,"849,16 €","0,00 €",47,0
B00J3ZVMCS,B00J3ZVMCS,Arcos Serie Toscana - Juego de Cucharas para Café (6 cucharas) - Monoblock de una pieza en Acero Inoxidable 18/10 y 140 mm - Color Plata,574200,"12,525",488,0.20%,0.33%,"19,135",705,0.22%,0.33%,7.34%,13.63%,70,5,0.56%,1.02%,"698,10 €","48,75 €",47,2
B00VRZ3BMG,B00VRZ3BMG,Arcos Tijeras Costura Acero Forjado 140 mm - Uso Doméstico y Profesional - Niqueladas Plata - Serie Style,502300_,441,11,0.01%,0.01%,666,14,0.01%,0.01%,99.36%,100.00%,49,3,11.11%,27.27%,"537,85 €","32,31 €",47,2
B07JWM27F4,B07JWM27F4,Arcos Set Cuchillos Cocina Profesionales Forjados en Acero Inoxidable. Juego de 3 Cuchillos (Pelador 100 mm + Cocinero 150 mm + Cocinero 200 mm). Mango Ergonómico Rosa en Polioximetileno. Riviera Rose,855100_,"4,210",79,0.07%,0.05%,"5,922",124,0.07%,0.06%,96.41%,96.20%,47,2,1.12%,2.53%,"3.337,00 €","143,98 €",47,2
B00ID2NEMS,B00ID2NEMS,LIMPIASALPICADEROS PROFESIONAL 750 ML.,VP_SALPICADEROS_750ML,423,22,0.01%,0.01%,634,30,0.01%,0.01%,69.28%,76.00%,129,65,30.50%,295.45%,"1.075,37 €","512,49 €",46,11
B0B2RHJYHB,B0B2RHJYHB,"HENDI Cesta para Freír, 8L, 242x200x(H)140mm",H933664,"1,384",145,0.02%,0.10%,"2,023",223,0.02%,0.11%,51.63%,48.94%,54,12,3.90%,8.28%,"2.006,48 €","448,88 €",46,8
B0BJPYW95J,B0BJPYW95J,Arcos Accesorios - Sacacorchos Manual Abrebotellas Manual - Mango de Aleación de Zinc - Color Negro mate (Incluye cortacápsulas),607500,935,64,0.02%,0.04%,"1,444",106,0.02%,0.05%,94.99%,95.45%,52,11,5.56%,17.19%,"2.008,05 €","412,78 €",46,9
B0F147RFRT,B07N8S366Z,Arcos Cuchillo Cocina Forjado en Acero Inoxidable. Hoja Plateada 210 mm. Cuchillo Chef con Mango Profesional Micarta y Borde de Seda Especial. Serie Brooklyn. Color Azul.,190623_,"3,058",63,0.05%,0.04%,"4,283",88,0.05%,0.04%,86.94%,88.46%,48,2,1.57%,3.17%,"2.235,01 €","93,98 €",45,1
B08VS4FCLN,B09HBWSBN1,"Arcos Juego Cuchillos Cocina cuchillo blanco cuchillos | cuchillos cocina Maitre | 5 piezas | Chef 215 mm, Cocina 150 mm, Verduras 100 mm Tijera cocina (Negro + Jamonero)",854100,"4,181",62,0.07%,0.04%,"5,482",86,0.06%,0.04%,99.68%,96.49%,45,1,1.08%,1.61%,"2.247,05 €","49,99 €",45,1
B0CRDY65RY,B09T6KZ2K8,"Arcos Cacerola Antiadherente 20 cm Aluminio Forjado, Mango Efecto Frío, Apta Inducción y Lavavajillas, Ahorro Energético, 2.6 L Capacidad, Serie Samoa",716910,"2,207",36,0.04%,0.02%,"2,965",43,0.03%,0.02%,61.41%,38.46%,45,2,2.04%,5.56%,"1.793,65 €","79,90 €",45,2
B0DKP7F29P,B0DJBYB7XQ,"Arcos Serie Samoa Iconic | Cazo Antiadherente Cerámico 16 cm y 1,5 L | Aluminio Forjado | Apta cualquier cocina | Mango Acero Inoxidable | Color Beige | LIBRE DE (PFOA/PTFE/PFOS)",717224,"1,809",42,0.03%,0.03%,"2,313",57,0.03%,0.03%,87.87%,100.00%,45,4,2.49%,9.52%,"1.493,55 €","134,44 €",45,4
B0044R87XM,B0044R87XM,"Arcos Cuchillo cocina laerie Kyoto - Hoja Acero Inoxidable forjado Nitrum 6"" - Mango negro polioximetileno (POM) - Elegante y duradero (7'')",178900_,"2,614",70,0.04%,0.05%,"3,451",88,0.04%,0.04%,98.59%,100.00%,44,0,1.68%,0.00%,"2.079,81 €","0,00 €",44,0
B00WUZR7H2,B00WUZR7H2,Arcos Serie Cuchillos de Mesa - Cuchillo Mesa - Hoja Serrada de Acero Inoxidable de 125 mm - Cuchillo Monoblock Acero Inoxidable Color Plata,460400_1pieza,"1,306",31,0.02%,0.02%,"2,023",51,0.02%,0.02%,48.43%,29.63%,204,6,15.62%,19.35%,"915,96 €","26,94 €",44,1
B017DLL2KA,B017DLL2KA,"Arcos Regia Cuchillos Mesa Carne Nitrum POM Negro-Oro 4,5 pulg",375000_1Pieza,"2,112",74,0.03%,0.05%,"3,018",106,0.03%,0.05%,46.73%,35.71%,220,2,10.42%,2.70%,"2.603,42 €","23,98 €",44,1
B08VS4FCLN,B09HHGVG2N,"Arcos Juego Cuchillos Cocina cuchillos | Cuchillo profesional | 6 piezas | Chef 215 mm + Cocina 150 mm, Verduras 100 mm + Tijera cocina + Pelador de fruta y verdura + Pinza para pescado",854200,"2,889",50,0.05%,0.03%,"3,872",71,0.04%,0.03%,99.55%,100.00%,45,2,1.56%,4.00%,"1.974,87 €","87,98 €",44,2
B0DPKXM18X,B0DNQXN97X,CUPERINOX Soporte Jamonero Inoxidable | Jamonero Plegable | Jamonero Giratorio | Jamonero Profesional | Cuchillo Jamonero Profesional y Afilador,20250_fbm,"12,987",443,0.21%,0.30%,"18,377",637,0.21%,0.30%,43.21%,39.95%,45,4,0.35%,0.90%,"2.930,07 €","259,96 €",44,3
B0891RBKPX,B007TS6HCQ,ARCOS Pelador de Patatas y Verduras Profesional Acero Inoxidable 60 mm,612100,"1,808",45,0.03%,0.03%,"2,960",76,0.03%,0.04%,26.22%,23.53%,45,4,2.49%,8.89%,"382,05 €","33,96 €",43,3
B09KJLG7BT,B098XWCFXT,CUPERINOX Jamonero Profesional | soporte de jamon | 5 Piezas | tabla jamonera | soporte jamonero | Kit Jamonero (tabla + cuchillo + afilador + pinza + cubre jamon,20229FBM,"4,055",68,0.07%,0.05%,"4,787",84,0.05%,0.04%,99.61%,100.00%,44,5,1.09%,7.35%,"2.189,03 €","232,26 €",43,4
B09T9TSXHB,B09T9TSXHB,"Arcos Grill Antiadherente 28x28 cm - Aluminio Forjado, Full Induction, Mango Acero Inoxidable Efecto Frío, Ahorro Energético, Apta Lavavajillas, Serie Samoa",717410,"1,071",18,0.02%,0.01%,"1,536",30,0.02%,0.01%,65.78%,64.29%,44,2,4.11%,11.11%,"2.016,88 €","91,90 €",43,2
B0F9X4NXL3,B0F9KXQKLG,"CUPERINOX Cuchillos Mesa, cuchillo carne, cuchillo mantequilla, Set 24 piezas, acero inoxidable, hoja con filo y sierra, cuchillo untar. Apto lavavajillas. Mango ergonomico",20043-24,"1,183",48,0.02%,0.03%,"1,567",68,0.02%,0.03%,99.64%,100.00%,57,8,4.82%,16.67%,"1.135,93 €","159,92 €",43,4
B017DLDQXQ,B017DLDQXQ,"Arcos Serie Latina, Cuchillo jamonero, Hoja de 250 mm, Mango Madera",101300_fbm,"2,312",49,0.04%,0.03%,"3,201",67,0.04%,0.03%,31.38%,39.13%,42,3,1.82%,6.12%,"399,03 €","28,47 €",42,3
B0FR444FLT,B07D8WQ355,Arcos Serie Manhattan - Cuchillo Cocinero - Hoja de Acero Inoxidable Forjado Nitrum 210 mm - Mango de Polioximetileno (POM) Color Negro - Filo Seda,160600_,"1,851",35,0.03%,0.02%,"2,762",51,0.03%,0.02%,85.34%,88.89%,43,1,2.32%,2.86%,"1.611,07 €","36,49 €",42,1
B07F8Z6XL1,B07F8Z6XL1,VINFERMATÓN - Insecticida Matón Cucas Cucarachas y Hormigas Instantáneo 300ml,V101302,572,22,0.01%,0.01%,780,28,0.01%,0.01%,78.00%,58.33%,76,6,13.29%,27.27%,"597,59 €","46,14 €",42,4
B0CQ5G2HVQ,B09T6KZ499,"Arcos Sarten Antiadherente 32 cm - Aluminio Forjado, Full Induction, Mango Acero Inoxidable Efecto Frío, Apta Lavavajillas, Ahorro Energético, Serie Samoa",716710,"1,041",24,0.02%,0.02%,"1,415",31,0.02%,0.01%,83.56%,88.24%,43,1,4.13%,4.17%,"2.147,85 €","49,95 €",42,1
B071LGMGHG,B071LGMGHG,Arcos Tijeras de Manicura Rectas de Acero Forjado 102 mm - Uso Profesional y Doméstico - Niqueladas Plata - Serie Style,501100,690,18,0.01%,0.01%,911,21,0.01%,0.01%,72.76%,92.86%,41,2,5.94%,11.11%,"409,76 €","19,98 €",41,2
B0F147RFRT,B07YYDR6D8,Arcos Juego de Cuchillos de Cocina. 3 piezas de Acero Inoxidable forjado. Impresiona yorprencon cada corte. Mango Micarta azul. Serie Brooklyn. Color Azul.,858110_,"5,878",118,0.09%,0.08%,"8,544",160,0.10%,0.08%,45.33%,40.00%,41,2,0.70%,1.69%,"3.972,49 €","193,78 €",41,2
B0G3ZJ89NB,B09NRLLDC6,CUPERINOX Cuchillo Jamonero + Chaira + Funda Cubre Jamón | Jamonero 240mm acero inoxidable| Afilador Chaira | Funda cubre jamón,20220f,"2,971",47,0.05%,0.03%,"3,709",60,0.04%,0.03%,99.45%,97.37%,41,2,1.38%,4.26%,"409,59 €","19,98 €",41,2
B09T6HFG2F,B09T6HFG2F,Arcos Wok Antiadherente Aluminio Forjado 28 cm,717510,"1,292",21,0.02%,0.01%,"1,885",28,0.02%,0.01%,50.40%,50.00%,41,1,3.17%,4.76%,"1.749,95 €","42,75 €",41,1
B0FGDF2SHZ,B0FGDF2SHZ,VINFERMATON Antihormigas Efecto Permanente | Insecticida Cucarachas y Hormigas Pack 2×600 ml | Efecto hasta 1 año | Interior y Exterior | Profesional y Doméstico | MADE IN SPAIN,V0013_PACK2,424,19,0.01%,0.01%,619,33,0.01%,0.02%,72.65%,72.73%,49,4,11.56%,21.05%,"779,42 €","62,10 €",41,2
B0F1ZF7H1L,B005LR69ZC,Arcos Cuchillo de Queso Negro 145 mm,232800_,"4,862",137,0.08%,0.09%,"6,585",185,0.07%,0.09%,20.83%,28.00%,41,2,0.84%,1.46%,"1.555,95 €","75,90 €",40,2
B06XB92VRH,B00YU2ZS1A,CUPERINOX Cafetera Italiana Induccion Espresso Acero Inoxidable 6 Tazas,25033,"2,075",48,0.03%,0.03%,"2,774",64,0.03%,0.03%,86.50%,88.89%,41,1,1.98%,2.08%,"696,42 €","14,79 €",40,1
B0189HXS8Q,B015QGR3CK,Arcos Serie Navajas Profesionales - Navaja Profesional - Hoja Filo de Acero Inoxidable NITRUM de 85 mm - Navaja de Acero Inoxidable Color amarillo,485900_fbm,"15,029",335,0.24%,0.23%,"23,394",519,0.27%,0.24%,18.47%,19.17%,47,0,0.31%,0.00%,"368,66 €","0,00 €",40,0
B0CQ5G2HVQ,B09T9PKHHR,"Arcos Sarten Antiadherente 18 cm - Aluminio Forjado, Mango Acero Inoxidable Efecto Frío, Apta para Inducción y Lavavajillas, Sistema Ahorro Energético, Serie Samoa Basic",716010,690,21,0.01%,0.01%,936,32,0.01%,0.02%,82.86%,78.26%,41,1,5.94%,4.76%,"1.076,25 €","26,25 €",40,1
B0DVT6KPDV,B0DT73LYPQ,"CUPERINOX Cuchillos Montessori | Set de Cuchillos Infantiles de 16 Piezas | Cuchillos Niños Aprendizaje +2 Años | Incluye Delantal, Guante de Seguridad, Moldes Tabla de Cortar | Kids Collection",27016_,"7,118",93,0.11%,0.06%,"10,307",142,0.12%,0.07%,99.78%,98.95%,42,3,0.59%,3.23%,"617,24 €","60,30 €",40,3
B0752TVHLW,B00J4L7FEU,Arcos Hachuela Macheta de Cocina Acero Inoxidable 160 mm,282404_us,976,34,0.02%,0.02%,"1,452",50,0.02%,0.02%,35.44%,37.93%,39,4,4.00%,11.76%,"963,41 €","95,96 €",39,4
B073V5RN1J,B073V5RN1J,Arcos Cuchillo Mondador Acero Inoxidable NITRUM 100 mm - Ideal para Pelar Frutas y Verduras - Mango Ergonómico Polipropileno Negro - Serie Nova,816500_1pieza,662,19,0.01%,0.01%,987,24,0.01%,0.01%,83.02%,85.71%,54,2,8.16%,10.53%,"242,53 €","8,98 €",39,2
B0DKP7F29P,B0C65FDB33,Arcos Serie Samoa | Batería de Cocina 5 piezas | Aluminio Forjado | Full Inductino | Asas Acero Inoxidable Efecto Frio | Sistema ahorro energético | Apta lavavajillas | Color Negro,697500,"2,929",45,0.05%,0.03%,"4,465",69,0.05%,0.03%,95.82%,93.75%,39,0,1.33%,0.00%,"7.665,25 €","0,00 €",39,0
B0F54LTCFF,B007TS6GFO,Arcos Universal Juego 5 Cuchillos Nitrum Bloque Pino POM Negro,285700_,"12,135",321,0.20%,0.22%,"14,549",376,0.16%,0.18%,32.90%,29.18%,38,1,0.31%,0.31%,"3.688,00 €","104,90 €",38,1
B00J3ZVN54,B00J3ZVN54,ARCOS Cucharas de Mesa Acero Inoxidable 200 mm,574600_,"6,132",154,0.10%,0.10%,"9,654",248,0.11%,0.12%,8.55%,16.55%,68,0,1.11%,0.00%,"611,47 €","0,00 €",38,0
B07JWM27F4,B07JWM27F4,Arcos Set Cuchillos Cocina Profesionales Forjados en Acero Inoxidable. Juego de 3 Cuchillos (Pelador 100 mm + Cocinero 150 mm + Cocinero 200 mm). Mango Ergonómico Rosa en Polioximetileno. Riviera Rose,855100,"4,210",79,0.07%,0.05%,"5,922",124,0.07%,0.06%,96.41%,96.20%,38,3,0.90%,3.80%,"2.831,61 €","211,96 €",38,3
B09GBJKQHR,B07YYDR6D8,Arcos Juego de Cuchillos de Cocina. 3 piezas de Acero Inoxidable forjado. Impresiona yorprencon cada corte. Mango Micarta azul. Serie Brooklyn. Color Azul.,858110_,"3,076",46,0.05%,0.03%,"4,711",59,0.05%,0.03%,69.58%,67.57%,38,0,1.24%,0.00%,"3.694,95 €","0,00 €",38,0
B09FQ5SZK8,B08MTZZQV5,Arcos Cuchillo para Pan Acero Inoxidable Nitrum 200 mm,166400_fbm,"2,579",93,0.04%,0.06%,"3,373",125,0.04%,0.06%,29.13%,34.92%,38,4,1.47%,4.30%,"1.092,24 €","115,96 €",38,4
B09BVVKYWV,B09BVVKYWV,"CUPERINOX Navaja 5 en1 multiusos | Incluye Afilador Navaja| Funcion Abrebotella, rompecristales y corta cuerdas| Navaja Filo Liso y Sierra|",30060,"1,527",21,0.02%,0.01%,"2,051",30,0.02%,0.01%,98.51%,100.00%,41,2,2.69%,9.52%,"600,99 €","26,15 €",38,2
B0DPLG5V7Q,B0DWN7MZ3R,CUPERINOX Vaso cafe - Tazas de Espresso de Cristal - - Vaso Cristal - 80ml (Set de 6) - Apto para Lavavajillas y Microondas - Aroma Series,26120_3packs,465,20,0.01%,0.01%,605,26,0.01%,0.01%,98.91%,100.00%,40,4,8.60%,20.00%,"683,68 €","72,26 €",38,4
B0G3ZJ89NB,B0FZCJ46CM,CUPERINOX - Set Cuchillo Jamonero+ Deshuesador Profesional Forjado 2 Piezas | Cuchillo Jamonero Alveolado 25 cm y Deshuesador 15 cm |Corte Fino y Equilibrado | Aptos para lavavajillas,19303_fba,"4,670",93,0.08%,0.06%,"6,291",115,0.07%,0.05%,99.90%,100.00%,38,1,0.81%,1.08%,"949,82 €","24,99 €",38,1
B09WYWVGCS,B09WYWVGCS,Arcos Clara Juego 3 Cuchillos Forjados Acero Inoxidable Nitrum,212000_819010,"1,594",32,0.03%,0.02%,"2,289",41,0.03%,0.02%,89.81%,90.91%,40,1,2.51%,3.13%,"1.990,02 €","49,99 €",37,1
B0DKP7F29P,B0DJBZ5475,Arcos Serie Samoa Iconic | Sarten Antiadherente Cerámico 20 cm | Aluminio Forjado | Apta cualquier cocina | Mango Acero Inoxidable | Apta lavavajillas | Color Negro | LIBRE DE (PFOA/PTFE/PFOS),716122,"1,498",32,0.02%,0.02%,"1,935",52,0.02%,0.02%,90.47%,96.30%,37,2,2.47%,6.25%,"1.293,14 €","69,89 €",37,2
B0FBRQYHVM,B0FBRNCHGJ,"CUPERINOX® Ventilador Portátil Silencioso y Recargable con Power Bank 20000mAh, +50H de batería – Ventilador de Mesa USB con Mando, Luz LED y 4 Velocidades – Ideal para Dormir, Camping y Hogar.",A27000,"4,711",172,0.08%,0.12%,"7,221",269,0.08%,0.13%,99.71%,100.00%,37,0,0.79%,0.00%,"1.904,72 €","0,00 €",37,0
B07BDVLDBZ,B005LR68DU,Arcos Cuchillo Jamonero con Alveolos 250 mm,231000_,"2,635",56,0.04%,0.04%,"4,076",78,0.05%,0.04%,22.83%,12.50%,36,0,1.37%,0.00%,"1.156,14 €","0,00 €",36,0
B0752X4WZ6,B00TA4O5YO,ARCOS Pinzas para Emplatar Acero Inoxidable 300 mm,606200,"24,914",593,0.40%,0.40%,"32,372",771,0.37%,0.36%,2.86%,2.37%,36,0,0.14%,0.00%,"413,64 €","0,00 €",36,0
B019H2J21O,B019H2J21O,"Cuperinox 22531, Flanero Inoxidable 18cm con tapa",22531_us,881,8,0.01%,0.01%,"1,251",9,0.01%,0.00%,99.17%,100.00%,37,0,4.20%,0.00%,"328,83 €","0,00 €",36,0
B08M9QRSW8,B08M9QRSW8,Arcos | Juego Cuchillos cuchillos mesa | 6 Uds | cuchillo fruta | cuchillo postre | Hoja 110 mm | Acero Inoxidable Martensítico | Mango Nylon | apto lavavajillas | Envase Ecológico,703600fbm,760,14,0.01%,0.01%,"1,189",20,0.01%,0.01%,93.00%,100.00%,125,86,16.45%,614.29%,"1.273,25 €","805,64 €",36,16
B08VS4FCLN,B09HBWSBN1,"Arcos Juego Cuchillos Cocina cuchillo blanco cuchillos | cuchillos cocina Maitre | 5 piezas | Chef 215 mm, Cocina 150 mm, Verduras 100 mm Tijera cocina (Negro + Jamonero)",854100 fbm,"4,181",62,0.07%,0.04%,"5,482",86,0.06%,0.04%,99.68%,96.49%,37,1,0.88%,1.61%,"1.710,38 €","46,99 €",36,1
B09NRLLDC6,B09NRLLDC6,CUPERINOX Cuchillo Jamonero + Chaira + Funda Cubre Jamón | Jamonero 240mm acero inoxidable| Afilador Chaira | Funda cubre jamón,20220,905,13,0.01%,0.01%,"1,219",15,0.01%,0.01%,98.92%,100.00%,36,0,3.98%,0.00%,"357,64 €","0,00 €",36,0
B0C49YDKL4,B0C49YDKL4,Arcos Serie Nordika - Cuchillo Usuba - Acero Inoxidable NITRUM - Hoja de 175 mm - Mango de Madera Ovengkol 100% natural de bosques certificados FSC® - Embalaje 100% reciclado,168000,"1,210",16,0.02%,0.01%,"1,757",27,0.02%,0.01%,76.78%,88.24%,36,1,2.98%,6.25%,"1.614,68 €","44,99 €",36,1
B0DKP68T32,B0DJBYWJB7,Arcos Serie Eclipse - Cuchillo de Chef - Hoja de Acero Inoxidable Forjado con Filo Seda Plus de 200 mm - Pulido Brillo Especial - Mango Acrílico - Color Negro,213500_,"2,268",49,0.04%,0.03%,"3,384",66,0.04%,0.03%,73.49%,54.76%,36,3,1.59%,6.12%,"2.617,50 €","209,13 €",36,3
B0F1ZF7H1L,B005LR65BK,Arcos Cuchillo Negro 100 mm,230200_,"8,835",179,0.14%,0.12%,"12,113",249,0.14%,0.12%,8.06%,14.52%,36,4,0.41%,2.23%,"719,97 €","79,96 €",35,3
B0752NT3TH,B005LR77GC,ARCOS Tijeras de Cocina Profesional 235 mm,185701_barras_arcos,"15,601",503,0.25%,0.34%,"23,619",687,0.27%,0.32%,12.43%,13.08%,61,60,0.39%,11.93%,"582,84 €","573,09 €",35,34
B007TS6I5C,B007TS6I5C,ARCOS Sacacorchos Manual Cuerpo ABS Serie Toscana,604100,"5,823",198,0.09%,0.13%,"8,627",318,0.10%,0.15%,11.56%,9.91%,35,1,0.60%,0.51%,"1.708,58 €","40,49 €",35,1
B08M7BMR2S,B00I9XTLSC,ARCOS Afilador Profesional Manual Cerámica y Carbono Rojo-Negro,610600,"127,841","2,559",2.06%,1.74%,"183,038","3,734",2.07%,1.76%,5.70%,6.73%,35,12,0.03%,0.47%,"465,30 €","150,21 €",35,12
B00MDK1DM4,B00MDK1DM4,Arcos Latina Cuchillo de Cocina Acero Inoxidable 130 mm,100600_1pieza,"1,868",39,0.03%,0.03%,"2,976",64,0.03%,0.03%,25.32%,28.57%,77,6,4.12%,15.38%,"461,33 €","35,94 €",35,1
B0CJDS7HN7,B00WUZT88I,ARCOS Mesa Tenedor Carne y Mesa Acero 18/10 Plata 200 mm,702100_1pieza,"3,781",158,0.06%,0.11%,"5,494",226,0.06%,0.11%,20.63%,20.81%,148,0,3.91%,0.00%,"504,84 €","0,00 €",35,0
B0FR444FLT,B07C7YV74X,Arcos Manhattan Cuchillo Trinchar Acero Jamón y Carne 250 mm,161900_,"1,076",26,0.02%,0.02%,"1,409",27,0.02%,0.01%,97.32%,100.00%,36,2,3.35%,7.69%,"1.151,64 €","65,48 €",35,2
B07H1T4V1B,B07H1T4V1B,WINS – Fregasuelos Neutro Manzana 006 | Friegasuelos Limpiador para Suelos y Superficies con Aroma a Manzana Duradero | Garrafa 5 L | pH Neutro | 100% Made in Spain,WINS006,305,21,0.00%,0.01%,420,32,0.00%,0.02%,87.47%,65.22%,48,21,15.74%,100.00%,"506,13 €","211,60 €",35,9
B08TLR4Z27,B08M3DQFHM,Arcos jamonero Profesional | Cuchillo jamonero jamonero Inoxidable Nitrum | Mango Negro | Cuchillo Jamon iberico | Serie Maitre| Hoja Flexible y Filo Liso | 275 mm | Acero Inoxidable NITRUM,151210,"2,610",68,0.04%,0.05%,"3,513",87,0.04%,0.04%,99.54%,100.00%,37,2,1.42%,2.94%,"588,20 €","28,29 €",35,2
B08T5Z4HFS,B08QYV8C1P,"CUPERINOX Cubiertos para marisco | Pinzas para marisco | Tenazas para marisco | 6 Unidades | Cubiertos marisco (Cangrejo, Langosta, Ostras) | Tenedor de marisco con dos dientes inferiores y cuchara.",20023_6pzas,"1,031",23,0.02%,0.02%,"1,451",30,0.02%,0.01%,100.00%,100.00%,36,2,3.49%,8.70%,"397,56 €","23,98 €",35,2
B0F9X4NXL3,B0F9KXQKLG,"CUPERINOX Cuchillos Mesa, cuchillo carne, cuchillo mantequilla, Set 24 piezas, acero inoxidable, hoja con filo y sierra, cuchillo untar. Apto lavavajillas. Mango ergonomico",20043_24,"1,183",48,0.02%,0.03%,"1,567",68,0.02%,0.03%,99.64%,100.00%,57,7,4.82%,14.58%,"1.118,43 €","135,45 €",35,5
B07Z8TJHZR,B00LGX10MW,ARCOS Sacacorchos Manual Aleación de Zinc 195 mm,603400_,"3,021",76,0.05%,0.05%,"4,426",120,0.05%,0.06%,7.80%,5.00%,35,1,1.16%,1.32%,"632,89 €","14,87 €",34,1
B0DQV6381X,B079VN4MTH,CUPERINOX Jamonero de Madera Góndola Soporte para Pata y Paleta de jamón Serrano e ibérico con agarres de Metal Jamonera Economica,20200_us,"4,775",99,0.08%,0.07%,"5,295",118,0.06%,0.06%,96.44%,100.00%,43,12,0.90%,12.12%,"576,04 €","146,80 €",34,3
B08M5K93QF,B08M5K93QF,Arcos Juego Cuchillos Mesa | 6 Uds | Cuchillo Postre | Cuchillos Mesa | Cuchillo Carne | Hoja 105 mm | Acero Inoxidable Martensítico | Mango Polipropileno | Apto lavavajillas | Envase Ecológico,703500FBM,"1,778",24,0.03%,0.02%,"2,693",37,0.03%,0.02%,96.67%,100.00%,37,3,2.08%,12.50%,"471,23 €","33,57 €",34,2
B0752TVHLW,B0044R87QE,Arcos Cuchillo Cocina Acero Inoxidable 200 mm,280604_,"1,583",52,0.03%,0.04%,"2,238",70,0.03%,0.03%,34.93%,21.43%,36,6,2.27%,11.54%,"738,30 €","122,94 €",33,5
B017HKHR92,B005LR6GE6,Arcos Cuchillo Cocinero Negro 250 mm,233700_,"2,723",45,0.04%,0.03%,"3,538",55,0.04%,0.03%,45.23%,45.71%,34,0,1.25%,0.00%,"1.462,37 €","0,00 €",33,0
B00U2QWO1K,B00U2QWO1K,Arcos Latina Cuchillo Chuletero Acero Inoxidable 105 mm,100400_1pieza,"3,326",54,0.05%,0.04%,"4,784",85,0.05%,0.04%,20.40%,35.71%,157,20,4.72%,37.04%,"582,17 €","68,12 €",33,3
B0B3F4QXML,B017DLGUJI,Arcos Cuchillo Jamonero Profesional - Hoja Forjada NITRUM 250 mm - Mango POM Resistente - Ideal para Cortes Precisos - Serie Clásica,256700_fbm,"3,590",76,0.06%,0.05%,"5,183",100,0.06%,0.05%,34.37%,61.22%,33,3,0.92%,3.95%,"950,67 €","80,97 €",33,3
B07DFK4T6L,B07DFK4T6L,"Arcos Cuchillo Deshuesador Profesional - Hoja Silk Edge Acero Inoxidable Nitrum 160 mm, Precisión y Durabilidad, Mango Ergonómico POM Negro, Serie Manhattan",162600_,498,20,0.01%,0.01%,771,47,0.01%,0.02%,89.99%,78.95%,33,1,6.63%,5.00%,"899,25 €","27,99 €",33,1
B0FR444FLT,B07N8VRS7L,Arcos Brooklyn Cuchillo Pelador Acero Inoxidable 100 mm,190123_,"1,512",29,0.02%,0.02%,"1,957",40,0.02%,0.02%,82.94%,86.36%,35,1,2.31%,3.45%,"935,89 €","28,49 €",33,1
B08TLR4Z27,B095C22QFS,Arcos jamonero Profesional | Cuchillo jamonero jamonero Inoxidable Nitrum | Mango Negro | Cuchillo Jamon iberico | Serie Maitre| Hoja Flexible y Filo Liso | 275 mm | Acero Inoxidable NITRUM,151811,"2,250",64,0.04%,0.04%,"3,309",90,0.04%,0.04%,99.57%,100.00%,33,2,1.47%,3.13%,"658,67 €","39,98 €",33,2
B0CVH8PC99,B0CQRMMMR5,CUPERINOX Cuchillos Carne | Cuchillos Mesa | Cuchillos Chuleteros | 6 Piezas | Hoja Serrada | Mango Polipropileno | Acero Inoxidable | 11 cm,99921,"1,158",44,0.02%,0.03%,"1,492",57,0.02%,0.03%,99.41%,100.00%,33,4,2.85%,9.09%,"328,17 €","39,96 €",33,4
B0F9X4NXL3,B0F9GJRSSJ,"CUPERINOX Cuchillos Mesa, cuchillo carne, cuchillo mantequilla, Set 6 piezas, acero inoxidable, hoja con filo y sierra, cuchillo untar. Apto lavavajillas. Mango ergonomico",20043-6,"1,518",35,0.02%,0.02%,"1,930",39,0.02%,0.02%,99.60%,100.00%,33,0,2.17%,0.00%,"326,67 €","0,00 €",33,0
B0FH9NPJ1K,B0FH9NPJ1K,VINFERMATON – Insecticida Cucarachas y Hormigas Antihormigas Instantáneo 600 ml | Spray Eliminador Insectos Rastreros Interior y Exterior | Acción Rápida Profesional | 100% MADE IN SPAIN (2),V0011_PACK2,341,15,0.01%,0.01%,498,17,0.01%,0.01%,91.31%,92.86%,39,1,11.44%,6.67%,"506,61 €","12,99 €",33,1
B017HKG9PK,B0044R87W8,"Arcos Cuchillo Santoku Acero Inoxidable Nitrum. Cuchillo Cocina japonés Pescado, Carne y Verduras. Mango ergonómico polioximetileno Pom y Hoja 170 mm. Multiusos. Serie Maitre. Color Negro.",151600_fba,"13,892",322,0.22%,0.22%,"19,682",450,0.22%,0.21%,5.91%,12.59%,33,6,0.24%,1.86%,"643,29 €","115,74 €",32,6
B093DRZ154,B017DLDM3A,Arcos Cuchillo Mondador Madera 65 mm,100100_us,"4,318",117,0.07%,0.08%,"6,583",179,0.07%,0.08%,4.51%,9.52%,52,8,1.20%,6.84%,"286,11 €","43,92 €",32,6
B08VRP7CR7,B08MTXC14T,Arcos Juego Cuchillos Carne | 6 Piezas | Cuchillos Carne Cuchillo chuleteros | Cubiertos Acero Inoxidable | Hoja 110 mm | Mango Redondo y Forma Ovalada | monobock | Caja Envase Ecológico (6 unidades),809900FBM,"1,756",47,0.03%,0.03%,"2,598",61,0.03%,0.03%,97.68%,100.00%,40,6,2.28%,12.77%,"1.120,06 €","167,94 €",32,4
B09DPRCMTF,B08MW2GWPC,Arcos Juego Cuchillos Carne | Cuchillo chuleteros | Cuchillos Carne Cuchillos Mesa | 6 Uds | Hoja 110 mm | Acero Inoxidable | Mango Nylon | Apto lavavajillas | Envase Ecológico (Filo Serrado),816400fbm,"3,454",72,0.06%,0.05%,"4,556",86,0.05%,0.04%,99.80%,100.00%,32,0,0.93%,0.00%,"584,48 €","0,00 €",32,0
B0CQ5G2HVQ,B09T6L1FNG,"Arcos Sarten Antiadherente 20 cm - Aluminio Forjado, Full Induction, Mango Acero Inoxidable Efecto Frío, Apta Lavavajillas, Ahorro Energético, Serie Samoa, Negro",716110,"1,498",51,0.02%,0.03%,"2,125",82,0.02%,0.04%,26.27%,17.19%,32,1,2.14%,1.96%,"958,88 €","29,94 €",32,1
B0DKP7F29P,B0DJBXPR33,Arcos Serie Samoa Iconic | Sarten Antiadherente Cerámico 28 cm | Aluminio Forjado | Apta cualquier cocina | Mango Acero Inoxidable | Apta lavavajillas | Color Negro | LIBRE DE (PFOA/PTFE/PFOS),716522,875,19,0.01%,0.01%,"1,098",28,0.01%,0.01%,86.82%,87.50%,32,3,3.66%,15.79%,"1.701,66 €","164,85 €",32,3
B007TS6GP4,B007TS6GP4,Arcos Juego de 6 Cuchillos de Mesa Chuleteros Acero Inoxidable 110 mm,815600--,"2,363",64,0.04%,0.04%,"3,664",104,0.04%,0.05%,31.15%,24.56%,33,2,1.40%,3.13%,"857,67 €","51,98 €",31,1
B096ZVZNSY,B008U6TCSW,ARCOS Chaira Afilador Acero Nitrum Cromado Negro 250 mm,278200_,"2,643",81,0.04%,0.05%,"4,021",124,0.05%,0.06%,14.75%,25.58%,34,10,1.29%,12.35%,"555,74 €","159,98 €",31,7
B0788NF7BS,B0788NF7BS,WINS – Lavavajillas Manual 003 | Garrafa 5 L | Detergente Concentrado para Lavado Manual de Vajilla y Utensilios de Cocina | Uso Profesional y Doméstico | 100% Made in Spain,WINS003,205,25,0.00%,0.02%,276,36,0.00%,0.02%,81.96%,96.67%,57,48,27.80%,192.00%,"815,11 €","680,56 €",31,23
B0FR444FLT,B07N8V5DY8,Arcos Cuchillo trinchar forjado | Cuchillo jamonero Acero Inoxidable. Cuchillo cocina profesional cocinar. Mango micarta y borseda especial y Hoja plateada 300 mm. Serie Brooklyn. Color azul.,192323_,"1,341",44,0.02%,0.03%,"1,839",70,0.02%,0.03%,85.55%,96.88%,31,0,2.31%,0.00%,"1.385,61 €","0,00 €",31,0
B07NDV5T2F,B07NDV5T2F,Arcos Serie Brooklyn - Cuchillo Cocinero - Hoja de Acero Inoxidable Forjado NITRUM 210 mm - Mango de Micarta Color Azul (Filo Seda),190623_fbm,"1,149",16,0.02%,0.01%,"1,728",27,0.02%,0.01%,95.56%,100.00%,32,2,2.79%,12.50%,"1.472,44 €","91,98 €",31,2
B0B3F4QXML,B000Q8UYRK,Arcos Cuchillo Jamonero Acero Inoxidable Forjado Nitrum 300 mm,256800_fbm,"1,805",59,0.03%,0.04%,"2,406",65,0.03%,0.03%,51.51%,66.67%,31,1,1.72%,1.69%,"891,91 €","27,99 €",30,1
B017HKR8WS,B005LRSIK6,ARCOS Afilador de Bolsillo Profesional,610200_fbm,"11,610",354,0.19%,0.24%,"15,045",463,0.17%,0.22%,15.30%,7.00%,34,1,0.29%,0.28%,"1.283,50 €","37,75 €",30,1
B017HKR8WS,B005LRSIK6,ARCOS Afilador de Bolsillo Profesional,610200,"11,610",354,0.19%,0.24%,"15,045",463,0.17%,0.22%,15.30%,7.00%,32,1,0.28%,0.28%,"1.208,00 €","37,75 €",30,1
B00IUPKTFS,B00IUPKTFS,"HENDI Sartén eléctrica multiusos, paellera cazuela olla plancha, de fiestas, revestimiento antiadherente, termostato, con tapa, interior: ø55cm profundidad: 6cm, 230V, 1600W, ø620x(H)190mm, aluminio",H239605,"2,051",49,0.03%,0.03%,"3,029",65,0.03%,0.03%,90.31%,55.26%,30,0,1.46%,0.00%,"2.953,34 €","0,00 €",30,0
B017HKGEFK,B00J64L30C,Arcos Natura Cuchillo Santoku Forjado Acero Inoxidable 180 mm,155810_,"1,141",20,0.02%,0.01%,"1,794",26,0.02%,0.01%,75.62%,80.00%,30,1,2.63%,5.00%,"1.068,70 €","36,99 €",30,1
B0CQLNJVKL,B08TX21PGR,"Arcos Thera Sartén Antiadherente de 28 Cm para Inducción, Gas y Vitrocerámica. Sartén de Cocina Grande de Aluminio Fundido con Mango Ergonómico Extraíble y Apta para Lavavajillas. Color Negro y Azul",718500,702,15,0.01%,0.01%,935,19,0.01%,0.01%,71.65%,66.67%,31,1,4.42%,6.67%,"1.269,45 €","40,95 €",30,1
B0F1N351DY,B097RDB5T3,Arcos Juego de 3 Cuchillos Mondadores Acero Inoxidable 100 mm,816500_3piezas,"17,431",400,0.28%,0.27%,"23,475",552,0.27%,0.26%,3.83%,1.85%,32,0,0.18%,0.00%,"400,38 €","0,00 €",30,0
B0DPLG5V7Q,B0DPJBBJC4,"CUPERINOX® Tazas de Café Espresso de Cristal – Set 2 80ml- Aptas para lavavajillas- Resistentes al Calor – Tazas Bonitas de Café, Té Originales y Elegantes – Aroma Series",26120_,"1,001",24,0.02%,0.02%,"1,306",29,0.01%,0.01%,98.32%,100.00%,33,4,3.30%,16.67%,"384,34 €","44,24 €",30,2
B079ZCF2G9,B079ZCF2G9,Arcos Nova Juego 6 Cuchillos Carne Serrados Nitrum Negro 110 mm,188900_fbm,"1,452",31,0.02%,0.02%,"2,107",40,0.02%,0.02%,29.18%,4.55%,32,0,2.20%,0.00%,"568,00 €","0,00 €",29,0
B07JJGXYZD,B07JJGXYZD,Arcos Set Cocina Serie Manhattan,858100,"3,123",62,0.05%,0.04%,"4,213",94,0.05%,0.04%,93.41%,100.00%,30,4,0.96%,6.45%,"2.391,35 €","304,71 €",29,4
B0F147RFRT,B07N8V5DY8,Arcos Cuchillo trinchar forjado | Cuchillo jamonero Acero Inoxidable. Cuchillo cocina profesional cocinar. Mango micarta y borseda especial y Hoja plateada 300 mm. Serie Brooklyn. Color azul.,192323_,988,38,0.02%,0.03%,"1,333",51,0.02%,0.02%,91.94%,89.29%,29,0,2.94%,0.00%,"1.321,74 €","0,00 €",29,0
B0FR444FLT,B07N8VLCQS,"Arcos Juego de Cuchillos Profesionales (4 Piezas) - Acero Inoxidable Nitrum, Precisión y Durabilidad, Mango Ergonómico POM Negro, Incluye Tijeras y Bloque de Madera, Serie Manhattan",163300_,"1,101",11,0.02%,0.01%,"1,464",11,0.02%,0.01%,96.18%,100.00%,29,0,2.63%,0.00%,"2.721,93 €","0,00 €",29,0
B0FR444FLT,B07N8W7718,Arcos Cuchillo Chef Forjado Acero Inoxidable Tamaño. Mango Profesional Micarta y BorSeda Especial con Hoja Plateada 250 mm. Impresiona yorprencon Cada Corte. Serie Brooklyn. Color Azul.,190823_,"1,125",22,0.02%,0.01%,"1,522",30,0.02%,0.01%,96.03%,100.00%,29,2,2.58%,9.09%,"1.484,18 €","105,98 €",29,2
B0DK3CM34K,B08VW7LTT6,"HENDI Cabezal de antorcha de cocina de llama continua con cartucho de recarga de gas GLP 199039, soplete flambeador, quemador de gas GLP, profesional, versátil-seguro 360°, negro con acentos en verde",H198254,623,53,0.01%,0.04%,790,63,0.01%,0.03%,97.37%,97.83%,29,6,4.65%,11.32%,"994,87 €","209,94 €",29,6
B0B464Q8VS,B0B464Q8VS,CUPERINOX® Kitchen Pro | Tijeras de Cocina Profesional 21 cm Tijeras de Trinchar Carne y Pescado Acero Inoxidable Mango Ergonómico Apto Lavavajillas,21981_,448,13,0.01%,0.01%,609,18,0.01%,0.01%,99.82%,100.00%,32,0,7.14%,0.00%,"319,68 €","0,00 €",29,0
B0FDKX6V41,B0FDKX6V41,VINFERMATON – Insecticida Moscas y Mosquitos Perfume Limón Pack 2×600 ml | Spray Eliminador Insectos Voladores Interior y Exterior | Acción Inmediata Profesional | 100% MADE IN SPAIN,V0009_PACK2,316,17,0.01%,0.01%,453,20,0.01%,0.01%,88.54%,100.00%,48,12,15.19%,70.59%,"566,36 €","143,88 €",29,7
B0F1ZF7H1L,B00BHZPIVI,Arcos Cuchillo Chef Forjado Acero Inoxidable 200 mm,233624,"2,483",48,0.04%,0.03%,"3,192",65,0.04%,0.03%,49.14%,44.44%,28,0,1.13%,0.00%,"909,72 €","0,00 €",28,0
B085SNLR5G,B07DC83Z46,"HENDI Bandeja de Servicio, Redonda, Recubrimiento Antideslizante, Multiusos, para buffets, Bandeja de Cocina para Servir Comida rápida, Bebidas, Fast Food, ⌀410x(H) 20mm, Polipropileno, Negro",H878149,365,11,0.01%,0.01%,516,15,0.01%,0.01%,97.62%,100.00%,38,2,10.41%,18.18%,"409,54 €","21,98 €",28,1
B07G75VRY2,B07G75VRY2,"Arcos Serie Cuchillos de Mesa Caja 12 uds Cuchillo Chuletero, Hoja Serrada de Acero Inoxidable de 110 mm, Cuchillo Monoblock Acero Inoxidable Color plata (12 UDS)",375800_(809900x2),791,38,0.01%,0.03%,"1,214",51,0.01%,0.02%,77.70%,86.84%,31,1,3.92%,2.63%,"1.761,73 €","49,00 €",28,1
B0F9TD2LTH,B0CS6V91GR,CUPERINOX® Cuchillos de Mesa con Mango de Madera – Set 6 Cuchillos para Carne con Filo Dentado – Estilo Palmadera tradicional – Aptos para Uso Diario,14015_us,"3,659",126,0.06%,0.09%,"5,186",159,0.06%,0.08%,99.79%,100.00%,39,1,1.07%,0.79%,"676,61 €","18,99 €",28,1
B0DKP7F29P,B0FS81RDVL,"Arcos Sartén Samoa Inox 24 cm, Acero inoxidable tricapa sin PFAS",726300,"1,283",13,0.02%,0.01%,"1,755",20,0.02%,0.01%,73.79%,84.62%,28,1,2.18%,7.69%,"1.118,60 €","39,95 €",28,1
B0G3ZJ89NB,B0FZD7ZY1W,CUPERINOX Cuchillo Jamonero Profesional 25 cm – Hoja Alveolada de Acero Inoxidable Antideslizante con Mango Ergonómico – Corte Preciso y Fino para Jamón y Paletilla| Maestros del Corte,19305,"2,363",39,0.04%,0.03%,"2,890",43,0.03%,0.02%,99.93%,100.00%,28,0,1.18%,0.00%,"377,72 €","0,00 €",28,0
B017HKG9PK,B0044R87LE,Arcos Cuchillo Panero Negro 210 mm,151400_fbm,"13,523",484,0.22%,0.33%,"17,036",595,0.19%,0.28%,6.56%,3.64%,30,4,0.22%,0.83%,"447,70 €","57,71 €",27,2
B0BSKCJNDM,B005LR72I0,Arcos Niza Cuchillo Jamonero Flexible Acero Inoxidable 230 mm,135600_fba,"2,495",38,0.04%,0.03%,"3,582",49,0.04%,0.02%,14.80%,25.81%,27,1,1.08%,2.63%,"296,35 €","10,99 €",27,1
B017HKRCGK,B005LR7A1Y,ARCOS Bolsa para Cuchillos 100% Poliéster 460x275 mm,690200,"28,433",512,0.46%,0.35%,"44,891",735,0.51%,0.35%,67.87%,55.14%,28,0,0.10%,0.00%,"462,72 €","0,00 €",27,0
B08XYXGSYG,B00BHZPO3K,Arcos Cuchillo para Queso Acero Inoxidable NITRUM 145 mm,281604_fbm,"1,315",35,0.02%,0.02%,"2,066",63,0.02%,0.03%,21.33%,31.91%,28,4,2.13%,11.43%,"581,34 €","83,00 €",27,3
B00CWZOIIQ,B00CWZOIIQ,"Arcos Cuchillos Mesa - Cuchillo Carne Mesa - Monobloque unaola pieza Acero Inoxidable 4"" - Corta chuletas o bistecs con precisión, facilidad y rapidez -erie Monobloque - Color Plateado",375500_1pza_fbm,"1,210",36,0.02%,0.02%,"1,753",61,0.02%,0.03%,78.21%,77.78%,98,12,8.10%,33.33%,"636,22 €","77,88 €",27,2
B00PKFXWJQ,B00PKFXWJQ,Arcos Serie Cuchillos de Mesa - Cuchillo Mesa - Hoja Serrada de Acero Inoxidable NITRUM de 125 mm - Mango Polipropileno Color crema,370200_1Pieza,979,21,0.02%,0.01%,"1,406",26,0.02%,0.01%,99.52%,100.00%,120,0,12.26%,0.00%,"413,94 €","0,00 €",27,0
B08VRP7CR7,B08G8M6QDS,Arcos Juego de Cuchillos chuleteros - Envase Ecologico 100% - 4 Cuchillos Carne - Cubiertos Mesa Acero Inoxidable,809500_,785,13,0.01%,0.01%,"1,069",16,0.01%,0.01%,99.57%,100.00%,28,0,3.57%,0.00%,"541,45 €","0,00 €",27,0
B017HKJOF2,B006LMX2GK,Arcos Cuchillo Jamonero Acero Inoxidable Forjado Nitrum 280 mm,281904,859,20,0.01%,0.01%,"1,165",25,0.01%,0.01%,33.18%,31.25%,26,0,3.03%,0.00%,"454,74 €","0,00 €",26,0
B008U6TRGO,B008U6TRGO,"Arcos Cuchillos mesa - Cuchillo carne Acero Inoxidable Nitrum, Hoja, mango marrón madera -erie Mesa, duradero y apto para lavavajillas (7'')",809300_1Pieza,"1,935",35,0.03%,0.02%,"2,898",57,0.03%,0.03%,28.55%,35.90%,77,2,3.98%,5.71%,"377,68 €","9,98 €",26,1
B0F1N351DY,B073V3CYRF,Arcos Cuchillo Mondador de 4 Pulgadas con Hoja de 100mm en Acero Inoxidable y Mango de Polipropileno. Cuchillos de Cocina para Pelar Apto para Lavavajillas. Serie Nova. Color Turquesa,188632_,"5,034",131,0.08%,0.09%,"6,669",184,0.08%,0.09%,44.01%,31.25%,47,2,0.93%,1.53%,"281,63 €","11,98 €",26,1
B0792XNYCY,B0792XNYCY,VINFER Detergente alcalino clorado Wins 022. Botella de 5 litros. Limpieza e higiene para Todo Tipo de Superficies,WINS022,262,24,0.00%,0.02%,368,47,0.00%,0.02%,95.96%,100.00%,35,10,13.36%,41.67%,"416,51 €","116,76 €",26,7
B0FR444FLT,B07JJGXYZD,Arcos Set Cocina Serie Manhattan,858100_,"6,650",86,0.11%,0.06%,"9,009",120,0.10%,0.06%,98.47%,98.59%,26,1,0.39%,1.16%,"2.047,34 €","82,99 €",26,1
B0FR444FLT,B07N8V34F1,"Arcos Cuchillo Santoku Acero Inoxidable Forjado con Balanceo, Mango Micarta y BorSeda Especial y Hoja Plateada 190 mm. Impresiona yorprencon Cada Corte. Serie Brooklyn. Color Azul.",191623_,"1,180",22,0.02%,0.01%,"1,541",30,0.02%,0.01%,95.69%,90.91%,26,0,2.20%,0.00%,"1.152,44 €","0,00 €",26,0
B0F147RFRT,B07N8VCFRY,Arcos Brooklyn Cuchillo Panero Acero Inoxidable Nitrum 200 mm,191323_,724,17,0.01%,0.01%,902,18,0.01%,0.01%,92.51%,77.78%,26,0,3.59%,0.00%,"1.009,20 €","0,00 €",26,0
B0CQLNJVKL,B08TWYZQ6H,"Arcos Thera Sartén Antiadherente de 16 Cm para Inducción, Gas y Vitrocerámica. Sartén de Cocina Pequeña de Aluminio Fundido con Mango Ergonómico Extraíble y Apta para Lavavajillas. Color Negro y Azul",718000,"4,394",122,0.07%,0.08%,"6,181",180,0.07%,0.08%,10.16%,9.90%,27,2,0.61%,1.64%,"585,25 €","43,10 €",26,1
B0C49W65HD,B0C49W65HD,Arcos Serie Nordika - Cuchillo Tomatero - Acero Inoxidable NITRUM - Hoja de 130 mm - Mango de Madera Ovengkol 100% natural de bosques certificados FSC® - Embalaje 100% reciclado,165100,570,15,0.01%,0.01%,740,20,0.01%,0.01%,90.13%,100.00%,26,2,4.56%,13.33%,"701,14 €","53,90 €",26,2
B0G3ZJ89NB,B0G8KMC5DX,"CUPERINOX Jamonero Giratorio y Plegable | Jamonera base Inoxidable | Incluye Cuchillo Jamonero Alveolos 25 cm, Afilador y Funda para Jamón | Apto Jamones y Paletilla",20253,"1,014",21,0.02%,0.01%,"1,293",27,0.01%,0.01%,99.74%,100.00%,26,0,2.56%,0.00%,"1.555,74 €","0,00 €",26,0
B017HKR8WS,B005LR7EP6,ARCOS Afilador de Cuchillos Profesional ABS,610000_,"42,877","1,328",0.69%,0.90%,"63,349","2,099",0.72%,0.99%,20.44%,27.49%,25,1,0.06%,0.08%,"1.672,75 €","66,99 €",25,1
B017HKR8WS,B00OFR535Q,"Arcos Afiladores - Afilador Eléctrico de Cuchillos Afilador de Cuchillos Eléctricos, Hecho de Plástico, Color Negro (Rodillos de Banda Intercambiables)",610500_fbm,"7,417",276,0.12%,0.19%,"8,500",338,0.10%,0.16%,97.70%,97.94%,30,16,0.40%,5.80%,"7.213,30 €","3.759,84 €",25,11
B0FR444FLT,B07N8VHP6Y,Arcos Cuchillo deshuesador con Hoja Acero Inoxidable Nitrum 160 mm. Cuchillo profesional para cortar huesos carne. Mango ergonómico polipropileno. Serie Brooklyn. Color azul.,192623_,571,16,0.01%,0.01%,717,25,0.01%,0.01%,82.20%,80.00%,25,0,4.38%,0.00%,"949,75 €","0,00 €",25,0
B0G3ZJ89NB,B09NRLLDC6,CUPERINOX Cuchillo Jamonero + Chaira + Funda Cubre Jamón | Jamonero 240mm acero inoxidable| Afilador Chaira | Funda cubre jamón,20220,"2,971",47,0.05%,0.03%,"3,709",60,0.04%,0.03%,99.45%,97.37%,26,3,0.88%,6.38%,"259,74 €","29,97 €",25,2
B0B3F4QXML,B008U6TDTK,Arcos Serie Clasica - Juego de Cuchillos de 5 piezas en Caja de Regalo (5 Cuchillos) - Hoja de Acero Inoxidable Forjado NITRUM - Mando de Polioximetileno (POM) - Bloque de madera color marrón acabado lacado,257000_2,"8,205",242,0.13%,0.16%,"11,439",323,0.13%,0.15%,84.09%,81.22%,24,3,0.29%,1.24%,"3.234,41 €","434,97 €",24,3
B017DLM9SO,B017DLM9SO,ARCOS Tenedores para Tartas Acero Inoxidable 18/10 140 mm,574300_fba,"14,897",442,0.24%,0.30%,"22,455",638,0.25%,0.30%,6.69%,10.53%,31,0,0.21%,0.00%,"309,86 €","0,00 €",24,0
B01N4WDTRY,B01N4WDTRY,CUPERINOX® Couture Series - Tijera Costura Profesional 15 cm | Acero Inoxidable Resistente | Corte Preciso para Telas y Manualidades | Uso Doméstico y Profesional,21962,548,12,0.01%,0.01%,717,15,0.01%,0.01%,44.06%,100.00%,25,1,4.56%,8.33%,"110,62 €","7,49 €",24,1
B0FD46SGNM,B07JJGXYZD,Arcos Set Cocina Serie Manhattan,858100,"1,286",28,0.02%,0.02%,"1,780",36,0.02%,0.02%,97.36%,100.00%,24,0,1.87%,0.00%,"1.830,26 €","0,00 €",24,0
B0CSXP6TLN,B07MZK9VXP,"HENDI Descalcificador de agua, 12L",H231227,"1,694",132,0.03%,0.09%,"2,325",202,0.03%,0.10%,66.94%,35.21%,24,6,1.42%,4.55%,"2.970,34 €","750,50 €",24,6
B07N8W33BT,B07N8W33BT,ARCOS Bloque Universal para Cuchillos Caucho Termoplástico 225 mm,794400_,"2,232",38,0.04%,0.03%,"3,146",48,0.04%,0.02%,28.94%,41.94%,24,2,1.08%,5.26%,"595,42 €","45,64 €",24,2
B0BJPYW95J,B0BJPYW95J,Arcos Accesorios - Sacacorchos Manual Abrebotellas Manual - Mango de Aleación de Zinc - Color Negro mate (Incluye cortacápsulas),607500_,935,64,0.02%,0.04%,"1,444",106,0.02%,0.05%,94.99%,95.45%,24,2,2.57%,3.13%,"962,82 €","73,04 €",24,2
B0F54LTCFF,B0044R87UA,Arcos Cuchillo Jamonero con Alveolos Acero Inoxidable 240mm,281801_,"46,881","1,102",0.76%,0.75%,"75,690","1,694",0.86%,0.80%,0.56%,2.86%,24,8,0.05%,0.73%,"475,14 €","153,98 €",23,7
B09337686H,B0044R884U,Arcos Universal Cuchillo Santoku Acero POM Negro 170 mm,286004_us,"1,890",51,0.03%,0.03%,"2,950",94,0.03%,0.04%,36.47%,37.70%,23,2,1.22%,3.92%,"546,25 €","47,50 €",23,2
B09F9M72Z9,B017DLNFNC,Arcos Cuchillos de Mesa - Cuchillo Chuletero Cuchillo de Mesa - Hoja de Acero Inoxidable NITRUM 110 mm - Mango de Polipropileno - Color Negro,805109_1pieza,"12,812",224,0.21%,0.15%,"19,428",337,0.22%,0.16%,5.92%,21.35%,46,6,0.36%,2.68%,"179,29 €","20,33 €",23,3
B086X1XQXD,B07DC8C7Y6,"HENDI Expositor con cubierta deslizante roll-top, Doble",H871713,752,89,0.01%,0.06%,"1,049",131,0.01%,0.06%,63.45%,35.79%,23,6,3.06%,6.74%,"1.774,63 €","449,07 €",23,6
B0C65FDB33,B0C65FDB33,Arcos Serie Samoa | Batería de Cocina 5 piezas | Aluminio Forjado | Full Inductino | Asas Acero Inoxidable Efecto Frio | Sistema ahorro energético | Apta lavavajillas | Color Negro,697500,"1,181",16,0.02%,0.01%,"1,850",30,0.02%,0.01%,94.35%,100.00%,23,0,1.95%,0.00%,"4.444,25 €","0,00 €",23,0
B0F54LTCFF,B007TS67OY,Arcos Cuchillo Chef Acero Inoxidable 155 mm,280404_fbm,"5,556",95,0.09%,0.06%,"7,294",127,0.08%,0.06%,9.44%,12.68%,22,1,0.40%,1.05%,"319,66 €","13,12 €",22,1
B015HG9B3I,B015HG9B3I,"HENDI Sopera con tapa y cucharón, recipiente para servir sopas y salsas, 2,7L, ⌀270x(H) 175mm, acero inoxidable",H434208,"1,247",43,0.02%,0.03%,"2,152",60,0.02%,0.03%,28.21%,6.98%,36,2,2.89%,4.65%,"1.152,17 €","63,98 €",22,1
B0719K21HP,B0719K21HP,Arcos Tenazas de Marisco Acero Inoxidable 185 mm,606400_,902,32,0.01%,0.02%,"1,455",50,0.02%,0.02%,15.90%,25.00%,38,3,4.21%,9.38%,"757,62 €","57,97 €",22,2
B09JPSTVBC,B07B8MQZTW,Arcos Serie Riviera Rose - Cuchillo Mondador - Hoja de Acero Inoxidable Forjado NITRUM 100 mm - Mango de Polioximetileno (POM) Color Rosa,230254_,479,10,0.01%,0.01%,687,10,0.01%,0.00%,97.79%,100.00%,22,1,4.59%,10.00%,"535,78 €","21,49 €",22,1
B0F147RFRT,B07N8TV9CC,Arcos Brooklyn Cuchillo Rebanar Jamonero Forjado Micarta Azul 250 mm,191923_,"1,083",31,0.02%,0.02%,"1,451",42,0.02%,0.02%,88.76%,86.96%,22,1,2.03%,3.23%,"921,45 €","42,99 €",22,1
B0F147RFRT,B07N8V34F1,"Arcos Cuchillo Santoku Acero Inoxidable Forjado con Balanceo, Mango Micarta y BorSeda Especial y Hoja Plateada 190 mm. Impresiona yorprencon Cada Corte. Serie Brooklyn. Color Azul.",191623_,"1,444",27,0.02%,0.02%,"2,023",36,0.02%,0.02%,70.96%,86.96%,23,0,1.59%,0.00%,"997,17 €","0,00 €",22,0
B07T1LRC8M,B07S9RTS38,Arcos Kids Cuchillo de Cocina para Niños - Hoja Segura de Acero Inoxidable NITRUM 100 mm - Mango Ergonómico POM Verde - Seguridad Infantil y Durabilidad,792921_fbm,"1,405",28,0.02%,0.02%,"1,986",37,0.02%,0.02%,51.18%,38.46%,23,1,1.64%,3.57%,"413,77 €","17,99 €",22,1
B09DPRCMTF,B0987MG3JQ,Arcos Juego Cuchillos Carne | Cuchillo chuleteros | Cuchillos Carne Cuchillos Mesa | 6 Uds | Hoja 110 mm | Acero Inoxidable | Mango Nylon | Apto lavavajillas | Envase Ecológico (Filo Liso),814200_fba,"1,211",20,0.02%,0.01%,"1,600",22,0.02%,0.01%,99.51%,100.00%,24,0,1.98%,0.00%,"476,76 €","0,00 €",22,0
B0DPLG5V7Q,B0DPJDWB77,CUPERINOX Tazas de Capuccino de Cristal - Vaso cafe - Vaso Cristal - 200ml (Set de 2) - Apto para Lavavajillas y Microondas - Aroma Series,26121_,690,16,0.01%,0.01%,886,23,0.01%,0.01%,98.87%,100.00%,32,2,4.64%,12.50%,"434,22 €","27,98 €",22,2
B0DPLG5V7Q,B0DWN63DN4,CUPERINOX Tazas de Espresso de Cristal - Vaso cafe - Vaso Cristal - 80ml (Set de 4) - Apto para Lavavajillas y Microondas - Aroma Series,26120_2packs,"2,298",64,0.04%,0.04%,"2,942",82,0.03%,0.04%,98.00%,100.00%,24,2,1.04%,3.13%,"365,74 €","31,96 €",22,1
B00NM2X21W,B00NM2X21W,Arcos Accesorios - Prensa Ajos Prensador de Ajos - Tamaño 160 mm - Hecho de Aleación de Zinc - Color Plata,603500_,"1,331",23,0.02%,0.02%,"1,899",35,0.02%,0.02%,26.80%,5.56%,23,0,1.73%,0.00%,"367,77 €","0,00 €",21,0
B08S87M447,B07BMGMVY4,Arcos Serie Riviera Rose - Cuchillo Cocinero - Hoja de Acero Inoxidable Forjado NITRUM 200 mm - Mango de Polioximetileno (POM) Color Rosa,233654_,593,8,0.01%,0.01%,899,8,0.01%,0.00%,96.44%,100.00%,22,0,3.71%,0.00%,"755,78 €","0,00 €",21,0
B09CH5GZ4J,B07D8WQ355,Arcos Serie Manhattan - Cuchillo Cocinero - Hoja de Acero Inoxidable Forjado Nitrum 210 mm - Mango de Polioximetileno (POM) Color Negro - Filo Seda,160600_,790,25,0.01%,0.02%,"1,209",41,0.01%,0.02%,97.87%,100.00%,21,1,2.66%,4.00%,"766,29 €","36,49 €",21,1
B0F147RFRT,B07N8VRS7L,Arcos Brooklyn Cuchillo Pelador Acero Inoxidable 100 mm,190123_,"1,099",15,0.02%,0.01%,"1,492",23,0.02%,0.01%,68.94%,61.54%,23,0,2.09%,0.00%,"655,27 €","0,00 €",21,0
B0F54LTCFF,B000NOAYN6,Arcos Universal Set 2 Piezas Jamonero + Afilador Acero Inoxidable Nitrum,285500,"3,131",133,0.05%,0.09%,"3,520",149,0.04%,0.07%,53.16%,32.76%,20,1,0.64%,0.75%,"475,80 €","23,79 €",20,1
B0752NT3TH,B005LR77UI,ARCOS Tijeras de Cocina Acero Inoxidable 215 mm,185400,"3,307",68,0.05%,0.05%,"4,091",85,0.05%,0.04%,26.50%,31.25%,20,0,0.60%,0.00%,"347,88 €","0,00 €",20,0
B00WHV21BG,B00WHV21BG,CUPERINOX TIJERAS PESCADO | TIJERAS COCINA| TIJERAS ACERO| TIJERAS | 20 CM | UTENSILIOS DE COCINA,21992_,260,6,0.00%,0.00%,386,14,0.00%,0.01%,77.68%,100.00%,27,0,10.38%,0.00%,"195,75 €","0,00 €",20,0
B0BXB18B8W,B07D8WQ355,Arcos Serie Manhattan - Cuchillo Cocinero - Hoja de Acero Inoxidable Forjado Nitrum 210 mm - Mango de Polioximetileno (POM) Color Negro - Filo Seda,160600_,886,17,0.01%,0.01%,"1,416",36,0.02%,0.02%,94.84%,100.00%,22,2,2.48%,11.76%,"803,78 €","72,98 €",20,2
B0F4X5PQYD,B07PRXR5XR,"HENDI Cesta de lavavajillas Profesional para Vasos, Formato Cuadrado, Estructura Abierta para circulación de Agua, 405x405x(H) 150mm, Polipropileno",H871331,521,51,0.01%,0.03%,838,89,0.01%,0.04%,27.18%,33.90%,24,3,4.61%,5.88%,"464,12 €","59,83 €",20,3
B0FR444FLT,B0843DNN57,Arcos Set Cuchillos Forjados 4 piezas (3 Cuchillos + 1 tijeras) - Acero Inoxidable Forjado NITRUM - Mango Micarta - Bloques Madera Color Azul. Serie Brooklyn. Impresiona yorprencon Cada Corte.,194000_,"1,430",26,0.02%,0.02%,"1,856",33,0.02%,0.02%,89.92%,90.48%,20,0,1.40%,0.00%,"2.123,37 €","0,00 €",20,0
B0843V9Z1W,B0843V9Z1W,Arcos Cuchillo Santoku Acero Inoxidable Nitrum y Hoja 190 mm. Mango ergonómico polioximetileno POM. Diseño clásico y acabado redondeado gran belleza yolidez. Serie Opera. Color negro.,229900_fba,764,14,0.01%,0.01%,"1,099",14,0.01%,0.01%,85.24%,88.89%,20,0,2.62%,0.00%,"729,80 €","0,00 €",20,0
B08WR6CHHN,B08JC8DSP6,Arcos Cuchillos Chuleteros cuchillos chuleteros acero inoxidable filo liso juego cuchillos chuleteros | 6 PZAS cuchillo chuletero | Hoja 110 mm |cuchillos carne Envase Eco,815800_,868,25,0.01%,0.02%,"1,295",30,0.01%,0.01%,99.65%,100.00%,23,0,2.65%,0.00%,"919,77 €","0,00 €",20,0
B0CQLNJVKL,B08TWZWRLW,"Arcos Thera Sartén Antiadherente de 24 Cm para Inducción, Gas y Vitrocerámica. Sartén de Cocina Mediana de Aluminio Fundido con Mango Ergonómico Extraíble y Apta para Lavavajillas. Color Negro y Azul",718300,"1,005",17,0.02%,0.01%,"1,426",20,0.02%,0.01%,27.00%,40.00%,20,2,1.99%,11.76%,"659,00 €","65,90 €",20,2
B0CQM2K3QY,B08TX19NTQ,"Arcos Thera Olla Grande de Cocina de 28 Cm y 6,6 L. Cacerola Alta para Inducción, Gas y Vitro. Olla de Aluminio Fundido con Tapa de Cristal y Mango Extraíble. Apta Lavavajillas. Color Negro Azul",718800,987,36,0.02%,0.02%,"1,346",60,0.02%,0.03%,62.33%,72.09%,20,4,2.03%,11.11%,"1.257,07 €","229,55 €",20,4
B09HRWYKDL,B09HRWYKDL,Arcos Juego de cuchillos Japoneses Profesionales | 4 piezas | Cuchillo Verduras 100 mm + Cocina 150 mm + Santoku con Alveolos 170 mm + Pelador de patatas,853100,"1,070",20,0.02%,0.01%,"1,419",27,0.02%,0.01%,99.61%,100.00%,20,0,1.87%,0.00%,"734,25 €","0,00 €",20,0
B0CQ5G2HVQ,B09T9ZC38G,"Arcos Sarten Antiadherente 22 cm - Aluminio Forjado, Full Induction, Mango Acero Inoxidable Efecto Frío, Apta Lavavajillas, Ahorro Energético, Serie Samoa",716210,"1,599",43,0.03%,0.03%,"2,198",60,0.02%,0.03%,23.96%,21.95%,20,2,1.25%,4.65%,"615,29 €","63,05 €",20,2
B09WYYY5MD,B09WYYY5MD,Arcos Nordika Cuchillo para Queso Acero Inoxidable Nitrum 125 mm,166100_us,539,12,0.01%,0.01%,789,13,0.01%,0.01%,74.28%,70.00%,21,1,3.90%,8.33%,"556,72 €","26,49 €",20,1
B09WYZHGQF,B09WYZHGQF,Arcos Nordika Juego 3 Cuchillos para Queso Acero Inoxidable Nitrum,167200_us,"1,184",66,0.02%,0.04%,"1,686",108,0.02%,0.05%,36.20%,19.32%,20,1,1.69%,1.52%,"1.383,94 €","69,89 €",20,1
B0BRT1JYNQ,B0BRT1JYNQ,Arcos Riviera - Juego de Cuchillos de Cocina (Mondador + 2 Cuchillo Chef) - Acero Inoxidable Forjado NITRUM - Mango POM - Color Negro,838310,"1,128",24,0.02%,0.02%,"1,664",29,0.02%,0.01%,66.46%,66.67%,21,0,1.86%,0.00%,"1.763,79 €","0,00 €",20,0
B0CZXS1ZHN,B0CZXS1ZHN,"HENDI Olla de hierro fundido con 3 patas, caldero tipo potjie sudafricano, con tapa y asa, para fuego abierto y horno, 6L, ⌀245x(H)280mm",H629291,"1,985",65,0.03%,0.04%,"2,949",103,0.03%,0.05%,52.21%,44.62%,21,1,1.06%,1.54%,"1.241,90 €","46,90 €",20,1
B07BDRM2H8,B005LR69ZC,Arcos Cuchillo de Queso Negro 145 mm,232800_,825,26,0.01%,0.02%,"1,227",39,0.01%,0.02%,27.42%,17.86%,19,3,2.30%,11.54%,"715,10 €","107,34 €",19,3
B00CWZQJZG,B00CWZQJZG,"Arcos Cuchillos Mesa - Cuchillo Carne Mesa - Monobloque unaola pieza Acero Inoxidable 4"" - Color Plateado - Corta todo tipo carne conimplicidad y practicidad -erie Monobloque - Color Gris",702000_1pza_fba,746,15,0.01%,0.01%,"1,040",23,0.01%,0.01%,91.54%,100.00%,92,0,12.33%,0.00%,"456,08 €","0,00 €",19,0
B0F54LTCFF,B00VRWR53K,"Arcos Serie Universal, Macheta Cuchillo Carnicero, Hoja de Acero Inoxidable Nitrum 180 mm, Mango de Polioximetileno, Pom Color Negro",288100_,"1,423",50,0.02%,0.03%,"1,703",55,0.02%,0.03%,98.50%,93.10%,22,2,1.55%,4.00%,"871,78 €","79,98 €",19,2
B0F1ZF7H1L,B017DLFYYK,Arcos Cuchillo Queso Acero Inoxidable Blanco 145 mm,232824_,"2,729",67,0.04%,0.05%,"3,254",87,0.04%,0.04%,36.79%,52.94%,20,3,0.73%,4.48%,"760,43 €","113,97 €",19,3
B0189HXOXK,B017DLLFI4,Arcos Serie Navajas Profesionales - Navaja Profesional - Hoja Filo de Acero Inoxidable NITRUM de 85 mm - Navaja de Acero Inoxidable Color naranja,485329_fbm,"1,902",63,0.03%,0.04%,"2,723",91,0.03%,0.04%,28.71%,72.41%,28,11,1.47%,17.46%,"209,72 €","82,39 €",19,5
B017DLM9V6,B017DLM9V6,"Arcos Tenedores de Postre Acero Inoxidable 18/10, Juego de 3 Piezas, Monoblock 180 mm, Serie Toscana, Ideal para Repostería y Sobremesa, Color Plata",574500_,"1,853",47,0.03%,0.03%,"2,659",79,0.03%,0.04%,19.33%,30.00%,23,1,1.24%,2.13%,"189,89 €","8,25 €",19,1
B0FR444FLT,B07D8GYFC7,"Arcos Cuchillo Chef Forjado Acero Inoxidable NITRUM - Profesional Cocina, Mango Ergonómico POM Negro, Hoja Silk Edge 150 mm, Serie Manhattan",160400_,546,6,0.01%,0.00%,719,6,0.01%,0.00%,95.51%,100.00%,22,0,4.03%,0.00%,"700,11 €","0,00 €",19,0
B0FD46SGNM,B07D8WQ355,Arcos Serie Manhattan - Cuchillo Cocinero - Hoja de Acero Inoxidable Forjado Nitrum 210 mm - Mango de Polioximetileno (POM) Color Negro - Filo Seda,160600_,"1,208",32,0.02%,0.02%,"1,805",42,0.02%,0.02%,58.98%,75.00%,19,1,1.57%,3.13%,"693,25 €","36,49 €",19,1
B0FR444FLT,B07D8WQ355,Arcos Serie Manhattan - Cuchillo Cocinero - Hoja de Acero Inoxidable Forjado Nitrum 210 mm - Mango de Polioximetileno (POM) Color Negro - Filo Seda,160600,"1,851",35,0.03%,0.02%,"2,762",51,0.03%,0.02%,85.34%,88.89%,19,1,1.03%,2.86%,"686,80 €","30,57 €",19,1
B0B3F4QXML,B07JWJ5LDH,Arcos Serie Clasica - Juego de Cuchillos Chuleteros (6 piezas) - Acero Inoxidable Forjado NITRUM - Mango POM - Color Negro,_854500_,"1,722",61,0.03%,0.04%,"2,203",82,0.02%,0.04%,98.98%,100.00%,22,4,1.28%,6.56%,"1.746,32 €","298,85 €",19,3
B0F147RFRT,B07N8W7718,Arcos Cuchillo Chef Forjado Acero Inoxidable Tamaño. Mango Profesional Micarta y BorSeda Especial con Hoja Plateada 250 mm. Impresiona yorprencon Cada Corte. Serie Brooklyn. Color Azul.,190823_,"1,059",20,0.02%,0.01%,"1,376",31,0.02%,0.01%,59.25%,78.57%,20,1,1.89%,5.00%,"1.059,80 €","52,99 €",19,1
B0FR444FLT,B07N8W79GH,Arcos Manhattan Cuchillo Tallado Acero Inoxidable Nitrum 300 mm,162300_,902,20,0.01%,0.01%,"1,129",31,0.01%,0.01%,97.20%,100.00%,21,0,2.33%,0.00%,"752,88 €","0,00 €",19,0
B08VS4FCLN,B08CY5ZRD7,"Arcos Serie Maitre - Juego Cuchillo de cocina 4 piezas, (3 cuchillos + 1 tijeras) Hoja de Acero Inoxidable NITRUM 80 mm, Mango Polipropileno Negro",152610_,"2,061",39,0.03%,0.03%,"2,599",55,0.03%,0.03%,99.44%,100.00%,19,0,0.92%,0.00%,"714,22 €","0,00 €",19,0
B0CVH8PC99,B0CQRMMMR5,CUPERINOX Cuchillos Carne | Cuchillos Mesa | Cuchillos Chuleteros | 6 Piezas | Hoja Serrada | Mango Polipropileno | Acero Inoxidable | 11 cm,99901_6pzs,"1,158",44,0.02%,0.03%,"1,492",57,0.02%,0.03%,99.41%,100.00%,20,4,1.73%,9.09%,"196,30 €","37,96 €",19,3
B0DKP7F29P,B0FS7W73G1,"Arcos Sartén Samoa Inox 28 cm, Acero inoxidable tricapa sin antiadherente",726500,406,8,0.01%,0.01%,560,10,0.01%,0.00%,90.06%,100.00%,19,1,4.68%,12.50%,"949,05 €","49,95 €",19,1
B0189HXASY,B005LR6C7C,Arcos Cuchillo Cocina Acero Inoxidable Negro 180 mm,233500,"1,935",34,0.03%,0.02%,"2,956",42,0.03%,0.02%,43.81%,64.29%,18,0,0.93%,0.00%,"629,82 €","0,00 €",18,0
B0752TVHLW,B007TS67Q2,Arcos Cuchillo Chef Acero Inoxidable 120 mm,280304,536,12,0.01%,0.01%,842,13,0.01%,0.01%,31.09%,30.00%,19,1,3.54%,8.33%,"244,78 €","12,99 €",18,1
B0F54LTCFF,B00BHZPO3K,Arcos Cuchillo para Queso Acero Inoxidable NITRUM 145 mm,281604_fbm,"7,921",202,0.13%,0.14%,"11,551",288,0.13%,0.14%,2.46%,6.59%,19,2,0.24%,0.99%,"394,59 €","41,50 €",18,2
B0752TVHLW,B07JJGTQK4,Arcos Conjunto Cuchillos 3 piezas - Acero Inoxidable Nitrum y Hoja mm. Cuchillo cocina profesional cocinar. 590 gr. Mango ergonómico polioximetileno POM. Serie Universal. Mayor control. Color negro.,807410_,462,6,0.01%,0.00%,705,8,0.01%,0.00%,65.54%,100.00%,22,5,4.76%,83.33%,"877,91 €","196,80 €",18,1
B07N8V5DY8,B07N8V5DY8,Arcos Cuchillo trinchar forjado | Cuchillo jamonero Acero Inoxidable. Cuchillo cocina profesional cocinar. Mango micarta y borseda especial y Hoja plateada 300 mm. Serie Brooklyn. Color azul.,192323_,337,18,0.01%,0.01%,478,22,0.01%,0.01%,89.26%,87.50%,18,1,5.34%,5.56%,"841,84 €","46,68 €",18,1
B07S8PHLKH,B07S8PHLKH,Arcos Nova Set 6 Cuchillos Chuleteros Acero Inoxidable 110 mm,806100_fba,"1,073",25,0.02%,0.02%,"1,561",33,0.02%,0.02%,39.94%,16.67%,21,0,1.96%,0.00%,"377,79 €","0,00 €",18,0
B0F147RFRT,B0843DNN57,Arcos Set Cuchillos Forjados 4 piezas (3 Cuchillos + 1 tijeras) - Acero Inoxidable Forjado NITRUM - Mango Micarta - Bloques Madera Color Azul. Serie Brooklyn. Impresiona yorprencon Cada Corte.,194000_,"1,413",35,0.02%,0.02%,"1,956",45,0.02%,0.02%,94.45%,100.00%,19,1,1.34%,2.86%,"2.071,66 €","109,99 €",18,1
B0CQLQ57BT,B08TWYJ47S,"Arcos Cazo Antiadherente 18 cm - Aluminio Fundido, Apto para Todas las Cocinas, Mango Ergonómico, Ahorro Energético, Lavavajillas, Negro/Azul - Serie Thera",719100,329,14,0.01%,0.01%,447,17,0.01%,0.01%,69.31%,100.00%,19,2,5.78%,14.29%,"533,86 €","61,90 €",18,2
B0FDL3VP7W,B0FDL3VP7W,VINFERMATON – Insecticida Moscas y Mosquitos Perfume Limón Pack 3×300 ml | Spray Eliminador Insectos Voladores Interior y Exterior | Acción Inmediata Profesional | 100% MADE IN SPAIN,V000_PACK3,265,10,0.00%,0.01%,362,11,0.00%,0.01%,91.33%,100.00%,18,1,6.79%,10.00%,"213,82 €","11,99 €",18,1
B0F54LTCFF,B006963LSM,Arcos Cuchillo para Pan Acero Inoxidable 250 mm,282204_,"3,683",133,0.06%,0.09%,"4,904",174,0.06%,0.08%,3.52%,1.61%,17,0,0.46%,0.00%,"331,99 €","0,00 €",17,0
B0F1ZF7H1L,B00J64GI4S,Arcos Riviera Blanc Cuchillo Jamonero Forjado POM Blanco 300 mm,231124_,"1,089",36,0.02%,0.02%,"1,356",45,0.02%,0.02%,41.41%,50.00%,17,0,1.56%,0.00%,"626,90 €","0,00 €",17,0
B0189HXS8Q,B017DLLIUO,Arcos Navaja Profesional Acero Inoxidable 85 mm,485929_,"8,537",193,0.14%,0.13%,"11,993",260,0.14%,0.12%,23.90%,46.63%,18,0,0.21%,0.00%,"132,30 €","0,00 €",17,0
B071LGMH89,B071LGMH89,Arcos Mesa Cuchillo Carne Nitrum Pack Madera Marrón 4 pulg,374610_fbm,"2,215",57,0.04%,0.04%,"2,870",93,0.03%,0.04%,24.17%,24.07%,69,6,3.12%,10.53%,"1.155,06 €","100,44 €",17,1
B07JHPTKC9,B07JHPTKC9,"Arcos Set Jamonero 3 Piezas - Cuchillo Jamonero, Deshuesador y Chaira - Hoja Silk Edge Inoxidable Forjada NITRUM - Mango Resistente POM Negro - Corte Preciso y Duradero - Serie Manhattan",858500_,378,5,0.01%,0.00%,586,6,0.01%,0.00%,94.38%,100.00%,17,2,4.50%,40.00%,"1.274,83 €","149,98 €",17,2
B07N8TV9CC,B07N8TV9CC,Arcos Brooklyn Cuchillo Rebanar Jamonero Forjado Micarta Azul 250 mm,191923_,400,13,0.01%,0.01%,597,20,0.01%,0.01%,90.67%,100.00%,17,1,4.25%,7.69%,"662,66 €","38,98 €",17,1
B0FR444FLT,B07N8TV9CC,Arcos Brooklyn Cuchillo Rebanar Jamonero Forjado Micarta Azul 250 mm,191923_,732,11,0.01%,0.01%,937,12,0.01%,0.01%,73.10%,100.00%,17,1,2.32%,9.09%,"746,83 €","42,99 €",17,1
B0FR444FLT,B07N8VCFRY,Arcos Brooklyn Cuchillo Panero Acero Inoxidable Nitrum 200 mm,191323_,625,16,0.01%,0.01%,793,24,0.01%,0.01%,67.46%,80.00%,17,1,2.72%,6.25%,"650,54 €","32,13 €",17,1
B07N8VRS7L,B07N8VRS7L,Arcos Brooklyn Cuchillo Pelador Acero Inoxidable 100 mm,190123_,497,7,0.01%,0.00%,779,7,0.01%,0.00%,87.26%,66.67%,17,0,3.42%,0.00%,"484,81 €","0,00 €",17,0
B07N8WMVK1,B07N8WMVK1,ARCOS Taco Cajonera Organizador Bambú hasta 25 cm Marrón,794300_fbm,"2,589",45,0.04%,0.03%,"3,635",58,0.04%,0.03%,15.88%,35.14%,17,2,0.66%,4.44%,"538,81 €","63,98 €",17,2
B08L27XH2W,B08L27XH2W,"HENDI Mochila isotérmica de Transporte y Reparto de Pizzas y Alimentos, Bolsa aislada e Impermeable para la Entrega de Pedidos de Pizza y Comidas, Interior 39x39x(H) 45cm, Negra, 41x41x(H) 48cm",H709801,629,45,0.01%,0.03%,952,74,0.01%,0.03%,71.20%,21.57%,19,1,3.02%,2.22%,"1.304,03 €","57,81 €",17,1
B0CQLQ57BT,B08TWZGJ69,"Arcos Cazo Antiadherente 20 cm Aluminio Fundido para Todo Tipo de Cocinas, Mango Ergonómico, Ahorro Energético, Apto Lavavajillas, Negro/Azul, Serie Thera",719200,573,16,0.01%,0.01%,769,30,0.01%,0.01%,79.71%,62.50%,17,0,2.97%,0.00%,"531,14 €","0,00 €",17,0
B0CQM2K3QY,B08TWZLD4R,"Arcos Thera Olla Grande de Cocina de 32 Cm y 9,3 L. Cacerola Alta para Inducción, Gas y Vitro. Olla de Aluminio Fundido con Tapa de Cristal y Mango Extraíble. Apta Lavavajillas. Color Negro Azul",718900,928,30,0.01%,0.02%,"1,270",46,0.01%,0.02%,57.76%,65.63%,17,1,1.83%,3.33%,"1.248,80 €","64,95 €",17,1
B09F9KVBDX,B09F9KVBDX,Arcos Nova Juego 8 Cuchillos Mesa Acero Crema 105 mm,705300,"4,015",102,0.06%,0.07%,"5,945",150,0.07%,0.07%,13.30%,9.09%,17,1,0.42%,0.98%,"289,11 €","16,99 €",17,1
B0DKP7F29P,B0DJBYWWVM,"Arcos Serie Samoa Iconic | Cacerola Antiadherente Cerámico 24 cm y 4,3 L | Aluminio Forjado | Apta cualquier cocina | Mango Acero Inoxidable | Color Negro | LIBRE DE (PFOA/PTFE/PFOS)",717022,634,12,0.01%,0.01%,863,18,0.01%,0.01%,96.88%,100.00%,19,2,3.00%,16.67%,"1.023,15 €","90,82 €",17,1
B017HKJ4T8,B0044R87QE,Arcos Cuchillo Cocina Acero Inoxidable 200 mm,280604_,"11,350",290,0.18%,0.20%,"17,123",417,0.19%,0.20%,3.20%,5.93%,18,5,0.16%,1.72%,"369,48 €","102,45 €",16,4
B0F1ZF7H1L,B005LR6C7C,Arcos Cuchillo Cocina Acero Inoxidable Negro 180 mm,233500,"14,892",259,0.24%,0.18%,"20,859",359,0.24%,0.17%,5.24%,4.43%,16,1,0.11%,0.39%,"559,84 €","34,99 €",16,1
B0F1ZF7H1L,B005LR6J3Y,Arcos Riviera Juego 6 Cuchillos Forjados Acero Inoxidable Nitrum,234200_,"3,736",92,0.06%,0.06%,"4,447",103,0.05%,0.05%,62.88%,58.54%,16,1,0.43%,1.09%,"2.745,74 €","174,89 €",16,1
B00D3LCJI4,B00D3LCJI4,Arcos Saeta - Cuchillo Panero - Hoja de Acero Inoxidable Forjado Nitrum de 210 mm - Mango de Pom - Color Negro,175700,426,28,0.01%,0.02%,608,37,0.01%,0.02%,98.56%,100.00%,16,0,3.76%,0.00%,"479,84 €","0,00 €",16,0
B0F5L5VJM5,B0719K21HP,Arcos Tenazas de Marisco Acero Inoxidable 185 mm,606400_,"2,873",97,0.05%,0.07%,"4,661",177,0.05%,0.08%,4.01%,5.26%,31,15,1.08%,15.46%,"591,49 €","271,65 €",16,3
B0BXB18B8W,B07D8WQ355,Arcos Serie Manhattan - Cuchillo Cocinero - Hoja de Acero Inoxidable Forjado Nitrum 210 mm - Mango de Polioximetileno (POM) Color Negro - Filo Seda,160600,886,17,0.01%,0.01%,"1,416",36,0.02%,0.02%,94.84%,100.00%,16,3,1.81%,17.65%,"591,84 €","110,97 €",16,3
B0BXB18B8W,B07DQRFDMB,Arcos Manhattan Cuchillo Santoku Forjado Acero POM Negro 190 mm,161600_,725,16,0.01%,0.01%,"1,228",20,0.01%,0.01%,90.52%,83.33%,19,6,2.62%,37.50%,"638,31 €","200,94 €",16,3
B07LD4MBMK,B07LD4MBMK,"HENDI Cubitera para Hielo, hielera, Recipiente para almacenar Cubitos de Hielo, BarUp, de Doble Pared, 10L, ø292x(h) 220mm, poliestireno, Blanco y Negro",H594759,"1,030",107,0.02%,0.07%,"1,471",170,0.02%,0.08%,35.22%,29.03%,17,8,1.65%,7.48%,"656,73 €","308,00 €",16,7
B0D1CTXJXN,B07MZJTY16,HENDI Jarra medidora apilable - 5 L - ø210x(H)270 mm,H567852,239,25,0.00%,0.02%,310,29,0.00%,0.01%,98.58%,100.00%,21,13,8.79%,52.00%,"282,62 €","179,44 €",16,8
B0F147RFRT,B07N8Q63Z6,Arcos Brooklyn Cuchillo para Tomates Forjado Acero Inoxidable Nitrum 130 mm,192023_,788,14,0.01%,0.01%,947,16,0.01%,0.01%,78.70%,100.00%,16,0,2.03%,0.00%,"501,88 €","0,00 €",16,0
B0FR444FLT,B07N8TNDRV,Arcos Brooklyn Cuchillo Chef Forjado Acero Inoxidable 150 mm,190423_,915,21,0.01%,0.01%,"1,169",29,0.01%,0.01%,48.94%,41.67%,16,1,1.75%,4.76%,"641,16 €","39,99 €",16,1
B07ZJ85R7C,B07ZJ85R7C,Arcos Set de Corte 3 Piezas Acero Inoxidable Nitrum,859300,400,9,0.01%,0.01%,628,16,0.01%,0.01%,77.86%,100.00%,16,0,4.00%,0.00%,"607,84 €","0,00 €",16,0
B0F2Z57T3H,B084WYHN2S,CUPERINOX Cuchillos Carne | Cuchillos Mesa | Cuchillos Chuleteros | Cuchillo Sierra | 100 mm | Acero Inoxidable | Cuchillos para mesa (Madera),13012,"1,187",37,0.02%,0.03%,"1,653",81,0.02%,0.04%,40.27%,11.54%,22,0,1.85%,0.00%,"211,84 €","0,00 €",16,0
B09KJLG7BT,B098TFPYLY,CUPERINOX Jamonero profesional Gondola | tabla jamon | Cuchillo Jamonero Alveolos Acero Inox + Cubre Jamón Universal | Set cortar jamón (3 PZAS) | Sujeta jamones | tabla jamonero,20228,"6,403",140,0.10%,0.10%,"9,333",204,0.11%,0.10%,98.82%,100.00%,16,2,0.25%,1.43%,"489,84 €","59,98 €",16,2
B06XB92VRH,B09LZ2VHYP,CUPERINOX Deluxe Cafetera Italiana Induccion Espresso Inoxidable 10 Tazas,25053,"2,557",42,0.04%,0.03%,"3,225",51,0.04%,0.02%,68.98%,60.00%,17,0,0.66%,0.00%,"547,99 €","0,00 €",16,0
B0C4B1CKSR,B0C4B1CKSR,Arcos Serie Nordika - Cuchillo Yanagiba - Acero Inoxidable NITRUM - Hoja de 240 mm - Mango de Madera Ovengkol 100% natural de bosques certificados FSC® - Embalaje 100% reciclado,168200,489,11,0.01%,0.01%,714,13,0.01%,0.01%,87.21%,100.00%,16,0,3.27%,0.00%,"800,66 €","0,00 €",16,0
B0CTKV6X91,B0CTKV6X91,"HENDI Juego de 6 tablas de cortar HACCP con soporte, lisas, 6 colores diferentes, 6 piezas, 450x300x(H)10mm, polietileno, polipropileno",H825686,"1,072",127,0.02%,0.09%,"1,495",165,0.02%,0.08%,36.00%,19.31%,18,8,1.68%,6.30%,"1.135,20 €","494,29 €",16,7
B0G6M1C8V6,B0D4WK78XV,CUPERINOX Aceiteras para Aceite Usado | Grasera Acero Inoxidable 550ML con Filtro Metálico | Recipiente para Aceite Usado de Cocina y Grasa | Grasera Cocina Metálica 550ML 2Uds Metálico,F22105-22106,942,10,0.02%,0.01%,"1,387",13,0.02%,0.01%,87.33%,100.00%,16,0,1.70%,0.00%,"205,59 €","0,00 €",16,0
B0DVT6KPDV,B0DT6ZPGVQ, ,27008_,"3,530",82,0.06%,0.06%,"5,028",111,0.06%,0.05%,99.29%,95.89%,20,13,0.57%,15.85%,"227,26 €","151,07 €",16,10
B0FJLTDB9J,B0FB98PM7Z,CUPERINOX® Beauty Care – Pack 3 Cortauñas de Precisión | Alicate + Cortaúñas Mediano + Cortaúñas con Llavero | Acero Inoxidable Profesional | Manicura y Pedicura | Hombre y Mujer,A10004,301,7,0.00%,0.00%,366,8,0.00%,0.00%,99.68%,100.00%,16,0,5.32%,0.00%,"205,06 €","0,00 €",16,0
B0F54LTCFF,B007TS6G9U,Arcos Juego de Cuchillos Cocina y Tijeras,285600,"5,316",142,0.09%,0.10%,"7,723",194,0.09%,0.09%,7.86%,18.49%,15,1,0.28%,0.70%,"1.866,30 €","124,90 €",15,1
B0752X4WZ6,B017DLMFXS,ARCOS Pinzas para Emplatar Acero Inoxidable 200 mm,606300FBM,771,20,0.01%,0.01%,"1,143",27,0.01%,0.01%,23.83%,10.00%,15,1,1.95%,5.00%,"172,35 €","11,49 €",15,1
B0FR444FLT,B07DC9LM3W,"Arcos Cuchillo Panadero Profesional - Hoja Silk Edge 200 mm en Acero Inoxidable Nitrum, Corte Preciso y Duradero, Ideal para Pan y Pasteles, Diseño Elegante y Seguro, Serie Manhattan",161300_,692,16,0.01%,0.01%,878,18,0.01%,0.01%,94.58%,100.00%,15,0,2.17%,0.00%,"465,93 €","0,00 €",15,0
B0DN1WHKRN,B07MTQ5695,HENDI Batidora de Mano para Uso Profesional con Velocidad Ajustable,H222140,932,119,0.02%,0.08%,"1,391",170,0.02%,0.08%,30.33%,20.67%,15,8,1.61%,6.72%,"2.394,94 €","1.276,69 €",15,8
B07N8V34F1,B07N8V34F1,"Arcos Cuchillo Santoku Acero Inoxidable Forjado con Balanceo, Mango Micarta y BorSeda Especial y Hoja Plateada 190 mm. Impresiona yorprencon Cada Corte. Serie Brooklyn. Color Azul.",191623_,526,6,0.01%,0.00%,783,7,0.01%,0.00%,89.26%,100.00%,15,1,2.85%,16.67%,"641,17 €","40,99 €",15,1
B0FR444FLT,B07N8V3SNH,"Arcos Cuchillo Tomate Forjado Acero Inoxidable 130 mm - Mango Ergonómico POM Negro, Borde Serrado para Rebanadas Perfectas - Serie Manhattan, Calidad Profesional",162000_,996,18,0.02%,0.01%,"1,179",20,0.01%,0.01%,93.80%,100.00%,15,0,1.51%,0.00%,"363,75 €","0,00 €",15,0
B0F147RFRT,B07N8VHP6Y,Arcos Cuchillo deshuesador con Hoja Acero Inoxidable Nitrum 160 mm. Cuchillo profesional para cortar huesos carne. Mango ergonómico polipropileno. Serie Brooklyn. Color azul.,192623_,991,26,0.02%,0.02%,"1,239",35,0.01%,0.02%,74.13%,63.64%,16,1,1.61%,3.85%,"570,20 €","34,88 €",15,1
B0CQLNJVKL,B08TWZR9Y6,"Arcos Thera Sartén Antiadherente de 20 Cm para Inducción, Gas y Vitrocerámica. Sartén de Cocina Pequeña de Aluminio Fundido con Mango Ergonómico Extraíble y Apta para Lavavajillas. Color Negro y Azul",718200,797,22,0.01%,0.01%,"1,028",27,0.01%,0.01%,35.10%,25.00%,15,0,1.88%,0.00%,"404,85 €","0,00 €",15,0
B08Y8NS7PN,B08XZ8X815,"Arcos serie Maitre - juego de Cuchillos, 2 Pza, Cuchillo Cocina Profesional 150mm + Cuchillo universal 100mm, Acero Inoxidable, Rosa, Eco",814600,"1,725",32,0.03%,0.02%,"2,299",37,0.03%,0.02%,99.21%,100.00%,15,0,0.87%,0.00%,"272,77 €","0,00 €",15,0
B0F9X4NXL3,B0F9GJRSSJ,"CUPERINOX Cuchillos Mesa, cuchillo carne, cuchillo mantequilla, Set 6 piezas, acero inoxidable, hoja con filo y sierra, cuchillo untar. Apto lavavajillas. Mango ergonomico",20043_6,"1,518",35,0.02%,0.02%,"1,930",39,0.02%,0.02%,99.60%,100.00%,25,8,1.65%,22.86%,"240,73 €","71,42 €",15,4
B0DQV6381X,B0GCX89NVM,"CUPERINOX - Soporte Jamonero Profesional de Acero Inoxidable | Sistema Basculante y Cabezal Giratorio | Estabilidad, Corte Ergonómico y Fácil Limpieza | Apto para Jamones y Paletillas|Elite Collection",20280,214,3,0.00%,0.00%,357,4,0.00%,0.00%,100.00%,100.00%,16,0,7.48%,0.00%,"1.431,15 €","0,00 €",15,0
B0B8Z4Z1ZS,B0044R87I2,Arcos Conjunto Cuchillos 4 piezas (3 Cuchillos + 1 tijeras). Acero Inoxidable y Hoja mm. 1670 gr. Bloque madera pino. Mango ergonómico polioximetileno POM. Serie Universal. Mayor control. Color negro.,285000_us,"1,081",24,0.02%,0.02%,"1,589",34,0.02%,0.02%,79.40%,78.26%,14,0,1.30%,0.00%,"769,86 €","0,00 €",14,0
B017HKFNO8,B005LR6ZZ6,Arcos Niza Cuchillo de Cocina Acero Inoxidable 150 mm,135300,453,15,0.01%,0.01%,616,20,0.01%,0.01%,34.46%,43.75%,14,1,3.09%,6.67%,"140,03 €","9,99 €",14,1
B017HKJSMG,B006963LSM,Arcos Cuchillo para Pan Acero Inoxidable 250 mm,282204_,913,44,0.01%,0.03%,"1,127",53,0.01%,0.03%,19.53%,11.43%,15,6,1.64%,13.64%,"292,68 €","116,94 €",14,5
B07BDQGV6Y,B006LMX2HO,"Arcos Cuchillo Rebanar/Jamón Acero Inoxidable Nitrum 11""",282004_,"1,099",25,0.02%,0.02%,"1,536",38,0.02%,0.02%,29.23%,14.29%,14,1,1.27%,4.00%,"241,82 €","17,49 €",14,1
B017HKJ4T8,B007TS67WG,Arcos Cuchillo Chef Acero Inoxidable 300 mm,280804,728,43,0.01%,0.03%,879,53,0.01%,0.03%,63.86%,75.76%,18,7,2.47%,16.28%,"535,50 €","208,25 €",14,4
B0F1ZF7H1L,B00BHZPKEI,Arcos Cuchillo Blanco 100 mm,230224_,"2,865",47,0.05%,0.03%,"3,913",65,0.04%,0.03%,7.93%,13.33%,14,0,0.49%,0.00%,"280,19 €","0,00 €",14,0
B0F1ZF7H1L,B00J64GI70,Arcos Riviera Blanc Cuchillo Fileteador Forjado Acero Inoxidable 200 mm,233024_,"1,566",55,0.03%,0.04%,"1,812",60,0.02%,0.03%,31.70%,50.00%,14,0,0.89%,0.00%,"364,29 €","0,00 €",14,0
B0G39WX9ZQ,B00MDK1EBE,"Arcos Cuchillo Utilitario Acero Inoxidable Nitrum 5""",100600_fbm,410,7,0.01%,0.00%,582,8,0.01%,0.00%,95.54%,100.00%,26,0,6.34%,0.00%,"146,22 €","0,00 €",14,0
B0752VKJ59,B017DLH9NE,Arcos Afilador Acero Nitrum Acero Inoxidable y Hoja 300 mm. Serie Chaira. Cuerpo Acero al Carbono Recubierto Cromo 11 - Mango Polipropileno. Formas ligeras yuaves. Color Negro.,278310_,414,5,0.01%,0.00%,614,5,0.01%,0.00%,96.72%,100.00%,14,1,3.38%,20.00%,"349,86 €","24,99 €",14,1
B073V3CYRF,B073V3CYRF,Arcos Cuchillo Mondador de 4 Pulgadas con Hoja de 100mm en Acero Inoxidable y Mango de Polipropileno. Cuchillos de Cocina para Pelar Apto para Lavavajillas. Serie Nova. Color Turquesa,188632_,"2,904",66,0.05%,0.04%,"4,794",87,0.05%,0.04%,21.09%,11.48%,17,0,0.59%,0.00%,"101,83 €","0,00 €",14,0
B07N8VCFRY,B07N8VCFRY,Arcos Brooklyn Cuchillo Panero Acero Inoxidable Nitrum 200 mm,191323_,250,4,0.00%,0.00%,360,5,0.00%,0.00%,70.37%,100.00%,14,1,5.60%,25.00%,"540,98 €","36,99 €",14,1
B092TQ1P72,B07NDSZJQY,"Arcos Serie Cuchillos de Mesa Caja 12 uds Cuchillo Chuletero, Hoja Serrada de Acero Inoxidable NITRUM de 115 mm, Mango Polioximetileno Color negro (12 UDS)",374800_12piezas,334,16,0.01%,0.01%,451,22,0.01%,0.01%,92.82%,94.12%,18,1,5.39%,6.25%,"1.351,07 €","74,99 €",14,1
B08VS4FCLN,B08CY5ZRD7,"Arcos Serie Maitre - Juego Cuchillo de cocina 4 piezas, (3 cuchillos + 1 tijeras) Hoja de Acero Inoxidable NITRUM 80 mm, Mango Polipropileno Negro",152610,"2,061",39,0.03%,0.03%,"2,599",55,0.03%,0.03%,99.44%,100.00%,14,4,0.68%,10.26%,"509,26 €","127,96 €",14,4
B08GSTDWTC,B08G4D9718,"Arcos | Cuchillos 3 Colores | Cuchillo de pelar | Cuchillos pelar Patatas | Acero Inoxidable Nitrum| Envase Ecológico | Cuchillo Colores (85 mm, Amarillo, Turquesa, Naranja)",816700,"6,304",128,0.10%,0.09%,"7,987",178,0.09%,0.08%,92.52%,93.02%,21,10,0.33%,7.81%,"208,29 €","93,40 €",14,4
B09FQ5SZK8,B08MTTN436,Arcos Nordika Cuchillo Mondador Nitrum Madera Ovengkol FSC 100 mm,165000_fbm,"4,280",109,0.07%,0.07%,"5,830",140,0.07%,0.07%,6.57%,10.17%,18,1,0.42%,0.92%,"397,62 €","21,99 €",14,1
B09FQ5SZK8,B08MTWTK78,Arcos Cuchillo Santoku Acero Inoxidable Nitrum 190 mm,166600_fbm,"10,611",195,0.17%,0.13%,"14,707",297,0.17%,0.14%,3.18%,4.26%,14,1,0.13%,0.51%,"400,83 €","28,99 €",14,1
B09DPRCMTF,B0987MG3JQ,Arcos Juego Cuchillos Carne | Cuchillo chuleteros | Cuchillos Carne Cuchillos Mesa | 6 Uds | Hoja 110 mm | Acero Inoxidable | Mango Nylon | Apto lavavajillas | Envase Ecológico (Filo Liso),814200FBM,"1,211",20,0.02%,0.01%,"1,600",22,0.02%,0.01%,99.51%,100.00%,14,1,1.16%,5.00%,"279,86 €","19,99 €",14,1
B09D1V45YK,B09D1V45YK,"CUPERINOX® Couture Series - Tijera Costura Profesional 16,5 cm | Acero Inoxidable Irrompible | Mango Ergonómico Antideslizante | Corte Preciso y Duradero",21951_,148,4,0.00%,0.00%,210,6,0.00%,0.00%,100.00%,100.00%,18,5,12.16%,125.00%,"120,55 €","31,10 €",14,2
B09HQTWWPB,B09HQT6SZ6,Arcos Clara Cuchillo Jamonero Forjado Acero Inoxidable Nitrum 250 mm,211900_us,780,29,0.01%,0.02%,991,33,0.01%,0.02%,82.31%,89.29%,14,0,1.79%,0.00%,"356,86 €","0,00 €",14,0
B0F1ZF7H1L,B005LR68DU,Arcos Cuchillo Jamonero con Alveolos 250 mm,231000,"14,439",443,0.23%,0.30%,"21,406",659,0.24%,0.31%,25.43%,25.18%,13,2,0.09%,0.45%,"454,87 €","69,98 €",13,2
B0F1ZF7H1L,B005LR6E0C,Arcos Cuchillo Cocinero Acero Inoxidable Negro 150 mm,233400_,"6,043",120,0.10%,0.08%,"7,896",145,0.09%,0.07%,6.60%,17.74%,13,1,0.22%,0.83%,"346,19 €","26,99 €",13,1
B017HKJ4T8,B007TS67P8,Arcos Cuchillo Chef Acero Inoxidable 175 mm,280504_,"1,647",46,0.03%,0.03%,"2,205",60,0.02%,0.03%,20.05%,25.00%,13,1,0.79%,2.17%,"227,41 €","17,25 €",13,1
B0752X1ZCK,B009KPKG8M,Arcos Cuchillos de Mesa - Cuchillo Chuletero Cuchillo de Mesa - Hoja de Acero Inoxidable NITRUM 110 mm - Mango de Nylon - Color Negro,803000_1-Pieza,"2,355",57,0.04%,0.04%,"2,700",67,0.03%,0.03%,76.23%,91.43%,35,0,1.49%,0.00%,"131,25 €","0,00 €",13,0
B09GS973CD,B00HYWV402,ARCOS Juego de Cocina de 5 Piezas con Bloque,815000_,"6,536",117,0.11%,0.08%,"9,487",162,0.11%,0.08%,5.02%,34.07%,16,8,0.24%,6.84%,"599,84 €","279,92 €",13,5
B00ITVQOOI,B00ITVQOOI,ARCOS Tenedor de Mesa Acero Inoxidable 18/10 200 mm,371600_1pieza,844,30,0.01%,0.02%,"1,224",37,0.01%,0.02%,38.66%,28.57%,47,0,5.57%,0.00%,"234,53 €","0,00 €",13,0
B0752NT3TH,B00VRWSQIS,Arcos Serie Prochef - Tijeras de Cocina - Hoja de Acero Inoxidable - 200 mm - Mango de Polipropileno Color Negro,185300,"2,194",64,0.04%,0.04%,"2,670",77,0.03%,0.04%,24.84%,4.65%,13,0,0.59%,0.00%,"275,85 €","0,00 €",13,0
B0F5L86TN4,B0714CRSCQ,Arcos Cuchillo Mondador Negro 100 mm,150300,329,11,0.01%,0.01%,493,26,0.01%,0.01%,25.88%,5.00%,14,0,4.26%,0.00%,"139,30 €","0,00 €",13,0
B0BXB18B8W,B07D8GYFC7,"Arcos Cuchillo Chef Forjado Acero Inoxidable NITRUM - Profesional Cocina, Mango Ergonómico POM Negro, Hoja Silk Edge 150 mm, Serie Manhattan",160400_,424,14,0.01%,0.01%,637,20,0.01%,0.01%,88.06%,92.86%,13,0,3.07%,0.00%,"411,37 €","0,00 €",13,0
B0FD46SGNM,B07D8H2FNG,Arcos Manhattan Cuchillo Pelador Forjado Acero Inoxidable 100 mm,160100_,340,10,0.01%,0.01%,459,12,0.01%,0.01%,73.44%,81.82%,14,0,4.12%,0.00%,"328,86 €","0,00 €",13,0
B0FR444FLT,B07N8Q63Z6,Arcos Brooklyn Cuchillo para Tomates Forjado Acero Inoxidable Nitrum 130 mm,192023_,846,16,0.01%,0.01%,"1,008",26,0.01%,0.01%,40.46%,100.00%,13,1,1.54%,6.25%,"399,12 €","26,44 €",13,1
B07N8Q63Z6,B07N8Q63Z6,Arcos Brooklyn Cuchillo para Tomates Forjado Acero Inoxidable Nitrum 130 mm,192023_,273,7,0.00%,0.00%,396,13,0.00%,0.01%,85.84%,85.71%,13,0,4.76%,0.00%,"392,69 €","0,00 €",13,0
B07N8W79GH,B07N8W79GH,Arcos Manhattan Cuchillo Tallado Acero Inoxidable Nitrum 300 mm,162300_,230,11,0.00%,0.01%,343,13,0.00%,0.01%,99.04%,100.00%,13,1,5.65%,9.09%,"468,33 €","30,57 €",13,1
B085M1CQ5D,B085M1CQ5D,"HENDI Hervidor de agua eléctrico 9L, dispensador de bebidas calientes, termo de una pared para vino, té, hasta 100°C, 230V, 50/60Hz, 950W, 307x330x(H)450mm, acero inoxidable satinado, PP",H211410,174,23,0.00%,0.02%,240,36,0.00%,0.02%,93.87%,100.00%,14,11,8.05%,47.83%,"1.466,50 €","1.152,25 €",13,10
B0CQLNJVKL,B08TWZDX2B,"Arcos Thera Sartén Antiadherente de 30 Cm para Inducción, Gas y Vitrocerámica. Sartén de Cocina Grande de Aluminio Fundido con Mango Ergonómico Extraíble y Apta para Lavavajillas. Color Negro y Azul",718600,297,7,0.00%,0.00%,403,10,0.00%,0.00%,78.78%,75.00%,14,1,4.71%,14.29%,"613,00 €","43,50 €",13,1
B0DKP7F29P,B0DJBZ81XL,"Arcos Serie Samoa Iconic | Cacerola Baja Antiadherente Cerámico 28 cm y 4,3 L | Aluminio Forjado | Apta cualquier cocina | Mango Acero Inoxidable | Color Negro | LIBRE DE (PFOA/PTFE/PFOS)",717122,687,10,0.01%,0.01%,890,12,0.01%,0.01%,91.82%,100.00%,13,0,1.89%,0.00%,"926,45 €","0,00 €",13,0
B017HKJOF2,B000NOAYMM,Arcos Cuchillo Jamonero Acero Inoxidable 240 mm,281804_fba,"1,848",43,0.03%,0.03%,"2,890",58,0.03%,0.03%,8.71%,17.65%,12,0,0.65%,0.00%,"197,88 €","0,00 €",12,0
B000Q8UYRK,B000Q8UYRK,Arcos Cuchillo Jamonero Acero Inoxidable Forjado Nitrum 300 mm,256800_fbm,471,17,0.01%,0.01%,657,27,0.01%,0.01%,70.64%,73.68%,12,2,2.55%,11.76%,"340,88 €","55,98 €",12,2
B0F1ZF7H1L,B005LR67V8,Arcos Cuchillo para Pan Acero Inoxidable Nitrum 200 mm,231300_,"3,866",119,0.06%,0.08%,"5,450",161,0.06%,0.08%,5.32%,3.90%,12,1,0.31%,0.84%,"359,88 €","29,99 €",12,1
B0F54LTCFF,B007TS6GI6,Arcos Universal Set 2 Cuchillos de Cocina Acero Inoxidable Nitrum,285800_2,"2,430",41,0.04%,0.03%,"3,148",70,0.04%,0.03%,9.83%,8.33%,12,1,0.49%,2.44%,"333,45 €","27,75 €",12,1
B0B3F4QXML,B008U6T7Q4,Arcos Clásica Cuchillo Santoku Forjado Acero Inoxidable Nitrum 180 mm,256600_fmb,"3,121",54,0.05%,0.04%,"3,962",72,0.04%,0.03%,24.83%,17.07%,12,0,0.38%,0.00%,"362,38 €","0,00 €",12,0
B0F1ZF7H1L,B00BHZPHOG,Arcos Riviera Blanc Cuchillo Panero Acero Inoxidable Nitrum 200 mm,231324_,"1,635",47,0.03%,0.03%,"2,231",67,0.03%,0.03%,15.05%,10.53%,12,1,0.73%,2.13%,"359,78 €","29,99 €",12,1
B00D3LG0YI,B00D3LG0YI,Arcos Cuchillos de Mesa - Hoja Inoxidable NITRUM 110 mm - Cuchillo Chuletero para Carne - Mango de Nylon Duradero - Color Marrón - Ideal para Cocina y Comedor,804000_1pieza,"2,681",45,0.04%,0.03%,"3,764",59,0.04%,0.03%,32.88%,50.00%,31,2,1.16%,4.44%,"123,69 €","7,98 €",12,1
B00FHTW89A,B00FHTW89A,ARCOS Chaira Afilador Acero al Carbono Cromado 300 mm,278510_,601,22,0.01%,0.01%,845,26,0.01%,0.01%,37.66%,33.33%,13,3,2.16%,13.64%,"296,57 €","66,67 €",12,2
B00J3ZVNM2,B00J3ZVNM2,Arcos Serie Toscana - Juego de Cucharas Moka (6 cucharas) - Monoblock de una pieza en Acero Inoxidable 18/10 y 115 mm - Color Plata,574100_,"6,629",240,0.11%,0.16%,"10,677",358,0.12%,0.17%,1.31%,9.56%,25,16,0.38%,6.67%,"212,30 €","131,24 €",12,4
B00R6JUIUK,B00R6JUIUK,Arcos Cuchillo Chuletero Acero Inoxidable 105 mm,100400_1pza,"26,431",538,0.43%,0.37%,"42,554",853,0.48%,0.40%,0.59%,1.72%,38,1,0.14%,0.19%,"151,97 €","3,99 €",12,1
B072BX31NV,B072BX31NV,Arcos Juego 6 Cuchillos de Mesa Nitrum Acero Crema 105 mm,703500__,"1,619",27,0.03%,0.02%,"2,475",44,0.03%,0.02%,12.65%,0.00%,12,0,0.74%,0.00%,"143,88 €","0,00 €",12,0
B07D5FFJ36,B07D5FFJ36,"HENDI Bandeja de Servicio Ovalada XL, Superficie Antideslizante, 735x600x(H) 31mm, Negro, Fibra de Vidrio y Goma",H508831,229,27,0.00%,0.02%,331,45,0.00%,0.02%,79.14%,42.42%,22,9,9.61%,33.33%,"1.072,17 €","442,38 €",12,5
B0FR444FLT,B07D8XC7NL,"Arcos Cuchillo Chef Forjado Acero Inoxidable NITRUM - Profesional Cocina, Mango Ergonómico POM Negro, Hoja Silk Edge 250 mm, Serie Manhattan",160800_,626,14,0.01%,0.01%,831,16,0.01%,0.01%,59.38%,92.86%,12,0,1.92%,0.00%,"539,88 €","0,00 €",12,0
B0CTHQG9QZ,B07DB3C9JY,"HENDI Recipiente Gastronorm GN 1/1 con asas, Budget Line, resistencia térmica -40 °C a 250 °C, apto para horno y baño maría, 28L, 530x325x(H) 200mm, acero inoxidable",H817155,235,29,0.00%,0.02%,392,51,0.00%,0.02%,52.78%,22.73%,28,15,11.91%,51.72%,"967,66 €","512,79 €",12,4
B096ZTPPBG,B07DQRFDMB,Arcos Manhattan Cuchillo Santoku Forjado Acero POM Negro 190 mm,161600_,491,7,0.01%,0.00%,759,7,0.01%,0.00%,88.46%,100.00%,12,0,2.44%,0.00%,"402,44 €","0,00 €",12,0
B0BX5NPZFT,B07JHPQGPW,Arcos Riviera Blanc Juego 3 Cuchillos Forjados POM Blanco,807610_,"2,906",34,0.05%,0.02%,"3,847",49,0.04%,0.02%,49.96%,68.42%,12,1,0.41%,2.94%,"824,48 €","69,99 €",12,1
B0F147RFRT,B07N8TNDRV,Arcos Brooklyn Cuchillo Chef Forjado Acero Inoxidable 150 mm,190423_,"1,956",41,0.03%,0.03%,"2,441",45,0.03%,0.02%,54.54%,59.26%,12,0,0.61%,0.00%,"480,54 €","0,00 €",12,0
B08MTWQWZZ,B08MTWQWZZ,Arcos Cuchillo Cocinero Profesional Acero Inoxidable 160mm,165900_fbm,"2,542",64,0.04%,0.04%,"3,512",100,0.04%,0.05%,22.44%,21.88%,12,0,0.47%,0.00%,"312,31 €","0,00 €",12,0
B0CQLNJVKL,B08TX24P5L,"Arcos Thera Sartén Antiadherente de 26 Cm para Inducción, Gas y Vitrocerámica. Sartén de Cocina Mediana de Aluminio Fundido con Mango Ergonómico Extraíble y Apta para Lavavajillas. Color Negro y Azul",718400,648,7,0.01%,0.00%,878,11,0.01%,0.01%,38.55%,28.57%,12,1,1.85%,14.29%,"443,40 €","36,95 €",12,1
B095YY8KQ9,B095YY8KQ9,VINFERMATÓN - Insecticida Moscas y Mosquitos Efecto Inmediato Perfume Limón 600ml,MATONZAUL,172,8,0.00%,0.01%,225,9,0.00%,0.00%,48.10%,71.43%,16,3,9.30%,37.50%,"160,05 €","29,94 €",12,1
B08TLR4Z27,B09L4YNBZZ,Arcos jamonero Profesional | Cuchillo jamonero jamonero Inoxidable Nitrum | Mango Negro | Cuchillo Jamon iberico | Serie Maitre| Hoja Flexible y Filo Liso | 275 mm | Acero Inoxidable NITRUM,856500FBM,"1,024",31,0.02%,0.02%,"1,203",35,0.01%,0.02%,99.54%,100.00%,12,1,1.17%,3.23%,"297,38 €","24,99 €",12,1
B09XF6G1Q8,B09XF6G1Q8,Arcos Serie Universal - Juego de Cuchillos de Cocina de 4 piezas (3 Cuchillos Cocineros + Tijeras) - Hoja de Acero Inoxidable NITRUM - Mango de Polioximetileno (POM) - Color Negro,819110_fbm,450,6,0.01%,0.00%,650,6,0.01%,0.00%,97.77%,80.00%,12,0,2.67%,0.00%,"599,88 €","0,00 €",12,0
B0G6M1C8V6,B0G6L13H45,"CUPERINOX Graseras 1 Litro Acero Inoxidable para Carne y Pescado con Filtro de Malla Fina – Recipiente para Aceite Usado, Antigoteo, Tapa Antisalpicaduras – Gourmet Oil Collection",22121,111,2,0.00%,0.00%,137,2,0.00%,0.00%,100.00%,100.00%,13,0,11.71%,0.00%,"194,87 €","0,00 €",12,0
B017HKJ4T8,B0044R881I,Arcos Serie Universal - Cuchillo Cocinero - Hoja de Acero Inoxidable NITRUM 100 mm - Mango de Polioximetileno (POM) Color Negro,280204,"3,954",71,0.06%,0.05%,"5,220",106,0.06%,0.05%,6.38%,8.70%,13,0,0.33%,0.00%,"155,87 €","0,00 €",11,0
B00509DM8S,B00509DM8S,HENDI Baño María Eléctrico GN 1/1,H238905,415,74,0.01%,0.05%,602,101,0.01%,0.05%,47.70%,33.80%,11,2,2.65%,2.70%,"1.500,40 €","268,45 €",11,2
B0F1ZF7H1L,B005LR6JFW,Arcos Conjunto Cuchillos 5 piezas Acero Inoxidable y Hoja mm. 3750 gr. Cuchillo cocina profesional cortar una variedad alimentos con mango ergonómico polioximetileno POM. Serie Riviera. Color negro.,234300_,"2,657",56,0.04%,0.04%,"3,282",70,0.04%,0.03%,56.85%,44.83%,11,0,0.41%,0.00%,"1.446,08 €","0,00 €",11,0
B005LR6TTS,B005LR6TTS,Arcos Cuchillo tallado Acero Inoxidable. Cuchillo para cortar jamón y carne. Mango ergonómico polioximetileno y Hoja 250 mm. Serie Regia. Color negro/oro.,170600_fbm,976,34,0.02%,0.02%,"1,367",42,0.02%,0.02%,22.56%,15.15%,11,0,1.13%,0.00%,"274,86 €","0,00 €",11,0
B007TS6GFO,B007TS6GFO,Arcos Universal Juego 5 Cuchillos Nitrum Bloque Pino POM Negro,285700_,"2,403",54,0.04%,0.04%,"3,316",74,0.04%,0.03%,39.79%,39.02%,11,0,0.46%,0.00%,"1.154,35 €","0,00 €",11,0
B0895RNY35,B007TS6HDA,ARCOS Descorazonador de Manzanas Acero Inoxidable Nitrum 75 mm,612300,543,17,0.01%,0.01%,734,20,0.01%,0.01%,13.48%,31.25%,11,1,2.03%,5.88%,"93,53 €","8,49 €",11,1
B00BHZPHO6,B00BHZPHO6,"Arcos Juego 6 Cuchillos carne 4,s. Paquete Cuchillos bolsillo con borliso para cortar y filetear carne. Hoja y mango Acero Inoxidable monobloque. Serie Mesa.",378200_,"1,107",27,0.02%,0.02%,"1,531",46,0.02%,0.02%,40.76%,36.00%,11,0,0.99%,0.00%,"436,89 €","0,00 €",11,0
B07BDVLDBZ,B00BHZPHSC,Arcos Riviera Blanc Cuchillo Jamonero Forjado Acero POM Blanco 250 mm,231024_,405,12,0.01%,0.01%,621,22,0.01%,0.01%,34.71%,10.00%,11,0,2.72%,0.00%,"368,39 €","0,00 €",11,0
B0BX5LL7FV,B00D3LDVSQ,ARCOS Cascanueces Aleación de Zinc Plata 160 mm,603000_,908,23,0.01%,0.02%,"1,339",32,0.02%,0.02%,7.12%,27.27%,14,1,1.54%,4.35%,"188,86 €","13,49 €",11,1
B07TXLKG42,B00GZR3MKM,"HENDI Freidora eléctrica, T ajustable hasta 190°C, termostato de seguridad, zona fría, con tapa y cesta de freír, tanque de aceite extraíble, 8L, 230V, 3500W, 265x430x(H)345mm, acero inoxidable",H205822,668,72,0.01%,0.05%,970,114,0.01%,0.05%,53.60%,13.68%,11,0,1.65%,0.00%,"1.798,38 €","0,00 €",11,0
B0CGTXWSFY,B00J177VYQ,ARCOS Cuchillo de Electricista para Cortar Cables con Hoja de Acero Inoxidable 90 Mm y Mango ergonómico de Polipropileno. Utensilio Profesional para Instalaciones Eléctricas. Color Negro,227100,"7,053",383,0.11%,0.26%,"9,617",580,0.11%,0.27%,1.25%,6.52%,15,11,0.21%,2.87%,"135,00 €","98,89 €",11,7
B0189HXOXK,B017DLLFIO,Arcos Navaja Acero Inoxidable 85 mm,485300_fmb,"1,844",122,0.03%,0.08%,"2,585",172,0.03%,0.08%,20.14%,6.58%,21,11,1.14%,9.02%,"134,39 €","59,49 €",11,2
B017DLMYLQ,B017DLMYLQ,Arcos Serie Endura - Cacerola Antiadherente - Cuerpo de Aluminio Forjado 16 cm - Capacidad 1 litro - Mango de Acero Inoxidable - Color Negro (Libre de PFOA),697000_,662,15,0.01%,0.01%,884,22,0.01%,0.01%,99.11%,92.31%,12,2,1.81%,13.33%,"236,41 €","36,51 €",11,2
B086X1XQXD,B06Y2B85HT,"HENDI Expositor con cubierta deslizante roll-top, Simple",H871706,951,84,0.02%,0.06%,"1,385",117,0.02%,0.06%,30.47%,13.58%,13,2,1.37%,2.38%,"584,87 €","89,98 €",11,2
B071VT3QQY,B071VT3QQY,"Arcos Riviera - Juego de Cuchillos de Cocina Profesional (Mondador 100 mm, Santoku 140 mm, Chef 200 mm) - Acero Inoxidable Forjado NITRUM, Mango Ergonómico Negro - 3 Piezas en Estuche",807700_fbm,"1,081",23,0.02%,0.02%,"1,501",30,0.02%,0.01%,84.09%,56.00%,11,0,1.02%,0.00%,"758,89 €","0,00 €",11,0
B072FHSBJR,B072FHSBJR,Arcos Nova Set 3 Cuchillos Peladores Acero Verde,189621,862,20,0.01%,0.01%,"1,241",29,0.01%,0.01%,21.67%,50.00%,12,1,1.39%,5.00%,"125,88 €","10,49 €",11,1
B073JC3QG7,B073JC3QG7,"VINFER- Abrillantador Mopas Spray 750 ml | Limpieza, Protege y Abrillanta Parquet, Terrazo, Mármol, Linóleum y Gres | Formato Profesional",VP_ABRILLANTADOR,231,3,0.00%,0.00%,341,4,0.00%,0.00%,95.95%,100.00%,17,0,7.36%,0.00%,"169,83 €","0,00 €",11,0
B0F1ZF7H1L,B077V9MG3F,"Arcos Serie Riviera Blanc - Set de Deshuesador, Jamonero y Chaira, Acero Inoxidable, Blanco, 50x20x5 cm, 3 Unidades",_807511_,"16,761",509,0.27%,0.35%,"24,731",727,0.28%,0.34%,2.59%,2.42%,11,2,0.07%,0.39%,"714,89 €","129,98 €",11,2
B0FR444FLT,B07DC8JHV4,Arcos Cuchillo verduras Acero Inoxidable. Cuchillo profesional para pelar frutas y verduras. Mango ergonómico polioximetileno y Hoja 130 mm. Serie Manhattan. Color negro.,161100_,392,3,0.01%,0.00%,482,6,0.01%,0.00%,75.94%,0.00%,11,0,2.81%,0.00%,"268,16 €","0,00 €",11,0
B07JJGXYZD,B07JJGXYZD,Arcos Set Cocina Serie Manhattan,858100_,"3,123",62,0.05%,0.04%,"4,213",94,0.05%,0.04%,93.41%,100.00%,12,0,0.38%,0.00%,"995,88 €","0,00 €",11,0
B07N8VHP6Y,B07N8VHP6Y,Arcos Cuchillo deshuesador con Hoja Acero Inoxidable Nitrum 160 mm. Cuchillo profesional para cortar huesos carne. Mango ergonómico polipropileno. Serie Brooklyn. Color azul.,192623_,192,5,0.00%,0.00%,263,19,0.00%,0.01%,86.02%,86.67%,11,1,5.73%,20.00%,"392,68 €","34,88 €",11,1
B0843DNN57,B0843DNN57,Arcos Set Cuchillos Forjados 4 piezas (3 Cuchillos + 1 tijeras) - Acero Inoxidable Forjado NITRUM - Mango Micarta - Bloques Madera Color Azul. Serie Brooklyn. Impresiona yorprencon Cada Corte.,194000,"1,465",21,0.02%,0.01%,"2,016",30,0.02%,0.01%,94.18%,100.00%,11,0,0.75%,0.00%,"1.209,89 €","0,00 €",11,0
B09FQ5SZK8,B08MV1BJ5Z,Arcos Serie Nordika - Cuchillo Cocinero - Acero Inoxidable NITRUM - Hoja de 140 mm - Mango de Madera Ovengkol 100% natural FSC - Embalaje 100% reciclado,165400_fbm,"4,405",82,0.07%,0.06%,"5,580",109,0.06%,0.05%,19.53%,25.58%,11,1,0.25%,1.22%,"275,71 €","24,99 €",11,1
B0CQLP3WHM,B08TX1S5W4,"Arcos Grill Antiadherente Aluminio Fundido 34x26 cm, Apto para Todas las Cocinas, Asas Silicona, Ahorro Energético, Lavavajillas, Negro/Azul, Serie Thera",719500,650,33,0.01%,0.02%,"1,032",54,0.01%,0.03%,57.71%,55.00%,11,0,1.69%,0.00%,"524,47 €","0,00 €",11,0
B09XF4MLJT,B09XF4MLJT,Arcos Serie Clara - Set 4 Cuchillos de Cocina (Mondador + Cocina + Chef + Tijeras) - Acero Inoxidable Forjado NITRUM - Mango Inyectado de Polipropileno - Color Negro,819010_fbm,363,7,0.01%,0.00%,525,8,0.01%,0.00%,92.54%,80.00%,11,0,3.03%,0.00%,"533,39 €","0,00 €",11,0
B0BS9ZL3YS,B0BS9ZL3YS,Xpartan Clean | 500 ml | Limpiador de Suelos Multisuperficie para Robots de Limpieza | Concentrado y Perfumado para todo tipo de Robots y Marcas,XPARTAN,182,3,0.00%,0.00%,265,3,0.00%,0.00%,96.22%,100.00%,12,0,6.59%,0.00%,"188,32 €","0,00 €",11,0
B0FJLTDB9J,B0F9L19CF8,Set de Cortauñas Profesional,A10002,131,2,0.00%,0.00%,163,2,0.00%,0.00%,99.26%,100.00%,11,0,8.40%,0.00%,"76,19 €","0,00 €",11,0
B0FHKR4Q45,B0FHKR4Q45,VINFERMATON – Insecticida Cucarachas y Hormigas | Antihormigas Instantáneo Pack 3×300 ml | Spray Eliminador Insectos Rastreros Interior y Exterior | Acción Rápida Profesional | MADE IN SPAIN,V101302_PACK3,149,1,0.00%,0.00%,203,1,0.00%,0.00%,95.63%,0.00%,12,0,8.05%,0.00%,"155,88 €","0,00 €",11,0
B017HKJKNI,B0044R87UA,Arcos Cuchillo Jamonero con Alveolos Acero Inoxidable 240mm,281801_,"11,532",260,0.19%,0.18%,"19,569",405,0.22%,0.19%,0.76%,2.01%,10,2,0.09%,0.77%,"199,56 €","38,98 €",10,2
B0F54LTCFF,B0044R884U,Arcos Universal Cuchillo Santoku Acero POM Negro 170 mm,286004_us,"4,625",113,0.07%,0.08%,"6,335",164,0.07%,0.08%,7.07%,8.08%,12,2,0.26%,1.77%,"285,00 €","47,50 €",10,1
B0F1ZF7H1L,B005LR6C7C,Arcos Cuchillo Cocina Acero Inoxidable Negro 180 mm,233500_,"14,892",259,0.24%,0.18%,"20,859",359,0.24%,0.17%,5.24%,4.43%,10,0,0.07%,0.00%,"349,90 €","0,00 €",10,0
B017HKGIK6,B005LR6TTS,Arcos Cuchillo tallado Acero Inoxidable. Cuchillo para cortar jamón y carne. Mango ergonómico polioximetileno y Hoja 250 mm. Serie Regia. Color negro/oro.,170600_fbm,767,18,0.01%,0.01%,"1,106",22,0.01%,0.01%,23.54%,50.00%,10,0,1.30%,0.00%,"249,50 €","0,00 €",10,0
B0F54LTCFF,B007TS67IU,"Arcos Cuchillo de Cocina Acero Inoxidable Nitrum 7""",281404_fbm,"4,195",75,0.07%,0.05%,"5,230",114,0.06%,0.05%,7.18%,13.33%,10,1,0.24%,1.33%,"162,50 €","16,25 €",10,1
B0F54LTCFF,B007TS67Q2,Arcos Cuchillo Chef Acero Inoxidable 120 mm,280304,"20,490",473,0.33%,0.32%,"29,269",671,0.33%,0.32%,0.70%,1.63%,12,1,0.06%,0.21%,"156,32 €","12,99 €",10,1
B0F54LTCFF,B007TS67WG,Arcos Cuchillo Chef Acero Inoxidable 300 mm,280804,"3,091",70,0.05%,0.05%,"3,942",97,0.04%,0.05%,13.35%,10.00%,10,0,0.32%,0.00%,"297,50 €","0,00 €",10,0
B09335Z9NL,B00J64GMWQ,Arcos Universal Cuchillo Chef Granton Acero Inoxidable Nitrum 200 mm,280601_us,"2,854",56,0.05%,0.04%,"3,798",92,0.04%,0.04%,17.56%,28.57%,10,0,0.35%,0.00%,"219,90 €","0,00 €",10,0
B0D1CYZT7H,B00JN2S0U8,"HENDI Escurridor de frituras, con asa robusta y recipiente extraíble para los restos, patatas fritas, ø410x(H)170mm, totalmente de acero inoxidable",H630808,845,67,0.01%,0.05%,"1,217",100,0.01%,0.05%,38.89%,10.94%,11,0,1.30%,0.00%,"516,45 €","0,00 €",10,0
B0FWM351K4,B06Y66X8SW,CUPERINOX® Couture Series - Tijera Costura Profesional 10 cm | Acero Inoxidable de Alta Precisión | Corte Fino para Detalles y Acabados | Uso Doméstico y Profesional,21960_fba,143,0,0.00%,0.00%,232,0,0.00%,0.00%,98.51%,0.00%,12,0,8.39%,0.00%,"83,88 €","0,00 €",10,0
B0752NT3TH,B0711S5183,Arcos Tijeras cocina Acero Inoxidable. Tijeras cocina profesionales para cortar todo tipo alimentos. Mango polipropileno y Hoja 235 mm. Serie Prochef. Color very negro.,185721,"1,306",43,0.02%,0.03%,"1,733",53,0.02%,0.03%,10.18%,0.00%,10,0,0.77%,0.00%,"99,90 €","0,00 €",10,0
B07882914Y,B07882914Y,Wins - Limpiador Suelos y Superficies Concentrado Amoniacal Pino 021 - Garrafa 5L,WINS021,132,9,0.00%,0.01%,174,12,0.00%,0.01%,92.12%,88.89%,14,4,10.61%,44.44%,"201,35 €","56,45 €",10,2
B07BZ95N39,B07BZ95N39,"HENDI Pasta combustible para Chafing Dish, 24 x 200 g",H194300,837,71,0.01%,0.05%,"1,180",104,0.01%,0.05%,12.77%,5.81%,14,5,1.67%,7.04%,"584,53 €","194,85 €",10,2
B0BXB18B8W,B07D8H2FNG,Arcos Manhattan Cuchillo Pelador Forjado Acero Inoxidable 100 mm,160100_,259,11,0.00%,0.01%,387,14,0.00%,0.01%,89.97%,87.50%,10,0,3.86%,0.00%,"235,28 €","0,00 €",10,0
B0FR444FLT,B07D8H2FNG,Arcos Manhattan Cuchillo Pelador Forjado Acero Inoxidable 100 mm,160100_,401,11,0.01%,0.01%,503,12,0.01%,0.01%,96.58%,100.00%,11,1,2.74%,9.09%,"253,90 €","19,00 €",10,1
B0FD46SGNM,B07D8XC7NL,"Arcos Cuchillo Chef Forjado Acero Inoxidable NITRUM - Profesional Cocina, Mango Ergonómico POM Negro, Hoja Silk Edge 250 mm, Serie Manhattan",160800_,454,14,0.01%,0.01%,580,20,0.01%,0.01%,95.25%,100.00%,13,5,2.86%,35.71%,"584,87 €","224,95 €",10,3
B0FR444FLT,B07DFK4T6L,"Arcos Cuchillo Deshuesador Profesional - Hoja Silk Edge Acero Inoxidable Nitrum 160 mm, Precisión y Durabilidad, Mango Ergonómico POM Negro, Serie Manhattan",162600_,327,3,0.01%,0.00%,436,3,0.00%,0.00%,97.25%,0.00%,10,0,3.06%,0.00%,"272,40 €","0,00 €",10,0
B0FD46SGNM,B07DQRFDMB,Arcos Manhattan Cuchillo Santoku Forjado Acero POM Negro 190 mm,161600_,573,13,0.01%,0.01%,790,18,0.01%,0.01%,49.93%,42.86%,11,3,1.92%,23.08%,"379,39 €","103,47 €",10,3
B0BV37H1DN,B07N8W7718,Arcos Cuchillo Chef Forjado Acero Inoxidable Tamaño. Mango Profesional Micarta y BorSeda Especial con Hoja Plateada 250 mm. Impresiona yorprencon Cada Corte. Serie Brooklyn. Color Azul.,190823_,341,7,0.01%,0.00%,497,10,0.01%,0.00%,76.65%,85.71%,10,2,2.93%,28.57%,"529,90 €","105,98 €",10,2
B08WR6CHHN,B08MW17PLN,Arcos Juego Cuchillos Carne | 6 Piezas | Cuchillo chuleteros | Hoja 110 mm | monoblock | Cuchillo en 1 Sola Pieza | Cuchillos Carne Cubiertos Acero Inoxidable | Caja Envase Ecológico (Sierra Laser),815900fba,646,11,0.01%,0.01%,871,16,0.01%,0.01%,99.75%,100.00%,12,1,1.86%,9.09%,"479,88 €","39,99 €",10,1
B0CQLP3WHM,B08TWZRRGR,"Arcos Thera Sarten Grill Antiadherente de 28x28 Cm para Inducción, Gas y Vitrocerámica. Grill de Aluminio Fundido con Mango Ergonómico Extraíble y Apta para Lavavajillas. Color Negro y Azul",719400,373,12,0.01%,0.01%,494,21,0.01%,0.01%,79.37%,85.71%,10,1,2.68%,8.33%,"465,68 €","39,99 €",10,1
B09HRWYKDL,B09HRWYKDL,Arcos Juego de cuchillos Japoneses Profesionales | 4 piezas | Cuchillo Verduras 100 mm + Cocina 150 mm + Santoku con Alveolos 170 mm + Pelador de patatas,853100fbm,"1,070",20,0.02%,0.01%,"1,419",27,0.02%,0.01%,99.61%,100.00%,10,1,0.93%,5.00%,"363,07 €","36,99 €",10,1
B06XB92VRH,B09LYXZKTZ,CUPERINOX Deluxe Cafetera Italiana Induccion Espresso Inoxidable 4 Tazas,25051,"1,479",34,0.02%,0.02%,"1,895",43,0.02%,0.02%,55.57%,25.00%,10,0,0.68%,0.00%,"239,92 €","0,00 €",10,0
B06XB92VRH,B09LZ2VHYP,CUPERINOX Deluxe Cafetera Italiana Induccion Espresso Inoxidable 10 Tazas,25053FBM,"2,557",42,0.04%,0.03%,"3,225",51,0.04%,0.02%,68.98%,60.00%,10,0,0.39%,0.00%,"320,75 €","0,00 €",10,0
B0CRDWK8V7,B09T9QY59F,"Arcos Samoa Cazo Antiadherente Aluminio Forjado 20 cm 2,6 L",717310,"1,128",27,0.02%,0.02%,"1,580",46,0.02%,0.02%,20.91%,50.00%,10,2,0.89%,7.41%,"369,30 €","70,90 €",10,2
B0B42QTHTP,B0B42QTHTP,CUPERINOX | Tijeras de pescado 18 cm | Tijeras Cocina | tijeras de cocinero profesional para aves pescado carne caza| Accesorios de cocina,21991,500,20,0.01%,0.01%,743,29,0.01%,0.01%,86.54%,100.00%,70,66,14.00%,330.00%,"405,36 €","373,40 €",10,6
B0C5XR2TFF,B0C5XR2TFF,Arcos Serie Thera | Sarten Antiadherente 22 cm | Aluminio Fundido | Apta cualquier cocina | Mango Ergonómico Plástico y Silicona | Sistema ahorro energético | Apta lavavajillas | Color Negro y Azul,719800,157,1,0.00%,0.00%,224,3,0.00%,0.00%,94.97%,100.00%,10,0,6.37%,0.00%,"322,50 €","0,00 €",10,0
B0DKP7F29P,B0DJBZK9SX,"Arcos Serie Samoa Iconic | Cazo Antiadherente Cerámico 16 cm y 1,5 L | Aluminio Forjado | Apta cualquier cocina | Mango Acero Inoxidable | Color Negro | LIBRE DE (PFOA/PTFE/PFOS)",717222,606,16,0.01%,0.01%,704,20,0.01%,0.01%,89.95%,100.00%,10,1,1.65%,6.25%,"328,74 €","28,51 €",10,1
B0DKP7F29P,B0DJC1RQ9T,"Arcos Serie Samoa Iconic | Cacerola Antiadherente Cerámico 20 cm y 2,6 L | Aluminio Forjado | Apta cualquier cocina | Mango Acero Inoxidable | Color Negro | LIBRE DE (PFOA/PTFE/PFOS)",716922,936,13,0.02%,0.01%,"1,171",26,0.01%,0.01%,80.59%,35.71%,10,0,1.07%,0.00%,"540,62 €","0,00 €",10,0
B0FBRQYHVM,B0FBRLQK47,"CUPERINOX Ventilador Portatil, Camping, Exterior, Playa, Piscina, Festival| 5+ cargas movil| +48H de bateria | 20000mAh| Powerbank, Luz led, Mando a distancia y Temporizador",A270001,"3,630",138,0.06%,0.09%,"5,144",203,0.06%,0.10%,99.40%,99.31%,10,0,0.28%,0.00%,"514,90 €","0,00 €",10,0
B08TWZYBPZ,B0FZC8B2NX,"CUPERINOX - Estuche de Cuchillos Profesionales de Cocina 4 Piezas | Chef 20 cm, Santoku 18 cm, Universal 13 cm y Pelador 9 cm | Acero Inoxidable de Alta Precisión | Mango Ergonómico",19301,605,14,0.01%,0.01%,864,21,0.01%,0.01%,99.10%,100.00%,10,1,1.65%,7.14%,"278,99 €","34,99 €",10,1
B0F54LTCFF,B0044R87I2,Arcos Conjunto Cuchillos 4 piezas (3 Cuchillos + 1 tijeras). Acero Inoxidable y Hoja mm. 1670 gr. Bloque madera pino. Mango ergonómico polioximetileno POM. Serie Universal. Mayor control. Color negro.,285000,"4,196",109,0.07%,0.07%,"5,584",134,0.06%,0.06%,86.66%,62.22%,9,0,0.21%,0.00%,"497,85 €","0,00 €",9,0
B017HKJ4T8,B0044R87QO,Arcos Cuchillo Chef Acero Inoxidable. Cuchillo cocina profesional para cortar una variedad alimentos. Mango ergonómico polioximetileno y Hoja 250 mm. Serie Universal. Color negro.,280704_fbm,"1,083",53,0.02%,0.04%,"1,350",64,0.02%,0.03%,19.31%,32.43%,13,3,1.20%,5.66%,"313,15 €","65,65 €",9,2
B017HKG9PK,B0044R87YQ,Arcos Cuchillo para Maitre Negro 100 mm,150500_us,"16,169",401,0.26%,0.27%,"22,047",534,0.25%,0.25%,6.25%,12.66%,16,14,0.10%,3.49%,"151,28 €","129,12 €",9,7
B0752NT3TH,B005LR7726,Arcos Serie Prochef - Tijeras de Cocina - Hoja de Acero Inoxidable - 210 mm - Mango de Polipropileno Color negro y rojo,185601_barras_Arcos,"12,829",408,0.21%,0.28%,"19,629",594,0.22%,0.28%,0.14%,2.46%,18,18,0.14%,4.41%,"156,92 €","156,92 €",9,9
B0CQ92BWQ8,B009QXKGKG,"HENDI Bolsa de Transporte y Reparto de Pizzas, Bolsa Portapizzas con Aislamiento, Impermeable, Bolsa para la Entrega de Pedidos de Pizza y Comidas, Interior 45x45x(H) 18cm, Roja, 47x47x(H) 21cm",H709818,232,16,0.00%,0.01%,339,17,0.00%,0.01%,57.72%,14.29%,12,0,5.17%,0.00%,"373,80 €","0,00 €",9,0
B00E5KWS1A,B00E5KWS1A,"Arcos Accesorios de Cocina - Juego de 5 Piezas (Pelador, Cascanueces, Sacacorchos, Prensa Ajos, Abrelatas) - Aleación de Zinc, Acabado Cromado, Caja Regalo - Plata",604500_,838,19,0.01%,0.01%,"1,091",28,0.01%,0.01%,35.89%,54.55%,9,0,1.07%,0.00%,"619,38 €","0,00 €",9,0
B0BQDHLWRL,B00I5N4PPK,Arcos Cuchillo Chuletero Acero Inoxidable Nitrum 110 mm,_809300_1Pieza,"1,744",46,0.03%,0.03%,"2,635",72,0.03%,0.03%,20.44%,18.60%,28,0,1.61%,0.00%,"154,26 €","0,00 €",9,0
B0F1ZF7H1L,B017DLG38Q,Arcos Cuchillo Cocina Acero Inoxidable Negro 140 mm,233200_,"3,261",86,0.05%,0.06%,"4,300",100,0.05%,0.05%,5.62%,6.98%,9,1,0.28%,1.16%,"251,91 €","27,99 €",9,1
B0F5L2FGGS,B071HVWQKP,Arcos Cuchillos Mesa con Hoja Acero Inoxidable. Cuchillos Carne con Mango Madera Palisandro Marrón. Hoja. Corta Carne Asada. Clásicos y Elegantes. Cortein Esfuerzo. Serie Mesa. Color Marrón,373700,"7,340",184,0.12%,0.12%,"9,746",253,0.11%,0.12%,7.08%,18.00%,18,5,0.25%,2.72%,"278,82 €","77,45 €",9,2
B0752NT3TH,B071S7PMLH,ARCOS Prochef Tijeras de Cocina Acero Amarillo-Negro 235 mm,185725,794,21,0.01%,0.01%,"1,009",23,0.01%,0.01%,7.86%,0.00%,11,0,1.39%,0.00%,"108,35 €","0,00 €",9,0
B071S7PMLT,B071S7PMLT,Arcos Nova Set 2 Cuchillos Peladores Acero Verde,189421,114,6,0.00%,0.00%,138,6,0.00%,0.00%,76.98%,0.00%,9,0,7.89%,0.00%,"76,41 €","0,00 €",9,0
B075ZWHQLQ,B075ZWHQLQ,Wins - Desengrasante Limpiador Profesional 001 - Garrafa 5L,WINS001,184,3,0.00%,0.00%,245,5,0.00%,0.00%,77.33%,100.00%,17,8,9.24%,266.67%,"227,21 €","102,00 €",9,1
B086XS4XDX,B07D4V72YP,"HENDI Juego de salero y pimentero, 2 piezas, utensilio de sal y pimienta de cocina mesa, con tapas de acero inoxidable con orificios dispensadores en forma de S y P, ⌀40x(H)70mm, vidrio, transparente",H465387,182,10,0.00%,0.01%,261,16,0.00%,0.01%,97.08%,100.00%,14,2,7.69%,20.00%,"104,86 €","14,98 €",9,2
B0FD46SGNM,B07D8GYFC7,"Arcos Cuchillo Chef Forjado Acero Inoxidable NITRUM - Profesional Cocina, Mango Ergonómico POM Negro, Hoja Silk Edge 150 mm, Serie Manhattan",160400_,549,16,0.01%,0.01%,702,20,0.01%,0.01%,81.91%,100.00%,9,1,1.64%,6.25%,"291,41 €","31,49 €",9,1
B09CH5GZ4J,B07D8WQ355,Arcos Serie Manhattan - Cuchillo Cocinero - Hoja de Acero Inoxidable Forjado Nitrum 210 mm - Mango de Polioximetileno (POM) Color Negro - Filo Seda,160600,790,25,0.01%,0.02%,"1,209",41,0.01%,0.02%,97.87%,100.00%,9,0,1.14%,0.00%,"332,91 €","0,00 €",9,0
B07DC9LM3W,B07DC9LM3W,"Arcos Cuchillo Panadero Profesional - Hoja Silk Edge 200 mm en Acero Inoxidable Nitrum, Corte Preciso y Duradero, Ideal para Pan y Pasteles, Diseño Elegante y Seguro, Serie Manhattan",161300_,143,4,0.00%,0.00%,219,9,0.00%,0.00%,70.71%,100.00%,9,0,6.29%,0.00%,"287,91 €","0,00 €",9,0
B0FD46SGNM,B07DC9LM3W,"Arcos Cuchillo Panadero Profesional - Hoja Silk Edge 200 mm en Acero Inoxidable Nitrum, Corte Preciso y Duradero, Ideal para Pan y Pasteles, Diseño Elegante y Seguro, Serie Manhattan",161300_,215,5,0.00%,0.00%,266,7,0.00%,0.00%,87.85%,100.00%,9,0,4.19%,0.00%,"287,91 €","0,00 €",9,0
B0BXB18B8W,B07DC9LM3W,"Arcos Cuchillo Panadero Profesional - Hoja Silk Edge 200 mm en Acero Inoxidable Nitrum, Corte Preciso y Duradero, Ideal para Pan y Pasteles, Diseño Elegante y Seguro, Serie Manhattan",161300_,361,8,0.01%,0.01%,492,11,0.01%,0.01%,21.69%,33.33%,9,1,2.49%,12.50%,"288,44 €","31,99 €",9,1
B07FQ94K1Q,B07FQ94K1Q,Arcos Series Maitre - Juego de Cuchillos 5 Piezas (4 Cuchillos + 1 Tijeras) - Hoja de Acero Inoxidable Nitrum - Mango de Polipropileno - Bloque de Madera de Color marrón,152100__,679,18,0.01%,0.01%,900,24,0.01%,0.01%,85.35%,81.25%,9,1,1.33%,5.56%,"674,91 €","74,99 €",9,1
B0FD46SGNM,B07N8VLCQS,"Arcos Juego de Cuchillos Profesionales (4 Piezas) - Acero Inoxidable Nitrum, Precisión y Durabilidad, Mango Ergonómico POM Negro, Incluye Tijeras y Bloque de Madera, Serie Manhattan",163300_,756,11,0.01%,0.01%,957,19,0.01%,0.01%,97.66%,100.00%,9,0,1.19%,0.00%,"867,57 €","0,00 €",9,0
B07N8VLCQS,B07N8VLCQS,"Arcos Juego de Cuchillos Profesionales (4 Piezas) - Acero Inoxidable Nitrum, Precisión y Durabilidad, Mango Ergonómico POM Negro, Incluye Tijeras y Bloque de Madera, Serie Manhattan",163300_,301,3,0.00%,0.00%,483,4,0.01%,0.00%,92.89%,100.00%,9,0,2.99%,0.00%,"846,21 €","0,00 €",9,0
B0FR444FLT,B07N8WXGW7,Arcos Brooklyn - Cuchillo de Lenguado Cuchillo para Pescado - Acero Inoxidable Forjado NITRUM 170 mm - Mango Micarta Color Azul (Filo Seda),191423_,774,23,0.01%,0.02%,917,30,0.01%,0.01%,81.81%,66.67%,9,0,1.16%,0.00%,"324,50 €","0,00 €",9,0
B0843SLMDX,B0843SLMDX,Arcos Cuchillo Chef Acero Inoxidable. Cuchillo cocina profesional multipropósito para cortar y limpiar verduras. Mango ergonómico polioximetileno y Hoja 230 mm. Serie Opera. Color negro.,225200_fbm,267,8,0.00%,0.01%,369,12,0.00%,0.01%,90.75%,100.00%,9,1,3.37%,12.50%,"368,82 €","40,97 €",9,1
B0843SYT31,B0843SYT31,Arcos Cuchillo Chef con Hoja Acero Inoxidable Nitrum 160 mm. Cuchillo cocina profesional multiusos. Mango ergonómico polioximetileno POM. Serie Opera. Color negro.,225000_fmb,267,5,0.00%,0.00%,366,5,0.00%,0.00%,93.77%,100.00%,9,1,3.37%,20.00%,"291,64 €","31,49 €",9,1
B08WR6CHHN,B08MW17PLN,Arcos Juego Cuchillos Carne | 6 Piezas | Cuchillo chuleteros | Hoja 110 mm | monoblock | Cuchillo en 1 Sola Pieza | Cuchillos Carne Cubiertos Acero Inoxidable | Caja Envase Ecológico (Sierra Laser),815900FBM,646,11,0.01%,0.01%,871,16,0.01%,0.01%,99.75%,100.00%,9,0,1.39%,0.00%,"348,57 €","0,00 €",9,0
B0CQLNJVKL,B08TWZX8LY,Arcos Thera Sartén Antiadherente Aluminio Fundido 18 cm,718100,"1,725",42,0.03%,0.03%,"2,346",56,0.03%,0.03%,10.81%,20.00%,9,1,0.52%,2.38%,"210,35 €","22,95 €",9,1
B0CRDWK8V7,B09T9RNFJG,"Arcos Cazo Antiadherente 16 cm, Aluminio Forjado, Full Induction, Mango Acero Inoxidable, Ahorro Energético, Apto Lavavajillas, Cocina Gas/Eléctrica/Inducción, Serie Samoa",717210,279,8,0.00%,0.01%,388,14,0.00%,0.01%,49.86%,87.50%,9,1,3.23%,12.50%,"262,55 €","28,95 €",9,1
B0FHKQHYQ7,B0FHKQHYQ7,VINFERMATON – Insecticida Moscas y Mosquitos Sin Olor Pack 2×600 ml | Spray Eliminador Insectos Voladores Interior y Exterior | Acción Inmediata Profesional | 100% MADE IN SPAIN,9J-4FF5-2Q8R,112,5,0.00%,0.00%,157,5,0.00%,0.00%,90.58%,100.00%,9,1,8.04%,20.00%,"125,91 €","13,99 €",9,1
B0752TVHLW,B000NOAYMM,Arcos Cuchillo Jamonero Acero Inoxidable 240 mm,281804,285,6,0.00%,0.00%,384,6,0.00%,0.00%,48.97%,75.00%,8,0,2.81%,0.00%,"136,20 €","0,00 €",8,0
B0F54LTCFF,B0044R87QE,Arcos Cuchillo Cocina Acero Inoxidable 200 mm,280604,"38,664",869,0.62%,0.59%,"55,050","1,206",0.62%,0.57%,5.91%,11.41%,13,12,0.03%,1.38%,"279,37 €","257,88 €",8,7
B09337686H,B0044R884U,Arcos Universal Cuchillo Santoku Acero POM Negro 170 mm,286004,"1,890",51,0.03%,0.03%,"2,950",94,0.03%,0.04%,36.47%,37.70%,8,1,0.42%,1.96%,"190,00 €","23,75 €",8,1
B0752TVHLW,B007TS67OY,Arcos Cuchillo Chef Acero Inoxidable 155 mm,280404_fbm,311,3,0.01%,0.00%,437,3,0.00%,0.00%,42.78%,100.00%,8,1,2.57%,33.33%,"131,92 €","16,49 €",8,1
B07BDT9G74,B008U6T624,Arcos Clásica Cuchillo Deshuesador Forjado Acero Inoxidable Nitrum 140 mm,256200_fbm,255,5,0.00%,0.00%,347,6,0.00%,0.00%,99.06%,100.00%,8,0,3.14%,0.00%,"159,92 €","0,00 €",8,0
B0BQDHLWRL,B008U6TRGO,"Arcos Cuchillos mesa - Cuchillo carne Acero Inoxidable Nitrum, Hoja, mango marrón madera -erie Mesa, duradero y apto para lavavajillas (7'')",809300_1Pieza,765,20,0.01%,0.01%,"1,219",25,0.01%,0.01%,53.23%,20.00%,20,0,2.61%,0.00%,"99,80 €","0,00 €",8,0
B0F1ZF7H1L,B00BHZPO12,Arcos Cuchillo Cocina Acero Inoxidable Blanco 180 mm,233524_,"2,889",69,0.05%,0.05%,"3,731",90,0.04%,0.04%,11.59%,13.64%,8,2,0.28%,2.90%,"273,85 €","63,91 €",8,2
B00D3LBPIE,B00D3LBPIE,Arcos Mesa Cuchillo Chuletero Serrado Acero Monoblock Plata 110 mm,809500_1pieza,"1,324",42,0.02%,0.03%,"1,918",85,0.02%,0.04%,22.99%,28.57%,25,1,1.89%,2.38%,"129,23 €","4,85 €",8,1
B00D3LFQ3E,B00D3LFQ3E,ARCOS Cuchillo Corta Bacalao y Pan Acero Polietileno Blanco 440 mm,791600,413,14,0.01%,0.01%,626,24,0.01%,0.01%,43.84%,12.50%,8,1,1.94%,7.14%,"861,56 €","107,25 €",8,1
B0BV32H59Y,B00HYWUNR2,Arcos Saeta - Cuchillo Deshuesador - Hoja de Acero Inoxidable Forjado Nitrum de 145 mm - Mango de Pom - Color Negro,174700,375,23,0.01%,0.02%,618,43,0.01%,0.02%,95.67%,100.00%,8,1,2.13%,4.35%,"239,92 €","29,99 €",8,1
B017HKGEFK,B00J64GC62,Arcos Serie Natura - Cuchillo de Verduras - Hoja de Acero Inoxidable Forjado NITRUM 125 mm - Mango de Madera Palisandro color marrón,155110_,239,4,0.00%,0.00%,296,5,0.00%,0.00%,95.52%,100.00%,8,0,3.35%,0.00%,"206,52 €","0,00 €",8,0
B0F1ZF7H1L,B00J64GEEC,Arcos Riviera Blanc Cuchillo Chef Forjado Acero Inoxidable 250 mm,233724_,"1,653",25,0.03%,0.02%,"2,182",32,0.02%,0.02%,19.87%,4.17%,8,0,0.48%,0.00%,"345,76 €","0,00 €",8,0
B0F1ZF7H1L,B017DEWUDK,Arcos Cuchillo Acero Inoxidable 300 mm,233824_,966,15,0.02%,0.01%,"1,174",20,0.01%,0.01%,71.47%,81.25%,9,2,0.93%,13.33%,"524,91 €","119,98 €",8,1
B071S7PKNN,B071S7PKNN,Arcos Cuchillo Chuletero Acero Inoxidable Nitrum 110 mm,372400,573,15,0.01%,0.01%,785,19,0.01%,0.01%,60.29%,58.33%,34,0,5.93%,0.00%,"163,91 €","0,00 €",8,0
B0BXB18B8W,B07D8XC7NL,"Arcos Cuchillo Chef Forjado Acero Inoxidable NITRUM - Profesional Cocina, Mango Ergonómico POM Negro, Hoja Silk Edge 250 mm, Serie Manhattan",160800_,519,15,0.01%,0.01%,701,31,0.01%,0.01%,95.33%,86.36%,8,3,1.54%,20.00%,"359,92 €","134,97 €",8,3
B0FD46SGNM,B07DFK4T6L,"Arcos Cuchillo Deshuesador Profesional - Hoja Silk Edge Acero Inoxidable Nitrum 160 mm, Precisión y Durabilidad, Mango Ergonómico POM Negro, Serie Manhattan",162600_,309,10,0.00%,0.01%,385,14,0.00%,0.01%,90.58%,66.67%,8,1,2.59%,10.00%,"223,92 €","27,99 €",8,1
B0846H7BV1,B07G5M444L,Arcos Cuchillo de Mesa Acero Inoxidable Nitrum 130 mm Caja 12 Uds,370725_fbm,280,10,0.00%,0.01%,390,16,0.00%,0.01%,98.53%,100.00%,8,0,2.86%,0.00%,"343,92 €","0,00 €",8,0
B0BXB18B8W,B07JHPTKC9,"Arcos Set Jamonero 3 Piezas - Cuchillo Jamonero, Deshuesador y Chaira - Hoja Silk Edge Inoxidable Forjada NITRUM - Mango Resistente POM Negro - Corte Preciso y Duradero - Serie Manhattan",858500_,232,11,0.00%,0.01%,314,17,0.00%,0.01%,95.70%,100.00%,8,1,3.45%,9.09%,"599,92 €","74,99 €",8,1
B0F54LTCFF,B07JJGTQK4,Arcos Conjunto Cuchillos 3 piezas - Acero Inoxidable Nitrum y Hoja mm. Cuchillo cocina profesional cocinar. 590 gr. Mango ergonómico polioximetileno POM. Serie Universal. Mayor control. Color negro.,807410_FBA,"3,236",57,0.05%,0.04%,"4,696",77,0.05%,0.04%,71.61%,38.18%,8,0,0.25%,0.00%,"329,00 €","0,00 €",8,0
B0D1GH3QKG,B07MTPQ9KF,"HENDI Báscula pesa balanza digital de cocina, cuerpo de plástico HIPS con pantalla digital LED integrada, alta precisión, máximo 15 kg, 3 pilas AAA no incluidas, 266x269x(h)34 mm, acero inoxidable",H580233,905,176,0.01%,0.12%,"1,309",269,0.01%,0.13%,29.02%,15.21%,11,6,1.22%,3.41%,"424,51 €","233,74 €",8,5
B07N8VRS7L,B07N8VRS7L,Arcos Brooklyn Cuchillo Pelador Acero Inoxidable 100 mm,190123,497,7,0.01%,0.00%,779,7,0.01%,0.00%,87.26%,66.67%,8,0,1.61%,0.00%,"227,92 €","0,00 €",8,0
B0752TVHLW,B07ZJ85R7C,Arcos Set de Corte 3 Piezas Acero Inoxidable Nitrum,859300,200,5,0.00%,0.00%,306,5,0.00%,0.00%,72.59%,50.00%,8,0,4.00%,0.00%,"303,92 €","0,00 €",8,0
B0843DNN57,B0843DNN57,Arcos Set Cuchillos Forjados 4 piezas (3 Cuchillos + 1 tijeras) - Acero Inoxidable Forjado NITRUM - Mango Micarta - Bloques Madera Color Azul. Serie Brooklyn. Impresiona yorprencon Cada Corte.,194000_,"1,465",21,0.02%,0.01%,"2,016",30,0.02%,0.01%,94.18%,100.00%,8,1,0.55%,4.76%,"849,67 €","103,94 €",8,1
B088FYWBJ4,B088FYWBJ4,Vinfer maton insecticida efecto residual rastreros,V22255,940,35,0.02%,0.02%,"1,572",52,0.02%,0.02%,0.95%,0.00%,14,5,1.49%,14.29%,"153,58 €","54,85 €",8,1
B06XB92VRH,B09LYZ5G5S,CUPERINOX Deluxe Cafetera Italiana Induccion Espresso Inoxidable 6 Tazas,25052,"1,657",34,0.03%,0.02%,"2,050",40,0.02%,0.02%,53.94%,66.67%,9,2,0.54%,5.88%,"271,91 €","59,98 €",8,1
B0CRDY65RY,B09T6JQQZS,"Arcos Cacerola Antiadherente 16 cm 1.5 L - Full Induction para Todo Tipo de Cocinas, Asas Acero Inoxidable Efecto Frío, Apta Lavavajillas, Ahorro Energético, Serie Samoa",716810,543,13,0.01%,0.01%,674,18,0.01%,0.01%,71.92%,62.50%,14,8,2.58%,61.54%,"464,68 €","270,88 €",8,2
B0FWK4CNH3,B0B42QTHTP,CUPERINOX | Tijeras de pescado 18 cm | Tijeras Cocina | tijeras de cocinero profesional para aves pescado carne caza| Accesorios de cocina,21991_,125,8,0.00%,0.01%,169,10,0.00%,0.00%,81.70%,100.00%,8,0,6.40%,0.00%,"48,50 €","0,00 €",8,0
B0BRSYXXRN,B0BRSYXXRN,"HENDI Cesta para Freír, 10L, 280x210x(H)140mm",H961247,167,27,0.00%,0.02%,241,33,0.00%,0.02%,94.17%,90.00%,9,2,5.39%,7.41%,"377,91 €","83,98 €",8,2
B0FQNZM34T,B0BRTZ2X8C,Arcos Serie Opera - Set Cuchillos de Cocina 3 piezas - Acero Inoxidable Forjado NITRUM - Mango POM - Color negro,805900_,896,24,0.01%,0.02%,"1,106",44,0.01%,0.02%,94.22%,88.57%,8,0,0.89%,0.00%,"583,20 €","0,00 €",8,0
B0DKP7F29P,B0FS7VJ21D,"Arcos Sartén Samoa Inox 26 cm, Acero inoxidable tricapa libre de PFAS",726400,244,6,0.00%,0.00%,302,6,0.00%,0.00%,84.86%,100.00%,8,0,3.28%,0.00%,"367,60 €","0,00 €",8,0
B0DKP7F29P,B0FS7XQ88Z,"Arcos Sartén Samoa Inox 30 cm, Acero inoxidable tricapa sin PFAS",726600,261,11,0.00%,0.01%,323,13,0.00%,0.01%,88.89%,100.00%,9,0,3.45%,0.00%,"503,55 €","0,00 €",8,0
B0G3ZJ89NB,B0FZCJ46CM,CUPERINOX - Set Cuchillo Jamonero+ Deshuesador Profesional Forjado 2 Piezas | Cuchillo Jamonero Alveolado 25 cm y Deshuesador 15 cm |Corte Fino y Equilibrado | Aptos para lavavajillas,19305f,"4,670",93,0.08%,0.06%,"6,291",115,0.07%,0.05%,99.90%,100.00%,8,0,0.17%,0.00%,"199,92 €","0,00 €",8,0
B0B8Z4Z1ZS,B0044R87I2,Arcos Conjunto Cuchillos 4 piezas (3 Cuchillos + 1 tijeras). Acero Inoxidable y Hoja mm. 1670 gr. Bloque madera pino. Mango ergonómico polioximetileno POM. Serie Universal. Mayor control. Color negro.,285000,"1,081",24,0.02%,0.02%,"1,589",34,0.02%,0.02%,79.40%,78.26%,7,0,0.65%,0.00%,"345,34 €","0,00 €",7,0
B017HKG9PK,B0044R87W8,"Arcos Cuchillo Santoku Acero Inoxidable Nitrum. Cuchillo Cocina japonés Pescado, Carne y Verduras. Mango ergonómico polioximetileno Pom y Hoja 170 mm. Multiusos. Serie Maitre. Color Negro.",151600,"13,892",322,0.22%,0.22%,"19,682",450,0.22%,0.21%,5.91%,12.59%,7,1,0.05%,0.31%,"136,43 €","19,49 €",7,1
B07BDW2X7S,B005LR6BEQ,Arcos Cuchillo Filetear Acero Inoxidable Nitrum 200 mm,233000_,446,9,0.01%,0.01%,650,12,0.01%,0.01%,47.85%,30.00%,7,1,1.57%,11.11%,"181,93 €","25,99 €",7,1
B07TXLKG42,B00GZR3LR6,"HENDI Freidora eléctrica, T ajustable hasta 190°C, termostato de seguridad, zona fría, con tapa y cesta de freír, tanque de aceite extraíble, 6L, 230V, 3300W, 265x430x(H)290mm, acero inoxidable",H205815,333,14,0.01%,0.01%,419,17,0.00%,0.01%,75.80%,80.00%,7,1,2.10%,7.14%,"1.074,65 €","155,75 €",7,1
B0F4DMVXQV,B00J4L7FEU,Arcos Hachuela Macheta de Cocina Acero Inoxidable 160 mm,282404_us,132,4,0.00%,0.00%,194,4,0.00%,0.00%,25.28%,0.00%,7,0,5.30%,0.00%,"173,25 €","0,00 €",7,0
B0752X4WZ6,B00TA4O5YO,ARCOS Pinzas para Emplatar Acero Inoxidable 300 mm,606200_,"24,914",593,0.40%,0.40%,"32,372",771,0.37%,0.36%,2.86%,2.37%,10,7,0.04%,1.18%,"107,96 €","73,87 €",7,4
B0F1ZF7H1L,B017DLFYYK,Arcos Cuchillo Queso Acero Inoxidable Blanco 145 mm,232824,"2,729",67,0.04%,0.05%,"3,254",87,0.04%,0.04%,36.79%,52.94%,7,0,0.26%,0.00%,"256,03 €","0,00 €",7,0
B017DMTEIG,B017DMTEIG,Arcos Utensilios Profesionales - Sierra de Carnicero - Hoja de Acero Inoxidable 430 mm - Mango de Polipropileno Color Negro,791800,289,10,0.00%,0.01%,410,13,0.00%,0.01%,46.44%,62.50%,7,2,2.42%,20.00%,"440,30 €","125,80 €",7,2
B0752VKJ4B,B072FGV2YH,Arcos Juego de 6 Cuchillos Mondadores Acero Inoxidable 100 mm,189100,"14,896",443,0.24%,0.30%,"22,343",732,0.25%,0.35%,4.58%,4.67%,9,0,0.06%,0.00%,"155,25 €","0,00 €",7,0
B0BXB18B8W,B07DFK4T6L,"Arcos Cuchillo Deshuesador Profesional - Hoja Silk Edge Acero Inoxidable Nitrum 160 mm, Precisión y Durabilidad, Mango Ergonómico POM Negro, Serie Manhattan",162600_,248,6,0.00%,0.00%,348,8,0.00%,0.00%,88.89%,100.00%,7,1,2.82%,16.67%,"194,53 €","26,59 €",7,1
B07G79YS6D,B07G79YS6D,"Arcos Serie Cuchillos de Mesa Caja 12 uds Cuchillo Chuletero, Hoja Filo de Acero Inoxidable NITRUM de 110 mm, Mango Madera comprimida Color marrón (12 UDS)",373200_fbm,491,16,0.01%,0.01%,700,23,0.01%,0.01%,84.54%,100.00%,8,0,1.63%,0.00%,"565,63 €","0,00 €",7,0
B09GSBSHMP,B07JJGTQK4,Arcos Conjunto Cuchillos 3 piezas - Acero Inoxidable Nitrum y Hoja mm. Cuchillo cocina profesional cocinar. 590 gr. Mango ergonómico polioximetileno POM. Serie Universal. Mayor control. Color negro.,807410_FBA,"2,595",43,0.04%,0.03%,"4,152",63,0.05%,0.03%,67.11%,75.00%,8,0,0.31%,0.00%,"336,67 €","0,00 €",7,0
B07JWG12BV,B07JWG12BV,Arcos Riviera Set 3 Cuchillos Forjados Acero Inoxidable Nitrum,807710_,711,8,0.01%,0.01%,"1,060",13,0.01%,0.01%,52.61%,100.00%,7,0,0.98%,0.00%,"482,23 €","0,00 €",7,0
B07MMFPNLK,B07MMFPNLK,"HENDI Placa eutéctica de Calor Profesional, GN 1/1, para Cajas térmicas, Elemento Calefactor, acumulador de Calor, Bloque térmico, Placa Caliente, 530x325x(H) 30mm, HDPE, Rojo",H707845,88,8,0.00%,0.01%,115,14,0.00%,0.01%,65.77%,15.38%,26,9,29.55%,112.50%,"1.332,50 €","461,25 €",7,2
B07MZHDK6L,B07MZHDK6L,"HENDI Descalcificador de agua, 8L",H231210,373,34,0.01%,0.02%,535,44,0.01%,0.02%,60.46%,29.17%,7,0,1.88%,0.00%,"832,26 €","0,00 €",7,0
B0FD46SGNM,B07N8V3SNH,"Arcos Cuchillo Tomate Forjado Acero Inoxidable 130 mm - Mango Ergonómico POM Negro, Borde Serrado para Rebanadas Perfectas - Serie Manhattan, Calidad Profesional",162000_,259,4,0.00%,0.00%,357,4,0.00%,0.00%,60.07%,100.00%,7,0,2.70%,0.00%,"169,75 €","0,00 €",7,0
B0FD46SGNM,B07N8W79GH,Arcos Manhattan Cuchillo Tallado Acero Inoxidable Nitrum 300 mm,162300_,171,5,0.00%,0.00%,232,8,0.00%,0.00%,95.19%,100.00%,9,0,5.26%,0.00%,"334,13 €","0,00 €",7,0
B0F147RFRT,B07N8WXGW7,Arcos Brooklyn - Cuchillo de Lenguado Cuchillo para Pescado - Acero Inoxidable Forjado NITRUM 170 mm - Mango Micarta Color Azul (Filo Seda),191423_,610,24,0.01%,0.02%,729,31,0.01%,0.01%,59.82%,68.42%,7,0,1.15%,0.00%,"251,93 €","0,00 €",7,0
B07N8WXGW7,B07N8WXGW7,Arcos Brooklyn - Cuchillo de Lenguado Cuchillo para Pescado - Acero Inoxidable Forjado NITRUM 170 mm - Mango Micarta Color Azul (Filo Seda),191423_,154,2,0.00%,0.00%,224,2,0.00%,0.00%,92.00%,100.00%,7,1,4.55%,50.00%,"251,93 €","35,99 €",7,1
B0843D965B,B0843D965B,Arcos Cuchillo Chef Acero Inoxidable. Cuchillo Cocina Profesional multipropósito para Cortar y Limpiar Verduras. Mango ergonómico polioximetileno y Hoja 210 mm. Serie Opera. Color Negro.,225100_fbm,368,6,0.01%,0.00%,544,7,0.01%,0.00%,96.72%,100.00%,7,0,1.90%,0.00%,"272,16 €","0,00 €",7,0
B0F147RFRT,B0843DNN57,Arcos Set Cuchillos Forjados 4 piezas (3 Cuchillos + 1 tijeras) - Acero Inoxidable Forjado NITRUM - Mango Micarta - Bloques Madera Color Azul. Serie Brooklyn. Impresiona yorprencon Cada Corte.,194000,"1,413",35,0.02%,0.02%,"1,956",45,0.02%,0.02%,94.45%,100.00%,7,0,0.50%,0.00%,"769,93 €","0,00 €",7,0
B08WR6CHHN,B08JC8DSP6,Arcos Cuchillos Chuleteros cuchillos chuleteros acero inoxidable filo liso juego cuchillos chuleteros | 6 PZAS cuchillo chuletero | Hoja 110 mm |cuchillos carne Envase Eco,815800,868,25,0.01%,0.02%,"1,295",30,0.01%,0.01%,99.65%,100.00%,8,1,0.92%,4.00%,"309,92 €","38,99 €",7,1
B09FQ5SZK8,B08MTXFWC9,Arcos Nordika Cuchillo Jamonero Acero Inoxidable 250 mm,166700_fbm,"1,872",62,0.03%,0.04%,"2,148",73,0.02%,0.03%,43.65%,48.48%,7,1,0.37%,1.61%,"209,93 €","29,99 €",7,1
B0CQLQ57BT,B08TX1652W,"Arcos Cazo Antiadherente 16 cm, Aluminio Fundido, Apto para Todas las Cocinas, Mango Ergonómico, Ahorro Energético, Lavavajillas, Negro/Azul, Serie Thera",719000,325,13,0.01%,0.01%,444,20,0.01%,0.01%,36.84%,55.56%,7,1,2.15%,7.69%,"162,07 €","23,54 €",7,1
B0CQM2K3QY,B08TX1D4LL,"ARCOS Thera Olla Grande de Cocina de 24 Cm y 4 L. Cacerola Alta para Inducción, Gas y Vitrocerámica. Olla de Aluminio Fundido con Tapa de Cristal y Mango Extraíble. Apta Lavavajillas. Color Negro Azul",718700,802,17,0.01%,0.01%,"1,055",23,0.01%,0.01%,43.31%,53.85%,7,0,0.87%,0.00%,"382,50 €","0,00 €",7,0
B0987KNJLQ,B0987KNJLQ,Arcos | cuchillos de mesa cuchillo mesa FILO LISO | 6 Piezas cuchillo chuletero | mango monoblock | Acero Inoxidable | Envase Eco,814100FBM,473,18,0.01%,0.01%,615,23,0.01%,0.01%,99.82%,100.00%,9,3,1.90%,16.67%,"269,91 €","89,97 €",7,2
B0FWM351K4,B09P8M12S3,"CUPERINOX® Couture Series - Tijera Costura Profesional 12,5 cm | Acero Inoxidable de Alta Precisión | Corte Fino y Duradero | Uso Doméstico y Profesional",21961,113,1,0.00%,0.00%,173,1,0.00%,0.00%,53.10%,100.00%,7,0,6.19%,0.00%,"52,63 €","0,00 €",7,0
B0B464Q8VS,B0B464Q8VS,CUPERINOX® Kitchen Pro | Tijeras de Cocina Profesional 21 cm Tijeras de Trinchar Carne y Pescado Acero Inoxidable Mango Ergonómico Apto Lavavajillas,21981,448,13,0.01%,0.01%,609,18,0.01%,0.01%,99.82%,100.00%,10,0,2.23%,0.00%,"96,40 €","0,00 €",7,0
B0C49YM5CJ,B0C49YM5CJ,Arcos Serie Nordika - Cuchillo Deba - Acero Inoxidable NITRUM - Hoja de 170 mm - Mango de Madera Ovengkol 100% natural de bosques certificados FSC® - Embalaje 100% reciclado,168100,308,10,0.00%,0.01%,418,17,0.00%,0.01%,85.25%,100.00%,7,0,2.27%,0.00%,"335,93 €","0,00 €",7,0
B0DB5X7S4H,B0DB5X7S4H,Arcos Serie Riviera - Juego Cuchillos Cocina 3 piezas (1 Cuchillo Mondador + 1 Santoku + 1 Cuchillo de Chef) - Hoja de Acero Inoxidable Forjado NITRUM - Mango de Polioximetileno (POM) - Color Negro,2340100,474,13,0.01%,0.01%,649,20,0.01%,0.01%,68.01%,57.14%,7,0,1.48%,0.00%,"699,93 €","0,00 €",7,0
B017HKJOF2,B000NOAYMM,Arcos Cuchillo Jamonero Acero Inoxidable 240 mm,281804,"1,848",43,0.03%,0.03%,"2,890",58,0.03%,0.03%,8.71%,17.65%,6,0,0.32%,0.00%,"101,94 €","0,00 €",6,0
B0752TVHLW,B0044R87I2,Arcos Conjunto Cuchillos 4 piezas (3 Cuchillos + 1 tijeras). Acero Inoxidable y Hoja mm. 1670 gr. Bloque madera pino. Mango ergonómico polioximetileno POM. Serie Universal. Mayor control. Color negro.,285000_us,453,2,0.01%,0.00%,579,4,0.01%,0.00%,93.94%,100.00%,6,0,1.32%,0.00%,"295,82 €","0,00 €",6,0
B017HKG9PK,B0044R87K0,Arcos Cuchillo Cocina Acero Inoxidable Negro 160 mm,151500_fbm,"30,445",777,0.49%,0.53%,"46,695","1,139",0.53%,0.54%,0.28%,1.12%,6,1,0.02%,0.13%,"90,20 €","14,75 €",6,1
B0752TVHLW,B0044R884U,Arcos Universal Cuchillo Santoku Acero POM Negro 170 mm,286004_us,285,6,0.00%,0.00%,401,7,0.00%,0.00%,47.61%,16.67%,7,2,2.46%,33.33%,"166,25 €","47,50 €",6,1
B07BDVLDBZ,B005LR690M,Arcos Cuchillo Rebanar y Jamón Acero Inoxidable 300 mm,231100_,333,8,0.01%,0.01%,481,8,0.01%,0.00%,66.51%,50.00%,6,0,1.80%,0.00%,"221,94 €","0,00 €",6,0
B0189HXASY,B005LR6C7C,Arcos Cuchillo Cocina Acero Inoxidable Negro 180 mm,233500_,"1,935",34,0.03%,0.02%,"2,956",42,0.03%,0.02%,43.81%,64.29%,6,0,0.31%,0.00%,"206,94 €","0,00 €",6,0
B0F1ZF7H1L,B005LR6FAG,"Arcos Cuchillo Cocina Forjado en Acero Inoxidable y Hoja de 200mm. Cuchillo Chef Profesional para Cortar Pescado, Carne y Cebolla. Mango Ergonómico Polioximetileno. Serie Riviera. Color Negro.",233600,"18,680",372,0.30%,0.25%,"26,876",549,0.30%,0.26%,9.32%,8.87%,6,0,0.03%,0.00%,"194,94 €","0,00 €",6,0
B017HKHR92,B005LR6H5O,Arcos Cuchillo Chef Forjado Acero Inoxidable. Cuchillo Cocina Profesional Multiusos Cortar Carne y Verduras. Mango Ergonómico Polioximetileno y Hoja 300mm. Serie Riviera. Color Negro.,233800_,722,24,0.01%,0.02%,885,25,0.01%,0.01%,42.98%,20.00%,6,0,0.83%,0.00%,"359,94 €","0,00 €",6,0
B0CWLP4H3Z,B005LR76KY,ARCOS Tijeras de Cocina Acero Inoxidable 195 mm,784901_barras_arcos,"13,579",438,0.22%,0.30%,"20,319",638,0.23%,0.30%,0.21%,1.97%,9,6,0.07%,1.37%,"76,41 €","50,94 €",6,3
B005LR78LQ,B005LR78LQ,ARCOS Forged Tijeras de Cocina Acero Inoxidable Forjado 225 mm,507100,193,9,0.00%,0.01%,261,11,0.00%,0.01%,67.97%,70.00%,6,1,3.11%,11.11%,"231,00 €","38,50 €",6,1
B017HKJ4T8,B007TS67OY,Arcos Cuchillo Chef Acero Inoxidable 155 mm,280404,"2,407",63,0.04%,0.04%,"3,844",93,0.04%,0.04%,7.26%,14.29%,6,0,0.25%,0.00%,"98,94 €","0,00 €",6,0
B017HKJ4T8,B007TS67OY,Arcos Cuchillo Chef Acero Inoxidable 155 mm,280404_fbm,"2,407",63,0.04%,0.04%,"3,844",93,0.04%,0.04%,7.26%,14.29%,6,0,0.25%,0.00%,"98,94 €","0,00 €",6,0
B0F1ZF7H1L,B00BHZPHSC,Arcos Riviera Blanc Cuchillo Jamonero Forjado Acero POM Blanco 250 mm,231024_,"4,093",134,0.07%,0.09%,"5,576",192,0.06%,0.09%,5.66%,10.34%,6,1,0.15%,0.75%,"195,63 €","27,68 €",6,1
B0F1ZF7H1L,B00BHZPJFI,Arcos Riviera Blanc Cuchillo Chef Forjado Acero Inoxidable 150 mm,233424_,"2,739",66,0.04%,0.04%,"3,576",88,0.04%,0.04%,9.96%,10.20%,6,0,0.22%,0.00%,"161,94 €","0,00 €",6,0
B00BQU0FB2,B00BQU0FB2,"HENDI Filtros de papel para cafetera de goteo, 1000 unidades, desechables, papel de filtro de café, ⌀245x(H)62mm, blanco",H208656,150,39,0.00%,0.03%,200,59,0.00%,0.03%,37.91%,13.73%,6,2,4.00%,5.13%,"250,50 €","83,50 €",6,2
B00J3ZVNM2,B00J3ZVNM2,Arcos Serie Toscana - Juego de Cucharas Moka (6 cucharas) - Monoblock de una pieza en Acero Inoxidable 18/10 y 115 mm - Color Plata,574100,"6,629",240,0.11%,0.16%,"10,677",358,0.12%,0.17%,1.31%,9.56%,10,8,0.15%,3.33%,"87,90 €","69,92 €",6,4
B0D1CYZT7H,B00JN2S0UI,HENDI Escurridor de patatas fritas de aluminio - Gris claro - diámetro400x(H)170 mm,H630006,199,14,0.00%,0.01%,277,19,0.00%,0.01%,78.49%,70.00%,6,1,3.02%,7.14%,"175,50 €","29,25 €",6,1
B017DLMC5Y,B017DLMC5Y,"Arcos Cuchillos para Postre de Acero Inoxidable 18/10, Monoblock de una Pieza, Hoja 205 mm, Juego de 3 Piezas, Serie Toscana, Ideal para Repostería y Cocina, Color Plata",574900_,716,34,0.01%,0.02%,"1,052",53,0.01%,0.03%,25.05%,25.71%,10,0,1.40%,0.00%,"164,90 €","0,00 €",6,0
B01DY57HXU,B01DY57HXU,"HENDI Combustible líquido, lata, con mecha, 24 unidades, sin hollín y sin olor, tiempo de combustión 6 horas, dietilenglicol puro, para calentadores de alimentos, calientaplatos, chafing dish, 200 gr",H193938,79,6,0.00%,0.00%,99,7,0.00%,0.00%,92.71%,85.71%,7,1,8.86%,16.67%,"379,75 €","54,25 €",6,1
B06Y66X8SW,B06Y66X8SW,CUPERINOX® Couture Series - Tijera Costura Profesional 10 cm | Acero Inoxidable de Alta Precisión | Corte Fino para Detalles y Acabados | Uso Doméstico y Profesional,21960_fba,162,3,0.00%,0.00%,223,3,0.00%,0.00%,87.06%,100.00%,6,0,3.70%,0.00%,"40,54 €","0,00 €",6,0
B071HVWQKP,B071HVWQKP,Arcos Cuchillos Mesa con Hoja Acero Inoxidable. Cuchillos Carne con Mango Madera Palisandro Marrón. Hoja. Corta Carne Asada. Clásicos y Elegantes. Cortein Esfuerzo. Serie Mesa. Color Marrón,373700,"3,070",80,0.05%,0.05%,"4,256",115,0.05%,0.05%,14.69%,21.62%,17,0,0.55%,0.00%,"265,58 €","0,00 €",6,0
B0752NT3TH,B072FGV2YB,Arcos Serie Prochef - Tijeras de Cocina - Hoja de Acero Inoxidable - 220 mm - Mango de Polipropileno Color Negro,185900,"1,918",48,0.03%,0.03%,"2,188",62,0.02%,0.03%,32.64%,9.52%,6,1,0.31%,2.08%,"149,94 €","24,99 €",6,1
B0788R5C2F,B0788R5C2F,Wins 019 Desincrustante Máquinas. Envase 5 L. Producto ácido para la eliminación de incrustaciones de cal y óxido en máquinas lavavajillas.,BM-7KH8-TWCU,267,8,0.00%,0.01%,337,9,0.00%,0.00%,98.04%,100.00%,6,0,2.25%,0.00%,"116,52 €","0,00 €",6,0
B07TYQJ4YX,B07D2VL8BP,HENDI Máquina para hacer pasta - 210x(H)340 mm,H224830,480,16,0.01%,0.01%,638,22,0.01%,0.01%,61.40%,53.33%,11,7,2.29%,43.75%,"403,48 €","256,76 €",6,2
B07D8H2FNG,B07D8H2FNG,Arcos Manhattan Cuchillo Pelador Forjado Acero Inoxidable 100 mm,160100_,237,3,0.00%,0.00%,346,4,0.00%,0.00%,75.47%,100.00%,6,0,2.53%,0.00%,"141,32 €","0,00 €",6,0
B0FR444FLT,B07DFNDYFM,Arcos Cuchillo pescado Forgedole Acero Inoxidable forjado. Mango Micarta y borseda especial con Hoja plateada 190 mm. Serie Manhattan. Color negro. Impresiona yorprencon cada corte.,161400_,333,3,0.01%,0.00%,418,3,0.00%,0.00%,96.92%,100.00%,6,0,1.80%,0.00%,"148,47 €","0,00 €",6,0
B07DPBX3QM,B07DPBX3QM,"HENDI Lámpara de Calor Colgante, Altura Ajustable, Cobre",H273890,444,90,0.01%,0.06%,629,147,0.01%,0.07%,22.60%,4.39%,11,1,2.48%,1.11%,"833,35 €","66,15 €",6,1
B07G76CQC2,B07G76CQC2,"Arcos Cuchillos de Mesa Caja de 24 uds Chuletero, Hoja de Acero Inoxidable Nitrum 110 mm, Mango de Nylon, Color Marrón (24 uds)",804000_24piezas,221,9,0.00%,0.01%,278,13,0.00%,0.01%,83.27%,100.00%,6,1,2.71%,11.11%,"269,94 €","44,99 €",6,1
B0752VCNQB,B07G77VNNM,"Arcos Serie Cuchillos de Mesa Caja 12 uds Cuchillo Chuletero, Hoja Filo de Acero Inoxidable de 110 mm, Cuchillo Monoblock Acero Inoxidable Color plata (12 UDS)",376500_fbm,545,20,0.01%,0.01%,652,28,0.01%,0.01%,44.24%,100.00%,6,2,1.10%,10.00%,"459,94 €","139,98 €",6,2
B0FR444FLT,B07JHPTKC9,"Arcos Set Jamonero 3 Piezas - Cuchillo Jamonero, Deshuesador y Chaira - Hoja Silk Edge Inoxidable Forjada NITRUM - Mango Resistente POM Negro - Corte Preciso y Duradero - Serie Manhattan",858500_,222,3,0.00%,0.00%,304,4,0.00%,0.00%,87.01%,50.00%,6,0,2.70%,0.00%,"436,93 €","0,00 €",6,0
B0BV37H1DN,B07N8TNDRV,Arcos Brooklyn Cuchillo Chef Forjado Acero Inoxidable 150 mm,190423_,368,7,0.01%,0.00%,530,9,0.01%,0.00%,77.42%,100.00%,6,0,1.63%,0.00%,"239,94 €","0,00 €",6,0
B07N8VHFLF,B07N8VHFLF,Arcos - Cubertería Burdeos Arcos 24 piezas,592400,"1,704",26,0.03%,0.02%,"2,255",35,0.03%,0.02%,99.80%,100.00%,9,0,0.53%,0.00%,"629,91 €","0,00 €",6,0
B0BXB18B8W,B07N8VLCQS,"Arcos Juego de Cuchillos Profesionales (4 Piezas) - Acero Inoxidable Nitrum, Precisión y Durabilidad, Mango Ergonómico POM Negro, Incluye Tijeras y Bloque de Madera, Serie Manhattan",163300_,425,13,0.01%,0.01%,528,17,0.01%,0.01%,92.19%,100.00%,6,1,1.41%,7.69%,"581,94 €","96,99 €",6,1
B0FQNZM34T,B0843DKXYN,Arcos Opera Cuchillo Jamonero Forjado Acero Inoxidable Nitrum 300 mm,226800_,436,9,0.01%,0.01%,528,13,0.01%,0.01%,70.56%,100.00%,6,1,1.38%,11.11%,"209,70 €","34,95 €",6,1
B0843PT8MC,B0843PT8MC,Arcos Cuchillo pelar Acero Inoxidable. Cuchillo cocina para pelar frutas y verduras. Mango ergonómico polioximetileno y Hoja 100 mm. Serie Opera. Color negro.,_225700_,149,3,0.00%,0.00%,206,4,0.00%,0.00%,48.94%,50.00%,6,1,4.03%,33.33%,"125,94 €","20,99 €",6,1
B0FQNZM34T,B0843SLMDX,Arcos Cuchillo Chef Acero Inoxidable. Cuchillo cocina profesional multipropósito para cortar y limpiar verduras. Mango ergonómico polioximetileno y Hoja 230 mm. Serie Opera. Color negro.,225200_fbm,402,12,0.01%,0.01%,471,15,0.01%,0.01%,73.50%,100.00%,6,1,1.49%,8.33%,"245,85 €","40,97 €",6,1
B0FQNZM34T,B0843V9Z1W,Arcos Cuchillo Santoku Acero Inoxidable Nitrum y Hoja 190 mm. Mango ergonómico polioximetileno POM. Diseño clásico y acabado redondeado gran belleza yolidez. Serie Opera. Color negro.,229900_fba,549,11,0.01%,0.01%,697,22,0.01%,0.01%,94.55%,100.00%,6,0,1.09%,0.00%,"221,94 €","0,00 €",6,0
B0DK3CM34K,B0862VPJ9H,"HENDI Cabezal de antorcha de cocina de llama continua, soplete flambeador, quemador, recargable con cartuchos de gas GLP 199039, mango ergonómico, versátil-seguro 360°, 185x65x(H)100mm, negro y verde",H198247,741,61,0.01%,0.04%,994,81,0.01%,0.04%,21.90%,13.85%,6,2,0.81%,3.28%,"143,96 €","51,48 €",6,2
B08VRP7CR7,B08G8M6QDS,Arcos Juego de Cuchillos chuleteros - Envase Ecologico 100% - 4 Cuchillos Carne - Cubiertos Mesa Acero Inoxidable,809500,785,13,0.01%,0.01%,"1,069",16,0.01%,0.01%,99.57%,100.00%,6,0,0.76%,0.00%,"118,50 €","0,00 €",6,0
B08QMBMN1G,B08QMBMN1G,Arcos Bolsa Cuchillos Bolsa Cuchillos Cocina Profesional Estuche Profesional Porta Cuchillos 5 pzas | 42 cm Largo | Asa para Transportar| Cuero Color Miel| Hebilla Ajustable,695100,727,18,0.01%,0.01%,917,19,0.01%,0.01%,80.98%,83.33%,6,1,0.83%,5.56%,"763,87 €","129,99 €",6,1
B09KJLG7BT,B098XWCFXT,CUPERINOX Jamonero Profesional | soporte de jamon | 5 Piezas | tabla jamonera | soporte jamonero | Kit Jamonero (tabla + cuchillo + afilador + pinza + cubre jamon,20229_,"4,055",68,0.07%,0.05%,"4,787",84,0.05%,0.04%,99.61%,100.00%,7,1,0.17%,1.47%,"383,09 €","54,99 €",6,1
B0DNBTJMLJ,B09ZHZDJRJ,FAMILIA VINCARE (DETERGENTE BIBERONES),DETERGENTE BIBERONES 500ML,359,6,0.01%,0.00%,468,6,0.01%,0.00%,0.94%,0.00%,6,0,1.67%,0.00%,"47,27 €","0,00 €",6,0
B0B464Q8VS,B0B464Q8VS,CUPERINOX® Kitchen Pro | Tijeras de Cocina Profesional 21 cm Tijeras de Trinchar Carne y Pescado Acero Inoxidable Mango Ergonómico Apto Lavavajillas,GL-GPOC-BFYF,448,13,0.01%,0.01%,609,18,0.01%,0.01%,99.82%,100.00%,6,0,1.34%,0.00%,"56,44 €","0,00 €",6,0
B0B4B6B16Z,B0B4B6B16Z,CUPERINOX | Tijeras de manicura para uñas | Tijera corta uñas de punta redondeada para las uñas de las manos | Fabricado en Acero Inoxidable 9 cm,21939,237,3,0.00%,0.00%,338,8,0.00%,0.00%,52.32%,87.50%,22,3,9.28%,100.00%,"216,78 €","29,97 €",6,1
B0C5X757TS,B0C5X757TS,Arcos Serie Lisboa - Cubertería de 24 piezas en Caja de Regalo (6 Cuchillos + 12 Cucharas + 6 Tenedores) - Monoblock de una pieza en Acero Inoxidable - Color Plata,597400,151,6,0.00%,0.00%,249,7,0.00%,0.00%,86.73%,100.00%,12,0,7.95%,0.00%,"1.055,88 €","0,00 €",6,0
B0G6M1C8V6,B0D4WK78XV,CUPERINOX Aceiteras para Aceite Usado | Grasera Acero Inoxidable 550ML con Filtro Metálico | Recipiente para Aceite Usado de Cocina y Grasa | Grasera Cocina Metálica 550ML 2Uds Metálico,22105y22106,942,10,0.02%,0.01%,"1,387",13,0.02%,0.01%,87.33%,100.00%,8,0,0.85%,0.00%,"95,92 €","0,00 €",6,0
B0DPKXM18X,B0DNQX2BZN,"CUPERINOX Soporte Jamonero Plegable | Jamonero Giratorio | Jamonero de Bambú con Cuchillo Profesional, Afilador y Funda para Jamón | Elite Collection",20270,"12,699",370,0.20%,0.25%,"17,533",480,0.20%,0.23%,99.08%,100.00%,6,1,0.05%,0.27%,"299,94 €","49,99 €",6,1
B0FJLTDB9J,B0F95HH915,"Alicates para pedicura, Profesional, Cortaúñas de Pies, Acero Inoxidable, Mango Ergonómico Antideslizante, Fácil Limpieza, Con Funda, 2 Años de Garantía (Cortauñas Grande)",A10001,119,2,0.00%,0.00%,138,2,0.00%,0.00%,99.09%,100.00%,7,0,5.88%,0.00%,"50,93 €","0,00 €",6,0
B0FH71NBJL,B0FH71NBJL,"VINFERMATÓN - Pack TRIPLE ACCIÓN Insecticida contra Moscas, Mosquitos, Cucarachas, Hormigas y Avispas - 6 ud",V9090,140,6,0.00%,0.00%,183,9,0.00%,0.00%,95.29%,100.00%,6,1,4.29%,16.67%,"160,39 €","24,99 €",6,1
B0F54LTCFF,B0015YKFPK,Arcos Universal Cuchillo Lenguado y Pescado Nitrum Negro 170 mm,284204,935,24,0.02%,0.02%,"1,026",25,0.01%,0.01%,13.36%,15.38%,6,0,0.64%,0.00%,"85,50 €","0,00 €",5,0
B0044R87V4,B0044R87V4,"Arcos Cuchillo Salmón y Pescado Acero Inoxidable 12""",242700_,137,2,0.00%,0.00%,220,2,0.00%,0.00%,64.80%,50.00%,5,0,3.65%,0.00%,"99,95 €","0,00 €",5,0
B0752XP113,B0044R886S,Arcos Conjunto carne con Hoja Acero Inoxidable Nitrum y mm. Mango ergonómico polioximetileno POM. Serie Mesa. Los bordeserrados los hacen perfectos cortar y picar carnes. Color plateado.,378000_,"2,508",64,0.04%,0.04%,"3,381",80,0.04%,0.04%,32.51%,31.82%,5,0,0.20%,0.00%,"200,61 €","0,00 €",5,0
B017HKJC2W,B007TS67GW,Arcos Cuchillo Cocina Acero Inoxidable 150 mm,281304,762,18,0.01%,0.01%,"1,322",26,0.01%,0.01%,14.19%,23.08%,6,0,0.79%,0.00%,"89,94 €","0,00 €",5,0
B0F54LTCFF,B007TS67GW,Arcos Cuchillo Cocina Acero Inoxidable 150 mm,281304_,"5,862",135,0.09%,0.09%,"7,755",174,0.09%,0.08%,3.81%,2.17%,5,0,0.09%,0.00%,"74,95 €","0,00 €",5,0
B017HKJC2W,B007TS67IU,"Arcos Cuchillo de Cocina Acero Inoxidable Nitrum 7""",281404_fbm,407,7,0.01%,0.00%,662,7,0.01%,0.00%,17.75%,0.00%,5,0,1.23%,0.00%,"81,25 €","0,00 €",5,0
B0F54LTCFF,B007TS67P8,Arcos Cuchillo Chef Acero Inoxidable 175 mm,280504_,"9,706",173,0.16%,0.12%,"13,695",230,0.16%,0.11%,1.07%,1.43%,5,0,0.05%,0.00%,"87,45 €","0,00 €",5,0
B0752TVHLW,B007TS67WG,Arcos Cuchillo Chef Acero Inoxidable 300 mm,280804,178,16,0.00%,0.01%,230,18,0.00%,0.01%,30.24%,7.69%,5,1,2.81%,6.25%,"148,75 €","29,75 €",5,1
B0F54LTCFF,B007TS68IO,Arcos Universal Cuchillo Carnicero Deshuesador Acero Inoxidable 180 mm,288300_fbm,"1,401",24,0.02%,0.02%,"1,665",28,0.02%,0.01%,17.76%,25.00%,5,0,0.36%,0.00%,"145,46 €","0,00 €",5,0
B0F54LTCFF,B007TS6GIG,Arcos Conjunto Cuchillos 6 piezas Acero Inoxidable Nitrum. 3760 gr. Bloque madera pino. Mango ergonómico polioximetileno POM. Serie Universal. Mayor control. Color negro.,285100_,"2,259",48,0.04%,0.03%,"2,771",54,0.03%,0.03%,37.44%,36.36%,5,0,0.22%,0.00%,"519,95 €","0,00 €",5,0
B00VRWR53K,B00VRWR53K,"Arcos Serie Universal, Macheta Cuchillo Carnicero, Hoja de Acero Inoxidable Nitrum 180 mm, Mango de Polioximetileno, Pom Color Negro",288100_,154,2,0.00%,0.00%,244,2,0.00%,0.00%,97.74%,100.00%,5,0,3.25%,0.00%,"197,95 €","0,00 €",5,0
B09ZLJL6JF,B00YU0JT2G,Arcos Serie Lyon - Cuchillo Mondador | Cuchillo Arcos - Hoja de Acero Inoxidable Forjado NITRUM de 100 mm - Mango de Polioximetileno (POM) - Color Negro,250200_,196,2,0.00%,0.00%,259,3,0.00%,0.00%,95.22%,100.00%,5,0,2.55%,0.00%,"105,30 €","0,00 €",5,0
B07BDRM2H8,B017DLFYYK,Arcos Cuchillo Queso Acero Inoxidable Blanco 145 mm,232824_,286,5,0.00%,0.00%,370,5,0.00%,0.00%,50.15%,33.33%,5,1,1.75%,20.00%,"189,95 €","37,99 €",5,1
B0752X1Z92,B01KZWSCSE,ARCOS Mochila para 9 Cuchillos de Cocina en Poliéster y PVC. Bolsa Portacuchillos Profesional para Almacenar y Transportar Utensilios de Cocina. 330 x 480 x 185 Mm. Color Negro,694900,86,0,0.00%,0.00%,151,0,0.00%,0.00%,92.91%,0.00%,5,0,5.81%,0.00%,"324,50 €","0,00 €",5,0
B0752NT3TH,B0728B9D8T,ARCOS Prochef Tijeras de Cocina Acero Inoxidable 220 mm,185901,"2,972",102,0.05%,0.07%,"3,475",113,0.04%,0.05%,6.72%,2.00%,5,0,0.17%,0.00%,"139,95 €","0,00 €",5,0
B07878SB8W,B07878SB8W,WINS – Fregasuelos Limpiador Amoniacal Pino 018 | Garrafa 5 L | Friegasuelos Perfumado para Suelos y Superficies Lavables | Uso General | 100% Made in Spain,WINS018,129,6,0.00%,0.00%,167,7,0.00%,0.00%,91.89%,100.00%,6,2,4.65%,33.33%,"76,60 €","24,80 €",5,1
B0799Z54MP,B0799Z54MP,CUPERINOX Tijeras Cocina Profesional |Mango ergonómico para máxima comodidad| Tijeras 21 cm |Tijeras de Trinchar | Tijeras Pollo | Tijera Pescado | Tijera Acero Inoxidable| Apto Lavavajillas,21982_,55,3,0.00%,0.00%,69,3,0.00%,0.00%,98.48%,100.00%,5,0,9.09%,0.00%,"49,95 €","0,00 €",5,0
B07B8MQZTW,B07B8MQZTW,Arcos Serie Riviera Rose - Cuchillo Mondador - Hoja de Acero Inoxidable Forjado NITRUM 100 mm - Mango de Polioximetileno (POM) Color Rosa,230254_,180,11,0.00%,0.01%,264,20,0.00%,0.01%,99.14%,100.00%,5,1,2.78%,9.09%,"124,95 €","24,99 €",5,1
B07BMGMVY4,B07BMGMVY4,Arcos Serie Riviera Rose - Cuchillo Cocinero - Hoja de Acero Inoxidable Forjado NITRUM 200 mm - Mango de Polioximetileno (POM) Color Rosa,233654_,228,4,0.00%,0.00%,362,5,0.00%,0.00%,98.67%,100.00%,5,0,2.19%,0.00%,"172,95 €","0,00 €",5,0
B0FR444FLT,B07C7YV74X,Arcos Manhattan Cuchillo Trinchar Acero Jamón y Carne 250 mm,161900,"1,076",26,0.02%,0.02%,"1,409",27,0.02%,0.01%,97.32%,100.00%,5,1,0.46%,3.85%,"168,88 €","28,92 €",5,1
B07TYQJ4YX,B07D2TFS1B,HENDI Máquina eléctrica para pasta,H224847,"2,120",56,0.03%,0.04%,"3,018",83,0.03%,0.04%,26.44%,12.73%,5,0,0.24%,0.00%,"1.045,00 €","0,00 €",5,0
B0D1CV1MT6,B07D9YVLP6,"HENDI Tabla de cortar con certificación HACCP 600x400 - Blanco, 600x400mm",H825600,383,32,0.01%,0.02%,447,38,0.01%,0.02%,71.38%,44.44%,5,1,1.31%,3.13%,"198,70 €","39,74 €",5,1
B0FD46SGNM,B07DC8JHV4,Arcos Cuchillo verduras Acero Inoxidable. Cuchillo profesional para pelar frutas y verduras. Mango ergonómico polioximetileno y Hoja 130 mm. Serie Manhattan. Color negro.,161100_,209,5,0.00%,0.00%,273,6,0.00%,0.00%,83.26%,50.00%,5,0,2.39%,0.00%,"122,45 €","0,00 €",5,0
B0BXB18B8W,B07DC8JHV4,Arcos Cuchillo verduras Acero Inoxidable. Cuchillo profesional para pelar frutas y verduras. Mango ergonómico polioximetileno y Hoja 130 mm. Serie Manhattan. Color negro.,161100_,407,16,0.01%,0.01%,545,21,0.01%,0.01%,92.89%,87.50%,5,0,1.23%,0.00%,"122,45 €","0,00 €",5,0
B0BXB18B8W,B07DQRFDMB,Arcos Manhattan Cuchillo Santoku Forjado Acero POM Negro 190 mm,161600_etq,725,16,0.01%,0.01%,"1,228",20,0.01%,0.01%,90.52%,83.33%,5,0,0.69%,0.00%,"170,51 €","0,00 €",5,0
B07G77ZS7D,B07G77ZS7D,"Arcos Serie Cuchillos de Mesa Caja 12 uds Cuchillo Chuletero, Hoja Serrada de Acero Inoxidable NITRUM de 110 mm, Mango Madera comprimida Color marrón (12 UDS)",371501_fbm,165,5,0.00%,0.00%,238,6,0.00%,0.00%,80.84%,100.00%,6,2,3.64%,40.00%,"289,94 €","89,98 €",5,1
B07MDGR8G1,B07MDGR8G1,CUPERINOX® Couture Series - Tijera Costura Profesional 15 cm | Acero Inoxidable Irrompible | Mango Ergonómico Antideslizante | Corte Preciso y Duradero,21950_us,128,4,0.00%,0.00%,223,6,0.00%,0.00%,68.50%,83.33%,211,209,164.84%,"5,225.00%","1.685,89 €","1.669,91 €",5,3
B07N8VHFLF,B07N8VHFLF,Arcos - Cubertería Burdeos Arcos 24 piezas,592400_,"1,704",26,0.03%,0.02%,"2,255",35,0.03%,0.02%,99.80%,100.00%,6,0,0.35%,0.00%,"377,94 €","0,00 €",5,0
B0FY5CB86K,B07N8WHPP7,"Arcos Lira de Queso Profesional - Corte Preciso para Quesos - Estructura y Mango de Acero Inoxidable, 210 mm - Herramienta de Cocina Esencial, Color Gris",795100,178,5,0.00%,0.00%,211,7,0.00%,0.00%,95.81%,100.00%,6,1,3.37%,20.00%,"137,70 €","22,95 €",5,1
B07N8WPHN7,B07N8WPHN7,"Arcos Serie Clasica, Juego de Cuchillos de 4 piezas en Caja de Regalo, 3 Cuchillos + Tijera, Hoja de Acero Inoxidable Forjado Nitrum, Mango de Polioximetileno, POM, Bloque de madera color Marrón",258700_2,401,5,0.01%,0.00%,597,6,0.01%,0.00%,98.84%,100.00%,5,0,1.25%,0.00%,"375,95 €","0,00 €",5,0
B07Q6FZTR2,B07Q6FZTR2,"HENDI Lavavajillas industrial, para cestas 40x40cm, con control electromecánico, máquina lavaplatos lavavasos lavacopas, 230V, 2800W, 470x510x(H)710mm, acero inoxidable",H230299,155,18,0.00%,0.01%,201,22,0.00%,0.01%,94.51%,100.00%,5,3,3.23%,16.67%,"7.575,00 €","4.575,00 €",5,3
B09GBJKQHR,B07YYDR6D8,Arcos Juego de Cuchillos de Cocina. 3 piezas de Acero Inoxidable forjado. Impresiona yorprencon cada corte. Mango Micarta azul. Serie Brooklyn. Color Azul.,858110,"3,076",46,0.05%,0.03%,"4,711",59,0.05%,0.03%,69.58%,67.57%,5,0,0.16%,0.00%,"478,86 €","0,00 €",5,0
B0FR444FLT,B07YYDR6D8,Arcos Juego de Cuchillos de Cocina. 3 piezas de Acero Inoxidable forjado. Impresiona yorprencon cada corte. Mango Micarta azul. Serie Brooklyn. Color Azul.,858110,"7,079",114,0.11%,0.08%,"9,921",177,0.11%,0.08%,95.13%,92.63%,5,0,0.07%,0.00%,"490,41 €","0,00 €",5,0
B0FQNZM34T,B0843D965B,Arcos Cuchillo Chef Acero Inoxidable. Cuchillo Cocina Profesional multipropósito para Cortar y Limpiar Verduras. Mango ergonómico polioximetileno y Hoja 210 mm. Serie Opera. Color Negro.,225100_fbm,422,7,0.01%,0.00%,503,11,0.01%,0.01%,96.41%,100.00%,5,0,1.18%,0.00%,"194,40 €","0,00 €",5,0
B0FQNZM34T,B0843DFWRQ,"Arcos Cuchillo Chef Acero Inoxidable. Cuchillo cocina profesional cortar carne, pescado, aves, frutas y verduras. Mango ergonómico polioximetileno y Hoja 140 mm. Serie Opera. Color negro.",224900_fbm,445,4,0.01%,0.00%,496,6,0.01%,0.00%,67.41%,100.00%,5,0,1.12%,0.00%,"122,90 €","0,00 €",5,0
B0FQNZM34T,B0843DGXDP,Arcos Opera Cuchillo Jamonero Forjado Acero Inoxidable Nitrum 250 mm,226700_,438,11,0.01%,0.01%,548,15,0.01%,0.01%,88.82%,100.00%,5,0,1.14%,0.00%,"146,95 €","0,00 €",5,0
B0FQNZM34T,B0843T2DL9,Arcos Juego cocina 3 pzas. Serie Ópera + Tijeras + Taco,228700_us,420,7,0.01%,0.00%,503,8,0.01%,0.00%,57.86%,100.00%,5,0,1.19%,0.00%,"422,96 €","0,00 €",5,0
B084TL25TZ,B084TL25TZ,HENDI Estante para rejillas para pizza/sartenes (14 ranuras) - 300x305x(H)680 mm,H810361,67,4,0.00%,0.00%,87,5,0.00%,0.00%,93.67%,66.67%,6,0,8.96%,0.00%,"358,50 €","0,00 €",5,0
B0CQLP3WHM,B08TWYW899,"Arcos Thera Sarten Grill Antiadherente de 24x24 Cm para Inducción, Gas y Vitrocerámica. Grill de Aluminio Fundido con Mango Ergonómico Extraíble y Apta para Lavavajillas. Color Negro y Azul",719300,444,10,0.01%,0.01%,616,13,0.01%,0.01%,54.85%,75.00%,5,0,1.13%,0.00%,"165,14 €","0,00 €",5,0
B09P8M12S3,B09P8M12S3,"CUPERINOX® Couture Series - Tijera Costura Profesional 12,5 cm | Acero Inoxidable de Alta Precisión | Corte Fino y Duradero | Uso Doméstico y Profesional",21961,344,9,0.01%,0.01%,439,14,0.00%,0.01%,16.42%,100.00%,12,10,3.49%,111.11%,"80,83 €","63,85 €",5,3
B0FWK4CNH3,B0B42QTHTP,CUPERINOX | Tijeras de pescado 18 cm | Tijeras Cocina | tijeras de cocinero profesional para aves pescado carne caza| Accesorios de cocina,21991,125,8,0.00%,0.01%,169,10,0.00%,0.00%,81.70%,100.00%,6,3,4.80%,37.50%,"43,44 €","19,47 €",5,2
B0B46BW9GK,B0B46BW9GK,"CUPERINOX® Kitchen Pro - Tijeras Cocina Profesional | Mango Negro Ambidiestro | Acero Inoxidable de Calidad | Para Pollo, Pescado, Carne y Verduras | Apto Lavavajillas",21985,58,1,0.00%,0.00%,74,1,0.00%,0.00%,100.00%,100.00%,5,0,8.62%,0.00%,"49,95 €","0,00 €",5,0
B0CS6V91GR,B0CS6V91GR,CUPERINOX® Cuchillos de Mesa con Mango de Madera – Set 6 Cuchillos para Carne con Filo Dentado – Estilo Palmadera tradicional – Aptos para Uso Diario,14015,163,1,0.00%,0.00%,232,1,0.00%,0.00%,98.60%,100.00%,6,0,3.68%,0.00%,"105,94 €","0,00 €",5,0
B0DB2647JX,B0DB2647JX,Repelente de insectos VINFERMATON | Mosquitos y garrapatas | 0% DEET | Apto para niños 1 año | Protección 8 horas,V501100,119,5,0.00%,0.00%,161,5,0.00%,0.00%,93.96%,100.00%,7,3,5.88%,60.00%,"58,97 €","25,47 €",5,1
B0DNT3NVG8,B0DNT3NVG8,"CUPERINOX Taza de Viaje 280 ml Térmica con Tapa Hermética, Acero Inoxidable y Aislamiento para Café o Té, Ideal para Llevar y Mantener Bebidas Calientes o Frías|Thermal Collection",26001,175,5,0.00%,0.00%,253,7,0.00%,0.00%,100.00%,100.00%,5,0,2.86%,0.00%,"72,20 €","0,00 €",5,0
B0DT6ZPGVQ,B0DT6ZPGVQ, ,27008,121,10,0.00%,0.01%,166,18,0.00%,0.01%,100.00%,100.00%,5,2,4.13%,20.00%,"69,87 €","25,90 €",5,2
B0F9L19CF8,B0F9L19CF8,Set de Cortauñas Profesional,A10002,40,0,0.00%,0.00%,51,0,0.00%,0.00%,100.00%,0.00%,5,0,12.50%,0.00%,"33,93 €","0,00 €",5,0
B0FJLTDB9J,B0FB98PM7Z,CUPERINOX® Beauty Care – Pack 3 Cortauñas de Precisión | Alicate + Cortaúñas Mediano + Cortaúñas con Llavero | Acero Inoxidable Profesional | Manicura y Pedicura | Hombre y Mujer,21920+21931+21932,301,7,0.00%,0.00%,366,8,0.00%,0.00%,99.68%,100.00%,5,0,1.66%,0.00%,"64,95 €","0,00 €",5,0
B0FJRVHBWH,B0FHKVSJNR,"CUPERINOX Tijeras peluqueria profesional 16,5cm | Tijeras corte pelo afiladas precisas hombre mujer barbero estilista | Acero inoxidable duradero | Acabado titanio elegante | Ideal uso doméstico y sal",21862,58,1,0.00%,0.00%,94,7,0.00%,0.00%,100.00%,100.00%,5,3,8.62%,300.00%,"49,95 €","29,97 €",5,3
B0DKP7F29P,B0FS7XZKVF,"Arcos Sartén Samoa Inox 20 cm, Acero inoxidable tricapa sin PFAS",726100,517,10,0.01%,0.01%,615,14,0.01%,0.01%,86.56%,100.00%,5,1,0.97%,10.00%,"174,75 €","34,95 €",5,1
B0752TVHLW,B000NOAYMM,Arcos Cuchillo Jamonero Acero Inoxidable 240 mm,281804_fba,285,6,0.00%,0.00%,384,6,0.00%,0.00%,48.97%,75.00%,4,0,1.40%,0.00%,"65,96 €","0,00 €",4,0
B017HKJ4T8,B0044R881I,Arcos Serie Universal - Cuchillo Cocinero - Hoja de Acero Inoxidable NITRUM 100 mm - Mango de Polioximetileno (POM) Color Negro,280204_,"3,954",71,0.06%,0.05%,"5,220",106,0.06%,0.05%,6.38%,8.70%,4,0,0.10%,0.00%,"51,96 €","0,00 €",4,0
B0050G2IOU,B0050G2IOU,"HENDI Sartén eléctrica multiusos, paellera cazuela olla plancha, de fiestas, revestimiento antiadherente, termostato, con tapa, interior: ø40cm profundidad: 5cm, 230V, 1400W, ø500x(H)190mm, aluminio",H239506,793,27,0.01%,0.02%,"1,047",42,0.01%,0.02%,66.67%,41.18%,4,0,0.50%,0.00%,"214,98 €","0,00 €",4,0
B0F1ZF7H1L,B005LR6BEQ,Arcos Cuchillo Filetear Acero Inoxidable Nitrum 200 mm,233000_,"4,511",111,0.07%,0.08%,"6,022",147,0.07%,0.07%,1.44%,2.53%,4,0,0.09%,0.00%,"103,96 €","0,00 €",4,0
B017HKHR92,B005LR6FAG,"Arcos Cuchillo Cocina Forjado en Acero Inoxidable y Hoja de 200mm. Cuchillo Chef Profesional para Cortar Pescado, Carne y Cebolla. Mango Ergonómico Polioximetileno. Serie Riviera. Color Negro.",233600,"3,675",77,0.06%,0.05%,"5,572",114,0.06%,0.05%,2.46%,2.53%,4,0,0.11%,0.00%,"129,96 €","0,00 €",4,0
B0822MXSQQ,B005LR6T48, ,276900_fbm,48,1,0.00%,0.00%,84,1,0.00%,0.00%,75.00%,0.00%,4,0,8.33%,0.00%,"73,96 €","0,00 €",4,0
B005LR6ZJM,B005LR6ZJM,Arcos Cuchillo Verduras Acero Inoxidable 110 mm,135200,"1,414",40,0.02%,0.03%,"2,046",61,0.02%,0.03%,2.11%,0.00%,7,0,0.50%,0.00%,"55,93 €","0,00 €",4,0
B00XJBJO4K,B005LRSJK0,"Arcos Guantes de Protección de Malla - Acero Inoxidable Anticorte para Cocina - Tamaño L 270 mm - Certificación EN 420, EN 10827 - Seguridad y Durabilidad",615400,102,4,0.00%,0.00%,119,6,0.00%,0.00%,79.28%,66.67%,4,0,3.92%,0.00%,"519,60 €","0,00 €",4,0
B07BDVL8SH,B007TS679O,Arcos Universal Cuchillo Pelar Remaches Acero POM Negro 3 pulg,281004_pp,484,13,0.01%,0.01%,759,27,0.01%,0.01%,12.91%,17.39%,10,5,2.07%,38.46%,"119,90 €","59,95 €",4,1
B017HKJ4T8,B007TS67Q2,Arcos Cuchillo Chef Acero Inoxidable 120 mm,280304,"3,206",83,0.05%,0.06%,"5,034",129,0.06%,0.06%,2.35%,1.22%,4,0,0.12%,0.00%,"52,62 €","0,00 €",4,0
B0F54LTCFF,B00BHZPITA,Arcos Universal Cuchillo Carnicero Acero Inoxidable Nitrum 200 mm,288400_fbm,"1,751",50,0.03%,0.03%,"1,958",51,0.02%,0.02%,23.09%,27.27%,4,0,0.23%,0.00%,"144,48 €","0,00 €",4,0
B07BDQNMT7,B00BHZPKEI,Arcos Cuchillo Blanco 100 mm,230224_,965,24,0.02%,0.02%,"1,450",34,0.02%,0.02%,6.85%,11.76%,6,0,0.62%,0.00%,"119,94 €","0,00 €",4,0
B00BQU1EQ2,B00BQU1EQ2,"HENDI Exprimidor de cítricos, eléctrico, protección contra salpicaduras, 1500 rpm, 3 conos exprimidores ABS diferentes, 230V, 180W, 308x218x(463), acero inoxidable, policarbonato, plástico ABS",H221204,107,17,0.00%,0.01%,136,25,0.00%,0.01%,57.94%,37.50%,4,1,3.74%,5.88%,"792,00 €","198,00 €",4,1
B0DK3FSR9B,B00GZR3JD2,"HENDI Sifón de Nata, con 3 boquillas Diferentes, Soporte para el Cargador y Cepillo de Limpieza, para Nata montada, mousses, postres, 0,95L, ø95x(H) 320mm, Aluminio, Blanco",H588376,262,16,0.00%,0.01%,361,21,0.00%,0.01%,40.12%,14.29%,5,2,1.91%,12.50%,"209,75 €","83,90 €",4,2
B017HKGEFK,B00J64GBXQ,Arcos Cuchillo pelar Acero Inoxidable Nitrum. Cuchillo pelar para pelar frutas y verduras. Mango madera y Hoja 100 mm. Resistente al óxido y al desgaste. Serie Natura. Color marrón.,155010_,134,1,0.00%,0.00%,183,1,0.00%,0.00%,92.64%,0.00%,4,0,2.99%,0.00%,"91,96 €","0,00 €",4,0
B0F1ZF7H1L,B00J64GECY,Arcos Cuchillo de Cocina Acero Inoxidable 130 mm,231524_,"3,045",98,0.05%,0.07%,"3,621",115,0.04%,0.05%,5.78%,17.02%,4,0,0.13%,0.00%,"93,96 €","0,00 €",4,0
B07BDRS33L,B00J64GECY,Arcos Cuchillo de Cocina Acero Inoxidable 130 mm,231524_,392,11,0.01%,0.01%,522,16,0.01%,0.01%,27.98%,9.09%,4,0,1.02%,0.00%,"93,96 €","0,00 €",4,0
B07BDVLDBZ,B00J64GI4S,Arcos Riviera Blanc Cuchillo Jamonero Forjado POM Blanco 300 mm,231124_,165,6,0.00%,0.00%,219,7,0.00%,0.00%,64.58%,50.00%,4,0,2.42%,0.00%,"147,96 €","0,00 €",4,0
B0F54LTCFF,B00J64GMWQ,Arcos Universal Cuchillo Chef Granton Acero Inoxidable Nitrum 200 mm,280601_us,"5,429",107,0.09%,0.07%,"6,691",125,0.08%,0.06%,2.06%,6.67%,5,2,0.09%,1.87%,"107,75 €","41,78 €",4,1
B01418E5ZC,B01418E5ZC,"HENDI Cubitera para botellas, enfriador de bebidas tipo champanera, BarUp, 9,5L, ⌀350x(H)230mm, acero inoxidable",H471524,173,9,0.00%,0.01%,296,20,0.00%,0.01%,35.69%,16.67%,4,0,2.31%,0.00%,"97,96 €","0,00 €",4,0
B017DLDM3A,B017DLDM3A,Arcos Cuchillo Mondador Madera 65 mm,100100_us,"2,819",75,0.05%,0.05%,"4,214",135,0.05%,0.06%,1.62%,3.45%,4,0,0.14%,0.00%,"22,14 €","0,00 €",4,0
B017DLMC7C,B017DLMC7C,Arcos Serie Toscana - Juego de Cuchillos de Lunch (3 cuchillos) - Monoblock de una pieza en Acero Inoxidable 18/10 y 185 mm - Color Plata,574800,591,7,0.01%,0.00%,778,10,0.01%,0.00%,28.39%,40.00%,7,0,1.18%,0.00%,"111,93 €","0,00 €",4,0
B01MQDCZTB,B01MQDCZTB,"HENDI Carro bandejero con Superficie de Trabajo, 7 x GN 1/1, Capacidad de Carga 70 kg, 445x615x(H) 945mm, Acero Inoxidable",H810668,213,35,0.00%,0.02%,316,55,0.00%,0.03%,45.93%,13.95%,4,1,1.88%,2.86%,"796,00 €","199,00 €",4,1
B07TXLLGJX,B06XRYBCZQ,HENDI Placa de inducción de sobremesa profesional 3500 D XL,H239698,526,30,0.01%,0.02%,677,45,0.01%,0.02%,57.19%,20.00%,5,2,0.95%,6.67%,"1.409,80 €","563,92 €",4,1
B06Y66X8SW,B06Y66X8SW,CUPERINOX® Couture Series - Tijera Costura Profesional 10 cm | Acero Inoxidable de Alta Precisión | Corte Fino para Detalles y Acabados | Uso Doméstico y Profesional,21960,162,3,0.00%,0.00%,223,3,0.00%,0.00%,87.06%,100.00%,4,1,2.47%,33.33%,"27,96 €","6,99 €",4,1
B0711S58TQ,B0711S58TQ,Juego cuchillos Arcos profesional | cuchillos cocina | cuchillos arcos clasicos |6 pzas | negro | 842300,_842300_,767,30,0.01%,0.02%,"1,033",44,0.01%,0.02%,99.01%,100.00%,4,0,0.52%,0.00%,"563,96 €","0,00 €",4,0
B0F1N351DY,B071P2B7X5,Arcos Set 3 Cuchillos Peladores Acero Inoxidable,189622_,"14,955",285,0.24%,0.19%,"22,062",432,0.25%,0.20%,0.08%,4.49%,5,4,0.03%,1.40%,"50,97 €","39,98 €",4,3
B071S7PRTZ,B071S7PRTZ,"Arcos Riviera Blanc, Set Jamonero de 2 piezas, Acero Inoxidable Forjado, Mango POM, Color Blanco",852000_,204,4,0.00%,0.00%,298,5,0.00%,0.00%,90.73%,100.00%,4,0,1.96%,0.00%,"167,96 €","0,00 €",4,0
B0752NT3TH,B0728B9JD9,Arcos Serie Prochef - Tijeras de Cocina - Hoja de Acero Inoxidable - 215 mm - Mango de Polipropileno Color verde y negro,185621,244,6,0.00%,0.00%,302,7,0.00%,0.00%,42.86%,0.00%,4,0,1.64%,0.00%,"35,96 €","0,00 €",4,0
B0728B9JLB,B0728B9JLB,Arcos Cuchillo carne/mesa con Hoja Acero Inoxidable Nitrum 110 mm. Mango ergonómico polioximetileno POM. Los bordeserrados los hacen perfectos para cortar. Serie Mesa. Color azul.,373723,"2,737",53,0.04%,0.04%,"4,019",83,0.05%,0.04%,10.24%,22.00%,11,0,0.40%,0.00%,"179,19 €","0,00 €",4,0
B0752NT3TH,B072BX2S9G,ARCOS Prochef Tijeras de Cocina Acero Inoxidable 215 mm,185625,979,25,0.02%,0.02%,"1,423",34,0.02%,0.02%,7.67%,0.00%,8,5,0.82%,20.00%,"74,00 €","46,25 €",4,1
B072BX31NY,B072BX31NY,Arcos Cuchillo de Mesa Forjado Acero Inoxidable Nitrum 100 mm,373728_1pieza,917,16,0.01%,0.01%,"1,241",20,0.01%,0.01%,40.26%,62.50%,4,0,0.44%,0.00%,"67,96 €","0,00 €",4,0
B0761194MW,B0761194MW,VINFER Wins 020 Desengrasante Concentrado Profesional para la Limpieza de planchas de Cocina y hornos. Botella 5 Lt,WINS020,49,1,0.00%,0.00%,66,1,0.00%,0.00%,89.23%,100.00%,4,0,8.16%,0.00%,"70,96 €","0,00 €",4,0
B096SH9V9K,B077V9MG3F,"Arcos Serie Riviera Blanc - Set de Deshuesador, Jamonero y Chaira, Acero Inoxidable, Blanco, 50x20x5 cm, 3 Unidades",_807511_,"2,890",79,0.05%,0.05%,"4,365",119,0.05%,0.06%,1.58%,0.00%,4,0,0.14%,0.00%,"259,96 €","0,00 €",4,0
B07B8MQZTW,B07B8MQZTW,Arcos Serie Riviera Rose - Cuchillo Mondador - Hoja de Acero Inoxidable Forjado NITRUM 100 mm - Mango de Polioximetileno (POM) Color Rosa,230254,180,11,0.00%,0.01%,264,20,0.00%,0.01%,99.14%,100.00%,4,0,2.22%,0.00%,"77,96 €","0,00 €",4,0
B07C7YV74X,B07C7YV74X,Arcos Manhattan Cuchillo Trinchar Acero Jamón y Carne 250 mm,161900_,191,5,0.00%,0.00%,260,8,0.00%,0.00%,52.38%,33.33%,4,0,2.09%,0.00%,"140,54 €","0,00 €",4,0
B07TXLLKPD,B07D4TDV32,"HENDI Cortador eléctrico para kebab, shawarma, gyros, corte ajustable 0-8mm, cuchilla: 2600 rpm, cuchillo eléctrico profesional para cortar carne, 80W, 60kg/h, 230V, 202x125x(H)182mm, acero inoxidable",H267240,138,8,0.00%,0.01%,211,10,0.00%,0.00%,53.01%,0.00%,5,2,3.62%,25.00%,"743,75 €","297,50 €",4,1
B07DC8MD56,B07DC8MD56,"HENDI Rejilla de asador, GN 1/1, de acero inoxidable cromado, 325x530mm, para todas las parrillas, grill, barbacoas Green Fire de HENDI",H939949,454,43,0.01%,0.03%,654,76,0.01%,0.04%,17.40%,17.91%,11,4,2.42%,9.30%,"230,89 €","83,96 €",4,2
B0FD46SGNM,B07DFNDYFM,Arcos Cuchillo pescado Forgedole Acero Inoxidable forjado. Mango Micarta y borseda especial con Hoja plateada 190 mm. Serie Manhattan. Color negro. Impresiona yorprencon cada corte.,161400_,161,3,0.00%,0.00%,210,4,0.00%,0.00%,97.45%,100.00%,4,1,2.48%,33.33%,"103,96 €","25,99 €",4,1
B07G78Y7FB,B07G78Y7FB,"Arcos Serie Cuchillos de Mesa Caja 12 uds Cuchillo Chuletero, Hoja Serrada de Acero Inoxidable NITRUM de 110 mm, Mango Madera comprimida Color marrón (12 UDS)",371500_fbm,342,10,0.01%,0.01%,482,21,0.01%,0.01%,52.22%,42.86%,4,0,1.17%,0.00%,"199,96 €","0,00 €",4,0
B0FD46SGNM,B07JJGXYZD,Arcos Set Cocina Serie Manhattan,858100_,"1,286",28,0.02%,0.02%,"1,780",36,0.02%,0.02%,97.36%,100.00%,4,0,0.31%,0.00%,"331,96 €","0,00 €",4,0
B07N8WHPP7,B07N8WHPP7,"Arcos Lira de Queso Profesional - Corte Preciso para Quesos - Estructura y Mango de Acero Inoxidable, 210 mm - Herramienta de Cocina Esencial, Color Gris",795100,44,3,0.00%,0.00%,62,3,0.00%,0.00%,87.50%,100.00%,8,6,18.18%,200.00%,"183,60 €","137,70 €",4,2
B085SP2NWD,B07N9C9NG4,"HENDI Caja para masa de pizza y de pan, 24L, caja de fermentación, apilable, sin tapa, apta para alimentos, recipiente contenedor porta masa alimentos, sin BPA, 600x400x(H) 130mm, HDPE",H880920,767,68,0.01%,0.05%,"1,106",98,0.01%,0.05%,2.59%,3.80%,4,0,0.52%,0.00%,"88,32 €","0,00 €",4,0
B07YXBK4HD,B07YXBK4HD,Arcos Riviera Set 3 Cuchillos de Corte Acero Inoxidable Nitrum,806911_,356,5,0.01%,0.00%,613,9,0.01%,0.00%,19.89%,0.00%,4,0,1.12%,0.00%,"279,96 €","0,00 €",4,0
B0843DGXDP,B0843DGXDP,Arcos Opera Cuchillo Jamonero Forjado Acero Inoxidable Nitrum 250 mm,226700_,169,3,0.00%,0.00%,301,3,0.00%,0.00%,26.72%,0.00%,4,0,2.37%,0.00%,"115,96 €","0,00 €",4,0
B0843VGDCV,B0843VGDCV,"Arcos Cuchillo Santoku Acero Inoxidable. Cuchillo japonés afilado para pescado, carne y verduras. Mango ergonómico polioximetileno y Hoja 140 mm. Serie Opera. Color negro.",226900_fbm,321,10,0.01%,0.01%,436,21,0.00%,0.01%,98.77%,100.00%,4,1,1.25%,10.00%,"107,96 €","26,99 €",4,1
B0987KNJLQ,B0987KNJLQ,Arcos | cuchillos de mesa cuchillo mesa FILO LISO | 6 Piezas cuchillo chuletero | mango monoblock | Acero Inoxidable | Envase Eco,814100_fba,473,18,0.01%,0.01%,615,23,0.01%,0.01%,99.82%,100.00%,5,2,1.06%,11.11%,"139,55 €","49,58 €",4,1
B0FJRVHBWH,B09P8KYJFW,"CUPERINOX Tijeras peluqueria profesional 16,5cm | Tijeras entresacar dentadas vaciar pelo texturizar cabello | Barbero estilista hombre mujer | afiladas acero inoxidable | Uso doméstico y salón",21864,129,6,0.00%,0.00%,187,6,0.00%,0.00%,88.95%,100.00%,4,1,3.10%,16.67%,"39,96 €","9,99 €",4,1
B0B2RGCWLL,B0B2RGCWLL,"HENDI Cesta para Freír, 8L, 238x190x(H)140mm",H930656,660,82,0.01%,0.06%,"1,045",141,0.01%,0.07%,6.73%,0.93%,5,0,0.76%,0.00%,"172,95 €","0,00 €",4,0
B0DG2QX9YD,B0DG2QX9YD,"HENDI Dispensador isotérmico de bebidas, 9L",H425336,496,41,0.01%,0.03%,776,71,0.01%,0.03%,31.84%,19.23%,5,3,1.01%,7.32%,"278,43 €","168,75 €",4,2
B0DG2RQFHP,B0DG2RQFHP,"HENDI Bandeja de horno GN 1/1 Convectomat – 8 moldes redondos – para huevos fritos, tortillas, panqueques, crepes – Revestimiento antiadherente – 260°C – 530x325x(H) 26mm – Acero inoxidable",H808856,67,3,0.00%,0.00%,81,5,0.00%,0.00%,61.84%,0.00%,13,1,19.40%,33.33%,"588,25 €","45,25 €",4,1
B0DKP68T32,B0DJBZPC79,Arcos Serie Eclipse - Cuchillo Cocinero - Hoja de Acero Inoxidable Forjado con Filo Seda Plus de 150 mm - Pulido Brillo Especial - Mango Acrílico - Color Negro,213400_,710,9,0.01%,0.01%,849,9,0.01%,0.00%,68.97%,71.43%,4,0,0.56%,0.00%,"253,96 €","0,00 €",4,0
B0DNNL6D3J,B0DNNL6D3J,Cuperinox Afilador Cuchillos | Afilador de Cuchillos Profesional | Knife Sharpener | Afilador 3 etapas | Todo tipo de cuchillos de acero y ceramica incluso cuchillo jamonero | Base Antideslizante,20775_,190,4,0.00%,0.00%,254,4,0.00%,0.00%,73.01%,100.00%,4,0,2.11%,0.00%,"47,96 €","0,00 €",4,0
B0FJLTDB9J,B0F9LGKSXC,CUPERINOX Set 4 Herramientas Manicura y Pedicura|Alicate Pedicuro+Cortauñas Grande+Cortaúñas Mediano con Llavero+Tijera Punta Redonda|Acero Inoxidable Profesional|Uso Doméstico y Viaje,A10003,327,7,0.01%,0.00%,357,7,0.00%,0.00%,99.31%,100.00%,4,0,1.22%,0.00%,"78,29 €","0,00 €",4,0
B0FD3NTQVM,B0FD3NTQVM,VINFERMATÓN Spray Antimosquitos + Post Picaduras | Eficaz contra mosquito tigre | +8 Horas de proteccion | Apto para niños | Facilidad de Uso | MADE IN SPAIN,PACKREPELENTE+ROLLON,106,5,0.00%,0.00%,132,5,0.00%,0.00%,96.06%,100.00%,5,0,4.72%,0.00%,"64,11 €","0,00 €",4,0
B0G2MT6K5N,B0G2MT6K5N,"CUPERINOX Jamonero Inoxidable Giratorio | Jamonera base Inoxidable | Incluye Cuchillo Jamonero Alveolos 25 cm, Deshuesador 15 cm, Afilador y Funda para Jamón | Apto Jamones y Paletilla",20251,169,6,0.00%,0.00%,246,9,0.00%,0.00%,100.00%,100.00%,4,0,2.37%,0.00%,"276,32 €","0,00 €",4,0
B09ZLJL6JF,B0015YIAV6,Arcos Serie Lyon - Cuchillo Chef | Cuchillo Cocinero - Hoja de Acero Inoxidable Forjado NITRUM de 200 mm - Mango de Polioximetileno (POM) - Color Negro,253600_,169,4,0.00%,0.00%,220,6,0.00%,0.00%,94.33%,100.00%,3,0,1.78%,0.00%,"101,97 €","0,00 €",3,0
B0F54LTCFF,B0044R87TQ,Arcos Cuchillo Salmón y Pescado Acero Inoxidable 290 mm,284004,"2,448",61,0.04%,0.04%,"3,298",75,0.04%,0.04%,10.43%,8.00%,3,0,0.12%,0.00%,"68,25 €","0,00 €",3,0
B00509FC90,B00509FC90,"HENDI Baño María eléctrico, con grifo, sistema de calentamiento al baño María, temperatura regulable 30°C a 85°C, 1x GN 1/1, 2x GN 1/2, 3x GN 1/3, 19L, 230V, 1000W, 605x332x(H)242mm, acero inoxidable",H238912,132,24,0.00%,0.02%,155,29,0.00%,0.01%,56.25%,38.10%,3,2,2.27%,8.33%,"453,75 €","302,50 €",3,2
B005LR6T48,B005LR6T48, ,276900_fbm,80,2,0.00%,0.00%,110,2,0.00%,0.00%,79.79%,100.00%,3,0,3.75%,0.00%,"55,47 €","0,00 €",3,0
B0752TVHLW,B007TS67P8,Arcos Cuchillo Chef Acero Inoxidable 175 mm,280504_,324,9,0.01%,0.01%,467,10,0.01%,0.00%,11.33%,10.00%,3,0,0.93%,0.00%,"52,47 €","0,00 €",3,0
B007TS6G9U,B007TS6G9U,Arcos Juego de Cuchillos Cocina y Tijeras,285600,727,17,0.01%,0.01%,"1,039",20,0.01%,0.01%,19.09%,33.33%,4,0,0.55%,0.00%,"499,96 €","0,00 €",3,0
B0752TVHLW,B007TS6GFO,Arcos Universal Juego 5 Cuchillos Nitrum Bloque Pino POM Negro,285700_,365,7,0.01%,0.00%,487,9,0.01%,0.00%,29.95%,25.00%,3,0,0.82%,0.00%,"314,70 €","0,00 €",3,0
B007TS6GI6,B007TS6GI6,Arcos Universal Set 2 Cuchillos de Cocina Acero Inoxidable Nitrum,285800_2,782,17,0.01%,0.01%,"1,133",21,0.01%,0.01%,10.28%,33.33%,3,0,0.38%,0.00%,"83,25 €","0,00 €",3,0
B007TS6HBM,B007TS6HBM,ARCOS Rallador de Limones Acero Inoxidable 40 mm,612800,"1,059",29,0.02%,0.02%,"1,389",45,0.02%,0.02%,5.45%,3.85%,3,0,0.28%,0.00%,"26,55 €","0,00 €",3,0
B0CQ92BWQ8,B009QXIRPC,"HENDI Bolsa de Transporte y Reparto de Pizzas, Bolsa Portapizzas con Aislamiento, Impermeable, Bolsa para la Entrega de Pedidos de Pizza y Comidas, Interior 35x35x(H) 18cm, Roja, 37x37x(H) 20cm",H709825,266,24,0.00%,0.02%,425,39,0.00%,0.02%,27.42%,10.34%,5,0,1.88%,0.00%,"120,70 €","0,00 €",3,0
B017HKKKIC,B00BHZPITA,Arcos Universal Cuchillo Carnicero Acero Inoxidable Nitrum 200 mm,288400_fbm,396,7,0.01%,0.00%,539,7,0.01%,0.00%,47.71%,20.00%,3,0,0.76%,0.00%,"116,97 €","0,00 €",3,0
B017HKI11U,B00BHZPJFI,Arcos Riviera Blanc Cuchillo Chef Forjado Acero Inoxidable 150 mm,233424_,291,7,0.00%,0.00%,477,13,0.01%,0.01%,35.07%,30.00%,3,1,1.03%,14.29%,"80,97 €","26,99 €",3,1
B00BHZPKEI,B00BHZPKEI,Arcos Cuchillo Blanco 100 mm,230224_,56,1,0.00%,0.00%,91,1,0.00%,0.00%,54.22%,0.00%,3,0,5.36%,0.00%,"59,97 €","0,00 €",3,0
B00BQU0C8I,B00BQU0C8I,"HENDI Dispensador de Bebidas Calientes Eléctrico, Doble Pared, Termostato Regulable hasta 110°C, 18L, 230V, 2200W, 386x393x(H)641mm, Acero Inoxidable",H211502,64,10,0.00%,0.01%,78,11,0.00%,0.01%,89.47%,100.00%,3,3,4.69%,30.00%,"539,97 €","539,97 €",3,3
B0752X4WZ6,B00I9XTFNS,ARCOS Gadgets Pinza para Jamón Nitrum Acero 120 mm,606100_,"6,738",218,0.11%,0.15%,"8,105",274,0.09%,0.13%,0.46%,17.75%,9,9,0.13%,4.13%,"84,15 €","84,15 €",3,3
B0G39V4XR3,B00ITVQOOI,ARCOS Tenedor de Mesa Acero Inoxidable 18/10 200 mm,371600_1pieza,94,4,0.00%,0.00%,176,6,0.00%,0.00%,61.39%,0.00%,6,0,6.38%,0.00%,"29,94 €","0,00 €",3,0
B00J64GBVS,B00J64GBVS,Arcos Cuchillo Chef Forjado. Hoja Acero Inoxidable Nitrum 160 mm. Mango Ergonómico Polioximetileno. Mango Madera Palisandro Marrón. Resistente al Óxido y al Desgaste. Serie Natura.,155410_,48,0,0.00%,0.00%,69,0,0.00%,0.00%,98.44%,0.00%,3,0,6.25%,0.00%,"90,47 €","0,00 €",3,0
B0DDSBBMJ1,B00OH5444W,"HENDI Tostador de cinta doble - 230V / 50Hz / 2240W - 418x368x(H)387 mm, plateado, acero inoxidable",H261309,447,90,0.01%,0.06%,696,168,0.01%,0.08%,15.68%,17.69%,7,7,1.57%,7.78%,"3.776,50 €","3.776,50 €",3,3
B0G39VSVBM,B00U2QWO1K,Arcos Latina Cuchillo Chuletero Acero Inoxidable 105 mm,100400_1pieza,987,16,0.02%,0.01%,"1,419",20,0.02%,0.01%,15.15%,30.77%,8,0,0.81%,0.00%,"30,00 €","0,00 €",3,0
B0752TH4FW,B00V3A9XMC,Arcos Serie Riviera Blanc - Juego de Cuchillos de 5 piezas en Caja de Regalo (4 Cuchillos + 1 Tijeras) - Hoja de Acero Inoxidable Forjado NITRUM - Mango de Polioximetileno (POM) - Bloque de madera de color negro lacado,234424_,804,32,0.01%,0.02%,"1,118",41,0.01%,0.02%,97.87%,94.29%,3,0,0.37%,0.00%,"434,97 €","0,00 €",3,0
B00WHV21BG,B00WHV21BG,CUPERINOX TIJERAS PESCADO | TIJERAS COCINA| TIJERAS ACERO| TIJERAS | 20 CM | UTENSILIOS DE COCINA,21992,260,6,0.00%,0.00%,386,14,0.00%,0.01%,77.68%,100.00%,6,6,2.31%,100.00%,"44,94 €","44,94 €",3,3
B07BDQNMVP,B014MIZYD8,Arcos Cuchillo Tomate Forjado Acero Inox. Nitrum 130mm,232024_,325,7,0.01%,0.00%,440,10,0.00%,0.00%,31.81%,0.00%,3,0,0.92%,0.00%,"72,77 €","0,00 €",3,0
B017HKI11U,B017DEWUDK,Arcos Cuchillo Acero Inoxidable 300 mm,233824_,217,5,0.00%,0.00%,282,5,0.00%,0.00%,43.24%,25.00%,3,0,1.38%,0.00%,"179,97 €","0,00 €",3,0
B017DLGUJI,B017DLGUJI,Arcos Cuchillo Jamonero Profesional - Hoja Forjada NITRUM 250 mm - Mango POM Resistente - Ideal para Cortes Precisos - Serie Clásica,256700_fbm,"2,729",46,0.04%,0.03%,"3,763",68,0.04%,0.03%,0.95%,9.52%,3,2,0.11%,4.35%,"82,97 €","53,98 €",3,2
B0FWM351K4,B01N4WDTRY,CUPERINOX® Couture Series - Tijera Costura Profesional 15 cm | Acero Inoxidable Resistente | Corte Preciso para Telas y Manualidades | Uso Doméstico y Profesional,21962,133,3,0.00%,0.00%,177,5,0.00%,0.00%,65.79%,100.00%,3,0,2.26%,0.00%,"20,37 €","0,00 €",3,0
B0752VKJ4B,B071LGMH3L,Arcos Set 3 Cuchillos Peladores Acero Inoxidable,189500_2,"3,144",73,0.05%,0.05%,"4,278",93,0.05%,0.04%,0.69%,6.25%,3,1,0.10%,1.37%,"32,23 €","10,25 €",3,1
B071VT3QQY,B071VT3QQY,"Arcos Riviera - Juego de Cuchillos de Cocina Profesional (Mondador 100 mm, Santoku 140 mm, Chef 200 mm) - Acero Inoxidable Forjado NITRUM, Mango Ergonómico Negro - 3 Piezas en Estuche",807710_fbm,"1,081",23,0.02%,0.02%,"1,501",30,0.02%,0.01%,84.09%,56.00%,3,0,0.28%,0.00%,"206,12 €","0,00 €",3,0
B072BX2PJG,B072BX2PJG,ARCOS Chaira Afilador Manual Acero al Carbono Cromado 230 mm,185924,"1,586",43,0.03%,0.03%,"2,245",54,0.03%,0.03%,2.65%,10.81%,3,1,0.19%,2.33%,"83,97 €","27,99 €",3,1
B0752NT3TH,B072FHSBJC,"ARCOS Tijeras de Cocina Acero Inoxidable 9"" (235 mm)",185723,544,16,0.01%,0.01%,654,18,0.01%,0.01%,21.34%,0.00%,3,0,0.55%,0.00%,"29,97 €","0,00 €",3,0
B0B3D6SCY5,B076PYQ6YH,ARCOS Jamonero Madera de Pino Lacada Herrajes Metálicos Caoba,683200,"2,695",30,0.04%,0.02%,"3,638",35,0.04%,0.02%,5.51%,5.56%,3,0,0.11%,0.00%,"263,82 €","0,00 €",3,0
B0787R49F1,B0787R49F1,Multiusos Wins 004. Abrillanta y elimina la suciedad acumulada en cualquier tipo de superficie sin dañarlas. Envase de 5 Litros.,WINS004,49,1,0.00%,0.00%,62,1,0.00%,0.00%,86.21%,100.00%,3,0,6.12%,0.00%,"43,49 €","0,00 €",3,0
B0788P3W3W,B0788P3W3W,WINS – Abrillantador Máquinas Lavavajillas Profesional 013 | Garrafa 5 L | Secado Rápido y Brillo sin Marcas en Vajilla | Uso Profesional | 100% Made in Spain,WINS013_5L,72,3,0.00%,0.00%,85,3,0.00%,0.00%,50.60%,33.33%,6,4,8.33%,133.33%,"99,00 €","66,00 €",3,1
B0FWK4CNH3,B0799Z54MP,CUPERINOX Tijeras Cocina Profesional |Mango ergonómico para máxima comodidad| Tijeras 21 cm |Tijeras de Trinchar | Tijeras Pollo | Tijera Pescado | Tijera Acero Inoxidable| Apto Lavavajillas,21982_,60,2,0.00%,0.00%,76,2,0.00%,0.00%,98.36%,0.00%,3,0,5.00%,0.00%,"28,14 €","0,00 €",3,0
B07CY3885W,B07CY3885W,"Arcos Serie Riviera Rose, Cuchillo Cocinero, Hoja de Acero Inoxidable Forjado Nitrum 150 mm, Mango de Polioximetileno, POM Color Rosa",233454,81,2,0.00%,0.00%,117,2,0.00%,0.00%,98.98%,100.00%,3,0,3.70%,0.00%,"80,97 €","0,00 €",3,0
B07D8H2FNG,B07D8H2FNG,Arcos Manhattan Cuchillo Pelador Forjado Acero Inoxidable 100 mm,160100,237,3,0.00%,0.00%,346,4,0.00%,0.00%,75.47%,100.00%,3,0,1.27%,0.00%,"70,47 €","0,00 €",3,0
B0CZF7K8YX,B07D9TL37B,"HENDI Recipiente Gastronorm GN 2/3, Kitchen Line, resistencia térmica -40 °C a 250 °C, apto para horno y baño maría, 15,5L, 354x325x(H) 200mm, acero inoxidable",H806258,38,2,0.00%,0.00%,51,2,0.00%,0.00%,71.43%,0.00%,4,0,10.53%,0.00%,"117,80 €","0,00 €",3,0
B0CTHQG9QZ,B07D9X4YC6,"HENDI Tapa Gastronorm GN 1/1, Budget Line, para contenedores con asas retráctiles, con tirador central y recortes laterales, resistencia térmica -40 °C a 250 °C, 530x325mm, acero inoxidable",H817810,77,8,0.00%,0.01%,97,10,0.00%,0.00%,33.71%,16.67%,5,0,6.49%,0.00%,"89,95 €","0,00 €",3,0
B0CTHQG9QZ,B07D9X4YC8,"HENDI Recipiente Gastronorm GN 1/3 con asas, Budget Line, resistencia térmica -40 °C a 250 °C, apto para horno y baño maría, 5,7L, 325x176x(H) 150mm, acero inoxidable",H817445,75,7,0.00%,0.00%,96,9,0.00%,0.00%,42.31%,50.00%,10,0,13.33%,0.00%,"189,90 €","0,00 €",3,0
B0CTCW7QFZ,B07DC7ZX3W,HENDI Recipiente Gastronorm 1/1 - PC - Transparente - 28 L - 530x325x(H) 200 mm,H861202,27,0,0.00%,0.00%,40,0,0.00%,0.00%,93.75%,0.00%,3,0,11.11%,0.00%,"102,45 €","0,00 €",3,0
B0BXB18B8W,B07DC8JHV4,Arcos Cuchillo verduras Acero Inoxidable. Cuchillo profesional para pelar frutas y verduras. Mango ergonómico polioximetileno y Hoja 130 mm. Serie Manhattan. Color negro.,161100,407,16,0.01%,0.01%,545,21,0.01%,0.01%,92.89%,87.50%,3,0,0.74%,0.00%,"73,47 €","0,00 €",3,0
B07G76SK9L,B07G76SK9L,Arcos Cuchillo de Mesa 1 Pieza (Plastico Blister),702300,195,5,0.00%,0.00%,225,6,0.00%,0.00%,97.14%,100.00%,5,0,2.56%,0.00%,"140,95 €","0,00 €",3,0
B0DN1W6N4N,B07GQ354HR,"HENDI Jarra, para batidoras licuadoras HENDI 230718-230695-230688-230213-230602-230664, 2,5L, juego completo: cuchillas-jarra-tapas, batidos-cócteles-postres, 200x170x(H)360mm, policarbonato",H943489,172,16,0.00%,0.01%,211,24,0.00%,0.01%,52.79%,44.44%,3,0,1.74%,0.00%,"299,97 €","0,00 €",3,0
B07H1S3VRW,B07H1S3VRW,"Wins 005 Limpiador Fregasuelos Neutro, Aroma Cítrico, 5 L",WINS005,66,6,0.00%,0.00%,80,8,0.00%,0.00%,77.03%,50.00%,5,0,7.58%,0.00%,"54,95 €","0,00 €",3,0
B07N7YDTMX,B07N7YDTMX,"HENDI Cesta para cubiertos, 125x84x(H) 135mm",H871324,976,74,0.02%,0.05%,"1,468",113,0.02%,0.05%,0.82%,10.59%,7,7,0.72%,9.46%,"59,43 €","59,43 €",3,3
B0FR444FLT,B07N8TSTLQ,"Arcos Juego de Cuchillos Forjados (4 Piezas) - Acero Inoxidable NITRUM, Corte Preciso, Mango Ergonómico POM Negro, Incluye Cuchillo Chef, Pan, Pelar y Cocina - Serie Manhattan, Negro",163400,963,11,0.02%,0.01%,"1,108",14,0.01%,0.01%,98.78%,100.00%,3,0,0.31%,0.00%,"599,97 €","0,00 €",3,0
B07N8V3SNH,B07N8V3SNH,"Arcos Cuchillo Tomate Forjado Acero Inoxidable 130 mm - Mango Ergonómico POM Negro, Borde Serrado para Rebanadas Perfectas - Serie Manhattan, Calidad Profesional",162000_,125,4,0.00%,0.00%,170,4,0.00%,0.00%,80.77%,0.00%,3,0,2.40%,0.00%,"74,97 €","0,00 €",3,0
B0BXB18B8W,B07N8V3SNH,"Arcos Cuchillo Tomate Forjado Acero Inoxidable 130 mm - Mango Ergonómico POM Negro, Borde Serrado para Rebanadas Perfectas - Serie Manhattan, Calidad Profesional",162000_,186,3,0.00%,0.00%,243,4,0.00%,0.00%,79.31%,100.00%,3,0,1.61%,0.00%,"75,38 €","0,00 €",3,0
B092TQ1P72,B07N8VMWGG,Arcos Mesa Cuchillo Chuletero Serrado Nitrum POM Negro 115 mm,374800_1pieza,985,21,0.02%,0.01%,"1,351",29,0.02%,0.01%,10.03%,15.00%,14,0,1.42%,0.00%,"119,14 €","0,00 €",3,0
B0BXB18B8W,B07N8W79GH,Arcos Manhattan Cuchillo Tallado Acero Inoxidable Nitrum 300 mm,162300_,278,11,0.00%,0.01%,322,12,0.00%,0.01%,96.23%,100.00%,3,0,1.08%,0.00%,"110,97 €","0,00 €",3,0
B08TWZYBPZ,B07NVP94PR,"CUPERINOX® -Juego de Cuchillos de Cocina Profesional de Acero Inoxidable + Taco de Madera– 7 Piezas en Acero Inoxidable, Mango Ergonómico, Bloque de Madera Incluido – Chef Set para Hogar",_19510_,261,8,0.00%,0.01%,369,11,0.00%,0.01%,97.63%,100.00%,3,0,1.15%,0.00%,"125,97 €","0,00 €",3,0
B08TWZYBPZ,B07NVP94PR,"CUPERINOX® -Juego de Cuchillos de Cocina Profesional de Acero Inoxidable + Taco de Madera– 7 Piezas en Acero Inoxidable, Mango Ergonómico, Bloque de Madera Incluido – Chef Set para Hogar",19510,261,8,0.00%,0.01%,369,11,0.00%,0.01%,97.63%,100.00%,3,0,1.15%,0.00%,"119,70 €","0,00 €",3,0
B07T1LRC8M,B07S9RTS38,Arcos Kids Cuchillo de Cocina para Niños - Hoja Segura de Acero Inoxidable NITRUM 100 mm - Mango Ergonómico POM Verde - Seguridad Infantil y Durabilidad,792921,"1,405",28,0.02%,0.02%,"1,986",37,0.02%,0.02%,51.18%,38.46%,3,0,0.21%,0.00%,"53,97 €","0,00 €",3,0
B07T7HKST6,B07T7HKST6,CUPERINOX Juego de Cuchillos de cocina | 6 Piezas | Cuchillos Cocina Profesional | Set cuchillos cocina | Incluye tijeras cocina | Acero Inoxidable,19511FBM,184,4,0.00%,0.00%,256,6,0.00%,0.00%,98.23%,100.00%,3,0,1.63%,0.00%,"134,85 €","0,00 €",3,0
B0FR444FLT,B07ZJ9HVTL,"Arcos Set Jamonero 3 Piezas - Cuchillo Jamonero, Deshuesador y Afilador - Acero Inoxidable Forjado - Mango POM Negro Resistente - Funda Jamonero Incluida - Serie Manhattan",858500+Funda_Jamon,570,9,0.01%,0.01%,655,12,0.01%,0.01%,98.22%,100.00%,3,0,0.53%,0.00%,"269,97 €","0,00 €",3,0
B082VW3C39,B082VW3C39,HENDI Carro de lavandería - 900x650x(H)850 mm,H691083,114,30,0.00%,0.02%,133,40,0.00%,0.02%,27.13%,30.56%,4,1,3.51%,3.33%,"780,00 €","195,00 €",3,1
B0FQNZM34T,B0843SYT31,Arcos Cuchillo Chef con Hoja Acero Inoxidable Nitrum 160 mm. Cuchillo cocina profesional multiusos. Mango ergonómico polioximetileno POM. Serie Opera. Color negro.,225000_fmb,139,1,0.00%,0.00%,170,1,0.00%,0.00%,94.27%,100.00%,3,0,2.16%,0.00%,"98,64 €","0,00 €",3,0
B0843VWTWD,B0843VWTWD,Arcos Cuchillo Chef Acero Inoxidable. Cuchillo cocina profesional multipropósito para cortar y limpiar verduras. Mango ergonómico polioximetileno y Hoja 260 mm. Serie Opera. Color negro.,225300_fbm,119,5,0.00%,0.00%,175,13,0.00%,0.01%,83.55%,100.00%,3,0,2.52%,0.00%,"128,97 €","0,00 €",3,0
B084TL4TFV,B084TL4TFV,"HENDI Crepera eléctrica, con esparcidor de madera,temperatura regulable 50°-250°C, placa de diámetro400mm,de hierro fundido con revestimiento cerámico, 230V, 3000W, 470x509x(H)161mm,acero inoxidable",H212028,206,26,0.00%,0.02%,265,36,0.00%,0.02%,65.85%,22.58%,3,0,1.46%,0.00%,"865,50 €","0,00 €",3,0
B08HTZ61MK,B08HTZ61MK,Arcos Cuchillos de Carne | Cuchillos para Carne 6 Unidades | Cuchillos de Carne Aptos Lavavajillas | Alta Resistencia | Acero Inoxidable | Mango Polipropileno | Negro | Envase Eco,816600,218,11,0.00%,0.01%,283,14,0.00%,0.01%,99.62%,100.00%,3,0,1.38%,0.00%,"59,97 €","0,00 €",3,0
B0FWM351K4,B09D1V45YK,"CUPERINOX® Couture Series - Tijera Costura Profesional 16,5 cm | Acero Inoxidable Irrompible | Mango Ergonómico Antideslizante | Corte Preciso y Duradero",21951_,91,4,0.00%,0.00%,123,4,0.00%,0.00%,96.26%,0.00%,4,2,4.40%,50.00%,"26,74 €","12,30 €",3,1
B09HQTWWPB,B09HQTN94D,Arcos Cuchillo Pelador Acero Inoxidable. Cuchillo Pelador para Pelar Frutas y Verduras. Mango Ergonómico Polioximetileno y Hoja 100 mm. Serie Clara. Color Negro.,210100_us,587,10,0.01%,0.01%,770,13,0.01%,0.01%,13.21%,0.00%,8,0,1.36%,0.00%,"143,60 €","0,00 €",3,0
B06XB92VRH,B09LYXZKTZ,CUPERINOX Deluxe Cafetera Italiana Induccion Espresso Inoxidable 4 Tazas,25051FBM,"1,479",34,0.02%,0.02%,"1,895",43,0.02%,0.02%,55.57%,25.00%,3,0,0.20%,0.00%,"73,97 €","0,00 €",3,0
B09NBVF3RB,B09NBVF3RB,"HENDI Cubierta transparente para máquina de algodón de azúcar, compatible con modelos 282731, 282809 y 282816, ⌀520x(H)350mm, acrílico (PMMA)",H282755,14,2,0.00%,0.00%,26,6,0.00%,0.00%,72.73%,50.00%,3,0,21.43%,0.00%,"284,97 €","0,00 €",3,0
B09S9JLYNK,B09S9JLYNK,"HENDI Máquina para hacer palomitas de maíz, 150g de maíz, ciclo 3,5 min, 230V, 1155W, 560x420x(H)760mm, aluminio, acero inoxidable, cristal templado, negro",H282762,231,22,0.00%,0.01%,304,32,0.00%,0.02%,51.76%,62.96%,3,1,1.30%,4.55%,"1.217,69 €","411,69 €",3,1
B09ZLJL6JF,B09XF1JKXR,Arcos Serie Lyon - Cuchillo Kudamono | Cuchillo Japones - Hoja de Acero Inoxidable Forjado NITRUM de 80 mm - Mango de Polioximetileno (POM) - Color Negro,250100_,269,11,0.00%,0.01%,380,17,0.00%,0.01%,71.52%,75.00%,3,0,1.12%,0.00%,"62,97 €","0,00 €",3,0
B0B31QM7RW,B0B31QM7RW,CUPERINOX Tijeras de costura | 14 cm | Costura profesional | Tijeras modista | Acero Inoxidable | Mango ergonómico | Tijeras sastre,21950,90,0,0.00%,0.00%,115,0,0.00%,0.00%,77.14%,0.00%,3,1,3.33%,0.00%,"23,97 €","7,99 €",3,1
B0BRTZ2X8C,B0BRTZ2X8C,Arcos Serie Opera - Set Cuchillos de Cocina 3 piezas - Acero Inoxidable Forjado NITRUM - Mango POM - Color negro,805900_,868,11,0.01%,0.01%,"1,317",18,0.01%,0.01%,30.40%,20.00%,3,0,0.35%,0.00%,"222,88 €","0,00 €",3,0
B0F2Z57T3H,B0CS6V91GR,CUPERINOX® Cuchillos de Mesa con Mango de Madera – Set 6 Cuchillos para Carne con Filo Dentado – Estilo Palmadera tradicional – Aptos para Uso Diario,14015,326,13,0.01%,0.01%,381,13,0.00%,0.01%,98.77%,100.00%,3,0,0.92%,0.00%,"56,97 €","0,00 €",3,0
B0CS6V91GR,B0CS6V91GR,CUPERINOX® Cuchillos de Mesa con Mango de Madera – Set 6 Cuchillos para Carne con Filo Dentado – Estilo Palmadera tradicional – Aptos para Uso Diario,14015_us,163,1,0.00%,0.00%,232,1,0.00%,0.00%,98.60%,100.00%,4,0,2.45%,0.00%,"67,96 €","0,00 €",3,0
B0DG2S21B1,B0DG2S21B1,"HENDI Olla de hierro fundido con tapa y asa, apta para fuego abierto, horno, cocina de gas, inducción, eléctrica y vitrocerámica, 7,2L, ⌀310x(H)130mm",H629376,"1,002",53,0.02%,0.04%,"1,375",77,0.02%,0.04%,23.07%,17.86%,4,2,0.40%,3.77%,"269,96 €","134,98 €",3,1
B0DKP68T32,B0DHVS222W,Arcos Serie Eclipse - Cuchillo para Verduras - Hoja de Acero Inoxidable Forjado con Filo Seda Plus de 130 mm - Pulido Brillo Especial - Mango Acrílico - Color Negro,213200_,476,5,0.01%,0.00%,540,5,0.01%,0.00%,72.67%,75.00%,3,0,0.63%,0.00%,"159,84 €","0,00 €",3,0
B0DKP68T32,B0DHVS8Y4K,Arcos Serie Eclipse - Cuchillo Mondador - Hoja de Acero Inoxidable Forjado con Filo Seda Plus de 100 mm - Pulido Brillo Especial - Mango Acrílico - Color Negro,213000_,427,6,0.01%,0.00%,506,6,0.01%,0.00%,61.11%,50.00%,3,0,0.70%,0.00%,"150,75 €","0,00 €",3,0
B0DPLG5V7Q,B0DPKNBVYD,CUPERINOX Tazas de Cafe con leche de Cristal - Vaso cafe - Vaso Cristal - 270ml (Set de 2) - Apto para Lavavajillas y Microondas - Aroma Series,26122_,258,7,0.00%,0.00%,308,7,0.00%,0.00%,98.92%,100.00%,3,0,1.16%,0.00%,"59,97 €","0,00 €",3,0
B0DTK92FQV,B0DTK92FQV,"HENDI Baño María Eléctrico con Grifo, 3x GN 1/3 con Tapas",H238868,82,13,0.00%,0.01%,109,19,0.00%,0.01%,83.84%,92.31%,3,1,3.66%,7.69%,"525,00 €","175,00 €",3,1
B0FR444FLT,B0F3JWN8Y2,Arcos by Chef José Andrés | Cuchillo de Pan de 20 cm para Panes Artesanales y Productos de Panadería | Hoja Forjada de Acero Inoxidable NITRUM con Borde de Seda | Mango Ergonómico de Madera de Encina,171500,911,26,0.01%,0.02%,"1,048",33,0.01%,0.02%,82.39%,55.00%,3,0,0.33%,0.00%,"236,85 €","0,00 €",3,0
B0FB98PM7Z,B0FB98PM7Z,CUPERINOX® Beauty Care – Pack 3 Cortauñas de Precisión | Alicate + Cortaúñas Mediano + Cortaúñas con Llavero | Acero Inoxidable Profesional | Manicura y Pedicura | Hombre y Mujer,A10004,49,1,0.00%,0.00%,65,2,0.00%,0.00%,100.00%,0.00%,3,0,6.12%,0.00%,"38,97 €","0,00 €",3,0
B0FJRVHBWH,B0FHKWY9F2,CUPERINOX Tijeras peluqueria profesional 15cm | Tijeras entresacar dentadas vaciar pelo texturizar cabello | Barbero estilista hombre mujer | afiladas acero inoxidable | Uso doméstico y salón,21861,22,1,0.00%,0.00%,27,1,0.00%,0.00%,100.00%,100.00%,3,0,13.64%,0.00%,"29,97 €","0,00 €",3,0
B0FT8NLHQ3,B0FT8NLHQ3,BIOLEAF® – Multiusos + Limpiacristales Pack 2×750 ml | Limpieza Total Hogar | Brillo Duradero en Superficies y Cristales Sin Huellas | Fórmula Biodegradable | Dermatológicamente Testado,BIOLEAF_3450,92,1,0.00%,0.00%,108,1,0.00%,0.00%,94.23%,100.00%,3,0,3.26%,0.00%,"30,14 €","0,00 €",3,0
B0FT8NLHQ3,B0FT8NLHQ3,BIOLEAF® – Multiusos + Limpiacristales Pack 2×750 ml | Limpieza Total Hogar | Brillo Duradero en Superficies y Cristales Sin Huellas | Fórmula Biodegradable | Dermatológicamente Testado,3450,92,1,0.00%,0.00%,108,1,0.00%,0.00%,94.23%,100.00%,3,0,3.26%,0.00%,"29,97 €","0,00 €",3,0
B08TWZYBPZ,B0FZC8B2NX,"CUPERINOX - Estuche de Cuchillos Profesionales de Cocina 4 Piezas | Chef 20 cm, Santoku 18 cm, Universal 13 cm y Pelador 9 cm | Acero Inoxidable de Alta Precisión | Mango Ergonómico",19301_FBA,605,14,0.01%,0.01%,864,21,0.01%,0.01%,99.10%,100.00%,3,0,0.50%,0.00%,"104,97 €","0,00 €",3,0
B0G2MTVR24,B0G2MTVR24,Set Jamonero Profesional Premium - Soporte Jamonero de Bambú Giratorio + Cuchillo Jamonero 25 cm con Alvéolos + Cuchillo Deshuesador + Afilador 3 Ranuras | Maestros del Corte by Cuperinox,20271,73,4,0.00%,0.00%,131,18,0.00%,0.01%,100.00%,100.00%,3,0,4.11%,0.00%,"146,07 €","0,00 €",3,0
B0F54LTCFF,B0044R87L4,Arcos Cuchillo Panero con Hoja de Acero Inoxidable Nitrum 200 mm. Cuchillo Pan ideal para uso doméstico diario. Obtenga una gran variedad cortes parau comida. Serie Universal. Color negro.,282104_,"15,549",532,0.25%,0.36%,"22,112",722,0.25%,0.34%,0.01%,0.39%,2,2,0.01%,0.38%,"31,03 €","31,03 €",2,2
B0F4DMVXQV,B0044R87QE,Arcos Cuchillo Cocina Acero Inoxidable 200 mm,280604_,212,4,0.00%,0.00%,312,5,0.00%,0.00%,33.68%,0.00%,2,0,0.94%,0.00%,"40,98 €","0,00 €",2,0
B0044R87QE,B0044R87QE,Arcos Cuchillo Cocina Acero Inoxidable 200 mm,280604_,119,5,0.00%,0.00%,164,6,0.00%,0.00%,40.00%,40.00%,3,0,2.52%,0.00%,"61,47 €","0,00 €",2,0
B0F54LTCFF,B0044R87QO,Arcos Cuchillo Chef Acero Inoxidable. Cuchillo cocina profesional para cortar una variedad alimentos. Mango ergonómico polioximetileno y Hoja 250 mm. Serie Universal. Color negro.,280704_fbm,"6,808",147,0.11%,0.10%,"9,182",207,0.10%,0.10%,0.59%,1.56%,2,0,0.03%,0.00%,"49,50 €","0,00 €",2,0
B0752TVHLW,B0044R87UA,Arcos Cuchillo Jamonero con Alveolos Acero Inoxidable 240mm,281801_,"1,945",62,0.03%,0.04%,"3,080",101,0.03%,0.05%,1.30%,0.00%,2,0,0.10%,0.00%,"40,64 €","0,00 €",2,0
B07BDQNMT7,B005LR65BK,Arcos Cuchillo Negro 100 mm,230200_,"3,683",56,0.06%,0.04%,"4,813",87,0.05%,0.04%,0.30%,10.53%,2,1,0.05%,1.79%,"39,98 €","19,99 €",2,1
B0F1ZF7H1L,B005LR69PW,"Arcos Cuchillo Tomates Acero Inoxidable 5""",232000_,"4,359",108,0.07%,0.07%,"5,883",136,0.07%,0.06%,0.12%,0.00%,2,0,0.05%,0.00%,"48,78 €","0,00 €",2,0
B017HKHR92,B005LR6C7C,Arcos Cuchillo Cocina Acero Inoxidable Negro 180 mm,233500,94,0,0.00%,0.00%,149,0,0.00%,0.00%,69.57%,0.00%,2,0,2.13%,0.00%,"69,98 €","0,00 €",2,0
B017HKHR92,B005LR6E0C,Arcos Cuchillo Cocinero Acero Inoxidable Negro 150 mm,233400_,"1,564",25,0.03%,0.02%,"2,127",30,0.02%,0.01%,7.42%,4.76%,2,0,0.13%,0.00%,"53,98 €","0,00 €",2,0
B0F1ZF7H1L,B005LR6H5O,Arcos Cuchillo Chef Forjado Acero Inoxidable. Cuchillo Cocina Profesional Multiusos Cortar Carne y Verduras. Mango Ergonómico Polioximetileno y Hoja 300mm. Serie Riviera. Color Negro.,233800_,"2,139",49,0.03%,0.03%,"2,597",60,0.03%,0.03%,25.13%,17.86%,2,0,0.09%,0.00%,"119,98 €","0,00 €",2,0
B0752TH4FW,B005LR6J3Y,Arcos Riviera Juego 6 Cuchillos Forjados Acero Inoxidable Nitrum,234200_,548,15,0.01%,0.01%,793,17,0.01%,0.01%,50.21%,40.00%,2,0,0.36%,0.00%,"349,80 €","0,00 €",2,0
B0752TH4FW,B005LR6JFW,Arcos Conjunto Cuchillos 5 piezas Acero Inoxidable y Hoja mm. 3750 gr. Cuchillo cocina profesional cortar una variedad alimentos con mango ergonómico polioximetileno POM. Serie Riviera. Color negro.,234300_,239,1,0.00%,0.00%,323,1,0.00%,0.00%,46.10%,0.00%,2,0,0.84%,0.00%,"269,98 €","0,00 €",2,0
B005LR6SNU,B005LR6SNU,"Arcos Cuchillo Jamonero Flexible, Hoja de Acero Inoxidable NITRUM 275 mm, Mango de Madera Palisandro, Corte Preciso y Duradero, Serie Atlantico",272300_,2,0,0.00%,0.00%,4,0,0.00%,0.00%,66.67%,0.00%,2,0,100.00%,0.00%,"35,98 €","0,00 €",2,0
B005LR6YFC,B005LR6YFC,Arcos Maitre Set Jamonero 2 Piezas Acero Inoxidable Nitrum 275 mm,151900,490,14,0.01%,0.01%,660,19,0.01%,0.01%,13.89%,9.09%,2,0,0.41%,0.00%,"47,36 €","0,00 €",2,0
B0F54LTCFF,B007TS67AI,Arcos Cuchillo Verduras Acero Inoxidable 100 mm,281104_pp,"5,364",97,0.09%,0.07%,"7,611",136,0.09%,0.06%,0.39%,1.02%,2,1,0.04%,1.03%,"23,50 €","11,75 €",2,1
B017HKJC2W,B007TS67GW,Arcos Cuchillo Cocina Acero Inoxidable 150 mm,281304_,762,18,0.01%,0.01%,"1,322",26,0.01%,0.01%,14.19%,23.08%,2,0,0.26%,0.00%,"29,98 €","0,00 €",2,0
B0F4DMVXQV,B007TS67OY,Arcos Cuchillo Chef Acero Inoxidable 155 mm,280404_fbm,36,0,0.00%,0.00%,51,0,0.00%,0.00%,86.67%,0.00%,2,0,5.56%,0.00%,"32,98 €","0,00 €",2,0
B017HKKKIC,B007TS68IO,Arcos Universal Cuchillo Carnicero Deshuesador Acero Inoxidable 180 mm,288300_fbm,216,10,0.00%,0.01%,299,12,0.00%,0.01%,49.03%,33.33%,2,0,0.93%,0.00%,"61,98 €","0,00 €",2,0
B00YTW5C8U,B007TS6960,Arcos Serie Colour Prof - Cuchillo Carnicero - Hoja de Acero Inoxidable NITRUM de 200 mm - Mango de Polipropileno recubierto de Elastómero Color gris,214700,45,1,0.00%,0.00%,69,1,0.00%,0.00%,21.54%,0.00%,2,0,4.44%,0.00%,"32,98 €","0,00 €",2,0
B0752TVHLW,B007TS6G9U,Arcos Juego de Cuchillos Cocina y Tijeras,285600,262,9,0.00%,0.01%,385,12,0.00%,0.01%,48.10%,55.56%,3,0,1.15%,0.00%,"350,91 €","0,00 €",2,0
B007TS6GP4,B007TS6GP4,Arcos Juego de 6 Cuchillos de Mesa Chuleteros Acero Inoxidable 110 mm,702300_2,"2,363",64,0.04%,0.04%,"3,664",104,0.04%,0.05%,31.15%,24.56%,2,0,0.08%,0.00%,"51,98 €","0,00 €",2,0
B0F1ZF7H1L,B00BHZPIVI,Arcos Cuchillo Chef Forjado Acero Inoxidable 200 mm,233624_,"2,483",48,0.04%,0.03%,"3,192",65,0.04%,0.03%,49.14%,44.44%,2,0,0.08%,0.00%,"64,98 €","0,00 €",2,0
B017HKI11U,B00BHZPIVI,Arcos Cuchillo Chef Forjado Acero Inoxidable 200 mm,233624,830,10,0.01%,0.01%,"1,175",16,0.01%,0.01%,3.17%,9.09%,2,0,0.24%,0.00%,"64,98 €","0,00 €",2,0
B00BQU1IAY,B00BQU1IAY,"HENDI Calentador eléctrico de Alimentos para Buffet Tellano, Chafing Dish eléctrico al baño María, GN 1/1, Capacidad 9L, 30–85°C, 230V, 900W, 575x349x(H) 278mm, Polipropileno y Acero Inoxidable",H204825,132,13,0.00%,0.01%,170,17,0.00%,0.01%,63.27%,57.14%,2,1,1.52%,7.69%,"254,98 €","127,49 €",2,1
B08L7GKSLH,B00H558KK0,HENDI Placa de inducción de sobremesa profesional modelo 2000,H239230,"1,349",31,0.02%,0.02%,"1,839",44,0.02%,0.02%,92.03%,41.18%,2,0,0.15%,0.00%,"199,90 €","0,00 €",2,0
B00J1796U8,B00J1796U8,ARCOS Ecopro Tijeras de Electricista Acero Inoxidable Tungsteno 145 mm,506100,354,23,0.01%,0.02%,470,31,0.01%,0.01%,7.69%,0.00%,2,0,0.56%,0.00%,"23,98 €","0,00 €",2,0
B00J3ZTYAK,B00J3ZTYAK,"Arcos Cuchillos de Mesa de Acero Inoxidable 18/10, Monoblock de una Pieza, Hoja 220 mm, Juego de 3 Piezas para Cocina, Serie Toscana",575000,620,11,0.01%,0.01%,895,13,0.01%,0.01%,9.69%,0.00%,3,0,0.48%,0.00%,"55,47 €","0,00 €",2,0
B0F4953GB5,B00J4L7FEU,Arcos Hachuela Macheta de Cocina Acero Inoxidable 160 mm,282404_us,29,1,0.00%,0.00%,39,1,0.00%,0.00%,33.33%,0.00%,2,0,6.90%,0.00%,"49,50 €","0,00 €",2,0
B00KISSXY4,B00KISSXY4,"HENDI Bandeja de Servicio AmerBox, Grande, Rectangular, Multiusos, Bandeja para Servir Comida rápida, Bebidas, Fast Food, Bandeja de Cocina, 350x450x(H) 20mm, Gris, Polipropileno",H878804,169,3,0.00%,0.00%,256,3,0.00%,0.00%,14.67%,50.00%,3,0,1.78%,0.00%,"29,97 €","0,00 €",2,0
B00L7X7ONU,B00L7X7ONU,HENDI Jarra de zumo - 2 L - ø120x(H)250 mm,H425138,93,18,0.00%,0.01%,121,25,0.00%,0.01%,39.29%,13.04%,4,0,4.30%,0.00%,"79,96 €","0,00 €",2,0
B00OF7XFW4,B00OF7XFW4,ARCOS Aplastador de Filetes y Carne Acero Inoxidable 220 mm,798000,429,12,0.01%,0.01%,557,17,0.01%,0.01%,44.24%,25.00%,2,0,0.47%,0.00%,"145,98 €","0,00 €",2,0
B09381N96H,B00PKFXWJQ,Arcos Serie Cuchillos de Mesa - Cuchillo Mesa - Hoja Serrada de Acero Inoxidable NITRUM de 125 mm - Mango Polipropileno Color crema,370200_1Pieza,169,8,0.00%,0.01%,196,9,0.00%,0.00%,99.44%,100.00%,5,0,2.96%,0.00%,"17,45 €","0,00 €",2,0
B0F1ZF7H1L,B00V3AODM2,Arcos Set Cuchillos Forjados 5 piezas - Acero Inoxidable y Hoja mm. 3500 gr. Mango ergonómico Polioximetileno POM. Serie Riviera Blanc. Hoja delgada con un Borde Suave característico. Color Blanco.,234524_,"3,001",85,0.05%,0.06%,"3,500",94,0.04%,0.04%,55.45%,50.00%,2,0,0.07%,0.00%,"285,98 €","0,00 €",2,0
B0FWK4CNH3,B00WHV21BG,CUPERINOX TIJERAS PESCADO | TIJERAS COCINA| TIJERAS ACERO| TIJERAS | 20 CM | UTENSILIOS DE COCINA,21992_,72,5,0.00%,0.00%,100,12,0.00%,0.01%,87.01%,55.56%,2,0,2.78%,0.00%,"14,62 €","0,00 €",2,0
B017DLL29Q,B017DLL29Q,Arcos Serie Cuchillos de Mesa - Cuchillo Chuletero - Hoja Serrada de Acero Inoxidable NITRUM de 110 mm - Mango Polipropileno Color negro,372800_,198,5,0.00%,0.00%,237,6,0.00%,0.00%,98.19%,100.00%,4,0,2.02%,0.00%,"39,96 €","0,00 €",2,0
B0752V8D3X,B017DMTB0M,ARCOS Chaira Acero al Carbono y Diamante 230 mm,782100,54,1,0.00%,0.00%,84,1,0.00%,0.00%,2.99%,0.00%,2,0,3.70%,0.00%,"21,50 €","0,00 €",2,0
B089MGF35Y,B01BLN78EU,"HENDI Fuente de Chocolate de 3 Niveles, Capacidad: hasta 1,5 kg, 230 V / 46 W, Ø215x(H)375 mm, Acero Inoxidable",H274101,110,5,0.00%,0.00%,150,6,0.00%,0.00%,46.88%,0.00%,2,0,1.82%,0.00%,"139,90 €","0,00 €",2,0
B088L1YKB9,B01DY481VS,HENDI Thermobox Kitchen Line - GN 1/1-80 L - 685x485x(H)360 mm,H707944,216,28,0.00%,0.02%,305,47,0.00%,0.02%,21.65%,50.00%,2,2,0.93%,7.14%,"175,50 €","175,50 €",2,2
B088L1YKB9,B01DY485KU,HENDI Thermobox Kitchen Line - GN 1/1-46 L - 600x400x(H)320 mm,H707968,166,27,0.00%,0.02%,218,35,0.00%,0.02%,42.64%,32.14%,2,0,1.20%,0.00%,"114,50 €","0,00 €",2,0
B01N4WDTRY,B01N4WDTRY,CUPERINOX® Couture Series - Tijera Costura Profesional 15 cm | Acero Inoxidable Resistente | Corte Preciso para Telas y Manualidades | Uso Doméstico y Profesional,21962_,548,12,0.01%,0.01%,717,15,0.01%,0.01%,44.06%,100.00%,2,0,0.36%,0.00%,"13,98 €","0,00 €",2,0
B0FWM351K4,B06Y66X8SW,CUPERINOX® Couture Series - Tijera Costura Profesional 10 cm | Acero Inoxidable de Alta Precisión | Corte Fino para Detalles y Acabados | Uso Doméstico y Profesional,21960,143,0,0.00%,0.00%,232,0,0.00%,0.00%,98.51%,0.00%,2,0,1.40%,0.00%,"14,10 €","0,00 €",2,0
B071LGMMW4,B071LGMMW4,"Arcos Riviera, Juego de Cuchillos de Cocina, Mondador + 2 Cuchillo Chef, Acero Inoxidable Forjado Nitrum, Mango POM, Color Negro",838300_838310,289,13,0.00%,0.01%,388,14,0.00%,0.01%,46.11%,25.00%,2,0,0.69%,0.00%,"179,98 €","0,00 €",2,0
B071S7PKHP,B071S7PKHP,Arcos Nova Set 2 Cuchillos Mondadores Acero Negro 60/80 mm,189000,569,12,0.01%,0.01%,864,14,0.01%,0.01%,3.36%,0.00%,2,0,0.35%,0.00%,"17,98 €","0,00 €",2,0
B0F1N351DY,B071S7PKHP,Arcos Nova Set 2 Cuchillos Mondadores Acero Negro 60/80 mm,189000,"1,202",37,0.02%,0.03%,"1,435",41,0.02%,0.02%,5.48%,40.00%,2,1,0.17%,2.70%,"17,34 €","8,35 €",2,1
B0B3F4QXML,B071VT3MKC,Arcos Clásica Cuchillo Cocinero Forjado Acero Inoxidable Nitrum 210 mm,255101_,626,20,0.01%,0.01%,700,21,0.01%,0.01%,95.91%,85.71%,2,0,0.32%,0.00%,"67,50 €","0,00 €",2,0
B0BXB18B8W,B07C7YV74X,Arcos Manhattan Cuchillo Trinchar Acero Jamón y Carne 250 mm,161900_,296,6,0.00%,0.00%,369,9,0.00%,0.00%,93.07%,100.00%,2,0,0.68%,0.00%,"69,98 €","0,00 €",2,0
B0DN1W6N4N,B07CZFR2CG,"HENDI Batidora profesional digital con cubierta insonorizada, pantalla táctil, 3 velocidades, jarra de policarbonato resistente al calor y frío, 230V, 1680W, 250x300x(H)546mm, ABS, acero inoxidable",H230695,664,73,0.01%,0.05%,880,100,0.01%,0.05%,65.75%,35.71%,2,1,0.30%,1.37%,"820,07 €","371,07 €",2,1
B07CZP72RF,B07CZP72RF,"HENDI Horno de Convección Profesional H90S con Humidificación manual, 2670W, incl. 4 Bandejas de Aluminio, 2 Ventiladores, 50-300°C, Puerta Doble Cristal, 230V, 595x595x(H)570mm, Acero Inoxidable",H227077,211,19,0.00%,0.01%,318,30,0.00%,0.01%,90.71%,85.71%,2,1,0.95%,5.26%,"1.298,00 €","649,00 €",2,1
B0D1CXFM75,B07D6ZWZQJ,"HENDI Prensadores de patatas - Gris claro, Alargado, (L)808mm",H693223,16,4,0.00%,0.00%,24,7,0.00%,0.00%,86.36%,85.71%,2,1,12.50%,25.00%,"57,96 €","28,98 €",2,1
B086WYMVKJ,B07D7NHQVR,"HENDI Soporte expositor para pan de sobremesa GN 1/2, 2 niveles, con 2 cestas para bufé, 360x280x(H) 290mm, polipropileno",H561201,214,17,0.00%,0.01%,320,30,0.00%,0.01%,35.52%,4.55%,3,0,1.40%,0.00%,"112,82 €","0,00 €",2,0
B0CZFB7FJP,B07D8WH8HL,"HENDI Recipiente Gastronorm GN 1/1, Budget Line, resistencia térmica -40 °C a 250 °C, apto para horno y baño maría, 28L, 530x325x(H) 200mm, acero inoxidable",H800157,294,50,0.00%,0.03%,393,72,0.00%,0.03%,9.27%,3.13%,2,0,0.68%,0.00%,"66,40 €","0,00 €",2,0
B0FD46SGNM,B07D8WQ355,Arcos Serie Manhattan - Cuchillo Cocinero - Hoja de Acero Inoxidable Forjado Nitrum 210 mm - Mango de Polioximetileno (POM) Color Negro - Filo Seda,160600,"1,208",32,0.02%,0.02%,"1,805",42,0.02%,0.02%,58.98%,75.00%,4,3,0.33%,9.38%,"149,89 €","111,90 €",2,1
B0CTHQG9QZ,B07D9XP5SZ,"HENDI Recipiente Gastronorm GN 1/1 con asas, Budget Line, resistencia térmica -40 °C a 250 °C, apto para horno y baño maría, 21L, 530x325x(H) 150mm, acero inoxidable",H817148,82,3,0.00%,0.00%,90,3,0.00%,0.00%,77.94%,0.00%,2,0,2.44%,0.00%,"61,98 €","0,00 €",2,0
B0D1CVG5XS,B07D9YVDDV,HENDI Tabla de cortar con certificación HACCP 600x400 - Azul -600x400mm,H825624,77,6,0.00%,0.00%,91,7,0.00%,0.00%,58.14%,57.14%,3,3,3.90%,50.00%,"114,47 €","114,47 €",2,2
B085SP2NWD,B07DC4CBN7,"HENDI Caja para masa de pizza y de pan, 14L, caja de fermentación, apilable, sin tapa, apta para alimentos, recipiente contenedor porta masa alimentos, sin BPA, 600x400x(H) 75mm, HDPE",H880906,132,11,0.00%,0.01%,174,16,0.00%,0.01%,97.30%,100.00%,3,0,2.27%,0.00%,"60,63 €","0,00 €",2,0
B07DC8JHV4,B07DC8JHV4,Arcos Cuchillo verduras Acero Inoxidable. Cuchillo profesional para pelar frutas y verduras. Mango ergonómico polioximetileno y Hoja 130 mm. Serie Manhattan. Color negro.,161100,130,3,0.00%,0.00%,187,4,0.00%,0.00%,53.07%,100.00%,2,0,1.54%,0.00%,"48,98 €","0,00 €",2,0
B0BXB18B8W,B07DFNDYFM,Arcos Cuchillo pescado Forgedole Acero Inoxidable forjado. Mango Micarta y borseda especial con Hoja plateada 190 mm. Serie Manhattan. Color negro. Impresiona yorprencon cada corte.,161400_,155,12,0.00%,0.01%,211,13,0.00%,0.01%,94.29%,100.00%,2,0,1.29%,0.00%,"51,98 €","0,00 €",2,0
B07DFNDYFM,B07DFNDYFM,Arcos Cuchillo pescado Forgedole Acero Inoxidable forjado. Mango Micarta y borseda especial con Hoja plateada 190 mm. Serie Manhattan. Color negro. Impresiona yorprencon cada corte.,161400_,72,1,0.00%,0.00%,95,1,0.00%,0.00%,58.62%,0.00%,2,0,2.78%,0.00%,"51,98 €","0,00 €",2,0
B07DPCKVL1,B07DPCKVL1,"HENDI Lámpara de calor colgante de altura ajustable, cónica, lámpara térmica de infrarrojos para cocina y mantenimiento de alimentos calientes, 230V, 250W, Ø275x(H)250mm, aluminio color cobre",H273876,32,6,0.00%,0.00%,50,11,0.00%,0.01%,78.26%,0.00%,3,0,9.38%,0.00%,"269,25 €","0,00 €",2,0
B096ZTPPBG,B07DQRFDMB,Arcos Manhattan Cuchillo Santoku Forjado Acero POM Negro 190 mm,161600_etq,491,7,0.01%,0.00%,759,7,0.01%,0.00%,88.46%,100.00%,2,0,0.41%,0.00%,"67,98 €","0,00 €",2,0
B0F4DMVXQV,B07JJGTQK4,Arcos Conjunto Cuchillos 3 piezas - Acero Inoxidable Nitrum y Hoja mm. Cuchillo cocina profesional cocinar. 590 gr. Mango ergonómico polioximetileno POM. Serie Universal. Mayor control. Color negro.,807410_,74,2,0.00%,0.00%,101,2,0.00%,0.00%,32.18%,100.00%,2,0,2.70%,0.00%,"80,50 €","0,00 €",2,0
B0BXB18B8W,B07N8TSTLQ,"Arcos Juego de Cuchillos Forjados (4 Piezas) - Acero Inoxidable NITRUM, Corte Preciso, Mango Ergonómico POM Negro, Incluye Cuchillo Chef, Pan, Pelar y Cocina - Serie Manhattan, Negro",163400,235,5,0.00%,0.00%,291,5,0.00%,0.00%,98.70%,100.00%,2,0,0.85%,0.00%,"399,98 €","0,00 €",2,0
B07PNHKPMY,B07PNHKPMY,"HENDI Caja de golpe de café, rectangular, modelo en forma de gaveta, recipiente para residuos del café, vaciado de posos de café, con barra de golpeo extraíble,350x250x(H)90mm, acero al carbono",H208694,89,13,0.00%,0.01%,117,15,0.00%,0.01%,28.87%,33.33%,3,2,3.37%,15.38%,"269,85 €","179,90 €",2,1
B07PQS3PNH,B07PQS3PNH,"HENDI Caja de golpe de café con marco de madera, vaciado de posos de café, barra de golpeo extraíble con revestimiento de silicona, GN 1/4, 265x162x(H)100mm, madera oscura/acero inoxidable",H208380,164,6,0.00%,0.00%,234,7,0.00%,0.00%,56.28%,33.33%,2,0,1.22%,0.00%,"77,00 €","0,00 €",2,0
B0F147RFRT,B07YYDR6D8,Arcos Juego de Cuchillos de Cocina. 3 piezas de Acero Inoxidable forjado. Impresiona yorprencon cada corte. Mango Micarta azul. Serie Brooklyn. Color Azul.,858110,"5,878",118,0.09%,0.08%,"8,544",160,0.10%,0.08%,45.33%,40.00%,2,0,0.03%,0.00%,"199,98 €","0,00 €",2,0
B0FD46SGNM,B07ZJ9HVTL,"Arcos Set Jamonero 3 Piezas - Cuchillo Jamonero, Deshuesador y Afilador - Acero Inoxidable Forjado - Mango POM Negro Resistente - Funda Jamonero Incluida - Serie Manhattan",858500+Funda_Jamon,119,2,0.00%,0.00%,133,2,0.00%,0.00%,93.68%,100.00%,2,0,1.68%,0.00%,"179,98 €","0,00 €",2,0
B082VWVDMX,B082VWVDMX,HENDI Cesta para baguetes - 305x320x(H)350 mm,H426517,33,3,0.00%,0.00%,49,6,0.00%,0.00%,83.72%,60.00%,10,8,30.30%,266.67%,"405,00 €","324,00 €",2,1
B0843DFWRQ,B0843DFWRQ,"Arcos Cuchillo Chef Acero Inoxidable. Cuchillo cocina profesional cortar carne, pescado, aves, frutas y verduras. Mango ergonómico polioximetileno y Hoja 140 mm. Serie Opera. Color negro.",224900_fbm,134,3,0.00%,0.00%,208,6,0.00%,0.00%,81.03%,100.00%,2,0,1.49%,0.00%,"49,71 €","0,00 €",2,0
B0843DKXYN,B0843DKXYN,Arcos Opera Cuchillo Jamonero Forjado Acero Inoxidable Nitrum 300 mm,226800_,92,1,0.00%,0.00%,137,2,0.00%,0.00%,89.15%,100.00%,2,0,2.17%,0.00%,"69,90 €","0,00 €",2,0
B0FR444FLT,B0843DNN57,Arcos Set Cuchillos Forjados 4 piezas (3 Cuchillos + 1 tijeras) - Acero Inoxidable Forjado NITRUM - Mango Micarta - Bloques Madera Color Azul. Serie Brooklyn. Impresiona yorprencon Cada Corte.,194000,"1,430",26,0.02%,0.02%,"1,856",33,0.02%,0.02%,89.92%,90.48%,2,0,0.14%,0.00%,"181,80 €","0,00 €",2,0
B0FQNZM34T,B0843PT8MC,Arcos Cuchillo pelar Acero Inoxidable. Cuchillo cocina para pelar frutas y verduras. Mango ergonómico polioximetileno y Hoja 100 mm. Serie Opera. Color negro.,_225700_,220,7,0.00%,0.00%,267,11,0.00%,0.01%,76.07%,80.00%,2,0,0.91%,0.00%,"41,98 €","0,00 €",2,0
B0CYTKGNPM,B0843Q6L5P,ARCOS Pelador Profesional Acero Inoxidable Cromado 130 mm,607000_etq1,"44,618","1,327",0.72%,0.90%,"67,898","2,004",0.77%,0.95%,0.74%,9.58%,3,0,0.01%,0.00%,"18,75 €","0,00 €",2,0
B0FQNZM34T,B0843VWTWD,Arcos Cuchillo Chef Acero Inoxidable. Cuchillo cocina profesional multipropósito para cortar y limpiar verduras. Mango ergonómico polioximetileno y Hoja 260 mm. Serie Opera. Color negro.,225300_fbm,234,4,0.00%,0.00%,285,5,0.00%,0.00%,91.47%,100.00%,2,0,0.85%,0.00%,"85,98 €","0,00 €",2,0
B0F9TD2LTH,B084WYHN2S,CUPERINOX Cuchillos Carne | Cuchillos Mesa | Cuchillos Chuleteros | Cuchillo Sierra | 100 mm | Acero Inoxidable | Cuchillos para mesa (Madera),13012,89,8,0.00%,0.01%,117,12,0.00%,0.01%,33.00%,50.00%,2,0,2.25%,0.00%,"21,98 €","0,00 €",2,0
B08KFQBJWQ,B0857QCPPW,"HENDI Percolador de café 14L, de una pared, con filtro incorporado y grifo antigoteo, para café molido grueso,230V, 50/60Hz, 1750W, 357x380x(H) 502mm, negro mate, acero inoxidable, PP",H211489,78,17,0.00%,0.01%,104,22,0.00%,0.01%,54.26%,15.00%,2,0,2.56%,0.00%,"322,13 €","0,00 €",2,0
B0857QPQZ5,B0857QPQZ5,"HENDI Placa eutéctica de calor profesional, GN 1/2, para cajas térmicas, elemento calefactor, acumulador de calor, bloque térmico, placa caliente, 320x265x(H)30mm, HDPE, rojo",H707784,44,7,0.00%,0.00%,49,7,0.00%,0.00%,53.19%,33.33%,5,0,11.36%,0.00%,"144,90 €","0,00 €",2,0
B08KGNLTBJ,B0857QX9VN,"HENDI Hervidor de agua eléctrico 16L, dispensador de bebidas calientes, termo de una pared para vino, té, hasta 100°C, 230V, 50/60Hz, 1650W, 357x380x(H)502mm, acero inoxidable satinado, PP",H211427,48,6,0.00%,0.00%,62,7,0.00%,0.00%,92.98%,100.00%,5,4,10.42%,66.67%,"598,75 €","479,00 €",2,1
B08TWZYBPZ,B08DD8SPD3,Cuperinox Taco Madera y Jamonero (Juego de Cuchillos y Jamonero),19510_bundle,71,2,0.00%,0.00%,88,2,0.00%,0.00%,97.30%,100.00%,2,0,2.82%,0.00%,"100,00 €","0,00 €",2,0
B08SM74SYV,B08SM74SYV,HENDI Picador de hielo 3L - eléctrica,H271599,50,8,0.00%,0.01%,60,10,0.00%,0.00%,57.89%,62.50%,2,2,4.00%,25.00%,"758,00 €","758,00 €",2,2
B095YCZR93,B095YCZR93,"HENDI Sifón de cocina, con 3 boquillas de polipropileno y cepillo de limpieza, sifón para montar nata, espumas, mousses, postres, espumado en frío, 0,5L, ø80x(H)260mm, aluminio, amarillo pastel",H975855,45,3,0.00%,0.00%,52,4,0.00%,0.00%,60.00%,100.00%,2,0,4.44%,0.00%,"79,98 €","0,00 €",2,0
B0DN1W9C9M,B0972KV1BD,"HENDI Accesorio batidor de varillas 250mm, recambio para la batidoras de mano de HENDI 221884 y 221891, varilla agitadora, mezclador, Poliamida, Acero inoxidable",H222263,48,8,0.00%,0.01%,68,12,0.00%,0.01%,96.83%,100.00%,2,2,4.17%,25.00%,"237,98 €","237,98 €",2,2
B099G3S6KB,B099G3S6KB,Roll On Post-Picaduras VINFERMATON | Adultos y niños* | Alivio del picor y el dolor | Todo tipo de picaduras,V581100,143,1,0.00%,0.00%,187,1,0.00%,0.00%,63.53%,100.00%,2,0,1.40%,0.00%,"19,96 €","0,00 €",2,0
B09GPRC2LN,B09GPRC2LN,"HENDI Extractor centrífugo de zumos, eléctrico, exprimidor de cítricos, exprimidor de naranjas, adecuado para frutas y verduras duras, hasta 3000 rpm, 490x280x510mm, acero inoxidable",H221105,99,14,0.00%,0.01%,129,22,0.00%,0.01%,52.59%,41.18%,2,1,2.02%,7.14%,"1.550,00 €","765,00 €",2,1
B09GPRPL9R,B09GPRPL9R,"HENDI Horno profesional de dos pisos para pizzas, horno eléctrico, para pizzas hasta diámetro 39cm, 50˚C~350˚C, 230V, 3000W, 580x560x(H)435mm, plateado, cuerpo de acero inoxidable AISI 430",H220283,30,1,0.00%,0.00%,36,1,0.00%,0.00%,96.97%,100.00%,2,1,6.67%,100.00%,"950,00 €","475,00 €",2,1
B09JCL3T22,B09JCL3T22,"HENDI Carro bandejero doble móvil, 30 x GN 1/1, capacidad de carga 150 kg, 798x610x(H)1710mm, acero inoxidable",H810576,51,10,0.00%,0.01%,64,15,0.00%,0.01%,98.36%,100.00%,2,2,3.92%,20.00%,"728,75 €","728,75 €",2,2
B06XB92VRH,B09LYZ5G5S,CUPERINOX Deluxe Cafetera Italiana Induccion Espresso Inoxidable 6 Tazas,25052FBM,"1,657",34,0.03%,0.02%,"2,050",40,0.02%,0.02%,53.94%,66.67%,2,0,0.12%,0.00%,"60,48 €","0,00 €",2,0
B09NC818YZ,B09NC818YZ,"HENDI Arrocera, Función de Mantenimiento del Calor, 50 Tazas de Arroz Seco, Vaso Medidor y Cuchara Arrocera, 230V, 2900W, ø495x(H)365mm, Aluminium, 10L",H240458,233,13,0.00%,0.01%,301,23,0.00%,0.01%,61.73%,0.00%,2,0,0.86%,0.00%,"396,00 €","0,00 €",2,0
B0DK3JR7C3,B09S5NQQQT,"HENDI Mezclador Profesional de Bebidas, Aireador/Batidor de Bebidas Ligeras, Frappés, Capuchinos Fríos, Drink Mixer, Incluye 2 Vasos y 4 Agitadores, 230V/400W, 170x196x(H)490mm, Negro",H221600,186,4,0.00%,0.00%,223,5,0.00%,0.00%,84.16%,40.00%,3,0,1.61%,0.00%,"481,51 €","0,00 €",2,0
B0B2RGHSMW,B0B2RGHSMW,"HENDI Cesta para Freír, 6L, 238x185x(H)100mm",H930632,580,65,0.01%,0.04%,957,95,0.01%,0.04%,4.49%,0.00%,2,0,0.34%,0.00%,"49,52 €","0,00 €",2,0
B0BMG27JWT,B0BMG27JWT,"HENDI Mesa de trabajo central,encimera reforzada con estante, atornillada, patas ajustables,para hoteles, restaurantes, bares, cocinas,centros de elaboración,200x600x(H)850mm,acero inoxidable",H817179,63,14,0.00%,0.01%,87,16,0.00%,0.01%,93.15%,87.50%,2,0,3.17%,0.00%,"779,00 €","0,00 €",2,0
B0C5XQ76DR,B0C5XQ76DR,Arcos Soporte de Cuchillos Petra - Hecho de piedra caliza y madera - 28x36x7 cm - Capacidad 6 cuchillos (CUCHILLOS NO INCLUIDOS),795500,177,11,0.00%,0.01%,237,17,0.00%,0.01%,94.71%,100.00%,2,0,1.13%,0.00%,"389,00 €","0,00 €",2,0
B0CM6RWLQM,B0CM6RWLQM,"HENDI Hervidor de Sopa Eléctrico UNIQ, 8L, Negro",H860526,81,16,0.00%,0.01%,115,30,0.00%,0.01%,66.67%,42.86%,2,1,2.47%,6.25%,"331,98 €","165,99 €",2,1
B0CN14GJ6L,B0CN14GJ6L,"HENDI Vitrina expositora con cubierta deslizante, mostrador Buffet, conjunto exhibidor con doble función: calentar o enfriar, kit incl. 2 bloques de gel, bandeja de acero inox, 465x315x(H)195mm, PP",H871775,564,44,0.01%,0.03%,745,56,0.01%,0.03%,60.27%,40.43%,3,0,0.53%,0.00%,"254,97 €","0,00 €",2,0
B0D1CZJMQ3,B0CQMRLLBB,"HENDI Emplatar Chef Kit, Juego de Herramientas de emplatado y Decorado culinario, 6 Piezas: Pinzas-cucharas-espátula, Incl. Estuche, Acero Inoxidable Satinado, Plata, poliéster, PP",H400081,240,4,0.00%,0.00%,373,6,0.00%,0.00%,26.98%,0.00%,2,0,0.83%,0.00%,"78,60 €","0,00 €",2,0
B0CQMTRX9C,B0CQMTRX9C,"HENDI Hacha de carnicero profesional, herramienta para manipular y cortar carne, hoja de acero inoxidable de 125 mm de largo, mango ergonómico de polietileno blanco de 450 mm",H843390,121,5,0.00%,0.00%,159,8,0.00%,0.00%,88.28%,60.00%,2,0,1.65%,0.00%,"245,98 €","0,00 €",2,0
B0F2Z57T3H,B0CS6V91GR,CUPERINOX® Cuchillos de Mesa con Mango de Madera – Set 6 Cuchillos para Carne con Filo Dentado – Estilo Palmadera tradicional – Aptos para Uso Diario,14015_us,326,13,0.01%,0.01%,381,13,0.00%,0.01%,98.77%,100.00%,3,0,0.92%,0.00%,"56,97 €","0,00 €",2,0
B0DNNL6D3J,B0DNNL6D3J,Cuperinox Afilador Cuchillos | Afilador de Cuchillos Profesional | Knife Sharpener | Afilador 3 etapas | Todo tipo de cuchillos de acero y ceramica incluso cuchillo jamonero | Base Antideslizante,20775,190,4,0.00%,0.00%,254,4,0.00%,0.00%,73.01%,100.00%,2,0,1.05%,0.00%,"24,48 €","0,00 €",2,0
B0DNTJPHVR,B0DNTJPHVR,"Cuperinox Botella de Agua Térmica - Acero Inoxidable Doble Pared con Tapa Hermética, Libre de BPA, Ideal para Mantener Bebidas Calientes o Frías por Horas, Perfecta para Deporte, Oficina y Viajes",26006,36,2,0.00%,0.00%,46,2,0.00%,0.00%,100.00%,100.00%,2,0,5.56%,0.00%,"29,98 €","0,00 €",2,0
B0DT75PQN7,B0DT75PQN7,"CUPERINOX Kit Cocina Montessori | Cuchillos Niños Aprendizaje +2 Años | Set Completo de Cuchillos Infantiles de 17 Piezas | Incluye Tijeras, Moldes, Batidor, Tabla y Cuchillo Seguro",27017,86,4,0.00%,0.00%,128,8,0.00%,0.00%,100.00%,100.00%,2,0,2.33%,0.00%,"39,98 €","0,00 €",2,0
B0DTK8VD9V,B0DTK8VD9V,"HENDI Freidora eléctrica XL GOLIATH, con grifo de vaciado, 50 °C-190 °C, zona fría, con tapa y cesta de freír, 10L, muy potente: 10200W, 400V, 300x585x(H)392mm, acero inoxidable",H209431,78,14,0.00%,0.01%,116,17,0.00%,0.01%,84.62%,33.33%,2,1,2.56%,7.14%,"898,00 €","449,00 €",2,1
B0DTKB63SV,B0DTKB63SV,"HENDI Batidora de mano, con cable en espiral, brazo batidor: 225mm, velocidad variable: 8500 a 16500 RPM, procesa hasta 3L, batidora de inmersión, ø65x(H)425mm, 220V/1000W, acero inoxidable, ABS",H221181,104,6,0.00%,0.00%,173,6,0.00%,0.00%,71.25%,0.00%,2,0,1.92%,0.00%,"199,00 €","0,00 €",2,0
B0FR444FLT,B0F3JW5W24,Arcos by Chef José Andrés | Cuchillo Rocking Santoku de 19 cm Forjado para Precisión Culinaria Profesional | Hoja de Acero Inoxidable NITRUM con Borde de Seda | Mango Ergonómico de Madera de Encina,171600,"1,198",34,0.02%,0.02%,"1,349",39,0.02%,0.02%,93.13%,91.67%,2,0,0.17%,0.00%,"153,75 €","0,00 €",2,0
B0FJLTDB9J,B0F95HH915,"Alicates para pedicura, Profesional, Cortaúñas de Pies, Acero Inoxidable, Mango Ergonómico Antideslizante, Fácil Limpieza, Con Funda, 2 Años de Garantía (Cortauñas Grande)",21931X2,119,2,0.00%,0.00%,138,2,0.00%,0.00%,99.09%,100.00%,2,0,1.68%,0.00%,"14,98 €","0,00 €",2,0
B0FJLTDB9J,B0F9L19CF8,Set de Cortauñas Profesional,21931+21932,131,2,0.00%,0.00%,163,2,0.00%,0.00%,99.26%,100.00%,2,0,1.53%,0.00%,"13,98 €","0,00 €",2,0
B0DKP7F29P,B0FS7VJ21D,"Arcos Sartén Samoa Inox 26 cm, Acero inoxidable tricapa libre de PFAS",8421002726408,244,6,0.00%,0.00%,302,6,0.00%,0.00%,84.86%,100.00%,2,0,0.82%,0.00%,"91,90 €","0,00 €",2,0
B08TWZYBPZ,B0FZC9C1BJ,"CUPERINOX- Set de Cuchillos Profesionales de Cocina 3 Piezas + Estuche Regalo | Chef 20 cm, Santoku 18 cm y Universal 13 cm | Acero Inoxidable Alta Precisión | Mango Ergonómico| Apto Lavavajillas",19302_FBA,221,4,0.00%,0.00%,289,5,0.00%,0.00%,98.44%,0.00%,2,0,0.90%,0.00%,"59,98 €","0,00 €",2,0
B08TWZYBPZ,B0FZC9C1BJ,"CUPERINOX- Set de Cuchillos Profesionales de Cocina 3 Piezas + Estuche Regalo | Chef 20 cm, Santoku 18 cm y Universal 13 cm | Acero Inoxidable Alta Precisión | Mango Ergonómico| Apto Lavavajillas",19302,221,4,0.00%,0.00%,289,5,0.00%,0.00%,98.44%,0.00%,2,0,0.90%,0.00%,"43,98 €","0,00 €",2,0
B0FZCJ46CM,B0FZCJ46CM,CUPERINOX - Set Cuchillo Jamonero+ Deshuesador Profesional Forjado 2 Piezas | Cuchillo Jamonero Alveolado 25 cm y Deshuesador 15 cm |Corte Fino y Equilibrado | Aptos para lavavajillas,19303,87,1,0.00%,0.00%,146,1,0.00%,0.00%,96.75%,100.00%,2,0,2.30%,0.00%,"49,33 €","0,00 €",2,0
B0G3ZJ89NB,B0FZD7ZY1W,CUPERINOX Cuchillo Jamonero Profesional 25 cm – Hoja Alveolada de Acero Inoxidable Antideslizante con Mango Ergonómico – Corte Preciso y Fino para Jamón y Paletilla| Maestros del Corte,19303f,"2,363",39,0.04%,0.03%,"2,890",43,0.03%,0.02%,99.93%,100.00%,2,0,0.08%,0.00%,"39,98 €","0,00 €",2,0
B0G2CSJD3L,B0G2CSJD3L,Ambientador Floral superconcentrado. 5 Litros con solo 250 ml. Ahorro total,WC010,62,4,0.00%,0.00%,82,5,0.00%,0.00%,98.70%,100.00%,2,1,3.23%,25.00%,"26,20 €","12,99 €",2,1
B0G3ZJ89NB,B0G2MT6K5N,"CUPERINOX Jamonero Inoxidable Giratorio | Jamonera base Inoxidable | Incluye Cuchillo Jamonero Alveolos 25 cm, Deshuesador 15 cm, Afilador y Funda para Jamón | Apto Jamones y Paletilla",20251_FBA,"9,978",299,0.16%,0.20%,"16,743",491,0.19%,0.23%,99.85%,100.00%,2,0,0.02%,0.00%,"149,98 €","0,00 €",2,0
B0D1CVLGY6,B0009WFNOM,"HENDI 856352 Rallador, Fino, Estrecho, 35x390 mm",H856352,10,0,0.00%,0.00%,13,0,0.00%,0.00%,63.64%,0.00%,1,0,10.00%,0.00%,"20,99 €","0,00 €",1,0
B0F4978XQ6,B000NOAYMM,Arcos Cuchillo Jamonero Acero Inoxidable 240 mm,281804_fba,89,6,0.00%,0.00%,156,7,0.00%,0.00%,16.67%,50.00%,1,0,1.12%,0.00%,"16,49 €","0,00 €",1,0
B000NOAYMM,B000NOAYMM,Arcos Cuchillo Jamonero Acero Inoxidable 240 mm,281804_fba,7,0,0.00%,0.00%,13,0,0.00%,0.00%,75.00%,0.00%,1,0,14.29%,0.00%,"16,49 €","0,00 €",1,0
B0DK3GS44K,B000YL0V8G,"HENDI Antorcha de cocina, soplete de cocina, soplete flambeador, mechero del Chef, de gas butano, recargable (se suministra vacío), con encendido automático, con base, 145x(H)190mm, negro y platado",H198209,44,4,0.00%,0.00%,54,5,0.00%,0.00%,37.78%,33.33%,1,1,2.27%,25.00%,"43,35 €","43,35 €",1,1
B0752TVHLW,B0044R87I2,Arcos Conjunto Cuchillos 4 piezas (3 Cuchillos + 1 tijeras). Acero Inoxidable y Hoja mm. 1670 gr. Bloque madera pino. Mango ergonómico polioximetileno POM. Serie Universal. Mayor control. Color negro.,285000,453,2,0.01%,0.00%,579,4,0.01%,0.00%,93.94%,100.00%,1,0,0.22%,0.00%,"57,18 €","0,00 €",1,0
B017HKJSMG,B0044R87L4,Arcos Cuchillo Panero con Hoja de Acero Inoxidable Nitrum 200 mm. Cuchillo Pan ideal para uso doméstico diario. Obtenga una gran variedad cortes parau comida. Serie Universal. Color negro.,282104_,"4,549",159,0.07%,0.11%,"7,284",234,0.08%,0.11%,0.06%,1.84%,4,4,0.09%,2.52%,"67,96 €","67,96 €",1,1
B0044R87TQ,B0044R87TQ,Arcos Cuchillo Salmón y Pescado Acero Inoxidable 290 mm,284004,365,15,0.01%,0.01%,523,20,0.01%,0.01%,2.16%,0.00%,1,0,0.27%,0.00%,"22,75 €","0,00 €",1,0
B0044R87UA,B0044R87UA,Arcos Cuchillo Jamonero con Alveolos Acero Inoxidable 240mm,281801_,453,9,0.01%,0.01%,702,12,0.01%,0.01%,0.97%,28.57%,1,1,0.22%,11.11%,"19,49 €","19,49 €",1,1
B08QCTG3WH,B004DDNPHU,HENDI Calientaplatos (Redondo) - Kitchen Line - 3.5 L - diámetro390X(H) 270 mm,H470619,76,3,0.00%,0.00%,118,3,0.00%,0.00%,50.54%,0.00%,1,0,1.32%,0.00%,"63,49 €","0,00 €",1,0
B0050G71HY,B0050G71HY,"HENDI Gofrera eléctrica, gofres de Lieja, 2 moldes rectangulares de 4x6, con tenedor para gofres, T regulable, placas de hierro fundido antiadherente, 230V, 1500W, 320x437x(H)251mm, acero inoxidable",H893908,46,2,0.00%,0.00%,66,3,0.00%,0.00%,50.85%,33.33%,1,1,2.17%,50.00%,"304,75 €","304,75 €",1,1
B0CL3H7NJC,B0050HJJVO,"HENDI Parrilla Eléctrica de Contacto Doble, Grill/Plancha Panini y Sandwichera Profesional, Placas Acanaladas y Lisas de Hierro Fundido Esmaltado, 230V, 3600W, 570x375x(H)216mm, Acero Inoxidable",H263808,126,21,0.00%,0.01%,195,27,0.00%,0.01%,77.91%,61.90%,1,0,0.79%,0.00%,"384,00 €","0,00 €",1,0
B0050HLLHO,B0050HLLHO,"HENDI Salamandra eléctrica profesional elevable, regulación de altura 70-200mm, 300°C, 230V, 2800W, 470x520x(H)530mm, acero inoxidable",H264607,35,4,0.00%,0.00%,51,9,0.00%,0.00%,95.45%,100.00%,1,0,2.86%,0.00%,"649,00 €","0,00 €",1,0
B0050I7NQQ,B0050I7NQQ,"HENDI Percolador de café, de una sola pared, con filtro incorporado, grifo antigoteo, para café molido grueso, no necesita filtro de papel, 6L, 230V, 1500W, 340x227x(H)468mm, acero inoxidable 18/0",H208007,13,0,0.00%,0.00%,16,0,0.00%,0.00%,56.25%,0.00%,1,0,7.69%,0.00%,"119,50 €","0,00 €",1,0
B0050NI7LQ,B0050NI7LQ,"HENDI Dispensador de Bebidas Calientes Eléctrico, de Pared Simple, Hervidor para Agua y Vino Caliente, 94–99°C, 9L, 230V/2200W, 340x227x(H)468mm, Acero Inoxidable",H209882,26,7,0.00%,0.00%,30,8,0.00%,0.00%,65.52%,57.14%,1,0,3.85%,0.00%,"112,49 €","0,00 €",1,0
B005LR5ZYS,B005LR5ZYS,Arcos Serie Terranova - Cuchillo para Pan Panero - Hoja de Acero Inoxidable Forjado NITRUM 200 mm - Mango de Polioximetileno (POM) color negro,155700,131,1,0.00%,0.00%,173,1,0.00%,0.00%,100.00%,100.00%,1,0,0.76%,0.00%,"24,99 €","0,00 €",1,0
B0F1ZF7H1L,B005LR698E,Arcos Cuchillo Negro 130 mm,231500_,"11,436",274,0.18%,0.19%,"15,578",377,0.18%,0.18%,0.14%,0.00%,1,0,0.01%,0.00%,"23,49 €","0,00 €",1,0
B07BDT9JQ9,B005LR6AEW,Arcos Riviera Forjada Cuchillo para Pescado Acero Inoxidable Nitrum 170 mm,232900,107,2,0.00%,0.00%,162,2,0.00%,0.00%,27.03%,0.00%,1,0,0.93%,0.00%,"26,99 €","0,00 €",1,0
B005LR6C7C,B005LR6C7C,Arcos Cuchillo Cocina Acero Inoxidable Negro 180 mm,233500,39,1,0.00%,0.00%,58,1,0.00%,0.00%,79.17%,100.00%,1,0,2.56%,0.00%,"34,99 €","0,00 €",1,0
B017HKHR92,B005LR6C7C,Arcos Cuchillo Cocina Acero Inoxidable Negro 180 mm,233500_,94,0,0.00%,0.00%,149,0,0.00%,0.00%,69.57%,0.00%,1,0,1.06%,0.00%,"34,99 €","0,00 €",1,0
B017HKHR92,B005LR6E0C,Arcos Cuchillo Cocinero Acero Inoxidable Negro 150 mm,233400,"1,564",25,0.03%,0.02%,"2,127",30,0.02%,0.01%,7.42%,4.76%,1,0,0.06%,0.00%,"26,99 €","0,00 €",1,0
B005LR6I4Y,B005LR6I4Y,Arcos Serie Riviera - Juego de Cuchillos de 4 piezas para cajón - Hoja de Acero Inoxidable Forjado NITRUM - Mango de Polioximetileno (POM) - Cajonera de Madera Color Marrón,234000,42,0,0.00%,0.00%,54,0,0.00%,0.00%,78.00%,0.00%,1,0,2.38%,0.00%,"149,99 €","0,00 €",1,0
B017HKIZ5W,B005LR6SNU,"Arcos Cuchillo Jamonero Flexible, Hoja de Acero Inoxidable NITRUM 275 mm, Mango de Madera Palisandro, Corte Preciso y Duradero, Serie Atlantico",272300_,15,0,0.00%,0.00%,22,0,0.00%,0.00%,100.00%,0.00%,1,0,6.67%,0.00%,"17,99 €","0,00 €",1,0
B08VFJ88CV,B005LR6ZJM,Arcos Cuchillo Verduras Acero Inoxidable 110 mm,135200,"1,353",39,0.02%,0.03%,"2,070",58,0.02%,0.03%,0.05%,0.00%,1,0,0.07%,0.00%,"8,12 €","0,00 €",1,0
B017HKFNO8,B005LR70T6,Arcos Niza Cuchillo de Cocina Acero Inoxidable Negro 200 mm,135400,782,22,0.01%,0.01%,"1,154",33,0.01%,0.02%,2.75%,0.00%,1,0,0.13%,0.00%,"10,60 €","0,00 €",1,0
B0BMQ3CMJD,B005LR73D4,Arcos Serie Niza - Set Jamoneri - Cuchillo Jamonero + Chaira - Hoja de Acero Inoxidable NITRUM de 240 mm - Mangos fabricados en Polipropileno (PP) Color Negro,_136700_,"5,942",137,0.10%,0.09%,"8,454",181,0.10%,0.09%,7.46%,4.39%,1,0,0.02%,0.00%,"15,25 €","0,00 €",1,0
B0752TVHLW,B006963LSM,Arcos Cuchillo para Pan Acero Inoxidable 250 mm,282204_,126,9,0.00%,0.01%,177,13,0.00%,0.01%,20.65%,30.77%,1,0,0.79%,0.00%,"19,49 €","0,00 €",1,0
B0752TVHLW,B006LMX2EW,Arcos Universal Cuchillo Jamonero Acero Hoja Hueca Negro 280 mm,281901_,307,7,0.00%,0.00%,502,8,0.01%,0.00%,12.04%,0.00%,1,0,0.33%,0.00%,"23,49 €","0,00 €",1,0
B0752TVHLW,B006LMX2GK,Arcos Cuchillo Jamonero Acero Inoxidable Forjado Nitrum 280 mm,281904,103,2,0.00%,0.00%,160,2,0.00%,0.00%,23.66%,100.00%,1,0,0.97%,0.00%,"17,77 €","0,00 €",1,0
B007TS679E,B007TS679E,Arcos Cuchillo Pelar Acero Inoxidable 75 mm,280104,450,11,0.01%,0.01%,736,13,0.01%,0.01%,1.64%,0.00%,2,0,0.44%,0.00%,"20,98 €","0,00 €",1,0
B0752TVHLW,B007TS67OY,Arcos Cuchillo Chef Acero Inoxidable 155 mm,280404,311,3,0.01%,0.00%,437,3,0.00%,0.00%,42.78%,100.00%,1,0,0.32%,0.00%,"16,49 €","0,00 €",1,0
B0F4Y65QSY,B007TS67Q2,Arcos Cuchillo Chef Acero Inoxidable 120 mm,280304,19,0,0.00%,0.00%,26,0,0.00%,0.00%,33.33%,0.00%,1,0,5.26%,0.00%,"12,99 €","0,00 €",1,0
B0F4DMVXQV,B007TS67Q2,Arcos Cuchillo Chef Acero Inoxidable 120 mm,280304,113,7,0.00%,0.00%,205,12,0.00%,0.01%,1.69%,0.00%,1,0,0.88%,0.00%,"12,99 €","0,00 €",1,0
B0752TVHLW,B007TS68IO,Arcos Universal Cuchillo Carnicero Deshuesador Acero Inoxidable 180 mm,288300_fbm,44,1,0.00%,0.00%,59,2,0.00%,0.00%,9.52%,0.00%,1,0,2.27%,0.00%,"30,99 €","0,00 €",1,0
B00YTW5C8U,B007TS695Q,Arcos Colour Prof Cuchillo Carnicero Acero Inoxidable Nitrum 130 mm,241400,34,0,0.00%,0.00%,43,0,0.00%,0.00%,19.05%,0.00%,1,0,2.94%,0.00%,"14,99 €","0,00 €",1,0
B0DDW46XR7,B009SM0U92,"HENDI Bandeja de Servicio Rectangular, Superficie Antideslizante, GN 1/1, 530x325x(H) 20mm, Polipropileno, Negro",H878101,159,4,0.00%,0.00%,179,4,0.00%,0.00%,71.90%,100.00%,1,0,0.63%,0.00%,"14,99 €","0,00 €",1,0
B0873P7271,B009T19KXO,"HENDI Calentador Eléctrico para Chafing Dish GN 1/1, Sustituto del Combustible de Gel/Pasta, Mantiene la Temperatura de Servicio, 230V/380W, 300x200x(H) 40mm",H809709,25,1,0.00%,0.00%,26,1,0.00%,0.00%,73.08%,100.00%,1,0,4.00%,0.00%,"77,95 €","0,00 €",1,0
B00BHZPHOG,B00BHZPHOG,Arcos Riviera Blanc Cuchillo Panero Acero Inoxidable Nitrum 200 mm,231324_,10,0,0.00%,0.00%,16,0,0.00%,0.00%,53.33%,0.00%,1,0,10.00%,0.00%,"29,99 €","0,00 €",1,0
B07BDRX2JT,B00BHZPHOG,Arcos Riviera Blanc Cuchillo Panero Acero Inoxidable Nitrum 200 mm,231324_,435,13,0.01%,0.01%,648,22,0.01%,0.01%,3.96%,0.00%,1,0,0.23%,0.00%,"29,99 €","0,00 €",1,0
B0752TVHLW,B00BHZPO3K,Arcos Cuchillo para Queso Acero Inoxidable NITRUM 145 mm,281604_fbm,684,12,0.01%,0.01%,989,15,0.01%,0.01%,2.74%,0.00%,1,0,0.15%,0.00%,"21,09 €","0,00 €",1,0
B00BQU1ILS,B00BQU1ILS,"HENDI Calentador eléctrico de Alimentos para Buffet Tesino, Chafing Dish eléctrico al baño María, Capacidad 6,8L, hasta 85°C, 230V, 500W, ⌀405x(H) 248mm, Polipropileno y Acero Inoxidable",H,37,4,0.00%,0.00%,46,5,0.00%,0.00%,86.36%,50.00%,1,0,2.70%,0.00%,"118,99 €","0,00 €",1,0
B0D1CVYQWN,B00BQU1MDM,"HENDI Cortador de verduras, mandolina de cocina multifuncional, rebanadora manual, 5 cuchillas, soporte antideslizante, 395x125x(h)200 mm, acero inoxidable, polipropileno y ABS",H222652,134,2,0.00%,0.00%,196,2,0.00%,0.00%,4.02%,0.00%,1,0,0.75%,0.00%,"69,49 €","0,00 €",1,0
B00BQU1RO6,B00BQU1RO6,"HENDI Termómetro digital con sonda, rango de temperatura -50 a 300°C, función mín./máx., alarma y bloqueo de lectura, 195x85x(H)45mm, multicolor, acero inoxidable 18/8 y PVC",H271407,66,7,0.00%,0.00%,84,10,0.00%,0.00%,36.49%,0.00%,1,0,1.52%,0.00%,"88,70 €","0,00 €",1,0
B07TWJ3TPK,B00GZR3QJO,HENDI Sistema de sous-vide GN 1/1. - 20 L - 230V / 600W - 335x540(H)310 mm,H225448,326,48,0.01%,0.03%,481,70,0.01%,0.03%,0.47%,0.00%,1,1,0.31%,2.08%,"448,99 €","448,99 €",1,1
B0D1CW5WWV,B00GZR3RSO,"HENDI Centrifugador de ensaladas, secador de ensaladas, cesta de centrifugado interior extraíble, apto para el lavavajillas, 12 L, ø335x(h)430 mm, Poliamida, Polipropileno",H952991,26,1,0.00%,0.00%,34,5,0.00%,0.00%,87.10%,100.00%,1,1,3.85%,100.00%,"119,75 €","119,75 €",1,1
B0D1CW5WWV,B00GZR3SJW,"HENDI Centrifugador de ensaladas, secador de ensaladas, cesta de centrifugado interior extraíble, apto para el lavavajillas, 25 L, ø430x(h)530 mm, Poliamida, Polipropileno",H952992,21,2,0.00%,0.00%,21,2,0.00%,0.00%,85.71%,100.00%,1,0,4.76%,0.00%,"138,50 €","0,00 €",1,0
B017HKI11U,B00J64GEEC,Arcos Riviera Blanc Cuchillo Chef Forjado Acero Inoxidable 250 mm,233724_,603,11,0.01%,0.01%,834,18,0.01%,0.01%,0.52%,0.00%,1,0,0.17%,0.00%,"42,99 €","0,00 €",1,0
B00J64GI4S,B00J64GI4S,Arcos Riviera Blanc Cuchillo Jamonero Forjado POM Blanco 300 mm,231124_,17,0,0.00%,0.00%,21,0,0.00%,0.00%,100.00%,0.00%,1,0,5.88%,0.00%,"36,99 €","0,00 €",1,0
B07BDW2X7S,B00J64GI70,Arcos Riviera Blanc Cuchillo Fileteador Forjado Acero Inoxidable 200 mm,233024_,321,6,0.01%,0.00%,492,6,0.01%,0.00%,22.87%,20.00%,1,0,0.31%,0.00%,"25,99 €","0,00 €",1,0
B0F1ZF7H1L,B00J64GI84,Arcos Riviera Blanc Cuchillo Sole para Pescado Acero Inoxidable 170 mm,232924_,631,27,0.01%,0.02%,739,33,0.01%,0.02%,5.21%,14.29%,1,0,0.16%,0.00%,"26,99 €","0,00 €",1,0
B0752TVHLW,B00J64GMWQ,Arcos Universal Cuchillo Chef Granton Acero Inoxidable Nitrum 200 mm,280601_us,319,19,0.01%,0.01%,409,32,0.00%,0.02%,11.65%,0.00%,1,0,0.31%,0.00%,"21,99 €","0,00 €",1,0
B0D1CVQX4L,B00JP7NAGK,"HENDI Tabla de Cortar, Madera, marrón, 530x325mm GN 1/1",H506905,404,18,0.01%,0.01%,582,22,0.01%,0.01%,34.00%,13.33%,2,0,0.50%,0.00%,"83,50 €","0,00 €",1,0
B00OF83Z9Q,B00OF83Z9Q,ARCOS Aplastador de Filetes y Carne Acero Inoxidable 140 mm,796000,405,10,0.01%,0.01%,513,14,0.01%,0.01%,43.53%,11.11%,1,0,0.25%,0.00%,"40,90 €","0,00 €",1,0
B00OFR535Q,B00OFR535Q,"Arcos Afiladores - Afilador Eléctrico de Cuchillos Afilador de Cuchillos Eléctricos, Hecho de Plástico, Color Negro (Rodillos de Banda Intercambiables)",610500_fbm,289,11,0.00%,0.01%,368,12,0.00%,0.01%,97.01%,100.00%,1,1,0.35%,9.09%,"234,99 €","234,99 €",1,1
B00OY5ZNT0,B00OY5ZNT0,"HENDI Carrito de Servicio Profesional, de Cocina o Restaurante, Multiusos, 3 estantes, 4 Ruedas giratorias (2 con Freno), Carga máx. 50 kg por Estante, 800x420x(H) 945mm, Polipropileno",H810200,126,13,0.00%,0.01%,181,16,0.00%,0.01%,26.25%,0.00%,1,0,0.79%,0.00%,"138,50 €","0,00 €",1,0
B00U2R00QK,B00U2R00QK,VINFER - Limpiacristales Vinfer 5 L,VP300,20,1,0.00%,0.00%,28,1,0.00%,0.00%,80.77%,100.00%,1,0,5.00%,0.00%,"14,49 €","0,00 €",1,0
B0752TH4FW,B00V3AODM2,Arcos Set Cuchillos Forjados 5 piezas - Acero Inoxidable y Hoja mm. 3500 gr. Mango ergonómico Polioximetileno POM. Serie Riviera Blanc. Hoja delgada con un Borde Suave característico. Color Blanco.,234524_,318,5,0.01%,0.00%,444,6,0.01%,0.00%,26.88%,33.33%,1,0,0.31%,0.00%,"142,99 €","0,00 €",1,0
B0752TVHLW,B00VRWR53K,"Arcos Serie Universal, Macheta Cuchillo Carnicero, Hoja de Acero Inoxidable Nitrum 180 mm, Mango de Polioximetileno, Pom Color Negro",288100_,52,3,0.00%,0.00%,63,3,0.00%,0.00%,100.00%,100.00%,1,0,1.92%,0.00%,"39,99 €","0,00 €",1,0
B0F54LTCFF,B00VT5L310,Arcos Espátula de Cocina Profesional - Hoja de Acero Inoxidable NITRUM 160 mm - Resistente a Químicos y Calor - Mango Ergonómico POM Negro - Serie Universal,286600,377,9,0.01%,0.01%,431,9,0.00%,0.00%,1.98%,33.33%,4,4,1.06%,44.44%,"101,96 €","101,96 €",1,1
B00WC9DMX4,B00WC9DMX4,ARCOS Chairas Chaira Afilador Acero Carbono Cromado Negro 300 mm,279010,179,1,0.00%,0.00%,270,1,0.00%,0.00%,15.06%,0.00%,1,0,0.56%,0.00%,"28,99 €","0,00 €",1,0
B0FWK4CNH3,B00WHV21BG,CUPERINOX TIJERAS PESCADO | TIJERAS COCINA| TIJERAS ACERO| TIJERAS | 20 CM | UTENSILIOS DE COCINA,21992,72,5,0.00%,0.00%,100,12,0.00%,0.01%,87.01%,55.56%,1,1,1.39%,20.00%,"7,49 €","7,49 €",1,1
B0DN1Z777C,B00WTEP4C4,"HENDI Bolsas para envasado al vacío gofradas, 100 unidades, aptas para sous-vide, -20 °C a +100 °C, 250x350mm, 75µm, PA/PE, sin BPA",H971055,6,0,0.00%,0.00%,6,0,0.00%,0.00%,80.00%,0.00%,1,0,16.67%,0.00%,"33,99 €","0,00 €",1,0
B00X5PH0P0,B00X5PH0P0,"CUPERINOX® Kitchen Pro - Tijeras Cocina Profesional 21 cm | Acero Inoxidable Resistente | Mango Ergonómico Antideslizante Negro | Para Pollo, Pescado y Verduras | Apto Lavavajillas",21983_,66,2,0.00%,0.00%,84,3,0.00%,0.00%,100.00%,100.00%,1,0,1.52%,0.00%,"9,99 €","0,00 €",1,0
B013I01EWQ,B013I01EWQ,"HENDI Cepillo de limpieza para horno de pizza, rascador de acero, mango desmontable, 930x260mm, acero inoxidable y madera",H525630,14,0,0.00%,0.00%,18,0,0.00%,0.00%,94.44%,0.00%,1,0,7.14%,0.00%,"36,25 €","0,00 €",1,0
B0F1ZF7H1L,B014MIZYD8,Arcos Cuchillo Tomate Forjado Acero Inox. Nitrum 130mm,232024_,"2,522",50,0.04%,0.03%,"3,393",68,0.04%,0.03%,1.03%,2.70%,1,0,0.04%,0.00%,"23,99 €","0,00 €",1,0
B0189HXASY,B017DLG38Q,Arcos Cuchillo Cocina Acero Inoxidable Negro 140 mm,233200_,659,16,0.01%,0.01%,995,19,0.01%,0.01%,0.35%,0.00%,1,0,0.15%,0.00%,"27,99 €","0,00 €",1,0
B0F1ZF7H1L,B017DLG3AE,Arcos Cuchillo de Cocina Acero Inoxidable 140 mm,233224_,"1,751",38,0.03%,0.03%,"2,353",48,0.03%,0.02%,7.72%,9.09%,1,0,0.06%,0.00%,"27,99 €","0,00 €",1,0
B0CKX4YV2W,B01BNH5B5M,"HENDI Expositor buffet frío UNIQ 2 pisos, Negro",H871812,941,87,0.02%,0.06%,"1,288",111,0.01%,0.05%,20.55%,7.69%,1,0,0.11%,0.00%,"144,95 €","0,00 €",1,0
B085SNKG71,B01BNQB7BU,"HENDI Paellera, ⌀600x(H) 55mm",H622407,36,3,0.00%,0.00%,46,3,0.00%,0.00%,88.89%,50.00%,1,0,2.78%,0.00%,"49,95 €","0,00 €",1,0
B085SNKG71,B01BNQB7Q0,"HENDI Paellera, ⌀800x(H) 75mm",H622605,24,0,0.00%,0.00%,35,0,0.00%,0.00%,83.87%,0.00%,1,0,4.17%,0.00%,"119,75 €","0,00 €",1,0
B01BNQXXIU,B01BNQXXIU,"HENDI Carrito de Servicios, de Cocina, de Restaurante, Multiusos, 2 estantes, 4 Ruedas giratorias, 2 con Freno, Carga máxima por Estante 50kg, encimera 830x510mm, 905x585x(H) 945mm, Acero Inoxidable",H810002,100,20,0.00%,0.01%,136,30,0.00%,0.01%,56.15%,18.52%,1,1,1.00%,5.00%,"129,75 €","129,75 €",1,1
B01BNU1VIU,B01BNU1VIU,HENDI Dispensador de chocolate caliente - 5 L - 230V / 1006W - 410x280x(H)465 mm,H893637,29,3,0.00%,0.00%,48,4,0.00%,0.00%,57.45%,75.00%,1,0,3.45%,0.00%,"475,00 €","0,00 €",1,0
B0D1D181CD,B01BP66QEQ,HENDI Cuchillo «Usuba» - Negro - 325x25x(H) 55 mm,H845028,31,0,0.00%,0.00%,55,0,0.00%,0.00%,78.00%,0.00%,1,0,3.23%,0.00%,"29,95 €","0,00 €",1,0
B01BQA0K84,B01BQA0K84,"HENDI Soporte de bandejas Redondas, Soporte para Servir y presentar Alimentos, mariscos, con 2 Platos: Ø 300/400mm, ⌀400x(H) 200mm, Acero Inoxidable, Plata",H480519,79,7,0.00%,0.00%,120,10,0.00%,0.00%,82.35%,14.29%,1,0,1.27%,0.00%,"39,70 €","0,00 €",1,0
B07TXLKG42,B01DDMYNZ4,"HENDI Freidora eléctrica, T ajustable hasta 190°C, termostato de seguridad, zona fría, con tapa y cesta de freír, tanque de aceite extraíble, 2x4L, 230V, 6000W, 470x420x(H)330mm, acero inoxidable",H205846,94,9,0.00%,0.01%,121,9,0.00%,0.00%,62.00%,0.00%,1,0,1.06%,0.00%,"259,75 €","0,00 €",1,0
B088L1YKB9,B01DY4846U,HENDI Thermobox Kitchen Line - 53 L - 685x485x(H)260 mm,H707951,46,8,0.00%,0.01%,66,9,0.00%,0.00%,88.89%,33.33%,1,0,2.17%,0.00%,"71,95 €","0,00 €",1,0
B0DN1W2FX7,B01DY48ILG,"HENDI Bolsas lisas para cocción sous-vide y envasado al vacío, 100 unidades, -20 °C a +110 °C, 400x300mm, 75µm, PA/PE, sin BPA",H970690,66,0,0.00%,0.00%,86,0,0.00%,0.00%,23.38%,0.00%,1,0,1.52%,0.00%,"30,99 €","0,00 €",1,0
B0752NT3TH,B01L7HPNWE,ARCOS Prochef Tijeras de Cocina Acero Azul-Negro 215 mm,185623,"1,214",27,0.02%,0.02%,"1,573",34,0.02%,0.02%,6.29%,0.00%,1,0,0.08%,0.00%,"9,17 €","0,00 €",1,0
B0714CRTF4,B0714CRTF4,"Arcos Cortadora de Pan Profesional - Tabla de Corte de Acero Inoxidable para Cocina - 520 x 270 mm, Polietileno Blanco - Ideal para Panadería y Hogar",689900,137,6,0.00%,0.00%,187,9,0.00%,0.00%,43.13%,0.00%,1,0,0.73%,0.00%,"112,90 €","0,00 €",1,0
B0719K25DF,B0719K25DF,ARCOS Pinzas de Precisión para Emplatar 140 mm,606500,120,1,0.00%,0.00%,155,1,0.00%,0.00%,0.00%,0.00%,1,0,0.83%,0.00%,"9,99 €","0,00 €",1,0
B071Z8BWVS,B071Z8BWVS,Arcos - Set Cuchillos Cocina Arcos y afilador Arcos | Cuchillos arcos Profesional |4 Piezas | Cuchillo Carne |Cuchillo japones | Cuchillo cebollero |843900,843900,189,4,0.00%,0.00%,235,4,0.00%,0.00%,98.54%,100.00%,1,0,0.53%,0.00%,"74,99 €","0,00 €",1,0
B0F1CX7TZF,B072FGV2YH,Arcos Juego de 6 Cuchillos Mondadores Acero Inoxidable 100 mm,189100_2,650,18,0.01%,0.01%,"1,044",33,0.01%,0.02%,2.89%,0.00%,1,0,0.15%,0.00%,"17,54 €","0,00 €",1,0
B0F1CX7TZF,B073V5RN1J,Arcos Cuchillo Mondador Acero Inoxidable NITRUM 100 mm - Ideal para Pelar Frutas y Verduras - Mango Ergonómico Polipropileno Negro - Serie Nova,816500_1pieza,68,0,0.00%,0.00%,74,0,0.00%,0.00%,97.06%,0.00%,1,0,1.47%,0.00%,"4,49 €","0,00 €",1,0
B09JPSTVBC,B07B8MQZTW,Arcos Serie Riviera Rose - Cuchillo Mondador - Hoja de Acero Inoxidable Forjado NITRUM 100 mm - Mango de Polioximetileno (POM) Color Rosa,230254,479,10,0.01%,0.01%,687,10,0.01%,0.00%,97.79%,100.00%,1,0,0.21%,0.00%,"19,99 €","0,00 €",1,0
B08S87M447,B07BMGMVY4,Arcos Serie Riviera Rose - Cuchillo Cocinero - Hoja de Acero Inoxidable Forjado NITRUM 200 mm - Mango de Polioximetileno (POM) Color Rosa,233654,593,8,0.01%,0.01%,899,8,0.01%,0.00%,96.44%,100.00%,1,1,0.17%,12.50%,"28,92 €","28,92 €",1,1
B07BMGMVY4,B07BMGMVY4,Arcos Serie Riviera Rose - Cuchillo Cocinero - Hoja de Acero Inoxidable Forjado NITRUM 200 mm - Mango de Polioximetileno (POM) Color Rosa,233654,228,4,0.00%,0.00%,362,5,0.00%,0.00%,98.67%,100.00%,1,0,0.44%,0.00%,"34,99 €","0,00 €",1,0
B07BSGZ8KG,B07BSGZ8KG,"HENDI Tabla para cortar pan, con rejilla extraíble y bandeja recogemigas, tabla de picar pan, tabla de cocina, 475x322x(H)20mm, madera de caucho",H505502,65,4,0.00%,0.00%,72,4,0.00%,0.00%,59.09%,0.00%,1,0,1.54%,0.00%,"45,75 €","0,00 €",1,0
B0FD46SGNM,B07C7YV74X,Arcos Manhattan Cuchillo Trinchar Acero Jamón y Carne 250 mm,161900_,341,16,0.01%,0.01%,457,24,0.01%,0.01%,19.59%,10.00%,1,0,0.29%,0.00%,"34,99 €","0,00 €",1,0
B08S87M447,B07CY3885W,"Arcos Serie Riviera Rose, Cuchillo Cocinero, Hoja de Acero Inoxidable Forjado Nitrum 150 mm, Mango de Polioximetileno, POM Color Rosa",233454,42,0,0.00%,0.00%,52,0,0.00%,0.00%,95.83%,0.00%,1,0,2.38%,0.00%,"26,99 €","0,00 €",1,0
B07CZ3DF6D,B07CZ3DF6D,"HENDI Cortadora eléctrica de carne, cortafiambres multiusos, Profi Line 195, Ø cuchilla: 195mm, espesor de corte (0-12mm), 220-240V, 200W, 416x400x(H)335mm, plateado, aluminio, acero inoxidable",H210031,51,10,0.00%,0.01%,70,16,0.00%,0.01%,46.03%,62.50%,1,0,1.96%,0.00%,"415,00 €","0,00 €",1,0
B07CZHX4FN,B07CZHX4FN,HENDI Matamoscas resistente al agua - 150 m² - 230V / 45W - 680x135x(H)310 mm,H270141,17,3,0.00%,0.00%,17,3,0.00%,0.00%,76.47%,0.00%,1,0,5.88%,0.00%,"112,49 €","0,00 €",1,0
B07CZP72RH,B07CZP72RH,"HENDI Batidora profesional con cubierta insonorizada, control manual, jarra de policarbonato resistente al calor y frío, velocidad variable, 230V, 1680W, 250x300x(H)540mm, ABS, acero inoxidable",H230688,126,7,0.00%,0.00%,152,8,0.00%,0.00%,90.21%,71.43%,1,0,0.79%,0.00%,"385,00 €","0,00 €",1,0
B07CZS5H54,B07CZS5H54,"HENDI Horno de Convección Profesional H90, 2670W, incl. 4 Bandejas de Aluminio, 2 Ventiladores, 50-300°C, Interior Esmaltado, Puerta Doble Cristal, 230V, 595x595x(H)570mm, Acero Inoxidable",H227060,19,0,0.00%,0.00%,27,0,0.00%,0.00%,76.00%,0.00%,1,0,5.26%,0.00%,"519,50 €","0,00 €",1,0
B07D2VL8DF,B07D2VL8DF,"HENDI Vitrina expositora refrigerada, mostrador para Buffets, Conjunto exhibidor climatizado con Cubierta Transparente, 2 Bloques refrigerantes y Bandeja, 430x290x(H) 150mm, poliestireno,Acero INOX",H424155,220,30,0.00%,0.02%,290,38,0.00%,0.02%,34.23%,34.62%,2,0,0.91%,0.00%,"95,90 €","0,00 €",1,0
B08PP2X5WL,B07D4TGPKB,"HENDI Cortador cuchillo inalámbrico para kebab, shawarma, gyros, espesor de corte ajustable 0-8mm, cuchilla: 2600 rpm, 2 baterías de 2000mAh, 80W, 60kg/h, 240V, 199x125x(H) 184mm, acero inoxidable",H267257,64,1,0.00%,0.00%,77,1,0.00%,0.00%,75.68%,0.00%,1,0,1.56%,0.00%,"247,00 €","0,00 €",1,0
B0D1CXLR2J,B07D5DJZBL,HENDI Embudo para repostería Kitchen Line - Gris claro - 1.5 L - 270x195x(H)270 mm,H551813,20,2,0.00%,0.00%,25,3,0.00%,0.00%,69.57%,50.00%,1,1,5.00%,50.00%,"56,99 €","56,99 €",1,1
B0D1CSWF7Y,B07D5F1B48,"HENDI Escurridor de cocina, colador, para cocinar, lavar, pasta, fideos, espaguetis, frutas, verduras, ensaladas, redondo, perforado, con base y 2 asas, ø365x(H)185 mm, acero inoxidable",H535516,34,1,0.00%,0.00%,58,2,0.00%,0.00%,83.93%,0.00%,1,0,2.94%,0.00%,"59,75 €","0,00 €",1,0
B07D5FD27P,B07D5FD27P,"HENDI Portacondimentos de Bar, Bandeja de Guarniciones para Cócteles BarUp, Caja Organizadora con Tapa Transparente, 5 Contenedores de Polipropileno, 480x150x(H) 100mm, HIPS, Negro",H552131,16,1,0.00%,0.00%,16,1,0.00%,0.00%,93.75%,0.00%,1,0,6.25%,0.00%,"29,46 €","0,00 €",1,0
B0CQP7T8M6,B07D73FVBJ,"HENDI Sartén de freír, fondo de inducción, apto para todas las fuentes de calor y hornos hasta 260 °C, recubrimiento antiadherente, mango largo remachado, base 300 mm, diámetro 390x(h)50 mm, aluminio",H627655,13,1,0.00%,0.00%,16,2,0.00%,0.00%,92.86%,100.00%,1,1,7.69%,100.00%,"59,75 €","59,75 €",1,1
B0DK3GXXJK,B07D7659TR,"HENDI Tamizador para Harina, Tamiz con Malla Fina, Colador de Cocina Apto para Lavavajillas, ⌀250x(H)75mm, Acero Inoxidable",H637807,24,3,0.00%,0.00%,29,6,0.00%,0.00%,50.00%,80.00%,1,1,4.17%,33.33%,"16,99 €","16,99 €",1,1
B0BXB18B8W,B07D8GYFC7,"Arcos Cuchillo Chef Forjado Acero Inoxidable NITRUM - Profesional Cocina, Mango Ergonómico POM Negro, Hoja Silk Edge 150 mm, Serie Manhattan",160400,424,14,0.01%,0.01%,637,20,0.01%,0.01%,88.06%,92.86%,1,0,0.24%,0.00%,"31,99 €","0,00 €",1,0
B0FQPFWD4X,B07D8GYFC7,"Arcos Cuchillo Chef Forjado Acero Inoxidable NITRUM - Profesional Cocina, Mango Ergonómico POM Negro, Hoja Silk Edge 150 mm, Serie Manhattan",160400_,8,0,0.00%,0.00%,14,0,0.00%,0.00%,100.00%,0.00%,1,0,12.50%,0.00%,"32,49 €","0,00 €",1,0
B0FQPFWD4X,B07D8XC7NL,"Arcos Cuchillo Chef Forjado Acero Inoxidable NITRUM - Profesional Cocina, Mango Ergonómico POM Negro, Hoja Silk Edge 250 mm, Serie Manhattan",160800_,12,1,0.00%,0.00%,18,1,0.00%,0.00%,100.00%,0.00%,1,0,8.33%,0.00%,"44,99 €","0,00 €",1,0
B0CTCT53R8,B07D9TL25J,"HENDI Recipiente GN 1/1, con laterales y fondo perforados, contenedor GN, apilable, bordes lisos, resistente a temperaturas de -40° a 300°C, 14L, altura: 100mm, acero inoxidable 18/10",H802229,13,1,0.00%,0.00%,16,1,0.00%,0.00%,78.57%,100.00%,8,8,61.54%,800.00%,"420,80 €","420,80 €",1,1
B07D9TLDY4,B07D9TLDY4,"HENDI Carro plataforma plegable, AmerBox, carga máxima de 200kg, plataforma rodante portacargas, carretilla de plataforma móvil, plataforma de carga, 742x480x(H)845mm, polipropileno, acero inoxidable",H810514,23,1,0.00%,0.00%,28,1,0.00%,0.00%,57.69%,0.00%,1,1,4.35%,100.00%,"149,75 €","149,75 €",1,1
B0CQP6ZTD4,B07D9X4YDZ,"HENDI Olla de cocina, mediana, con tapa con orificios de salida de vapor, fondo de inducción continuo, apta para todas las fuentes de calor y el lavavajillas, 15L, ø320x(H)190mm, acero inoxidable",H831601,13,1,0.00%,0.00%,14,2,0.00%,0.00%,53.85%,100.00%,1,1,7.69%,100.00%,"98,34 €","98,34 €",1,1
B0CQP77SQ1,B07D9X5C23,"HENDI Olla de cocina con tapa, de gran capacidad: 50L, fondo de inducción continuo, apta para todas las fuentes de calor y el lavavajillas, ø400x(H)400mm, acero inoxidable",H834701,38,3,0.00%,0.00%,49,5,0.00%,0.00%,15.22%,50.00%,2,0,5.26%,0.00%,"319,50 €","0,00 €",1,0
B07D9YVDBJ,B07D9YVDBJ,"HENDI Lavamanos de Cocina con Grifo de Rodilla, Fregadero Higiénico con Mezclador Agua Fría/Caliente y Dispensador de Jabón, Desagüe Ø50mm, 400x330x(H)560mm, Acero Inoxidable",H810309,11,0,0.00%,0.00%,16,0,0.00%,0.00%,92.31%,0.00%,2,0,18.18%,0.00%,"529,80 €","0,00 €",1,0
B085SNLR5G,B07DC4H82X,"HENDI Bandeja de Servicio, Redonda, Recubrimiento Antideslizante, Multiusos, para buffets, Bandeja de Cocina para Servir Comida rápida, Bebidas, Fast Food, ⌀280x(H) 20mm, Polipropileno, Negro",H878125,82,2,0.00%,0.00%,106,2,0.00%,0.00%,69.39%,100.00%,1,0,1.22%,0.00%,"9,49 €","0,00 €",1,0
B07DC8JHV4,B07DC8JHV4,Arcos Cuchillo verduras Acero Inoxidable. Cuchillo profesional para pelar frutas y verduras. Mango ergonómico polioximetileno y Hoja 130 mm. Serie Manhattan. Color negro.,161100_,130,3,0.00%,0.00%,187,4,0.00%,0.00%,53.07%,100.00%,1,0,0.77%,0.00%,"24,49 €","0,00 €",1,0
B0FD46SGNM,B07DC8JHV4,Arcos Cuchillo verduras Acero Inoxidable. Cuchillo profesional para pelar frutas y verduras. Mango ergonómico polioximetileno y Hoja 130 mm. Serie Manhattan. Color negro.,161100,209,5,0.00%,0.00%,273,6,0.00%,0.00%,83.26%,50.00%,1,0,0.48%,0.00%,"24,49 €","0,00 €",1,0
B088MV3J6W,B07DC8M6PC,"HENDI Carro de Ingredientes, AmerBox, contenedor para almacenar Alimentos Secos, Carro transportador de harina, azúcar, Sal, Granos, arroz, 102L, 600x720x(H) 700mm, Blanco, Polipropileno",H877920,26,3,0.00%,0.00%,36,4,0.00%,0.00%,40.00%,75.00%,2,2,7.69%,66.67%,"461,16 €","461,16 €",1,1
B08P41X49K,B07DP53G8V,"HENDI Lámpara de calor colgante de altura ajustable, cónica, lámpara térmica de infrarrojos para cocina y mantenimiento de alimentos calientes, 230V, 250W, Ø275x(H)250mm, aluminio color plata",H273869,87,21,0.00%,0.01%,111,30,0.00%,0.01%,55.43%,19.05%,1,0,1.15%,0.00%,"91,75 €","0,00 €",1,0
B07DPCM8YW,B07DPCM8YW,"HENDI Lámpara de Calor Colgante, Altura Ajustable, Plata",H273883,129,27,0.00%,0.02%,180,45,0.00%,0.02%,35.50%,19.51%,1,0,0.78%,0.00%,"70,95 €","0,00 €",1,0
B07DPCM8YW,B07DPCM8YW,"HENDI Lámpara de Calor Colgante, Altura Ajustable, Plata",H948837,129,27,0.00%,0.02%,180,45,0.00%,0.02%,35.50%,19.51%,1,1,0.78%,3.70%,"58,64 €","58,64 €",1,1
B07DQRFDMB,B07DQRFDMB,Arcos Manhattan Cuchillo Santoku Forjado Acero POM Negro 190 mm,161600_,24,1,0.00%,0.00%,43,1,0.00%,0.00%,100.00%,0.00%,1,0,4.17%,0.00%,"34,49 €","0,00 €",1,0
B07FCLGZMN,B07FCLGZMN,"Arcos Serie Latina Caja 12 uds Cuchillo jamonero, Hoja serrada de Acero Inoxidable NITRUM de 250 mm, Mango de Madera comprimida Color marrón (12 UDS)",101300_12piezas,129,3,0.00%,0.00%,148,4,0.00%,0.00%,76.26%,100.00%,1,0,0.78%,0.00%,"45,49 €","0,00 €",1,0
B07G5M444L,B07G5M444L,Arcos Cuchillo de Mesa Acero Inoxidable Nitrum 130 mm Caja 12 Uds,370725_fbm,38,0,0.00%,0.00%,57,0,0.00%,0.00%,97.92%,0.00%,1,0,2.63%,0.00%,"42,99 €","0,00 €",1,0
B07G79KCFK,B07G79KCFK,"Arcos Cuchillos de Mesa Caja de 12 uds Cuchillo Chuletero Cuchillo de Mesa, Hoja de Acero Inoxidable NITRUM 105 mm, Mango de Nylon, Color Marrón (12 uds)",815500_2packs,"1,524",56,0.02%,0.04%,"2,220",89,0.03%,0.04%,78.28%,68.75%,1,0,0.07%,0.00%,"39,99 €","0,00 €",1,0
B07JHPQGPW,B07JHPQGPW,Arcos Riviera Blanc Juego 3 Cuchillos Forjados POM Blanco,807610_,25,2,0.00%,0.00%,52,2,0.00%,0.00%,88.64%,100.00%,1,0,4.00%,0.00%,"69,99 €","0,00 €",1,0
B017HKHR92,B07JWG12BV,Arcos Riviera Set 3 Cuchillos Forjados Acero Inoxidable Nitrum,807710_,67,0,0.00%,0.00%,93,0,0.00%,0.00%,34.12%,0.00%,1,0,1.49%,0.00%,"69,99 €","0,00 €",1,0
B0FWM351K4,B07MDGR8G1,CUPERINOX® Couture Series - Tijera Costura Profesional 15 cm | Acero Inoxidable Irrompible | Mango Ergonómico Antideslizante | Corte Preciso y Duradero,21950_us,38,2,0.00%,0.00%,59,3,0.00%,0.00%,76.00%,100.00%,5,5,13.16%,250.00%,"39,95 €","39,95 €",1,1
B0DN1WHKRN,B07MTQX6HD,"HENDI Accesorio batidor de varillas 185mm, recambio para la batidora de mano 222140 de HENDI, varilla agitadora, mezclador, Poliamida, Acero inoxidable",H222164,261,31,0.00%,0.02%,292,34,0.00%,0.02%,51.30%,26.09%,1,0,0.38%,0.00%,"110,29 €","0,00 €",1,0
B07N7VN49R,B07N7VN49R,HENDI Cesta de lavavajillas para vasos - 49 compartimentos - 500x500x104 mm Gris,H877012,33,2,0.00%,0.00%,40,3,0.00%,0.00%,77.78%,50.00%,1,1,3.03%,50.00%,"22,95 €","22,95 €",1,1
B07N8TSTLQ,B07N8TSTLQ,"Arcos Juego de Cuchillos Forjados (4 Piezas) - Acero Inoxidable NITRUM, Corte Preciso, Mango Ergonómico POM Negro, Incluye Cuchillo Chef, Pan, Pelar y Cocina - Serie Manhattan, Negro",163400,219,4,0.00%,0.00%,289,5,0.00%,0.00%,90.35%,100.00%,1,0,0.46%,0.00%,"149,99 €","0,00 €",1,0
B07N8W7J73,B07N8W7J73,Arcos Serie Prochef - Tijeras de Cocina para zurdos - Hoja de Acero Inoxidable - 210 mm - Mango de Polipropileno Color negro,186000,"4,291",107,0.07%,0.07%,"6,136",138,0.07%,0.07%,0.29%,0.00%,1,0,0.02%,0.00%,"15,89 €","0,00 €",1,0
B07NDSZJQY,B07NDSZJQY,"Arcos Serie Cuchillos de Mesa Caja 12 uds Cuchillo Chuletero, Hoja Serrada de Acero Inoxidable NITRUM de 115 mm, Mango Polioximetileno Color negro (12 UDS)",374800_12piezas,7,0,0.00%,0.00%,10,0,0.00%,0.00%,100.00%,0.00%,1,0,14.29%,0.00%,"74,99 €","0,00 €",1,0
B07NDTS63M,B07NDTS63M,Arcos Serie Brooklyn - Cuchillo Panero - Hoja de Acero Inoxidable Forjado NITRUM 200 mm - Mango de Micarta Color Azul (Filo Seda),191323_fbm,65,2,0.00%,0.00%,80,3,0.00%,0.00%,98.63%,0.00%,1,0,1.54%,0.00%,"42,99 €","0,00 €",1,0
B07NQ9FH1Q,B07NQ9FH1Q,"HENDI Mesa de congelación Arktic de 3 puertas con 3 estantes ajustables para GN 1/1, -22/-18°C, 420 L, descongelación automática, pantalla digital, 230V/600W, 1795x700x(H)850 mm, acero inoxidable",H232699,15,1,0.00%,0.00%,20,2,0.00%,0.00%,95.00%,100.00%,1,1,6.67%,100.00%,"2.295,00 €","2.295,00 €",1,1
B0D1CV1MTZ,B07PNHP746,"HENDI Maletín de Transporte de Cuchillos - 10 Cuchillos, Negro - 510x50x(H) 170 mm",H856277,24,0,0.00%,0.00%,36,0,0.00%,0.00%,91.43%,0.00%,1,0,4.17%,0.00%,"48,25 €","0,00 €",1,0
B086WX184X,B07PQS4LCH,HENDI Silla de Catering (Gris Claro) - - 540x440x(H) 840 mm,H810965,24,0,0.00%,0.00%,37,0,0.00%,0.00%,62.16%,0.00%,1,0,4.17%,0.00%,"44,95 €","0,00 €",1,0
B07PRXM4WF,B07PRXM4WF,"HENDI Caja de golpe de café, redonda, recipiente para residuos del café, vaciado de posos de café, con barra de golpeo extraíble,153x185x(H)165mm, acero inoxidable",H208618,17,2,0.00%,0.00%,24,2,0.00%,0.00%,81.82%,50.00%,1,0,5.88%,0.00%,"38,50 €","0,00 €",1,0
B07Q37YYYV,B07Q37YYYV,"HENDI Carro de ingredientes, AmerBox, contenedor para almacenar alimentos secos, carro transportador de harina, azúcar, sal, granos, arroz, 82L, 355x720x(H)600mm, blanco, polipropileno",H877913,27,5,0.00%,0.00%,32,7,0.00%,0.00%,58.06%,57.14%,1,0,3.70%,0.00%,"255,00 €","0,00 €",1,0
B07Q3817Z7,B07Q3817Z7,"HENDI Lavavajillas industrial, para cestas 40x40cm, con control electromecánico, máquina lavaplatos lavavasos lavacopas, 230V, 2800W, 470x510x(H)710mm, acero inoxidable",H233016,285,29,0.00%,0.02%,374,40,0.00%,0.02%,88.69%,65.52%,1,0,0.35%,0.00%,"1.650,00 €","0,00 €",1,0
B017HKHR92,B07YXBK4HD,Arcos Riviera Set 3 Cuchillos de Corte Acero Inoxidable Nitrum,806911_,103,1,0.00%,0.00%,148,1,0.00%,0.00%,19.40%,100.00%,1,0,0.97%,0.00%,"69,99 €","0,00 €",1,0
B0816ZLJNM,B0816ZLJNM,"HENDI Fuente de Chocolate de 5 Niveles, Capacidad: hasta 6 kg, 230 V / 265 W, Ø330x(H)700 mm, Acero Inoxidable",H274156,31,2,0.00%,0.00%,58,4,0.00%,0.00%,90.38%,100.00%,1,1,3.23%,50.00%,"465,00 €","465,00 €",1,1
B0CTCT53R8,B0828BW84Z,"HENDI Recipiente GN 2/1, contenedor GN,apilable,resistente a Temperaturas de -40° a 300°C,apto para hornos,congeladores,calientaplatos,baño María,43L,650x530x(H) 150mm,acero inoxidable 18/10",H801116,31,7,0.00%,0.00%,41,9,0.00%,0.00%,100.00%,100.00%,1,1,3.23%,14.29%,"128,01 €","128,01 €",1,1
B0CTCT53R8,B082PGFHS9,"HENDI Recipiente GN 2/1, contenedor GN,apilable,resistente a Temperaturas de -40° a 300°C,apto para hornos,congeladores,calientaplatos,baño María,58L,650x530x(H) 200mm,acero inoxidable 18/10",H801109,35,5,0.00%,0.00%,48,13,0.00%,0.01%,90.70%,100.00%,1,1,2.86%,20.00%,"149,89 €","149,89 €",1,1
B082PGJQXZ,B082PGJQXZ,"HENDI Lámpara de calor colgante de altura ajustable, cónica, lámpara térmica de infrarrojos para cocina y mantenimiento de alimentos calientes, 230V, 250W, Ø275x(H)250mm, aluminio color negro",H273845,26,9,0.00%,0.01%,35,14,0.00%,0.01%,70.59%,22.22%,1,0,3.85%,0.00%,"91,75 €","0,00 €",1,0
B082PGNKRF,B082PGNKRF,HENDI 617144 Espátula para pizza cuadrada - perforada - 1320x405 mm,H617144,9,0,0.00%,0.00%,11,0,0.00%,0.00%,90.00%,0.00%,1,0,11.11%,0.00%,"69,99 €","0,00 €",1,0
B08P41X49K,B082PGSBF6,"HENDI Lámpara de Calor Colgante, Altura Ajustable, Negro",H273852,223,64,0.00%,0.04%,354,130,0.00%,0.06%,21.81%,8.33%,6,6,2.69%,9.38%,"487,50 €","487,50 €",1,1
B0843T2DL9,B0843T2DL9,Arcos Juego cocina 3 pzas. Serie Ópera + Tijeras + Taco,228700_us,391,5,0.01%,0.00%,471,5,0.01%,0.00%,57.70%,100.00%,1,0,0.26%,0.00%,"91,99 €","0,00 €",1,0
B0D1CWK1B4,B084TL5HBV,"HENDI Campana domo cúpula cubierta para ahumar alimentos platos con válvula de ventilación y orificio de goma para pistola o infusor de humo, ahumado, ø260x(H)174mm, de vidrio borosilicato",H199664,71,13,0.00%,0.01%,95,16,0.00%,0.01%,80.23%,61.54%,1,1,1.41%,7.69%,"94,85 €","94,85 €",1,1
B0857QG39T,B0857QG39T,"HENDI Placa eutéctica de frío profesional, GN 1/1, para cajas térmicas, elemento refrigerante, acumulador de frío, bloque térmico, de enfriamiento, placa de hielo, 530x325x(H) 30mm, HDPE, blanco",H707753,80,11,0.00%,0.01%,130,30,0.00%,0.01%,57.50%,45.83%,2,2,2.50%,18.18%,"67,50 €","67,50 €",1,1
B0D1CW2XD1,B086B3NFTN,HENDI Termómetro infrarrojo con sonda - Gris claro - -60/350˚C - 39x53x(H)158 mm,H271254,23,3,0.00%,0.00%,27,3,0.00%,0.00%,80.00%,100.00%,1,0,4.35%,0.00%,"109,50 €","0,00 €",1,0
B08HTZ61MK,B08HTZ61MK,Arcos Cuchillos de Carne | Cuchillos para Carne 6 Unidades | Cuchillos de Carne Aptos Lavavajillas | Alta Resistencia | Acero Inoxidable | Mango Polipropileno | Negro | Envase Eco,816600_,218,11,0.00%,0.01%,283,14,0.00%,0.01%,99.62%,100.00%,2,0,0.92%,0.00%,"41,98 €","0,00 €",1,0
B08PFX1GT8,B08PFX1GT8,WINS – Fregasuelos Magnolia 017 |Friegasuelos Limpiador Neutro para Suelos y Superficies | Garrafa 5L | Aroma Magnolia Suave y Duradero | Uso Diario Profesional | 100% Made in Spain,WINS017,20,1,0.00%,0.00%,26,1,0.00%,0.00%,81.82%,100.00%,2,2,10.00%,200.00%,"20,98 €","20,98 €",1,1
B08QD944ZJ,B08QD944ZJ,Arcos Bolsa Cuchillos Bolsa Cuchillos Cocina Profesional Estuche Profesional Porta Cuchillos 10 pzas | 42 cm Largo | Asa para Transportar| Cuero Color Miel| Hebilla Ajustable,694800,534,18,0.01%,0.01%,636,20,0.01%,0.01%,52.79%,42.86%,1,0,0.19%,0.00%,"209,99 €","0,00 €",1,0
B08QDPDCK3,B08QDPDCK3,"HENDI Batidora profesional con cubierta isonorizada, control manual, jarra Tritan sin BPA resistente al calor y al frío, velocidad variable, 230V, 1680W, 250x300x(H)540mm, ABS, PC, acero inoxidable",H230602,119,14,0.00%,0.01%,155,21,0.00%,0.01%,63.50%,40.00%,1,0,0.84%,0.00%,"405,00 €","0,00 €",1,0
B08YDRLRCD,B08TWSZF3Q,Arcos Serie Thera | Asas Repuesto para Cacerolas 24 y 28 cm (718700 y 718800) y Grill 34x26 cm (719500) | Color Negro y Azul,719600,52,0,0.00%,0.00%,75,0,0.00%,0.00%,79.17%,0.00%,1,0,1.92%,0.00%,"10,99 €","0,00 €",1,0
B08YKBVBJ8,B08YKBVBJ8,"HENDI Gofrera eléctrica redonda, para gofres belgas, T regulable (50˚C a 220˚C), placas de aluminio fundido con recubrimiento antiadherente de Teflon, 230V, 1000W, 250x380x(H)590mm, acero inoxidable",H212172,9,4,0.00%,0.00%,16,9,0.00%,0.00%,78.57%,85.71%,1,1,11.11%,25.00%,"148,75 €","148,75 €",1,1
B099K9DLHY,B099K9DLHY, ,WINS010,19,1,0.00%,0.00%,28,1,0.00%,0.00%,85.71%,100.00%,1,1,5.26%,100.00%,"17,98 €","17,98 €",1,1
B09BVVKYWV,B09BVVKYWV,"CUPERINOX Navaja 5 en1 multiusos | Incluye Afilador Navaja| Funcion Abrebotella, rompecristales y corta cuerdas| Navaja Filo Liso y Sierra|",30060_fba,"1,527",21,0.02%,0.01%,"2,051",30,0.02%,0.01%,98.51%,100.00%,1,0,0.07%,0.00%,"14,99 €","0,00 €",1,0
B09CGYZ71L,B09CGYZ71L,CUPERINOX Tijeras Cocina | Tijeras de Trinchar | Tijeras Pollo | Tijera Pescado | Tijera Acero Inoxidable | 5 Funciones | Tijeras Multiusos | Mango Ergonomico | Apto Lavavajillas,21973_fbm,58,1,0.00%,0.00%,98,3,0.00%,0.00%,94.05%,100.00%,1,0,1.72%,0.00%,"9,99 €","0,00 €",1,0
B09GPRQSC7,B09GPRQSC7,"HENDI Gofrera eléctrica, 4 gofres de paleta o piruleta, T regulable (50˚C a 220˚C), placas de aluminio fundido con recubrimiento antiadherente de Teflon,230V,1750W,310x395x(H)230mm,acero inoxidable",H212165,37,1,0.00%,0.00%,45,2,0.00%,0.00%,78.57%,0.00%,1,0,2.70%,0.00%,"264,50 €","0,00 €",1,0
B0DDSBBMJ1,B09GPSKR41,"HENDI Tostador de cinta doble - 230V / 50Hz / 2240W - 418x368x(H)387 mm, negro, acero inoxidable",H261354,126,18,0.00%,0.01%,150,25,0.00%,0.01%,82.50%,64.29%,1,1,0.79%,5.56%,"539,50 €","539,50 €",1,1
B09HQTWWPB,B09HQTCQBG,Arcos Clara Cuchillo Panero Forjado Acero Inoxidable Nitrum 200 mm,210700_us,352,13,0.01%,0.01%,416,14,0.00%,0.01%,19.84%,37.50%,1,0,0.28%,0.00%,"25,99 €","0,00 €",1,0
B09HQTWWPB,B09HQTW6TF,Arcos Clara Cuchillo Chef Forjado Acero Inoxidable 200 mm,210600_us,860,19,0.01%,0.01%,"1,176",27,0.01%,0.01%,10.16%,4.76%,1,0,0.12%,0.00%,"26,49 €","0,00 €",1,0
B09JCMJWGD,B09JCMJWGD,"HENDI Carrito de servicios, de cocina, de restaurante, multiusos, 4 estantes, 4 ruedas giratorias, 2 con freno, carga máxima por estante 50kg, encimera 794x539mm, 905x585x(H)1245mm, acero inoxidable",H810118,21,4,0.00%,0.00%,22,4,0.00%,0.00%,90.91%,100.00%,1,0,4.76%,0.00%,"220,00 €","0,00 €",1,0
B08TLR4Z27,B09L4YNBZZ,Arcos jamonero Profesional | Cuchillo jamonero jamonero Inoxidable Nitrum | Mango Negro | Cuchillo Jamon iberico | Serie Maitre| Hoja Flexible y Filo Liso | 275 mm | Acero Inoxidable NITRUM,856500,"1,024",31,0.02%,0.02%,"1,203",35,0.01%,0.02%,99.54%,100.00%,1,0,0.10%,0.00%,"24,99 €","0,00 €",1,0
B0DN1XZLRR,B09RG1SHVV,"HENDI Rollo de film de sellado para termoselladora de bandejas HENDI 330005, PET/PE 12/40 con capa PEEL, grosor 55 μm, ancho 18,5 cm, largo 250 m, ø15 cm",H970720,66,12,0.00%,0.01%,96,16,0.00%,0.01%,45.24%,46.15%,1,1,1.52%,8.33%,"47,99 €","47,99 €",1,1
B09S5NQQQT,B09S5NQQQT,"HENDI Mezclador Profesional de Bebidas, Aireador/Batidor de Bebidas Ligeras, Frappés, Capuchinos Fríos, Drink Mixer, Incluye 2 Vasos y 4 Agitadores, 230V/400W, 170x196x(H)490mm, Negro",H221600,24,3,0.00%,0.00%,40,10,0.00%,0.00%,61.54%,100.00%,2,2,8.33%,66.67%,"317,50 €","317,50 €",1,1
B0D1CVXD6M,B09SH9MVJM,"HENDI Batidor en espiral, cuchara mágica, batidor-mezclador manual de huevos, leche, cremas, salsas, aderezos, aliños, utensilio de cocina, mini batidor-mezclador, (L)280mm, acero inoxidable",H509487,114,0,0.00%,0.00%,134,0,0.00%,0.00%,67.72%,0.00%,1,0,0.88%,0.00%,"9,25 €","0,00 €",1,0
B09TP1PTLN,B09TP1PTLN,"HENDI Bolsa para Carro de Lavandería, 845x600x(H) 625mm",H691090,284,34,0.00%,0.02%,404,59,0.00%,0.03%,40.73%,6.98%,3,3,1.06%,8.82%,"104,85 €","104,85 €",1,1
B09XF6G1Q8,B09XF6G1Q8,Arcos Serie Universal - Juego de Cuchillos de Cocina de 4 piezas (3 Cuchillos Cocineros + Tijeras) - Hoja de Acero Inoxidable NITRUM - Mango de Polioximetileno (POM) - Color Negro,807410+TIJERA,450,6,0.01%,0.00%,650,6,0.01%,0.00%,97.77%,80.00%,1,0,0.22%,0.00%,"49,99 €","0,00 €",1,0
B0CZF9QPYH,B0B74Y6L6F,"HENDI Olla de cocina, mediana, sin tapa, caldero, cacerola, apta para fogones de gas, de inducción, eléctricos y de cerámica, apta para el lavavajillas, 6L, ø240x(H)135mm, acero inoxidable",H837726,11,3,0.00%,0.00%,15,6,0.00%,0.00%,91.67%,100.00%,1,1,9.09%,33.33%,"37,30 €","37,30 €",1,1
B0CL3H7NJC,B0BHJ4NDXK,"HENDI Parrilla Eléctrica de Contacto XL, Grill/Plancha Panini y Sandwichera Profesional, Placas Acanaladas de Hierro Fundido Esmaltado, 230V, 2700W, 540x424x(H)216mm, Acero Inoxidable",H263624,120,9,0.00%,0.01%,161,18,0.00%,0.01%,95.27%,91.67%,1,0,0.83%,0.00%,"465,00 €","0,00 €",1,0
B0D1CXHNFM,B0CFLWSQJX,"HENDI Piedra de afilar japonesa Naniwa, profesional, 2 caras, grano 1000/3000, afilador de cuchillos, piedra de amolar y pulir, incluye caja de almacenamiento de plástico, 185x65x(H)30mm",H820674,40,0,0.00%,0.00%,54,0,0.00%,0.00%,59.52%,0.00%,1,0,2.50%,0.00%,"39,85 €","0,00 €",1,0
B0CQC8TDDY,B0CQC8TDDY,"HENDI Chafing Dish Eléctrico UNIQ, 12,5L, Negro",H470411,206,38,0.00%,0.03%,299,53,0.00%,0.03%,14.87%,11.54%,2,0,0.97%,0.00%,"354,92 €","0,00 €",1,0
B0D1CVYQWN,B0CQMFQ2B7,"HENDI Mandolina japonesa, cortador, rebanador, manual, regulable, para vegetales, alimentos, frutas, diferentes cuchillas y grosor de corte: 0,5-9mm, acero inoxidable, PP, negro",H237922,80,3,0.00%,0.00%,113,4,0.00%,0.00%,45.10%,0.00%,1,0,1.25%,0.00%,"30,19 €","0,00 €",1,0
B0D1CZJMQ3,B0CQNWQD1V,"HENDI Emplatar Chef Kit, Juego de Herramientas de emplatado y Decorado culinario, 6 Piezas: Pinzas-cucharas-espátula, Incl. Estuche, Acero Inoxidable con Recubrimiento PVD Negro, PP",H400074,146,2,0.00%,0.00%,198,2,0.00%,0.00%,34.27%,0.00%,1,0,0.68%,0.00%,"41,75 €","0,00 €",1,0
B0CT92MB4W,B0CT92MB4W,CUPERINOX Cuchillo patatero clasico nacar,10060,59,1,0.00%,0.00%,68,1,0.00%,0.00%,96.83%,100.00%,1,0,1.69%,0.00%,"2,99 €","0,00 €",1,0
B0D37FZJSV,B0D37FZJSV,VINFERMATON - Insecticida Matón Casa Jardín Mosquitos y Moscas 600ml,V6012,"1,526",64,0.02%,0.04%,"2,142",95,0.02%,0.04%,0.05%,0.00%,1,0,0.07%,0.00%,"7,99 €","0,00 €",1,0
B0D37Q1JGG,B0D37Q1JGG,Maton Insecticida Residual SP 600 ml,V0013,"2,281",105,0.04%,0.07%,"3,524",157,0.04%,0.07%,0.03%,0.00%,6,0,0.26%,0.00%,"59,46 €","0,00 €",1,0
B0D7W7VW2W,B0D7W7VW2W,"HENDI Rodillo de amasar, con rodamientos, rodillo de cocina, rodillo de repostería, para hacer pan, pizza, galletas, para grandes cantidades de masa, macizo, ø90x667mm, madera de haya, acero",H515167,59,0,0.00%,0.00%,83,0,0.00%,0.00%,69.01%,0.00%,1,0,1.69%,0.00%,"50,75 €","0,00 €",1,0
B0DFQ7Y1G8,B0DFQ7Y1G8,Arcos Afiladores - Afilador Eléctrico de Cuchillos de Cocina - Hecho de ABS Color Blanco (Rodillos con recubrimiento de diamante),603900,77,8,0.00%,0.01%,119,9,0.00%,0.00%,92.73%,88.89%,1,1,1.30%,12.50%,"239,63 €","239,63 €",1,1
B0DNT3NVG8,B0DNT3NVG8,"CUPERINOX Taza de Viaje 280 ml Térmica con Tapa Hermética, Acero Inoxidable y Aislamiento para Café o Té, Ideal para Llevar y Mantener Bebidas Calientes o Frías|Thermal Collection",26001_,175,5,0.00%,0.00%,253,7,0.00%,0.00%,100.00%,100.00%,1,0,0.57%,0.00%,"14,99 €","0,00 €",1,0
B0DNT6GH3K,B0DNT6GH3K,"CUPERINOX Taza de Viaje 380 ml Térmica con Tapa Hermética, Acero Inoxidable y Aislamiento para Café o Té, Ideal para Llevar y Mantener Bebidas Calientes o Frías | Thermal Collection",26002_a,152,4,0.00%,0.00%,177,4,0.00%,0.00%,100.00%,100.00%,1,0,0.66%,0.00%,"11,99 €","0,00 €",1,0
B0DT73LYPQ,B0DT73LYPQ,"CUPERINOX Cuchillos Montessori | Set de Cuchillos Infantiles de 16 Piezas | Cuchillos Niños Aprendizaje +2 Años | Incluye Delantal, Guante de Seguridad, Moldes Tabla de Cortar | Kids Collection",27016,67,6,0.00%,0.00%,98,12,0.00%,0.01%,98.86%,100.00%,1,0,1.49%,0.00%,"19,99 €","0,00 €",1,0
B0DT75PQN7,B0DT75PQN7,"CUPERINOX Kit Cocina Montessori | Cuchillos Niños Aprendizaje +2 Años | Set Completo de Cuchillos Infantiles de 17 Piezas | Incluye Tijeras, Moldes, Batidor, Tabla y Cuchillo Seguro",27017_,86,4,0.00%,0.00%,128,8,0.00%,0.00%,100.00%,100.00%,1,0,1.16%,0.00%,"19,99 €","0,00 €",1,0
B0DVG51R3F,B0DVG51R3F,"HENDI Baño María Eléctrico, 3x GN 1/3 con Tapas",H238967,52,11,0.00%,0.01%,61,11,0.00%,0.01%,91.23%,100.00%,1,0,1.92%,0.00%,"162,50 €","0,00 €",1,0
B0FR444FLT,B0F3JLVG2D,Arcos by Chef José Andrés | Cuchillo Pelador de 10 cm Forjado para Frutas y Verduras | Hoja de Acero Inoxidable NITRUM con Borde de Seda | Mango Ergonómico de Madera de Encina,171100,"1,978",29,0.03%,0.02%,"2,138",36,0.02%,0.02%,80.40%,45.45%,1,0,0.05%,0.00%,"48,95 €","0,00 €",1,0
B0FR444FLT,B0F3JWLDBQ,Arcos by Chef José Andrés | Cuchillo de Chef Forjado de 20 cm para Precisión Culinaria Profesional | Hoja de Acero Inoxidable NITRUM con Borde de Seda | Mango Ergonómico de Madera de Encina,171400,332,8,0.01%,0.01%,361,9,0.00%,0.00%,87.58%,100.00%,1,0,0.30%,0.00%,"63,95 €","0,00 €",1,0
B0F4XZSZ2L,B0F3JWN8Y2,Arcos by Chef José Andrés | Cuchillo de Pan de 20 cm para Panes Artesanales y Productos de Panadería | Hoja Forjada de Acero Inoxidable NITRUM con Borde de Seda | Mango Ergonómico de Madera de Encina,171500,119,4,0.00%,0.00%,178,5,0.00%,0.00%,66.67%,33.33%,1,0,0.84%,0.00%,"78,95 €","0,00 €",1,0
B0F9GJRSSJ,B0F9GJRSSJ,"CUPERINOX Cuchillos Mesa, cuchillo carne, cuchillo mantequilla, Set 6 piezas, acero inoxidable, hoja con filo y sierra, cuchillo untar. Apto lavavajillas. Mango ergonomico",20043_6,10,0,0.00%,0.00%,11,0,0.00%,0.00%,90.91%,0.00%,1,0,10.00%,0.00%,"9,99 €","0,00 €",1,0
B0FDB2LW2H,B0FDB2LW2H,Sanjoma Chemical Solutions Paquete de cajas para mudanza de 60x40x40 cm,V802,94,9,0.00%,0.01%,148,12,0.00%,0.01%,4.69%,0.00%,1,0,1.06%,0.00%,"69,95 €","0,00 €",1,0
B0FGDGV4V4,B0FGDGV4V4,VINFERMATON – Insecticida Mosquitos y Moscas Casa y Terrazas Pack 2×600 ml | Spray Eliminador Insectos Voladores Interior y Exterior | Acción Inmediata Profesional | 100% MADE IN SPAIN,V1612_PACK2,84,1,0.00%,0.00%,108,2,0.00%,0.00%,89.52%,100.00%,1,0,1.19%,0.00%,"14,99 €","0,00 €",1,0
B0FT8N82NY,B0FT8N82NY,BIOLEAF® – Lavavajillas+ Desengrasante Cocina Pack 2×750 ml | Limpieza Potente Antigrasa y Vajilla Reluciente | Fórmula Biodegradable con Esencia Limón | Dermatológicamente Testado| 100% MADE IN SPAIN,BIOLEAF_3436,46,2,0.00%,0.00%,66,2,0.00%,0.00%,85.25%,100.00%,1,0,2.17%,0.00%,"9,99 €","0,00 €",1,0
B0FT8QFSK3,B0FT8QFSK3,BIOLEAF® – Multiusos + Desengrasante Pack 2×750 ml | Limpieza Hogar y Cocina | Potente Antigrasa y Multiusos Brillo Duradero | Fórmula Biodegradable con Esencia Limón | 100% MADE IN SPAIN,3443,94,4,0.00%,0.00%,128,5,0.00%,0.00%,89.17%,100.00%,2,0,2.13%,0.00%,"19,98 €","0,00 €",1,0
B0FT8QFSK3,B0FT8QFSK3,BIOLEAF® – Multiusos + Desengrasante Pack 2×750 ml | Limpieza Hogar y Cocina | Potente Antigrasa y Multiusos Brillo Duradero | Fórmula Biodegradable con Esencia Limón | 100% MADE IN SPAIN,BIOLEAF_3443,94,4,0.00%,0.00%,128,5,0.00%,0.00%,89.17%,100.00%,1,0,1.06%,0.00%,"9,99 €","0,00 €",1,0
B0FZC8B2NX,B0FZC8B2NX,"CUPERINOX - Estuche de Cuchillos Profesionales de Cocina 4 Piezas | Chef 20 cm, Santoku 18 cm, Universal 13 cm y Pelador 9 cm | Acero Inoxidable de Alta Precisión | Mango Ergonómico",19301,2,0,0.00%,0.00%,12,0,0.00%,0.00%,100.00%,0.00%,1,0,50.00%,0.00%,"34,99 €","0,00 €",1,0
B0FZKN2FKC,B0FZKN2FKC,Xpartan Clean | Pack 2 x 500ml | Limpiador de Suelos Multisuperficie para Robots de Limpieza | Concentrado y Perfumado para todo tipo de Robots y Marcas,XPARTAN_PACK2,20,0,0.00%,0.00%,22,0,0.00%,0.00%,100.00%,0.00%,1,0,5.00%,0.00%,"15,99 €","0,00 €",1,0
B0G2CJWWVW,B0G2CJWWVW,VINFER| Fregasuelos Limpiador Concentrado 017 con Fragancia a Magnolia 250 ml |Rinde 5 Litros |Friegasuelos Detergente Multiusos Neutro para Suelos y Superficies|100% Made in Spain,WC017,13,2,0.00%,0.00%,18,2,0.00%,0.00%,100.00%,0.00%,1,0,7.69%,0.00%,"12,99 €","0,00 €",1,0
B0G2CMWG78,B0G2CMWG78,VINFER| WINS018 Limpiador Amoniacal Pino Concentrado 250 ml | Rinde 5 Litros | Potente Detergente Desengrasante e Higienizante | Limpieza Profunda y Frescor Natural | 100% Made in Spain,WC018,9,0,0.00%,0.00%,12,0,0.00%,0.00%,100.00%,0.00%,1,0,11.11%,0.00%,"12,99 €","0,00 €",1,0
B0G2DTP9QC,B0G2DTP9QC,VINFER-WINS018 –Limpiador Amoniacal Pino| Pack Ahorro: Garrafa 5L + Concentrado 250 ml | Rinde 10 Litros Totales | Desengrasante e Higienizante con Frescor Natural | 100% Made in Spain,WC018+018,9,0,0.00%,0.00%,11,0,0.00%,0.00%,100.00%,0.00%,1,0,11.11%,0.00%,"19,99 €","0,00 €",1,0
B0G449LYZ3,B0G449LYZ3,WINS- AMBIENTADOR MARINO- GARRAFA 5L + CONCENTRADO 250ML (5L)| 10L EN TOTAL| PACK AHORRO| 100% MADE IN SPAIN,WC009+009,10,0,0.00%,0.00%,13,0,0.00%,0.00%,100.00%,0.00%,1,0,10.00%,0.00%,"19,49 €","0,00 €",1,0
B0G4F8D9B5,B0G4F8D9B5,"CUPERINOX Cuchillos Niños | Juego de Cuchillos Infantiles de 8 Piezas | Kit Cocina Método Montessori Aprendizaje +2 Años | Incluye Tabla de Cortar, Pelador y Cuchillo de Madera (8)",27007,17,0,0.00%,0.00%,20,0,0.00%,0.00%,94.44%,0.00%,1,0,5.88%,0.00%,"12,99 €","0,00 €",1,0
B0G6L13H45,B0G6L13H45,"CUPERINOX Graseras 1 Litro Acero Inoxidable para Carne y Pescado con Filtro de Malla Fina – Recipiente para Aceite Usado, Antigoteo, Tapa Antisalpicaduras – Gourmet Oil Collection",22121,6,0,0.00%,0.00%,11,0,0.00%,0.00%,77.78%,0.00%,1,0,16.67%,0.00%,"14,99 €","0,00 €",1,0
B0G3ZJ89NB,B0G8KMC5DX,"CUPERINOX Jamonero Giratorio y Plegable | Jamonera base Inoxidable | Incluye Cuchillo Jamonero Alveolos 25 cm, Afilador y Funda para Jamón | Apto Jamones y Paletilla",RI-P28V-UV1Q,"1,014",21,0.02%,0.01%,"1,293",27,0.01%,0.01%,99.74%,100.00%,1,0,0.10%,0.00%,"69,99 €","0,00 €",1,0
B0GCX89NVM,B0GCX89NVM,"CUPERINOX - Soporte Jamonero Profesional de Acero Inoxidable | Sistema Basculante y Cabezal Giratorio | Estabilidad, Corte Ergonómico y Fácil Limpieza | Apto para Jamones y Paletillas|Elite Collection",20280,61,1,0.00%,0.00%,102,1,0.00%,0.00%,93.48%,100.00%,1,0,1.64%,0.00%,"89,99 €","0,00 €",1,0