ASIN (parent),ASIN (child),Título,SKU,Sesiones: total,Sesiones - Total - B2B,Porcentaje de sesiones: total,Porcentaje de sesiones: total - B2B,Visitas: total,Visitas - Total - B2B,Porcentaje de visitas: total,Porcentaje de visitas - Total - B2B,Porcentaje de ofertas destacadas (Buy Box),Porcentaje de ofertas destacadas: B2B,Unidades encargadas,Unidades encargadas - B2B,Porcentaje de unidades por sesión,Porcentaje de sesiones de unidades - B2B,Ventas de productos encargados,Ventas de productos encargados: B2B,Total de artículos de un pedido,Total de artículos de un pedido - B2B
B0FDL4Q2JB,B0FDL4Q2JB,VINFERMATON – Insecticida Avispas y Avisperos Exterior Pack 2×600 ml | Antiavispas | Alcance hasta 4 m | Acción Inmediata Profesional | 100% MADE IN SPAIN,AVISPAS_PACK_2,"28,392","1,648",0.72%,1.56%,"41,147","2,310",0.74%,1.54%,97.77%,96.39%,"6,906",992,24.32%,60.19%,"118.170,52 €","16.508,61 €","6,011",618
B09NT4VRN7,B0812BKN39,Arcos Juego de Cuchillos Mondadores de 3 Piezas,859800_barras_arcos,"149,816","2,558",3.82%,2.42%,"202,078","3,591",3.64%,2.39%,14.77%,13.51%,"2,178",99,1.45%,3.87%,"21.708,66 €","982,09 €","2,026",76
B0BGRT2BVV,B09G9WBKPG,Arcos Juego de 6 Cuchillos de Mesa Chuleteros Hoja 110 mm Negro 705500,705500(805109),"59,999","1,468",1.53%,1.39%,"86,568","2,050",1.56%,1.36%,36.91%,18.74%,"2,202",12,3.67%,0.82%,"25.961,57 €","155,21 €","1,942",5
B08J488ZQG,B089QP6MYJ,Arcos Juego Cuchillos Carne | 6 Piezas | Cuchillos carne cuchillo chuleteros | cubiertos acero inoxidable | Hoja 110 mm | mango monobloque | aptos lavavajillas | Caja Envase Ecológico,815600_fba,"29,087",724,0.74%,0.69%,"43,608","1,106",0.78%,0.74%,99.64%,99.47%,"1,991",43,6.84%,5.94%,"53.082,82 €","1.214,17 €","1,643",18
B09DYJY471,B08MTCRCT4,Arcos Juego Cuchillos Cocina Profesionales| Cuchillos Cocina Profesional | Cuchillos Acero Inoxidable Mango Negro | utensilios de cocina | cuchillo japones Santoku | lavavajillas (5 Piezas),816800,"50,140",993,1.28%,0.94%,"71,713","1,383",1.29%,0.92%,99.31%,98.65%,"1,602",58,3.20%,5.84%,"47.844,40 €","1.715,71 €","1,579",53
B09DYJY471,B08MTCRCT4,Arcos Juego Cuchillos Cocina Profesionales| Cuchillos Cocina Profesional | Cuchillos Acero Inoxidable Mango Negro | utensilios de cocina | cuchillo japones Santoku | lavavajillas (5 Piezas),816800fbm,"50,140",993,1.28%,0.94%,"71,713","1,383",1.29%,0.92%,99.31%,98.65%,"1,389",99,2.77%,9.97%,"41.547,18 €","2.924,10 €","1,358",86
B09KJLG7BT,B08KW4BFZ9,CUPERINOX Jamonero Profesional | Soporte jamonero Tipo Gondola| Base de Corte para Usar con Cuchillo jamonero | Jamon iberico | Fabricado en España,2020CUP,"9,923",147,0.25%,0.14%,"14,626",218,0.26%,0.15%,89.76%,81.75%,"1,341",32,13.51%,21.77%,"18.582,73 €","433,71 €","1,325",27
B0DPKXM18X,B0DNQT7LV3,"CUPERINOX Soporte Jamonero Balancín | Jamonero Giratorio Profesional | Jamonero Madera | Incluye Cuchillo Profesional, Afilador Funda Cubre Jamón| Jamoneros Elite Collection",20265_fbm,"25,571",733,0.65%,0.69%,"46,189","1,371",0.83%,0.91%,99.15%,98.75%,"1,216",34,4.76%,4.64%,"105.946,11 €","2.909,66 €","1,203",30
B08MT437W9,B08MT437W9,Arcos Juego Cuchillos Cocina Profesionales| Cuchillos Cocina Profesional | 6 pzas | Cuchillos Acero Inoxidable Mango Negro | utensilios de cocina serie Niza | Apto lavavajillas,812900,"22,564",402,0.57%,0.38%,"31,575",545,0.57%,0.36%,99.86%,99.39%,"1,093",26,4.84%,6.47%,"35.810,13 €","851,84 €","1,075",24
B0BGRT2BVV,B09G9WBKPG,Arcos Juego de 6 Cuchillos de Mesa Chuleteros Hoja 110 mm Negro 705500,805109_uss,"59,999","1,468",1.53%,1.39%,"86,568","2,050",1.56%,1.36%,36.91%,18.74%,"1,228",105,2.05%,7.15%,"14.790,12 €","1.263,88 €",997,73
B017HKRCGK,B005LR7A1Y,ARCOS Bolsa para Cuchillos 100% Poliéster 460x275 mm,690200_,"15,291",334,0.39%,0.32%,"24,688",519,0.44%,0.35%,62.88%,58.31%,"1,022",39,6.68%,11.68%,"16.115,52 €","592,75 €",982,35
B0CYTKGNPM,B0CW68KM18,Pelador de Cocina ARCOS - Hoja de Acero Inoxidable | Mango Ergonómico | Herramienta Versátil para Pelar Frutas y Verduras,607300,"13,321",382,0.34%,0.36%,"16,812",474,0.30%,0.32%,88.08%,90.76%,"1,037",83,7.78%,21.73%,"7.862,73 €","622,79 €",966,51
B09DYJY471,B08MQJCD2V,Arcos Juego Cuchillos Cocina Profesionales| Cuchillos Cocina Profesional | Cuchillos Acero Inoxidable Mango Negro | utensilios de cocina | cuchillo japones Santoku | lavavajillas (4 Piezas),816900,"15,321",283,0.39%,0.27%,"20,303",361,0.37%,0.24%,99.29%,99.58%,879,19,5.74%,6.71%,"22.676,19 €","484,79 €",869,19
B0G6M1C8V6,B0D4WK78XV,CUPERINOX Aceiteras para Aceite Usado | Grasera Acero Inoxidable 550ML con Filtro Metálico | Recipiente para Aceite Usado de Cocina y Grasa | Grasera Cocina Metálica 550ML 2Uds Metálico,F22105-22106,"10,461",185,0.27%,0.18%,"15,588",277,0.28%,0.18%,87.48%,90.32%,866,23,8.28%,12.43%,"10.318,62 €","275,77 €",855,22
B07YM65C6J,B007TS6HMQ,ARCOS Pinza para Pescado Acero Inoxidable,605000_caja,"5,391",187,0.14%,0.18%,"7,553",262,0.14%,0.17%,91.54%,65.54%,822,34,15.25%,18.18%,"7.535,54 €","305,91 €",798,29
B0F1N351DY,B072FGV2YH,Arcos Juego de 6 Cuchillos Mondadores Acero Inoxidable 100 mm,189100,"67,759","1,937",1.73%,1.83%,"97,456","2,813",1.75%,1.87%,12.24%,6.99%,831,6,1.23%,0.31%,"13.946,15 €","101,94 €",788,2
B08GSTDWTC,B08LVVQ3ZQ,"Arcos Serie Nova - Cuchillo para pelar, Acero Inoxidable NITRUM, Envase Ecológico, 3 colores Fucsia, Turquesa y Amarillo",703700_,"13,703",231,0.35%,0.22%,"19,237",327,0.35%,0.22%,91.58%,98.84%,835,33,6.09%,14.29%,"8.727,26 €","344,35 €",771,26
B08J488ZQG,B089QP6MYJ,Arcos Juego Cuchillos Carne | 6 Piezas | Cuchillos carne cuchillo chuleteros | cubiertos acero inoxidable | Hoja 110 mm | mango monobloque | aptos lavavajillas | Caja Envase Ecológico,815600_,"29,087",724,0.74%,0.69%,"43,608","1,106",0.78%,0.74%,99.64%,99.47%,"1,025",215,3.52%,29.70%,"27.150,34 €","5.451,40 €",763,89
B0FJLTDB9J,B09RP6V156,"CUPERINOX® Alicates para pedicura, Profesional, Cortaúñas de Pies, Acero Inoxidable, Mango Ergonómico Antideslizante, Fácil Limpieza, Con Funda, 2 Años de Garantía",21920AM,"7,202",145,0.18%,0.14%,"10,649",216,0.19%,0.14%,92.83%,97.90%,764,72,10.61%,49.66%,"8.233,05 €","662,17 €",689,42
B0F4WTVT1Z,B09GPS4SQN,"HENDI Pasta combustible para Chafing Dish, 12 x 200 g",H194362,"6,735",419,0.17%,0.40%,"9,991",592,0.18%,0.39%,81.56%,69.53%,748,106,11.11%,25.30%,"14.905,65 €","2.085,74 €",630,78
B06XD39V8J,B06XD39V8J,VINFERMATON – Insecticida Cucarachas y Hormigas Residual 400 ml | Spray Efecto Duradero para Interior y Exterior | Profesional Doméstico | 100 % MADE IN SPAIN,V0012_,"5,629",167,0.14%,0.16%,"8,151",235,0.15%,0.16%,47.30%,35.29%,795,70,14.12%,41.92%,"6.066,89 €","522,71 €",602,27
B0F9TD2LTH,B09CL776WP,CUPERINOX® Cuchillos de Mesa Acero Inoxidable – Set 12 Cuchillos para Carne con Filo Dentado – Aptos Lavavajillas – Uso Diario y Profesional,15015,"8,514",502,0.22%,0.48%,"13,230",910,0.24%,0.61%,97.98%,97.62%,976,382,11.46%,76.10%,"19.665,10 €","7.348,17 €",569,162
B0DNNKT1W2,B0DNNFJ5J7,"Cuperinox-Tetera de Cristal con Infusor para Té e Infusiones, Resistente al Calor y Compatible con Microondas ** - Infusion Prestige Collection (350 ml)",26110_,"11,607",288,0.30%,0.27%,"16,150",424,0.29%,0.28%,99.80%,100.00%,617,35,5.32%,12.15%,"8.866,93 €","503,07 €",548,12
B0DNNL2TZQ,B0DNN57WC1,"CUPERINOX Aceitera de Cristal Antigoteo para Aceite de Oliva, Resistente y Fácil de Limpiar Gourmet Oil Collection (250 Ml)",22022_,"6,009",186,0.15%,0.18%,"8,431",261,0.15%,0.17%,99.33%,99.46%,584,49,9.72%,26.34%,"6.940,40 €","562,33 €",537,32
B071PB1GX3,B071PB1GX3,WINS 007 - Friegasuelos Perfumado | Garrafa 5 L,WINS007,"3,012",263,0.08%,0.25%,"4,031",364,0.07%,0.24%,62.93%,93.85%,751,344,24.93%,130.80%,"7.483,14 €","3.384,20 €",530,215
B017HKSTCQ,B00CFN1M6Q,ARCOS Tijeras de Cocina Multiusos 200 mm,809700_FBA,"21,934",717,0.56%,0.68%,"32,729","1,024",0.59%,0.68%,20.45%,18.52%,546,41,2.49%,5.72%,"6.507,03 €","486,53 €",514,23
B0H4FZYK8Z,B0FH2NLMGN,VINFERMATON Insecticida Hormigas y Cucarachas Residual | Antihormigas | Pack 2×400 ml | Efecto hasta 1 año | Interior y Exterior | Profesional Doméstico | 100% MADE IN SPAIN,V0012_PACK2,"4,310",114,0.11%,0.11%,"5,933",157,0.11%,0.10%,96.87%,93.14%,538,49,12.48%,42.98%,"7.972,70 €","703,09 €",500,37
B09N7S17J6,B09D3YRGL9,"CUPERINOX Navaja Plegable Multiusos – Hoja de Acero Inoxidable 80 mm (Filo Liso + Serrado), Punta Rompevidrios, Apertura Rápida, Clip de Cinturón, Herramienta para Camping, Caza, Pesca y Supervivencia",30061_,"10,282",185,0.26%,0.18%,"14,562",244,0.26%,0.16%,98.72%,99.29%,536,20,5.21%,10.81%,"5.331,41 €","199,80 €",480,14
B095SDL23Y,B095SDL23Y,Arcos | cuchillos de mesa (6 ud) | cuchillos acero inoxidable con sierra cuchillo chuletero cuchillos chuleteros | Fabricado en España,813000_fbm,"6,865",149,0.17%,0.14%,"9,923",201,0.18%,0.13%,99.44%,99.15%,554,19,8.07%,12.75%,"9.062,05 €","306,34 €",478,17
B0CYTKGNPM,B0CW68KM18,Pelador de Cocina ARCOS - Hoja de Acero Inoxidable | Mango Ergonómico | Herramienta Versátil para Pelar Frutas y Verduras,607300_,"13,321",382,0.34%,0.36%,"16,812",474,0.30%,0.32%,88.08%,90.76%,518,63,3.89%,16.49%,"4.370,63 €","506,56 €",475,36
B0FDL4Q2JB,B0FDL4Q2JB,VINFERMATON – Insecticida Avispas y Avisperos Exterior Pack 2×600 ml | Antiavispas | Alcance hasta 4 m | Acción Inmediata Profesional | 100% MADE IN SPAIN,V0020_PACK_Fba,"28,392","1,648",0.72%,1.56%,"41,147","2,310",0.74%,1.54%,97.77%,96.39%,503,20,1.77%,1.21%,"9.285,97 €","369,80 €",469,18
B08M9NWMW8,B08M9NWMW8,Arcos Juego de Cuchillos de Cocina Profesional y Afilador | 7 Piezas | Acero Inoxidable | Taco de Madera | Serie Niza | Uso Cotidiano | Apto para Lavavajillas,835800FBM,"11,766",223,0.30%,0.21%,"17,307",310,0.31%,0.21%,99.38%,99.48%,473,27,4.02%,12.11%,"25.847,45 €","1.451,16 €",461,19
B0DNNL2TZQ,B0DNNFGWNJ,"CUPERINOX Aceitera de Cristal Antigoteo para Aceite de Oliva, Resistente y Fácil de Limpiar Gourmet Oil Collection (500 Ml)",22023_,"4,621",173,0.12%,0.16%,"6,517",239,0.12%,0.16%,99.42%,99.42%,503,49,10.89%,28.32%,"7.341,56 €","607,22 €",460,34
B0DNNKT1W2,B0DNNJPRXB,"Cuperinox-Tetera de Cristal con Infusor para Té e Infusiones, Resistente al Calor y Compatible con Microondas ** - Infusion Prestige Collection (550 ml)",26111_,"7,547",191,0.19%,0.18%,"10,782",286,0.19%,0.19%,99.85%,100.00%,471,15,6.24%,7.85%,"7.868,00 €","245,11 €",437,14
B08MT437W9,B08MT437W9,Arcos Juego Cuchillos Cocina Profesionales| Cuchillos Cocina Profesional | 6 pzas | Cuchillos Acero Inoxidable Mango Negro | utensilios de cocina serie Niza | Apto lavavajillas,812900fbm,"22,564",402,0.57%,0.38%,"31,575",545,0.57%,0.36%,99.86%,99.39%,430,54,1.91%,13.43%,"13.666,86 €","1.725,64 €",426,53
B0GTZB24Q5,B0GTZB24Q5,"VINFERMATON- Fregasuelos Insecticida Pack 2×1L | Antihormigas y Anticucarachas | Elimina Hormigas, Cucarachas y Arañas |Uso Directo en Zócalos y Suelos| Friegasuelos Aroma Lavanda |100% MADE IN SPAIN",FriegasuelosInsecticida_Pack2,"5,842",151,0.15%,0.14%,"8,099",214,0.15%,0.14%,98.65%,100.00%,455,33,7.79%,21.85%,"6.750,90 €","459,57 €",419,23
B017HKSTCQ,B00CFN1M6Q,ARCOS Tijeras de Cocina Multiusos 200 mm,809700_,"21,934",717,0.56%,0.68%,"32,729","1,024",0.59%,0.68%,20.45%,18.52%,538,147,2.45%,20.50%,"6.155,12 €","1.474,02 €",411,32
B0DQV6381X,B0GCX89NVM,"CUPERINOX - Soporte Jamonero Profesional de Acero Inoxidable | Sistema Basculante y Cabezal Giratorio | Estabilidad, Corte Ergonómico y Fácil Limpieza | Apto para Jamones y Paletillas|Elite Collection",20280,"9,355",267,0.24%,0.25%,"16,150",458,0.29%,0.30%,99.70%,100.00%,413,19,4.41%,7.12%,"37.461,84 €","1.723,72 €",406,18
B0752X4WZ6,B017DLMFXS,ARCOS Pinzas para Emplatar Acero Inoxidable 200 mm,606300FBM,"30,065",752,0.77%,0.71%,"41,058","1,015",0.74%,0.68%,16.83%,14.71%,396,32,1.32%,4.26%,"4.594,31 €","367,10 €",368,18
B0DKP7F29P,B0DJBZ1M2L,Arcos Serie Samoa Iconic | Sarten Antiadherente Cerámico 24 cm | Aluminio Forjado | Apta cualquier cocina | Mango Acero Inoxidable | Apta lavavajillas | Color Beige | LIBRE DE (PFOA/PTFE/PFOS),716324,"7,859",169,0.20%,0.16%,"11,504",260,0.21%,0.17%,93.87%,97.56%,375,14,4.77%,8.28%,"14.335,90 €","533,23 €",367,14
B0752X1ZCK,B07G77NN26,Arcos Cuchillos de Mesa - Caja de 12 uds Cuchillo Chuletero Cuchillo de Mesa - Hoja de Acero Inoxidable NITRUM 110 mm - Mango de Nylon - Color Negro (12 uds),803000_fmb,"8,828",229,0.22%,0.22%,"13,383",342,0.24%,0.23%,92.42%,97.11%,381,37,4.32%,16.16%,"11.017,15 €","1.063,07 €",343,24
B0GY2G2Y86,B08JCVQ4QL,"Arcos Series Niza - Juego de Cuchillos Cocina, 6 Piezas, Cuchillos Verduras 110 mm, + Cuchillo Mesa, Envase 100% Ecológico, Acero Inoxidable NITRUM",809400,"7,270",174,0.19%,0.16%,"10,807",285,0.19%,0.19%,99.49%,100.00%,369,15,5.08%,8.62%,"7.374,99 €","298,53 €",340,12
B0FH2NLMGN,B0FH2NLMGN,VINFERMATON Insecticida Hormigas y Cucarachas Residual | Antihormigas | Pack 2×400 ml | Efecto hasta 1 año | Interior y Exterior | Profesional Doméstico | 100% MADE IN SPAIN,V0012_PACK2,"2,986",113,0.08%,0.11%,"4,183",151,0.08%,0.10%,91.49%,67.53%,377,30,12.63%,26.55%,"5.591,16 €","444,50 €",339,24
B0FHQJSLGJ,B0FHQJSLGJ,"VINFERMATON - Insecticida Antipolillas Perfumado | Pack 3 x 300 ml | Protección para Armarios, Ropa y Tejidos | Elimina Polillas y Larvas | Aroma Agradable | Uso en Ambientes y Textiles",V1308_PACK3,"3,182",64,0.08%,0.06%,"4,587",88,0.08%,0.06%,99.12%,91.67%,352,13,11.06%,20.31%,"4.507,87 €","164,44 €",334,12
B0H6BQ4BG5,B0H3Q5DQZ4,VINFERMATÓN Pack 2 Insecticida Mosquitos y Moscas Concentrado Matón PS 250 ml | Spray para Insectos Voladores |Acción Inmediata|Con Piretrinas Sintéticas|Formato Ligero con Dosificación Controlad,MATONPS_PACK2,"1,688",89,0.04%,0.08%,"2,461",141,0.04%,0.09%,93.75%,98.98%,479,81,28.38%,91.01%,"7.463,68 €","1.132,60 €",330,33
B0CVH8PC99,B0CQTJ6T66,"CUPERINOX® Cuchillos de Mesa Acero Inoxidable – Set Profesional 12 Piezas con Hoja Serrada de 11 cm y Mango Ergonómico Antideslizante – Para Carne, Verduras y Pescado",99922,"6,497",273,0.17%,0.26%,"9,135",370,0.16%,0.25%,99.85%,100.00%,366,37,5.63%,13.55%,"4.353,44 €","439,57 €",313,30
B0FGDF2SHZ,B0FGDF2SHZ,VINFERMATON Antihormigas Efecto Permanente | Insecticida Cucarachas y Hormigas Pack 2×600 ml | Efecto hasta 1 año | Interior y Exterior | Profesional y Doméstico | MADE IN SPAIN,V0013_PACK2,"2,716",90,0.07%,0.09%,"3,780",135,0.07%,0.09%,87.55%,83.33%,353,30,13.00%,33.33%,"5.544,28 €","454,64 €",312,19
B0DNNL2TZQ,B0DNNF3839,"CUPERINOX Aceitera de Cristal Antigoteo para Aceite de Oliva, Resistente y Fácil de Limpiar Gourmet Oil Collection (1000 Ml)",22024_,"3,386",133,0.09%,0.13%,"5,009",181,0.09%,0.12%,99.13%,100.00%,310,22,9.16%,16.54%,"5.483,08 €","368,81 €",295,20
B0FT8NPR4X,B0FT8NPR4X,BIOLEAF® – Gel WC + Desincrustante Baños Pack 2×750 ml | Limpieza Antical Baño | Fórmula Biodegradable con Esencias Marinas | Dermatológicamente Testado|100% MADE IN SPAIN,3429,"4,179",47,0.11%,0.04%,"5,249",59,0.09%,0.04%,98.41%,93.62%,301,15,7.20%,31.91%,"2.992,98 €","149,84 €",293,14
B0DNNL2TZQ,B0DNN4J6Q8,"CUPERINOX Aceitera antigoteo cristal para Aceite de Oliva, Vinagre etc. A prueba de fugas, Aceitera cristal antigoteo tambien aceiteros cocina ideal para Ensaladas, BBQ, cooking oil container (125 ML)",22021_,"6,803",211,0.17%,0.20%,"9,337",288,0.17%,0.19%,99.72%,99.49%,390,54,5.73%,25.59%,"4.386,46 €","549,12 €",285,24
B09NT4VRN7,B0812BKN39,Arcos Juego de Cuchillos Mondadores de 3 Piezas,859800_,"149,816","2,558",3.82%,2.42%,"202,078","3,591",3.64%,2.39%,14.77%,13.51%,329,70,0.22%,2.74%,"3.361,82 €","649,34 €",284,39
B0CYTKGNPM,B0843Q6L5P,ARCOS Pelador Profesional Acero Inoxidable Cromado 130 mm,607000_etq1,"39,685","1,244",1.01%,1.18%,"60,141","1,775",1.08%,1.18%,0.64%,3.00%,304,12,0.77%,0.96%,"1.930,79 €","77,89 €",284,6
B0DKP7F29P,B0DJBZPLJF,Arcos Serie Samoa Iconic | Sarten Antiadherente Cerámico 28 cm | Aluminio Forjado | Apta cualquier cocina | Mango Acero Inoxidable | Apta lavavajillas | Color Beige | LIBRE DE (PFOA/PTFE/PFOS),716524,"4,475",90,0.11%,0.09%,"6,370",128,0.11%,0.09%,92.90%,97.50%,290,13,6.48%,14.44%,"12.965,95 €","581,15 €",282,13
B0H4FZYK8Z,B0H3Q8F8RW,"VINFERMATÓN Antihormigas y Anticucarachas Pack 3 Insecticida Residual 400 ml x 3 | Total 1,2L | Efecto hasta 1 Año | Interior y Exterior | Spray Profesional",RESIDUAL400ML_PACK3,"1,940",94,0.05%,0.09%,"2,679",121,0.05%,0.08%,99.02%,100.00%,302,50,15.57%,53.19%,"5.663,27 €","932,25 €",282,40
B08M7BMR2S,B08LNRV6N6,"Arcos Afiladores, Afilador de Cuchillos de Mano, Hecho de ABS + TPE, Rodillos Cerámico y Carburo, Color Blanco y Negro",610624,"6,405",165,0.16%,0.16%,"8,112",199,0.15%,0.13%,98.15%,96.99%,287,6,4.48%,3.64%,"3.903,21 €","79,82 €",281,6
B09GSCQQF9,B07G77FNSF,"Arcos Serie Cuchillos de Mesa Caja 12 uds Cuchillo Postre, Hoja Serrada de Acero Inoxidable NITRUM de 105 mm, Mango Polipropileno Color crema (12 UDS)",370100_,"2,796",76,0.07%,0.07%,"4,243",103,0.08%,0.07%,96.92%,100.00%,316,33,11.30%,43.42%,"5.755,01 €","596,70 €",272,13
B09DYJY471,B08MQJCD2V,Arcos Juego Cuchillos Cocina Profesionales| Cuchillos Cocina Profesional | Cuchillos Acero Inoxidable Mango Negro | utensilios de cocina | cuchillo japones Santoku | lavavajillas (4 Piezas),816900fba,"15,321",283,0.39%,0.27%,"20,303",361,0.37%,0.24%,99.29%,99.58%,299,32,1.95%,11.31%,"7.735,81 €","802,55 €",271,18
B0DNNL2TZQ,B0DNN57WC1,"CUPERINOX Aceitera de Cristal Antigoteo para Aceite de Oliva, Resistente y Fácil de Limpiar Gourmet Oil Collection (250 Ml)",22022,"6,009",186,0.15%,0.18%,"8,431",261,0.15%,0.17%,99.33%,99.46%,293,14,4.88%,7.53%,"3.446,69 €","167,86 €",271,8
B08M7BMR2S,B08LNRV6N6,"Arcos Afiladores, Afilador de Cuchillos de Mano, Hecho de ABS + TPE, Rodillos Cerámico y Carburo, Color Blanco y Negro",610624_fbm,"6,405",165,0.16%,0.16%,"8,112",199,0.15%,0.13%,98.15%,96.99%,269,12,4.20%,7.27%,"3.660,13 €","163,69 €",267,12
B0FBRQYHVM,B0FBRNCHGJ,"CUPERINOX® Ventilador Portátil Silencioso y Recargable con Power Bank 20000mAh, +50H de batería – Ventilador de Mesa USB con Mando, Luz LED y 4 Velocidades – Ideal para Dormir, Camping y Hogar.",27000,"6,241",227,0.16%,0.21%,"10,161",385,0.18%,0.26%,99.30%,100.00%,277,30,4.44%,13.22%,"16.050,88 €","1.457,58 €",264,28
B0G6M1C8V6,B0D4WK78XV,CUPERINOX Aceiteras para Aceite Usado | Grasera Acero Inoxidable 550ML con Filtro Metálico | Recipiente para Aceite Usado de Cocina y Grasa | Grasera Cocina Metálica 550ML 2Uds Metálico,22105-22106,"10,461",185,0.27%,0.18%,"15,588",277,0.28%,0.18%,87.48%,90.32%,265,12,2.53%,6.49%,"3.052,60 €","136,93 €",263,12
B0DKP7F29P,B0DJBZ7G4Y,Arcos Serie Samoa Iconic | Sarten Antiadherente Cerámico 20 cm | Aluminio Forjado | Apta cualquier cocina | Mango Acero Inoxidable | Apta lavavajillas | Color Beige | LIBRE DE (PFOA/PTFE/PFOS),716124,"5,963",88,0.15%,0.08%,"8,231",122,0.15%,0.08%,93.31%,98.80%,267,7,4.48%,7.95%,"9.019,31 €","234,25 €",263,7
B0FBRQYHVM,B0FBRLQK47,"CUPERINOX Ventilador Portatil, Camping, Exterior, Playa, Piscina, Festival| 5+ cargas movil| +48H de bateria | 20000mAh| Powerbank, Luz led, Mando a distancia y Temporizador",27001,"4,529",186,0.12%,0.18%,"7,475",305,0.13%,0.20%,99.09%,100.00%,272,43,6.01%,23.12%,"15.475,07 €","2.069,72 €",252,27
B0DNNL2TZQ,B0DNN4J6Q8,"CUPERINOX Aceitera antigoteo cristal para Aceite de Oliva, Vinagre etc. A prueba de fugas, Aceitera cristal antigoteo tambien aceiteros cocina ideal para Ensaladas, BBQ, cooking oil container (125 ML)",22021,"6,803",211,0.17%,0.20%,"9,337",288,0.17%,0.19%,99.72%,99.49%,278,11,4.09%,5.21%,"3.101,05 €","117,01 €",251,8
B0G6M1C8V6,B0G6L13H45,"CUPERINOX Graseras 1 Litro Acero Inoxidable para Carne y Pescado con Filtro de Malla Fina – Recipiente para Aceite Usado, Antigoteo, Tapa Antisalpicaduras – Gourmet Oil Collection",22121,"2,294",45,0.06%,0.04%,"3,079",64,0.06%,0.04%,98.44%,100.00%,255,11,11.12%,24.44%,"3.783,75 €","163,89 €",250,10
B0CYTKGNPM,B0843DQCF5,ARCOS Pelador de Verduras en Juliana de Acero Inoxidable Cromado 130 Mm. Pelador Profesional para Cortes en Juliana de Verduras y Hortalizas. Apto Lavavajillas. Color Plata,607200,"9,022",192,0.23%,0.18%,"10,477",230,0.19%,0.15%,96.58%,95.80%,261,19,2.89%,9.90%,"1.950,57 €","135,81 €",247,14
B0DQV6381X,B0DQDQ1DB8,CUPERINOX Jamonero | Jamonero Giratorio | Tabla Cortar Jamon | Jamoneros Profesional | Jamonero Plegable | Tabla Jamon | Cortador de Jamon,SC_20270,"6,937",144,0.18%,0.14%,"10,016",200,0.18%,0.13%,99.58%,100.00%,240,4,3.46%,2.78%,"8.208,80 €","141,00 €",240,4
B07YM65C6J,B007TS6HMQ,ARCOS Pinza para Pescado Acero Inoxidable,605000_605010,"5,391",187,0.14%,0.18%,"7,553",262,0.14%,0.17%,91.54%,65.54%,243,19,4.51%,10.16%,"2.303,42 €","177,51 €",234,13
B089MW6B1B,B078JNZS9T,Arcos Estuche de 3 Cuchillos Básicos de Cocina. Pack de Cuchillos con Hoja de Acero Inoxidable y Mango de Polieximetileno Aptos para Lavavajillas. Serie Universal. Color Negro,807400_us,"36,275",702,0.92%,0.66%,"51,101","1,026",0.92%,0.68%,15.82%,18.20%,232,15,0.64%,2.14%,"10.145,08 €","645,85 €",227,14
B0CYTKGNPM,B0CW66H3TR,Pelador de Tomate ARCOS - Hoja Serrada de Acero Inoxidable | Mango Ergonómico | Ideal para Tomates,607420,"9,382",188,0.24%,0.18%,"10,683",203,0.19%,0.14%,96.87%,97.46%,246,13,2.62%,6.91%,"1.965,67 €","103,87 €",224,5
B07G75XCXM,B07G75XCXM,"Arcos Serie Cuchillos de Mesa Caja 12 uds Cuchillo Mesa, Hoja Serrada de Acero Inoxidable NITRUM de 125 mm, Mango Polipropileno Color crema (12 UDS)",370200_fbm,"3,946",105,0.10%,0.10%,"6,241",175,0.11%,0.12%,95.56%,98.36%,246,20,6.23%,19.05%,"4.911,54 €","399,80 €",223,14
B0H9SL9KYG,B0H8SYBZD4,"CUPERINOX 4 Tuppers de Vidrio Herméticos, Rectangulares, sin BPA, Meal Prep",28001,"2,361",39,0.06%,0.04%,"3,645",55,0.07%,0.04%,98.98%,100.00%,232,6,9.83%,15.38%,"3.476,08 €","87,34 €",223,5
B0786LYQTP,B0786LYQTP,VINFER- Limpiador y Abrillantador Inox 600 ml | Limpieza y Protección Acero Inoxidable | Efecto Brillo Duradero | Desengrasa y Cuida Superficies Inoxidables | Spray Profesional,VP_Inox600Ml,"1,782",116,0.05%,0.11%,"2,543",163,0.05%,0.11%,84.06%,97.64%,363,117,20.37%,100.86%,"2.830,21 €","852,95 €",219,36
B0788NSRGR,B0788NSRGR,WINS-Detergente Máquinas Lavavajillas Profesional Aguas Duras 012 | Garrafa 5 L | Limpieza Potente de Vajilla en Lavavajillas Industriales | Uso Profesional | 100% Made in Spain,WINS012_5l,878,143,0.02%,0.14%,"1,277",220,0.02%,0.15%,70.05%,94.80%,298,123,33.94%,86.01%,"4.913,82 €","1.977,31 €",219,79
B0DNNKT1W2,B0DNNJCHQP,"Cuperinox-Tetera de Cristal con Infusor para Té e Infusiones, Resistente al Calor y Compatible con Microondas ** - Infusion Prestige Collection (950 ml)",26113_,"2,925",80,0.07%,0.08%,"4,022",131,0.07%,0.09%,99.52%,100.00%,221,13,7.56%,16.25%,"4.312,43 €","242,14 €",218,12
B09KJLG7BT,B098TFPYLY,CUPERINOX Jamonero profesional Gondola | tabla jamon | Cuchillo Jamonero Alveolos Acero Inox + Cubre Jamón Universal | Set cortar jamón (3 PZAS) | Sujeta jamones | tabla jamonero,20228FBM,"3,010",75,0.08%,0.07%,"4,375",114,0.08%,0.08%,98.55%,100.00%,221,17,7.34%,22.67%,"7.653,37 €","594,83 €",214,14
B09N7S17J6,B09D3YRGL9,"CUPERINOX Navaja Plegable Multiusos – Hoja de Acero Inoxidable 80 mm (Filo Liso + Serrado), Punta Rompevidrios, Apertura Rápida, Clip de Cinturón, Herramienta para Camping, Caza, Pesca y Supervivencia",30061_solo_navaja,"10,282",185,0.26%,0.18%,"14,562",244,0.26%,0.16%,98.72%,99.29%,252,13,2.45%,7.03%,"2.522,14 €","119,49 €",214,10
B093DXB2PK,B00MDJVRG2,Arcos Latina Cuchillo para Verduras Acero Inoxidable 105 mm,100500_1_pieza,"1,625",29,0.04%,0.03%,"2,397",49,0.04%,0.03%,98.84%,100.00%,507,17,31.20%,58.62%,"2.502,54 €","84,83 €",213,4
B0189HXS8Q,B017DLLIUO,Arcos Navaja Profesional Acero Inoxidable 85 mm,485929,"6,284",133,0.16%,0.13%,"8,833",185,0.16%,0.12%,82.11%,84.96%,263,17,4.19%,12.78%,"1.982,16 €","123,95 €",212,9
B08GSTDWTC,B08LVVQ3ZQ,"Arcos Serie Nova - Cuchillo para pelar, Acero Inoxidable NITRUM, Envase Ecológico, 3 colores Fucsia, Turquesa y Amarillo",703700fbm,"13,703",231,0.35%,0.22%,"19,237",327,0.35%,0.22%,91.58%,98.84%,234,22,1.71%,9.52%,"2.770,17 €","228,29 €",211,19
B0CVH8PC99,B0CQTJ6T66,"CUPERINOX® Cuchillos de Mesa Acero Inoxidable – Set Profesional 12 Piezas con Hoja Serrada de 11 cm y Mango Ergonómico Antideslizante – Para Carne, Verduras y Pescado",99901_12pzs,"6,497",273,0.17%,0.26%,"9,135",370,0.16%,0.25%,99.85%,100.00%,235,40,3.62%,14.65%,"2.776,24 €","457,59 €",209,33
B0189HXS8Q,B015QGR3CK,Arcos Serie Navajas Profesionales - Navaja Profesional - Hoja Filo de Acero Inoxidable NITRUM de 85 mm - Navaja de Acero Inoxidable Color amarillo,485900_fbm,"6,704",131,0.17%,0.12%,"9,178",193,0.17%,0.13%,88.94%,92.11%,273,29,4.07%,22.14%,"1.984,18 €","209,59 €",203,7
B017HKRCGK,B005LR7AWI,ARCOS Bolsa Portacuchillos 8 Piezas Poliéster 500x510mm,690400_,"5,468",137,0.14%,0.13%,"7,487",199,0.13%,0.13%,57.01%,47.11%,204,10,3.73%,7.30%,"5.064,26 €","243,65 €",200,10
B0DNNKT1W2,B0DNNJPGTY,"Cuperinox-Tetera de Cristal con Infusor para Té e Infusiones, Resistente al Calor y Compatible con Microondas ** - Infusion Prestige Collection (750 ml)",26112_,"2,895",75,0.07%,0.07%,"3,991",98,0.07%,0.07%,98.97%,100.00%,201,9,6.94%,12.00%,"3.633,62 €","158,95 €",198,7
B07ZJ8ZJ93,B07ZJ8ZJ93,Arcos Set Jamonero Profesional Acero Inoxidable 3 Piezas,859400_us,"3,550",70,0.09%,0.07%,"5,199",101,0.09%,0.07%,87.76%,91.67%,199,9,5.61%,12.86%,"5.969,04 €","269,94 €",197,7
B0FT8QFSK3,B0FT8QFSK3,BIOLEAF® – Multiusos + Desengrasante Pack 2×750 ml | Limpieza Hogar y Cocina | Potente Antigrasa y Multiusos Brillo Duradero | Fórmula Biodegradable con Esencia Limón | 100% MADE IN SPAIN,3443,"3,980",36,0.10%,0.03%,"5,160",53,0.09%,0.04%,98.73%,100.00%,202,1,5.08%,2.78%,"2.011,98 €","9,99 €",197,1
B08GSTDWTC,B08G4D9718,"Arcos | Cuchillos 3 Colores | Cuchillo de pelar | Cuchillos pelar Patatas | Acero Inoxidable Nitrum| Envase Ecológico | Cuchillo Colores (85 mm, Amarillo, Turquesa, Naranja)",816700_francia,"3,549",83,0.09%,0.08%,"4,503",93,0.08%,0.06%,92.69%,97.83%,202,8,5.69%,9.64%,"1.965,08 €","78,00 €",193,7
B0F9X4NXL3,B0F9KW1V3K,"Cuchillos Mesa, cuchillo carne, cuchillo mantequilla, Set 12 piezas, acero inoxidable, hoja con filo y sierra, cuchillo untar. Apto lavavajillas. Mango ergonomico",20043_12,"6,258",200,0.16%,0.19%,"8,494",268,0.15%,0.18%,99.46%,97.81%,224,44,3.58%,22.00%,"2.643,72 €","496,52 €",192,27
B0FWJYP1S9,B0FWJYP1S9,"Arcos Afilador de cuchillos multiángulo, Preciso y duradero",610400_fbm,"2,200",53,0.06%,0.05%,"3,375",70,0.06%,0.05%,73.50%,78.57%,192,8,8.73%,15.09%,"5.132,70 €","214,14 €",192,8
B07F9GQZCB,B07F9GQZCB,Arcos Cuchillo para Verduras de 4 Pulgadas con Hoja de 105mm en Acero Inoxidable y Mango de Madera. Cuchillo para Vegetales Apto para Lavavajillas. Serie Latina. Color Marrón,100500,"3,602",91,0.09%,0.09%,"5,668",134,0.10%,0.09%,89.49%,100.00%,194,8,5.39%,8.79%,"7.164,41 €","289,48 €",191,7
B08J488ZQG,B0987N2CBR,Arcos Juego Cuchillos Carne | 6 Piezas | Cuchillos carne cuchillo chuleteros | cubiertos acero inoxidable | Hoja 110 mm | mango monobloque | aptos lavavajillas | Caja Envase Ecológico,814000_fba,"7,399",172,0.19%,0.16%,"8,819",189,0.16%,0.13%,99.88%,100.00%,219,4,2.96%,2.33%,"6.068,30 €","111,96 €",187,4
B0FBRQYHVM,B0FBRNCHGJ,"CUPERINOX® Ventilador Portátil Silencioso y Recargable con Power Bank 20000mAh, +50H de batería – Ventilador de Mesa USB con Mando, Luz LED y 4 Velocidades – Ideal para Dormir, Camping y Hogar.",A27000,"6,241",227,0.16%,0.21%,"10,161",385,0.18%,0.26%,99.30%,100.00%,193,1,3.09%,0.44%,"11.572,63 €","59,99 €",187,1
B0FHKR4Q45,B0FHKR4Q45,VINFERMATON – Insecticida Cucarachas y Hormigas | Antihormigas Instantáneo Pack 3×300 ml | Spray Eliminador Insectos Rastreros Interior y Exterior | Acción Rápida Profesional | MADE IN SPAIN,V101302_PACK3,"2,147",91,0.05%,0.09%,"2,986",121,0.05%,0.08%,97.85%,100.00%,200,45,9.32%,49.45%,"2.563,92 €","559,24 €",187,40
B093DSL44T,B07F9RV81Z,Arcos Cuchillo Chuletero de 4 Pulgadas con Hoja de 105mm en Acero Inoxidable y Mango de Madera. Cuchillo para Carne Apto para Lavavajillas. Serie Latina. Color Marrón,100400_fba,"7,982",153,0.20%,0.14%,"12,297",233,0.22%,0.16%,64.93%,99.32%,213,5,2.67%,3.27%,"7.666,46 €","179,95 €",183,5
B0FT8N82NY,B0FT8N82NY,BIOLEAF® – Lavavajillas+ Desengrasante Cocina Pack 2×750 ml | Limpieza Potente Antigrasa y Vajilla Reluciente | Fórmula Biodegradable con Esencia Limón | Dermatológicamente Testado| 100% MADE IN SPAIN,3436,"25,724",15,0.66%,0.01%,"42,142",25,0.76%,0.02%,94.79%,95.24%,186,3,0.72%,20.00%,"1.852,64 €","29,97 €",182,3
B08M7BMR2S,B00I9XTLSC,ARCOS Afilador Profesional Manual Cerámica y Carbono Rojo-Negro,610600,"37,392",804,0.95%,0.76%,"54,945","1,169",0.99%,0.78%,5.72%,3.98%,183,0,0.49%,0.00%,"2.289,92 €","0,00 €",181,0
B07G75XCXM,B07G75XCXM,"Arcos Serie Cuchillos de Mesa Caja 12 uds Cuchillo Mesa, Hoja Serrada de Acero Inoxidable NITRUM de 125 mm, Mango Polipropileno Color crema (12 UDS)",370200_us,"3,946",105,0.10%,0.10%,"6,241",175,0.11%,0.12%,95.56%,98.36%,218,44,5.52%,41.90%,"4.306,90 €","836,64 €",178,20
B017HKR8WS,B005LR7EP6,ARCOS Afilador de Cuchillos Profesional ABS,610000,"26,073",891,0.66%,0.84%,"37,672","1,435",0.68%,0.95%,22.65%,20.13%,180,18,0.69%,2.02%,"11.863,38 €","1.170,82 €",177,17
B0DVT6KPDV,B0DT75PQN7,"CUPERINOX Kit Cocina Montessori | Cuchillos Niños Aprendizaje +2 Años | Set Completo de Cuchillos Infantiles de 17 Piezas | Incluye Tijeras, Moldes, Batidor, Tabla y Cuchillo Seguro",27017_,"4,292",67,0.11%,0.06%,"6,020",83,0.11%,0.06%,99.60%,100.00%,175,1,4.08%,1.49%,"2.776,23 €","9,91 €",174,1
B0F9TD2LTH,B0CS6V91GR,CUPERINOX® Cuchillos de Mesa con Mango de Madera – Set 6 Cuchillos para Carne con Filo Dentado – Estilo Palmadera tradicional – Aptos para Uso Diario,14015,"7,033",216,0.18%,0.20%,"10,105",300,0.18%,0.20%,99.67%,100.00%,210,17,2.99%,7.87%,"3.818,11 €","300,88 €",173,12
B00ID2NEMS,B00ID2NEMS,LIMPIASALPICADEROS PROFESIONAL 750 ML.,VP_SALPICADEROS_750ML,"1,441",83,0.04%,0.08%,"2,093",118,0.04%,0.08%,73.58%,73.96%,353,149,24.50%,179.52%,"2.892,77 €","1.125,45 €",172,24
B07M8DDJ9B,B07M8DDJ9B,"WINS– Ambientador Lavanda Concentrado | Perfume Intenso y Duradero para Hogar, Oficinas y Espacios Comunes | Aroma Natural Relajante | Garrafa 5L | 100% Made in Spain",WINS008,"2,037",135,0.05%,0.13%,"2,756",185,0.05%,0.12%,47.54%,44.30%,195,58,9.57%,42.96%,"3.468,11 €","1.017,83 €",169,40
B0752X1ZCK,B07G77NN26,Arcos Cuchillos de Mesa - Caja de 12 uds Cuchillo Chuletero Cuchillo de Mesa - Hoja de Acero Inoxidable NITRUM 110 mm - Mango de Nylon - Color Negro (12 uds),803000,"8,828",229,0.22%,0.22%,"13,383",342,0.24%,0.23%,92.42%,97.11%,186,22,2.11%,9.61%,"5.365,64 €","627,74 €",168,9
B0H9YSCFRW,B0GTZB24Q5,"VINFERMATON- Fregasuelos Insecticida Pack 2×1L | Antihormigas y Anticucarachas | Elimina Hormigas, Cucarachas y Arañas |Uso Directo en Zócalos y Suelos| Friegasuelos Aroma Lavanda |100% MADE IN SPAIN",FriegasuelosInsecticida_Pack2,"2,479",55,0.06%,0.05%,"3,351",80,0.06%,0.05%,93.93%,97.96%,174,13,7.02%,23.64%,"2.520,31 €","178,68 €",167,11
B0C4DTYRJW,B071LGMMGV,Arcos Juego Cuchillos Cocina Profesionales| Cuchillos Cocina Profesional Set Cuchillos | Mango Negro (3 Piezas),862600,"6,301",145,0.16%,0.14%,"9,485",217,0.17%,0.14%,99.28%,98.68%,168,9,2.67%,6.21%,"6.698,16 €","346,03 €",166,8
B0CVH8PC99,B0CQTKPL63,CUPERINOX Cuchillos Carne | Cuchillos Mesa | Cuchillos Chuleteros | 24 Piezas | Hoja Serrada | Mango Polipropileno | Acero Inoxidable | 11 cm,99901_24pzs,"2,213",207,0.06%,0.20%,"3,070",293,0.06%,0.19%,99.57%,100.00%,242,71,10.94%,34.30%,"4.683,97 €","1.276,35 €",164,47
B0G6M1C8V6,B0D4WK78XV,CUPERINOX Aceiteras para Aceite Usado | Grasera Acero Inoxidable 550ML con Filtro Metálico | Recipiente para Aceite Usado de Cocina y Grasa | Grasera Cocina Metálica 550ML 2Uds Metálico,22105y22106,"10,461",185,0.27%,0.18%,"15,588",277,0.28%,0.18%,87.48%,90.32%,165,2,1.58%,1.08%,"1.902,03 €","23,98 €",163,2
B06XB92VRH,B07T6J5JWM,CUPERINOX Cafetera Italiana Induccion Espresso Acero Inoxidable 12 Tazas,25035,"4,058",95,0.10%,0.09%,"6,010",145,0.11%,0.10%,92.58%,97.87%,162,7,3.99%,7.37%,"4.489,45 €","177,50 €",159,5
B0FHKQHYQ7,B0FHKQHYQ7,VINFERMATON – Insecticida Moscas y Mosquitos Sin Olor Pack 2×600 ml | Spray Eliminador Insectos Voladores Interior y Exterior | Acción Inmediata Profesional | 100% MADE IN SPAIN,9J-4FF5-2Q8R,917,60,0.02%,0.06%,"1,213",73,0.02%,0.05%,94.82%,100.00%,177,43,19.30%,71.67%,"2.531,51 €","576,33 €",159,34
B017HKRCGK,B005LR7C44,ARCOS Bolsa Portacuchillos 12 Piezas Poliéster 730x510mm,690500_,"5,661",103,0.14%,0.10%,"8,409",152,0.15%,0.10%,43.26%,31.71%,161,4,2.84%,3.88%,"4.500,18 €","111,76 €",158,4
B0B8Z4CJBC,B07F2YVB15,"Arcos Juego Cuchillos Pelar Acero Inoxidable Nitrum 4""",136500,"5,083",131,0.13%,0.12%,"7,479",176,0.13%,0.12%,61.98%,29.55%,164,3,3.23%,2.29%,"3.152,98 €","57,72 €",158,3
B09QDH8MSK,B07N8VWHT9,Arcos Tacos - Bloque Universal para Cuchillos hasta 20 cm - Hecho de Caucho Termoplástico 220 x 160 x 65 mm - Color Negro,794500_,"12,467",237,0.32%,0.22%,"17,758",350,0.32%,0.23%,18.27%,24.73%,161,5,1.29%,2.11%,"4.242,60 €","129,95 €",158,5
B07H1T4V1B,B07H1T4V1B,WINS – Fregasuelos Neutro Manzana 006 | Friegasuelos Limpiador para Suelos y Superficies con Aroma a Manzana Duradero | Garrafa 5 L | pH Neutro | 100% Made in Spain,WINS006,887,64,0.02%,0.06%,"1,163",78,0.02%,0.05%,86.72%,71.64%,222,83,25.03%,129.69%,"2.352,45 €","836,40 €",157,42
B08LVZCG23,B08LVZCG23,Arcos Juego de Cuchillos de Cocina Rosa | 3 pz | Cuchillo Chef para pelar Verduras | Edición Limitada | Solidaria,814500,"24,068",264,0.61%,0.25%,"30,425",351,0.55%,0.23%,98.70%,100.00%,161,5,0.67%,1.89%,"4.791,89 €","143,95 €",156,4
B08LVZCG23,B08LVZCG23,Arcos Juego de Cuchillos de Cocina Rosa | 3 pz | Cuchillo Chef para pelar Verduras | Edición Limitada | Solidaria,814500_fba,"24,068",264,0.61%,0.25%,"30,425",351,0.55%,0.23%,98.70%,100.00%,161,3,0.67%,1.14%,"4.771,79 €","86,97 €",155,3
B0DPKXM18X,B0DNQT7LV3,"CUPERINOX Soporte Jamonero Balancín | Jamonero Giratorio Profesional | Jamonero Madera | Incluye Cuchillo Profesional, Afilador Funda Cubre Jamón| Jamoneros Elite Collection",20265_,"25,571",733,0.65%,0.69%,"46,189","1,371",0.83%,0.91%,99.15%,98.75%,156,33,0.61%,4.50%,"13.741,24 €","2.763,22 €",155,33
B0752X4WV1,B005LR73R0,Arcos Juego Chuleteros Mango Madera 110 mm,809300__,"31,731",757,0.81%,0.72%,"46,487","1,132",0.84%,0.75%,11.76%,11.86%,192,27,0.61%,3.57%,"4.508,66 €","609,15 €",154,8
B095SDL23Y,B095SDL23Y,Arcos | cuchillos de mesa (6 ud) | cuchillos acero inoxidable con sierra cuchillo chuletero cuchillos chuleteros | Fabricado en España,813000,"6,865",149,0.17%,0.14%,"9,923",201,0.18%,0.13%,99.44%,99.15%,185,11,2.69%,7.38%,"3.052,35 €","181,39 €",153,9
B0G3ZJ89NB,B0G2MTVR24,Set Jamonero Profesional Premium - Soporte Jamonero de Bambú Giratorio + Cuchillo Jamonero 25 cm con Alvéolos + Cuchillo Deshuesador + Afilador 3 Ranuras | Maestros del Corte by Cuperinox,20271,"2,160",56,0.06%,0.05%,"3,511",101,0.06%,0.07%,99.71%,100.00%,154,5,7.13%,8.93%,"7.530,47 €","244,95 €",153,5
B0CN13SJ98,B0CN13SJ98,"HENDI Expositor con cubierta deslizante roll-top, Doble",H871768,"3,789",361,0.10%,0.34%,"5,915",539,0.11%,0.36%,71.73%,61.17%,160,24,4.22%,6.65%,"7.610,00 €","1.112,84 €",152,22
B0DNNKT1W2,B0DNNJPRXB,"Cuperinox-Tetera de Cristal con Infusor para Té e Infusiones, Resistente al Calor y Compatible con Microondas ** - Infusion Prestige Collection (550 ml)",26111,"7,547",191,0.19%,0.18%,"10,782",286,0.19%,0.19%,99.85%,100.00%,162,20,2.15%,10.47%,"2.671,25 €","314,27 €",152,14
B073JC3QG7,B073JC3QG7,"VINFER- Abrillantador Mopas Spray 750 ml | Limpieza, Protege y Abrillanta Parquet, Terrazo, Mármol, Linóleum y Gres | Formato Profesional",VP_MOPAS_NARANJA,"1,927",63,0.05%,0.06%,"2,769",79,0.05%,0.05%,89.39%,92.73%,205,27,10.64%,42.86%,"2.047,92 €","269,70 €",150,11
B0CYTKGNPM,B0CW66H3TR,Pelador de Tomate ARCOS - Hoja Serrada de Acero Inoxidable | Mango Ergonómico | Ideal para Tomates,607420_,"9,382",188,0.24%,0.18%,"10,683",203,0.19%,0.14%,96.87%,97.46%,154,2,1.64%,1.06%,"1.223,74 €","15,98 €",146,2
B0937XXT33,B01CQT1B5U,"Arcos Cuchillos de Mesa Juego de Cuchillos Chuleteros Cuchillos de Mesa, Monoblock de una pieza de Acero Inoxidable 110 mm, Color Plata (12 uds)",702000_us,"3,709",118,0.09%,0.11%,"5,937",195,0.11%,0.13%,78.44%,92.75%,178,22,4.80%,18.64%,"8.403,54 €","998,08 €",145,8
B017HKSTCQ,B00VRWSIUO,Arcos Serie Ecopro - Tijeras de Cocina - Acero Inoxidable 240 mm - Mango de Acero Inoxidable - Color Plata,809800_,"8,028",286,0.20%,0.27%,"10,940",414,0.20%,0.28%,22.95%,27.11%,153,27,1.91%,9.44%,"2.792,65 €","492,67 €",141,20
B08M99RZRV,B08M99RZRV,Arcos | Cuchillo Jamonero Cuchillo deshuesador | 2 Uds | Set cuchillos jamoneros 250 mm y cuchillo deshuesador (140 mm) jamonero profesional | cuchillo carnicero profesional | Eco,703800,"5,401",95,0.14%,0.09%,"6,947",131,0.13%,0.09%,99.81%,100.00%,141,7,2.61%,7.37%,"5.625,91 €","279,93 €",140,7
B08L8MV8XD,B005LR72SK,Arcos Juego de Cuchillos con Bloque Acero Inoxidable 6 piezas,136100_,"22,898",359,0.58%,0.34%,"32,047",480,0.58%,0.32%,22.40%,16.90%,157,19,0.69%,5.29%,"7.084,11 €","881,29 €",139,7
B08G8QCM5H,B08G8QCM5H,ARCOS cuchillo pelador | 6 PIEZAS | cuchillo de pelar | cuchillos pelar patatas | Hoja 100 mm | Negro | cuchillo arcos pelador Acero Inoxidable,816500_fbm,"3,256",268,0.08%,0.25%,"4,461",369,0.08%,0.25%,99.77%,99.65%,165,67,5.07%,25.00%,"3.129,79 €","1.268,77 €",139,49
B08JCVQ4QL,B08JCVQ4QL,"Arcos Series Niza - Juego de Cuchillos Cocina, 6 Piezas, Cuchillos Verduras 110 mm, + Cuchillo Mesa, Envase 100% Ecológico, Acero Inoxidable NITRUM",809400_,"3,450",67,0.09%,0.06%,"5,120",100,0.09%,0.07%,99.59%,100.00%,144,8,4.17%,11.94%,"2.854,62 €","151,98 €",139,8
B0CQ5G2HVQ,B0BRNJF5D2,Arcos Serie Samoa | Lote de Sartenes 20 y 24 cm | Aluminio Forjado | Full Induction | Mango Acero Inoxidable Efecto Frio | Sistema ahorro energético | Apta lavavajillas | Color Negro,717810,"5,754",100,0.15%,0.09%,"7,725",142,0.14%,0.09%,87.95%,94.32%,140,9,2.43%,9.00%,"8.371,03 €","536,58 €",139,8
B017HKG9PK,B0044R87RS,Arcos Cuchillo para Maitre Negro 215 mm,151000,"19,901",571,0.51%,0.54%,"30,214",813,0.54%,0.54%,9.63%,7.56%,157,35,0.79%,6.13%,"2.353,44 €","524,66 €",138,18
B0752X4WV1,B005LR73R0,Arcos Juego Chuleteros Mango Madera 110 mm,372000,"31,731",757,0.81%,0.72%,"46,487","1,132",0.84%,0.75%,11.76%,11.86%,156,3,0.49%,0.40%,"3.722,74 €","69,75 €",137,1
B0752X4WZ6,B00TA4O5YO,ARCOS Pinzas para Emplatar Acero Inoxidable 300 mm,606200,"12,109",295,0.31%,0.28%,"15,534",367,0.28%,0.24%,16.00%,3.24%,145,0,1.20%,0.00%,"1.666,64 €","0,00 €",137,0
B08G8QHY23,B08G8QHY23,Arcos | cuchillos chuleteros cuchillo madera cuchillo chuletero | 6 Piezas | juego cuchillos carne | cuchillos mango madera | Envase Eco | Fabricado en España,809300_,"3,209",85,0.08%,0.08%,"4,641",125,0.08%,0.08%,99.83%,94.12%,172,9,5.36%,10.59%,"4.114,93 €","215,54 €",137,5
B0FR444FLT,B07JJGXYZD,Arcos Set Cocina Serie Manhattan,858100,"11,763",221,0.30%,0.21%,"15,940",355,0.29%,0.24%,97.74%,97.99%,138,10,1.17%,4.52%,"11.235,33 €","811,70 €",136,9
B0F9TD2LTH,B09CL776WP,CUPERINOX® Cuchillos de Mesa Acero Inoxidable – Set 12 Cuchillos para Carne con Filo Dentado – Aptos Lavavajillas – Uso Diario y Profesional,15015_,"8,514",502,0.22%,0.48%,"13,230",910,0.24%,0.61%,97.98%,97.62%,200,10,2.35%,1.99%,"4.380,16 €","225,91 €",136,3
B0DNNL2TZQ,B0DNNFGWNJ,"CUPERINOX Aceitera de Cristal Antigoteo para Aceite de Oliva, Resistente y Fácil de Limpiar Gourmet Oil Collection (500 Ml)",22023,"4,621",173,0.12%,0.16%,"6,517",239,0.12%,0.16%,99.42%,99.42%,139,1,3.01%,0.58%,"2.060,26 €","14,99 €",135,1
B08DV2WMBQ,B089M821V5,Arcos Cuchillos Carne | 6 pzas | Cuchillos chuleteros Set Cuchillo de Mesa Sierra | Mango Madera | Hoja 110 mm | Cuchillos Carne Mesa | Apto lavavajillas | Envase Carton | Ecologico,815500,"4,907",125,0.12%,0.12%,"7,311",204,0.13%,0.14%,99.52%,100.00%,176,26,3.59%,20.80%,"5.247,66 €","749,16 €",132,11
B08TWZYBPZ,B0FZC9C1BJ,"CUPERINOX- Set de Cuchillos Profesionales de Cocina 3 Piezas + Estuche Regalo | Chef 20 cm, Santoku 18 cm y Universal 13 cm | Acero Inoxidable Alta Precisión | Mango Ergonómico| Apto Lavavajillas",19302_FBA,"7,754",175,0.20%,0.17%,"10,218",220,0.18%,0.15%,99.82%,98.45%,133,16,1.72%,9.14%,"3.977,50 €","480,41 €",130,14
B0189HXS8Q,B015QGR3CK,Arcos Serie Navajas Profesionales - Navaja Profesional - Hoja Filo de Acero Inoxidable NITRUM de 85 mm - Navaja de Acero Inoxidable Color amarillo,485900_fba,"6,704",131,0.17%,0.12%,"9,178",193,0.17%,0.13%,88.94%,92.11%,162,23,2.42%,17.56%,"1.159,29 €","160,41 €",129,4
B0D73CM824,B0D73CM824,"Arcos Cuchillo Mesa | Cuchillo Chuletero | Cuchillo Carne| Cuchillo de Mesa | Pack 12 Unidades| Hoja de Acero Inoxidable115 mm, Mango de Polipropileno Color Negro",740000_fbm,"8,146",189,0.21%,0.18%,"11,768",278,0.21%,0.18%,99.64%,98.13%,131,5,1.61%,2.65%,"4.022,09 €","148,05 €",128,5
B0FWM351K4,B06Y66X8SW,CUPERINOX® Couture Series - Tijera Costura Profesional 10 cm | Acero Inoxidable de Alta Precisión | Corte Fino para Detalles y Acabados | Uso Doméstico y Profesional,21960,"1,120",28,0.03%,0.03%,"1,575",34,0.03%,0.02%,96.67%,100.00%,139,18,12.41%,64.29%,"971,73 €","125,82 €",126,10
B007093L9G,B007093L9G,"HENDI Pasta combustible, en botella, sin hollín y sin olor, tiempo de combustión ±3 horas, gel combustible, gel bioetanol, para calentar alimentos, para calientaplatos, chafing dish, 1L, 1 unidad",H195109,"5,827",288,0.15%,0.27%,"8,839",439,0.16%,0.29%,10.21%,6.76%,179,24,3.07%,8.33%,"1.735,85 €","186,21 €",125,6
B08NW1VQRT,B08NW1VQRT,CUPERINOX Navaja para Setas y Champiñones | Acero Inoxidable | Con Cepillo y Funda Incluida | Micológica,2181,"1,481",22,0.04%,0.02%,"2,057",37,0.04%,0.02%,99.46%,100.00%,135,2,9.12%,9.09%,"1.406,63 €","20,98 €",123,2
B0FJLTDB9J,B09RP6V156,"CUPERINOX® Alicates para pedicura, Profesional, Cortaúñas de Pies, Acero Inoxidable, Mango Ergonómico Antideslizante, Fácil Limpieza, Con Funda, 2 Años de Garantía",21920AM_fba,"7,202",145,0.18%,0.14%,"10,649",216,0.19%,0.14%,92.83%,97.90%,129,20,1.79%,13.79%,"1.493,78 €","188,15 €",123,15
B0937XXT33,B01CQT1B5U,"Arcos Cuchillos de Mesa Juego de Cuchillos Chuleteros Cuchillos de Mesa, Monoblock de una pieza de Acero Inoxidable 110 mm, Color Plata (12 uds)",702000,"3,709",118,0.09%,0.11%,"5,937",195,0.11%,0.13%,78.44%,92.75%,134,13,3.61%,11.02%,"6.422,33 €","623,87 €",121,8
B08DV2WMBQ,B089M821V5,Arcos Cuchillos Carne | 6 pzas | Cuchillos chuleteros Set Cuchillo de Mesa Sierra | Mango Madera | Hoja 110 mm | Cuchillos Carne Mesa | Apto lavavajillas | Envase Carton | Ecologico,815500_,"4,907",125,0.12%,0.12%,"7,311",204,0.13%,0.14%,99.52%,100.00%,140,14,2.85%,11.20%,"4.151,08 €","419,94 €",121,12
B093313MH6,B093313MH6,Arcos | Cuchillo de deshuesar| Cuchillo deshuesador | cuchillo deshuesador jamón | cuchillo deshuesador (140 mm) Clásica| Envase Eco | cuchillo puntilla jamonero,256210_fba,"2,869",73,0.07%,0.07%,"4,001",95,0.07%,0.06%,99.11%,98.31%,128,18,4.46%,24.66%,"2.605,45 €","340,71 €",121,14
B0F54LTCFF,B00J4L7FEU,Arcos Hachuela Macheta de Cocina Acero Inoxidable 160 mm,282404_us,"12,531",343,0.32%,0.32%,"18,888",531,0.34%,0.35%,16.73%,11.85%,123,11,0.98%,3.21%,"3.046,69 €","261,45 €",120,9
B093DSL44T,B07F9RV81Z,Arcos Cuchillo Chuletero de 4 Pulgadas con Hoja de 105mm en Acero Inoxidable y Mango de Madera. Cuchillo para Carne Apto para Lavavajillas. Serie Latina. Color Marrón,100400,"7,982",153,0.20%,0.14%,"12,297",233,0.22%,0.16%,64.93%,99.32%,134,5,1.68%,3.27%,"4.802,92 €","177,25 €",117,3
B0812P3LZT,B0812P3LZT,"Arcos Nova - Set 3 Cuchillos Mantequilla - Acero Inoxidable 70 mm - Mango en color menta, naranja y limon",859900,"1,706",38,0.04%,0.04%,"2,388",56,0.04%,0.04%,95.62%,100.00%,126,5,7.39%,13.16%,"1.383,55 €","53,04 €",117,5
B0DQV6381X,B0DQR3T9MM,CUPERINOX Jamonero Profesional | Jamonero Giratorio Inoxidable | Jamonero Plegable | Tabla Cortar Jamon | Jamonera | Soporte Jamon,SC_20250,"4,663",112,0.12%,0.11%,"6,452",148,0.12%,0.10%,99.40%,100.00%,117,3,2.51%,2.68%,"6.295,76 €","152,72 €",117,3
B09GSCQQF9,B07G77FNSF,"Arcos Serie Cuchillos de Mesa Caja 12 uds Cuchillo Postre, Hoja Serrada de Acero Inoxidable NITRUM de 105 mm, Mango Polipropileno Color crema (12 UDS)",370100_us,"2,796",76,0.07%,0.07%,"4,243",103,0.08%,0.07%,96.92%,100.00%,164,56,5.87%,73.68%,"2.937,22 €","970,82 €",115,15
B0C4DTYRJW,B094QVHPQ8,Arcos Juego Cuchillos Cocina Profesionales| Cuchillos Cocina Profesional Set Cuchillos | Mango Negro (4 Piezas),813500FBM,"8,206",139,0.21%,0.13%,"10,826",184,0.19%,0.12%,97.90%,99.20%,115,7,1.40%,5.04%,"4.568,25 €","279,65 €",115,7
B0DNNL2TZQ,B0DNNF3839,"CUPERINOX Aceitera de Cristal Antigoteo para Aceite de Oliva, Resistente y Fácil de Limpiar Gourmet Oil Collection (1000 Ml)",22024,"3,386",133,0.09%,0.13%,"5,009",181,0.09%,0.12%,99.13%,100.00%,118,2,3.48%,1.50%,"2.110,35 €","35,98 €",115,1
B0DVT6KPDV,B0DT75PQN7,"CUPERINOX Kit Cocina Montessori | Cuchillos Niños Aprendizaje +2 Años | Set Completo de Cuchillos Infantiles de 17 Piezas | Incluye Tijeras, Moldes, Batidor, Tabla y Cuchillo Seguro",27017,"4,292",67,0.11%,0.06%,"6,020",83,0.11%,0.06%,99.60%,100.00%,120,1,2.80%,1.49%,"1.684,46 €","16,99 €",115,1
B0F1N351DY,B072FGV2YH,Arcos Juego de 6 Cuchillos Mondadores Acero Inoxidable 100 mm,189100_2,"67,759","1,937",1.73%,1.83%,"97,456","2,813",1.75%,1.87%,12.24%,6.99%,147,73,0.22%,3.77%,"2.458,57 €","1.181,78 €",114,44
B0F54LTCFF,B07JJGTQK4,Arcos Conjunto Cuchillos 3 piezas - Acero Inoxidable Nitrum y Hoja mm. Cuchillo cocina profesional cocinar. 590 gr. Mango ergonómico polioximetileno POM. Serie Universal. Mayor control. Color negro.,807410_,"3,466",102,0.09%,0.10%,"5,045",119,0.09%,0.08%,60.69%,67.39%,117,8,3.38%,7.84%,"5.133,75 €","343,92 €",114,7
B0F54LTCFF,B006LMX2EW,Arcos Universal Cuchillo Jamonero Acero Hoja Hueca Negro 280 mm,281901_,"7,276",200,0.19%,0.19%,"10,229",269,0.18%,0.18%,22.90%,25.99%,115,10,1.58%,5.00%,"2.689,78 €","222,94 €",113,8
B0C4DTYRJW,B071LGMMGV,Arcos Juego Cuchillos Cocina Profesionales| Cuchillos Cocina Profesional Set Cuchillos | Mango Negro (3 Piezas),862600_,"6,301",145,0.16%,0.14%,"9,485",217,0.17%,0.14%,99.28%,98.68%,114,14,1.81%,9.66%,"4.537,63 €","552,91 €",113,14
B0F1N351DY,B073V5RN1J,Arcos Cuchillo Mondador Acero Inoxidable NITRUM 100 mm - Ideal para Pelar Frutas y Verduras - Mango Ergonómico Polipropileno Negro - Serie Nova,816500_1pieza,"6,387",139,0.16%,0.13%,"7,412",160,0.13%,0.11%,96.64%,92.63%,142,5,2.22%,3.60%,"674,76 €","23,77 €",113,2
B0DKP7F29P,B0FS81RDVL,"Arcos Sartén Samoa Inox 24 cm, Acero inoxidable tricapa sin PFAS",726300,"7,197",130,0.18%,0.12%,"10,304",191,0.19%,0.13%,78.50%,90.53%,113,7,1.57%,5.38%,"4.310,21 €","265,65 €",113,7
B0DNNKT1W2,B0DNNFJ5J7,"Cuperinox-Tetera de Cristal con Infusor para Té e Infusiones, Resistente al Calor y Compatible con Microondas ** - Infusion Prestige Collection (350 ml)",26110,"11,607",288,0.30%,0.27%,"16,150",424,0.29%,0.28%,99.80%,100.00%,199,95,1.71%,32.99%,"2.704,17 €","1.162,74 €",112,20
B0G4S268RT,B0G21QLYZ1,"BIOLEAF–Lavavajillas Manual Pack 2×750 ml (1,5 L) – Detergente Concentrado Desengrasante – Vajilla Brillante y Aclarado Fácil – Biodegradable – Sin Disruptores Endocrinos",2699,866,9,0.02%,0.01%,"1,135",10,0.02%,0.01%,99.05%,100.00%,114,2,13.16%,22.22%,"1.129,36 €","19,98 €",112,2
B0H9BF64PJ,B0H9BF64PJ,"Cuperinox - Carretilla Plegable + Cuerda, Carga 75 kg, Aluminio Ligero 3,2 kg, Carro de Transporte, Medidas Plegado 62 x 39 x 6 cm, Mango Telescópico, Cajas, Compras, Paquetes y Maletas",28018,"1,415",45,0.04%,0.04%,"2,265",63,0.04%,0.04%,99.34%,100.00%,112,5,7.92%,11.11%,"3.149,86 €","141,00 €",111,5
B0DVT6KPDV,B0DT73LYPQ,"CUPERINOX Cuchillos Montessori | Set de Cuchillos Infantiles de 16 Piezas | Cuchillos Niños Aprendizaje +2 Años | Incluye Delantal, Guante de Seguridad, Moldes Tabla de Cortar | Kids Collection",27016,"3,403",84,0.09%,0.08%,"4,759",112,0.09%,0.07%,99.27%,100.00%,110,3,3.23%,3.57%,"2.106,28 €","54,97 €",110,3
B0G65J8F3L,B0G21CXVCW,"BIOLEAF – Limpiador Multiusos Pack 2×750 ml (1,5 L) – Limpiador Hogar Cocina y Baño – Antipolvo y Acabado Sin Marcas – Alta Eficacia – Biodegradable – Sin Disruptores Endocrinos",2668,"1,399",11,0.04%,0.01%,"1,807",12,0.03%,0.01%,98.99%,100.00%,112,2,8.01%,18.18%,"1.099,38 €","19,98 €",110,2
B07N7YDTMX,B07N7YDTMX,"HENDI Cesta para cubiertos, 125x84x(H) 135mm",H871324,631,79,0.02%,0.07%,981,105,0.02%,0.07%,89.43%,91.11%,181,75,28.68%,94.94%,"1.530,30 €","629,38 €",107,40
B0DKP7F29P,B0DJBZRDXV,Arcos Serie Samoa Iconic | Sarten Antiadherente Cerámico 24 cm | Aluminio Forjado | Apta cualquier cocina | Mango Acero Inoxidable | Apta lavavajillas | Color Negro | LIBRE DE (PFOA/PTFE/PFOS),716322,"2,748",56,0.07%,0.05%,"3,593",70,0.06%,0.05%,90.81%,97.22%,112,2,4.08%,3.57%,"4.455,04 €","79,88 €",107,1
B0189HXS8Q,B017DLLIUO,Arcos Navaja Profesional Acero Inoxidable 85 mm,485929_,"6,284",133,0.16%,0.13%,"8,833",185,0.16%,0.12%,82.11%,84.96%,144,27,2.29%,20.30%,"1.047,18 €","187,23 €",106,5
B08M5K93QF,B08M5K93QF,Arcos Juego Cuchillos Mesa | 6 Uds | Cuchillo Postre | Cuchillos Mesa | Cuchillo Carne | Hoja 105 mm | Acero Inoxidable Martensítico | Mango Polipropileno | Apto lavavajillas | Envase Ecológico,703500_etq,"1,211",23,0.03%,0.02%,"1,760",37,0.03%,0.02%,98.35%,100.00%,113,4,9.33%,17.39%,"1.231,78 €","46,37 €",104,2
B0FDKX6V41,B0FDKX6V41,VINFERMATON – Insecticida Moscas y Mosquitos Perfume Limón Pack 2×600 ml | Spray Eliminador Insectos Voladores Interior y Exterior | Acción Inmediata Profesional | 100% MADE IN SPAIN,V0009_PACK2,569,16,0.01%,0.02%,760,19,0.01%,0.01%,96.38%,91.67%,128,16,22.50%,100.00%,"1.531,11 €","187,03 €",104,12
B0792XNYCY,B0792XNYCY,VINFER Detergente alcalino clorado Wins 022. Botella de 5 litros. Limpieza e higiene para Todo Tipo de Superficies,WINS022,825,77,0.02%,0.07%,"1,158",114,0.02%,0.08%,70.16%,96.74%,142,67,17.21%,87.01%,"1.654,32 €","762,33 €",102,35
B0D73CM824,B0D73CM824,"Arcos Cuchillo Mesa | Cuchillo Chuletero | Cuchillo Carne| Cuchillo de Mesa | Pack 12 Unidades| Hoja de Acero Inoxidable115 mm, Mango de Polipropileno Color Negro",740000,"8,146",189,0.21%,0.18%,"11,768",278,0.21%,0.18%,99.64%,98.13%,102,4,1.25%,2.12%,"3.143,76 €","118,32 €",100,4
B0DKP7F29P,B0DJC17TXZ,"Arcos Serie Samoa Iconic | Cacerola Baja Antiadherente Cerámico 28 cm y 4,3 L | Aluminio Forjado | Apta cualquier cocina | Mango Acero Inoxidable | Color Beige | LIBRE DE (PFOA/PTFE/PFOS)",717124,"4,585",78,0.12%,0.07%,"6,452",102,0.12%,0.07%,80.99%,75.81%,103,3,2.25%,3.85%,"7.361,76 €","213,13 €",100,3
B0H4FXVLKL,B0786LYQTP,VINFER- Limpiador y Abrillantador Inox 600 ml | Limpieza y Protección Acero Inoxidable | Efecto Brillo Duradero | Desengrasa y Cuida Superficies Inoxidables | Spray Profesional,VP_Inox600Ml,731,31,0.02%,0.03%,"1,000",44,0.02%,0.03%,93.32%,97.30%,114,17,15.60%,54.84%,"890,92 €","131,89 €",99,9
B08G8QCM5H,B08G8QCM5H,ARCOS cuchillo pelador | 6 PIEZAS | cuchillo de pelar | cuchillos pelar patatas | Hoja 100 mm | Negro | cuchillo arcos pelador Acero Inoxidable,816500_,"3,256",268,0.08%,0.25%,"4,461",369,0.08%,0.25%,99.77%,99.65%,104,20,3.19%,7.46%,"1.957,85 €","372,68 €",99,18
B0F54LTCFF,B0044R87UA,Arcos Cuchillo Jamonero con Alveolos Acero Inoxidable 240mm,281801_,"16,792",392,0.43%,0.37%,"26,086",595,0.47%,0.40%,6.99%,11.02%,97,10,0.58%,2.55%,"1.929,30 €","195,81 €",95,10
B0FT8NLHQ3,B0FT8NLHQ3,BIOLEAF® – Multiusos + Limpiacristales Pack 2×750 ml | Limpieza Total Hogar | Brillo Duradero en Superficies y Cristales Sin Huellas | Fórmula Biodegradable | Dermatológicamente Testado,3450,"2,061",19,0.05%,0.02%,"2,561",24,0.05%,0.02%,98.82%,100.00%,101,2,4.90%,10.53%,"1.004,49 €","19,98 €",95,2
B0FR444FLT,B07YYDR6D8,Arcos Juego de Cuchillos de Cocina. 3 piezas de Acero Inoxidable forjado. Impresiona yorprencon cada corte. Mango Micarta azul. Serie Brooklyn. Color Azul.,858110_,"14,896",302,0.38%,0.29%,"19,414",409,0.35%,0.27%,96.65%,90.91%,96,5,0.64%,1.66%,"9.502,52 €","461,11 €",94,4
B0GY2G2Y86,B08JCVQ4QL,"Arcos Series Niza - Juego de Cuchillos Cocina, 6 Piezas, Cuchillos Verduras 110 mm, + Cuchillo Mesa, Envase 100% Ecológico, Acero Inoxidable NITRUM",809400_,"7,270",174,0.19%,0.16%,"10,807",285,0.19%,0.19%,99.49%,100.00%,94,3,1.29%,1.72%,"1.876,25 €","59,97 €",92,3
B00I9XTKI8,B00I9XTKI8,ARCOS Taco Ovalado Protector de Cuchillos hasta 20 cm,794100_,"5,957",121,0.15%,0.11%,"8,455",163,0.15%,0.11%,23.25%,23.23%,92,2,1.54%,1.65%,"2.391,51 €","51,98 €",91,2
B0F9X4NXL3,B0F9KXQKLG,"CUPERINOX Cuchillos Mesa, cuchillo carne, cuchillo mantequilla, Set 24 piezas, acero inoxidable, hoja con filo y sierra, cuchillo untar. Apto lavavajillas. Mango ergonomico",20043_24,"1,309",55,0.03%,0.05%,"1,680",89,0.03%,0.06%,99.14%,90.32%,141,46,10.77%,83.64%,"2.701,61 €","810,56 €",91,13
B008W7L5HK,B008W7L5HK,ARCOS Chaira Afilador Manual de Cuchillos 250 mm,278400,"10,123",263,0.26%,0.25%,"14,269",386,0.26%,0.26%,8.23%,9.92%,90,10,0.89%,3.80%,"1.076,44 €","119,56 €",90,10
B0DKP7F29P,B0DJBZ635J,"Arcos Serie Samoa Iconic | Cacerola Antiadherente Cerámico 20 cm y 2,6 L | Aluminio Forjado | Apta cualquier cocina | Mango Acero Inoxidable | Color Beige | LIBRE DE (PFOA/PTFE/PFOS)",716924,"5,206",62,0.13%,0.06%,"7,365",91,0.13%,0.06%,84.07%,98.36%,91,6,1.75%,9.68%,"4.901,35 €","323,70 €",90,6
B017DLH9RA,B017DLH9RA,ARCOS Cuchillo Abre Ostras Acero Inoxidable 60 mm,227200_us,976,35,0.02%,0.03%,"1,302",44,0.02%,0.03%,82.74%,71.43%,108,20,11.07%,57.14%,"862,86 €","159,74 €",89,11
B07G76NW26,B07G76NW26,"Arcos Serie Cuchillos de Mesa Caja 12 uds Cuchillo Mesa, Hoja Serrada de Acero Inoxidable de 125 mm, Cuchillo Monoblock Acero Inoxidable Color plata (12 UDS)",460400_fbm,"1,311",43,0.03%,0.04%,"2,080",70,0.04%,0.05%,91.22%,100.00%,106,24,8.09%,55.81%,"4.591,06 €","956,76 €",86,9
B0DNNKT1W2,B0DNNJCHQP,"Cuperinox-Tetera de Cristal con Infusor para Té e Infusiones, Resistente al Calor y Compatible con Microondas ** - Infusion Prestige Collection (950 ml)",26113,"2,925",80,0.07%,0.08%,"4,022",131,0.07%,0.09%,99.52%,100.00%,88,3,3.01%,3.75%,"1.703,53 €","59,97 €",86,3
B0H6BQ4BG5,B00UCCGND4,Vinfermatón - Insecticida Mosquitos y Moscas Concentrado Matón PS 250ml,V00002,"3,400",147,0.09%,0.14%,"5,395",239,0.10%,0.16%,10.84%,15.38%,180,42,5.29%,28.57%,"1.473,04 €","306,48 €",85,9
B0CQ5G2HVQ,B09T6G47Z6,"Arcos Sarten Antiadherente 26 cm - Aluminio Forjado, Full Induction, Mango Acero Inoxidable Efecto Frío, Apta Lavavajillas, Ahorro Energético, Serie Samoa",716410,"1,526",47,0.04%,0.04%,"2,106",66,0.04%,0.04%,53.03%,44.44%,86,4,5.64%,8.51%,"3.372,28 €","157,47 €",84,3
B009KKK16Y,B009KKK16Y,"HENDI Pasta-gel combustible para Fondue, 3 unidades, para el quemador de alcohol para Fondue de HENDI 111420, tiempo de combustión de aproximadamente 2 horas, quemador de Fondue, 80 gr",H190036,"1,048",28,0.03%,0.03%,"1,406",31,0.03%,0.02%,95.15%,100.00%,107,16,10.21%,57.14%,"1.069,23 €","159,84 €",83,5
B00CRMZA8Q,B00CRMZA8Q,ARCOS Sacacorchos Eléctrico en ABS con Batería Interna Recargable. Abrebotellas Eléctrico Moderno y Elegante con Cortacápsulas y Luz Indicadora. Color Negro,604600_,"14,000",224,0.36%,0.21%,"19,548",314,0.35%,0.21%,27.23%,24.00%,93,10,0.66%,4.46%,"3.998,07 €","429,90 €",83,3
B09MSDJQJ1,B08M3B43J6,"Arcos | Juego Cuchillo Jamonero 3 Pzas | jamonero Acero Inoxidable (240 mm), afilador Chaira y Cubre jamón | Juego Cuchillos jamonero Profesional | Paleta ibérica | Eco",704300_fbm,"2,909",58,0.07%,0.05%,"3,956",83,0.07%,0.06%,99.94%,100.00%,83,5,2.85%,8.62%,"2.465,10 €","142,75 €",83,5
B0714CRSCQ,B0714CRSCQ,Arcos Cuchillo Mondador Negro 100 mm,150300,"3,584",89,0.09%,0.08%,"5,531",132,0.10%,0.09%,18.76%,1.39%,93,0,2.59%,0.00%,"923,62 €","0,00 €",82,0
B08G8QHY23,B08G8QHY23,Arcos | cuchillos chuleteros cuchillo madera cuchillo chuletero | 6 Piezas | juego cuchillos carne | cuchillos mango madera | Envase Eco | Fabricado en España,809300,"3,209",85,0.08%,0.08%,"4,641",125,0.08%,0.08%,99.83%,94.12%,89,3,2.77%,3.53%,"2.135,43 €","71,49 €",82,2
B0DKP7F29P,B0DJC114YJ,"Arcos Serie Samoa Iconic | Cacerola Antiadherente Cerámico 24 cm y 4,3 L | Aluminio Forjado | Apta cualquier cocina | Mango Acero Inoxidable | Color Beige | LIBRE DE (PFOA/PTFE/PFOS)",717024,"3,739",64,0.10%,0.06%,"5,167",97,0.09%,0.06%,80.64%,86.89%,81,4,2.17%,6.25%,"5.057,74 €","248,59 €",81,4
B0DNNKT1W2,B0DNNJPGTY,"Cuperinox-Tetera de Cristal con Infusor para Té e Infusiones, Resistente al Calor y Compatible con Microondas ** - Infusion Prestige Collection (750 ml)",26112,"2,895",75,0.07%,0.07%,"3,991",98,0.07%,0.07%,98.97%,100.00%,83,5,2.87%,6.67%,"1.471,19 €","86,95 €",81,4
B08TWZYBPZ,B0FZC8B2NX,"CUPERINOX - Estuche de Cuchillos Profesionales de Cocina 4 Piezas | Chef 20 cm, Santoku 18 cm, Universal 13 cm y Pelador 9 cm | Acero Inoxidable de Alta Precisión | Mango Ergonómico",19301_FBA,"6,098",180,0.16%,0.17%,"8,107",266,0.15%,0.18%,99.93%,100.00%,86,17,1.41%,9.44%,"2.991,01 €","582,70 €",81,13
B09KJLG7BT,B098K898SC,CUPERINOX Soporte Jamonero | Jamonero Profesional | Cuchillo Jamonero madera + Funda Jamon | Tabla Jamonera,20226FBM,"2,003",21,0.05%,0.02%,"2,532",25,0.05%,0.02%,96.77%,92.86%,81,0,4.04%,0.00%,"1.998,12 €","0,00 €",80,0
B00MDK1DM4,B00MDK1DM4,Arcos Latina Cuchillo de Cocina Acero Inoxidable 130 mm,100600_1pieza,725,17,0.02%,0.02%,"1,132",19,0.02%,0.01%,95.59%,100.00%,181,4,24.97%,23.53%,"1.076,60 €","23,96 €",79,1
B0812P3LZT,B0812P3LZT,"Arcos Nova - Set 3 Cuchillos Mantequilla - Acero Inoxidable 70 mm - Mango en color menta, naranja y limon",859900_,"1,706",38,0.04%,0.04%,"2,388",56,0.04%,0.04%,95.62%,100.00%,82,3,4.81%,7.89%,"889,89 €","32,97 €",79,3
B0C5JNCFL4,B0C5JNCFL4,Arcos Serie Milano - Cubertería de 24 piezas en Caja de Regalo (6 Cuchillos + 12 Cucharas + 6 Tenedores) - Monoblock de una pieza en Acero Inoxidable - Color Plata,542000,"2,964",73,0.08%,0.07%,"4,779",99,0.09%,0.07%,82.63%,98.57%,107,13,3.61%,17.81%,"7.934,78 €","968,29 €",79,8
B0F9TD2LTH,B0CS6V91GR,CUPERINOX® Cuchillos de Mesa con Mango de Madera – Set 6 Cuchillos para Carne con Filo Dentado – Estilo Palmadera tradicional – Aptos para Uso Diario,14015_us,"7,033",216,0.18%,0.20%,"10,105",300,0.18%,0.20%,99.67%,100.00%,99,8,1.41%,3.70%,"1.805,49 €","140,61 €",79,5
B08JCVQ4QL,B08JCVQ4QL,"Arcos Series Niza - Juego de Cuchillos Cocina, 6 Piezas, Cuchillos Verduras 110 mm, + Cuchillo Mesa, Envase 100% Ecológico, Acero Inoxidable NITRUM",809400,"3,450",67,0.09%,0.06%,"5,120",100,0.09%,0.07%,99.59%,100.00%,87,8,2.52%,11.94%,"1.727,53 €","156,32 €",78,3
B0DKP7F29P,B0DJBYB7XQ,"Arcos Serie Samoa Iconic | Cazo Antiadherente Cerámico 16 cm y 1,5 L | Aluminio Forjado | Apta cualquier cocina | Mango Acero Inoxidable | Color Beige | LIBRE DE (PFOA/PTFE/PFOS)",717224,"2,093",55,0.05%,0.05%,"2,666",66,0.05%,0.04%,89.51%,93.88%,78,4,3.73%,7.27%,"2.566,48 €","128,81 €",77,4
B0G4SGJSBJ,B0G216DHWY,"BIOLEAF-Desincrustante Baño Antical Pack 2×750 ml (1,5 L) Elimina Cal, Marcas de Agua y Jabón – Ducha, Grifería, Azulejos y Mamparas - Limpieza Intensiva – Formato Ahorro – Sin Disruptores Endocrinos",2675,720,7,0.02%,0.01%,920,7,0.02%,0.00%,98.50%,100.00%,77,0,10.69%,0.00%,"755,57 €","0,00 €",76,0
B0CQ5G2HVQ,B09T6L1F99,"Arcos Sarten Antiadherente 28 cm - Aluminio Forjado, Full Induction, Mango Acero Inoxidable, Apta Lavavajillas, Ahorro Energético, Serie Samoa",716510,"2,424",71,0.06%,0.07%,"3,490",90,0.06%,0.06%,29.30%,36.67%,79,8,3.26%,11.27%,"3.305,80 €","335,60 €",75,6
B017HKRCGK,B00BHZPGHO,ARCOS Bolsa Portacuchillos para 17 Piezas Poliéster Negra,691400_,"2,672",52,0.07%,0.05%,"3,638",62,0.07%,0.04%,80.45%,81.08%,74,3,2.77%,5.77%,"3.432,55 €","135,97 €",74,3
B0F54LTCFF,B07ZJ85R7C,Arcos Set de Corte 3 Piezas Acero Inoxidable Nitrum,859300,"2,508",104,0.06%,0.10%,"3,635",139,0.07%,0.09%,45.41%,53.64%,74,7,2.95%,6.73%,"2.824,66 €","266,97 €",73,7
B0DKP7F29P,B0DJBZ5475,Arcos Serie Samoa Iconic | Sarten Antiadherente Cerámico 20 cm | Aluminio Forjado | Apta cualquier cocina | Mango Acero Inoxidable | Apta lavavajillas | Color Negro | LIBRE DE (PFOA/PTFE/PFOS),716122,"1,889",28,0.05%,0.03%,"2,459",33,0.04%,0.02%,88.56%,100.00%,74,1,3.92%,3.57%,"2.574,04 €","34,94 €",73,1
B0DPKXM18X,B0DNQX2BZN,"CUPERINOX Soporte Jamonero Plegable | Jamonero Giratorio | Jamonero de Bambú con Cuchillo Profesional, Afilador y Funda para Jamón | Elite Collection",20270_fbm,"5,437",149,0.14%,0.14%,"6,482",167,0.12%,0.11%,98.69%,99.10%,73,3,1.34%,2.01%,"3.588,43 €","140,95 €",73,3
B0CYTKGNPM,B0843Q6L5P,ARCOS Pelador Profesional Acero Inoxidable Cromado 130 mm,607000_,"39,685","1,244",1.01%,1.18%,"60,141","1,775",1.08%,1.18%,0.64%,3.00%,146,89,0.37%,7.15%,"797,17 €","397,40 €",72,17
B08M9QRSW8,B08M9QRSW8,Arcos | Juego Cuchillos cuchillos mesa | 6 Uds | cuchillo fruta | cuchillo postre | Hoja 110 mm | Acero Inoxidable Martensítico | Mango Nylon | apto lavavajillas | Envase Ecológico,703600_barras_arcos,693,14,0.02%,0.01%,"1,125",23,0.02%,0.02%,98.01%,100.00%,87,4,12.55%,28.57%,"863,90 €","40,96 €",72,2
B0DKP7F29P,B0FS7W73G1,"Arcos Sartén Samoa Inox 28 cm, Acero inoxidable tricapa sin antiadherente",726500,"2,729",49,0.07%,0.05%,"3,768",72,0.07%,0.05%,82.64%,95.74%,72,4,2.64%,8.16%,"3.403,36 €","187,80 €",72,4
B0189HXQKQ,B017DLLFES,"Arcos Navaja Profesional de Acero Inoxidable Nitrum, Hoja 85 mm, Mango de Polipropileno, Serie Navajas Profesionales, Alta Durabilidad y Rendimiento",485700_fbm,"2,103",45,0.05%,0.04%,"2,991",65,0.05%,0.04%,66.37%,92.45%,89,13,4.23%,28.89%,"637,84 €","78,70 €",70,5
B0FR444FLT,B07N8S366Z,Arcos Cuchillo Cocina Forjado en Acero Inoxidable. Hoja Plateada 210 mm. Cuchillo Chef con Mango Profesional Micarta y Borde de Seda Especial. Serie Brooklyn. Color Azul.,190623_,"3,309",58,0.08%,0.05%,"4,612",74,0.08%,0.05%,93.22%,89.19%,71,2,2.15%,3.45%,"3.321,36 €","93,96 €",70,1
B08ZNM265D,B08ZNM265D,Arcos | cuchillos de mesa cuchillo mesa tradicional | 6 Piezas cuchillo chuletero | mango nailon | Envase Eco | Fabricado en España,704400,"1,963",47,0.05%,0.04%,"2,890",69,0.05%,0.05%,96.55%,100.00%,87,0,4.43%,0.00%,"2.340,03 €","0,00 €",70,0
B0H9SL9KYG,B0H8SZPDGG,"4 Tuppers de Vidrio Herméticos, Cuadrados, sin BPA, Meal Prep",28003,"1,169",17,0.03%,0.02%,"1,592",19,0.03%,0.01%,99.47%,100.00%,72,3,6.16%,17.65%,"1.057,53 €","43,47 €",70,2
B0F1N351DY,B097RDB5T3,Arcos Juego de 3 Cuchillos Mondadores Acero Inoxidable 100 mm,816500_3piezas,"12,358",304,0.31%,0.29%,"16,464",385,0.30%,0.26%,7.60%,10.50%,78,16,0.63%,5.26%,"974,82 €","199,84 €",69,8
B07F9GQZCB,B07F9GQZCB,Arcos Cuchillo para Verduras de 4 Pulgadas con Hoja de 105mm en Acero Inoxidable y Mango de Madera. Cuchillo para Vegetales Apto para Lavavajillas. Serie Latina. Color Marrón,100500_fba,"3,602",91,0.09%,0.09%,"5,668",134,0.10%,0.09%,89.49%,100.00%,69,4,1.92%,4.40%,"2.552,15 €","147,80 €",68,4
B07LD4MBMK,B07LD4MBMK,"HENDI Cubitera para Hielo, hielera, Recipiente para almacenar Cubitos de Hielo, BarUp, de Doble Pared, 10L, ø292x(h) 220mm, poliestireno, Blanco y Negro",H594759,"1,069",156,0.03%,0.15%,"1,547",239,0.03%,0.16%,77.85%,72.08%,86,40,8.04%,25.64%,"3.399,94 €","1.579,69 €",68,25
B071VT3MC3,B071VT3MC3,"Arcos Tijeras Manicura Curva de Acero Forjado, Uso Profesional y Doméstico, 102 mm, Niqueladas en Plata, Serie Style",500600_,431,8,0.01%,0.01%,621,11,0.01%,0.01%,96.34%,81.82%,70,3,16.24%,37.50%,"765,88 €","29,37 €",67,2
B0FQNZM34T,B0843QFQB7,Arcos Set Cuchillos 5 piezas Acero Inoxidable Nitrum. Cuchillo Cocina Profesional Afilado para Cortar Carne. Mango Ergonómico Polioximetileno POM. Serie Opera. Diseño Clásico. Color Negro.,227000,"5,523",114,0.14%,0.11%,"8,295",170,0.15%,0.11%,58.24%,68.14%,68,4,1.23%,3.51%,"9.430,60 €","555,57 €",67,4
B0FH9NPJ1K,B0FH9NPJ1K,VINFERMATON – Insecticida Cucarachas y Hormigas Antihormigas Instantáneo 600 ml | Spray Eliminador Insectos Rastreros Interior y Exterior | Acción Rápida Profesional | 100% MADE IN SPAIN (2),V0011_PACK2,"1,077",39,0.03%,0.04%,"1,460",47,0.03%,0.03%,88.75%,86.84%,73,10,6.78%,25.64%,"948,33 €","129,96 €",67,8
B0F1ZF7H1L,B005LR68DU,Arcos Cuchillo Jamonero con Alveolos 250 mm,231000_,"5,601",152,0.14%,0.14%,"8,185",228,0.15%,0.15%,33.05%,40.79%,67,2,1.20%,1.32%,"2.244,39 €","66,98 €",66,1
B017HKSR4G,B00WUZRKJW,Arcos Cuchillos de Mesa - Hoja de Acero Inoxidable Nitrum 110 mm - Mango Ergonómico de Polipropileno - Ideal para Comedor - Color Crema - Serie Elegance,802900,"2,214",58,0.06%,0.05%,"3,265",76,0.06%,0.05%,72.34%,76.36%,167,18,7.54%,31.03%,"582,86 €","62,75 €",66,5
B08T5Z4HFS,B08QYQYZHS,"CUPERINOX Cubiertos para marisco | Pinzas para marisco | Tenazas para marisco | 12 Unidades | Cubiertos marisco (Cangrejo, Langosta, Ostras) | Tenedor de marisco con dos dientes inferiores y cuchara.",20023_12pzs,611,37,0.02%,0.04%,863,62,0.02%,0.04%,98.73%,100.00%,77,13,12.60%,35.14%,"1.442,88 €","244,52 €",65,11
B08L8QY8T9,B007TS6GPE,"Arcos Juego de Cuchillos de Cocina cuatro piezas. 3 Cuchillos chef y 1 tijeras Acero Inoxidable y mango ergonómico polioximetileno para cortar carne, pescado y verduras. Serie Maitre. Color negro.",152600_fbm,"18,751",388,0.48%,0.37%,"26,137",571,0.47%,0.38%,11.98%,13.94%,66,4,0.35%,1.03%,"2.501,29 €","151,60 €",64,4
B08M7BMR2S,B00I9XTLSC,ARCOS Afilador Profesional Manual Cerámica y Carbono Rojo-Negro,610600_2,"37,392",804,0.95%,0.76%,"54,945","1,169",0.99%,0.78%,5.72%,3.98%,65,4,0.17%,0.50%,"877,07 €","53,96 €",64,4
B08J488ZQG,B0987N2CBR,Arcos Juego Cuchillos Carne | 6 Piezas | Cuchillos carne cuchillo chuleteros | cubiertos acero inoxidable | Hoja 110 mm | mango monobloque | aptos lavavajillas | Caja Envase Ecológico,814000FBM,"7,399",172,0.19%,0.16%,"8,819",189,0.16%,0.13%,99.88%,100.00%,72,2,0.97%,1.16%,"2.017,12 €","55,98 €",63,2
B0B2RHJYHB,B0B2RHJYHB,"HENDI Cesta para Freír, 8L, 242x200x(H)140mm",H933664,743,88,0.02%,0.08%,"1,153",144,0.02%,0.10%,72.76%,88.14%,89,26,11.98%,29.55%,"3.377,73 €","985,73 €",63,17
B0752SPHL9,B005LR6WW2,Arcos Juego de Cuchillos de Cocina de 5 Piezas,152100_us,"10,957",192,0.28%,0.18%,"16,152",286,0.29%,0.19%,15.09%,21.84%,68,7,0.62%,3.65%,"4.207,84 €","433,16 €",62,3
B0DKP7F29P,B0DJBXPR33,Arcos Serie Samoa Iconic | Sarten Antiadherente Cerámico 28 cm | Aluminio Forjado | Apta cualquier cocina | Mango Acero Inoxidable | Apta lavavajillas | Color Negro | LIBRE DE (PFOA/PTFE/PFOS),716522,"1,727",28,0.04%,0.03%,"2,278",34,0.04%,0.02%,73.18%,100.00%,62,1,3.59%,3.57%,"3.071,56 €","47,40 €",62,1
B0788NF7BS,B0788NF7BS,WINS – Lavavajillas Manual 003 | Garrafa 5 L | Detergente Concentrado para Lavado Manual de Vajilla y Utensilios de Cocina | Uso Profesional y Doméstico | 100% Made in Spain,WINS003,592,76,0.02%,0.07%,745,115,0.01%,0.08%,36.10%,89.19%,136,118,22.97%,155.26%,"1.840,40 €","1.583,11 €",61,49
B088L4V9XQ,B07D2T8LLY,"HENDI Placa eutéctica de frío profesional, GN 1/1, para cajas térmicas, elemento refrigerante, acumulador de frío, bloque térmico, paquete de enfriamiento, placa de hielo, 530x325x(H)30mm, HDPE, azul",H707821,875,137,0.02%,0.13%,"1,303",215,0.02%,0.14%,81.15%,77.08%,162,95,18.51%,69.34%,"5.018,72 €","2.934,03 €",61,30
B07NDTGSY3,B07NDTGSY3,Arcos Serie Brooklyn - Cuchillo Rocking Santoku Cuchillo Asiático - Hoja de Acero Inoxidable Forjado NITRUM 190 mm - Mango de Micarta Color Azul (Filo Seda),191623_fbm,"1,668",26,0.04%,0.02%,"2,437",35,0.04%,0.02%,86.74%,96.30%,61,7,3.66%,26.92%,"2.542,84 €","279,82 €",61,7
B09T9TSXHB,B09T9TSXHB,"Arcos Grill Antiadherente 28x28 cm - Aluminio Forjado, Full Induction, Mango Acero Inoxidable Efecto Frío, Ahorro Energético, Apta Lavavajillas, Serie Samoa",717410,988,33,0.03%,0.03%,"1,406",45,0.03%,0.03%,91.41%,90.32%,60,7,6.07%,21.21%,"2.735,97 €","321,67 €",60,7
B08ZNM265D,B08ZNM265D,Arcos | cuchillos de mesa cuchillo mesa tradicional | 6 Piezas cuchillo chuletero | mango nailon | Envase Eco | Fabricado en España,704400_fba,"1,963",47,0.05%,0.04%,"2,890",69,0.05%,0.05%,96.55%,100.00%,73,4,3.72%,8.51%,"1.952,87 €","95,96 €",59,4
B0CJDS7HN7,B00WUZT88I,ARCOS Mesa Tenedor Carne y Mesa Acero 18/10 Plata 200 mm,702100_1pieza,"2,812",121,0.07%,0.11%,"3,848",162,0.07%,0.11%,61.54%,63.39%,234,10,8.32%,8.26%,"875,80 €","37,51 €",57,2
B0CTKV6X91,B0CTKV6X91,"HENDI Juego de 6 tablas de cortar HACCP con soporte, lisas, 6 colores diferentes, 6 piezas, 450x300x(H)10mm, polietileno, polipropileno",H825686,"1,007",155,0.03%,0.15%,"1,508",229,0.03%,0.15%,77.84%,76.92%,59,25,5.86%,16.13%,"3.803,33 €","1.597,99 €",57,25
B0G3ZJ89NB,B0FZCJ46CM,CUPERINOX - Set Cuchillo Jamonero+ Deshuesador Profesional Forjado 2 Piezas | Cuchillo Jamonero Alveolado 25 cm y Deshuesador 15 cm |Corte Fino y Equilibrado | Aptos para lavavajillas,19303,"2,054",63,0.05%,0.06%,"2,889",94,0.05%,0.06%,98.38%,100.00%,58,3,2.82%,4.76%,"1.434,83 €","74,97 €",57,3
B0G4RSR32Y,B0G1ZPXPWR,"BIOLEAF – Quitagrasas,Desengrasante Cocina Pack 2×750 ml (1,5 L) – Antigrasa Potente Horno, Campana, Placa y Encimeras – Limpieza Profesional – Biodegradable – Sin Disruptores Endocrinos",2644,441,5,0.01%,0.00%,543,6,0.01%,0.00%,99.42%,100.00%,57,0,12.93%,0.00%,"564,93 €","0,00 €",57,0
B0189HXOXK,B017DLLFI4,Arcos Serie Navajas Profesionales - Navaja Profesional - Hoja Filo de Acero Inoxidable NITRUM de 85 mm - Navaja de Acero Inoxidable Color naranja,485329_fbm,"1,625",31,0.04%,0.03%,"2,245",44,0.04%,0.03%,93.46%,96.15%,74,3,4.55%,9.68%,"545,50 €","22,11 €",56,2
B0FR444FLT,B07DQRFDMB,Arcos Manhattan Cuchillo Santoku Forjado Acero POM Negro 190 mm,161600_,"2,881",49,0.07%,0.05%,"4,406",67,0.08%,0.04%,52.13%,89.74%,57,2,1.98%,4.08%,"1.966,50 €","68,98 €",56,1
B09FQ5SZK8,B08MTWC7RD,Arcos Cuchillo Cocinero Acero Inoxidable Nitrum 210 mm,166800_fbm,"4,147",108,0.11%,0.10%,"5,827",143,0.10%,0.10%,38.39%,35.48%,58,1,1.40%,0.93%,"1.739,69 €","30,00 €",56,1
B0DQV6381X,B0F2Q1K35T,CUPERINOX Soporte Jamonero Balancín | Jamonero Giratorio Profesional | Jamonero Madera | Jamonera Profesional | Tabla Cortar Jamon,20265_SC,"6,119",183,0.16%,0.17%,"8,847",250,0.16%,0.17%,98.88%,98.11%,56,2,0.92%,1.09%,"4.639,44 €","169,98 €",56,2
B0FBRQYHVM,B0FBRLQK47,"CUPERINOX Ventilador Portatil, Camping, Exterior, Playa, Piscina, Festival| 5+ cargas movil| +48H de bateria | 20000mAh| Powerbank, Luz led, Mando a distancia y Temporizador",A270001,"4,529",186,0.12%,0.18%,"7,475",305,0.13%,0.20%,99.09%,100.00%,61,0,1.35%,0.00%,"3.652,94 €","0,00 €",56,0
B0F54LTCFF,B006963LSM,Arcos Cuchillo para Pan Acero Inoxidable 250 mm,282204_,"4,416",217,0.11%,0.21%,"6,044",283,0.11%,0.19%,9.78%,11.59%,59,12,1.34%,5.53%,"1.147,52 €","230,50 €",55,9
B0891RBKPX,B007TS6HCQ,ARCOS Pelador de Patatas y Verduras Profesional Acero Inoxidable 60 mm,612100,622,20,0.02%,0.02%,899,24,0.02%,0.02%,96.28%,100.00%,56,2,9.00%,10.00%,"474,72 €","16,55 €",55,2
B0FR444FLT,B07N8VRS7L,Arcos Brooklyn Cuchillo Pelador Acero Inoxidable 100 mm,190123_,"2,166",44,0.06%,0.04%,"2,745",52,0.05%,0.03%,88.83%,97.56%,59,7,2.72%,15.91%,"1.667,09 €","199,43 €",55,5
B06XB92VRH,B07T6J5JWM,CUPERINOX Cafetera Italiana Induccion Espresso Acero Inoxidable 12 Tazas,25035_2,"4,058",95,0.10%,0.09%,"6,010",145,0.11%,0.10%,92.58%,97.87%,55,0,1.36%,0.00%,"1.450,54 €","0,00 €",55,0
B098BLF7X6,B098BLF7X6,"Tradineur - Grasera metálica para pescado con filtro, aceitera con colador para conservación de aceite de acero inoxidable, recipiente para colar aceites - Ø 9 cm",22106_us,791,8,0.02%,0.01%,"1,048",9,0.02%,0.01%,98.53%,100.00%,56,1,7.08%,12.50%,"419,44 €","7,49 €",55,1
B0CQ5G2HVQ,B09T6KZ499,"Arcos Sarten Antiadherente 32 cm - Aluminio Forjado, Full Induction, Mango Acero Inoxidable Efecto Frío, Apta Lavavajillas, Ahorro Energético, Serie Samoa",716710,"2,230",89,0.06%,0.08%,"3,134",123,0.06%,0.08%,27.38%,48.78%,59,9,2.65%,10.11%,"2.942,05 €","449,55 €",55,7
B0F54LTCFF,B006LMX2HO,"Arcos Cuchillo Rebanar/Jamón Acero Inoxidable Nitrum 11""",282004_,"3,049",92,0.08%,0.09%,"3,984",121,0.07%,0.08%,31.23%,39.24%,57,7,1.87%,7.61%,"1.009,89 €","122,39 €",54,4
B00VRZ327A,B00VRZ327A,Arcos Tijeras Costura Acero Forjado 152 mm - Uso Doméstico y Profesional - Niqueladas Plata - Serie Style,502400,446,8,0.01%,0.01%,626,8,0.01%,0.01%,96.52%,100.00%,54,1,12.11%,12.50%,"645,58 €","9,91 €",54,1
B08VS4FCLN,B08BX3WTPP,"Arcos Juego Cuchillos Cocina cuchillo blanco cuchillos | cuchillos cocina Maitre | 4 piezas | Chef 215 mm, Cocina 150 mm, Verduras 100 mm Tijera cocina (Blanco)",152624_,"2,033",40,0.05%,0.04%,"2,830",59,0.05%,0.04%,99.52%,100.00%,54,2,2.66%,5.00%,"1.870,72 €","67,97 €",54,2
B0C4DTYRJW,B094QVHPQ8,Arcos Juego Cuchillos Cocina Profesionales| Cuchillos Cocina Profesional Set Cuchillos | Mango Negro (4 Piezas),813500,"8,206",139,0.21%,0.13%,"10,826",184,0.19%,0.12%,97.90%,99.20%,57,0,0.69%,0.00%,"2.268,89 €","0,00 €",54,0
B0G3ZJ89NB,B09NRLLDC6,CUPERINOX Cuchillo Jamonero + Chaira + Funda Cubre Jamón | Jamonero 240mm acero inoxidable| Afilador Chaira | Funda cubre jamón,20220,"1,785",36,0.05%,0.03%,"2,485",48,0.04%,0.03%,98.64%,92.50%,55,0,3.08%,0.00%,"545,62 €","0,00 €",54,0
B0CQ5G2HVQ,B09T9PKHHR,"Arcos Sarten Antiadherente 18 cm - Aluminio Forjado, Mango Acero Inoxidable Efecto Frío, Apta para Inducción y Lavavajillas, Sistema Ahorro Energético, Serie Samoa Basic",716010,869,22,0.02%,0.02%,"1,204",30,0.02%,0.02%,71.56%,88.89%,55,4,6.33%,18.18%,"1.427,87 €","104,96 €",54,3
B0CVH8PC99,B0CQTKPL63,CUPERINOX Cuchillos Carne | Cuchillos Mesa | Cuchillos Chuleteros | 24 Piezas | Hoja Serrada | Mango Polipropileno | Acero Inoxidable | 11 cm,99923,"2,213",207,0.06%,0.20%,"3,070",293,0.06%,0.19%,99.57%,100.00%,71,10,3.21%,4.83%,"1.421,27 €","200,23 €",54,6
B0G67DKSXN,B0G213X3HM,"BIOLEAF – Gel WC Antical Pack 2×750 ml (1,5 L) – Gel Espeso Acción Prolongada – Elimina Sarro y Cal – Limpieza Sanitaria Intensiva – Biodegradable – Sin Disruptores Endocrinos",2682,480,9,0.01%,0.01%,590,14,0.01%,0.01%,98.37%,71.43%,55,0,11.46%,0.00%,"536,79 €","0,00 €",54,0
B0HF542K6S,B071PB1GX3,WINS 007 - Friegasuelos Perfumado | Garrafa 5 L,WINS007,393,30,0.01%,0.03%,539,40,0.01%,0.03%,67.13%,96.97%,64,25,16.28%,83.33%,"637,98 €","248,62 €",53,23
B0DK3CM34K,B07CBLHKLN,"HENDI Cartuchos de recarga de gas GLP para HENDI Cabezales de antorchas de cocina de llama continua 198247 y 198216, recambios para soplete, paquete de 4 unidades",H199039,500,43,0.01%,0.04%,679,72,0.01%,0.05%,97.50%,96.43%,64,21,12.80%,48.84%,"933,07 €","289,78 €",53,15
B0CQ5G2HVQ,B09T9S9NZ4,"Arcos Sarten Antiadherente 24 cm - Aluminio Forjado, Full Induction, Mango Acero Inoxidable Efecto Frío, Apta Lavavajillas, Ahorro Energético, Serie Samoa",716310,"2,537",70,0.06%,0.07%,"3,659",96,0.07%,0.06%,26.40%,38.18%,54,3,2.13%,4.29%,"1.996,98 €","110,97 €",53,3
B0752V8D5V,B00I9XTGJ6,ARCOS Taco Redondo Protector de Cuchillos Caucho Termoplástico 225 mm,794000,"1,414",34,0.04%,0.03%,"2,129",49,0.04%,0.03%,48.36%,65.38%,52,3,3.68%,8.82%,"1.295,96 €","70,63 €",52,3
B0G39WX9ZQ,B00MDK1EBE,"Arcos Cuchillo Utilitario Acero Inoxidable Nitrum 5""",100600_fbm,"2,372",44,0.06%,0.04%,"3,692",72,0.07%,0.05%,50.61%,53.57%,128,1,5.40%,2.27%,"763,58 €","4,95 €",52,1
B08Y8NS7PN,B08XZ8X815,"Arcos serie Maitre - juego de Cuchillos, 2 Pza, Cuchillo Cocina Profesional 150mm + Cuchillo universal 100mm, Acero Inoxidable, Rosa, Eco",814600_fmb,943,24,0.02%,0.02%,"1,242",27,0.02%,0.02%,97.85%,100.00%,60,13,6.36%,54.17%,"1.068,32 €","232,98 €",52,8
B09MRYLZ4M,B09MRYLZ4M,Arcos Juego de Cuchillos de Cocina de 3 Piezas,167100_us,"11,989",211,0.31%,0.20%,"16,413",297,0.30%,0.20%,14.32%,12.70%,52,2,0.43%,0.95%,"3.582,80 €","137,80 €",52,2
B0H9SL9KYG,B0H9B59PGQ,"CUPERINOX 12 Tuppers de Vidrio Herméticos, 3 Formas, sin BPA, Meal Prep",28007,674,8,0.02%,0.01%,964,12,0.02%,0.01%,98.44%,87.50%,51,1,7.57%,12.50%,"1.751,17 €","33,24 €",51,1
B08XYZRKC4,B007TS6GWW,"ARCOS Juego de Cubiertos de 24 Piezas para Mesa. Cuberterí­a Completa para 6 Personas. Set de 6 Cucharas, 6 Cuchillos, 6 Tenedores y 6 Cucharas de Postre. Serie Toscana. Color Plata",572400,"18,353",415,0.47%,0.39%,"26,548",592,0.48%,0.39%,11.63%,38.02%,62,18,0.34%,4.34%,"4.134,95 €","1.129,39 €",50,10
B0GYL1GW2S,B017DLDM3A,Arcos Cuchillo Mondador Madera 65 mm,100100_us,"1,607",48,0.04%,0.05%,"2,424",82,0.04%,0.05%,20.62%,14.58%,87,4,5.41%,8.33%,"477,61 €","21,94 €",50,3
B078KJ1T6G,B078JPWR5J,"Arcos 807600 Juego de Cuchillos, Acero Inoxidable, Blanco, 45x20x5 cm, 3 Unidades",807600_,"5,003",127,0.13%,0.12%,"5,986",154,0.11%,0.10%,96.61%,95.61%,51,8,1.02%,6.30%,"3.515,71 €","519,92 €",50,7
B093313MH6,B093313MH6,Arcos | Cuchillo de deshuesar| Cuchillo deshuesador | cuchillo deshuesador jamón | cuchillo deshuesador (140 mm) Clásica| Envase Eco | cuchillo puntilla jamonero,256210,"2,869",73,0.07%,0.07%,"4,001",95,0.07%,0.06%,99.11%,98.31%,50,1,1.74%,1.37%,"997,70 €","19,99 €",50,1
B0CQ5G2HVQ,B09T6KY364,"Arcos Sarten Antiadherente 30 cm - Aluminio Forjado, Full Induction, Mango Acero Inoxidable Efecto Frío, Apta Lavavajillas, Ahorro Energético, Serie Samoa",716610,"1,134",42,0.03%,0.04%,"1,476",61,0.03%,0.04%,69.80%,79.49%,50,5,4.41%,11.90%,"2.270,44 €","227,50 €",50,5
B0DKP7F29P,B0FS7XZKVF,"Arcos Sartén Samoa Inox 20 cm, Acero inoxidable tricapa sin PFAS",726100,"2,111",31,0.05%,0.03%,"2,747",42,0.05%,0.03%,79.12%,87.50%,50,1,2.37%,3.23%,"1.703,50 €","33,95 €",50,1
B00VRZ3BMG,B00VRZ3BMG,Arcos Tijeras Costura Acero Forjado 140 mm - Uso Doméstico y Profesional - Niqueladas Plata - Serie Style,502300_,447,7,0.01%,0.01%,667,15,0.01%,0.01%,93.70%,100.00%,51,0,11.41%,0.00%,"560,49 €","0,00 €",49,0
B0B3CPHPXR,B07BQ5CCMD,ARCOS Sacacorchos Manual de ABS Aleación de Zinc,604700_,"10,522",227,0.27%,0.21%,"13,682",324,0.25%,0.22%,12.79%,10.00%,51,2,0.48%,0.88%,"1.752,19 €","65,96 €",49,2
B0F66KBPV1,B07N7Y7LD9,HENDI Cesta de lavavajillas Profesional para Vasos,H871348,736,75,0.02%,0.07%,"1,153",128,0.02%,0.09%,85.11%,72.55%,62,11,8.42%,14.67%,"1.303,18 €","216,65 €",49,7
B0G39VSVBM,B00U2QWO1K,Arcos Latina Cuchillo Chuletero Acero Inoxidable 105 mm,100400_1pieza,"3,271",53,0.08%,0.05%,"4,066",71,0.07%,0.05%,32.90%,24.32%,151,14,4.62%,26.42%,"559,79 €","47,18 €",48,2
B08VS4FCLN,B08BX3WTPP,"Arcos Juego Cuchillos Cocina cuchillo blanco cuchillos | cuchillos cocina Maitre | 4 piezas | Chef 215 mm, Cocina 150 mm, Verduras 100 mm Tijera cocina (Blanco)",152624,"2,033",40,0.05%,0.04%,"2,830",59,0.05%,0.04%,99.52%,100.00%,48,3,2.36%,7.50%,"1.672,06 €","104,97 €",48,3
B09MSDJQJ1,B08M3B43J6,"Arcos | Juego Cuchillo Jamonero 3 Pzas | jamonero Acero Inoxidable (240 mm), afilador Chaira y Cubre jamón | Juego Cuchillos jamonero Profesional | Paleta ibérica | Eco",704300,"2,909",58,0.07%,0.05%,"3,956",83,0.07%,0.06%,99.94%,100.00%,48,0,1.65%,0.00%,"1.429,50 €","0,00 €",48,0
B08TWZYBPZ,B0FZC9C1BJ,"CUPERINOX- Set de Cuchillos Profesionales de Cocina 3 Piezas + Estuche Regalo | Chef 20 cm, Santoku 18 cm y Universal 13 cm | Acero Inoxidable Alta Precisión | Mango Ergonómico| Apto Lavavajillas",19302,"7,754",175,0.20%,0.17%,"10,218",220,0.18%,0.15%,99.82%,98.45%,48,5,0.62%,2.86%,"1.430,83 €","144,76 €",48,5
B071LGMGHG,B071LGMGHG,Arcos Tijeras de Manicura Rectas de Acero Forjado 102 mm - Uso Profesional y Doméstico - Niqueladas Plata - Serie Style,501100,541,17,0.01%,0.02%,774,27,0.01%,0.02%,64.35%,50.00%,48,1,8.87%,5.88%,"484,19 €","9,99 €",47,1
B08Q7W1Q4K,B08Q7W1Q4K,"Tradineur - Pack de 2 Graseras de metal de Ø 9,3 x 11 cm - Incluye filtro, asa y tapa - Aceitera con colador para conservación de aceite de acero inoxidable - Capacidad de 550 ml",22105+22106,807,18,0.02%,0.02%,"1,151",21,0.02%,0.01%,98.73%,100.00%,48,2,5.95%,11.11%,"527,51 €","21,97 €",47,1
B09FQ5SZK8,B0968LSP2T,"Arcos Utensilios Barbacoa - Cuchillo 200 mm y Tenedor 215 mm, Acero Inoxidable NITRUM, Mango Madera Ovengkol FSC, Set 2 Piezas, Embalaje Reciclado, Serie Nordika",167000_fbm,"1,704",36,0.04%,0.03%,"2,225",46,0.04%,0.03%,72.57%,54.55%,47,0,2.76%,0.00%,"2.342,03 €","0,00 €",47,0
B0C5X757TS,B0C5X757TS,Arcos Serie Lisboa - Cubertería de 24 piezas en Caja de Regalo (6 Cuchillos + 12 Cucharas + 6 Tenedores) - Monoblock de una pieza en Acero Inoxidable - Color Plata,597400,"1,200",45,0.03%,0.04%,"1,937",64,0.03%,0.04%,92.94%,97.78%,58,4,4.83%,8.89%,"5.191,42 €","357,96 €",47,3
B0F54LTCFF,B00BHZPO3K,Arcos Cuchillo para Queso Acero Inoxidable NITRUM 145 mm,281604_fbm,"6,107",200,0.16%,0.19%,"8,695",280,0.16%,0.19%,8.11%,12.44%,48,3,0.79%,1.50%,"996,34 €","62,25 €",46,2
B07JWM27F4,B07JWM27F4,Arcos Set Cuchillos Cocina Profesionales Forjados en Acero Inoxidable. Juego de 3 Cuchillos (Pelador 100 mm + Cocinero 150 mm + Cocinero 200 mm). Mango Ergonómico Rosa en Polioximetileno. Riviera Rose,855100,"2,719",52,0.07%,0.05%,"4,096",72,0.07%,0.05%,98.92%,93.18%,46,0,1.69%,0.00%,"3.417,78 €","0,00 €",46,0
B0FGDGV4V4,B0FGDGV4V4,VINFERMATON – Insecticida Mosquitos y Moscas Casa y Terrazas Pack 2×600 ml | Spray Eliminador Insectos Voladores Interior y Exterior | Acción Inmediata Profesional | 100% MADE IN SPAIN,V1612_PACK2,577,26,0.01%,0.02%,764,33,0.01%,0.02%,96.61%,96.55%,53,14,9.19%,53.85%,"779,78 €","195,92 €",46,13
B0H2DQZ7ZK,B0H2DQZ7ZK,"VINFER-Limpia Salpicaderos Profesional Pack 2x750 ml (1,5L)|Spray para Coche| Limpia, Abrillanta y Protege Plásticos, Vinilos y Cueros,Efecto Antiestático Repelente del Polvo,Cuidado Interior Vehículo",LIMPIASALPICADEROS_PACK2,300,14,0.01%,0.01%,400,18,0.01%,0.01%,98.41%,100.00%,50,10,16.67%,71.43%,"749,51 €","149,91 €",46,7
B07DC711NK,B07DC711NK,"HENDI Batidora de Mano, Carcasa de ABS, Brazo Batidor de Acero Inoxidable, Cuchillas cruzadas con Revestimiento de Titanio, 6 Velocidades, Pantalla LCD, 250W, 230V, Procesa de 1-8 Litros, ø71x(H)444mm",H222157,"2,204",265,0.06%,0.25%,"3,275",429,0.06%,0.29%,30.80%,34.21%,45,20,2.04%,7.55%,"4.821,47 €","2.142,97 €",45,20
B0DN1WHKRN,B07MTQ5695,HENDI Batidora de Mano para Uso Profesional con Velocidad Ajustable,H222140,"2,397",397,0.06%,0.38%,"3,644",638,0.07%,0.42%,34.22%,31.56%,47,23,1.96%,5.79%,"7.480,52 €","3.646,52 €",45,21
B0DKP7F29P,B0FS7XQ88Z,"Arcos Sartén Samoa Inox 30 cm, Acero inoxidable tricapa sin PFAS",726600,"1,411",29,0.04%,0.03%,"1,779",36,0.03%,0.02%,78.11%,95.00%,46,1,3.26%,3.45%,"2.395,10 €","51,95 €",45,1
B0G3ZJ89NB,B0G8KMC5DX,"CUPERINOX Jamonero Giratorio y Plegable | Jamonera base Inoxidable | Incluye Cuchillo Jamonero Alveolos 25 cm, Afilador y Funda para Jamón | Apto Jamones y Paletilla",20253,"1,064",27,0.03%,0.03%,"1,535",42,0.03%,0.03%,98.97%,100.00%,47,0,4.42%,0.00%,"3.204,44 €","0,00 €",45,0
B0D1CYZT7H,B00JN2S0U8,"HENDI Escurridor de frituras, con asa robusta y recipiente extraíble para los restos, patatas fritas, ø410x(H)170mm, totalmente de acero inoxidable",H630808,"1,176",146,0.03%,0.14%,"1,709",252,0.03%,0.17%,71.07%,60.51%,47,16,4.00%,10.96%,"2.201,18 €","740,73 €",44,15
B07F8Z6XL1,B07F8Z6XL1,VINFERMATÓN - Insecticida Matón Cucas Cucarachas y Hormigas Instantáneo 300ml,V101302,910,21,0.02%,0.02%,"1,215",29,0.02%,0.02%,52.99%,37.50%,59,0,6.48%,0.00%,"464,33 €","0,00 €",44,0
B08NW1VQRT,B08NW1VQRT,CUPERINOX Navaja para Setas y Champiñones | Acero Inoxidable | Con Cepillo y Funda Incluida | Micológica,PE2181,"1,481",22,0.04%,0.02%,"2,057",37,0.04%,0.02%,99.46%,100.00%,46,3,3.11%,13.64%,"482,71 €","31,47 €",44,2
B0CQ5G2HVQ,B09T9ZC38G,"Arcos Sarten Antiadherente 22 cm - Aluminio Forjado, Full Induction, Mango Acero Inoxidable Efecto Frío, Apta Lavavajillas, Ahorro Energético, Serie Samoa",716210,"1,867",49,0.05%,0.05%,"2,544",66,0.05%,0.04%,23.71%,9.09%,44,1,2.36%,2.04%,"1.401,22 €","32,49 €",44,1
B08VRP7CR7,B09XMVTWLT,Arcos Juego Cuchillos Carne | 6 Piezas | Cuchillos Carne Cuchillo chuleteros | Cubiertos Acero Inoxidable | Hoja 110 mm | Mango Redondo y Forma Ovalada | monobock | Caja Envase Ecológico (Filo Liso),830000,"1,521",48,0.04%,0.05%,"2,520",72,0.05%,0.05%,99.86%,100.00%,52,2,3.42%,4.17%,"1.715,47 €","65,97 €",44,1
B0C2QFPLX9,B0C2QFPLX9,FAMILIA VINCARE (MULTIUSOS INDIVIDUAL),MULTIUSOS750ML,432,15,0.01%,0.01%,586,24,0.01%,0.02%,93.27%,52.38%,52,9,12.04%,60.00%,"518,48 €","89,91 €",44,4
B00J3ZVMCS,B00J3ZVMCS,Arcos Serie Toscana - Juego de Cucharas para Café (6 cucharas) - Monoblock de una pieza en Acero Inoxidable 18/10 y 140 mm - Color Plata,574200,"4,958",192,0.13%,0.18%,"7,543",297,0.14%,0.20%,6.21%,13.27%,55,13,1.11%,6.77%,"546,33 €","126,75 €",43,7
B0F5L5VJM5,B0719K21HP,Arcos Tenazas de Marisco Acero Inoxidable 185 mm,606400_,"2,017",88,0.05%,0.08%,"3,075",143,0.06%,0.10%,17.47%,15.12%,63,5,3.12%,5.68%,"1.253,88 €","94,46 €",43,4
B071VT3QQY,B071VT3QQY,"Arcos Riviera - Juego de Cuchillos de Cocina Profesional (Mondador 100 mm, Santoku 140 mm, Chef 200 mm) - Acero Inoxidable Forjado NITRUM, Mango Ergonómico Negro - 3 Piezas en Estuche",807700_fbm,"1,308",22,0.03%,0.02%,"1,935",40,0.03%,0.03%,81.70%,51.85%,43,1,3.29%,4.55%,"2.963,42 €","68,90 €",43,1
B0788P3W3W,B0788P3W3W,WINS – Abrillantador Máquinas Lavavajillas Profesional 013 | Garrafa 5 L | Secado Rápido y Brillo sin Marcas en Vajilla | Uso Profesional | 100% Made in Spain,WINS013_5L,254,30,0.01%,0.03%,328,48,0.01%,0.03%,55.17%,100.00%,45,10,17.72%,33.33%,"733,84 €","160,63 €",43,10
B0FDL3VP7W,B0FDL3VP7W,VINFERMATON – Insecticida Moscas y Mosquitos Perfume Limón Pack 3×300 ml | Spray Eliminador Insectos Voladores Interior y Exterior | Acción Inmediata Profesional | 100% MADE IN SPAIN,V000_PACK3,636,26,0.02%,0.02%,830,31,0.01%,0.02%,97.30%,96.30%,65,24,10.22%,92.31%,"774,04 €","282,45 €",43,9
B017DLM9SY,B017DLM9SY,Arcos Serie Toscana - Juego de Cucharas de Mesa (3 cucharas) - Monoblock de una pieza en Acero Inoxidable 18/10 y 180 mm - Color Plata,574400_,669,18,0.02%,0.02%,"1,063",23,0.02%,0.02%,89.01%,66.67%,76,4,11.36%,22.22%,"601,81 €","31,96 €",42,1
B0B3F4QXML,B07HY6FKNQ,Arcos Serie Clasica - Juego de Cuchillos de 7 piezas en Caja de Regalo (5 Cuchillos + 1 Tijeras + 1 Chaira) - Hoja de Acero Inoxidable Forjado NITRUM - Mango de Polioximetileno (POM) - Color marrón,854400_2,"2,695",61,0.07%,0.06%,"3,778",81,0.07%,0.05%,98.68%,100.00%,43,5,1.60%,8.20%,"6.382,55 €","724,93 €",42,4
B0F1ZF7H1L,B005LR6C7C,Arcos Cuchillo Cocina Acero Inoxidable Negro 180 mm,233500_,"6,138",129,0.16%,0.12%,"8,561",156,0.15%,0.10%,19.85%,13.79%,42,2,0.68%,1.55%,"1.469,58 €","69,98 €",41,1
B0FR444FLT,B07DC9LM3W,"Arcos Cuchillo Panadero Profesional - Hoja Silk Edge 200 mm en Acero Inoxidable Nitrum, Corte Preciso y Duradero, Ideal para Pan y Pasteles, Diseño Elegante y Seguro, Serie Manhattan",161300_,"1,403",34,0.04%,0.03%,"1,813",42,0.03%,0.03%,81.41%,100.00%,42,3,2.99%,8.82%,"1.337,18 €","94,37 €",41,3
B07G79KCFK,B07G79KCFK,"Arcos Cuchillos de Mesa Caja de 12 uds Cuchillo Chuletero Cuchillo de Mesa, Hoja de Acero Inoxidable NITRUM 105 mm, Mango de Nylon, Color Marrón (12 uds)",803800_,"1,461",44,0.04%,0.04%,"2,147",64,0.04%,0.04%,58.94%,69.81%,44,3,3.01%,6.82%,"1.754,88 €","119,97 €",41,2
B089M821V5,B089M821V5,Arcos Cuchillos Carne | 6 pzas | Cuchillos chuleteros Set Cuchillo de Mesa Sierra | Mango Madera | Hoja 110 mm | Cuchillos Carne Mesa | Apto lavavajillas | Envase Carton | Ecologico,815500,"2,043",70,0.05%,0.07%,"2,852",103,0.05%,0.07%,95.01%,100.00%,57,12,2.79%,17.14%,"1.667,36 €","338,88 €",41,3
B08PFX1GT8,B08PFX1GT8,WINS – Fregasuelos Magnolia 017 |Friegasuelos Limpiador Neutro para Suelos y Superficies | Garrafa 5L | Aroma Magnolia Suave y Duradero | Uso Diario Profesional | 100% Made in Spain,WINS017,353,25,0.01%,0.02%,470,32,0.01%,0.02%,96.37%,100.00%,51,16,14.45%,64.00%,"524,07 €","156,92 €",41,12
B08TWZYBPZ,B0FZC8B2NX,"CUPERINOX - Estuche de Cuchillos Profesionales de Cocina 4 Piezas | Chef 20 cm, Santoku 18 cm, Universal 13 cm y Pelador 9 cm | Acero Inoxidable de Alta Precisión | Mango Ergonómico",19301,"6,098",180,0.16%,0.17%,"8,107",266,0.15%,0.18%,99.93%,100.00%,42,9,0.69%,5.00%,"1.461,54 €","312,91 €",41,8
B06XB92VRH,B00YU2ZWGG,CUPERINOX Cafetera Italiana Induccion Espresso Acero Inoxidable 10 Tazas,25034,767,14,0.02%,0.01%,"1,124",17,0.02%,0.01%,80.66%,18.18%,40,0,5.22%,0.00%,"782,33 €","0,00 €",40,0
B0BRSYXXRN,B0BRSYXXRN,"HENDI Cesta para Freír, 10L, 280x210x(H)140mm",H961247,745,108,0.02%,0.10%,"1,121",174,0.02%,0.12%,87.67%,86.67%,45,14,6.04%,12.96%,"1.890,93 €","587,86 €",40,12
B0FGDJJ12N,B0FGDJJ12N,VINFERMATON – Insecticida Avispas y Nidos Exterior 600 ml | Válvula Largo Alcance hasta 4 m | Acción Profesional Inmediata | 100% MADE IN SPAIN,V0020,447,18,0.01%,0.02%,554,22,0.01%,0.01%,88.06%,93.75%,47,2,10.51%,11.11%,"563,73 €","23,98 €",40,2
B0F1ZF7H1L,B005LR69ZC,Arcos Cuchillo de Queso Negro 145 mm,232800_,"2,426",57,0.06%,0.05%,"3,251",85,0.06%,0.06%,45.55%,46.00%,39,5,1.61%,8.77%,"1.480,05 €","189,75 €",39,5
B09HTPJMH5,B00MDJVVZY,Arcos Latina Cuchillo de Cocina Acero Inoxidable 155 mm,100700_1pza,363,5,0.01%,0.00%,533,8,0.01%,0.01%,98.42%,100.00%,61,2,16.80%,40.00%,"349,88 €","11,50 €",39,1
B06XB92VRH,B00YU2YTTM,CUPERINOX Cafetera Italiana Induccion Espresso Acero Inoxidable 4 Tazas,25032,"1,504",34,0.04%,0.03%,"2,067",41,0.04%,0.03%,56.57%,44.44%,39,0,2.59%,0.00%,"655,49 €","0,00 €",39,0
B0F4X5PQYD,B07PRXR5XR,"HENDI Cesta de lavavajillas Profesional para Vasos, Formato Cuadrado, Estructura Abierta para circulación de Agua, 405x405x(H) 150mm, Polipropileno",H871331,471,49,0.01%,0.05%,760,77,0.01%,0.05%,63.48%,60.00%,47,9,9.98%,18.37%,"974,20 €","186,75 €",39,7
B0CRDY65RY,B09T9QCL8D,"Arcos Cazuela Antiadherente de 24 cm y 4,3 L | Aluminio Forjado | Adecuada para cualquier cocina | Mangos de Acero Inoxidable con Efecto Frío | Color Negro | Inducción completa. Serie Ollas Samoa",717010,"1,560",21,0.04%,0.02%,"2,180",24,0.04%,0.02%,58.23%,72.73%,40,0,2.56%,0.00%,"1.943,00 €","0,00 €",39,0
B0DPKXM18X,B0DNQXN97X,CUPERINOX Soporte Jamonero Inoxidable | Jamonero Plegable | Jamonero Giratorio | Jamonero Profesional | Cuchillo Jamonero Profesional y Afilador,20250_fbm,"5,630",188,0.14%,0.18%,"6,650",214,0.12%,0.14%,80.87%,78.42%,39,2,0.69%,1.06%,"2.703,02 €","127,83 €",39,2
B0F54LTCFF,B0044R87I2,Arcos Conjunto Cuchillos 4 piezas (3 Cuchillos + 1 tijeras). Acero Inoxidable y Hoja mm. 1670 gr. Bloque madera pino. Mango ergonómico polioximetileno POM. Serie Universal. Mayor control. Color negro.,285000_us,"1,812",71,0.05%,0.07%,"2,469",86,0.04%,0.06%,85.85%,86.67%,38,1,2.10%,1.41%,"2.127,62 €","54,99 €",38,1
B00509DM8S,B00509DM8S,HENDI Baño María Eléctrico GN 1/1,H238905,713,126,0.02%,0.12%,"1,093",195,0.02%,0.13%,71.92%,57.75%,40,15,5.61%,11.90%,"5.494,40 €","2.058,44 €",38,14
B0FWM351K4,B01N4WDTRY,CUPERINOX® Couture Series - Tijera Costura Profesional 15 cm | Acero Inoxidable Resistente | Corte Preciso para Telas y Manualidades | Uso Doméstico y Profesional,21962,555,17,0.01%,0.02%,781,21,0.01%,0.01%,91.62%,100.00%,43,2,7.75%,11.76%,"362,57 €","14,98 €",38,2
B0CTCR3BC5,B07D8WH8HL,"HENDI Recipiente Gastronorm GN 1/1, Budget Line, resistencia térmica -40 °C a 250 °C, apto para horno y baño maría, 28L, 530x325x(H) 200mm, acero inoxidable",H800157,880,101,0.02%,0.10%,"1,212",144,0.02%,0.10%,83.27%,82.93%,57,27,6.48%,26.73%,"1.888,31 €","890,66 €",38,15
B00D3LC70Y,B00D3LC70Y,Arcos Tijeras Costura Castellana - Acero Forjado Niquelado 127 mm - Uso Doméstico y Profesional - Serie Style,502200,624,10,0.02%,0.01%,911,10,0.02%,0.01%,94.06%,88.89%,38,0,6.09%,0.00%,"396,50 €","0,00 €",37,0
B0788R5C2F,B0788R5C2F,Wins 019 Desincrustante Máquinas. Envase 5 L. Producto ácido para la eliminación de incrustaciones de cal y óxido en máquinas lavavajillas.,BM-7KH8-TWCU,522,43,0.01%,0.04%,700,71,0.01%,0.05%,93.14%,100.00%,46,14,8.81%,32.56%,"908,49 €","276,49 €",37,8
B08G8QCM5H,B08G8QCM5H,ARCOS cuchillo pelador | 6 PIEZAS | cuchillo de pelar | cuchillos pelar patatas | Hoja 100 mm | Negro | cuchillo arcos pelador Acero Inoxidable,816500,"3,256",268,0.08%,0.25%,"4,461",369,0.08%,0.25%,99.77%,99.65%,38,6,1.17%,2.24%,"721,60 €","113,92 €",37,6
B08VRP7CR7,B08MTXC14T,Arcos Juego Cuchillos Carne | 6 Piezas | Cuchillos Carne Cuchillo chuleteros | Cubiertos Acero Inoxidable | Hoja 110 mm | Mango Redondo y Forma Ovalada | monobock | Caja Envase Ecológico (6 unidades),809900,"1,109",22,0.03%,0.02%,"1,643",22,0.03%,0.01%,96.07%,100.00%,44,0,3.97%,0.00%,"1.220,74 €","0,00 €",37,0
B0F54LTCFF,B007TS67WG,Arcos Cuchillo Chef Acero Inoxidable 300 mm,280804,"3,754",106,0.10%,0.10%,"4,467",148,0.08%,0.10%,35.37%,37.50%,39,13,1.04%,12.26%,"1.155,09 €","381,59 €",36,11
B079ZCF2G9,B079ZCF2G9,Arcos Nova Juego 6 Cuchillos Carne Serrados Nitrum Negro 110 mm,188900_fbm,"1,492",43,0.04%,0.04%,"2,381",58,0.04%,0.04%,32.25%,30.00%,41,2,2.75%,4.65%,"724,19 €","35,50 €",36,2
B08L27XH2W,B08L27XH2W,"HENDI Mochila isotérmica de Transporte y Reparto de Pizzas y Alimentos, Bolsa aislada e Impermeable para la Entrega de Pedidos de Pizza y Comidas, Interior 39x39x(H) 45cm, Negra, 41x41x(H) 48cm",H709801,951,83,0.02%,0.08%,"1,434",128,0.03%,0.09%,69.45%,58.76%,46,17,4.84%,20.48%,"3.107,24 €","1.072,89 €",36,8
B08M5K93QF,B08M5K93QF,Arcos Juego Cuchillos Mesa | 6 Uds | Cuchillo Postre | Cuchillos Mesa | Cuchillo Carne | Hoja 105 mm | Acero Inoxidable Martensítico | Mango Polipropileno | Apto lavavajillas | Envase Ecológico,703500FBM,"1,211",23,0.03%,0.02%,"1,760",37,0.03%,0.02%,98.35%,100.00%,42,5,3.47%,21.74%,"536,78 €","56,15 €",36,3
B09F9MH34D,B09F9MH34D,"Arcos Serie Cuchillos de Mesa Chuleteros, Mango de Polipropileno, Hoja 110 mm, Apto para Lavavajillas, Negro, 6 Piezas",805109_6piezas,806,15,0.02%,0.01%,"1,051",22,0.02%,0.01%,93.56%,100.00%,40,5,4.96%,33.33%,"516,63 €","62,98 €",36,4
B0FWK4CNH3,B0B42QTHTP,CUPERINOX | Tijeras de pescado 18 cm | Tijeras Cocina | tijeras de cocinero profesional para aves pescado carne caza| Accesorios de cocina,21991_,392,16,0.01%,0.02%,552,29,0.01%,0.02%,98.24%,100.00%,40,2,10.20%,12.50%,"249,01 €","12,50 €",36,1
B0F54LTCFF,B0044R87QE,Arcos Cuchillo Cocina Acero Inoxidable 200 mm,280604_,"30,205",886,0.77%,0.84%,"43,844","1,261",0.79%,0.84%,1.61%,2.82%,38,10,0.13%,1.13%,"778,61 €","204,89 €",35,7
B096SHJ82T,B0044R8868,Arcos Juego de 12 Cubiertos para Mesa. Set de 6 Cuchillos Chuleteros y 6 Tenedores en Madera de Haya y Acero Inoxidable. Estuche para Carne. Serie Mesa. Color Marrón,377700_fbm,"8,011",255,0.20%,0.24%,"10,662",364,0.19%,0.24%,19.11%,12.79%,38,3,0.47%,1.18%,"1.811,20 €","140,97 €",35,2
B08Y8NS7PN,B08MT61GJV,Arcos Juego Cuchillos Cocina | 2 pzas |Profesional (150 mm) | Cuchillo Cortador Verduras (100 mm)| Acero Inoxidable Nitrum | Mango Negro | Envase Eco,819900fbm,617,17,0.02%,0.02%,837,19,0.02%,0.01%,96.21%,100.00%,43,1,6.97%,5.88%,"772,87 €","17,99 €",35,1
B0FWM351K4,B09P8M12S3,"CUPERINOX® Couture Series - Tijera Costura Profesional 12,5 cm | Acero Inoxidable de Alta Precisión | Corte Fino y Duradero | Uso Doméstico y Profesional",21961,703,24,0.02%,0.02%,920,29,0.02%,0.02%,92.25%,84.62%,40,9,5.69%,37.50%,"316,73 €","61,70 €",35,5
B0BJPYW95J,B0BJPYW95J,Arcos Accesorios - Sacacorchos Manual Abrebotellas Manual - Mango de Aleación de Zinc - Color Negro mate (Incluye cortacápsulas),607500,564,23,0.01%,0.02%,832,32,0.01%,0.02%,94.73%,95.83%,37,2,6.56%,8.70%,"1.467,58 €","77,42 €",35,2
B007TS6GP4,B007TS6GP4,Arcos Juego de 6 Cuchillos de Mesa Chuleteros Acero Inoxidable 110 mm,815600--,"1,224",37,0.03%,0.04%,"1,809",41,0.03%,0.03%,68.43%,56.67%,37,1,3.02%,2.70%,"972,19 €","25,99 €",34,1
B0752X1ZCK,B009KPKG8M,Arcos Cuchillos de Mesa - Cuchillo Chuletero Cuchillo de Mesa - Hoja de Acero Inoxidable NITRUM 110 mm - Mango de Nylon - Color Negro,803000_1-Pieza,"1,905",51,0.05%,0.05%,"2,222",60,0.04%,0.04%,82.40%,95.56%,124,15,6.51%,29.41%,"463,51 €","56,26 €",34,4
B0B3CWSDRQ,B00CF20V2I,ARCOS Chaira Afilador Manual Acero Carbono Cromado Negro 230 mm,278100_,"3,972",129,0.10%,0.12%,"5,718",177,0.10%,0.12%,7.71%,25.83%,40,8,1.01%,6.20%,"469,53 €","86,41 €",34,6
B06XB92VRH,B00YU2ZS1A,CUPERINOX Cafetera Italiana Induccion Espresso Acero Inoxidable 6 Tazas,25033,676,20,0.02%,0.02%,873,26,0.02%,0.02%,94.18%,86.36%,34,1,5.03%,5.00%,"597,55 €","18,19 €",34,1
B086X1XQXD,B06Y2B85HT,"HENDI Expositor con cubierta deslizante roll-top, Simple",H871706,901,119,0.02%,0.11%,"1,312",189,0.02%,0.13%,73.15%,58.44%,39,15,4.33%,12.61%,"1.739,24 €","662,00 €",34,12
B075ZWHQLQ,B075ZWHQLQ,Wins - Desengrasante Limpiador Profesional 001 - Garrafa 5L,WINS001,588,26,0.01%,0.02%,814,36,0.01%,0.02%,66.94%,92.59%,44,10,7.48%,38.46%,"590,04 €","133,58 €",34,5
B07DFK4T6L,B07DFK4T6L,"Arcos Cuchillo Deshuesador Profesional - Hoja Silk Edge Acero Inoxidable Nitrum 160 mm, Precisión y Durabilidad, Mango Ergonómico POM Negro, Serie Manhattan",162600_,472,11,0.01%,0.01%,725,14,0.01%,0.01%,88.61%,100.00%,36,4,7.63%,36.36%,"999,44 €","110,99 €",34,2
B0DSLN2CX9,B07N8W1J6B,Arcos Tabla cortar 15 x fibra resina y celulosa. Tabla picar. Serie Tablas. Color marrón.,708200,"3,101",47,0.08%,0.04%,"4,828",78,0.09%,0.05%,17.53%,20.41%,35,1,1.13%,2.13%,"945,55 €","26,99 €",34,1
B08VRP7CR7,B08MTXC14T,Arcos Juego Cuchillos Carne | 6 Piezas | Cuchillos Carne Cuchillo chuleteros | Cubiertos Acero Inoxidable | Hoja 110 mm | Mango Redondo y Forma Ovalada | monobock | Caja Envase Ecológico (6 unidades),809900FBM,"1,109",22,0.03%,0.02%,"1,643",22,0.03%,0.01%,96.07%,100.00%,45,2,4.06%,9.09%,"1.252,35 €","55,98 €",34,2
B0FWM351K4,B09D1V45YK,"CUPERINOX® Couture Series - Tijera Costura Profesional 16,5 cm | Acero Inoxidable Irrompible | Mango Ergonómico Antideslizante | Corte Preciso y Duradero",21951_,481,25,0.01%,0.02%,633,37,0.01%,0.02%,100.00%,100.00%,34,2,7.07%,8.00%,"243,36 €","14,07 €",34,2
B0G4RT6HMS,B0G1ZZYNX6,"BIOLEAF – Limpiacristales Pack 2×750 ml (1,5 L) – Sin Marcas ni Huellas – Brillo en Cristales, Espejos y Ventanas – Secado Rápido – Biodegradable – Sin Disruptores Endocrinos",2651,269,3,0.01%,0.00%,340,3,0.01%,0.00%,99.35%,100.00%,34,0,12.64%,0.00%,"333,16 €","0,00 €",34,0
B017HKG9PK,B0044R87VO,Arcos Maitre - Cuchillo Jamonero Flexible - Acero Inoxidable NITRUM 275 mm - Mango Polipropileno negro,151200,"3,758",102,0.10%,0.10%,"4,167",112,0.07%,0.07%,79.88%,62.67%,34,0,0.90%,0.00%,"543,66 €","0,00 €",33,0
B017HKG9PK,B0044R87W8,"Arcos Cuchillo Santoku Acero Inoxidable Nitrum. Cuchillo Cocina japonés Pescado, Carne y Verduras. Mango ergonómico polioximetileno Pom y Hoja 170 mm. Multiusos. Serie Maitre. Color Negro.",151600_fba,"8,126",186,0.21%,0.18%,"11,956",266,0.22%,0.18%,9.23%,5.10%,37,4,0.46%,2.15%,"693,77 €","75,02 €",33,2
B0F1ZF7H1L,B005LR65BK,Arcos Cuchillo Negro 100 mm,230200_,"3,257",67,0.08%,0.06%,"4,840",86,0.09%,0.06%,15.26%,14.58%,34,0,1.04%,0.00%,"680,32 €","0,00 €",33,0
B005LR749W,B005LR749W,"ARCOS Juego de Cubiertos de 24 Piezas para Mesa. Cuberterí­a Completa para 6 Personas. Set de 6 Cucharas, 6 Cuchillos, 6 Tenedores y 6 Cucharas de Postre. Serie Berlí­n. Color Plata",562400_fbm,"4,994",132,0.13%,0.12%,"7,123",187,0.13%,0.12%,34.34%,41.67%,48,3,0.96%,2.27%,"4.218,52 €","260,97 €",33,1
B0F54LTCFF,B006LMX2GK,Arcos Cuchillo Jamonero Acero Inoxidable Forjado Nitrum 280 mm,281904,"2,310",66,0.06%,0.06%,"2,900",80,0.05%,0.05%,29.97%,20.41%,34,1,1.47%,1.52%,"594,66 €","17,49 €",33,1
B0DQV6381X,B079VN4MTH,CUPERINOX Jamonero de Madera Góndola Soporte para Pata y Paleta de jamón Serrano e ibérico con agarres de Metal Jamonera Economica,20200_us,"2,844",77,0.07%,0.07%,"3,116",80,0.06%,0.05%,99.26%,100.00%,34,0,1.20%,0.00%,"447,14 €","0,00 €",33,0
B0FR444FLT,B07YYDR6D8,Arcos Juego de Cuchillos de Cocina. 3 piezas de Acero Inoxidable forjado. Impresiona yorprencon cada corte. Mango Micarta azul. Serie Brooklyn. Color Azul.,858110,"14,896",302,0.38%,0.29%,"19,414",409,0.35%,0.27%,96.65%,90.91%,33,2,0.22%,0.66%,"3.287,59 €","200,98 €",33,2
B0CZXS1ZHN,B0CZXS1ZHN,"HENDI Olla de hierro fundido con 3 patas, caldero tipo potjie sudafricano, con tapa y asa, para fuego abierto y horno, 6L, ⌀245x(H)280mm",H629291,"3,613",98,0.09%,0.09%,"5,293",157,0.10%,0.10%,81.46%,60.22%,33,3,0.91%,3.06%,"1.965,70 €","179,25 €",33,3
B0F9X4NXL3,B0F9GJRSSJ,"CUPERINOX Cuchillos Mesa, cuchillo carne, cuchillo mantequilla, Set 6 piezas, acero inoxidable, hoja con filo y sierra, cuchillo untar. Apto lavavajillas. Mango ergonomico",20043_6,"1,035",28,0.03%,0.03%,"1,273",36,0.02%,0.02%,99.23%,96.00%,33,4,3.19%,14.29%,"328,17 €","38,46 €",33,4
B0DKP7F29P,B0FS7VJ21D,"Arcos Sartén Samoa Inox 26 cm, Acero inoxidable tricapa libre de PFAS",726400,"2,100",35,0.05%,0.03%,"2,731",39,0.05%,0.03%,61.79%,100.00%,33,1,1.57%,2.86%,"1.434,21 €","42,96 €",33,1
B0G4S268RT,B0G25TRTV6,BIOLEAF – Lavavajillas Pack 8×750 ml (6 L) | Potente contra Grasa Difícil | Vajilla Brillante Sin Residuos | Biodegradable y Dermatológicamente Testado,3764,450,3,0.01%,0.00%,553,4,0.01%,0.00%,99.05%,100.00%,33,1,7.33%,33.33%,"886,68 €","27,00 €",33,1
B07NDV5T2F,B07NDV5T2F,Arcos Serie Brooklyn - Cuchillo Cocinero - Hoja de Acero Inoxidable Forjado NITRUM 210 mm - Mango de Micarta Color Azul (Filo Seda),190623_fbm,717,8,0.02%,0.01%,"1,099",10,0.02%,0.01%,95.19%,100.00%,34,3,4.74%,37.50%,"1.563,66 €","137,97 €",32,2
B08VS4FCLN,B09HHGVG2N,"Arcos Juego Cuchillos Cocina cuchillos | Cuchillo profesional | 6 piezas | Chef 215 mm + Cocina 150 mm, Verduras 100 mm + Tijera cocina + Pelador de fruta y verdura + Pinza para pescado",854200,"1,928",42,0.05%,0.04%,"2,681",62,0.05%,0.04%,99.64%,100.00%,34,3,1.76%,7.14%,"1.495,66 €","131,97 €",32,1
B08VRP7CR7,B09XMVTWLT,Arcos Juego Cuchillos Carne | 6 Piezas | Cuchillos Carne Cuchillo chuleteros | Cubiertos Acero Inoxidable | Hoja 110 mm | Mango Redondo y Forma Ovalada | monobock | Caja Envase Ecológico (Filo Liso),830000_,"1,521",48,0.04%,0.05%,"2,520",72,0.05%,0.05%,99.86%,100.00%,35,1,2.30%,2.08%,"1.153,54 €","32,99 €",32,1
B0DVT6KPDV,B0DT73LYPQ,"CUPERINOX Cuchillos Montessori | Set de Cuchillos Infantiles de 16 Piezas | Cuchillos Niños Aprendizaje +2 Años | Incluye Delantal, Guante de Seguridad, Moldes Tabla de Cortar | Kids Collection",27016_,"3,403",84,0.09%,0.08%,"4,759",112,0.09%,0.07%,99.27%,100.00%,33,1,0.97%,1.19%,"487,87 €","11,99 €",32,1
B0H4FXVLKL,B0H276YBLW,"VINFER- Limpiador y Abrillantador Inox Pack X2 600 ml- 1,2L | Limpieza y Protección Acero Inoxidable | Efecto Brillo Duradero | Desengrasa y Cuida Superficies Inoxidables | Spray Profesional",LIMPIADORINOX_PACK2,141,17,0.00%,0.02%,182,23,0.00%,0.02%,98.84%,100.00%,40,11,28.37%,64.71%,"582,29 €","164,14 €",32,9
B017DLM9V6,B017DLM9V6,"Arcos Tenedores de Postre Acero Inoxidable 18/10, Juego de 3 Piezas, Monoblock 180 mm, Serie Toscana, Ideal para Repostería y Sobremesa, Color Plata",574500_,727,15,0.02%,0.01%,916,20,0.02%,0.01%,76.59%,86.67%,50,7,6.88%,46.67%,"412,65 €","57,76 €",31,4
B09DPRCMTF,B08MW2GWPC,Arcos Juego Cuchillos Carne | Cuchillo chuleteros | Cuchillos Carne Cuchillos Mesa | 6 Uds | Hoja 110 mm | Acero Inoxidable | Mango Nylon | Apto lavavajillas | Envase Ecológico (Filo Serrado),816400fbm,"1,485",34,0.04%,0.03%,"2,094",46,0.04%,0.03%,99.62%,100.00%,34,0,2.29%,0.00%,"667,66 €","0,00 €",31,0
B0CVH8PC99,B0CQRMMMR5,CUPERINOX Cuchillos Carne | Cuchillos Mesa | Cuchillos Chuleteros | 6 Piezas | Hoja Serrada | Mango Polipropileno | Acero Inoxidable | 11 cm,99901_6pzs,530,18,0.01%,0.02%,675,21,0.01%,0.01%,99.37%,100.00%,31,4,5.85%,22.22%,"306,86 €","39,96 €",31,4
B0FDKY2RXG,B0FDKY2RXG,VINCARE Pack Limpieza Infantil – Detergente Biberones + Multiusos + Quitamanchas – Limpieza Segura para el Entorno del Bebé- 100% MADE IN SPAIN,PACK VINCARE,311,3,0.01%,0.00%,428,6,0.01%,0.00%,96.06%,75.00%,32,0,10.29%,0.00%,"478,92 €","0,00 €",31,0
B0752NT3TH,B005LR77GC,ARCOS Tijeras de Cocina Profesional 235 mm,185701,"23,091",534,0.59%,0.51%,"33,865",784,0.61%,0.52%,0.53%,0.19%,35,8,0.15%,1.50%,"344,94 €","79,20 €",30,4
B0F1ZF7H1L,B00BHZPKEI,Arcos Cuchillo Blanco 100 mm,230224_,"1,219",33,0.03%,0.03%,"1,803",48,0.03%,0.03%,31.83%,19.23%,30,2,2.46%,6.06%,"596,89 €","36,51 €",30,2
B00J3ZVN54,B00J3ZVN54,ARCOS Cucharas de Mesa Acero Inoxidable 200 mm,574600_,"2,368",59,0.06%,0.06%,"3,529",86,0.06%,0.06%,11.41%,8.62%,53,0,2.24%,0.00%,"476,47 €","0,00 €",30,0
B0189HXOXK,B017DLLFIO,Arcos Navaja Acero Inoxidable 85 mm,485300_fmb,930,26,0.02%,0.02%,"1,215",45,0.02%,0.03%,69.68%,88.89%,87,65,9.35%,250.00%,"503,11 €","338,33 €",30,9
B0B8Z4CJBC,B07F2YVB15,"Arcos Juego Cuchillos Pelar Acero Inoxidable Nitrum 4""",136500_2,"5,083",131,0.13%,0.12%,"7,479",176,0.13%,0.12%,61.98%,29.55%,34,5,0.67%,3.82%,"654,16 €","96,20 €",30,4
B0FR444FLT,B07N8VCFRY,Arcos Brooklyn Cuchillo Panero Acero Inoxidable Nitrum 200 mm,191323_,"1,385",20,0.04%,0.02%,"1,681",28,0.03%,0.02%,86.98%,100.00%,30,2,2.17%,10.00%,"1.202,50 €","79,98 €",30,2
B0FR444FLT,B0843DNN57,Arcos Set Cuchillos Forjados 4 piezas (3 Cuchillos + 1 tijeras) - Acero Inoxidable Forjado NITRUM - Mango Micarta - Bloques Madera Color Azul. Serie Brooklyn. Impresiona yorprencon Cada Corte.,194000_,"2,018",54,0.05%,0.05%,"2,511",69,0.05%,0.05%,81.49%,75.00%,30,2,1.49%,3.70%,"3.447,70 €","211,98 €",30,2
B09FQ5SZK8,B08MTWTK78,Arcos Cuchillo Santoku Acero Inoxidable Nitrum 190 mm,166600_fbm,"6,065",102,0.15%,0.10%,"8,651",147,0.16%,0.10%,13.22%,15.48%,30,2,0.49%,1.96%,"870,70 €","57,98 €",30,2
B09KJLG7BT,B098XWCFXT,CUPERINOX Jamonero Profesional | soporte de jamon | 5 Piezas | tabla jamonera | soporte jamonero | Kit Jamonero (tabla + cuchillo + afilador + pinza + cubre jamon,20229FBM,"1,450",14,0.04%,0.01%,"1,732",21,0.03%,0.01%,93.73%,100.00%,31,6,2.14%,42.86%,"1.689,69 €","326,94 €",30,5
B07878SB8W,B07878SB8W,WINS – Fregasuelos Limpiador Amoniacal Pino 018 | Garrafa 5 L | Friegasuelos Perfumado para Suelos y Superficies Lavables | Uso General | 100% Made in Spain,WINS018,410,25,0.01%,0.02%,554,29,0.01%,0.02%,76.48%,100.00%,46,10,11.22%,40.00%,"590,96 €","126,67 €",29,6
B0G3ZJ89NB,B09NRLLDC6,CUPERINOX Cuchillo Jamonero + Chaira + Funda Cubre Jamón | Jamonero 240mm acero inoxidable| Afilador Chaira | Funda cubre jamón,20220f,"1,785",36,0.05%,0.03%,"2,485",48,0.04%,0.03%,98.64%,92.50%,30,1,1.68%,2.78%,"296,20 €","9,49 €",29,1
B0H9SL9KYG,B0H8T2L5L4,"CUPERINOX 4 Tuppers de Vidrio Herméticos, Redondos, sin BPA, Meal Prep",28005,570,5,0.01%,0.00%,759,5,0.01%,0.00%,99.19%,100.00%,29,0,5.09%,0.00%,"422,95 €","0,00 €",29,0
B08J488ZQG,B007TS6GP4,Arcos Juego de 6 Cuchillos de Mesa Chuleteros Acero Inoxidable 110 mm,815600--,"2,856",85,0.07%,0.08%,"3,754",104,0.07%,0.07%,30.39%,43.02%,38,0,1.33%,0.00%,"1.026,07 €","0,00 €",28,0
B00WUZR7H2,B00WUZR7H2,Arcos Serie Cuchillos de Mesa - Cuchillo Mesa - Hoja Serrada de Acero Inoxidable de 125 mm - Cuchillo Monoblock Acero Inoxidable Color Plata,460400_1pieza,659,9,0.02%,0.01%,909,10,0.02%,0.01%,98.64%,100.00%,140,5,21.24%,55.56%,"653,72 €","22,45 €",28,1
B015HG9B3I,B015HG9B3I,"HENDI Sopera con tapa y cucharón, recipiente para servir sopas y salsas, 2,7L, ⌀270x(H) 175mm, acero inoxidable",H434208,"1,097",72,0.03%,0.07%,"1,706",102,0.03%,0.07%,54.92%,39.06%,60,32,5.47%,44.44%,"1.912,89 €","1.013,37 €",28,8
B0FR444FLT,B07N8VHP6Y,Arcos Cuchillo deshuesador con Hoja Acero Inoxidable Nitrum 160 mm. Cuchillo profesional para cortar huesos carne. Mango ergonómico polipropileno. Serie Brooklyn. Color azul.,192623_,909,20,0.02%,0.02%,"1,134",24,0.02%,0.02%,91.83%,87.50%,28,0,3.08%,0.00%,"1.066,68 €","0,00 €",28,0
B07N8W33BT,B07N8W33BT,ARCOS Bloque Universal para Cuchillos Caucho Termoplástico 225 mm,794400_,871,17,0.02%,0.02%,"1,225",26,0.02%,0.02%,40.98%,57.89%,28,1,3.21%,5.88%,"700,54 €","24,99 €",28,1
B089M821V5,B089M821V5,Arcos Cuchillos Carne | 6 pzas | Cuchillos chuleteros Set Cuchillo de Mesa Sierra | Mango Madera | Hoja 110 mm | Cuchillos Carne Mesa | Apto lavavajillas | Envase Carton | Ecologico,815500_,"2,043",70,0.05%,0.07%,"2,852",103,0.05%,0.07%,95.01%,100.00%,32,0,1.57%,0.00%,"924,01 €","0,00 €",28,0
B08T5Z4HFS,B08QYV8C1P,"CUPERINOX Cubiertos para marisco | Pinzas para marisco | Tenazas para marisco | 6 Unidades | Cubiertos marisco (Cangrejo, Langosta, Ostras) | Tenedor de marisco con dos dientes inferiores y cuchara.",20023_6pzas,826,32,0.02%,0.03%,"1,177",39,0.02%,0.03%,98.68%,100.00%,29,3,3.51%,9.38%,"362,94 €","38,98 €",28,3
B0DK3CM34K,B08VW7LTT6,"HENDI Cabezal de antorcha de cocina de llama continua con cartucho de recarga de gas GLP 199039, soplete flambeador, quemador de gas GLP, profesional, versátil-seguro 360°, negro con acentos en verde",H198254,379,36,0.01%,0.03%,536,51,0.01%,0.03%,88.40%,92.31%,31,8,8.18%,22.22%,"1.080,36 €","279,92 €",28,5
B09WYZHGQF,B09WYZHGQF,Arcos Nordika Juego 3 Cuchillos para Queso Acero Inoxidable Nitrum,167200_us,703,21,0.02%,0.02%,937,27,0.02%,0.02%,77.19%,77.78%,29,5,4.13%,23.81%,"1.995,20 €","344,00 €",28,5
B0DPLG5V7Q,B0DWN7MZ3R,CUPERINOX Vaso cafe - Tazas de Espresso de Cristal - - Vaso Cristal - 80ml (Set de 6) - Apto para Lavavajillas y Microondas - Aroma Series,26120_3packs,303,13,0.01%,0.01%,409,14,0.01%,0.01%,98.92%,100.00%,39,10,12.87%,76.92%,"697,90 €","179,93 €",28,4
B0HC7F5CCG,B0GT53T29T,Alcohol de Limpieza 75% | 2 Litros | Aroma Floral,LAGARRAFITA_ALCOHOLIMP,173,11,0.00%,0.01%,251,16,0.00%,0.01%,97.98%,81.82%,28,1,16.18%,9.09%,"273,54 €","9,99 €",28,1
B017HKG9PK,B0044R87YQ,Arcos Cuchillo para Maitre Negro 100 mm,150500_pp,"7,405",193,0.19%,0.18%,"10,076",243,0.18%,0.16%,4.91%,16.11%,33,3,0.45%,1.55%,"328,08 €","29,67 €",27,1
B0F1ZF7H1L,B005LR6FAG,"Arcos Cuchillo Cocina Forjado en Acero Inoxidable y Hoja de 200mm. Cuchillo Chef Profesional para Cortar Pescado, Carne y Cebolla. Mango Ergonómico Polioximetileno. Serie Riviera. Color Negro.",233600_,"7,865",162,0.20%,0.15%,"11,397",211,0.21%,0.14%,12.06%,14.39%,27,0,0.34%,0.00%,"877,23 €","0,00 €",27,0
B0BSKCJNDM,B005LR72I0,Arcos Niza Cuchillo Jamonero Flexible Acero Inoxidable 230 mm,135600_fba,"1,149",18,0.03%,0.02%,"1,572",29,0.03%,0.02%,27.23%,13.33%,27,2,2.35%,11.11%,"292,59 €","19,91 €",27,2
B0CQ5G2HVQ,B09T6L1FNG,"Arcos Sarten Antiadherente 20 cm - Aluminio Forjado, Full Induction, Mango Acero Inoxidable Efecto Frío, Apta Lavavajillas, Ahorro Energético, Serie Samoa, Negro",716110,"2,290",63,0.06%,0.06%,"3,288",85,0.06%,0.06%,6.72%,24.39%,29,7,1.27%,11.11%,"872,09 €","210,11 €",27,5
B0C49W65HD,B0C49W65HD,Arcos Serie Nordika - Cuchillo Tomatero - Acero Inoxidable NITRUM - Hoja de 130 mm - Mango de Madera Ovengkol 100% natural de bosques certificados FSC® - Embalaje 100% reciclado,165100,385,5,0.01%,0.00%,528,7,0.01%,0.00%,93.82%,60.00%,30,6,7.79%,120.00%,"804,87 €","161,68 €",27,3
B0DKP7F29P,B0DJBYWWVM,"Arcos Serie Samoa Iconic | Cacerola Antiadherente Cerámico 24 cm y 4,3 L | Aluminio Forjado | Apta cualquier cocina | Mango Acero Inoxidable | Color Negro | LIBRE DE (PFOA/PTFE/PFOS)",717022,"1,018",30,0.03%,0.03%,"1,294",35,0.02%,0.02%,95.54%,93.33%,27,2,2.65%,6.67%,"1.475,40 €","107,15 €",27,2
B0G4S268RT,B0G21WYQYN,BIOLEAF– Lavavajillas Pack 4×750 ml (3 L) | Alta Eficacia contra Grasa Difícil | Vajilla Brillante y Sin Residuos | Biodegradable y Dermatológicamente Testado,3467,"1,000",7,0.03%,0.01%,"1,189",10,0.02%,0.01%,99.04%,100.00%,27,1,2.70%,14.29%,"528,73 €","19,99 €",27,1
B005LR65BK,B005LR65BK,Arcos Cuchillo Negro 100 mm,230200_,"2,557",51,0.07%,0.05%,"3,789",67,0.07%,0.04%,16.54%,10.53%,28,0,1.10%,0.00%,"560,71 €","0,00 €",26,0
B0F1ZF7H1L,B005LR6GE6,Arcos Cuchillo Cocinero Negro 250 mm,233700_,"5,104",99,0.13%,0.09%,"6,637",118,0.12%,0.08%,33.86%,28.00%,26,0,0.51%,0.00%,"1.129,70 €","0,00 €",26,0
B00BQU0FB2,B00BQU0FB2,"HENDI Filtros de papel para cafetera de goteo, 1000 unidades, desechables, papel de filtro de café, ⌀245x(H)62mm, blanco",H208656,141,40,0.00%,0.04%,195,58,0.00%,0.04%,60.67%,65.38%,32,26,22.70%,65.00%,"1.329,71 €","1.081,30 €",26,20
B0H5FLX5H6,B07CBLHKLN,"HENDI Cartuchos de recarga de gas GLP para HENDI Cabezales de antorchas de cocina de llama continua 198247 y 198216, recambios para soplete, paquete de 4 unidades",H199039,67,10,0.00%,0.01%,98,19,0.00%,0.01%,100.00%,100.00%,44,19,65.67%,190.00%,"636,17 €","259,42 €",26,11
B08T5Z4HFS,B08QYV8C1P,"CUPERINOX Cubiertos para marisco | Pinzas para marisco | Tenazas para marisco | 6 Unidades | Cubiertos marisco (Cangrejo, Langosta, Ostras) | Tenedor de marisco con dos dientes inferiores y cuchara.",20023_6Unidades,826,32,0.02%,0.03%,"1,177",39,0.02%,0.03%,98.68%,100.00%,27,2,3.27%,6.25%,"323,63 €","23,98 €",26,2
B09HRWYKDL,B09HRWYKDL,Arcos Juego de cuchillos Japoneses Profesionales | 4 piezas | Cuchillo Verduras 100 mm + Cocina 150 mm + Santoku con Alveolos 170 mm + Pelador de patatas,853100,538,9,0.01%,0.01%,721,12,0.01%,0.01%,100.00%,100.00%,26,0,4.83%,0.00%,"961,74 €","0,00 €",26,0
B09T6HFG2F,B09T6HFG2F,Arcos Wok Antiadherente Aluminio Forjado 28 cm,717510,"1,475",35,0.04%,0.03%,"2,159",47,0.04%,0.03%,26.48%,41.38%,26,1,1.76%,2.86%,"1.111,50 €","42,75 €",26,1
B0GT53T29T,B0GT53T29T,Alcohol de Limpieza 75% | 2 Litros | Aroma Floral,LAGARRAFITA_ALCOHOLIMP,103,5,0.00%,0.00%,134,8,0.00%,0.01%,100.00%,100.00%,29,3,28.16%,60.00%,"289,88 €","29,97 €",26,3
B0752XP113,B0044R887W,Arcos Juego Cuchillos carne 4 piezas. Paquete Cuchillos bolsillo con borperla para cortar y filetear carne. Hoja y mango Acero Inoxidable monobloque. Serie Mesa.,378400_2,"4,778",124,0.12%,0.12%,"7,190",182,0.13%,0.12%,16.21%,17.14%,43,0,0.90%,0.00%,"902,92 €","0,00 €",25,0
B019H2J21O,B019H2J21O,"Cuperinox 22531, Flanero Inoxidable 18cm con tapa",22531_us,719,9,0.02%,0.01%,977,11,0.02%,0.01%,99.07%,100.00%,28,0,3.89%,0.00%,"249,72 €","0,00 €",25,0
B0DN1W2FX7,B01DY48HAS,"HENDI Bolsas lisas para cocción sous-vide y envasado al vacío, 100 unidades, -20 °C a +110 °C, 300x200mm, 75µm, PA/PE, sin BPA",H970683,328,34,0.01%,0.03%,468,52,0.01%,0.03%,29.45%,58.54%,55,37,16.77%,108.82%,"1.016,93 €","684,11 €",25,11
B085SNLR5G,B07DC83Z46,"HENDI Bandeja de Servicio, Redonda, Recubrimiento Antideslizante, Multiusos, para buffets, Bandeja de Cocina para Servir Comida rápida, Bebidas, Fast Food, ⌀410x(H) 20mm, Polipropileno, Negro",H878149,277,9,0.01%,0.01%,398,11,0.01%,0.01%,98.09%,100.00%,41,3,14.80%,33.33%,"448,94 €","32,97 €",25,2
B0F1ZF7H1L,B07JWG12BV,Arcos Riviera Set 3 Cuchillos Forjados Acero Inoxidable Nitrum,807710_,"1,806",34,0.05%,0.03%,"2,313",42,0.04%,0.03%,89.46%,54.17%,25,0,1.38%,0.00%,"1.725,25 €","0,00 €",25,0
B0FR444FLT,B07N8Q63Z6,Arcos Brooklyn Cuchillo para Tomates Forjado Acero Inoxidable Nitrum 130 mm,192023_,"2,527",58,0.06%,0.05%,"2,899",67,0.05%,0.04%,86.63%,100.00%,25,2,0.99%,3.45%,"810,75 €","61,98 €",25,2
B0FR444FLT,B07N8V34F1,"Arcos Cuchillo Santoku Acero Inoxidable Forjado con Balanceo, Mango Micarta y BorSeda Especial y Hoja Plateada 190 mm. Impresiona yorprencon Cada Corte. Serie Brooklyn. Color Azul.",191623_,"1,759",34,0.04%,0.03%,"2,250",41,0.04%,0.03%,80.24%,85.71%,25,2,1.42%,5.88%,"1.114,50 €","81,98 €",25,2
B0DK3CM34K,B0862VPJ9H,"HENDI Cabezal de antorcha de cocina de llama continua, soplete flambeador, quemador, recargable con cartuchos de gas GLP 199039, mango ergonómico, versátil-seguro 360°, 185x65x(H)100mm, negro y verde",H198247,608,47,0.02%,0.04%,820,65,0.01%,0.04%,54.29%,45.28%,30,16,4.93%,34.04%,"729,48 €","389,54 €",25,11
B0GDYCSPT1,B00R6JUIUK,Arcos Cuchillo Chuletero Acero Inoxidable 105 mm,100400_1pza,"16,495",377,0.42%,0.36%,"25,359",566,0.46%,0.38%,1.57%,2.10%,92,16,0.56%,4.24%,"367,08 €","63,84 €",24,4
B0F1ZF7H1L,B017DLFYYK,Arcos Cuchillo Queso Acero Inoxidable Blanco 145 mm,232824_,"2,991",90,0.08%,0.09%,"3,420",100,0.06%,0.07%,61.60%,64.38%,24,1,0.80%,1.11%,"907,96 €","36,09 €",24,1
B07BZ95N39,B07BZ95N39,"HENDI Pasta combustible para Chafing Dish, 24 x 200 g",H194300,"1,302",135,0.03%,0.13%,"1,829",206,0.03%,0.14%,12.01%,9.59%,30,9,2.30%,6.67%,"1.215,67 €","364,50 €",24,5
B07F6C8L9T,B07F6C8L9T,ARCOS Sacacorchos Eléctrico ABS Batería Recargable Plata,604900_,"2,601",70,0.07%,0.07%,"3,777",103,0.07%,0.07%,18.28%,29.09%,25,2,0.96%,2.86%,"1.097,75 €","85,98 €",24,2
B08M9QRSW8,B08M9QRSW8,Arcos | Juego Cuchillos cuchillos mesa | 6 Uds | cuchillo fruta | cuchillo postre | Hoja 110 mm | Acero Inoxidable Martensítico | Mango Nylon | apto lavavajillas | Envase Ecológico,703600fbm,693,14,0.02%,0.01%,"1,125",23,0.02%,0.02%,98.01%,100.00%,55,35,7.94%,250.00%,"564,54 €","324,74 €",24,7
B09MSDJQJ1,B09MM5CH6C,Arcos jamonero profesional alveolos | incluye pinza para jamón | cuchillo jamonero cuchillo jamonero alveolos cuchillos profesional| Acero Inoxidable Nitrum 240 mm,856200FBM,995,19,0.03%,0.02%,"1,253",21,0.02%,0.01%,98.26%,100.00%,24,2,2.41%,10.53%,"720,26 €","59,98 €",24,2
B0DQV6381X,B0F2Q1K35T,CUPERINOX Soporte Jamonero Balancín | Jamonero Giratorio Profesional | Jamonero Madera | Jamonera Profesional | Tabla Cortar Jamon,20290,"6,119",183,0.16%,0.17%,"8,847",250,0.16%,0.17%,98.88%,98.11%,24,0,0.39%,0.00%,"1.928,19 €","0,00 €",24,0
B0G449LYZ3,B0G449LYZ3,WINS- AMBIENTADOR MARINO- GARRAFA 5L + CONCENTRADO 250ML (5L)| 10L EN TOTAL| PACK AHORRO| 100% MADE IN SPAIN,WC009+009,295,26,0.01%,0.02%,407,32,0.01%,0.02%,98.09%,95.45%,25,3,8.47%,11.54%,"487,90 €","58,47 €",24,3
B0F1ZF7H1L,B005LR6E0C,Arcos Cuchillo Cocinero Acero Inoxidable Negro 150 mm,233400_,"3,080",52,0.08%,0.05%,"4,103",66,0.07%,0.04%,24.01%,17.39%,24,1,0.78%,1.92%,"647,76 €","26,99 €",23,1
B0F54LTCFF,B007TS67OY,Arcos Cuchillo Chef Acero Inoxidable 155 mm,280404_fbm,"8,052",168,0.21%,0.16%,"10,201",207,0.18%,0.14%,8.46%,3.01%,24,0,0.30%,0.00%,"396,30 €","0,00 €",23,0
B0H736YBW9,B009KKK16Y,"HENDI Pasta-gel combustible para Fondue, 3 unidades, para el quemador de alcohol para Fondue de HENDI 111420, tiempo de combustión de aproximadamente 2 horas, quemador de Fondue, 80 gr",H190036,344,12,0.01%,0.01%,477,17,0.01%,0.01%,96.24%,100.00%,34,7,9.88%,58.33%,"339,69 €","69,96 €",23,2
B00W9SPO5M,B00W9SPO5M,Arcos Tijeras de Modista de Acero Forjado 178 mm - Uso Profesional y Doméstico - Niqueladas en Plata - Serie Style,504200,419,6,0.01%,0.01%,597,8,0.01%,0.01%,95.60%,100.00%,25,2,5.97%,33.33%,"358,71 €","27,13 €",23,1
B073JC3QG7,B073JC3QG7,"VINFER- Abrillantador Mopas Spray 750 ml | Limpieza, Protege y Abrillanta Parquet, Terrazo, Mármol, Linóleum y Gres | Formato Profesional",VP_ABRILLANTADOR,"1,927",63,0.05%,0.06%,"2,769",79,0.05%,0.05%,89.39%,92.73%,26,2,1.35%,3.17%,"259,74 €","19,98 €",23,2
B0DN1W6N4N,B07GQ354HR,"HENDI Jarra, para batidoras licuadoras HENDI 230718-230695-230688-230213-230602-230664, 2,5L, juego completo: cuchillas-jarra-tapas, batidos-cócteles-postres, 200x170x(H)360mm, policarbonato",H943489,181,41,0.00%,0.04%,267,66,0.00%,0.04%,70.40%,77.36%,24,15,13.26%,36.59%,"2.382,41 €","1.499,85 €",23,14
B0FR444FLT,B07JJGXYZD,Arcos Set Cocina Serie Manhattan,858100_,"11,763",221,0.30%,0.21%,"15,940",355,0.29%,0.24%,97.74%,97.99%,23,1,0.20%,0.45%,"1.908,77 €","82,99 €",23,1
B0FR444FLT,B07N8V5DY8,Arcos Cuchillo trinchar forjado | Cuchillo jamonero Acero Inoxidable. Cuchillo cocina profesional cocinar. Mango micarta y borseda especial y Hoja plateada 300 mm. Serie Brooklyn. Color azul.,192323_,"1,079",34,0.03%,0.03%,"1,396",45,0.03%,0.03%,98.00%,100.00%,23,2,2.13%,5.88%,"1.077,55 €","93,58 €",23,2
B08TLR4Z27,B08M3YG4R1,Arcos jamonero Profesional | Cuchillo jamonero jamonero Inoxidable Nitrum | Mango Negro | Cuchillo Jamon iberico | Serie Maitre| Hoja Flexible y Filo Liso | 275 mm | Acero Inoxidable NITRUM,704200,648,7,0.02%,0.01%,934,7,0.02%,0.00%,99.42%,100.00%,23,0,3.55%,0.00%,"500,27 €","0,00 €",23,0
B09FQ5SZK8,B08MTZZQV5,Arcos Cuchillo para Pan Acero Inoxidable Nitrum 200 mm,166400_fbm,"2,264",57,0.06%,0.05%,"2,908",79,0.05%,0.05%,24.27%,28.85%,23,2,1.02%,3.51%,"667,25 €","57,98 €",23,2
B08VS4FCLN,B09HBWSBN1,"Arcos Juego Cuchillos Cocina cuchillo blanco cuchillos | cuchillos cocina Maitre | 5 piezas | Chef 215 mm, Cocina 150 mm, Verduras 100 mm Tijera cocina (Negro + Jamonero)",854100,"2,589",43,0.07%,0.04%,"3,363",52,0.06%,0.03%,99.94%,100.00%,23,0,0.89%,0.00%,"1.149,77 €","0,00 €",23,0
B08VS4FCLN,B09HHGVG2N,"Arcos Juego Cuchillos Cocina cuchillos | Cuchillo profesional | 6 piezas | Chef 215 mm + Cocina 150 mm, Verduras 100 mm + Tijera cocina + Pelador de fruta y verdura + Pinza para pescado",854200fbm,"1,928",42,0.05%,0.04%,"2,681",62,0.05%,0.04%,99.64%,100.00%,24,1,1.24%,2.38%,"1.043,47 €","44,00 €",23,1
B017HKS3Q8,B005LRSICO,ARCOS Soporte Magnético para Cuchillos PVC Acero y ABS 450x45 mm,692600_us,187,12,0.00%,0.01%,296,22,0.01%,0.01%,80.59%,45.45%,24,3,12.83%,25.00%,"523,93 €","62,14 €",22,2
B0CQ92BWQ8,B009QXIRPC,"HENDI Bolsa de Transporte y Reparto de Pizzas, Bolsa Portapizzas con Aislamiento, Impermeable, Bolsa para la Entrega de Pedidos de Pizza y Comidas, Interior 35x35x(H) 18cm, Roja, 37x37x(H) 20cm",H709825,716,51,0.02%,0.05%,"1,105",87,0.02%,0.06%,36.53%,25.00%,46,8,6.42%,15.69%,"1.103,18 €","193,12 €",22,2
B0752NT3TH,B00VRWSQIS,Arcos Serie Prochef - Tijeras de Cocina - Hoja de Acero Inoxidable - 200 mm - Mango de Polipropileno Color Negro,185300,"3,752",111,0.10%,0.11%,"5,356",149,0.10%,0.10%,9.92%,5.38%,22,0,0.59%,0.00%,"470,82 €","0,00 €",22,0
B0189HXQKQ,B017DLLFES,"Arcos Navaja Profesional de Acero Inoxidable Nitrum, Hoja 85 mm, Mango de Polipropileno, Serie Navajas Profesionales, Alta Durabilidad y Rendimiento",485700_fba,"2,103",45,0.05%,0.04%,"2,991",65,0.05%,0.04%,66.37%,92.45%,36,0,1.71%,0.00%,"270,36 €","0,00 €",22,0
B017DLLFES,B017DLLFES,"Arcos Navaja Profesional de Acero Inoxidable Nitrum, Hoja 85 mm, Mango de Polipropileno, Serie Navajas Profesionales, Alta Durabilidad y Rendimiento",485700_fba,806,25,0.02%,0.02%,"1,187",46,0.02%,0.03%,52.80%,96.15%,30,5,3.72%,20.00%,"218,20 €","30,95 €",22,1
B0F1ZF7H1L,B07JHPQGPW,Arcos Riviera Blanc Juego 3 Cuchillos Forjados POM Blanco,807610_,"4,300",99,0.11%,0.09%,"5,849",151,0.11%,0.10%,31.29%,34.83%,22,1,0.51%,1.01%,"1.539,78 €","69,99 €",22,1
B07N8WMVK1,B07N8WMVK1,ARCOS Taco Cajonera Organizador Bambú hasta 25 cm Marrón,794300_fbm,"1,756",34,0.04%,0.03%,"2,550",46,0.05%,0.03%,23.99%,47.06%,22,3,1.25%,8.82%,"703,78 €","95,97 €",22,3
B07PRXR5XR,B07PRXR5XR,"HENDI Cesta de lavavajillas Profesional para Vasos, Formato Cuadrado, Estructura Abierta para circulación de Agua, 405x405x(H) 150mm, Polipropileno",H871331,190,18,0.00%,0.02%,262,28,0.00%,0.02%,93.16%,96.00%,27,1,14.21%,5.56%,"560,59 €","20,75 €",22,1
B08TLR4Z27,B08M3YG4R1,Arcos jamonero Profesional | Cuchillo jamonero jamonero Inoxidable Nitrum | Mango Negro | Cuchillo Jamon iberico | Serie Maitre| Hoja Flexible y Filo Liso | 275 mm | Acero Inoxidable NITRUM,704200_fbm,648,7,0.02%,0.01%,934,7,0.02%,0.00%,99.42%,100.00%,22,0,3.40%,0.00%,"481,94 €","0,00 €",22,0
B0B2RGHSMW,B0B2RGHSMW,"HENDI Cesta para Freír, 6L, 238x185x(H)100mm",H930632,647,54,0.02%,0.05%,"1,011",71,0.02%,0.05%,32.31%,37.29%,30,3,4.64%,5.56%,"900,19 €","89,96 €",22,2
B0FJLTDB9J,B0FB98PM7Z,CUPERINOX® Beauty Care – Pack 3 Cortauñas de Precisión | Alicate + Cortaúñas Mediano + Cortaúñas con Llavero | Acero Inoxidable Profesional | Manicura y Pedicura | Hombre y Mujer,A10004,453,6,0.01%,0.01%,571,6,0.01%,0.00%,99.43%,100.00%,22,0,4.86%,0.00%,"248,73 €","0,00 €",22,0
B0FWK1CK18,B0FWK1CK18,"Arcos Tabla de Corte Arcos de Teca, Elegancia y Durabilidad Artesanal",706200,"2,035",41,0.05%,0.04%,"2,858",53,0.05%,0.04%,69.55%,66.67%,22,1,1.08%,2.44%,"1.913,90 €","87,95 €",22,1
B0G3ZJ89NB,B0G2MT6K5N,"CUPERINOX Jamonero Inoxidable Giratorio | Jamonera base Inoxidable | Incluye Cuchillo Jamonero Alveolos 25 cm, Deshuesador 15 cm, Afilador y Funda para Jamón | Apto Jamones y Paletilla",20251,720,27,0.02%,0.03%,997,37,0.02%,0.02%,99.35%,100.00%,22,1,3.06%,3.70%,"1.501,28 €","69,99 €",22,1
B017HKG9PK,B0044R87K0,Arcos Cuchillo Cocina Acero Inoxidable Negro 160 mm,151500_fbm,"10,226",297,0.26%,0.28%,"14,975",418,0.27%,0.28%,3.91%,2.94%,21,2,0.21%,0.67%,"312,49 €","27,18 €",21,2
B0H2GDTT31,B005LR6C7C,Arcos Cuchillo Cocina Acero Inoxidable Negro 180 mm,233500_,"3,814",94,0.10%,0.09%,"5,426",126,0.10%,0.08%,9.11%,7.46%,21,1,0.55%,1.06%,"735,37 €","34,99 €",21,1
B0F1ZF7H1L,B00BHZPHSC,Arcos Riviera Blanc Cuchillo Jamonero Forjado Acero POM Blanco 250 mm,231024_,"1,205",49,0.03%,0.05%,"1,524",60,0.03%,0.04%,38.02%,45.45%,22,7,1.83%,14.29%,"747,78 €","237,93 €",21,6
B0DK3FSR9B,B00GZR3JD2,"HENDI Sifón de Nata, con 3 boquillas Diferentes, Soporte para el Cargador y Cepillo de Limpieza, para Nata montada, mousses, postres, 0,95L, ø95x(H) 320mm, Aluminio, Blanco",H588376,323,40,0.01%,0.04%,417,75,0.01%,0.05%,84.51%,81.82%,29,18,8.98%,45.00%,"1.216,55 €","755,10 €",21,12
B0D1CYZT7H,B00JN2S0UI,HENDI Escurridor de patatas fritas de aluminio - Gris claro - diámetro400x(H)170 mm,H630006,539,69,0.01%,0.07%,740,88,0.01%,0.06%,87.21%,85.29%,24,10,4.45%,14.49%,"732,19 €","302,52 €",21,7
B00U2QWLVS,B00U2QWLVS,Arcos Cuchillo Chuletero de Mesa Acero Inoxidable Nitrum 115 mm,740009_us,319,6,0.01%,0.01%,433,8,0.01%,0.01%,94.53%,100.00%,65,0,20.38%,0.00%,"254,35 €","0,00 €",21,0
B0752X1Z92,B01KZWSCSE,ARCOS Mochila para 9 Cuchillos de Cocina en Poliéster y PVC. Bolsa Portacuchillos Profesional para Almacenar y Transportar Utensilios de Cocina. 330 x 480 x 185 Mm. Color Negro,694900,"1,092",32,0.03%,0.03%,"1,602",56,0.03%,0.04%,80.16%,92.59%,21,4,1.92%,12.50%,"1.362,90 €","259,60 €",21,4
B0752VKJ4B,B071LGMH3L,Arcos Set 3 Cuchillos Peladores Acero Inoxidable,189500_2,"7,630",115,0.19%,0.11%,"9,699",152,0.17%,0.10%,20.32%,6.19%,22,1,0.29%,0.87%,"237,68 €","10,25 €",21,1
B0F1N351DY,B072FHSBJR,Arcos Nova Set 3 Cuchillos Peladores Acero Verde,189621,"1,995",53,0.05%,0.05%,"2,319",64,0.04%,0.04%,27.83%,20.00%,21,0,1.05%,0.00%,"215,53 €","0,00 €",21,0
B07D5FFJ36,B07D5FFJ36,"HENDI Bandeja de Servicio Ovalada XL, Superficie Antideslizante, 735x600x(H) 31mm, Negro, Fibra de Vidrio y Goma",H508831,323,36,0.01%,0.03%,467,58,0.01%,0.04%,86.03%,88.37%,29,10,8.98%,27.78%,"1.450,53 €","499,90 €",21,6
B0FR444FLT,B07D8XC7NL,"Arcos Cuchillo Chef Forjado Acero Inoxidable NITRUM - Profesional Cocina, Mango Ergonómico POM Negro, Hoja Silk Edge 250 mm, Serie Manhattan",160800_,"1,178",24,0.03%,0.02%,"1,601",29,0.03%,0.02%,82.58%,100.00%,21,0,1.78%,0.00%,"942,54 €","0,00 €",21,0
B084TL25TZ,B084TL25TZ,HENDI Estante para rejillas para pizza/sartenes (14 ranuras) - 300x305x(H)680 mm,H810361,235,34,0.01%,0.03%,372,55,0.01%,0.04%,69.44%,89.47%,22,9,9.36%,26.47%,"1.314,50 €","537,75 €",21,8
B09KJLG7BT,B08KW4BFZ9,CUPERINOX Jamonero Profesional | Soporte jamonero Tipo Gondola| Base de Corte para Usar con Cuchillo jamonero | Jamon iberico | Fabricado en España,20200_premium,"9,923",147,0.25%,0.14%,"14,626",218,0.26%,0.15%,89.76%,81.75%,21,0,0.21%,0.00%,"328,93 €","0,00 €",21,0
B08TLR4Z27,B095C22QFS,Arcos jamonero Profesional | Cuchillo jamonero jamonero Inoxidable Nitrum | Mango Negro | Cuchillo Jamon iberico | Serie Maitre| Hoja Flexible y Filo Liso | 275 mm | Acero Inoxidable NITRUM,151811FBM,920,13,0.02%,0.01%,"1,285",18,0.02%,0.01%,98.73%,100.00%,21,1,2.28%,7.69%,"419,79 €","19,99 €",21,1
B0FH71NBJL,B0FH71NBJL,"VINFERMATÓN - Pack TRIPLE ACCIÓN Insecticida contra Moscas, Mosquitos, Cucarachas, Hormigas y Avispas - 6 ud",V9090,484,17,0.01%,0.02%,614,21,0.01%,0.01%,97.15%,100.00%,21,3,4.34%,17.65%,"563,64 €","76,92 €",21,3
B0G2CMBY2N,B0G2CMBY2N,Ambientador Marino superconcentrado. 5 litros con solo 250 ml. Ahorro Total,WC009,352,23,0.01%,0.02%,433,28,0.01%,0.02%,98.99%,100.00%,21,1,5.97%,4.35%,"272,80 €","13,00 €",21,1
B0F1ZF7H1L,B00BHZPO12,Arcos Cuchillo Cocina Acero Inoxidable Blanco 180 mm,233524_,"1,556",22,0.04%,0.02%,"2,047",25,0.04%,0.02%,27.71%,27.27%,20,2,1.29%,9.09%,"694,31 €","63,91 €",20,2
B0F1N351DY,B073V3CYRF,Arcos Cuchillo Mondador de 4 Pulgadas con Hoja de 100mm en Acero Inoxidable y Mango de Polipropileno. Cuchillos de Cocina para Pelar Apto para Lavavajillas. Serie Nova. Color Turquesa,188632_,"2,116",47,0.05%,0.04%,"2,398",51,0.04%,0.03%,89.48%,89.66%,24,1,1.13%,2.13%,"133,51 €","5,99 €",20,1
B0761194MW,B0761194MW,VINFER Wins 020 Desengrasante Concentrado Profesional para la Limpieza de planchas de Cocina y hornos. Botella 5 Lt,WINS020,243,11,0.01%,0.01%,320,12,0.01%,0.01%,89.00%,91.67%,26,3,10.70%,27.27%,"466,25 €","52,48 €",20,2
B085SNLR5G,B07DC4H82X,"HENDI Bandeja de Servicio, Redonda, Recubrimiento Antideslizante, Multiusos, para buffets, Bandeja de Cocina para Servir Comida rápida, Bebidas, Fast Food, ⌀280x(H) 20mm, Polipropileno, Negro",H878125,817,20,0.02%,0.02%,"1,074",26,0.02%,0.02%,98.63%,100.00%,25,2,3.06%,10.00%,"249,75 €","19,98 €",20,2
B0FR444FLT,B07N8W79GH,Arcos Manhattan Cuchillo Tallado Acero Inoxidable Nitrum 300 mm,162300_,811,20,0.02%,0.02%,"1,027",25,0.02%,0.02%,95.56%,100.00%,24,1,2.96%,5.00%,"885,28 €","35,14 €",20,1
B0F1ZF7H1L,B07YXBK4HD,Arcos Riviera Set 3 Cuchillos de Corte Acero Inoxidable Nitrum,806911_,"3,801",71,0.10%,0.07%,"4,572",90,0.08%,0.06%,82.48%,79.31%,20,0,0.53%,0.00%,"1.300,08 €","0,00 €",20,0
B08T5Z4HFS,B08QYQYZHS,"CUPERINOX Cubiertos para marisco | Pinzas para marisco | Tenazas para marisco | 12 Unidades | Cubiertos marisco (Cangrejo, Langosta, Ostras) | Tenedor de marisco con dos dientes inferiores y cuchara.",20023_12FBA,611,37,0.02%,0.04%,863,62,0.02%,0.04%,98.73%,100.00%,38,21,6.22%,56.76%,"690,46 €","367,63 €",20,6
B0G3ZJ89NB,B0FZD7ZY1W,CUPERINOX Cuchillo Jamonero Profesional 25 cm – Hoja Alveolada de Acero Inoxidable Antideslizante con Mango Ergonómico – Corte Preciso y Fino para Jamón y Paletilla| Maestros del Corte,19303f,"1,304",35,0.03%,0.03%,"1,632",41,0.03%,0.03%,98.88%,100.00%,20,1,1.53%,2.86%,"399,80 €","19,99 €",20,1
B0F54LTCFF,B007TS6GFO,Arcos Universal Juego 5 Cuchillos Nitrum Bloque Pino POM Negro,285700_,"12,877",369,0.33%,0.35%,"15,622",468,0.28%,0.31%,21.50%,21.19%,19,1,0.15%,0.27%,"1.994,83 €","104,90 €",19,1
B00D3LCFRE,B00D3LCFRE,Arcos Tijeras Multiusos de Acero Inoxidable 210 mm - Costura y Tejidos - Mango ABS Gris - Serie Deluxe,521000_fbm,359,8,0.01%,0.01%,489,11,0.01%,0.01%,77.63%,100.00%,36,15,10.03%,187.50%,"863,70 €","359,91 €",19,1
B017HKRIGE,B00I9XTOT8,"ARCOS Tabla Cortar Fibra Resina y Celulosa 13""",691610,"2,732",55,0.07%,0.05%,"3,938",94,0.07%,0.06%,9.33%,15.25%,21,2,0.77%,3.64%,"437,15 €","38,34 €",19,2
B00KISSXY4,B00KISSXY4,"HENDI Bandeja de Servicio AmerBox, Grande, Rectangular, Multiusos, Bandeja para Servir Comida rápida, Bebidas, Fast Food, Bandeja de Cocina, 350x450x(H) 20mm, Gris, Polipropileno",H878804,293,11,0.01%,0.01%,454,26,0.01%,0.02%,92.11%,100.00%,50,0,17.06%,0.00%,"499,50 €","0,00 €",19,0
B01DY57HXU,B01DY57HXU,"HENDI Combustible líquido, lata, con mecha, 24 unidades, sin hollín y sin olor, tiempo de combustión 6 horas, dietilenglicol puro, para calentadores de alimentos, calientaplatos, chafing dish, 200 gr",H193938,124,11,0.00%,0.01%,187,18,0.00%,0.01%,93.04%,86.67%,20,4,16.13%,36.36%,"1.086,75 €","216,97 €",19,4
B078KJ1T6G,B078JQ8XST,"Arcos Serie Riviera, Juego Cuchillos Cocina, Hoja de Acero Inoxidable Forjado Nitrum, Mango de Polioximetileno, POM, Negro",807700_843600etiqueta,"28,481",603,0.73%,0.57%,"44,112",941,0.79%,0.63%,3.18%,9.87%,19,1,0.07%,0.17%,"1.329,81 €","69,99 €",19,1
B0FR444FLT,B07C7YV74X,Arcos Manhattan Cuchillo Trinchar Acero Jamón y Carne 250 mm,161900_,"1,047",22,0.03%,0.02%,"1,237",30,0.02%,0.02%,91.99%,100.00%,20,2,1.91%,9.09%,"696,30 €","69,98 €",19,2
B086X1XQXD,B07DC8C7Y6,"HENDI Expositor con cubierta deslizante roll-top, Doble",H871713,621,100,0.02%,0.09%,849,129,0.02%,0.09%,80.93%,73.04%,20,7,3.22%,7.00%,"1.571,90 €","552,93 €",19,6
B0FR444FLT,B07DC8JHV4,Arcos Cuchillo verduras Acero Inoxidable. Cuchillo profesional para pelar frutas y verduras. Mango ergonómico polioximetileno y Hoja 130 mm. Serie Manhattan. Color negro.,161100_,781,16,0.02%,0.02%,"1,025",19,0.02%,0.01%,70.79%,100.00%,21,0,2.69%,0.00%,"509,37 €","0,00 €",19,0
B0DSLN2CX9,B07N8RNG1R,ARCOS Tabla Cocina Fibra Celulosa y Resina 24x14 cm,708000,"3,698",56,0.09%,0.05%,"5,135",78,0.09%,0.05%,11.42%,15.22%,20,2,0.54%,3.57%,"299,80 €","29,98 €",19,2
B0FR444FLT,B07N8W7718,Arcos Cuchillo Chef Forjado Acero Inoxidable Tamaño. Mango Profesional Micarta y BorSeda Especial con Hoja Plateada 250 mm. Impresiona yorprencon Cada Corte. Serie Brooklyn. Color Azul.,190823_,767,20,0.02%,0.02%,983,27,0.02%,0.02%,96.63%,100.00%,19,2,2.48%,10.00%,"1.002,38 €","105,98 €",19,2
B0843DFZH2,B0843DFZH2,Arcos Set 5 Cuchillos Forjados Acero Inoxidable Nitrum,235024,"5,140",109,0.13%,0.10%,"7,712",193,0.14%,0.13%,12.79%,35.38%,19,2,0.37%,1.83%,"2.424,11 €","249,98 €",19,2
B08TLR4Z27,B08M3DQFHM,Arcos jamonero Profesional | Cuchillo jamonero jamonero Inoxidable Nitrum | Mango Negro | Cuchillo Jamon iberico | Serie Maitre| Hoja Flexible y Filo Liso | 275 mm | Acero Inoxidable NITRUM,151210_fbm,756,14,0.02%,0.01%,"1,019",16,0.02%,0.01%,99.15%,100.00%,21,4,2.78%,28.57%,"323,13 €","60,58 €",19,2
B09WYYY5MD,B09WYYY5MD,Arcos Nordika Cuchillo para Queso Acero Inoxidable Nitrum 125 mm,166100_us,298,7,0.01%,0.01%,405,16,0.01%,0.01%,58.57%,37.50%,19,0,6.38%,0.00%,"503,31 €","0,00 €",19,0
B0DPKXM18X,B0DNQX2BZN,"CUPERINOX Soporte Jamonero Plegable | Jamonero Giratorio | Jamonero de Bambú con Cuchillo Profesional, Afilador y Funda para Jamón | Elite Collection",20270_,"5,437",149,0.14%,0.14%,"6,482",167,0.12%,0.11%,98.69%,99.10%,19,0,0.35%,0.00%,"927,31 €","0,00 €",19,0
B0F9X4NXL3,B0F9KXQKLG,"CUPERINOX Cuchillos Mesa, cuchillo carne, cuchillo mantequilla, Set 24 piezas, acero inoxidable, hoja con filo y sierra, cuchillo untar. Apto lavavajillas. Mango ergonomico",20043-24,"1,309",55,0.03%,0.05%,"1,680",89,0.03%,0.06%,99.14%,90.32%,22,0,1.68%,0.00%,"436,31 €","0,00 €",19,0
B0F54LTCFF,B0044R87QO,Arcos Cuchillo Chef Acero Inoxidable. Cuchillo cocina profesional para cortar una variedad alimentos. Mango ergonómico polioximetileno y Hoja 250 mm. Serie Universal. Color negro.,280704_fbm,"5,313",143,0.14%,0.14%,"7,036",176,0.13%,0.12%,6.09%,2.52%,22,1,0.41%,0.70%,"544,49 €","24,74 €",18,1
B0752SPHL9,B005LR6W8Q,Arcos Maitre Set 5 Cuchillos Acero Inoxidable Nitrum,152000_,"3,349",72,0.09%,0.07%,"4,395",95,0.08%,0.06%,43.54%,76.81%,18,0,0.54%,0.00%,"1.115,82 €","0,00 €",18,0
B017HKR8WS,B005LR7EP6,ARCOS Afilador de Cuchillos Profesional ABS,610000_,"26,073",891,0.66%,0.84%,"37,672","1,435",0.68%,0.95%,22.65%,20.13%,19,0,0.07%,0.00%,"1.273,58 €","0,00 €",18,0
B00L7X7ONU,B00L7X7ONU,HENDI Jarra de zumo - 2 L - ø120x(H)250 mm,H425138,197,27,0.01%,0.03%,256,35,0.00%,0.02%,74.44%,85.71%,54,33,27.41%,122.22%,"1.069,04 €","649,25 €",18,10
B00VRZ1YJI,B00VRZ1YJI,Arcos Tijeras Modista Acero Forjado 190 mm - Uso Doméstico y Profesional - Niqueladas Plata - Serie Style,504300,203,3,0.01%,0.00%,278,3,0.01%,0.00%,96.33%,100.00%,18,4,8.87%,133.33%,"252,05 €","55,96 €",18,4
B0GH9GNJ86,B017DLM9SY,Arcos Serie Toscana - Juego de Cucharas de Mesa (3 cucharas) - Monoblock de una pieza en Acero Inoxidable 18/10 y 180 mm - Color Plata,574400_,222,5,0.01%,0.00%,316,5,0.01%,0.00%,82.15%,80.00%,27,1,12.16%,20.00%,"214,66 €","7,99 €",18,1
B07JWM27F4,B07JWM27F4,Arcos Set Cuchillos Cocina Profesionales Forjados en Acero Inoxidable. Juego de 3 Cuchillos (Pelador 100 mm + Cocinero 150 mm + Cocinero 200 mm). Mango Ergonómico Rosa en Polioximetileno. Riviera Rose,855100_,"2,719",52,0.07%,0.05%,"4,096",72,0.07%,0.05%,98.92%,93.18%,18,2,0.66%,3.85%,"1.304,77 €","139,97 €",18,2
B07YXBGV8C,B07YXBGV8C,Arcos Riviera Blanc Set 3 Cuchillos Forjados Acero Inoxidable Nitrum,807511_,454,24,0.01%,0.02%,726,57,0.01%,0.04%,81.82%,63.33%,18,2,3.96%,8.33%,"1.079,82 €","119,98 €",18,2
B0CQLQ57BT,B08TWZGJ69,"Arcos Cazo Antiadherente 20 cm Aluminio Fundido para Todo Tipo de Cocinas, Mango Ergonómico, Ahorro Energético, Apto Lavavajillas, Negro/Azul, Serie Thera",719200,814,16,0.02%,0.02%,"1,129",19,0.02%,0.01%,33.91%,27.27%,18,1,2.21%,6.25%,"542,36 €","30,95 €",18,1
B0CRDY65RY,B09T6KZ2K8,"Arcos Cacerola Antiadherente 20 cm Aluminio Forjado, Mango Efecto Frío, Apta Inducción y Lavavajillas, Ahorro Energético, 2.6 L Capacidad, Serie Samoa",716910,"1,006",7,0.03%,0.01%,"1,344",9,0.02%,0.01%,43.63%,100.00%,18,1,1.79%,14.29%,"738,60 €","36,05 €",18,1
B0DNBTJMLJ,B09ZHZDJRJ,FAMILIA VINCARE (DETERGENTE BIBERONES),DETERGENTE BIBERONES 500ML,358,10,0.01%,0.01%,463,11,0.01%,0.01%,25.06%,50.00%,18,0,5.03%,0.00%,"143,95 €","0,00 €",18,0
B0DB2647JX,B0DB2647JX,Repelente de insectos VINFERMATON | Mosquitos y garrapatas | 0% DEET | Apto para niños 1 año | Protección 8 horas,V501100,447,12,0.01%,0.01%,564,19,0.01%,0.01%,98.87%,100.00%,19,0,4.25%,0.00%,"161,31 €","0,00 €",18,0
B0DFQ7Y1G8,B0DFQ7Y1G8,Arcos Afiladores - Afilador Eléctrico de Cuchillos de Cocina - Hecho de ABS Color Blanco (Rodillos con recubrimiento de diamante),603900,807,56,0.02%,0.05%,"1,156",97,0.02%,0.06%,98.80%,96.92%,18,6,2.23%,10.71%,"5.219,10 €","1.739,70 €",18,6
B0DG2RQFHP,B0DG2RQFHP,"HENDI Bandeja de horno GN 1/1 Convectomat – 8 moldes redondos – para huevos fritos, tortillas, panqueques, crepes – Revestimiento antiadherente – 260°C – 530x325x(H) 26mm – Acero inoxidable",H808856,275,44,0.01%,0.04%,428,80,0.01%,0.05%,69.58%,68.33%,35,29,12.73%,65.91%,"1.568,83 €","1.296,58 €",18,12
B0DPLG5V7Q,B0DPJBBJC4,"CUPERINOX® Tazas de Café Espresso de Cristal – Set 2 80ml- Aptas para lavavajillas- Resistentes al Calor – Tazas Bonitas de Café, Té Originales y Elegantes – Aroma Series",26120_,"1,565",24,0.04%,0.02%,"2,136",28,0.04%,0.02%,99.29%,95.24%,19,0,1.21%,0.00%,"225,81 €","0,00 €",18,0
B0FJLTDB9J,B0FB98PM7Z,CUPERINOX® Beauty Care – Pack 3 Cortauñas de Precisión | Alicate + Cortaúñas Mediano + Cortaúñas con Llavero | Acero Inoxidable Profesional | Manicura y Pedicura | Hombre y Mujer,21920+21931+21932,453,6,0.01%,0.01%,571,6,0.01%,0.00%,99.43%,100.00%,19,2,4.19%,33.33%,"246,83 €","26,00 €",18,2
B0H41SWHYG,B0FDKY2RXG,VINCARE Pack Limpieza Infantil – Detergente Biberones + Multiusos + Quitamanchas – Limpieza Segura para el Entorno del Bebé- 100% MADE IN SPAIN,PACK VINCARE,222,6,0.01%,0.01%,282,6,0.01%,0.00%,98.51%,100.00%,18,0,8.11%,0.00%,"267,72 €","0,00 €",18,0
B0G2CSJD3L,B0G2CSJD3L,Ambientador Floral superconcentrado. 5 Litros con solo 250 ml. Ahorro total,WC010,349,10,0.01%,0.01%,467,15,0.01%,0.01%,98.31%,100.00%,19,3,5.44%,30.00%,"245,82 €","37,98 €",18,3
B0CQ92BWQ8,B009QXKGKG,"HENDI Bolsa de Transporte y Reparto de Pizzas, Bolsa Portapizzas con Aislamiento, Impermeable, Bolsa para la Entrega de Pedidos de Pizza y Comidas, Interior 45x45x(H) 18cm, Roja, 47x47x(H) 21cm",H709818,217,33,0.01%,0.03%,317,41,0.01%,0.03%,84.03%,64.52%,27,8,12.44%,24.24%,"830,21 €","238,36 €",17,3
B00CWZQJZG,B00CWZQJZG,"Arcos Cuchillos Mesa - Cuchillo Carne Mesa - Monobloque unaola pieza Acero Inoxidable 4"" - Color Plateado - Corta todo tipo carne conimplicidad y practicidad -erie Monobloque - Color Gris",702000_1pza_fba,576,7,0.01%,0.01%,839,13,0.02%,0.01%,69.63%,81.82%,67,0,11.63%,0.00%,"334,33 €","0,00 €",17,0
B07TXLKG42,B00GZR3MKM,"HENDI Freidora eléctrica, T ajustable hasta 190°C, termostato de seguridad, zona fría, con tapa y cesta de freír, tanque de aceite extraíble, 8L, 230V, 3500W, 265x430x(H)345mm, acero inoxidable",H205822,422,47,0.01%,0.04%,624,67,0.01%,0.04%,66.67%,56.00%,17,5,4.03%,10.64%,"2.808,10 €","820,72 €",17,5
B0F1N351DY,B073V5RN1J,Arcos Cuchillo Mondador Acero Inoxidable NITRUM 100 mm - Ideal para Pelar Frutas y Verduras - Mango Ergonómico Polipropileno Negro - Serie Nova,816500_1unidad,"6,387",139,0.16%,0.13%,"7,412",160,0.13%,0.11%,96.64%,92.63%,32,5,0.50%,3.60%,"97,60 €","15,25 €",17,1
B07882914Y,B07882914Y,Wins - Limpiador Suelos y Superficies Concentrado Amoniacal Pino 021 - Garrafa 5L,WINS021,320,20,0.01%,0.02%,445,31,0.01%,0.02%,85.86%,100.00%,24,13,7.50%,65.00%,"341,68 €","182,29 €",17,9
B07JWG12BV,B07JWG12BV,Arcos Riviera Set 3 Cuchillos Forjados Acero Inoxidable Nitrum,807710_,454,14,0.01%,0.01%,711,21,0.01%,0.01%,67.09%,18.18%,17,0,3.74%,0.00%,"1.189,83 €","0,00 €",17,0
B0FWM351K4,B07MDGR8G1,CUPERINOX® Couture Series - Tijera Costura Profesional 15 cm | Acero Inoxidable Irrompible | Mango Ergonómico Antideslizante | Corte Preciso y Duradero,21950_us,331,9,0.01%,0.01%,414,12,0.01%,0.01%,92.63%,83.33%,21,2,6.34%,22.22%,"167,78 €","15,97 €",17,1
B0DG2QX9YD,B0DG2QX9YD,"HENDI Dispensador isotérmico de bebidas, 9L",H425336,591,50,0.02%,0.05%,959,76,0.02%,0.05%,57.45%,48.00%,21,9,3.55%,18.00%,"1.182,19 €","506,26 €",17,6
B0DKP7F29P,B0DJC1RQ9T,"Arcos Serie Samoa Iconic | Cacerola Antiadherente Cerámico 20 cm y 2,6 L | Aluminio Forjado | Apta cualquier cocina | Mango Acero Inoxidable | Color Negro | LIBRE DE (PFOA/PTFE/PFOS)",716922,989,20,0.03%,0.02%,"1,159",23,0.02%,0.02%,81.53%,100.00%,17,1,1.72%,5.00%,"930,15 €","54,95 €",17,1
B0G4SGJSBJ,B0G21D2KFZ,"BIOLEAF– Desincrustante Baños Antical Pack 4×750 ml (3 L) | Limpieza Profesional de Lavabos, Ducha y Bañera | Brillo Inmediato | Biodegradable y Dermatológicamente Testado",3498,"1,032",13,0.03%,0.01%,"1,217",14,0.02%,0.01%,99.12%,100.00%,17,0,1.65%,0.00%,"336,83 €","0,00 €",17,0
B0DDWPSK8Z,B001681JO6,"HENDI Placa de inducción de sobremesa profesional, control táctil, 60-240°C, 230V, 3500W, 342x431x(H)116mm, acero inoxidable",H239711,672,58,0.02%,0.05%,"1,068",92,0.02%,0.06%,64.67%,69.12%,21,6,3.13%,10.34%,"5.622,75 €","1.606,50 €",16,5
B007TS6HBM,B007TS6HBM,ARCOS Rallador de Limones Acero Inoxidable 40 mm,612800,839,25,0.02%,0.02%,"1,183",37,0.02%,0.02%,15.65%,20.69%,16,1,1.91%,4.00%,"141,60 €","8,85 €",16,1
B0F1ZF7H1L,B00BHZPIVI,Arcos Cuchillo Chef Forjado Acero Inoxidable 200 mm,233624,"1,437",25,0.04%,0.02%,"1,829",30,0.03%,0.02%,39.43%,50.00%,16,1,1.11%,4.00%,"519,84 €","32,49 €",16,1
B00D3LDXPM,B00D3LDXPM,ARCOS Abrelatas Manual Aleación de Zinc Plata-Negro 160 mm,603600,"1,305",79,0.03%,0.07%,"1,791",112,0.03%,0.07%,13.16%,15.19%,17,8,1.30%,10.13%,"291,37 €","133,96 €",16,7
B00IUPKTFS,B00IUPKTFS,"HENDI Sartén eléctrica multiusos, paellera cazuela olla plancha, de fiestas, revestimiento antiadherente, termostato, con tapa, interior: ø55cm profundidad: 6cm, 230V, 1600W, ø620x(H)190mm, aluminio",H239605,"1,559",30,0.04%,0.03%,"2,297",34,0.04%,0.02%,42.24%,37.04%,16,0,1.03%,0.00%,"1.566,66 €","0,00 €",16,0
B017HKR8WS,B00OFR535Q,"Arcos Afiladores - Afilador Eléctrico de Cuchillos Afilador de Cuchillos Eléctricos, Hecho de Plástico, Color Negro (Rodillos de Banda Intercambiables)",610500_fbm,"4,628",181,0.12%,0.17%,"5,257",213,0.09%,0.14%,99.02%,96.80%,17,11,0.37%,6.08%,"4.116,83 €","2.584,89 €",16,10
B017DLL2KA,B017DLL2KA,"Arcos Regia Cuchillos Mesa Carne Nitrum POM Negro-Oro 4,5 pulg",375000_1Pieza,987,37,0.03%,0.04%,"1,470",59,0.03%,0.04%,51.96%,40.00%,66,3,6.69%,8.11%,"788,34 €","35,97 €",16,1
B0CKX4YV2W,B01BNH5B5M,"HENDI Expositor buffet frío UNIQ 2 pisos, Negro",H871812,"1,079",132,0.03%,0.12%,"1,496",208,0.03%,0.14%,69.19%,89.68%,16,11,1.48%,8.33%,"2.294,04 €","1.569,29 €",16,11
B07G75VRY2,B07G75VRY2,"Arcos Serie Cuchillos de Mesa Caja 12 uds Cuchillo Chuletero, Hoja Serrada de Acero Inoxidable de 110 mm, Cuchillo Monoblock Acero Inoxidable Color plata (12 UDS)",375800_(809900x2),457,14,0.01%,0.01%,770,21,0.01%,0.01%,63.17%,66.67%,19,0,4.16%,0.00%,"1.096,92 €","0,00 €",16,0
B07H1S3VRW,B07H1S3VRW,"Wins 005 Limpiador Fregasuelos Neutro, Aroma Cítrico, 5 L",WINS005,165,10,0.00%,0.01%,217,14,0.00%,0.01%,87.31%,83.33%,38,18,23.03%,180.00%,"399,23 €","179,43 €",16,5
B07JHPQGPW,B07JHPQGPW,Arcos Riviera Blanc Juego 3 Cuchillos Forjados POM Blanco,807610_,"2,602",61,0.07%,0.06%,"3,722",74,0.07%,0.05%,23.88%,26.09%,16,0,0.61%,0.00%,"1.119,84 €","0,00 €",16,0
B07MZJTY16,B07MZJTY16,HENDI Jarra medidora apilable - 5 L - ø210x(H)270 mm,H567852,60,15,0.00%,0.01%,87,21,0.00%,0.01%,94.52%,100.00%,25,19,41.67%,126.67%,"349,75 €","265,81 €",16,10
B0CQM2K3QY,B08TX1D4LL,"ARCOS Thera Olla Grande de Cocina de 24 Cm y 4 L. Cacerola Alta para Inducción, Gas y Vitrocerámica. Olla de Aluminio Fundido con Tapa de Cristal y Mango Extraíble. Apta Lavavajillas. Color Negro Azul",718700,887,18,0.02%,0.02%,"1,210",27,0.02%,0.02%,43.84%,44.44%,16,1,1.80%,5.56%,"846,10 €","53,99 €",16,1
B0CQLNJVKL,B0BRNMK276,"Arcos Sartenes Antiadherentes 20/24 cm - Aluminio Fundido, Asas Silicona, Ahorro Energético, Compatible con Inducción y Lavavajillas, Serie Thera, Negro/Azul",7198000,913,15,0.02%,0.01%,"1,185",21,0.02%,0.01%,78.53%,90.00%,16,1,1.75%,6.67%,"879,20 €","54,95 €",16,1
B0C49YDKL4,B0C49YDKL4,Arcos Serie Nordika - Cuchillo Usuba - Acero Inoxidable NITRUM - Hoja de 175 mm - Mango de Madera Ovengkol 100% natural de bosques certificados FSC® - Embalaje 100% reciclado,168000,710,23,0.02%,0.02%,975,32,0.02%,0.02%,73.64%,83.33%,16,0,2.25%,0.00%,"721,32 €","0,00 €",16,0
B0C5XR2TFF,B0C5XR2TFF,Arcos Serie Thera | Sarten Antiadherente 22 cm | Aluminio Fundido | Apta cualquier cocina | Mango Ergonómico Plástico y Silicona | Sistema ahorro energético | Apta lavavajillas | Color Negro y Azul,719800,331,3,0.01%,0.00%,449,4,0.01%,0.00%,91.41%,100.00%,16,1,4.83%,33.33%,"491,14 €","32,25 €",16,1
B0DKP7F29P,B0DJBZK9SX,"Arcos Serie Samoa Iconic | Cazo Antiadherente Cerámico 16 cm y 1,5 L | Aluminio Forjado | Apta cualquier cocina | Mango Acero Inoxidable | Color Negro | LIBRE DE (PFOA/PTFE/PFOS)",717222,757,21,0.02%,0.02%,865,22,0.02%,0.01%,93.60%,100.00%,16,0,2.11%,0.00%,"531,06 €","0,00 €",16,0
B0H41SWHYG,B0GNZWCSKK,VINCARE Detergente Biberones y Tetinas Pack 2x – Limpieza Segura para Bebés – Elimina Restos de Leche y Olores – Apto para Chupetes y Accesorios,PM-9MUA-64P3,348,3,0.01%,0.00%,514,3,0.01%,0.00%,99.59%,100.00%,16,0,4.60%,0.00%,"239,84 €","0,00 €",16,0
B017HKKKIC,B007TS68BG,Arcos Universal Cuchillo Carnicero Nitrum POM Negro 160 mm,288200_fbm,"1,635",55,0.04%,0.05%,"2,442",84,0.04%,0.06%,15.74%,22.64%,15,2,0.92%,3.64%,"431,66 €","55,71 €",15,2
B0H2ZKZVS4,B007TS6HNK,ARCOS Corta Pizzas Acero Inoxidable 100 mm,614800_,640,47,0.02%,0.04%,855,62,0.02%,0.04%,6.96%,7.14%,15,4,2.34%,8.51%,"179,85 €","47,96 €",15,4
B0B3F4QXML,B008U6TDTK,Arcos Serie Clasica - Juego de Cuchillos de 5 piezas en Caja de Regalo (5 Cuchillos) - Hoja de Acero Inoxidable Forjado NITRUM - Mando de Polioximetileno (POM) - Bloque de madera color marrón acabado lacado,257000_2,"5,158",122,0.13%,0.12%,"7,436",183,0.13%,0.12%,55.48%,64.96%,15,1,0.29%,0.82%,"2.136,10 €","127,99 €",15,1
B00BHZPIVI,B00BHZPIVI,Arcos Cuchillo Chef Forjado Acero Inoxidable 200 mm,233624,582,17,0.01%,0.02%,839,25,0.02%,0.02%,49.87%,21.43%,15,1,2.58%,5.88%,"487,35 €","32,49 €",15,1
B0D1CV1MT6,B07D9YVLP6,"HENDI Tabla de cortar con certificación HACCP 600x400 - Blanco, 600x400mm",H825600,771,115,0.02%,0.11%,933,144,0.02%,0.10%,69.42%,63.06%,21,13,2.72%,11.30%,"835,81 €","516,59 €",15,7
B07DC8MD56,B07DC8MD56,"HENDI Rejilla de asador, GN 1/1, de acero inoxidable cromado, 325x530mm, para todas las parrillas, grill, barbacoas Green Fire de HENDI",H939949,426,46,0.01%,0.04%,604,68,0.01%,0.05%,85.69%,79.31%,30,15,7.04%,32.61%,"622,26 €","313,81 €",15,8
B0FR444FLT,B07N8TNDRV,Arcos Brooklyn Cuchillo Chef Forjado Acero Inoxidable 150 mm,190423_,"1,752",37,0.04%,0.04%,"2,123",48,0.04%,0.03%,61.30%,65.38%,15,1,0.86%,2.70%,"599,85 €","39,99 €",15,1
B0FR444FLT,B07N8TV9CC,Arcos Brooklyn Cuchillo Rebanar Jamonero Forjado Micarta Azul 250 mm,191923_,"1,267",25,0.03%,0.02%,"1,518",27,0.03%,0.02%,84.05%,82.61%,15,2,1.18%,8.00%,"612,91 €","85,98 €",15,2
B07N8W7718,B07N8W7718,Arcos Cuchillo Chef Forjado Acero Inoxidable Tamaño. Mango Profesional Micarta y BorSeda Especial con Hoja Plateada 250 mm. Impresiona yorprencon Cada Corte. Serie Brooklyn. Color Azul.,190823_,699,12,0.02%,0.01%,941,17,0.02%,0.01%,94.84%,100.00%,16,2,2.29%,16.67%,"847,84 €","105,98 €",15,2
B0FQNZM34T,B0843V9Z1W,Arcos Cuchillo Santoku Acero Inoxidable Nitrum y Hoja 190 mm. Mango ergonómico polioximetileno POM. Diseño clásico y acabado redondeado gran belleza yolidez. Serie Opera. Color negro.,229900_fba,762,7,0.02%,0.01%,"1,027",7,0.02%,0.00%,92.97%,100.00%,16,0,2.10%,0.00%,"590,60 €","0,00 €",15,0
B0857QG39T,B0857QG39T,"HENDI Placa eutéctica de frío profesional, GN 1/1, para cajas térmicas, elemento refrigerante, acumulador de frío, bloque térmico, de enfriamiento, placa de hielo, 530x325x(H) 30mm, HDPE, blanco",H707753,330,51,0.01%,0.05%,475,86,0.01%,0.06%,84.28%,67.95%,51,32,15.45%,62.75%,"1.721,77 €","1.079,96 €",15,8
B08VRP7CR7,B08G8M6QDS,Arcos Juego de Cuchillos chuleteros - Envase Ecologico 100% - 4 Cuchillos Carne - Cubiertos Mesa Acero Inoxidable,809500_,583,15,0.01%,0.01%,769,17,0.01%,0.01%,99.42%,100.00%,18,0,3.09%,0.00%,"355,82 €","0,00 €",15,0
B08WR6CHHN,B08JC8DSP6,Arcos Cuchillos Chuleteros cuchillos chuleteros acero inoxidable filo liso juego cuchillos chuleteros | 6 PZAS cuchillo chuletero | Hoja 110 mm |cuchillos carne Envase Eco,815800,418,7,0.01%,0.01%,631,12,0.01%,0.01%,99.49%,100.00%,16,0,3.83%,0.00%,"639,84 €","0,00 €",15,0
B08M99RZRV,B08M99RZRV,Arcos | Cuchillo Jamonero Cuchillo deshuesador | 2 Uds | Set cuchillos jamoneros 250 mm y cuchillo deshuesador (140 mm) jamonero profesional | cuchillo carnicero profesional | Eco,703800fbm,"5,401",95,0.14%,0.09%,"6,947",131,0.13%,0.09%,99.81%,100.00%,15,0,0.28%,0.00%,"612,48 €","0,00 €",15,0
B09GPS236X,B09GPS236X,"HENDI Portacondimentos de Bar, Bandeja de Guarniciones para Cócteles BarUp, Caja Organizadora con Tapa Transparente, 6 Contenedores de Polipropileno, 480x150x(H) 100mm, HIPS, Negro",H552032,190,23,0.00%,0.02%,259,32,0.00%,0.02%,93.52%,90.48%,19,10,10.00%,43.48%,"572,10 €","300,39 €",15,6
B0H41SWHYG,B0C2QFPLX9,FAMILIA VINCARE (MULTIUSOS INDIVIDUAL),MULTIUSOS750ML,292,11,0.01%,0.01%,369,13,0.01%,0.01%,96.86%,100.00%,16,1,5.48%,9.09%,"159,84 €","9,99 €",15,1
B0DKP7F29P,B0DJBZ81XL,"Arcos Serie Samoa Iconic | Cacerola Baja Antiadherente Cerámico 28 cm y 4,3 L | Aluminio Forjado | Apta cualquier cocina | Mango Acero Inoxidable | Color Negro | LIBRE DE (PFOA/PTFE/PFOS)",717122,"1,180",32,0.03%,0.03%,"1,497",43,0.03%,0.03%,63.71%,85.00%,15,2,1.27%,6.25%,"1.086,95 €","145,90 €",15,2
B005LR78LQ,B005LR78LQ,ARCOS Forged Tijeras de Cocina Acero Inoxidable Forjado 225 mm,507100,638,21,0.02%,0.02%,839,25,0.02%,0.02%,45.97%,23.53%,16,0,2.51%,0.00%,"616,00 €","0,00 €",14,0
B007TS6HNK,B007TS6HNK,ARCOS Corta Pizzas Acero Inoxidable 100 mm,614800_,"1,022",63,0.03%,0.06%,"1,416",82,0.03%,0.05%,6.09%,7.69%,16,3,1.57%,4.76%,"190,26 €","35,97 €",14,2
B007TS6I5C,B007TS6I5C,ARCOS Sacacorchos Manual Cuerpo ABS Serie Toscana,604100,"2,710",96,0.07%,0.09%,"3,948",158,0.07%,0.11%,9.24%,11.58%,14,1,0.52%,1.04%,"685,86 €","48,99 €",14,1
B0CKX4YV2W,B00MFLEA80,"HENDI Expositor buffet frío UNIQ 1 piso, Negro",H871805,497,93,0.01%,0.09%,672,133,0.01%,0.09%,87.52%,87.96%,16,7,3.22%,7.53%,"1.192,18 €","526,75 €",14,5
B00NM2X21W,B00NM2X21W,Arcos Accesorios - Prensa Ajos Prensador de Ajos - Tamaño 160 mm - Hecho de Aleación de Zinc - Color Plata,603500_,861,10,0.02%,0.01%,"1,135",13,0.02%,0.01%,23.42%,14.29%,14,0,1.63%,0.00%,"223,86 €","0,00 €",14,0
B08S87M447,B07BMGMVY4,Arcos Serie Riviera Rose - Cuchillo Cocinero - Hoja de Acero Inoxidable Forjado NITRUM 200 mm - Mango de Polioximetileno (POM) Color Rosa,233654_,523,6,0.01%,0.01%,797,8,0.01%,0.01%,98.54%,100.00%,14,1,2.68%,16.67%,"486,36 €","34,49 €",14,1
B0FR444FLT,B07DFNDYFM,Arcos Cuchillo pescado Forgedole Acero Inoxidable forjado. Mango Micarta y borseda especial con Hoja plateada 190 mm. Serie Manhattan. Color negro. Impresiona yorprencon cada corte.,161400_,672,17,0.02%,0.02%,805,28,0.01%,0.02%,90.93%,100.00%,14,2,2.08%,11.76%,"359,96 €","50,68 €",14,2
B0H3P9C3GQ,B07MZJTY16,HENDI Jarra medidora apilable - 5 L - ø210x(H)270 mm,H567852,109,10,0.00%,0.01%,144,10,0.00%,0.01%,98.43%,100.00%,17,5,15.60%,50.00%,"233,52 €","65,41 €",14,3
B0FR444FLT,B07N8V3SNH,"Arcos Cuchillo Tomate Forjado Acero Inoxidable 130 mm - Mango Ergonómico POM Negro, Borde Serrado para Rebanadas Perfectas - Serie Manhattan, Calidad Profesional",162000_,"2,244",57,0.06%,0.05%,"2,597",66,0.05%,0.04%,94.65%,97.67%,15,1,0.67%,1.75%,"361,27 €","22,99 €",14,1
B0FR444FLT,B07N8VLCQS,"Arcos Juego de Cuchillos Profesionales (4 Piezas) - Acero Inoxidable Nitrum, Precisión y Durabilidad, Mango Ergonómico POM Negro, Incluye Tijeras y Bloque de Madera, Serie Manhattan",163300_,"1,481",19,0.04%,0.02%,"1,983",21,0.04%,0.01%,84.34%,100.00%,14,0,0.95%,0.00%,"1.385,19 €","0,00 €",14,0
B09FQ5SZK8,B08MTTN436,Arcos Nordika Cuchillo Mondador Nitrum Madera Ovengkol FSC 100 mm,165000_fbm,"2,568",58,0.07%,0.05%,"3,472",87,0.06%,0.06%,13.50%,20.83%,14,2,0.55%,3.45%,"308,22 €","43,98 €",14,2
B0CRDY65RY,B09T9QCXL9,Arcos Cacerola Antiadherente Aluminio Forjado 28 cm,717110,"10,832",157,0.28%,0.15%,"15,124",219,0.27%,0.15%,7.09%,7.14%,14,0,0.13%,0.00%,"719,70 €","0,00 €",14,0
B09TP1PTLN,B09TP1PTLN,"HENDI Bolsa para Carro de Lavandería, 845x600x(H) 625mm",H691090,"1,299",159,0.03%,0.15%,"1,923",239,0.03%,0.16%,54.48%,30.61%,22,6,1.69%,3.77%,"768,89 €","209,69 €",14,3
B09XF6G1Q8,B09XF6G1Q8,Arcos Serie Universal - Juego de Cuchillos de Cocina de 4 piezas (3 Cuchillos Cocineros + Tijeras) - Hoja de Acero Inoxidable NITRUM - Mango de Polioximetileno (POM) - Color Negro,807410+TIJERA,564,10,0.01%,0.01%,802,13,0.01%,0.01%,99.56%,100.00%,14,1,2.48%,10.00%,"699,86 €","49,99 €",14,1
B0BJPYW95J,B0BJPYW95J,Arcos Accesorios - Sacacorchos Manual Abrebotellas Manual - Mango de Aleación de Zinc - Color Negro mate (Incluye cortacápsulas),607500_,564,23,0.01%,0.02%,832,32,0.01%,0.02%,94.73%,95.83%,16,1,2.84%,4.35%,"671,84 €","41,99 €",14,1
B0DTKB63SV,B0DTKB63SV,"HENDI Batidora de mano, con cable en espiral, brazo batidor: 225mm, velocidad variable: 8500 a 16500 RPM, procesa hasta 3L, batidora de inmersión, ø65x(H)425mm, 220V/1000W, acero inoxidable, ABS",H221181,797,74,0.02%,0.07%,"1,117",92,0.02%,0.06%,93.37%,84.62%,16,9,2.01%,12.16%,"1.595,59 €","897,49 €",14,7
B0DVG51R3F,B0DVG51R3F,"HENDI Baño María Eléctrico, 3x GN 1/3 con Tapas",H238967,281,37,0.01%,0.04%,416,55,0.01%,0.04%,97.46%,97.37%,14,2,4.98%,5.41%,"2.275,00 €","325,00 €",14,2
B0FDL4Q2JB,B0FDL4Q2JB,VINFERMATON – Insecticida Avispas y Avisperos Exterior Pack 2×600 ml | Antiavispas | Alcance hasta 4 m | Acción Inmediata Profesional | 100% MADE IN SPAIN,V0020_PACK2,"28,392","1,648",0.72%,1.56%,"41,147","2,310",0.74%,1.54%,97.77%,96.39%,16,3,0.06%,0.18%,"276,62 €","49,12 €",14,2
B0FMRN3BNT,B0FMRN3BNT,"VINFERMATON - Insecticida Multiinsectos | Pack 2 x 600 ml | Moscas, Mosquitos, Cucarachas, Hormigas y otros Insectos Voladores y Rastreros | Acción Instantánea | Aroma Limón",MULTINSECTOS_PACK2,176,6,0.00%,0.01%,240,10,0.00%,0.01%,94.84%,100.00%,16,4,9.09%,66.67%,"239,85 €","59,97 €",14,2
B0G67DKSXN,B0G216GBMX,BIOLEAF – Gel WC Esencias Marinas Pack 4×750 ml (3 L) | Limpieza Profunda del Inodoro con Frescor Duradero | Gel Denso Sin Salpicaduras | Biodegradable y Dermatológicamente Testado,3511,575,13,0.01%,0.01%,686,13,0.01%,0.01%,99.22%,81.82%,14,3,2.43%,23.08%,"277,86 €","59,97 €",14,3
B0F1ZF7H1L,B005LR69PW,"Arcos Cuchillo Tomates Acero Inoxidable 5""",232000_,"2,755",64,0.07%,0.06%,"3,746",83,0.07%,0.06%,5.61%,0.00%,13,0,0.47%,0.00%,"311,87 €","0,00 €",13,0
B0H2GBGWD4,B005LR6GE6,Arcos Cuchillo Cocinero Negro 250 mm,233700_,"3,264",70,0.08%,0.07%,"4,272",90,0.08%,0.06%,20.42%,17.74%,14,4,0.43%,5.71%,"606,46 €","171,96 €",13,3
B007TS6GW2,B007TS6GW2,Arcos Chairas - Chaira Afilador manual de cuchillos - Cuerpo de Acero al Carbono recubierto de Diamante de 280 mm - Mango de Polipropileno color negro,279202_,"1,444",21,0.04%,0.02%,"2,668",31,0.05%,0.02%,48.72%,42.86%,15,4,1.04%,19.05%,"599,85 €","159,96 €",13,2
B00BHZPHOG,B00BHZPHOG,Arcos Riviera Blanc Cuchillo Panero Acero Inoxidable Nitrum 200 mm,231324_,414,8,0.01%,0.01%,629,10,0.01%,0.01%,14.80%,44.44%,13,0,3.14%,0.00%,"388,98 €","0,00 €",13,0
B0H2GDTT31,B00BHZPO12,Arcos Cuchillo Cocina Acero Inoxidable Blanco 180 mm,233524_,"1,169",24,0.03%,0.02%,"1,571",38,0.03%,0.03%,24.60%,39.13%,13,1,1.11%,4.17%,"454,87 €","34,99 €",13,1
B0F54LTCFF,B00VRWR53K,"Arcos Serie Universal, Macheta Cuchillo Carnicero, Hoja de Acero Inoxidable Nitrum 180 mm, Mango de Polioximetileno, Pom Color Negro",288100_,"1,918",59,0.05%,0.06%,"2,152",61,0.04%,0.04%,99.08%,100.00%,13,1,0.68%,1.69%,"519,87 €","39,99 €",13,1
B017DMTEIG,B017DMTEIG,Arcos Utensilios Profesionales - Sierra de Carnicero - Hoja de Acero Inoxidable 430 mm - Mango de Polipropileno Color Negro,791800,652,43,0.02%,0.04%,961,80,0.02%,0.05%,27.94%,34.55%,13,4,1.99%,9.30%,"818,74 €","251,60 €",13,4
B0FWM351K4,B06Y66X8SW,CUPERINOX® Couture Series - Tijera Costura Profesional 10 cm | Acero Inoxidable de Alta Precisión | Corte Fino para Detalles y Acabados | Uso Doméstico y Profesional,21960_fba,"1,120",28,0.03%,0.03%,"1,575",34,0.03%,0.02%,96.67%,100.00%,13,1,1.16%,3.57%,"72,67 €","5,59 €",13,1
B078GYCH1G,B078GYCH1G,Tenedor de marisco - 6 unid,20023,147,7,0.00%,0.01%,217,15,0.00%,0.01%,98.98%,100.00%,14,2,9.52%,28.57%,"175,78 €","23,90 €",13,1
B0D1CVPJXW,B07D75K6SP,"HENDI Colador cónico de malla fina, ⌀245x(H)210mm, longitud del mango 230mm, acero inoxidable",H647561,126,14,0.00%,0.01%,149,15,0.00%,0.01%,91.43%,61.54%,13,6,10.32%,42.86%,"471,85 €","217,50 €",13,6
B07PQS3PNH,B07PQS3PNH,"HENDI Caja de golpe de café con marco de madera, vaciado de posos de café, barra de golpeo extraíble con revestimiento de silicona, GN 1/4, 265x162x(H)100mm, madera oscura/acero inoxidable",H208380,368,26,0.01%,0.02%,526,43,0.01%,0.03%,85.75%,87.50%,14,2,3.80%,7.69%,"539,00 €","77,00 €",13,2
B09WYWVGCS,B09WYWVGCS,Arcos Clara Juego 3 Cuchillos Forjados Acero Inoxidable Nitrum,212000_819010,827,18,0.02%,0.02%,"1,171",21,0.02%,0.01%,75.46%,72.73%,13,0,1.57%,0.00%,"701,69 €","0,00 €",13,0
B0DKP7F29P,B0C65FDB33,Arcos Serie Samoa | Batería de Cocina 5 piezas | Aluminio Forjado | Full Inductino | Asas Acero Inoxidable Efecto Frio | Sistema ahorro energético | Apta lavavajillas | Color Negro,697500,816,13,0.02%,0.01%,"1,218",20,0.02%,0.01%,94.84%,100.00%,14,2,1.72%,15.38%,"2.832,50 €","409,90 €",13,1
B0G2D49KKR,B0G2D49KKR,VINFER-WINS 010|Ambientador Floral| Pack Ahorro: Garrafa 5L + Concentrado 250 ml | Rinde 10 Litros Totales | Fragancia Elegante y Duradera para Todos los Espacios | 100% Made in Spain,WC010+010,204,15,0.01%,0.01%,250,23,0.00%,0.02%,98.68%,94.44%,14,4,6.86%,26.67%,"276,39 €","76,49 €",13,3
B0B3F4QXML,B000Q8UYRK,Arcos Cuchillo Jamonero Acero Inoxidable Forjado Nitrum 300 mm,256800_fbm,"1,160",34,0.03%,0.03%,"1,418",46,0.03%,0.03%,60.93%,70.00%,12,1,1.03%,2.94%,"355,88 €","27,99 €",12,1
B0044R87XM,B0044R87XM,"Arcos Cuchillo cocina laerie Kyoto - Hoja Acero Inoxidable forjado Nitrum 6"" - Mango negro polioximetileno (POM) - Elegante y duradero (7'')",178900_,738,16,0.02%,0.02%,"1,037",23,0.02%,0.02%,99.57%,100.00%,12,2,1.63%,12.50%,"599,88 €","99,98 €",12,2
B0F54LTCFF,B007TS67Q2,Arcos Cuchillo Chef Acero Inoxidable 120 mm,280304,"30,510",838,0.78%,0.79%,"44,641","1,178",0.80%,0.78%,0.35%,0.26%,19,3,0.06%,0.36%,"246,83 €","38,99 €",12,1
B0H5FT852G,B0714CRSCQ,Arcos Cuchillo Mondador Negro 100 mm,150300,"4,700",122,0.12%,0.12%,"7,094",172,0.13%,0.11%,2.35%,3.37%,17,2,0.36%,1.64%,"169,21 €","19,96 €",12,1
B077V7LJJM,B077V7LJJM,"Arcos Serie Riviera, Set Jamonero de 3 piezas, 1 Cuchillo Jamonero + 1 Deshuesador + 1 Chaira, Hoja de Acero Inoxidable Forjado Nitrum, Mango de Polioximetileno, POM, Color Negro",_806911_,616,25,0.02%,0.02%,872,30,0.02%,0.02%,68.88%,85.71%,12,2,1.95%,8.00%,"839,88 €","139,98 €",12,2
B0D1CTXJXN,B07MZJTY16,HENDI Jarra medidora apilable - 5 L - ø210x(H)270 mm,H567852,150,20,0.00%,0.02%,180,20,0.00%,0.01%,97.58%,100.00%,21,8,14.00%,40.00%,"291,36 €","109,49 €",12,6
B0FY5CB86K,B07N8WHPP7,"Arcos Lira de Queso Profesional - Corte Preciso para Quesos - Estructura y Mango de Acero Inoxidable, 210 mm - Herramienta de Cocina Esencial, Color Gris",795100,310,12,0.01%,0.01%,391,14,0.01%,0.01%,80.44%,66.67%,12,1,3.87%,8.33%,"275,01 €","22,95 €",12,1
B09FQ5SZK8,B08MV1BJ5Z,Arcos Serie Nordika - Cuchillo Cocinero - Acero Inoxidable NITRUM - Hoja de 140 mm - Mango de Madera Ovengkol 100% natural FSC - Embalaje 100% reciclado,165400_fbm,"2,722",62,0.07%,0.06%,"3,449",86,0.06%,0.06%,35.11%,41.18%,12,3,0.44%,4.84%,"294,29 €","70,63 €",12,3
B08TLR4Z27,B095C22QFS,Arcos jamonero Profesional | Cuchillo jamonero jamonero Inoxidable Nitrum | Mango Negro | Cuchillo Jamon iberico | Serie Maitre| Hoja Flexible y Filo Liso | 275 mm | Acero Inoxidable NITRUM,151811,920,13,0.02%,0.01%,"1,285",18,0.02%,0.01%,98.73%,100.00%,12,0,1.30%,0.00%,"237,88 €","0,00 €",12,0
B06XB92VRH,B09LYZ5G5S,CUPERINOX Deluxe Cafetera Italiana Induccion Espresso Inoxidable 6 Tazas,25052,699,17,0.02%,0.02%,915,21,0.02%,0.01%,99.28%,100.00%,12,0,1.72%,0.00%,"372,79 €","0,00 €",12,0
B0DK3G72TM,B0B1JNX37K,"HENDI Lavador de cucharas para helados, línea de suministro de agua de 3/8"", línea de drenaje de 3/4"", 270x111x(H)115mm, acero inoxidable AISI 304",H802007,289,30,0.01%,0.03%,419,49,0.01%,0.03%,52.07%,48.72%,15,1,5.19%,3.33%,"1.057,49 €","70,49 €",12,1
B0B2RGCWLL,B0B2RGCWLL,"HENDI Cesta para Freír, 8L, 238x190x(H)140mm",H930656,625,81,0.02%,0.08%,934,124,0.02%,0.08%,15.58%,17.20%,17,9,2.72%,11.11%,"576,60 €","296,68 €",12,6
B0F1ZF7H1L,B005LR67V8,Arcos Cuchillo para Pan Acero Inoxidable Nitrum 200 mm,231300_,"1,863",45,0.05%,0.04%,"2,611",53,0.05%,0.04%,8.77%,22.22%,11,1,0.59%,2.22%,"330,39 €","29,99 €",11,1
B0F1ZF7H1L,B005LR6J3Y,Arcos Riviera Juego 6 Cuchillos Forjados Acero Inoxidable Nitrum,234200_,"1,795",49,0.05%,0.05%,"2,241",58,0.04%,0.04%,58.63%,69.70%,11,0,0.61%,0.00%,"1.897,54 €","0,00 €",11,0
B00D3LFQ3E,B00D3LFQ3E,ARCOS Cuchillo Corta Bacalao y Pan Acero Polietileno Blanco 440 mm,791600,505,21,0.01%,0.02%,751,36,0.01%,0.02%,44.21%,21.43%,11,3,2.18%,14.29%,"1.161,49 €","316,75 €",11,3
B017HKRLMK,B00I9XTPTW,"ARCOS Tabla de Cortar Fibra de Celulosa y Resina 37,7x27,7cm",691710,"1,099",36,0.03%,0.03%,"1,547",51,0.03%,0.03%,12.76%,12.50%,13,4,1.18%,11.11%,"333,36 €","99,45 €",11,3
B09381N96H,B00PKFXWJQ,Arcos Serie Cuchillos de Mesa - Cuchillo Mesa - Hoja Serrada de Acero Inoxidable NITRUM de 125 mm - Mango Polipropileno Color crema,370200_1Pieza,436,7,0.01%,0.01%,645,7,0.01%,0.00%,94.34%,100.00%,26,0,5.96%,0.00%,"90,74 €","0,00 €",11,0
B093DRZ154,B017DLDM3A,Arcos Cuchillo Mondador Madera 65 mm,100100_us,"3,089",63,0.08%,0.06%,"4,679",91,0.08%,0.06%,0.54%,0.00%,23,0,0.74%,0.00%,"126,27 €","0,00 €",11,0
B07TXLLGJX,B06XRYBCZQ,HENDI Placa de inducción de sobremesa profesional 3500 D XL,H239698,744,44,0.02%,0.04%,"1,131",69,0.02%,0.05%,68.72%,52.83%,11,2,1.48%,4.55%,"3.640,92 €","660,00 €",11,2
B09JPSTVBC,B07B8MQZTW,Arcos Serie Riviera Rose - Cuchillo Mondador - Hoja de Acero Inoxidable Forjado NITRUM 100 mm - Mango de Polioximetileno (POM) Color Rosa,230254_,391,4,0.01%,0.00%,518,5,0.01%,0.00%,97.40%,100.00%,12,1,3.07%,25.00%,"297,88 €","24,99 €",11,1
B0FR444FLT,B07D8GYFC7,"Arcos Cuchillo Chef Forjado Acero Inoxidable NITRUM - Profesional Cocina, Mango Ergonómico POM Negro, Hoja Silk Edge 150 mm, Serie Manhattan",160400_,968,29,0.02%,0.03%,"1,333",48,0.02%,0.03%,89.52%,100.00%,11,2,1.14%,6.90%,"351,50 €","62,35 €",11,2
B07MMFPNLK,B07MMFPNLK,"HENDI Placa eutéctica de Calor Profesional, GN 1/1, para Cajas térmicas, Elemento Calefactor, acumulador de Calor, Bloque térmico, Placa Caliente, 530x325x(H) 30mm, HDPE, Rojo",H707845,103,12,0.00%,0.01%,136,19,0.00%,0.01%,67.48%,82.35%,28,5,27.18%,41.67%,"1.435,02 €","256,27 €",11,2
B0DH1DC8QH,B07N8TQDFR,ARCOS Tabla de Cortar de Madera con Colgador 43 x 33 cm,708300,819,34,0.02%,0.03%,"1,188",64,0.02%,0.04%,50.84%,47.50%,11,2,1.34%,5.88%,"395,89 €","71,98 €",11,2
B07QCKLSFC,B07QCKLSFC,Cuperinox – Pack de 6 Cuchillos Chuleteros con Hoja de Acero Inoxidable Microdentada y Mango Imitación Madera – Corte Preciso y Diseño Clásico- Ecowood Series,11012_6,288,7,0.01%,0.01%,419,10,0.01%,0.01%,87.17%,25.00%,29,0,10.07%,0.00%,"260,71 €","0,00 €",11,0
B082VWVDMX,B082VWVDMX,HENDI Cesta para baguetes - 305x320x(H)350 mm,H426517,209,24,0.01%,0.02%,342,36,0.01%,0.02%,96.45%,92.31%,12,6,5.74%,25.00%,"486,00 €","243,00 €",11,6
B09DPRCMTF,B08MW2GWPC,Arcos Juego Cuchillos Carne | Cuchillo chuleteros | Cuchillos Carne Cuchillos Mesa | 6 Uds | Hoja 110 mm | Acero Inoxidable | Mango Nylon | Apto lavavajillas | Envase Ecológico (Filo Serrado),816400fba,"1,485",34,0.04%,0.03%,"2,094",46,0.04%,0.03%,99.62%,100.00%,16,0,1.08%,0.00%,"318,14 €","0,00 €",11,0
B095MKPPLC,B095MKPPLC,Desengrasante Plus Energico 5 L - VINFER - L331G05002..,VP200,99,8,0.00%,0.01%,142,10,0.00%,0.01%,59.52%,100.00%,18,1,18.18%,12.50%,"359,10 €","19,95 €",11,1
B09DPRCMTF,B0987MG3JQ,Arcos Juego Cuchillos Carne | Cuchillo chuleteros | Cuchillos Carne Cuchillos Mesa | 6 Uds | Hoja 110 mm | Acero Inoxidable | Mango Nylon | Apto lavavajillas | Envase Ecológico (Filo Liso),814200_fba,687,15,0.02%,0.01%,938,19,0.02%,0.01%,99.88%,100.00%,12,0,1.75%,0.00%,"235,88 €","0,00 €",11,0
B0B464Q8VS,B0B464Q8VS,CUPERINOX® Kitchen Pro | Tijeras de Cocina Profesional 21 cm Tijeras de Trinchar Carne y Pescado Acero Inoxidable Mango Ergonómico Apto Lavavajillas,21981,194,8,0.00%,0.01%,260,10,0.00%,0.01%,80.83%,100.00%,12,2,6.19%,25.00%,"118,15 €","18,25 €",11,2
B0C4B1CKSR,B0C4B1CKSR,Arcos Serie Nordika - Cuchillo Yanagiba - Acero Inoxidable NITRUM - Hoja de 240 mm - Mango de Madera Ovengkol 100% natural de bosques certificados FSC® - Embalaje 100% reciclado,168200,347,5,0.01%,0.00%,477,5,0.01%,0.00%,96.23%,100.00%,11,0,3.17%,0.00%,"550,71 €","0,00 €",11,0
B0G67DKSXN,B0G66TDWL6,BIOLEAF – Gel WC Esencias Marinas Pack 8×750 ml (6 L) | Limpieza Profunda del Inodoro | Gel Denso Sin Salpicaduras | Frescor Duradero | Biodegradable y Dermatológicamente Testado,3801,345,7,0.01%,0.01%,420,9,0.01%,0.01%,99.74%,83.33%,11,1,3.19%,14.29%,"291,31 €","22,31 €",11,1
B005LR69ZC,B005LR69ZC,Arcos Cuchillo de Queso Negro 145 mm,232800_,959,35,0.02%,0.03%,"1,318",49,0.02%,0.03%,5.08%,2.86%,10,1,1.04%,2.86%,"372,91 €","31,36 €",10,1
B0H2GBGWD4,B005LR6FAG,"Arcos Cuchillo Cocina Forjado en Acero Inoxidable y Hoja de 200mm. Cuchillo Chef Profesional para Cortar Pescado, Carne y Cebolla. Mango Ergonómico Polioximetileno. Serie Riviera. Color Negro.",233600_,"6,147",122,0.16%,0.12%,"9,288",176,0.17%,0.12%,4.22%,0.87%,11,3,0.18%,2.46%,"357,39 €","97,47 €",10,2
B0F1ZF7H1L,B005LR6H5O,Arcos Cuchillo Chef Forjado Acero Inoxidable. Cuchillo Cocina Profesional Multiusos Cortar Carne y Verduras. Mango Ergonómico Polioximetileno y Hoja 300mm. Serie Riviera. Color Negro.,233800_,899,35,0.02%,0.03%,"1,080",41,0.02%,0.03%,87.70%,81.82%,10,2,1.11%,5.71%,"599,90 €","119,98 €",10,2
B00BQU1IAY,B00BQU1IAY,"HENDI Calentador eléctrico de Alimentos para Buffet Tellano, Chafing Dish eléctrico al baño María, GN 1/1, Capacidad 9L, 30–85°C, 230V, 900W, 575x349x(H) 278mm, Polipropileno y Acero Inoxidable",H204825,234,56,0.01%,0.05%,383,94,0.01%,0.06%,44.24%,67.19%,19,17,8.12%,30.36%,"2.424,37 €","2.167,29 €",10,8
B00D3LCJI4,B00D3LCJI4,Arcos Saeta - Cuchillo Panero - Hoja de Acero Inoxidable Forjado Nitrum de 210 mm - Mango de Pom - Color Negro,175700,188,2,0.00%,0.00%,256,2,0.00%,0.00%,99.55%,0.00%,10,0,5.32%,0.00%,"299,90 €","0,00 €",10,0
B00D3LG0YI,B00D3LG0YI,Arcos Cuchillos de Mesa - Hoja Inoxidable NITRUM 110 mm - Cuchillo Chuletero para Carne - Mango de Nylon Duradero - Color Marrón - Ideal para Cocina y Comedor,804000_1pieza,517,12,0.01%,0.01%,682,18,0.01%,0.01%,87.08%,46.67%,38,0,7.35%,0.00%,"150,18 €","0,00 €",10,0
B00FHTW89A,B00FHTW89A,ARCOS Chaira Afilador Acero al Carbono Cromado 300 mm,278510_,378,10,0.01%,0.01%,541,10,0.01%,0.01%,34.18%,55.56%,10,2,2.65%,20.00%,"229,90 €","45,98 €",10,2
B0H2G44JDB,B00J64GI70,Arcos Riviera Blanc Cuchillo Fileteador Forjado Acero Inoxidable 200 mm,233024_,306,6,0.01%,0.01%,410,6,0.01%,0.00%,58.52%,25.00%,10,0,3.27%,0.00%,"259,90 €","0,00 €",10,0
B07TZN23F1,B00KVI6BB8,HENDI Espátula para pizza cuadrada - 1320x305 mm,H617816,161,5,0.00%,0.00%,234,5,0.00%,0.00%,95.35%,100.00%,10,2,6.21%,40.00%,"297,50 €","59,50 €",10,2
B017DLDQXQ,B017DLDQXQ,"Arcos Serie Latina, Cuchillo jamonero, Hoja de 250 mm, Mango Madera",101300_fbm,317,0,0.01%,0.00%,369,0,0.01%,0.00%,92.63%,0.00%,10,0,3.15%,0.00%,"95,05 €","0,00 €",10,0
B0F1ZF7H1L,B017DLG3AE,Arcos Cuchillo de Cocina Acero Inoxidable 140 mm,233224_,876,18,0.02%,0.02%,"1,204",24,0.02%,0.02%,37.11%,22.22%,11,0,1.26%,0.00%,"307,89 €","0,00 €",10,0
B017DLM9SO,B017DLM9SO,ARCOS Tenedores para Tartas Acero Inoxidable 18/10 140 mm,574300_fba,"6,300",242,0.16%,0.23%,"9,649",338,0.17%,0.22%,1.24%,6.67%,12,3,0.19%,1.24%,"119,88 €","29,97 €",10,2
B088L1YKB9,B01DY481VS,HENDI Thermobox Kitchen Line - GN 1/1-80 L - 685x485x(H)360 mm,H707944,576,64,0.01%,0.06%,812,105,0.01%,0.07%,66.44%,74.36%,18,7,3.13%,10.94%,"1.579,50 €","614,25 €",10,3
B07JHPTKC9,B07JHPTKC9,"Arcos Set Jamonero 3 Piezas - Cuchillo Jamonero, Deshuesador y Chaira - Hoja Silk Edge Inoxidable Forjada NITRUM - Mango Resistente POM Negro - Corte Preciso y Duradero - Serie Manhattan",858500_,229,12,0.01%,0.01%,355,17,0.01%,0.01%,92.18%,100.00%,10,1,4.37%,8.33%,"751,15 €","74,99 €",10,1
B0H2W8M8TX,B07N8W1J6B,Arcos Tabla cortar 15 x fibra resina y celulosa. Tabla picar. Serie Tablas. Color marrón.,708200,"1,434",27,0.04%,0.03%,"2,161",44,0.04%,0.03%,12.54%,6.67%,10,0,0.70%,0.00%,"269,90 €","0,00 €",10,0
B0CWLP4H3Z,B0843DKLKY,ARCOS Tijeras de Cocina Desmontables Acero Inox. Nitrum,784911_etq,"2,405",62,0.06%,0.06%,"2,998",71,0.05%,0.05%,4.17%,13.73%,10,1,0.42%,1.61%,"99,90 €","9,99 €",10,1
B0862VPJ9H,B0862VPJ9H,"HENDI Cabezal de antorcha de cocina de llama continua, soplete flambeador, quemador, recargable con cartuchos de gas GLP 199039, mango ergonómico, versátil-seguro 360°, 185x65x(H)100mm, negro y verde",H198247,163,14,0.00%,0.01%,198,21,0.00%,0.01%,88.59%,93.75%,12,4,7.36%,28.57%,"299,03 €","99,94 €",10,2
B0CQLP3WHM,B08TX1S5W4,"Arcos Grill Antiadherente Aluminio Fundido 34x26 cm, Apto para Todas las Cocinas, Asas Silicona, Ahorro Energético, Lavavajillas, Negro/Azul, Serie Thera",719500,716,15,0.02%,0.01%,"1,022",25,0.02%,0.02%,37.39%,33.33%,10,0,1.40%,0.00%,"510,49 €","0,00 €",10,0
B0CQLNJVKL,B08TX24P5L,"Arcos Thera Sartén Antiadherente de 26 Cm para Inducción, Gas y Vitrocerámica. Sartén de Cocina Mediana de Aluminio Fundido con Mango Ergonómico Extraíble y Apta para Lavavajillas. Color Negro y Azul",718400,579,13,0.01%,0.01%,833,21,0.01%,0.01%,28.40%,0.00%,10,0,1.73%,0.00%,"369,50 €","0,00 €",10,0
B09S5T6MJL,B09S5T6MJL,"HENDI Mezclador Profesional de Bebidas, Aireador/Batidor de Bebidas Ligeras, Frappés, Capuchinos Fríos, Drink Mixer, Incluye 2 Vasos y 4 Agitadores, 230V/400W, 170x196x(H)490mm, Caramelo",H221624,231,23,0.01%,0.02%,347,37,0.01%,0.02%,93.13%,96.67%,10,3,4.33%,13.04%,"1.447,99 €","397,27 €",10,3
B0DKP68T32,B0DJBYWJB7,Arcos Serie Eclipse - Cuchillo de Chef - Hoja de Acero Inoxidable Forjado con Filo Seda Plus de 200 mm - Pulido Brillo Especial - Mango Acrílico - Color Negro,213500_,967,15,0.02%,0.01%,"1,390",19,0.03%,0.01%,65.11%,66.67%,10,0,1.03%,0.00%,"741,12 €","0,00 €",10,0
B0DPLG5V7Q,B0DPJDWB77,CUPERINOX Tazas de Capuccino de Cristal - Vaso cafe - Vaso Cristal - 200ml (Set de 2) - Apto para Lavavajillas y Microondas - Aroma Series,26121_,362,5,0.01%,0.00%,477,6,0.01%,0.00%,99.77%,100.00%,13,1,3.59%,20.00%,"169,61 €","13,99 €",10,1
B0DPLG5V7Q,B0DWN63DN4,CUPERINOX Tazas de Espresso de Cristal - Vaso cafe - Vaso Cristal - 80ml (Set de 4) - Apto para Lavavajillas y Microondas - Aroma Series,26120_2packs,204,6,0.01%,0.01%,254,6,0.00%,0.00%,99.57%,100.00%,10,1,4.90%,16.67%,"157,90 €","15,99 €",10,1
B0F9X4NXL3,B0F9KW1V3K,"Cuchillos Mesa, cuchillo carne, cuchillo mantequilla, Set 12 piezas, acero inoxidable, hoja con filo y sierra, cuchillo untar. Apto lavavajillas. Mango ergonomico",20043--12,"6,258",200,0.16%,0.19%,"8,494",268,0.15%,0.18%,99.46%,97.81%,10,0,0.16%,0.00%,"117,82 €","0,00 €",10,0
B0FT8NPR4X,B0FT8NPR4X,BIOLEAF® – Gel WC + Desincrustante Baños Pack 2×750 ml | Limpieza Antical Baño | Fórmula Biodegradable con Esencias Marinas | Dermatológicamente Testado|100% MADE IN SPAIN,BIOLEAF_3429,"4,179",47,0.11%,0.04%,"5,249",59,0.09%,0.04%,98.41%,93.62%,10,0,0.24%,0.00%,"99,90 €","0,00 €",10,0
B0G4SGJSBJ,B0G25S6KJ7,BIOLEAF – Desincrustante Baños Antical Pack 8×750 ml (6 L) | Limpieza Profesional Lavabos Ducha y Bañera | Brillo Inmediato | Biodegradable y Dermatológicamente Testado,3795,343,7,0.01%,0.01%,393,7,0.01%,0.00%,97.87%,100.00%,10,0,2.92%,0.00%,"298,40 €","0,00 €",10,0
B0G65J8F3L,B0G25V4VFF,BIOLEAF– Multiusos Brillo Duradero Pack 8×750 ml (6 L) | Limpieza Muebles y Superficies | Anti-polvo | Biodegradable y Dermatológicamente Testado,3818,333,3,0.01%,0.00%,391,3,0.01%,0.00%,99.73%,100.00%,11,1,3.30%,33.33%,"303,49 €","27,99 €",10,1
B0G4RSR32Y,B0G25YRZ7Y,"BIOLEAF® – Desengrasante Cocina Profesional Pack 8×750 ml (6 L) | Antigrasa Potente para Hornos, Campanas y Superficies | Sin Disruptores Endocrinos | Fórmula Biodegradable|100% HECHO EN ESPAÑA",3788,273,5,0.01%,0.00%,326,6,0.01%,0.00%,99.67%,100.00%,10,0,3.66%,0.00%,"288,40 €","0,00 €",10,0
B0F54LTCFF,B0044R87L4,Arcos Cuchillo Panero con Hoja de Acero Inoxidable Nitrum 200 mm. Cuchillo Pan ideal para uso doméstico diario. Obtenga una gran variedad cortes parau comida. Serie Universal. Color negro.,282104_,"13,954",527,0.36%,0.50%,"19,852",713,0.36%,0.47%,0.08%,2.12%,9,8,0.06%,1.52%,"152,91 €","135,92 €",9,8
B017HKG9PK,B0044R87ZU,Arcos Cuchillo Cocina Acero Inoxidable Nitrum y Hoja 180 mm. Cuchillo Utilidad Profesional. Mango ergonómico polioximetileno Pom. Serie Maitre. Color Negro.,150800_fbm,"4,082",121,0.10%,0.11%,"5,353",141,0.10%,0.09%,4.54%,18.68%,9,2,0.22%,1.65%,"119,25 €","26,50 €",9,2
B0F54LTCFF,B0044R884U,Arcos Universal Cuchillo Santoku Acero POM Negro 170 mm,286004_us,"4,330",113,0.11%,0.11%,"6,082",139,0.11%,0.09%,7.46%,2.41%,9,0,0.21%,0.00%,"213,75 €","0,00 €",9,0
B007TS6GP4,B007TS6GP4,Arcos Juego de 6 Cuchillos de Mesa Chuleteros Acero Inoxidable 110 mm,702300_2,"1,224",37,0.03%,0.04%,"1,809",41,0.03%,0.03%,68.43%,56.67%,13,4,1.06%,10.81%,"328,47 €","103,96 €",9,1
B07BDT9G74,B008U6T624,Arcos Clásica Cuchillo Deshuesador Forjado Acero Inoxidable Nitrum 140 mm,256200_fbm,127,4,0.00%,0.00%,174,6,0.00%,0.00%,98.79%,100.00%,9,0,7.09%,0.00%,"194,91 €","0,00 €",9,0
B0D1CW5WWV,B00GZR3SJW,"HENDI Centrifugador de ensaladas, secador de ensaladas, cesta de centrifugado interior extraíble, apto para el lavavajillas, 25 L, ø430x(h)530 mm, Poliamida, Polipropileno",H952992,123,34,0.00%,0.03%,189,52,0.00%,0.03%,83.83%,92.31%,9,6,7.32%,17.65%,"1.222,46 €","806,96 €",9,6
B08L7GKSLH,B00H558KK0,HENDI Placa de inducción de sobremesa profesional modelo 2000,H239230,"2,409",59,0.06%,0.06%,"3,406",86,0.06%,0.06%,80.32%,77.19%,9,2,0.37%,3.39%,"954,85 €","211,80 €",9,2
B0G39V4XR3,B00ITVQOOI,ARCOS Tenedor de Mesa Acero Inoxidable 18/10 200 mm,371600_1pieza,441,15,0.01%,0.01%,665,32,0.01%,0.02%,37.82%,31.03%,19,6,4.31%,40.00%,"94,81 €","29,94 €",9,2
B0F1ZF7H1L,B00J64GEEC,Arcos Riviera Blanc Cuchillo Chef Forjado Acero Inoxidable 250 mm,233724_,904,21,0.02%,0.02%,"1,226",26,0.02%,0.02%,41.98%,33.33%,9,1,1.00%,4.76%,"390,59 €","42,99 €",9,1
B00WC9DMX4,B00WC9DMX4,ARCOS Chairas Chaira Afilador Acero Carbono Cromado Negro 300 mm,279010,978,24,0.02%,0.02%,"1,532",39,0.03%,0.03%,17.58%,0.00%,9,0,0.92%,0.00%,"264,41 €","0,00 €",9,0
B0752NT3TH,B01L7HPNWE,ARCOS Prochef Tijeras de Cocina Acero Azul-Negro 215 mm,185623,"3,335",74,0.08%,0.07%,"4,513",91,0.08%,0.06%,9.52%,1.69%,9,0,0.27%,0.00%,"82,53 €","0,00 €",9,0
B0B3F4QXML,B071VT3MKC,Arcos Clásica Cuchillo Cocinero Forjado Acero Inoxidable Nitrum 210 mm,255101_,736,21,0.02%,0.02%,845,30,0.02%,0.02%,91.57%,95.00%,9,0,1.22%,0.00%,"303,75 €","0,00 €",9,0
B08PW517ZC,B07D5FFJ36,"HENDI Bandeja de Servicio Ovalada XL, Superficie Antideslizante, 735x600x(H) 31mm, Negro, Fibra de Vidrio y Goma",H508831,95,7,0.00%,0.01%,131,11,0.00%,0.01%,97.52%,88.89%,15,6,15.79%,85.71%,"751,47 €","299,92 €",9,3
B0FR444FLT,B07D8WQ355,Arcos Serie Manhattan - Cuchillo Cocinero - Hoja de Acero Inoxidable Forjado Nitrum 210 mm - Mango de Polioximetileno (POM) Color Negro - Filo Seda,160600_fbat,545,2,0.01%,0.00%,799,3,0.01%,0.00%,89.12%,100.00%,9,0,1.65%,0.00%,"342,63 €","0,00 €",9,0
B07DPBX3QM,B07DPBX3QM,"HENDI Lámpara de Calor Colgante, Altura Ajustable, Cobre",H273890,563,142,0.01%,0.13%,844,218,0.02%,0.15%,29.75%,20.22%,20,7,3.55%,4.93%,"1.625,00 €","568,75 €",9,2
B0CQM2K3QY,B08TX19NTQ,"Arcos Thera Olla Grande de Cocina de 28 Cm y 6,6 L. Cacerola Alta para Inducción, Gas y Vitro. Olla de Aluminio Fundido con Tapa de Cristal y Mango Extraíble. Apta Lavavajillas. Color Negro Azul",718800,886,20,0.02%,0.02%,"1,176",25,0.02%,0.02%,56.07%,82.35%,9,0,1.02%,0.00%,"546,39 €","0,00 €",9,0
B09BVVKYWV,B09BVVKYWV,"CUPERINOX Navaja 5 en1 multiusos | Incluye Afilador Navaja| Funcion Abrebotella, rompecristales y corta cuerdas| Navaja Filo Liso y Sierra|",30060,360,7,0.01%,0.01%,489,8,0.01%,0.01%,97.96%,100.00%,9,1,2.50%,14.29%,"132,31 €","12,39 €",9,1
B08VS4FCLN,B09HBWSBN1,"Arcos Juego Cuchillos Cocina cuchillo blanco cuchillos | cuchillos cocina Maitre | 5 piezas | Chef 215 mm, Cocina 150 mm, Verduras 100 mm Tijera cocina (Negro + Jamonero)",854100 fbm,"2,589",43,0.07%,0.04%,"3,363",52,0.06%,0.03%,99.94%,100.00%,9,0,0.35%,0.00%,"449,91 €","0,00 €",9,0
B0FQNZM34T,B0BRTZ2X8C,Arcos Serie Opera - Set Cuchillos de Cocina 3 piezas - Acero Inoxidable Forjado NITRUM - Mango POM - Color negro,805900_,871,27,0.02%,0.03%,"1,162",30,0.02%,0.02%,92.18%,96.15%,9,0,1.03%,0.00%,"657,31 €","0,00 €",9,0
B0FJLTDB9J,B0F9LGKSXC,CUPERINOX Set 4 Herramientas Manicura y Pedicura|Alicate Pedicuro+Cortauñas Grande+Cortaúñas Mediano con Llavero+Tijera Punta Redonda|Acero Inoxidable Profesional|Uso Doméstico y Viaje,A10003,443,9,0.01%,0.01%,503,12,0.01%,0.01%,99.13%,100.00%,10,2,2.26%,22.22%,"193,10 €","39,98 €",9,1
B0FT8N82NY,B0FT8N82NY,BIOLEAF® – Lavavajillas+ Desengrasante Cocina Pack 2×750 ml | Limpieza Potente Antigrasa y Vajilla Reluciente | Fórmula Biodegradable con Esencia Limón | Dermatológicamente Testado| 100% MADE IN SPAIN,BIOLEAF_3436,"25,724",15,0.66%,0.01%,"42,142",25,0.76%,0.02%,94.79%,95.24%,9,0,0.03%,0.00%,"89,91 €","0,00 €",9,0
B0FT8QFSK3,B0FT8QFSK3,BIOLEAF® – Multiusos + Desengrasante Pack 2×750 ml | Limpieza Hogar y Cocina | Potente Antigrasa y Multiusos Brillo Duradero | Fórmula Biodegradable con Esencia Limón | 100% MADE IN SPAIN,BIOLEAF_3443,"3,980",36,0.10%,0.03%,"5,160",53,0.09%,0.04%,98.73%,100.00%,9,0,0.23%,0.00%,"89,91 €","0,00 €",9,0
B0FZCGBRVR,B0FZCGBRVR,CUPERINOX - Cuchillo Pelador Forjado Profesional 9 cm | Hoja de Acero Inoxidable de Alta Precisión | Mango Ergonómico Antideslizante | Cuchillo de Cocina para Frutas y Verduras,19304,345,8,0.01%,0.01%,498,12,0.01%,0.01%,99.77%,100.00%,9,1,2.61%,12.50%,"107,91 €","11,99 €",9,1
B0H29K88R6,B0H29K88R6,"VINFER-Mopas Spray con Insecticida Pack 2x750 ml (1,5L)| Aerosol Doble Acción Limpieza e Insecticida | Para Insectos Rastreros | Limpia Suelos y Ayuda a Combatir Cucarachas, Hormigas y Arañas",MOPASMORADO_PACK2,119,6,0.00%,0.01%,153,11,0.00%,0.01%,99.32%,88.89%,9,0,7.56%,0.00%,"134,91 €","0,00 €",9,0
B0F54LTCFF,B000NOAYN6,Arcos Universal Set 2 Piezas Jamonero + Afilador Acero Inoxidable Nitrum,285500,860,94,0.02%,0.09%,947,103,0.02%,0.07%,69.06%,69.23%,8,1,0.93%,1.06%,"190,71 €","23,79 €",8,1
B00509FC90,B00509FC90,"HENDI Baño María eléctrico, con grifo, sistema de calentamiento al baño María, temperatura regulable 30°C a 85°C, 1x GN 1/1, 2x GN 1/2, 3x GN 1/3, 19L, 230V, 1000W, 605x332x(H)242mm, acero inoxidable",H238912,204,44,0.01%,0.04%,275,53,0.00%,0.04%,67.87%,68.89%,9,5,4.41%,11.36%,"1.361,25 €","756,25 €",8,4
B0H2G7NH42,B005LR68DU,Arcos Cuchillo Jamonero con Alveolos 250 mm,231000_,"1,348",42,0.03%,0.04%,"2,020",57,0.04%,0.04%,16.59%,11.11%,8,0,0.59%,0.00%,"267,92 €","0,00 €",8,0
B0895RNY35,B007TS6HDA,ARCOS Descorazonador de Manzanas Acero Inoxidable Nitrum 75 mm,612300,152,3,0.00%,0.00%,208,5,0.00%,0.00%,5.15%,100.00%,9,1,5.92%,33.33%,"76,41 €","8,49 €",8,1
B0B3F4QXML,B008U6T7Q4,Arcos Clásica Cuchillo Santoku Forjado Acero Inoxidable Nitrum 180 mm,256600_fmb,"1,387",24,0.04%,0.02%,"1,787",27,0.03%,0.02%,20.74%,36.36%,8,0,0.58%,0.00%,"255,92 €","0,00 €",8,0
B0B3F4QXML,B008U6TDTK,Arcos Serie Clasica - Juego de Cuchillos de 5 piezas en Caja de Regalo (5 Cuchillos) - Hoja de Acero Inoxidable Forjado NITRUM - Mando de Polioximetileno (POM) - Bloque de madera color marrón acabado lacado,257000,"5,158",122,0.13%,0.12%,"7,436",183,0.13%,0.12%,55.48%,64.96%,8,0,0.16%,0.00%,"1.092,92 €","0,00 €",8,0
B0GDXY2XBY,B00D3LBPIE,Arcos Mesa Cuchillo Chuletero Serrado Acero Monoblock Plata 110 mm,809500_1pieza,927,30,0.02%,0.03%,"1,291",49,0.02%,0.03%,26.94%,10.26%,35,0,3.78%,0.00%,"208,77 €","0,00 €",8,0
B0D1CW5WWV,B00GZR3RSO,"HENDI Centrifugador de ensaladas, secador de ensaladas, cesta de centrifugado interior extraíble, apto para el lavavajillas, 12 L, ø335x(h)430 mm, Poliamida, Polipropileno",H222553,91,17,0.00%,0.02%,124,21,0.00%,0.01%,80.70%,66.67%,8,5,8.79%,29.41%,"958,00 €","598,75 €",8,5
B0D1CVQX4L,B00JP7NAGK,"HENDI Tabla de Cortar, Madera, marrón, 530x325mm GN 1/1",H506905,255,4,0.01%,0.00%,386,5,0.01%,0.00%,83.87%,0.00%,8,0,3.14%,0.00%,"329,35 €","0,00 €",8,0
B06XB92VRH,B00YU2ZS1A,CUPERINOX Cafetera Italiana Induccion Espresso Acero Inoxidable 6 Tazas,25033_,676,20,0.02%,0.02%,873,26,0.02%,0.02%,94.18%,86.36%,8,0,1.18%,0.00%,"143,20 €","0,00 €",8,0
B0GYLCHCZH,B01418E5ZC,"HENDI Cubitera para botellas, enfriador de bebidas tipo champanera, BarUp, 9,5L, ⌀350x(H)230mm, acero inoxidable",H471524,125,11,0.00%,0.01%,169,18,0.00%,0.01%,94.44%,81.25%,14,7,11.20%,63.64%,"342,86 €","171,43 €",8,3
B017DLH9RA,B017DLH9RA,ARCOS Cuchillo Abre Ostras Acero Inoxidable 60 mm,277200_pp,976,35,0.02%,0.03%,"1,302",44,0.02%,0.03%,82.74%,71.43%,8,0,0.82%,0.00%,"63,92 €","0,00 €",8,0
B0189HXTQ2,B017DLMQOG,"Arcos Tablas - Tabla de Cocina Antibacteriana para Cortar, Resistente al Lavavajillas, Fibra de Celulosa y Resina, 33x23 cm, Alta Resistencia al Calor, Negro",692110,"1,736",43,0.04%,0.04%,"2,450",63,0.04%,0.04%,18.41%,19.44%,8,1,0.46%,2.33%,"183,92 €","22,99 €",8,1
B01MQDCZTB,B01MQDCZTB,"HENDI Carro bandejero con Superficie de Trabajo, 7 x GN 1/1, Capacidad de Carga 70 kg, 445x615x(H) 945mm, Acero Inoxidable",H810668,185,37,0.00%,0.04%,279,53,0.01%,0.04%,64.58%,53.66%,8,4,4.32%,10.81%,"1.592,00 €","796,00 €",8,4
B0F54LTCFF,B072FHSBJT,Arcos Serie Universal - Cuchillo Tomatero Cuchillo para Verduras - Hoja de Acero Inoxidable NITRUM 130 mm - Mango de Polioximetileno (POM) Color Negro,289104,"4,188",107,0.11%,0.10%,"5,962",148,0.11%,0.10%,1.24%,5.95%,8,1,0.19%,0.93%,"119,92 €","14,99 €",8,1
B086WYMVKJ,B07D7NHQVR,"HENDI Soporte expositor para pan de sobremesa GN 1/2, 2 niveles, con 2 cestas para bufé, 360x280x(H) 290mm, polipropileno",H561201,621,55,0.02%,0.05%,895,89,0.02%,0.06%,49.14%,53.85%,11,8,1.77%,14.55%,"402,05 €","289,85 €",8,5
B0FR444FLT,B07D8WQ355,Arcos Serie Manhattan - Cuchillo Cocinero - Hoja de Acero Inoxidable Forjado Nitrum 210 mm - Mango de Polioximetileno (POM) Color Negro - Filo Seda,160600_,545,2,0.01%,0.00%,799,3,0.01%,0.00%,89.12%,100.00%,8,0,1.47%,0.00%,"299,92 €","0,00 €",8,0
B0CTHQG9QZ,B07DB3C9JY,"HENDI Recipiente Gastronorm GN 1/1 con asas, Budget Line, resistencia térmica -40 °C a 250 °C, apto para horno y baño maría, 28L, 530x325x(H) 200mm, acero inoxidable",H817155,193,29,0.00%,0.03%,266,40,0.00%,0.03%,67.76%,76.47%,11,3,5.70%,10.34%,"378,82 €","104,97 €",8,3
B0CTCW7QFZ,B07DC7ZX3W,HENDI Recipiente Gastronorm 1/1 - PC - Transparente - 28 L - 530x325x(H) 200 mm,H861202,68,12,0.00%,0.01%,97,17,0.00%,0.01%,96.55%,100.00%,11,9,16.18%,75.00%,"370,52 €","302,22 €",8,6
B07MZHDK6L,B07MZHDK6L,"HENDI Descalcificador de agua, 8L",H231210,498,42,0.01%,0.04%,722,62,0.01%,0.04%,41.55%,6.98%,8,0,1.61%,0.00%,"958,00 €","0,00 €",8,0
B0FQNZM34T,B0843SLMDX,Arcos Cuchillo Chef Acero Inoxidable. Cuchillo cocina profesional multipropósito para cortar y limpiar verduras. Mango ergonómico polioximetileno y Hoja 230 mm. Serie Opera. Color negro.,225200_fbm,455,7,0.01%,0.01%,564,9,0.01%,0.01%,76.38%,77.78%,8,2,1.76%,28.57%,"327,76 €","81,94 €",8,2
B08VS4FCLN,B08CY5ZRD7,"Arcos Serie Maitre - Juego Cuchillo de cocina 4 piezas, (3 cuchillos + 1 tijeras) Hoja de Acero Inoxidable NITRUM 80 mm, Mango Polipropileno Negro",152610_,827,16,0.02%,0.02%,"1,029",21,0.02%,0.01%,99.27%,93.75%,8,0,0.97%,0.00%,"320,58 €","0,00 €",8,0
B08VW7LTT6,B08VW7LTT6,"HENDI Cabezal de antorcha de cocina de llama continua con cartucho de recarga de gas GLP 199039, soplete flambeador, quemador de gas GLP, profesional, versátil-seguro 360°, negro con acentos en verde",H198254,76,8,0.00%,0.01%,103,12,0.00%,0.01%,89.36%,100.00%,9,1,11.84%,12.50%,"317,23 €","35,57 €",8,1
B0CRDWK8V7,B09T9QY59F,"Arcos Samoa Cazo Antiadherente Aluminio Forjado 20 cm 2,6 L",717310,751,14,0.02%,0.01%,"1,078",18,0.02%,0.01%,21.05%,85.71%,9,1,1.20%,7.14%,"341,55 €","37,95 €",8,1
B0BRT1JYNQ,B0BRT1JYNQ,Arcos Riviera - Juego de Cuchillos de Cocina (Mondador + 2 Cuchillo Chef) - Acero Inoxidable Forjado NITRUM - Mango POM - Color Negro,838310,801,13,0.02%,0.01%,"1,136",19,0.02%,0.01%,61.01%,66.67%,8,0,1.00%,0.00%,"671,92 €","0,00 €",8,0
B0CHJZ3VBQ,B0CHJZ3VBQ,Arcos jamonero Profesional | Cuchillo jamonero jamonero Inoxidable Nitrum | Mango Blanco | Cuchillo Jamon iberico | Serie Artika| Hoja Flexible y Filo Liso | 275 mm | Acero Inoxidable,151244_,169,2,0.00%,0.00%,268,2,0.00%,0.00%,98.14%,100.00%,8,0,4.73%,0.00%,"135,92 €","0,00 €",8,0
B0CN14GJ6L,B0CN14GJ6L,"HENDI Vitrina expositora con cubierta deslizante, mostrador Buffet, conjunto exhibidor con doble función: calentar o enfriar, kit incl. 2 bloques de gel, bandeja de acero inox, 465x315x(H)195mm, PP",H871775,359,59,0.01%,0.06%,498,79,0.01%,0.05%,79.59%,72.31%,9,5,2.51%,8.47%,"764,91 €","424,95 €",8,4
B0CVH8PC99,B0CQRMMMR5,CUPERINOX Cuchillos Carne | Cuchillos Mesa | Cuchillos Chuleteros | 6 Piezas | Hoja Serrada | Mango Polipropileno | Acero Inoxidable | 11 cm,99921,530,18,0.01%,0.02%,675,21,0.01%,0.01%,99.37%,100.00%,8,2,1.51%,11.11%,"78,19 €","18,25 €",8,2
B0DPKXM18X,B0DNQXN97X,CUPERINOX Soporte Jamonero Inoxidable | Jamonero Plegable | Jamonero Giratorio | Jamonero Profesional | Cuchillo Jamonero Profesional y Afilador,20250_,"5,630",188,0.14%,0.18%,"6,650",214,0.12%,0.14%,80.87%,78.42%,8,0,0.14%,0.00%,"479,92 €","0,00 €",8,0
B0G3ZJ89NB,B0FZD7ZY1W,CUPERINOX Cuchillo Jamonero Profesional 25 cm – Hoja Alveolada de Acero Inoxidable Antideslizante con Mango Ergonómico – Corte Preciso y Fino para Jamón y Paletilla| Maestros del Corte,19305,"1,304",35,0.03%,0.03%,"1,632",41,0.03%,0.03%,98.88%,100.00%,9,0,0.69%,0.00%,"177,87 €","0,00 €",8,0
B0G4F8D9B5,B0G4F8D9B5,"CUPERINOX Cuchillos Niños | Juego de Cuchillos Infantiles de 8 Piezas | Kit Cocina Método Montessori Aprendizaje +2 Años | Incluye Tabla de Cortar, Pelador y Cuchillo de Madera (8)",27007_,181,7,0.00%,0.01%,221,8,0.00%,0.01%,99.00%,100.00%,12,5,6.63%,71.43%,"136,86 €","54,93 €",8,1
B0H1RQ93K4,B0GZ4V22QJ,"CUPERINOX – 12 Aros de Emplatar 8 x 4 cm de Acero Inoxidable | Moldes Redondos para Tártar, Arroces, Postres y Aperitivos | Reutilizables, Aptos para Lavavajillas",22571,96,10,0.00%,0.01%,127,12,0.00%,0.01%,99.18%,84.62%,9,6,9.38%,60.00%,"170,87 €","113,90 €",8,5
B0050G2IOU,B0050G2IOU,"HENDI Sartén eléctrica multiusos, paellera cazuela olla plancha, de fiestas, revestimiento antiadherente, termostato, con tapa, interior: ø40cm profundidad: 5cm, 230V, 1400W, ø500x(H)190mm, aluminio",H239506,"1,038",20,0.03%,0.02%,"1,336",24,0.02%,0.02%,75.12%,38.89%,7,0,0.67%,0.00%,"379,75 €","0,00 €",7,0
B0F1ZF7H1L,B005LR6C7C,Arcos Cuchillo Cocina Acero Inoxidable Negro 180 mm,233500,"6,138",129,0.16%,0.12%,"8,561",156,0.15%,0.10%,19.85%,13.79%,7,0,0.11%,0.00%,"244,93 €","0,00 €",7,0
B0H2GBGWD4,B005LR6E0C,Arcos Cuchillo Cocinero Acero Inoxidable Negro 150 mm,233400_,"1,905",44,0.05%,0.04%,"2,619",57,0.05%,0.04%,9.67%,0.00%,7,0,0.37%,0.00%,"188,93 €","0,00 €",7,0
B005LR6J3Y,B005LR6J3Y,Arcos Riviera Juego 6 Cuchillos Forjados Acero Inoxidable Nitrum,234200_,476,13,0.01%,0.01%,689,22,0.01%,0.01%,62.58%,41.18%,7,0,1.47%,0.00%,"1.227,12 €","0,00 €",7,0
B0BMQ3CMJD,B005LR73D4,Arcos Serie Niza - Set Jamoneri - Cuchillo Jamonero + Chaira - Hoja de Acero Inoxidable NITRUM de 240 mm - Mangos fabricados en Polipropileno (PP) Color Negro,136700_fbm,"1,819",38,0.05%,0.04%,"2,514",51,0.05%,0.03%,6.16%,9.09%,7,0,0.38%,0.00%,"104,93 €","0,00 €",7,0
B0752NT3TH,B005LR77UI,ARCOS Tijeras de Cocina Acero Inoxidable 215 mm,185400,"3,501",90,0.09%,0.09%,"4,173",128,0.08%,0.09%,8.61%,10.67%,7,0,0.20%,0.00%,"122,43 €","0,00 €",7,0
B0F1ZF7H1L,B00BHZPHOG,Arcos Riviera Blanc Cuchillo Panero Acero Inoxidable Nitrum 200 mm,231324_,846,21,0.02%,0.02%,"1,113",28,0.02%,0.02%,15.13%,30.00%,7,1,0.83%,4.76%,"204,38 €","24,74 €",7,1
B0BV32H59Y,B00HYWUNR2,Arcos Saeta - Cuchillo Deshuesador - Hoja de Acero Inoxidable Forjado Nitrum de 145 mm - Mango de Pom - Color Negro,174700_us,207,11,0.01%,0.01%,348,15,0.01%,0.01%,98.97%,100.00%,8,0,3.86%,0.00%,"238,42 €","0,00 €",7,0
B00MDJVVZY,B00MDJVVZY,Arcos Latina Cuchillo de Cocina Acero Inoxidable 155 mm,100700_1pza,43,1,0.00%,0.00%,60,1,0.00%,0.00%,100.00%,100.00%,12,0,27.91%,0.00%,"69,00 €","0,00 €",7,0
B0DN1W6N4N,B015WI6B7A,"HENDI Jarra, para batidoras licuadoras HENDI 230718-230695-230688-230213-230602-230664, 2,5L, juego completo: cuchillas-jarra-tapas, de Tritan sin BPA, batidos-cócteles-postres, 200x170x(H)360mm",H933688,100,16,0.00%,0.02%,124,18,0.00%,0.01%,70.54%,50.00%,9,4,9.00%,25.00%,"1.112,42 €","499,97 €",7,3
B0F1ZF7H1L,B017DEWUDK,Arcos Cuchillo Acero Inoxidable 300 mm,233824_,493,10,0.01%,0.01%,612,17,0.01%,0.01%,83.51%,66.67%,8,1,1.62%,10.00%,"479,92 €","59,99 €",7,1
B0F1ZF7H1L,B017DLG38Q,Arcos Cuchillo Cocina Acero Inoxidable Negro 140 mm,233200_,"2,133",45,0.05%,0.04%,"2,898",60,0.05%,0.04%,8.65%,7.41%,7,0,0.33%,0.00%,"195,93 €","0,00 €",7,0
B09F9M72Z9,B017DLNFNC,Arcos Cuchillos de Mesa - Cuchillo Chuletero Cuchillo de Mesa - Hoja de Acero Inoxidable NITRUM 110 mm - Mango de Polipropileno - Color Negro,805109_1pieza,"6,472",107,0.16%,0.10%,"9,280",136,0.17%,0.09%,1.91%,4.00%,11,6,0.17%,5.61%,"40,88 €","20,93 €",7,2
B01BQA0K84,B01BQA0K84,"HENDI Soporte de bandejas Redondas, Soporte para Servir y presentar Alimentos, mariscos, con 2 Platos: Ø 300/400mm, ⌀400x(H) 200mm, Acero Inoxidable, Plata",H480519,74,11,0.00%,0.01%,121,27,0.00%,0.02%,91.75%,100.00%,7,0,9.46%,0.00%,"277,90 €","0,00 €",7,0
B0GRNWHJPV,B071LGMH89,Arcos Mesa Cuchillo Carne Nitrum Pack Madera Marrón 4 pulg,374610_fbm,"1,096",35,0.03%,0.03%,"1,451",50,0.03%,0.03%,20.11%,24.24%,39,28,3.56%,80.00%,"652,82 €","468,68 €",7,3
B072BX31NV,B072BX31NV,Arcos Juego 6 Cuchillos de Mesa Nitrum Acero Crema 105 mm,703500__,"1,684",31,0.04%,0.03%,"2,543",42,0.05%,0.03%,7.12%,14.29%,9,1,0.53%,3.23%,"107,91 €","11,99 €",7,1
B0752NT3TH,B072FGV2YB,Arcos Serie Prochef - Tijeras de Cocina - Hoja de Acero Inoxidable - 220 mm - Mango de Polipropileno Color Negro,185900,"2,166",59,0.06%,0.06%,"2,434",67,0.04%,0.04%,18.71%,61.36%,7,0,0.32%,0.00%,"174,93 €","0,00 €",7,0
B07CZP72RF,B07CZP72RF,"HENDI Horno de Convección Profesional H90S con Humidificación manual, 2670W, incl. 4 Bandejas de Aluminio, 2 Ventiladores, 50-300°C, Puerta Doble Cristal, 230V, 595x595x(H)570mm, Acero Inoxidable",H227077,516,47,0.01%,0.04%,749,73,0.01%,0.05%,67.49%,48.28%,7,2,1.36%,4.26%,"4.508,93 €","1.263,93 €",7,2
B07CZPBVZB,B07CZPBVZB,HENDI Matamoscas de alto voltaje - Cobertura: 150 m² - 230V / 45W - 640x90x(H)360 mm,H270172,83,4,0.00%,0.00%,155,4,0.00%,0.00%,94.20%,66.67%,7,0,8.43%,0.00%,"563,15 €","0,00 €",7,0
B0D1CXLR2J,B07D5DJZBL,HENDI Embudo para repostería Kitchen Line - Gris claro - 1.5 L - 270x195x(H)270 mm,H551813,44,2,0.00%,0.00%,54,2,0.00%,0.00%,90.00%,100.00%,12,11,27.27%,550.00%,"678,17 €","621,18 €",7,6
B07D94F6NS,B07D94F6NS,"HENDI Recipiente Gastronorm GN 1/1, Budget Line, resistencia térmica -40 °C a 250 °C, apto para horno y baño maría, 9L, 530x325x(H) 65mm, acero inoxidable",H800126,133,31,0.00%,0.03%,230,53,0.00%,0.04%,41.88%,48.89%,22,16,16.54%,51.61%,"351,14 €","255,18 €",7,4
B085SP2NWD,B07DC4CBN7,"HENDI Caja para masa de pizza y de pan, 14L, caja de fermentación, apilable, sin tapa, apta para alimentos, recipiente contenedor porta masa alimentos, sin BPA, 600x400x(H) 75mm, HDPE",H880906,112,18,0.00%,0.02%,148,21,0.00%,0.01%,94.07%,100.00%,32,12,28.57%,66.67%,"632,73 €","232,93 €",7,3
B07DPCM8YW,B07DPCM8YW,"HENDI Lámpara de Calor Colgante, Altura Ajustable, Plata",H273883,251,51,0.01%,0.05%,317,76,0.01%,0.05%,64.26%,48.48%,11,4,4.38%,7.84%,"780,45 €","283,80 €",7,3
B07G76CQC2,B07G76CQC2,"Arcos Cuchillos de Mesa Caja de 24 uds Chuletero, Hoja de Acero Inoxidable Nitrum 110 mm, Mango de Nylon, Color Marrón (24 uds)",804000_24piezas,142,9,0.00%,0.01%,190,12,0.00%,0.01%,70.19%,100.00%,7,3,4.93%,33.33%,"314,93 €","134,97 €",7,3
B082VW3C39,B082VW3C39,HENDI Carro de lavandería - 900x650x(H)850 mm,H691083,129,43,0.00%,0.04%,179,65,0.00%,0.04%,84.87%,73.47%,7,5,5.43%,11.63%,"1.365,00 €","975,00 €",7,5
B0FQNZM34T,B0843DFWRQ,"Arcos Cuchillo Chef Acero Inoxidable. Cuchillo cocina profesional cortar carne, pescado, aves, frutas y verduras. Mango ergonómico polioximetileno y Hoja 140 mm. Serie Opera. Color negro.",224900_fbm,530,6,0.01%,0.01%,674,6,0.01%,0.00%,75.95%,80.00%,7,0,1.32%,0.00%,"172,06 €","0,00 €",7,0
B08VS4FCLN,B08CY5ZRD7,"Arcos Serie Maitre - Juego Cuchillo de cocina 4 piezas, (3 cuchillos + 1 tijeras) Hoja de Acero Inoxidable NITRUM 80 mm, Mango Polipropileno Negro",152610,827,16,0.02%,0.02%,"1,029",21,0.02%,0.01%,99.27%,93.75%,7,0,0.85%,0.00%,"279,93 €","0,00 €",7,0
B08GSTDWTC,B08G4D9718,"Arcos | Cuchillos 3 Colores | Cuchillo de pelar | Cuchillos pelar Patatas | Acero Inoxidable Nitrum| Envase Ecológico | Cuchillo Colores (85 mm, Amarillo, Turquesa, Naranja)",816700,"3,549",83,0.09%,0.08%,"4,503",93,0.08%,0.06%,92.69%,97.83%,8,1,0.23%,1.20%,"87,92 €","10,99 €",7,1
B08MTWQWZZ,B08MTWQWZZ,Arcos Cuchillo Cocinero Profesional Acero Inoxidable 160mm,165900_fbm,"1,441",43,0.04%,0.04%,"2,115",62,0.04%,0.04%,16.63%,16.67%,7,1,0.49%,2.33%,"181,93 €","25,99 €",7,1
B0CQLQ57BT,B08TWYJ47S,"Arcos Cazo Antiadherente 18 cm - Aluminio Fundido, Apto para Todas las Cocinas, Mango Ergonómico, Ahorro Energético, Lavavajillas, Negro/Azul - Serie Thera",719100,562,6,0.01%,0.01%,789,8,0.01%,0.01%,34.26%,66.67%,8,0,1.42%,0.00%,"191,72 €","0,00 €",7,0
B0CQLNJVKL,B08TWZWRLW,"Arcos Thera Sartén Antiadherente de 24 Cm para Inducción, Gas y Vitrocerámica. Sartén de Cocina Mediana de Aluminio Fundido con Mango Ergonómico Extraíble y Apta para Lavavajillas. Color Negro y Azul",718300,451,9,0.01%,0.01%,587,11,0.01%,0.01%,28.51%,100.00%,7,1,1.55%,11.11%,"233,65 €","32,95 €",7,1
B09DPRCMTF,B0987MG3JQ,Arcos Juego Cuchillos Carne | Cuchillo chuleteros | Cuchillos Carne Cuchillos Mesa | 6 Uds | Hoja 110 mm | Acero Inoxidable | Mango Nylon | Apto lavavajillas | Envase Ecológico (Filo Liso),814200FBM,687,15,0.02%,0.01%,938,19,0.02%,0.01%,99.88%,100.00%,8,0,1.16%,0.00%,"159,92 €","0,00 €",7,0
B09S75R1NW,B09GPS236X,"HENDI Portacondimentos de Bar, Bandeja de Guarniciones para Cócteles BarUp, Caja Organizadora con Tapa Transparente, 6 Contenedores de Polipropileno, 480x150x(H) 100mm, HIPS, Negro",H552032,51,5,0.00%,0.00%,80,5,0.00%,0.00%,86.84%,100.00%,7,4,13.73%,80.00%,"211,83 €","120,76 €",7,4
B06XB92VRH,B09LZ2VHYP,CUPERINOX Deluxe Cafetera Italiana Induccion Espresso Inoxidable 10 Tazas,25053FBM,635,20,0.02%,0.02%,776,27,0.01%,0.02%,100.00%,100.00%,7,1,1.10%,5.00%,"253,54 €","34,99 €",7,1
B06XB92VRH,B09LZ2VHYP,CUPERINOX Deluxe Cafetera Italiana Induccion Espresso Inoxidable 10 Tazas,25053,635,20,0.02%,0.02%,776,27,0.01%,0.02%,100.00%,100.00%,7,1,1.10%,5.00%,"258,93 €","36,99 €",7,1
B0B4B6B16Z,B0B4B6B16Z,CUPERINOX | Tijeras de manicura para uñas | Tijera corta uñas de punta redondeada para las uñas de las manos | Fabricado en Acero Inoxidable 9 cm,21939,206,2,0.01%,0.00%,287,2,0.01%,0.00%,79.76%,100.00%,7,0,3.40%,0.00%,"69,93 €","0,00 €",7,0
B0BS9ZL3YS,B0BS9ZL3YS,Xpartan Clean | 500 ml | Limpiador de Suelos Multisuperficie para Robots de Limpieza | Concentrado y Perfumado para todo tipo de Robots y Marcas,XPARTAN,179,5,0.00%,0.00%,239,11,0.00%,0.01%,91.24%,100.00%,7,0,3.91%,0.00%,"111,93 €","0,00 €",7,0
B0DG2MS2G9,B0DG2MS2G9,"HENDI Cesta de asar para patatas fritas, GN1/1, CONVECTOMAT, para hornos, fondo ondulado, resiste hasta 200°C, bandeja para horno, cesta para freír, 530x325x(H)40mm, acero inoxidable",H808818,106,20,0.00%,0.02%,172,33,0.00%,0.02%,66.89%,55.56%,25,17,23.58%,85.00%,"1.185,45 €","803,45 €",7,3
B0DTZ1X5QW,B0DTZ1X5QW,"HENDI Chafing Dish Eléctrico UNIQ, 12,5L, Beis",H470442,78,19,0.00%,0.02%,107,25,0.00%,0.02%,88.12%,87.50%,10,9,12.82%,47.37%,"2.083,44 €","1.872,00 €",7,6
B0FT8NLHQ3,B0FT8NLHQ3,BIOLEAF® – Multiusos + Limpiacristales Pack 2×750 ml | Limpieza Total Hogar | Brillo Duradero en Superficies y Cristales Sin Huellas | Fórmula Biodegradable | Dermatológicamente Testado,BIOLEAF_3450,"2,061",19,0.05%,0.02%,"2,561",24,0.05%,0.02%,98.82%,100.00%,7,0,0.34%,0.00%,"69,84 €","0,00 €",7,0
B0G4RT6HMS,B0G219Z94M,"BIOLEAF – Limpiacristales Sin Huellas Pack 4×750 ml (3 L) | Brillo Perfecto en Cristales, Espejos y Ventanas | Secado Rápido Sin Marcas | Fórmula Biodegradable| 100% HECHO EN ESPAÑA",3504,428,4,0.01%,0.00%,505,4,0.01%,0.00%,99.14%,100.00%,7,1,1.64%,25.00%,"133,92 €","19,99 €",7,1
B0G65J8F3L,B0G21RGP5T,BIOLEAF– Multiusos Brillo Duradero Pack 4×750 ml (3 L) | Limpieza de Muebles y Superficies | Anti-polvo Eficaz | Biodegradable y Dermatológicamente Testado,3474,"1,188",9,0.03%,0.01%,"1,366",11,0.02%,0.01%,100.00%,100.00%,7,0,0.59%,0.00%,"136,93 €","0,00 €",7,0
B0H1RQ93K4,B0GZ533NMT,"CUPERINOX – Pack de 12 Aros de Emplatar 6 x 4 cm de Acero Inoxidable | Emplatador Redondo Reutilizable para Tártar, Arroces, Postres y Aperitivos | Cocina y Repostería",22570,142,16,0.00%,0.02%,193,23,0.00%,0.02%,99.45%,100.00%,37,32,26.06%,200.00%,"597,82 €","512,59 €",7,4
B0H1RQ93K4,B0H1HK9X3W,"CUPERINOX- Pack de 12 emplatadores Cuadrados 6x4 cm en Acero Inoxidable. Ideales para tartares, arroces, Mousse y postres. Reutilizables, duraderos y Aptos lavavajillas.",RX-Y34O-5BFX,75,4,0.00%,0.00%,111,5,0.00%,0.00%,98.06%,100.00%,14,6,18.67%,150.00%,"237,85 €","101,93 €",7,2
B0HC7F5CCG,B0H2DJMJ4G,Vinagre de Limpieza | 2 Litros | Aroma Manzana,LAGARRAFIRA_VINAGRE-LIMPIEZA,32,1,0.00%,0.00%,55,1,0.00%,0.00%,98.11%,0.00%,7,0,21.88%,0.00%,"55,93 €","0,00 €",7,0
B0H9YSCFRW,B0H5CXDMCY,VINFERMATÓN Pack 2 Fregasuelos Citronela y Albahaca 1L x 2 | Total 2L | Apto Mascotas | Aroma Fresco,Fregasuelosamarillo_PACK2,172,5,0.00%,0.00%,215,5,0.00%,0.00%,98.08%,100.00%,7,0,4.07%,0.00%,"104,93 €","0,00 €",7,0
B017HKFNO8,B005LR6ZZ6,Arcos Niza Cuchillo de Cocina Acero Inoxidable 150 mm,135300,956,28,0.02%,0.03%,"1,295",43,0.02%,0.03%,8.89%,6.25%,6,0,0.63%,0.00%,"59,94 €","0,00 €",6,0
B0873P7271,B009T19KXO,"HENDI Calentador Eléctrico para Chafing Dish GN 1/1, Sustituto del Combustible de Gel/Pasta, Mantiene la Temperatura de Servicio, 230V/380W, 300x200x(H) 40mm",H809709,51,13,0.00%,0.01%,66,17,0.00%,0.01%,98.39%,91.67%,9,8,17.65%,61.54%,"701,55 €","623,60 €",6,5
B0H2G7NH42,B00BHZPHSC,Arcos Riviera Blanc Cuchillo Jamonero Forjado Acero POM Blanco 250 mm,231024_,565,26,0.01%,0.02%,833,44,0.01%,0.03%,23.34%,26.92%,6,1,1.06%,3.85%,"203,94 €","33,99 €",6,1
B0H3P52PVS,B00BHZPKEI,Arcos Cuchillo Blanco 100 mm,230224_,847,17,0.02%,0.02%,"1,266",33,0.02%,0.02%,15.28%,10.00%,6,0,0.71%,0.00%,"119,94 €","0,00 €",6,0
B0BQDHLWRL,B00I5N4PPK,Arcos Cuchillo Chuletero Acero Inoxidable Nitrum 110 mm,_809300_1Pieza,"1,341",34,0.03%,0.03%,"2,048",44,0.04%,0.03%,6.50%,2.50%,26,0,1.94%,0.00%,"107,88 €","0,00 €",6,0
B0F1ZF7H1L,B00J64GECY,Arcos Cuchillo de Cocina Acero Inoxidable 130 mm,231524_,"1,104",29,0.03%,0.03%,"1,318",41,0.02%,0.03%,22.27%,40.00%,6,1,0.54%,3.45%,"140,94 €","23,49 €",6,1
B0H2G7NH42,B00J64GI4S,Arcos Riviera Blanc Cuchillo Jamonero Forjado POM Blanco 300 mm,231124_,274,19,0.01%,0.02%,405,27,0.01%,0.02%,44.19%,42.86%,6,0,2.19%,0.00%,"221,94 €","0,00 €",6,0
B0C6QCQY2G,B01ANXDVCM,HENDI Vitrina expositora refrigerada con bandeja GN 1/1,H424186,"1,849",192,0.05%,0.18%,"2,500",289,0.04%,0.19%,48.95%,47.12%,7,4,0.38%,2.08%,"978,27 €","559,02 €",6,3
B088L1YKB9,B01DY4846U,HENDI Thermobox Kitchen Line - 53 L - 685x485x(H)260 mm,H707951,181,29,0.00%,0.03%,227,36,0.00%,0.02%,80.88%,88.89%,11,6,6.08%,20.69%,"784,25 €","424,50 €",6,2
B0DN1W2FX7,B01DY48ILG,"HENDI Bolsas lisas para cocción sous-vide y envasado al vacío, 100 unidades, -20 °C a +110 °C, 400x300mm, 75µm, PA/PE, sin BPA",H970690,93,16,0.00%,0.02%,117,20,0.00%,0.01%,53.33%,57.14%,7,4,7.53%,25.00%,"216,93 €","123,96 €",6,3
B079ZBKL1L,B079ZBKL1L,Ambientador Concentrado de larga duración Azores,LIMPIADORAZORES,349,10,0.01%,0.01%,498,17,0.01%,0.01%,98.19%,100.00%,6,0,1.72%,0.00%,"101,94 €","0,00 €",6,0
B0B3F4QXML,B07JWJ5LDH,Arcos Serie Clasica - Juego de Cuchillos Chuleteros (6 piezas) - Acero Inoxidable Forjado NITRUM - Mango POM - Color Negro,_854500_,422,17,0.01%,0.02%,591,22,0.01%,0.01%,99.27%,100.00%,6,0,1.42%,0.00%,"490,15 €","0,00 €",6,0
B07N8VGRZR,B07N8VGRZR,ARCOS Capri Juego Cubertería 113 Piezas Acero Plata,587200,"4,985",157,0.13%,0.15%,"6,766",214,0.12%,0.14%,21.32%,13.67%,6,0,0.12%,0.00%,"2.274,00 €","0,00 €",6,0
B0GY24KF8S,B07S8PHLKH,Arcos Nova Set 6 Cuchillos Chuleteros Acero Inoxidable 110 mm,806100_fba,228,6,0.01%,0.01%,301,7,0.01%,0.00%,82.61%,100.00%,9,0,3.95%,0.00%,"161,91 €","0,00 €",6,0
B0FQNZM34T,B0843D965B,Arcos Cuchillo Chef Acero Inoxidable. Cuchillo Cocina Profesional multipropósito para Cortar y Limpiar Verduras. Mango ergonómico polioximetileno y Hoja 210 mm. Serie Opera. Color Negro.,225100_fbm,782,13,0.02%,0.01%,"1,021",14,0.02%,0.01%,85.96%,87.50%,6,1,0.77%,7.69%,"233,20 €","38,80 €",6,1
B0857QPQZ5,B0857QPQZ5,"HENDI Placa eutéctica de calor profesional, GN 1/2, para cajas térmicas, elemento calefactor, acumulador de calor, bloque térmico, placa caliente, 320x265x(H)30mm, HDPE, rojo",H707784,180,17,0.00%,0.02%,253,35,0.00%,0.02%,37.99%,42.86%,20,7,11.11%,41.18%,"579,60 €","202,86 €",6,2
B08GSTDWTC,B08G4D9718,"Arcos | Cuchillos 3 Colores | Cuchillo de pelar | Cuchillos pelar Patatas | Acero Inoxidable Nitrum| Envase Ecológico | Cuchillo Colores (85 mm, Amarillo, Turquesa, Naranja)",816700_pp,"3,549",83,0.09%,0.08%,"4,503",93,0.08%,0.06%,92.69%,97.83%,6,0,0.17%,0.00%,"53,94 €","0,00 €",6,0
B09FQ5SZK8,B08MTXFWC9,Arcos Nordika Cuchillo Jamonero Acero Inoxidable 250 mm,166700_fbm,818,21,0.02%,0.02%,974,23,0.02%,0.02%,38.64%,50.00%,6,1,0.73%,4.76%,"178,45 €","30,00 €",6,1
B0CQLNJVKL,B08TWYZQ6H,"Arcos Thera Sartén Antiadherente de 16 Cm para Inducción, Gas y Vitrocerámica. Sartén de Cocina Pequeña de Aluminio Fundido con Mango Ergonómico Extraíble y Apta para Lavavajillas. Color Negro y Azul",718000,577,14,0.01%,0.01%,792,15,0.01%,0.01%,15.88%,0.00%,6,0,1.04%,0.00%,"129,30 €","0,00 €",6,0
B0CQM2K3QY,B08TWZLD4R,"Arcos Thera Olla Grande de Cocina de 32 Cm y 9,3 L. Cacerola Alta para Inducción, Gas y Vitro. Olla de Aluminio Fundido con Tapa de Cristal y Mango Extraíble. Apta Lavavajillas. Color Negro Azul",718900,"1,333",24,0.03%,0.02%,"1,755",28,0.03%,0.02%,37.20%,18.75%,6,0,0.45%,0.00%,"379,81 €","0,00 €",6,0
B09F9KVBDX,B09F9KVBDX,Arcos Nova Juego 8 Cuchillos Mesa Acero Crema 105 mm,705300,"1,014",33,0.03%,0.03%,"1,600",48,0.03%,0.03%,8.39%,20.69%,6,2,0.59%,6.06%,"101,94 €","33,98 €",6,2
B0DK3JR7C3,B09S5T6MJL,"HENDI Mezclador Profesional de Bebidas, Aireador/Batidor de Bebidas Ligeras, Frappés, Capuchinos Fríos, Drink Mixer, Incluye 2 Vasos y 4 Agitadores, 230V/400W, 170x196x(H)490mm, Caramelo",H221624,253,23,0.01%,0.02%,389,34,0.01%,0.02%,78.70%,60.71%,7,1,2.77%,4.35%,"1.048,25 €","149,75 €",6,1
B0FWK4CNH3,B0B42QTHTP,CUPERINOX | Tijeras de pescado 18 cm | Tijeras Cocina | tijeras de cocinero profesional para aves pescado carne caza| Accesorios de cocina,21991,392,16,0.01%,0.02%,552,29,0.01%,0.02%,98.24%,100.00%,67,67,17.09%,418.75%,"378,58 €","378,58 €",6,6
B0CQC8TDDY,B0CQC8TDDY,"HENDI Chafing Dish Eléctrico UNIQ, 12,5L, Negro",H470411,278,57,0.01%,0.05%,388,76,0.01%,0.05%,46.18%,46.77%,14,13,5.04%,22.81%,"2.929,47 €","2.717,01 €",6,5
B0D37Q1JGG,B0D37Q1JGG,Maton Insecticida Residual SP 600 ml,V0013,"2,430",77,0.06%,0.07%,"3,435",108,0.06%,0.07%,0.51%,15.49%,6,3,0.25%,3.90%,"60,11 €","29,97 €",6,3
B0G6M1C8V6,B0D4WK78XV,CUPERINOX Aceiteras para Aceite Usado | Grasera Acero Inoxidable 550ML con Filtro Metálico | Recipiente para Aceite Usado de Cocina y Grasa | Grasera Cocina Metálica 550ML 2Uds Metálico,22105+22106pack,"10,461",185,0.27%,0.18%,"15,588",277,0.28%,0.18%,87.48%,90.32%,6,0,0.06%,0.00%,"74,94 €","0,00 €",6,0
B0DTK92FQV,B0DTK92FQV,"HENDI Baño María Eléctrico con Grifo, 3x GN 1/3 con Tapas",H238868,177,31,0.00%,0.03%,242,41,0.00%,0.03%,85.71%,88.89%,6,4,3.39%,12.90%,"1.064,00 €","710,50 €",6,4
B0G2CMWG78,B0G2CMWG78,VINFER| WINS018 Limpiador Amoniacal Pino Concentrado 250 ml | Rinde 5 Litros | Potente Detergente Desengrasante e Higienizante | Limpieza Profunda y Frescor Natural | 100% Made in Spain,WC018,125,4,0.00%,0.00%,151,4,0.00%,0.00%,100.00%,100.00%,7,2,5.60%,50.00%,"72,93 €","19,98 €",6,2
B0H276YBLW,B0H276YBLW,"VINFER- Limpiador y Abrillantador Inox Pack X2 600 ml- 1,2L | Limpieza y Protección Acero Inoxidable | Efecto Brillo Duradero | Desengrasa y Cuida Superficies Inoxidables | Spray Profesional",LIMPIADORINOX_PACK2,15,1,0.00%,0.00%,20,1,0.00%,0.00%,90.00%,100.00%,10,9,66.67%,900.00%,"149,92 €","134,93 €",6,5
B0752XP113,B0044R886S,Arcos Conjunto carne con Hoja Acero Inoxidable Nitrum y mm. Mango ergonómico polioximetileno POM. Serie Mesa. Los bordeserrados los hacen perfectos cortar y picar carnes. Color plateado.,378000_,"1,075",30,0.03%,0.03%,"1,368",40,0.02%,0.03%,23.78%,17.86%,7,0,0.65%,0.00%,"283,93 €","0,00 €",5,0
B0CWLP4H3Z,B005LR76KY,ARCOS Tijeras de Cocina Acero Inoxidable 195 mm,784901_barras_arcos,"8,960",193,0.23%,0.18%,"12,237",252,0.22%,0.17%,0.95%,1.90%,6,1,0.07%,0.52%,"50,94 €","8,49 €",5,1
B07BDVL8SH,B007TS679O,Arcos Universal Cuchillo Pelar Remaches Acero POM Negro 3 pulg,281004_pp,254,8,0.01%,0.01%,377,9,0.01%,0.01%,18.60%,33.33%,5,0,1.97%,0.00%,"59,95 €","0,00 €",5,0
B007TS6HNA,B007TS6HNA,ARCOS Rallador de Queso Profesional Acero Inoxidable 130 mm,613800,734,16,0.02%,0.02%,"1,084",26,0.02%,0.02%,12.71%,0.00%,5,0,0.68%,0.00%,"46,45 €","0,00 €",5,0
B0F1ZF7H1L,B00BHZPJFI,Arcos Riviera Blanc Cuchillo Chef Forjado Acero Inoxidable 150 mm,233424_,"1,470",37,0.04%,0.04%,"1,929",48,0.03%,0.03%,13.49%,32.14%,5,1,0.34%,2.70%,"130,27 €","22,31 €",5,1
B00BHZPKEI,B00BHZPKEI,Arcos Cuchillo Blanco 100 mm,230224_,63,2,0.00%,0.00%,104,2,0.00%,0.00%,36.26%,50.00%,5,1,7.94%,50.00%,"99,95 €","19,99 €",5,1
B0F54LTCFF,B00CEKDBRS,Espátula Serie Universal 125 x 120 mm,286500,"1,996",151,0.05%,0.14%,"2,805",230,0.05%,0.15%,0.79%,4.97%,6,6,0.30%,3.97%,"122,94 €","122,94 €",5,5
B07TXLKG42,B00GZR3LR6,"HENDI Freidora eléctrica, T ajustable hasta 190°C, termostato de seguridad, zona fría, con tapa y cesta de freír, tanque de aceite extraíble, 6L, 230V, 3300W, 265x430x(H)290mm, acero inoxidable",H205815,226,15,0.01%,0.01%,356,17,0.01%,0.01%,83.91%,90.91%,5,0,2.21%,0.00%,"778,75 €","0,00 €",5,0
B0F1ZF7H1L,B00J64GI70,Arcos Riviera Blanc Cuchillo Fileteador Forjado Acero Inoxidable 200 mm,233024_,752,19,0.02%,0.02%,931,21,0.02%,0.01%,29.91%,41.67%,5,0,0.66%,0.00%,"130,38 €","0,00 €",5,0
B00OF83Z9Q,B00OF83Z9Q,ARCOS Aplastador de Filetes y Carne Acero Inoxidable 140 mm,790600,578,18,0.01%,0.02%,768,28,0.01%,0.02%,22.32%,11.76%,6,0,1.04%,0.00%,"245,40 €","0,00 €",5,0
B00U2R00QK,B00U2R00QK,VINFER - Limpiacristales Vinfer 5 L,VP300,97,4,0.00%,0.00%,107,4,0.00%,0.00%,94.17%,75.00%,8,6,8.25%,150.00%,"115,93 €","86,95 €",5,3
B0F54LTCFF,B00VT5L310,Arcos Espátula de Cocina Profesional - Hoja de Acero Inoxidable NITRUM 160 mm - Resistente a Químicos y Calor - Mango Ergonómico POM Negro - Serie Universal,286600,"1,878",79,0.05%,0.07%,"2,070",87,0.04%,0.06%,31.71%,36.67%,6,1,0.32%,1.27%,"152,99 €","25,49 €",5,1
B0FWK4CNH3,B00WHV21BG,CUPERINOX TIJERAS PESCADO | TIJERAS COCINA| TIJERAS ACERO| TIJERAS | 20 CM | UTENSILIOS DE COCINA,21992_,390,9,0.01%,0.01%,523,11,0.01%,0.01%,34.92%,100.00%,6,0,1.54%,0.00%,"43,50 €","0,00 €",5,0
B06XB92VRH,B00YU2ZWGG,CUPERINOX Cafetera Italiana Induccion Espresso Acero Inoxidable 10 Tazas,25034_fbm,767,14,0.02%,0.01%,"1,124",17,0.02%,0.01%,80.66%,18.18%,5,0,0.65%,0.00%,"99,95 €","0,00 €",5,0
B01418E5ZC,B01418E5ZC,"HENDI Cubitera para botellas, enfriador de bebidas tipo champanera, BarUp, 9,5L, ⌀350x(H)230mm, acero inoxidable",H471524,36,0,0.00%,0.00%,48,0,0.00%,0.00%,56.82%,0.00%,6,0,16.67%,0.00%,"147,35 €","0,00 €",5,0
B017DEWUDK,B017DEWUDK,Arcos Cuchillo Acero Inoxidable 300 mm,233824_,202,5,0.01%,0.00%,261,6,0.00%,0.00%,71.43%,100.00%,5,0,2.48%,0.00%,"299,95 €","0,00 €",5,0
B017DLFYYK,B017DLFYYK,Arcos Cuchillo Queso Acero Inoxidable Blanco 145 mm,232824_,294,6,0.01%,0.01%,400,9,0.01%,0.01%,25.94%,0.00%,5,0,1.70%,0.00%,"189,95 €","0,00 €",5,0
B0H2FSM87X,B017DLG3AE,Arcos Cuchillo de Cocina Acero Inoxidable 140 mm,233224_,334,6,0.01%,0.01%,431,10,0.01%,0.01%,50.96%,100.00%,5,0,1.50%,0.00%,"139,95 €","0,00 €",5,0
B017DLM9SO,B017DLM9SO,ARCOS Tenedores para Tartas Acero Inoxidable 18/10 140 mm,574300_,"6,300",242,0.16%,0.23%,"9,649",338,0.17%,0.22%,1.24%,6.67%,6,2,0.10%,0.83%,"60,50 €","19,50 €",5,2
B088L1YKB9,B01DY485KU,HENDI Thermobox Kitchen Line - GN 1/1-46 L - 600x400x(H)320 mm,H707968,480,50,0.01%,0.05%,633,64,0.01%,0.04%,74.23%,72.92%,11,3,2.29%,6.00%,"629,75 €","171,75 €",5,2
B0711S58TQ,B0711S58TQ,Juego cuchillos Arcos profesional | cuchillos cocina | cuchillos arcos clasicos |6 pzas | negro | 842300,_842300_,500,18,0.01%,0.02%,687,25,0.01%,0.02%,99.50%,100.00%,5,1,1.00%,5.56%,"704,95 €","140,99 €",5,1
B071S7PRTZ,B071S7PRTZ,"Arcos Riviera Blanc, Set Jamonero de 2 piezas, Acero Inoxidable Forjado, Mango POM, Color Blanco",852000_,214,7,0.01%,0.01%,299,8,0.01%,0.01%,73.21%,100.00%,5,0,2.34%,0.00%,"209,95 €","0,00 €",5,0
B0H1YTB1F3,B07D9XLGXZ,"HENDI Recipiente Gastronorm GN 1/1, Kitchen Line, resistencia térmica -40 °C a 250 °C, apto para horno y baño maría, 21L, 530x325x(H) 150mm, acero inoxidable",H806142,70,4,0.00%,0.00%,99,5,0.00%,0.00%,87.23%,100.00%,7,2,10.00%,50.00%,"206,50 €","59,00 €",5,1
B07FQ94K1Q,B07FQ94K1Q,Arcos Series Maitre - Juego de Cuchillos 5 Piezas (4 Cuchillos + 1 Tijeras) - Hoja de Acero Inoxidable Nitrum - Mango de Polipropileno - Bloque de Madera de Color marrón,152100__,319,7,0.01%,0.01%,466,9,0.01%,0.01%,73.73%,50.00%,5,0,1.57%,0.00%,"374,95 €","0,00 €",5,0
B0D1GH3QKG,B07MTPQ9KF,"HENDI Báscula pesa balanza digital de cocina, cuerpo de plástico HIPS con pantalla digital LED integrada, alta precisión, máximo 15 kg, 3 pilas AAA no incluidas, 266x269x(h)34 mm, acero inoxidable",H580233,633,114,0.02%,0.11%,967,173,0.02%,0.12%,10.58%,11.41%,5,3,0.79%,2.63%,"206,23 €","120,77 €",5,3
B0DK3FSR9B,B07MZK1DCF,"HENDI Sifón de nata, con 3 boquillas diferentes, soporte para el cargador y cepillo de limpieza, para nata montada, mousses, postres, 0,5L, ø80x(H)260mm, aluminio, negro",H588420,95,11,0.00%,0.01%,131,15,0.00%,0.01%,69.67%,64.29%,5,1,5.26%,9.09%,"193,09 €","38,49 €",5,1
B07N7VN49R,B07N7VN49R,HENDI Cesta de lavavajillas para vasos - 49 compartimentos - 500x500x104 mm Gris,H877012,166,16,0.00%,0.02%,224,22,0.00%,0.01%,84.97%,89.47%,6,2,3.61%,12.50%,"165,23 €","54,15 €",5,2
B07N8VHFLF,B07N8VHFLF,Arcos - Cubertería Burdeos Arcos 24 piezas,592400_,526,11,0.01%,0.01%,717,15,0.01%,0.01%,94.05%,100.00%,6,0,1.14%,0.00%,"429,94 €","0,00 €",5,0
B08JZF56TG,B08JZF56TG,"HENDI Papelera estrecha, 60 L, 455 x 315 x 580 mm, color gris",H691137,117,10,0.00%,0.01%,160,12,0.00%,0.01%,30.15%,50.00%,5,2,4.27%,20.00%,"241,25 €","96,50 €",5,2
B0CQLNJVKL,B08TX21PGR,"Arcos Thera Sartén Antiadherente de 28 Cm para Inducción, Gas y Vitrocerámica. Sartén de Cocina Grande de Aluminio Fundido con Mango Ergonómico Extraíble y Apta para Lavavajillas. Color Negro y Azul",718500,290,4,0.01%,0.00%,398,4,0.01%,0.00%,35.42%,50.00%,5,0,1.72%,0.00%,"204,75 €","0,00 €",5,0
B09HQTWWPB,B09HQTCQBG,Arcos Clara Cuchillo Panero Forjado Acero Inoxidable Nitrum 200 mm,210700_us,182,4,0.00%,0.00%,223,4,0.00%,0.00%,72.95%,100.00%,5,0,2.75%,0.00%,"129,95 €","0,00 €",5,0
B09HRWYKDL,B09HRWYKDL,Arcos Juego de cuchillos Japoneses Profesionales | 4 piezas | Cuchillo Verduras 100 mm + Cocina 150 mm + Santoku con Alveolos 170 mm + Pelador de patatas,853100fbm,538,9,0.01%,0.01%,721,12,0.01%,0.01%,100.00%,100.00%,5,0,0.93%,0.00%,"181,53 €","0,00 €",5,0
B08TLR4Z27,B09L4YNBZZ,Arcos jamonero Profesional | Cuchillo jamonero jamonero Inoxidable Nitrum | Mango Negro | Cuchillo Jamon iberico | Serie Maitre| Hoja Flexible y Filo Liso | 275 mm | Acero Inoxidable NITRUM,856500FBM,416,6,0.01%,0.01%,524,6,0.01%,0.00%,99.38%,100.00%,8,0,1.92%,0.00%,"196,17 €","0,00 €",5,0
B06XB92VRH,B09LYXZKTZ,CUPERINOX Deluxe Cafetera Italiana Induccion Espresso Inoxidable 4 Tazas,25051FBM,772,22,0.02%,0.02%,967,23,0.02%,0.02%,76.98%,89.47%,5,0,0.65%,0.00%,"117,07 €","0,00 €",5,0
B09S9JLYNK,B09S9JLYNK,"HENDI Máquina para hacer palomitas de maíz, 150g de maíz, ciclo 3,5 min, 230V, 1155W, 560x420x(H)760mm, aluminio, acero inoxidable, cristal templado, negro",H282762,172,17,0.00%,0.02%,233,27,0.00%,0.02%,80.00%,86.96%,5,2,2.91%,11.76%,"2.004,98 €","801,98 €",5,2
B09S9RRJLV,B09S9RRJLV,"HENDI Pulverizador alimentario a presión, spray difusor atomizador, apto para el contacto con alimentos, para usar con aceites, agua, clara y yema de huevo, saborizantes, boquilla regulable, 1,5L,HDPE",H270875,207,14,0.01%,0.01%,285,18,0.01%,0.01%,57.94%,64.29%,5,0,2.42%,0.00%,"224,75 €","0,00 €",5,0
B0D1CTT1HG,B0B2RGVSF6,HENDI Bloque de corte 6 mm con placa de empuje,H932902,152,13,0.00%,0.01%,211,16,0.00%,0.01%,30.00%,46.67%,5,2,3.29%,15.38%,"114,95 €","45,98 €",5,2
B0B31QM7RW,B0B31QM7RW,CUPERINOX Tijeras de costura | 14 cm | Costura profesional | Tijeras modista | Acero Inoxidable | Mango ergonómico | Tijeras sastre,21950,58,2,0.00%,0.00%,77,2,0.00%,0.00%,98.48%,100.00%,6,0,10.34%,0.00%,"47,94 €","0,00 €",5,0
B0D269G58Y,B0D269G58Y,"HENDI Contenedor para huevos OVOBOX 120, con tapa y 8 bandejas, GN 2/3, 18L, 355x325x(H) 200mm, PP y PS",H8711369870785,41,7,0.00%,0.01%,49,9,0.00%,0.01%,85.42%,100.00%,8,4,19.51%,57.14%,"266,00 €","133,00 €",5,2
B0DQV6381X,B0DQRF2HZK,CUPERINOX Jamonera Inoxidable | Jamonero | Soporte Jamonero | Tabla Jamon Inoxidable | Facil Montaje | Tabla Jamon Profesional,SC_20260,299,8,0.01%,0.01%,354,8,0.01%,0.01%,99.07%,100.00%,5,0,1.67%,0.00%,"114,95 €","0,00 €",5,0
B0FJLTDB9J,B0F95HH915,"Alicates para pedicura, Profesional, Cortaúñas de Pies, Acero Inoxidable, Mango Ergonómico Antideslizante, Fácil Limpieza, Con Funda, 2 Años de Garantía (Cortauñas Grande)",A10001,239,4,0.01%,0.00%,296,6,0.01%,0.00%,99.64%,100.00%,7,0,2.93%,0.00%,"47,93 €","0,00 €",5,0
B0FJRVHBWH,B0FHKVSJNR,"CUPERINOX Tijeras peluqueria profesional 16,5cm | Tijeras corte pelo afiladas precisas hombre mujer barbero estilista | Acero inoxidable duradero | Acabado titanio elegante | Ideal uso doméstico y sal",21862,92,1,0.00%,0.00%,133,1,0.00%,0.00%,100.00%,100.00%,5,0,5.43%,0.00%,"48,45 €","0,00 €",5,0
B0G4RSR32Y,B0G21WF1RQ,"BIOLEAF – Desengrasante Cocina Antigrasa Pack 4×750 ml (3 L) | Elimina Grasa Difícil en Encimeras, Hornos y Campanas | Sin Disruptores Endocrinos | Fórmula Biodegradable| 100% HECHO EN ESPAÑA",3481,423,2,0.01%,0.00%,489,8,0.01%,0.01%,99.56%,100.00%,5,2,1.18%,100.00%,"97,95 €","37,98 €",5,2
B0G4F8D9B5,B0G4F8D9B5,"CUPERINOX Cuchillos Niños | Juego de Cuchillos Infantiles de 8 Piezas | Kit Cocina Método Montessori Aprendizaje +2 Años | Incluye Tabla de Cortar, Pelador y Cuchillo de Madera (8)",27007,181,7,0.00%,0.01%,221,8,0.00%,0.01%,99.00%,100.00%,5,0,2.76%,0.00%,"59,95 €","0,00 €",5,0
B0GNZWCSKK,B0GNZWCSKK,VINCARE Detergente Biberones y Tetinas Pack 2x – Limpieza Segura para Bebés – Elimina Restos de Leche y Olores – Apto para Chupetes y Accesorios,PM-9MUA-64P3,79,2,0.00%,0.00%,102,3,0.00%,0.00%,97.98%,100.00%,5,0,6.33%,0.00%,"74,95 €","0,00 €",5,0
B0H2DJMJ4G,B0H2DJMJ4G,Vinagre de Limpieza | 2 Litros | Aroma Manzana,LAGARRAFIRA_VINAGRE-LIMPIEZA,62,3,0.00%,0.00%,77,3,0.00%,0.00%,100.00%,100.00%,5,1,8.06%,33.33%,"39,95 €","7,99 €",5,1
B0H9SL9KYG,B0H9LG4CSJ,"CUPERINOX 24 Tuppers de Vidrio Herméticos, 3 Formas, sin BPA, Meal Prep",28009,219,2,0.01%,0.00%,258,2,0.00%,0.00%,100.00%,100.00%,5,0,2.28%,0.00%,"299,95 €","0,00 €",5,0
B0873P7266,B0050BAQ62,HENDI Calentador de alimentos con 2 quemadores - 330x180x(H)65 mm,H463000,88,4,0.00%,0.00%,133,7,0.00%,0.00%,50.85%,20.00%,6,1,6.82%,25.00%,"278,94 €","46,49 €",4,1
B0873P7266,B0050BDUYW,HENDI Calentador de alimentos con 3 quemadores - 450x180x(H)65 mm,H463109,76,4,0.00%,0.00%,128,4,0.00%,0.00%,52.78%,0.00%,8,1,10.53%,25.00%,"423,92 €","52,99 €",4,1
B0F1ZF7H1L,B005LR698E,Arcos Cuchillo Negro 130 mm,231500_,"3,862",102,0.10%,0.10%,"5,503",136,0.10%,0.09%,1.76%,14.10%,4,1,0.10%,0.98%,"93,96 €","23,49 €",4,1
B0F1ZF7H1L,B005LR6FAG,"Arcos Cuchillo Cocina Forjado en Acero Inoxidable y Hoja de 200mm. Cuchillo Chef Profesional para Cortar Pescado, Carne y Cebolla. Mango Ergonómico Polioximetileno. Serie Riviera. Color Negro.",233600,"7,865",162,0.20%,0.15%,"11,397",211,0.21%,0.14%,12.06%,14.39%,4,0,0.05%,0.00%,"130,50 €","0,00 €",4,0
B005LR6H5O,B005LR6H5O,Arcos Cuchillo Chef Forjado Acero Inoxidable. Cuchillo Cocina Profesional Multiusos Cortar Carne y Verduras. Mango Ergonómico Polioximetileno y Hoja 300mm. Serie Riviera. Color Negro.,233800_,295,20,0.01%,0.02%,403,39,0.01%,0.03%,64.84%,30.77%,4,1,1.36%,5.00%,"236,96 €","59,99 €",4,1
B0F1ZF7H1L,B005LR6JFW,Arcos Conjunto Cuchillos 5 piezas Acero Inoxidable y Hoja mm. 3750 gr. Cuchillo cocina profesional cortar una variedad alimentos con mango ergonómico polioximetileno POM. Serie Riviera. Color negro.,234300_,"1,086",15,0.03%,0.01%,"1,376",15,0.02%,0.01%,71.88%,75.00%,4,0,0.37%,0.00%,"526,46 €","0,00 €",4,0
B005LR6YFC,B005LR6YFC,Arcos Maitre Set Jamonero 2 Piezas Acero Inoxidable Nitrum 275 mm,151900,177,1,0.00%,0.00%,228,1,0.00%,0.00%,46.43%,0.00%,5,0,2.82%,0.00%,"117,45 €","0,00 €",4,0
B017HKRCGK,B005LR7A1Y,ARCOS Bolsa para Cuchillos 100% Poliéster 460x275 mm,690200,"15,291",334,0.39%,0.32%,"24,688",519,0.44%,0.35%,62.88%,58.31%,4,0,0.03%,0.00%,"70,24 €","0,00 €",4,0
B017HKR8WS,B005LRSIK6,ARCOS Afilador de Bolsillo Profesional,610200_fbm,"7,397",201,0.19%,0.19%,"9,564",270,0.17%,0.18%,0.48%,2.50%,4,2,0.05%,1.00%,"151,00 €","75,50 €",4,2
B00XJBJO4K,B005LRSJDC,Arcos Guantes de Protección - Guante de Malla Guante de Protección - Acero Inoxidable Size M 250 mm - Color Gris,615300,120,3,0.00%,0.00%,145,5,0.00%,0.00%,55.56%,100.00%,5,1,4.17%,33.33%,"644,50 €","128,90 €",4,1
B0F54LTCFF,B007TS67OO,Arcos Cuchillo Chef Acero Inoxidable 200 mm,284804,"7,312",163,0.19%,0.15%,"9,368",204,0.17%,0.14%,1.17%,8.66%,5,3,0.07%,1.84%,"98,75 €","59,25 €",4,2
B008U6TRGO,B008U6TRGO,"Arcos Cuchillos mesa - Cuchillo carne Acero Inoxidable Nitrum, Hoja, mango marrón madera -erie Mesa, duradero y apto para lavavajillas (7'')",809300_1Pieza,"3,540",66,0.09%,0.06%,"5,004",87,0.09%,0.06%,3.32%,3.45%,15,0,0.42%,0.00%,"74,85 €","0,00 €",4,0
B08SHCJFNN,B00GZR3KKE,"HENDI Freidora eléctrica, T ajustable hasta 190°C, termostato de seguridad, zona fría, con tapa y cesta de freír, tanque de aceite extraíble, 4L, 230V, 3000W, 217x380x(H)300mm, acero inoxidable",H205808,91,7,0.00%,0.01%,135,7,0.00%,0.00%,85.83%,75.00%,7,5,7.69%,71.43%,"1.020,20 €","728,70 €",4,2
B00J3ZTXAG,B00J3ZTXAG,Arcos Cuchillo Jamonero 250 mm Acero Inoxidable Serie Latina,101301_fbm,"6,467",151,0.16%,0.14%,"9,319",222,0.17%,0.15%,0.13%,1.36%,9,7,0.14%,4.64%,"83,91 €","63,93 €",4,2
B0H2ZKT1ZS,B00J3ZVN54,ARCOS Cucharas de Mesa Acero Inoxidable 200 mm,574600_,"1,274",24,0.03%,0.02%,"1,911",35,0.03%,0.02%,1.49%,8.33%,5,1,0.39%,4.17%,"44,95 €","8,99 €",4,1
B00J64GECY,B00J64GECY,Arcos Cuchillo de Cocina Acero Inoxidable 130 mm,231524_,225,3,0.01%,0.00%,314,4,0.01%,0.00%,33.93%,50.00%,4,0,1.78%,0.00%,"93,96 €","0,00 €",4,0
B0F1ZF7H1L,B00J64GI4S,Arcos Riviera Blanc Cuchillo Jamonero Forjado POM Blanco 300 mm,231124_,373,13,0.01%,0.01%,474,16,0.01%,0.01%,71.87%,100.00%,4,1,1.07%,7.69%,"147,96 €","36,99 €",4,1
B017HKGEFK,B00J64L30C,Arcos Natura Cuchillo Santoku Forjado Acero Inoxidable 180 mm,155810_,212,1,0.01%,0.00%,320,1,0.01%,0.00%,94.14%,0.00%,4,0,1.89%,0.00%,"159,96 €","0,00 €",4,0
B0752TH4FW,B00V3A9XMC,Arcos Serie Riviera Blanc - Juego de Cuchillos de 5 piezas en Caja de Regalo (4 Cuchillos + 1 Tijeras) - Hoja de Acero Inoxidable Forjado NITRUM - Mango de Polioximetileno (POM) - Bloque de madera de color negro lacado,234424_,395,12,0.01%,0.01%,565,19,0.01%,0.01%,98.44%,93.75%,4,1,1.01%,8.33%,"579,96 €","144,99 €",4,1
B09ZLJL6JF,B00YU0JT2G,Arcos Serie Lyon - Cuchillo Mondador | Cuchillo Arcos - Hoja de Acero Inoxidable Forjado NITRUM de 100 mm - Mango de Polioximetileno (POM) - Color Negro,250200_,87,5,0.00%,0.00%,107,6,0.00%,0.00%,73.12%,100.00%,4,0,4.60%,0.00%,"83,96 €","0,00 €",4,0
B06XB92VRH,B00YU2YTTM,CUPERINOX Cafetera Italiana Induccion Espresso Acero Inoxidable 4 Tazas,25032_,"1,504",34,0.04%,0.03%,"2,067",41,0.04%,0.03%,56.57%,44.44%,4,1,0.27%,2.94%,"79,96 €","19,99 €",4,1
B017DLDM3A,B017DLDM3A,Arcos Cuchillo Mondador Madera 65 mm,100100_us,97,6,0.00%,0.01%,197,14,0.00%,0.01%,3.33%,0.00%,4,0,4.12%,0.00%,"21,96 €","0,00 €",4,0
B0GXGBZXPT,B017DLL2KA,"Arcos Regia Cuchillos Mesa Carne Nitrum POM Negro-Oro 4,5 pulg",375000_1Pieza,55,1,0.00%,0.00%,101,1,0.00%,0.00%,88.04%,100.00%,7,0,12.73%,0.00%,"83,93 €","0,00 €",4,0
B088L3R1VP,B01DDMW0TK,HENDI Caja isotérmica para catering - GN 1/1-100 L - 635x465x(H)660 mm,H707999,169,46,0.00%,0.04%,220,63,0.00%,0.04%,71.50%,49.15%,8,5,4.73%,10.87%,"2.468,00 €","1.542,50 €",4,1
B0D1CXFSVN,B01FMS8UAQ,HENDI Abrelatas Kitchen Line - Gris claro - L 550 mm,H690000,42,15,0.00%,0.01%,62,25,0.00%,0.02%,30.91%,38.10%,4,3,9.52%,20.00%,"430,00 €","322,50 €",4,3
B0F1N351DY,B06XJBY6QV,Arcos Serie Nova - Cuchillo Mondador - Hoja de Acero Inoxidable de 85 mm - Mango de Polipropileno Color azul,188523_fbm,"1,109",52,0.03%,0.05%,"1,261",53,0.02%,0.04%,13.02%,80.85%,8,0,0.72%,0.00%,"47,20 €","0,00 €",4,0
B0F5L2FGGS,B071HVWQKP,Arcos Cuchillos Mesa con Hoja Acero Inoxidable. Cuchillos Carne con Mango Madera Palisandro Marrón. Hoja. Corta Carne Asada. Clásicos y Elegantes. Cortein Esfuerzo. Serie Mesa. Color Marrón,373700,"4,330",94,0.11%,0.09%,"5,692",126,0.10%,0.08%,8.74%,13.75%,9,0,0.21%,0.00%,"139,41 €","0,00 €",4,0
B0FWK4CNH3,B0799Z54MP,CUPERINOX Tijeras Cocina Profesional |Mango ergonómico para máxima comodidad| Tijeras 21 cm |Tijeras de Trinchar | Tijeras Pollo | Tijera Pescado | Tijera Acero Inoxidable| Apto Lavavajillas,21982_,105,1,0.00%,0.00%,124,1,0.00%,0.00%,99.11%,100.00%,4,0,3.81%,0.00%,"37,96 €","0,00 €",4,0
B08S87M447,B07CY3885W,"Arcos Serie Riviera Rose, Cuchillo Cocinero, Hoja de Acero Inoxidable Forjado Nitrum 150 mm, Mango de Polioximetileno, POM Color Rosa",233454,118,2,0.00%,0.00%,152,2,0.00%,0.00%,98.57%,100.00%,5,2,4.24%,100.00%,"137,94 €","53,97 €",4,1
B0DN1W6N4N,B07CZFR2CG,"HENDI Batidora profesional digital con cubierta insonorizada, pantalla táctil, 3 velocidades, jarra de policarbonato resistente al calor y frío, 230V, 1680W, 250x300x(H)546mm, ABS, acero inoxidable",H230695,505,79,0.01%,0.07%,681,105,0.01%,0.07%,48.48%,46.67%,4,0,0.79%,0.00%,"1.796,00 €","0,00 €",4,0
B07TYQJ4YX,B07D2TFS1B,HENDI Máquina eléctrica para pasta,H224847,"1,644",61,0.04%,0.06%,"2,401",99,0.04%,0.07%,31.04%,24.29%,5,2,0.30%,3.28%,"1.045,00 €","418,00 €",4,2
B07D3W3Z7H,B07D3W3Z7H,HENDI Soporte para platos - platos máx. Ø 275 mm - 290x200x(H)440 mm,H425473,92,4,0.00%,0.00%,132,5,0.00%,0.00%,87.93%,100.00%,15,0,16.30%,0.00%,"434,85 €","0,00 €",4,0
B0D1CSWF7Y,B07D5DFVN3,"HENDI Escurridor de cocina, colador, para cocinar, lavar, pasta, fideos, espaguetis, frutas, verduras, ensaladas, redondo, perforado, con base y 2 asas, ø415x(H)210 mm, acero inoxidable",H535523,41,9,0.00%,0.01%,59,15,0.00%,0.01%,55.56%,42.86%,5,3,12.20%,33.33%,"367,00 €","220,20 €",4,2
B0D1CX9SGL,B07D73SB2W,HENDI Colador (malla doble) - ø360x(H)860 mm,H639023,23,3,0.00%,0.00%,38,6,0.00%,0.00%,94.12%,75.00%,4,2,17.39%,66.67%,"143,02 €","71,52 €",4,2
B0CTCT53R8,B07D9X56Q3,"HENDI Recipiente GN 1/3, con laterales y fondo perforados, contenedor GN, apilable, bordes lisos, resistente a temperaturas de -40° a 300°C, 5,7L, altura: 150mm, acero inoxidable 18/10",H802519,38,9,0.00%,0.01%,48,14,0.00%,0.01%,90.70%,100.00%,5,3,13.16%,33.33%,"180,54 €","107,97 €",4,2
B09381N96H,B07G75XCXM,"Arcos Serie Cuchillos de Mesa Caja 12 uds Cuchillo Mesa, Hoja Serrada de Acero Inoxidable NITRUM de 125 mm, Mango Polipropileno Color crema (12 UDS)",370200_fbm,73,0,0.00%,0.00%,120,0,0.00%,0.00%,97.89%,0.00%,4,0,5.48%,0.00%,"79,96 €","0,00 €",4,0
B07HS96L46,B07HS96L46,HENDI Cenicero de pie - ø170x(H)920 mm,H440223,68,19,0.00%,0.02%,77,22,0.00%,0.01%,85.92%,90.91%,4,4,5.88%,21.05%,"599,56 €","599,56 €",4,4
B0CSXP6TLN,B07MZK9VXP,"HENDI Descalcificador de agua, 12L",H231227,"1,254",136,0.03%,0.13%,"1,821",200,0.03%,0.13%,19.25%,2.76%,4,0,0.32%,0.00%,"497,00 €","0,00 €",4,0
B0FR444FLT,B07N8WXGW7,Arcos Brooklyn - Cuchillo de Lenguado Cuchillo para Pescado - Acero Inoxidable Forjado NITRUM 170 mm - Mango Micarta Color Azul (Filo Seda),191423_,406,10,0.01%,0.01%,477,11,0.01%,0.01%,78.16%,71.43%,4,1,0.99%,10.00%,"143,96 €","35,99 €",4,1
B07NDSZJQY,B07NDSZJQY,"Arcos Serie Cuchillos de Mesa Caja 12 uds Cuchillo Chuletero, Hoja Serrada de Acero Inoxidable NITRUM de 115 mm, Mango Polioximetileno Color negro (12 UDS)",374800_12piezas,90,3,0.00%,0.00%,124,3,0.00%,0.00%,95.54%,100.00%,4,0,4.44%,0.00%,"299,96 €","0,00 €",4,0
B07S8PHLKH,B07S8PHLKH,Arcos Nova Set 6 Cuchillos Chuleteros Acero Inoxidable 110 mm,806100_fba,364,11,0.01%,0.01%,520,15,0.01%,0.01%,49.32%,37.50%,4,0,1.10%,0.00%,"70,43 €","0,00 €",4,0
B07YXBK4HD,B07YXBK4HD,Arcos Riviera Set 3 Cuchillos de Corte Acero Inoxidable Nitrum,806911_,155,4,0.00%,0.00%,207,4,0.00%,0.00%,66.14%,100.00%,4,0,2.58%,0.00%,"259,80 €","0,00 €",4,0
B0FR444FLT,B07ZJ9HVTL,"Arcos Set Jamonero 3 Piezas - Cuchillo Jamonero, Deshuesador y Afilador - Acero Inoxidable Forjado - Mango POM Negro Resistente - Funda Jamonero Incluida - Serie Manhattan",858500+Funda_Jamon,883,19,0.02%,0.02%,978,25,0.02%,0.02%,64.37%,42.86%,4,0,0.45%,0.00%,"355,46 €","0,00 €",4,0
B082PGJQXZ,B082PGJQXZ,"HENDI Lámpara de calor colgante de altura ajustable, cónica, lámpara térmica de infrarrojos para cocina y mantenimiento de alimentos calientes, 230V, 250W, Ø275x(H)250mm, aluminio color negro",H273845,49,12,0.00%,0.01%,69,17,0.00%,0.01%,71.67%,68.75%,8,4,16.33%,33.33%,"734,00 €","367,00 €",4,2
B08P41X49K,B082PGSBF6,"HENDI Lámpara de Calor Colgante, Altura Ajustable, Negro",H273852,253,82,0.01%,0.08%,363,126,0.01%,0.08%,36.83%,30.00%,15,15,5.93%,18.29%,"1.218,75 €","1.218,75 €",4,4
B0843SYT31,B0843SYT31,Arcos Cuchillo Chef con Hoja Acero Inoxidable Nitrum 160 mm. Cuchillo cocina profesional multiusos. Mango ergonómico polioximetileno POM. Serie Opera. Color negro.,225000_fmb,217,5,0.01%,0.00%,294,10,0.01%,0.01%,80.30%,100.00%,4,0,1.84%,0.00%,"131,52 €","0,00 €",4,0
B084TL4TFV,B084TL4TFV,"HENDI Crepera eléctrica, con esparcidor de madera,temperatura regulable 50°-250°C, placa de diámetro400mm,de hierro fundido con revestimiento cerámico, 230V, 3000W, 470x509x(H)161mm,acero inoxidable",H212028,159,21,0.00%,0.02%,231,39,0.00%,0.03%,47.78%,40.63%,4,1,2.52%,4.76%,"1.154,00 €","288,50 €",4,1
B08KFQBJWQ,B0857QCPPW,"HENDI Percolador de café 14L, de una pared, con filtro incorporado y grifo antigoteo, para café molido grueso,230V, 50/60Hz, 1750W, 357x380x(H) 502mm, negro mate, acero inoxidable, PP",H211489,64,11,0.00%,0.01%,92,22,0.00%,0.01%,65.48%,13.33%,4,3,6.25%,27.27%,"638,97 €","479,22 €",4,3
B08KGNLTBJ,B0857QX9VN,"HENDI Hervidor de agua eléctrico 16L, dispensador de bebidas calientes, termo de una pared para vino, té, hasta 100°C, 230V, 50/60Hz, 1650W, 357x380x(H)502mm, acero inoxidable satinado, PP",H211427,115,17,0.00%,0.02%,172,31,0.00%,0.02%,89.12%,77.78%,4,3,3.48%,17.65%,"479,00 €","359,25 €",4,3
B08VRP7CR7,B08G8M6QDS,Arcos Juego de Cuchillos chuleteros - Envase Ecologico 100% - 4 Cuchillos Carne - Cubiertos Mesa Acero Inoxidable,809500,583,15,0.01%,0.01%,769,17,0.01%,0.01%,99.42%,100.00%,4,0,0.69%,0.00%,"79,00 €","0,00 €",4,0
B09HQTWWPB,B09HQT6SZ6,Arcos Clara Cuchillo Jamonero Forjado Acero Inoxidable Nitrum 250 mm,211900_us,538,19,0.01%,0.02%,708,23,0.01%,0.02%,26.66%,18.75%,4,1,0.74%,5.26%,"101,96 €","25,49 €",4,1
B06XB92VRH,B09LYXZKTZ,CUPERINOX Deluxe Cafetera Italiana Induccion Espresso Inoxidable 4 Tazas,25051,772,22,0.02%,0.02%,967,23,0.02%,0.02%,76.98%,89.47%,4,0,0.52%,0.00%,"99,02 €","0,00 €",4,0
B0D1CXHNFM,B0CFLWSQJX,"HENDI Piedra de afilar japonesa Naniwa, profesional, 2 caras, grano 1000/3000, afilador de cuchillos, piedra de amolar y pulir, incluye caja de almacenamiento de plástico, 185x65x(H)30mm",H820674,121,3,0.00%,0.00%,149,9,0.00%,0.01%,81.29%,100.00%,4,0,3.31%,0.00%,"159,40 €","0,00 €",4,0
B0D1CVYQWN,B0CQMFQ2B7,"HENDI Mandolina japonesa, cortador, rebanador, manual, regulable, para vegetales, alimentos, frutas, diferentes cuchillas y grosor de corte: 0,5-9mm, acero inoxidable, PP, negro",H237922,199,4,0.01%,0.00%,248,4,0.00%,0.00%,81.74%,75.00%,4,0,2.01%,0.00%,"120,76 €","0,00 €",4,0
B0F9X4NXL3,B0F9GJRSSJ,"CUPERINOX Cuchillos Mesa, cuchillo carne, cuchillo mantequilla, Set 6 piezas, acero inoxidable, hoja con filo y sierra, cuchillo untar. Apto lavavajillas. Mango ergonomico",20043-6,"1,035",28,0.03%,0.03%,"1,273",36,0.02%,0.02%,99.23%,96.00%,4,0,0.39%,0.00%,"39,96 €","0,00 €",4,0
B0FJRVHBWH,B0FHKWY9F2,CUPERINOX Tijeras peluqueria profesional 15cm | Tijeras entresacar dentadas vaciar pelo texturizar cabello | Barbero estilista hombre mujer | afiladas acero inoxidable | Uso doméstico y salón,21861,77,2,0.00%,0.00%,102,3,0.00%,0.00%,100.00%,100.00%,4,0,5.19%,0.00%,"36,96 €","0,00 €",4,0
B0G4RT6HMS,B0G25TJ8X5,BIOLEAF – Limpiacristales Profesional Sin Huellas Pack 8×750 ml (6 L) | Cristales y Espejos Brillantes Sin Marcas | Secado Rápido | Fórmula Biodegradable |100% HECHO EN ESPAÑA,3771,134,5,0.00%,0.00%,157,6,0.00%,0.00%,97.96%,100.00%,4,1,2.99%,20.00%,"111,96 €","27,99 €",4,1
B0G2DTP9QC,B0G2DTP9QC,VINFER-WINS018 –Limpiador Amoniacal Pino| Pack Ahorro: Garrafa 5L + Concentrado 250 ml | Rinde 10 Litros Totales | Desengrasante e Higienizante con Frescor Natural | 100% Made in Spain,WC018+018,44,3,0.00%,0.00%,50,3,0.00%,0.00%,100.00%,100.00%,4,1,9.09%,33.33%,"79,96 €","19,99 €",4,1
B0HF542K6S,B0G44H4PJM,WINS 007 - Friegasuelos Concentrado 250 ml | Rinde 5 L,WC007,23,1,0.00%,0.00%,30,2,0.00%,0.00%,100.00%,100.00%,7,4,30.43%,400.00%,"55,91 €","31,94 €",4,1
B0H1RQ93K4,B0H1GXQFSG,"Pack de 12 emplatadores Cuadrados 8x4 cm en Acero Inoxidable presentaciones Gourmet, arroces, tartares y postres. Aptos lavavajillas",22573,53,5,0.00%,0.00%,76,7,0.00%,0.00%,100.00%,100.00%,6,4,11.32%,80.00%,"112,93 €","75,95 €",4,2
B00511UCBK,B00511UCBK,HENDI Fuente Gastronorm 1/2 - Porcelana - GN 1/2-325x265x(H) 65 mm,H783016,55,13,0.00%,0.01%,74,21,0.00%,0.01%,49.21%,46.67%,11,11,20.00%,84.62%,"362,44 €","362,44 €",3,3
B005LR5ZYS,B005LR5ZYS,Arcos Serie Terranova - Cuchillo para Pan Panero - Hoja de Acero Inoxidable Forjado NITRUM 200 mm - Mango de Polioximetileno (POM) color negro,155700,75,0,0.00%,0.00%,96,0,0.00%,0.00%,96.59%,0.00%,3,0,4.00%,0.00%,"74,97 €","0,00 €",3,0
B005LR67V8,B005LR67V8,Arcos Cuchillo para Pan Acero Inoxidable Nitrum 200 mm,231300_,"1,223",23,0.03%,0.02%,"1,821",36,0.03%,0.02%,2.89%,0.00%,3,0,0.25%,0.00%,"89,97 €","0,00 €",3,0
B0G39YHQ3Y,B005LR6ZJM,Arcos Cuchillo Verduras Acero Inoxidable 110 mm,135200,"5,017",126,0.13%,0.12%,"7,457",190,0.13%,0.13%,0.58%,4.90%,4,2,0.08%,1.59%,"31,95 €","15,97 €",3,1
B08J488ZQG,B007TS6GP4,Arcos Juego de 6 Cuchillos de Mesa Chuleteros Acero Inoxidable 110 mm,702300_2,"2,856",85,0.07%,0.08%,"3,754",104,0.07%,0.07%,30.39%,43.02%,6,2,0.21%,2.35%,"159,94 €","51,98 €",3,1
B00BQU1CN2,B00BQU1CN2,"HENDI Dispensador de Bebidas Calientes Eléctrico, Doble Pared, Termostato Regulable hasta 110°C, 9L, 230V, 2200W, 322x390x(H)522mm, Acero Inoxidable",H211403,66,4,0.00%,0.00%,86,9,0.00%,0.01%,81.33%,33.33%,4,0,6.06%,0.00%,"578,00 €","0,00 €",3,0
B00CWZOIIQ,B00CWZOIIQ,"Arcos Cuchillos Mesa - Cuchillo Carne Mesa - Monobloque unaola pieza Acero Inoxidable 4"" - Corta chuletas o bistecs con precisión, facilidad y rapidez -erie Monobloque - Color Plateado",375500_1pza_fbm,381,13,0.01%,0.01%,507,15,0.01%,0.01%,73.10%,69.23%,9,0,2.36%,0.00%,"58,41 €","0,00 €",3,0
B0752TTMS8,B00D3LFAEE,Arcos Chairas - Chaira Afilador Manual de Cuchillos - Cuerpo Ovalado de Acero al Carbono Recubierto de Diamante de 280 mm y 17 mm de diámetro - Mango Polipropileno Color Negro,279200,"7,803",252,0.20%,0.24%,"11,659",372,0.21%,0.25%,0.16%,4.10%,7,7,0.09%,2.78%,"279,93 €","279,93 €",3,3
B0DK3FSR9B,B00GZR39CI,"HENDI Dispensador de crema, incluye juego de 3 boquillas de polipropileno y cepillo de limpieza, espumas frías, 0,5 L, 80 x 260 mm, aluminio, color blanco",H588369,155,9,0.00%,0.01%,191,15,0.00%,0.01%,57.06%,66.67%,4,2,2.58%,22.22%,"159,00 €","79,50 €",3,1
B0BV32H59Y,B00HYWUNR2,Arcos Saeta - Cuchillo Deshuesador - Hoja de Acero Inoxidable Forjado Nitrum de 145 mm - Mango de Pom - Color Negro,174700,207,11,0.01%,0.01%,348,15,0.01%,0.01%,98.97%,100.00%,3,0,1.45%,0.00%,"89,97 €","0,00 €",3,0
B0DK3GWNY4,B00IIT2A94,"HENDI Sifón de nata, con 3 boquillas diferentes, soporte para el cargador y cepillo de limpieza, para nata montada, mousses, postres, 0,5L, ø85x(H)235mm, acero inoxidable",H588017,169,10,0.00%,0.01%,233,11,0.00%,0.01%,46.73%,36.36%,4,1,2.37%,10.00%,"322,00 €","80,50 €",3,1
B0GDY91XR2,B00J3ZTYAK,"Arcos Cuchillos de Mesa de Acero Inoxidable 18/10, Monoblock de una Pieza, Hoja 220 mm, Juego de 3 Piezas para Cocina, Serie Toscana",575000,97,2,0.00%,0.00%,140,3,0.00%,0.00%,66.07%,0.00%,3,0,3.09%,0.00%,"53,61 €","0,00 €",3,0
B00J3ZVNM2,B00J3ZVNM2,Arcos Serie Toscana - Juego de Cucharas Moka (6 cucharas) - Monoblock de una pieza en Acero Inoxidable 18/10 y 115 mm - Color Plata,574100_,"3,920",133,0.10%,0.13%,"6,087",198,0.11%,0.13%,0.17%,5.52%,7,7,0.18%,5.26%,"59,78 €","59,78 €",3,3
B0B3F4QXML,B017DLGUJI,Arcos Cuchillo Jamonero Profesional - Hoja Forjada NITRUM 250 mm - Mango POM Resistente - Ideal para Cortes Precisos - Serie Clásica,256700_fbm,"2,022",41,0.05%,0.04%,"2,602",50,0.05%,0.03%,11.07%,38.46%,3,1,0.15%,2.44%,"84,97 €","26,99 €",3,1
B017DLMC7C,B017DLMC7C,Arcos Serie Toscana - Juego de Cuchillos de Lunch (3 cuchillos) - Monoblock de una pieza en Acero Inoxidable 18/10 y 185 mm - Color Plata,574800,302,11,0.01%,0.01%,429,16,0.01%,0.01%,16.27%,46.15%,6,0,1.99%,0.00%,"95,94 €","0,00 €",3,0
B08F5XMJZF,B017DLMQNW,"Arcos Tablas - Tabla de Cocina Antibacterial para Cortar - Resistente al Calor y Lavavajillas, No Daña Cuchillos, Fibra de Celulosa y Resina, 38x28 cm, Negro",692210,473,8,0.01%,0.01%,664,16,0.01%,0.01%,14.36%,20.00%,3,1,0.63%,12.50%,"85,48 €","28,50 €",3,1
B017DLMYLQ,B017DLMYLQ,Arcos Serie Endura - Cacerola Antiadherente - Cuerpo de Aluminio Forjado 16 cm - Capacidad 1 litro - Mango de Acero Inoxidable - Color Negro (Libre de PFOA),697000_,291,4,0.01%,0.00%,403,5,0.01%,0.00%,98.24%,100.00%,3,1,1.03%,25.00%,"57,30 €","19,99 €",3,1
B0DDVJXBTX,B01CBPP6T6,"HENDI Calentador de Salchichas con Termostato Ajustable hasta 85°C, Indicador Luminoso y Asas Frías al Tacto, 230V/1000W, Capacidad 9,3L, 386x287xH258mm, Acero Inoxidable",H240502,46,3,0.00%,0.00%,68,3,0.00%,0.00%,62.26%,50.00%,3,0,6.52%,0.00%,"478,50 €","0,00 €",3,0
B07TWJ3TPK,B01D4TUC10,HENDI Sistema de sous-vide GN 2/3. - 13 L - 230V/400W - 363x335x(H)290 mm (225264),H781672,151,19,0.00%,0.02%,193,28,0.00%,0.02%,79.65%,54.55%,3,2,1.99%,10.53%,"930,56 €","639,96 €",3,2
B0714CRTF4,B0714CRTF4,"Arcos Cortadora de Pan Profesional - Tabla de Corte de Acero Inoxidable para Cocina - 520 x 270 mm, Polietileno Blanco - Ideal para Panadería y Hogar",689900,179,12,0.00%,0.01%,220,20,0.00%,0.01%,32.67%,16.67%,4,2,2.23%,16.67%,"451,62 €","225,82 €",3,1
B071LGMH89,B071LGMH89,Arcos Mesa Cuchillo Carne Nitrum Pack Madera Marrón 4 pulg,374610_fbm,463,18,0.01%,0.02%,583,26,0.01%,0.02%,23.48%,33.33%,7,0,1.51%,0.00%,"117,18 €","0,00 €",3,0
B072FHSBJR,B072FHSBJR,Arcos Nova Set 3 Cuchillos Peladores Acero Verde,189621,49,2,0.00%,0.00%,57,2,0.00%,0.00%,46.15%,50.00%,4,0,8.16%,0.00%,"41,96 €","0,00 €",3,0
B0B3D6SCY5,B076PYQ6YH,ARCOS Jamonero Madera de Pino Lacada Herrajes Metálicos Caoba,683200,"1,072",14,0.03%,0.01%,"1,467",32,0.03%,0.02%,23.91%,18.75%,3,0,0.28%,0.00%,"263,82 €","0,00 €",3,0
B07CZS5H54,B07CZS5H54,"HENDI Horno de Convección Profesional H90, 2670W, incl. 4 Bandejas de Aluminio, 2 Ventiladores, 50-300°C, Interior Esmaltado, Puerta Doble Cristal, 230V, 595x595x(H)570mm, Acero Inoxidable",H227060,123,12,0.00%,0.01%,159,12,0.00%,0.01%,96.55%,100.00%,3,0,2.44%,0.00%,"1.558,50 €","0,00 €",3,0
B0D1CVPJXW,B07D77CYPB,"HENDI Colador cónico de malla fina, ⌀205x(H)170mm, longitud del mango 230mm, acero inoxidable",H647554,273,21,0.01%,0.02%,374,23,0.01%,0.02%,56.78%,52.63%,3,0,1.10%,0.00%,"88,92 €","0,00 €",3,0
B07D8ZLM82,B07D8ZLM82,HENDI Rejilla - Bakery size - Rejilla transversal - 600x400 mm,H801925,12,2,0.00%,0.00%,13,3,0.00%,0.00%,75.00%,50.00%,7,6,58.33%,300.00%,"211,06 €","180,91 €",3,2
B0CZF7K8YX,B07D9TL37B,"HENDI Recipiente Gastronorm GN 2/3, Kitchen Line, resistencia térmica -40 °C a 250 °C, apto para horno y baño maría, 15,5L, 354x325x(H) 200mm, acero inoxidable",H806258,50,12,0.00%,0.01%,65,14,0.00%,0.01%,96.30%,81.82%,3,1,6.00%,8.33%,"88,35 €","29,45 €",3,1
B07D9XLGXZ,B07D9XLGXZ,"HENDI Recipiente Gastronorm GN 1/1, Kitchen Line, resistencia térmica -40 °C a 250 °C, apto para horno y baño maría, 21L, 530x325x(H) 150mm, acero inoxidable",H806142,25,9,0.00%,0.01%,36,11,0.00%,0.01%,87.88%,80.00%,5,3,20.00%,33.33%,"147,50 €","88,50 €",3,2
B0CTHQG9QZ,B07D9XLK3D,"HENDI Recipiente Gastronorm GN 1/2 con asas, Budget Line, resistencia térmica -40 °C a 250 °C, apto para horno y baño maría, 12,5L, 325x265x(H) 200mm, acero inoxidable",H817353,159,15,0.00%,0.01%,230,26,0.00%,0.02%,57.21%,70.00%,6,5,3.77%,33.33%,"141,94 €","116,95 €",3,2
B0GR25T577,B07G78WG8K,"Arcos Serie Cuchillos de Mesa Caja 12 uds Cuchillo Chuletero, Hoja Serrada de Acero Inoxidable de 110 mm, Cuchillo Monoblock Acero Inoxidable Color plata (12 UDS)",815900_2packs,141,6,0.00%,0.01%,187,8,0.00%,0.01%,71.35%,42.86%,4,2,2.84%,33.33%,"300,84 €","149,80 €",3,1
B07J6B3PQ6,B07J6B3PQ6,HENDI Ahumador eléctrico - 230V / 1600W - 540x380x(H)720 mm,H238486,62,5,0.00%,0.00%,85,6,0.00%,0.00%,77.33%,66.67%,3,1,4.84%,20.00%,"1.014,69 €","296,69 €",3,1
B0G547B3RM,B07N8VMWGG,Arcos Mesa Cuchillo Chuletero Serrado Nitrum POM Negro 115 mm,374800_1pieza,557,17,0.01%,0.02%,867,24,0.02%,0.02%,25.06%,42.11%,9,6,1.62%,35.29%,"72,87 €","47,40 €",3,1
B07N8VQSVB,B07N8VQSVB,Arcos Serie Capri - Cubertería de 24 piezas en una Caja de Regalo (6 cuchillos + 12 cucharas + 6 tenedores) - Monoblock de una pieza en Acero Inoxidable Color Plata,587400_,"15,470",365,0.39%,0.35%,"23,021",572,0.41%,0.38%,2.30%,3.67%,4,0,0.03%,0.00%,"303,96 €","0,00 €",3,0
B07PNHKPMY,B07PNHKPMY,"HENDI Caja de golpe de café, rectangular, modelo en forma de gaveta, recipiente para residuos del café, vaciado de posos de café, con barra de golpeo extraíble,350x250x(H)90mm, acero al carbono",H208694,190,26,0.00%,0.02%,249,36,0.00%,0.02%,63.13%,41.18%,3,1,1.58%,3.85%,"264,70 €","89,95 €",3,1
B07T7HKST6,B07T7HKST6,CUPERINOX Juego de Cuchillos de cocina | 6 Piezas | Cuchillos Cocina Profesional | Set cuchillos cocina | Incluye tijeras cocina | Acero Inoxidable,19511FBM,171,8,0.00%,0.01%,240,8,0.00%,0.01%,98.52%,100.00%,3,0,1.75%,0.00%,"134,85 €","0,00 €",3,0
B0DN1ZCCFX,B07YXFSGD7,"HENDI Cuchilla de Corte con Recubrimiento Antiadherente para Queso, Ø300mm, Repuesto para Cortafiambres 210017, Accesorio Profesional, Acero Inoxidable",H975756,72,5,0.00%,0.00%,101,8,0.00%,0.01%,84.95%,100.00%,3,1,4.17%,20.00%,"554,25 €","184,75 €",3,1
B0FQNZM34T,B0843T2DL9,Arcos Juego cocina 3 pzas. Serie Ópera + Tijeras + Taco,228700_us,599,11,0.02%,0.01%,705,11,0.01%,0.01%,79.75%,100.00%,3,0,0.50%,0.00%,"273,00 €","0,00 €",3,0
B0D1CWK1B4,B084TKV1MX,"HENDI Campana domo cúpula cubierta para ahumar bebidas cócteles con válvula de ventilación y orificio de goma para pistola o infusor de humo, ahumado, ø150x(H)280mm, de vidrio borosilicato",H199657,86,11,0.00%,0.01%,129,23,0.00%,0.02%,34.19%,0.00%,7,0,8.14%,0.00%,"318,50 €","0,00 €",3,0
B08WR6CHHN,B08MW17PLN,Arcos Juego Cuchillos Carne | 6 Piezas | Cuchillo chuleteros | Hoja 110 mm | monoblock | Cuchillo en 1 Sola Pieza | Cuchillos Carne Cubiertos Acero Inoxidable | Caja Envase Ecológico (Sierra Laser),815900fba,263,7,0.01%,0.01%,346,10,0.01%,0.01%,98.15%,100.00%,3,1,1.14%,14.29%,"113,03 €","33,05 €",3,1
B0CQLNJVKL,B08TWZX8LY,Arcos Thera Sartén Antiadherente Aluminio Fundido 18 cm,718100,"2,253",49,0.06%,0.05%,"3,074",65,0.06%,0.04%,0.40%,7.50%,3,0,0.13%,0.00%,"68,85 €","0,00 €",3,0
B09KJLG7BT,B098K898SC,CUPERINOX Soporte Jamonero | Jamonero Profesional | Cuchillo Jamonero madera + Funda Jamon | Tabla Jamonera,20226,"2,003",21,0.05%,0.02%,"2,532",25,0.05%,0.02%,96.77%,92.86%,3,0,0.15%,0.00%,"74,97 €","0,00 €",3,0
B09KJLG7BT,B098TFPYLY,CUPERINOX Jamonero profesional Gondola | tabla jamon | Cuchillo Jamonero Alveolos Acero Inox + Cubre Jamón Universal | Set cortar jamón (3 PZAS) | Sujeta jamones | tabla jamonero,20228_,"3,010",75,0.08%,0.07%,"4,375",114,0.08%,0.08%,98.55%,100.00%,3,0,0.10%,0.00%,"104,97 €","0,00 €",3,0
B09HQTWWPB,B09HQTW6TF,Arcos Clara Cuchillo Chef Forjado Acero Inoxidable 200 mm,210600_us,817,20,0.02%,0.02%,"1,155",25,0.02%,0.02%,9.99%,13.33%,3,1,0.37%,5.00%,"86,54 €","30,00 €",3,1
B0D1CVHXVY,B09NC9BXHD,"HENDI Portanotas, Barra Porta Comandas, Barra para Sujetar Notas, con Fijación por Tornillo o Adhesivo, Aluminio, (L)1220mm",H513750,40,17,0.00%,0.02%,54,27,0.00%,0.02%,82.35%,80.00%,4,4,10.00%,23.53%,"120,76 €","120,76 €",3,3
B0D1CWK1B4,B09NC9MBHK,"HENDI Pistola para ahumar, infusor de humo, ahumadores, 3 velocidades, incluye filtros de malla de repuesto, pinza, cable de carga USB, para comidas, quesos, cócteles, 215x70x(H)160mm",H199640,108,12,0.00%,0.01%,127,17,0.00%,0.01%,41.03%,66.67%,4,1,3.70%,8.33%,"363,00 €","90,75 €",3,1
B0DK3JR7C3,B09S62XK6F,"HENDI Mezclador Profesional de Bebidas, Aireador/Batidor de Bebidas Ligeras, Frappés, Capuchinos Fríos, Drink Mixer, Incluye 2 Vasos y 4 Agitadores, 230V/400W, 170x196x(H)490mm, Azul",H221655,91,6,0.00%,0.01%,127,7,0.00%,0.00%,69.57%,40.00%,3,0,3.30%,0.00%,"464,25 €","0,00 €",3,0
B0B464Q8VS,B0B464Q8VS,CUPERINOX® Kitchen Pro | Tijeras de Cocina Profesional 21 cm Tijeras de Trinchar Carne y Pescado Acero Inoxidable Mango Ergonómico Apto Lavavajillas,21981_,194,8,0.00%,0.01%,260,10,0.00%,0.01%,80.83%,100.00%,3,0,1.55%,0.00%,"26,97 €","0,00 €",3,0
B0C5X7VHZK,B0C5X7VHZK,Arcos Serie Lisboa - Cubertería de 113 piezas en Maletín de Regalo (Juego Completo) - Monoblock de una sola pieza de Acero Inoxidable - Color Plata,597500,270,7,0.01%,0.01%,369,11,0.01%,0.01%,81.11%,71.43%,3,0,1.11%,0.00%,"1.245,00 €","0,00 €",3,0
B0D1CZJMQ3,B0CQMRLLBB,"HENDI Emplatar Chef Kit, Juego de Herramientas de emplatado y Decorado culinario, 6 Piezas: Pinzas-cucharas-espátula, Incl. Estuche, Acero Inoxidable Satinado, Plata, poliéster, PP",H400081,320,8,0.01%,0.01%,448,10,0.01%,0.01%,45.01%,12.50%,3,0,0.94%,0.00%,"117,90 €","0,00 €",3,0
B0CQMTRX9C,B0CQMTRX9C,"HENDI Hacha de carnicero profesional, herramienta para manipular y cortar carne, hoja de acero inoxidable de 125 mm de largo, mango ergonómico de polietileno blanco de 450 mm",H843390,188,5,0.00%,0.00%,253,7,0.00%,0.00%,90.50%,25.00%,3,0,1.60%,0.00%,"368,97 €","0,00 €",3,0
B0D1VZR8D3,B0D1VZR8D3,"HENDI Armario calentador de platos, doble, 108 platos de ⌀24 cm, 3 estantes extraíbles, de 30°C a 85°C, con 4 ruedas, calentador eléctrico de platos, 230V/800W, 592x782x(H)765mm, acero inoxidable",H250174,55,16,0.00%,0.02%,72,21,0.00%,0.01%,94.03%,100.00%,3,2,5.45%,12.50%,"1.663,09 €","1.094,04 €",3,2
B0D6Z2GDS4,B0D6Z2GDS4,"HENDI Lámpara de Calor Flexible, Negro",H273838,53,14,0.00%,0.01%,67,19,0.00%,0.01%,67.74%,73.68%,7,6,13.21%,42.86%,"1.118,24 €","958,49 €",3,2
B0D7W7VW2W,B0D7W7VW2W,"HENDI Rodillo de amasar, con rodamientos, rodillo de cocina, rodillo de repostería, para hacer pan, pizza, galletas, para grandes cantidades de masa, macizo, ø90x667mm, madera de haya, acero",H515167,108,5,0.00%,0.00%,163,7,0.00%,0.00%,67.83%,60.00%,3,0,2.78%,0.00%,"153,09 €","0,00 €",3,0
B0FR444FLT,B0F3JLVG2D,Arcos by Chef José Andrés | Cuchillo Pelador de 10 cm Forjado para Frutas y Verduras | Hoja de Acero Inoxidable NITRUM con Borde de Seda | Mango Ergonómico de Madera de Encina,171100,"3,417",81,0.09%,0.08%,"3,661",85,0.07%,0.06%,81.71%,88.33%,4,3,0.12%,3.70%,"193,15 €","146,85 €",3,2
B0FR444FLT,B0F3JW5W24,Arcos by Chef José Andrés | Cuchillo Rocking Santoku de 19 cm Forjado para Precisión Culinaria Profesional | Hoja de Acero Inoxidable NITRUM con Borde de Seda | Mango Ergonómico de Madera de Encina,171600,"1,309",32,0.03%,0.03%,"1,480",39,0.03%,0.03%,76.46%,85.71%,3,1,0.23%,3.13%,"236,55 €","78,85 €",3,1
B0FR444FLT,B0F3JWLDBQ,Arcos by Chef José Andrés | Cuchillo de Chef Forjado de 20 cm para Precisión Culinaria Profesional | Hoja de Acero Inoxidable NITRUM con Borde de Seda | Mango Ergonómico de Madera de Encina,171400,465,12,0.01%,0.01%,497,12,0.01%,0.01%,77.88%,100.00%,3,2,0.65%,16.67%,"191,85 €","127,90 €",3,2
B0FR444FLT,B0F3JWN8Y2,Arcos by Chef José Andrés | Cuchillo de Pan de 20 cm para Panes Artesanales y Productos de Panadería | Hoja Forjada de Acero Inoxidable NITRUM con Borde de Seda | Mango Ergonómico de Madera de Encina,171500,687,11,0.02%,0.01%,820,14,0.01%,0.01%,85.16%,100.00%,4,3,0.58%,27.27%,"315,80 €","236,85 €",3,2
B0FR444FLT,B0F3JWZF69,Arcos by Chef José Andrés | Cuchillo de Chef Forjado de 15 cm para Precisión Culinaria Profesional | Hoja de Acero Inoxidable NITRUM con Borde de Seda | Mango Ergonómico de Madera de Encina,171200,"1,097",31,0.03%,0.03%,"1,240",31,0.02%,0.02%,67.63%,78.95%,3,2,0.27%,6.45%,"191,85 €","127,90 €",3,2
B0FJLTDB9J,B0F9L19CF8,Set de Cortauñas Profesional,A10002,141,6,0.00%,0.01%,170,6,0.00%,0.00%,100.00%,100.00%,3,0,2.13%,0.00%,"20,97 €","0,00 €",3,0
B0FJLTDB9J,B0F9L19CF8,Set de Cortauñas Profesional,21931+21932,141,6,0.00%,0.01%,170,6,0.00%,0.00%,100.00%,100.00%,3,0,2.13%,0.00%,"20,97 €","0,00 €",3,0
B0FJRVHBWH,B0FHKWLB7X,"CUPERINOX Tijeras peluqueria profesional 16,5cm | Tijeras corte pelo afiladas precisas hombre mujer barbero estilista | Acero inoxidable duradero | Acabado mate elegante | Ideal uso doméstico y salón",21863,85,2,0.00%,0.00%,140,6,0.00%,0.00%,43.70%,100.00%,8,6,9.41%,300.00%,"79,92 €","59,94 €",3,1
B0H4HJ1QBT,B0FZKN2FKC,Xpartan Clean | Pack 2 x 500ml | Limpiador de Suelos Multisuperficie para Robots de Limpieza | Concentrado y Perfumado para todo tipo de Robots y Marcas,XPARTAN_PACK2,41,1,0.00%,0.00%,50,1,0.00%,0.00%,95.92%,100.00%,3,0,7.32%,0.00%,"47,97 €","0,00 €",3,0
B0FZKN2FKC,B0FZKN2FKC,Xpartan Clean | Pack 2 x 500ml | Limpiador de Suelos Multisuperficie para Robots de Limpieza | Concentrado y Perfumado para todo tipo de Robots y Marcas,XPARTAN_PACK2,33,1,0.00%,0.00%,46,1,0.00%,0.00%,95.12%,100.00%,3,0,9.09%,0.00%,"47,97 €","0,00 €",3,0
B0G44H4PJM,B0G44H4PJM,WINS 007 - Friegasuelos Concentrado 250 ml | Rinde 5 L,5J-24UP-2NPL,70,4,0.00%,0.00%,98,4,0.00%,0.00%,97.80%,100.00%,3,2,4.29%,50.00%,"38,97 €","25,98 €",3,2
B0H3Q5DQZ4,B0H3Q5DQZ4,VINFERMATÓN Pack 2 Insecticida Mosquitos y Moscas Concentrado Matón PS 250 ml | Spray para Insectos Voladores |Acción Inmediata|Con Piretrinas Sintéticas|Formato Ligero con Dosificación Controlad,MATONPS_PACK2,23,1,0.00%,0.00%,38,1,0.00%,0.00%,91.43%,100.00%,5,0,21.74%,0.00%,"78,95 €","0,00 €",3,0
B0F54LTCFF,B000NOAYMM,Arcos Cuchillo Jamonero Acero Inoxidable 240 mm,281804_fba,"11,202",249,0.29%,0.24%,"16,930",343,0.30%,0.23%,0.04%,1.78%,2,1,0.02%,0.40%,"32,98 €","16,49 €",2,1
B017HKG9PK,B0044R87LE,Arcos Cuchillo Panero Negro 210 mm,151400,"5,749",210,0.15%,0.20%,"7,317",265,0.13%,0.18%,5.15%,5.85%,2,0,0.03%,0.00%,"30,98 €","0,00 €",2,0
B017HKG9PK,B0044R87LE,Arcos Cuchillo Panero Negro 210 mm,151400_fbm,"5,749",210,0.15%,0.20%,"7,317",265,0.13%,0.18%,5.15%,5.85%,2,0,0.03%,0.00%,"29,98 €","0,00 €",2,0
B0F54LTCFF,B0044R87TQ,Arcos Cuchillo Salmón y Pescado Acero Inoxidable 290 mm,284004,"1,958",68,0.05%,0.06%,"2,583",79,0.05%,0.05%,2.18%,0.00%,2,0,0.10%,0.00%,"45,50 €","0,00 €",2,0
B00YTW5C8U,B0044R87YG,Arcos Cuchillo Carnicero Acero Inoxidable Nitrum 160 mm,241600,145,5,0.00%,0.00%,174,5,0.00%,0.00%,54.60%,33.33%,2,0,1.38%,0.00%,"33,98 €","0,00 €",2,0
B017HKG9PK,B0044R87YQ,Arcos Cuchillo para Maitre Negro 100 mm,150500_us,"7,405",193,0.19%,0.18%,"10,076",243,0.18%,0.16%,4.91%,16.11%,7,7,0.09%,3.63%,"62,57 €","62,57 €",2,2
B017HKG9PK,B0044R87ZA,Arcos Cuchillo Mondador de Acero Inoxidable. Cuchillo Cocina Profesional para Pelar Frutas y Verduras. Mango Ergonómico Polioximetileno y Hoja 150mm. Serie Maitre. Color Negro.,150700_,"11,083",267,0.28%,0.25%,"16,228",372,0.29%,0.25%,0.07%,0.93%,2,0,0.02%,0.00%,"21,98 €","0,00 €",2,0
B0F54LTCFF,B0044R881I,Arcos Serie Universal - Cuchillo Cocinero - Hoja de Acero Inoxidable NITRUM 100 mm - Mango de Polioximetileno (POM) Color Negro,280204_,"10,019",283,0.26%,0.27%,"13,834",406,0.25%,0.27%,0.12%,0.00%,2,0,0.02%,0.00%,"25,98 €","0,00 €",2,0
B00509S0BW,B00509S0BW,"HENDI Baño María eléctrico profesional con 1 recipiente de acero inoxidable con tapa (1x4 L), Termosistema, Calentador de alimentos y sopas a 30–85 °C, 4 L, 220V/200W, 256x312x(H)298mm",H201107,39,7,0.00%,0.01%,47,12,0.00%,0.01%,69.77%,100.00%,2,2,5.13%,28.57%,"446,57 €","446,57 €",2,2
B0BLGK8VPQ,B0050GD02Y,HENDI Cocina de inducción modelo 3500 M - Kitchen Line - 230V / 3500W - 327x425x(H)100 mm,H239780,139,11,0.00%,0.01%,188,13,0.00%,0.01%,56.63%,72.73%,3,2,2.16%,18.18%,"719,25 €","479,50 €",2,1
B0050HL9DU,B0050HL9DU,"HENDI Parrilla Eléctrica de Contacto, Grill/Plancha Panini y Sandwichera Profesional, Placas Acanaladas y Lisas de Hierro Fundido Esmaltado, 230V, 2200W, 430x375x(H)216mm, Acero Inoxidable",H263662,44,4,0.00%,0.00%,66,8,0.00%,0.01%,71.43%,50.00%,2,1,4.55%,25.00%,"531,50 €","265,75 €",2,1
B005LR69PW,B005LR69PW,"Arcos Cuchillo Tomates Acero Inoxidable 5""",232000_,"1,723",42,0.04%,0.04%,"2,507",47,0.05%,0.03%,2.18%,0.00%,2,0,0.12%,0.00%,"47,98 €","0,00 €",2,0
B0F1ZF7H1L,B005LR6AEW,Arcos Riviera Forjada Cuchillo para Pescado Acero Inoxidable Nitrum 170 mm,232900,402,10,0.01%,0.01%,480,11,0.01%,0.01%,35.02%,0.00%,2,0,0.50%,0.00%,"53,98 €","0,00 €",2,0
B017HKFNO8,B005LR70T6,Arcos Niza Cuchillo de Cocina Acero Inoxidable Negro 200 mm,135400,"2,009",51,0.05%,0.05%,"2,807",79,0.05%,0.05%,2.50%,2.22%,2,0,0.10%,0.00%,"21,20 €","0,00 €",2,0
B06XWF2YLW,B005LR71GI,Arcos Cuchillo Cocinero 200 mm,135800,"4,525",93,0.12%,0.09%,"6,188",122,0.11%,0.08%,0.29%,2.41%,3,2,0.07%,2.15%,"30,75 €","20,50 €",2,1
B00XJBJO4K,B005LRSIPQ,Arcos Guantes de Protección de Malla - Acero Inoxidable Anticorte para Cocina - Certificación EN 420/EN 10827/1 - Tamaño XXS 210 mm - Seguridad y Durabilidad,615000,84,4,0.00%,0.00%,132,6,0.00%,0.00%,43.31%,83.33%,2,1,2.38%,25.00%,"241,80 €","120,90 €",2,1
B00XJBJO4K,B005LRSIYM,"Arcos Guantes de Protección de Malla - Acero Inoxidable Anticorte para Seguridad - Tamaño XS 230 mm - Certificación EN 420, EN 10827 - Ideal para Industria y Cocina",615100,93,3,0.00%,0.00%,116,5,0.00%,0.00%,32.08%,80.00%,2,0,2.15%,0.00%,"239,50 €","0,00 €",2,0
B00XJBJO4K,B005LRSJ5A,Arcos Guantes de Protección - Guante de Malla Guante de Protección - Acero Inoxidable Size S 240 mm - Color Gris,615200,143,4,0.00%,0.00%,180,5,0.00%,0.00%,56.02%,50.00%,2,0,1.40%,0.00%,"241,90 €","0,00 €",2,0
B0F54LTCFF,B007TS67O4,Arcos Cuchillo Chef Acero Inoxidable 175 mm,284704,"3,088",70,0.08%,0.07%,"4,076",94,0.07%,0.06%,0.63%,3.45%,4,3,0.13%,4.29%,"67,96 €","50,97 €",2,1
B0F54LTCFF,B007TS6GIG,Arcos Conjunto Cuchillos 6 piezas Acero Inoxidable Nitrum. 3760 gr. Bloque madera pino. Mango ergonómico polioximetileno POM. Serie Universal. Mayor control. Color negro.,285100_,"1,109",25,0.03%,0.02%,"1,378",35,0.02%,0.02%,35.27%,44.44%,2,0,0.18%,0.00%,"199,98 €","0,00 €",2,0
B096ZVZNSY,B008U6TCSW,ARCOS Chaira Afilador Acero Nitrum Cromado Negro 250 mm,278200_,"1,729",44,0.04%,0.04%,"2,558",69,0.05%,0.05%,3.73%,7.69%,2,2,0.12%,4.55%,"32,98 €","32,98 €",2,2
B00BQU1C4Q,B00BQU1C4Q,"HENDI Percolador de café, de doble pared, con filtro incorporado, grifo antigoteo, para café molido grueso, no necesita filtro de papel,16L, 230V, 1500W, 386x393x(H)641mm, acero inoxidable 18/0",H211304,16,1,0.00%,0.00%,19,2,0.00%,0.00%,82.35%,100.00%,2,1,12.50%,100.00%,"375,33 €","169,83 €",2,1
B0D1CXDT2G,B00BQU1S1I,HENDI Termómetro con sonda plegable - -50/300˚C - 160x40x(H)25 mm,H271308,44,8,0.00%,0.01%,47,9,0.00%,0.01%,65.91%,100.00%,2,2,4.55%,25.00%,"60,50 €","60,50 €",2,2
B00GJU09XI,B00GJU09XI,Arcos - Tacoma 6pz (5 cuchillos+tijera)serie niza 136100 arcos,136100_us,139,6,0.00%,0.01%,198,10,0.00%,0.01%,91.57%,100.00%,3,2,2.16%,33.33%,"149,79 €","99,80 €",2,1
B0DK3FSR9B,B00GZR3A54,"HENDI Sifón de nata, con 3 boquillas diferentes, soporte para el cargador y cepillo de limpieza, para nata montada, mousses, postres, 0,25L, ø80x(H)200mm, aluminio, blanco",H588031,101,8,0.00%,0.01%,123,9,0.00%,0.01%,50.91%,42.86%,3,0,2.97%,0.00%,"110,40 €","0,00 €",2,0
B07TWJ3TPK,B00GZR3QJO,HENDI Sistema de sous-vide GN 1/1. - 20 L - 230V / 600W - 335x540(H)310 mm,H225448,297,25,0.01%,0.02%,398,39,0.01%,0.03%,63.19%,51.85%,2,2,0.67%,8.00%,"820,06 €","820,06 €",2,2
B08QFDPP4H,B00H1XELJU,HENDI Olla arrocera y calentador - 5.4 L - 230V / 1950W - 455x455x(H)380 mm,H240403,80,10,0.00%,0.01%,121,20,0.00%,0.01%,70.09%,76.47%,2,1,2.50%,10.00%,"406,00 €","203,00 €",2,1
B00J3ZTYAK,B00J3ZTYAK,"Arcos Cuchillos de Mesa de Acero Inoxidable 18/10, Monoblock de una Pieza, Hoja 220 mm, Juego de 3 Piezas para Cocina, Serie Toscana",575000,252,9,0.01%,0.01%,381,15,0.01%,0.01%,19.81%,42.86%,3,0,1.19%,0.00%,"55,47 €","0,00 €",2,0
B0H2ZBHXNH,B00J3ZVMCS,Arcos Serie Toscana - Juego de Cucharas para Café (6 cucharas) - Monoblock de una pieza en Acero Inoxidable 18/10 y 140 mm - Color Plata,574200,"2,594",94,0.07%,0.09%,"3,954",135,0.07%,0.09%,0.29%,0.96%,2,0,0.08%,0.00%,"19,98 €","0,00 €",2,0
B00J4L7DZ6,B00J4L7DZ6,Arcos Serie Toscana - Juego de Tenedores de Mesa (3 tenedores) - Monoblock de una pieza en Acero Inoxidable 18/10 y 200 mm - Color Plata,574700_,"5,534",148,0.14%,0.14%,"8,378",233,0.15%,0.16%,0.50%,1.43%,2,0,0.04%,0.00%,"17,98 €","0,00 €",2,0
B00J64GEEC,B00J64GEEC,Arcos Riviera Blanc Cuchillo Chef Forjado Acero Inoxidable 250 mm,233724_,378,8,0.01%,0.01%,522,11,0.01%,0.01%,22.41%,20.00%,2,1,0.53%,12.50%,"86,44 €","42,99 €",2,1
B07Z8TJHZR,B00LGX10MW,ARCOS Sacacorchos Manual Aleación de Zinc 195 mm,603400_,"1,535",57,0.04%,0.05%,"2,268",91,0.04%,0.06%,0.00%,0.00%,2,2,0.13%,3.51%,"35,98 €","35,98 €",2,2
B00OF83Z9Q,B00OF83Z9Q,ARCOS Aplastador de Filetes y Carne Acero Inoxidable 140 mm,796000,578,18,0.01%,0.02%,768,28,0.01%,0.02%,22.32%,11.76%,2,0,0.35%,0.00%,"81,80 €","0,00 €",2,0
B0752X4WZ6,B00TA4O5YO,ARCOS Pinzas para Emplatar Acero Inoxidable 300 mm,606200_,"12,109",295,0.31%,0.28%,"15,534",367,0.28%,0.24%,16.00%,3.24%,6,5,0.05%,1.69%,"64,74 €","52,75 €",2,1
B0F1ZF7H1L,B00V3AODM2,Arcos Set Cuchillos Forjados 5 piezas - Acero Inoxidable y Hoja mm. 3500 gr. Mango ergonómico Polioximetileno POM. Serie Riviera Blanc. Hoja delgada con un Borde Suave característico. Color Blanco.,234524_,907,29,0.02%,0.03%,"1,082",36,0.02%,0.02%,48.87%,54.55%,2,0,0.22%,0.00%,"289,84 €","0,00 €",2,0
B0F54LTCFF,B00W1XKMSY,Arcos Universal Cuchillo Deba Asiático Acero Inoxidable Nitrum 180 mm,289804,"3,437",74,0.09%,0.07%,"3,837",80,0.07%,0.05%,3.56%,4.17%,2,0,0.06%,0.00%,"66,52 €","0,00 €",2,0
B0F54LTCFF,B00W1XKQR6,Arcos Universal Cuchillo Usuba o Asiático de 175mm para Cortar Verduras. Cuchillo Japonés de Acero Inoxidable para Cocina. Color Negro,289704,"6,050",132,0.15%,0.12%,"8,084",179,0.15%,0.12%,0.52%,0.94%,2,1,0.03%,0.76%,"52,98 €","26,49 €",2,1
B017DLHEGQ,B017DLHEGQ,Arcos Chaira Afilador Manual de Cuchillos 230 mm,279400,"8,125",222,0.21%,0.21%,"12,107",345,0.22%,0.23%,0.06%,1.04%,2,2,0.02%,0.90%,"37,80 €","37,80 €",2,2
B017DLLFES,B017DLLFES,"Arcos Navaja Profesional de Acero Inoxidable Nitrum, Hoja 85 mm, Mango de Polipropileno, Serie Navajas Profesionales, Alta Durabilidad y Rendimiento",485700_fbm,806,25,0.02%,0.02%,"1,187",46,0.02%,0.03%,52.80%,96.15%,8,8,0.99%,32.00%,"46,97 €","46,97 €",2,2
B017DLMC5Y,B017DLMC5Y,"Arcos Cuchillos para Postre de Acero Inoxidable 18/10, Monoblock de una Pieza, Hoja 205 mm, Juego de 3 Piezas, Serie Toscana, Ideal para Repostería y Cocina, Color Plata",574900_,434,17,0.01%,0.02%,636,21,0.01%,0.01%,11.23%,0.00%,4,0,0.92%,0.00%,"65,96 €","0,00 €",2,0
B089MGF35Y,B01BLN78EU,"HENDI Fuente de Chocolate de 3 Niveles, Capacidad: hasta 1,5 kg, 230 V / 46 W, Ø215x(H)375 mm, Acero Inoxidable",H274101,177,13,0.00%,0.01%,232,16,0.00%,0.01%,53.52%,31.25%,2,1,1.13%,7.69%,"139,90 €","69,95 €",2,1
B01DY47ACO,B01DY47ACO,HENDI Picador de hielo - 230V / 70W - 170x260x(H)460 mm,H271520,88,9,0.00%,0.01%,107,12,0.00%,0.01%,44.33%,41.67%,2,1,2.27%,11.11%,"172,78 €","77,48 €",2,1
B088L1YKB9,B01DY486WM,HENDI Thermobox Kitchen Line - Pizza - 21 L - 410x410x(H)240 mm,H707975,76,12,0.00%,0.01%,91,14,0.00%,0.01%,97.44%,100.00%,2,1,2.63%,8.33%,"96,50 €","48,25 €",2,1
B0CQP7T8M6,B06XYJMT4R,"HENDI Sartén de freír pescado, oval, fondo de inducción, apto para todas las fuentes de calor y hornos hasta 260 °C, recubrimiento antiadherente, base 185 mm, 280x400x(h) 55 mm, aluminio",H627716,129,1,0.00%,0.00%,202,1,0.00%,0.00%,79.67%,0.00%,2,0,1.55%,0.00%,"109,00 €","0,00 €",2,0
B0GHBKFL4W,B071S7PKNN,Arcos Cuchillo Chuletero Acero Inoxidable Nitrum 110 mm,372400,425,14,0.01%,0.01%,575,22,0.01%,0.01%,15.60%,15.79%,2,0,0.47%,0.00%,"9,98 €","0,00 €",2,0
B0GQQDJ345,B0728B9JLB,Arcos Cuchillo carne/mesa con Hoja Acero Inoxidable Nitrum 110 mm. Mango ergonómico polioximetileno POM. Los bordeserrados los hacen perfectos para cortar. Serie Mesa. Color azul.,373723,851,27,0.02%,0.03%,"1,172",43,0.02%,0.03%,6.76%,7.69%,14,12,1.65%,44.44%,"228,02 €","195,44 €",2,1
B072BX31NY,B072BX31NY,Arcos Cuchillo de Mesa Forjado Acero Inoxidable Nitrum 100 mm,373728_1pieza,493,17,0.01%,0.02%,725,23,0.01%,0.02%,30.46%,46.15%,14,0,2.84%,0.00%,"237,86 €","0,00 €",2,0
B07TXLLGJX,B07BZ99SLN,HENDI Cocina de inducción modelo 5000 D - Profi Line - 400V / 5000W - 398x515x(H)168 mm,H239322,172,13,0.00%,0.01%,217,16,0.00%,0.01%,87.70%,70.00%,2,0,1.16%,0.00%,"923,37 €","0,00 €",2,0
B07CBLHKLN,B07CBLHKLN,"HENDI Cartuchos de recarga de gas GLP para HENDI Cabezales de antorchas de cocina de llama continua 198247 y 198216, recambios para soplete, paquete de 4 unidades",H199039,10,1,0.00%,0.00%,10,1,0.00%,0.00%,80.00%,100.00%,3,0,30.00%,0.00%,"45,47 €","0,00 €",2,0
B0D1CX8NJN,B07CYYMR49,"HENDI Hervidor de agua eléctrico, tetera, indicador del nivel de agua, desconexión automática, 4,2L, 230V, 2000W, 340x234x(H)290mm, acero inoxidable/Polipropileno",H209998,160,14,0.00%,0.01%,238,25,0.00%,0.02%,41.55%,42.86%,4,4,2.50%,28.57%,"196,14 €","196,14 €",2,2
B07CZ3DF6D,B07CZ3DF6D,"HENDI Cortadora eléctrica de carne, cortafiambres multiusos, Profi Line 195, Ø cuchilla: 195mm, espesor de corte (0-12mm), 220-240V, 200W, 416x400x(H)335mm, plateado, aluminio, acero inoxidable",H210031,186,13,0.00%,0.01%,223,15,0.00%,0.01%,82.84%,92.31%,2,1,1.08%,7.69%,"830,01 €","415,01 €",2,1
B07CZP72RH,B07CZP72RH,"HENDI Batidora profesional con cubierta insonorizada, control manual, jarra de policarbonato resistente al calor y frío, velocidad variable, 230V, 1680W, 250x300x(H)540mm, ABS, acero inoxidable",H230688,186,17,0.00%,0.02%,208,22,0.00%,0.01%,87.18%,75.00%,2,1,1.08%,5.88%,"770,00 €","385,00 €",2,1
B086WXFTDQ,B07D2SZRHP,HENDI Tapa de presentación abatible - GN 1/1-540x330x(H)180 mm,H427507,140,20,0.00%,0.02%,195,27,0.00%,0.02%,33.89%,39.13%,2,1,1.43%,5.00%,"79,90 €","39,95 €",2,1
B07D2T6D6C,B07D2T6D6C,"HENDI Combustible líquido, lata, con mecha, 24 unidades, sin hollín y sin olor, tiempo de combustión 4 horas, dietilenglicol puro, para calentadores de alimentos, calientaplatos, chafing dish, 145 gr",H193952,37,2,0.00%,0.00%,55,2,0.00%,0.00%,97.73%,100.00%,2,0,5.41%,0.00%,"106,50 €","0,00 €",2,0
B07D2TFS1B,B07D2TFS1B,HENDI Máquina eléctrica para pasta,H224847,596,21,0.02%,0.02%,839,33,0.02%,0.02%,43.67%,8.33%,2,0,0.34%,0.00%,"418,00 €","0,00 €",2,0
B07D2VL8DF,B07D2VL8DF,"HENDI Vitrina expositora refrigerada, mostrador para Buffets, Conjunto exhibidor climatizado con Cubierta Transparente, 2 Bloques refrigerantes y Bandeja, 430x290x(H) 150mm, poliestireno,Acero INOX",H424155,493,89,0.01%,0.08%,655,120,0.01%,0.08%,21.77%,24.21%,3,2,0.61%,2.25%,"143,85 €","95,90 €",2,1
B07TXLLKPD,B07D4TDV32,"HENDI Cortador eléctrico para kebab, shawarma, gyros, corte ajustable 0-8mm, cuchilla: 2600 rpm, cuchillo eléctrico profesional para cortar carne, 80W, 60kg/h, 230V, 202x125x(H)182mm, acero inoxidable",H267240,112,10,0.00%,0.01%,145,14,0.00%,0.01%,56.82%,21.43%,2,1,1.79%,10.00%,"299,95 €","148,75 €",2,1
B08PP2X5WL,B07D4TGPKB,"HENDI Cortador cuchillo inalámbrico para kebab, shawarma, gyros, espesor de corte ajustable 0-8mm, cuchilla: 2600 rpm, 2 baterías de 2000mAh, 80W, 60kg/h, 240V, 199x125x(H) 184mm, acero inoxidable",H267257,89,7,0.00%,0.01%,110,8,0.00%,0.01%,57.00%,71.43%,2,1,2.25%,14.29%,"494,00 €","247,00 €",2,1
B0DK3GFZ8K,B07D5D24V2,HENDI Rodillo de madera - ø75x(H)590 mm,H515020,26,1,0.00%,0.00%,43,1,0.00%,0.00%,85.37%,100.00%,2,1,7.69%,100.00%,"90,98 €","45,49 €",2,1
B0D1CSWF7Y,B07D5F1B48,"HENDI Escurridor de cocina, colador, para cocinar, lavar, pasta, fideos, espaguetis, frutas, verduras, ensaladas, redondo, perforado, con base y 2 asas, ø365x(H)185 mm, acero inoxidable",H535516,66,9,0.00%,0.01%,90,17,0.00%,0.01%,96.25%,92.31%,2,2,3.03%,22.22%,"119,50 €","119,50 €",2,2
B07D5FD27P,B07D5FD27P,"HENDI Portacondimentos de Bar, Bandeja de Guarniciones para Cócteles BarUp, Caja Organizadora con Tapa Transparente, 5 Contenedores de Polipropileno, 480x150x(H) 100mm, HIPS, Negro",H552131,58,11,0.00%,0.01%,70,15,0.00%,0.01%,90.00%,91.67%,2,2,3.45%,18.18%,"57,96 €","57,96 €",2,2
B0D1CVYRST,B07D5FDY1C,HENDI Jarra medidora de acero inoxidable - 2 L - ø140x(H)175 mm,H516300,75,5,0.00%,0.00%,108,7,0.00%,0.00%,60.24%,16.67%,5,4,6.67%,80.00%,"150,95 €","120,76 €",2,1
B088L3R1VP,B07D73ZNG7,HENDI Caja isotérmica para catering - 66 L - 600x400x(H)490 mm,H707661,298,31,0.01%,0.03%,409,42,0.01%,0.03%,25.92%,19.44%,2,2,0.67%,6.45%,"309,00 €","309,00 €",2,2
B08QF77324,B07D7FZZVY,HENDI Bandejas Gastronorm de borde fino - Melamina - GN 1/1-530x325x(H)20 mm,H566008,105,12,0.00%,0.01%,149,23,0.00%,0.02%,40.46%,71.43%,6,6,5.71%,50.00%,"152,97 €","152,97 €",2,2
B0CTHQG9QZ,B07D9S67L4,"HENDI Recipiente Gastronorm GN 1/2 con asas, Budget Line, resistencia térmica -40 °C a 250 °C, apto para horno y baño maría, 9,5L, 325x265x(H) 150mm, acero inoxidable",H817346,69,13,0.00%,0.01%,102,14,0.00%,0.01%,79.55%,90.91%,2,0,2.90%,0.00%,"39,98 €","0,00 €",2,0
B07D9TLFR6,B07D9TLFR6,"HENDI Contenedor isotérmico para hielo 110L, AmerBox, con tapa corredera y desagüe con grifo, 585x800x(H)745mm, HDPE",H877883,23,5,0.00%,0.00%,32,12,0.00%,0.01%,96.15%,100.00%,4,4,17.39%,80.00%,"3.300,00 €","3.300,00 €",2,2
B0CZF7K8YX,B07D9XLGXZ,"HENDI Recipiente Gastronorm GN 1/1, Kitchen Line, resistencia térmica -40 °C a 250 °C, apto para horno y baño maría, 21L, 530x325x(H) 150mm, acero inoxidable",H806142,43,10,0.00%,0.01%,53,10,0.00%,0.01%,73.68%,100.00%,5,4,11.63%,40.00%,"147,50 €","118,00 €",2,1
B08PSQ4FPT,B07D9Y6MXK,"HENDI Carro bandejero para bandejas 600x400 mm, 15 Niveles, Capacidad de Carga máxima 150 kg, 515x680x(H) 1710mm, Acero Inoxidable",H810651,53,13,0.00%,0.01%,80,21,0.00%,0.01%,82.43%,88.89%,2,2,3.77%,15.38%,"589,98 €","589,98 €",2,2
B07D9YB67Y,B07D9YB67Y,HENDI Cesta para cubiertos - 110x110x(H)140 mm,H871300,76,1,0.00%,0.00%,99,2,0.00%,0.00%,1.18%,0.00%,3,2,3.95%,200.00%,"24,46 €","15,97 €",2,1
B07DC7J5XN,B07DC7J5XN,"HENDI Bandeja GN 1/1, recubrimiento antiadherente de mármol, recipiente CONVECTOMAT CLASSIC, contenedor GN, resistente hasta 300°C, apta para hornos, 530x325x(H) 60mm, acero esmaltado",H890233,81,13,0.00%,0.01%,97,17,0.00%,0.01%,61.54%,72.73%,4,1,4.94%,7.69%,"219,98 €","47,51 €",2,1
B08P41X49K,B07DP53G8V,"HENDI Lámpara de calor colgante de altura ajustable, cónica, lámpara térmica de infrarrojos para cocina y mantenimiento de alimentos calientes, 230V, 250W, Ø275x(H)250mm, aluminio color plata",H273869,97,41,0.00%,0.04%,103,42,0.00%,0.03%,54.88%,44.44%,4,4,4.12%,9.76%,"367,00 €","367,00 €",2,2
B07F22H2MV,B07F22H2MV,HENDI Juego de 9 cuchillos - Negro - 445x260x(H)65 mm,H975770,63,5,0.00%,0.00%,81,7,0.00%,0.00%,40.28%,50.00%,2,1,3.17%,20.00%,"174,16 €","78,10 €",2,1
B07F9VW9NR,B07F9VW9NR,"Arcos Serie Latina Caja 12 uds Cuchillo universal de cocina, Hoja serrada de Acero Inoxidable NITRUM de 130 mm, Mango de Madera comprimida Color marrón (12 UDS)",100800_us,152,2,0.00%,0.00%,216,2,0.00%,0.00%,98.99%,0.00%,2,0,1.32%,0.00%,"79,98 €","0,00 €",2,0
B09381N96H,B07G75XCXM,"Arcos Serie Cuchillos de Mesa Caja 12 uds Cuchillo Mesa, Hoja Serrada de Acero Inoxidable NITRUM de 125 mm, Mango Polipropileno Color crema (12 UDS)",370200_us,73,0,0.00%,0.00%,120,0,0.00%,0.00%,97.89%,0.00%,2,0,2.74%,0.00%,"39,98 €","0,00 €",2,0
B0H6TRFX5J,B07G77ZS7D,"Arcos Serie Cuchillos de Mesa Caja 12 uds Cuchillo Chuletero, Hoja Serrada de Acero Inoxidable NITRUM de 110 mm, Mango Madera comprimida Color marrón (12 UDS)",371501_fbm,68,4,0.00%,0.00%,108,6,0.00%,0.00%,40.00%,100.00%,2,0,2.94%,0.00%,"99,98 €","0,00 €",2,0
B0GR25T577,B07G79YS6D,"Arcos Serie Cuchillos de Mesa Caja 12 uds Cuchillo Chuletero, Hoja Filo de Acero Inoxidable NITRUM de 110 mm, Mango Madera comprimida Color marrón (12 UDS)",373200_fbm,186,10,0.00%,0.01%,233,14,0.00%,0.01%,74.29%,71.43%,4,3,2.15%,30.00%,"280,96 €","209,97 €",2,1
B0FR444FLT,B07N8TSTLQ,"Arcos Juego de Cuchillos Forjados (4 Piezas) - Acero Inoxidable NITRUM, Corte Preciso, Mango Ergonómico POM Negro, Incluye Cuchillo Chef, Pan, Pelar y Cocina - Serie Manhattan, Negro",163400,"1,430",47,0.04%,0.04%,"1,621",61,0.03%,0.04%,98.84%,100.00%,2,0,0.14%,0.00%,"399,98 €","0,00 €",2,0
B07N8WPHN7,B07N8WPHN7,"Arcos Serie Clasica, Juego de Cuchillos de 4 piezas en Caja de Regalo, 3 Cuchillos + Tijera, Hoja de Acero Inoxidable Forjado Nitrum, Mango de Polioximetileno, POM, Bloque de madera color Marrón",258700_2,216,5,0.01%,0.00%,370,8,0.01%,0.01%,99.69%,100.00%,2,0,0.93%,0.00%,"159,98 €","0,00 €",2,0
B07PRXM4WF,B07PRXM4WF,"HENDI Caja de golpe de café, redonda, recipiente para residuos del café, vaciado de posos de café, con barra de golpeo extraíble,153x185x(H)165mm, acero inoxidable",H208618,23,0,0.00%,0.00%,33,0,0.00%,0.00%,93.55%,0.00%,2,0,8.70%,0.00%,"77,00 €","0,00 €",2,0
B07Q6FZTR2,B07Q6FZTR2,"HENDI Lavavajillas industrial, para cestas 40x40cm, con control electromecánico, máquina lavaplatos lavavasos lavacopas, 230V, 2800W, 470x510x(H)710mm, acero inoxidable",H230299,445,53,0.01%,0.05%,601,67,0.01%,0.04%,86.13%,43.33%,2,0,0.45%,0.00%,"3.050,00 €","0,00 €",2,0
B0816Y7X5X,B0816Y7X5X,"HENDI Deshidratador de alimentos, con 7 bandejas, secador eléctrico de frutas y verduras, temporizador de 24 hrs, temperatura regulable 35°-70°C, 230V, 500W, 345x450x(H)315mm, acero inoxidable, PP",H229064,169,6,0.00%,0.01%,226,12,0.00%,0.01%,69.12%,54.55%,2,2,1.18%,33.33%,"379,98 €","379,98 €",2,2
B08QG69ZLY,B0816ZDL6L,"HENDI Placa de inducción doble, cocina eléctrica de inducción, portátil, controles táctiles, con función de temporizador y Boost, 35-240 °C, 230 V, 3500 W, 608x370x(H)61 mm, negro, acero inoxidable",H239414,69,2,0.00%,0.00%,84,2,0.00%,0.00%,83.54%,100.00%,2,0,2.90%,0.00%,"439,50 €","0,00 €",2,0
B0FQNZM34T,B0843DGXDP,Arcos Opera Cuchillo Jamonero Forjado Acero Inoxidable Nitrum 250 mm,226700_,255,3,0.01%,0.00%,321,4,0.01%,0.00%,69.72%,0.00%,2,0,0.78%,0.00%,"59,47 €","0,00 €",2,0
B0FQNZM34T,B0843PT8MC,Arcos Cuchillo pelar Acero Inoxidable. Cuchillo cocina para pelar frutas y verduras. Mango ergonómico polioximetileno y Hoja 100 mm. Serie Opera. Color negro.,_225700_,201,12,0.01%,0.01%,253,14,0.00%,0.01%,43.00%,8.33%,5,2,2.49%,16.67%,"104,95 €","41,98 €",2,1
B08K4WG7Z5,B08K4WG7Z5,"HENDI Carrito de servicios, carrito multiusos, 3 estantes, 4 ruedas giratorias, 2 con freno, carga máxima por estante 50kg, encimera 830x510mm, 905x585x(H)945mm, acero inoxidable,acabado en negro mate",H811320,21,3,0.00%,0.00%,24,4,0.00%,0.00%,73.91%,0.00%,3,0,14.29%,0.00%,"657,00 €","0,00 €",2,0
B08WR6CHHN,B08MW17PLN,Arcos Juego Cuchillos Carne | 6 Piezas | Cuchillo chuleteros | Hoja 110 mm | monoblock | Cuchillo en 1 Sola Pieza | Cuchillos Carne Cubiertos Acero Inoxidable | Caja Envase Ecológico (Sierra Laser),815900FBM,263,7,0.01%,0.01%,346,10,0.01%,0.01%,98.15%,100.00%,2,0,0.76%,0.00%,"80,64 €","0,00 €",2,0
B0CQLP3WHM,B08TWYW899,"Arcos Thera Sarten Grill Antiadherente de 24x24 Cm para Inducción, Gas y Vitrocerámica. Grill de Aluminio Fundido con Mango Ergonómico Extraíble y Apta para Lavavajillas. Color Negro y Azul",719300,237,7,0.01%,0.01%,317,12,0.01%,0.01%,15.89%,0.00%,2,0,0.84%,0.00%,"71,90 €","0,00 €",2,0
B0CQLP3WHM,B08TWZRRGR,"Arcos Thera Sarten Grill Antiadherente de 28x28 Cm para Inducción, Gas y Vitrocerámica. Grill de Aluminio Fundido con Mango Ergonómico Extraíble y Apta para Lavavajillas. Color Negro y Azul",719400,602,15,0.02%,0.01%,800,25,0.01%,0.02%,13.16%,12.50%,2,0,0.33%,0.00%,"87,69 €","0,00 €",2,0
B09TX34H64,B095YCTYNZ,"HENDI Sifón de cocina, con 3 boquillas de polipropileno y cepillo de limpieza, sifón para montar nata, espumas, mousses, postres, espumado en frío, 0,5L, ø80x(H)260mm, aluminio, verde pastel",H975879,63,4,0.00%,0.00%,81,4,0.00%,0.00%,45.59%,25.00%,2,0,3.17%,0.00%,"79,98 €","0,00 €",2,0
B097BNL3XT,B097BNL3XT,"HENDI Cortador eléctrico para kebab, shawarma, gyros, corte ajustable 0,5-6mm, cuchilla: 8000 rpm, cuchillo eléctrico profesional para cortar carne, 80W, 230V, 232x120x(H)115mm, acero inoxidable",H267264,190,14,0.00%,0.01%,274,17,0.00%,0.01%,57.02%,38.46%,2,1,1.05%,7.14%,"649,50 €","324,75 €",2,1
B099G3S6KB,B099G3S6KB,Roll On Post-Picaduras VINFERMATON | Adultos y niños* | Alivio del picor y el dolor | Todo tipo de picaduras,V581100,57,4,0.00%,0.00%,65,4,0.00%,0.00%,11.29%,33.33%,2,0,3.51%,0.00%,"17,98 €","0,00 €",2,0
B09GPRH991,B09GPRH991,"HENDI Horno profesional compacto para pizzas, horno eléctrico, para pizzas hasta diámetro 39cm, 50˚C~350˚C, 230V, 2000W, 580x560x(H)275mm, plateado, cuerpo de acero inoxidable AISI 430",H220290,141,14,0.00%,0.01%,179,14,0.00%,0.01%,82.61%,76.92%,2,0,1.42%,0.00%,"774,00 €","0,00 €",2,0
B09HQTWWPB,B09HQTN94D,Arcos Cuchillo Pelador Acero Inoxidable. Cuchillo Pelador para Pelar Frutas y Verduras. Mango Ergonómico Polioximetileno y Hoja 100 mm. Serie Clara. Color Negro.,210100_us,279,15,0.01%,0.01%,395,18,0.01%,0.01%,16.76%,12.50%,2,0,0.72%,0.00%,"35,90 €","0,00 €",2,0
B09JCLGP5D,B09JCLGP5D,"HENDI Carro bandejero Doble móvil, 12 x GN 1/1, Capacidad de Carga 150 kg, 810x610x(H) 960mm, Acero Inoxidable",H810569,35,5,0.00%,0.00%,41,6,0.00%,0.00%,97.50%,100.00%,2,1,5.71%,20.00%,"499,00 €","249,50 €",2,1
B06XB92VRH,B09LYZ5G5S,CUPERINOX Deluxe Cafetera Italiana Induccion Espresso Inoxidable 6 Tazas,25052FBM,699,17,0.02%,0.02%,915,21,0.02%,0.01%,99.28%,100.00%,2,0,0.29%,0.00%,"63,98 €","0,00 €",2,0
B09MSDJQJ1,B09MM5CH6C,Arcos jamonero profesional alveolos | incluye pinza para jamón | cuchillo jamonero cuchillo jamonero alveolos cuchillos profesional| Acero Inoxidable Nitrum 240 mm,856200,995,19,0.03%,0.02%,"1,253",21,0.02%,0.01%,98.26%,100.00%,2,0,0.20%,0.00%,"59,98 €","0,00 €",2,0
B09NBVF3RB,B09NBVF3RB,"HENDI Cubierta transparente para máquina de algodón de azúcar, compatible con modelos 282731, 282809 y 282816, ⌀520x(H)350mm, acrílico (PMMA)",H282755,19,3,0.00%,0.00%,27,3,0.00%,0.00%,91.67%,100.00%,2,2,10.53%,66.67%,"189,98 €","189,98 €",2,2
B09NC6H644,B09NC6H644,"HENDI Arrocera, Función de Mantenimiento del Calor, 23 Tazas de Arroz Seco, Vaso Medidor y Cuchara Arrocera, 230V, 1550W, ø380x(H)240mm, aluminio, 4,2L",H240441,63,6,0.00%,0.01%,80,6,0.00%,0.00%,71.43%,71.43%,2,1,3.17%,16.67%,"247,98 €","123,99 €",2,1
B09NC818YZ,B09NC818YZ,"HENDI Arrocera, Función de Mantenimiento del Calor, 50 Tazas de Arroz Seco, Vaso Medidor y Cuchara Arrocera, 230V, 2900W, ø495x(H)365mm, Aluminium, 10L",H240458,151,21,0.00%,0.02%,217,31,0.00%,0.02%,82.78%,64.29%,2,2,1.32%,9.52%,"396,00 €","396,00 €",2,2
B0FJRVHBWH,B09P8KYJFW,"CUPERINOX Tijeras peluqueria profesional 16,5cm | Tijeras entresacar dentadas vaciar pelo texturizar cabello | Barbero estilista hombre mujer | afiladas acero inoxidable | Uso doméstico y salón",21864,102,4,0.00%,0.00%,123,4,0.00%,0.00%,91.23%,100.00%,2,0,1.96%,0.00%,"19,98 €","0,00 €",2,0
B0DK3JR7C3,B09S5DTFSC,"HENDI Mezclador Profesional de Bebidas, Aireador/Batidor de Bebidas Ligeras, Frappés, Capuchinos Fríos, Drink Mixer, Incluye 2 Vasos y 4 Agitadores, 230V/400W, 170x196x(H)490mm, Amarillo",H221631,78,9,0.00%,0.01%,98,10,0.00%,0.01%,85.54%,80.00%,2,2,2.56%,22.22%,"316,50 €","316,50 €",2,2
B09ZLJL6JF,B09XF1JKXR,Arcos Serie Lyon - Cuchillo Kudamono | Cuchillo Japones - Hoja de Acero Inoxidable Forjado NITRUM de 80 mm - Mango de Polioximetileno (POM) - Color Negro,250100_,120,8,0.00%,0.01%,160,8,0.00%,0.01%,97.89%,100.00%,2,0,1.67%,0.00%,"41,98 €","0,00 €",2,0
B0B46BW9GK,B0B46BW9GK,"CUPERINOX® Kitchen Pro - Tijeras Cocina Profesional | Mango Negro Ambidiestro | Acero Inoxidable de Calidad | Para Pollo, Pescado, Carne y Verduras | Apto Lavavajillas",21985,45,0,0.00%,0.00%,70,0,0.00%,0.00%,100.00%,0.00%,2,0,4.44%,0.00%,"19,98 €","0,00 €",2,0
B0B46LVDQK,B0B46LVDQK,CUPERINOX® Kitchen Pro Tijeras de Cocina Profesionales 25 cm Tijeras de Trinchar Mango Ergonómico Negro Tijeras para Pollo y Huesos Acero Inoxidable Apto Lavavajillas,21970,20,1,0.00%,0.00%,32,1,0.00%,0.00%,100.00%,100.00%,2,0,10.00%,0.00%,"19,98 €","0,00 €",2,0
B0C49YM5CJ,B0C49YM5CJ,Arcos Serie Nordika - Cuchillo Deba - Acero Inoxidable NITRUM - Hoja de 170 mm - Mango de Madera Ovengkol 100% natural de bosques certificados FSC® - Embalaje 100% reciclado,168100,188,5,0.00%,0.00%,250,11,0.00%,0.01%,96.88%,100.00%,2,1,1.06%,20.00%,"95,98 €","47,99 €",2,1
B0CM6RWLQM,B0CM6RWLQM,"HENDI Hervidor de Sopa Eléctrico UNIQ, 8L, Negro",H860526,80,17,0.00%,0.02%,106,24,0.00%,0.02%,73.96%,58.82%,2,0,2.50%,0.00%,"334,72 €","0,00 €",2,0
B0D1CZJMQ3,B0CQNWQD1V,"HENDI Emplatar Chef Kit, Juego de Herramientas de emplatado y Decorado culinario, 6 Piezas: Pinzas-cucharas-espátula, Incl. Estuche, Acero Inoxidable con Recubrimiento PVD Negro, PP",H400074,155,1,0.00%,0.00%,206,1,0.00%,0.00%,59.46%,100.00%,2,0,1.29%,0.00%,"83,50 €","0,00 €",2,0
B0CVQ8P4HF,B0CVQ8P4HF,"HENDI Máquina para hacer empanadillas, manual, molde para preparar 5 dumplings a la vez, revestimiento antiadherente, presión uniforme, prensa para pastas rellenas, 470x140x(H)95mm, acero inoxidable",H230107,"1,267",77,0.03%,0.07%,"1,724",102,0.03%,0.07%,71.52%,59.70%,2,2,0.16%,2.60%,"750,00 €","750,00 €",2,2
B0DB5X7S4H,B0DB5X7S4H,Arcos Serie Riviera - Juego Cuchillos Cocina 3 piezas (1 Cuchillo Mondador + 1 Santoku + 1 Cuchillo de Chef) - Hoja de Acero Inoxidable Forjado NITRUM - Mango de Polioximetileno (POM) - Color Negro,2340100,324,4,0.01%,0.00%,457,6,0.01%,0.00%,70.83%,66.67%,2,0,0.62%,0.00%,"199,98 €","0,00 €",2,0
B0DG2MV27X,B0DG2MV27X,"HENDI Rejilla grill parilla GN 1/1, CONVECTOMAT, para horno, asador, acanalada, para hornear, asar, barbacoa, recubrimiento antiadherente de PTFE, resiste hasta 200°C, 530x325x(H)15mm, aluminio",H808832,50,16,0.00%,0.02%,66,24,0.00%,0.02%,55.17%,72.22%,2,2,4.00%,12.50%,"176,71 €","176,71 €",2,2
B0DNNL6D3J,B0DNNL6D3J,Cuperinox Afilador Cuchillos | Afilador de Cuchillos Profesional | Knife Sharpener | Afilador 3 etapas | Todo tipo de cuchillos de acero y ceramica incluso cuchillo jamonero | Base Antideslizante,20775_,279,2,0.01%,0.00%,392,2,0.01%,0.00%,30.14%,0.00%,2,0,0.72%,0.00%,"22,98 €","0,00 €",2,0
B0DTKCGSW9,B0DTKCGSW9,"HENDI Cuchillo Yanagiba, cuchillo japonés para Sashimi y Sushi, cuchillo de cocina para filetear pescados pequeños y medianos, largo de la hoja: 270mm, largo total: 405mm, acero inoxidable",H845127,158,3,0.00%,0.00%,265,5,0.00%,0.00%,41.92%,0.00%,2,0,1.27%,0.00%,"119,70 €","0,00 €",2,0
B0FJLTDB9J,B0F95HH915,"Alicates para pedicura, Profesional, Cortaúñas de Pies, Acero Inoxidable, Mango Ergonómico Antideslizante, Fácil Limpieza, Con Funda, 2 Años de Garantía (Cortauñas Grande)",21931X2,239,4,0.01%,0.00%,296,6,0.01%,0.00%,99.64%,100.00%,2,0,0.84%,0.00%,"14,98 €","0,00 €",2,0
B0FD3NTQVM,B0FD3NTQVM,VINFERMATÓN Spray Antimosquitos + Post Picaduras | Eficaz contra mosquito tigre | +8 Horas de proteccion | Apto para niños | Facilidad de Uso | MADE IN SPAIN,PACKREPELENTE+ROLLON,83,2,0.00%,0.00%,110,6,0.00%,0.00%,95.24%,100.00%,2,0,2.41%,0.00%,"25,98 €","0,00 €",2,0
B0G2CJWWVW,B0G2CJWWVW,VINFER| Fregasuelos Limpiador Concentrado 017 con Fragancia a Magnolia 250 ml |Rinde 5 Litros |Friegasuelos Detergente Multiusos Neutro para Suelos y Superficies|100% Made in Spain,WC017,45,5,0.00%,0.00%,50,5,0.00%,0.00%,100.00%,100.00%,2,2,4.44%,40.00%,"25,98 €","25,98 €",2,2
B0G2D1VPYX,B0G2D1VPYX,"VINFER-WINS 004 – Limpiador Multiusos| Pack Ahorro: Garrafa 5L + Concentrado 250 ml | Rinde 10 Litros Totales | Limpieza de Muebles, Cristales y Superficies | 100% Made in Spain",WC004+004,77,8,0.00%,0.01%,85,9,0.00%,0.01%,90.48%,100.00%,2,1,2.60%,12.50%,"37,98 €","18,99 €",2,1
B0G44H4PJM,B0G44H4PJM,WINS 007 - Friegasuelos Concentrado 250 ml | Rinde 5 L,WC007,70,4,0.00%,0.00%,98,4,0.00%,0.00%,97.80%,100.00%,5,5,7.14%,125.00%,"44,95 €","44,95 €",2,2
B0G4RDL3R8,B0G4RDL3R8,Arcos Sacacorchos eléctrico,607600,72,2,0.00%,0.00%,105,2,0.00%,0.00%,47.13%,100.00%,2,0,2.78%,0.00%,"99,80 €","0,00 €",2,0
B0G3ZJ89NB,B0G8KMC5DX,"CUPERINOX Jamonero Giratorio y Plegable | Jamonera base Inoxidable | Incluye Cuchillo Jamonero Alveolos 25 cm, Afilador y Funda para Jamón | Apto Jamones y Paletilla",RI-P28V-UV1Q,"1,064",27,0.03%,0.03%,"1,535",42,0.03%,0.03%,98.97%,100.00%,2,0,0.19%,0.00%,"139,98 €","0,00 €",2,0
B0H3Q8F8RW,B0H3Q8F8RW,"VINFERMATÓN Antihormigas y Anticucarachas Pack 3 Insecticida Residual 400 ml x 3 | Total 1,2L | Efecto hasta 1 Año | Interior y Exterior | Spray Profesional",RESIDUAL400ML_PACK3,5,0,0.00%,0.00%,11,0,0.00%,0.00%,54.55%,0.00%,3,0,60.00%,0.00%,"53,97 €","0,00 €",2,0
B0HCZ2WBRT,B0H4NQKX27,"VINFERMATÓN PRO I-79 Laca Insecticida Rastreros 750 ml | Anticucarachas y Antihormigas | Efecto Barrera Permanente | Eficaz contra Cucarachas, Hormigas y Chinches",VINFERMATÓN PRO I-79,21,2,0.00%,0.00%,28,2,0.00%,0.00%,100.00%,100.00%,2,1,9.52%,50.00%,"29,98 €","14,99 €",2,1
B0DK3GS44K,B000YL0V8G,"HENDI Antorcha de cocina, soplete de cocina, soplete flambeador, mechero del Chef, de gas butano, recargable (se suministra vacío), con encendido automático, con base, 145x(H)190mm, negro y platado",H198209,61,7,0.00%,0.01%,84,9,0.00%,0.01%,52.70%,77.78%,1,1,1.64%,14.29%,"43,35 €","43,35 €",1,1
B09ZLJL6JF,B0015YIAV6,Arcos Serie Lyon - Cuchillo Chef | Cuchillo Cocinero - Hoja de Acero Inoxidable Forjado NITRUM de 200 mm - Mango de Polioximetileno (POM) - Color Negro,253600_,111,3,0.00%,0.00%,133,4,0.00%,0.00%,95.42%,100.00%,1,0,0.90%,0.00%,"33,99 €","0,00 €",1,0
B0F54LTCFF,B0015YKFPK,Arcos Universal Cuchillo Lenguado y Pescado Nitrum Negro 170 mm,284204,"1,081",29,0.03%,0.03%,"1,244",32,0.02%,0.02%,5.56%,11.11%,1,0,0.09%,0.00%,"14,25 €","0,00 €",1,0
B0F54LTCFF,B0044R87QE,Arcos Cuchillo Cocina Acero Inoxidable 200 mm,280604,"30,205",886,0.77%,0.84%,"43,844","1,261",0.79%,0.84%,1.61%,2.82%,1,1,0.00%,0.11%,"21,49 €","21,49 €",1,1
B08QCTG3WH,B004DDNPHU,HENDI Calientaplatos (Redondo) - Kitchen Line - 3.5 L - diámetro390X(H) 270 mm,H470619,57,6,0.00%,0.01%,74,9,0.00%,0.01%,76.47%,55.56%,1,1,1.75%,16.67%,"63,49 €","63,49 €",1,1
B004JIOUOG,B004JIOUOG,HENDI Calientaplatos Gastronorm 1/2 - Kitchen Line - 4.5 L - 385x295x(H)310 mm,H475201,22,6,0.00%,0.01%,32,8,0.00%,0.01%,66.67%,100.00%,4,4,18.18%,66.67%,"239,00 €","239,00 €",1,1
B0HG4BHRY3,B00509DM8S,HENDI Baño María Eléctrico GN 1/1,H238905,20,2,0.00%,0.00%,32,2,0.00%,0.00%,58.62%,0.00%,1,0,5.00%,0.00%,"137,75 €","0,00 €",1,0
B0HG4BHRY3,B00509FC90,"HENDI Baño María eléctrico, con grifo, sistema de calentamiento al baño María, temperatura regulable 30°C a 85°C, 1x GN 1/1, 2x GN 1/2, 3x GN 1/3, 19L, 230V, 1000W, 605x332x(H)242mm, acero inoxidable",H238912,11,1,0.00%,0.00%,14,1,0.00%,0.00%,42.86%,0.00%,1,0,9.09%,0.00%,"151,25 €","0,00 €",1,0
B0CL3H7NJC,B0050HJJVO,"HENDI Parrilla Eléctrica de Contacto Doble, Grill/Plancha Panini y Sandwichera Profesional, Placas Acanaladas y Lisas de Hierro Fundido Esmaltado, 230V, 3600W, 570x375x(H)216mm, Acero Inoxidable",H263808,88,6,0.00%,0.01%,121,9,0.00%,0.01%,81.08%,57.14%,1,0,1.14%,0.00%,"384,00 €","0,00 €",1,0
B0050I562Y,B0050I562Y,"HENDI Cafetera de goteo, eléctrica, para café molido de filtro, incluye 100 filtros de papel y 2 jarras de vidrio de 1,8L, cafetera de filtro, 230V, 1400W, 383x220x(H) 465mm, acero inoxidable",H208304,48,10,0.00%,0.01%,66,19,0.00%,0.01%,86.21%,93.75%,1,1,2.08%,10.00%,"269,95 €","269,95 €",1,1
B0050ML7WS,B0050ML7WS,"HENDI Cortadora eléctrica de carne, cortafiambres multiusos, Profi Line 300, Ø cuchilla: 300mm, espesor de corte (0-14mm), 220-240V, 420W, 602x573x(H)456mm, plateado, aluminio, acero inoxidable",EU-ESTD-NGXC,69,8,0.00%,0.01%,110,14,0.00%,0.01%,79.57%,72.73%,1,1,1.45%,12.50%,"849,00 €","849,00 €",1,1
B093DXB39H,B0050MMX4Y,HENDI Cortador de salchichas (eléctrico) - 230V / 135W - 230x185x(H)325 mm,H265109,49,11,0.00%,0.01%,60,14,0.00%,0.01%,45.10%,36.36%,1,1,2.04%,9.09%,"247,51 €","247,51 €",1,1
B0050NI7LQ,B0050NI7LQ,"HENDI Dispensador de Bebidas Calientes Eléctrico, de Pared Simple, Hervidor para Agua y Vino Caliente, 94–99°C, 9L, 230V/2200W, 340x227x(H)468mm, Acero Inoxidable",H209882,36,3,0.00%,0.00%,49,3,0.00%,0.00%,38.10%,66.67%,2,2,5.56%,66.67%,"224,98 €","224,98 €",1,1
B086WXGKHG,B005122S98,HENDI Fuente rectangular - Melamina - 495x270x(H) 56 mm,H561515,23,4,0.00%,0.00%,31,6,0.00%,0.00%,93.33%,66.67%,5,0,21.74%,0.00%,"181,25 €","0,00 €",1,0
B0F1ZF7H1L,B005LR690M,Arcos Cuchillo Rebanar y Jamón Acero Inoxidable 300 mm,231100_,"1,512",40,0.04%,0.04%,"2,091",54,0.04%,0.04%,0.96%,18.75%,1,0,0.07%,0.00%,"36,99 €","0,00 €",1,0
B005LR698E,B005LR698E,Arcos Cuchillo Negro 130 mm,231500_,"1,832",63,0.05%,0.06%,"2,531",99,0.05%,0.07%,0.99%,1.75%,1,0,0.05%,0.00%,"23,49 €","0,00 €",1,0
B005LR6JFW,B005LR6JFW,Arcos Conjunto Cuchillos 5 piezas Acero Inoxidable y Hoja mm. 3750 gr. Cuchillo cocina profesional cortar una variedad alimentos con mango ergonómico polioximetileno POM. Serie Riviera. Color negro.,234300_,226,3,0.01%,0.00%,297,4,0.01%,0.00%,84.95%,50.00%,1,0,0.44%,0.00%,"134,99 €","0,00 €",1,0
B0BMQ3CMJD,B005LR73D4,Arcos Serie Niza - Set Jamoneri - Cuchillo Jamonero + Chaira - Hoja de Acero Inoxidable NITRUM de 240 mm - Mangos fabricados en Polipropileno (PP) Color Negro,_136700_,"1,819",38,0.05%,0.04%,"2,514",51,0.05%,0.03%,6.16%,9.09%,1,0,0.05%,0.00%,"15,50 €","0,00 €",1,0
B0752NT3TH,B005LR7726,Arcos Serie Prochef - Tijeras de Cocina - Hoja de Acero Inoxidable - 210 mm - Mango de Polipropileno Color negro y rojo,185601_barras_Arcos,84,4,0.00%,0.00%,121,8,0.00%,0.01%,0.83%,12.50%,1,1,1.19%,25.00%,"7,22 €","7,22 €",1,1
B00XJBJO4K,B005LRSJK0,"Arcos Guantes de Protección de Malla - Acero Inoxidable Anticorte para Cocina - Tamaño L 270 mm - Certificación EN 420, EN 10827 - Seguridad y Durabilidad",615400,140,5,0.00%,0.00%,169,6,0.00%,0.00%,53.50%,83.33%,1,0,0.71%,0.00%,"129,90 €","0,00 €",1,0
B0F54LTCFF,B006LMX1WK,Arcos Cuchillo Salmón/Cuchillo Pescado 300 mm - Acero Inoxidable y Hoja 300 mm. 250 gr. Mango ergonómico Polioximetileno POM. Serie Universal. Hoja flexible. Mayor control. Color negro.,5Q-MVXW-N3X5,"1,450",46,0.04%,0.04%,"1,566",49,0.03%,0.03%,1.97%,2.94%,1,0,0.07%,0.00%,"28,49 €","0,00 €",1,0
B0F54LTCFF,B007TS67A8,Arcos Cuchillo Fileteador Acero Inoxidable Nitrum 160mm,282704,"3,301",93,0.08%,0.09%,"3,696",98,0.07%,0.07%,5.86%,18.18%,1,0,0.03%,0.00%,"16,49 €","0,00 €",1,0
B0F54LTCFF,B007TS67AI,Arcos Cuchillo Verduras Acero Inoxidable 100 mm,281104,"5,211",137,0.13%,0.13%,"7,594",187,0.14%,0.12%,0.04%,0.00%,1,1,0.02%,0.73%,"12,75 €","12,75 €",1,1
B0F54LTCFF,B007TS67GW,Arcos Cuchillo Cocina Acero Inoxidable 150 mm,281304_,"7,167",217,0.18%,0.21%,"9,696",293,0.17%,0.19%,0.08%,0.56%,2,2,0.03%,0.92%,"29,98 €","29,98 €",1,1
B0F54LTCFF,B007TS689S,ARCOS Universal Espátula Cocina Nitrum POM Negra 300 mm,286304,"1,011",56,0.03%,0.05%,"1,069",67,0.02%,0.04%,9.44%,74.51%,1,1,0.10%,1.79%,"18,80 €","18,80 €",1,1
B00YTW5C8U,B007TS696U,Arcos Colour Prof Cuchillo Carnicero Acero Inoxidable Nitrum 160 mm,241500,297,14,0.01%,0.01%,427,23,0.01%,0.02%,2.50%,7.14%,1,0,0.34%,0.00%,"15,49 €","0,00 €",1,0
B009QYZK60,B009QYZK60,HENDI Sopera eléctrica - 8 L - 230V / 450W - ø370x(H)300 mm,H860502,55,1,0.00%,0.00%,66,1,0.00%,0.00%,69.49%,0.00%,1,0,1.82%,0.00%,"110,80 €","0,00 €",1,0
B0DDW46XR7,B009SM0U92,"HENDI Bandeja de Servicio Rectangular, Superficie Antideslizante, GN 1/1, 530x325x(H) 20mm, Polipropileno, Negro",H878101,86,4,0.00%,0.00%,94,4,0.00%,0.00%,53.01%,0.00%,4,0,4.65%,0.00%,"59,96 €","0,00 €",1,0
B00BHZPHO6,B00BHZPHO6,"Arcos Juego 6 Cuchillos carne 4,s. Paquete Cuchillos bolsillo con borliso para cortar y filetear carne. Hoja y mango Acero Inoxidable monobloque. Serie Mesa.",378200_,30,2,0.00%,0.00%,42,6,0.00%,0.00%,40.00%,50.00%,1,1,3.33%,50.00%,"38,99 €","38,99 €",1,1
B00BHZPJFI,B00BHZPJFI,Arcos Riviera Blanc Cuchillo Chef Forjado Acero Inoxidable 150 mm,233424_,296,5,0.01%,0.00%,411,5,0.01%,0.00%,34.93%,33.33%,1,0,0.34%,0.00%,"26,99 €","0,00 €",1,0
B00BQU1ILS,B00BQU1ILS,"HENDI Calentador eléctrico de Alimentos para Buffet Tesino, Chafing Dish eléctrico al baño María, Capacidad 6,8L, hasta 85°C, 230V, 500W, ⌀405x(H) 248mm, Polipropileno y Acero Inoxidable",H,61,9,0.00%,0.01%,83,10,0.00%,0.01%,70.00%,75.00%,1,0,1.64%,0.00%,"118,99 €","0,00 €",1,0
B00BQU1RO6,B00BQU1RO6,"HENDI Termómetro digital con sonda, rango de temperatura -50 a 300°C, función mín./máx., alarma y bloqueo de lectura, 195x85x(H)45mm, multicolor, acero inoxidable 18/8 y PVC",H271407,105,10,0.00%,0.01%,128,11,0.00%,0.01%,65.52%,85.71%,1,1,0.95%,10.00%,"87,25 €","87,25 €",1,1
B0CZF71PXK,B00CJKPM7U,"HENDI Olla de cocina, alta, con tapa con orificios de salida de vapor, fondo de inducción continuo, apta para todas las fuentes de calor y el lavavajillas, 2.8L, ø160x(H)140mm, acero inoxidable",H837108,68,5,0.00%,0.00%,95,6,0.00%,0.00%,34.12%,16.67%,1,0,1.47%,0.00%,"28,25 €","0,00 €",1,0
B0CQP7T8M6,B00CJKQKB2,"HENDI Sartén de freír, fondo de inducción, apto para todas las fuentes de calor y hornos hasta 260 °C, recubrimiento antiadherente, mango largo remachado, base 220 mm, diámetro 280x(h)50 mm, aluminio",h627624,14,0,0.00%,0.00%,26,0,0.00%,0.00%,86.36%,0.00%,1,0,7.14%,0.00%,"30,19 €","0,00 €",1,0
B0GXGBZXPT,B00CWZOIIQ,"Arcos Cuchillos Mesa - Cuchillo Carne Mesa - Monobloque unaola pieza Acero Inoxidable 4"" - Corta chuletas o bistecs con precisión, facilidad y rapidez -erie Monobloque - Color Plateado",375500_1pza_fbm,45,0,0.00%,0.00%,59,0,0.00%,0.00%,73.58%,0.00%,2,0,4.44%,0.00%,"12,98 €","0,00 €",1,0
B00E5KWS1A,B00E5KWS1A,"Arcos Accesorios de Cocina - Juego de 5 Piezas (Pelador, Cascanueces, Sacacorchos, Prensa Ajos, Abrelatas) - Aleación de Zinc, Acabado Cromado, Caja Regalo - Plata",604500_,638,19,0.02%,0.02%,845,25,0.02%,0.02%,14.71%,0.00%,1,0,0.16%,0.00%,"69,99 €","0,00 €",1,0
B07TXLKG42,B00GZR3NBK,"HENDI Freidora eléctrica, T ajustable hasta 190°C, termostato de seguridad, zona fría, con tapa y cesta de freír, tanque de aceite extraíble, 2x8L, 230V, 7000W, 550x430x(H)345mm, acero inoxidable",H205839,96,20,0.00%,0.02%,161,55,0.00%,0.04%,42.36%,4.08%,1,0,1.04%,0.00%,"317,99 €","0,00 €",1,0
B0CKTTWD6S,B00H2OD9KK,"HENDI Plancha de asar eléctrica mixta 2/3 lisa y 1/3 acanalada, grill parrilla con bandeja de goteo extraíble, temperatura regulable hasta 300°C, 230V, 3500W, 720x530x(H)250mm, acero inoxidable",H203163,22,2,0.00%,0.00%,26,3,0.00%,0.00%,100.00%,100.00%,1,1,4.55%,50.00%,"579,00 €","579,00 €",1,1
B0CQP6ZTD4,B00H3KGKJU,"HENDI Olla de cocina, alta, con tapa con orificios de salida de vapor, con fondo de inducción continuo, apta para todas las fuentes de calor y el lavavajillas, 50L, ø400x(H)400mm, acero inoxidable",H832806,11,0,0.00%,0.00%,14,0,0.00%,0.00%,33.33%,0.00%,1,0,9.09%,0.00%,"274,75 €","0,00 €",1,0
B00H7X3TY2,B00H7X3TY2,"HENDI Bandeja de presentación para repostería, 600x400x(H) 20mm, Aluminio Ligero, Dorado",H808573,28,0,0.00%,0.00%,43,0,0.00%,0.00%,85.71%,0.00%,1,0,3.57%,0.00%,"34,45 €","0,00 €",1,0
B00ITVQQ8C,B00ITVQQ8C,Arcos Chaira Afilador Manual de Cuchillos - Acero al Carbono Cromado 230 mm - Mango Resistente de Polipropileno - Mantenimiento del Filo - Serie Chairas,278138,263,6,0.01%,0.01%,343,9,0.01%,0.01%,25.55%,33.33%,1,0,0.38%,0.00%,"13,60 €","0,00 €",1,0
B00J3ZVMCS,B00J3ZVMCS,Arcos Serie Toscana - Juego de Cucharas para Café (6 cucharas) - Monoblock de una pieza en Acero Inoxidable 18/10 y 140 mm - Color Plata,574200_,"4,958",192,0.13%,0.18%,"7,543",297,0.14%,0.20%,6.21%,13.27%,12,12,0.24%,6.25%,"87,00 €","87,00 €",1,1
B0D1D18BGM,B00KLHA6IS,"HENDI Bloque para cortar de HDPE, sin base, tabla de cortar tipo bloque de carnicero, bloque macizo de cocina para cortar carnes, quesos, pescado, 500x400x(H)80mm, polietileno de alta densidad, blanco",H505663,58,3,0.00%,0.00%,73,4,0.00%,0.00%,94.12%,100.00%,1,0,1.72%,0.00%,"132,50 €","0,00 €",1,0
B00L827426,B00L827426,HENDI Hielera de doble pared - 5 L - ø200x(H)230 mm,H594704,20,1,0.00%,0.00%,25,1,0.00%,0.00%,95.65%,100.00%,2,2,10.00%,200.00%,"169,98 €","169,98 €",1,1
B00OF7XFW4,B00OF7XFW4,ARCOS Aplastador de Filetes y Carne Acero Inoxidable 220 mm,798000,607,24,0.02%,0.02%,828,50,0.01%,0.03%,3.29%,2.17%,1,0,0.16%,0.00%,"72,95 €","0,00 €",1,0
B00OH5VB0M,B00OH5VB0M,HENDI Sandwichera tostadora - 230V / 1200W - 200x300x(H)223 mm,H261163,41,0,0.00%,0.00%,45,0,0.00%,0.00%,84.21%,0.00%,1,0,2.44%,0.00%,"198,50 €","0,00 €",1,0
B0DK3GFZ8K,B00QHX6CWE,HENDI Rodillo - ø65x(H)470 mm,H515006,15,0,0.00%,0.00%,20,0,0.00%,0.00%,95.00%,0.00%,1,0,6.67%,0.00%,"31,40 €","0,00 €",1,0
B00UCCGND4,B00UCCGND4,Vinfermatón - Insecticida Mosquitos y Moscas Concentrado Matón PS 250ml,V00002,81,3,0.00%,0.00%,133,5,0.00%,0.00%,0.83%,0.00%,1,0,1.23%,0.00%,"8,49 €","0,00 €",1,0
B00UCCGPWI,B00UCCGPWI,VINFER - Jabon Liquido manos V400 Dosificador Dermo Vinfer 5 L,VP400,17,2,0.00%,0.00%,18,2,0.00%,0.00%,100.00%,100.00%,2,2,11.76%,100.00%,"32,28 €","32,28 €",1,1
B0FWK4CNH3,B00WHV21BG,CUPERINOX TIJERAS PESCADO | TIJERAS COCINA| TIJERAS ACERO| TIJERAS | 20 CM | UTENSILIOS DE COCINA,21992,390,9,0.01%,0.01%,523,11,0.01%,0.01%,34.92%,100.00%,1,0,0.26%,0.00%,"9,99 €","0,00 €",1,0
B0DN1Z777C,B00WTEP4C4,"HENDI Bolsas para envasado al vacío gofradas, 100 unidades, aptas para sous-vide, -20 °C a +100 °C, 250x350mm, 75µm, PA/PE, sin BPA",H971055,9,0,0.00%,0.00%,9,0,0.00%,0.00%,55.56%,0.00%,3,0,33.33%,0.00%,"101,97 €","0,00 €",1,0
B00X5PH0P0,B00X5PH0P0,"CUPERINOX® Kitchen Pro - Tijeras Cocina Profesional 21 cm | Acero Inoxidable Resistente | Mango Ergonómico Antideslizante Negro | Para Pollo, Pescado y Verduras | Apto Lavavajillas",21983_,55,1,0.00%,0.00%,71,1,0.00%,0.00%,39.39%,100.00%,1,0,1.82%,0.00%,"9,99 €","0,00 €",1,0
B013I01EWQ,B013I01EWQ,"HENDI Cepillo de limpieza para horno de pizza, rascador de acero, mango desmontable, 930x260mm, acero inoxidable y madera",H525630,12,0,0.00%,0.00%,19,0,0.00%,0.00%,93.75%,0.00%,1,0,8.33%,0.00%,"36,85 €","0,00 €",1,0
B0F4WXMWRT,B01418E5ZC,"HENDI Cubitera para botellas, enfriador de bebidas tipo champanera, BarUp, 9,5L, ⌀350x(H)230mm, acero inoxidable",H471524,50,3,0.00%,0.00%,77,3,0.00%,0.00%,89.55%,100.00%,1,0,2.00%,0.00%,"24,49 €","0,00 €",1,0
B014MIZYD8,B014MIZYD8,Arcos Cuchillo Tomate Forjado Acero Inox. Nitrum 130mm,232024_,"1,032",18,0.03%,0.02%,"1,501",32,0.03%,0.02%,0.68%,34.62%,1,1,0.10%,5.56%,"23,99 €","23,99 €",1,1
B0189HXVQ0,B017DLMSQW,"Arcos Tablas - Tabla de Cocina Antibacteriana para Cortar - Resistente al Lavavajillas, No Daña Cuchillos, Fibra de Celulosa y Resina, 42.7x32.7 cm, Negro, Ecológica y Duradera",692310,440,10,0.01%,0.01%,597,10,0.01%,0.01%,11.80%,14.29%,1,0,0.23%,0.00%,"36,99 €","0,00 €",1,0
B0752V8D3X,B017DMTB0M,ARCOS Chaira Acero al Carbono y Diamante 230 mm,782100,"2,982",59,0.08%,0.06%,"4,228",96,0.08%,0.06%,0.73%,0.00%,1,0,0.03%,0.00%,"10,75 €","0,00 €",1,0
B01BLORE9S,B01BLORE9S,"HENDI Máquina para Hacer Cubitos de Hielo, Arktic, Producción: 35kg/24h, Depósito: 15kg, Fabricador de Hielo, 230V/280W, 448x400x(H)798mm, Acero Inoxidable",H271575,19,2,0.00%,0.00%,24,4,0.00%,0.00%,100.00%,100.00%,1,0,5.26%,0.00%,"729,00 €","0,00 €",1,0
B01BNQXXIU,B01BNQXXIU,"HENDI Carrito de Servicios, de Cocina, de Restaurante, Multiusos, 2 estantes, 4 Ruedas giratorias, 2 con Freno, Carga máxima por Estante 50kg, encimera 830x510mm, 905x585x(H) 945mm, Acero Inoxidable",H810002,74,11,0.00%,0.01%,93,13,0.00%,0.01%,35.37%,40.00%,1,0,1.35%,0.00%,"129,75 €","0,00 €",1,0
B01BNU1VIU,B01BNU1VIU,HENDI Dispensador de chocolate caliente - 5 L - 230V / 1006W - 410x280x(H)465 mm,H893637,32,4,0.00%,0.00%,46,5,0.00%,0.00%,60.98%,50.00%,1,0,3.13%,0.00%,"475,00 €","0,00 €",1,0
B01BNUIBDI,B01BNUIBDI,HENDI Calentador de bebidas calientes - 28 L - 230V / 2500W - 447x441x(H)485 mm,H240601,10,2,0.00%,0.00%,14,4,0.00%,0.00%,100.00%,100.00%,2,2,20.00%,100.00%,"259,50 €","259,50 €",1,1
B01BQ94JSM,B01BQ94JSM,HENDI Bandeja con niveles - ø268x(H)320 mm,H429914,43,5,0.00%,0.00%,61,8,0.00%,0.01%,71.15%,100.00%,1,1,2.33%,20.00%,"44,75 €","44,75 €",1,1
B0BL68V6NM,B01CU00HKA,HENDI Dispensador de zumo - 8 L - 260x360x(H)560 mm,H425299,47,8,0.00%,0.01%,57,11,0.00%,0.01%,47.06%,50.00%,1,1,2.13%,12.50%,"118,99 €","118,99 €",1,1
B01DDMW3RO,B01DDMW3RO,HENDI Thermobox Profi Line - GN 1/1-39 L - 674x400x(H)287 mm,H707982,39,12,0.00%,0.01%,50,17,0.00%,0.01%,88.64%,100.00%,1,1,2.56%,8.33%,"104,00 €","104,00 €",1,1
B085SN3MM8,B01DDMXCME,"HENDI Bandeja de horno perforada antiadherente, 4 bordes, GN 1/1",H808405,41,7,0.00%,0.01%,50,12,0.00%,0.01%,71.43%,66.67%,6,6,14.63%,85.71%,"322,50 €","322,50 €",1,1
B01DDMY3OU,B01DDMY3OU,HENDI Chafing Dish Heizung - 230 V - diámetro130x(H)100 marca Esmeyer,H809600,50,16,0.00%,0.02%,70,25,0.00%,0.02%,20.31%,15.79%,1,1,2.00%,6.25%,"62,25 €","62,25 €",1,1
B0DN1Z81XJ,B01DY55A4I,"HENDI Soporte de montaje y almacenamiento a la pared, para colgar y almacenar bloques motores de batidoras de mano y sus accesorios, práctico y fácil de montar, 365x130x(H) 70mm, acero inoxidable",H934029,26,5,0.00%,0.00%,30,6,0.00%,0.00%,51.85%,83.33%,1,1,3.85%,20.00%,"55,99 €","55,99 €",1,1
B06XD39V8J,B06XD39V8J,VINFERMATON – Insecticida Cucarachas y Hormigas Residual 400 ml | Spray Efecto Duradero para Interior y Exterior | Profesional Doméstico | 100 % MADE IN SPAIN,V0012,"5,629",167,0.14%,0.16%,"8,151",235,0.15%,0.16%,47.30%,35.29%,1,1,0.02%,0.60%,"8,85 €","8,85 €",1,1
B0D1CV6YJ2,B06Y2DP83Y,HENDI Tenedor trinchador - Profi Line - Negro - 285x20x(H) 25 mm,H844229,12,5,0.00%,0.00%,14,7,0.00%,0.00%,92.86%,100.00%,1,1,8.33%,20.00%,"34,50 €","34,50 €",1,1
B0719K25DF,B0719K25DF,ARCOS Pinzas de Precisión para Emplatar 140 mm,606500,514,8,0.01%,0.01%,736,11,0.01%,0.01%,2.52%,0.00%,1,0,0.19%,0.00%,"9,99 €","0,00 €",1,0
B0F1N351DY,B071P2B7X5,Arcos Set 3 Cuchillos Peladores Acero Inoxidable,189622_,"12,465",263,0.32%,0.25%,"18,573",387,0.33%,0.26%,0.03%,2.13%,1,0,0.01%,0.00%,"10,99 €","0,00 €",1,0
B071Z8BWVS,B071Z8BWVS,Arcos - Set Cuchillos Cocina Arcos y afilador Arcos | Cuchillos arcos Profesional |4 Piezas | Cuchillo Carne |Cuchillo japones | Cuchillo cebollero |843900,843900,116,5,0.00%,0.00%,150,12,0.00%,0.01%,99.26%,100.00%,1,0,0.86%,0.00%,"74,99 €","0,00 €",1,0
B0752NT3TH,B072BX2PJG,ARCOS Chaira Afilador Manual Acero al Carbono Cromado 230 mm,185924,"2,177",64,0.06%,0.06%,"2,453",67,0.04%,0.04%,0.04%,0.00%,1,0,0.05%,0.00%,"27,99 €","0,00 €",1,0
B077QSX5QT,B077QSX5QT,HENDI Ablandador de carne Profi Line - 51 cuchillas - Rojo - 42x150x(H)118 mm,H843451,18,0,0.00%,0.00%,21,0,0.00%,0.00%,82.35%,0.00%,1,0,5.56%,0.00%,"32,50 €","0,00 €",1,0
B0787B1RJF,B0787B1RJF,"Vinfer Limpia muebles profesional. Envase 400 ml. Formula estudiada para la limpieza de superficies de madera, así como superficies plásticas, cromados, marmoles, cerámicas. Limpia y abrillanta",VP2417,38,2,0.00%,0.00%,49,3,0.00%,0.00%,93.33%,33.33%,1,0,2.63%,0.00%,"8,99 €","0,00 €",1,0
B0787R49F1,B0787R49F1,Multiusos Wins 004. Abrillanta y elimina la suciedad acumulada en cualquier tipo de superficie sin dañarlas. Envase de 5 Litros.,WINS004,91,4,0.00%,0.00%,106,5,0.00%,0.00%,70.41%,100.00%,1,0,1.10%,0.00%,"14,75 €","0,00 €",1,0
B0FWK4CNH3,B0799Z54MP,CUPERINOX Tijeras Cocina Profesional |Mango ergonómico para máxima comodidad| Tijeras 21 cm |Tijeras de Trinchar | Tijeras Pollo | Tijera Pescado | Tijera Acero Inoxidable| Apto Lavavajillas,21982,105,1,0.00%,0.00%,124,1,0.00%,0.00%,99.11%,100.00%,1,0,0.95%,0.00%,"9,99 €","0,00 €",1,0
B07BBL6SR7,B07BBL6SR7,Arcos Serie Riviera Rose - Cuchillo Jamonero - Hoja de Acero Inoxidable Forjado NITRUM 250 mm - Mango de Polioximetileno (POM) Color Rosa,231054_,63,1,0.00%,0.00%,84,1,0.00%,0.00%,95.83%,0.00%,1,0,1.59%,0.00%,"34,49 €","0,00 €",1,0
B07TXLKG42,B07CYRD4H8,"HENDI Freidora eléctrica, T ajustable hasta 190°C, termostato de seguridad, zona fría, con tapa y cesta de freír, tanque de aceite extraíble, 2x6L, 230V, 6600W, 550x430x(H)290mm, acero inoxidable",H205853,59,6,0.00%,0.01%,73,14,0.00%,0.01%,81.82%,83.33%,1,1,1.69%,16.67%,"319,75 €","319,75 €",1,1
B07CZHFJFD,B07CZHFJFD,HENDI Matamoscas con placa adhesiva (120m²) - 230V / 36W - 475x80x(H)283 mm,H270196,130,20,0.00%,0.02%,229,33,0.00%,0.02%,51.67%,47.83%,1,1,0.77%,5.00%,"77,50 €","77,50 €",1,1
B08NWMXFDK,B07CZTF891,"HENDI Vitrina expositora refrigerada, descongelación automática, sistema antivaho, 3 estantes, iluminaciónED, etiqueta energética C, 78L, 230V, 170W, 452x406x(H)966mm, Blanco, ABS, doble cristal",H233641,48,8,0.00%,0.01%,56,9,0.00%,0.01%,94.23%,100.00%,1,1,2.08%,12.50%,"625,00 €","625,00 €",1,1
B07TYQJ4YX,B07D2VL8BP,HENDI Máquina para hacer pasta - 210x(H)340 mm,H224830,252,12,0.01%,0.01%,329,14,0.01%,0.01%,84.01%,80.00%,1,0,0.40%,0.00%,"33,25 €","0,00 €",1,0
B07D2VL8BP,B07D2VL8BP,HENDI Máquina para hacer pasta - 210x(H)340 mm,H224830,99,1,0.00%,0.00%,148,6,0.00%,0.00%,98.33%,0.00%,1,0,1.01%,0.00%,"36,68 €","0,00 €",1,0
B086XS4XDX,B07D4V72YP,"HENDI Juego de salero y pimentero, 2 piezas, utensilio de sal y pimienta de cocina mesa, con tapas de acero inoxidable con orificios dispensadores en forma de S y P, ⌀40x(H)70mm, vidrio, transparente",H465387,43,0,0.00%,0.00%,56,0,0.00%,0.00%,75.51%,0.00%,1,0,2.33%,0.00%,"7,49 €","0,00 €",1,0
B0D1CSWF7Y,B07D5CQ2PH,"HENDI Escurridor de cocina, colador, para cocinar, lavar, pasta, fideos, espaguetis, frutas, verduras, ensaladas, redondo, perforado, con base y 2 asas, ø325x(H)175 mm, acero inoxidable",H535509,20,4,0.00%,0.00%,21,5,0.00%,0.00%,75.00%,50.00%,1,0,5.00%,0.00%,"52,60 €","0,00 €",1,0
B0B11WGKPR,B07D6Z23SD,HENDI Wok - ø700x(H)235 mm,H626504,47,5,0.00%,0.00%,60,9,0.00%,0.01%,67.86%,0.00%,1,0,2.13%,0.00%,"132,50 €","0,00 €",1,0
B0DK3HY5X9,B07D6Z2DHS,HENDI Sacabolas de helado Stöckel - 1/8 - ø80 mm,H755013,34,6,0.00%,0.01%,44,9,0.00%,0.01%,71.43%,87.50%,1,1,2.94%,16.67%,"59,25 €","59,25 €",1,1
B0DK3GZ2DL,B07D6ZWHCP,HENDI Sacabolas de helado Stöckel - 1/30 - ø49 mm,H755372,17,7,0.00%,0.01%,25,8,0.00%,0.01%,60.00%,57.14%,1,1,5.88%,14.29%,"55,74 €","55,74 €",1,1
B0D1CXFM75,B07D6ZWZQJ,"HENDI Prensadores de patatas - Gris claro, Alargado, (L)808mm",H693223,36,5,0.00%,0.00%,46,5,0.00%,0.00%,95.12%,100.00%,1,0,2.78%,0.00%,"28,98 €","0,00 €",1,0
B0DK3C2HKQ,B07D73FZXG,HENDI Sacabolas de helado Profi Line - 1/36 - ø46 mm,H759257,32,6,0.00%,0.01%,50,9,0.00%,0.01%,93.18%,100.00%,1,0,3.13%,0.00%,"37,85 €","0,00 €",1,0
B0DK3HY5X9,B07D73SB7Z,HENDI Sacabolas de helado Stöckel - 1/10 - ø70 mm,H755020,23,4,0.00%,0.00%,35,5,0.00%,0.00%,87.88%,50.00%,1,0,4.35%,0.00%,"59,50 €","0,00 €",1,0
B0DK3GZ2DL,B07D73SKDJ,HENDI Sacabolas de helado Stöckel - 1/36 - ø47 mm,H755389,21,4,0.00%,0.00%,25,4,0.00%,0.00%,84.00%,25.00%,1,0,4.76%,0.00%,"55,75 €","0,00 €",1,0
B0DK3GZ2DL,B07D73Z21Q,HENDI Sacabolas de helado Stöckel - 1/24 - ø51 mm,H755365,16,5,0.00%,0.00%,17,6,0.00%,0.00%,52.94%,50.00%,1,1,6.25%,20.00%,"55,74 €","55,74 €",1,1
B0DK3HY5X9,B07D73ZNH4,HENDI Sacabolas de helado Stöckel - 1/16 - ø59 mm,H755044,16,0,0.00%,0.00%,19,0,0.00%,0.00%,78.95%,0.00%,1,0,6.25%,0.00%,"52,96 €","0,00 €",1,0
B0DK3GZ2DL,B07D75BHXQ,HENDI Sacabolas de helado Stöckel - 1/12 - ø67 mm,H755334,75,2,0.00%,0.00%,93,2,0.00%,0.00%,92.13%,50.00%,1,1,1.33%,50.00%,"55,74 €","55,74 €",1,1
B0CQP7T8M6,B07D75SJ1J,"HENDI Sartén Wok, fondo de inducción, apto para todas las fuentes de calor y hornos hasta 260 °C, recubrimiento antiadherente, mango largo remachado, base 210 mm, diámetro 280x(h) 75 mm, aluminio",H627730,20,1,0.00%,0.00%,29,1,0.00%,0.00%,46.43%,100.00%,1,0,5.00%,0.00%,"36,50 €","0,00 €",1,0
B0DK3HY5X9,B07D771B4F,HENDI Sacabolas de helado Stöckel - 1/20 - ø56 mm,H755051,16,0,0.00%,0.00%,20,0,0.00%,0.00%,100.00%,0.00%,1,0,6.25%,0.00%,"55,75 €","0,00 €",1,0
B07D7FLP1D,B07D7FLP1D,HENDI Organizador múltiple - 190x240x(H)410 mm,H428245,13,2,0.00%,0.00%,20,2,0.00%,0.00%,100.00%,100.00%,2,2,15.38%,100.00%,"155,00 €","155,00 €",1,1
B07D8VQSF1,B07D8VQSF1,HENDI Parrilla Gastronorm 2/3 - GN 2/3-354x325 mm,H801932,32,6,0.00%,0.01%,41,7,0.00%,0.00%,43.24%,20.00%,1,0,3.13%,0.00%,"25,99 €","0,00 €",1,0
B0GYLKW8QZ,B07D8VR39L,"HENDI Recipiente Gastronorm GN 1/6, Budget Line, resistencia térmica -40 °C a 250 °C, apto para horno y baño maría, 1,6L, 176x162x(H) 100mm, acero inoxidable",H800638,103,16,0.00%,0.02%,142,24,0.00%,0.02%,8.59%,5.00%,1,0,0.97%,0.00%,"9,99 €","0,00 €",1,0
B07D8VR39L,B07D8VR39L,"HENDI Recipiente Gastronorm GN 1/6, Budget Line, resistencia térmica -40 °C a 250 °C, apto para horno y baño maría, 1,6L, 176x162x(H) 100mm, acero inoxidable",H800638,63,9,0.00%,0.01%,85,11,0.00%,0.01%,14.86%,25.00%,4,0,6.35%,0.00%,"39,96 €","0,00 €",1,0
B0CTCT53R8,B07D8X941X,"HENDI Recipiente GN 1/3,contenedor GN,apilable,resistente a Temperaturas de -40° a 300°C,apto para hornos,congeladores,calientaplatos,baño María,5.7L,325x176x(H) 150mm,acero inoxidable 18/10",H801512,15,4,0.00%,0.00%,16,5,0.00%,0.00%,85.71%,100.00%,2,2,13.33%,50.00%,"62,80 €","62,80 €",1,1
B07NBXZXMT,B07D9TL37B,"HENDI Recipiente Gastronorm GN 2/3, Kitchen Line, resistencia térmica -40 °C a 250 °C, apto para horno y baño maría, 15,5L, 354x325x(H) 200mm, acero inoxidable",H806258,69,6,0.00%,0.01%,99,8,0.00%,0.01%,81.32%,50.00%,1,0,1.45%,0.00%,"29,45 €","0,00 €",1,0
B07D9TLDY4,B07D9TLDY4,"HENDI Carro plataforma plegable, AmerBox, carga máxima de 200kg, plataforma rodante portacargas, carretilla de plataforma móvil, plataforma de carga, 742x480x(H)845mm, polipropileno, acero inoxidable",H810514,30,5,0.00%,0.00%,37,5,0.00%,0.00%,9.38%,40.00%,1,1,3.33%,20.00%,"149,75 €","149,75 €",1,1
B07D9TLFMV,B07D9TLFMV,"HENDI Recipiente Gastronorm GN 1/1, Kitchen Line, resistencia térmica -40 °C a 250 °C, apto para horno y baño maría, 28L, 530x325x(H) 200mm, acero inoxidable",H806159,29,1,0.00%,0.00%,43,1,0.00%,0.00%,15.00%,0.00%,2,0,6.90%,0.00%,"77,00 €","0,00 €",1,0
B07D9X11YW,B07D9X11YW,"HENDI Cesta para cocer pastas, cocedor al vapor, colador, para HENDI Olla 831700 de Ø 360 mm con gancho adicional para sujetar la cesta mientras escurre, 1.5 L, 160x160x(h)230 mm, acero inoxidable",H833506,32,3,0.00%,0.00%,35,3,0.00%,0.00%,65.63%,100.00%,1,1,3.13%,33.33%,"51,49 €","51,49 €",1,1
B0CTHQG9QZ,B07D9X4YC6,"HENDI Tapa Gastronorm GN 1/1, Budget Line, para contenedores con asas retráctiles, con tirador central y recortes laterales, resistencia térmica -40 °C a 250 °C, 530x325mm, acero inoxidable",H817810,87,16,0.00%,0.02%,130,28,0.00%,0.02%,19.81%,31.58%,1,0,1.15%,0.00%,"17,99 €","0,00 €",1,0
B0CQP77SQ1,B07D9X53W4,"HENDI Olla de cocina con tapa, de gran capacidad: 36L, fondo de inducción continuo, apta para todas las fuentes de calor y el lavavajillas, ø360x(H)360mm, acero inoxidable",H834404_,17,0,0.00%,0.00%,42,0,0.00%,0.00%,75.76%,0.00%,1,0,5.88%,0.00%,"132,99 €","0,00 €",1,0
B07D9XLM8P,B07D9XLM8P,"HENDI Carro bandejero, 15 x GN 1/1, Capacidad de Carga 150 kg, 440x610x(H) 1710mm, Acero Inoxidable",H810613,14,3,0.00%,0.00%,16,3,0.00%,0.00%,100.00%,100.00%,1,0,7.14%,0.00%,"265,00 €","0,00 €",1,0
B0CTHQG9QZ,B07D9XP5SZ,"HENDI Recipiente Gastronorm GN 1/1 con asas, Budget Line, resistencia térmica -40 °C a 250 °C, apto para horno y baño maría, 21L, 530x325x(H) 150mm, acero inoxidable",H817148,85,11,0.00%,0.01%,112,16,0.00%,0.01%,65.96%,54.55%,1,0,1.18%,0.00%,"30,99 €","0,00 €",1,0
B088MVGCDK,B07DC7H3Y3,"HENDI Caja isotérmica frontal para recipientes GN 1/1, AmerBox, para mantener alimentos fríos o calientes, 477x680x(H)620mm, LDPE",H877814,43,11,0.00%,0.01%,56,19,0.00%,0.01%,38.78%,28.57%,3,3,6.98%,27.27%,"1.125,00 €","1.125,00 €",1,1
B09KJM4B44,B07DC7YK32,HENDI Bandeja para repostería con tapa - ø300x(H)110 mm,H980101,10,2,0.00%,0.00%,10,2,0.00%,0.00%,70.00%,100.00%,1,1,10.00%,50.00%,"18,98 €","18,98 €",1,1
B07DPCKVL1,B07DPCKVL1,"HENDI Lámpara de calor colgante de altura ajustable, cónica, lámpara térmica de infrarrojos para cocina y mantenimiento de alimentos calientes, 230V, 250W, Ø275x(H)250mm, aluminio color cobre",H273876,33,8,0.00%,0.01%,52,12,0.00%,0.01%,40.00%,62.50%,1,0,3.03%,0.00%,"89,75 €","0,00 €",1,0
B07FCLGZMN,B07FCLGZMN,"Arcos Serie Latina Caja 12 uds Cuchillo jamonero, Hoja serrada de Acero Inoxidable NITRUM de 250 mm, Mango de Madera comprimida Color marrón (12 UDS)",101300_12piezas,32,2,0.00%,0.00%,34,2,0.00%,0.00%,90.63%,100.00%,1,0,3.13%,0.00%,"45,49 €","0,00 €",1,0
B0846H7BV1,B07G5M444L,Arcos Cuchillo de Mesa Acero Inoxidable Nitrum 130 mm Caja 12 Uds,370725_fbm,132,4,0.00%,0.00%,159,6,0.00%,0.00%,100.00%,100.00%,1,0,0.76%,0.00%,"42,99 €","0,00 €",1,0
B08DV2WMBQ,B07G76SK9L,Arcos Cuchillo de Mesa 1 Pieza (Plastico Blister),702300,668,18,0.02%,0.02%,703,18,0.01%,0.01%,99.56%,100.00%,1,0,0.15%,0.00%,"29,99 €","0,00 €",1,0
B07G77ZS7D,B07G77ZS7D,"Arcos Serie Cuchillos de Mesa Caja 12 uds Cuchillo Chuletero, Hoja Serrada de Acero Inoxidable NITRUM de 110 mm, Mango Madera comprimida Color marrón (12 UDS)",371501_fbm,90,1,0.00%,0.00%,127,3,0.00%,0.00%,72.97%,100.00%,1,0,1.11%,0.00%,"49,99 €","0,00 €",1,0
B07G78WG8K,B07G78WG8K,"Arcos Serie Cuchillos de Mesa Caja 12 uds Cuchillo Chuletero, Hoja Serrada de Acero Inoxidable de 110 mm, Cuchillo Monoblock Acero Inoxidable Color plata (12 UDS)",815900_2packs,63,3,0.00%,0.00%,80,5,0.00%,0.00%,55.41%,40.00%,1,0,1.59%,0.00%,"74,99 €","0,00 €",1,0
B07G78Y7FB,B07G78Y7FB,"Arcos Serie Cuchillos de Mesa Caja 12 uds Cuchillo Chuletero, Hoja Serrada de Acero Inoxidable NITRUM de 110 mm, Mango Madera comprimida Color marrón (12 UDS)",371500_fbm,108,3,0.00%,0.00%,148,4,0.00%,0.00%,62.86%,100.00%,1,0,0.93%,0.00%,"49,99 €","0,00 €",1,0
B07G79YS6D,B07G79YS6D,"Arcos Serie Cuchillos de Mesa Caja 12 uds Cuchillo Chuletero, Hoja Filo de Acero Inoxidable NITRUM de 110 mm, Mango Madera comprimida Color marrón (12 UDS)",373200_fbm,69,3,0.00%,0.00%,92,4,0.00%,0.00%,75.95%,100.00%,1,0,1.45%,0.00%,"70,99 €","0,00 €",1,0
B0B11R3BF9,B07GT3LDRH,"HENDI Gofrera eléctrica, gofres de Bruselas, 2 moldes cuadrados de 3x5, con tenedor para gofres, T regulable, placas de hierro fundido antiadherente, 230V, 2200W, 320x437x(H)277mm, acero inoxidable",H212127,30,2,0.00%,0.00%,41,2,0.00%,0.00%,64.71%,100.00%,1,0,3.33%,0.00%,"314,75 €","0,00 €",1,0
B07HS1Y521,B07HS1Y521,HENDI Cenicero de pared - ø75x(H)460 mm,H440216,10,2,0.00%,0.00%,13,3,0.00%,0.00%,100.00%,100.00%,1,1,10.00%,50.00%,"98,75 €","98,75 €",1,1
B0FR444FLT,B07JHPTKC9,"Arcos Set Jamonero 3 Piezas - Cuchillo Jamonero, Deshuesador y Chaira - Hoja Silk Edge Inoxidable Forjada NITRUM - Mango Resistente POM Negro - Corte Preciso y Duradero - Serie Manhattan",858500_,124,6,0.00%,0.01%,155,7,0.00%,0.00%,87.07%,100.00%,1,0,0.81%,0.00%,"74,99 €","0,00 €",1,0
B07L2ZCRPK,B07L2ZCRPK,HENDI Dispensador de zumo - 16 L - 580x350x(H)560 mm,H425411,10,3,0.00%,0.00%,13,6,0.00%,0.00%,100.00%,100.00%,1,1,10.00%,33.33%,"245,00 €","245,00 €",1,1
B07L3BFJ9R,B07L3BFJ9R,HENDI Dispensador de zumo - 6 L - 415x315x(H)490 mm,H425435,25,10,0.00%,0.01%,33,13,0.00%,0.01%,83.87%,75.00%,1,1,4.00%,10.00%,"192,50 €","192,50 €",1,1
B07MTPC7M6,B07MTPC7M6,"HENDI Freidora eléctrica de rosquillas, donuts, T ajustable de 50°C a 190°C, zona fría, tapa sirve como bandeja de goteo, con grifo de drenaje, 12L, 230V, 3000W, 630x860x(H)360, acero inoxidable",H205914,39,7,0.00%,0.01%,47,10,0.00%,0.01%,86.36%,88.89%,1,1,2.56%,14.29%,"519,50 €","519,50 €",1,1
B07MTPRBVM,B07MTPRBVM,"HENDI Plancha acanalada de asar y freír, bandeja parilla asador grill, con fondo de inducción, sartén parilla con asas y recubrimiento antiadherente, 390x260x(H) 35mm, aluminio fundido",H629130,208,4,0.01%,0.00%,262,4,0.00%,0.00%,34.44%,50.00%,1,0,0.48%,0.00%,"30,19 €","0,00 €",1,0
B0DN1WHKRN,B07MTQX6HD,"HENDI Accesorio batidor de varillas 185mm, recambio para la batidora de mano 222140 de HENDI, varilla agitadora, mezclador, Poliamida, Acero inoxidable",H222164,493,75,0.01%,0.07%,536,80,0.01%,0.05%,36.47%,15.87%,1,0,0.20%,0.00%,"110,29 €","0,00 €",1,0
B07MZHHXMS,B07MZHHXMS,"HENDI Descalcificador de agua, 16L",H231234,65,10,0.00%,0.01%,80,13,0.00%,0.01%,62.67%,8.33%,1,0,1.54%,0.00%,"178,00 €","0,00 €",1,0
B0H2W8M8TX,B07N8RNG1R,ARCOS Tabla Cocina Fibra Celulosa y Resina 24x14 cm,708000,"2,468",59,0.06%,0.06%,"3,348",77,0.06%,0.05%,2.77%,0.00%,1,0,0.04%,0.00%,"14,99 €","0,00 €",1,0
B07N8VFZP2,B07N8VFZP2,ARCOS Tabla de Cortar Fibra de Resina y Celulosa,708100,"4,338",107,0.11%,0.10%,"6,553",151,0.12%,0.10%,0.04%,2.20%,1,1,0.02%,0.93%,"20,99 €","20,99 €",1,1
B07N8VHFLF,B07N8VHFLF,Arcos - Cubertería Burdeos Arcos 24 piezas,592400,526,11,0.01%,0.01%,717,15,0.01%,0.01%,94.05%,100.00%,1,0,0.19%,0.00%,"69,99 €","0,00 €",1,0
B085SP2NWD,B07N9C9NG4,"HENDI Caja para masa de pizza y de pan, 24L, caja de fermentación, apilable, sin tapa, apta para alimentos, recipiente contenedor porta masa alimentos, sin BPA, 600x400x(H) 130mm, HDPE",H880920,376,34,0.01%,0.03%,547,69,0.01%,0.05%,13.83%,0.00%,1,0,0.27%,0.00%,"21,99 €","0,00 €",1,0
B092TQ1P72,B07NDSZJQY,"Arcos Serie Cuchillos de Mesa Caja 12 uds Cuchillo Chuletero, Hoja Serrada de Acero Inoxidable NITRUM de 115 mm, Mango Polioximetileno Color negro (12 UDS)",374800_12piezas,34,3,0.00%,0.00%,58,4,0.00%,0.00%,78.85%,100.00%,2,2,5.88%,66.67%,"149,97 €","149,97 €",1,1
B07PMSJNHB,B07PMSJNHB,HENDI Calientaplatos GN 1/2 con acabado satinado - Profi Line - 4 L - 365x370x(H)280 mm,H470268,12,3,0.00%,0.00%,22,4,0.00%,0.00%,25.00%,50.00%,2,2,16.67%,66.67%,"256,50 €","256,50 €",1,1
B0DN1Y1ZZQ,B07PPWT5QF,HENDI Máquina embutidora de salchichas Profi Line - 3 L - 300x340x(H)570 mm,H282571,9,0,0.00%,0.00%,16,0,0.00%,0.00%,92.86%,0.00%,1,0,11.11%,0.00%,"222,62 €","0,00 €",1,0
B07Q37YYYV,B07Q37YYYV,"HENDI Carro de ingredientes, AmerBox, contenedor para almacenar alimentos secos, carro transportador de harina, azúcar, sal, granos, arroz, 82L, 355x720x(H)600mm, blanco, polipropileno",H877913,79,12,0.00%,0.01%,119,17,0.00%,0.01%,20.75%,87.50%,2,2,2.53%,16.67%,"421,48 €","421,48 €",1,1
B07Q46FBLN,B07Q46FBLN,"HENDI Lavavajillas industrial, para cestas 40x40cm, con control electromecánico, máquina lavaplatos lavavasos lavacopas, 230V, 2800W, 470x510x(H)710mm, acero inoxidable",H233009,148,16,0.00%,0.02%,204,21,0.00%,0.01%,75.42%,52.94%,1,0,0.68%,0.00%,"1.625,00 €","0,00 €",1,0
B07Q7KSTHF,B07Q7KSTHF,"HENDI Lavavajillas industrial, para cestas 50x50cm, con control electromecánico, máquina lavaplatos lavavasos lavacopas, 400V, 6600W, 570x600x(H)830mm, acero inoxidable",H233054,47,6,0.00%,0.01%,54,8,0.00%,0.01%,98.08%,100.00%,1,0,2.13%,0.00%,"2.185,00 €","0,00 €",1,0
B0BX9XQD5Y,B07SDTN4RY,"Arcos Set Cuchillos Mondadores de Cocina. Juego de 36 Piezas Acero Inoxidable, para Pelar Frutas y Verduras. Mango Ergonómico Polipropileno. Serie Nova. Naranja. Amarillo y Coral",806200_pack36pzs,315,35,0.01%,0.03%,380,42,0.01%,0.03%,80.12%,78.38%,1,0,0.32%,0.00%,"69,90 €","0,00 €",1,0
B0F1N351DY,B07ZJ9PGQM,Arcos Cuchillo Mondador de Acero Inoxidable NITRUM - Hoja 85 mm para Pelar Frutas y Verduras - Mango de Polipropileno Coral - Serie Nova,188578_fbm,"1,118",21,0.03%,0.02%,"1,225",21,0.02%,0.01%,96.67%,100.00%,1,0,0.09%,0.00%,"5,90 €","0,00 €",1,0
B08QFNRVTL,B0816YRBQB,"HENDI Carrito de Servicios, de Cocina, de Restaurante, Multiusos, 5 estantes, 4 Ruedas giratorias, 2 con Freno, Carga máxima por Estante 50kg, encimera 794x539mm, 905x585x(H) 1545mm, Acero Inoxidable",H810125,24,4,0.00%,0.00%,49,14,0.00%,0.01%,70.00%,81.82%,1,0,4.17%,0.00%,"284,75 €","0,00 €",1,0
B08KGGSRPL,B0816ZLJN6,"HENDI Placa de inducción de sobremesa, controles táctiles, temporizador, 60–240 °C, 230V/3500W, 337x417x(H)85mm, acero inoxidable, negro",H239421,124,3,0.00%,0.00%,171,5,0.00%,0.00%,30.82%,0.00%,1,0,0.81%,0.00%,"254,75 €","0,00 €",1,0
B08P41X49K,B081QHJP5M,HENDI Lámpara doble de calentamiento por infrarrojos - Negro - 230V / 500W - 453x360x(H)790 mm,H273913,98,21,0.00%,0.02%,117,21,0.00%,0.01%,61.62%,68.75%,1,0,1.02%,0.00%,"159,75 €","0,00 €",1,0
B082PFVPWM,B082PFVPWM,HENDI Espátula para pizza cuadrada - 1320x305 mm,H617175,7,0,0.00%,0.00%,10,0,0.00%,0.00%,75.00%,0.00%,1,0,14.29%,0.00%,"50,95 €","0,00 €",1,0
B0FQNZM34T,B0843DKXYN,Arcos Opera Cuchillo Jamonero Forjado Acero Inoxidable Nitrum 300 mm,226800_,529,7,0.01%,0.01%,604,7,0.01%,0.00%,75.59%,100.00%,1,0,0.19%,0.00%,"34,95 €","0,00 €",1,0
B0843VGDCV,B0843VGDCV,"Arcos Cuchillo Santoku Acero Inoxidable. Cuchillo japonés afilado para pescado, carne y verduras. Mango ergonómico polioximetileno y Hoja 140 mm. Serie Opera. Color negro.",226900_fbm,110,1,0.00%,0.00%,146,6,0.00%,0.00%,76.26%,0.00%,1,0,0.91%,0.00%,"26,99 €","0,00 €",1,0
B0FQNZM34T,B0843VWTWD,Arcos Cuchillo Chef Acero Inoxidable. Cuchillo cocina profesional multipropósito para cortar y limpiar verduras. Mango ergonómico polioximetileno y Hoja 260 mm. Serie Opera. Color negro.,225300_fbm,134,2,0.00%,0.00%,151,2,0.00%,0.00%,19.55%,100.00%,1,0,0.75%,0.00%,"42,99 €","0,00 €",1,0
B084TKXDVC,B084TKXDVC,HENDI Matamoscas 300m² - 230V / 40W - 470x100x(H)263 mm,ES-FU1B-EVMI,150,6,0.00%,0.01%,179,9,0.00%,0.01%,59.52%,11.11%,3,3,2.00%,50.00%,"254,25 €","254,25 €",1,1
B08KFQBJWQ,B0857QPRNB,"HENDI Percolador de café 7L, de una pared, con filtro incorporado y grifo antigoteo, para café molido grueso, 230V, 50/60Hz, 1050W, 307x330x(H) 450mm, negro mate, acero inoxidable, PP",H211472,49,7,0.00%,0.01%,58,9,0.00%,0.01%,80.77%,62.50%,1,1,2.04%,14.29%,"138,75 €","138,75 €",1,1
B085M1CQ5D,B085M1CQ5D,"HENDI Hervidor de agua eléctrico 9L, dispensador de bebidas calientes, termo de una pared para vino, té, hasta 100°C, 230V, 50/60Hz, 950W, 307x330x(H)450mm, acero inoxidable satinado, PP",H211410,153,16,0.00%,0.02%,200,22,0.00%,0.01%,80.34%,57.14%,1,0,0.65%,0.00%,"106,48 €","0,00 €",1,0
B0D1D18BH3,B0862TLGR9,HENDI Guante para ostras - Medio - L 305 mm,H8711369556665,19,0,0.00%,0.00%,20,0,0.00%,0.00%,69.57%,0.00%,2,0,10.53%,0.00%,"74,80 €","0,00 €",1,0
B0D1CW2XD1,B086B3NFTN,HENDI Termómetro infrarrojo con sonda - Gris claro - -60/350˚C - 39x53x(H)158 mm,H271254,27,9,0.00%,0.01%,34,13,0.00%,0.01%,88.24%,100.00%,1,0,3.70%,0.00%,"109,50 €","0,00 €",1,0
B08CNGLJR3,B08CNGLJR3,"HENDI Guantes para Barbacoa, 1 Par, Resistentes al Calor hasta 250°C, de Cuero Vacuno, Guantes de Protección Térmicos para Horno, Parrilla o Cocina, 46cm de Largo, Amarillo Mostaza y Gris",H556689,11,1,0.00%,0.00%,13,1,0.00%,0.00%,63.64%,100.00%,1,1,9.09%,100.00%,"35,95 €","35,95 €",1,1
B08HTZ61MK,B08HTZ61MK,Arcos Cuchillos de Carne | Cuchillos para Carne 6 Unidades | Cuchillos de Carne Aptos Lavavajillas | Alta Resistencia | Acero Inoxidable | Mango Polipropileno | Negro | Envase Eco,816600,102,1,0.00%,0.00%,143,1,0.00%,0.00%,100.00%,100.00%,2,0,1.96%,0.00%,"39,98 €","0,00 €",1,0
B08QMBMN1G,B08QMBMN1G,Arcos Bolsa Cuchillos Bolsa Cuchillos Cocina Profesional Estuche Profesional Porta Cuchillos 5 pzas | 42 cm Largo | Asa para Transportar| Cuero Color Miel| Hebilla Ajustable,695100,356,10,0.01%,0.01%,425,13,0.01%,0.01%,93.21%,100.00%,1,0,0.28%,0.00%,"123,95 €","0,00 €",1,0
B08SM74SYV,B08SM74SYV,HENDI Picador de hielo 3L - eléctrica,H271599,41,10,0.00%,0.01%,52,12,0.00%,0.01%,56.00%,72.73%,1,1,2.44%,10.00%,"379,00 €","379,00 €",1,1
B08YDRLRCD,B08TWSZF3Q,Arcos Serie Thera | Asas Repuesto para Cacerolas 24 y 28 cm (718700 y 718800) y Grill 34x26 cm (719500) | Color Negro y Azul,719600,48,0,0.00%,0.00%,51,0,0.00%,0.00%,30.00%,0.00%,1,0,2.08%,0.00%,"10,99 €","0,00 €",1,0
B0CQLQ57BT,B08TX1652W,"Arcos Cazo Antiadherente 16 cm, Aluminio Fundido, Apto para Todas las Cocinas, Mango Ergonómico, Ahorro Energético, Lavavajillas, Negro/Azul, Serie Thera",719000,684,15,0.02%,0.01%,936,16,0.02%,0.01%,18.40%,57.14%,1,0,0.15%,0.00%,"19,99 €","0,00 €",1,0
B0D1CWK1B4,B08YK93YRX,"HENDI Infusor de humo, pistola de ahumado, también para té y especias, cámara de humo extraíble, uso con una mano, alimentos, queso, bebidas, cócteles, 90 x 54 x 122 cm,aluminio",H199992,108,6,0.00%,0.01%,159,7,0.00%,0.00%,40.58%,50.00%,2,0,1.85%,0.00%,"60,50 €","0,00 €",1,0
B095YCZR93,B095YCZR93,"HENDI Sifón de cocina, con 3 boquillas de polipropileno y cepillo de limpieza, sifón para montar nata, espumas, mousses, postres, espumado en frío, 0,5L, ø80x(H)260mm, aluminio, amarillo pastel",H975855,69,11,0.00%,0.01%,84,19,0.00%,0.01%,55.00%,75.00%,2,2,2.90%,18.18%,"79,98 €","79,98 €",1,1
B095YD97F4,B095YD97F4,"HENDI Sifón de cocina, con 3 boquillas de polipropileno y cepillo de limpieza, sifón para montar nata, espumas, mousses, postres, espumado en frío, 0,5L, ø80x(H)260mm, aluminio, rosado pastel",H975886,15,1,0.00%,0.00%,24,1,0.00%,0.00%,16.67%,100.00%,1,1,6.67%,100.00%,"39,99 €","39,99 €",1,1
B09TX34H64,B095YDFVH1,"HENDI Sifón de cocina, con 3 boquillas de polipropileno y cepillo de limpieza, sifón para montar nata, espumas, mousses, postres, espumado en frío, 0,5L, ø80x(H)260mm, aluminio, azul pastel",H975862,54,12,0.00%,0.01%,66,16,0.00%,0.01%,46.97%,64.29%,6,6,11.11%,50.00%,"239,94 €","239,94 €",1,1
B0987KNJLQ,B0987KNJLQ,Arcos | cuchillos de mesa cuchillo mesa FILO LISO | 6 Piezas cuchillo chuletero | mango monoblock | Acero Inoxidable | Envase Eco,814100FBM,417,6,0.01%,0.01%,540,7,0.01%,0.00%,100.00%,100.00%,1,0,0.24%,0.00%,"29,99 €","0,00 €",1,0
B0987KNJLQ,B0987KNJLQ,Arcos | cuchillos de mesa cuchillo mesa FILO LISO | 6 Piezas cuchillo chuletero | mango monoblock | Acero Inoxidable | Envase Eco,814100_fba,417,6,0.01%,0.01%,540,7,0.01%,0.00%,100.00%,100.00%,2,0,0.48%,0.00%,"59,98 €","0,00 €",1,0
B09KJLG7BT,B098XWCFXT,CUPERINOX Jamonero Profesional | soporte de jamon | 5 Piezas | tabla jamonera | soporte jamonero | Kit Jamonero (tabla + cuchillo + afilador + pinza + cubre jamon,20229_,"1,450",14,0.04%,0.01%,"1,732",21,0.03%,0.01%,93.73%,100.00%,1,0,0.07%,0.00%,"54,99 €","0,00 €",1,0
B09CGYZ71L,B09CGYZ71L,CUPERINOX Tijeras Cocina | Tijeras de Trinchar | Tijeras Pollo | Tijera Pescado | Tijera Acero Inoxidable | 5 Funciones | Tijeras Multiusos | Mango Ergonomico | Apto Lavavajillas,21973_fbm,18,1,0.00%,0.00%,18,1,0.00%,0.00%,94.44%,100.00%,1,0,5.56%,0.00%,"9,99 €","0,00 €",1,0
B0DDSBBMJ1,B09GPSKR41,"HENDI Tostador de cinta doble - 230V / 50Hz / 2240W - 418x368x(H)387 mm, negro, acero inoxidable",H261354,93,29,0.00%,0.03%,143,36,0.00%,0.02%,33.61%,44.00%,1,0,1.08%,0.00%,"539,50 €","0,00 €",1,0
B09JCL3T22,B09JCL3T22,"HENDI Carro bandejero doble móvil, 30 x GN 1/1, capacidad de carga 150 kg, 798x610x(H)1710mm, acero inoxidable",H810576,50,14,0.00%,0.01%,56,18,0.00%,0.01%,98.11%,100.00%,1,0,2.00%,0.00%,"399,00 €","0,00 €",1,0
B09JCMJWGD,B09JCMJWGD,"HENDI Carrito de servicios, de cocina, de restaurante, multiusos, 4 estantes, 4 ruedas giratorias, 2 con freno, carga máxima por estante 50kg, encimera 794x539mm, 905x585x(H)1245mm, acero inoxidable",H810118,31,3,0.00%,0.00%,39,3,0.00%,0.00%,88.57%,100.00%,1,0,3.23%,0.00%,"220,00 €","0,00 €",1,0
B09S5DTFSC,B09S5DTFSC,"HENDI Mezclador Profesional de Bebidas, Aireador/Batidor de Bebidas Ligeras, Frappés, Capuchinos Fríos, Drink Mixer, Incluye 2 Vasos y 4 Agitadores, 230V/400W, 170x196x(H)490mm, Amarillo",H221631,42,6,0.00%,0.01%,55,10,0.00%,0.01%,35.29%,22.22%,1,0,2.38%,0.00%,"158,25 €","0,00 €",1,0
B09S5KSQTH,B09S5KSQTH,"HENDI Mezclador Profesional de Bebidas, Aireador/Batidor de Bebidas Ligeras, Frappés, Capuchinos Fríos, Drink Mixer, Incluye 2 Vasos y 4 Agitadores, 230V/400W, 170x196x(H)490mm, Blanco",H221617,35,4,0.00%,0.00%,50,5,0.00%,0.00%,82.22%,100.00%,1,0,2.86%,0.00%,"154,75 €","0,00 €",1,0
B09S5NF48P,B09S5NF48P,"HENDI Hervidor de agua, eléctrico, protección contra ebullición en seco, función de cocción rápida, base giratoria de 360°, mango ergonómico de polipropileno, apagado automático, 2,5 L, 230 V, 2150 W,",H209936,45,2,0.00%,0.00%,58,2,0.00%,0.00%,70.59%,0.00%,1,0,2.22%,0.00%,"34,95 €","0,00 €",1,0
B09S5PMZW9,B09S5PMZW9,"HENDI Lavavajillas industrial, para cestas 50x50cm, con control electrónico, máquina lavaplatos lavavasos lavacopas, 400V, 6600W, 570x600x(H)830mm, acero inoxidable",H231753,101,16,0.00%,0.02%,126,28,0.00%,0.02%,97.32%,90.91%,1,0,0.99%,0.00%,"2.350,00 €","0,00 €",1,0
B09S5PMZY7,B09S5PMZY7,"HENDI Mandolina japonesa Shōgun, rebanador y cortador manual con hoja plana ajustable (1-5mm), 380x180x(H)45mm, acero inoxidable, ABS, PP, beige",H221297,48,0,0.00%,0.00%,56,0,0.00%,0.00%,41.18%,0.00%,1,0,2.08%,0.00%,"62,50 €","0,00 €",1,0
B09S5TVR4R,B09S5TVR4R,"HENDI Serrín de madera para ahumar en frío, virutas de madera fina, aromático, set, conjunto de 9 aromas, almendro/haya/olivo/cítricos/roble/durazno/vino tinto/whisky/cognac, ahumadores,1.4kg (9x150g)",H199794,11,1,0.00%,0.00%,13,2,0.00%,0.00%,91.67%,100.00%,1,1,9.09%,100.00%,"58,50 €","58,50 €",1,1
B09S5Z848J,B09S5Z848J,"HENDI Lavavajillas industrial, para cestas 50x50cm, con control electrónico, máquina lavaplatos lavavasos lavacopas, 230V, 3600W, 570x600x(H)830mm, acero inoxidable",H237540,31,2,0.00%,0.00%,42,2,0.00%,0.00%,77.50%,100.00%,1,0,3.23%,0.00%,"2.395,00 €","0,00 €",1,0
B09S62XK6F,B09S62XK6F,"HENDI Mezclador Profesional de Bebidas, Aireador/Batidor de Bebidas Ligeras, Frappés, Capuchinos Fríos, Drink Mixer, Incluye 2 Vasos y 4 Agitadores, 230V/400W, 170x196x(H)490mm, Azul",H221655,24,0,0.00%,0.00%,34,0,0.00%,0.00%,64.29%,0.00%,1,0,4.17%,0.00%,"154,75 €","0,00 €",1,0
B09SB59NMS,B09SB59NMS,"HENDI Máquina calienta nachos,Vitrina expositora calienta nachos, tortillas, palomitas de maíz, 230V, 500W, 400x344x(H)525mm, acero inoxidable 18/0, vidrio templado ahumado, negro",H282779,156,23,0.00%,0.02%,195,31,0.00%,0.02%,67.05%,45.83%,1,0,0.64%,0.00%,"294,50 €","0,00 €",1,0
B0D1CVXD6M,B09SH9MVJM,"HENDI Batidor en espiral, cuchara mágica, batidor-mezclador manual de huevos, leche, cremas, salsas, aderezos, aliños, utensilio de cocina, mini batidor-mezclador, (L)280mm, acero inoxidable",H509487,46,4,0.00%,0.00%,59,4,0.00%,0.00%,46.94%,100.00%,5,5,10.87%,125.00%,"46,25 €","46,25 €",1,1
B09TGVPHWW,B09TGVPHWW,"HENDI Coctelera, BarUp, coctelera Boston Tin-on-Tin, uso universal, 2 vasos mezcladores contrapesados: de 600ml, ø90x(H)140mm y de 800ml, ø92x(H)174mm, acero inoxidable cobreado",H593318,14,1,0.00%,0.00%,22,1,0.00%,0.00%,55.00%,100.00%,1,1,7.14%,100.00%,"28,98 €","28,98 €",1,1
B09ZLJL6JF,B09XDZ78X8,Arcos Serie Lyon - Cuchillo Santoku | Cuchillo Arcos - Hoja de Acero Inoxidable Forjado NITRUM de 180 mm - Mango de Polioximetileno (POM) - Color Negro,253500_,74,3,0.00%,0.00%,82,3,0.00%,0.00%,95.95%,100.00%,1,0,1.35%,0.00%,"34,99 €","0,00 €",1,0
B09XF4MLJT,B09XF4MLJT,Arcos Serie Clara - Set 4 Cuchillos de Cocina (Mondador + Cocina + Chef + Tijeras) - Acero Inoxidable Forjado NITRUM - Mango Inyectado de Polipropileno - Color Negro,819010_fbm,130,4,0.00%,0.00%,164,5,0.00%,0.00%,99.30%,100.00%,1,0,0.77%,0.00%,"59,99 €","0,00 €",1,0
B0B1JPHSBX,B0B1JPHSBX,"HENDI Limpiador de acero inoxidable, limpiador de acero inoxidable, limpiador de superficies de acero inoxidable y aluminio, botella de spray de 500 ml",H976784,9,0,0.00%,0.00%,13,0,0.00%,0.00%,53.85%,0.00%,3,0,33.33%,0.00%,"51,57 €","0,00 €",1,0
B0B42TM6J7,B0B42TM6J7,CUPERINOX | Tijeras de manicura para uñas | Tijera corta uñas con hojas curvas para las uñas de las manos | Fabricado en Acero Inoxidable 9 cm,21940,20,2,0.00%,0.00%,23,2,0.00%,0.00%,100.00%,0.00%,1,0,5.00%,0.00%,"9,99 €","0,00 €",1,0
B0CZF9QPYH,B0B74XKWQ6,"HENDI Olla de cocina, baja, sin tapa, caldero, cacerola, apta para fogones de gas, de inducción, eléctricos y de cerámica, apta para el lavavajillas, 7,3L, ø280x(H)120mm, acero inoxidable",H837672,14,2,0.00%,0.00%,17,3,0.00%,0.00%,70.59%,100.00%,1,1,7.14%,50.00%,"49,95 €","49,95 €",1,1
B0CL3H7NJC,B0BHJ4NDXK,"HENDI Parrilla Eléctrica de Contacto XL, Grill/Plancha Panini y Sandwichera Profesional, Placas Acanaladas de Hierro Fundido Esmaltado, 230V, 2700W, 540x424x(H)216mm, Acero Inoxidable",H263624,135,7,0.00%,0.01%,220,12,0.00%,0.01%,87.38%,70.00%,1,0,0.74%,0.00%,"465,00 €","0,00 €",1,0
B0BMG12PCC,B0BMG12PCC,"HENDI Tapa para Recipientes GN 2/3, de Acero Inoxidable, con Borde de Silicona y Válvula de Vacío, Cierre Hermético, Resistente de -40° a 121°C, 354x325mm",H807613,18,1,0.00%,0.00%,19,1,0.00%,0.00%,75.00%,0.00%,2,0,11.11%,0.00%,"68,62 €","0,00 €",1,0
B0H4HJ1QBT,B0BS9ZL3YS,Xpartan Clean | 500 ml | Limpiador de Suelos Multisuperficie para Robots de Limpieza | Concentrado y Perfumado para todo tipo de Robots y Marcas,XPARTAN,70,3,0.00%,0.00%,88,3,0.00%,0.00%,95.35%,100.00%,1,0,1.43%,0.00%,"13,99 €","0,00 €",1,0
B0C69879YM,B0C69879YM,CUCHILLO COCINA 11 cm. FILO NACAR,10070_PACK6,20,0,0.00%,0.00%,30,0,0.00%,0.00%,57.69%,0.00%,1,0,5.00%,0.00%,"9,99 €","0,00 €",1,0
B0CN13FLZF,B0CN13FLZF,"HENDI Salamandra eléctrica profesional, GN 1/1, 50-300°C, 220V, 2850W, 770x485x(H)305mm, acero inoxidable",H264126,30,11,0.00%,0.01%,54,34,0.00%,0.02%,27.66%,12.00%,1,1,3.33%,9.09%,"375,00 €","375,00 €",1,1
B0CQMGXXSW,B0CQMGXXSW,"HENDI Chafing Dish Eléctrico UNIQ, 12,5L, Verde",H470435,99,22,0.00%,0.02%,140,37,0.00%,0.02%,31.62%,28.13%,1,1,1.01%,4.55%,"161,98 €","161,98 €",1,1
B0CT92MB4W,B0CT92MB4W,CUPERINOX Cuchillo patatero clasico nacar,10060,37,0,0.00%,0.00%,58,0,0.00%,0.00%,100.00%,0.00%,1,0,2.70%,0.00%,"2,99 €","0,00 €",1,0
B0CVQ9VC42,B0CVQ9VC42,"HENDI BarUp Coctelera Boston Tin-on-Tin, 0,8L",H596401,"1,206",109,0.03%,0.10%,"1,657",153,0.03%,0.10%,1.96%,1.59%,1,0,0.08%,0.00%,"14,99 €","0,00 €",1,0
B0CVQKBDSJ,B0CVQKBDSJ,"HENDI Tostadora de pan, 4 ranuras extra anchas, 2 zonas de calentamiento, tostador, 7 niveles de tostado, 3 funciones: tostar, decongelar y recalentar, 240V, 1500W, 295x335x(H)180mm, acero inoxidable",H261187,26,1,0.00%,0.00%,31,2,0.00%,0.00%,79.31%,100.00%,1,1,3.85%,100.00%,"80,76 €","80,76 €",1,1
B0D33KQF9C,B0D33KQF9C,"HENDI Tabla de cortar, con ranura de goteo, orificio de colgar y soportes antideslizantes de silicona, tabla de corte de cocina, 440x325x(H)6mm, compuesto de fibra de madera, marrón",H505748,4,0,0.00%,0.00%,4,0,0.00%,0.00%,100.00%,0.00%,1,0,25.00%,0.00%,"33,25 €","0,00 €",1,0
B0D3748MFS,B0D3748MFS,VINFERMATON – Insecticida Cucarachas y Hormigas Antihormigas Instantáneo 600 ml | Spray Eliminador Insectos Rastreros Interior y Exterior | Acción Rápida Profesional | 100% MADE IN SPAIN,V0011,525,21,0.01%,0.02%,718,24,0.01%,0.02%,0.30%,14.29%,2,2,0.38%,9.52%,"17,98 €","17,98 €",1,1
B0D66VBGCN,B0D66VBGCN,"HENDI Batidora de mano, brazo batidor: 300mm, velocidad variable: 4000 a 16000 RPM, procesa hasta 30L, batidora de brazo, de inmersión, ø100x(H)716mm, 230V/350W, acero inoxidable, poliamida",H221327,3,2,0.00%,0.00%,3,2,0.00%,0.00%,66.67%,100.00%,1,1,33.33%,50.00%,"215,00 €","215,00 €",1,1
B0D66VZ93P,B0D66VZ93P,"HENDI Máquina para hacer cubitos de hielo, Arktic, cubitos bala huecos, 12kg/24h, fabricador de cubitos de hielo, hielera, 230V/100W, 242x358x(H)328mm, acero inoxidable, ABS",H271292,45,0,0.00%,0.00%,50,0,0.00%,0.00%,89.58%,0.00%,1,0,2.22%,0.00%,"189,95 €","0,00 €",1,0
B0DKP68T32,B0DHVS222W,Arcos Serie Eclipse - Cuchillo para Verduras - Hoja de Acero Inoxidable Forjado con Filo Seda Plus de 130 mm - Pulido Brillo Especial - Mango Acrílico - Color Negro,213200_,147,2,0.00%,0.00%,167,2,0.00%,0.00%,67.74%,100.00%,1,0,0.68%,0.00%,"52,99 €","0,00 €",1,0
B0DKP68T32,B0DJBZPC79,Arcos Serie Eclipse - Cuchillo Cocinero - Hoja de Acero Inoxidable Forjado con Filo Seda Plus de 150 mm - Pulido Brillo Especial - Mango Acrílico - Color Negro,213400_,270,6,0.01%,0.01%,322,6,0.01%,0.00%,77.74%,66.67%,1,1,0.37%,16.67%,"61,99 €","61,99 €",1,1
B0DNTJPHVR,B0DNTJPHVR,"Cuperinox Botella de Agua Térmica - Acero Inoxidable Doble Pared con Tapa Hermética, Libre de BPA, Ideal para Mantener Bebidas Calientes o Frías por Horas, Perfecta para Deporte, Oficina y Viajes",26006_,224,2,0.01%,0.00%,336,3,0.01%,0.00%,8.87%,0.00%,1,0,0.45%,0.00%,"14,99 €","0,00 €",1,0
B0DPLG5V7Q,B0DPKNBVYD,CUPERINOX Tazas de Cafe con leche de Cristal - Vaso cafe - Vaso Cristal - 270ml (Set de 2) - Apto para Lavavajillas y Microondas - Aroma Series,26122_,134,3,0.00%,0.00%,158,3,0.00%,0.00%,100.00%,100.00%,1,0,0.75%,0.00%,"19,99 €","0,00 €",1,0
B0DTK8VD9V,B0DTK8VD9V,"HENDI Freidora eléctrica XL GOLIATH, con grifo de vaciado, 50 °C-190 °C, zona fría, con tapa y cesta de freír, 10L, muy potente: 10200W, 400V, 300x585x(H)392mm, acero inoxidable",H209431,40,3,0.00%,0.00%,57,5,0.00%,0.00%,90.20%,75.00%,1,0,2.50%,0.00%,"449,00 €","0,00 €",1,0
B0DTK9SFBV,B0DTK9SFBV,"HENDI Rodillo de amasar, con rodamientos, rodillo de cocina, rodillo de repostería - panadería, para hacer pan, pizza, galletas, para grandes cantidades de masa, macizo, ø90x545mm, aluminio",H515174,35,0,0.00%,0.00%,51,0,0.00%,0.00%,79.55%,0.00%,1,0,2.86%,0.00%,"51,25 €","0,00 €",1,0
B0DTK9YYPL,B0DTK9YYPL,"HENDI Horno mixto de convección a vapor con pantalla táctil, 5xGN 2/3, ventilador autoreversible, 99 programas, vapor ajustable 10–100%, 30–270°C, 230V, 3200W, 550x754x(H)662mm, acero inoxidable",H219942,42,13,0.00%,0.01%,71,35,0.00%,0.02%,98.21%,100.00%,1,1,2.38%,7.69%,"2.695,00 €","2.695,00 €",1,1
B0DTKB1K7D,B0DTKB1K7D,"HENDI Horno mixto de convección a vapor con controles analógicos, 5xGN 2/3, ventilador con inversión automática, 5 niveles de vapor, 100–270°C, 230V, 3200W, 550x754x(H)662mm, acero inoxidable",H219911,57,20,0.00%,0.02%,75,30,0.00%,0.02%,79.03%,60.00%,1,1,1.75%,5.00%,"2.294,99 €","2.294,99 €",1,1
B0DWFRFHZ9,B0DWFRFHZ9,"HENDI Cortador de pizza profesional, para uso intensivo, cuchilla grande y gruesa de acero inoxidable, mango de polipropileno, rueda hoja rodillo cortapizzas, pizza cutter, ø97x240mm, naranja",H618127,17,2,0.00%,0.00%,21,2,0.00%,0.00%,40.00%,0.00%,1,0,5.88%,0.00%,"27,31 €","0,00 €",1,0
B0DX26HV93,B0DX26HV93,"HENDI Hervidor de Sopa Eléctrico UNIQ, 8L, Beis",H860557,52,4,0.00%,0.00%,67,4,0.00%,0.00%,49.18%,25.00%,1,1,1.92%,25.00%,"173,99 €","173,99 €",1,1
B0F3NNXWYZ,B0F3NNXWYZ,"HENDI Conjunto de bar en un tubo, BarUp, utensilios para el barman: coctelera Boston Tin-on-Tin, colador Hawthorne, jigger, machacador y cuchara de barra, ø120x(H)320mm, acero inoxidable cobreado",H596623,50,6,0.00%,0.01%,67,7,0.00%,0.00%,50.85%,100.00%,1,1,2.00%,16.67%,"36,77 €","36,77 €",1,1
B0G3ZJ89NB,B0FZCJ46CM,CUPERINOX - Set Cuchillo Jamonero+ Deshuesador Profesional Forjado 2 Piezas | Cuchillo Jamonero Alveolado 25 cm y Deshuesador 15 cm |Corte Fino y Equilibrado | Aptos para lavavajillas,19303_fba,"2,054",63,0.05%,0.06%,"2,889",94,0.05%,0.06%,98.38%,100.00%,1,0,0.05%,0.00%,"24,99 €","0,00 €",1,0
B0G216DHWY,B0G216DHWY,"BIOLEAF-Desincrustante Baño Antical Pack 2×750 ml (1,5 L) Elimina Cal, Marcas de Agua y Jabón – Ducha, Grifería, Azulejos y Mamparas - Limpieza Intensiva – Formato Ahorro – Sin Disruptores Endocrinos",2675,9,0,0.00%,0.00%,11,0,0.00%,0.00%,100.00%,0.00%,1,0,11.11%,0.00%,"9,99 €","0,00 €",1,0
B0G2CYKL4M,B0G2CYKL4M,"VINFER-WINS 001 – Desengrasante Industrial| Pack Ahorro: Garrafa 5L + Concentrado 250 ml | Rinde 10 Litros Totales | Limpieza Profunda de Cocinas, Hornos y Superficies | 100% Made in Spain",WC001+001,32,2,0.00%,0.00%,39,3,0.00%,0.00%,97.06%,50.00%,1,0,3.13%,0.00%,"18,99 €","0,00 €",1,0
B0G2CZGTGC,B0G2CZGTGC,WINS 007 - Pack Friegasuelos Garrafa 5 L + Concentrado 250 ml,WC007+007,54,6,0.00%,0.01%,69,8,0.00%,0.01%,90.63%,57.14%,1,0,1.85%,0.00%,"16,99 €","0,00 €",1,0
B0G2F523YW,B0G2F523YW,VINFER- WINS017 –Limpiador Magnolia| Pack Ahorro: Garrafa 5L + Concentrado 250 ml | Rinde 10 Litros Totales | Limpieza Neutra con Fragancia Floral Elegante | 100% Made in Spain,WC017+017,21,0,0.00%,0.00%,29,0,0.00%,0.00%,100.00%,0.00%,1,0,4.76%,0.00%,"19,99 €","0,00 €",1,0
B0G3ZJ89NB,B0G2MT6K5N,"CUPERINOX Jamonero Inoxidable Giratorio | Jamonera base Inoxidable | Incluye Cuchillo Jamonero Alveolos 25 cm, Deshuesador 15 cm, Afilador y Funda para Jamón | Apto Jamones y Paletilla",20251_FBA,720,27,0.02%,0.03%,997,37,0.02%,0.02%,99.35%,100.00%,1,0,0.14%,0.00%,"74,99 €","0,00 €",1,0
B0HC7F5CCG,B0GT4YHKQ4,Amoniaco de Limpieza | 2 Litros,LAGARRAFITA_AMONIACO,42,3,0.00%,0.00%,49,4,0.00%,0.00%,95.74%,66.67%,1,0,2.38%,0.00%,"9,99 €","0,00 €",1,0
B0GT4ZF8HZ,B0GT4ZF8HZ,Limpiador Alto Brillo | 2 Litros,GARRAFITA-ALTO BRILLO,19,0,0.00%,0.00%,22,0,0.00%,0.00%,90.91%,0.00%,1,0,5.26%,0.00%,"9,99 €","0,00 €",1,0
B0HC7F5CCG,B0GT539NRJ,Multisuperficies Desinfectante | 2 Litros | Aroma Eucalipto,LAGARRAFITA MULTISUPERFICIES,33,3,0.00%,0.00%,41,3,0.00%,0.00%,93.02%,40.00%,1,0,3.03%,0.00%,"9,99 €","0,00 €",1,0
B0GT539NRJ,B0GT539NRJ,Multisuperficies Desinfectante | 2 Litros | Aroma Eucalipto,LAGARRAFITA MULTISUPERFICIES,29,5,0.00%,0.00%,34,6,0.00%,0.00%,90.91%,100.00%,1,0,3.45%,0.00%,"9,99 €","0,00 €",1,0
B0H4NLXP9W,B0H4NLXP9W,"VINFERMATÓN PRO I-96 Insecticida Avispas y Nidos 750 ml | Pulverización hasta 4 Metros | Acción Rápida | Eficaz contra Avispa Común, Avispa Velutina, Nidos, Moscas y Mosquito Tigre",VINFERMATÓN PRO I-96,32,1,0.00%,0.00%,50,3,0.00%,0.00%,93.02%,100.00%,1,0,3.13%,0.00%,"14,99 €","0,00 €",1,0
B0H4NQKX27,B0H4NQKX27,"VINFERMATÓN PRO I-79 Laca Insecticida Rastreros 750 ml | Anticucarachas y Antihormigas | Efecto Barrera Permanente | Eficaz contra Cucarachas, Hormigas y Chinches",VINFERMATÓN PRO I-79,8,0,0.00%,0.00%,10,0,0.00%,0.00%,100.00%,0.00%,1,0,12.50%,0.00%,"14,99 €","0,00 €",1,0
B0H4NQPFV1,B0H4NQPFV1,VINFERMATÓN PRO L-98 Limpiador Insecticida Rastreros 1L | Anticucarachas y Antihormigas | Aplicación sin Diluir | Perfume Lavanda | Eficaz contra Hormigas y Cucarachas,VINFERMATÓN PRO L-98 Limpiador1L,18,0,0.00%,0.00%,21,0,0.00%,0.00%,100.00%,0.00%,1,0,5.56%,0.00%,"14,99 €","0,00 €",1,0
B0H8SYBZD4,B0H8SYBZD4,"CUPERINOX 4 Tuppers de Vidrio Herméticos, Rectangulares, sin BPA, Meal Prep",28001,7,0,0.00%,0.00%,15,0,0.00%,0.00%,100.00%,0.00%,1,0,14.29%,0.00%,"14,99 €","0,00 €",1,0